{"type":"FeatureCollection","features":[{"type":"Feature","properties":{"id":"CHL-2691","name":"Aisén del General Carlos Ibáñez del Campo","nameBn":"আয়সেন অঞ্চল","type":"Region","bounds":[-75.7114,-49.2509,-71.1224,-43.5302],"center":[-73.3899,-46.8716]},"geometry":{"type":"MultiPolygon","coordinates":[[[[-71.7453,-44.045],[-71.7622,-44.0641],[-71.7957,-44.086],[-71.8352,-44.0944],[-71.8587,-44.1078],[-71.8441,-44.1453],[-71.8125,-44.1878],[-71.8051,-44.2052],[-71.8063,-44.2225],[-71.8279,-44.2521],[-71.8318,-44.2702],[-71.824,-44.2868],[-71.8117,-44.3006],[-71.804,-44.3148],[-71.8104,-44.3336],[-71.825,-44.3407],[-71.8476,-44.3481],[-71.8642,-44.3592],[-71.8606,-44.3771],[-71.822,-44.4032],[-71.7807,-44.4027],[-71.7378,-44.3934],[-71.6944,-44.3934],[-71.6432,-44.4026],[-71.4378,-44.4015],[-71.2868,-44.4233],[-71.235,-44.4239],[-71.2098,-44.4276],[-71.1863,-44.438],[-71.1713,-44.4522],[-71.1657,-44.4663],[-71.1627,-44.4814],[-71.1554,-44.4986],[-71.1427,-44.5123],[-71.1306,-44.5204],[-71.1227,-44.5303],[-71.1224,-44.5494],[-71.1316,-44.5706],[-71.1474,-44.5808],[-71.1673,-44.5842],[-71.1888,-44.5848],[-71.1994,-44.5917],[-71.2134,-44.6071],[-71.2349,-44.6388],[-71.2406,-44.6582],[-71.2393,-44.6744],[-71.231,-44.7095],[-71.2382,-44.7479],[-71.2628,-44.7771],[-71.2978,-44.7956],[-71.336,-44.8016],[-71.3789,-44.7919],[-71.4571,-44.7522],[-71.4971,-44.7429],[-71.5404,-44.7504],[-71.6312,-44.78],[-71.6726,-44.7786],[-71.74,-44.7577],[-71.7627,-44.7544],[-71.7869,-44.7573],[-71.801,-44.7668],[-71.8132,-44.7786],[-71.8314,-44.7882],[-71.8546,-44.791],[-71.9876,-44.7725],[-72.0098,-44.7655],[-72.0478,-44.7548],[-72.0762,-44.7608],[-72.0887,-44.7828],[-72.0741,-44.8371],[-72.0748,-44.8532],[-72.0809,-44.8866],[-72.0735,-44.9022],[-72.0533,-44.9068],[-72.0098,-44.9045],[-71.9697,-44.9153],[-71.9295,-44.9338],[-71.8894,-44.9472],[-71.8497,-44.9434],[-71.8285,-44.9352],[-71.8057,-44.9292],[-71.7825,-44.9274],[-71.7599,-44.9318],[-71.7448,-44.9406],[-71.7186,-44.9644],[-71.7024,-44.9737],[-71.6617,-44.9792],[-71.624,-44.9749],[-71.5887,-44.9781],[-71.5552,-45.0058],[-71.5151,-45.0658],[-71.4971,-45.1117],[-71.4872,-45.1233],[-71.4489,-45.159],[-71.3954,-45.186],[-71.3633,-45.2088],[-71.3386,-45.2342],[-71.3172,-45.2672],[-71.3115,-45.2995],[-71.3343,-45.3228],[-71.3508,-45.3328],[-71.3743,-45.3592],[-71.3894,-45.3708],[-71.4079,-45.3787],[-71.5083,-45.4084],[-71.5103,-45.4184],[-71.5016,-45.4388],[-71.4813,-45.4679],[-71.4781,-45.4827],[-71.4891,-45.4985],[-71.5258,-45.519],[-71.5617,-45.5239],[-71.6392,-45.52],[-71.6721,-45.5236],[-71.7137,-45.5332],[-71.7496,-45.5493],[-71.7651,-45.5724],[-71.7617,-45.5762],[-71.7465,-45.5873],[-71.7428,-45.5943],[-71.7453,-45.6009],[-71.7515,-45.6066],[-71.7588,-45.6117],[-71.7646,-45.6165],[-71.7824,-45.6418],[-71.7859,-45.653],[-71.7879,-45.6695],[-71.7864,-45.6769],[-71.7827,-45.6829],[-71.7805,-45.6894],[-71.7836,-45.6985],[-71.7995,-45.7171],[-71.8018,-45.724],[-71.7985,-45.7399],[-71.7891,-45.7509],[-71.7629,-45.7687],[-71.749,-45.7868],[-71.7515,-45.8019],[-71.7601,-45.8159],[-71.7649,-45.831],[-71.7585,-45.8482],[-71.7432,-45.8576],[-71.7009,-45.8685],[-71.6659,-45.884],[-71.6413,-45.9057],[-71.6244,-45.9341],[-71.6123,-45.9705],[-71.6492,-45.9994],[-71.7235,-46.0577],[-71.7354,-46.0712],[-71.756,-46.1006],[-71.7702,-46.1126],[-71.7923,-46.1219],[-71.8164,-46.1268],[-71.8905,-46.1334],[-71.9045,-46.1363],[-71.9126,-46.1421],[-71.9147,-46.1523],[-71.9095,-46.1567],[-71.9005,-46.1589],[-71.8913,-46.163],[-71.8429,-46.1961],[-71.7828,-46.2247],[-71.7633,-46.2445],[-71.7593,-46.2729],[-71.7629,-46.3185],[-71.7616,-46.358],[-71.7519,-46.393],[-71.6849,-46.5192],[-71.6805,-46.5381],[-71.6858,-46.5538],[-71.6932,-46.5691],[-71.6955,-46.5871],[-71.6802,-46.6596],[-71.6872,-46.6901],[-71.7202,-46.7156],[-71.776,-46.7381],[-71.7932,-46.751],[-71.8196,-46.779],[-71.8341,-46.7886],[-71.8558,-46.7945],[-71.9075,-46.7949],[-71.9341,-46.7995],[-71.9501,-46.814],[-71.9507,-46.8236],[-71.9462,-46.8311],[-71.94,-46.8383],[-71.9354,-46.8461],[-71.9362,-46.8543],[-71.9418,-46.8609],[-71.9487,-46.8675],[-71.9532,-46.8748],[-71.9696,-46.934],[-71.9704,-46.9485],[-71.9602,-46.9622],[-71.9267,-46.9838],[-71.9148,-46.9985],[-71.9347,-47.0144],[-72.0,-47.0422],[-72.0052,-47.0619],[-71.9843,-47.0805],[-71.9203,-47.1068],[-71.8935,-47.1214],[-71.8741,-47.1425],[-71.8626,-47.1689],[-71.8633,-47.1966],[-71.8807,-47.2219],[-71.9125,-47.2345],[-71.9458,-47.2277],[-72.0098,-47.1982],[-72.0303,-47.1975],[-72.0415,-47.2037],[-72.0451,-47.2158],[-72.0432,-47.2329],[-72.0367,-47.2496],[-72.0306,-47.2596],[-72.0294,-47.2697],[-72.0382,-47.287],[-72.0579,-47.3119],[-72.1454,-47.3818],[-72.1706,-47.4075],[-72.1873,-47.4175],[-72.2092,-47.4203],[-72.2629,-47.4138],[-72.2882,-47.415],[-72.3287,-47.4265],[-72.3466,-47.4363],[-72.3612,-47.451],[-72.3705,-47.4745],[-72.3583,-47.4834],[-72.3375,-47.488],[-72.3209,-47.4984],[-72.3196,-47.5119],[-72.3376,-47.5657],[-72.3399,-47.5852],[-72.3444,-47.6023],[-72.3517,-47.6183],[-72.3628,-47.635],[-72.4573,-47.7491],[-72.4744,-47.7828],[-72.5005,-47.8529],[-72.5242,-47.8827],[-72.5439,-47.9148],[-72.5353,-47.9458],[-72.5094,-47.973],[-72.4775,-47.9938],[-72.4561,-48.0011],[-72.4369,-48.0042],[-72.4192,-48.0096],[-72.4026,-48.0241],[-72.3989,-48.0332],[-72.3978,-48.0423],[-72.3954,-48.0509],[-72.388,-48.0578],[-72.377,-48.0622],[-72.343,-48.0705],[-72.3332,-48.0908],[-72.3095,-48.2112],[-72.3115,-48.231],[-72.3241,-48.2686],[-72.3256,-48.2855],[-72.3176,-48.299],[-72.3037,-48.316],[-72.2951,-48.3333],[-72.3023,-48.3475],[-72.3154,-48.3503],[-72.3449,-48.3437],[-72.3587,-48.343],[-72.3714,-48.3464],[-72.3772,-48.3503],[-72.3887,-48.3643],[-72.4167,-48.3912],[-72.4331,-48.4004],[-72.4965,-48.4151],[-72.5379,-48.4313],[-72.5768,-48.4521],[-72.6147,-48.51],[-72.6066,-48.561],[-72.5842,-48.6159],[-72.578,-48.7219],[-72.5822,-48.7605],[-72.5923,-48.7911],[-72.6188,-48.8197],[-72.672,-48.863],[-72.7429,-48.9138],[-72.7812,-48.9339],[-72.8249,-48.9445],[-72.9222,-48.9523],[-72.9696,-48.9643],[-73.0097,-48.9904],[-73.0175,-48.9982],[-73.0176,-48.9982],[-73.0786,-49.0587],[-73.0923,-49.081],[-73.0951,-49.0958],[-73.0948,-49.1087],[-73.0971,-49.1213],[-73.1072,-49.1349],[-73.1713,-49.1893],[-73.1843,-49.2143],[-73.1832,-49.2391],[-73.1704,-49.2509],[-73.1711,-49.2507],[-74.0646,-48.7435],[-74.0667,-48.742],[-74.0572,-48.7403],[-74.0572,-48.7328],[-74.0892,-48.7172],[-74.1282,-48.7072],[-74.1693,-48.7033],[-74.208,-48.7062],[-74.2728,-48.725],[-74.3062,-48.7277],[-74.3309,-48.713],[-74.3224,-48.704],[-74.3128,-48.6975],[-74.3021,-48.6935],[-74.2899,-48.6925],[-74.298,-48.6829],[-74.3071,-48.6791],[-74.3147,-48.6751],[-74.3179,-48.6645],[-74.3289,-48.678],[-74.3472,-48.6847],[-74.3643,-48.6823],[-74.3719,-48.6681],[-74.3703,-48.6391],[-74.3719,-48.631],[-74.3791,-48.6246],[-74.3883,-48.6233],[-74.3962,-48.6208],[-74.3998,-48.6105],[-74.3922,-48.5991],[-74.328,-48.549],[-74.3087,-48.5414],[-74.2881,-48.5366],[-74.2701,-48.5348],[-74.2833,-48.5235],[-74.2704,-48.5109],[-74.2322,-48.4902],[-74.2255,-48.485],[-74.2159,-48.4796],[-74.2057,-48.4752],[-74.1971,-48.4733],[-74.1866,-48.4767],[-74.1658,-48.4907],[-74.1369,-48.5002],[-74.0839,-48.5417],[-74.0528,-48.5499],[-74.0435,-48.5554],[-74.037,-48.5634],[-74.0271,-48.5837],[-74.023,-48.5895],[-73.9935,-48.5973],[-73.9754,-48.5841],[-73.9718,-48.565],[-73.9857,-48.5554],[-74.0099,-48.5491],[-74.0206,-48.5336],[-74.0233,-48.5125],[-74.023,-48.4902],[-74.0286,-48.448],[-74.0198,-48.4384],[-73.9164,-48.4189],[-73.8927,-48.4113],[-73.8996,-48.402],[-73.9037,-48.3996],[-73.9132,-48.3976],[-73.9353,-48.3957],[-73.9955,-48.4142],[-74.0299,-48.4113],[-74.0368,-48.4073],[-74.0499,-48.395],[-74.0572,-48.3908],[-74.0653,-48.3897],[-74.0824,-48.3912],[-74.0907,-48.3908],[-74.1093,-48.3857],[-74.1202,-48.3791],[-74.1391,-48.3635],[-74.1549,-48.3578],[-74.2273,-48.3539],[-74.2379,-48.3508],[-74.237,-48.3453],[-74.2217,-48.3356],[-74.2056,-48.3307],[-74.1534,-48.3294],[-74.1033,-48.3173],[-74.0839,-48.3157],[-74.1072,-48.3061],[-74.1356,-48.3034],[-74.1875,-48.3089],[-74.211,-48.3152],[-74.2616,-48.3351],[-74.2701,-48.3356],[-74.2786,-48.3268],[-74.2748,-48.318],[-74.2668,-48.3092],[-74.2626,-48.3014],[-74.2642,-48.2893],[-74.2672,-48.2813],[-74.277,-48.2673],[-74.2909,-48.2555],[-74.3079,-48.2444],[-74.3197,-48.2311],[-74.3179,-48.2121],[-74.3983,-48.1993],[-74.4425,-48.1824],[-74.4618,-48.1544],[-74.4696,-48.1471],[-74.5018,-48.1056],[-74.5063,-48.096],[-74.5121,-48.0899],[-74.4989,-48.0764],[-74.4687,-48.0558],[-74.4687,-48.0481],[-74.4733,-48.0407],[-74.4727,-48.0367],[-74.4687,-48.0278],[-74.4946,-48.0339],[-74.5411,-48.0644],[-74.5643,-48.0755],[-74.588,-48.08],[-74.6081,-48.0752],[-74.6268,-48.0589],[-74.6326,-48.0349],[-74.6297,-48.0215],[-74.6254,-48.0042],[-74.6039,-47.9965],[-74.595,-47.9936],[-74.5727,-47.9877],[-74.5375,-47.9631],[-74.5171,-47.9594],[-74.5052,-47.9636],[-74.484,-47.9771],[-74.4721,-47.9799],[-74.4274,-47.9799],[-74.4154,-47.9837],[-74.3856,-48.0079],[-74.3758,-48.0113],[-74.3539,-48.0163],[-74.3446,-48.0209],[-74.3344,-48.0322],[-74.3087,-48.0717],[-74.3036,-48.0857],[-74.2967,-48.1287],[-74.2838,-48.1711],[-74.2765,-48.1845],[-74.2724,-48.1882],[-74.2527,-48.1853],[-74.2458,-48.1882],[-74.2405,-48.1952],[-74.2371,-48.2031],[-74.236,-48.2089],[-74.2269,-48.2287],[-74.2056,-48.2311],[-74.1803,-48.2229],[-74.172,-48.2186],[-74.185,-48.2189],[-74.196,-48.2135],[-74.2006,-48.2024],[-74.2009,-48.193],[-74.203,-48.1911],[-74.2083,-48.1897],[-74.2183,-48.1817],[-74.2325,-48.1646],[-74.2346,-48.1591],[-74.236,-48.1511],[-74.2339,-48.1464],[-74.2226,-48.1428],[-74.2217,-48.1369],[-74.2259,-48.1316],[-74.232,-48.131],[-74.238,-48.1315],[-74.2422,-48.1301],[-74.2513,-48.1196],[-74.2576,-48.1139],[-74.2614,-48.107],[-74.2626,-48.0929],[-74.2821,-48.0673],[-74.2869,-48.0624],[-74.2977,-48.0545],[-74.3141,-48.0359],[-74.3279,-48.0152],[-74.3309,-48.0004],[-74.31,-47.9904],[-74.2454,-47.9997],[-74.2251,-47.997],[-74.2042,-47.9899],[-74.0606,-48.0004],[-74.0495,-48.0058],[-74.0415,-48.0292],[-74.0329,-48.0344],[-74.0238,-48.0326],[-74.0203,-48.0291],[-74.0156,-48.0265],[-74.0026,-48.0278],[-73.9925,-48.0322],[-73.973,-48.0453],[-73.9616,-48.0481],[-73.917,-48.0295],[-73.8911,-48.0222],[-73.8797,-48.0312],[-73.8765,-48.0388],[-73.8693,-48.0409],[-73.8617,-48.0409],[-73.8579,-48.0419],[-73.8577,-48.0488],[-73.8603,-48.0538],[-73.8635,-48.0578],[-73.8654,-48.0624],[-73.8697,-48.0691],[-73.8776,-48.0774],[-73.8829,-48.0866],[-73.8797,-48.096],[-73.8669,-48.0924],[-73.8216,-48.0569],[-73.7903,-48.0444],[-73.7806,-48.0292],[-73.7698,-48.0278],[-73.7621,-48.0325],[-73.7589,-48.0413],[-73.7591,-48.052],[-73.7623,-48.0624],[-73.7924,-48.0908],[-73.8042,-48.1081],[-73.7931,-48.1159],[-73.785,-48.1106],[-73.7621,-48.0875],[-73.7481,-48.0817],[-73.7384,-48.0844],[-73.7015,-48.1028],[-73.6769,-48.108],[-73.6497,-48.1096],[-73.6362,-48.1129],[-73.6119,-48.1269],[-73.6013,-48.1301],[-73.5917,-48.1407],[-73.5914,-48.1646],[-73.5968,-48.1902],[-73.6047,-48.2058],[-73.5876,-48.2121],[-73.5774,-48.2211],[-73.5563,-48.2468],[-73.5474,-48.2341],[-73.5296,-48.199],[-73.5165,-48.1857],[-73.5023,-48.1772],[-73.4864,-48.1725],[-73.4675,-48.1711],[-73.4336,-48.1767],[-73.3514,-48.2195],[-73.3525,-48.2048],[-73.3492,-48.1915],[-73.3409,-48.1817],[-73.3158,-48.1738],[-73.2934,-48.1555],[-73.2862,-48.1511],[-73.2767,-48.1384],[-73.2762,-48.1095],[-73.2818,-48.0793],[-73.29,-48.0624],[-73.2912,-48.0724],[-73.29,-48.1127],[-73.2946,-48.127],[-73.3057,-48.1345],[-73.331,-48.1437],[-73.3507,-48.1546],[-73.3748,-48.1625],[-73.4003,-48.162],[-73.4355,-48.1399],[-73.4818,-48.1233],[-73.5065,-48.0948],[-73.5122,-48.0898],[-73.5309,-48.0837],[-73.5917,-48.0419],[-73.5806,-48.0229],[-73.581,-48.0129],[-73.5917,-48.007],[-73.6272,-47.9934],[-73.6422,-47.9836],[-73.6472,-47.9737],[-73.6326,-47.9662],[-73.6326,-47.9594],[-73.6458,-47.9511],[-73.6553,-47.9323],[-73.6586,-47.9118],[-73.6531,-47.898],[-73.6427,-47.8966],[-73.5821,-47.9076],[-73.5756,-47.9098],[-73.5577,-47.9337],[-73.5476,-47.9529],[-73.5402,-47.9628],[-73.5326,-47.9675],[-73.5071,-47.978],[-73.4985,-47.9799],[-73.4261,-47.9884],[-73.3448,-47.9789],[-73.3146,-47.9801],[-73.2732,-48.0012],[-73.246,-48.0073],[-73.2279,-48.0041],[-73.2353,-47.9867],[-73.2573,-47.9765],[-73.3135,-47.9719],[-73.3556,-47.9557],[-73.4408,-47.9662],[-73.4683,-47.9659],[-73.4813,-47.9631],[-73.5262,-47.9321],[-73.526,-47.9284],[-73.5126,-47.908],[-73.5091,-47.898],[-73.5111,-47.8864],[-73.5168,-47.8785],[-73.5257,-47.8735],[-73.537,-47.87],[-73.5409,-47.8842],[-73.5498,-47.8902],[-73.5615,-47.8886],[-73.5743,-47.8803],[-73.5836,-47.8761],[-73.6122,-47.8678],[-73.619,-47.8639],[-73.613,-47.8484],[-73.5929,-47.831],[-73.5687,-47.8161],[-73.5501,-47.808],[-73.5782,-47.7997],[-73.6736,-47.7944],[-73.6984,-47.7859],[-73.7097,-47.7761],[-73.7175,-47.7625],[-73.7319,-47.7431],[-73.741,-47.7031],[-73.7071,-47.6735],[-73.6691,-47.6471],[-73.6662,-47.6163],[-73.6835,-47.6244],[-73.7015,-47.6298],[-73.7084,-47.6095],[-73.7028,-47.5932],[-73.6896,-47.5798],[-73.6736,-47.5685],[-73.6825,-47.5593],[-73.6929,-47.5548],[-73.7038,-47.5553],[-73.7146,-47.5616],[-73.7232,-47.5539],[-73.7279,-47.5466],[-73.7277,-47.54],[-73.7214,-47.5343],[-73.7214,-47.5274],[-73.7363,-47.5353],[-73.755,-47.5758],[-73.776,-47.589],[-73.776,-47.5958],[-73.7309,-47.6237],[-73.7432,-47.6584],[-73.7753,-47.6977],[-73.7897,-47.7397],[-73.7856,-47.7494],[-73.7726,-47.7652],[-73.7698,-47.7708],[-73.7729,-47.7795],[-73.7865,-47.7927],[-73.7897,-47.798],[-73.8019,-47.8071],[-73.8797,-47.8222],[-73.9132,-47.8401],[-73.9237,-47.8427],[-73.9347,-47.8417],[-73.9537,-47.8371],[-73.9954,-47.8354],[-74.0093,-47.8332],[-74.023,-47.8285],[-74.0351,-47.8215],[-74.0389,-47.8159],[-74.04,-47.8098],[-74.0435,-47.8019],[-74.0677,-47.7708],[-74.0737,-47.773],[-74.1975,-47.7892],[-74.2217,-47.7882],[-74.2642,-47.773],[-74.2914,-47.7682],[-74.318,-47.7897],[-74.3507,-47.7885],[-74.3857,-47.7791],[-74.4072,-47.7677],[-74.3907,-47.7643],[-74.3439,-47.7605],[-74.3384,-47.754],[-74.355,-47.7444],[-74.3784,-47.7448],[-74.4774,-47.7621],[-74.5326,-47.782],[-74.5489,-47.7848],[-74.5438,-47.7739],[-74.5438,-47.7677],[-74.5787,-47.7721],[-74.6284,-47.7678],[-74.6701,-47.7546],[-74.681,-47.7328],[-74.694,-47.7382],[-74.7108,-47.7374],[-74.7262,-47.7307],[-74.7356,-47.7187],[-74.7362,-47.7045],[-74.7288,-47.6961],[-74.7049,-47.6813],[-74.685,-47.6584],[-74.6727,-47.6482],[-74.6567,-47.6441],[-74.6378,-47.6458],[-74.595,-47.6565],[-74.578,-47.664],[-74.5829,-47.6707],[-74.5916,-47.692],[-74.5779,-47.6887],[-74.5676,-47.6809],[-74.5506,-47.664],[-74.5627,-47.6534],[-74.5831,-47.6423],[-74.6052,-47.6335],[-74.6227,-47.6298],[-74.6322,-47.6213],[-74.6256,-47.6021],[-74.6149,-47.5812],[-74.6121,-47.5685],[-74.5567,-47.5501],[-74.5333,-47.5479],[-74.5223,-47.5603],[-74.5226,-47.5851],[-74.5207,-47.6032],[-74.5028,-47.5958],[-74.4962,-47.5861],[-74.4894,-47.5641],[-74.4818,-47.5548],[-74.4712,-47.5506],[-74.4605,-47.551],[-74.4377,-47.5548],[-74.4199,-47.5634],[-74.4122,-47.6036],[-74.3998,-47.6163],[-74.3987,-47.6039],[-74.3935,-47.5932],[-74.3844,-47.5872],[-74.3719,-47.589],[-74.3696,-47.595],[-74.352,-47.6266],[-74.3446,-47.6367],[-74.3741,-47.6562],[-74.4559,-47.6716],[-74.4818,-47.6988],[-74.3856,-47.6783],[-74.3662,-47.672],[-74.356,-47.6699],[-74.3446,-47.6708],[-74.3288,-47.6756],[-74.3274,-47.6795],[-74.3297,-47.6861],[-74.3247,-47.6988],[-74.2959,-47.7254],[-74.2533,-47.7472],[-74.2051,-47.7566],[-74.1597,-47.7465],[-74.2527,-47.7397],[-74.2698,-47.7326],[-74.2823,-47.7155],[-74.3036,-47.6783],[-74.2726,-47.6633],[-74.1738,-47.6742],[-74.1329,-47.664],[-74.1607,-47.6567],[-74.2142,-47.6633],[-74.2422,-47.6578],[-74.2626,-47.642],[-74.2539,-47.6313],[-74.2298,-47.6251],[-74.1932,-47.622],[-74.1744,-47.6173],[-74.1633,-47.6163],[-74.1525,-47.6183],[-74.1322,-47.6277],[-74.1224,-47.6298],[-74.0745,-47.6281],[-74.0537,-47.6222],[-74.0435,-47.6095],[-74.0901,-47.6109],[-74.105,-47.6095],[-74.1151,-47.6046],[-74.13,-47.5953],[-74.14,-47.5862],[-74.136,-47.5821],[-74.1133,-47.5777],[-74.0906,-47.5666],[-74.0708,-47.5512],[-74.0572,-47.5343],[-74.0769,-47.5462],[-74.1177,-47.554],[-74.1391,-47.5616],[-74.1505,-47.5695],[-74.159,-47.5777],[-74.1681,-47.5846],[-74.1813,-47.589],[-74.1938,-47.5891],[-74.2142,-47.5836],[-74.2251,-47.5821],[-74.2361,-47.5838],[-74.2645,-47.5935],[-74.2735,-47.5991],[-74.2836,-47.6038],[-74.2944,-47.6021],[-74.305,-47.5979],[-74.3141,-47.5958],[-74.3284,-47.5857],[-74.3351,-47.5627],[-74.3391,-47.5373],[-74.3446,-47.52],[-74.369,-47.5348],[-74.3923,-47.5348],[-74.4143,-47.5237],[-74.4346,-47.507],[-74.4535,-47.4811],[-74.442,-47.4706],[-74.3856,-47.4592],[-74.3944,-47.4465],[-74.4085,-47.4454],[-74.4249,-47.4475],[-74.4408,-47.4455],[-74.4472,-47.4387],[-74.4506,-47.4296],[-74.4552,-47.4216],[-74.4653,-47.4181],[-74.4662,-47.4316],[-74.4847,-47.4562],[-74.5066,-47.4697],[-74.5286,-47.4317],[-74.5289,-47.4223],[-74.5134,-47.4181],[-74.5028,-47.413],[-74.4945,-47.4011],[-74.4818,-47.3766],[-74.4673,-47.3629],[-74.4505,-47.3543],[-74.4072,-47.3425],[-74.4162,-47.3214],[-74.3953,-47.3059],[-74.3665,-47.2907],[-74.352,-47.2698],[-74.3247,-47.2189],[-74.3141,-47.2195],[-74.3038,-47.2275],[-74.2938,-47.238],[-74.2838,-47.2463],[-74.2787,-47.2244],[-74.2743,-47.2156],[-74.2663,-47.2122],[-74.2558,-47.2164],[-74.2379,-47.2351],[-74.2322,-47.2394],[-74.2217,-47.2361],[-74.2231,-47.2283],[-74.2272,-47.2182],[-74.2251,-47.2088],[-74.2157,-47.2047],[-74.2025,-47.2038],[-74.1776,-47.2053],[-74.1677,-47.2158],[-74.1597,-47.281],[-74.1495,-47.298],[-74.1352,-47.3168],[-74.1194,-47.3331],[-74.1124,-47.3355],[-74.1107,-47.329],[-74.1061,-47.3224],[-74.105,-47.3151],[-74.1095,-47.3066],[-74.1261,-47.2873],[-74.1367,-47.2696],[-74.1401,-47.2566],[-74.1391,-47.2223],[-74.1322,-47.2045],[-74.1154,-47.193],[-74.0942,-47.1867],[-74.0746,-47.1848],[-74.0555,-47.1904],[-74.047,-47.1901],[-74.0435,-47.1811],[-74.04,-47.1783],[-74.0319,-47.1764],[-74.0228,-47.176],[-74.0162,-47.1774],[-74.0031,-47.1994],[-73.987,-47.235],[-73.9735,-47.255],[-73.9678,-47.2292],[-73.9712,-47.2158],[-73.9862,-47.1868],[-73.9896,-47.1674],[-73.9989,-47.165],[-74.0572,-47.1569],[-73.9576,-47.0603],[-73.9473,-47.0476],[-73.9413,-47.0279],[-73.949,-47.0156],[-74.0201,-46.9783],[-74.0406,-46.9719],[-74.064,-46.9726],[-74.1029,-46.9867],[-74.1186,-46.9881],[-74.1391,-46.9787],[-74.1532,-46.9672],[-74.2065,-46.9079],[-74.2086,-46.894],[-74.2004,-46.8815],[-74.1813,-46.8694],[-74.1719,-46.8686],[-74.1602,-46.8697],[-74.1501,-46.8681],[-74.1459,-46.8596],[-74.1445,-46.8515],[-74.1405,-46.8445],[-74.1342,-46.8391],[-74.1261,-46.8354],[-74.1261,-46.8285],[-74.168,-46.8376],[-74.1813,-46.8422],[-74.191,-46.8488],[-74.2091,-46.865],[-74.2217,-46.8694],[-74.2433,-46.8647],[-74.2655,-46.8307],[-74.2899,-46.8217],[-74.2819,-46.8124],[-74.2726,-46.8088],[-74.2651,-46.8048],[-74.2626,-46.7937],[-74.2668,-46.7817],[-74.2761,-46.7797],[-74.2889,-46.7813],[-74.3036,-46.78],[-74.3102,-46.778],[-74.317,-46.7751],[-74.3225,-46.7703],[-74.3247,-46.7634],[-74.3276,-46.7582],[-74.3336,-46.7599],[-74.3385,-46.7643],[-74.3384,-46.7672],[-74.4414,-46.7672],[-74.4562,-46.7649],[-74.4822,-46.7555],[-74.5212,-46.7501],[-74.5916,-46.7255],[-74.5916,-46.7324],[-74.5209,-46.7631],[-74.4777,-46.7724],[-74.4838,-46.7841],[-74.5045,-46.796],[-74.5267,-46.8012],[-74.5881,-46.7937],[-74.6004,-46.7905],[-74.6133,-46.7838],[-74.6266,-46.7786],[-74.64,-46.78],[-74.6509,-46.7883],[-74.6519,-46.797],[-74.6485,-46.8064],[-74.6462,-46.8183],[-74.6488,-46.8293],[-74.6557,-46.8368],[-74.6735,-46.8491],[-74.5509,-46.8354],[-74.5334,-46.8398],[-74.5077,-46.859],[-74.4923,-46.8634],[-74.4502,-46.8561],[-74.4346,-46.8559],[-74.4792,-46.9023],[-74.5457,-46.8956],[-74.6183,-46.8761],[-74.681,-46.8839],[-74.691,-46.8766],[-74.7023,-46.8657],[-74.7113,-46.8543],[-74.7151,-46.8456],[-74.7215,-46.84],[-74.7629,-46.8149],[-74.7879,-46.8072],[-74.7995,-46.8012],[-74.8045,-46.7907],[-74.8075,-46.7758],[-74.8153,-46.7685],[-74.826,-46.7697],[-74.838,-46.78],[-74.8319,-46.78],[-74.8463,-46.8068],[-74.8564,-46.8139],[-74.8695,-46.8059],[-74.8932,-46.7875],[-74.9006,-46.7836],[-74.9549,-46.7617],[-74.9581,-46.7597],[-75.0065,-46.7535],[-75.015,-46.7492],[-75.0162,-46.7394],[-75.0149,-46.7282],[-75.0162,-46.7193],[-75.0751,-46.6607],[-75.0834,-46.6409],[-75.0752,-46.62],[-75.0592,-46.6022],[-75.0259,-46.5793],[-75.0155,-46.566],[-75.0073,-46.5525],[-74.9962,-46.54],[-74.9798,-46.5319],[-74.9592,-46.5253],[-74.9416,-46.5168],[-74.9342,-46.5027],[-74.9369,-46.4827],[-74.9414,-46.4705],[-74.9423,-46.4582],[-74.9342,-46.4376],[-74.9646,-46.454],[-74.9881,-46.4909],[-75.0141,-46.5201],[-75.0515,-46.5133],[-75.0751,-46.5584],[-75.1116,-46.5868],[-75.2017,-46.63],[-75.2078,-46.6049],[-75.2079,-46.5951],[-75.2345,-46.6231],[-75.2484,-46.6325],[-75.2669,-46.6362],[-75.3248,-46.6401],[-75.3389,-46.6437],[-75.34,-46.6463],[-75.3388,-46.6511],[-75.3384,-46.6554],[-75.3424,-46.6573],[-75.3865,-46.6555],[-75.3961,-46.6523],[-75.4004,-46.6467],[-75.4047,-46.6298],[-75.4149,-46.6327],[-75.4271,-46.6435],[-75.4372,-46.6498],[-75.5618,-46.6808],[-75.5751,-46.6879],[-75.5834,-46.6938],[-75.5911,-46.697],[-75.5968,-46.7009],[-75.5989,-46.7084],[-75.5993,-46.717],[-75.6006,-46.7228],[-75.6029,-46.7272],[-75.6064,-46.7324],[-75.6178,-46.7424],[-75.6466,-46.756],[-75.661,-46.7672],[-75.6313,-46.7854],[-75.5977,-46.7586],[-75.5657,-46.7187],[-75.5406,-46.6982],[-75.4637,-46.6999],[-75.4407,-46.705],[-75.4225,-46.714],[-75.4176,-46.7219],[-75.4261,-46.7267],[-75.4481,-46.7255],[-75.4413,-46.7424],[-75.4488,-46.7565],[-75.463,-46.7672],[-75.4761,-46.774],[-75.4,-46.777],[-75.3867,-46.78],[-75.3823,-46.8063],[-75.3988,-46.8287],[-75.421,-46.8476],[-75.4339,-46.8634],[-75.3944,-46.8517],[-75.3721,-46.8488],[-75.3526,-46.8559],[-75.3463,-46.8668],[-75.347,-46.8792],[-75.3526,-46.9006],[-75.3612,-46.9026],[-75.4106,-46.9316],[-75.4248,-46.9332],[-75.4686,-46.9452],[-75.5208,-46.9493],[-75.5517,-46.9483],[-75.569,-46.9399],[-75.5835,-46.9098],[-75.5853,-46.9036],[-75.5936,-46.899],[-75.6168,-46.8935],[-75.6263,-46.8899],[-75.6422,-46.8801],[-75.6502,-46.8732],[-75.6536,-46.8664],[-75.6529,-46.8447],[-75.6539,-46.8334],[-75.6603,-46.8245],[-75.707,-46.7866],[-75.7114,-46.7444],[-75.7083,-46.6547],[-75.7047,-46.6393],[-75.6947,-46.6284],[-75.6754,-46.6157],[-75.6604,-46.6013],[-75.6495,-46.5856],[-75.6361,-46.573],[-75.6132,-46.5678],[-75.5714,-46.5691],[-75.558,-46.5678],[-75.5492,-46.5639],[-75.5421,-46.558],[-75.5326,-46.5538],[-75.5171,-46.5543],[-75.5343,-46.5324],[-75.5426,-46.5191],[-75.5406,-46.5133],[-75.4723,-46.5133],[-75.453,-46.5094],[-75.4462,-46.5001],[-75.4429,-46.4885],[-75.4339,-46.4784],[-75.4188,-46.4744],[-75.3891,-46.4767],[-75.373,-46.4716],[-75.373,-46.4654],[-75.3993,-46.4489],[-75.4011,-46.4405],[-75.3905,-46.4273],[-75.3453,-46.3948],[-75.3352,-46.3903],[-75.3128,-46.3863],[-75.2969,-46.3771],[-75.284,-46.3676],[-75.2706,-46.3624],[-75.2543,-46.3655],[-75.2387,-46.3757],[-75.227,-46.3898],[-75.2222,-46.404],[-75.2117,-46.3351],[-75.2049,-46.3305],[-75.2036,-46.3199],[-75.2038,-46.3084],[-75.2017,-46.301],[-75.1963,-46.2983],[-75.187,-46.296],[-75.1783,-46.297],[-75.1744,-46.3044],[-75.1532,-46.3243],[-75.1058,-46.3471],[-75.0565,-46.3578],[-75.0298,-46.342],[-75.0571,-46.3388],[-75.1063,-46.3251],[-75.1298,-46.322],[-75.1387,-46.3141],[-75.1362,-46.2965],[-75.1228,-46.2796],[-75.0987,-46.2736],[-75.0987,-46.2668],[-75.1116,-46.2604],[-75.1163,-46.2496],[-75.1141,-46.2372],[-75.1061,-46.2258],[-75.0907,-46.2161],[-75.0707,-46.2105],[-75.0493,-46.2091],[-75.0298,-46.2122],[-75.0066,-46.2272],[-74.9851,-46.2491],[-74.9605,-46.2678],[-74.928,-46.2736],[-74.9518,-46.2482],[-74.9615,-46.2302],[-74.9581,-46.2153],[-74.9242,-46.1877],[-74.9194,-46.1793],[-74.91,-46.1502],[-74.8915,-46.1471],[-74.8795,-46.1467],[-74.8653,-46.1502],[-74.838,-46.1706],[-74.8096,-46.1985],[-74.7954,-46.2092],[-74.7772,-46.2122],[-74.7858,-46.1965],[-74.7908,-46.1911],[-74.7838,-46.1838],[-74.7755,-46.1791],[-74.7663,-46.1773],[-74.756,-46.178],[-74.7723,-46.1655],[-74.8052,-46.154],[-74.8182,-46.1427],[-74.8245,-46.1259],[-74.8212,-46.1122],[-74.8148,-46.0994],[-74.8113,-46.0846],[-74.7815,-46.047],[-74.7738,-46.0403],[-74.7015,-46.0329],[-74.7059,-46.0227],[-74.7108,-46.0217],[-74.7169,-46.0246],[-74.7253,-46.0265],[-74.7379,-46.0231],[-74.7379,-46.0149],[-74.7287,-45.9987],[-74.7245,-45.9936],[-74.7174,-45.9895],[-74.7134,-45.9845],[-74.7185,-45.9754],[-74.7248,-45.9675],[-74.7274,-45.961],[-74.7287,-45.944],[-74.6909,-45.8416],[-74.6656,-45.8233],[-74.6473,-45.8162],[-74.6295,-45.8249],[-74.6166,-45.8395],[-74.6068,-45.8459],[-74.5963,-45.8435],[-74.5814,-45.8317],[-74.56,-45.8263],[-74.5461,-45.8445],[-74.544,-45.8743],[-74.5581,-45.9031],[-74.545,-45.9041],[-74.5289,-45.9028],[-74.5154,-45.9042],[-74.5096,-45.9133],[-74.5074,-45.9274],[-74.5019,-45.9293],[-74.4951,-45.9256],[-74.4892,-45.9236],[-74.4766,-45.9249],[-74.4718,-45.9238],[-74.468,-45.9251],[-74.4582,-45.9339],[-74.453,-45.944],[-74.4549,-45.9553],[-74.4594,-45.9661],[-74.4618,-45.9754],[-74.4665,-45.9867],[-74.4755,-45.9975],[-74.4809,-46.0084],[-74.4755,-46.0198],[-74.4647,-46.0221],[-74.4534,-46.0164],[-74.4444,-46.008],[-74.4408,-46.0021],[-74.4382,-45.9924],[-74.4322,-45.985],[-74.4254,-45.9782],[-74.4203,-45.9719],[-74.4173,-45.9607],[-74.4166,-45.9504],[-74.4127,-45.9422],[-74.3998,-45.9372],[-74.3998,-45.9304],[-74.424,-45.9171],[-74.447,-45.8942],[-74.4637,-45.8658],[-74.4687,-45.8347],[-74.4606,-45.8391],[-74.453,-45.8412],[-74.4346,-45.8416],[-74.4499,-45.8288],[-74.4618,-45.815],[-74.4466,-45.8083],[-74.393,-45.8007],[-74.3596,-45.7903],[-74.3451,-45.7911],[-74.3309,-45.8007],[-74.3282,-45.8071],[-74.3253,-45.8246],[-74.3213,-45.8317],[-74.3136,-45.8331],[-74.3054,-45.8277],[-74.2972,-45.8201],[-74.2899,-45.815],[-74.1894,-45.7936],[-74.1703,-45.7918],[-74.1565,-45.7973],[-74.1031,-45.8368],[-74.1155,-45.8536],[-74.1355,-45.8671],[-74.1459,-45.8655],[-74.1538,-45.8718],[-74.1721,-45.8776],[-74.1928,-45.8819],[-74.1846,-45.8825],[-74.1186,-45.8963],[-74.1245,-45.905],[-74.1304,-45.9119],[-74.1372,-45.9177],[-74.1459,-45.9236],[-74.1459,-45.9304],[-74.0799,-45.9212],[-74.0592,-45.9299],[-74.064,-45.9645],[-74.0801,-45.9819],[-74.1072,-45.9946],[-74.1385,-46.0025],[-74.1671,-46.0055],[-74.1671,-46.013],[-74.1518,-46.0183],[-74.1016,-46.013],[-74.086,-46.0178],[-74.0839,-46.0297],[-74.0985,-46.0808],[-74.118,-46.1023],[-74.1671,-46.1364],[-74.1395,-46.1311],[-74.1053,-46.1159],[-74.0763,-46.0961],[-74.064,-46.0778],[-74.0564,-46.0279],[-74.0606,-46.0198],[-74.0692,-46.0119],[-74.0697,-45.9954],[-74.0614,-45.9809],[-74.0435,-45.9788],[-74.037,-45.9861],[-74.0342,-45.9977],[-74.03,-46.0084],[-73.982,-46.0297],[-73.9796,-46.0397],[-73.9695,-46.061],[-73.9678,-46.0744],[-73.9706,-46.0842],[-73.9896,-46.116],[-74.0213,-46.1482],[-74.0636,-46.1721],[-74.1915,-46.2184],[-74.264,-46.2306],[-74.3132,-46.2499],[-74.3384,-46.2525],[-74.3595,-46.2459],[-74.3976,-46.2233],[-74.4169,-46.2184],[-74.4243,-46.2151],[-74.4806,-46.1686],[-74.4892,-46.1638],[-74.4899,-46.1894],[-74.4657,-46.2082],[-74.4103,-46.2358],[-74.4003,-46.2438],[-74.3878,-46.2507],[-74.3738,-46.2561],[-74.3588,-46.26],[-74.3422,-46.2608],[-74.1898,-46.2423],[-74.0772,-46.2038],[-74.0497,-46.1911],[-74.0435,-46.1979],[-74.0555,-46.2155],[-74.0714,-46.2327],[-74.0389,-46.247],[-74.0417,-46.2708],[-74.0777,-46.322],[-74.0618,-46.3171],[-74.0365,-46.2924],[-74.0264,-46.2867],[-74.0085,-46.289],[-73.9415,-46.3049],[-73.9294,-46.3145],[-73.9186,-46.3259],[-73.9064,-46.3351],[-73.8924,-46.3398],[-73.8449,-46.342],[-73.9452,-46.2657],[-73.9582,-46.2494],[-73.953,-46.2315],[-73.9746,-46.2223],[-74.0162,-46.2184],[-74.0193,-46.2044],[-74.0116,-46.1858],[-73.9986,-46.1674],[-73.9857,-46.1536],[-73.9682,-46.1447],[-73.9433,-46.1394],[-73.8961,-46.1364],[-73.8818,-46.1418],[-73.8727,-46.1549],[-73.8579,-46.1843],[-73.8285,-46.2045],[-73.7955,-46.2164],[-73.7698,-46.2346],[-73.7623,-46.2736],[-73.7731,-46.3209],[-73.7942,-46.3616],[-73.8232,-46.3976],[-73.8579,-46.4308],[-73.9125,-46.4688],[-73.9206,-46.4819],[-73.9277,-46.4972],[-73.9753,-46.54],[-73.9892,-46.5597],[-73.9838,-46.5665],[-73.9663,-46.571],[-73.9245,-46.5969],[-73.8996,-46.6027],[-73.8739,-46.6022],[-73.8517,-46.5951],[-73.8316,-46.5779],[-73.8209,-46.5573],[-73.8127,-46.5359],[-73.7913,-46.5051],[-73.7873,-46.4972],[-73.7821,-46.4948],[-73.7698,-46.4996],[-73.7602,-46.5065],[-73.7533,-46.5152],[-73.7419,-46.5338],[-73.7373,-46.5217],[-73.7386,-46.508],[-73.744,-46.4968],[-73.7518,-46.4921],[-73.7655,-46.4863],[-73.7665,-46.4726],[-73.7555,-46.4444],[-73.7423,-46.421],[-73.691,-46.3733],[-73.6723,-46.3596],[-73.6221,-46.3342],[-73.6013,-46.3185],[-73.5802,-46.3102],[-73.5143,-46.3075],[-73.4886,-46.301],[-73.5298,-46.2999],[-73.5505,-46.2956],[-73.5637,-46.2867],[-73.5683,-46.2704],[-73.5624,-46.2576],[-73.5521,-46.2458],[-73.5433,-46.2327],[-73.5239,-46.1752],[-73.5065,-46.1554],[-73.4744,-46.1502],[-73.4818,-46.1427],[-73.4237,-46.0714],[-73.4037,-46.06],[-73.3577,-46.0422],[-73.3446,-46.0265],[-73.3616,-46.0227],[-73.3863,-46.0201],[-73.4117,-46.0216],[-73.4303,-46.0297],[-73.4452,-46.0489],[-73.4695,-46.0893],[-73.5763,-46.2018],[-73.6115,-46.2184],[-73.6115,-46.2258],[-73.5998,-46.2468],[-73.6244,-46.2765],[-73.6879,-46.322],[-73.7015,-46.2936],[-73.6918,-46.2564],[-73.6664,-46.2263],[-73.6326,-46.2184],[-73.6481,-46.1948],[-73.6421,-46.1643],[-73.6279,-46.1319],[-73.619,-46.1023],[-73.6202,-46.0831],[-73.6265,-46.0711],[-73.6497,-46.0505],[-73.6512,-46.0417],[-73.6531,-45.9955],[-73.6565,-45.9848],[-73.6615,-45.9802],[-73.6606,-45.9757],[-73.6463,-45.9645],[-73.6219,-45.9504],[-73.6193,-45.9456],[-73.619,-45.9339],[-73.6096,-45.9031],[-73.586,-45.8855],[-73.5548,-45.8776],[-73.5228,-45.8757],[-73.5365,-45.8707],[-73.5493,-45.8635],[-73.5592,-45.8537],[-73.5637,-45.8416],[-73.5602,-45.8298],[-73.5415,-45.8122],[-73.537,-45.8041],[-73.4021,-45.7019],[-73.3563,-45.6881],[-73.1975,-45.6772],[-73.1885,-45.6721],[-73.1858,-45.6625],[-73.1889,-45.6559],[-73.1975,-45.6601],[-73.2962,-45.6498],[-73.3118,-45.644],[-73.3163,-45.6381],[-73.3184,-45.6305],[-73.3273,-45.6191],[-73.3336,-45.621],[-73.3603,-45.6339],[-73.3685,-45.6393],[-73.3782,-45.6437],[-73.4203,-45.6498],[-73.4259,-45.6545],[-73.4738,-45.7126],[-73.4897,-45.7267],[-73.5122,-45.7324],[-73.5328,-45.7411],[-73.5655,-45.7765],[-73.5917,-45.7802],[-73.5817,-45.7514],[-73.5752,-45.7232],[-73.5705,-45.6601],[-73.5653,-45.6326],[-73.5423,-45.5815],[-73.5348,-45.5362],[-73.525,-45.5055],[-73.5214,-45.4719],[-73.5173,-45.4604],[-73.5109,-45.4518],[-73.5023,-45.4438],[-73.4751,-45.4246],[-73.4459,-45.4135],[-73.4225,-45.4195],[-73.4129,-45.4513],[-73.4061,-45.4513],[-73.3991,-45.3879],[-73.3924,-45.3756],[-73.371,-45.3669],[-73.3533,-45.3727],[-73.3236,-45.3959],[-73.3249,-45.3781],[-73.3288,-45.3576],[-73.3277,-45.3409],[-73.3139,-45.3339],[-73.3052,-45.332],[-73.2869,-45.3229],[-73.2757,-45.3209],[-73.2652,-45.3205],[-73.2581,-45.319],[-73.2522,-45.3157],[-73.2454,-45.3103],[-73.2264,-45.3009],[-73.2086,-45.3022],[-73.1929,-45.3118],[-73.1801,-45.3271],[-73.1767,-45.3352],[-73.1727,-45.3523],[-73.1671,-45.3619],[-73.162,-45.3657],[-73.1392,-45.3756],[-73.1055,-45.3987],[-73.0879,-45.4067],[-73.0669,-45.4096],[-73.0448,-45.4162],[-73.0143,-45.4448],[-72.9915,-45.4513],[-72.904,-45.4648],[-72.8595,-45.4645],[-72.858,-45.4438],[-72.8378,-45.428],[-72.8306,-45.4181],[-72.8344,-45.4062],[-72.8452,-45.3964],[-72.8585,-45.3893],[-72.8743,-45.3862],[-72.8928,-45.3893],[-72.9044,-45.3948],[-72.914,-45.4015],[-72.9249,-45.4073],[-72.9405,-45.4096],[-72.9551,-45.4084],[-72.9815,-45.401],[-73.0791,-45.3548],[-73.1767,-45.2817],[-73.2163,-45.2589],[-73.2567,-45.2482],[-73.2962,-45.2595],[-73.329,-45.2839],[-73.3464,-45.2906],[-73.3754,-45.2929],[-73.3988,-45.2918],[-73.4252,-45.2877],[-73.4481,-45.2795],[-73.4607,-45.2663],[-73.4626,-45.2462],[-73.4588,-45.221],[-73.4501,-45.1995],[-73.4371,-45.1906],[-73.3827,-45.194],[-73.3559,-45.1907],[-73.331,-45.1775],[-73.3323,-45.1619],[-73.317,-45.154],[-73.3044,-45.1448],[-73.3139,-45.1257],[-73.3317,-45.1091],[-73.3378,-45.1017],[-73.3383,-45.0944],[-73.3348,-45.0878],[-73.3371,-45.0831],[-73.3548,-45.0813],[-73.3702,-45.0755],[-73.3861,-45.0615],[-73.3992,-45.0434],[-73.4061,-45.0261],[-73.4053,-45.0061],[-73.3978,-44.9882],[-73.3858,-44.9737],[-73.3719,-44.964],[-73.3483,-44.9578],[-73.2344,-44.9653],[-73.2211,-44.964],[-73.21,-44.9602],[-73.1905,-44.9485],[-73.1801,-44.9441],[-73.1586,-44.943],[-73.1171,-44.9483],[-73.1013,-44.9407],[-73.0839,-44.9239],[-73.0293,-44.8894],[-73.0071,-44.8655],[-72.9983,-44.8616],[-72.957,-44.8616],[-72.9357,-44.8577],[-72.9148,-44.8478],[-72.81,-44.7678],[-72.7663,-44.7507],[-72.7277,-44.7586],[-72.7239,-44.7463],[-72.7107,-44.7332],[-72.7072,-44.725],[-72.71,-44.7174],[-72.7243,-44.7008],[-72.7277,-44.694],[-72.7315,-44.6742],[-72.7292,-44.6656],[-72.7082,-44.6423],[-72.7036,-44.6344],[-72.6858,-44.5803],[-72.6815,-44.5602],[-72.6798,-44.5436],[-72.669,-44.532],[-72.644,-44.5192],[-72.6165,-44.509],[-72.598,-44.5053],[-72.6182,-44.4653],[-72.616,-44.4216],[-72.5911,-44.3408],[-72.5948,-44.3502],[-72.6116,-44.3715],[-72.6152,-44.3715],[-72.6301,-44.3913],[-72.6321,-44.3954],[-72.6426,-44.4055],[-72.6495,-44.4081],[-72.6625,-44.4091],[-72.6664,-44.413],[-72.6609,-44.4325],[-72.6625,-44.4401],[-72.6725,-44.4544],[-72.6868,-44.4885],[-72.6997,-44.4985],[-72.7219,-44.5014],[-72.7345,-44.4948],[-72.7401,-44.4806],[-72.7413,-44.4606],[-72.7502,-44.449],[-72.7711,-44.4394],[-72.795,-44.4327],[-72.8133,-44.4303],[-72.8172,-44.4274],[-72.8375,-44.4091],[-72.8485,-44.4024],[-72.9246,-44.3737],[-72.9337,-44.3647],[-72.9305,-44.3464],[-72.9258,-44.3328],[-72.9266,-44.3206],[-72.9399,-44.3067],[-72.9613,-44.2988],[-73.0139,-44.2922],[-73.0516,-44.2734],[-73.1595,-44.2604],[-73.1723,-44.2561],[-73.1835,-44.2481],[-73.1888,-44.2416],[-73.1927,-44.2337],[-73.192,-44.2268],[-73.1392,-44.2105],[-73.1222,-44.1892],[-73.1186,-44.1832],[-73.1185,-44.1591],[-73.1281,-44.1458],[-73.1398,-44.1452],[-73.1533,-44.1773],[-73.173,-44.1891],[-73.1977,-44.1955],[-73.2211,-44.1969],[-73.2451,-44.1944],[-73.2673,-44.1874],[-73.2836,-44.1741],[-73.29,-44.1524],[-73.2869,-44.1235],[-73.2777,-44.11],[-73.2626,-44.1085],[-73.2416,-44.1149],[-73.2345,-44.1207],[-73.2279,-44.1274],[-73.223,-44.127],[-73.2211,-44.1115],[-73.2211,-44.0773],[-73.2154,-44.068],[-73.2018,-44.0615],[-73.1859,-44.0587],[-73.1733,-44.0597],[-73.1684,-44.0641],[-73.1598,-44.08],[-73.1528,-44.0876],[-73.1272,-44.0969],[-73.1161,-44.0857],[-73.1158,-44.0685],[-73.1221,-44.0597],[-73.1328,-44.0486],[-73.1381,-44.0241],[-73.1392,-43.9851],[-73.1321,-43.968],[-73.1204,-43.9521],[-73.0945,-43.9265],[-73.084,-43.9197],[-73.0767,-43.9181],[-73.0704,-43.9145],[-73.0635,-43.902],[-73.0618,-43.8932],[-73.0624,-43.884],[-73.0619,-43.8738],[-73.0572,-43.861],[-73.0308,-43.8268],[-73.02,-43.8083],[-73.0156,-43.7825],[-73.0127,-43.7721],[-73.0058,-43.7741],[-72.9945,-43.7859],[-72.9894,-43.7958],[-72.9884,-43.8058],[-72.9837,-43.8145],[-72.9673,-43.8201],[-72.9513,-43.8036],[-72.9269,-43.7873],[-72.8989,-43.777],[-72.8723,-43.7791],[-72.8669,-43.7863],[-72.863,-43.7978],[-72.8568,-43.8085],[-72.8441,-43.8132],[-72.8306,-43.8119],[-72.8246,-43.8079],[-72.8259,-43.8005],[-72.8441,-43.7755],[-72.8496,-43.7592],[-72.8516,-43.74],[-72.8506,-43.717],[-72.8439,-43.7004],[-72.8423,-43.6897],[-72.8472,-43.6795],[-72.8541,-43.6789],[-72.8573,-43.6902],[-72.8591,-43.7048],[-72.8614,-43.7136],[-72.868,-43.7238],[-72.871,-43.7341],[-72.8753,-43.7434],[-72.8859,-43.7512],[-72.8969,-43.7531],[-72.9222,-43.7507],[-72.9337,-43.7512],[-72.9451,-43.7551],[-72.9595,-43.7638],[-72.9709,-43.7654],[-72.9794,-43.7612],[-72.9887,-43.7419],[-72.9983,-43.7375],[-73.0242,-43.7354],[-73.0423,-43.7296],[-73.0004,-43.7182],[-72.9426,-43.6923],[-72.926,-43.6876],[-72.9131,-43.687],[-72.8932,-43.695],[-72.8822,-43.6973],[-72.8757,-43.6959],[-72.8691,-43.6915],[-72.8639,-43.6835],[-72.8606,-43.6749],[-72.8582,-43.6632],[-72.8545,-43.655],[-72.8493,-43.6476],[-72.8386,-43.6389],[-72.8312,-43.6365],[-72.8254,-43.6365],[-72.82,-43.6398],[-72.8149,-43.6458],[-72.8075,-43.6577],[-72.7836,-43.7084],[-72.7771,-43.7176],[-72.7683,-43.7257],[-72.7507,-43.7331],[-72.7263,-43.7389],[-72.6291,-43.7527],[-72.6181,-43.7562],[-72.6105,-43.7597],[-72.5963,-43.7677],[-72.5839,-43.7726],[-72.5617,-43.7773],[-72.5432,-43.7779],[-72.5269,-43.776],[-72.5153,-43.7727],[-72.4425,-43.7403],[-72.4207,-43.7343],[-72.3823,-43.7294],[-72.364,-43.7296],[-72.3482,-43.733],[-72.3361,-43.7389],[-72.3212,-43.7485],[-72.2837,-43.7779],[-72.2663,-43.7883],[-72.2612,-43.7929],[-72.2601,-43.7976],[-72.2636,-43.8048],[-72.2726,-43.8176],[-72.2736,-43.8246],[-72.2704,-43.8315],[-72.2609,-43.8413],[-72.2492,-43.8484],[-72.221,-43.8607],[-72.2072,-43.8685],[-72.1926,-43.8801],[-72.1812,-43.8917],[-72.1679,-43.9094],[-72.164,-43.9173],[-72.1416,-43.9398],[-72.1295,-43.9463],[-72.1077,-43.9545],[-72.0892,-43.9575],[-71.9676,-43.9605],[-71.7964,-44.0],[-71.7948,-44.0009],[-71.7458,-44.0445],[-71.7453,-44.045]]],[[[-75.3389,-48.6242],[-75.3277,-48.6271],[-75.3256,-48.634],[-75.329,-48.6409],[-75.3352,-48.6441],[-75.3413,-48.6459],[-75.345,-48.6503],[-75.3454,-48.6559],[-75.3424,-48.6614],[-75.3384,-48.6625],[-75.3275,-48.6594],[-75.3215,-48.6584],[-75.3088,-48.6576],[-75.302,-48.6581],[-75.2972,-48.6638],[-75.2904,-48.6782],[-75.2863,-48.695],[-75.288,-48.713],[-75.297,-48.7271],[-75.3147,-48.7328],[-75.327,-48.7346],[-75.3363,-48.7371],[-75.3451,-48.7367],[-75.356,-48.7298],[-75.3622,-48.7275],[-75.3769,-48.7265],[-75.3799,-48.7228],[-75.3784,-48.7171],[-75.3729,-48.7027],[-75.373,-48.6987],[-75.3662,-48.6987],[-75.3842,-48.6965],[-75.3978,-48.7057],[-75.4215,-48.7328],[-75.4298,-48.7375],[-75.4471,-48.7433],[-75.4549,-48.7472],[-75.4615,-48.7524],[-75.4718,-48.7638],[-75.4761,-48.7675],[-75.4932,-48.7756],[-75.5098,-48.7789],[-75.5511,-48.7813],[-75.5918,-48.7922],[-75.6126,-48.7949],[-75.6331,-48.788],[-75.6479,-48.7789],[-75.6536,-48.7608],[-75.6536,-48.716],[-75.6418,-48.7013],[-75.6144,-48.7032],[-75.558,-48.7192],[-75.5076,-48.7175],[-75.4605,-48.6999],[-75.3456,-48.6269],[-75.3389,-48.6242]]],[[[-75.3284,-48.5522],[-75.323,-48.5613],[-75.3188,-48.5754],[-75.3177,-48.5895],[-75.3215,-48.6],[-75.3399,-48.6148],[-75.5062,-48.6948],[-75.5417,-48.7009],[-75.5572,-48.7009],[-75.5732,-48.6992],[-75.5884,-48.6944],[-75.6012,-48.6856],[-75.6078,-48.6769],[-75.6102,-48.6681],[-75.6066,-48.6611],[-75.5955,-48.6584],[-75.5273,-48.6645],[-75.4994,-48.6601],[-75.4733,-48.6481],[-75.4525,-48.631],[-75.4407,-48.6105],[-75.4644,-48.6135],[-75.5142,-48.6326],[-75.5438,-48.6373],[-75.5288,-48.6281],[-75.499,-48.615],[-75.4891,-48.6037],[-75.5367,-48.6061],[-75.5511,-48.6105],[-75.586,-48.634],[-75.5989,-48.6373],[-75.6261,-48.632],[-75.6444,-48.6184],[-75.6754,-48.5832],[-75.657,-48.5671],[-75.6539,-48.548],[-75.661,-48.5041],[-75.6558,-48.485],[-75.6429,-48.4825],[-75.6271,-48.4811],[-75.6126,-48.4659],[-75.6146,-48.4577],[-75.6215,-48.4513],[-75.6224,-48.4457],[-75.6064,-48.4392],[-75.5954,-48.44],[-75.5792,-48.4443],[-75.5644,-48.4504],[-75.558,-48.456],[-75.5477,-48.4729],[-75.5243,-48.4719],[-75.4989,-48.462],[-75.4822,-48.4529],[-75.4506,-48.4289],[-75.4386,-48.4285],[-75.4307,-48.4584],[-75.4239,-48.4588],[-75.4171,-48.4528],[-75.4119,-48.436],[-75.4066,-48.4304],[-75.3999,-48.4264],[-75.3935,-48.425],[-75.3822,-48.4279],[-75.3814,-48.4345],[-75.3867,-48.4455],[-75.3792,-48.4558],[-75.3788,-48.4601],[-75.3772,-48.4591],[-75.3662,-48.4529],[-75.3656,-48.448],[-75.3558,-48.4356],[-75.3444,-48.4274],[-75.3389,-48.4355],[-75.3406,-48.4584],[-75.3526,-48.5212],[-75.3545,-48.5258],[-75.3662,-48.5417],[-75.3531,-48.5408],[-75.3434,-48.5421],[-75.3358,-48.5458],[-75.3284,-48.5522]]],[[[-74.4721,-48.456],[-74.5063,-48.4284],[-74.5102,-48.4083],[-74.4769,-48.4055],[-74.4072,-48.4181],[-74.314,-48.4643],[-74.307,-48.4659],[-74.3034,-48.4703],[-74.3031,-48.4799],[-74.3065,-48.4894],[-74.3141,-48.4938],[-74.3417,-48.5003],[-74.4001,-48.5255],[-74.429,-48.5258],[-74.4385,-48.5165],[-74.4618,-48.4796],[-74.4652,-48.4721],[-74.4657,-48.4671],[-74.4667,-48.4623],[-74.4721,-48.456]]],[[[-74.0907,-48.4796],[-74.111,-48.4736],[-74.1791,-48.4431],[-74.2008,-48.4221],[-74.2455,-48.3942],[-74.2508,-48.378],[-74.2352,-48.3681],[-74.2119,-48.3637],[-74.1937,-48.3635],[-74.1638,-48.374],[-74.1204,-48.4049],[-74.0873,-48.4113],[-74.0572,-48.4256],[-74.0542,-48.455],[-74.0686,-48.4797],[-74.0907,-48.4796]]],[[[-74.4954,-48.3499],[-74.4582,-48.3408],[-74.4241,-48.3466],[-74.3588,-48.3703],[-74.3822,-48.3484],[-74.3952,-48.3302],[-74.3932,-48.3132],[-74.3719,-48.2952],[-74.3577,-48.2875],[-74.3454,-48.2833],[-74.3321,-48.2813],[-74.3141,-48.2809],[-74.298,-48.288],[-74.2985,-48.304],[-74.3104,-48.3325],[-74.3023,-48.3634],[-74.2822,-48.3854],[-74.2322,-48.4216],[-74.2233,-48.4449],[-74.243,-48.4592],[-74.2717,-48.4627],[-74.3391,-48.4229],[-74.4608,-48.3845],[-74.4954,-48.3499]]],[[[-74.4991,-48.5832],[-74.4871,-48.5904],[-74.483,-48.6071],[-74.4853,-48.6262],[-74.4923,-48.6407],[-74.5141,-48.6661],[-74.5277,-48.6749],[-74.5627,-48.6806],[-74.5921,-48.6913],[-74.6073,-48.6939],[-74.621,-48.6918],[-74.6557,-48.6718],[-74.6674,-48.6668],[-74.6921,-48.6594],[-74.7049,-48.6584],[-74.713,-48.655],[-74.739,-48.634],[-74.7506,-48.6295],[-74.7644,-48.631],[-74.7908,-48.6373],[-74.8175,-48.6364],[-74.867,-48.6266],[-74.9471,-48.6196],[-74.9741,-48.6134],[-74.9962,-48.6037],[-75.0109,-48.5868],[-75.0167,-48.5447],[-75.0267,-48.5246],[-75.0331,-48.5045],[-75.0238,-48.4846],[-75.0083,-48.4684],[-74.9456,-48.4176],[-74.9311,-48.4113],[-74.9202,-48.4103],[-74.8983,-48.406],[-74.8861,-48.405],[-74.8715,-48.402],[-74.8459,-48.3902],[-74.8319,-48.3908],[-74.82,-48.4035],[-74.811,-48.4498],[-74.8008,-48.4697],[-74.7816,-48.485],[-74.7656,-48.4894],[-74.7509,-48.4848],[-74.7356,-48.4733],[-74.7172,-48.4535],[-74.7134,-48.4382],[-74.726,-48.4285],[-74.7563,-48.425],[-74.8113,-48.3635],[-74.8136,-48.3425],[-74.8045,-48.2844],[-74.7987,-48.2664],[-74.7714,-48.2298],[-74.7629,-48.2121],[-74.7618,-48.1882],[-74.7648,-48.1697],[-74.7643,-48.1526],[-74.7529,-48.1336],[-74.7377,-48.1257],[-74.7222,-48.1305],[-74.7092,-48.1428],[-74.7015,-48.1574],[-74.6981,-48.1708],[-74.6976,-48.1843],[-74.7034,-48.1949],[-74.7185,-48.199],[-74.7286,-48.2067],[-74.7213,-48.2219],[-74.7083,-48.2335],[-74.7015,-48.2294],[-74.6962,-48.2287],[-74.6844,-48.2374],[-74.6726,-48.2509],[-74.6673,-48.2643],[-74.6794,-48.2907],[-74.68,-48.3034],[-74.6418,-48.3161],[-74.6178,-48.3338],[-74.597,-48.3559],[-74.5848,-48.3766],[-74.5869,-48.4034],[-74.6131,-48.4084],[-74.6474,-48.4078],[-74.6735,-48.4181],[-74.6356,-48.4316],[-74.618,-48.4421],[-74.6052,-48.4592],[-74.6021,-48.4753],[-74.6052,-48.528],[-74.6034,-48.5495],[-74.5994,-48.5637],[-74.5915,-48.5754],[-74.5474,-48.616],[-74.5306,-48.6218],[-74.5233,-48.6071],[-74.5265,-48.5834],[-74.5201,-48.5825],[-74.4991,-48.5832]]],[[[-74.5438,-48.322],[-74.5516,-48.3035],[-74.5558,-48.2856],[-74.5581,-48.2434],[-74.5294,-48.2099],[-74.5219,-48.1945],[-74.5438,-48.199],[-74.5558,-48.2105],[-74.5641,-48.2265],[-74.5751,-48.2407],[-74.595,-48.2468],[-74.6037,-48.2354],[-74.6018,-48.2096],[-74.5939,-48.1817],[-74.5848,-48.1642],[-74.5904,-48.163],[-74.5996,-48.1589],[-74.6052,-48.1574],[-74.5804,-48.1344],[-74.5582,-48.1223],[-74.5338,-48.1246],[-74.5028,-48.1437],[-74.4741,-48.1798],[-74.4653,-48.1853],[-74.4512,-48.19],[-74.4096,-48.2131],[-74.3814,-48.2355],[-74.3734,-48.2442],[-74.3726,-48.2532],[-74.3793,-48.2673],[-74.3909,-48.2815],[-74.4039,-48.29],[-74.4176,-48.2941],[-74.441,-48.2968],[-74.4451,-48.3007],[-74.4481,-48.3053],[-74.4544,-48.3089],[-74.4892,-48.3157],[-74.5194,-48.3332],[-74.5344,-48.3356],[-74.5438,-48.322]]],[[[-75.1608,-48.2984],[-75.1553,-48.2869],[-75.1291,-48.2729],[-75.1198,-48.261],[-75.1407,-48.263],[-75.1581,-48.2607],[-75.17,-48.2506],[-75.1744,-48.2294],[-75.1791,-48.2272],[-75.1898,-48.2252],[-75.2011,-48.221],[-75.2079,-48.2121],[-75.2045,-48.2078],[-75.1962,-48.2026],[-75.1886,-48.1952],[-75.1874,-48.1853],[-75.1953,-48.1767],[-75.2176,-48.1686],[-75.2222,-48.1608],[-75.2211,-48.1549],[-75.2176,-48.1442],[-75.2188,-48.1403],[-75.2296,-48.1267],[-75.232,-48.1181],[-75.2377,-48.1131],[-75.2442,-48.1091],[-75.2495,-48.1028],[-75.251,-48.0966],[-75.2526,-48.0825],[-75.2563,-48.0755],[-75.2563,-48.0686],[-75.1676,-48.0753],[-75.1533,-48.0787],[-75.1435,-48.0945],[-75.1205,-48.1026],[-75.0714,-48.1096],[-75.0714,-48.1028],[-75.0769,-48.0997],[-75.0797,-48.0969],[-75.0817,-48.0937],[-75.085,-48.0898],[-75.0453,-48.0932],[-75.0175,-48.083],[-74.9776,-48.0939],[-74.9101,-48.1148],[-74.8895,-48.1197],[-74.866,-48.1296],[-74.8278,-48.1455],[-74.8123,-48.1728],[-74.8045,-48.1745],[-74.8056,-48.213],[-74.8105,-48.232],[-74.8349,-48.2493],[-74.8393,-48.2704],[-74.8374,-48.3448],[-74.8413,-48.3593],[-74.8523,-48.3703],[-74.8639,-48.3742],[-74.8735,-48.3728],[-74.8828,-48.3703],[-74.8932,-48.3703],[-74.9026,-48.3747],[-74.9214,-48.388],[-74.9639,-48.4033],[-74.9987,-48.4274],[-75.0311,-48.4438],[-75.0568,-48.4327],[-75.0599,-48.4285],[-75.0624,-48.424],[-75.064,-48.4195],[-75.0668,-48.4047],[-75.0766,-48.3942],[-75.0788,-48.3874],[-75.0839,-48.3761],[-75.1198,-48.3356],[-75.1442,-48.3217],[-75.1558,-48.3122],[-75.1608,-48.2984]]],[[[-75.1499,-48.6584],[-75.1646,-48.6633],[-75.2054,-48.6998],[-75.2245,-48.7065],[-75.2396,-48.7014],[-75.2494,-48.6869],[-75.2529,-48.6656],[-75.2492,-48.657],[-75.2412,-48.651],[-75.2333,-48.6467],[-75.2296,-48.6441],[-75.2296,-48.6373],[-75.2437,-48.6374],[-75.2555,-48.6403],[-75.2662,-48.6415],[-75.2768,-48.6373],[-75.2828,-48.6305],[-75.284,-48.6236],[-75.28,-48.6169],[-75.2706,-48.6105],[-75.2825,-48.6044],[-75.2957,-48.592],[-75.3041,-48.5777],[-75.301,-48.5659],[-75.2912,-48.5527],[-75.2932,-48.5411],[-75.3147,-48.5178],[-75.3207,-48.4924],[-75.3099,-48.4614],[-75.2906,-48.4352],[-75.2706,-48.425],[-75.2706,-48.4181],[-75.3016,-48.4085],[-75.318,-48.4015],[-75.3253,-48.3942],[-75.318,-48.3632],[-75.3179,-48.3489],[-75.3284,-48.343],[-75.3368,-48.3486],[-75.3575,-48.3752],[-75.3662,-48.384],[-75.3802,-48.3903],[-75.397,-48.3946],[-75.4137,-48.3953],[-75.4276,-48.3908],[-75.4381,-48.4055],[-75.4602,-48.4166],[-75.4866,-48.423],[-75.5102,-48.425],[-75.5373,-48.4158],[-75.5542,-48.3971],[-75.555,-48.3786],[-75.5341,-48.3703],[-75.5246,-48.3686],[-75.4744,-48.3537],[-75.4307,-48.3499],[-75.4056,-48.3444],[-75.3844,-48.3313],[-75.3458,-48.3014],[-75.3458,-48.2952],[-75.3638,-48.2953],[-75.3785,-48.3015],[-75.392,-48.3098],[-75.4071,-48.3157],[-75.4027,-48.2941],[-75.3942,-48.2741],[-75.4119,-48.2835],[-75.4425,-48.3074],[-75.4618,-48.3157],[-75.4672,-48.3113],[-75.4772,-48.3061],[-75.4822,-48.3014],[-75.5107,-48.3199],[-75.5277,-48.3258],[-75.5438,-48.322],[-75.5543,-48.3077],[-75.5515,-48.2937],[-75.5414,-48.282],[-75.5307,-48.2741],[-75.4731,-48.2462],[-75.4469,-48.2267],[-75.4339,-48.199],[-75.4579,-48.2027],[-75.4961,-48.2272],[-75.5205,-48.2332],[-75.5305,-48.2314],[-75.5401,-48.2263],[-75.5449,-48.2185],[-75.5406,-48.2089],[-75.5325,-48.1993],[-75.5325,-48.1943],[-75.5541,-48.1767],[-75.5608,-48.1749],[-75.5658,-48.1713],[-75.5716,-48.1574],[-75.5716,-48.1196],[-75.5738,-48.1113],[-75.5832,-48.0974],[-75.5853,-48.0857],[-75.5511,-48.0558],[-75.5351,-48.0458],[-75.5046,-48.0313],[-75.4751,-48.0263],[-75.4618,-48.0451],[-75.4565,-48.0655],[-75.4442,-48.0585],[-75.4215,-48.0278],[-75.4062,-48.0192],[-75.3781,-48.0082],[-75.351,-48.0045],[-75.3389,-48.0175],[-75.3417,-48.0287],[-75.3509,-48.0512],[-75.3491,-48.0592],[-75.335,-48.0748],[-75.3253,-48.0898],[-75.3249,-48.0974],[-75.3257,-48.1067],[-75.3212,-48.1108],[-75.3048,-48.1028],[-75.2987,-48.1254],[-75.2809,-48.1457],[-75.2689,-48.1659],[-75.2806,-48.1886],[-75.2865,-48.196],[-75.2908,-48.2063],[-75.2899,-48.2155],[-75.2806,-48.2195],[-75.276,-48.2165],[-75.2744,-48.211],[-75.2715,-48.2078],[-75.2632,-48.2121],[-75.2609,-48.2184],[-75.2631,-48.227],[-75.2672,-48.235],[-75.2706,-48.24],[-75.2565,-48.245],[-75.2484,-48.2519],[-75.2109,-48.3129],[-75.2079,-48.3256],[-75.2039,-48.3355],[-75.1947,-48.3479],[-75.1846,-48.3588],[-75.1776,-48.3635],[-75.1648,-48.3696],[-75.1693,-48.3834],[-75.1874,-48.4113],[-75.1518,-48.4089],[-75.1343,-48.4225],[-75.1211,-48.444],[-75.0987,-48.4659],[-75.1113,-48.4704],[-75.1388,-48.4763],[-75.1499,-48.483],[-75.1448,-48.4887],[-75.1038,-48.499],[-75.0887,-48.5007],[-75.0834,-48.5077],[-75.0855,-48.5235],[-75.0924,-48.5491],[-75.0882,-48.5588],[-75.0736,-48.5825],[-75.0714,-48.5963],[-75.0828,-48.6135],[-75.1069,-48.634],[-75.1329,-48.6511],[-75.1499,-48.6584]]],[[[-75.2706,-48.0278],[-75.2317,-48.0055],[-75.2232,-47.9926],[-75.2359,-47.9724],[-75.207,-47.9169],[-75.1678,-47.8936],[-75.0879,-47.8673],[-75.0444,-47.8682],[-75.0082,-47.8682],[-74.9429,-47.8837],[-74.9213,-47.8652],[-74.9023,-47.8471],[-74.8907,-47.8287],[-74.8728,-47.8155],[-74.8541,-47.8229],[-74.8418,-47.8175],[-74.8314,-47.8108],[-74.8182,-47.8155],[-74.7883,-47.8123],[-74.7766,-47.8288],[-74.7678,-47.8541],[-74.7657,-47.8842],[-74.78,-47.9034],[-74.7886,-47.9168],[-74.8072,-47.9283],[-74.813,-47.9389],[-74.7844,-47.9495],[-74.7772,-47.9706],[-74.7842,-47.9888],[-74.8187,-47.9936],[-74.8349,-48.0079],[-74.8215,-48.0141],[-74.7844,-48.0118],[-74.7644,-48.0214],[-74.7574,-48.0425],[-74.7274,-48.1059],[-74.7933,-48.078],[-74.8521,-48.0721],[-74.8965,-48.0682],[-74.9416,-48.0558],[-74.9637,-48.047],[-75.0128,-48.0414],[-75.0335,-48.0312],[-75.0364,-48.0229],[-75.0266,-48.0055],[-75.0298,-47.9936],[-75.0387,-47.9884],[-75.0524,-47.9863],[-75.0669,-47.9863],[-75.1024,-47.9902],[-75.12,-47.9978],[-75.1346,-48.0094],[-75.1499,-48.0243],[-75.1691,-48.0339],[-75.1981,-48.04],[-75.2279,-48.0427],[-75.2495,-48.0419],[-75.255,-48.039],[-75.2706,-48.0278]]],[[[-74.4137,-47.9382],[-74.4615,-47.9363],[-74.4822,-47.9304],[-74.5028,-47.9179],[-74.4767,-47.8963],[-74.4215,-47.8603],[-74.3964,-47.8395],[-74.3642,-47.8308],[-74.3236,-47.8453],[-74.2826,-47.8661],[-74.2489,-47.8769],[-74.2609,-47.8609],[-74.2843,-47.8458],[-74.3309,-47.8222],[-74.2899,-47.8074],[-74.2452,-47.8064],[-74.0748,-47.8478],[-73.9955,-47.8536],[-73.9757,-47.8598],[-73.9314,-47.8801],[-73.9076,-47.8839],[-73.8841,-47.88],[-73.8617,-47.867],[-73.8369,-47.8569],[-73.8184,-47.8664],[-73.8089,-47.8874],[-73.8108,-47.9117],[-73.8312,-47.9382],[-73.828,-47.9373],[-73.826,-47.9411],[-73.8267,-47.947],[-73.8312,-47.9526],[-73.837,-47.9539],[-73.8617,-47.9526],[-73.9098,-47.956],[-73.923,-47.9636],[-73.93,-47.9577],[-73.9343,-47.9382],[-73.9308,-47.9402],[-73.9263,-47.9348],[-73.9223,-47.9269],[-73.9206,-47.9213],[-73.9249,-47.9159],[-73.9345,-47.9177],[-73.951,-47.9246],[-73.9634,-47.9269],[-73.9957,-47.9459],[-74.0245,-47.9539],[-74.1155,-47.9459],[-74.1302,-47.947],[-74.1671,-47.9594],[-74.3185,-47.9812],[-74.3446,-47.9724],[-74.3622,-47.962],[-74.3748,-47.9508],[-74.3896,-47.942],[-74.4137,-47.9382]]],[[[-75.1824,-47.8315],[-75.1916,-47.808],[-75.2221,-47.7921],[-75.2662,-47.7761],[-75.3048,-47.7677],[-75.3425,-47.7829],[-75.334,-47.759],[-75.3559,-47.7361],[-75.3372,-47.7214],[-75.3185,-47.7066],[-75.2948,-47.7032],[-75.2677,-47.7123],[-75.2457,-47.7237],[-75.2084,-47.7169],[-75.1864,-47.7112],[-75.1678,-47.709],[-75.1514,-47.7031],[-75.1533,-47.6988],[-75.117,-47.6794],[-75.0916,-47.6805],[-75.0764,-47.701],[-75.0628,-47.734],[-75.0594,-47.7499],[-75.0951,-47.7653],[-75.1063,-47.7663],[-75.1164,-47.7708],[-75.1232,-47.7819],[-75.1156,-47.7858],[-75.1014,-47.7839],[-75.0887,-47.7773],[-75.0771,-47.7727],[-75.069,-47.7794],[-75.044,-47.7908],[-75.0237,-47.8033],[-75.0508,-47.8227],[-75.0939,-47.8268],[-75.0987,-47.8322],[-75.1322,-47.8399],[-75.1611,-47.8376],[-75.2273,-47.8547],[-75.2205,-47.8467],[-75.1967,-47.8365],[-75.1824,-47.8315]]],[[[-74.8852,-47.7121],[-74.8614,-47.7439],[-74.868,-47.7632],[-74.9314,-47.7732],[-74.9577,-47.7748],[-74.9679,-47.7725],[-74.9848,-47.7657],[-75.0052,-47.7521],[-75.0272,-47.7385],[-75.0391,-47.7112],[-75.0544,-47.6896],[-75.0426,-47.6668],[-75.0004,-47.6622],[-74.9496,-47.6781],[-74.904,-47.6859],[-74.8852,-47.7121]]],[[[-74.4687,-47.075],[-74.4393,-47.0615],[-74.3984,-47.0495],[-74.3567,-47.045],[-74.3247,-47.0539],[-74.3164,-47.0649],[-74.3158,-47.0781],[-74.3212,-47.0912],[-74.3309,-47.1023],[-74.3429,-47.1088],[-74.3768,-47.1212],[-74.393,-47.1296],[-74.4408,-47.1638],[-74.4547,-47.1677],[-74.4669,-47.1662],[-74.4715,-47.1594],[-74.4625,-47.1476],[-74.4682,-47.1386],[-74.4838,-47.1251],[-74.4892,-47.1165],[-74.4922,-47.0989],[-74.4878,-47.0878],[-74.479,-47.0807],[-74.4687,-47.075]]],[[[-74.0746,-47.0203],[-74.0474,-47.0226],[-74.0227,-47.029],[-73.9753,-47.0476],[-74.0233,-47.0812],[-74.0299,-47.092],[-74.036,-47.1067],[-74.0504,-47.1236],[-74.0674,-47.1375],[-74.1459,-47.1712],[-74.1725,-47.1692],[-74.1829,-47.1598],[-74.1766,-47.1506],[-74.1534,-47.1506],[-74.1557,-47.1485],[-74.1636,-47.1391],[-74.1671,-47.1359],[-74.1725,-47.134],[-74.1783,-47.1329],[-74.21,-47.1314],[-74.2192,-47.1287],[-74.2265,-47.122],[-74.2307,-47.1021],[-74.2242,-47.0794],[-74.2124,-47.0578],[-74.1859,-47.023],[-74.1774,-47.0165],[-74.1671,-47.0129],[-74.1569,-47.0147],[-74.1254,-47.0256],[-74.1186,-47.0302],[-74.1112,-47.0539],[-74.0951,-47.0476],[-74.0797,-47.0302],[-74.0746,-47.0203]]],[[[-73.7251,-46.0505],[-73.712,-46.0588],[-73.6981,-46.0646],[-73.6867,-46.0728],[-73.6804,-46.0881],[-73.6841,-46.1054],[-73.7086,-46.1267],[-73.7146,-46.1396],[-73.7178,-46.1425],[-73.7248,-46.1435],[-73.7318,-46.1459],[-73.735,-46.1536],[-73.7377,-46.1718],[-73.7454,-46.1872],[-73.758,-46.197],[-73.7755,-46.1995],[-73.7921,-46.1969],[-73.8085,-46.1911],[-73.822,-46.1814],[-73.8303,-46.1667],[-73.831,-46.1638],[-73.8293,-46.152],[-73.8214,-46.1433],[-73.8097,-46.1381],[-73.8236,-46.1349],[-73.8424,-46.1296],[-73.8928,-46.0944],[-73.9271,-46.0781],[-73.9405,-46.0681],[-73.9193,-46.0276],[-73.9098,-46.0164],[-73.8965,-46.0115],[-73.8753,-46.0102],[-73.8374,-46.013],[-73.8224,-46.0198],[-73.7918,-46.0423],[-73.7794,-46.0471],[-73.7521,-46.0423],[-73.7389,-46.0427],[-73.7251,-46.0505]]],[[[-73.7077,-45.9236],[-73.7035,-45.9353],[-73.706,-45.9716],[-73.6832,-46.0177],[-73.7126,-46.0216],[-73.8195,-45.9987],[-73.8263,-45.9858],[-73.8218,-45.9689],[-73.7863,-45.9138],[-73.7721,-45.8987],[-73.7555,-45.8888],[-73.7484,-45.9189],[-73.7481,-45.9236],[-73.7389,-45.925],[-73.7163,-45.9215],[-73.7077,-45.9236]]],[[[-74.7529,-45.8075],[-74.7357,-45.8072],[-74.7211,-45.8098],[-74.713,-45.8219],[-74.7151,-45.8484],[-74.7229,-45.8655],[-74.7452,-45.9],[-74.7515,-45.9272],[-74.7629,-45.9583],[-74.7663,-45.9889],[-74.7703,-45.9987],[-74.7808,-46.0115],[-74.7965,-46.0251],[-74.8136,-46.0358],[-74.8521,-46.045],[-74.8678,-46.0566],[-74.8932,-46.0881],[-74.9197,-46.1042],[-74.9521,-46.1114],[-74.9862,-46.1121],[-75.0477,-46.1057],[-75.0629,-46.1017],[-75.0743,-46.0938],[-75.0819,-46.0815],[-75.0875,-46.0681],[-75.0945,-46.0559],[-75.1061,-46.0471],[-75.0973,-46.0344],[-75.0844,-46.0268],[-74.9888,-46.0055],[-74.9556,-46.0066],[-74.9227,-46.0144],[-74.8905,-46.0162],[-74.8591,-45.9987],[-74.8653,-45.9924],[-74.902,-46.0066],[-74.9137,-46.013],[-74.9656,-45.9828],[-74.9827,-45.9788],[-74.9941,-45.9807],[-75.0206,-45.9903],[-75.0335,-45.9924],[-75.0458,-45.9918],[-75.0788,-45.985],[-75.0709,-45.9748],[-75.059,-45.9713],[-75.0298,-45.9719],[-75.0298,-45.9645],[-75.0887,-45.9503],[-75.085,-45.9167],[-75.0902,-45.9098],[-75.1089,-45.8922],[-75.1129,-45.8857],[-75.1083,-45.8742],[-75.0966,-45.867],[-75.0819,-45.8632],[-75.068,-45.8621],[-75.0544,-45.8635],[-75.0162,-45.8757],[-74.9698,-45.8854],[-74.9581,-45.8925],[-74.9406,-45.9063],[-74.9132,-45.9211],[-74.8835,-45.9294],[-74.8591,-45.9236],[-74.8779,-45.9084],[-74.9646,-45.8708],[-74.9705,-45.8629],[-74.9615,-45.8547],[-74.9474,-45.8541],[-74.9371,-45.8617],[-74.928,-45.8712],[-74.9171,-45.8757],[-74.9069,-45.8782],[-74.897,-45.882],[-74.8894,-45.8819],[-74.8864,-45.8723],[-74.885,-45.8562],[-74.8807,-45.8543],[-74.8731,-45.8588],[-74.8622,-45.8621],[-74.836,-45.8588],[-74.8293,-45.8488],[-74.8315,-45.8317],[-74.8319,-45.8075],[-74.804,-45.8198],[-74.7939,-45.8212],[-74.7823,-45.819],[-74.7623,-45.8097],[-74.7529,-45.8075]]],[[[-73.7419,-45.7939],[-73.7163,-45.8122],[-73.7101,-45.837],[-73.7078,-45.8639],[-73.6941,-45.8888],[-73.7157,-45.886],[-73.7386,-45.8775],[-73.7632,-45.8714],[-73.7897,-45.8757],[-73.8031,-45.892],[-73.8128,-45.9152],[-73.8247,-45.9306],[-73.8449,-45.9236],[-73.8428,-45.9343],[-73.8414,-45.9382],[-73.8374,-45.944],[-73.8566,-45.9675],[-73.8831,-45.9809],[-73.911,-45.9826],[-73.9343,-45.9719],[-73.9449,-45.9397],[-73.9457,-45.9251],[-73.9405,-45.9099],[-73.9286,-45.8935],[-73.9114,-45.8753],[-73.8926,-45.8608],[-73.8759,-45.8547],[-73.8365,-45.8495],[-73.8021,-45.8359],[-73.7419,-45.7939]]],[[[-73.9268,-45.7454],[-73.9669,-45.7698],[-73.9753,-45.7802],[-73.9634,-45.7869],[-73.962,-45.7957],[-73.9654,-45.8061],[-73.9678,-45.818],[-73.9698,-45.8207],[-73.9745,-45.824],[-73.9794,-45.8283],[-73.982,-45.8347],[-73.9801,-45.8393],[-73.9701,-45.8513],[-73.9678,-45.8583],[-73.976,-45.8805],[-73.9948,-45.9028],[-74.0156,-45.914],[-74.0299,-45.9031],[-74.043,-45.8666],[-74.0497,-45.8547],[-74.0592,-45.8456],[-74.0687,-45.8386],[-74.0723,-45.8298],[-74.064,-45.815],[-74.091,-45.8146],[-74.1024,-45.7888],[-74.0946,-45.7639],[-74.064,-45.7665],[-74.0597,-45.7444],[-74.0446,-45.7385],[-74.0255,-45.7411],[-74.0088,-45.7454],[-73.9881,-45.747],[-73.9477,-45.7442],[-73.9268,-45.7454]]],[[[-74.7908,-45.6325],[-74.7499,-45.6977],[-74.7524,-45.6996],[-74.7694,-45.7045],[-74.7751,-45.7053],[-74.7971,-45.6975],[-74.8523,-45.6567],[-74.8636,-45.6525],[-74.8706,-45.6508],[-74.8752,-45.6467],[-74.879,-45.6355],[-74.8793,-45.6246],[-74.8758,-45.6135],[-74.8699,-45.6049],[-74.8622,-45.6015],[-74.8391,-45.6018],[-74.8158,-45.6052],[-74.798,-45.6144],[-74.7908,-45.6325]]],[[[-74.5544,-45.5748],[-74.5413,-45.5787],[-74.5389,-45.5875],[-74.5415,-45.5966],[-74.5438,-45.6015],[-74.5653,-45.6332],[-74.5727,-45.6541],[-74.5504,-45.6713],[-74.5541,-45.6889],[-74.5638,-45.7076],[-74.5839,-45.7353],[-74.5957,-45.7458],[-74.6115,-45.7514],[-74.6363,-45.7529],[-74.6634,-45.7509],[-74.6857,-45.7433],[-74.7005,-45.7276],[-74.7056,-45.7009],[-74.7024,-45.6739],[-74.6937,-45.6461],[-74.6797,-45.6207],[-74.6605,-45.6015],[-74.6435,-45.5943],[-74.6041,-45.5862],[-74.5813,-45.5746],[-74.5722,-45.5739],[-74.5544,-45.5748]]],[[[-74.0714,-45.6909],[-74.1009,-45.642],[-74.1073,-45.6155],[-74.1117,-45.6078],[-74.1147,-45.5997],[-74.1124,-45.5878],[-74.0841,-45.5705],[-74.0807,-45.5673],[-74.0684,-45.5597],[-74.0504,-45.5446],[-74.0306,-45.5331],[-74.0125,-45.5366],[-74.0017,-45.5434],[-73.9787,-45.5495],[-73.9678,-45.5536],[-73.945,-45.5724],[-73.9374,-45.5748],[-73.9102,-45.591],[-73.9006,-45.6284],[-73.9053,-45.6696],[-73.9206,-45.6977],[-73.9546,-45.714],[-74.0001,-45.7216],[-74.0436,-45.7155],[-74.0714,-45.6909]]],[[[-74.5028,-45.7324],[-74.4653,-45.6943],[-74.456,-45.6774],[-74.4574,-45.651],[-74.4481,-45.643],[-74.4569,-45.6315],[-74.4803,-45.6212],[-74.4923,-45.6124],[-74.4891,-45.6066],[-74.459,-45.5938],[-74.4481,-45.5878],[-74.4654,-45.5724],[-74.4696,-45.5466],[-74.4639,-45.5183],[-74.4513,-45.4953],[-74.4213,-45.4543],[-74.4039,-45.4474],[-74.3719,-45.4513],[-74.3178,-45.467],[-74.2935,-45.4791],[-74.2735,-45.4953],[-74.2574,-45.5154],[-74.2486,-45.5356],[-74.2532,-45.5535],[-74.277,-45.5673],[-74.2615,-45.5715],[-74.2413,-45.5744],[-74.225,-45.5821],[-74.2217,-45.6015],[-74.2313,-45.6142],[-74.2494,-45.6204],[-74.2899,-45.6225],[-74.2712,-45.6359],[-74.2494,-45.6349],[-74.2274,-45.631],[-74.208,-45.6355],[-74.2209,-45.6492],[-74.2301,-45.6633],[-74.2418,-45.676],[-74.2626,-45.6847],[-74.3357,-45.6878],[-74.3588,-45.6977],[-74.3376,-45.6974],[-74.3263,-45.7037],[-74.3243,-45.7138],[-74.3309,-45.7249],[-74.3416,-45.7331],[-74.4062,-45.7669],[-74.4397,-45.777],[-74.4704,-45.775],[-74.4933,-45.7478],[-74.5028,-45.7324]]],[[[-73.6662,-45.4369],[-73.6314,-45.4439],[-73.6032,-45.4577],[-73.586,-45.4802],[-73.5842,-45.5126],[-73.5874,-45.5203],[-73.5919,-45.5265],[-73.5961,-45.5334],[-73.5979,-45.5434],[-73.5968,-45.5675],[-73.5979,-45.5748],[-73.6065,-45.5896],[-73.618,-45.6051],[-73.6228,-45.6189],[-73.6115,-45.6293],[-73.6291,-45.6358],[-73.6467,-45.6349],[-73.6804,-45.6225],[-73.6696,-45.6456],[-73.6632,-45.6547],[-73.6531,-45.6635],[-73.6305,-45.6728],[-73.6189,-45.6795],[-73.6115,-45.6909],[-73.6139,-45.7146],[-73.6299,-45.7376],[-73.6539,-45.7527],[-73.6804,-45.7529],[-73.6978,-45.7293],[-73.7214,-45.7052],[-73.7681,-45.6803],[-73.776,-45.6738],[-73.7862,-45.6706],[-73.8058,-45.6572],[-73.8183,-45.6425],[-73.807,-45.6355],[-73.7419,-45.609],[-73.7419,-45.6015],[-73.7862,-45.5699],[-73.7709,-45.512],[-73.7222,-45.4578],[-73.6662,-45.4369]]],[[[-73.8859,-45.4711],[-73.8441,-45.4529],[-73.825,-45.4521],[-73.817,-45.4748],[-73.8215,-45.4926],[-73.8326,-45.5133],[-73.8705,-45.5617],[-73.8859,-45.5611],[-73.8986,-45.5589],[-73.9227,-45.549],[-73.9305,-45.5468],[-73.9562,-45.5353],[-73.9812,-45.5315],[-74.0162,-45.5195],[-74.0297,-45.5173],[-74.0606,-45.5195],[-74.0727,-45.5226],[-74.0978,-45.5368],[-74.1087,-45.54],[-74.1142,-45.545],[-74.1219,-45.568],[-74.1261,-45.5748],[-74.1426,-45.575],[-74.145,-45.558],[-74.1396,-45.5354],[-74.1329,-45.5195],[-74.1263,-45.512],[-74.1196,-45.5071],[-74.1145,-45.5006],[-74.1124,-45.4885],[-74.1066,-45.4719],[-74.0929,-45.4518],[-74.0769,-45.4338],[-74.064,-45.4233],[-74.0471,-45.4216],[-73.9894,-45.4275],[-73.9715,-45.4339],[-73.9552,-45.445],[-73.9317,-45.4576],[-73.9066,-45.4675],[-73.8859,-45.4711]]],[[[-74.5544,-45.5468],[-74.571,-45.5397],[-74.5682,-45.5237],[-74.5506,-45.4991],[-74.5198,-45.4441],[-74.4989,-45.4247],[-74.4687,-45.4172],[-74.4457,-45.4282],[-74.4549,-45.4539],[-74.4991,-45.5025],[-74.5044,-45.5281],[-74.5001,-45.5636],[-74.5013,-45.5881],[-74.5233,-45.581],[-74.5273,-45.5704],[-74.5338,-45.5593],[-74.5428,-45.5504],[-74.5544,-45.5468]]],[[[-73.8245,-45.3959],[-73.8378,-45.4098],[-73.8634,-45.4203],[-73.8937,-45.4274],[-73.9217,-45.4304],[-73.9831,-45.4207],[-74.0112,-45.4112],[-74.023,-45.3927],[-74.0089,-45.3808],[-73.9767,-45.3707],[-73.941,-45.3663],[-73.8908,-45.3766],[-73.8558,-45.3714],[-73.8282,-45.3723],[-73.8245,-45.3959]]],[[[-74.3414,-45.3377],[-74.3339,-45.3517],[-74.3295,-45.3661],[-74.3234,-45.3793],[-74.3104,-45.3893],[-74.3214,-45.3947],[-74.3331,-45.399],[-74.3453,-45.402],[-74.3575,-45.4036],[-74.378,-45.401],[-74.4892,-45.3551],[-74.5108,-45.3386],[-74.5264,-45.3155],[-74.5258,-45.295],[-74.4991,-45.2861],[-74.429,-45.2796],[-74.3893,-45.2817],[-74.3719,-45.2966],[-74.3679,-45.304],[-74.3414,-45.3377]]],[[[-73.8245,-45.2663],[-73.8097,-45.2794],[-73.7921,-45.3023],[-73.7812,-45.3242],[-73.7862,-45.3339],[-73.8148,-45.3454],[-73.8279,-45.3476],[-73.9801,-45.3494],[-73.9963,-45.3528],[-74.0123,-45.3536],[-74.0714,-45.3339],[-74.1185,-45.3283],[-74.1295,-45.324],[-74.1392,-45.3123],[-74.152,-45.2927],[-74.1629,-45.2709],[-74.1671,-45.2526],[-74.1581,-45.2355],[-74.1386,-45.2287],[-74.1152,-45.2242],[-74.0704,-45.2043],[-74.0543,-45.2145],[-74.0299,-45.2526],[-73.9861,-45.2708],[-73.8728,-45.2608],[-73.8245,-45.2663]]],[[[-74.2735,-45.2079],[-74.2709,-45.2159],[-74.2768,-45.2206],[-74.2899,-45.2253],[-74.2991,-45.2724],[-74.3075,-45.2945],[-74.3253,-45.3023],[-74.3385,-45.2986],[-74.3932,-45.2682],[-74.4055,-45.2589],[-74.4151,-45.247],[-74.4203,-45.2321],[-74.4197,-45.1998],[-74.4083,-45.172],[-74.3876,-45.1552],[-74.3588,-45.1564],[-74.3432,-45.1648],[-74.3036,-45.198],[-74.2965,-45.2008],[-74.2797,-45.2043],[-74.2735,-45.2079]]],[[[-73.7319,-45.2148],[-73.7422,-45.2356],[-73.7318,-45.2673],[-73.7419,-45.28],[-73.768,-45.2846],[-73.7899,-45.2735],[-73.8097,-45.2564],[-73.8301,-45.2431],[-73.8428,-45.2397],[-73.8696,-45.2382],[-73.9625,-45.2491],[-73.9896,-45.2458],[-74.0074,-45.2321],[-74.027,-45.1921],[-74.0398,-45.1837],[-74.058,-45.1751],[-74.0841,-45.1401],[-74.105,-45.1359],[-74.1114,-45.1412],[-74.1158,-45.1503],[-74.1217,-45.1591],[-74.1329,-45.1633],[-74.1436,-45.1574],[-74.1572,-45.1467],[-74.1689,-45.1417],[-74.1739,-45.153],[-74.1836,-45.1695],[-74.2055,-45.1694],[-74.2287,-45.1601],[-74.2422,-45.1496],[-74.2501,-45.1096],[-74.2354,-45.0724],[-74.2069,-45.0427],[-74.1739,-45.0261],[-74.1494,-45.0236],[-74.0746,-45.0335],[-74.0633,-45.0313],[-74.0443,-45.0216],[-74.0329,-45.0192],[-73.9892,-45.0207],[-73.9753,-45.0192],[-73.9539,-45.0125],[-73.9147,-44.9953],[-73.8893,-44.9919],[-73.8661,-44.9946],[-73.8456,-45.0012],[-73.7781,-45.0388],[-73.7698,-45.0466],[-73.7596,-45.0621],[-73.7607,-45.068],[-73.7664,-45.071],[-73.7698,-45.0776],[-73.7599,-45.0859],[-73.7379,-45.0978],[-73.7146,-45.1142],[-73.7015,-45.1359],[-73.7008,-45.1606],[-73.7069,-45.1813],[-73.7179,-45.1992],[-73.7319,-45.2148]]],[[[-74.2701,-44.9441],[-74.2533,-44.9323],[-74.2114,-44.8858],[-74.1883,-44.8691],[-74.1637,-44.8647],[-74.1383,-44.8683],[-74.042,-44.8938],[-73.9866,-44.8977],[-73.9696,-44.904],[-73.9405,-44.9299],[-73.9167,-44.9444],[-73.9132,-44.9504],[-73.9178,-44.9565],[-73.9381,-44.9692],[-73.9439,-44.9714],[-73.9549,-44.9737],[-73.9757,-44.983],[-73.9857,-44.9851],[-73.9976,-44.9831],[-74.024,-44.9741],[-74.0432,-44.9701],[-74.0561,-44.9656],[-74.064,-44.964],[-74.0602,-44.9723],[-74.0539,-44.9792],[-74.036,-44.9919],[-74.0658,-44.9988],[-74.1875,-44.9919],[-74.2167,-45.002],[-74.2484,-45.0177],[-74.2801,-45.0274],[-74.3096,-45.0196],[-74.3363,-45.0188],[-74.3569,-45.0115],[-74.3636,-44.9972],[-74.3483,-44.9749],[-74.3313,-44.9645],[-74.2701,-44.9441]]],[[[-73.9616,-44.8102],[-73.9737,-44.8346],[-74.0033,-44.8478],[-74.0393,-44.8531],[-74.0714,-44.8542],[-74.0973,-44.8416],[-74.1763,-44.8185],[-74.1875,-44.8063],[-74.1663,-44.8007],[-74.0386,-44.7834],[-74.0099,-44.7732],[-73.9957,-44.7721],[-73.9733,-44.7756],[-73.9635,-44.7805],[-73.9613,-44.7907],[-73.9616,-44.8102]]],[[[-73.9305,-44.7892],[-73.9105,-44.775],[-73.8978,-44.7687],[-73.8859,-44.7654],[-73.8545,-44.7687],[-73.8368,-44.7841],[-73.817,-44.8342],[-73.7623,-44.9299],[-73.7787,-44.9464],[-73.7946,-44.9568],[-73.8137,-44.9609],[-73.8397,-44.9586],[-73.8832,-44.9282],[-73.9237,-44.8927],[-73.9289,-44.881],[-73.9303,-44.8652],[-73.9267,-44.8544],[-73.9169,-44.8578],[-73.8899,-44.8827],[-73.8754,-44.891],[-73.8579,-44.8957],[-73.8688,-44.8883],[-73.8777,-44.878],[-73.8837,-44.8673],[-73.8887,-44.8438],[-73.8965,-44.8376],[-73.9076,-44.8339],[-73.9206,-44.8274],[-73.9309,-44.8206],[-73.9391,-44.8129],[-73.9406,-44.8029],[-73.9305,-44.7892]]],[[[-75.0915,-44.7961],[-75.0633,-44.8309],[-75.0217,-44.8437],[-75.0265,-44.853],[-75.0425,-44.8704],[-75.035,-44.8899],[-75.0313,-44.904],[-75.0511,-44.906],[-75.0692,-44.9201],[-75.0852,-44.9234],[-75.1098,-44.926],[-75.1306,-44.9259],[-75.1524,-44.9212],[-75.1647,-44.9138],[-75.1589,-44.9051],[-75.1483,-44.8904],[-75.1464,-44.8783],[-75.1549,-44.8649],[-75.1851,-44.8388],[-75.2002,-44.8166],[-75.1983,-44.8072],[-75.1746,-44.7832],[-75.1472,-44.7638],[-75.1132,-44.7665],[-75.1,-44.7766],[-75.0915,-44.7961]]],[[[-73.6047,-44.7449],[-73.6049,-44.7581],[-73.6223,-44.7802],[-73.6221,-44.7892],[-73.6134,-44.8127],[-73.6273,-44.8298],[-73.6524,-44.8391],[-73.6773,-44.8403],[-73.7013,-44.8338],[-73.7283,-44.8211],[-73.7493,-44.8028],[-73.7555,-44.7796],[-73.7417,-44.7547],[-73.7178,-44.7517],[-73.6896,-44.7532],[-73.6631,-44.7419],[-73.6503,-44.7345],[-73.633,-44.7315],[-73.6163,-44.7343],[-73.6047,-44.7449]]],[[[-74.3414,-44.8063],[-74.3317,-44.8129],[-74.3179,-44.8271],[-74.3124,-44.8414],[-74.3278,-44.8479],[-74.3935,-44.857],[-74.4103,-44.851],[-74.4237,-44.843],[-74.4559,-44.8351],[-74.4694,-44.8268],[-74.4748,-44.8196],[-74.4884,-44.7945],[-74.5251,-44.754],[-74.5277,-44.7433],[-74.5229,-44.7336],[-74.5096,-44.725],[-74.4908,-44.7197],[-74.4656,-44.7162],[-74.4417,-44.7154],[-74.4271,-44.7182],[-74.4189,-44.7291],[-74.4127,-44.7459],[-74.4087,-44.7633],[-74.4072,-44.776],[-74.3988,-44.7877],[-74.3792,-44.7973],[-74.3572,-44.8039],[-74.3414,-44.8063]]],[[[-74.4823,-44.6363],[-74.4693,-44.6391],[-74.4607,-44.6471],[-74.4559,-44.6588],[-74.4544,-44.6735],[-74.4584,-44.69],[-74.469,-44.6972],[-74.4844,-44.6984],[-74.5671,-44.693],[-74.5933,-44.6822],[-74.6087,-44.684],[-74.6247,-44.6881],[-74.6387,-44.6894],[-74.6523,-44.6862],[-74.6635,-44.6799],[-74.6695,-44.6702],[-74.6673,-44.6562],[-74.661,-44.6537],[-74.628,-44.6282],[-74.6227,-44.622],[-74.5701,-44.62],[-74.5506,-44.622],[-74.4982,-44.6345],[-74.4823,-44.6363]]],[[[-73.9268,-44.6288],[-73.8931,-44.6603],[-73.8776,-44.6806],[-73.8759,-44.694],[-73.9678,-44.7045],[-74.0118,-44.7165],[-74.0932,-44.7534],[-74.1957,-44.7784],[-74.2473,-44.8012],[-74.2587,-44.8045],[-74.2694,-44.8054],[-74.2797,-44.8038],[-74.3205,-44.7898],[-74.3396,-44.7792],[-74.356,-44.7651],[-74.3688,-44.7475],[-74.3729,-44.7253],[-74.3608,-44.7133],[-74.3401,-44.7091],[-74.3179,-44.7101],[-74.3179,-44.7045],[-74.3355,-44.7048],[-74.407,-44.6943],[-74.4138,-44.686],[-74.4134,-44.6528],[-74.4005,-44.6261],[-74.3695,-44.6213],[-74.2974,-44.6288],[-74.3068,-44.6164],[-74.2921,-44.608],[-74.2672,-44.6031],[-74.0256,-44.6031],[-73.9713,-44.611],[-73.9268,-44.6288]]],[[[-74.7772,-44.5812],[-74.7415,-44.5724],[-74.7325,-44.5932],[-74.7391,-44.6266],[-74.7499,-44.6562],[-74.7478,-44.6656],[-74.764,-44.6733],[-74.7867,-44.6769],[-74.8039,-44.6738],[-74.8189,-44.6557],[-74.8258,-44.631],[-74.8271,-44.6044],[-74.8249,-44.5812],[-74.8148,-44.5585],[-74.7982,-44.5488],[-74.783,-44.5551],[-74.7772,-44.5812]]],[[[-73.66,-44.6765],[-73.6405,-44.677],[-73.6266,-44.6752],[-73.6147,-44.6769],[-73.6013,-44.6872],[-73.5915,-44.7067],[-73.6029,-44.7158],[-73.6247,-44.7182],[-73.646,-44.7182],[-73.7132,-44.7371],[-73.7525,-44.7414],[-73.7698,-44.725],[-73.7871,-44.7038],[-73.8379,-44.6643],[-73.8443,-44.6525],[-73.8312,-44.6425],[-73.8207,-44.6534],[-73.8165,-44.6374],[-73.817,-44.6137],[-73.8207,-44.6015],[-73.8271,-44.5944],[-73.8214,-44.5787],[-73.8094,-44.5622],[-73.7965,-44.5532],[-73.7768,-44.5517],[-73.7552,-44.5528],[-73.7345,-44.5517],[-73.718,-44.5436],[-73.6995,-44.5368],[-73.6799,-44.5449],[-73.6632,-44.5597],[-73.6531,-44.5737],[-73.6736,-44.5737],[-73.6632,-44.5866],[-73.6334,-44.6081],[-73.6252,-44.622],[-73.6269,-44.6406],[-73.6368,-44.6537],[-73.6495,-44.6646],[-73.66,-44.6765]]],[[[-74.1937,-44.4923],[-74.1769,-44.5038],[-74.1544,-44.539],[-74.1329,-44.547],[-74.1542,-44.5597],[-74.2489,-44.5667],[-74.3009,-44.5778],[-74.3263,-44.5797],[-74.3446,-44.5737],[-74.3582,-44.5592],[-74.3689,-44.5411],[-74.3684,-44.5256],[-74.3284,-44.5147],[-74.2943,-44.4994],[-74.2544,-44.506],[-74.212,-44.4934],[-74.1937,-44.4923]]],[[[-74.036,-44.4985],[-74.0589,-44.476],[-74.1437,-44.4581],[-74.1671,-44.4303],[-74.154,-44.4325],[-74.1449,-44.4382],[-74.1366,-44.445],[-74.1261,-44.4506],[-74.1139,-44.4534],[-74.0162,-44.4568],[-74.0048,-44.4601],[-73.9822,-44.4692],[-73.9715,-44.4713],[-73.9574,-44.4793],[-73.9503,-44.499],[-73.9473,-44.5436],[-73.9596,-44.5514],[-73.9884,-44.5541],[-74.0459,-44.5532],[-74.0707,-44.552],[-74.1016,-44.5455],[-74.1265,-44.5343],[-74.1329,-44.519],[-74.1182,-44.5117],[-74.036,-44.4985]]],[[[-74.393,-44.547],[-74.421,-44.5466],[-74.494,-44.5359],[-74.5233,-44.5265],[-74.5406,-44.502],[-74.5477,-44.4767],[-74.5411,-44.4538],[-74.5171,-44.4371],[-74.503,-44.4345],[-74.4388,-44.4391],[-74.43,-44.4456],[-74.4252,-44.4563],[-74.4203,-44.4713],[-74.3656,-44.4114],[-74.3483,-44.4023],[-74.3211,-44.3954],[-74.3064,-44.3937],[-74.2855,-44.4031],[-74.2681,-44.4064],[-74.2595,-44.4129],[-74.239,-44.4401],[-74.2231,-44.4674],[-74.2401,-44.4781],[-74.3036,-44.4848],[-74.3568,-44.4991],[-74.4203,-44.5053],[-74.4107,-44.5143],[-74.4027,-44.5245],[-74.3966,-44.5353],[-74.393,-44.547]]],[[[-73.7897,-44.4228],[-73.7829,-44.443],[-73.7972,-44.4545],[-73.8205,-44.4605],[-73.867,-44.4661],[-73.8885,-44.4601],[-73.9041,-44.4449],[-73.9119,-44.4194],[-73.911,-44.3967],[-73.9028,-44.3784],[-73.8877,-44.3692],[-73.8654,-44.3749],[-73.8536,-44.3853],[-73.847,-44.4045],[-73.838,-44.4129],[-73.8249,-44.4166],[-73.7989,-44.4176],[-73.7897,-44.4228]]],[[[-73.3825,-44.5878],[-73.3756,-44.5915],[-73.3594,-44.6088],[-73.3514,-44.6152],[-73.319,-44.603],[-73.3105,-44.6015],[-73.2974,-44.6061],[-73.2706,-44.6247],[-73.251,-44.6319],[-73.2464,-44.6373],[-73.2412,-44.6393],[-73.2317,-44.6326],[-73.2262,-44.6205],[-73.2334,-44.6126],[-73.2552,-44.6015],[-73.2674,-44.586],[-73.2797,-44.5629],[-73.2805,-44.5418],[-73.2587,-44.5326],[-73.2367,-44.5356],[-73.1592,-44.5704],[-73.149,-44.5717],[-73.1392,-44.5667],[-73.1324,-44.5563],[-73.1316,-44.5452],[-73.137,-44.5363],[-73.1491,-44.5326],[-73.1728,-44.5309],[-73.2239,-44.52],[-73.2416,-44.5121],[-73.2612,-44.4772],[-73.2462,-44.4372],[-73.2103,-44.4089],[-73.1671,-44.4091],[-73.161,-44.415],[-73.1466,-44.4356],[-73.1392,-44.4433],[-73.1384,-44.4387],[-73.1368,-44.4361],[-73.1345,-44.4339],[-73.1227,-44.4343],[-73.1112,-44.4325],[-73.1,-44.4277],[-73.0846,-44.4303],[-73.0721,-44.4407],[-73.0504,-44.4714],[-73.0362,-44.4848],[-73.0482,-44.4455],[-73.0498,-44.4337],[-73.0548,-44.4186],[-73.0665,-44.4152],[-73.0802,-44.413],[-73.0908,-44.4023],[-73.0838,-44.3845],[-73.0205,-44.3741],[-73.002,-44.3613],[-72.9792,-44.3744],[-72.9535,-44.3945],[-72.9332,-44.4169],[-72.9263,-44.4371],[-72.9339,-44.4509],[-72.9809,-44.5121],[-72.9556,-44.5136],[-72.9058,-44.4527],[-72.8723,-44.4371],[-72.8517,-44.4404],[-72.8097,-44.4539],[-72.7863,-44.4568],[-72.7689,-44.4666],[-72.7466,-44.5092],[-72.7311,-44.519],[-72.7212,-44.528],[-72.7298,-44.5484],[-72.7452,-44.5695],[-72.8011,-44.6288],[-72.8133,-44.6363],[-72.9008,-44.631],[-72.9413,-44.6204],[-72.9809,-44.6015],[-72.9774,-44.6223],[-72.9626,-44.6329],[-72.9424,-44.6404],[-72.9229,-44.6528],[-72.9023,-44.6616],[-72.8474,-44.6676],[-72.8313,-44.6765],[-72.8376,-44.7101],[-72.8768,-44.7414],[-72.9682,-44.7877],[-73.0076,-44.8132],[-73.0156,-44.8237],[-73.02,-44.8278],[-73.0297,-44.8305],[-73.0392,-44.8351],[-73.047,-44.851],[-73.0548,-44.8581],[-73.1475,-44.9119],[-73.1901,-44.9274],[-73.257,-44.94],[-73.2758,-44.9394],[-73.2914,-44.9324],[-73.303,-44.9162],[-73.3651,-44.8684],[-73.3931,-44.8414],[-73.4076,-44.8224],[-73.403,-44.8137],[-73.36,-44.815],[-73.3446,-44.8102],[-73.3273,-44.7965],[-73.3075,-44.7859],[-73.2884,-44.7898],[-73.2552,-44.8137],[-73.2439,-44.809],[-73.2196,-44.8041],[-73.2074,-44.8001],[-73.2074,-44.7927],[-73.2183,-44.7905],[-73.2996,-44.7586],[-73.3065,-44.7613],[-73.3378,-44.7796],[-73.3588,-44.789],[-73.3694,-44.7917],[-73.3825,-44.7927],[-73.3934,-44.7887],[-73.4007,-44.7789],[-73.4048,-44.7665],[-73.4061,-44.7551],[-73.4094,-44.7465],[-73.4334,-44.725],[-73.4426,-44.7068],[-73.4557,-44.6617],[-73.4681,-44.6425],[-73.4272,-44.601],[-73.4166,-44.5947],[-73.4072,-44.5935],[-73.3913,-44.589],[-73.3825,-44.5878]]],[[[-73.7265,-44.4251],[-73.7897,-44.3824],[-73.746,-44.3637],[-73.7319,-44.3613],[-73.6978,-44.3613],[-73.6902,-44.359],[-73.6821,-44.3489],[-73.6736,-44.3469],[-73.6541,-44.3508],[-73.6514,-44.3588],[-73.6563,-44.3704],[-73.66,-44.3855],[-73.6694,-44.3884],[-73.7288,-44.3886],[-73.6967,-44.3982],[-73.6805,-44.4075],[-73.6736,-44.4196],[-73.6787,-44.4345],[-73.6915,-44.4379],[-73.7086,-44.4335],[-73.7265,-44.4251]]],[[[-74.0299,-44.3546],[-74.0022,-44.3562],[-73.9506,-44.3486],[-73.9268,-44.3546],[-73.9346,-44.3792],[-73.9289,-44.4312],[-73.9405,-44.4506],[-73.988,-44.419],[-74.0063,-44.413],[-74.0311,-44.4094],[-74.043,-44.4057],[-74.0632,-44.3922],[-74.0815,-44.384],[-74.0907,-44.3749],[-74.0962,-44.3649],[-74.1059,-44.339],[-74.1124,-44.3272],[-74.0914,-44.3202],[-74.0705,-44.3292],[-74.05,-44.3438],[-74.0299,-44.3546]]],[[[-73.2628,-44.3884],[-73.2832,-44.3815],[-73.2985,-44.3681],[-73.3027,-44.3497],[-73.29,-44.3272],[-73.2827,-44.322],[-73.258,-44.3092],[-73.249,-44.3067],[-73.244,-44.3103],[-73.2145,-44.324],[-73.2106,-44.3238],[-73.1772,-44.3678],[-73.1767,-44.3749],[-73.2628,-44.3884]]],[[[-73.8654,-44.3341],[-73.8961,-44.3347],[-73.9325,-44.3285],[-73.9626,-44.3139],[-73.9753,-44.2896],[-73.9629,-44.2838],[-73.8797,-44.2992],[-73.8511,-44.2963],[-73.8412,-44.2898],[-73.8374,-44.2756],[-73.8347,-44.2717],[-73.8282,-44.2683],[-73.8204,-44.266],[-73.8138,-44.2651],[-73.8057,-44.2664],[-73.8038,-44.2701],[-73.8035,-44.2756],[-73.7891,-44.3095],[-73.8075,-44.3251],[-73.8385,-44.3323],[-73.8654,-44.3341]]],[[[-74.3866,-44.2499],[-74.3665,-44.2468],[-74.3439,-44.2462],[-74.322,-44.2494],[-74.3036,-44.2582],[-74.2913,-44.2768],[-74.29,-44.2973],[-74.2982,-44.3095],[-74.3141,-44.303],[-74.3384,-44.2963],[-74.3771,-44.2926],[-74.4099,-44.2844],[-74.4169,-44.2649],[-74.4115,-44.2586],[-74.4035,-44.2545],[-74.3866,-44.2499]]],[[[-73.7419,-44.2651],[-73.6984,-44.2419],[-73.6757,-44.2413],[-73.6662,-44.2651],[-73.6754,-44.2779],[-73.6969,-44.2931],[-73.722,-44.3028],[-73.7419,-44.2992],[-73.7574,-44.2824],[-73.7597,-44.2629],[-73.7532,-44.2529],[-73.7419,-44.2651]]],[[[-74.1087,-44.2275],[-74.1263,-44.2003],[-74.1105,-44.1891],[-74.0791,-44.1896],[-74.0497,-44.1969],[-74.0497,-44.19],[-74.0579,-44.1825],[-74.0682,-44.1686],[-74.0729,-44.155],[-74.0643,-44.149],[-74.049,-44.1529],[-74.0364,-44.1623],[-73.9961,-44.2014],[-73.9842,-44.2079],[-73.9152,-44.2153],[-73.9029,-44.2208],[-73.8936,-44.2394],[-73.9142,-44.2424],[-73.9463,-44.2414],[-73.9715,-44.2481],[-73.9849,-44.254],[-73.9982,-44.254],[-74.0093,-44.2573],[-74.0162,-44.2726],[-74.0138,-44.2853],[-73.9896,-44.3272],[-74.0179,-44.3277],[-74.0314,-44.3259],[-74.0435,-44.3204],[-74.0944,-44.2824],[-74.1007,-44.2697],[-74.1022,-44.24],[-74.1087,-44.2275]]],[[[-74.277,-44.149],[-74.2695,-44.155],[-74.2612,-44.1645],[-74.2582,-44.1731],[-74.2663,-44.1769],[-74.3374,-44.1899],[-74.3856,-44.1596],[-74.3773,-44.1506],[-74.3578,-44.1456],[-74.2962,-44.1433],[-74.2861,-44.1452],[-74.277,-44.149]]],[[[-73.8828,-44.1183],[-73.8679,-44.1313],[-73.8646,-44.1393],[-73.8759,-44.1428],[-73.8786,-44.1443],[-73.8804,-44.148],[-73.881,-44.1523],[-73.8797,-44.1559],[-73.8717,-44.1608],[-73.8655,-44.1586],[-73.8594,-44.155],[-73.8517,-44.1559],[-73.8419,-44.1586],[-73.8357,-44.1581],[-73.8323,-44.1608],[-73.8312,-44.1729],[-73.8357,-44.183],[-73.8463,-44.1902],[-73.8592,-44.1948],[-73.8704,-44.1965],[-73.9114,-44.1941],[-73.9524,-44.1863],[-73.9888,-44.1702],[-74.0162,-44.1428],[-73.9527,-44.1048],[-73.9176,-44.0984],[-73.8828,-44.1183]]],[[[-74.2974,-44.0119],[-74.2774,-44.0119],[-74.208,-44.0193],[-74.2983,-44.0319],[-74.307,-44.0292],[-74.3145,-44.0212],[-74.3168,-44.0165],[-74.3118,-44.0139],[-74.2974,-44.0119]]],[[[-73.745,-43.9535],[-73.7283,-43.9407],[-73.7113,-43.9372],[-73.7019,-43.9444],[-73.7077,-43.964],[-73.69,-43.968],[-73.669,-43.9781],[-73.65,-43.9914],[-73.6388,-44.0051],[-73.6393,-44.0195],[-73.649,-44.0281],[-73.6555,-44.0374],[-73.6463,-44.0534],[-73.6164,-44.0725],[-73.6102,-44.0851],[-73.619,-44.1081],[-73.6334,-44.1238],[-73.6505,-44.1319],[-73.6654,-44.1298],[-73.6736,-44.1149],[-73.6681,-44.0944],[-73.6719,-44.0807],[-73.6835,-44.0704],[-73.7091,-44.0562],[-73.724,-44.0505],[-73.7288,-44.0466],[-73.7318,-44.0382],[-73.7336,-44.0175],[-73.7384,-44.0085],[-73.7484,-43.9977],[-73.755,-43.9853],[-73.755,-43.9709],[-73.745,-43.9535]]],[[[-73.2279,-44.0119],[-73.2398,-44.0014],[-73.2751,-43.9941],[-73.2826,-43.9815],[-73.2865,-43.9501],[-73.2842,-43.9357],[-73.2726,-43.9194],[-73.2497,-43.903],[-73.2175,-43.8881],[-73.1847,-43.8795],[-73.1597,-43.8815],[-73.1443,-43.8925],[-73.1408,-43.9036],[-73.1454,-43.9333],[-73.1488,-43.9452],[-73.1637,-43.9713],[-73.1671,-43.9815],[-73.1612,-43.9977],[-73.1518,-44.0079],[-73.1516,-44.0158],[-73.1733,-44.0256],[-73.187,-44.0265],[-73.2033,-44.0236],[-73.2183,-44.0182],[-73.2279,-44.0119]]],[[[-74.1439,-43.8276],[-74.1165,-43.8096],[-74.0452,-43.7961],[-73.9958,-43.8139],[-73.9673,-43.8288],[-73.9132,-43.8132],[-73.921,-43.7992],[-73.9028,-43.7937],[-73.8779,-43.7922],[-73.8654,-43.7893],[-73.866,-43.7702],[-73.8651,-43.7626],[-73.8582,-43.7668],[-73.7933,-43.829],[-73.7751,-43.8557],[-73.7623,-43.8889],[-73.8465,-43.8919],[-73.8722,-43.8889],[-73.9075,-43.8737],[-73.9132,-43.8679],[-73.9042,-43.86],[-73.8754,-43.8583],[-73.8654,-43.8473],[-73.8935,-43.8403],[-73.9285,-43.8408],[-73.9594,-43.8498],[-73.9753,-43.8679],[-73.9563,-43.8813],[-73.9193,-43.8956],[-73.9064,-43.9094],[-73.9317,-43.9129],[-73.9703,-43.9343],[-73.9957,-43.9367],[-74.007,-43.9298],[-74.0157,-43.9197],[-74.0211,-43.9089],[-74.023,-43.8986],[-74.0319,-43.893],[-74.0517,-43.8948],[-74.0839,-43.902],[-74.1379,-43.8908],[-74.1496,-43.8852],[-74.1609,-43.8764],[-74.1654,-43.8751],[-74.1664,-43.873],[-74.1671,-43.861],[-74.1662,-43.8538],[-74.1491,-43.844],[-74.1439,-43.8276]]],[[[-74.8182,-43.635],[-74.8147,-43.618],[-74.8245,-43.5946],[-74.8273,-43.5718],[-74.825,-43.5624],[-74.8104,-43.5665],[-74.7844,-43.5753],[-74.7627,-43.5706],[-74.7449,-43.5659],[-74.7409,-43.5513],[-74.7451,-43.536],[-74.7379,-43.5302],[-74.7153,-43.5331],[-74.6958,-43.5407],[-74.6811,-43.553],[-74.6482,-43.554],[-74.6182,-43.578],[-74.5827,-43.5977],[-74.5575,-43.6274],[-74.5784,-43.6357],[-74.6727,-43.6394],[-74.7227,-43.6529],[-74.7382,-43.6717],[-74.7585,-43.6769],[-74.7754,-43.6746],[-74.7899,-43.6583],[-74.8182,-43.635]]],[[[-74.6499,-47.7977],[-74.6287,-47.8008],[-74.5955,-47.8048],[-74.5578,-47.8068],[-74.5262,-47.8129],[-74.5202,-47.8381],[-74.5247,-47.8684],[-74.5457,-47.8724],[-74.594,-47.8644],[-74.6212,-47.8786],[-74.6243,-47.9049],[-74.6213,-47.9211],[-74.644,-47.9231],[-74.6591,-47.9019],[-74.6742,-47.8908],[-74.6878,-47.8624],[-74.6892,-47.8341],[-74.6892,-47.8139],[-74.6499,-47.7977]]],[[[-75.3231,-46.6851],[-75.2816,-46.6839],[-75.2521,-46.6815],[-75.2191,-46.6744],[-75.174,-46.678],[-75.1462,-46.697],[-75.1357,-46.7268],[-75.1218,-46.747],[-75.1322,-46.778],[-75.1618,-46.7816],[-75.207,-46.7518],[-75.2504,-46.7435],[-75.2661,-46.7244],[-75.3077,-46.7137],[-75.3423,-46.7017],[-75.3231,-46.6851]]]]}},{"type":"Feature","properties":{"id":"CHL-2695","name":"Antofagasta","nameBn":"আন্তুফাগাস্তা অঞ্চল","type":"Region","bounds":[-70.74,-26.0286,-67.014,-20.9277],"center":[-68.8739,-23.3178]},"geometry":{"type":"Polygon","coordinates":[[[-68.5316,-20.9277],[-68.5102,-20.9402],[-68.496,-20.9416],[-68.4539,-20.9398],[-68.4321,-20.945],[-68.4163,-20.9598],[-68.2075,-21.2843],[-68.1937,-21.3285],[-68.1984,-21.5719],[-68.1906,-21.6064],[-68.1284,-21.7123],[-68.1076,-21.7896],[-68.0962,-21.954],[-68.092,-21.9684],[-68.0827,-21.9803],[-68.0588,-22.0008],[-68.0102,-22.0449],[-67.9902,-22.0576],[-67.9726,-22.0788],[-67.9606,-22.1029],[-67.9572,-22.1246],[-67.9606,-22.1337],[-67.9733,-22.1504],[-67.9766,-22.1598],[-67.973,-22.1706],[-67.945,-22.2083],[-67.936,-22.2323],[-67.9348,-22.2517],[-67.9522,-22.3141],[-67.9519,-22.3341],[-67.9453,-22.3542],[-67.9069,-22.4201],[-67.8982,-22.4415],[-67.8897,-22.4912],[-67.8592,-22.5473],[-67.8587,-22.5668],[-67.8913,-22.7157],[-67.8915,-22.7929],[-67.8871,-22.8187],[-67.8763,-22.8336],[-67.8379,-22.8408],[-67.833,-22.8401],[-67.8113,-22.8716],[-67.8036,-22.8787],[-67.7714,-22.8887],[-67.6168,-22.8973],[-67.5471,-22.8925],[-67.5103,-22.8858],[-67.1939,-22.8222],[-67.014,-23.0007],[-67.0195,-23.0319],[-67.0373,-23.0854],[-67.1075,-23.2978],[-67.1777,-23.5102],[-67.2479,-23.7227],[-67.2513,-23.7331],[-67.2847,-23.8341],[-67.3181,-23.9352],[-67.3398,-24.0006],[-67.3624,-24.0304],[-67.4123,-24.0556],[-67.4522,-24.0696],[-67.4612,-24.0729],[-67.4812,-24.0801],[-67.5012,-24.0871],[-67.5103,-24.0904],[-67.6352,-24.1415],[-67.7602,-24.1927],[-67.8852,-24.2439],[-68.0102,-24.2951],[-68.0605,-24.3144],[-68.1106,-24.3338],[-68.1608,-24.3531],[-68.2111,-24.3725],[-68.2445,-24.3854],[-68.2624,-24.3968],[-68.2671,-24.4042],[-68.2768,-24.4323],[-68.314,-24.4873],[-68.3268,-24.4982],[-68.3449,-24.4998],[-68.3624,-24.4942],[-68.3798,-24.4911],[-68.3977,-24.5005],[-68.4377,-24.5797],[-68.4444,-24.6102],[-68.4515,-24.6293],[-68.4628,-24.6233],[-68.4818,-24.5988],[-68.4955,-24.6018],[-68.5037,-24.6123],[-68.508,-24.6268],[-68.5102,-24.6413],[-68.5213,-24.6753],[-68.5724,-24.7699],[-68.5786,-24.7917],[-68.578,-24.8087],[-68.5552,-24.8622],[-68.551,-24.8688],[-68.5416,-24.8774],[-68.5176,-24.8901],[-68.5102,-24.8955],[-68.4899,-24.8958],[-68.4793,-24.8996],[-68.4731,-24.9079],[-68.4657,-24.9221],[-68.4668,-24.9231],[-68.4686,-24.927],[-68.4696,-24.932],[-68.4691,-24.9368],[-68.4651,-24.9414],[-68.4539,-24.9493],[-68.45,-24.9539],[-68.4449,-24.9616],[-68.4398,-24.9676],[-68.4374,-24.9741],[-68.4401,-24.9837],[-68.4435,-25.0211],[-68.4205,-25.0512],[-68.389,-25.0775],[-68.3674,-25.1034],[-68.3666,-25.1234],[-68.3792,-25.1368],[-68.3992,-25.1448],[-68.4208,-25.1487],[-68.4419,-25.1481],[-68.4584,-25.1449],[-68.474,-25.1454],[-68.493,-25.1559],[-68.4965,-25.16],[-68.516,-25.1836],[-68.5542,-25.2912],[-68.555,-25.2913],[-68.5766,-25.2953],[-68.5918,-25.3015],[-68.6146,-25.3162],[-68.6674,-25.359],[-68.6898,-25.3709],[-68.7167,-25.3794],[-68.7532,-25.3835],[-68.7864,-25.3813],[-68.8356,-25.3711],[-68.858,-25.3699],[-68.8843,-25.3722],[-68.9292,-25.3801],[-69.0002,-25.3827],[-69.0055,-25.385],[-69.0116,-25.3905],[-69.0177,-25.4029],[-69.0185,-25.4152],[-69.015,-25.4262],[-69.0093,-25.4353],[-69.0007,-25.4467],[-68.9985,-25.4505],[-68.9955,-25.4575],[-68.9938,-25.4689],[-68.9943,-25.4796],[-68.9977,-25.4908],[-68.9998,-25.4955],[-69.0237,-25.5274],[-69.0631,-25.5916],[-69.07,-25.6077],[-69.0759,-25.6263],[-69.0795,-25.6495],[-69.441,-25.6799],[-69.5683,-25.648],[-69.7114,-25.6608],[-69.7687,-25.6926],[-69.8832,-25.7467],[-70.0137,-25.7594],[-70.0551,-25.7213],[-70.1473,-25.7371],[-70.2714,-25.8262],[-70.3223,-25.8167],[-70.3987,-25.8231],[-70.5514,-25.9217],[-70.6266,-26.0251],[-70.6345,-26.0286],[-70.6346,-26.0286],[-70.6307,-26.0095],[-70.636,-25.9747],[-70.6489,-25.9436],[-70.6651,-25.9206],[-70.6967,-25.8852],[-70.7038,-25.8674],[-70.7061,-25.8419],[-70.7104,-25.8354],[-70.7311,-25.8293],[-70.74,-25.8293],[-70.7334,-25.804],[-70.724,-25.7787],[-70.7003,-25.7734],[-70.6916,-25.7415],[-70.6938,-25.714],[-70.6925,-25.6913],[-70.6867,-25.6681],[-70.6734,-25.6539],[-70.6508,-25.6483],[-70.6348,-25.6255],[-70.6378,-25.5815],[-70.64,-25.5714],[-70.6493,-25.5512],[-70.6514,-25.5408],[-70.6504,-25.5286],[-70.6469,-25.5217],[-70.6229,-25.5042],[-70.6187,-25.5032],[-70.6138,-25.5036],[-70.6037,-25.5016],[-70.585,-25.4936],[-70.5511,-25.4724],[-70.5385,-25.4682],[-70.5309,-25.4568],[-70.5214,-25.4033],[-70.5137,-25.3863],[-70.4764,-25.3863],[-70.4649,-25.3824],[-70.4585,-25.3736],[-70.4543,-25.3632],[-70.4494,-25.3552],[-70.4448,-25.3449],[-70.4466,-25.3331],[-70.4529,-25.318],[-70.4508,-25.3063],[-70.4392,-25.2765],[-70.4344,-25.2361],[-70.437,-25.1935],[-70.4491,-25.1529],[-70.4727,-25.1193],[-70.4891,-25.1104],[-70.4972,-25.1043],[-70.5006,-25.0955],[-70.4997,-25.0846],[-70.4954,-25.069],[-70.4945,-25.061],[-70.4886,-25.0395],[-70.477,-25.0203],[-70.4687,-25.0001],[-70.4727,-24.9753],[-70.521,-24.919],[-70.5279,-24.8962],[-70.5317,-24.8731],[-70.5498,-24.8325],[-70.5559,-24.8108],[-70.5559,-24.7659],[-70.5591,-24.7563],[-70.5731,-24.7372],[-70.5764,-24.7317],[-70.5764,-24.6533],[-70.5548,-24.6059],[-70.5565,-24.5951],[-70.5605,-24.5844],[-70.5654,-24.5617],[-70.5716,-24.5538],[-70.5783,-24.5468],[-70.5826,-24.5372],[-70.5828,-24.5248],[-70.5795,-24.5175],[-70.5742,-24.5114],[-70.5689,-24.5024],[-70.5611,-24.4818],[-70.5539,-24.4495],[-70.5419,-24.4152],[-70.5491,-24.3857],[-70.5498,-24.3798],[-70.5549,-24.371],[-70.5559,-24.3652],[-70.5537,-24.3648],[-70.5487,-24.3605],[-70.5437,-24.3552],[-70.5416,-24.3515],[-70.5449,-24.3415],[-70.5477,-24.3273],[-70.5393,-24.3184],[-70.5329,-24.3057],[-70.5346,-24.2922],[-70.5307,-24.2788],[-70.5343,-24.261],[-70.5306,-24.2447],[-70.5137,-24.2145],[-70.5197,-24.2013],[-70.5176,-24.1895],[-70.5061,-24.1674],[-70.5145,-24.1458],[-70.5196,-24.1238],[-70.5094,-24.1222],[-70.504,-24.1148],[-70.5003,-24.0974],[-70.5023,-24.0676],[-70.5084,-24.0377],[-70.5264,-23.9963],[-70.5198,-23.9653],[-70.5006,-23.9127],[-70.5039,-23.8863],[-70.5123,-23.8718],[-70.5133,-23.8591],[-70.4945,-23.8376],[-70.4985,-23.7846],[-70.4945,-23.7687],[-70.484,-23.755],[-70.4525,-23.7288],[-70.4392,-23.714],[-70.4213,-23.6847],[-70.4053,-23.6508],[-70.3941,-23.6144],[-70.3907,-23.5769],[-70.4043,-23.5519],[-70.4131,-23.5113],[-70.4405,-23.4926],[-70.4662,-23.4803],[-70.497,-23.4695],[-70.5122,-23.4805],[-70.5207,-23.504],[-70.5325,-23.5166],[-70.5393,-23.5323],[-70.5614,-23.5261],[-70.5819,-23.5199],[-70.6058,-23.5107],[-70.6213,-23.5311],[-70.6316,-23.517],[-70.625,-23.4747],[-70.6164,-23.455],[-70.6139,-23.4472],[-70.6017,-23.4441],[-70.5918,-23.4357],[-70.5851,-23.4236],[-70.5962,-23.4058],[-70.5993,-23.4049],[-70.6024,-23.3797],[-70.6046,-23.3573],[-70.5915,-23.3263],[-70.5966,-23.3013],[-70.6008,-23.2817],[-70.5989,-23.263],[-70.6001,-23.2442],[-70.5861,-23.2133],[-70.5678,-23.2002],[-70.5628,-23.175],[-70.5722,-23.1552],[-70.5652,-23.131],[-70.5807,-23.1083],[-70.5727,-23.0802],[-70.5622,-23.0598],[-70.537,-23.0328],[-70.5118,-23.0149],[-70.5089,-23.01],[-70.5062,-23.01],[-70.4975,-23.0183],[-70.4935,-23.0266],[-70.4936,-23.0373],[-70.4964,-23.0476],[-70.5006,-23.0556],[-70.4935,-23.073],[-70.4844,-23.086],[-70.468,-23.0962],[-70.4508,-23.0971],[-70.4254,-23.0885],[-70.3971,-23.0706],[-70.3729,-23.0509],[-70.3564,-23.0299],[-70.3371,-23.0026],[-70.3293,-22.9705],[-70.3288,-22.9622],[-70.3275,-22.9568],[-70.3225,-22.947],[-70.3208,-22.9461],[-70.3087,-22.9333],[-70.297,-22.9177],[-70.2916,-22.902],[-70.2886,-22.8847],[-70.2878,-22.8681],[-70.2943,-22.8451],[-70.3062,-22.8188],[-70.3126,-22.7906],[-70.302,-22.762],[-70.3032,-22.7477],[-70.2912,-22.7241],[-70.2811,-22.6952],[-70.2878,-22.6657],[-70.281,-22.6579],[-70.2829,-22.6503],[-70.2872,-22.6419],[-70.2878,-22.6316],[-70.2823,-22.6238],[-70.2755,-22.6223],[-70.2697,-22.6196],[-70.2672,-22.6071],[-70.2694,-22.5964],[-70.2788,-22.5781],[-70.2809,-22.5662],[-70.2786,-22.5567],[-70.2432,-22.4965],[-70.2406,-22.4876],[-70.2427,-22.4783],[-70.2542,-22.4566],[-70.2467,-22.3852],[-70.2482,-22.3276],[-70.2436,-22.3132],[-70.2355,-22.2981],[-70.2229,-22.1624],[-70.225,-22.1469],[-70.2112,-22.1017],[-70.2132,-22.0829],[-70.1985,-22.0751],[-70.1901,-22.0597],[-70.1861,-22.0414],[-70.1853,-22.025],[-70.2001,-22.0055],[-70.1984,-22.0029],[-70.1944,-22.0019],[-70.1921,-22.0011],[-70.1904,-21.9947],[-70.1779,-21.9731],[-70.1828,-21.964],[-70.1799,-21.9557],[-70.1744,-21.9459],[-70.1716,-21.9321],[-70.1738,-21.9177],[-70.1789,-21.9065],[-70.1921,-21.8844],[-70.1501,-21.862],[-70.1461,-21.8117],[-70.1531,-21.7599],[-70.1444,-21.7335],[-70.1488,-21.7228],[-70.152,-21.6648],[-70.1502,-21.6535],[-70.1398,-21.6326],[-70.1225,-21.6193],[-70.1036,-21.6087],[-70.0961,-21.5912],[-70.0947,-21.5737],[-70.0897,-21.5592],[-70.0872,-21.5456],[-70.0744,-21.5379],[-70.0714,-21.5226],[-70.0752,-21.5113],[-70.0789,-21.5007],[-70.0827,-21.4888],[-70.0829,-21.4833],[-70.0715,-21.4657],[-70.0617,-21.4503],[-70.0614,-21.4483],[-70.0585,-21.4485],[-69.9877,-21.4461],[-69.9579,-21.4494],[-69.9376,-21.4536],[-69.9257,-21.4535],[-69.9133,-21.4513],[-69.8856,-21.413],[-69.8134,-21.3895],[-69.7804,-21.3921],[-69.7721,-21.3915],[-69.7635,-21.3897],[-69.7512,-21.3853],[-69.7424,-21.3842],[-69.7327,-21.3868],[-69.721,-21.3926],[-69.6127,-21.3932],[-69.6038,-21.3991],[-69.5935,-21.4089],[-69.5059,-21.4446],[-69.45,-21.4463],[-69.3449,-21.4171],[-69.1214,-21.3373],[-68.7943,-21.2409],[-68.7738,-21.2297],[-68.7536,-21.2115],[-68.703,-21.1383],[-68.6902,-21.1244],[-68.6707,-21.1101],[-68.6535,-21.1006],[-68.5697,-21.0732],[-68.5626,-21.0693],[-68.5579,-21.0641],[-68.546,-21.0252],[-68.5316,-20.9278],[-68.5316,-20.9277]]]}},{"type":"Feature","properties":{"id":"CHL-2694","name":"Arica y Parinacota","nameBn":"আরিকা ইয়া পারিনাকোটা","type":"Region","bounds":[-70.3947,-19.1715,-68.9514,-17.5066],"center":[-69.6804,-18.3207]},"geometry":{"type":"Polygon","coordinates":[[[-69.5101,-17.5066],[-69.5061,-17.5851],[-69.4971,-17.6214],[-69.4758,-17.6524],[-69.3948,-17.7211],[-69.3594,-17.7594],[-69.3342,-17.8058],[-69.3277,-17.8415],[-69.3269,-17.9151],[-69.3179,-17.9516],[-69.3024,-17.9762],[-69.29,-17.9766],[-69.2776,-17.9675],[-69.262,-17.964],[-69.2419,-17.9868],[-69.2348,-17.993],[-69.2278,-17.9955],[-69.2042,-18.0011],[-69.1739,-18.0189],[-69.1577,-18.0257],[-69.1408,-18.0308],[-69.1199,-18.0299],[-69.1042,-18.0238],[-69.0921,-18.0233],[-69.0823,-18.0391],[-69.0817,-18.04],[-69.0892,-18.0831],[-69.1259,-18.1111],[-69.1554,-18.1402],[-69.1412,-18.1868],[-69.1107,-18.218],[-69.1004,-18.2343],[-69.0969,-18.2575],[-69.0968,-18.268],[-69.0958,-18.2768],[-69.081,-18.3191],[-69.0793,-18.328],[-69.0819,-18.3825],[-69.0778,-18.3988],[-69.0417,-18.4577],[-69.0344,-18.4783],[-69.0349,-18.501],[-69.0416,-18.5489],[-69.0428,-18.6005],[-69.0338,-18.6495],[-69.0101,-18.6898],[-69.0035,-18.7027],[-69.0011,-18.7162],[-69.0032,-18.7296],[-69.0105,-18.743],[-69.0107,-18.7437],[-69.0105,-18.7445],[-69.0101,-18.7453],[-68.9546,-18.857],[-68.9514,-18.8673],[-68.9518,-18.8893],[-68.9598,-18.9078],[-68.9896,-18.9465],[-68.9904,-18.9465],[-69.0254,-18.9882],[-69.0563,-19.0191],[-69.0783,-19.0499],[-69.1356,-19.0896],[-69.193,-19.1029],[-69.2459,-19.094],[-69.2988,-19.0896],[-69.3429,-19.0676],[-69.4002,-19.0543],[-69.462,-19.0323],[-69.559,-19.0279],[-69.5899,-19.0191],[-69.6295,-19.0014],[-69.6604,-18.9882],[-69.7133,-18.9882],[-69.7883,-18.9882],[-69.8544,-19.0014],[-69.9029,-19.0235],[-69.9603,-19.0323],[-70.0132,-19.0456],[-70.0661,-19.0676],[-70.1146,-19.1073],[-70.1675,-19.1293],[-70.2116,-19.1558],[-70.2696,-19.1711],[-70.2703,-19.1715],[-70.2772,-19.1661],[-70.2809,-19.1604],[-70.2753,-19.1331],[-70.2747,-19.1228],[-70.2774,-19.109],[-70.3127,-19.0219],[-70.3138,-19.0071],[-70.309,-18.9715],[-70.3201,-18.9443],[-70.3302,-18.8792],[-70.3452,-18.8394],[-70.3531,-18.7971],[-70.3566,-18.7734],[-70.3542,-18.7631],[-70.3429,-18.7359],[-70.3429,-18.7083],[-70.3415,-18.6965],[-70.3362,-18.6757],[-70.3362,-18.6635],[-70.3392,-18.654],[-70.3481,-18.6433],[-70.3505,-18.6363],[-70.3352,-18.6176],[-70.3389,-18.5782],[-70.3343,-18.546],[-70.3254,-18.524],[-70.3225,-18.5134],[-70.3229,-18.5021],[-70.3284,-18.4801],[-70.3293,-18.4719],[-70.3064,-18.4606],[-70.3036,-18.4454],[-70.3137,-18.4301],[-70.3259,-18.4138],[-70.3495,-18.3832],[-70.3701,-18.3627],[-70.3926,-18.3396],[-70.3947,-18.3377],[-70.3694,-18.3247],[-70.3179,-18.3212],[-70.2109,-18.3312],[-70.1591,-18.326],[-70.1342,-18.3189],[-70.0632,-18.2807],[-70.0394,-18.2731],[-70.01,-18.2726],[-69.9878,-18.2643],[-69.9703,-18.2506],[-69.9228,-18.1965],[-69.8835,-18.1636],[-69.8653,-18.1446],[-69.8436,-18.1132],[-69.7831,-17.9816],[-69.7799,-17.9626],[-69.7824,-17.9439],[-69.7906,-17.9248],[-69.8128,-17.8883],[-69.8182,-17.8714],[-69.8201,-17.8461],[-69.829,-17.8038],[-69.8461,-17.7691],[-69.8576,-17.7342],[-69.8498,-17.6916],[-69.8181,-17.6591],[-69.7758,-17.657],[-69.729,-17.6633],[-69.6839,-17.656],[-69.6383,-17.6261],[-69.5101,-17.5066]]]}},{"type":"Feature","properties":{"id":"CHL-2696","name":"Atacama","nameBn":"আটকামা অঞ্চল","type":"Region","bounds":[-71.522,-29.7479,-68.3021,-25.2912],"center":[-69.9123,-27.4469]},"geometry":{"type":"Polygon","coordinates":[[[-68.5542,-25.2912],[-68.606,-25.437],[-68.6099,-25.4742],[-68.6082,-25.4929],[-68.6029,-25.5107],[-68.5666,-25.5517],[-68.555,-25.5726],[-68.5688,-25.5878],[-68.5596,-25.6086],[-68.561,-25.6352],[-68.5594,-25.663],[-68.5413,-25.6873],[-68.5219,-25.7056],[-68.5076,-25.7289],[-68.4985,-25.7549],[-68.4864,-25.8366],[-68.4171,-26.0936],[-68.409,-26.1442],[-68.4199,-26.1793],[-68.5461,-26.2691],[-68.5752,-26.3035],[-68.5874,-26.338],[-68.5939,-26.3786],[-68.5953,-26.4573],[-68.5874,-26.5083],[-68.5702,-26.5506],[-68.5442,-26.5893],[-68.5102,-26.6291],[-68.3201,-26.8701],[-68.3054,-26.898],[-68.3021,-26.9266],[-68.3074,-26.9446],[-68.3238,-26.981],[-68.3291,-27.0001],[-68.3311,-27.0122],[-68.3284,-27.0374],[-68.3305,-27.045],[-68.3378,-27.0456],[-68.3665,-27.0435],[-68.3773,-27.0444],[-68.4222,-27.062],[-68.4431,-27.0667],[-68.4942,-27.0686],[-68.518,-27.0769],[-68.5398,-27.0903],[-68.5574,-27.1074],[-68.5692,-27.1295],[-68.5754,-27.1493],[-68.5859,-27.1628],[-68.6107,-27.1657],[-68.6495,-27.1512],[-68.6829,-27.1269],[-68.7186,-27.1067],[-68.7643,-27.1046],[-68.8011,-27.1128],[-68.8143,-27.1203],[-68.829,-27.136],[-68.8708,-27.1984],[-68.8797,-27.2215],[-68.8814,-27.2391],[-68.8793,-27.2785],[-68.8831,-27.295],[-68.9314,-27.3952],[-68.9426,-27.4089],[-68.9586,-27.4211],[-68.9936,-27.4377],[-69.0101,-27.4489],[-69.0174,-27.4604],[-69.0205,-27.4734],[-69.0199,-27.4869],[-69.0163,-27.5001],[-69.019,-27.5243],[-69.0286,-27.5513],[-69.0539,-27.5997],[-69.063,-27.61],[-69.0855,-27.6293],[-69.0923,-27.6402],[-69.0932,-27.6565],[-69.0875,-27.6692],[-69.08,-27.6815],[-69.0758,-27.6962],[-69.0811,-27.7038],[-69.1083,-27.7158],[-69.1182,-27.7221],[-69.1243,-27.7344],[-69.1341,-27.7723],[-69.173,-27.9241],[-69.1902,-27.9514],[-69.2159,-27.9685],[-69.2751,-27.9829],[-69.2911,-27.9894],[-69.3032,-27.9995],[-69.3131,-28.0145],[-69.3138,-28.0227],[-69.3109,-28.0293],[-69.3118,-28.0365],[-69.3308,-28.0524],[-69.3672,-28.1304],[-69.3899,-28.162],[-69.4119,-28.2025],[-69.4203,-28.2126],[-69.4356,-28.2085],[-69.4561,-28.1958],[-69.4762,-28.1879],[-69.4905,-28.1984],[-69.5012,-28.2504],[-69.5101,-28.2675],[-69.5535,-28.3179],[-69.6073,-28.3563],[-69.653,-28.3979],[-69.654,-28.401],[-69.6724,-28.4577],[-69.6748,-28.5631],[-69.6784,-28.5739],[-69.6851,-28.5778],[-69.6932,-28.5798],[-69.7009,-28.5844],[-69.7221,-28.6107],[-69.7409,-28.6406],[-69.7534,-28.6734],[-69.7559,-28.7077],[-69.7511,-28.7298],[-69.7364,-28.7724],[-69.7328,-28.7943],[-69.7358,-28.8124],[-69.7648,-28.8586],[-69.7668,-28.8676],[-69.7664,-28.8759],[-69.7673,-28.8842],[-69.7731,-28.8927],[-69.7854,-28.9058],[-69.7951,-28.9208],[-69.8028,-28.9399],[-69.8066,-28.9599],[-69.8063,-28.9801],[-69.8017,-29.0],[-69.7958,-29.0501],[-69.7972,-29.0767],[-69.8039,-29.0987],[-69.8223,-29.1201],[-69.8444,-29.1293],[-69.8945,-29.1372],[-69.9109,-29.1432],[-69.9147,-29.1488],[-69.9153,-29.1562],[-69.922,-29.168],[-69.9326,-29.1769],[-69.9594,-29.1921],[-69.9751,-29.2043],[-69.9801,-29.2059],[-69.9851,-29.2083],[-69.9895,-29.2144],[-69.9881,-29.22],[-69.9762,-29.2335],[-69.9747,-29.2408],[-69.9803,-29.25],[-69.9893,-29.2573],[-69.9999,-29.2629],[-70.01,-29.2664],[-70.0311,-29.2772],[-70.0407,-29.2975],[-70.0445,-29.3461],[-70.0426,-29.3631],[-70.0357,-29.3769],[-70.027,-29.3899],[-70.0195,-29.4044],[-70.01,-29.4561],[-70.0022,-29.4656],[-69.9961,-29.4764],[-69.9916,-29.4881],[-69.9685,-29.5833],[-69.9689,-29.6131],[-69.9729,-29.6432],[-69.9732,-29.6661],[-69.9635,-29.6855],[-69.9379,-29.7047],[-69.9294,-29.7179],[-69.9298,-29.718],[-69.9493,-29.7255],[-69.9836,-29.7425],[-69.9953,-29.7464],[-70.0034,-29.7479],[-70.0892,-29.747],[-70.1124,-29.7413],[-70.1377,-29.7315],[-70.1666,-29.7159],[-70.1902,-29.7066],[-70.2743,-29.691],[-70.3022,-29.6756],[-70.3188,-29.6573],[-70.3378,-29.6193],[-70.3476,-29.6047],[-70.3591,-29.5935],[-70.4235,-29.5541],[-70.4431,-29.532],[-70.456,-29.5109],[-70.4703,-29.4749],[-70.5515,-29.1774],[-70.5738,-29.1171],[-70.5885,-29.1013],[-70.6053,-29.0915],[-70.6728,-29.071],[-70.6918,-29.0691],[-70.7081,-29.0709],[-70.7226,-29.0782],[-70.7292,-29.0862],[-70.7327,-29.0963],[-70.7345,-29.1092],[-70.7389,-29.1246],[-70.7478,-29.1385],[-70.7628,-29.1513],[-70.7938,-29.1619],[-70.9174,-29.1846],[-70.9527,-29.1954],[-70.9747,-29.2066],[-70.9795,-29.215],[-70.9836,-29.2276],[-71.0007,-29.3113],[-71.0078,-29.332],[-71.0221,-29.3614],[-71.0355,-29.3772],[-71.0524,-29.3858],[-71.0745,-29.3861],[-71.0928,-29.374],[-71.1011,-29.3641],[-71.1046,-29.3563],[-71.1069,-29.3486],[-71.1105,-29.3409],[-71.1169,-29.3358],[-71.1244,-29.3333],[-71.1357,-29.3346],[-71.1651,-29.3421],[-71.1824,-29.342],[-71.1993,-29.3355],[-71.2156,-29.3187],[-71.2266,-29.3019],[-71.2441,-29.2569],[-71.2523,-29.2431],[-71.2642,-29.2302],[-71.2806,-29.2182],[-71.2983,-29.2085],[-71.3373,-29.1924],[-71.364,-29.1866],[-71.3924,-29.1845],[-71.4514,-29.1938],[-71.4857,-29.2103],[-71.487,-29.2112],[-71.4871,-29.2113],[-71.4943,-29.1926],[-71.4946,-29.1423],[-71.4958,-29.1389],[-71.4962,-29.1347],[-71.4943,-29.1271],[-71.4916,-29.1222],[-71.4835,-29.1124],[-71.4813,-29.1078],[-71.4821,-29.0934],[-71.4892,-29.0862],[-71.4973,-29.0802],[-71.5011,-29.0698],[-71.499,-29.061],[-71.4897,-29.0466],[-71.4875,-29.0356],[-71.5011,-28.9911],[-71.4993,-28.9866],[-71.4975,-28.9768],[-71.5011,-28.9708],[-71.5148,-28.9776],[-71.522,-28.9401],[-71.5112,-28.8896],[-71.4878,-28.8451],[-71.4565,-28.8261],[-71.4407,-28.8229],[-71.4018,-28.8066],[-71.3913,-28.7995],[-71.3804,-28.7804],[-71.3682,-28.7408],[-71.3578,-28.7237],[-71.3185,-28.6926],[-71.3019,-28.6749],[-71.2877,-28.6189],[-71.2889,-28.607],[-71.2947,-28.5995],[-71.304,-28.592],[-71.3126,-28.5834],[-71.3162,-28.5729],[-71.3075,-28.5617],[-71.2887,-28.5524],[-71.2701,-28.5405],[-71.2616,-28.5217],[-71.2699,-28.486],[-71.2678,-28.4767],[-71.2605,-28.4724],[-71.2506,-28.4714],[-71.2407,-28.4714],[-71.2336,-28.4705],[-71.2104,-28.4467],[-71.1886,-28.4054],[-71.1739,-28.3606],[-71.1722,-28.3264],[-71.1785,-28.309],[-71.1833,-28.3015],[-71.1893,-28.2985],[-71.1936,-28.2944],[-71.1869,-28.2848],[-71.1722,-28.2678],[-71.17,-28.2501],[-71.1601,-28.2117],[-71.1571,-28.1428],[-71.16,-28.1202],[-71.1731,-28.0929],[-71.1678,-28.0836],[-71.1588,-28.0742],[-71.1517,-28.0645],[-71.1473,-28.0489],[-71.1381,-27.946],[-71.1326,-27.9235],[-71.1244,-27.9013],[-71.1187,-27.8952],[-71.1111,-27.8904],[-71.1033,-27.8842],[-71.0972,-27.874],[-71.1029,-27.8522],[-71.1047,-27.839],[-71.1002,-27.8329],[-71.0897,-27.8302],[-71.0846,-27.8229],[-71.083,-27.8129],[-71.0828,-27.8019],[-71.0788,-27.7807],[-71.0579,-27.7444],[-71.0487,-27.7231],[-71.0437,-27.7019],[-71.0419,-27.6785],[-71.0387,-27.6664],[-71.0316,-27.6574],[-71.0246,-27.6554],[-71.0214,-27.6647],[-71.0133,-27.6716],[-70.9711,-27.6603],[-70.9525,-27.6611],[-70.9475,-27.6492],[-70.9395,-27.6383],[-70.9304,-27.6301],[-70.9221,-27.6269],[-70.9124,-27.6218],[-70.9122,-27.61],[-70.919,-27.586],[-70.9186,-27.5439],[-70.8954,-27.5025],[-70.8917,-27.4931],[-70.8956,-27.4698],[-70.9052,-27.4415],[-70.9173,-27.4151],[-70.9458,-27.3718],[-70.9449,-27.3495],[-70.937,-27.3264],[-70.9327,-27.298],[-70.9381,-27.2814],[-70.9483,-27.2625],[-70.9549,-27.2436],[-70.9449,-27.2149],[-70.9488,-27.2044],[-70.96,-27.1882],[-70.961,-27.1814],[-70.961,-27.1681],[-70.96,-27.1614],[-70.9485,-27.1324],[-70.9469,-27.1236],[-70.9413,-27.1134],[-70.9293,-27.1067],[-70.9171,-27.1069],[-70.9115,-27.1168],[-70.9082,-27.1292],[-70.9005,-27.1325],[-70.8913,-27.1305],[-70.8842,-27.1272],[-70.8708,-27.1179],[-70.869,-27.11],[-70.8713,-27.1021],[-70.8706,-27.0925],[-70.8651,-27.0844],[-70.8582,-27.0783],[-70.8524,-27.0715],[-70.8501,-27.0618],[-70.8487,-27.048],[-70.8452,-27.046],[-70.8398,-27.049],[-70.8333,-27.0515],[-70.8184,-27.0479],[-70.817,-27.0397],[-70.8211,-27.0304],[-70.8227,-27.0236],[-70.815,-27.0152],[-70.7942,-27.0025],[-70.7886,-26.9963],[-70.7908,-26.9778],[-70.807,-26.9306],[-70.8057,-26.9212],[-70.8064,-26.9162],[-70.8227,-26.887],[-70.8242,-26.8738],[-70.8224,-26.8658],[-70.786,-26.788],[-70.7781,-26.7779],[-70.7718,-26.7724],[-70.7489,-26.7606],[-70.7325,-26.7493],[-70.7487,-26.7294],[-70.7528,-26.7224],[-70.7562,-26.7136],[-70.7545,-26.7021],[-70.7469,-26.6921],[-70.7303,-26.6818],[-70.7272,-26.6715],[-70.726,-26.6601],[-70.715,-26.6086],[-70.6953,-26.5685],[-70.6925,-26.5444],[-70.7047,-26.5115],[-70.7067,-26.4929],[-70.6959,-26.4724],[-70.6898,-26.4645],[-70.6866,-26.4565],[-70.6854,-26.447],[-70.6856,-26.4345],[-70.6881,-26.4238],[-70.6977,-26.4006],[-70.6993,-26.393],[-70.6913,-26.3836],[-70.6666,-26.3853],[-70.6565,-26.3558],[-70.63,-26.341],[-70.6424,-26.3153],[-70.6814,-26.3045],[-70.6754,-26.2769],[-70.6571,-26.2658],[-70.6483,-26.2358],[-70.6549,-26.2192],[-70.6645,-26.2028],[-70.6649,-26.1757],[-70.6719,-26.1608],[-70.6654,-26.1497],[-70.6617,-26.134],[-70.6583,-26.0994],[-70.6597,-26.0725],[-70.6583,-26.0646],[-70.6534,-26.0564],[-70.6422,-26.0497],[-70.6378,-26.0441],[-70.6346,-26.0286],[-70.6345,-26.0286],[-70.6266,-26.0251],[-70.5514,-25.9217],[-70.3987,-25.8231],[-70.3223,-25.8167],[-70.2714,-25.8262],[-70.1473,-25.7371],[-70.0551,-25.7213],[-70.0137,-25.7594],[-69.8832,-25.7467],[-69.7687,-25.6926],[-69.7114,-25.6608],[-69.5683,-25.648],[-69.441,-25.6799],[-69.0795,-25.6495],[-69.0759,-25.6263],[-69.07,-25.6077],[-69.0631,-25.5916],[-69.0237,-25.5274],[-68.9998,-25.4955],[-68.9977,-25.4908],[-68.9943,-25.4796],[-68.9938,-25.4689],[-68.9955,-25.4575],[-68.9985,-25.4505],[-69.0007,-25.4467],[-69.0093,-25.4353],[-69.015,-25.4262],[-69.0185,-25.4152],[-69.0177,-25.4029],[-69.0116,-25.3905],[-69.0055,-25.385],[-69.0002,-25.3827],[-68.9292,-25.3801],[-68.8843,-25.3722],[-68.858,-25.3699],[-68.8356,-25.3711],[-68.7864,-25.3813],[-68.7532,-25.3835],[-68.7167,-25.3794],[-68.6898,-25.3709],[-68.6674,-25.359],[-68.6146,-25.3162],[-68.5918,-25.3015],[-68.5766,-25.2953],[-68.555,-25.2913],[-68.5542,-25.2912]]]}},{"type":"Feature","properties":{"id":"CHL-2702","name":"Bío-Bío","nameBn":"অঞ্চল মেট্রোপলিটন","type":"Region","bounds":[-73.6879,-38.4847,-71.0066,-36.4381],"center":[-72.3475,-36.9791]},"geometry":{"type":"MultiPolygon","coordinates":[[[[-71.0891,-37.1034],[-71.1251,-37.1201],[-71.1393,-37.1333],[-71.1476,-37.1548],[-71.148,-37.1759],[-71.1455,-37.1954],[-71.1465,-37.2148],[-71.1576,-37.2357],[-71.1972,-37.2749],[-71.2056,-37.2927],[-71.2046,-37.3154],[-71.1947,-37.3435],[-71.1683,-37.3916],[-71.1364,-37.4251],[-71.1231,-37.4432],[-71.1177,-37.4665],[-71.1208,-37.4863],[-71.1364,-37.5244],[-71.1417,-37.5439],[-71.1396,-37.5549],[-71.1273,-37.5726],[-71.1279,-37.5844],[-71.1331,-37.5906],[-71.1572,-37.6025],[-71.1724,-37.6145],[-71.1839,-37.6259],[-71.1908,-37.64],[-71.1923,-37.6609],[-71.185,-37.7061],[-71.1333,-37.8385],[-71.0949,-37.8974],[-71.0876,-37.9402],[-71.0611,-37.9784],[-71.052,-37.9993],[-71.0465,-38.0203],[-71.0374,-38.0366],[-71.01,-38.0655],[-71.0074,-38.071],[-71.0066,-38.0767],[-71.0074,-38.0823],[-71.01,-38.0879],[-71.0235,-38.1046],[-71.023,-38.1229],[-71.0161,-38.1437],[-71.017,-38.1432],[-71.0473,-38.1233],[-71.0587,-38.1175],[-71.1498,-38.0836],[-71.2025,-38.0699],[-71.2968,-38.0617],[-71.3129,-38.0631],[-71.3294,-38.0665],[-71.3897,-38.0892],[-71.4041,-38.0977],[-71.4163,-38.1083],[-71.4641,-38.1609],[-71.4841,-38.1711],[-71.5239,-38.1854],[-71.5411,-38.1948],[-71.5592,-38.2022],[-71.5978,-38.209],[-71.6121,-38.2153],[-71.6351,-38.2375],[-71.6551,-38.2461],[-71.6798,-38.2322],[-71.6933,-38.2172],[-71.7011,-38.1939],[-71.7039,-38.1697],[-71.7088,-38.1503],[-71.715,-38.1321],[-71.7456,-38.1023],[-71.7471,-38.0942],[-71.7445,-38.0891],[-71.7269,-38.0786],[-71.7179,-38.0719],[-71.7161,-38.0654],[-71.7206,-38.0571],[-71.7344,-38.0481],[-71.7558,-38.0394],[-71.788,-38.0344],[-71.8125,-38.0365],[-71.8593,-38.0485],[-71.8842,-38.0495],[-71.907,-38.0436],[-71.9287,-38.0303],[-71.9464,-38.0159],[-71.963,-38.0067],[-71.9798,-38.0036],[-71.9926,-38.0055],[-72.0161,-38.0125],[-72.0517,-38.0193],[-72.0722,-38.0201],[-72.0892,-38.0165],[-72.1023,-38.0093],[-72.1138,-38.0001],[-72.1395,-37.9676],[-72.1551,-37.9535],[-72.1717,-37.9415],[-72.2188,-37.9138],[-72.2716,-37.8902],[-72.3478,-37.8682],[-72.3772,-37.8536],[-72.3938,-37.8393],[-72.4215,-37.8048],[-72.4371,-37.7898],[-72.4749,-37.7602],[-72.4852,-37.7443],[-72.4893,-37.724],[-72.4912,-37.7063],[-72.4961,-37.6909],[-72.5056,-37.6795],[-72.5244,-37.6725],[-72.5472,-37.6688],[-72.587,-37.666],[-72.6298,-37.6584],[-72.6689,-37.6465],[-72.6944,-37.6421],[-72.8353,-37.6332],[-72.8973,-37.6383],[-72.9729,-37.6645],[-72.9918,-37.665],[-73.0145,-37.6618],[-73.0331,-37.6569],[-73.0484,-37.6505],[-73.0611,-37.6472],[-73.0716,-37.6493],[-73.082,-37.6594],[-73.109,-37.7087],[-73.1119,-37.722],[-73.1051,-37.7367],[-73.0632,-37.7713],[-73.0566,-37.7895],[-73.0592,-37.8113],[-73.0778,-37.8438],[-73.1182,-37.8774],[-73.1307,-37.8931],[-73.1346,-37.9178],[-73.1355,-37.9406],[-73.1383,-37.9615],[-73.1465,-37.981],[-73.1594,-38.0018],[-73.1666,-38.025],[-73.1654,-38.048],[-73.155,-38.0668],[-73.1382,-38.0798],[-73.0973,-38.0993],[-73.0872,-38.1159],[-73.0914,-38.1378],[-73.2121,-38.2797],[-73.2331,-38.2976],[-73.2661,-38.3195],[-73.2808,-38.3317],[-73.2898,-38.3506],[-73.2914,-38.3749],[-73.267,-38.4486],[-73.2705,-38.4768],[-73.2913,-38.4847],[-73.3058,-38.4815],[-73.3259,-38.4693],[-73.3352,-38.4555],[-73.3479,-38.4293],[-73.3642,-38.4254],[-73.3885,-38.4285],[-73.4627,-38.4589],[-73.5239,-38.4774],[-73.5248,-38.4781],[-73.5251,-38.4757],[-73.5433,-38.4207],[-73.5419,-38.3992],[-73.5277,-38.352],[-73.5262,-38.3412],[-73.531,-38.3321],[-73.5249,-38.3263],[-73.5152,-38.3217],[-73.5091,-38.3165],[-73.508,-38.3067],[-73.5207,-38.267],[-73.5199,-38.2577],[-73.5122,-38.245],[-73.505,-38.24],[-73.4949,-38.2343],[-73.4857,-38.2273],[-73.4818,-38.218],[-73.4628,-38.0917],[-73.463,-38.0512],[-73.4707,-38.0119],[-73.5032,-37.9333],[-73.5577,-37.8461],[-73.6221,-37.7587],[-73.6317,-37.7511],[-73.6519,-37.7414],[-73.66,-37.7348],[-73.6666,-37.7255],[-73.6681,-37.7194],[-73.6662,-37.6628],[-73.6695,-37.6524],[-73.6845,-37.6318],[-73.6879,-37.6217],[-73.6851,-37.5984],[-73.6776,-37.5794],[-73.6666,-37.5637],[-73.6531,-37.5499],[-73.619,-37.527],[-73.6041,-37.5124],[-73.5979,-37.4919],[-73.5993,-37.4478],[-73.6033,-37.429],[-73.6115,-37.4127],[-73.6718,-37.3626],[-73.6804,-37.3478],[-73.6757,-37.3263],[-73.6536,-37.2903],[-73.6463,-37.2687],[-73.6446,-37.2014],[-73.6357,-37.1834],[-73.6204,-37.1663],[-73.6076,-37.1555],[-73.5945,-37.1524],[-73.578,-37.1589],[-73.5659,-37.174],[-73.557,-37.1828],[-73.5467,-37.1868],[-73.5428,-37.1891],[-73.5025,-37.2078],[-73.4777,-37.2048],[-73.4681,-37.2072],[-73.4647,-37.2155],[-73.4665,-37.2253],[-73.4674,-37.2346],[-73.4607,-37.242],[-73.4488,-37.2414],[-73.4285,-37.2271],[-73.4034,-37.2366],[-73.3885,-37.2348],[-73.3617,-37.2277],[-73.3199,-37.2236],[-73.2826,-37.214],[-73.237,-37.1915],[-73.2091,-37.1603],[-73.1733,-37.0763],[-73.1715,-37.027],[-73.1772,-37.0105],[-73.1793,-37.0014],[-73.1801,-36.9909],[-73.1772,-36.985],[-73.1597,-36.9602],[-73.1569,-36.95],[-73.1454,-36.8339],[-73.1509,-36.8087],[-73.1654,-36.7931],[-73.1853,-36.7834],[-73.2074,-36.7753],[-73.1986,-36.7639],[-73.1869,-36.7521],[-73.1735,-36.7418],[-73.1597,-36.735],[-73.1493,-36.7468],[-73.1317,-36.7364],[-73.1265,-36.7184],[-73.1528,-36.707],[-73.1305,-36.6777],[-73.1256,-36.6655],[-73.1329,-36.65],[-73.1291,-36.6326],[-73.1219,-36.6144],[-73.1186,-36.5971],[-73.0924,-36.6183],[-73.0909,-36.6874],[-73.0702,-36.7138],[-73.0545,-36.7188],[-73.0359,-36.7208],[-73.0174,-36.7193],[-73.002,-36.7138],[-72.988,-36.7026],[-72.9819,-36.6904],[-72.9809,-36.6559],[-72.9789,-36.6482],[-72.9742,-36.6402],[-72.9686,-36.6331],[-72.9639,-36.6281],[-72.9595,-36.6207],[-72.9612,-36.614],[-72.9651,-36.6075],[-72.9705,-36.5927],[-72.985,-36.5779],[-72.9884,-36.5732],[-72.9881,-36.529],[-72.9862,-36.5214],[-72.9811,-36.5168],[-72.9709,-36.5152],[-72.9622,-36.5183],[-72.9605,-36.5255],[-72.9606,-36.5325],[-72.957,-36.5357],[-72.9422,-36.5324],[-72.9322,-36.5236],[-72.9253,-36.5105],[-72.9052,-36.455],[-72.8959,-36.4381],[-72.8685,-36.4583],[-72.845,-36.463],[-72.8276,-36.4585],[-72.8177,-36.4587],[-72.8126,-36.4628],[-72.8085,-36.4702],[-72.8085,-36.4805],[-72.8005,-36.493],[-72.8027,-36.5048],[-72.8109,-36.5101],[-72.8226,-36.5183],[-72.8235,-36.5266],[-72.8211,-36.5389],[-72.8107,-36.5511],[-72.8044,-36.5639],[-72.7982,-36.606],[-72.7689,-36.6048],[-72.7427,-36.6294],[-72.718,-36.6446],[-72.6923,-36.6605],[-72.6613,-36.6768],[-72.6204,-36.6982],[-72.6002,-36.724],[-72.5948,-36.7552],[-72.5936,-36.7898],[-72.5895,-36.8189],[-72.5685,-36.8358],[-72.5565,-36.8476],[-72.5563,-36.8718],[-72.5609,-36.8867],[-72.5849,-36.8936],[-72.6145,-36.8879],[-72.6327,-36.8851],[-72.6485,-36.8871],[-72.6503,-36.899],[-72.6546,-36.9158],[-72.6353,-36.9193],[-72.596,-36.9255],[-72.539,-36.9278],[-72.5117,-36.9227],[-72.489,-36.9159],[-72.4411,-36.9121],[-72.3859,-36.9248],[-72.3483,-36.9515],[-72.315,-36.9832],[-72.2843,-36.9985],[-72.2413,-37.0073],[-72.2128,-37.0191],[-72.1919,-37.0332],[-72.1851,-37.0449],[-72.1872,-37.0531],[-72.2117,-37.0709],[-72.2594,-37.0981],[-72.2689,-37.1546],[-72.2664,-37.174],[-72.2417,-37.191],[-72.204,-37.1983],[-72.1555,-37.1958],[-72.1015,-37.187],[-72.0012,-37.1752],[-71.9237,-37.1736],[-71.8572,-37.1615],[-71.8201,-37.1397],[-71.7751,-37.1246],[-71.7296,-37.1177],[-71.6778,-37.1235],[-71.6221,-37.1323],[-71.5723,-37.1309],[-71.5481,-37.1157],[-71.5191,-37.069],[-71.4905,-37.0509],[-71.4513,-37.0366],[-71.3971,-37.0389],[-71.3347,-37.0683],[-71.2998,-37.0937],[-71.2572,-37.1046],[-71.2144,-37.1063],[-71.1689,-37.1087],[-71.0891,-37.1034]]],[[[-73.5408,-36.9894],[-73.5327,-36.9731],[-73.5231,-36.9753],[-73.5203,-36.9894],[-73.5203,-37.0058],[-73.5067,-37.0178],[-73.4848,-37.0254],[-73.4698,-37.0363],[-73.4588,-37.0483],[-73.4465,-37.0592],[-73.4629,-37.0548],[-73.4766,-37.0494],[-73.493,-37.0418],[-73.5107,-37.0505],[-73.5162,-37.0712],[-73.5189,-37.0799],[-73.5285,-37.069],[-73.5367,-37.0418],[-73.5517,-37.0276],[-73.5435,-37.0189],[-73.5408,-37.0003],[-73.5408,-36.9894]]]]}},{"type":"Feature","properties":{"id":"CHL-2697","name":"Coquimbo","nameBn":"কুকিম্বু অঞ্চল","type":"Region","bounds":[-71.7134,-32.2204,-69.8358,-29.0691],"center":[-70.7749,-30.5838]},"geometry":{"type":"Polygon","coordinates":[[[-69.9294,-29.7179],[-69.9291,-29.7183],[-69.9156,-29.8056],[-69.9222,-29.9396],[-69.928,-29.9768],[-69.9413,-30.0131],[-69.9756,-30.0586],[-69.9804,-30.0725],[-69.9732,-30.0894],[-69.9577,-30.0927],[-69.9187,-30.0878],[-69.8807,-30.0998],[-69.8497,-30.1266],[-69.8358,-30.1619],[-69.849,-30.1991],[-69.8574,-30.2055],[-69.8771,-30.2131],[-69.8862,-30.221],[-69.8907,-30.229],[-69.894,-30.2381],[-69.8981,-30.2566],[-69.8999,-30.2944],[-69.9028,-30.3127],[-69.9121,-30.3295],[-69.938,-30.3556],[-69.9646,-30.3748],[-69.9945,-30.3881],[-70.0302,-30.3971],[-70.0643,-30.3893],[-70.1469,-30.3539],[-70.1734,-30.3647],[-70.1738,-30.3822],[-70.1487,-30.4187],[-70.1439,-30.4396],[-70.1512,-30.4597],[-70.1638,-30.4702],[-70.1797,-30.4771],[-70.197,-30.4868],[-70.2171,-30.5151],[-70.2354,-30.5916],[-70.2508,-30.6266],[-70.2702,-30.6572],[-70.276,-30.6731],[-70.2799,-30.6931],[-70.2793,-30.7056],[-70.2766,-30.7156],[-70.2762,-30.7256],[-70.2823,-30.7378],[-70.3001,-30.7581],[-70.305,-30.7655],[-70.3195,-30.8008],[-70.3392,-30.9382],[-70.3352,-30.956],[-70.3251,-30.9716],[-70.3086,-30.9882],[-70.2799,-31.0103],[-70.2676,-31.0238],[-70.2666,-31.0365],[-70.2783,-31.0394],[-70.3209,-31.0337],[-70.3398,-31.0417],[-70.3625,-31.073],[-70.3724,-31.0922],[-70.3809,-31.1216],[-70.3931,-31.1376],[-70.4086,-31.15],[-70.4234,-31.1538],[-70.4356,-31.1414],[-70.4406,-31.1188],[-70.4481,-31.0976],[-70.4678,-31.0894],[-70.4798,-31.0967],[-70.5359,-31.1726],[-70.5414,-31.1882],[-70.5434,-31.2081],[-70.5429,-31.2468],[-70.5468,-31.2645],[-70.569,-31.3042],[-70.5672,-31.323],[-70.5599,-31.3417],[-70.5547,-31.3629],[-70.5578,-31.3818],[-70.5754,-31.413],[-70.579,-31.432],[-70.5779,-31.4689],[-70.5814,-31.5057],[-70.5914,-31.5496],[-70.5898,-31.5677],[-70.5803,-31.5923],[-70.5272,-31.6843],[-70.4968,-31.7145],[-70.4863,-31.7312],[-70.4885,-31.7739],[-70.484,-31.7976],[-70.4752,-31.8201],[-70.4641,-31.8383],[-70.4283,-31.8701],[-70.394,-31.8776],[-70.3572,-31.8765],[-70.3133,-31.8821],[-70.2962,-31.891],[-70.275,-31.907],[-70.2557,-31.9257],[-70.2445,-31.9422],[-70.2417,-31.9615],[-70.2477,-31.9746],[-70.2577,-31.9862],[-70.2672,-32.0009],[-70.2754,-32.0378],[-70.2847,-32.0468],[-70.31,-32.0477],[-70.3523,-32.0333],[-70.3733,-32.0304],[-70.3875,-32.0417],[-70.3891,-32.0531],[-70.3846,-32.062],[-70.3681,-32.0771],[-70.3612,-32.0858],[-70.3592,-32.0937],[-70.3599,-32.113],[-70.3556,-32.1226],[-70.339,-32.1334],[-70.3352,-32.14],[-70.3369,-32.1492],[-70.3439,-32.1657],[-70.3455,-32.1747],[-70.3431,-32.1869],[-70.3313,-32.2082],[-70.3308,-32.2096],[-70.3314,-32.2097],[-70.3815,-32.2204],[-70.4252,-32.2189],[-70.4445,-32.2141],[-70.4621,-32.2054],[-70.4778,-32.1889],[-70.497,-32.1563],[-70.5105,-32.1425],[-70.5379,-32.1285],[-70.6033,-32.1127],[-70.6455,-32.0927],[-70.6921,-32.0499],[-70.7212,-32.0305],[-70.7445,-32.0198],[-70.7719,-32.0123],[-70.7926,-32.0112],[-70.8147,-32.0127],[-70.8351,-32.0163],[-70.9384,-31.9844],[-70.9599,-31.9739],[-70.9869,-31.9872],[-71.0045,-32.0238],[-71.0269,-32.0236],[-71.0454,-32.0307],[-71.1385,-31.9891],[-71.181,-31.9971],[-71.2041,-32.0052],[-71.2233,-32.0203],[-71.3171,-32.0695],[-71.339,-32.0792],[-71.3975,-32.0605],[-71.4243,-32.0382],[-71.4484,-32.0432],[-71.4597,-32.0722],[-71.539,-32.1927],[-71.5438,-32.193],[-71.5438,-32.193],[-71.5421,-32.1601],[-71.5399,-32.149],[-71.5279,-32.1261],[-71.527,-32.0837],[-71.5077,-31.9775],[-71.5114,-31.9612],[-71.5201,-31.9511],[-71.526,-31.9412],[-71.5288,-31.9301],[-71.5279,-31.9166],[-71.5227,-31.9065],[-71.514,-31.8996],[-71.5056,-31.8943],[-71.5011,-31.8898],[-71.5065,-31.8692],[-71.5396,-31.8377],[-71.5387,-31.8246],[-71.5217,-31.8062],[-71.5145,-31.7905],[-71.515,-31.7755],[-71.5632,-31.6081],[-71.5704,-31.5916],[-71.5694,-31.5192],[-71.5937,-31.4441],[-71.6085,-31.4202],[-71.6471,-31.2021],[-71.6662,-31.1699],[-71.6678,-31.1505],[-71.6527,-31.0689],[-71.651,-31.0224],[-71.6549,-30.976],[-71.6656,-30.9371],[-71.67,-30.9308],[-71.6744,-30.926],[-71.6779,-30.919],[-71.6803,-30.8957],[-71.6851,-30.8759],[-71.6891,-30.843],[-71.7073,-30.7795],[-71.699,-30.7089],[-71.7035,-30.6974],[-71.7134,-30.6149],[-71.7097,-30.5937],[-71.6949,-30.5449],[-71.6967,-30.5292],[-71.7035,-30.5086],[-71.6994,-30.485],[-71.6861,-30.4498],[-71.6768,-30.3425],[-71.6392,-30.2522],[-71.6378,-30.2415],[-71.6346,-30.2382],[-71.6278,-30.2405],[-71.621,-30.2467],[-71.6088,-30.2752],[-71.5875,-30.2849],[-71.5623,-30.2873],[-71.5421,-30.2853],[-71.5176,-30.2786],[-71.5061,-30.2719],[-71.5011,-30.2618],[-71.5035,-30.2512],[-71.5066,-30.2437],[-71.5044,-30.2395],[-71.491,-30.2382],[-71.4862,-30.2268],[-71.4459,-30.1624],[-71.433,-30.1739],[-71.4243,-30.1847],[-71.4146,-30.1881],[-71.3988,-30.1767],[-71.3882,-30.1627],[-71.3826,-30.1477],[-71.3777,-30.1147],[-71.3765,-30.0789],[-71.3824,-30.0461],[-71.3946,-30.0168],[-71.4125,-29.9918],[-71.4073,-29.9827],[-71.401,-29.9781],[-71.3935,-29.9786],[-71.3844,-29.9843],[-71.3831,-29.9762],[-71.38,-29.9697],[-71.3748,-29.9654],[-71.3586,-29.9616],[-71.3585,-29.9563],[-71.3605,-29.9496],[-71.3578,-29.9433],[-71.354,-29.9382],[-71.3536,-29.9338],[-71.3507,-29.9308],[-71.3398,-29.9298],[-71.3361,-29.9318],[-71.3263,-29.9412],[-71.3197,-29.9433],[-71.2978,-29.9339],[-71.2866,-29.9103],[-71.2826,-29.8801],[-71.2821,-29.8508],[-71.2851,-29.8361],[-71.2929,-29.8255],[-71.3125,-29.8097],[-71.3194,-29.8],[-71.3241,-29.7873],[-71.3359,-29.7281],[-71.3354,-29.7112],[-71.3265,-29.7038],[-71.3202,-29.697],[-71.3175,-29.6818],[-71.3185,-29.6656],[-71.3231,-29.6559],[-71.2972,-29.6227],[-71.2881,-29.6031],[-71.2988,-29.5945],[-71.3115,-29.5867],[-71.3234,-29.5678],[-71.3322,-29.5449],[-71.336,-29.525],[-71.3335,-29.5041],[-71.3194,-29.4719],[-71.3142,-29.444],[-71.3101,-29.433],[-71.3072,-29.4212],[-71.3088,-29.4089],[-71.3146,-29.4011],[-71.33,-29.3908],[-71.336,-29.381],[-71.3412,-29.3572],[-71.3428,-29.3366],[-71.3472,-29.3168],[-71.3609,-29.2956],[-71.3761,-29.2824],[-71.4694,-29.2288],[-71.4869,-29.2118],[-71.4871,-29.2113],[-71.487,-29.2112],[-71.4857,-29.2103],[-71.4514,-29.1938],[-71.3924,-29.1845],[-71.364,-29.1866],[-71.3373,-29.1924],[-71.2983,-29.2085],[-71.2806,-29.2182],[-71.2642,-29.2302],[-71.2523,-29.2431],[-71.2441,-29.2569],[-71.2266,-29.3019],[-71.2156,-29.3187],[-71.1993,-29.3355],[-71.1824,-29.342],[-71.1651,-29.3421],[-71.1357,-29.3346],[-71.1244,-29.3333],[-71.1169,-29.3358],[-71.1105,-29.3409],[-71.1069,-29.3486],[-71.1046,-29.3563],[-71.1011,-29.3641],[-71.0928,-29.374],[-71.0745,-29.3861],[-71.0524,-29.3858],[-71.0355,-29.3772],[-71.0221,-29.3614],[-71.0078,-29.332],[-71.0007,-29.3113],[-70.9836,-29.2276],[-70.9795,-29.215],[-70.9747,-29.2066],[-70.9527,-29.1954],[-70.9174,-29.1846],[-70.7938,-29.1619],[-70.7628,-29.1513],[-70.7478,-29.1385],[-70.7389,-29.1246],[-70.7345,-29.1092],[-70.7327,-29.0963],[-70.7292,-29.0862],[-70.7226,-29.0782],[-70.7081,-29.0709],[-70.6918,-29.0691],[-70.6728,-29.071],[-70.6053,-29.0915],[-70.5885,-29.1013],[-70.5738,-29.1171],[-70.5515,-29.1774],[-70.4703,-29.4749],[-70.456,-29.5109],[-70.4431,-29.532],[-70.4235,-29.5541],[-70.3591,-29.5935],[-70.3476,-29.6047],[-70.3378,-29.6193],[-70.3188,-29.6573],[-70.3022,-29.6756],[-70.2743,-29.691],[-70.1902,-29.7066],[-70.1666,-29.7159],[-70.1377,-29.7315],[-70.1124,-29.7413],[-70.0892,-29.747],[-70.0034,-29.7479],[-69.9953,-29.7464],[-69.9836,-29.7425],[-69.9493,-29.7255],[-69.9298,-29.718],[-69.9294,-29.7179]]]}},{"type":"Feature","properties":{"id":"CHL-2700","name":"La Araucanía","nameBn":"আরাকানিয়া অঞ্চল","type":"Region","bounds":[-73.9548,-39.7473,-70.8343,-37.6332],"center":[-72.3806,-38.738]},"geometry":{"type":"MultiPolygon","coordinates":[[[[-71.0161,-38.1437],[-71.01,-38.1623],[-71.009,-38.1651],[-71.0087,-38.1676],[-71.009,-38.1703],[-71.0179,-38.2037],[-71.0197,-38.2343],[-71.0167,-38.2647],[-70.9738,-38.4247],[-70.9505,-38.4594],[-70.9173,-38.483],[-70.8798,-38.503],[-70.8487,-38.5276],[-70.8343,-38.5644],[-70.8376,-38.5845],[-70.8477,-38.6],[-70.873,-38.6278],[-70.8834,-38.6431],[-70.8851,-38.6495],[-70.8858,-38.6605],[-70.883,-38.6688],[-70.877,-38.675],[-70.8723,-38.6816],[-70.8738,-38.6914],[-70.8794,-38.6946],[-70.9095,-38.7064],[-70.9154,-38.7122],[-70.9295,-38.7358],[-70.945,-38.7472],[-70.9672,-38.7508],[-71.01,-38.7463],[-71.0484,-38.7466],[-71.0787,-38.7571],[-71.1369,-38.7922],[-71.1528,-38.7988],[-71.228,-38.8088],[-71.236,-38.8116],[-71.241,-38.8185],[-71.2538,-38.8327],[-71.2798,-38.8502],[-71.3707,-38.888],[-71.3999,-38.9105],[-71.4158,-38.9353],[-71.4302,-38.9991],[-71.431,-39.026],[-71.4127,-39.1006],[-71.402,-39.236],[-71.412,-39.318],[-71.4202,-39.3421],[-71.4391,-39.356],[-71.4606,-39.3672],[-71.4765,-39.383],[-71.4776,-39.4022],[-71.4617,-39.4338],[-71.4704,-39.4491],[-71.4825,-39.4611],[-71.5014,-39.4883],[-71.5157,-39.5013],[-71.542,-39.5323],[-71.4957,-39.5656],[-71.5035,-39.6017],[-71.52,-39.615],[-71.5367,-39.6157],[-71.555,-39.6128],[-71.5764,-39.6147],[-71.6008,-39.6195],[-71.6178,-39.6166],[-71.6324,-39.6076],[-71.6411,-39.6],[-71.6421,-39.5978],[-71.6434,-39.5949],[-71.6447,-39.5919],[-71.6461,-39.5891],[-71.6484,-39.5758],[-71.6506,-39.5626],[-71.6529,-39.5495],[-71.6552,-39.5362],[-71.6578,-39.5317],[-71.6603,-39.5271],[-71.6628,-39.5226],[-71.6654,-39.518],[-71.6692,-39.5125],[-71.6731,-39.507],[-71.677,-39.5015],[-71.6809,-39.496],[-71.6853,-39.4923],[-71.6896,-39.4886],[-71.6939,-39.4849],[-71.6983,-39.4812],[-71.7025,-39.4783],[-71.7068,-39.4754],[-71.711,-39.4725],[-71.7153,-39.4695],[-71.7193,-39.4674],[-71.7232,-39.4653],[-71.7272,-39.4633],[-71.7311,-39.4612],[-71.7353,-39.4596],[-71.7395,-39.4579],[-71.7438,-39.4562],[-71.7479,-39.4546],[-71.7547,-39.4545],[-71.7702,-39.4554],[-71.7872,-39.4588],[-71.7985,-39.4663],[-71.8268,-39.5137],[-71.8638,-39.5747],[-71.9027,-39.6375],[-71.9369,-39.69],[-71.992,-39.7297],[-72.0673,-39.7451],[-72.1413,-39.7473],[-72.1926,-39.7472],[-72.2206,-39.7439],[-72.2426,-39.7329],[-72.264,-39.7207],[-72.2901,-39.7136],[-72.3197,-39.7192],[-72.3477,-39.7309],[-72.3738,-39.733],[-72.3978,-39.7102],[-72.4335,-39.6728],[-72.4869,-39.643],[-72.5453,-39.6232],[-72.5962,-39.616],[-72.6507,-39.6098],[-72.7194,-39.5967],[-72.7887,-39.5848],[-72.8451,-39.5824],[-72.8853,-39.5877],[-72.917,-39.5921],[-72.943,-39.5933],[-72.9662,-39.5892],[-72.9762,-39.5608],[-72.9683,-39.5059],[-72.9534,-39.4473],[-72.9426,-39.4075],[-72.9441,-39.3898],[-72.9569,-39.3798],[-72.9786,-39.3735],[-73.0065,-39.3672],[-73.0353,-39.3643],[-73.059,-39.3677],[-73.0752,-39.373],[-73.0812,-39.3758],[-73.0851,-39.378],[-73.089,-39.3802],[-73.0928,-39.3824],[-73.0967,-39.3846],[-73.1081,-39.3862],[-73.1196,-39.3877],[-73.1311,-39.3893],[-73.1425,-39.3909],[-73.1684,-39.3896],[-73.1943,-39.3883],[-73.2202,-39.387],[-73.246,-39.3857],[-73.2462,-39.3858],[-73.2463,-39.3858],[-73.2465,-39.3858],[-73.2465,-39.3858],[-73.2467,-39.3859],[-73.249,-39.3797],[-73.2436,-39.3691],[-73.2342,-39.3632],[-73.2251,-39.3561],[-73.2211,-39.3417],[-73.2243,-39.3181],[-73.236,-39.2704],[-73.2353,-39.2493],[-73.2117,-39.2135],[-73.2098,-39.1938],[-73.2353,-39.1809],[-73.233,-39.2066],[-73.2381,-39.2221],[-73.2454,-39.2213],[-73.2521,-39.1779],[-73.2658,-39.1435],[-73.2834,-39.0753],[-73.3613,-38.9138],[-73.4334,-38.6869],[-73.4408,-38.6869],[-73.4376,-38.7336],[-73.4272,-38.7763],[-73.4375,-38.7721],[-73.4451,-38.7614],[-73.4545,-38.7348],[-73.4576,-38.7145],[-73.4585,-38.6936],[-73.4615,-38.6738],[-73.4832,-38.6375],[-73.5023,-38.571],[-73.5156,-38.5392],[-73.5207,-38.5216],[-73.5251,-38.4757],[-73.5248,-38.4781],[-73.5239,-38.4774],[-73.4627,-38.4589],[-73.3885,-38.4285],[-73.3642,-38.4254],[-73.3479,-38.4293],[-73.3352,-38.4555],[-73.3259,-38.4693],[-73.3058,-38.4815],[-73.2913,-38.4847],[-73.2705,-38.4768],[-73.267,-38.4486],[-73.2914,-38.3749],[-73.2898,-38.3506],[-73.2808,-38.3317],[-73.2661,-38.3195],[-73.2331,-38.2976],[-73.2121,-38.2797],[-73.0914,-38.1378],[-73.0872,-38.1159],[-73.0973,-38.0993],[-73.1382,-38.0798],[-73.155,-38.0668],[-73.1654,-38.048],[-73.1666,-38.025],[-73.1594,-38.0018],[-73.1465,-37.981],[-73.1383,-37.9615],[-73.1355,-37.9406],[-73.1346,-37.9178],[-73.1307,-37.8931],[-73.1182,-37.8774],[-73.0778,-37.8438],[-73.0592,-37.8113],[-73.0566,-37.7895],[-73.0632,-37.7713],[-73.1051,-37.7367],[-73.1119,-37.722],[-73.109,-37.7087],[-73.082,-37.6594],[-73.0716,-37.6493],[-73.0611,-37.6472],[-73.0484,-37.6505],[-73.0331,-37.6569],[-73.0145,-37.6618],[-72.9918,-37.665],[-72.9729,-37.6645],[-72.8973,-37.6383],[-72.8353,-37.6332],[-72.6944,-37.6421],[-72.6689,-37.6465],[-72.6298,-37.6584],[-72.587,-37.666],[-72.5472,-37.6688],[-72.5244,-37.6725],[-72.5056,-37.6795],[-72.4961,-37.6909],[-72.4912,-37.7063],[-72.4893,-37.724],[-72.4852,-37.7443],[-72.4749,-37.7602],[-72.4371,-37.7898],[-72.4215,-37.8048],[-72.3938,-37.8393],[-72.3772,-37.8536],[-72.3478,-37.8682],[-72.2716,-37.8902],[-72.2188,-37.9138],[-72.1717,-37.9415],[-72.1551,-37.9535],[-72.1395,-37.9676],[-72.1138,-38.0001],[-72.1023,-38.0093],[-72.0892,-38.0165],[-72.0722,-38.0201],[-72.0517,-38.0193],[-72.0161,-38.0125],[-71.9926,-38.0055],[-71.9798,-38.0036],[-71.963,-38.0067],[-71.9464,-38.0159],[-71.9287,-38.0303],[-71.907,-38.0436],[-71.8842,-38.0495],[-71.8593,-38.0485],[-71.8125,-38.0365],[-71.788,-38.0344],[-71.7558,-38.0394],[-71.7344,-38.0481],[-71.7206,-38.0571],[-71.7161,-38.0654],[-71.7179,-38.0719],[-71.7269,-38.0786],[-71.7445,-38.0891],[-71.7471,-38.0942],[-71.7456,-38.1023],[-71.715,-38.1321],[-71.7088,-38.1503],[-71.7039,-38.1697],[-71.7011,-38.1939],[-71.6933,-38.2172],[-71.6798,-38.2322],[-71.6551,-38.2461],[-71.6351,-38.2375],[-71.6121,-38.2153],[-71.5978,-38.209],[-71.5592,-38.2022],[-71.5411,-38.1948],[-71.5239,-38.1854],[-71.4841,-38.1711],[-71.4641,-38.1609],[-71.4163,-38.1083],[-71.4041,-38.0977],[-71.3897,-38.0892],[-71.3294,-38.0665],[-71.3129,-38.0631],[-71.2968,-38.0617],[-71.2025,-38.0699],[-71.1498,-38.0836],[-71.0587,-38.1175],[-71.0473,-38.1233],[-71.017,-38.1432],[-71.0161,-38.1437]]],[[[-73.8824,-38.3608],[-73.8753,-38.3684],[-73.8716,-38.3867],[-73.8782,-38.4015],[-73.885,-38.4096],[-73.8922,-38.414],[-73.8992,-38.4142],[-73.9121,-38.4099],[-73.928,-38.3961],[-73.947,-38.3728],[-73.95,-38.358],[-73.9496,-38.339],[-73.9548,-38.3224],[-73.9534,-38.3136],[-73.9308,-38.3238],[-73.8824,-38.3608]]]]}},{"type":"Feature","properties":{"id":"CHL-2703","name":"Libertador General Bernardo O'Higgins","nameBn":"লিবের্তাদোর হেনেরাল বের্নার্দো ও'হিগিন্স অঞ্চল","type":"Region","bounds":[-72.103,-35.0274,-70.0482,-33.8988],"center":[-71.0756,-34.5255]},"geometry":{"type":"Polygon","coordinates":[[[-70.0482,-34.2835],[-70.0576,-34.2912],[-70.0645,-34.3135],[-70.0637,-34.3437],[-70.0594,-34.3729],[-70.0587,-34.3958],[-70.0676,-34.4146],[-70.1143,-34.4474],[-70.1284,-34.4695],[-70.1507,-34.5181],[-70.1678,-34.5384],[-70.2092,-34.568],[-70.2278,-34.5853],[-70.2424,-34.6194],[-70.2522,-34.6958],[-70.2731,-34.727],[-70.2931,-34.7365],[-70.3094,-34.7397],[-70.3163,-34.7456],[-70.3075,-34.7631],[-70.2928,-34.7776],[-70.2807,-34.7864],[-70.2767,-34.7982],[-70.3537,-34.9533],[-70.3726,-35.0247],[-70.3724,-35.0274],[-70.5171,-34.9999],[-70.5388,-34.9993],[-70.5566,-35.0012],[-70.6149,-35.0141],[-70.6319,-35.0154],[-70.6492,-35.014],[-70.6662,-35.0083],[-70.6758,-35.0035],[-70.6805,-35.0005],[-70.7621,-34.9328],[-70.7851,-34.9199],[-70.8088,-34.9153],[-70.8931,-34.923],[-70.9203,-34.9221],[-70.957,-34.9154],[-71.0006,-34.9001],[-71.0536,-34.8725],[-71.0803,-34.8636],[-71.1147,-34.8563],[-71.1309,-34.8491],[-71.1408,-34.8409],[-71.1477,-34.8287],[-71.1524,-34.8234],[-71.1575,-34.8205],[-71.1705,-34.8184],[-71.1886,-34.8199],[-71.2157,-34.8282],[-71.2561,-34.8492],[-71.2733,-34.854],[-71.3257,-34.8452],[-71.3372,-34.8503],[-71.3518,-34.8626],[-71.3587,-34.8669],[-71.3691,-34.8721],[-71.3759,-34.8793],[-71.3903,-34.9043],[-71.3993,-34.9158],[-71.418,-34.9253],[-71.4443,-34.9301],[-71.6412,-34.9214],[-71.6696,-34.9247],[-71.688,-34.9307],[-71.697,-34.9386],[-71.7078,-34.9459],[-71.7213,-34.9514],[-71.7368,-34.951],[-71.7555,-34.9419],[-71.7678,-34.9326],[-71.7992,-34.8925],[-71.8181,-34.8753],[-71.8319,-34.8689],[-71.8576,-34.8619],[-71.9118,-34.859],[-71.9299,-34.856],[-71.9426,-34.8503],[-71.9879,-34.8111],[-72.0532,-34.7771],[-72.1012,-34.7609],[-72.103,-34.7609],[-72.0976,-34.7503],[-72.0935,-34.7341],[-72.0629,-34.6785],[-72.0572,-34.6588],[-72.0539,-34.5695],[-72.0424,-34.5079],[-72.0426,-34.4861],[-72.0528,-34.4494],[-72.0555,-34.4282],[-72.0481,-34.4039],[-72.0307,-34.3899],[-72.0106,-34.3806],[-71.9952,-34.37],[-71.9891,-34.3552],[-71.9871,-34.3351],[-71.9891,-34.2542],[-71.9952,-34.2125],[-72.0049,-34.1979],[-72.0189,-34.1814],[-72.0268,-34.1627],[-72.0185,-34.1408],[-71.9728,-34.092],[-71.9605,-34.0753],[-71.9437,-34.0397],[-71.9314,-34.0221],[-71.9066,-34.0095],[-71.9048,-33.9975],[-71.9058,-33.9837],[-71.9053,-33.9728],[-71.9003,-33.9649],[-71.8779,-33.9455],[-71.8713,-33.9328],[-71.8699,-33.933],[-71.8388,-33.9329],[-71.829,-33.9342],[-71.8207,-33.9368],[-71.8088,-33.9433],[-71.801,-33.9459],[-71.7915,-33.9434],[-71.7856,-33.9407],[-71.7797,-33.94],[-71.768,-33.95],[-71.7604,-33.9545],[-71.7507,-33.9587],[-71.7335,-33.9625],[-71.7179,-33.9712],[-71.7121,-33.9814],[-71.7065,-33.9856],[-71.6728,-33.9992],[-71.6238,-34.0399],[-71.6046,-34.0348],[-71.596,-34.0311],[-71.558,-34.0214],[-71.5444,-34.022],[-71.5247,-34.0258],[-71.4645,-34.047],[-71.3784,-34.0978],[-71.3676,-34.1027],[-71.3564,-34.1041],[-71.3435,-34.0961],[-71.3327,-34.0871],[-71.3181,-34.0816],[-71.2982,-34.0869],[-71.1824,-34.1648],[-71.1558,-34.1754],[-71.1302,-34.1819],[-71.0948,-34.1858],[-71.0668,-34.1858],[-70.9876,-34.1733],[-70.9667,-34.1626],[-70.9491,-34.151],[-70.9086,-34.0981],[-70.8916,-34.0844],[-70.8335,-34.0467],[-70.822,-34.0365],[-70.815,-34.0274],[-70.8101,-34.0151],[-70.8094,-34.0014],[-70.8098,-33.9996],[-70.8136,-33.9648],[-70.8116,-33.9576],[-70.8032,-33.9552],[-70.7902,-33.9548],[-70.7614,-33.9568],[-70.7419,-33.9532],[-70.7267,-33.9489],[-70.7154,-33.943],[-70.7022,-33.938],[-70.6805,-33.9348],[-70.6194,-33.9375],[-70.5865,-33.934],[-70.456,-33.8988],[-70.4376,-33.9002],[-70.4134,-33.9157],[-70.3936,-33.9356],[-70.3681,-33.9673],[-70.3494,-33.9973],[-70.3397,-34.0253],[-70.3299,-34.0442],[-70.314,-34.06],[-70.2887,-34.0707],[-70.2651,-34.0721],[-70.222,-34.0683],[-70.2045,-34.0715],[-70.1888,-34.0815],[-70.176,-34.0975],[-70.1661,-34.1204],[-70.1616,-34.142],[-70.1557,-34.1579],[-70.1464,-34.1753],[-70.0898,-34.2091],[-70.0731,-34.2265],[-70.0607,-34.2434],[-70.0482,-34.2835]]]}},{"type":"Feature","properties":{"id":"CHL-2704","name":"Los Lagos","nameBn":"লস লাগোস অঞ্চল","type":"Region","bounds":[-74.4072,-44.045,-71.6593,-40.273],"center":[-72.9043,-41.0592]},"geometry":{"type":"MultiPolygon","coordinates":[[[[-71.7693,-41.9996],[-71.7625,-42.0074],[-71.7439,-42.0244],[-71.7396,-42.0319],[-71.7363,-42.0839],[-71.7494,-42.1044],[-71.7731,-42.12],[-71.8013,-42.1303],[-71.8718,-42.1397],[-71.8843,-42.1442],[-71.8937,-42.1526],[-71.9008,-42.1631],[-71.9095,-42.1723],[-71.9238,-42.1769],[-71.948,-42.1673],[-71.9614,-42.1449],[-71.9775,-42.1253],[-72.0098,-42.1247],[-72.0399,-42.1447],[-72.0514,-42.1705],[-72.0589,-42.1976],[-72.0772,-42.2212],[-72.103,-42.2409],[-72.1247,-42.2633],[-72.1337,-42.2876],[-72.1216,-42.313],[-72.0699,-42.35],[-72.0607,-42.3689],[-72.0767,-42.4234],[-72.0752,-42.4338],[-72.0458,-42.4699],[-72.0392,-42.4812],[-72.0419,-42.491],[-72.0928,-42.5108],[-72.1226,-42.5299],[-72.1432,-42.5571],[-72.1484,-42.5926],[-72.1454,-42.6005],[-72.1346,-42.6148],[-72.1316,-42.6241],[-72.1325,-42.6317],[-72.1415,-42.6557],[-72.1399,-42.6698],[-72.1256,-42.7039],[-72.1213,-42.7197],[-72.1127,-42.8638],[-72.1195,-42.8986],[-72.1421,-42.9637],[-72.1485,-42.9987],[-72.1293,-43.0422],[-72.0961,-43.0785],[-72.0544,-43.1054],[-72.0098,-43.1204],[-71.8619,-43.1332],[-71.7702,-43.1614],[-71.7502,-43.1725],[-71.743,-43.1901],[-71.7457,-43.1992],[-71.7551,-43.2164],[-71.7577,-43.2254],[-71.757,-43.2353],[-71.7514,-43.251],[-71.7495,-43.2592],[-71.7484,-43.277],[-71.7507,-43.2953],[-71.7609,-43.3069],[-71.8051,-43.3],[-71.8244,-43.3034],[-71.864,-43.3176],[-71.8894,-43.3192],[-71.9017,-43.322],[-71.9074,-43.3297],[-71.9092,-43.3597],[-71.9123,-43.3678],[-71.9196,-43.3743],[-71.9274,-43.3781],[-71.9349,-43.3828],[-71.941,-43.3918],[-71.9411,-43.3984],[-71.9368,-43.4267],[-71.9421,-43.4342],[-71.9508,-43.4386],[-71.9551,-43.4435],[-71.9474,-43.4532],[-71.9373,-43.4569],[-71.9269,-43.4548],[-71.9165,-43.4509],[-71.9062,-43.4492],[-71.8861,-43.4534],[-71.8688,-43.4626],[-71.8583,-43.4774],[-71.8586,-43.4986],[-71.8588,-43.4993],[-71.8783,-43.5192],[-71.8815,-43.5245],[-71.8738,-43.5389],[-71.8511,-43.5426],[-71.8234,-43.5421],[-71.8007,-43.5442],[-71.7898,-43.5494],[-71.7835,-43.5554],[-71.7788,-43.5615],[-71.7727,-43.5675],[-71.7662,-43.572],[-71.7238,-43.5948],[-71.7143,-43.6022],[-71.7107,-43.6141],[-71.7037,-43.6716],[-71.7092,-43.6844],[-71.7257,-43.6974],[-71.7443,-43.7052],[-71.7864,-43.7172],[-71.8032,-43.726],[-71.8134,-43.7394],[-71.8192,-43.7581],[-71.8155,-43.7744],[-71.7971,-43.7808],[-71.7755,-43.7756],[-71.762,-43.7689],[-71.755,-43.7714],[-71.753,-43.7936],[-71.7556,-43.8027],[-71.7608,-43.8096],[-71.7643,-43.8173],[-71.7618,-43.8284],[-71.7558,-43.8345],[-71.7369,-43.8418],[-71.7287,-43.8462],[-71.7158,-43.8587],[-71.6599,-43.9263],[-71.6593,-43.9397],[-71.6696,-43.9598],[-71.7453,-44.045],[-71.7458,-44.0445],[-71.7948,-44.0009],[-71.7964,-44.0],[-71.9676,-43.9605],[-72.0892,-43.9575],[-72.1077,-43.9545],[-72.1295,-43.9463],[-72.1416,-43.9398],[-72.164,-43.9173],[-72.1679,-43.9094],[-72.1812,-43.8917],[-72.1926,-43.8801],[-72.2072,-43.8685],[-72.221,-43.8607],[-72.2492,-43.8484],[-72.2609,-43.8413],[-72.2704,-43.8315],[-72.2736,-43.8246],[-72.2726,-43.8176],[-72.2636,-43.8048],[-72.2601,-43.7976],[-72.2612,-43.7929],[-72.2663,-43.7883],[-72.2837,-43.7779],[-72.3212,-43.7485],[-72.3361,-43.7389],[-72.3482,-43.733],[-72.364,-43.7296],[-72.3823,-43.7294],[-72.4207,-43.7343],[-72.4425,-43.7403],[-72.5153,-43.7727],[-72.5269,-43.776],[-72.5432,-43.7779],[-72.5617,-43.7773],[-72.5839,-43.7726],[-72.5963,-43.7677],[-72.6105,-43.7597],[-72.6181,-43.7562],[-72.6291,-43.7527],[-72.7263,-43.7389],[-72.7507,-43.7331],[-72.7683,-43.7257],[-72.7771,-43.7176],[-72.7836,-43.7084],[-72.8075,-43.6577],[-72.8149,-43.6458],[-72.82,-43.6398],[-72.8254,-43.6365],[-72.8312,-43.6365],[-72.8386,-43.6389],[-72.8493,-43.6476],[-72.8545,-43.655],[-72.8582,-43.6632],[-72.8606,-43.6749],[-72.8639,-43.6835],[-72.8691,-43.6915],[-72.8757,-43.6959],[-72.8822,-43.6973],[-72.8932,-43.695],[-72.9131,-43.687],[-72.926,-43.6876],[-72.9426,-43.6923],[-73.0004,-43.7182],[-73.0423,-43.7296],[-73.0459,-43.7284],[-73.0552,-43.7156],[-73.0436,-43.696],[-73.0252,-43.6852],[-73.0046,-43.6777],[-72.9879,-43.6664],[-72.973,-43.6214],[-72.9534,-43.6149],[-72.9289,-43.6142],[-72.9058,-43.6077],[-72.9171,-43.5886],[-72.933,-43.5859],[-72.9778,-43.5942],[-73.0072,-43.5927],[-73.026,-43.5867],[-73.0387,-43.5742],[-73.0682,-43.5139],[-73.0799,-43.4963],[-73.1113,-43.461],[-73.1118,-43.4433],[-73.0908,-43.4024],[-73.0853,-43.3825],[-73.0846,-43.3163],[-73.0759,-43.3014],[-73.0557,-43.2887],[-72.9547,-43.2472],[-72.93,-43.2441],[-72.9122,-43.2354],[-72.9063,-43.2149],[-72.9081,-43.1901],[-72.9132,-43.169],[-72.9303,-43.1246],[-72.9344,-43.0982],[-72.9229,-43.0864],[-72.9075,-43.0776],[-72.8649,-43.0187],[-72.8481,-43.0109],[-72.8251,-43.0075],[-72.8047,-43.0139],[-72.7899,-43.0545],[-72.7745,-43.0676],[-72.7545,-43.0759],[-72.7345,-43.0797],[-72.7566,-43.0351],[-72.7611,-43.009],[-72.7516,-42.9877],[-72.7501,-42.9789],[-72.7471,-42.9098],[-72.7532,-42.9008],[-72.7686,-42.8884],[-72.8214,-42.8575],[-72.8422,-42.8381],[-72.8506,-42.8097],[-72.8525,-42.7936],[-72.8649,-42.7512],[-72.864,-42.7372],[-72.8612,-42.7248],[-72.86,-42.7117],[-72.8649,-42.6965],[-72.8356,-42.6881],[-72.827,-42.6803],[-72.8238,-42.6653],[-72.8291,-42.6526],[-72.855,-42.6336],[-72.8649,-42.6209],[-72.8671,-42.5904],[-72.8568,-42.5559],[-72.8403,-42.5248],[-72.8238,-42.5042],[-72.7955,-42.4938],[-72.7536,-42.4919],[-72.7108,-42.496],[-72.6798,-42.5042],[-72.6673,-42.5126],[-72.6542,-42.5241],[-72.6392,-42.5341],[-72.6066,-42.5427],[-72.5797,-42.5613],[-72.5631,-42.5657],[-72.5394,-42.5583],[-72.5413,-42.5416],[-72.5585,-42.5248],[-72.5806,-42.5173],[-72.6021,-42.5143],[-72.6588,-42.4911],[-72.6785,-42.4784],[-72.7178,-42.4325],[-72.7222,-42.4225],[-72.7161,-42.4006],[-72.7214,-42.3881],[-72.7297,-42.3845],[-72.7535,-42.3837],[-72.7624,-42.3813],[-72.7731,-42.3658],[-72.7911,-42.3162],[-72.7928,-42.3056],[-72.8141,-42.3054],[-72.8341,-42.3029],[-72.8463,-42.2949],[-72.8437,-42.2783],[-72.8097,-42.2433],[-72.7659,-42.227],[-72.673,-42.2094],[-72.6199,-42.1847],[-72.5946,-42.1821],[-72.5722,-42.1906],[-72.5579,-42.2111],[-72.4562,-42.4409],[-72.4403,-42.4589],[-72.426,-42.463],[-72.4198,-42.4396],[-72.4265,-42.3962],[-72.4403,-42.3541],[-72.4508,-42.3393],[-72.4644,-42.3243],[-72.4762,-42.3078],[-72.4813,-42.2885],[-72.4735,-42.2698],[-72.4548,-42.2589],[-72.4322,-42.2499],[-72.4123,-42.2374],[-72.438,-42.2374],[-72.46,-42.2343],[-72.4754,-42.2231],[-72.4813,-42.1992],[-72.4769,-42.1738],[-72.4652,-42.1635],[-72.4476,-42.158],[-72.426,-42.1472],[-72.4428,-42.1441],[-72.4601,-42.143],[-72.4759,-42.1389],[-72.488,-42.1275],[-72.4901,-42.1169],[-72.4899,-42.0803],[-72.488,-42.0647],[-72.4626,-41.9855],[-72.4643,-41.9762],[-72.4847,-41.9592],[-72.5172,-41.9509],[-72.541,-41.9778],[-72.5607,-42.0134],[-72.5806,-42.0312],[-72.6083,-42.0331],[-72.6178,-42.0312],[-72.6263,-42.016],[-72.633,-42.0095],[-72.6547,-42.0206],[-72.6676,-42.0157],[-72.6789,-42.0058],[-72.6867,-41.9972],[-72.7101,-42.0156],[-72.7373,-42.0139],[-72.8161,-41.9791],[-72.8267,-41.9723],[-72.8375,-41.9623],[-72.8399,-41.9576],[-72.8412,-41.9465],[-72.8437,-41.9418],[-72.8503,-41.9374],[-72.865,-41.9325],[-72.8723,-41.9288],[-72.8803,-41.9233],[-72.888,-41.9166],[-72.8886,-41.9108],[-72.8636,-41.9059],[-72.8545,-41.8998],[-72.8406,-41.8845],[-72.8355,-41.8814],[-72.8212,-41.8766],[-72.817,-41.8742],[-72.8162,-41.8697],[-72.818,-41.858],[-72.817,-41.8537],[-72.8092,-41.8451],[-72.7204,-41.7784],[-72.7035,-41.7712],[-72.6918,-41.7644],[-72.6633,-41.7327],[-72.6451,-41.7228],[-72.6204,-41.7233],[-72.5947,-41.7288],[-72.5695,-41.7306],[-72.5343,-41.7136],[-72.5218,-41.714],[-72.5087,-41.7162],[-72.4949,-41.7166],[-72.4838,-41.7136],[-72.4608,-41.7022],[-72.4247,-41.6964],[-72.4161,-41.6923],[-72.3819,-41.6681],[-72.3766,-41.6655],[-72.3605,-41.6528],[-72.3509,-41.6482],[-72.3396,-41.6469],[-72.3031,-41.6482],[-72.3287,-41.6355],[-72.338,-41.6277],[-72.3434,-41.613],[-72.3417,-41.6002],[-72.3236,-41.5651],[-72.3231,-41.5588],[-72.3247,-41.5445],[-72.3236,-41.5383],[-72.3061,-41.5286],[-72.3031,-41.5241],[-72.3072,-41.5119],[-72.3254,-41.4936],[-72.3304,-41.4832],[-72.3251,-41.457],[-72.2999,-41.4052],[-72.3031,-41.3808],[-72.3214,-41.3674],[-72.3392,-41.3715],[-72.3441,-41.3868],[-72.3236,-41.408],[-72.3297,-41.421],[-72.3448,-41.4421],[-72.3509,-41.4558],[-72.3727,-41.5901],[-72.3819,-41.6098],[-72.3905,-41.6207],[-72.4069,-41.6467],[-72.4161,-41.6583],[-72.4262,-41.664],[-72.4586,-41.6734],[-72.521,-41.6819],[-72.5328,-41.6855],[-72.5428,-41.6928],[-72.5724,-41.7067],[-72.5843,-41.7097],[-72.6094,-41.7067],[-72.6505,-41.6872],[-72.6697,-41.6824],[-72.6775,-41.6736],[-72.6861,-41.6301],[-72.6935,-41.613],[-72.7279,-41.5904],[-72.7311,-41.5862],[-72.7364,-41.5812],[-72.7516,-41.5484],[-72.7589,-41.5439],[-72.7897,-41.5309],[-72.8193,-41.509],[-72.8431,-41.4997],[-72.8539,-41.4972],[-72.8644,-41.4987],[-72.8754,-41.5071],[-72.8856,-41.5117],[-72.8954,-41.5075],[-72.9037,-41.5004],[-72.9095,-41.4968],[-72.9355,-41.4855],[-72.9474,-41.4832],[-72.9573,-41.4836],[-72.978,-41.5157],[-73.0221,-41.5147],[-73.0359,-41.5292],[-73.0356,-41.5568],[-73.0771,-41.5651],[-73.0863,-41.5702],[-73.0954,-41.5727],[-73.1041,-41.5766],[-73.1119,-41.5862],[-73.1061,-41.5909],[-73.0964,-41.6021],[-73.0908,-41.6067],[-73.0941,-41.6105],[-73.0956,-41.6137],[-73.0965,-41.6166],[-73.0983,-41.6203],[-73.0801,-41.6277],[-73.0745,-41.6368],[-73.0771,-41.6651],[-73.0724,-41.674],[-73.0637,-41.6865],[-73.0592,-41.6974],[-73.0669,-41.7022],[-73.0886,-41.7043],[-73.0997,-41.7105],[-73.1186,-41.737],[-73.1292,-41.7475],[-73.1417,-41.7548],[-73.1564,-41.7568],[-73.1733,-41.7507],[-73.2014,-41.7848],[-73.2763,-41.7841],[-73.3632,-41.7735],[-73.4272,-41.778],[-73.4238,-41.7828],[-73.4217,-41.7866],[-73.4188,-41.7895],[-73.4129,-41.7923],[-73.4129,-41.7985],[-73.4354,-41.7932],[-73.4554,-41.796],[-73.4949,-41.8059],[-73.515,-41.8036],[-73.5705,-41.778],[-73.66,-41.7575],[-73.7353,-41.7545],[-73.7599,-41.7488],[-73.7547,-41.741],[-73.7406,-41.7357],[-73.7283,-41.7265],[-73.7107,-41.6976],[-73.7001,-41.6818],[-73.6984,-41.6687],[-73.6949,-41.6516],[-73.6966,-41.6371],[-73.6839,-41.627],[-73.6689,-41.6166],[-73.6395,-41.613],[-73.5819,-41.6148],[-73.5548,-41.6085],[-73.5433,-41.5893],[-73.536,-41.5665],[-73.5034,-41.5299],[-73.4949,-41.5104],[-73.5277,-41.5373],[-73.5478,-41.5666],[-73.5716,-41.5901],[-73.6152,-41.5999],[-73.6266,-41.5981],[-73.6479,-41.5891],[-73.66,-41.5862],[-73.6676,-41.5868],[-73.6849,-41.5914],[-73.6941,-41.5924],[-73.7135,-41.5891],[-73.7449,-41.5756],[-73.7589,-41.5725],[-73.7662,-41.5699],[-73.7704,-41.5645],[-73.775,-41.5603],[-73.7828,-41.5617],[-73.7874,-41.5637],[-73.7927,-41.5651],[-73.7982,-41.5657],[-73.8068,-41.5562],[-73.8103,-41.5457],[-73.7997,-41.5352],[-73.8015,-41.5234],[-73.8137,-41.4971],[-73.8417,-41.4668],[-73.8487,-41.4405],[-73.8538,-41.4221],[-73.8432,-41.3958],[-73.8412,-41.3328],[-73.8548,-41.279],[-73.8741,-41.2278],[-73.895,-41.1844],[-73.9197,-41.1527],[-73.914,-41.1345],[-73.9175,-41.1161],[-73.9317,-41.0949],[-73.9299,-41.0752],[-73.9406,-41.05],[-73.9369,-41.0211],[-73.9407,-40.994],[-73.9469,-40.9728],[-73.938,-40.9595],[-73.9261,-40.9539],[-73.9021,-40.9495],[-73.8919,-40.9373],[-73.8726,-40.9306],[-73.8546,-40.9162],[-73.8562,-40.9017],[-73.8742,-40.8894],[-73.8889,-40.8782],[-73.8932,-40.8638],[-73.8902,-40.8527],[-73.8798,-40.8405],[-73.8708,-40.8205],[-73.8709,-40.7948],[-73.8622,-40.7647],[-73.8456,-40.7393],[-73.828,-40.7159],[-73.8089,-40.706],[-73.8222,-40.6903],[-73.8385,-40.6768],[-73.8415,-40.6667],[-73.8313,-40.6578],[-73.821,-40.641],[-73.8048,-40.631],[-73.7607,-40.6078],[-73.749,-40.5743],[-73.7285,-40.5442],[-73.7373,-40.5229],[-73.7481,-40.5037],[-73.7482,-40.4884],[-73.7513,-40.4757],[-73.7623,-40.4553],[-73.7694,-40.4478],[-73.776,-40.4435],[-73.7809,-40.4373],[-73.7828,-40.4246],[-73.7797,-40.4155],[-73.7655,-40.4016],[-73.7623,-40.3902],[-73.7629,-40.3476],[-73.7611,-40.3278],[-73.7486,-40.273],[-73.7455,-40.2766],[-73.7338,-40.2845],[-73.7092,-40.2924],[-73.6677,-40.296],[-73.613,-40.296],[-73.5551,-40.296],[-73.4993,-40.296],[-73.4509,-40.296],[-73.3973,-40.3049],[-73.3297,-40.3245],[-73.26,-40.3442],[-73.1999,-40.353],[-73.1366,-40.3474],[-73.0616,-40.3416],[-72.9929,-40.353],[-72.9488,-40.3987],[-72.928,-40.4556],[-72.9103,-40.4943],[-72.8863,-40.5223],[-72.8462,-40.547],[-72.7898,-40.5795],[-72.7206,-40.6183],[-72.6343,-40.6529],[-72.5267,-40.6726],[-72.3976,-40.6756],[-72.2642,-40.6711],[-72.1479,-40.6645],[-72.0702,-40.6611],[-72.0114,-40.6513],[-71.9475,-40.6265],[-71.8926,-40.5935],[-71.8606,-40.5594],[-71.8509,-40.5703],[-71.8477,-40.5796],[-71.8531,-40.6164],[-71.8734,-40.6471],[-71.9496,-40.7093],[-71.9556,-40.7204],[-71.9212,-40.8277],[-71.9107,-40.8501],[-71.8709,-40.8957],[-71.8599,-40.9134],[-71.8514,-40.9383],[-71.8514,-40.9577],[-71.8677,-40.999],[-71.8674,-41.0102],[-71.8672,-41.0202],[-71.8528,-41.0572],[-71.854,-41.0789],[-71.8626,-41.1146],[-71.8659,-41.1504],[-71.8713,-41.1667],[-71.8814,-41.1726],[-71.8894,-41.1798],[-71.8885,-41.2003],[-71.8759,-41.2336],[-71.8734,-41.2492],[-71.8777,-41.2698],[-71.9022,-41.3359],[-71.904,-41.3677],[-71.8923,-41.4054],[-71.8843,-41.4229],[-71.8798,-41.4367],[-71.8788,-41.4511],[-71.8812,-41.4704],[-71.8887,-41.5002],[-71.8881,-41.5128],[-71.8807,-41.5297],[-71.8681,-41.5451],[-71.8569,-41.556],[-71.8533,-41.5673],[-71.8635,-41.5845],[-71.8777,-41.5949],[-71.9119,-41.6102],[-71.926,-41.6229],[-71.9259,-41.653],[-71.869,-41.7155],[-71.8586,-41.7486],[-71.8569,-41.7861],[-71.8389,-41.8133],[-71.8147,-41.8378],[-71.794,-41.8675],[-71.7744,-41.9392],[-71.7751,-41.9564],[-71.7799,-41.9723],[-71.7807,-41.9864],[-71.7693,-41.9996]]],[[[-73.6115,-42.9362],[-73.5884,-42.9135],[-73.5528,-42.9186],[-73.4918,-42.943],[-73.4606,-42.9464],[-73.4206,-42.9557],[-73.3845,-42.9706],[-73.3651,-42.9908],[-73.3735,-42.9904],[-73.3804,-42.9928],[-73.3863,-42.9959],[-73.3922,-42.9982],[-73.4238,-42.9975],[-73.4501,-42.9937],[-73.4723,-42.9846],[-73.4918,-42.9672],[-73.5026,-42.961],[-73.534,-42.9544],[-73.5467,-42.9469],[-73.5588,-42.9418],[-73.5968,-42.9394],[-73.6115,-42.9362]]],[[[-73.6047,-42.5793],[-73.5993,-42.5939],[-73.6085,-42.6222],[-73.6072,-42.6374],[-73.6168,-42.6388],[-73.6553,-42.6238],[-73.6724,-42.6227],[-73.6891,-42.6241],[-73.7056,-42.6281],[-73.7214,-42.6345],[-73.7334,-42.6264],[-73.7489,-42.6122],[-73.755,-42.5988],[-73.7384,-42.593],[-73.6631,-42.5867],[-73.6469,-42.5815],[-73.6339,-42.572],[-73.621,-42.568],[-73.6047,-42.5793]]],[[[-73.4123,-42.5256],[-73.4131,-42.5295],[-73.4183,-42.5383],[-73.4202,-42.5424],[-73.421,-42.5479],[-73.4208,-42.5534],[-73.4194,-42.5642],[-73.4212,-42.5636],[-73.432,-42.5546],[-73.4713,-42.5007],[-73.4796,-42.4953],[-73.4891,-42.4934],[-73.4991,-42.4929],[-73.5091,-42.4911],[-73.5452,-42.4731],[-73.5532,-42.47],[-73.5692,-42.4674],[-73.6127,-42.4518],[-73.6252,-42.4435],[-73.629,-42.4352],[-73.6313,-42.4247],[-73.6326,-42.405],[-73.6373,-42.398],[-73.6461,-42.3932],[-73.6516,-42.3865],[-73.6463,-42.3738],[-73.631,-42.3679],[-73.6071,-42.3687],[-73.5432,-42.3792],[-73.5338,-42.3923],[-73.5291,-42.4094],[-73.519,-42.4257],[-73.4174,-42.5177],[-73.4123,-42.5256]]],[[[-73.0876,-42.2475],[-73.0795,-42.2566],[-73.0723,-42.2669],[-73.0692,-42.2779],[-73.0732,-42.289],[-73.0892,-42.2996],[-73.1162,-42.3103],[-73.1416,-42.3137],[-73.1528,-42.3024],[-73.1588,-42.3015],[-73.1711,-42.2929],[-73.182,-42.283],[-73.1835,-42.2783],[-73.1875,-42.2727],[-73.1925,-42.2608],[-73.1939,-42.2491],[-73.187,-42.2442],[-73.1767,-42.2501],[-73.1605,-42.2731],[-73.1454,-42.2783],[-73.1232,-42.2529],[-73.1061,-42.241],[-73.0876,-42.2475]]],[[[-72.5427,-42.141],[-72.608,-42.1119],[-72.6178,-42.1036],[-72.6107,-42.0885],[-72.5942,-42.0715],[-72.5749,-42.0574],[-72.5597,-42.0517],[-72.5299,-42.0536],[-72.5148,-42.0605],[-72.5093,-42.0733],[-72.5066,-42.1164],[-72.508,-42.1389],[-72.5182,-42.1506],[-72.5427,-42.141]]],[[[-74.3346,-43.2817],[-74.3633,-43.2917],[-74.3795,-43.2693],[-74.401,-43.2604],[-74.4072,-43.2379],[-74.4031,-43.2307],[-74.3755,-43.217],[-74.3584,-43.1774],[-74.3588,-43.1584],[-74.3538,-43.1531],[-74.3297,-43.1428],[-74.3117,-43.1375],[-74.3079,-43.1248],[-74.3242,-43.1183],[-74.3341,-43.1103],[-74.3384,-43.1],[-74.3306,-43.0877],[-74.3179,-43.0721],[-74.299,-43.0758],[-74.2801,-43.0685],[-74.2573,-43.0466],[-74.2396,-43.0329],[-74.2295,-43.0229],[-74.2282,-43.0101],[-74.2495,-43.0028],[-74.2557,-42.9909],[-74.2468,-42.9809],[-74.2192,-42.9773],[-74.2117,-42.9636],[-74.2153,-42.9463],[-74.2253,-42.9381],[-74.2327,-42.9289],[-74.2322,-42.9167],[-74.2231,-42.9133],[-74.2115,-42.912],[-74.1825,-42.9035],[-74.1674,-42.8825],[-74.1622,-42.8597],[-74.1621,-42.8406],[-74.1721,-42.8287],[-74.167,-42.8169],[-74.1569,-42.8041],[-74.1618,-42.7923],[-74.1705,-42.7831],[-74.1704,-42.7667],[-74.1504,-42.7586],[-74.1465,-42.7476],[-74.149,-42.7321],[-74.1614,-42.7184],[-74.1539,-42.7102],[-74.1389,-42.7039],[-74.1314,-42.693],[-74.1275,-42.6711],[-74.1284,-42.6411],[-74.1369,-42.6038],[-74.1443,-42.5782],[-74.1534,-42.5589],[-74.1566,-42.5523],[-74.1612,-42.5465],[-74.1653,-42.5392],[-74.1671,-42.5281],[-74.1742,-42.524],[-74.1856,-42.521],[-74.1937,-42.5142],[-74.1904,-42.4969],[-74.183,-42.4834],[-74.1847,-42.4639],[-74.1897,-42.4526],[-74.1896,-42.4319],[-74.1538,-42.3615],[-74.1432,-42.3186],[-74.1595,-42.2901],[-74.1688,-42.2653],[-74.1595,-42.2413],[-74.1471,-42.2165],[-74.1234,-42.1948],[-74.0695,-42.1529],[-74.0533,-42.1303],[-74.0563,-42.1123],[-74.064,-42.0895],[-74.06,-42.0807],[-74.0517,-42.0693],[-74.0453,-42.0578],[-74.0466,-42.0486],[-74.0499,-42.0406],[-74.0588,-41.9879],[-74.0587,-41.9653],[-74.0553,-41.945],[-74.0466,-41.9363],[-74.0531,-41.9333],[-74.0446,-41.9269],[-74.0321,-41.921],[-74.0264,-41.9189],[-74.0124,-41.9078],[-74.0091,-41.9008],[-74.0088,-41.8879],[-74.0204,-41.8669],[-74.0306,-41.8531],[-74.0398,-41.8469],[-74.0568,-41.843],[-74.0621,-41.8333],[-74.0622,-41.82],[-74.064,-41.8059],[-74.0535,-41.7989],[-74.0455,-41.7875],[-74.0398,-41.7766],[-74.036,-41.7712],[-74.0226,-41.7707],[-74.0153,-41.7784],[-74.0092,-41.7877],[-73.9991,-41.7923],[-73.9888,-41.7945],[-73.97,-41.8038],[-73.9591,-41.8077],[-73.9546,-41.8107],[-73.9499,-41.8122],[-73.9439,-41.809],[-73.9408,-41.8039],[-73.9349,-41.7879],[-73.9343,-41.7848],[-73.9171,-41.7826],[-73.9015,-41.7906],[-73.8902,-41.8051],[-73.8859,-41.8227],[-73.8961,-41.8427],[-73.9193,-41.8425],[-73.9616,-41.8264],[-73.9831,-41.8209],[-73.9933,-41.8212],[-74.0026,-41.8264],[-74.0094,-41.8376],[-74.0062,-41.8451],[-73.9994,-41.8512],[-73.9957,-41.8571],[-73.9836,-41.8665],[-73.9064,-41.881],[-73.889,-41.8871],[-73.866,-41.8923],[-73.8461,-41.8874],[-73.8374,-41.8637],[-73.8258,-41.8569],[-73.8008,-41.8713],[-73.7772,-41.8913],[-73.7698,-41.9015],[-73.7603,-41.8963],[-73.7637,-41.886],[-73.776,-41.8704],[-73.7774,-41.8581],[-73.746,-41.837],[-73.7076,-41.8209],[-73.691,-41.809],[-73.6783,-41.8141],[-73.656,-41.8273],[-73.6347,-41.8329],[-73.6195,-41.8063],[-73.6061,-41.8004],[-73.5904,-41.7978],[-73.578,-41.7985],[-73.5649,-41.8049],[-73.5546,-41.8155],[-73.537,-41.84],[-73.5283,-41.8346],[-73.5195,-41.8331],[-73.5108,-41.8351],[-73.5023,-41.84],[-73.5023,-41.8469],[-73.5297,-41.8564],[-73.537,-41.8605],[-73.5477,-41.87],[-73.5487,-41.8737],[-73.5455,-41.8766],[-73.5412,-41.8897],[-73.5321,-41.8972],[-73.5296,-41.9015],[-73.5303,-41.9069],[-73.5356,-41.9142],[-73.5408,-41.9288],[-73.5498,-41.9284],[-73.5608,-41.9257],[-73.5705,-41.9288],[-73.5784,-41.9455],[-73.5677,-41.9534],[-73.5491,-41.9584],[-73.5333,-41.9661],[-73.4969,-42.0172],[-73.4852,-42.0245],[-73.4702,-42.0302],[-73.4565,-42.0444],[-73.4475,-42.0623],[-73.447,-42.0797],[-73.4579,-42.0891],[-73.4944,-42.1033],[-73.5023,-42.1166],[-73.4891,-42.1456],[-73.4574,-42.1661],[-73.3862,-42.1957],[-73.3899,-42.1999],[-73.3953,-42.2097],[-73.3998,-42.2162],[-73.3841,-42.2263],[-73.3756,-42.24],[-73.374,-42.2574],[-73.3788,-42.2783],[-73.3848,-42.2931],[-73.3896,-42.3014],[-73.3961,-42.309],[-73.4029,-42.3097],[-73.4244,-42.3017],[-73.4334,-42.2994],[-73.4534,-42.3032],[-73.4869,-42.3212],[-73.5091,-42.3261],[-73.5724,-42.323],[-73.5917,-42.3261],[-73.6505,-42.3455],[-73.6662,-42.3541],[-73.6815,-42.37],[-73.6824,-42.3824],[-73.6769,-42.394],[-73.6736,-42.408],[-73.6781,-42.4289],[-73.6854,-42.4413],[-73.6885,-42.4527],[-73.6804,-42.47],[-73.6656,-42.4828],[-73.628,-42.4985],[-73.6115,-42.5117],[-73.6231,-42.5162],[-73.7077,-42.5383],[-73.7301,-42.5392],[-73.7537,-42.5336],[-73.7748,-42.5221],[-73.7897,-42.5042],[-73.7775,-42.497],[-73.7694,-42.487],[-73.7555,-42.4631],[-73.7623,-42.4571],[-73.8026,-42.478],[-73.8182,-42.4931],[-73.8245,-42.5144],[-73.8201,-42.5235],[-73.8009,-42.5357],[-73.7965,-42.5418],[-73.7995,-42.5551],[-73.8135,-42.5763],[-73.817,-42.5867],[-73.8092,-42.6087],[-73.7889,-42.6242],[-73.7647,-42.6373],[-73.7353,-42.6583],[-73.7235,-42.6612],[-73.6978,-42.6618],[-73.6988,-42.6666],[-73.6892,-42.6769],[-73.6778,-42.6863],[-73.6736,-42.6891],[-73.6415,-42.7321],[-73.6324,-42.7407],[-73.6221,-42.7444],[-73.5978,-42.7481],[-73.576,-42.757],[-73.5167,-42.7892],[-73.5015,-42.8015],[-73.4919,-42.8186],[-73.4886,-42.8437],[-73.4943,-42.8668],[-73.5095,-42.8777],[-73.5311,-42.881],[-73.5719,-42.88],[-73.5856,-42.8772],[-73.6115,-42.8674],[-73.6221,-42.8863],[-73.6497,-42.8832],[-73.6823,-42.8723],[-73.7077,-42.8674],[-73.7077,-42.8747],[-73.6539,-42.8976],[-73.6463,-42.9055],[-73.648,-42.9146],[-73.654,-42.9286],[-73.6531,-42.9362],[-73.6464,-42.9417],[-73.6371,-42.9423],[-73.6288,-42.9441],[-73.6218,-42.962],[-73.6134,-42.9646],[-73.5911,-42.9636],[-73.5774,-42.9658],[-73.5738,-42.9718],[-73.5737,-42.9804],[-73.5705,-42.9908],[-73.5228,-43.0529],[-73.5467,-43.0512],[-73.5876,-43.0343],[-73.6088,-43.0356],[-73.6117,-43.0495],[-73.5682,-43.0537],[-73.5287,-43.0735],[-73.4901,-43.1],[-73.5023,-43.128],[-73.5243,-43.131],[-73.5469,-43.1231],[-73.5687,-43.1124],[-73.588,-43.1069],[-73.6124,-43.1108],[-73.6509,-43.1288],[-73.7214,-43.1417],[-73.7281,-43.1344],[-73.7335,-43.1227],[-73.7385,-43.1069],[-73.7638,-43.1096],[-73.7757,-43.1181],[-73.7571,-43.1363],[-73.7457,-43.1704],[-73.7501,-43.1933],[-73.7546,-43.2093],[-73.745,-43.227],[-73.7283,-43.239],[-73.7107,-43.2475],[-73.6976,-43.2582],[-73.6752,-43.2798],[-73.666,-43.2944],[-73.6658,-43.3098],[-73.6802,-43.3172],[-73.7048,-43.3166],[-73.7315,-43.3167],[-73.7103,-43.3273],[-73.6954,-43.3393],[-73.6716,-43.3511],[-73.669,-43.3638],[-73.6817,-43.3811],[-73.7076,-43.3882],[-73.7311,-43.3926],[-73.749,-43.3851],[-73.7611,-43.3728],[-73.776,-43.3683],[-73.8,-43.3598],[-73.8009,-43.3769],[-73.7984,-43.3914],[-73.8005,-43.4094],[-73.8135,-43.4087],[-73.8277,-43.4019],[-73.8335,-43.414],[-73.8475,-43.4235],[-73.877,-43.422],[-73.889,-43.4006],[-73.9068,-43.3922],[-73.9176,-43.376],[-73.9295,-43.3649],[-73.9555,-43.3659],[-73.9731,-43.3694],[-73.9918,-43.3883],[-74.0037,-43.3747],[-74.0262,-43.3645],[-74.0534,-43.3629],[-74.0792,-43.3768],[-74.0849,-43.4016],[-74.098,-43.3948],[-74.1159,-43.3701],[-74.13,-43.3569],[-74.1656,-43.342],[-74.201,-43.3455],[-74.2152,-43.3301],[-74.2485,-43.3267],[-74.2934,-43.32],[-74.3151,-43.2966],[-74.3346,-43.2817]]],[[[-73.0876,-41.8434],[-73.0881,-41.836],[-73.0819,-41.8271],[-73.0743,-41.8185],[-73.0702,-41.8121],[-73.0847,-41.7721],[-73.0858,-41.7478],[-73.0669,-41.737],[-73.0534,-41.7472],[-73.0255,-41.809],[-73.0102,-41.8261],[-73.003,-41.8443],[-73.0096,-41.8577],[-73.0362,-41.8605],[-73.0635,-41.8556],[-73.0767,-41.8513],[-73.0876,-41.8434]]],[[[-74.2534,-43.3504],[-74.2474,-43.3525],[-74.2466,-43.3703],[-74.2516,-43.3887],[-74.2464,-43.4],[-74.2308,-43.4058],[-74.2307,-43.4134],[-74.247,-43.4134],[-74.2522,-43.4177],[-74.2573,-43.4275],[-74.2662,-43.4248],[-74.284,-43.4178],[-74.2811,-43.4076],[-74.2761,-43.3898],[-74.2733,-43.3704],[-74.2741,-43.3612],[-74.2534,-43.3504]]],[[[-73.6911,-43.1882],[-73.6721,-43.1904],[-73.6564,-43.196],[-73.647,-43.2292],[-73.6612,-43.2448],[-73.6882,-43.2312],[-73.7185,-43.216],[-73.7267,-43.1917],[-73.7146,-43.1802],[-73.6911,-43.1882]]],[[[-73.0092,-42.6953],[-72.9958,-42.6999],[-72.9904,-42.7169],[-72.9817,-42.7339],[-72.9583,-42.7372],[-72.9553,-42.7237],[-72.9439,-42.7162],[-72.9304,-42.7233],[-72.928,-42.7562],[-72.9188,-42.7865],[-72.937,-42.7929],[-72.9565,-42.8078],[-72.9703,-42.791],[-72.9843,-42.7619],[-73.0165,-42.7331],[-73.0336,-42.7139],[-73.0307,-42.6968],[-73.0092,-42.6953]]],[[[-73.3073,-42.6273],[-73.2775,-42.6282],[-73.2742,-42.6281],[-73.241,-42.6314],[-73.239,-42.6508],[-73.2603,-42.6584],[-73.2952,-42.654],[-73.3252,-42.6433],[-73.3569,-42.629],[-73.3439,-42.6204],[-73.3073,-42.6273]]]]}},{"type":"Feature","properties":{"id":"CHL-2701","name":"Los Ríos","nameBn":"লস রিওস অঞ্চল","type":"Region","bounds":[-73.7486,-40.6756,-71.6166,-39.3643],"center":[-72.6829,-40.1186]},"geometry":{"type":"Polygon","coordinates":[[[-71.6411,-39.6],[-71.6774,-39.5685],[-71.6898,-39.5684],[-71.7054,-39.5836],[-71.7144,-39.6014],[-71.7187,-39.6234],[-71.7161,-39.6448],[-71.694,-39.6735],[-71.6988,-39.6902],[-71.7088,-39.7084],[-71.7144,-39.7263],[-71.7105,-39.7475],[-71.692,-39.79],[-71.6869,-39.8116],[-71.6846,-39.8335],[-71.6794,-39.8479],[-71.6692,-39.8592],[-71.6345,-39.8835],[-71.6212,-39.8951],[-71.6166,-39.9099],[-71.6248,-39.931],[-71.6621,-39.9951],[-71.6673,-40.0005],[-71.6744,-40.0044],[-71.6805,-40.0095],[-71.6828,-40.0181],[-71.6808,-40.0291],[-71.6731,-40.0503],[-71.6709,-40.0608],[-71.6837,-40.099],[-71.7217,-40.0938],[-71.7668,-40.0769],[-71.8007,-40.0797],[-71.814,-40.0929],[-71.8146,-40.0996],[-71.8071,-40.1084],[-71.8029,-40.1161],[-71.8048,-40.1246],[-71.809,-40.1338],[-71.8165,-40.1644],[-71.8167,-40.1745],[-71.8121,-40.1847],[-71.8136,-40.1882],[-71.8224,-40.2029],[-71.8238,-40.2101],[-71.816,-40.2272],[-71.8019,-40.2423],[-71.7707,-40.2672],[-71.7501,-40.2915],[-71.7427,-40.2965],[-71.73,-40.2986],[-71.7257,-40.2953],[-71.7239,-40.29],[-71.7185,-40.2863],[-71.7055,-40.2819],[-71.6987,-40.2828],[-71.6867,-40.2885],[-71.6793,-40.2953],[-71.6752,-40.3039],[-71.6737,-40.3138],[-71.674,-40.3241],[-71.6785,-40.3402],[-71.7191,-40.413],[-71.7293,-40.4214],[-71.7423,-40.4208],[-71.7847,-40.4113],[-71.7964,-40.4145],[-71.8042,-40.4264],[-71.8409,-40.516],[-71.8588,-40.5424],[-71.8618,-40.5497],[-71.8606,-40.5594],[-71.8926,-40.5935],[-71.9475,-40.6265],[-72.0114,-40.6513],[-72.0702,-40.6611],[-72.1479,-40.6645],[-72.2642,-40.6711],[-72.3976,-40.6756],[-72.5267,-40.6726],[-72.6343,-40.6529],[-72.7206,-40.6183],[-72.7898,-40.5795],[-72.8462,-40.547],[-72.8863,-40.5223],[-72.9103,-40.4943],[-72.928,-40.4556],[-72.9488,-40.3987],[-72.9929,-40.353],[-73.0616,-40.3416],[-73.1366,-40.3474],[-73.1999,-40.353],[-73.26,-40.3442],[-73.3297,-40.3245],[-73.3973,-40.3049],[-73.4509,-40.296],[-73.4993,-40.296],[-73.5551,-40.296],[-73.613,-40.296],[-73.6677,-40.296],[-73.7092,-40.2924],[-73.7338,-40.2845],[-73.7455,-40.2766],[-73.7486,-40.273],[-73.7481,-40.2604],[-73.746,-40.2494],[-73.7371,-40.2314],[-73.7331,-40.2198],[-73.7241,-40.2145],[-73.7214,-40.2089],[-73.7221,-40.2037],[-73.7244,-40.1978],[-73.727,-40.1939],[-73.7288,-40.1952],[-73.7294,-40.1895],[-73.7349,-40.1804],[-73.735,-40.1747],[-73.7187,-40.1653],[-73.7146,-40.1611],[-73.6991,-40.1318],[-73.6978,-40.1264],[-73.6866,-40.1264],[-73.6742,-40.1251],[-73.6641,-40.1203],[-73.66,-40.1096],[-73.6641,-40.0671],[-73.6685,-40.0457],[-73.6736,-40.0309],[-73.7003,-39.9999],[-73.7142,-39.9784],[-73.7112,-39.9687],[-73.7015,-39.9641],[-73.6832,-39.9425],[-73.6736,-39.9345],[-73.6623,-39.9319],[-73.6326,-39.9345],[-73.6115,-39.9262],[-73.5828,-39.9047],[-73.5375,-39.8969],[-73.5171,-39.8876],[-73.4985,-39.8743],[-73.4818,-39.8588],[-73.4669,-39.8399],[-73.4584,-39.8338],[-73.444,-39.8315],[-73.4344,-39.8333],[-73.4243,-39.8378],[-73.4162,-39.8434],[-73.4129,-39.8489],[-73.4106,-39.8715],[-73.404,-39.8954],[-73.3933,-39.9089],[-73.3788,-39.9005],[-73.3727,-39.8805],[-73.3757,-39.8577],[-73.3846,-39.8365],[-73.3961,-39.8214],[-73.4019,-39.8041],[-73.395,-39.7828],[-73.3843,-39.761],[-73.3788,-39.7428],[-73.3856,-39.7223],[-73.3987,-39.7081],[-73.4061,-39.6949],[-73.3961,-39.6779],[-73.359,-39.6642],[-73.3463,-39.6559],[-73.3583,-39.6471],[-73.3169,-39.6067],[-73.298,-39.5827],[-73.29,-39.5608],[-73.2881,-39.551],[-73.2828,-39.5388],[-73.2751,-39.5281],[-73.2655,-39.5237],[-73.2628,-39.5183],[-73.2606,-39.5069],[-73.2549,-39.495],[-73.2416,-39.4895],[-73.2518,-39.4684],[-73.25,-39.4503],[-73.2398,-39.4337],[-73.2245,-39.4173],[-73.2259,-39.4106],[-73.245,-39.3903],[-73.2467,-39.3859],[-73.2465,-39.3858],[-73.2465,-39.3858],[-73.2463,-39.3858],[-73.2462,-39.3858],[-73.246,-39.3857],[-73.2202,-39.387],[-73.1943,-39.3883],[-73.1684,-39.3896],[-73.1425,-39.3909],[-73.1311,-39.3893],[-73.1196,-39.3877],[-73.1081,-39.3862],[-73.0967,-39.3846],[-73.0928,-39.3824],[-73.089,-39.3802],[-73.0851,-39.378],[-73.0812,-39.3758],[-73.0752,-39.373],[-73.059,-39.3677],[-73.0353,-39.3643],[-73.0065,-39.3672],[-72.9786,-39.3735],[-72.9569,-39.3798],[-72.9441,-39.3898],[-72.9426,-39.4075],[-72.9534,-39.4473],[-72.9683,-39.5059],[-72.9762,-39.5608],[-72.9662,-39.5892],[-72.943,-39.5933],[-72.917,-39.5921],[-72.8853,-39.5877],[-72.8451,-39.5824],[-72.7887,-39.5848],[-72.7194,-39.5967],[-72.6507,-39.6098],[-72.5962,-39.616],[-72.5453,-39.6232],[-72.4869,-39.643],[-72.4335,-39.6728],[-72.3978,-39.7102],[-72.3738,-39.733],[-72.3477,-39.7309],[-72.3197,-39.7192],[-72.2901,-39.7136],[-72.264,-39.7207],[-72.2426,-39.7329],[-72.2206,-39.7439],[-72.1926,-39.7472],[-72.1413,-39.7473],[-72.0673,-39.7451],[-71.992,-39.7297],[-71.9369,-39.69],[-71.9027,-39.6375],[-71.8638,-39.5747],[-71.8268,-39.5137],[-71.7985,-39.4663],[-71.7872,-39.4588],[-71.7702,-39.4554],[-71.7547,-39.4545],[-71.7479,-39.4546],[-71.7438,-39.4562],[-71.7395,-39.4579],[-71.7353,-39.4596],[-71.7311,-39.4612],[-71.7272,-39.4633],[-71.7232,-39.4653],[-71.7193,-39.4674],[-71.7153,-39.4695],[-71.711,-39.4725],[-71.7068,-39.4754],[-71.7025,-39.4783],[-71.6983,-39.4812],[-71.6939,-39.4849],[-71.6896,-39.4886],[-71.6853,-39.4923],[-71.6809,-39.496],[-71.677,-39.5015],[-71.6731,-39.507],[-71.6692,-39.5125],[-71.6654,-39.518],[-71.6628,-39.5226],[-71.6603,-39.5271],[-71.6578,-39.5317],[-71.6552,-39.5362],[-71.6529,-39.5495],[-71.6506,-39.5626],[-71.6484,-39.5758],[-71.6461,-39.5891],[-71.6447,-39.5919],[-71.6434,-39.5949],[-71.6421,-39.5978],[-71.6411,-39.6]]]}},{"type":"Feature","properties":{"id":"CHL-2692","name":"Magallanes y Antártica Chilena","nameBn":"ম্যাগেলান ও চিলীয় অ্যান্টার্কটিক অঞ্চল","type":"Region","bounds":[-75.661,-55.9185,-66.4208,-48.6373],"center":[-71.3975,-53.4723]},"geometry":{"type":"MultiPolygon","coordinates":[[[[-73.1704,-49.2509],[-73.1626,-49.2582],[-73.0976,-49.2666],[-73.0982,-49.2728],[-73.1306,-49.2787],[-73.1413,-49.2856],[-73.145,-49.3037],[-73.4579,-49.3077],[-73.4711,-49.3172],[-73.4705,-49.3422],[-73.462,-49.375],[-73.4667,-49.3876],[-73.4838,-49.4007],[-73.5223,-49.4167],[-73.5404,-49.4278],[-73.5511,-49.444],[-73.5507,-49.4632],[-73.5443,-49.4776],[-73.5426,-49.491],[-73.5559,-49.5081],[-73.5866,-49.53],[-73.588,-49.5405],[-73.5756,-49.5592],[-73.5622,-49.5718],[-73.5329,-49.594],[-73.5211,-49.609],[-73.5182,-49.6285],[-73.5281,-49.6444],[-73.5407,-49.6595],[-73.5464,-49.6768],[-73.5395,-49.6927],[-73.5248,-49.706],[-73.4963,-49.7253],[-73.4926,-49.7278],[-73.4651,-49.76],[-73.463,-49.7871],[-73.4821,-49.8117],[-73.5345,-49.8476],[-73.5388,-49.8616],[-73.5383,-49.8767],[-73.5419,-49.8945],[-73.554,-49.9081],[-73.5684,-49.9201],[-73.5727,-49.9324],[-73.5544,-49.9471],[-73.5002,-49.9787],[-73.4875,-49.9912],[-73.4786,-50.0095],[-73.4808,-50.0227],[-73.5315,-50.0831],[-73.5415,-50.1137],[-73.5306,-50.1408],[-73.4058,-50.217],[-73.3651,-50.232],[-73.3463,-50.2437],[-73.3229,-50.2684],[-73.3014,-50.2996],[-73.2843,-50.3331],[-73.2742,-50.3645],[-73.2728,-50.3847],[-73.2758,-50.4256],[-73.2741,-50.4452],[-73.2618,-50.499],[-73.2619,-50.5566],[-73.2576,-50.573],[-73.2449,-50.5895],[-73.2027,-50.6265],[-73.1922,-50.6414],[-73.1853,-50.6785],[-73.1867,-50.7167],[-73.1777,-50.7495],[-73.1395,-50.7702],[-73.0961,-50.7706],[-73.0517,-50.7578],[-73.0101,-50.7364],[-72.9384,-50.6854],[-72.9029,-50.6666],[-72.7784,-50.6196],[-72.7558,-50.6164],[-72.7335,-50.6243],[-72.6827,-50.6595],[-72.6626,-50.6678],[-72.6181,-50.6668],[-72.5491,-50.6151],[-72.506,-50.6013],[-72.3834,-50.6203],[-72.3452,-50.6373],[-72.3219,-50.6416],[-72.3028,-50.6489],[-72.3049,-50.6649],[-72.341,-50.7151],[-72.3477,-50.729],[-72.3474,-50.7432],[-72.3381,-50.7606],[-72.3112,-50.7887],[-72.2839,-50.8106],[-72.2635,-50.8363],[-72.2567,-50.8751],[-72.2659,-50.9607],[-72.2771,-51.0073],[-72.2934,-51.0292],[-72.3225,-51.0326],[-72.3386,-51.037],[-72.3507,-51.0467],[-72.3682,-51.0666],[-72.3965,-51.0921],[-72.4046,-51.1058],[-72.4031,-51.1261],[-72.3822,-51.1606],[-72.3495,-51.1839],[-72.274,-51.2168],[-72.2576,-51.2306],[-72.2588,-51.2452],[-72.2705,-51.2596],[-72.3134,-51.298],[-72.3205,-51.3126],[-72.3233,-51.3345],[-72.3236,-51.3908],[-72.329,-51.4088],[-72.3345,-51.4163],[-72.3417,-51.423],[-72.3483,-51.4305],[-72.3517,-51.4404],[-72.3511,-51.4494],[-72.3491,-51.459],[-72.3483,-51.4683],[-72.3512,-51.476],[-72.4223,-51.5224],[-72.4501,-51.5527],[-72.4291,-51.576],[-72.402,-51.5797],[-72.3757,-51.5795],[-72.3515,-51.5835],[-72.3309,-51.5994],[-72.3228,-51.6162],[-72.3142,-51.6715],[-72.3007,-51.6915],[-72.2811,-51.7015],[-72.1871,-51.7207],[-72.1421,-51.7394],[-72.0726,-51.7786],[-72.0098,-51.8278],[-71.9817,-51.8449],[-71.9585,-51.868],[-71.9485,-51.896],[-71.9602,-51.9279],[-71.9652,-51.9706],[-71.9177,-51.9901],[-71.8376,-51.9908],[-71.6121,-51.9927],[-71.3866,-51.9947],[-71.1612,-51.9968],[-70.9357,-51.9987],[-70.7101,-52.0007],[-70.4847,-52.0027],[-70.2592,-52.0046],[-70.0338,-52.0066],[-69.9528,-52.0074],[-69.8333,-52.0394],[-69.6639,-52.0847],[-69.4853,-52.1325],[-69.2123,-52.138],[-69.0076,-52.1791],[-68.8587,-52.2332],[-68.8205,-52.2432],[-68.6217,-52.2636],[-68.6036,-52.268],[-68.5731,-52.2803],[-68.5568,-52.2837],[-68.4778,-52.2954],[-68.4545,-52.2999],[-68.4482,-52.3104],[-68.4486,-52.3466],[-68.4717,-52.3372],[-68.5655,-52.3409],[-68.7128,-52.3069],[-68.7819,-52.3133],[-68.8216,-52.3036],[-68.8985,-52.3035],[-68.9474,-52.2872],[-68.9657,-52.2838],[-69.0081,-52.2673],[-69.086,-52.2252],[-69.1301,-52.2081],[-69.1854,-52.1989],[-69.2347,-52.2031],[-69.3462,-52.2446],[-69.4031,-52.246],[-69.442,-52.2521],[-69.4518,-52.2603],[-69.4709,-52.2727],[-69.4796,-52.2838],[-69.4825,-52.2905],[-69.4895,-52.3661],[-69.4969,-52.3853],[-69.5174,-52.393],[-69.5453,-52.3993],[-69.5553,-52.4148],[-69.5574,-52.4347],[-69.5615,-52.4539],[-69.5749,-52.468],[-69.6163,-52.4881],[-69.6339,-52.4992],[-69.6545,-52.5154],[-69.6724,-52.5309],[-69.7156,-52.5354],[-69.7798,-52.5226],[-69.8124,-52.5061],[-69.8285,-52.4918],[-69.8466,-52.4865],[-69.8717,-52.4963],[-69.9116,-52.5103],[-69.9457,-52.5311],[-70.0834,-52.5752],[-70.152,-52.5865],[-70.1803,-52.603],[-70.1994,-52.6217],[-70.2077,-52.651],[-70.2421,-52.6394],[-70.2747,-52.6394],[-70.2917,-52.6346],[-70.3218,-52.6381],[-70.3306,-52.645],[-70.333,-52.6601],[-70.3661,-52.6555],[-70.3835,-52.6714],[-70.5177,-52.7233],[-70.5482,-52.7227],[-70.5498,-52.7027],[-70.5236,-52.6879],[-70.5018,-52.6775],[-70.506,-52.6613],[-70.5259,-52.6599],[-70.5462,-52.6666],[-70.5679,-52.6693],[-70.583,-52.672],[-70.5922,-52.688],[-70.5696,-52.7025],[-70.5868,-52.7143],[-70.608,-52.7048],[-70.6332,-52.7084],[-70.6588,-52.721],[-70.684,-52.7246],[-70.6982,-52.7394],[-70.7164,-52.7371],[-70.7156,-52.723],[-70.7235,-52.7043],[-70.734,-52.7014],[-70.7445,-52.7079],[-70.7545,-52.7169],[-70.7644,-52.7214],[-70.807,-52.7278],[-70.8227,-52.7282],[-70.8344,-52.7253],[-70.8433,-52.7208],[-70.8522,-52.7184],[-70.8638,-52.7214],[-70.8568,-52.734],[-70.847,-52.7374],[-70.8353,-52.738],[-70.8058,-52.7477],[-70.8023,-52.7493],[-70.8014,-52.7534],[-70.8033,-52.7659],[-70.8023,-52.7698],[-70.7915,-52.7761],[-70.7849,-52.7763],[-70.7767,-52.7751],[-70.7427,-52.7784],[-70.7388,-52.7839],[-70.7477,-52.7971],[-70.7563,-52.801],[-70.7955,-52.8107],[-70.8063,-52.8168],[-70.8121,-52.8214],[-70.8227,-52.8381],[-70.8268,-52.8474],[-70.8322,-52.8658],[-70.837,-52.8727],[-70.8412,-52.9034],[-70.8597,-52.9018],[-70.8782,-52.9014],[-70.8892,-52.9136],[-70.8605,-52.9167],[-70.836,-52.9209],[-70.8105,-52.9272],[-70.8087,-52.9421],[-70.8092,-52.9616],[-70.8115,-52.9793],[-70.8169,-52.9924],[-70.8661,-53.0497],[-70.8706,-53.0612],[-70.8752,-53.0891],[-70.8871,-53.1139],[-70.9388,-53.1769],[-70.9506,-53.1975],[-70.9576,-53.2228],[-70.9591,-53.3027],[-70.9637,-53.3268],[-70.9869,-53.3642],[-70.9927,-53.383],[-70.9948,-53.4044],[-70.9935,-53.427],[-70.9829,-53.4677],[-70.9495,-53.547],[-70.9394,-53.5922],[-70.9402,-53.6139],[-70.9456,-53.6388],[-70.9556,-53.6594],[-70.9699,-53.6679],[-70.9795,-53.6793],[-70.9784,-53.7055],[-70.974,-53.735],[-70.9736,-53.756],[-70.9958,-53.7873],[-71.0343,-53.8097],[-71.2287,-53.8747],[-71.285,-53.886],[-71.336,-53.8796],[-71.4298,-53.8425],[-71.4798,-53.8294],[-71.6446,-53.8237],[-71.7203,-53.7976],[-71.7301,-53.7922],[-71.7455,-53.7813],[-71.7545,-53.7765],[-71.8161,-53.7602],[-71.8376,-53.7457],[-71.8475,-53.7424],[-71.8651,-53.7332],[-71.8744,-53.6965],[-71.8916,-53.694],[-71.9025,-53.7018],[-71.9175,-53.7242],[-71.9294,-53.7288],[-71.943,-53.7244],[-71.9618,-53.7057],[-71.9773,-53.6972],[-71.9923,-53.6784],[-72.0015,-53.6741],[-72.0155,-53.676],[-72.0181,-53.6809],[-72.0174,-53.6874],[-72.022,-53.694],[-72.0425,-53.7068],[-72.0535,-53.707],[-72.0663,-53.6977],[-72.0773,-53.6917],[-72.1039,-53.6891],[-72.1144,-53.684],[-72.187,-53.6264],[-72.2283,-53.6004],[-72.2518,-53.5893],[-72.2841,-53.5812],[-72.2884,-53.5724],[-72.2908,-53.5613],[-72.2969,-53.5512],[-72.3065,-53.5446],[-72.3257,-53.5372],[-72.3372,-53.5307],[-72.3892,-53.485],[-72.3981,-53.4789],[-72.4064,-53.4592],[-72.4436,-53.4213],[-72.4533,-53.4073],[-72.4449,-53.3859],[-72.4226,-53.3735],[-72.4065,-53.3616],[-72.4161,-53.3417],[-72.4235,-53.3318],[-72.4235,-53.324],[-72.4188,-53.3173],[-72.4123,-53.311],[-72.4098,-53.3108],[-72.3918,-53.3041],[-72.3013,-53.2488],[-72.2823,-53.2428],[-72.1591,-53.2564],[-72.137,-53.255],[-72.1146,-53.2568],[-72.0972,-53.2678],[-72.0804,-53.329],[-72.0773,-53.3503],[-72.0834,-53.3725],[-72.0906,-53.3827],[-72.0996,-53.3901],[-72.1099,-53.3913],[-72.1357,-53.3713],[-72.1427,-53.3761],[-72.1485,-53.3967],[-72.1687,-53.4116],[-72.2177,-53.4241],[-72.2417,-53.4345],[-72.2114,-53.442],[-72.1825,-53.4384],[-72.1539,-53.4311],[-72.1052,-53.426],[-72.0925,-53.4226],[-72.0697,-53.4073],[-72.056,-53.3942],[-72.0489,-53.3898],[-72.0416,-53.3898],[-72.0229,-53.3952],[-72.0151,-53.393],[-72.0045,-53.3503],[-72.0181,-53.2958],[-72.0217,-53.2473],[-71.9809,-53.2223],[-71.965,-53.2233],[-71.9393,-53.2328],[-71.9258,-53.2353],[-71.9137,-53.2333],[-71.8933,-53.2243],[-71.8817,-53.2223],[-71.8556,-53.2254],[-71.8418,-53.235],[-71.835,-53.252],[-71.818,-53.3422],[-71.8165,-53.3625],[-71.8106,-53.3793],[-71.7984,-53.3982],[-71.7884,-53.419],[-71.7892,-53.4413],[-71.8031,-53.4568],[-71.828,-53.4723],[-71.8547,-53.4843],[-71.8745,-53.4892],[-71.9012,-53.4918],[-71.9673,-53.5165],[-71.9938,-53.5222],[-72.0041,-53.5283],[-72.0083,-53.5407],[-72.008,-53.5543],[-72.0054,-53.5616],[-71.9984,-53.5644],[-71.9844,-53.5649],[-71.9628,-53.5602],[-71.92,-53.5383],[-71.8984,-53.5307],[-71.8418,-53.5265],[-71.8142,-53.5207],[-71.7926,-53.5063],[-71.76,-53.4723],[-71.7545,-53.4625],[-71.7552,-53.4509],[-71.7654,-53.4316],[-71.7687,-53.4208],[-71.7624,-53.3987],[-71.7606,-53.3853],[-71.7652,-53.3793],[-71.7676,-53.3742],[-71.7755,-53.3417],[-71.7732,-53.3193],[-71.7424,-53.2234],[-71.7286,-53.2121],[-71.6921,-53.2071],[-71.6793,-53.2027],[-71.6719,-53.2011],[-71.6452,-53.2011],[-71.63,-53.198],[-71.621,-53.1938],[-71.5847,-53.1669],[-71.5727,-53.162],[-71.5436,-53.158],[-71.4798,-53.1355],[-71.4671,-53.1329],[-71.4202,-53.1344],[-71.4049,-53.1329],[-71.3829,-53.1264],[-71.3602,-53.1161],[-71.3385,-53.1031],[-71.3197,-53.0881],[-71.3118,-53.0788],[-71.2978,-53.0554],[-71.2889,-53.0441],[-71.2794,-53.0367],[-71.2617,-53.026],[-71.2541,-53.0168],[-71.248,-52.9977],[-71.2434,-52.9749],[-71.2349,-52.9558],[-71.1986,-52.9239],[-71.1725,-52.9307],[-71.1188,-52.9196],[-71.1205,-52.8803],[-71.1487,-52.8428],[-71.1693,-52.8128],[-71.2102,-52.8155],[-71.2492,-52.7888],[-71.3093,-52.8057],[-71.3521,-52.8071],[-71.3689,-52.7839],[-71.3812,-52.7682],[-71.3988,-52.7282],[-71.4023,-52.7511],[-71.402,-52.7704],[-71.4043,-52.7885],[-71.3999,-52.8206],[-71.3986,-52.8317],[-71.4214,-52.8373],[-71.4475,-52.8305],[-71.4675,-52.8256],[-71.484,-52.8249],[-71.491,-52.8282],[-71.5006,-52.8386],[-71.506,-52.8434],[-71.5114,-52.8455],[-71.5308,-52.8667],[-71.5772,-52.89],[-71.612,-52.8927],[-71.6422,-52.9164],[-71.6667,-52.917],[-71.7047,-52.9343],[-71.7358,-52.9421],[-71.7784,-52.9667],[-71.8388,-52.9834],[-71.8627,-53.0024],[-71.9062,-53.0109],[-71.9231,-53.0343],[-71.9952,-53.0912],[-72.0137,-53.1186],[-72.022,-53.1254],[-72.0334,-53.1264],[-72.0461,-53.123],[-72.0596,-53.1218],[-72.0856,-53.1344],[-72.1016,-53.1335],[-72.1171,-53.1286],[-72.1367,-53.116],[-72.1557,-53.1066],[-72.1653,-53.0993],[-72.173,-53.0906],[-72.1844,-53.074],[-72.1933,-53.0646],[-72.2044,-53.0551],[-72.215,-53.0488],[-72.2267,-53.0452],[-72.2541,-53.0419],[-72.2757,-53.0322],[-72.286,-53.0299],[-72.3136,-53.0334],[-72.3065,-53.0429],[-72.285,-53.0562],[-72.269,-53.0715],[-72.2885,-53.0715],[-72.3075,-53.0685],[-72.3641,-53.052],[-72.38,-53.0504],[-72.4948,-53.0559],[-72.535,-53.0645],[-72.5631,-53.0789],[-72.5428,-53.0855],[-72.5202,-53.082],[-72.4968,-53.0749],[-72.4744,-53.0715],[-72.4333,-53.0831],[-72.4127,-53.0854],[-72.395,-53.0751],[-72.3671,-53.0681],[-72.3216,-53.1321],[-72.2271,-53.1502],[-72.21,-53.1568],[-72.1975,-53.1695],[-72.1914,-53.1806],[-72.1937,-53.1909],[-72.2063,-53.2011],[-72.2256,-53.206],[-72.2535,-53.2068],[-72.2786,-53.2022],[-72.2987,-53.1825],[-72.3205,-53.1799],[-72.3646,-53.1808],[-72.3646,-53.1876],[-72.3283,-53.1912],[-72.3158,-53.2067],[-72.3276,-53.2213],[-72.3646,-53.2223],[-72.4521,-53.1896],[-72.488,-53.1876],[-72.4501,-53.2048],[-72.4353,-53.2164],[-72.4403,-53.2284],[-72.462,-53.2299],[-72.4851,-53.2175],[-72.5154,-53.1943],[-72.5382,-53.1974],[-72.5371,-53.2075],[-72.5216,-53.2195],[-72.5017,-53.2284],[-72.4513,-53.2355],[-72.4266,-53.2423],[-72.4123,-53.2564],[-72.4257,-53.2651],[-72.4352,-53.2747],[-72.447,-53.2819],[-72.4669,-53.2831],[-72.4842,-53.2765],[-72.5003,-53.2668],[-72.517,-53.2619],[-72.5359,-53.2701],[-72.5155,-53.2863],[-72.5038,-53.3139],[-72.5048,-53.3437],[-72.5222,-53.3663],[-72.5583,-53.3746],[-72.5935,-53.364],[-72.6239,-53.3425],[-72.6451,-53.3178],[-72.6515,-53.3408],[-72.6373,-53.3585],[-72.5911,-53.3868],[-72.5787,-53.3992],[-72.5702,-53.4101],[-72.5592,-53.4179],[-72.5393,-53.4208],[-72.5358,-53.4177],[-72.5314,-53.4039],[-72.5297,-53.4005],[-72.5222,-53.3995],[-72.4983,-53.4005],[-72.4835,-53.4091],[-72.3823,-53.5239],[-72.3646,-53.5369],[-72.5225,-53.5444],[-72.5317,-53.5421],[-72.5372,-53.5366],[-72.5421,-53.5296],[-72.5495,-53.5232],[-72.5714,-53.5153],[-72.6168,-53.5074],[-72.6389,-53.4967],[-72.6462,-53.4882],[-72.6509,-53.4791],[-72.6572,-53.4716],[-72.6697,-53.4687],[-72.712,-53.4646],[-72.7214,-53.4625],[-72.7331,-53.4492],[-72.7313,-53.4177],[-72.7413,-53.4005],[-72.7632,-53.3878],[-72.7698,-53.399],[-72.7709,-53.4194],[-72.776,-53.4345],[-72.7947,-53.4401],[-72.8007,-53.4255],[-72.8028,-53.4035],[-72.8096,-53.3868],[-72.8284,-53.3844],[-72.8568,-53.3853],[-72.8773,-53.3819],[-72.8723,-53.3663],[-72.8872,-53.3601],[-72.9437,-53.3526],[-73.0784,-53.2864],[-73.1412,-53.2687],[-73.1714,-53.2564],[-73.1991,-53.2408],[-73.2211,-53.2223],[-73.2521,-53.1842],[-73.2646,-53.176],[-73.2928,-53.1657],[-73.303,-53.1534],[-73.1824,-53.1858],[-73.1392,-53.1876],[-73.1189,-53.1827],[-73.0848,-53.1697],[-72.9809,-53.1603],[-72.9564,-53.1606],[-72.9405,-53.1664],[-72.9287,-53.1769],[-72.9164,-53.191],[-72.9061,-53.1954],[-72.8795,-53.1936],[-72.8686,-53.1977],[-72.8607,-53.2032],[-72.7761,-53.2331],[-72.7587,-53.2353],[-72.7523,-53.2421],[-72.7569,-53.2576],[-72.7666,-53.2739],[-72.776,-53.2831],[-72.7676,-53.2901],[-72.7568,-53.2949],[-72.7452,-53.2936],[-72.7345,-53.2831],[-72.7196,-53.2926],[-72.7133,-53.2903],[-72.7152,-53.2804],[-72.7245,-53.2667],[-72.7159,-53.2623],[-72.6999,-53.2514],[-72.6892,-53.2403],[-72.6966,-53.2353],[-72.7228,-53.2284],[-72.7544,-53.212],[-72.7821,-53.1916],[-72.796,-53.1733],[-72.7782,-53.173],[-72.7277,-53.1876],[-72.7379,-53.1695],[-72.7549,-53.1555],[-72.7633,-53.1457],[-72.7482,-53.1391],[-72.7268,-53.1396],[-72.6526,-53.1534],[-72.6607,-53.1418],[-72.6752,-53.1355],[-72.6921,-53.1313],[-72.7072,-53.1254],[-72.7139,-53.1085],[-72.714,-53.1056],[-72.7255,-53.1052],[-72.731,-53.1095],[-72.7349,-53.1149],[-72.7413,-53.1186],[-72.7875,-53.1158],[-72.8034,-53.1186],[-72.8297,-53.1423],[-72.8451,-53.1502],[-72.9122,-53.1188],[-72.9337,-53.1048],[-72.93,-53.0881],[-72.891,-53.0568],[-72.8761,-53.0364],[-72.8785,-53.0168],[-72.8949,-53.0302],[-72.9045,-53.0363],[-72.9132,-53.0373],[-72.9208,-53.0325],[-72.9264,-53.0246],[-72.928,-53.0153],[-72.9229,-53.0063],[-72.9172,-52.9894],[-72.926,-52.9701],[-72.9393,-52.9509],[-72.9474,-52.9343],[-72.9477,-52.9264],[-72.946,-52.9203],[-72.9399,-52.9069],[-72.9347,-52.9008],[-72.9275,-52.8942],[-72.924,-52.8864],[-72.93,-52.8762],[-72.9686,-52.8513],[-72.9765,-52.8388],[-72.9604,-52.825],[-72.9343,-52.8185],[-72.8782,-52.8131],[-72.834,-52.787],[-72.7624,-52.7698],[-72.7445,-52.7574],[-72.7035,-52.7077],[-72.6902,-52.7089],[-72.6816,-52.7127],[-72.6588,-52.7282],[-72.6191,-52.7389],[-72.6116,-52.7419],[-72.6113,-52.7741],[-72.6503,-52.8017],[-72.6975,-52.8271],[-72.7214,-52.8517],[-72.7148,-52.8694],[-72.6947,-52.86],[-72.6699,-52.8414],[-72.6276,-52.8229],[-72.6085,-52.8068],[-72.5882,-52.796],[-72.5631,-52.8039],[-72.5797,-52.8128],[-72.5937,-52.8244],[-72.5959,-52.8342],[-72.5768,-52.8381],[-72.5622,-52.8337],[-72.535,-52.8149],[-72.5259,-52.8107],[-72.4906,-52.8044],[-72.474,-52.8064],[-72.4669,-52.8214],[-72.4609,-52.8405],[-72.447,-52.8549],[-72.4313,-52.8566],[-72.4198,-52.8381],[-72.4259,-52.8248],[-72.4201,-52.8083],[-72.4087,-52.7931],[-72.3981,-52.7835],[-72.381,-52.7747],[-72.3131,-52.7512],[-72.3039,-52.7465],[-72.2952,-52.7407],[-72.286,-52.7319],[-72.2819,-52.7252],[-72.2737,-52.7067],[-72.269,-52.7009],[-72.2474,-52.6946],[-72.1986,-52.6933],[-72.1796,-52.6804],[-72.1775,-52.6577],[-72.1609,-52.6521],[-72.1146,-52.6586],[-72.096,-52.6543],[-72.0777,-52.6536],[-72.0638,-52.6577],[-72.0429,-52.6743],[-72.0145,-52.6727],[-72.0072,-52.6557],[-72.0004,-52.6461],[-71.9801,-52.6455],[-71.9643,-52.6496],[-71.9495,-52.6673],[-71.9203,-52.6816],[-71.8505,-52.6947],[-71.6294,-52.6838],[-71.5982,-52.6748],[-71.585,-52.6604],[-71.5195,-52.6561],[-71.4781,-52.6461],[-71.4918,-52.6126],[-71.5348,-52.5804],[-71.5716,-52.5613],[-71.6311,-52.5744],[-71.6868,-52.5631],[-71.7291,-52.5619],[-71.7599,-52.5684],[-71.8334,-52.5528],[-71.9112,-52.542],[-71.9754,-52.5609],[-72.0028,-52.5515],[-72.0277,-52.5593],[-72.0478,-52.5574],[-72.0722,-52.5371],[-72.0872,-52.5209],[-72.0976,-52.5165],[-72.1248,-52.5133],[-72.2032,-52.5234],[-72.2816,-52.5138],[-72.3099,-52.5165],[-72.3278,-52.5252],[-72.3456,-52.5405],[-72.3591,-52.5582],[-72.3646,-52.5743],[-72.3739,-52.5881],[-72.4185,-52.6067],[-72.4335,-52.6189],[-72.4241,-52.6142],[-72.4152,-52.6126],[-72.4065,-52.6144],[-72.3981,-52.6189],[-72.4136,-52.6489],[-72.4193,-52.653],[-72.4316,-52.651],[-72.4414,-52.6456],[-72.4608,-52.632],[-72.5017,-52.6153],[-72.5059,-52.6114],[-72.5259,-52.6002],[-72.5491,-52.5916],[-72.5416,-52.5772],[-72.5079,-52.5501],[-72.4869,-52.5388],[-72.469,-52.5351],[-72.4266,-52.5364],[-72.4017,-52.531],[-72.3877,-52.5193],[-72.3896,-52.5076],[-72.4127,-52.5022],[-72.424,-52.5041],[-72.4432,-52.5131],[-72.4533,-52.5165],[-72.4652,-52.5173],[-72.4898,-52.5158],[-72.5017,-52.5165],[-72.5306,-52.5284],[-72.5393,-52.5302],[-72.5474,-52.5344],[-72.5591,-52.5527],[-72.57,-52.5569],[-72.5892,-52.5541],[-72.6125,-52.5471],[-72.63,-52.5383],[-72.6321,-52.5302],[-72.6561,-52.5217],[-72.6794,-52.5248],[-72.7021,-52.5323],[-72.7794,-52.5439],[-72.795,-52.5412],[-72.8003,-52.5344],[-72.8026,-52.5256],[-72.8096,-52.5165],[-72.8484,-52.5029],[-72.858,-52.5022],[-72.8619,-52.5102],[-72.8573,-52.5297],[-72.8614,-52.5401],[-72.8672,-52.5483],[-72.8706,-52.5559],[-72.8721,-52.5617],[-72.8723,-52.5637],[-72.8899,-52.5886],[-72.8928,-52.5948],[-72.8961,-52.6137],[-72.9045,-52.6297],[-72.9154,-52.6427],[-72.9263,-52.653],[-72.9801,-52.6941],[-72.9884,-52.7043],[-72.9726,-52.7171],[-72.9372,-52.6906],[-72.8643,-52.6119],[-72.8411,-52.5943],[-72.8192,-52.5865],[-72.7987,-52.6154],[-72.7734,-52.6242],[-72.7214,-52.632],[-72.6952,-52.6321],[-72.687,-52.6342],[-72.6764,-52.6428],[-72.6739,-52.6525],[-72.6802,-52.6625],[-72.7132,-52.6926],[-72.7624,-52.7282],[-72.7797,-52.7458],[-72.7908,-52.7527],[-72.8065,-52.7555],[-72.8324,-52.7561],[-72.8451,-52.7594],[-72.8506,-52.7663],[-72.8604,-52.7888],[-72.8843,-52.7952],[-72.9399,-52.7971],[-73.0053,-52.8333],[-73.0156,-52.8417],[-73.0074,-52.8559],[-72.9676,-52.879],[-72.9536,-52.8933],[-72.9694,-52.9075],[-72.9725,-52.9247],[-72.9673,-52.9584],[-72.9642,-52.9638],[-72.9505,-52.977],[-72.9474,-52.9858],[-72.9536,-53.0236],[-72.963,-53.0374],[-72.9796,-53.0548],[-72.9951,-53.0641],[-73.002,-53.0544],[-73.0105,-53.0562],[-73.1163,-53.0969],[-73.1397,-53.0992],[-73.1634,-53.0881],[-73.178,-53.0735],[-73.1847,-53.0646],[-73.187,-53.0578],[-73.1803,-53.051],[-73.1683,-53.0446],[-73.1587,-53.0363],[-73.1597,-53.0236],[-73.1767,-53.0152],[-73.1949,-53.0304],[-73.2082,-53.0532],[-73.2106,-53.068],[-73.2021,-53.0737],[-73.1914,-53.0785],[-73.1827,-53.0841],[-73.1801,-53.0912],[-73.1872,-53.1025],[-73.1985,-53.1049],[-73.2108,-53.1026],[-73.2211,-53.0993],[-73.2325,-53.0942],[-73.2419,-53.0873],[-73.2529,-53.0815],[-73.3273,-53.0715],[-73.3583,-53.051],[-73.3862,-53.0168],[-73.3991,-53.0147],[-73.4263,-53.0178],[-73.4371,-53.0131],[-73.4529,-52.9967],[-73.456,-52.9865],[-73.444,-52.982],[-73.4044,-52.9807],[-73.3924,-52.982],[-73.3841,-52.986],[-73.3763,-52.9921],[-73.3664,-52.9965],[-73.3514,-52.9958],[-73.3577,-52.9871],[-73.3644,-52.9806],[-73.3697,-52.9742],[-73.3719,-52.9653],[-73.3663,-52.9567],[-73.3528,-52.955],[-73.3236,-52.9553],[-73.3225,-52.9516],[-73.3227,-52.9445],[-73.3209,-52.9374],[-73.3139,-52.9343],[-73.3087,-52.9353],[-73.2992,-52.94],[-73.2784,-52.9439],[-73.255,-52.9571],[-73.2416,-52.9616],[-73.2452,-52.9513],[-73.2621,-52.9274],[-73.236,-52.9308],[-73.2279,-52.9343],[-73.2327,-52.9138],[-73.2235,-52.9015],[-73.2047,-52.8969],[-73.2139,-52.8878],[-73.2887,-52.9021],[-73.303,-52.8827],[-73.3079,-52.8738],[-73.3199,-52.8776],[-73.3357,-52.8845],[-73.3514,-52.8859],[-73.362,-52.8759],[-73.3707,-52.8598],[-73.3826,-52.8448],[-73.403,-52.8381],[-73.4921,-52.8256],[-73.5419,-52.8124],[-73.5637,-52.7971],[-73.5409,-52.78],[-73.4945,-52.7753],[-73.4589,-52.7848],[-73.4681,-52.8107],[-73.448,-52.8068],[-73.4246,-52.7824],[-73.4095,-52.7766],[-73.3962,-52.7826],[-73.3842,-52.8038],[-73.3754,-52.8005],[-73.3672,-52.796],[-73.3548,-52.7924],[-73.3425,-52.7912],[-73.3249,-52.7975],[-73.3154,-52.7937],[-73.306,-52.7873],[-73.2962,-52.7835],[-73.2538,-52.7912],[-73.2331,-52.7906],[-73.2211,-52.7766],[-73.2336,-52.7781],[-73.2441,-52.777],[-73.2502,-52.7724],[-73.249,-52.7629],[-73.2609,-52.754],[-73.2876,-52.7617],[-73.303,-52.7555],[-73.3083,-52.7487],[-73.3105,-52.7416],[-73.3105,-52.7248],[-73.3066,-52.7154],[-73.298,-52.7155],[-73.2826,-52.7214],[-73.2624,-52.7131],[-73.2494,-52.7039],[-73.2394,-52.6915],[-73.2279,-52.6736],[-73.2267,-52.6658],[-73.2275,-52.6568],[-73.226,-52.6493],[-73.2174,-52.6463],[-73.1801,-52.6463],[-73.1633,-52.643],[-73.1527,-52.634],[-73.1471,-52.6199],[-73.1454,-52.6017],[-73.1273,-52.5583],[-73.1221,-52.5501],[-73.0487,-52.5546],[-73.023,-52.5641],[-73.0111,-52.5632],[-73.004,-52.5583],[-73.0089,-52.5501],[-73.0168,-52.5483],[-73.0498,-52.5501],[-73.1081,-52.5364],[-73.118,-52.5328],[-73.1156,-52.5241],[-73.1085,-52.5143],[-73.1044,-52.5063],[-73.0916,-52.4938],[-73.0622,-52.4909],[-73.0089,-52.496],[-72.9288,-52.5134],[-72.9075,-52.527],[-72.8993,-52.5302],[-72.8859,-52.5256],[-72.8874,-52.5153],[-72.8965,-52.5038],[-72.9058,-52.496],[-72.918,-52.4918],[-72.9604,-52.4885],[-73.0214,-52.4748],[-73.0558,-52.4714],[-73.0808,-52.4787],[-73.1006,-52.4894],[-73.1226,-52.4929],[-73.1435,-52.49],[-73.1597,-52.4817],[-73.1822,-52.4456],[-73.195,-52.4299],[-73.2006,-52.4374],[-73.1986,-52.4467],[-73.1947,-52.4567],[-73.1921,-52.4667],[-73.1944,-52.4755],[-73.2037,-52.4798],[-73.2163,-52.4794],[-73.2282,-52.4824],[-73.2353,-52.496],[-73.1965,-52.5009],[-73.1809,-52.5148],[-73.1737,-52.5361],[-73.1597,-52.5637],[-73.1858,-52.5921],[-73.2032,-52.6056],[-73.2245,-52.6115],[-73.2388,-52.62],[-73.2562,-52.6604],[-73.2689,-52.6736],[-73.2911,-52.6729],[-73.3186,-52.6628],[-73.3378,-52.6467],[-73.3344,-52.6288],[-73.3138,-52.6121],[-73.3049,-52.6018],[-73.303,-52.5916],[-73.3085,-52.5846],[-73.3166,-52.5856],[-73.3267,-52.5896],[-73.3378,-52.5916],[-73.3517,-52.5908],[-73.3625,-52.5881],[-73.3695,-52.5812],[-73.3719,-52.5675],[-73.3752,-52.5582],[-73.3835,-52.549],[-73.3936,-52.5441],[-73.403,-52.547],[-73.407,-52.5644],[-73.3854,-52.6056],[-73.3862,-52.6257],[-73.3973,-52.6365],[-73.4099,-52.6375],[-73.4371,-52.632],[-73.4497,-52.6352],[-73.453,-52.6432],[-73.4534,-52.6534],[-73.4576,-52.6633],[-73.4733,-52.6643],[-73.4935,-52.6563],[-73.5087,-52.656],[-73.5091,-52.6804],[-73.5348,-52.6749],[-73.5579,-52.6853],[-73.5979,-52.7214],[-73.6033,-52.7223],[-73.6103,-52.7211],[-73.6164,-52.721],[-73.619,-52.7248],[-73.6178,-52.7311],[-73.6152,-52.7341],[-73.6127,-52.7361],[-73.6115,-52.7387],[-73.6164,-52.7491],[-73.6281,-52.7452],[-73.6531,-52.7282],[-73.6852,-52.7214],[-73.6995,-52.7145],[-73.6978,-52.7043],[-73.671,-52.6801],[-73.66,-52.6736],[-73.6083,-52.6627],[-73.5844,-52.6533],[-73.5705,-52.632],[-73.5915,-52.634],[-73.6463,-52.6463],[-73.6696,-52.6432],[-73.6773,-52.6323],[-73.6798,-52.6163],[-73.6879,-52.5978],[-73.6579,-52.5908],[-73.6444,-52.5844],[-73.6388,-52.5743],[-73.6359,-52.5632],[-73.6285,-52.5613],[-73.6196,-52.5634],[-73.6115,-52.5637],[-73.6048,-52.5593],[-73.6033,-52.5548],[-73.6007,-52.5514],[-73.5911,-52.5501],[-73.584,-52.5512],[-73.5801,-52.5535],[-73.5775,-52.5558],[-73.5743,-52.5569],[-73.5618,-52.5554],[-73.5534,-52.551],[-73.5509,-52.5445],[-73.5563,-52.5364],[-73.567,-52.5317],[-73.6152,-52.5234],[-73.6193,-52.5204],[-73.6086,-52.5136],[-73.5842,-52.5022],[-73.5769,-52.4957],[-73.5655,-52.4789],[-73.56,-52.4755],[-73.4949,-52.4755],[-73.5188,-52.465],[-73.5309,-52.457],[-73.5302,-52.4443],[-73.5153,-52.4203],[-73.5329,-52.4153],[-73.5473,-52.426],[-73.562,-52.4407],[-73.5811,-52.4483],[-73.6544,-52.4308],[-73.6662,-52.424],[-73.6651,-52.4001],[-73.6603,-52.3839],[-73.649,-52.3748],[-73.6289,-52.372],[-73.6204,-52.3752],[-73.6138,-52.3818],[-73.6069,-52.387],[-73.5979,-52.3862],[-73.5892,-52.3791],[-73.5852,-52.3697],[-73.5842,-52.3483],[-73.5784,-52.3438],[-73.5679,-52.3333],[-73.563,-52.3228],[-73.5743,-52.318],[-73.5984,-52.3022],[-73.6047,-52.2968],[-73.6127,-52.2774],[-73.6068,-52.2646],[-73.5948,-52.2522],[-73.5842,-52.2348],[-73.5806,-52.2084],[-73.5914,-52.2005],[-73.6107,-52.1996],[-73.6326,-52.1938],[-73.6322,-52.1889],[-73.6371,-52.1756],[-73.6433,-52.1637],[-73.6463,-52.163],[-73.6507,-52.1581],[-73.6804,-52.1459],[-73.6883,-52.1223],[-73.7196,-52.0958],[-73.745,-52.0654],[-73.735,-52.03],[-73.7159,-52.0206],[-73.699,-52.0263],[-73.677,-52.0431],[-73.6743,-52.0514],[-73.6388,-52.0982],[-73.6255,-52.1301],[-73.6146,-52.1447],[-73.6013,-52.1425],[-73.5814,-52.1344],[-73.5683,-52.1486],[-73.5589,-52.171],[-73.5501,-52.1869],[-73.5289,-52.1956],[-73.5109,-52.1899],[-73.4945,-52.1795],[-73.4781,-52.1739],[-73.4683,-52.169],[-73.4839,-52.1576],[-73.5228,-52.1391],[-73.4957,-52.1319],[-73.463,-52.1384],[-73.4317,-52.153],[-73.3872,-52.1912],[-73.362,-52.2079],[-73.3339,-52.2187],[-73.303,-52.2218],[-73.2716,-52.2161],[-73.2428,-52.2021],[-73.2218,-52.1799],[-73.2137,-52.1495],[-73.2162,-52.1251],[-73.2138,-52.1192],[-73.2041,-52.1081],[-73.1913,-52.1038],[-73.1734,-52.1071],[-73.1561,-52.1152],[-73.1454,-52.1256],[-73.1188,-52.1021],[-73.0869,-52.0825],[-73.0526,-52.0691],[-73.0188,-52.0641],[-72.9978,-52.0649],[-72.9877,-52.0693],[-72.9836,-52.0795],[-72.9809,-52.0982],[-72.9808,-52.1098],[-72.983,-52.1267],[-72.9875,-52.143],[-72.9945,-52.1529],[-73.0035,-52.1542],[-73.0235,-52.1479],[-73.0327,-52.1459],[-73.0409,-52.1489],[-73.0459,-52.1555],[-73.0494,-52.1638],[-73.0535,-52.1702],[-73.0637,-52.1816],[-73.0738,-52.1957],[-73.0815,-52.2109],[-73.0846,-52.2252],[-73.0793,-52.2371],[-73.0675,-52.2321],[-73.0275,-52.193],[-73.0143,-52.1874],[-72.9945,-52.1869],[-72.9466,-52.2018],[-72.922,-52.214],[-72.9164,-52.2252],[-72.9221,-52.2385],[-72.9128,-52.2448],[-72.8859,-52.2483],[-72.8727,-52.2534],[-72.8664,-52.2568],[-72.8612,-52.256],[-72.8407,-52.2407],[-72.8348,-52.234],[-72.832,-52.2253],[-72.8313,-52.2112],[-72.828,-52.2006],[-72.813,-52.1791],[-72.8096,-52.1702],[-72.8068,-52.1466],[-72.7987,-52.1297],[-72.7686,-52.0982],[-72.7543,-52.0751],[-72.7549,-52.0568],[-72.7684,-52.0512],[-72.8258,-52.0914],[-72.8412,-52.1057],[-72.8506,-52.1256],[-72.851,-52.1612],[-72.8546,-52.1785],[-72.8686,-52.1972],[-72.8837,-52.1983],[-72.9075,-52.19],[-72.9315,-52.1778],[-72.9474,-52.1664],[-72.941,-52.1513],[-72.9488,-52.1218],[-72.9402,-52.0956],[-72.9503,-52.0646],[-72.9474,-52.0497],[-72.9327,-52.0395],[-72.9203,-52.0457],[-72.9102,-52.0575],[-72.9023,-52.0641],[-72.8945,-52.0571],[-72.8871,-52.0237],[-72.8822,-52.0123],[-72.8747,-51.9996],[-72.8706,-51.9682],[-72.8649,-51.9548],[-72.8536,-51.9483],[-72.8345,-51.942],[-72.8149,-51.9376],[-72.8028,-51.9374],[-72.7413,-51.9684],[-72.6958,-51.9814],[-72.6867,-51.9884],[-72.6888,-52.0075],[-72.7042,-52.0217],[-72.7151,-52.0373],[-72.7035,-52.0603],[-72.694,-52.0672],[-72.6703,-52.0777],[-72.6588,-52.0846],[-72.6518,-52.0925],[-72.6488,-52.1],[-72.644,-52.1066],[-72.6321,-52.1119],[-72.6316,-52.1085],[-72.6282,-52.1021],[-72.6224,-52.0981],[-72.6147,-52.1013],[-72.6014,-52.1119],[-72.5983,-52.1171],[-72.5809,-52.1391],[-72.5768,-52.1425],[-72.5685,-52.1643],[-72.5513,-52.1791],[-72.5365,-52.1956],[-72.5359,-52.2218],[-72.5414,-52.2281],[-72.5506,-52.234],[-72.5594,-52.2413],[-72.5631,-52.2521],[-72.5643,-52.2602],[-72.5694,-52.2752],[-72.5742,-52.3092],[-72.5848,-52.3271],[-72.6017,-52.3393],[-72.6246,-52.3447],[-72.6367,-52.3439],[-72.649,-52.3409],[-72.6603,-52.3355],[-72.6697,-52.3278],[-72.679,-52.323],[-72.6858,-52.3287],[-72.6966,-52.3483],[-72.7145,-52.3629],[-72.7401,-52.3749],[-72.7654,-52.3779],[-72.7829,-52.3657],[-72.7752,-52.3826],[-72.7816,-52.387],[-72.7938,-52.3858],[-72.8034,-52.3862],[-72.8114,-52.3925],[-72.8313,-52.4135],[-72.8522,-52.4252],[-72.8794,-52.4347],[-72.9083,-52.4401],[-72.9337,-52.4409],[-72.9305,-52.4482],[-72.927,-52.4518],[-72.9217,-52.4532],[-72.9132,-52.4539],[-72.889,-52.4518],[-72.8394,-52.4374],[-72.7908,-52.4299],[-72.746,-52.4117],[-72.7214,-52.4067],[-72.693,-52.408],[-72.6147,-52.4203],[-72.59,-52.4279],[-72.5714,-52.443],[-72.5514,-52.4535],[-72.5222,-52.4483],[-72.5057,-52.4337],[-72.521,-52.4252],[-72.6063,-52.4171],[-72.6219,-52.4128],[-72.6321,-52.4067],[-72.6376,-52.3976],[-72.6341,-52.394],[-72.6246,-52.3915],[-72.6116,-52.3862],[-72.5768,-52.3654],[-72.5461,-52.3415],[-72.5265,-52.3298],[-72.51,-52.3249],[-72.4971,-52.3154],[-72.4696,-52.2234],[-72.4669,-52.2043],[-72.4757,-52.1874],[-72.5797,-52.0969],[-72.6085,-52.0836],[-72.6487,-52.049],[-72.6588,-52.0362],[-72.6647,-51.9706],[-72.6697,-51.961],[-72.6611,-51.9575],[-72.6544,-51.9505],[-72.646,-51.9454],[-72.6321,-51.9474],[-72.6252,-51.9544],[-72.6199,-51.9646],[-72.6123,-51.9733],[-72.598,-51.9753],[-72.5876,-51.9684],[-72.5824,-51.9455],[-72.5737,-51.9406],[-72.5618,-51.9428],[-72.5413,-51.9526],[-72.529,-51.9548],[-72.504,-51.9514],[-72.485,-51.9425],[-72.469,-51.9293],[-72.4533,-51.9133],[-72.4664,-51.8964],[-72.4981,-51.8741],[-72.5079,-51.8586],[-72.5084,-51.8371],[-72.4982,-51.821],[-72.4669,-51.7897],[-72.4949,-51.7692],[-72.5098,-51.7282],[-72.522,-51.7131],[-72.5632,-51.7027],[-72.608,-51.6785],[-72.6246,-51.6668],[-72.6355,-51.655],[-72.6697,-51.6082],[-72.689,-51.5934],[-72.7125,-51.5822],[-72.7377,-51.5746],[-72.7624,-51.5706],[-72.8275,-51.5706],[-72.8375,-51.5673],[-72.8584,-51.5528],[-72.8686,-51.5495],[-72.899,-51.549],[-72.9152,-51.5471],[-72.9263,-51.5427],[-72.9327,-51.5346],[-72.9422,-51.5152],[-72.9474,-51.5085],[-72.9695,-51.4985],[-73.0292,-51.4885],[-73.0535,-51.4875],[-73.0679,-51.4786],[-73.0797,-51.4583],[-73.0844,-51.4356],[-73.0771,-51.4197],[-73.091,-51.4208],[-73.1226,-51.4397],[-73.1392,-51.447],[-73.2455,-51.465],[-73.2604,-51.4711],[-73.2676,-51.4806],[-73.2621,-51.4949],[-73.2456,-51.5066],[-73.2271,-51.5079],[-73.1736,-51.4973],[-73.1573,-51.49],[-73.1406,-51.4876],[-73.1221,-51.4983],[-73.1051,-51.5022],[-73.0543,-51.5026],[-73.0436,-51.5119],[-73.0416,-51.5226],[-73.0387,-51.5289],[-73.0389,-51.5353],[-73.0467,-51.5461],[-73.0541,-51.5517],[-73.0731,-51.5613],[-73.1061,-51.5839],[-73.1107,-51.5934],[-73.0983,-51.6048],[-73.0377,-51.5651],[-73.0246,-51.5606],[-73.0231,-51.5546],[-73.0237,-51.5478],[-73.0218,-51.5427],[-73.0134,-51.5362],[-73.0018,-51.5294],[-72.9892,-51.5266],[-72.9778,-51.5328],[-72.9496,-51.5592],[-72.9437,-51.5632],[-72.923,-51.5675],[-72.858,-51.5973],[-72.8357,-51.5984],[-72.8146,-51.5955],[-72.7938,-51.5961],[-72.7723,-51.6082],[-72.7579,-51.6235],[-72.7159,-51.6818],[-72.7106,-51.691],[-72.703,-51.698],[-72.6901,-51.7009],[-72.6355,-51.7072],[-72.6324,-51.7091],[-72.6234,-51.7182],[-72.6178,-51.7214],[-72.6097,-51.7223],[-72.5925,-51.7209],[-72.5626,-51.7248],[-72.5552,-51.7297],[-72.5495,-51.7413],[-72.5516,-51.7576],[-72.5624,-51.7783],[-72.578,-51.796],[-72.6049,-51.8072],[-72.6319,-51.8256],[-72.6451,-51.8313],[-72.6582,-51.8327],[-72.6997,-51.8313],[-72.7158,-51.8366],[-72.7241,-51.8381],[-72.7277,-51.8344],[-72.729,-51.8302],[-72.7356,-51.8193],[-72.7379,-51.8171],[-72.7863,-51.8108],[-72.8,-51.8025],[-72.8125,-51.7848],[-72.8297,-51.768],[-72.858,-51.7624],[-72.8845,-51.7739],[-72.8993,-51.7761],[-72.9058,-51.7658],[-72.9094,-51.7577],[-72.918,-51.7574],[-72.9627,-51.7685],[-72.9767,-51.7692],[-72.9884,-51.7624],[-72.9904,-51.7532],[-72.9862,-51.7436],[-72.9831,-51.7333],[-72.9884,-51.7214],[-72.9982,-51.7189],[-73.0294,-51.7167],[-73.0362,-51.7109],[-73.0399,-51.7021],[-73.0488,-51.6969],[-73.06,-51.6943],[-73.0702,-51.6935],[-73.1233,-51.7019],[-73.1508,-51.7031],[-73.1733,-51.6935],[-73.1848,-51.67],[-73.1803,-51.6506],[-73.1824,-51.6375],[-73.2284,-51.6291],[-73.242,-51.6115],[-73.2552,-51.6048],[-73.2684,-51.6038],[-73.28,-51.6062],[-73.2896,-51.6114],[-73.2962,-51.6183],[-73.2538,-51.6365],[-73.2375,-51.6474],[-73.2279,-51.6668],[-73.2284,-51.6793],[-73.2322,-51.6882],[-73.233,-51.6975],[-73.2245,-51.7109],[-73.2139,-51.7175],[-73.1995,-51.7205],[-73.0701,-51.7245],[-73.0267,-51.7441],[-72.9945,-51.7897],[-73.0276,-51.7774],[-73.0668,-51.7551],[-73.106,-51.7449],[-73.1392,-51.7692],[-73.1284,-51.7756],[-73.1164,-51.7765],[-73.1046,-51.7727],[-73.0945,-51.7658],[-73.0842,-51.7613],[-73.0741,-51.763],[-73.0604,-51.7692],[-73.0492,-51.7779],[-73.0456,-51.7976],[-73.0467,-51.8186],[-73.0498,-51.8313],[-73.0823,-51.8536],[-73.1741,-51.8598],[-73.2074,-51.8791],[-73.1904,-51.8874],[-73.168,-51.8898],[-73.1457,-51.8862],[-73.1286,-51.8757],[-73.1183,-51.871],[-73.0771,-51.8722],[-73.0666,-51.8684],[-73.0436,-51.8512],[-73.0086,-51.8322],[-72.9724,-51.8217],[-72.9408,-51.8277],[-72.9194,-51.8586],[-72.9376,-51.8694],[-73.002,-51.8853],[-73.0614,-51.9161],[-73.0808,-51.9207],[-73.1033,-51.9225],[-73.1268,-51.9285],[-73.1453,-51.94],[-73.1528,-51.9579],[-73.1558,-51.9719],[-73.1733,-52.0226],[-73.1744,-52.0471],[-73.1727,-52.0666],[-73.1767,-52.0812],[-73.1944,-52.0908],[-73.2237,-52.0915],[-73.2419,-52.079],[-73.2726,-52.0396],[-73.275,-52.0232],[-73.2682,-51.9719],[-73.2726,-51.961],[-73.2801,-51.9524],[-73.303,-51.8996],[-73.2953,-51.8717],[-73.2997,-51.832],[-73.3268,-51.727],[-73.3385,-51.6998],[-73.3568,-51.6764],[-73.3862,-51.6525],[-73.3867,-51.6708],[-73.38,-51.6835],[-73.3583,-51.7072],[-73.3507,-51.7214],[-73.3413,-51.7527],[-73.3326,-51.8019],[-73.3285,-51.8614],[-73.3114,-51.9577],[-73.308,-52.0221],[-73.285,-52.1044],[-73.2826,-52.1425],[-73.2928,-52.1657],[-73.3162,-52.1661],[-73.3417,-52.1554],[-73.3583,-52.1459],[-73.3944,-52.1345],[-73.3998,-52.129],[-73.4027,-52.1179],[-73.4097,-52.108],[-73.4194,-52.1008],[-73.4516,-52.0943],[-73.54,-52.0553],[-73.5635,-52.04],[-73.5813,-52.0219],[-73.5811,-52.0055],[-73.5729,-51.9837],[-73.5832,-51.9653],[-73.6,-51.949],[-73.6115,-51.9343],[-73.6013,-51.935],[-73.5931,-51.934],[-73.5858,-51.9312],[-73.578,-51.9269],[-73.595,-51.9119],[-73.6224,-51.8813],[-73.6456,-51.8487],[-73.6497,-51.8279],[-73.6209,-51.8122],[-73.5993,-51.8227],[-73.5637,-51.8654],[-73.5377,-51.8836],[-73.5271,-51.8952],[-73.5228,-51.9098],[-73.5205,-51.9239],[-73.514,-51.9386],[-73.5042,-51.9501],[-73.4642,-51.9674],[-73.4518,-51.9933],[-73.4364,-52.0152],[-73.3998,-52.0157],[-73.4155,-51.9904],[-73.4818,-51.9133],[-73.4756,-51.9116],[-73.4694,-51.9089],[-73.4626,-51.9067],[-73.4545,-51.9064],[-73.4612,-51.8957],[-73.4704,-51.8922],[-73.4801,-51.8903],[-73.4886,-51.8853],[-73.4923,-51.8754],[-73.493,-51.8549],[-73.4985,-51.8512],[-73.5198,-51.8464],[-73.5306,-51.8347],[-73.5315,-51.8193],[-73.5228,-51.8034],[-73.5504,-51.7895],[-73.5798,-51.7687],[-73.5892,-51.7496],[-73.534,-51.736],[-73.5035,-51.7228],[-73.4757,-51.705],[-73.4607,-51.6867],[-73.4882,-51.6876],[-73.5099,-51.6961],[-73.5501,-51.7214],[-73.5501,-51.6804],[-73.5624,-51.6895],[-73.5788,-51.7136],[-73.5917,-51.7214],[-73.6116,-51.72],[-73.6233,-51.7077],[-73.6302,-51.6935],[-73.6357,-51.6867],[-73.6549,-51.6886],[-73.6593,-51.6944],[-73.6605,-51.7042],[-73.6776,-51.7281],[-73.6837,-51.7419],[-73.6855,-51.7566],[-73.6804,-51.7692],[-73.6995,-51.7853],[-73.7189,-51.7758],[-73.7623,-51.735],[-73.7628,-51.7151],[-73.812,-51.6886],[-73.807,-51.67],[-73.7864,-51.6599],[-73.7372,-51.651],[-73.7146,-51.6388],[-73.7365,-51.6374],[-73.7602,-51.6425],[-73.7842,-51.645],[-73.807,-51.6358],[-73.8189,-51.6288],[-73.8285,-51.6285],[-73.8386,-51.631],[-73.8514,-51.6326],[-73.8638,-51.6287],[-73.8746,-51.6217],[-73.8858,-51.6181],[-73.8995,-51.6252],[-73.903,-51.6183],[-73.9042,-51.6117],[-73.9032,-51.6049],[-73.8995,-51.5973],[-73.8912,-51.5867],[-73.8841,-51.5834],[-73.8762,-51.5822],[-73.8654,-51.5774],[-73.826,-51.5466],[-73.817,-51.5366],[-73.8815,-51.5368],[-73.9093,-51.527],[-73.9206,-51.4983],[-73.9172,-51.4909],[-73.9106,-51.485],[-73.9063,-51.4788],[-73.9098,-51.471],[-73.9141,-51.4655],[-73.9193,-51.4557],[-73.9237,-51.4503],[-73.9288,-51.4391],[-73.9283,-51.4152],[-73.9343,-51.406],[-73.9343,-51.3993],[-73.8993,-51.3752],[-73.8804,-51.3679],[-73.8722,-51.3823],[-73.8614,-51.3928],[-73.814,-51.3922],[-73.8033,-51.4028],[-73.7966,-51.4181],[-73.7808,-51.433],[-73.7481,-51.4533],[-73.7134,-51.4698],[-73.6995,-51.4801],[-73.6879,-51.4949],[-73.6636,-51.5413],[-73.6545,-51.5666],[-73.6306,-51.5961],[-73.6208,-51.6282],[-73.6119,-51.6254],[-73.6045,-51.6114],[-73.6047,-51.5911],[-73.61,-51.5784],[-73.6388,-51.5366],[-73.6164,-51.5229],[-73.6046,-51.513],[-73.6081,-51.5085],[-73.6392,-51.5094],[-73.6514,-51.5055],[-73.66,-51.4949],[-73.6556,-51.4684],[-73.5997,-51.4513],[-73.5979,-51.4328],[-73.6379,-51.4465],[-73.6691,-51.4387],[-73.6922,-51.4145],[-73.7196,-51.3565],[-73.7214,-51.3478],[-73.7214,-51.31],[-73.7201,-51.2992],[-73.7174,-51.2936],[-73.7177,-51.2885],[-73.7251,-51.2795],[-73.7404,-51.2692],[-73.746,-51.2631],[-73.7481,-51.2519],[-73.7528,-51.2487],[-73.7755,-51.2409],[-73.7828,-51.2348],[-73.7843,-51.2236],[-73.7794,-51.2151],[-73.7729,-51.2088],[-73.7698,-51.2038],[-73.7596,-51.195],[-73.7371,-51.2084],[-73.7047,-51.2382],[-73.7011,-51.2475],[-73.7017,-51.2582],[-73.701,-51.2683],[-73.6941,-51.2758],[-73.6827,-51.276],[-73.6818,-51.2649],[-73.6879,-51.245],[-73.6926,-51.2145],[-73.6892,-51.2023],[-73.6736,-51.1938],[-73.6736,-51.1877],[-73.6904,-51.1909],[-73.7049,-51.1906],[-73.7175,-51.1868],[-73.7288,-51.1796],[-73.7212,-51.1679],[-73.6941,-51.1393],[-73.7063,-51.1315],[-73.7155,-51.135],[-73.7241,-51.1422],[-73.735,-51.1454],[-73.7444,-51.1419],[-73.7698,-51.1181],[-73.774,-51.1284],[-73.7711,-51.1334],[-73.7657,-51.1375],[-73.7623,-51.1454],[-73.7614,-51.1596],[-73.7628,-51.1638],[-73.7692,-51.1661],[-73.7828,-51.1734],[-73.8579,-51.228],[-73.8794,-51.2379],[-73.8976,-51.2385],[-73.914,-51.2315],[-73.9414,-51.2092],[-73.9673,-51.1941],[-73.9753,-51.1877],[-73.9781,-51.1799],[-73.982,-51.1523],[-73.9922,-51.1369],[-74.0083,-51.1186],[-74.0233,-51.111],[-74.0299,-51.128],[-74.0256,-51.1487],[-74.0185,-51.1705],[-74.017,-51.1909],[-74.0299,-51.2076],[-74.054,-51.2123],[-74.0795,-51.2047],[-74.1051,-51.1935],[-74.1295,-51.1877],[-74.136,-51.1769],[-74.1329,-51.1113],[-74.1346,-51.093],[-74.1496,-51.0803],[-74.1544,-51.0707],[-74.1529,-51.061],[-74.1481,-51.0522],[-74.0982,-51.0016],[-74.0777,-50.9879],[-74.0863,-50.9816],[-74.0868,-50.9739],[-74.0812,-50.9662],[-74.0714,-50.9605],[-74.0714,-50.9537],[-74.0892,-50.9571],[-74.1022,-50.9645],[-74.184,-51.0339],[-74.1966,-51.0377],[-74.2322,-51.0356],[-74.2394,-51.0279],[-74.2388,-50.9897],[-74.2422,-50.9742],[-74.2245,-50.9658],[-74.2252,-50.9558],[-74.2379,-50.9465],[-74.2564,-50.9394],[-74.2326,-50.9075],[-74.1955,-50.885],[-74.151,-50.8728],[-74.105,-50.8712],[-73.9957,-50.8854],[-73.9753,-50.8908],[-73.9517,-50.8932],[-73.933,-50.8864],[-73.9268,-50.8644],[-73.9022,-50.8733],[-73.8743,-50.8891],[-73.8555,-50.9096],[-73.8579,-50.9332],[-73.8033,-50.9605],[-73.8017,-50.947],[-73.7904,-50.9313],[-73.7897,-50.9195],[-73.817,-50.878],[-73.8579,-50.8444],[-73.8638,-50.8429],[-73.871,-50.8434],[-73.8771,-50.8419],[-73.8797,-50.8342],[-73.8775,-50.8284],[-73.8725,-50.8256],[-73.8676,-50.8238],[-73.8654,-50.8205],[-73.8546,-50.7973],[-73.83,-50.7971],[-73.8034,-50.8085],[-73.7766,-50.8259],[-73.7616,-50.83],[-73.7479,-50.8294],[-73.7419,-50.8205],[-73.7479,-50.8127],[-73.7778,-50.8023],[-73.7897,-50.7966],[-73.7833,-50.7883],[-73.7768,-50.7742],[-73.7718,-50.7585],[-73.7698,-50.745],[-73.7725,-50.7297],[-73.7825,-50.7004],[-73.7828,-50.6868],[-73.7729,-50.6707],[-73.7554,-50.6603],[-73.7354,-50.6544],[-73.7001,-50.6503],[-73.6682,-50.6406],[-73.6531,-50.6384],[-73.6367,-50.6399],[-73.62,-50.6445],[-73.6045,-50.651],[-73.5917,-50.6589],[-73.5611,-50.7006],[-73.5532,-50.7072],[-73.5334,-50.7065],[-73.5301,-50.7034],[-73.5324,-50.6972],[-73.5296,-50.6868],[-73.5199,-50.6769],[-73.5087,-50.6728],[-73.4744,-50.6725],[-73.4871,-50.6601],[-73.5077,-50.6575],[-73.5306,-50.6575],[-73.5501,-50.6526],[-73.557,-50.6336],[-73.56,-50.6284],[-73.5677,-50.6244],[-73.5779,-50.6236],[-73.5982,-50.6247],[-73.6354,-50.6184],[-73.6687,-50.6026],[-73.7251,-50.5595],[-73.728,-50.548],[-73.7211,-50.5331],[-73.7093,-50.5203],[-73.6978,-50.5148],[-73.6593,-50.513],[-73.6422,-50.5089],[-73.6252,-50.5012],[-73.607,-50.4835],[-73.582,-50.4321],[-73.5637,-50.405],[-73.5876,-50.4034],[-73.6091,-50.4242],[-73.6463,-50.4738],[-73.6579,-50.482],[-73.67,-50.4885],[-73.6832,-50.4928],[-73.7095,-50.4967],[-73.7291,-50.5064],[-73.7594,-50.5157],[-73.7678,-50.5333],[-73.776,-50.5769],[-73.7838,-50.5873],[-73.7928,-50.5934],[-73.8002,-50.6007],[-73.8033,-50.6144],[-73.8012,-50.6266],[-73.798,-50.6362],[-73.7983,-50.6452],[-73.8255,-50.6795],[-73.823,-50.6984],[-73.8135,-50.7175],[-73.8108,-50.742],[-73.8226,-50.7579],[-73.8461,-50.7758],[-73.8709,-50.7896],[-73.8861,-50.7931],[-73.898,-50.7924],[-73.9073,-50.7999],[-73.9206,-50.8171],[-73.9371,-50.8271],[-73.947,-50.8298],[-73.9852,-50.83],[-74.0427,-50.822],[-74.0606,-50.8137],[-74.1127,-50.778],[-74.1261,-50.7625],[-74.0683,-50.7361],[-74.0572,-50.7277],[-74.0602,-50.712],[-74.0785,-50.7011],[-74.1186,-50.6868],[-74.1171,-50.7009],[-74.1156,-50.707],[-74.1124,-50.714],[-74.1341,-50.733],[-74.1471,-50.7287],[-74.1671,-50.6868],[-74.182,-50.6667],[-74.2207,-50.6261],[-74.236,-50.6042],[-74.2196,-50.5857],[-74.2026,-50.572],[-74.1987,-50.559],[-74.2217,-50.5427],[-74.2354,-50.54],[-74.2486,-50.5396],[-74.2587,-50.5348],[-74.2662,-50.5061],[-74.2751,-50.4967],[-74.2974,-50.4806],[-74.2807,-50.4747],[-74.2211,-50.4638],[-74.208,-50.4636],[-74.204,-50.4777],[-74.1943,-50.4954],[-74.182,-50.5126],[-74.1705,-50.5255],[-74.1604,-50.5407],[-74.1413,-50.5798],[-74.1261,-50.5905],[-74.1079,-50.5878],[-74.1158,-50.5694],[-74.1459,-50.5359],[-74.1407,-50.5312],[-74.1313,-50.5197],[-74.1261,-50.5148],[-74.1484,-50.5063],[-74.1568,-50.4936],[-74.1498,-50.4831],[-74.1261,-50.4806],[-74.1077,-50.4884],[-74.0713,-50.5162],[-74.0535,-50.5222],[-73.9387,-50.5395],[-73.9176,-50.546],[-73.8973,-50.5491],[-73.8797,-50.5427],[-73.9071,-50.53],[-73.9751,-50.5115],[-74.0057,-50.5086],[-74.0165,-50.5027],[-74.0201,-50.4892],[-74.0181,-50.4742],[-74.0125,-50.4636],[-74.0092,-50.4553],[-74.015,-50.4492],[-74.0246,-50.4467],[-74.0329,-50.4499],[-74.0572,-50.4671],[-74.0734,-50.4694],[-74.0817,-50.4662],[-74.0981,-50.4465],[-74.1213,-50.4323],[-74.1289,-50.4229],[-74.1155,-50.4186],[-74.101,-50.4167],[-74.0867,-50.4108],[-74.0758,-50.4013],[-74.0714,-50.3883],[-74.0644,-50.3798],[-74.048,-50.3725],[-74.0162,-50.3639],[-74.0334,-50.363],[-74.0673,-50.3546],[-74.0839,-50.3572],[-74.0865,-50.3621],[-74.0893,-50.3798],[-74.0907,-50.3845],[-74.0972,-50.3873],[-74.1118,-50.3898],[-74.1655,-50.4096],[-74.1813,-50.4124],[-74.2122,-50.4057],[-74.2287,-50.4055],[-74.2526,-50.4405],[-74.2875,-50.4265],[-74.3179,-50.3993],[-74.3213,-50.3845],[-74.3146,-50.3776],[-74.2899,-50.3404],[-74.2826,-50.3322],[-74.2692,-50.3256],[-74.2629,-50.3171],[-74.277,-50.3025],[-74.2698,-50.2807],[-74.2827,-50.2649],[-74.3011,-50.2586],[-74.3104,-50.2653],[-74.3148,-50.2844],[-74.334,-50.3118],[-74.3384,-50.3264],[-74.3548,-50.3596],[-74.3938,-50.3659],[-74.4393,-50.3571],[-74.4755,-50.3442],[-74.4702,-50.341],[-74.4601,-50.3329],[-74.4544,-50.3298],[-74.4679,-50.3243],[-74.4954,-50.3253],[-74.5096,-50.323],[-74.5149,-50.3188],[-74.5364,-50.2963],[-74.5228,-50.2824],[-74.493,-50.2615],[-74.4818,-50.2486],[-74.4969,-50.2493],[-74.5216,-50.2608],[-74.5364,-50.2615],[-74.5491,-50.2545],[-74.5438,-50.2441],[-74.5315,-50.2322],[-74.5233,-50.2206],[-74.5478,-50.2254],[-74.5698,-50.2346],[-74.5925,-50.2403],[-74.6189,-50.235],[-74.6146,-50.2237],[-74.6084,-50.2146],[-74.6007,-50.2072],[-74.5916,-50.2008],[-74.5985,-50.1933],[-74.6239,-50.2062],[-74.6557,-50.2145],[-74.683,-50.2094],[-74.6947,-50.183],[-74.6913,-50.1686],[-74.6831,-50.1598],[-74.6605,-50.1456],[-74.6405,-50.1247],[-74.6283,-50.1149],[-74.6155,-50.1108],[-74.6012,-50.1086],[-74.5737,-50.0993],[-74.5575,-50.0971],[-74.5367,-50.1012],[-74.5319,-50.1106],[-74.533,-50.122],[-74.5301,-50.1313],[-74.5187,-50.1344],[-74.5044,-50.1319],[-74.4952,-50.1247],[-74.4991,-50.1142],[-74.5065,-50.1042],[-74.5079,-50.0943],[-74.504,-50.0851],[-74.4954,-50.0766],[-74.4768,-50.0855],[-74.4618,-50.0971],[-74.4687,-50.0971],[-74.4603,-50.0984],[-74.3476,-50.0861],[-74.3358,-50.0901],[-74.3309,-50.1074],[-74.3255,-50.1122],[-74.2994,-50.1249],[-74.2899,-50.1313],[-74.3175,-50.1614],[-74.3247,-50.1728],[-74.3143,-50.1686],[-74.3022,-50.1653],[-74.2894,-50.1642],[-74.277,-50.1653],[-74.2716,-50.1681],[-74.2682,-50.1757],[-74.2626,-50.1796],[-74.2422,-50.1865],[-74.225,-50.197],[-74.2091,-50.2107],[-74.203,-50.2277],[-74.2149,-50.2486],[-74.1944,-50.2597],[-74.1774,-50.2532],[-74.1459,-50.2275],[-74.1214,-50.2231],[-74.0964,-50.2278],[-73.9586,-50.2878],[-73.906,-50.2981],[-73.8579,-50.2895],[-73.8768,-50.2745],[-73.9753,-50.2548],[-73.9991,-50.2418],[-74.0213,-50.2248],[-74.0255,-50.2123],[-73.9957,-50.2138],[-74.0061,-50.2019],[-74.0245,-50.2009],[-74.0643,-50.207],[-74.0707,-50.2048],[-74.0823,-50.1959],[-74.0907,-50.1933],[-74.0989,-50.1941],[-74.1138,-50.1994],[-74.1591,-50.2023],[-74.1747,-50.1985],[-74.1937,-50.1865],[-74.2046,-50.1762],[-74.2089,-50.1676],[-74.2149,-50.1388],[-74.2219,-50.1237],[-74.2388,-50.0978],[-74.2422,-50.08],[-74.2507,-50.081],[-74.2897,-50.0656],[-74.3004,-50.0593],[-74.3467,-50.0152],[-74.3649,-49.9903],[-74.3588,-49.9736],[-74.3649,-49.9511],[-74.3494,-49.9353],[-74.3284,-49.9275],[-74.3179,-49.9293],[-74.3127,-49.9496],[-74.2997,-49.9487],[-74.2829,-49.9387],[-74.2663,-49.9325],[-74.2281,-49.9405],[-74.1981,-49.9602],[-74.1496,-50.0114],[-74.1395,-50.0159],[-74.1302,-50.0118],[-74.1213,-50.0051],[-74.1124,-50.0016],[-74.1037,-50.0029],[-74.0777,-50.0152],[-74.0731,-50.0195],[-74.063,-50.0317],[-74.0572,-50.0357],[-74.0489,-50.037],[-73.9542,-50.0261],[-73.9343,-50.0289],[-73.9195,-50.0407],[-73.9037,-50.0694],[-73.8859,-50.0766],[-73.8853,-50.0561],[-73.889,-50.0356],[-73.8979,-50.0185],[-73.9132,-50.0077],[-73.9459,-50.0177],[-73.9837,-50.0108],[-74.0077,-49.9914],[-73.9991,-49.9633],[-73.9602,-49.9306],[-73.951,-49.9259],[-73.9138,-49.926],[-73.896,-49.9242],[-73.8797,-49.919],[-73.9042,-49.9157],[-73.9101,-49.9016],[-73.9064,-49.8569],[-73.9198,-49.8674],[-73.9349,-49.8948],[-73.9473,-49.9054],[-73.957,-49.9063],[-73.9807,-49.903],[-73.9896,-49.9054],[-73.9911,-49.9108],[-73.9939,-49.9324],[-73.9957,-49.9394],[-74.0147,-49.9596],[-74.036,-49.9648],[-74.0873,-49.9599],[-74.1105,-49.9547],[-74.1234,-49.9418],[-74.1329,-49.926],[-74.1459,-49.9116],[-74.1885,-49.8981],[-74.2889,-49.8935],[-74.3247,-49.8712],[-74.3423,-49.83],[-74.3489,-49.8058],[-74.3483,-49.7921],[-74.3358,-49.787],[-74.3221,-49.7893],[-74.3087,-49.7937],[-74.2974,-49.7955],[-74.2858,-49.7917],[-74.2799,-49.7863],[-74.2758,-49.7804],[-74.2701,-49.775],[-74.2472,-49.7634],[-74.2228,-49.7546],[-74.1971,-49.749],[-74.0932,-49.7482],[-74.0714,-49.7415],[-74.076,-49.7351],[-74.0753,-49.7282],[-74.0707,-49.7209],[-74.064,-49.7136],[-74.0989,-49.7126],[-74.167,-49.7188],[-74.2017,-49.7284],[-74.2489,-49.7277],[-74.2789,-49.7409],[-74.2899,-49.7415],[-74.3163,-49.7195],[-74.3268,-49.6772],[-74.3223,-49.6325],[-74.3036,-49.6037],[-74.2623,-49.5871],[-74.2595,-49.5838],[-74.2538,-49.5805],[-74.2449,-49.5733],[-74.2339,-49.566],[-74.2217,-49.5627],[-74.1695,-49.56],[-74.147,-49.5558],[-74.1037,-49.5413],[-74.0785,-49.5369],[-74.0538,-49.5393],[-74.0329,-49.5524],[-74.0286,-49.569],[-74.0331,-49.5881],[-74.0351,-49.6057],[-74.023,-49.6179],[-74.0069,-49.5711],[-73.9991,-49.5593],[-73.9835,-49.5529],[-73.9618,-49.5535],[-73.9407,-49.5597],[-73.9268,-49.5695],[-73.9339,-49.5827],[-73.9282,-49.5914],[-73.9184,-49.6003],[-73.9132,-49.6142],[-73.9118,-49.6279],[-73.9078,-49.6398],[-73.9014,-49.65],[-73.8927,-49.6583],[-73.8088,-49.6884],[-73.7965,-49.7029],[-73.7555,-49.7277],[-73.746,-49.7367],[-73.7396,-49.745],[-73.7361,-49.7555],[-73.735,-49.7712],[-73.7279,-49.7817],[-73.712,-49.7656],[-73.6958,-49.7397],[-73.6879,-49.7203],[-73.7126,-49.7161],[-73.7244,-49.7126],[-73.735,-49.7067],[-73.7404,-49.7009],[-73.7463,-49.6894],[-73.7518,-49.6828],[-73.7727,-49.6686],[-73.7906,-49.6647],[-73.8106,-49.664],[-73.8374,-49.6583],[-73.8525,-49.6533],[-73.855,-49.6508],[-73.8537,-49.6454],[-73.8642,-49.6165],[-73.869,-49.6082],[-73.8759,-49.6005],[-73.8788,-49.5881],[-73.8763,-49.5444],[-73.8797,-49.5285],[-73.9153,-49.5105],[-74.0777,-49.5012],[-74.091,-49.4972],[-74.1022,-49.4919],[-74.1097,-49.4836],[-74.1124,-49.4701],[-74.1075,-49.4483],[-74.1078,-49.4372],[-74.1155,-49.4323],[-74.1235,-49.4226],[-74.1196,-49.4008],[-74.0907,-49.3224],[-74.0858,-49.2994],[-74.0839,-49.2781],[-74.0745,-49.2617],[-74.0524,-49.2586],[-74.0275,-49.2646],[-74.0088,-49.2747],[-73.9927,-49.294],[-73.9797,-49.3141],[-73.9635,-49.3298],[-73.9274,-49.338],[-73.9093,-49.3469],[-73.8995,-49.3498],[-73.8449,-49.3498],[-73.8449,-49.3435],[-73.9245,-49.3212],[-73.9473,-49.3088],[-73.9851,-49.2734],[-74.0024,-49.2492],[-74.0088,-49.2263],[-74.0046,-49.2153],[-73.982,-49.1866],[-73.9779,-49.1712],[-73.9797,-49.1642],[-73.9846,-49.1596],[-73.9896,-49.1518],[-73.9976,-49.1249],[-74.0026,-49.117],[-74.011,-49.1074],[-74.0435,-49.0829],[-73.9776,-49.0374],[-73.9423,-49.0235],[-73.8995,-49.0283],[-73.8717,-49.0483],[-73.8547,-49.0571],[-73.8374,-49.0562],[-73.8218,-49.0423],[-73.8329,-49.0322],[-73.8688,-49.018],[-73.8892,-49.0074],[-73.9128,-49.0073],[-74.0306,-49.0229],[-74.0466,-49.018],[-74.0575,-49.0125],[-74.0627,-49.0208],[-74.0641,-49.0339],[-74.064,-49.0419],[-74.06,-49.0512],[-74.0465,-49.0696],[-74.0435,-49.0798],[-74.0477,-49.1],[-74.0539,-49.1166],[-74.0531,-49.1311],[-74.036,-49.145],[-74.0788,-49.1987],[-74.1064,-49.2213],[-74.1329,-49.2263],[-74.1415,-49.2208],[-74.1573,-49.204],[-74.1671,-49.1996],[-74.1766,-49.1999],[-74.1867,-49.2027],[-74.1929,-49.2082],[-74.1907,-49.2164],[-74.1827,-49.2216],[-74.1634,-49.2301],[-74.1597,-49.2369],[-74.1581,-49.2444],[-74.1501,-49.2612],[-74.1459,-49.2678],[-74.152,-49.2765],[-74.154,-49.2851],[-74.152,-49.2937],[-74.1459,-49.302],[-74.1525,-49.3137],[-74.1567,-49.3259],[-74.1589,-49.3388],[-74.1597,-49.3532],[-74.163,-49.3673],[-74.178,-49.3863],[-74.1813,-49.3947],[-74.1947,-49.47],[-74.1875,-49.4876],[-74.2149,-49.5231],[-74.2411,-49.5279],[-74.2705,-49.5099],[-74.307,-49.477],[-74.3186,-49.463],[-74.3273,-49.4482],[-74.3371,-49.435],[-74.352,-49.4255],[-74.3802,-49.4189],[-74.3949,-49.4132],[-74.4103,-49.4013],[-74.4228,-49.3847],[-74.4241,-49.3712],[-74.4169,-49.3591],[-74.4035,-49.3468],[-74.3947,-49.3332],[-74.3935,-49.3175],[-74.4127,-49.2188],[-74.404,-49.1935],[-74.3719,-49.1866],[-74.4013,-49.1576],[-74.4109,-49.1406],[-74.4134,-49.117],[-74.4109,-49.1056],[-74.4018,-49.0886],[-74.3998,-49.0798],[-74.4055,-49.0678],[-74.4184,-49.0704],[-74.4322,-49.0803],[-74.4408,-49.0904],[-74.454,-49.0802],[-74.4626,-49.0663],[-74.4673,-49.0499],[-74.4687,-49.0317],[-74.4613,-49.0197],[-74.4445,-49.0123],[-74.426,-49.0069],[-74.4134,-49.0009],[-74.4031,-48.9872],[-74.4005,-48.9748],[-74.4053,-48.9623],[-74.4169,-48.9494],[-74.4225,-48.935],[-74.4063,-48.9288],[-74.3826,-48.9286],[-74.3656,-48.9321],[-74.3805,-48.9211],[-74.4123,-48.9125],[-74.4271,-48.9047],[-74.4346,-48.8957],[-74.439,-48.884],[-74.4357,-48.8742],[-74.4203,-48.8707],[-74.4203,-48.8632],[-74.446,-48.8515],[-74.4535,-48.831],[-74.4479,-48.8078],[-74.4346,-48.788],[-74.3998,-48.7608],[-74.3928,-48.749],[-74.3883,-48.7379],[-74.3826,-48.7276],[-74.3719,-48.7192],[-74.3411,-48.7524],[-74.3348,-48.7551],[-74.3364,-48.7511],[-74.3384,-48.7403],[-74.3069,-48.7499],[-74.2724,-48.7414],[-74.2364,-48.727],[-74.2006,-48.7192],[-74.1186,-48.7267],[-74.1047,-48.732],[-74.091,-48.7392],[-74.0758,-48.7436],[-74.0667,-48.742],[-74.0646,-48.7435],[-73.1711,-49.2507],[-73.1704,-49.2509]]],[[[-68.642,-54.7992],[-68.6423,-54.8537],[-68.6541,-54.8862],[-68.6658,-54.8864],[-68.6861,-54.8793],[-68.7398,-54.8471],[-68.9286,-54.7785],[-68.9657,-54.7844],[-68.9657,-54.7907],[-68.883,-54.8077],[-68.8701,-54.8217],[-68.8606,-54.8351],[-68.8384,-54.851],[-68.8131,-54.8653],[-68.7943,-54.8733],[-68.7445,-54.8864],[-68.7379,-54.8961],[-68.7602,-54.9112],[-68.788,-54.9202],[-69.067,-54.9488],[-69.1301,-54.9422],[-69.2827,-54.8991],[-69.5059,-54.8615],[-69.5615,-54.846],[-69.5925,-54.829],[-69.6024,-54.8249],[-69.618,-54.8233],[-69.6335,-54.8239],[-69.6483,-54.8225],[-69.6614,-54.815],[-69.6744,-54.8048],[-69.6777,-54.799],[-69.6788,-54.7877],[-69.6724,-54.778],[-69.6574,-54.7747],[-69.6412,-54.7739],[-69.6304,-54.7709],[-69.6244,-54.7608],[-69.6252,-54.7516],[-69.6287,-54.7436],[-69.6304,-54.7367],[-69.6271,-54.6921],[-69.6392,-54.6977],[-69.6636,-54.7535],[-69.6788,-54.7647],[-69.6921,-54.7497],[-69.6977,-54.6998],[-69.7161,-54.6891],[-69.7213,-54.6982],[-69.7123,-54.7647],[-69.713,-54.7848],[-69.7147,-54.7918],[-69.7198,-54.7981],[-69.7308,-54.8032],[-69.7468,-54.8058],[-69.7613,-54.8036],[-69.7676,-54.7945],[-69.7606,-54.7493],[-69.7617,-54.7273],[-69.7744,-54.7156],[-69.7908,-54.7214],[-69.7964,-54.7418],[-69.7949,-54.7877],[-69.809,-54.811],[-69.8422,-54.8211],[-69.8809,-54.8222],[-69.9116,-54.8186],[-69.9306,-54.8107],[-69.9507,-54.7962],[-69.9666,-54.7784],[-69.973,-54.7609],[-69.973,-54.7193],[-69.9698,-54.7094],[-69.9631,-54.7019],[-69.9581,-54.6938],[-69.9594,-54.6816],[-69.9696,-54.6769],[-69.9832,-54.6902],[-69.9952,-54.7122],[-70.0004,-54.7333],[-69.9977,-54.756],[-69.9846,-54.7869],[-69.9798,-54.8044],[-69.9785,-54.8222],[-69.9822,-54.8312],[-69.9933,-54.8351],[-70.0801,-54.8499],[-70.0928,-54.8491],[-70.0983,-54.8354],[-70.0941,-54.8206],[-70.0868,-54.8064],[-70.0829,-54.7945],[-70.0871,-54.7786],[-70.0965,-54.7809],[-70.1059,-54.7942],[-70.1102,-54.8112],[-70.1388,-54.7971],[-70.1429,-54.8071],[-70.1444,-54.8276],[-70.1649,-54.846],[-70.2003,-54.8548],[-70.2397,-54.8578],[-70.2779,-54.8531],[-70.3094,-54.8386],[-70.3267,-54.8171],[-70.3238,-54.7975],[-70.3083,-54.78],[-70.2713,-54.7514],[-70.2386,-54.7145],[-70.2263,-54.6951],[-70.2445,-54.6891],[-70.2545,-54.6998],[-70.2631,-54.7153],[-70.2778,-54.7231],[-70.2894,-54.7271],[-70.3224,-54.7465],[-70.3293,-54.7538],[-70.3319,-54.7612],[-70.3382,-54.7665],[-70.3453,-54.7713],[-70.3505,-54.777],[-70.3528,-54.7839],[-70.3546,-54.7978],[-70.3566,-54.8044],[-70.3571,-54.8105],[-70.3552,-54.8271],[-70.3566,-54.8323],[-70.3653,-54.8352],[-70.3745,-54.8322],[-70.3817,-54.8273],[-70.3846,-54.8249],[-70.4309,-54.8124],[-70.4622,-54.8093],[-70.5054,-54.7995],[-70.5432,-54.7839],[-70.5812,-54.779],[-70.6105,-54.7807],[-70.6105,-54.7907],[-70.6271,-54.8019],[-70.6523,-54.8082],[-70.6959,-54.8112],[-70.7176,-54.818],[-70.7368,-54.8313],[-70.7588,-54.8406],[-70.7886,-54.8354],[-70.8249,-54.8215],[-70.8341,-54.8103],[-70.837,-54.7877],[-70.8274,-54.7774],[-70.805,-54.7675],[-70.7797,-54.7602],[-70.7132,-54.7538],[-70.6246,-54.7315],[-70.5456,-54.6977],[-70.4529,-54.6337],[-70.491,-54.6139],[-70.5431,-54.6235],[-70.631,-54.6677],[-70.619,-54.6741],[-70.5946,-54.6828],[-70.5826,-54.6891],[-70.6064,-54.7038],[-70.6382,-54.7174],[-70.6715,-54.7267],[-70.6993,-54.7299],[-70.7164,-54.7267],[-70.7292,-54.7218],[-70.7423,-54.7192],[-70.7606,-54.7231],[-70.7733,-54.7302],[-70.7858,-54.7394],[-70.7995,-54.747],[-70.8159,-54.7504],[-70.892,-54.749],[-70.9272,-54.7382],[-70.9221,-54.7126],[-70.8909,-54.6982],[-70.8083,-54.693],[-70.7743,-54.6816],[-70.7997,-54.6738],[-70.8562,-54.6814],[-70.8842,-54.6816],[-70.9264,-54.67],[-70.9448,-54.6721],[-70.96,-54.6891],[-70.9398,-54.7021],[-70.9502,-54.7214],[-71.0104,-54.7706],[-71.0276,-54.777],[-71.0423,-54.7756],[-71.0487,-54.7609],[-71.0426,-54.7462],[-71.0283,-54.7351],[-71.0123,-54.7258],[-71.0009,-54.7156],[-70.9958,-54.7001],[-70.9982,-54.6871],[-71.0019,-54.6746],[-71.0009,-54.6611],[-70.9608,-54.632],[-70.9497,-54.6269],[-70.948,-54.6233],[-70.9516,-54.6164],[-70.9592,-54.6122],[-70.977,-54.62],[-70.9862,-54.6209],[-71.004,-54.62],[-71.0152,-54.6155],[-71.0441,-54.596],[-71.0624,-54.5927],[-71.056,-54.6062],[-71.0481,-54.6174],[-71.0423,-54.6284],[-71.0419,-54.6406],[-71.05,-54.6574],[-71.0608,-54.6622],[-71.0723,-54.6598],[-71.0828,-54.6549],[-71.0861,-54.6491],[-71.0864,-54.6412],[-71.0901,-54.6349],[-71.1033,-54.6337],[-71.1048,-54.6374],[-71.1483,-54.6873],[-71.1627,-54.6982],[-71.1797,-54.7026],[-71.1921,-54.6989],[-71.2186,-54.6814],[-71.2336,-54.6752],[-71.2701,-54.6774],[-71.2897,-54.6764],[-71.3026,-54.6677],[-71.3037,-54.6524],[-71.2896,-54.6469],[-71.2184,-54.6443],[-71.2043,-54.6384],[-71.1927,-54.6269],[-71.2183,-54.6218],[-71.2404,-54.621],[-71.2558,-54.6139],[-71.2629,-54.5807],[-71.265,-54.5751],[-71.2654,-54.5686],[-71.2616,-54.5585],[-71.2548,-54.55],[-71.24,-54.5403],[-71.2336,-54.5313],[-71.2631,-54.5344],[-71.2812,-54.5499],[-71.298,-54.5593],[-71.3231,-54.545],[-71.338,-54.5216],[-71.3471,-54.5172],[-71.3609,-54.5275],[-71.3622,-54.5383],[-71.3544,-54.5499],[-71.3437,-54.5598],[-71.336,-54.5655],[-71.3613,-54.5683],[-71.383,-54.5589],[-71.4003,-54.5561],[-71.4125,-54.5792],[-71.3719,-54.5875],[-71.3509,-54.595],[-71.336,-54.6064],[-71.3505,-54.6135],[-71.3599,-54.6103],[-71.3686,-54.6034],[-71.3811,-54.5995],[-71.3946,-54.6039],[-71.3988,-54.6145],[-71.3999,-54.628],[-71.4049,-54.6406],[-71.4171,-54.6513],[-71.4227,-54.6476],[-71.4289,-54.6388],[-71.4429,-54.6337],[-71.4519,-54.6381],[-71.4584,-54.6471],[-71.4683,-54.6546],[-71.4875,-54.6549],[-71.4774,-54.6764],[-71.4879,-54.6874],[-71.5066,-54.6835],[-71.5211,-54.6611],[-71.5218,-54.6378],[-71.514,-54.6208],[-71.4943,-54.5927],[-71.5151,-54.5982],[-71.5342,-54.6126],[-71.5472,-54.6325],[-71.5496,-54.6549],[-71.5579,-54.6487],[-71.5664,-54.6467],[-71.5749,-54.6487],[-71.5831,-54.6549],[-71.5916,-54.6388],[-71.5841,-54.6188],[-71.5693,-54.5997],[-71.5558,-54.5859],[-71.5645,-54.5851],[-71.5699,-54.5878],[-71.575,-54.5911],[-71.5831,-54.5927],[-71.5911,-54.5893],[-71.5942,-54.5832],[-71.5978,-54.581],[-71.6073,-54.5893],[-71.6107,-54.5964],[-71.6092,-54.6023],[-71.6085,-54.6085],[-71.6141,-54.6166],[-71.6378,-54.6337],[-71.6406,-54.6394],[-71.6395,-54.6448],[-71.6395,-54.65],[-71.6452,-54.6549],[-71.6521,-54.6562],[-71.6611,-54.6559],[-71.6698,-54.654],[-71.6756,-54.6511],[-71.685,-54.6347],[-71.6799,-54.6218],[-71.652,-54.5995],[-71.6645,-54.6003],[-71.6877,-54.6057],[-71.6998,-54.6064],[-71.7139,-54.6036],[-71.7397,-54.5948],[-71.7545,-54.5927],[-71.7405,-54.6142],[-71.7596,-54.6228],[-71.7916,-54.6232],[-71.8165,-54.62],[-71.8074,-54.631],[-71.8045,-54.6404],[-71.8092,-54.6485],[-71.8227,-54.6549],[-71.8497,-54.6476],[-71.8708,-54.6471],[-71.9189,-54.6549],[-71.9443,-54.6546],[-71.9619,-54.6471],[-71.9735,-54.6332],[-71.9809,-54.6132],[-71.9608,-54.6069],[-71.944,-54.6051],[-71.9269,-54.6074],[-71.9053,-54.6132],[-71.9145,-54.603],[-71.9189,-54.5995],[-71.9023,-54.5906],[-71.8955,-54.5851],[-71.8916,-54.5792],[-71.8898,-54.5681],[-71.8938,-54.567],[-71.9018,-54.57],[-71.9121,-54.5717],[-71.9466,-54.5706],[-71.9533,-54.5649],[-71.9325,-54.5512],[-71.9479,-54.55],[-72.0015,-54.5717],[-72.0011,-54.5583],[-71.9967,-54.548],[-71.9896,-54.5395],[-71.9809,-54.5313],[-71.9984,-54.517],[-72.0067,-54.5131],[-72.0077,-54.5053],[-72.004,-54.499],[-71.9984,-54.4999],[-71.9864,-54.5065],[-71.9687,-54.5105],[-71.9513,-54.512],[-71.94,-54.5108],[-71.9901,-54.4786],[-72.0023,-54.4591],[-71.9735,-54.4487],[-71.9418,-54.4602],[-71.9215,-54.4643],[-71.9175,-54.4684],[-71.9151,-54.4729],[-71.9121,-54.476],[-71.8854,-54.4828],[-71.8658,-54.5014],[-71.8597,-54.5128],[-71.8574,-54.5275],[-71.8498,-54.5382],[-71.8319,-54.5424],[-71.796,-54.545],[-71.7059,-54.5689],[-71.6719,-54.5717],[-71.6831,-54.5637],[-71.7063,-54.5549],[-71.7169,-54.548],[-71.7403,-54.5183],[-71.7482,-54.5108],[-71.7107,-54.5105],[-71.6317,-54.5468],[-71.5831,-54.545],[-71.6576,-54.5136],[-71.6913,-54.4914],[-71.6936,-54.4693],[-71.7167,-54.4627],[-71.7378,-54.4655],[-71.7589,-54.4719],[-71.7817,-54.476],[-71.8307,-54.469],[-71.8407,-54.4659],[-71.8507,-54.4545],[-71.8529,-54.446],[-71.8464,-54.4411],[-71.8301,-54.4413],[-71.8328,-54.4322],[-71.837,-54.425],[-71.8429,-54.4191],[-71.8507,-54.4146],[-71.8139,-54.4162],[-71.8028,-54.4146],[-71.7987,-54.4104],[-71.7943,-54.4033],[-71.7864,-54.3966],[-71.7721,-54.3935],[-71.7491,-54.3971],[-71.725,-54.4055],[-71.7152,-54.4148],[-71.7345,-54.4215],[-71.7345,-54.4277],[-71.6892,-54.4402],[-71.6149,-54.5014],[-71.5632,-54.5108],[-71.5625,-54.4918],[-71.4952,-54.4937],[-71.4943,-54.476],[-71.5167,-54.465],[-71.5797,-54.4621],[-71.6042,-54.4487],[-71.6091,-54.4422],[-71.6149,-54.4319],[-71.6178,-54.4207],[-71.6141,-54.4109],[-71.5983,-54.4011],[-71.5873,-54.4054],[-71.5694,-54.4277],[-71.5592,-54.4352],[-71.5442,-54.4435],[-71.5289,-54.4483],[-71.5179,-54.445],[-71.514,-54.4338],[-71.518,-54.4225],[-71.5263,-54.4133],[-71.5353,-54.4072],[-71.52,-54.4096],[-71.4966,-54.4241],[-71.4596,-54.4352],[-71.452,-54.4353],[-71.4349,-54.4338],[-71.4172,-54.436],[-71.4106,-54.4352],[-71.4064,-54.4369],[-71.4049,-54.445],[-71.4027,-54.4528],[-71.397,-54.4572],[-71.3893,-54.4573],[-71.367,-54.4444],[-71.3358,-54.4386],[-71.3231,-54.4277],[-71.3449,-54.4177],[-71.406,-54.413],[-71.4329,-54.401],[-71.4235,-54.3986],[-71.4154,-54.3942],[-71.4091,-54.3879],[-71.4049,-54.3798],[-71.3915,-54.3859],[-71.3831,-54.3827],[-71.3756,-54.3764],[-71.3646,-54.373],[-71.3521,-54.3752],[-71.3314,-54.3845],[-71.3006,-54.3902],[-71.1893,-54.4285],[-71.1673,-54.4413],[-71.1499,-54.477],[-71.1308,-54.4915],[-71.0902,-54.5108],[-71.1396,-54.4513],[-71.1449,-54.4352],[-71.1252,-54.4335],[-71.0109,-54.4487],[-70.9724,-54.469],[-70.9662,-54.4659],[-70.9662,-54.4405],[-70.9615,-54.4312],[-70.9497,-54.4277],[-70.9342,-54.4159],[-70.9364,-54.3891],[-70.9525,-54.3388],[-70.9293,-54.3442],[-70.9067,-54.336],[-70.8839,-54.324],[-70.8603,-54.3178],[-70.8006,-54.3159],[-70.7714,-54.3195],[-70.7477,-54.3315],[-70.7455,-54.3453],[-70.7248,-54.3469],[-70.6856,-54.3388],[-70.6821,-54.3365],[-70.6757,-54.3277],[-70.6719,-54.3253],[-70.6647,-54.325],[-70.6541,-54.33],[-70.6483,-54.3315],[-70.628,-54.3325],[-70.6192,-54.3347],[-70.6105,-54.3388],[-70.7026,-54.4181],[-70.7078,-54.4207],[-70.7235,-54.4257],[-70.7272,-54.4277],[-70.7284,-54.4348],[-70.7256,-54.4389],[-70.7217,-54.4418],[-70.7197,-54.445],[-70.717,-54.4586],[-70.7126,-54.4693],[-70.7116,-54.4807],[-70.7197,-54.4965],[-70.7741,-54.5441],[-70.7818,-54.5619],[-70.7807,-54.5715],[-70.7775,-54.5841],[-70.772,-54.5949],[-70.7644,-54.5995],[-70.7574,-54.5934],[-70.7482,-54.5627],[-70.7402,-54.5512],[-70.7051,-54.5815],[-70.6842,-54.5943],[-70.6415,-54.6028],[-70.634,-54.6003],[-70.6415,-54.5893],[-70.6506,-54.5821],[-70.6788,-54.5655],[-70.7012,-54.5335],[-70.6969,-54.4948],[-70.6769,-54.4571],[-70.6514,-54.4277],[-70.6348,-54.4142],[-70.6105,-54.399],[-70.5852,-54.3906],[-70.5658,-54.3972],[-70.5638,-54.402],[-70.5621,-54.4127],[-70.5592,-54.4146],[-70.555,-54.4158],[-70.5423,-54.422],[-70.5289,-54.4308],[-70.4945,-54.4413],[-70.4589,-54.4677],[-70.4398,-54.4784],[-70.3957,-54.4866],[-70.3463,-54.5069],[-70.3293,-54.517],[-70.2806,-54.5617],[-70.2494,-54.5754],[-70.2331,-54.5512],[-70.2572,-54.5427],[-70.276,-54.5324],[-70.2906,-54.518],[-70.302,-54.4965],[-70.2602,-54.505],[-70.1758,-54.5405],[-70.1307,-54.545],[-70.1536,-54.53],[-70.2087,-54.5123],[-70.2525,-54.4861],[-70.4276,-54.4377],[-70.4494,-54.4245],[-70.4557,-54.4163],[-70.4584,-54.407],[-70.4591,-54.3832],[-70.5018,-54.3671],[-70.5137,-54.3593],[-70.4981,-54.341],[-70.5103,-54.3209],[-70.5525,-54.2874],[-70.5777,-54.2748],[-70.658,-54.2641],[-70.8072,-54.2695],[-70.8433,-54.2631],[-70.8686,-54.2462],[-70.8804,-54.2224],[-70.8875,-54.1989],[-70.8985,-54.1818],[-70.8917,-54.1744],[-70.8767,-54.1821],[-70.8583,-54.1884],[-70.8227,-54.1955],[-70.8693,-54.1653],[-70.8879,-54.1613],[-70.9029,-54.1559],[-70.9173,-54.1427],[-70.9282,-54.1267],[-70.9327,-54.1135],[-70.5404,-54.2565],[-70.4246,-54.2931],[-70.3225,-54.3253],[-70.3103,-54.3331],[-70.2999,-54.3421],[-70.2888,-54.3494],[-70.246,-54.3572],[-70.2268,-54.3692],[-70.1921,-54.401],[-70.1505,-54.4239],[-70.1369,-54.4277],[-70.1446,-54.3914],[-70.1357,-54.3884],[-70.086,-54.3832],[-70.0729,-54.3776],[-70.0748,-54.3698],[-70.0959,-54.3593],[-70.1658,-54.3493],[-70.1853,-54.3388],[-70.199,-54.3206],[-70.1929,-54.3116],[-70.1586,-54.3048],[-70.1399,-54.2966],[-70.133,-54.2874],[-70.1268,-54.2763],[-70.1102,-54.2631],[-70.0902,-54.2532],[-70.073,-54.2488],[-70.0555,-54.2502],[-70.0345,-54.2569],[-70.0001,-54.2724],[-69.9832,-54.2839],[-69.973,-54.2973],[-69.973,-54.3147],[-69.977,-54.3317],[-69.9739,-54.3453],[-69.9525,-54.3526],[-69.9669,-54.3798],[-69.9386,-54.3732],[-69.9247,-54.3738],[-69.9116,-54.3798],[-69.9067,-54.3901],[-69.9076,-54.4015],[-69.9043,-54.4107],[-69.8871,-54.4146],[-69.8749,-54.421],[-69.8706,-54.4352],[-69.8729,-54.4493],[-69.8802,-54.4557],[-69.884,-54.4609],[-69.8837,-54.5034],[-69.8743,-54.4996],[-69.858,-54.4859],[-69.8532,-54.4828],[-69.8488,-54.4816],[-69.836,-54.4754],[-69.8249,-54.4684],[-69.8183,-54.47],[-69.8119,-54.4739],[-69.7852,-54.4841],[-69.7848,-54.5029],[-69.7937,-54.5235],[-69.8017,-54.5375],[-69.7903,-54.5409],[-69.7754,-54.5549],[-69.7676,-54.5549],[-69.7575,-54.5485],[-69.7541,-54.5429],[-69.7567,-54.5364],[-69.7642,-54.5275],[-69.7638,-54.5197],[-69.7457,-54.4987],[-69.7403,-54.4897],[-69.7413,-54.478],[-69.7468,-54.4685],[-69.7608,-54.4557],[-69.7791,-54.4435],[-69.7993,-54.4332],[-69.8155,-54.4212],[-69.8222,-54.4041],[-69.808,-54.3844],[-69.8099,-54.3815],[-69.8138,-54.3796],[-69.8212,-54.3686],[-69.8443,-54.36],[-69.8495,-54.3492],[-69.8489,-54.3377],[-69.8509,-54.3329],[-69.857,-54.3253],[-69.8682,-54.318],[-69.8778,-54.3168],[-69.8819,-54.3127],[-69.8768,-54.2973],[-69.8591,-54.2804],[-69.8351,-54.28],[-69.7765,-54.2927],[-69.7471,-54.3048],[-69.6919,-54.3178],[-69.6524,-54.341],[-69.6381,-54.3559],[-69.6434,-54.3668],[-69.6372,-54.3761],[-69.6293,-54.3821],[-69.6099,-54.3935],[-69.6055,-54.3954],[-69.5944,-54.3981],[-69.5888,-54.401],[-69.5841,-54.4069],[-69.582,-54.419],[-69.5786,-54.4245],[-69.5586,-54.4365],[-69.536,-54.4421],[-69.522,-54.4365],[-69.528,-54.4146],[-69.5587,-54.3889],[-69.5709,-54.3728],[-69.5653,-54.3561],[-69.5436,-54.3412],[-69.5229,-54.3375],[-69.5005,-54.3422],[-69.2878,-54.4277],[-69.2496,-54.4365],[-69.24,-54.4413],[-69.2341,-54.4496],[-69.2279,-54.4638],[-69.2267,-54.477],[-69.2363,-54.4828],[-69.2591,-54.4885],[-69.2763,-54.5019],[-69.2914,-54.5178],[-69.3083,-54.5313],[-69.345,-54.545],[-69.3561,-54.5512],[-69.3652,-54.5605],[-69.3736,-54.5794],[-69.3803,-54.5893],[-69.4175,-54.6233],[-69.3902,-54.6474],[-69.3962,-54.6586],[-69.3951,-54.6682],[-69.3882,-54.676],[-69.3772,-54.6816],[-69.3682,-54.6632],[-69.3725,-54.6381],[-69.373,-54.6159],[-69.3527,-54.6064],[-69.3317,-54.5997],[-69.3165,-54.5834],[-69.3032,-54.5634],[-69.2878,-54.545],[-69.2694,-54.5324],[-69.2475,-54.5255],[-69.2244,-54.5273],[-69.2021,-54.5412],[-69.1816,-54.5728],[-69.1699,-54.5782],[-69.1575,-54.5585],[-69.1601,-54.5422],[-69.1752,-54.4877],[-69.1749,-54.476],[-69.1697,-54.4718],[-69.1644,-54.4625],[-69.1575,-54.4531],[-69.1475,-54.4487],[-69.0981,-54.4472],[-69.0823,-54.4487],[-69.0702,-54.4529],[-69.0408,-54.4693],[-69.0097,-54.4714],[-68.9949,-54.4684],[-68.9964,-54.4591],[-68.9967,-54.4509],[-68.9917,-54.4405],[-68.989,-54.4314],[-69.0408,-54.4072],[-69.0914,-54.3914],[-69.1717,-54.3824],[-69.194,-54.3718],[-69.2325,-54.3458],[-69.2796,-54.3215],[-69.5069,-54.26],[-69.5311,-54.2569],[-69.5387,-54.2536],[-69.5577,-54.2375],[-69.5685,-54.2248],[-69.585,-54.2224],[-69.6168,-54.2223],[-69.8837,-54.1613],[-69.9123,-54.1428],[-69.9212,-54.1403],[-69.9259,-54.1376],[-69.9732,-54.1187],[-70.014,-54.1135],[-70.0568,-54.087],[-70.0736,-54.0523],[-70.083,-54.0123],[-70.1034,-53.9695],[-70.1209,-53.9509],[-70.1362,-53.9377],[-70.1471,-53.9223],[-70.1559,-53.8737],[-70.1782,-53.8334],[-70.1853,-53.8113],[-70.1752,-53.7605],[-70.137,-53.7387],[-70.0587,-53.7121],[-69.9804,-53.6876],[-69.9255,-53.6789],[-69.9158,-53.6615],[-69.8793,-53.6579],[-69.8068,-53.6655],[-69.6514,-53.6362],[-69.3608,-53.5217],[-69.324,-53.4923],[-69.3186,-53.4505],[-69.3292,-53.4154],[-69.3332,-53.3898],[-69.3509,-53.3632],[-69.3527,-53.3557],[-69.3978,-53.3542],[-69.4633,-53.3564],[-69.6755,-53.3584],[-69.805,-53.3824],[-69.8978,-53.3866],[-69.9503,-53.3994],[-69.9871,-53.4179],[-70.0216,-53.4363],[-70.0587,-53.427],[-70.1164,-53.4345],[-70.139,-53.4417],[-70.1796,-53.464],[-70.2027,-53.4687],[-70.2309,-53.4669],[-70.2567,-53.461],[-70.2802,-53.4504],[-70.302,-53.4345],[-70.3285,-53.4041],[-70.3447,-53.3918],[-70.3672,-53.3868],[-70.3934,-53.3837],[-70.4196,-53.3756],[-70.4425,-53.3625],[-70.4591,-53.3451],[-70.4668,-53.3295],[-70.4735,-53.3093],[-70.4618,-53.2721],[-70.4626,-53.2207],[-70.4529,-53.1946],[-70.4472,-53.1816],[-70.4348,-53.1686],[-70.434,-53.1515],[-70.4362,-53.1283],[-70.4402,-53.1061],[-70.4318,-53.0709],[-70.4323,-53.0447],[-70.4264,-53.0267],[-70.419,-53.0117],[-70.3949,-52.998],[-70.3624,-52.9834],[-70.34,-52.9697],[-70.3281,-52.9648],[-70.3149,-52.968],[-70.3137,-52.9801],[-70.3293,-52.993],[-70.3429,-53.0063],[-70.3304,-53.0171],[-70.3157,-53.0264],[-70.318,-53.0415],[-70.3352,-53.0513],[-70.3239,-53.0615],[-70.297,-53.0579],[-70.2435,-53.0617],[-70.1835,-53.0294],[-70.1342,-53.012],[-70.1163,-52.981],[-70.109,-52.963],[-70.0981,-52.9462],[-70.0892,-52.9111],[-70.1104,-52.8878],[-70.1307,-52.8796],[-70.1382,-52.8792],[-70.1438,-52.8815],[-70.149,-52.8845],[-70.1549,-52.8859],[-70.1619,-52.884],[-70.1725,-52.8756],[-70.1779,-52.8727],[-70.2048,-52.8663],[-70.2194,-52.8652],[-70.2296,-52.8691],[-70.2445,-52.8792],[-70.2632,-52.8934],[-70.2755,-52.9063],[-70.3009,-52.9149],[-70.3037,-52.9018],[-70.2862,-52.8829],[-70.2572,-52.8683],[-70.2671,-52.8259],[-70.2827,-52.7984],[-70.3358,-52.777],[-70.4155,-52.7787],[-70.4255,-52.7766],[-70.4259,-52.7664],[-70.4161,-52.7581],[-70.3688,-52.7457],[-70.2747,-52.7356],[-70.1987,-52.7373],[-70.1601,-52.7298],[-70.1286,-52.7323],[-70.1146,-52.7566],[-70.0467,-52.8109],[-70.0011,-52.8417],[-69.9498,-52.8494],[-69.9114,-52.8479],[-69.8532,-52.7993],[-69.8244,-52.7825],[-69.7843,-52.7779],[-69.7344,-52.7745],[-69.714,-52.7606],[-69.7003,-52.7476],[-69.6916,-52.7326],[-69.6728,-52.7167],[-69.6404,-52.6858],[-69.6183,-52.6678],[-69.6047,-52.6549],[-69.591,-52.6419],[-69.6014,-52.6157],[-69.6072,-52.5969],[-69.6179,-52.5797],[-69.6236,-52.5603],[-69.6182,-52.5375],[-69.6039,-52.5212],[-69.5839,-52.5099],[-69.5069,-52.4885],[-69.4713,-52.4709],[-69.4523,-52.465],[-69.4405,-52.4589],[-69.4296,-52.4548],[-69.4176,-52.4515],[-69.3963,-52.4557],[-69.3742,-52.4703],[-69.3446,-52.5061],[-69.3281,-52.5247],[-69.3182,-52.5398],[-69.2973,-52.5632],[-69.2762,-52.5798],[-69.2259,-52.6393],[-69.1859,-52.6677],[-69.1402,-52.6838],[-69.0885,-52.6804],[-69.0203,-52.6502],[-68.9659,-52.6509],[-68.9207,-52.6402],[-68.8777,-52.6232],[-68.8358,-52.6049],[-68.8132,-52.5913],[-68.8006,-52.5749],[-68.7926,-52.5578],[-68.779,-52.5483],[-68.7674,-52.5484],[-68.746,-52.5569],[-68.6739,-52.6154],[-68.6563,-52.6264],[-68.6284,-52.6393],[-68.6276,-52.6396],[-68.6294,-52.9072],[-68.6312,-53.1751],[-68.633,-53.4429],[-68.6347,-53.7109],[-68.6366,-53.9788],[-68.6383,-54.2466],[-68.6401,-54.5148],[-68.6419,-54.783],[-68.7001,-54.7678],[-68.7124,-54.7709],[-68.7055,-54.7807],[-68.6837,-54.7888],[-68.6435,-54.7981],[-68.642,-54.7992]]],[[[-67.2451,-55.8396],[-67.2286,-55.845],[-67.2174,-55.8517],[-67.215,-55.861],[-67.2253,-55.8738],[-67.2195,-55.8753],[-67.2101,-55.8795],[-67.2042,-55.8806],[-67.2241,-55.8976],[-67.2581,-55.891],[-67.3209,-55.8676],[-67.3384,-55.8649],[-67.3459,-55.8577],[-67.3502,-55.8478],[-67.3584,-55.8366],[-67.3713,-55.832],[-67.4022,-55.8367],[-67.4171,-55.8336],[-67.4035,-55.8186],[-67.3827,-55.8117],[-67.3586,-55.8105],[-67.282,-55.821],[-67.2561,-55.8289],[-67.2451,-55.8396]]],[[[-67.0943,-55.8261],[-67.0974,-55.839],[-67.0947,-55.8572],[-67.0876,-55.8762],[-67.0775,-55.8915],[-67.0724,-55.9029],[-67.0784,-55.9101],[-67.09,-55.9138],[-67.1014,-55.9148],[-67.1143,-55.9127],[-67.124,-55.907],[-67.1393,-55.8915],[-67.1477,-55.8862],[-67.1649,-55.8797],[-67.17,-55.8738],[-67.1719,-55.8621],[-67.1692,-55.8517],[-67.1637,-55.8422],[-67.157,-55.8336],[-67.1404,-55.8173],[-67.1212,-55.8075],[-67.1008,-55.8054],[-67.0806,-55.8124],[-67.0815,-55.8188],[-67.0842,-55.8224],[-67.0887,-55.8244],[-67.0943,-55.8261]]],[[[-67.5016,-55.8211],[-67.4981,-55.8126],[-67.4816,-55.8077],[-67.4716,-55.8177],[-67.4756,-55.8291],[-67.472,-55.8426],[-67.5073,-55.8303],[-67.5316,-55.8408],[-67.5293,-55.8572],[-67.5439,-55.8898],[-67.5681,-55.8989],[-67.5945,-55.8845],[-67.6098,-55.8908],[-67.6089,-55.9086],[-67.6218,-55.9185],[-67.6408,-55.9141],[-67.6469,-55.9041],[-67.6441,-55.8892],[-67.6323,-55.8736],[-67.632,-55.8594],[-67.6487,-55.8599],[-67.6652,-55.8633],[-67.6753,-55.8611],[-67.6868,-55.8674],[-67.6959,-55.8802],[-67.6936,-55.8895],[-67.7125,-55.8865],[-67.7313,-55.8771],[-67.721,-55.8686],[-67.726,-55.8636],[-67.7321,-55.8543],[-67.7484,-55.8492],[-67.755,-55.8591],[-67.7742,-55.8675],[-67.7933,-55.8724],[-67.7998,-55.8809],[-67.8028,-55.898],[-67.8242,-55.8899],[-67.8366,-55.8799],[-67.8544,-55.8826],[-67.8773,-55.8852],[-67.9036,-55.8743],[-67.902,-55.863],[-67.9093,-55.8508],[-67.9139,-55.8366],[-67.8992,-55.8284],[-67.8753,-55.8266],[-67.8477,-55.8237],[-67.8275,-55.8167],[-67.8006,-55.8124],[-67.7882,-55.8205],[-67.763,-55.8257],[-67.7352,-55.8266],[-67.7112,-55.8253],[-67.6884,-55.8241],[-67.6704,-55.8157],[-67.658,-55.8229],[-67.6188,-55.8261],[-67.5835,-55.8405],[-67.5606,-55.838],[-67.5692,-55.8207],[-67.5867,-55.8099],[-67.5891,-55.8021],[-67.5677,-55.8072],[-67.5519,-55.8119],[-67.5246,-55.8074],[-67.5133,-55.8096],[-67.5077,-55.8157],[-67.5016,-55.8211]]],[[[-67.2321,-55.7714],[-67.214,-55.762],[-67.1878,-55.7569],[-67.1649,-55.7608],[-67.157,-55.7783],[-67.1679,-55.7833],[-67.1799,-55.7846],[-67.1923,-55.7829],[-67.2042,-55.7783],[-67.2117,-55.7953],[-67.2285,-55.7984],[-67.2401,-55.7897],[-67.2321,-55.7714]]],[[[-67.3761,-55.7509],[-67.3837,-55.7481],[-67.3885,-55.7449],[-67.394,-55.7429],[-67.4034,-55.7442],[-67.4222,-55.7605],[-67.4307,-55.7639],[-67.4455,-55.7626],[-67.4521,-55.7569],[-67.4565,-55.7497],[-67.4648,-55.7442],[-67.4763,-55.7424],[-67.5133,-55.7442],[-67.5328,-55.7413],[-67.5518,-55.7356],[-67.5685,-55.7273],[-67.5815,-55.7162],[-67.5815,-55.7094],[-67.5507,-55.7062],[-67.5391,-55.6601],[-67.5058,-55.6541],[-67.4913,-55.6589],[-67.4665,-55.6725],[-67.4477,-55.6752],[-67.435,-55.6829],[-67.428,-55.6978],[-67.4206,-55.7075],[-67.4068,-55.6994],[-67.4044,-55.6896],[-67.4034,-55.6479],[-67.4121,-55.6376],[-67.4232,-55.6313],[-67.4329,-55.6238],[-67.4369,-55.61],[-67.432,-55.5955],[-67.4198,-55.5871],[-67.3591,-55.5739],[-67.3487,-55.5756],[-67.355,-55.5859],[-67.3561,-55.5891],[-67.3558,-55.5921],[-67.3569,-55.5937],[-67.3618,-55.5934],[-67.3483,-55.6004],[-67.3451,-55.6082],[-67.3487,-55.6237],[-67.3452,-55.6334],[-67.3277,-55.6447],[-67.3209,-55.6541],[-67.3371,-55.6617],[-67.35,-55.672],[-67.3587,-55.6863],[-67.3618,-55.7062],[-67.3491,-55.7106],[-67.2699,-55.7162],[-67.2682,-55.7193],[-67.2772,-55.7345],[-67.2799,-55.7408],[-67.2753,-55.7468],[-67.2654,-55.7492],[-67.2558,-55.753],[-67.2526,-55.7639],[-67.2648,-55.7778],[-67.2904,-55.7833],[-67.3193,-55.7862],[-67.3414,-55.7919],[-67.3397,-55.7687],[-67.343,-55.7586],[-67.3542,-55.7548],[-67.3761,-55.7509]]],[[[-67.6431,-55.4973],[-67.6176,-55.5129],[-67.5956,-55.5331],[-67.5853,-55.5541],[-67.5952,-55.5722],[-67.5906,-55.579],[-67.5878,-55.5859],[-67.6153,-55.5881],[-67.661,-55.6087],[-67.7146,-55.6199],[-67.7312,-55.6215],[-67.7386,-55.6169],[-67.7369,-55.6064],[-67.7321,-55.5964],[-67.7247,-55.5888],[-67.715,-55.5859],[-67.7015,-55.5841],[-67.6923,-55.5794],[-67.6867,-55.5727],[-67.6839,-55.5654],[-67.6838,-55.5522],[-67.6883,-55.5442],[-67.6942,-55.5383],[-67.6976,-55.5312],[-67.7012,-55.513],[-67.6994,-55.5055],[-67.6914,-55.4972],[-67.6855,-55.4938],[-67.6787,-55.4916],[-67.6717,-55.4907],[-67.6649,-55.4905],[-67.6605,-55.491],[-67.6553,-55.4924],[-67.6431,-55.4973]]],[[[-69.7145,-55.345],[-69.6747,-55.3552],[-69.6562,-55.3642],[-69.6404,-55.377],[-69.6373,-55.3884],[-69.6555,-55.3858],[-69.6885,-55.3736],[-69.7065,-55.3769],[-69.7012,-55.3847],[-69.6715,-55.4015],[-69.686,-55.4073],[-69.7027,-55.4089],[-69.8017,-55.4078],[-69.7942,-55.3987],[-69.7893,-55.3903],[-69.7838,-55.3837],[-69.7744,-55.3805],[-69.7809,-55.3654],[-69.8017,-55.3326],[-69.7145,-55.345]]],[[[-70.014,-55.3059],[-69.9715,-55.2883],[-69.9478,-55.2839],[-69.9451,-55.2985],[-69.9798,-55.3263],[-69.9822,-55.3351],[-69.9846,-55.3595],[-69.9867,-55.3661],[-70.0065,-55.3744],[-70.017,-55.3609],[-70.0261,-55.3415],[-70.0413,-55.3326],[-70.0376,-55.3307],[-70.0348,-55.329],[-70.0319,-55.3274],[-70.0277,-55.3263],[-70.0277,-55.3189],[-70.0483,-55.3115],[-70.068,-55.3117],[-70.0882,-55.309],[-70.1102,-55.2923],[-70.095,-55.2918],[-70.0693,-55.2853],[-70.055,-55.2848],[-70.0445,-55.2887],[-70.0236,-55.3027],[-70.014,-55.3059]]],[[[-66.8553,-55.2712],[-66.8296,-55.2825],[-66.8396,-55.3025],[-66.8677,-55.3222],[-66.8963,-55.3326],[-66.9381,-55.3346],[-67.0602,-55.3263],[-67.0501,-55.3073],[-67.0553,-55.2992],[-67.0666,-55.2927],[-67.0745,-55.278],[-67.0694,-55.2672],[-67.0557,-55.2546],[-67.0394,-55.2436],[-67.0266,-55.237],[-66.9923,-55.2287],[-66.8751,-55.2309],[-66.8653,-55.233],[-66.8572,-55.2379],[-66.8511,-55.2477],[-66.8494,-55.2535],[-66.8485,-55.2617],[-66.8499,-55.2687],[-66.8553,-55.2712]]],[[[-66.4267,-55.1855],[-66.4208,-55.2009],[-66.4364,-55.2096],[-66.4718,-55.2165],[-66.4827,-55.2272],[-66.504,-55.258],[-66.5155,-55.2643],[-66.5352,-55.2675],[-66.5693,-55.2817],[-66.5878,-55.2848],[-66.5935,-55.2814],[-66.5983,-55.275],[-66.6039,-55.2708],[-66.6208,-55.2795],[-66.6298,-55.2779],[-66.6375,-55.2721],[-66.6431,-55.2643],[-66.6453,-55.2507],[-66.643,-55.2333],[-66.6381,-55.2167],[-66.6322,-55.206],[-66.6191,-55.198],[-66.5673,-55.1824],[-66.5461,-55.1684],[-66.5348,-55.1628],[-66.5225,-55.1603],[-66.5086,-55.163],[-66.4845,-55.1769],[-66.4718,-55.1824],[-66.4606,-55.183],[-66.4364,-55.1814],[-66.4267,-55.1855]]],[[[-66.869,-55.0241],[-66.848,-55.0393],[-66.831,-55.0623],[-66.8069,-55.1129],[-66.8517,-55.1066],[-66.9278,-55.0627],[-66.9901,-55.0476],[-67.0357,-55.0285],[-67.0662,-55.0221],[-67.071,-55.0168],[-67.0709,-55.0095],[-67.066,-55.0012],[-67.047,-54.9911],[-67.0239,-54.9924],[-66.9786,-55.0046],[-66.8956,-55.0157],[-66.869,-55.0241]]],[[[-67.9993,-55.6275],[-68.0178,-55.6414],[-68.0272,-55.6502],[-68.0334,-55.6616],[-67.9982,-55.6604],[-67.9849,-55.6642],[-67.9856,-55.6752],[-67.9929,-55.677],[-68.0368,-55.6957],[-68.0616,-55.7131],[-68.0715,-55.7162],[-68.0892,-55.7153],[-68.0983,-55.7121],[-68.116,-55.6957],[-68.1356,-55.6812],[-68.1438,-55.6729],[-68.1501,-55.6616],[-68.1503,-55.6559],[-68.144,-55.6471],[-68.1432,-55.641],[-68.1462,-55.6349],[-68.1551,-55.6267],[-68.1569,-55.6237],[-68.152,-55.6036],[-68.1533,-55.5963],[-68.1637,-55.5934],[-68.1767,-55.5959],[-68.2115,-55.6137],[-68.2353,-55.6174],[-68.2675,-55.6179],[-68.2898,-55.6101],[-68.2838,-55.5895],[-68.2561,-55.5587],[-68.2486,-55.5418],[-68.2525,-55.5245],[-68.2698,-55.5165],[-68.329,-55.5032],[-68.3419,-55.4937],[-68.3536,-55.4753],[-68.3801,-55.4804],[-68.425,-55.5038],[-68.4575,-55.5031],[-68.5005,-55.491],[-68.5381,-55.4726],[-68.5542,-55.4523],[-68.5542,-55.4325],[-68.5558,-55.4235],[-68.5609,-55.4212],[-68.5718,-55.4213],[-68.5758,-55.424],[-68.5797,-55.4298],[-68.5856,-55.4348],[-68.5951,-55.4356],[-68.5968,-55.4308],[-68.5979,-55.4211],[-68.603,-55.4118],[-68.6168,-55.4078],[-68.6175,-55.4233],[-68.6151,-55.4374],[-68.6102,-55.4505],[-68.6025,-55.4623],[-68.6847,-55.4579],[-68.7118,-55.4661],[-68.7315,-55.4649],[-68.7733,-55.4288],[-68.8011,-55.4213],[-68.7745,-55.4513],[-68.7722,-55.4638],[-68.8011,-55.4623],[-68.7765,-55.4822],[-68.7683,-55.4926],[-68.7801,-55.4972],[-68.7989,-55.4991],[-68.8329,-55.5081],[-68.8527,-55.51],[-68.8653,-55.5053],[-68.8826,-55.4943],[-68.8977,-55.4819],[-68.9042,-55.4728],[-68.9093,-55.463],[-68.9359,-55.4534],[-68.9486,-55.4456],[-68.9674,-55.4299],[-68.9711,-55.4212],[-68.9657,-55.4078],[-68.956,-55.4026],[-68.9042,-55.3873],[-68.884,-55.3852],[-68.828,-55.3873],[-68.7723,-55.3801],[-68.7534,-55.3805],[-68.7679,-55.3781],[-68.8087,-55.36],[-68.8087,-55.3531],[-68.7602,-55.3326],[-68.786,-55.332],[-68.9505,-55.3811],[-68.963,-55.3823],[-68.9713,-55.3771],[-68.9661,-55.3684],[-68.9276,-55.3401],[-68.9175,-55.3347],[-68.9076,-55.3326],[-68.8979,-55.3278],[-68.8964,-55.3165],[-68.8978,-55.3032],[-68.8968,-55.2923],[-68.8887,-55.2815],[-68.8558,-55.2575],[-68.8607,-55.2529],[-68.8653,-55.2464],[-68.8701,-55.2438],[-68.8642,-55.2335],[-68.8548,-55.2247],[-68.8435,-55.2187],[-68.8316,-55.2165],[-68.8264,-55.2127],[-68.8085,-55.1945],[-68.8011,-55.1887],[-68.8248,-55.1876],[-68.9042,-55.2228],[-68.9491,-55.2322],[-68.9595,-55.237],[-68.9657,-55.2551],[-68.9691,-55.2609],[-68.9766,-55.2644],[-68.9867,-55.2652],[-69.0372,-55.2623],[-69.0568,-55.2535],[-69.0885,-55.2228],[-69.0981,-55.2164],[-69.108,-55.2115],[-69.1166,-55.2057],[-69.1227,-55.1961],[-69.1239,-55.1829],[-69.1188,-55.1598],[-69.1227,-55.1476],[-69.1514,-55.1708],[-69.1444,-55.1964],[-69.1231,-55.2214],[-69.109,-55.2438],[-69.1341,-55.2477],[-69.1649,-55.2421],[-69.1936,-55.2306],[-69.2127,-55.2165],[-69.2201,-55.2057],[-69.2265,-55.1925],[-69.2309,-55.1784],[-69.2325,-55.165],[-69.2374,-55.1565],[-69.246,-55.152],[-69.2497,-55.1443],[-69.24,-55.1271],[-69.2505,-55.13],[-69.2673,-55.1388],[-69.2738,-55.1408],[-69.321,-55.1396],[-69.3524,-55.1523],[-69.4145,-55.1564],[-69.4386,-55.1619],[-69.4195,-55.1661],[-69.3848,-55.1581],[-69.3666,-55.1581],[-69.3521,-55.1642],[-69.3056,-55.1655],[-69.2878,-55.1681],[-69.2971,-55.1735],[-69.3009,-55.175],[-69.2919,-55.1904],[-69.2721,-55.2135],[-69.2673,-55.2302],[-69.2961,-55.2223],[-69.3223,-55.2267],[-69.3772,-55.2438],[-69.409,-55.2468],[-69.425,-55.2459],[-69.4318,-55.2404],[-69.4381,-55.2306],[-69.4525,-55.2294],[-69.4686,-55.2328],[-69.4796,-55.237],[-69.4796,-55.2438],[-69.4704,-55.2491],[-69.4615,-55.2575],[-69.4547,-55.266],[-69.4517,-55.2712],[-69.4501,-55.2797],[-69.4498,-55.2873],[-69.4523,-55.2956],[-69.4591,-55.3059],[-69.4468,-55.3035],[-69.4291,-55.2897],[-69.4181,-55.2848],[-69.4058,-55.2844],[-69.3928,-55.2874],[-69.3804,-55.2927],[-69.3697,-55.2985],[-69.3601,-55.3054],[-69.3552,-55.3105],[-69.349,-55.3146],[-69.3356,-55.3189],[-69.3205,-55.3189],[-69.307,-55.3145],[-69.2941,-55.3123],[-69.2804,-55.3189],[-69.2884,-55.3237],[-69.3058,-55.3307],[-69.3151,-55.3326],[-69.3151,-55.3395],[-69.3061,-55.343],[-69.3023,-55.3466],[-69.3032,-55.352],[-69.3083,-55.36],[-69.2902,-55.3627],[-69.2619,-55.3644],[-69.2406,-55.3696],[-69.2434,-55.3839],[-69.2804,-55.4015],[-69.2989,-55.4138],[-69.3009,-55.4282],[-69.2928,-55.4303],[-69.2636,-55.4279],[-69.2537,-55.4282],[-69.248,-55.433],[-69.244,-55.4401],[-69.2387,-55.4465],[-69.2295,-55.4493],[-69.2062,-55.4378],[-69.195,-55.4356],[-69.1652,-55.4371],[-69.137,-55.4418],[-69.1722,-55.4617],[-69.178,-55.4698],[-69.1743,-55.4777],[-69.1551,-55.485],[-69.1506,-55.4937],[-69.1616,-55.5143],[-69.1864,-55.5041],[-69.2264,-55.4698],[-69.2491,-55.4692],[-69.2994,-55.4903],[-69.3188,-55.4869],[-69.3294,-55.4799],[-69.3392,-55.4749],[-69.3464,-55.4672],[-69.3492,-55.4523],[-69.3474,-55.4177],[-69.3492,-55.4078],[-69.3629,-55.3889],[-69.3761,-55.3904],[-69.3862,-55.4049],[-69.3902,-55.4247],[-69.391,-55.4464],[-69.3948,-55.4692],[-69.4033,-55.4881],[-69.4181,-55.4972],[-69.4371,-55.4913],[-69.4424,-55.4724],[-69.4386,-55.4319],[-69.4515,-55.4089],[-69.508,-55.4086],[-69.5206,-55.394],[-69.5041,-55.3805],[-69.3977,-55.36],[-69.4161,-55.3531],[-69.487,-55.36],[-69.487,-55.3531],[-69.4811,-55.3503],[-69.4659,-55.3395],[-69.4938,-55.3361],[-69.5093,-55.3461],[-69.5229,-55.3595],[-69.5448,-55.3661],[-69.6077,-55.3655],[-69.6304,-55.36],[-69.6125,-55.3544],[-69.6065,-55.3479],[-69.6099,-55.3399],[-69.6202,-55.3295],[-69.6307,-55.3266],[-69.6642,-55.3283],[-69.6788,-55.3263],[-69.6892,-55.3206],[-69.6985,-55.3139],[-69.7099,-55.3083],[-69.7267,-55.3059],[-69.7881,-55.3059],[-69.7773,-55.2942],[-69.7619,-55.2914],[-69.745,-55.2921],[-69.7296,-55.2911],[-69.6708,-55.2742],[-69.65,-55.2717],[-69.569,-55.2712],[-69.593,-55.2633],[-69.6163,-55.2617],[-69.6683,-55.2643],[-69.674,-55.2603],[-69.67,-55.2512],[-69.6577,-55.237],[-69.6392,-55.2288],[-69.5464,-55.2058],[-69.5311,-55.1992],[-69.5039,-55.1806],[-69.5001,-55.175],[-69.5079,-55.1718],[-69.5516,-55.175],[-69.569,-55.1799],[-69.6059,-55.2033],[-69.6236,-55.2096],[-69.639,-55.2089],[-69.6495,-55.2058],[-69.6582,-55.2057],[-69.6683,-55.2131],[-69.6725,-55.2194],[-69.6753,-55.225],[-69.6805,-55.2306],[-69.6919,-55.237],[-69.7169,-55.2437],[-69.8481,-55.2579],[-69.8669,-55.2541],[-69.8631,-55.237],[-69.8784,-55.233],[-69.9106,-55.2292],[-69.9247,-55.2228],[-69.8761,-55.2214],[-69.8524,-55.2155],[-69.8353,-55.2023],[-69.894,-55.2011],[-69.9116,-55.1961],[-69.9016,-55.1861],[-69.8427,-55.1681],[-69.8673,-55.1638],[-69.9596,-55.1618],[-69.9833,-55.165],[-70.0021,-55.1712],[-70.02,-55.1642],[-70.0315,-55.1533],[-70.0311,-55.1476],[-70.0218,-55.1432],[-69.9867,-55.1129],[-69.9772,-55.1251],[-69.9659,-55.1266],[-69.9565,-55.1188],[-69.9476,-55.0871],[-69.9353,-55.0793],[-69.886,-55.0636],[-69.8222,-55.0651],[-69.773,-55.0534],[-69.6503,-55.0517],[-69.6168,-55.0414],[-69.5875,-55.0412],[-69.5753,-55.0663],[-69.57,-55.1005],[-69.5615,-55.1271],[-69.582,-55.1545],[-69.5415,-55.1451],[-69.5382,-55.1209],[-69.5468,-55.088],[-69.5417,-55.052],[-69.5462,-55.0375],[-69.5276,-55.032],[-69.4796,-55.0309],[-69.4457,-55.0183],[-69.4386,-55.0167],[-69.4259,-55.023],[-69.4265,-55.0313],[-69.4348,-55.0392],[-69.4455,-55.0446],[-69.4298,-55.0527],[-69.4167,-55.0499],[-69.4042,-55.0429],[-69.3902,-55.0383],[-69.3746,-55.0398],[-69.3446,-55.0492],[-69.3288,-55.052],[-69.3376,-55.039],[-69.3834,-55.0167],[-69.3197,-54.9933],[-69.2856,-54.9871],[-69.2537,-54.9907],[-69.2133,-55.0134],[-69.1987,-55.0167],[-69.1855,-55.0133],[-69.1888,-55.0055],[-69.2006,-54.9968],[-69.2127,-54.9907],[-69.1837,-54.9924],[-69.1258,-54.9885],[-69.096,-54.9907],[-69.0631,-55.002],[-69.051,-55.0036],[-69.0397,-55.0004],[-69.0242,-54.9864],[-69.0135,-54.9832],[-68.8344,-54.9815],[-68.7355,-54.9496],[-68.6847,-54.9422],[-68.5753,-54.9422],[-68.5644,-54.9401],[-68.5391,-54.9309],[-68.5275,-54.9285],[-68.5136,-54.9289],[-68.4412,-54.9397],[-68.417,-54.9484],[-68.4061,-54.9544],[-68.3739,-54.9809],[-68.3457,-54.9985],[-68.3351,-55.0104],[-68.3286,-55.0279],[-68.3284,-55.0462],[-68.3348,-55.0624],[-68.3487,-55.0732],[-68.3727,-55.075],[-68.3936,-55.0654],[-68.4127,-55.0525],[-68.4313,-55.0446],[-68.4414,-55.0457],[-68.4438,-55.0525],[-68.4401,-55.0639],[-68.4313,-55.0788],[-68.4806,-55.1028],[-68.5108,-55.1124],[-68.5306,-55.1098],[-68.5461,-55.096],[-68.5736,-55.0768],[-68.6026,-55.0661],[-68.623,-55.0788],[-68.6202,-55.0866],[-68.6075,-55.0914],[-68.5924,-55.0951],[-68.5821,-55.0998],[-68.5758,-55.1095],[-68.57,-55.1231],[-68.5694,-55.1354],[-68.5787,-55.1408],[-68.5902,-55.143],[-68.6161,-55.1523],[-68.6295,-55.1545],[-68.6466,-55.153],[-68.6913,-55.1408],[-68.7534,-55.134],[-68.7917,-55.122],[-68.8049,-55.1203],[-68.8259,-55.1152],[-68.8905,-55.0788],[-68.9656,-55.0545],[-68.993,-55.052],[-69.0039,-55.0421],[-69.028,-55.0246],[-69.0519,-55.0192],[-69.0619,-55.0446],[-69.057,-55.0608],[-69.0462,-55.0632],[-69.0329,-55.0597],[-69.0203,-55.0583],[-69.005,-55.0632],[-68.9977,-55.0695],[-68.9932,-55.0772],[-68.9862,-55.0862],[-68.9678,-55.1008],[-68.9485,-55.1109],[-68.7866,-55.1652],[-68.7624,-55.169],[-68.6786,-55.1684],[-68.6088,-55.1754],[-68.5855,-55.1855],[-68.564,-55.192],[-68.4141,-55.1799],[-68.3831,-55.1845],[-68.3575,-55.2131],[-68.297,-55.2206],[-68.2742,-55.2302],[-68.2882,-55.2297],[-68.3288,-55.237],[-68.2388,-55.2575],[-68.2178,-55.2597],[-68.2092,-55.2629],[-68.2053,-55.2712],[-68.2081,-55.2828],[-68.2164,-55.2892],[-68.2276,-55.2918],[-68.2392,-55.2923],[-68.2747,-55.2797],[-68.2838,-55.2814],[-68.2928,-55.2863],[-68.3049,-55.2892],[-68.4315,-55.2985],[-68.4537,-55.2923],[-68.4665,-55.2907],[-68.4722,-55.2953],[-68.4767,-55.304],[-68.4875,-55.3092],[-68.5001,-55.3115],[-68.5925,-55.3128],[-68.6168,-55.3059],[-68.6282,-55.2951],[-68.6494,-55.2639],[-68.661,-55.2575],[-68.7017,-55.2551],[-68.7222,-55.2586],[-68.746,-55.2712],[-68.7006,-55.2657],[-68.68,-55.2672],[-68.6715,-55.2814],[-68.6749,-55.2863],[-68.6803,-55.2921],[-68.6803,-55.2966],[-68.6569,-55.3004],[-68.648,-55.3051],[-68.6446,-55.3117],[-68.6504,-55.3189],[-68.6317,-55.3266],[-68.6083,-55.3284],[-68.5616,-55.3263],[-68.5731,-55.3351],[-68.5853,-55.3417],[-68.5958,-55.3492],[-68.6025,-55.36],[-68.5838,-55.3588],[-68.5133,-55.3328],[-68.4929,-55.3289],[-68.448,-55.3263],[-68.4262,-55.3288],[-68.4108,-55.3326],[-68.4053,-55.3356],[-68.3992,-55.3403],[-68.3911,-55.3444],[-68.3798,-55.3463],[-68.3558,-55.3425],[-68.3453,-55.344],[-68.3351,-55.3531],[-68.3311,-55.3634],[-68.3329,-55.3718],[-68.3358,-55.3796],[-68.3351,-55.3873],[-68.3244,-55.3995],[-68.3148,-55.3967],[-68.3033,-55.3876],[-68.2873,-55.3805],[-68.2762,-55.3792],[-68.2663,-55.3801],[-68.2574,-55.384],[-68.2396,-55.3985],[-68.2321,-55.399],[-68.2239,-55.3961],[-68.2121,-55.394],[-68.1691,-55.3972],[-68.1465,-55.4044],[-68.1466,-55.4179],[-68.1513,-55.4256],[-68.1514,-55.4324],[-68.1499,-55.4381],[-68.1501,-55.4418],[-68.1569,-55.4485],[-68.1703,-55.4552],[-68.1774,-55.4623],[-68.1568,-55.4705],[-68.0787,-55.4623],[-68.0575,-55.469],[-68.0648,-55.4841],[-68.0954,-55.51],[-68.1014,-55.5276],[-68.0907,-55.5359],[-68.0714,-55.5426],[-68.0511,-55.5551],[-68.0448,-55.5649],[-68.0438,-55.572],[-68.0404,-55.5787],[-68.0272,-55.5859],[-68.0112,-55.5886],[-67.9801,-55.5876],[-67.9652,-55.5934],[-67.9796,-55.5976],[-67.9867,-55.6059],[-67.9915,-55.6164],[-67.9993,-55.6275]]],[[[-67.8832,-55.2438],[-67.8605,-55.2324],[-67.7386,-55.237],[-67.7579,-55.2244],[-67.8363,-55.2104],[-67.8627,-55.2023],[-67.8855,-55.179],[-67.8981,-55.1687],[-67.9037,-55.1716],[-67.9068,-55.1863],[-67.9142,-55.1952],[-67.9232,-55.195],[-67.931,-55.1824],[-67.9378,-55.1824],[-67.9573,-55.2105],[-67.9856,-55.2236],[-68.0819,-55.2331],[-68.1105,-55.2302],[-68.1351,-55.2188],[-68.1569,-55.1961],[-68.1496,-55.1891],[-68.1393,-55.1838],[-68.116,-55.175],[-68.1468,-55.1608],[-68.1569,-55.1545],[-68.1643,-55.1464],[-68.1881,-55.1044],[-68.1884,-55.0966],[-68.1855,-55.0903],[-68.1818,-55.0771],[-68.1773,-55.0715],[-68.1675,-55.0617],[-68.1639,-55.0549],[-68.1654,-55.0492],[-68.1687,-55.044],[-68.1706,-55.0383],[-68.1769,-54.9977],[-68.1864,-54.9782],[-68.2016,-54.9798],[-68.2258,-54.9899],[-68.2629,-54.9953],[-68.3013,-54.9955],[-68.3288,-54.9907],[-68.3434,-54.977],[-68.3569,-54.9534],[-68.3605,-54.9309],[-68.3453,-54.9211],[-68.2549,-54.9239],[-68.2258,-54.9211],[-68.2249,-54.9192],[-68.2218,-54.9151],[-68.217,-54.9106],[-68.2115,-54.908],[-67.9418,-54.9055],[-67.8058,-54.9138],[-67.7242,-54.9352],[-67.7018,-54.9317],[-67.6793,-54.9249],[-67.6498,-54.9211],[-67.4618,-54.9221],[-67.3018,-54.9289],[-67.2227,-54.9484],[-67.1831,-54.968],[-67.1491,-54.9949],[-67.1154,-55.0309],[-67.0981,-55.0452],[-67.0786,-55.0574],[-67.0619,-55.072],[-67.0534,-55.0937],[-67.0546,-55.1048],[-67.0519,-55.1236],[-67.0533,-55.134],[-67.0597,-55.145],[-67.077,-55.1667],[-67.0806,-55.1786],[-67.0885,-55.1905],[-67.2256,-55.2911],[-67.2706,-55.3069],[-67.3523,-55.303],[-67.4133,-55.2927],[-67.4338,-55.2814],[-67.4433,-55.2745],[-67.4512,-55.2716],[-67.4567,-55.2668],[-67.4586,-55.2541],[-67.4536,-55.2415],[-67.4303,-55.2278],[-67.4232,-55.2165],[-67.444,-55.1823],[-67.5029,-55.1721],[-67.5685,-55.1772],[-67.6088,-55.1887],[-67.6223,-55.2003],[-67.6298,-55.2122],[-67.643,-55.2438],[-67.6453,-55.254],[-67.644,-55.2589],[-67.6474,-55.2615],[-67.6634,-55.2643],[-67.6764,-55.2648],[-67.7119,-55.2575],[-67.7353,-55.2563],[-67.8006,-55.2643],[-67.8216,-55.2615],[-67.8832,-55.2438]]],[[[-70.2952,-55.0825],[-70.2923,-55.0958],[-70.2854,-55.1002],[-70.2762,-55.1032],[-70.2672,-55.1129],[-70.3116,-55.1266],[-70.3384,-55.1285],[-70.3505,-55.1166],[-70.3585,-55.1008],[-70.3775,-55.0883],[-70.3999,-55.0807],[-70.4181,-55.0788],[-70.3976,-55.1066],[-70.4138,-55.1059],[-70.4369,-55.1018],[-70.4525,-55.1052],[-70.446,-55.1271],[-70.4282,-55.1389],[-70.3844,-55.1445],[-70.3703,-55.1619],[-70.3906,-55.169],[-70.4277,-55.1716],[-70.446,-55.175],[-70.46,-55.1832],[-70.4794,-55.2039],[-70.4945,-55.2096],[-70.4885,-55.1847],[-70.4957,-55.1674],[-70.5133,-55.1575],[-70.5385,-55.1545],[-70.5483,-55.1608],[-70.524,-55.1939],[-70.5279,-55.2096],[-70.5481,-55.2136],[-70.5606,-55.1992],[-70.567,-55.177],[-70.5689,-55.1581],[-70.5641,-55.1403],[-70.5514,-55.1272],[-70.5337,-55.1183],[-70.5137,-55.1129],[-70.5137,-55.1066],[-70.548,-55.0983],[-70.5627,-55.0911],[-70.5753,-55.0602],[-70.5901,-55.0505],[-70.6063,-55.0489],[-70.6173,-55.0583],[-70.608,-55.0589],[-70.6019,-55.0618],[-70.59,-55.0732],[-70.6003,-55.0764],[-70.6204,-55.0768],[-70.6304,-55.0768],[-70.6343,-55.0742],[-70.6402,-55.0725],[-70.6453,-55.0732],[-70.6458,-55.0756],[-70.6447,-55.0838],[-70.6453,-55.0862],[-70.6666,-55.1066],[-70.6789,-55.1129],[-70.6993,-55.1129],[-70.7003,-55.1256],[-70.7158,-55.1228],[-70.735,-55.112],[-70.7477,-55.0998],[-70.7304,-55.0866],[-70.7225,-55.0685],[-70.729,-55.054],[-70.7545,-55.052],[-70.7657,-55.0568],[-70.7739,-55.0639],[-70.7835,-55.0704],[-70.7989,-55.0732],[-70.8023,-55.0754],[-70.805,-55.0802],[-70.8086,-55.0846],[-70.8153,-55.0862],[-70.8236,-55.0834],[-70.8279,-55.079],[-70.8302,-55.0749],[-70.8333,-55.0732],[-70.8405,-55.0701],[-70.8476,-55.0637],[-70.8568,-55.0585],[-70.8706,-55.0583],[-70.8826,-55.0634],[-70.8991,-55.0763],[-70.9122,-55.0788],[-70.9298,-55.0768],[-70.941,-55.072],[-70.96,-55.0583],[-70.9792,-55.0475],[-70.9896,-55.0452],[-71.0072,-55.0446],[-71.0072,-55.0383],[-70.9911,-55.0336],[-70.9918,-55.0255],[-70.9967,-55.0151],[-70.9935,-55.0036],[-70.9741,-54.9968],[-70.9303,-55.0012],[-70.919,-54.9907],[-70.9525,-54.9874],[-70.9926,-54.9784],[-71.0128,-54.965],[-70.9872,-54.9484],[-70.9676,-54.9459],[-70.9254,-54.9493],[-70.9054,-54.9484],[-70.8912,-54.943],[-70.8778,-54.9355],[-70.8644,-54.9308],[-70.8501,-54.9342],[-70.8661,-54.9576],[-70.8641,-54.9656],[-70.8468,-54.9689],[-70.8211,-54.966],[-70.8097,-54.9677],[-70.7955,-54.9763],[-70.7965,-54.9532],[-70.7948,-54.9455],[-70.7961,-54.9368],[-70.7955,-54.9342],[-70.7886,-54.9322],[-70.7823,-54.9353],[-70.7766,-54.9399],[-70.7712,-54.9422],[-70.7636,-54.9444],[-70.7499,-54.9537],[-70.7405,-54.9558],[-70.7308,-54.9566],[-70.7219,-54.9591],[-70.7136,-54.9631],[-70.7061,-54.9689],[-70.6905,-54.9609],[-70.6764,-54.9609],[-70.6453,-54.9689],[-70.5627,-54.9689],[-70.5627,-54.9621],[-70.6033,-54.9586],[-70.6151,-54.9532],[-70.6105,-54.9422],[-70.5931,-54.9337],[-70.55,-54.9269],[-70.4921,-54.9],[-70.3922,-54.8991],[-70.3505,-54.8937],[-70.3157,-54.9006],[-70.3157,-54.908],[-70.4454,-54.9384],[-70.4938,-54.9422],[-70.5054,-54.9508],[-70.5097,-54.9882],[-70.5245,-54.9968],[-70.5754,-54.986],[-70.5972,-54.9865],[-70.5968,-55.0036],[-70.6615,-55.0002],[-70.6907,-54.9939],[-70.7197,-54.9832],[-70.7303,-55.0048],[-70.7298,-55.0134],[-70.7163,-55.0167],[-70.6998,-55.0187],[-70.6514,-55.0309],[-70.5658,-55.0309],[-70.5579,-55.0287],[-70.5422,-55.019],[-70.5316,-55.0167],[-70.5079,-55.0168],[-70.4974,-55.019],[-70.4869,-55.0241],[-70.494,-55.0256],[-70.506,-55.03],[-70.5137,-55.0309],[-70.4936,-55.0406],[-70.4644,-55.0471],[-70.4081,-55.052],[-70.3976,-55.0488],[-70.3763,-55.0343],[-70.3634,-55.0309],[-70.3094,-55.0279],[-70.2952,-55.0309],[-70.2777,-55.0485],[-70.2969,-55.0574],[-70.3272,-55.0627],[-70.3429,-55.0691],[-70.3355,-55.0784],[-70.3026,-55.0779],[-70.2952,-55.0825]]],[[[-69.9042,-54.9968],[-69.9122,-54.9846],[-69.9233,-54.9812],[-69.9361,-54.9797],[-69.9488,-54.9726],[-69.9503,-54.9529],[-69.9161,-54.9464],[-69.8427,-54.9484],[-69.8427,-54.9422],[-69.9088,-54.9255],[-69.9247,-54.9142],[-69.9283,-54.8976],[-69.9156,-54.8869],[-69.8946,-54.8811],[-69.8618,-54.8775],[-69.8489,-54.8737],[-69.8363,-54.8722],[-69.8256,-54.8764],[-69.8052,-54.9006],[-69.7856,-54.9065],[-69.7795,-54.921],[-69.7786,-54.9391],[-69.7744,-54.9558],[-69.7633,-54.9456],[-69.7509,-54.9381],[-69.7374,-54.9366],[-69.7229,-54.9452],[-69.7135,-54.9488],[-69.7036,-54.946],[-69.6984,-54.9394],[-69.7025,-54.9313],[-69.7335,-54.9142],[-69.7235,-54.9089],[-69.7128,-54.908],[-69.7019,-54.9099],[-69.6919,-54.9142],[-69.7058,-54.901],[-69.7136,-54.8958],[-69.7229,-54.8937],[-69.7519,-54.8922],[-69.7677,-54.888],[-69.7744,-54.8795],[-69.7601,-54.8683],[-69.7283,-54.8645],[-69.6715,-54.8665],[-69.5137,-54.8937],[-69.5066,-54.898],[-69.5093,-54.9081],[-69.5206,-54.9285],[-69.5311,-54.9409],[-69.53,-54.9461],[-69.5137,-54.9484],[-69.5022,-54.9467],[-69.4936,-54.9422],[-69.4639,-54.9142],[-69.4473,-54.9044],[-69.4264,-54.8996],[-69.3977,-54.9006],[-69.3714,-54.9065],[-69.3263,-54.9233],[-69.3009,-54.9285],[-69.2349,-54.9319],[-69.1724,-54.954],[-69.1643,-54.9558],[-69.2084,-54.9701],[-69.2597,-54.9709],[-69.3561,-54.9558],[-69.3381,-54.9716],[-69.3319,-54.9797],[-69.339,-54.9832],[-69.3688,-54.9855],[-69.4269,-54.9975],[-69.4425,-54.9985],[-69.4554,-54.9937],[-69.4737,-54.9792],[-69.4852,-54.9752],[-69.5001,-54.9763],[-69.4849,-54.9955],[-69.4986,-55.0058],[-69.5251,-55.0099],[-69.5478,-55.0104],[-69.5913,-55.004],[-69.6024,-55.0036],[-69.6114,-55.0071],[-69.6288,-55.02],[-69.6373,-55.0241],[-69.7764,-55.0346],[-69.797,-55.0297],[-69.816,-55.0167],[-69.8371,-55.0329],[-69.8622,-55.039],[-69.9178,-55.0383],[-69.9178,-55.0309],[-69.9075,-55.0246],[-69.9023,-55.0175],[-69.9014,-55.0086],[-69.9042,-54.9968]]],[[[-70.4218,-54.846],[-70.4117,-54.8503],[-70.402,-54.8596],[-70.3969,-54.8691],[-70.401,-54.8733],[-70.4529,-54.8795],[-70.5074,-54.8795],[-70.5809,-54.8979],[-70.6545,-54.902],[-70.6785,-54.8982],[-70.6925,-54.8869],[-70.6872,-54.8791],[-70.6916,-54.8759],[-70.7129,-54.8733],[-70.717,-54.8752],[-70.7199,-54.8808],[-70.7244,-54.8862],[-70.7334,-54.8869],[-70.7327,-54.8853],[-70.7477,-54.8733],[-70.7477,-54.8665],[-70.7109,-54.8521],[-70.6896,-54.8468],[-70.6754,-54.8491],[-70.6573,-54.8556],[-70.6395,-54.8488],[-70.6225,-54.838],[-70.6071,-54.8323],[-70.5416,-54.8323],[-70.4218,-54.846]]],[[[-70.9838,-54.9285],[-70.9908,-54.9265],[-70.9974,-54.9225],[-71.005,-54.9197],[-71.0146,-54.9211],[-71.0218,-54.9257],[-71.0292,-54.9371],[-71.0351,-54.9422],[-71.0643,-54.9496],[-71.118,-54.9337],[-71.1517,-54.9342],[-71.1415,-54.9229],[-71.1258,-54.9145],[-71.1077,-54.9091],[-71.0902,-54.908],[-71.1073,-54.8948],[-71.1207,-54.8923],[-71.1825,-54.9073],[-71.193,-54.908],[-71.2048,-54.9064],[-71.2058,-54.9018],[-71.2038,-54.8951],[-71.2103,-54.8785],[-71.2084,-54.872],[-71.2098,-54.8679],[-71.2237,-54.8665],[-71.2616,-54.8733],[-71.2723,-54.8673],[-71.279,-54.8654],[-71.2821,-54.8699],[-71.2841,-54.8798],[-71.2895,-54.8857],[-71.298,-54.888],[-71.3088,-54.8869],[-71.3041,-54.905],[-71.3079,-54.9251],[-71.3182,-54.9416],[-71.333,-54.9484],[-71.339,-54.9504],[-71.3449,-54.9538],[-71.351,-54.9544],[-71.3578,-54.9484],[-71.3612,-54.9402],[-71.3581,-54.9371],[-71.353,-54.9343],[-71.3503,-54.9285],[-71.3364,-54.9116],[-71.3346,-54.9023],[-71.3503,-54.9006],[-71.3817,-54.9286],[-71.4028,-54.9426],[-71.4125,-54.9382],[-71.416,-54.9138],[-71.426,-54.9025],[-71.441,-54.8942],[-71.4596,-54.8795],[-71.4049,-54.8591],[-71.4165,-54.8359],[-71.4041,-54.8298],[-71.3828,-54.8307],[-71.3677,-54.8285],[-71.3578,-54.8251],[-71.3456,-54.8285],[-71.3231,-54.8386],[-71.3102,-54.8405],[-71.2958,-54.8386],[-71.2035,-54.846],[-71.1915,-54.8365],[-71.1803,-54.8315],[-71.1654,-54.8323],[-71.1551,-54.8359],[-71.1478,-54.84],[-71.1442,-54.8471],[-71.1449,-54.8591],[-71.1247,-54.8588],[-71.0779,-54.8801],[-71.0592,-54.8764],[-71.0461,-54.8686],[-71.026,-54.8616],[-71.0062,-54.8577],[-70.9935,-54.8591],[-70.9879,-54.8737],[-70.9774,-54.8793],[-70.9632,-54.8784],[-70.9469,-54.8733],[-70.9481,-54.8869],[-70.9555,-54.8969],[-70.9633,-54.9039],[-70.9662,-54.908],[-70.9571,-54.9142],[-70.9258,-54.9164],[-70.9115,-54.9211],[-70.9266,-54.9284],[-70.9456,-54.9303],[-70.9838,-54.9285]]],[[[-71.9468,-54.7026],[-71.9293,-54.6949],[-71.9213,-54.7053],[-71.9209,-54.7228],[-71.9264,-54.7367],[-71.9384,-54.7458],[-71.9536,-54.7512],[-71.9698,-54.7542],[-71.985,-54.7553],[-71.9975,-54.7531],[-72.0071,-54.7468],[-72.0097,-54.7379],[-72.0013,-54.7277],[-71.9933,-54.7218],[-71.9875,-54.7153],[-71.9861,-54.7077],[-71.9915,-54.6989],[-72.022,-54.6752],[-72.0336,-54.6579],[-72.0403,-54.6505],[-72.0499,-54.6474],[-72.0643,-54.6516],[-72.0657,-54.6613],[-72.0634,-54.671],[-72.0663,-54.6752],[-72.0802,-54.6744],[-72.0879,-54.6713],[-72.1008,-54.6579],[-72.1043,-54.6448],[-72.0909,-54.636],[-72.0716,-54.6313],[-72.0377,-54.6285],[-72.0282,-54.6293],[-72.0194,-54.633],[-72.0116,-54.6399],[-71.9915,-54.6643],[-71.9791,-54.6731],[-71.9667,-54.6799],[-71.9556,-54.6882],[-71.9468,-54.7026]]],[[[-72.3398,-54.3315],[-72.3115,-54.329],[-72.3014,-54.3328],[-72.2969,-54.3458],[-72.3053,-54.3652],[-72.328,-54.3603],[-72.3556,-54.3498],[-72.3788,-54.3526],[-72.3712,-54.3581],[-72.362,-54.3674],[-72.3568,-54.3761],[-72.3608,-54.3798],[-72.3915,-54.3798],[-72.3998,-54.3777],[-72.4044,-54.3732],[-72.4079,-54.3687],[-72.4123,-54.3668],[-72.4352,-54.3772],[-72.4518,-54.4184],[-72.4707,-54.4277],[-72.4778,-54.4231],[-72.5017,-54.3935],[-72.5328,-54.3631],[-72.5417,-54.343],[-72.4996,-54.3492],[-72.5017,-54.3315],[-72.4477,-54.3352],[-72.4269,-54.3302],[-72.4335,-54.3116],[-72.425,-54.3059],[-72.4159,-54.3041],[-72.4069,-54.3061],[-72.3981,-54.3116],[-72.383,-54.3149],[-72.3573,-54.3284],[-72.3403,-54.3313],[-72.3398,-54.3315]]],[[[-70.3846,-54.1881],[-70.3621,-54.1896],[-70.3132,-54.1847],[-70.2878,-54.1881],[-70.2869,-54.1905],[-70.2736,-54.2045],[-70.2672,-54.2092],[-70.2562,-54.212],[-70.2352,-54.2123],[-70.2263,-54.2154],[-70.2187,-54.2346],[-70.2296,-54.2465],[-70.2459,-54.2556],[-70.2542,-54.2665],[-70.2694,-54.2711],[-70.3398,-54.2658],[-70.3604,-54.26],[-70.3817,-54.2497],[-70.4345,-54.2423],[-70.4591,-54.2359],[-70.4791,-54.2247],[-70.4971,-54.2099],[-70.5115,-54.1926],[-70.5211,-54.1744],[-70.4917,-54.1484],[-70.4554,-54.1536],[-70.3846,-54.1881]]],[[[-72.2969,-54.0788],[-72.2792,-54.0895],[-72.2562,-54.1002],[-72.2397,-54.1121],[-72.2417,-54.1266],[-72.2308,-54.1287],[-72.2213,-54.1323],[-72.2063,-54.1403],[-72.2063,-54.1477],[-72.2372,-54.1446],[-72.247,-54.1486],[-72.2548,-54.1613],[-72.2537,-54.1728],[-72.2496,-54.1862],[-72.2506,-54.1975],[-72.2652,-54.2023],[-72.2833,-54.2003],[-72.2921,-54.1978],[-72.2967,-54.2009],[-72.3031,-54.2154],[-72.2982,-54.2389],[-72.3015,-54.2514],[-72.3199,-54.2569],[-72.3485,-54.2494],[-72.3785,-54.2238],[-72.3981,-54.2291],[-72.4105,-54.2397],[-72.4176,-54.2486],[-72.4265,-54.2547],[-72.4437,-54.2569],[-72.4606,-54.256],[-72.4744,-54.253],[-72.5017,-54.2428],[-72.5017,-54.2359],[-72.4945,-54.232],[-72.49,-54.2277],[-72.4813,-54.2154],[-72.5154,-54.2023],[-72.4933,-54.1905],[-72.4401,-54.1713],[-72.4193,-54.1682],[-72.3685,-54.1677],[-72.3448,-54.1596],[-72.3304,-54.1403],[-72.3632,-54.138],[-72.3772,-54.1397],[-72.3918,-54.1477],[-72.3897,-54.1288],[-72.3601,-54.1215],[-72.3226,-54.1187],[-72.2969,-54.1135],[-72.3434,-54.1061],[-72.3648,-54.1071],[-72.3714,-54.1061],[-72.3867,-54.0992],[-72.3931,-54.0945],[-72.3673,-54.0842],[-72.3404,-54.0696],[-72.3146,-54.0631],[-72.2969,-54.0788]]],[[[-73.1801,-54.072],[-73.1822,-54.0784],[-73.1847,-54.0929],[-73.187,-54.0993],[-73.1798,-54.1005],[-73.1669,-54.1051],[-73.1597,-54.1061],[-73.1785,-54.1272],[-73.2053,-54.1227],[-73.2333,-54.1115],[-73.2552,-54.1135],[-73.2532,-54.1257],[-73.2789,-54.1266],[-73.3134,-54.1212],[-73.3236,-54.1135],[-73.3304,-54.1027],[-73.3323,-54.0943],[-73.331,-54.0754],[-73.3374,-54.0659],[-73.3514,-54.0647],[-73.3655,-54.0689],[-73.3719,-54.0754],[-73.3861,-54.0803],[-73.4181,-54.081],[-73.4527,-54.0782],[-73.4744,-54.072],[-73.4591,-54.0645],[-73.428,-54.0582],[-73.4129,-54.0514],[-73.3916,-54.0318],[-73.3799,-54.0258],[-73.3583,-54.0236],[-73.275,-54.0283],[-73.2428,-54.0426],[-73.249,-54.072],[-73.2305,-54.0705],[-73.2074,-54.0588],[-73.1879,-54.0536],[-73.1801,-54.072]]],[[[-71.6309,-54.0788],[-71.6343,-54.0442],[-71.6505,-54.0126],[-71.6571,-53.9832],[-71.6309,-53.9553],[-71.6122,-53.948],[-71.5822,-53.9409],[-71.5544,-53.9418],[-71.5421,-53.9587],[-71.5395,-53.968],[-71.5329,-53.9781],[-71.524,-53.986],[-71.5148,-53.9894],[-71.5008,-53.9871],[-71.4977,-53.9806],[-71.4981,-53.9716],[-71.4943,-53.9621],[-71.4881,-53.9523],[-71.4857,-53.9461],[-71.4798,-53.9426],[-71.4633,-53.9416],[-71.4557,-53.9465],[-71.4525,-53.9577],[-71.4529,-53.9703],[-71.4565,-53.9792],[-71.4473,-53.9838],[-71.4359,-54.0042],[-71.4186,-54.044],[-71.3964,-54.0628],[-71.3793,-54.0412],[-71.3769,-54.004],[-71.3988,-53.9758],[-71.3756,-53.9692],[-71.338,-53.9763],[-71.3015,-53.9915],[-71.2821,-54.0099],[-71.2767,-54.024],[-71.2711,-54.0505],[-71.2647,-54.0618],[-71.2611,-54.0743],[-71.2702,-54.0847],[-71.2825,-54.0948],[-71.2889,-54.1061],[-71.2696,-54.1017],[-71.2534,-54.1116],[-71.2411,-54.129],[-71.2336,-54.1477],[-71.2364,-54.1583],[-71.237,-54.1663],[-71.2336,-54.1744],[-71.2211,-54.1847],[-71.2119,-54.1842],[-71.2095,-54.1764],[-71.2169,-54.1647],[-71.2145,-54.1501],[-71.1883,-54.0981],[-71.1797,-54.0856],[-71.1636,-54.0865],[-71.1627,-54.1056],[-71.1722,-54.1508],[-71.1669,-54.1539],[-71.1551,-54.1554],[-71.1434,-54.1528],[-71.1381,-54.144],[-71.1381,-54.1027],[-71.1307,-54.0829],[-71.1125,-54.0705],[-71.0901,-54.0649],[-71.0698,-54.0651],[-71.0289,-54.0856],[-71.0162,-54.0954],[-71.0125,-54.1008],[-71.0146,-54.1232],[-71.0214,-54.148],[-71.053,-54.1823],[-71.0624,-54.2023],[-71.0455,-54.2016],[-71.0343,-54.193],[-71.018,-54.1713],[-71.005,-54.1664],[-70.9967,-54.1746],[-70.9949,-54.1889],[-71.0009,-54.2023],[-70.9942,-54.2128],[-70.9933,-54.2238],[-70.9986,-54.2324],[-71.0109,-54.2359],[-71.028,-54.2374],[-71.0258,-54.241],[-71.0072,-54.2494],[-70.9901,-54.2658],[-70.9924,-54.2721],[-71.0077,-54.2805],[-71.0203,-54.2857],[-71.0342,-54.2896],[-71.0485,-54.2917],[-71.0624,-54.2911],[-71.0546,-54.2966],[-71.0471,-54.3046],[-71.0429,-54.3134],[-71.0453,-54.3215],[-71.0565,-54.33],[-71.0631,-54.3277],[-71.0694,-54.3214],[-71.0795,-54.3178],[-71.0995,-54.3142],[-71.1379,-54.2997],[-71.1579,-54.2973],[-71.1493,-54.3095],[-71.1417,-54.3166],[-71.1176,-54.3283],[-71.0874,-54.3318],[-71.0828,-54.3351],[-71.0838,-54.342],[-71.0863,-54.3499],[-71.0897,-54.3566],[-71.0937,-54.3593],[-71.0973,-54.3625],[-71.1012,-54.3696],[-71.1065,-54.3766],[-71.1139,-54.3798],[-71.1483,-54.3798],[-71.1544,-54.3746],[-71.1693,-54.3498],[-71.1768,-54.3277],[-71.1861,-54.3395],[-71.1937,-54.359],[-71.1927,-54.3668],[-71.2075,-54.3692],[-71.2208,-54.3627],[-71.2405,-54.3458],[-71.2952,-54.3178],[-71.3315,-54.3137],[-71.3475,-54.3092],[-71.3578,-54.2973],[-71.3477,-54.2848],[-71.3358,-54.2848],[-71.3227,-54.2892],[-71.3088,-54.2911],[-71.2989,-54.2868],[-71.2932,-54.2796],[-71.286,-54.2729],[-71.2712,-54.27],[-71.2637,-54.2717],[-71.2467,-54.2781],[-71.2405,-54.2774],[-71.2344,-54.2706],[-71.2379,-54.2664],[-71.2444,-54.2636],[-71.2479,-54.26],[-71.2436,-54.2498],[-71.2219,-54.2384],[-71.2132,-54.2291],[-71.2235,-54.2195],[-71.2312,-54.2156],[-71.2385,-54.2167],[-71.2479,-54.2223],[-71.2616,-54.2394],[-71.2643,-54.2468],[-71.271,-54.2491],[-71.2789,-54.2501],[-71.3008,-54.2614],[-71.3133,-54.2548],[-71.3231,-54.2414],[-71.3298,-54.2291],[-71.3287,-54.2255],[-71.3253,-54.2198],[-71.3233,-54.2128],[-71.3265,-54.2057],[-71.3317,-54.204],[-71.3373,-54.207],[-71.3417,-54.2125],[-71.3435,-54.2188],[-71.3548,-54.2446],[-71.3812,-54.2463],[-71.411,-54.2333],[-71.4329,-54.2154],[-71.446,-54.1853],[-71.4293,-54.1715],[-71.3991,-54.1642],[-71.3714,-54.1539],[-71.3855,-54.1493],[-71.4134,-54.152],[-71.4186,-54.144],[-71.417,-54.1393],[-71.4131,-54.1318],[-71.4086,-54.1262],[-71.4049,-54.1266],[-71.4121,-54.114],[-71.4166,-54.11],[-71.4186,-54.1168],[-71.4321,-54.1345],[-71.462,-54.1369],[-71.4926,-54.1352],[-71.508,-54.1403],[-71.5055,-54.1498],[-71.4861,-54.1594],[-71.4813,-54.1713],[-71.4878,-54.1754],[-71.5006,-54.1799],[-71.5096,-54.1868],[-71.4999,-54.211],[-71.5105,-54.2171],[-71.5353,-54.2223],[-71.54,-54.2312],[-71.5421,-54.27],[-71.5756,-54.2555],[-71.5906,-54.2438],[-71.5968,-54.2291],[-71.5906,-54.2125],[-71.5769,-54.2031],[-71.5612,-54.1949],[-71.5496,-54.1818],[-71.5877,-54.1936],[-71.6005,-54.1955],[-71.6055,-54.2018],[-71.6122,-54.2296],[-71.6212,-54.2359],[-71.6515,-54.232],[-71.6641,-54.2214],[-71.6724,-54.2053],[-71.6898,-54.185],[-71.6998,-54.1662],[-71.6911,-54.1481],[-71.6723,-54.132],[-71.652,-54.1198],[-71.6142,-54.1057],[-71.6042,-54.0993],[-71.5963,-54.0878],[-71.5997,-54.0803],[-71.6119,-54.0774],[-71.6309,-54.0788]]],[[[-72.0151,-54.2023],[-72.0426,-54.1965],[-72.1107,-54.1539],[-72.0943,-54.148],[-72.0585,-54.1454],[-72.0424,-54.1403],[-72.0604,-54.1336],[-72.0817,-54.1319],[-72.1244,-54.1335],[-72.1146,-54.1169],[-72.0925,-54.1116],[-72.0424,-54.1135],[-72.0531,-54.1075],[-72.0775,-54.1013],[-72.0868,-54.0959],[-72.0917,-54.0872],[-72.0979,-54.0655],[-72.1039,-54.0584],[-72.1173,-54.0598],[-72.1352,-54.072],[-72.1691,-54.1027],[-72.1861,-54.1049],[-72.2053,-54.0919],[-72.2212,-54.0732],[-72.228,-54.0584],[-72.203,-54.0051],[-72.2032,-53.9963],[-72.2294,-53.992],[-72.2397,-53.9806],[-72.2455,-53.9641],[-72.2582,-53.9451],[-72.2591,-53.9299],[-72.232,-53.9251],[-72.128,-53.9342],[-72.1177,-53.9391],[-72.1111,-53.9504],[-72.1061,-53.9631],[-72.1008,-53.9728],[-72.0911,-53.9793],[-72.0779,-53.9838],[-72.0648,-53.9836],[-72.0555,-53.9758],[-72.0572,-53.9684],[-72.0658,-53.9602],[-72.0834,-53.9485],[-72.0714,-53.947],[-72.0603,-53.9488],[-72.0504,-53.9538],[-72.0424,-53.9621],[-72.0393,-53.9511],[-72.0402,-53.9428],[-72.0397,-53.9347],[-72.0325,-53.9242],[-72.0207,-53.9172],[-72.0085,-53.9116],[-72.0021,-53.9029],[-72.0083,-53.8864],[-71.9955,-53.886],[-71.9833,-53.8875],[-71.9605,-53.8938],[-71.9664,-53.8844],[-71.9746,-53.8769],[-71.9845,-53.8709],[-71.9952,-53.8659],[-71.9457,-53.8528],[-71.9039,-53.8617],[-71.8664,-53.8865],[-71.8301,-53.9206],[-71.8409,-53.9357],[-71.8518,-53.9583],[-71.8519,-53.9741],[-71.8301,-53.9695],[-71.829,-53.9648],[-71.8091,-53.9342],[-71.798,-53.9046],[-71.7926,-53.8971],[-71.784,-53.8966],[-71.7654,-53.9074],[-71.7559,-53.8982],[-71.7423,-53.8967],[-71.7273,-53.8986],[-71.6958,-53.9124],[-71.6676,-53.9181],[-71.6529,-53.9264],[-71.7132,-53.9687],[-71.7352,-53.9787],[-71.7803,-53.9877],[-71.7922,-53.998],[-71.7881,-54.006],[-71.7619,-54.0037],[-71.718,-53.985],[-71.7006,-53.9854],[-71.6936,-54.0069],[-71.702,-54.0307],[-71.7223,-54.0375],[-71.747,-54.04],[-71.7687,-54.0514],[-71.7574,-54.0507],[-71.7467,-54.0519],[-71.7364,-54.0544],[-71.7271,-54.0584],[-71.7361,-54.0792],[-71.7408,-54.0856],[-71.7187,-54.0857],[-71.6891,-54.0763],[-71.6632,-54.0724],[-71.652,-54.089],[-71.6606,-54.1038],[-71.7134,-54.1477],[-71.7661,-54.164],[-71.8081,-54.1481],[-71.8711,-54.0856],[-71.9079,-54.0572],[-71.9263,-54.0388],[-71.9227,-54.0305],[-71.9183,-54.0261],[-71.9193,-54.017],[-71.9255,-54.0079],[-71.9363,-54.0037],[-71.9472,-54.0069],[-71.9523,-54.0149],[-71.9537,-54.026],[-71.953,-54.0379],[-71.9501,-54.0502],[-71.9449,-54.0578],[-71.9387,-54.0637],[-71.9325,-54.072],[-71.9202,-54.1086],[-71.9155,-54.1168],[-71.8961,-54.1305],[-71.837,-54.1613],[-71.8236,-54.1767],[-71.812,-54.1945],[-71.7983,-54.2092],[-71.7572,-54.2197],[-71.7445,-54.2311],[-71.7446,-54.2464],[-71.7619,-54.2631],[-71.7738,-54.2592],[-71.8175,-54.2545],[-71.837,-54.2494],[-71.8393,-54.2631],[-71.8472,-54.2727],[-71.8585,-54.2792],[-71.8711,-54.2836],[-71.8613,-54.2887],[-71.8301,-54.2973],[-71.8497,-54.3093],[-71.8574,-54.3116],[-71.8574,-54.3178],[-71.85,-54.3202],[-71.8301,-54.3315],[-71.8461,-54.338],[-71.8652,-54.3349],[-71.8856,-54.3287],[-71.9053,-54.3253],[-71.9487,-54.3271],[-71.9706,-54.3253],[-71.9879,-54.3178],[-71.9623,-54.2978],[-71.9369,-54.2459],[-71.9053,-54.2291],[-71.9306,-54.2125],[-71.9586,-54.205],[-72.0151,-54.2023]]],[[[-70.455,-53.6116],[-70.4621,-53.6433],[-70.4732,-53.6653],[-70.4693,-53.6917],[-70.4453,-53.7628],[-70.4216,-53.8025],[-70.4313,-53.8266],[-70.4197,-53.8712],[-70.4522,-53.8869],[-70.4443,-53.9052],[-70.4261,-53.9212],[-70.4081,-53.928],[-70.3958,-53.9363],[-70.3594,-53.9788],[-70.3363,-54.0074],[-70.3428,-54.0281],[-70.3848,-54.0504],[-70.4393,-54.0604],[-70.4957,-54.0332],[-70.5354,-54.0037],[-70.6105,-53.9484],[-70.6489,-53.9387],[-70.67,-53.9503],[-70.6711,-53.9677],[-70.6351,-54.0014],[-70.5934,-54.0328],[-70.5689,-54.0651],[-70.5668,-54.0781],[-70.5679,-54.088],[-70.5729,-54.0949],[-70.5826,-54.0993],[-70.5484,-54.1205],[-70.5388,-54.1342],[-70.5354,-54.1576],[-70.5382,-54.1668],[-70.5441,-54.1746],[-70.5491,-54.1834],[-70.5491,-54.1955],[-70.5443,-54.2009],[-70.5348,-54.2075],[-70.5235,-54.2128],[-70.5137,-54.2154],[-70.5404,-54.2216],[-70.5934,-54.2138],[-70.6856,-54.1881],[-70.8227,-54.1135],[-70.8065,-54.096],[-70.8305,-54.0758],[-70.866,-54.0527],[-70.8842,-54.027],[-70.8848,-53.9988],[-70.8973,-53.9479],[-70.8975,-53.9312],[-70.8878,-53.9216],[-70.8638,-53.9206],[-70.8927,-53.891],[-70.9005,-53.8737],[-70.8811,-53.8659],[-70.8575,-53.86],[-70.8815,-53.8423],[-70.8554,-53.8395],[-70.8199,-53.8369],[-70.7886,-53.8318],[-70.7766,-53.8247],[-70.7181,-53.8423],[-70.6721,-53.8497],[-70.6344,-53.8733],[-70.6061,-53.8651],[-70.6005,-53.8292],[-70.6326,-53.8139],[-70.6993,-53.7872],[-70.7061,-53.7464],[-70.7042,-53.7405],[-70.7008,-53.7359],[-70.6993,-53.7312],[-70.7026,-53.7254],[-70.7061,-53.7208],[-70.7097,-53.714],[-70.7124,-53.707],[-70.7129,-53.7014],[-70.7006,-53.6906],[-70.6637,-53.6856],[-70.6273,-53.6611],[-70.6086,-53.6533],[-70.5665,-53.6261],[-70.5466,-53.5968],[-70.5475,-53.577],[-70.5356,-53.5605],[-70.5106,-53.558],[-70.4864,-53.5613],[-70.4695,-53.5663],[-70.4626,-53.5764],[-70.455,-53.6116]]],[[[-73.8245,-53.4721],[-73.8197,-53.4797],[-73.8085,-53.4841],[-73.7302,-53.4997],[-73.7065,-53.5082],[-73.6879,-53.5232],[-73.7018,-53.5382],[-73.7166,-53.5414],[-73.7552,-53.5369],[-73.7795,-53.5392],[-73.7846,-53.5457],[-73.7836,-53.5566],[-73.7897,-53.5717],[-73.8042,-53.5803],[-73.8273,-53.5867],[-73.8485,-53.5883],[-73.8579,-53.5816],[-73.8536,-53.5656],[-73.8437,-53.5578],[-73.8325,-53.5509],[-73.8245,-53.5369],[-73.8743,-53.5397],[-73.8859,-53.5369],[-73.8923,-53.5263],[-73.8835,-53.5201],[-73.8682,-53.5172],[-73.8548,-53.5165],[-73.8334,-53.5058],[-73.8444,-53.4824],[-73.8606,-53.4589],[-73.8548,-53.4482],[-73.8442,-53.4499],[-73.8345,-53.4548],[-73.8273,-53.4623],[-73.8245,-53.4721]]],[[[-73.3924,-53.414],[-73.4573,-53.4357],[-73.488,-53.4516],[-73.5091,-53.4755],[-73.4969,-53.4788],[-73.4911,-53.476],[-73.4859,-53.4713],[-73.475,-53.4687],[-73.4679,-53.4719],[-73.453,-53.486],[-73.444,-53.4892],[-73.4342,-53.4947],[-73.3924,-53.5307],[-73.4006,-53.5414],[-73.4133,-53.5451],[-73.444,-53.5444],[-73.4522,-53.5483],[-73.471,-53.5663],[-73.4818,-53.5717],[-73.5072,-53.5686],[-73.5205,-53.5524],[-73.5298,-53.5305],[-73.5433,-53.5103],[-73.5525,-53.5405],[-73.5596,-53.5466],[-73.578,-53.5444],[-73.5942,-53.5265],[-73.6013,-53.5232],[-73.6497,-53.5165],[-73.6619,-53.5109],[-73.6912,-53.4846],[-73.7077,-53.4755],[-73.765,-53.4575],[-73.7794,-53.455],[-73.7814,-53.4513],[-73.7992,-53.436],[-73.8033,-53.4345],[-73.8032,-53.4221],[-73.7982,-53.4186],[-73.7794,-53.4208],[-73.766,-53.4255],[-73.6912,-53.4672],[-73.6807,-53.4687],[-73.6534,-53.4672],[-73.6392,-53.468],[-73.6289,-53.4721],[-73.6133,-53.4825],[-73.5934,-53.49],[-73.5749,-53.4911],[-73.5637,-53.4824],[-73.5938,-53.4718],[-73.6061,-53.4646],[-73.619,-53.455],[-73.5998,-53.4479],[-73.5794,-53.4494],[-73.5583,-53.4537],[-73.537,-53.455],[-73.5485,-53.4433],[-73.5979,-53.424],[-73.5981,-53.3927],[-73.5926,-53.3858],[-73.578,-53.3868],[-73.5692,-53.3915],[-73.5567,-53.4046],[-73.5467,-53.4073],[-73.5343,-53.405],[-73.5143,-53.3952],[-73.5057,-53.393],[-73.4485,-53.3915],[-73.4346,-53.3942],[-73.3924,-53.4073],[-73.3924,-53.414]]],[[[-72.5297,-54.0754],[-72.5433,-54.1],[-72.5744,-54.0955],[-72.6088,-54.0768],[-72.6321,-54.0584],[-72.6263,-54.0483],[-72.6234,-54.0369],[-72.6257,-54.0274],[-72.6355,-54.0236],[-72.6446,-54.027],[-72.6503,-54.0348],[-72.6544,-54.0441],[-72.6588,-54.0514],[-72.68,-54.0688],[-72.6926,-54.0759],[-72.7035,-54.0788],[-72.7068,-54.081],[-72.7098,-54.0861],[-72.7114,-54.0919],[-72.7106,-54.0959],[-72.7069,-54.1033],[-72.7143,-54.1038],[-72.7241,-54.1012],[-72.7277,-54.0993],[-72.7863,-54.0925],[-72.7935,-54.0973],[-72.817,-54.1266],[-72.8431,-54.1336],[-72.8974,-54.1212],[-72.9263,-54.1198],[-72.8966,-54.1126],[-72.8828,-54.1056],[-72.8785,-54.0925],[-72.8851,-54.0839],[-72.8971,-54.0873],[-72.9101,-54.095],[-72.9194,-54.0993],[-72.9248,-54.0971],[-72.9339,-54.0878],[-72.9368,-54.0856],[-72.9437,-54.0867],[-72.9556,-54.0912],[-72.9842,-54.0966],[-72.9951,-54.0969],[-73.0089,-54.0925],[-73.0268,-54.0749],[-73.0045,-54.0645],[-72.9337,-54.0584],[-72.8263,-54.0678],[-72.796,-54.0584],[-72.8807,-54.0344],[-72.8859,-54.0236],[-72.861,-54.0168],[-72.7624,-54.0305],[-72.7729,-54.0168],[-72.8078,-54.0058],[-72.8238,-53.9963],[-72.8097,-53.9959],[-72.7974,-53.9923],[-72.7863,-53.9854],[-72.776,-53.9758],[-72.8402,-53.9604],[-72.8506,-53.9553],[-72.8414,-53.9472],[-72.7829,-53.928],[-72.756,-53.9026],[-72.7431,-53.8937],[-72.7214,-53.8864],[-72.6806,-53.8788],[-72.6626,-53.8722],[-72.6451,-53.8596],[-72.7418,-53.8761],[-72.7686,-53.8727],[-72.7425,-53.8609],[-72.733,-53.8532],[-72.7277,-53.8386],[-72.7495,-53.8416],[-72.7871,-53.8582],[-72.8096,-53.8596],[-72.7829,-53.8318],[-72.7888,-53.8201],[-72.8017,-53.8175],[-72.8163,-53.821],[-72.8452,-53.8415],[-72.8972,-53.8673],[-72.9194,-53.8727],[-72.9437,-53.8683],[-72.9554,-53.8576],[-72.9655,-53.852],[-73.0073,-53.8737],[-73.0161,-53.8617],[-73.0218,-53.8243],[-73.0406,-53.808],[-73.056,-53.8128],[-73.0665,-53.8313],[-73.0702,-53.8561],[-73.0765,-53.8757],[-73.1017,-53.9104],[-73.1044,-53.9342],[-73.0919,-53.9513],[-73.0462,-53.9738],[-73.0362,-53.986],[-73.0441,-53.9991],[-73.0624,-54.0167],[-73.0831,-54.0319],[-73.0983,-54.0379],[-73.1041,-54.0353],[-73.1083,-54.0305],[-73.1153,-54.0204],[-73.1234,-54.0143],[-73.1295,-54.0126],[-73.1359,-54.0121],[-73.1454,-54.0099],[-73.1923,-53.992],[-73.2041,-53.9894],[-73.2744,-53.9841],[-73.3089,-53.9738],[-73.3378,-53.9553],[-73.3245,-53.9506],[-73.296,-53.9457],[-73.2826,-53.9416],[-73.2647,-53.9321],[-73.2622,-53.926],[-73.2648,-53.9191],[-73.2621,-53.9075],[-73.2526,-53.902],[-73.2407,-53.9],[-73.2364,-53.8966],[-73.249,-53.8864],[-73.2682,-53.8801],[-73.2809,-53.8815],[-73.2879,-53.8796],[-73.29,-53.8629],[-73.2943,-53.8518],[-73.3131,-53.8445],[-73.3173,-53.8352],[-73.3097,-53.8243],[-73.2931,-53.8198],[-73.2765,-53.8178],[-73.2689,-53.8147],[-73.2572,-53.7983],[-73.2528,-53.7861],[-73.2587,-53.7734],[-73.2689,-53.7643],[-73.2799,-53.7564],[-73.2933,-53.7512],[-73.3105,-53.7504],[-73.3105,-53.7424],[-73.2607,-53.7271],[-73.2454,-53.7158],[-73.2621,-53.7014],[-73.2749,-53.7009],[-73.3021,-53.7126],[-73.3139,-53.7156],[-73.3625,-53.7133],[-73.5342,-53.7521],[-73.5917,-53.756],[-73.5658,-53.7404],[-73.5193,-53.7214],[-73.4849,-53.7009],[-73.4949,-53.6804],[-73.4967,-53.665],[-73.5262,-53.6645],[-73.5633,-53.6679],[-73.588,-53.6645],[-73.5987,-53.6589],[-73.6088,-53.6568],[-73.6161,-53.6516],[-73.619,-53.6369],[-73.6181,-53.6233],[-73.6153,-53.614],[-73.6109,-53.6066],[-73.6047,-53.5991],[-73.5847,-53.5828],[-73.5651,-53.5795],[-73.4956,-53.5885],[-73.4828,-53.588],[-73.4713,-53.5816],[-73.4579,-53.5698],[-73.4469,-53.5642],[-73.4355,-53.5632],[-73.4203,-53.5649],[-73.3656,-53.5773],[-73.3363,-53.589],[-73.3236,-53.6027],[-73.3168,-53.6193],[-73.3004,-53.6345],[-73.2803,-53.6463],[-73.2621,-53.6536],[-73.2042,-53.6662],[-72.9739,-53.6699],[-72.9529,-53.6645],[-72.9474,-53.6467],[-72.9585,-53.6332],[-72.9766,-53.6371],[-72.9963,-53.6476],[-73.0122,-53.6536],[-73.0594,-53.6531],[-73.0808,-53.6482],[-73.0808,-53.6369],[-73.0373,-53.6005],[-73.0293,-53.5847],[-73.0382,-53.592],[-73.0477,-53.5964],[-73.0583,-53.5984],[-73.0702,-53.5991],[-73.081,-53.6025],[-73.0884,-53.6105],[-73.0983,-53.6264],[-73.1155,-53.6396],[-73.1348,-53.6463],[-73.1581,-53.6481],[-73.2076,-53.645],[-73.2587,-53.6352],[-73.2764,-53.6264],[-73.2912,-53.6059],[-73.2886,-53.5895],[-73.2621,-53.558],[-73.3158,-53.5551],[-73.34,-53.5479],[-73.4128,-53.4933],[-73.4203,-53.4789],[-73.4213,-53.4709],[-73.421,-53.4669],[-73.4154,-53.4646],[-73.3998,-53.4625],[-73.3874,-53.4622],[-73.3446,-53.4687],[-73.2978,-53.4828],[-73.2762,-53.4943],[-73.2621,-53.5103],[-73.223,-53.4939],[-73.1696,-53.4992],[-73.0771,-53.5307],[-73.0882,-53.5138],[-73.1037,-53.5047],[-73.1195,-53.4982],[-73.1317,-53.4892],[-73.1356,-53.4728],[-73.1329,-53.4548],[-73.1349,-53.4404],[-73.1526,-53.4345],[-73.174,-53.4303],[-73.1752,-53.4208],[-73.1615,-53.4114],[-73.1385,-53.4073],[-73.1142,-53.4057],[-73.0908,-53.4005],[-73.0572,-53.3868],[-73.0377,-53.3855],[-73.0326,-53.3903],[-73.0362,-53.4208],[-73.0378,-53.4249],[-73.0405,-53.4289],[-73.0402,-53.435],[-73.0206,-53.4579],[-73.017,-53.4645],[-73.0114,-53.4892],[-73.002,-53.4933],[-72.9926,-53.4851],[-72.9884,-53.4656],[-72.9896,-53.4475],[-72.9939,-53.4329],[-73.0023,-53.4218],[-73.0156,-53.414],[-73.0156,-53.4073],[-72.9848,-53.4113],[-72.9352,-53.4357],[-72.9132,-53.427],[-72.9134,-53.4508],[-72.9181,-53.4718],[-72.9263,-53.4902],[-72.9368,-53.5063],[-72.941,-53.5183],[-72.9367,-53.527],[-72.9298,-53.5305],[-72.9263,-53.527],[-72.9219,-53.5149],[-72.9112,-53.5099],[-72.898,-53.5108],[-72.8859,-53.5165],[-72.8725,-53.5348],[-72.8765,-53.5517],[-72.8868,-53.5689],[-72.896,-53.5998],[-72.91,-53.613],[-72.9132,-53.6232],[-72.911,-53.6321],[-72.9053,-53.6399],[-72.8928,-53.6536],[-72.8892,-53.6729],[-72.8841,-53.6813],[-72.8723,-53.6804],[-72.8642,-53.6716],[-72.8651,-53.6598],[-72.8723,-53.6369],[-72.8678,-53.627],[-72.858,-53.6199],[-72.8482,-53.6145],[-72.8437,-53.6093],[-72.8402,-53.5983],[-72.823,-53.5753],[-72.817,-53.5649],[-72.8149,-53.5392],[-72.8248,-53.5237],[-72.8375,-53.5108],[-72.847,-53.4848],[-72.8616,-53.4705],[-72.8649,-53.4588],[-72.8585,-53.4527],[-72.8446,-53.4594],[-72.8238,-53.4755],[-72.8083,-53.4776],[-72.7928,-53.478],[-72.7809,-53.483],[-72.776,-53.4994],[-72.7707,-53.5046],[-72.7583,-53.5099],[-72.7345,-53.5165],[-72.7433,-53.5378],[-72.7482,-53.5444],[-72.731,-53.5543],[-72.691,-53.5844],[-72.6798,-53.5991],[-72.6761,-53.6116],[-72.6759,-53.6225],[-72.6803,-53.6327],[-72.6901,-53.6437],[-72.6961,-53.657],[-72.6893,-53.6677],[-72.6786,-53.6733],[-72.673,-53.6711],[-72.6679,-53.6696],[-72.6423,-53.6715],[-72.6321,-53.6679],[-72.6305,-53.6599],[-72.6344,-53.5976],[-72.6419,-53.5774],[-72.6546,-53.5605],[-72.673,-53.5444],[-72.673,-53.5369],[-72.6559,-53.5368],[-72.558,-53.5788],[-72.5461,-53.5885],[-72.5335,-53.5914],[-72.4978,-53.5759],[-72.4813,-53.5717],[-72.4642,-53.5751],[-72.4465,-53.5836],[-72.4368,-53.5953],[-72.4437,-53.6093],[-72.4372,-53.6154],[-72.4155,-53.6227],[-72.3973,-53.6335],[-72.4018,-53.6502],[-72.4167,-53.6559],[-72.4547,-53.6537],[-72.4744,-53.6611],[-72.4847,-53.674],[-72.4844,-53.6871],[-72.4748,-53.6974],[-72.4381,-53.7055],[-72.4361,-53.7155],[-72.4533,-53.7424],[-72.4366,-53.7493],[-72.4278,-53.7411],[-72.4206,-53.7284],[-72.4089,-53.7219],[-72.4066,-53.7145],[-72.3908,-53.6994],[-72.373,-53.6878],[-72.3646,-53.6909],[-72.3475,-53.7101],[-72.2342,-53.7288],[-72.2733,-53.7592],[-72.2684,-53.7634],[-72.2262,-53.7663],[-72.187,-53.7765],[-72.1527,-53.7962],[-72.1387,-53.7976],[-72.1573,-53.8078],[-72.2003,-53.8137],[-72.2172,-53.8212],[-72.2277,-53.8355],[-72.2204,-53.8517],[-72.2311,-53.8693],[-72.2509,-53.8775],[-72.2746,-53.8723],[-72.2963,-53.8615],[-72.3285,-53.8396],[-72.3486,-53.8313],[-72.3699,-53.8318],[-72.3918,-53.8454],[-72.3509,-53.8596],[-72.3562,-53.8784],[-72.3441,-53.9101],[-72.3509,-53.928],[-72.3866,-53.9041],[-72.4095,-53.8932],[-72.4198,-53.8971],[-72.4161,-53.9176],[-72.4057,-53.9312],[-72.3903,-53.9406],[-72.3714,-53.9485],[-72.3797,-53.9596],[-72.392,-53.9625],[-72.406,-53.9636],[-72.4198,-53.9695],[-72.3852,-53.9811],[-72.3236,-53.9894],[-72.3178,-54.0021],[-72.3205,-54.019],[-72.3299,-54.0346],[-72.3434,-54.044],[-72.3548,-54.0455],[-72.3677,-54.044],[-72.3798,-54.04],[-72.3884,-54.0341],[-72.397,-54.0325],[-72.4231,-54.0418],[-72.4335,-54.044],[-72.4542,-54.0383],[-72.4591,-54.0268],[-72.4533,-53.9894],[-72.4689,-53.9958],[-72.4855,-53.9964],[-72.5016,-53.9919],[-72.5154,-53.9826],[-72.5172,-53.995],[-72.5233,-54.0085],[-72.5328,-54.0236],[-72.5187,-54.0302],[-72.5191,-54.0457],[-72.5297,-54.0754]]],[[[-74.1459,-53.2428],[-74.1239,-53.235],[-74.0958,-53.2284],[-74.0708,-53.2309],[-74.0581,-53.2503],[-74.0657,-53.26],[-74.0777,-53.2639],[-74.0917,-53.2662],[-74.105,-53.2701],[-74.098,-53.2927],[-74.1161,-53.3074],[-74.1451,-53.3155],[-74.1705,-53.3178],[-74.1766,-53.32],[-74.1885,-53.3293],[-74.1937,-53.3315],[-74.2022,-53.3307],[-74.2174,-53.3259],[-74.2251,-53.3246],[-74.2389,-53.3146],[-74.2422,-53.311],[-74.2437,-53.3028],[-74.2413,-53.3],[-74.2377,-53.2986],[-74.236,-53.294],[-74.2236,-53.281],[-74.1459,-53.2428]]],[[[-73.4334,-52.8654],[-73.3853,-52.8976],[-73.3788,-52.9103],[-73.3817,-52.927],[-73.3901,-52.9416],[-73.4029,-52.9524],[-73.4193,-52.9577],[-73.4363,-52.9573],[-73.4571,-52.9531],[-73.4763,-52.9452],[-73.4886,-52.9343],[-73.4925,-52.922],[-73.4891,-52.9127],[-73.4784,-52.9073],[-73.4607,-52.9069],[-73.4607,-52.9001],[-73.4725,-52.8981],[-73.4917,-52.8883],[-73.5019,-52.8859],[-73.5501,-52.8859],[-73.5606,-52.8874],[-73.5688,-52.8896],[-73.5772,-52.8893],[-73.588,-52.8827],[-73.5968,-52.8792],[-73.6096,-52.8781],[-73.6326,-52.8796],[-73.662,-52.8917],[-73.6733,-52.8933],[-73.7154,-52.8919],[-73.7288,-52.8933],[-73.7873,-52.9132],[-73.8108,-52.9138],[-73.7981,-52.8986],[-73.7589,-52.8917],[-73.7419,-52.8796],[-73.7482,-52.8692],[-73.7365,-52.8665],[-73.7181,-52.866],[-73.7047,-52.8622],[-73.6935,-52.8528],[-73.6846,-52.8497],[-73.6744,-52.85],[-73.6462,-52.8544],[-73.6154,-52.8635],[-73.6013,-52.8654],[-73.5924,-52.8606],[-73.6039,-52.8499],[-73.6326,-52.8312],[-73.6117,-52.8217],[-73.5524,-52.8532],[-73.5296,-52.8381],[-73.5089,-52.8525],[-73.4785,-52.8663],[-73.4497,-52.8727],[-73.4334,-52.8654]]],[[[-73.2074,-53.3178],[-73.1786,-53.3193],[-73.1397,-53.3278],[-73.1055,-53.3409],[-73.0908,-53.3557],[-73.1078,-53.3689],[-73.1894,-53.3582],[-73.2174,-53.3625],[-73.2309,-53.3681],[-73.2472,-53.3652],[-73.2764,-53.3526],[-73.2891,-53.3412],[-73.2962,-53.3383],[-73.2974,-53.3409],[-73.303,-53.346],[-73.3105,-53.3508],[-73.3173,-53.3526],[-73.3456,-53.3429],[-73.3752,-53.3244],[-73.4017,-53.3027],[-73.4203,-53.2831],[-73.4339,-53.2947],[-73.4449,-53.3085],[-73.458,-53.32],[-73.4781,-53.3246],[-73.5596,-53.3237],[-73.5842,-53.3178],[-73.602,-53.309],[-73.6096,-53.3001],[-73.6036,-53.2932],[-73.5811,-53.2906],[-73.5319,-53.2999],[-73.5079,-53.301],[-73.4949,-53.2906],[-73.5145,-53.2846],[-73.5584,-53.2781],[-73.578,-53.2701],[-73.5907,-53.2577],[-73.6,-53.2415],[-73.5998,-53.2276],[-73.5842,-53.2223],[-73.5962,-53.2179],[-73.6059,-53.2111],[-73.6116,-53.2013],[-73.6115,-53.1876],[-73.6213,-53.1916],[-73.6355,-53.205],[-73.6426,-53.2079],[-73.6546,-53.2066],[-73.6587,-53.2027],[-73.6606,-53.1962],[-73.6662,-53.1876],[-73.6949,-53.1546],[-73.71,-53.1415],[-73.7288,-53.1329],[-73.7264,-53.1425],[-73.7146,-53.1671],[-73.7445,-53.1658],[-73.7611,-53.1506],[-73.7683,-53.1292],[-73.7698,-53.1091],[-73.7784,-53.1082],[-73.8198,-53.1131],[-73.8343,-53.1091],[-73.8594,-53.0783],[-73.8804,-53.0577],[-73.8841,-53.0584],[-73.8861,-53.0649],[-73.8927,-53.0715],[-73.9121,-53.0794],[-73.9231,-53.0803],[-73.9405,-53.0789],[-74.0348,-53.0562],[-74.0572,-53.0578],[-74.0474,-53.0663],[-74.0162,-53.0851],[-74.0235,-53.089],[-74.0303,-53.0909],[-74.0466,-53.0912],[-74.0544,-53.0935],[-74.0605,-53.1033],[-74.0677,-53.1056],[-74.0863,-53.1049],[-74.0941,-53.102],[-74.1016,-53.0953],[-74.1112,-53.0896],[-74.121,-53.0917],[-74.1305,-53.0966],[-74.1394,-53.0993],[-74.1697,-53.0898],[-74.2196,-53.0471],[-74.2489,-53.0373],[-74.2361,-53.0584],[-74.232,-53.0728],[-74.2399,-53.0829],[-74.2626,-53.0912],[-74.2869,-53.0851],[-74.2902,-53.0873],[-74.2897,-53.0971],[-74.2937,-53.0993],[-74.3063,-53.0992],[-74.3183,-53.0973],[-74.3274,-53.0922],[-74.3309,-53.082],[-74.3289,-53.0702],[-74.3256,-53.0595],[-74.3249,-53.049],[-74.3309,-53.0373],[-74.3364,-53.0334],[-74.3459,-53.0296],[-74.3549,-53.0305],[-74.3588,-53.0407],[-74.3656,-53.0463],[-74.3808,-53.0432],[-74.3971,-53.0363],[-74.4072,-53.0299],[-74.4066,-53.0251],[-74.4024,-53.0187],[-74.4022,-53.011],[-74.4134,-53.0032],[-74.4093,-52.995],[-74.4073,-52.9871],[-74.4072,-52.969],[-74.425,-52.9738],[-74.4993,-52.968],[-74.5076,-52.9659],[-74.5171,-52.9616],[-74.5176,-52.9588],[-74.5171,-52.9445],[-74.5194,-52.941],[-74.5247,-52.9409],[-74.5311,-52.9416],[-74.5806,-52.9324],[-74.5965,-52.9229],[-74.5849,-52.8957],[-74.5861,-52.887],[-74.5892,-52.8806],[-74.5916,-52.8796],[-74.5876,-52.8715],[-74.583,-52.8648],[-74.5712,-52.8517],[-74.582,-52.8458],[-74.5922,-52.8377],[-74.6087,-52.8214],[-74.7085,-52.7856],[-74.7309,-52.7726],[-74.7499,-52.7555],[-74.7428,-52.7492],[-74.7353,-52.7465],[-74.7281,-52.7449],[-74.7219,-52.7419],[-74.7176,-52.7409],[-74.7059,-52.7428],[-74.7015,-52.7419],[-74.7009,-52.7394],[-74.7021,-52.7306],[-74.7015,-52.7282],[-74.698,-52.7252],[-74.6952,-52.7214],[-74.6915,-52.7185],[-74.6851,-52.7177],[-74.6744,-52.7213],[-74.6426,-52.7447],[-74.5985,-52.7698],[-74.5721,-52.7791],[-74.4892,-52.7971],[-74.4945,-52.8117],[-74.4977,-52.8185],[-74.5028,-52.825],[-74.4893,-52.8354],[-74.4491,-52.8494],[-74.4408,-52.8554],[-74.434,-52.8687],[-74.4179,-52.8709],[-74.3824,-52.8654],[-74.371,-52.8727],[-74.3812,-52.8886],[-74.4072,-52.9138],[-74.4015,-52.9218],[-74.3588,-52.9479],[-74.3426,-52.9257],[-74.3269,-52.9241],[-74.271,-52.9576],[-74.2615,-52.9602],[-74.2489,-52.9616],[-74.2451,-52.9597],[-74.2399,-52.9508],[-74.236,-52.9479],[-74.2296,-52.9482],[-74.2184,-52.9539],[-74.2114,-52.9553],[-74.2057,-52.9518],[-74.1979,-52.9449],[-74.1883,-52.9405],[-74.1776,-52.9445],[-74.1566,-52.9704],[-74.1534,-52.9786],[-74.143,-52.9897],[-74.1198,-52.983],[-74.0839,-52.9616],[-74.1124,-52.9526],[-74.1239,-52.9457],[-74.1329,-52.9343],[-74.0893,-52.9465],[-74.0746,-52.9479],[-74.0299,-52.982],[-74.0256,-52.9636],[-74.0078,-52.9666],[-73.9678,-52.9894],[-73.9471,-52.9931],[-73.9382,-52.9962],[-73.9343,-53.0032],[-73.9393,-53.0085],[-73.9753,-53.0094],[-73.9647,-53.0185],[-73.96,-53.0214],[-73.9547,-53.0236],[-73.9616,-53.0236],[-73.9455,-53.0253],[-73.8995,-53.0373],[-73.9043,-53.023],[-73.9023,-53.0123],[-73.8931,-53.0055],[-73.8759,-53.0032],[-73.866,-53.0095],[-73.8417,-53.0378],[-73.8279,-53.0441],[-73.824,-53.0473],[-73.8197,-53.0544],[-73.8142,-53.0615],[-73.807,-53.0646],[-73.7983,-53.0624],[-73.7926,-53.0577],[-73.7895,-53.053],[-73.7897,-53.051],[-73.772,-53.0524],[-73.7555,-53.0575],[-73.7288,-53.0715],[-73.683,-53.1075],[-73.6698,-53.1124],[-73.6601,-53.1178],[-73.6362,-53.1412],[-73.6289,-53.1466],[-73.6103,-53.1419],[-73.615,-53.1311],[-73.6388,-53.1124],[-73.6458,-53.1007],[-73.66,-53.0578],[-73.6411,-53.0572],[-73.6233,-53.0598],[-73.6082,-53.0666],[-73.5979,-53.0789],[-73.5992,-53.0837],[-73.6029,-53.0914],[-73.6048,-53.1004],[-73.6013,-53.1091],[-73.5959,-53.1108],[-73.5705,-53.1124],[-73.5705,-53.0993],[-73.5679,-53.1037],[-73.5555,-53.1139],[-73.5512,-53.1184],[-73.5431,-53.141],[-73.5452,-53.1559],[-73.5544,-53.1677],[-73.578,-53.1876],[-73.5497,-53.2081],[-73.5433,-53.2148],[-73.5328,-53.234],[-73.5298,-53.2443],[-73.5333,-53.249],[-73.5163,-53.2614],[-73.5066,-53.2639],[-73.5023,-53.2526],[-73.4999,-53.2381],[-73.493,-53.2302],[-73.4822,-53.2258],[-73.4681,-53.2223],[-73.4739,-53.2111],[-73.4818,-53.2016],[-73.4913,-53.1936],[-73.5023,-53.1876],[-73.4853,-53.1711],[-73.4977,-53.1432],[-73.4818,-53.1329],[-73.4595,-53.1329],[-73.4351,-53.1402],[-73.422,-53.1524],[-73.4334,-53.1671],[-73.42,-53.1659],[-73.4081,-53.1667],[-73.3986,-53.171],[-73.3924,-53.1808],[-73.4061,-53.1876],[-73.3552,-53.2045],[-73.3378,-53.2148],[-73.318,-53.2299],[-73.3117,-53.2389],[-73.3204,-53.2428],[-73.3588,-53.2453],[-73.3719,-53.2428],[-73.363,-53.2531],[-73.3583,-53.2564],[-73.366,-53.2712],[-73.3433,-53.2721],[-73.2862,-53.2633],[-73.2665,-53.2687],[-73.1944,-53.3041],[-73.2034,-53.3097],[-73.2074,-53.311],[-73.2074,-53.3178]]],[[[-73.331,-52.694],[-73.331,-52.7009],[-73.3692,-52.7286],[-73.3886,-52.7374],[-73.3998,-52.7282],[-73.3719,-52.7077],[-73.3629,-52.7033],[-73.331,-52.694]]],[[[-73.8374,-52.7009],[-73.8579,-52.7009],[-73.8578,-52.7027],[-73.8624,-52.7073],[-73.8722,-52.7151],[-73.878,-52.7154],[-73.8867,-52.7087],[-73.8927,-52.7077],[-73.8979,-52.7106],[-73.9018,-52.7154],[-73.9063,-52.7198],[-73.9132,-52.7214],[-73.9361,-52.7204],[-73.9458,-52.7167],[-73.9547,-52.7077],[-73.9514,-52.6882],[-73.9398,-52.676],[-73.9098,-52.6564],[-73.8641,-52.6116],[-73.8449,-52.5978],[-73.8763,-52.61],[-73.959,-52.6562],[-73.982,-52.653],[-73.9822,-52.6325],[-73.9669,-52.6165],[-73.8842,-52.5651],[-73.8722,-52.5501],[-73.9093,-52.5602],[-73.994,-52.6119],[-74.0382,-52.6567],[-74.1234,-52.7066],[-74.1433,-52.707],[-74.147,-52.6966],[-74.1359,-52.6862],[-74.1278,-52.6659],[-74.1815,-52.6479],[-74.1895,-52.617],[-74.1844,-52.5868],[-74.1438,-52.5745],[-74.0981,-52.5709],[-74.0497,-52.5637],[-74.0184,-52.5378],[-73.9771,-52.4983],[-73.944,-52.4828],[-73.9481,-52.47],[-73.9871,-52.4668],[-74.0342,-52.476],[-74.0423,-52.4512],[-74.0297,-52.4299],[-73.9757,-52.4269],[-73.9377,-52.4249],[-73.8949,-52.4081],[-73.8552,-52.4197],[-73.8203,-52.4242],[-73.7897,-52.4278],[-73.7746,-52.408],[-73.7491,-52.3998],[-73.7252,-52.4047],[-73.707,-52.4401],[-73.6779,-52.4733],[-73.677,-52.4851],[-73.6888,-52.5009],[-73.6957,-52.5076],[-73.7144,-52.5125],[-73.7242,-52.5178],[-73.7319,-52.5253],[-73.7397,-52.5455],[-73.751,-52.5501],[-73.7794,-52.5501],[-73.7873,-52.5543],[-73.7817,-52.5637],[-73.7698,-52.5732],[-73.7589,-52.5773],[-73.7369,-52.5929],[-73.7485,-52.6279],[-73.7748,-52.6651],[-73.7965,-52.6872],[-73.807,-52.693],[-73.8374,-52.7009]]],[[[-74.6726,-52.3905],[-74.7035,-52.3859],[-74.7019,-52.3496],[-74.7133,-52.3428],[-74.7445,-52.3418],[-74.7555,-52.3651],[-74.7841,-52.3679],[-74.8154,-52.3504],[-74.8204,-52.3221],[-74.8007,-52.3018],[-74.8067,-52.2842],[-74.8767,-52.2553],[-74.9063,-52.2348],[-74.9134,-52.2195],[-74.9116,-52.2028],[-74.9003,-52.19],[-74.879,-52.1869],[-74.8667,-52.1928],[-74.8321,-52.2175],[-74.8152,-52.2366],[-74.7934,-52.2314],[-74.7595,-52.2143],[-74.6841,-52.2143],[-74.6745,-52.2105],[-74.6457,-52.2045],[-74.6207,-52.2043],[-74.5893,-52.2129],[-74.5777,-52.2351],[-74.5444,-52.2462],[-74.5361,-52.2719],[-74.5419,-52.289],[-74.5604,-52.3148],[-74.5682,-52.3365],[-74.5736,-52.3663],[-74.5938,-52.3948],[-74.6726,-52.3905]]],[[[-73.7698,-52.3793],[-73.7864,-52.388],[-73.8071,-52.3932],[-73.8287,-52.3937],[-73.8478,-52.3878],[-73.8727,-52.3762],[-73.8822,-52.3696],[-73.8859,-52.362],[-73.8775,-52.3564],[-73.8245,-52.3447],[-73.8245,-52.3385],[-73.8384,-52.3361],[-73.8462,-52.3303],[-73.8515,-52.3234],[-73.8579,-52.318],[-73.9039,-52.3074],[-73.9169,-52.3002],[-73.935,-52.2839],[-73.9427,-52.2789],[-73.9667,-52.2682],[-73.9911,-52.2612],[-74.0026,-52.2558],[-74.0207,-52.2395],[-74.0537,-52.2013],[-74.0929,-52.1852],[-74.0928,-52.1666],[-74.0792,-52.1477],[-74.0572,-52.1391],[-74.0422,-52.1413],[-74.0328,-52.1467],[-74.0253,-52.1534],[-74.0162,-52.1596],[-74.0101,-52.1606],[-73.9956,-52.1586],[-73.9896,-52.1596],[-73.9842,-52.1645],[-73.9752,-52.1769],[-73.9715,-52.1795],[-73.9629,-52.1828],[-73.9573,-52.19],[-73.9503,-52.1974],[-73.9269,-52.2034],[-73.8927,-52.2218],[-73.8153,-52.2411],[-73.8033,-52.2521],[-73.7991,-52.2581],[-73.7897,-52.2654],[-73.7803,-52.2748],[-73.776,-52.2866],[-73.7801,-52.2985],[-73.7961,-52.319],[-73.7965,-52.3316],[-73.7814,-52.342],[-73.7594,-52.3481],[-73.7493,-52.3577],[-73.7698,-52.3793]]],[[[-74.1225,-52.3977],[-74.1441,-52.3883],[-74.1658,-52.3762],[-74.1873,-52.3674],[-74.1981,-52.353],[-74.1875,-52.3242],[-74.2257,-52.3264],[-74.236,-52.3242],[-74.2454,-52.3166],[-74.2457,-52.3102],[-74.2384,-52.3054],[-74.2251,-52.3036],[-74.2156,-52.3012],[-74.2053,-52.2953],[-74.1971,-52.2877],[-74.1937,-52.28],[-74.236,-52.2483],[-74.2071,-52.2263],[-74.1708,-52.2338],[-74.1343,-52.2485],[-74.105,-52.2483],[-74.1295,-52.228],[-74.203,-52.2029],[-74.2217,-52.1869],[-74.2019,-52.1868],[-74.1656,-52.1935],[-74.1459,-52.1938],[-74.2145,-52.1694],[-74.2424,-52.1664],[-74.2552,-52.1633],[-74.2735,-52.1492],[-74.2834,-52.1459],[-74.2982,-52.1489],[-74.3236,-52.162],[-74.3384,-52.1664],[-74.3599,-52.1642],[-74.3905,-52.1555],[-74.4147,-52.143],[-74.4169,-52.129],[-74.4019,-52.1183],[-74.3446,-52.0908],[-74.3222,-52.0846],[-74.31,-52.0834],[-74.2974,-52.0846],[-74.2868,-52.0886],[-74.2646,-52.1017],[-74.2367,-52.1095],[-74.1191,-52.1818],[-74.0829,-52.212],[-74.0418,-52.235],[-74.023,-52.2483],[-73.9957,-52.2763],[-73.951,-52.3071],[-73.9357,-52.3249],[-73.9397,-52.332],[-73.982,-52.3316],[-73.9678,-52.3447],[-73.9903,-52.3487],[-74.0192,-52.3447],[-74.0394,-52.3442],[-74.036,-52.3582],[-74.058,-52.3746],[-74.0904,-52.3906],[-74.1225,-52.3977]]],[[[-74.7908,-52.1795],[-74.8033,-52.1721],[-74.8042,-52.1593],[-74.797,-52.129],[-74.7939,-52.124],[-74.7864,-52.1214],[-74.7703,-52.1187],[-74.7645,-52.1189],[-74.7569,-52.1241],[-74.7529,-52.1222],[-74.7498,-52.1197],[-74.6877,-52.0878],[-74.6375,-52.0773],[-74.6326,-52.074],[-74.628,-52.0616],[-74.6178,-52.0593],[-74.6073,-52.0619],[-74.6018,-52.0641],[-74.5992,-52.0702],[-74.6103,-52.0839],[-74.6564,-52.1227],[-74.6642,-52.1337],[-74.6673,-52.1495],[-74.6719,-52.163],[-74.6836,-52.1667],[-74.7151,-52.1664],[-74.7494,-52.1828],[-74.7704,-52.1876],[-74.7908,-52.1795]]],[[[-74.3446,-52.0641],[-74.3572,-52.0742],[-74.3728,-52.0783],[-74.3878,-52.0772],[-74.3988,-52.0709],[-74.4033,-52.0649],[-74.4064,-52.0584],[-74.4078,-52.051],[-74.4072,-52.0431],[-74.3597,-52.0568],[-74.3446,-52.0641]]],[[[-74.4923,-51.9787],[-74.4939,-51.9923],[-74.5141,-52.0053],[-74.6259,-52.0427],[-74.6431,-52.0532],[-74.6495,-52.0593],[-74.6574,-52.0647],[-74.6667,-52.0686],[-74.6933,-52.0732],[-74.7204,-52.0842],[-74.7356,-52.0846],[-74.7325,-52.0737],[-74.722,-52.05],[-74.7071,-52.0263],[-74.6909,-52.0157],[-74.6798,-52.0117],[-74.6469,-51.9923],[-74.64,-51.9853],[-74.6268,-51.9806],[-74.5438,-51.9207],[-74.5371,-51.9274],[-74.5194,-51.9347],[-74.5096,-51.9406],[-74.4999,-51.9518],[-74.4975,-51.9612],[-74.4968,-51.9699],[-74.4923,-51.9787]]],[[[-73.7077,-52.1869],[-73.7038,-52.1917],[-73.6915,-52.2013],[-73.6879,-52.2081],[-73.6876,-52.2165],[-73.6941,-52.2423],[-73.7069,-52.2379],[-73.7192,-52.2309],[-73.73,-52.2218],[-73.7381,-52.2107],[-73.7467,-52.1951],[-73.7515,-52.1902],[-73.7965,-52.1596],[-73.8068,-52.144],[-73.8108,-52.1391],[-73.8712,-52.0949],[-73.9103,-52.0833],[-73.965,-52.0505],[-74.0196,-52.038],[-74.0902,-52.01],[-74.1124,-51.9946],[-74.1048,-51.9993],[-74.098,-52.0019],[-74.0912,-52.0007],[-74.0839,-51.9946],[-74.0746,-52.0002],[-74.065,-52.0042],[-74.0548,-52.007],[-74.0435,-52.0089],[-74.0526,-51.9947],[-74.067,-51.9899],[-74.0833,-51.988],[-74.0981,-51.9821],[-74.1102,-51.9689],[-74.1098,-51.9589],[-74.0985,-51.9538],[-74.0777,-51.9548],[-74.0946,-51.9396],[-74.0944,-51.927],[-74.0807,-51.9215],[-74.0572,-51.9269],[-74.0642,-51.9109],[-74.0533,-51.9085],[-74.035,-51.9145],[-74.0196,-51.9238],[-73.9886,-51.9488],[-73.9707,-51.9576],[-73.951,-51.961],[-73.9366,-51.9664],[-73.784,-52.0597],[-73.7589,-52.0812],[-73.7267,-52.1257],[-73.7077,-52.1596],[-73.7089,-52.1606],[-73.7091,-52.179],[-73.7077,-52.1869]]],[[[-74.7499,-52.0431],[-74.7681,-52.0685],[-74.7829,-52.0829],[-74.8033,-52.0893],[-74.838,-52.0908],[-74.8362,-52.1121],[-74.8506,-52.1301],[-74.8707,-52.1371],[-74.8864,-52.1256],[-74.8964,-52.1131],[-74.8889,-52.0924],[-74.8734,-52.0709],[-74.8591,-52.0566],[-74.8004,-52.0253],[-74.7834,-52.0089],[-74.8152,-52.01],[-74.8249,-52.0089],[-74.829,-52.01],[-74.832,-52.0136],[-74.8356,-52.0157],[-74.8414,-52.0123],[-74.8439,-52.008],[-74.8454,-52.002],[-74.8449,-51.9968],[-74.8414,-51.9946],[-74.8336,-51.9853],[-74.7799,-51.8717],[-74.7509,-51.8339],[-74.7462,-51.8313],[-74.7339,-51.8332],[-74.7283,-51.8388],[-74.7291,-51.8474],[-74.7356,-51.8586],[-74.7307,-51.8673],[-74.7287,-51.8722],[-74.7132,-51.8686],[-74.6695,-51.87],[-74.6605,-51.8688],[-74.6527,-51.8578],[-74.6164,-51.8463],[-74.6052,-51.8375],[-74.5985,-51.8375],[-74.6075,-51.8561],[-74.6232,-51.879],[-74.6409,-51.8982],[-74.6659,-51.9114],[-74.6909,-51.944],[-74.7037,-51.9531],[-74.7167,-51.9601],[-74.7279,-51.9688],[-74.7356,-51.9821],[-74.7206,-51.9806],[-74.6975,-51.9698],[-74.681,-51.9684],[-74.6857,-51.9767],[-74.6952,-51.988],[-74.7071,-51.9978],[-74.7185,-52.002],[-74.7263,-52.0073],[-74.7499,-52.0431]]],[[[-75.0611,-51.8823],[-75.0736,-51.8917],[-75.0875,-51.898],[-75.1021,-51.8995],[-75.1169,-51.8941],[-75.1198,-51.8781],[-75.1129,-51.8615],[-75.1017,-51.8438],[-75.0924,-51.8245],[-75.1076,-51.8069],[-75.0954,-51.7765],[-75.0546,-51.7249],[-75.0398,-51.7164],[-75.0194,-51.7131],[-74.9986,-51.7149],[-74.9827,-51.7214],[-74.97,-51.7367],[-74.974,-51.7492],[-74.9857,-51.7614],[-74.9962,-51.7766],[-74.9752,-51.7766],[-75.0009,-51.8438],[-75.0131,-51.862],[-75.0238,-51.8691],[-75.0493,-51.8754],[-75.0611,-51.8823]]],[[[-74.4346,-51.8449],[-74.4225,-51.8347],[-74.4111,-51.821],[-74.4097,-51.8087],[-74.4435,-51.7985],[-74.4574,-51.7875],[-74.4614,-51.776],[-74.4481,-51.7692],[-74.4481,-51.7624],[-74.4679,-51.7525],[-74.494,-51.7228],[-74.5096,-51.7146],[-74.5028,-51.7072],[-74.4159,-51.7271],[-74.3758,-51.7423],[-74.3719,-51.7692],[-74.3575,-51.7697],[-74.3179,-51.7624],[-74.3242,-51.7673],[-74.3297,-51.7741],[-74.3302,-51.7802],[-74.3116,-51.7866],[-74.3126,-51.7953],[-74.316,-51.8058],[-74.3141,-51.8139],[-74.2973,-51.8219],[-74.2789,-51.8222],[-74.239,-51.8171],[-74.2287,-51.8196],[-74.2245,-51.8258],[-74.2215,-51.8326],[-74.2149,-51.8375],[-74.2053,-51.838],[-74.1822,-51.8354],[-74.1739,-51.8375],[-74.1631,-51.8556],[-74.1774,-51.866],[-74.2019,-51.871],[-74.2217,-51.8722],[-74.182,-51.8835],[-74.1608,-51.8864],[-74.1391,-51.8853],[-74.1022,-51.8735],[-74.0963,-51.8774],[-74.105,-51.8996],[-74.1124,-51.9113],[-74.136,-51.9397],[-74.1459,-51.9474],[-74.1673,-51.9511],[-74.1947,-51.9503],[-74.2218,-51.9461],[-74.2422,-51.9406],[-74.2515,-51.9273],[-74.2598,-51.921],[-74.2838,-51.9133],[-74.2975,-51.9153],[-74.3064,-51.9129],[-74.3104,-51.903],[-74.3136,-51.8987],[-74.3213,-51.8956],[-74.3303,-51.8933],[-74.3695,-51.8913],[-74.381,-51.8844],[-74.3856,-51.8688],[-74.3921,-51.8635],[-74.4346,-51.8449]]],[[[-73.7897,-51.735],[-73.7784,-51.7488],[-73.7712,-51.7657],[-73.7716,-51.781],[-73.7828,-51.7897],[-73.7903,-51.7839],[-73.7985,-51.78],[-73.8074,-51.7775],[-73.817,-51.7766],[-73.8062,-51.7927],[-73.7948,-51.8054],[-73.7954,-51.8139],[-73.8207,-51.8171],[-73.8388,-51.8126],[-73.8554,-51.8014],[-73.8675,-51.7872],[-73.8765,-51.7599],[-73.8868,-51.7402],[-73.8992,-51.7223],[-73.9098,-51.7146],[-73.9298,-51.7088],[-73.9387,-51.6949],[-73.9408,-51.6779],[-73.9405,-51.6632],[-73.9304,-51.6564],[-73.9081,-51.6629],[-73.8722,-51.6804],[-73.8597,-51.6845],[-73.854,-51.6833],[-73.8506,-51.6839],[-73.8449,-51.6935],[-73.8446,-51.7026],[-73.8533,-51.7201],[-73.8517,-51.7282],[-73.8398,-51.7331],[-73.8065,-51.7284],[-73.7897,-51.735]]],[[[-74.8898,-52.002],[-74.904,-52.0068],[-74.9011,-52.0182],[-74.8917,-52.0319],[-74.8864,-52.0431],[-74.9495,-52.1106],[-74.9642,-52.1176],[-74.9752,-52.1119],[-74.9739,-52.0997],[-74.9479,-52.0566],[-74.9906,-52.0922],[-75.014,-52.1041],[-75.0236,-52.0846],[-75.0069,-52.0759],[-74.9923,-52.0656],[-74.9811,-52.0528],[-74.9752,-52.0362],[-74.9945,-52.0417],[-75.0069,-52.0362],[-75.0162,-52.0271],[-75.036,-52.0182],[-75.0512,-52.0077],[-75.0653,-51.9946],[-75.0714,-51.9821],[-75.0626,-51.969],[-75.0247,-51.966],[-75.0162,-51.9511],[-75.0092,-51.9465],[-74.9777,-51.9358],[-74.969,-51.9269],[-74.9888,-51.9282],[-75.0077,-51.9332],[-75.0244,-51.9333],[-75.0372,-51.9207],[-75.0082,-51.8868],[-74.9841,-51.8419],[-74.9575,-51.8156],[-74.9205,-51.8375],[-74.9335,-51.8564],[-74.9147,-51.864],[-74.8849,-51.8687],[-74.8653,-51.8791],[-74.8577,-51.8669],[-74.8384,-51.8483],[-74.8319,-51.8375],[-74.8541,-51.8381],[-74.8675,-51.8318],[-74.8682,-51.82],[-74.8523,-51.8034],[-74.8743,-51.7922],[-74.8829,-51.7839],[-74.8864,-51.773],[-74.8821,-51.7649],[-74.8713,-51.7643],[-74.8578,-51.7653],[-74.8448,-51.7624],[-74.8448,-51.7555],[-74.86,-51.7483],[-74.8645,-51.7355],[-74.861,-51.7206],[-74.8523,-51.7072],[-74.8641,-51.7013],[-74.8761,-51.7011],[-74.8882,-51.7022],[-74.9001,-51.7009],[-74.8947,-51.6886],[-74.8918,-51.6842],[-74.8864,-51.6804],[-74.8864,-51.673],[-74.9222,-51.6559],[-74.9252,-51.636],[-74.9034,-51.621],[-74.8653,-51.6183],[-74.8728,-51.6252],[-74.8651,-51.6325],[-74.8564,-51.6381],[-74.838,-51.6457],[-74.8228,-51.6332],[-74.8072,-51.6342],[-74.7934,-51.6443],[-74.7834,-51.6594],[-74.7904,-51.6794],[-74.7772,-51.7138],[-74.7908,-51.7282],[-74.776,-51.738],[-74.7714,-51.7519],[-74.7694,-51.7677],[-74.7629,-51.7829],[-74.7702,-51.7844],[-74.7828,-51.7888],[-74.7908,-51.7897],[-74.7847,-51.8063],[-74.7876,-51.8193],[-74.7937,-51.8303],[-74.8025,-51.8574],[-74.8263,-51.8815],[-74.8319,-51.8962],[-74.8317,-51.9299],[-74.8343,-51.9474],[-74.8414,-51.9548],[-74.8572,-51.9622],[-74.8787,-51.9946],[-74.8898,-52.002]]],[[[-73.9439,-51.7413],[-73.9368,-51.7439],[-73.9314,-51.7503],[-73.928,-51.7582],[-73.9268,-51.7658],[-73.9285,-51.7763],[-73.933,-51.7795],[-73.9396,-51.78],[-73.9798,-51.7971],[-74.0146,-51.7997],[-74.0496,-51.7934],[-74.2322,-51.7072],[-74.2406,-51.6985],[-74.2356,-51.6819],[-74.2191,-51.6713],[-74.1937,-51.6804],[-74.1833,-51.6677],[-74.1691,-51.6679],[-74.1536,-51.671],[-74.1391,-51.6668],[-74.1325,-51.6546],[-74.1341,-51.6399],[-74.1408,-51.6257],[-74.1496,-51.615],[-74.1496,-51.6042],[-74.1236,-51.6032],[-74.0909,-51.6056],[-74.0714,-51.6048],[-74.101,-51.5651],[-74.105,-51.5533],[-74.0981,-51.539],[-74.0821,-51.5382],[-74.0638,-51.5458],[-74.0497,-51.5569],[-74.0422,-51.5688],[-74.0359,-51.5842],[-74.0315,-51.6004],[-74.0299,-51.615],[-74.0255,-51.6301],[-74.015,-51.6427],[-73.9927,-51.6632],[-73.9889,-51.6778],[-73.9976,-51.6907],[-74.0077,-51.7026],[-74.0088,-51.7146],[-74.0017,-51.7209],[-73.9932,-51.7211],[-73.984,-51.7199],[-73.9753,-51.7214],[-73.9471,-51.7384],[-73.9439,-51.7413]]],[[[-74.1971,-51.4267],[-74.2221,-51.4216],[-74.2386,-51.4096],[-74.2405,-51.394],[-74.2217,-51.3788],[-74.2482,-51.3714],[-74.26,-51.3531],[-74.2629,-51.3279],[-74.2626,-51.3],[-74.2546,-51.2908],[-74.2364,-51.2911],[-74.2167,-51.2939],[-74.2043,-51.2927],[-74.1929,-51.2864],[-74.178,-51.2835],[-74.1651,-51.287],[-74.1597,-51.3],[-74.1584,-51.3089],[-74.1551,-51.3185],[-74.1459,-51.3378],[-74.1385,-51.3484],[-74.1185,-51.3704],[-74.1124,-51.3788],[-74.1078,-51.4013],[-74.1097,-51.428],[-74.1194,-51.4474],[-74.1379,-51.4475],[-74.1589,-51.4189],[-74.1671,-51.4135],[-74.1764,-51.4133],[-74.1866,-51.4239],[-74.1971,-51.4267]]],[[[-75.0236,-51.331],[-75.0121,-51.336],[-75.0035,-51.3419],[-74.9982,-51.3499],[-74.9962,-51.3617],[-74.9972,-51.3747],[-75.0006,-51.3904],[-75.0067,-51.4047],[-75.0162,-51.4135],[-75.0313,-51.4118],[-75.0522,-51.4044],[-75.0708,-51.4006],[-75.0788,-51.4098],[-75.0811,-51.4269],[-75.0873,-51.434],[-75.0959,-51.4382],[-75.1061,-51.447],[-75.1095,-51.4547],[-75.1093,-51.4614],[-75.1084,-51.4669],[-75.1095,-51.471],[-75.116,-51.4732],[-75.1239,-51.4716],[-75.1306,-51.468],[-75.1334,-51.4641],[-75.1359,-51.4506],[-75.142,-51.4392],[-75.1507,-51.4309],[-75.1608,-51.4267],[-75.1577,-51.4506],[-75.1382,-51.5035],[-75.1334,-51.5328],[-75.1418,-51.565],[-75.1624,-51.5732],[-75.189,-51.5654],[-75.2154,-51.5495],[-75.2209,-51.5748],[-75.2086,-51.592],[-75.2058,-51.6017],[-75.2392,-51.6048],[-75.2519,-51.6076],[-75.2894,-51.6279],[-75.3013,-51.6313],[-75.3075,-51.6314],[-75.3129,-51.6292],[-75.3173,-51.6222],[-75.3176,-51.6132],[-75.3166,-51.6039],[-75.317,-51.5954],[-75.319,-51.5908],[-75.3238,-51.5822],[-75.3253,-51.5774],[-75.323,-51.5719],[-75.3147,-51.5431],[-75.3147,-51.5366],[-75.306,-51.5344],[-75.2961,-51.5299],[-75.2869,-51.5241],[-75.2806,-51.5191],[-75.2704,-51.5129],[-75.2469,-51.5073],[-75.2359,-51.5017],[-75.2253,-51.4907],[-75.2244,-51.4828],[-75.2277,-51.4758],[-75.2296,-51.4675],[-75.2206,-51.4128],[-75.2163,-51.4036],[-75.2048,-51.3891],[-75.2,-51.3862],[-75.1942,-51.3842],[-75.1894,-51.3813],[-75.1874,-51.3754],[-75.1903,-51.3679],[-75.1966,-51.3664],[-75.2035,-51.3668],[-75.2079,-51.3652],[-75.2145,-51.3497],[-75.2208,-51.3266],[-75.2198,-51.3054],[-75.2048,-51.2962],[-75.1851,-51.2887],[-75.1632,-51.274],[-75.1424,-51.2638],[-75.126,-51.2702],[-75.1261,-51.2862],[-75.1424,-51.34],[-75.1545,-51.3637],[-75.1488,-51.3671],[-75.1387,-51.3661],[-75.1298,-51.3617],[-75.1241,-51.3526],[-75.1172,-51.3274],[-75.1129,-51.3175],[-75.1116,-51.3112],[-75.1118,-51.3043],[-75.11,-51.2985],[-75.1024,-51.2962],[-75.0924,-51.2984],[-75.085,-51.303],[-75.0794,-51.3077],[-75.0751,-51.31],[-75.0717,-51.3127],[-75.0633,-51.3261],[-75.0577,-51.331],[-75.0497,-51.3322],[-75.0317,-51.33],[-75.0236,-51.331]]],[[[-73.7931,-51.2587],[-73.7652,-51.2822],[-73.7549,-51.2976],[-73.7589,-51.3137],[-73.7669,-51.3292],[-73.7718,-51.3476],[-73.7789,-51.3635],[-73.7937,-51.371],[-73.8026,-51.3686],[-73.81,-51.3653],[-73.8151,-51.36],[-73.817,-51.3515],[-73.8303,-51.3574],[-73.8435,-51.3609],[-73.8572,-51.3615],[-73.8722,-51.3583],[-73.8812,-51.3537],[-73.8904,-51.3456],[-73.8956,-51.3352],[-73.8927,-51.3242],[-73.88,-51.3283],[-73.8594,-51.3244],[-73.8385,-51.3152],[-73.8245,-51.3036],[-73.8754,-51.3136],[-73.9001,-51.3137],[-73.9206,-51.3036],[-73.9001,-51.2807],[-73.8647,-51.2587],[-73.8253,-51.248],[-73.7931,-51.2587]]],[[[-74.739,-51.3686],[-74.7908,-51.4197],[-74.7834,-51.4267],[-74.7987,-51.4323],[-74.8319,-51.4387],[-74.8663,-51.4413],[-74.9063,-51.4533],[-74.9203,-51.4526],[-74.9332,-51.4493],[-74.9455,-51.4489],[-74.9581,-51.457],[-74.9712,-51.4684],[-74.9854,-51.4745],[-75.0005,-51.4747],[-75.0162,-51.4675],[-75.0242,-51.4562],[-75.0179,-51.4428],[-75.0032,-51.4313],[-74.9676,-51.4221],[-74.8703,-51.3775],[-74.8553,-51.3674],[-74.8414,-51.3549],[-74.8284,-51.3464],[-74.8124,-51.339],[-74.7983,-51.33],[-74.7908,-51.3175],[-74.9218,-51.3637],[-74.9513,-51.3617],[-74.9638,-51.3437],[-74.9628,-51.3294],[-74.9518,-51.3167],[-74.9342,-51.3036],[-74.9103,-51.2923],[-74.862,-51.2839],[-74.838,-51.2758],[-74.8363,-51.2551],[-74.8176,-51.2298],[-74.7931,-51.2112],[-74.7738,-51.2106],[-74.7604,-51.214],[-74.7445,-51.2082],[-74.7286,-51.1992],[-74.7151,-51.1938],[-74.6969,-51.1959],[-74.6777,-51.2014],[-74.6593,-51.2042],[-74.6431,-51.197],[-74.6019,-51.206],[-74.5557,-51.2504],[-74.549,-51.2844],[-74.6263,-51.2621],[-74.6239,-51.2809],[-74.5799,-51.3183],[-74.578,-51.3378],[-74.5665,-51.3411],[-74.5567,-51.3466],[-74.5491,-51.3546],[-74.5438,-51.3652],[-74.5942,-51.3995],[-74.6232,-51.407],[-74.6462,-51.3925],[-74.6453,-51.3879],[-74.6421,-51.3796],[-74.6402,-51.3702],[-74.6431,-51.3617],[-74.6507,-51.3552],[-74.6661,-51.3451],[-74.6735,-51.3378],[-74.6795,-51.3279],[-74.6845,-51.3146],[-74.6874,-51.2991],[-74.6872,-51.2833],[-74.6992,-51.2944],[-74.7076,-51.309],[-74.7179,-51.3141],[-74.7356,-51.2962],[-74.7421,-51.3071],[-74.7407,-51.3166],[-74.7343,-51.3255],[-74.7253,-51.3344],[-74.7246,-51.3412],[-74.7284,-51.3515],[-74.734,-51.3619],[-74.739,-51.3686]]],[[[-74.8653,-51.1215],[-74.8636,-51.1287],[-74.8608,-51.1362],[-74.8602,-51.1438],[-74.8653,-51.1523],[-74.8769,-51.1585],[-74.8915,-51.1603],[-74.9208,-51.1591],[-74.942,-51.1614],[-75.0039,-51.176],[-75.0205,-51.1728],[-75.0227,-51.1619],[-75.0162,-51.1476],[-75.0067,-51.1336],[-74.9989,-51.1244],[-74.9899,-51.1165],[-74.9798,-51.11],[-74.969,-51.1044],[-74.9448,-51.1013],[-74.91,-51.1031],[-74.8788,-51.11],[-74.8653,-51.1215]]],[[[-74.4203,-51.1113],[-74.3945,-51.1222],[-74.3854,-51.1437],[-74.3899,-51.1694],[-74.4051,-51.1926],[-74.4142,-51.2004],[-74.4239,-51.2052],[-74.4342,-51.2058],[-74.4449,-51.2013],[-74.4556,-51.1918],[-74.46,-51.1889],[-74.4751,-51.1819],[-74.5204,-51.1687],[-74.5509,-51.1659],[-74.5744,-51.1549],[-74.5914,-51.1292],[-74.6017,-51.1005],[-74.6052,-51.0803],[-74.5028,-51.0219],[-74.4861,-51.0213],[-74.4704,-51.0256],[-74.4589,-51.0341],[-74.4544,-51.0458],[-74.4603,-51.0621],[-74.4735,-51.0691],[-74.4874,-51.0654],[-74.4954,-51.0492],[-74.5127,-51.0595],[-74.5211,-51.0782],[-74.5195,-51.0964],[-74.5063,-51.1044],[-74.4969,-51.1052],[-74.473,-51.1106],[-74.4542,-51.1198],[-74.4424,-51.1178],[-74.4308,-51.1132],[-74.4203,-51.1113]]],[[[-74.2489,-51.2348],[-74.2626,-51.2415],[-74.276,-51.2433],[-74.2846,-51.2356],[-74.2838,-51.2143],[-74.2838,-51.214],[-74.2854,-51.1965],[-74.2898,-51.1794],[-74.3162,-51.1101],[-74.3329,-51.0322],[-74.3341,-51.0152],[-74.3309,-50.9946],[-74.3231,-50.9736],[-74.3218,-50.9648],[-74.3247,-50.9537],[-74.3306,-50.9472],[-74.3387,-50.943],[-74.3468,-50.9369],[-74.352,-50.9257],[-74.3227,-50.9216],[-74.3013,-50.9392],[-74.2882,-50.9682],[-74.2838,-50.998],[-74.2762,-51.0239],[-74.2435,-51.0693],[-74.2274,-51.1308],[-74.1969,-51.1754],[-74.2006,-51.2001],[-74.2094,-51.2092],[-74.2489,-51.2348]]],[[[-74.3856,-50.9811],[-74.3794,-51.0037],[-74.3803,-51.0275],[-74.3893,-51.0383],[-74.4072,-51.0219],[-74.405,-51.0374],[-74.3952,-51.0631],[-74.393,-51.0803],[-74.3983,-51.0868],[-74.41,-51.0785],[-74.4218,-51.0623],[-74.4322,-51.0309],[-74.4447,-51.0144],[-74.4606,-51.0009],[-74.4755,-50.9946],[-74.4894,-50.9973],[-74.5364,-51.0219],[-74.5771,-51.032],[-74.6155,-51.0356],[-74.6344,-51.0401],[-74.6362,-51.0519],[-74.6304,-51.0683],[-74.6263,-51.0871],[-74.7083,-51.1044],[-74.7255,-51.1051],[-74.7396,-51.1015],[-74.75,-51.0925],[-74.756,-51.0764],[-74.7414,-51.0733],[-74.7369,-51.0646],[-74.7405,-51.0534],[-74.7499,-51.0424],[-74.7309,-51.0356],[-74.7098,-51.033],[-74.6915,-51.0266],[-74.681,-51.0082],[-74.7448,-51.01],[-74.7595,-51.0048],[-74.7746,-50.9933],[-74.7762,-51.0024],[-74.7746,-51.0212],[-74.7803,-51.039],[-74.8001,-51.0654],[-74.8123,-51.074],[-74.8319,-51.0764],[-74.8337,-51.0748],[-74.8653,-51.0636],[-74.884,-51.0605],[-74.8899,-51.0575],[-74.8932,-51.0492],[-74.838,-50.9742],[-74.8528,-50.9706],[-74.8581,-50.9706],[-74.8653,-50.9742],[-74.8783,-50.9661],[-74.8894,-50.9609],[-74.9005,-50.9588],[-74.9137,-50.9605],[-74.9238,-50.9675],[-74.9336,-50.9777],[-74.9452,-50.9828],[-74.9615,-50.9742],[-74.9665,-50.9636],[-74.9664,-50.9499],[-74.9622,-50.936],[-74.9547,-50.9257],[-74.9444,-50.921],[-74.9309,-50.9192],[-74.9001,-50.9195],[-74.9309,-50.8946],[-74.928,-50.8878],[-74.9032,-50.8854],[-74.8787,-50.8863],[-74.6959,-50.9177],[-74.6605,-50.9332],[-74.6537,-50.9238],[-74.6445,-50.9192],[-74.6346,-50.9197],[-74.6255,-50.9249],[-74.5973,-50.8953],[-74.5848,-50.8854],[-74.6405,-50.8854],[-74.6567,-50.8748],[-74.6431,-50.8478],[-74.6209,-50.8377],[-74.569,-50.8329],[-74.5581,-50.8171],[-74.5901,-50.8215],[-74.6068,-50.8116],[-74.6177,-50.7942],[-74.6326,-50.7761],[-74.678,-50.7463],[-74.6793,-50.7353],[-74.6605,-50.7277],[-74.5506,-50.7516],[-74.5389,-50.7634],[-74.4873,-50.7822],[-74.4755,-50.7997],[-74.4662,-50.8238],[-74.4444,-50.8284],[-74.4193,-50.8297],[-74.3998,-50.8444],[-74.3949,-50.8698],[-74.4042,-50.8903],[-74.4346,-50.9257],[-74.4183,-50.9342],[-74.404,-50.9501],[-74.3856,-50.9811]]],[[[-74.9063,-50.7966],[-74.9477,-50.78],[-74.9616,-50.7692],[-74.9479,-50.7625],[-74.959,-50.7283],[-74.9263,-50.7254],[-74.8448,-50.7482],[-74.8541,-50.7311],[-74.8944,-50.7161],[-74.9063,-50.7004],[-74.9011,-50.676],[-74.8776,-50.6818],[-74.8319,-50.7072],[-74.8224,-50.6955],[-74.8279,-50.6782],[-74.8285,-50.6651],[-74.8045,-50.6663],[-74.7424,-50.7072],[-74.7534,-50.7201],[-74.7535,-50.7331],[-74.7515,-50.745],[-74.756,-50.7551],[-74.7469,-50.7703],[-74.7238,-50.7903],[-74.7151,-50.8028],[-74.7772,-50.8028],[-74.7593,-50.8168],[-74.7414,-50.8243],[-74.7274,-50.8338],[-74.7219,-50.8547],[-74.7182,-50.8615],[-74.7102,-50.8538],[-74.703,-50.8421],[-74.7015,-50.8376],[-74.6735,-50.8102],[-74.6605,-50.8239],[-74.6785,-50.8717],[-74.693,-50.8901],[-74.7151,-50.8854],[-74.782,-50.882],[-74.8448,-50.8712],[-74.8593,-50.8663],[-74.8817,-50.8552],[-74.8932,-50.8513],[-74.9086,-50.8508],[-74.9208,-50.8532],[-74.9313,-50.851],[-74.9416,-50.8376],[-74.9241,-50.8307],[-74.8591,-50.8239],[-74.8803,-50.817],[-74.9041,-50.8151],[-74.9261,-50.8108],[-74.9416,-50.7966],[-74.9063,-50.7966]]],[[[-74.9815,-50.7978],[-74.9814,-50.8001],[-74.9847,-50.8033],[-74.9999,-50.8116],[-75.0055,-50.8136],[-75.0071,-50.8139],[-75.0168,-50.8128],[-75.0371,-50.8059],[-75.0678,-50.7912],[-75.0751,-50.7897],[-75.0839,-50.7836],[-75.0968,-50.7547],[-75.1024,-50.745],[-75.1125,-50.7325],[-75.1131,-50.7213],[-75.1059,-50.7123],[-75.0924,-50.7072],[-75.0792,-50.7105],[-75.0668,-50.7184],[-75.0552,-50.7208],[-75.0441,-50.7072],[-75.0627,-50.6916],[-75.0804,-50.6711],[-75.0817,-50.6549],[-75.0515,-50.6526],[-75.0439,-50.6549],[-75.038,-50.6584],[-75.0267,-50.6694],[-75.0201,-50.6729],[-75.015,-50.6715],[-75.0115,-50.6681],[-75.0099,-50.6663],[-75.0011,-50.6619],[-74.9923,-50.6555],[-74.9854,-50.6572],[-74.9827,-50.6762],[-74.9847,-50.6896],[-74.9941,-50.7111],[-74.9962,-50.7243],[-74.9962,-50.7587],[-74.9991,-50.7812],[-74.9965,-50.7921],[-74.9857,-50.7966],[-74.9845,-50.7966],[-74.9824,-50.7971],[-74.9815,-50.7978]]],[[[-74.6087,-50.5148],[-74.5841,-50.5309],[-74.6027,-50.5631],[-74.6405,-50.5864],[-74.6735,-50.5769],[-74.6714,-50.5569],[-74.6846,-50.532],[-74.681,-50.5148],[-74.6665,-50.5031],[-74.6476,-50.5045],[-74.6273,-50.5109],[-74.6087,-50.5148]]],[[[-75.126,-50.4943],[-75.1053,-50.4958],[-75.0974,-50.4972],[-75.0989,-50.5024],[-75.1117,-50.5237],[-75.1199,-50.5336],[-75.1295,-50.5427],[-75.1396,-50.549],[-75.1551,-50.551],[-75.1664,-50.5496],[-75.1745,-50.553],[-75.1807,-50.57],[-75.1881,-50.5639],[-75.1964,-50.5597],[-75.2054,-50.5571],[-75.2154,-50.5564],[-75.2036,-50.5808],[-75.2025,-50.593],[-75.2154,-50.5969],[-75.2461,-50.5973],[-75.2689,-50.5898],[-75.3008,-50.5566],[-75.3215,-50.549],[-75.3456,-50.5607],[-75.2709,-50.6205],[-75.2904,-50.6458],[-75.2974,-50.6384],[-75.3048,-50.6458],[-75.2825,-50.6529],[-75.272,-50.6576],[-75.2632,-50.6663],[-75.275,-50.6755],[-75.2808,-50.6811],[-75.283,-50.6862],[-75.2843,-50.6935],[-75.2812,-50.6995],[-75.2775,-50.7092],[-75.2823,-50.7161],[-75.3048,-50.714],[-75.3048,-50.7209],[-75.29,-50.7283],[-75.2791,-50.7398],[-75.2746,-50.7541],[-75.2789,-50.7701],[-75.2906,-50.7818],[-75.3079,-50.7895],[-75.3251,-50.789],[-75.336,-50.7765],[-75.3362,-50.7707],[-75.3324,-50.7576],[-75.3314,-50.7516],[-75.3363,-50.7408],[-75.3465,-50.7463],[-75.3563,-50.7573],[-75.3594,-50.7625],[-75.3865,-50.7721],[-75.4106,-50.7724],[-75.4618,-50.7625],[-75.458,-50.754],[-75.4519,-50.7478],[-75.4438,-50.7438],[-75.4339,-50.742],[-75.4486,-50.7238],[-75.455,-50.7123],[-75.4516,-50.7072],[-75.4385,-50.706],[-75.4239,-50.7021],[-75.412,-50.6946],[-75.4071,-50.6833],[-75.4071,-50.6738],[-75.4089,-50.6713],[-75.4823,-50.6751],[-75.4966,-50.6725],[-75.5076,-50.6656],[-75.5143,-50.6568],[-75.5138,-50.6491],[-75.5033,-50.6458],[-75.4864,-50.6461],[-75.4758,-50.6443],[-75.4703,-50.6373],[-75.4686,-50.6213],[-75.456,-50.6064],[-75.4269,-50.6041],[-75.373,-50.611],[-75.3751,-50.6065],[-75.378,-50.5953],[-75.3799,-50.5905],[-75.3594,-50.5905],[-75.3769,-50.5724],[-75.3903,-50.5525],[-75.4069,-50.5382],[-75.4339,-50.5359],[-75.432,-50.5312],[-75.4295,-50.5197],[-75.4276,-50.5148],[-75.4415,-50.5148],[-75.453,-50.5115],[-75.4621,-50.5047],[-75.4686,-50.4943],[-75.4604,-50.4913],[-75.4522,-50.4894],[-75.4342,-50.4881],[-75.4242,-50.4838],[-75.4166,-50.4645],[-75.4038,-50.4601],[-75.382,-50.464],[-75.3707,-50.4736],[-75.3631,-50.4867],[-75.3526,-50.5012],[-75.3415,-50.4879],[-75.3376,-50.4749],[-75.3309,-50.4665],[-75.3116,-50.4671],[-75.2999,-50.4738],[-75.2892,-50.4944],[-75.2768,-50.5012],[-75.2689,-50.5001],[-75.2616,-50.4955],[-75.2567,-50.4907],[-75.2563,-50.4881],[-75.2494,-50.4907],[-75.2424,-50.495],[-75.2374,-50.4994],[-75.2359,-50.5012],[-75.2306,-50.503],[-75.2275,-50.5055],[-75.2235,-50.5079],[-75.2154,-50.5086],[-75.2076,-50.5064],[-75.2037,-50.5021],[-75.2006,-50.4975],[-75.1949,-50.4943],[-75.1625,-50.4924],[-75.126,-50.4943]]],[[[-74.3104,-50.8342],[-74.3222,-50.8459],[-74.348,-50.8421],[-74.3738,-50.8274],[-74.3856,-50.8066],[-74.3968,-50.7914],[-74.4169,-50.7761],[-74.4248,-50.7615],[-74.3998,-50.7482],[-74.4331,-50.7434],[-74.483,-50.742],[-74.5171,-50.7316],[-74.5028,-50.7004],[-74.5382,-50.6926],[-74.5438,-50.6902],[-74.547,-50.6822],[-74.5677,-50.6557],[-74.5812,-50.6336],[-74.5702,-50.62],[-74.5301,-50.6042],[-74.5273,-50.5989],[-74.5239,-50.5896],[-74.5195,-50.5807],[-74.5134,-50.5769],[-74.4653,-50.57],[-74.4612,-50.5657],[-74.4687,-50.5441],[-74.4687,-50.5359],[-74.4596,-50.5305],[-74.4464,-50.5279],[-74.4322,-50.5275],[-74.4203,-50.5285],[-74.4315,-50.5207],[-74.444,-50.5156],[-74.4569,-50.5153],[-74.4687,-50.5222],[-74.4874,-50.5131],[-74.5015,-50.5092],[-74.5605,-50.507],[-74.5796,-50.5014],[-74.5951,-50.4908],[-74.6052,-50.4738],[-74.6209,-50.4792],[-74.6396,-50.4819],[-74.6583,-50.4806],[-74.6735,-50.4738],[-74.6536,-50.4653],[-74.6106,-50.4386],[-74.595,-50.4329],[-74.5696,-50.4294],[-74.5525,-50.4239],[-74.5372,-50.4246],[-74.5171,-50.4397],[-74.5097,-50.4494],[-74.5045,-50.4588],[-74.4986,-50.4671],[-74.4892,-50.4738],[-74.4767,-50.4763],[-74.4308,-50.4738],[-74.4103,-50.468],[-74.3961,-50.4581],[-74.3831,-50.456],[-74.3656,-50.4738],[-74.3563,-50.4907],[-74.3475,-50.5117],[-74.3327,-50.5773],[-74.3187,-50.592],[-74.2838,-50.611],[-74.2711,-50.6243],[-74.239,-50.6762],[-74.2493,-50.6801],[-74.3446,-50.6663],[-74.3865,-50.6511],[-74.4088,-50.6469],[-74.4271,-50.6526],[-74.4026,-50.6643],[-74.344,-50.6721],[-74.3105,-50.6891],[-74.2982,-50.6921],[-74.288,-50.6977],[-74.2838,-50.7106],[-74.2781,-50.7204],[-74.2652,-50.7206],[-74.2424,-50.714],[-74.2226,-50.7216],[-74.2035,-50.7399],[-74.1886,-50.7624],[-74.1813,-50.7823],[-74.1807,-50.808],[-74.1861,-50.8331],[-74.1992,-50.8483],[-74.2367,-50.8411],[-74.2427,-50.8054],[-74.2564,-50.7897],[-74.2694,-50.7866],[-74.2777,-50.7893],[-74.2863,-50.7941],[-74.3155,-50.8007],[-74.3174,-50.8105],[-74.3104,-50.8342]]],[[[-74.7834,-50.4806],[-74.7776,-50.4612],[-74.7663,-50.444],[-74.7356,-50.4124],[-74.744,-50.4093],[-74.7629,-50.3987],[-74.7367,-50.3718],[-74.696,-50.3624],[-74.6087,-50.3639],[-74.5996,-50.3663],[-74.5801,-50.3761],[-74.5677,-50.3782],[-74.5494,-50.3782],[-74.5446,-50.3821],[-74.5438,-50.3919],[-74.555,-50.4037],[-74.5789,-50.4098],[-74.6263,-50.4124],[-74.6263,-50.4186],[-74.623,-50.428],[-74.6287,-50.4396],[-74.6409,-50.4493],[-74.6567,-50.4533],[-74.675,-50.4544],[-74.6845,-50.4578],[-74.7203,-50.4894],[-74.7304,-50.4931],[-74.7462,-50.4943],[-74.7768,-50.4933],[-74.7853,-50.4894],[-74.7834,-50.4806]]],[[[-75.0406,-50.2895],[-75.0593,-50.2978],[-75.0756,-50.3137],[-75.0941,-50.3244],[-75.1198,-50.3168],[-75.1163,-50.3235],[-75.1137,-50.3327],[-75.1149,-50.3408],[-75.1229,-50.3442],[-75.135,-50.3464],[-75.14,-50.352],[-75.1425,-50.3586],[-75.1465,-50.3639],[-75.1707,-50.3782],[-75.1808,-50.3808],[-75.1847,-50.3871],[-75.1868,-50.3948],[-75.1912,-50.4018],[-75.2033,-50.4157],[-75.2113,-50.4278],[-75.2229,-50.4365],[-75.2461,-50.4397],[-75.3056,-50.4323],[-75.3212,-50.4275],[-75.3242,-50.4192],[-75.3251,-50.4098],[-75.3232,-50.4003],[-75.3178,-50.3919],[-75.2765,-50.3738],[-75.2738,-50.3708],[-75.2537,-50.3625],[-75.2302,-50.3429],[-75.1949,-50.3025],[-75.2145,-50.304],[-75.2426,-50.3137],[-75.2701,-50.3276],[-75.297,-50.3464],[-75.3078,-50.3474],[-75.3136,-50.3434],[-75.3082,-50.3333],[-75.2906,-50.322],[-75.2852,-50.3154],[-75.2904,-50.3088],[-75.3046,-50.3053],[-75.3117,-50.3111],[-75.3169,-50.3211],[-75.3253,-50.3298],[-75.3364,-50.3338],[-75.3459,-50.3333],[-75.3563,-50.3312],[-75.3696,-50.3298],[-75.3909,-50.3381],[-75.4117,-50.3546],[-75.4327,-50.3674],[-75.4549,-50.3639],[-75.4609,-50.35],[-75.4451,-50.2766],[-75.4374,-50.2688],[-75.4276,-50.2634],[-75.4009,-50.258],[-75.4041,-50.2499],[-75.4215,-50.235],[-75.4202,-50.2224],[-75.4162,-50.2164],[-75.4113,-50.2126],[-75.4071,-50.207],[-75.3975,-50.1716],[-75.3905,-50.1623],[-75.3671,-50.1474],[-75.3479,-50.1452],[-75.2974,-50.1591],[-75.2679,-50.1586],[-75.2598,-50.1623],[-75.2561,-50.1702],[-75.2593,-50.178],[-75.2662,-50.184],[-75.2738,-50.1865],[-75.3176,-50.1886],[-75.3392,-50.1928],[-75.3526,-50.2008],[-75.3319,-50.219],[-75.3189,-50.2262],[-75.3082,-50.2241],[-75.2947,-50.2175],[-75.2861,-50.2258],[-75.2792,-50.2394],[-75.2706,-50.2486],[-75.2562,-50.2497],[-75.2423,-50.2458],[-75.2279,-50.2441],[-75.2117,-50.2516],[-75.198,-50.2563],[-75.1793,-50.2558],[-75.1465,-50.2486],[-75.1567,-50.2214],[-75.1449,-50.197],[-75.1273,-50.1708],[-75.1198,-50.1388],[-75.1648,-50.1616],[-75.188,-50.1642],[-75.2151,-50.1555],[-75.2267,-50.1485],[-75.2461,-50.1281],[-75.2587,-50.1235],[-75.2909,-50.1269],[-75.3048,-50.1251],[-75.3215,-50.1127],[-75.338,-50.0966],[-75.3575,-50.0826],[-75.3833,-50.0766],[-75.3864,-50.0717],[-75.3979,-50.0478],[-75.4004,-50.0392],[-75.3948,-50.032],[-75.3817,-50.0329],[-75.3658,-50.0358],[-75.3526,-50.0357],[-75.3431,-50.0284],[-75.3301,-50.0071],[-75.3253,-50.0016],[-75.3129,-50.0004],[-75.297,-50.0029],[-75.2857,-50.009],[-75.2874,-50.0182],[-75.2916,-50.0289],[-75.2873,-50.0397],[-75.2804,-50.0499],[-75.2768,-50.0593],[-75.2715,-50.0671],[-75.2596,-50.0602],[-75.2335,-50.032],[-75.2296,-50.0289],[-75.2272,-50.0307],[-75.2017,-50.0357],[-75.1715,-50.0234],[-75.1571,-50.0214],[-75.1287,-50.0296],[-75.1247,-50.0485],[-75.131,-50.0694],[-75.1334,-50.0834],[-75.1218,-50.093],[-75.1094,-50.0883],[-75.0968,-50.0794],[-75.085,-50.0766],[-75.0791,-50.0827],[-75.0554,-50.1232],[-75.0521,-50.1252],[-75.0441,-50.1251],[-75.0352,-50.1213],[-75.0326,-50.1149],[-75.0321,-50.1082],[-75.0298,-50.1039],[-75.0158,-50.1003],[-75.0003,-50.0979],[-74.9878,-50.0925],[-74.9827,-50.08],[-74.9772,-50.0722],[-74.9652,-50.0724],[-74.9533,-50.0798],[-74.9479,-50.094],[-74.9521,-50.1088],[-74.9627,-50.1163],[-74.9888,-50.1251],[-75.0714,-50.1796],[-75.0714,-50.1865],[-75.051,-50.1856],[-75.0367,-50.1832],[-74.9929,-50.1669],[-74.9801,-50.1652],[-74.9479,-50.1653],[-74.943,-50.1668],[-74.9336,-50.1725],[-74.928,-50.1728],[-74.9237,-50.1697],[-74.9202,-50.1609],[-74.9171,-50.1591],[-74.9011,-50.1526],[-74.8932,-50.1516],[-74.8783,-50.1549],[-74.8695,-50.1583],[-74.8605,-50.1552],[-74.8448,-50.1388],[-74.8507,-50.1347],[-74.8534,-50.1303],[-74.8555,-50.1247],[-74.8591,-50.1176],[-74.815,-50.1189],[-74.7997,-50.1254],[-74.7908,-50.1456],[-74.7937,-50.1699],[-74.8159,-50.1955],[-74.8113,-50.2138],[-74.8339,-50.2195],[-74.9424,-50.2201],[-74.9513,-50.2241],[-74.9528,-50.2332],[-74.9506,-50.2458],[-74.9522,-50.2568],[-74.9815,-50.2659],[-75.0176,-50.2851],[-75.0406,-50.2895]]],[[[-75.4481,-49.775],[-75.4755,-49.7814],[-75.4899,-49.7867],[-75.5065,-49.7955],[-75.5206,-49.8007],[-75.5402,-49.8082],[-75.5428,-49.8236],[-75.5441,-49.8367],[-75.5741,-49.8474],[-75.6174,-49.8642],[-75.6349,-49.8279],[-75.6203,-49.8095],[-75.6355,-49.7817],[-75.6268,-49.7563],[-75.5885,-49.7457],[-75.555,-49.7343],[-75.5253,-49.7397],[-75.5108,-49.7182],[-75.5214,-49.7051],[-75.5404,-49.7043],[-75.5635,-49.7075],[-75.5867,-49.688],[-75.5829,-49.6657],[-75.5815,-49.6427],[-75.6135,-49.6364],[-75.5741,-49.6127],[-75.563,-49.5998],[-75.548,-49.589],[-75.5294,-49.5862],[-75.5119,-49.5883],[-75.4975,-49.5835],[-75.4988,-49.5739],[-75.5087,-49.5638],[-75.5044,-49.557],[-75.4951,-49.5574],[-75.4852,-49.5647],[-75.4722,-49.5727],[-75.4586,-49.5708],[-75.4462,-49.5788],[-75.4338,-49.5829],[-75.4115,-49.5849],[-75.3942,-49.591],[-75.3816,-49.6032],[-75.3553,-49.6102],[-75.3453,-49.6357],[-75.3285,-49.652],[-75.3116,-49.6725],[-75.3075,-49.6801],[-75.3011,-49.6988],[-75.2974,-49.7067],[-75.2914,-49.7096],[-75.2825,-49.711],[-75.2742,-49.7148],[-75.2694,-49.7272],[-75.2669,-49.7311],[-75.2643,-49.7366],[-75.2632,-49.7442],[-75.2536,-49.7604],[-75.2113,-49.7927],[-75.2017,-49.8122],[-75.1779,-49.8842],[-75.1807,-49.9054],[-75.193,-49.8913],[-75.2073,-49.8847],[-75.2221,-49.8798],[-75.2359,-49.8712],[-75.2471,-49.8561],[-75.2532,-49.8435],[-75.2628,-49.8346],[-75.2843,-49.8295],[-75.276,-49.8414],[-75.2694,-49.8572],[-75.2648,-49.874],[-75.2632,-49.8879],[-75.2704,-49.898],[-75.2865,-49.8951],[-75.3031,-49.8859],[-75.3116,-49.8774],[-75.3397,-49.8596],[-75.3673,-49.8289],[-75.3757,-49.7986],[-75.3458,-49.7818],[-75.3662,-49.7203],[-75.373,-49.7203],[-75.3845,-49.7482],[-75.4313,-49.7584],[-75.4481,-49.775]]],[[[-75.5213,-49.3791],[-75.506,-49.3869],[-75.4895,-49.4031],[-75.4706,-49.4031],[-75.4612,-49.4186],[-75.4672,-49.4347],[-75.4685,-49.4493],[-75.4591,-49.4586],[-75.4448,-49.4502],[-75.4353,-49.4571],[-75.4294,-49.4664],[-75.4343,-49.4802],[-75.4331,-49.4894],[-75.4308,-49.5017],[-75.4404,-49.5178],[-75.4511,-49.5185],[-75.4558,-49.5101],[-75.4664,-49.4977],[-75.4925,-49.4954],[-75.4995,-49.4853],[-75.5125,-49.4784],[-75.5314,-49.4645],[-75.5443,-49.4529],[-75.5371,-49.4406],[-75.5182,-49.4391],[-75.5016,-49.4384],[-75.5026,-49.4215],[-75.5168,-49.4145],[-75.5358,-49.4214],[-75.5476,-49.4113],[-75.5415,-49.3906],[-75.5213,-49.3791]]],[[[-74.9032,-49.0768],[-74.8905,-49.0955],[-74.8949,-49.1376],[-74.9137,-49.2057],[-74.9157,-49.2514],[-74.9205,-49.2726],[-74.9357,-49.2805],[-74.9491,-49.2771],[-74.9627,-49.2706],[-75.0128,-49.2377],[-75.06,-49.1965],[-75.0788,-49.1723],[-75.0743,-49.1681],[-75.0695,-49.1658],[-75.0641,-49.1652],[-75.0577,-49.1655],[-75.0898,-49.1584],[-75.2017,-49.1723],[-75.2017,-49.1655],[-75.167,-49.145],[-75.1305,-49.1368],[-75.1198,-49.1313],[-75.1576,-49.1286],[-75.2039,-49.1409],[-75.2356,-49.145],[-75.2296,-49.117],[-75.2203,-49.1061],[-75.1584,-49.051],[-75.1393,-49.0463],[-75.0987,-49.0488],[-75.108,-49.0441],[-75.1158,-49.0382],[-75.1218,-49.0307],[-75.126,-49.0214],[-75.1125,-49.0241],[-75.0954,-49.0299],[-75.0792,-49.0375],[-75.0534,-49.0548],[-75.0148,-49.0706],[-74.9997,-49.0798],[-74.9901,-49.0766],[-74.9833,-49.0309],[-74.972,-49.0317],[-74.9168,-49.0705],[-74.9032,-49.0768]]],[[[-75.558,-49.2473],[-75.568,-49.2444],[-75.588,-49.2421],[-75.6351,-49.2289],[-75.6515,-49.2195],[-75.661,-49.2057],[-75.6498,-49.2048],[-75.639,-49.2053],[-75.629,-49.2077],[-75.6201,-49.2126],[-75.6301,-49.1847],[-75.6073,-49.1511],[-75.5687,-49.1227],[-75.5307,-49.1108],[-75.5511,-49.145],[-75.5356,-49.1389],[-75.505,-49.1326],[-75.4966,-49.1244],[-75.5051,-49.1281],[-75.5102,-49.1288],[-75.5238,-49.1244],[-75.4838,-49.1003],[-75.4632,-49.091],[-75.4481,-49.0964],[-75.4412,-49.0852],[-75.4224,-49.0719],[-75.414,-49.0624],[-75.4339,-49.0606],[-75.443,-49.0556],[-75.441,-49.0453],[-75.4276,-49.0283],[-75.407,-49.0077],[-75.3943,-48.9981],[-75.3513,-48.9855],[-75.3373,-48.9894],[-75.3314,-49.0109],[-75.338,-49.0235],[-75.3665,-49.0408],[-75.373,-49.0562],[-75.3485,-49.0481],[-75.3379,-49.0466],[-75.3253,-49.0488],[-75.313,-49.0554],[-75.3035,-49.0651],[-75.2874,-49.0866],[-75.2932,-49.1067],[-75.3159,-49.1335],[-75.3389,-49.1464],[-75.3458,-49.1244],[-75.3893,-49.1791],[-75.4038,-49.1866],[-75.4205,-49.1813],[-75.4217,-49.1679],[-75.4132,-49.1501],[-75.4004,-49.1313],[-75.4152,-49.1349],[-75.422,-49.1453],[-75.4264,-49.1589],[-75.4339,-49.1723],[-75.4401,-49.1757],[-75.4544,-49.176],[-75.4618,-49.1791],[-75.4686,-49.2057],[-75.4717,-49.2089],[-75.4749,-49.2101],[-75.4785,-49.2128],[-75.4822,-49.22],[-75.482,-49.2243],[-75.4791,-49.228],[-75.4762,-49.2326],[-75.4761,-49.2399],[-75.4827,-49.2541],[-75.4938,-49.2634],[-75.508,-49.268],[-75.5238,-49.2678],[-75.5333,-49.2639],[-75.549,-49.2524],[-75.558,-49.2473]]],[[[-75.2154,-49.0146],[-75.2076,-49.0346],[-75.2132,-49.0527],[-75.2281,-49.0661],[-75.2486,-49.072],[-75.276,-49.0632],[-75.2921,-49.0392],[-75.3151,-48.9655],[-75.3139,-48.9573],[-75.3165,-48.9537],[-75.3314,-48.9526],[-75.3517,-48.9651],[-75.3639,-48.9667],[-75.373,-48.9526],[-75.3753,-48.9636],[-75.3799,-48.968],[-75.3863,-48.9698],[-75.3942,-48.9731],[-75.3998,-48.9744],[-75.4119,-48.9737],[-75.4177,-48.9767],[-75.4208,-48.9811],[-75.4258,-48.9911],[-75.4276,-48.9941],[-75.4651,-49.0364],[-75.4792,-49.0419],[-75.4993,-49.0392],[-75.5206,-49.0314],[-75.5333,-49.0195],[-75.5273,-49.0041],[-75.5099,-48.9918],[-75.4932,-48.9826],[-75.4788,-48.9711],[-75.4686,-48.9526],[-75.4868,-48.9521],[-75.5053,-48.9631],[-75.5242,-48.9773],[-75.5438,-48.9866],[-75.5696,-48.9895],[-75.5974,-48.9877],[-75.6244,-48.9804],[-75.6474,-48.9669],[-75.6566,-48.9519],[-75.6586,-48.9323],[-75.6549,-48.9111],[-75.6474,-48.8912],[-75.6337,-48.8723],[-75.6147,-48.8587],[-75.5966,-48.858],[-75.5853,-48.8774],[-75.5784,-48.8608],[-75.5682,-48.8525],[-75.5546,-48.8531],[-75.5375,-48.8632],[-75.5407,-48.8337],[-75.5232,-48.8354],[-75.4956,-48.8459],[-75.4686,-48.8427],[-75.4796,-48.8571],[-75.521,-48.8971],[-75.5273,-48.9081],[-75.5111,-48.9086],[-75.4867,-48.8977],[-75.4646,-48.8836],[-75.4549,-48.8741],[-75.4459,-48.8622],[-75.4256,-48.8429],[-75.4049,-48.8277],[-75.3942,-48.829],[-75.3973,-48.8385],[-75.4063,-48.8497],[-75.4168,-48.8591],[-75.4245,-48.8632],[-75.4265,-48.8684],[-75.4268,-48.8784],[-75.4216,-48.8842],[-75.4071,-48.8774],[-75.4014,-48.8928],[-75.3924,-48.9067],[-75.379,-48.9161],[-75.3594,-48.9184],[-75.3833,-48.8796],[-75.3867,-48.8669],[-75.3793,-48.8522],[-75.362,-48.8503],[-75.3284,-48.857],[-75.306,-48.8649],[-75.2849,-48.8842],[-75.2693,-48.9079],[-75.2606,-48.9396],[-75.2402,-48.9869],[-75.2381,-48.9967],[-75.2359,-49.0009],[-75.2306,-49.006],[-75.2196,-49.0114],[-75.2154,-49.0146]]],[[[-75.1058,-48.9699],[-75.136,-48.9708],[-75.1652,-48.986],[-75.194,-48.9957],[-75.223,-48.9789],[-75.2365,-48.956],[-75.2471,-48.9246],[-75.2489,-48.8933],[-75.2359,-48.8707],[-75.253,-48.8687],[-75.2681,-48.8625],[-75.2808,-48.8532],[-75.2904,-48.8427],[-75.3039,-48.8162],[-75.3091,-48.8014],[-75.3082,-48.7949],[-75.2749,-48.7971],[-75.2106,-48.8118],[-75.1208,-48.8498],[-75.0914,-48.8707],[-75.0788,-48.8946],[-75.0824,-48.9045],[-75.0907,-48.9145],[-75.1009,-48.9223],[-75.1095,-48.9252],[-75.1262,-48.9195],[-75.1356,-48.9177],[-75.1396,-48.9218],[-75.1371,-48.9293],[-75.1305,-48.9343],[-75.1218,-48.9373],[-75.1129,-48.9389],[-75.0787,-48.9294],[-75.0644,-48.9483],[-75.0728,-48.9703],[-75.1058,-48.9699]]],[[[-75.1983,-49.7712],[-75.2067,-49.7604],[-75.2093,-49.753],[-75.2051,-49.7161],[-75.2069,-49.7084],[-75.2154,-49.6993],[-75.2279,-49.6925],[-75.2521,-49.6869],[-75.2632,-49.6794],[-75.2598,-49.6734],[-75.253,-49.6579],[-75.2495,-49.652],[-75.2838,-49.6403],[-75.2939,-49.6384],[-75.2972,-49.633],[-75.2982,-49.621],[-75.2953,-49.6091],[-75.2874,-49.6037],[-75.2662,-49.5994],[-75.2528,-49.5886],[-75.2359,-49.5558],[-75.2541,-49.5632],[-75.2808,-49.5647],[-75.3054,-49.5602],[-75.3178,-49.549],[-75.3102,-49.5379],[-75.2694,-49.5095],[-75.2563,-49.4938],[-75.2721,-49.4993],[-75.3219,-49.5112],[-75.3352,-49.5112],[-75.3488,-49.4964],[-75.3468,-49.4874],[-75.3366,-49.4773],[-75.3253,-49.4596],[-75.3507,-49.4596],[-75.362,-49.4614],[-75.373,-49.4665],[-75.3755,-49.4568],[-75.3721,-49.449],[-75.3594,-49.4323],[-75.383,-49.4347],[-75.4067,-49.4273],[-75.4232,-49.4111],[-75.4325,-49.3849],[-75.4408,-49.3694],[-75.4549,-49.3498],[-75.4579,-49.3425],[-75.4629,-49.3381],[-75.4673,-49.3327],[-75.4686,-49.3224],[-75.462,-49.3066],[-75.4469,-49.2912],[-75.4272,-49.2795],[-75.4071,-49.2747],[-75.3833,-49.2805],[-75.369,-49.295],[-75.3575,-49.3141],[-75.3309,-49.3469],[-75.2887,-49.4161],[-75.2053,-49.4791],[-75.167,-49.5012],[-75.1756,-49.485],[-75.1925,-49.467],[-75.2016,-49.4506],[-75.1874,-49.4391],[-75.2209,-49.426],[-75.2597,-49.4015],[-75.2883,-49.3708],[-75.2917,-49.3401],[-75.3074,-49.3297],[-75.3205,-49.3154],[-75.3258,-49.2988],[-75.3178,-49.2814],[-75.3234,-49.2636],[-75.3061,-49.2546],[-75.2803,-49.2547],[-75.2598,-49.2641],[-75.1852,-49.3473],[-75.1772,-49.3604],[-75.1707,-49.3671],[-75.1522,-49.3777],[-75.1339,-49.3797],[-75.0924,-49.3703],[-75.1089,-49.3639],[-75.1456,-49.3585],[-75.1608,-49.3498],[-75.1684,-49.338],[-75.1874,-49.2952],[-75.1874,-49.2883],[-75.16,-49.2941],[-75.1112,-49.3194],[-75.0987,-49.3088],[-75.103,-49.2994],[-75.1114,-49.2856],[-75.1125,-49.2732],[-75.0956,-49.2678],[-75.0665,-49.2685],[-75.05,-49.2664],[-75.0372,-49.2604],[-75.0549,-49.2494],[-75.0726,-49.2346],[-75.0864,-49.2172],[-75.0924,-49.1996],[-75.0669,-49.2097],[-75.0031,-49.2678],[-74.953,-49.2966],[-74.9302,-49.3142],[-74.9205,-49.3331],[-74.9193,-49.3455],[-74.9149,-49.3596],[-74.9065,-49.3683],[-74.8932,-49.364],[-74.8864,-49.3122],[-74.8851,-49.2546],[-74.8732,-49.2328],[-74.8448,-49.2399],[-74.8688,-49.2254],[-74.8762,-49.2162],[-74.879,-49.2027],[-74.8759,-49.1912],[-74.868,-49.1837],[-74.857,-49.1796],[-74.8448,-49.1791],[-74.8448,-49.1723],[-74.8573,-49.1629],[-74.8564,-49.1518],[-74.8481,-49.1406],[-74.838,-49.1313],[-74.8455,-49.127],[-74.8505,-49.1222],[-74.8591,-49.1108],[-74.8463,-49.1062],[-74.8331,-49.1044],[-74.8045,-49.1039],[-74.9547,-49.0071],[-74.9369,-48.9986],[-74.8569,-48.9765],[-74.845,-48.9797],[-74.8182,-49.0071],[-74.8187,-48.9744],[-74.8236,-48.9504],[-74.8376,-48.9395],[-74.8653,-48.9464],[-74.9132,-48.9734],[-74.9417,-48.9851],[-74.969,-48.9866],[-74.9642,-48.9768],[-74.9615,-48.9731],[-74.9863,-48.9674],[-74.9833,-48.9529],[-74.9547,-48.9184],[-74.9875,-48.9201],[-75.0038,-48.9182],[-75.0162,-48.9116],[-75.021,-48.9005],[-75.0152,-48.8918],[-75.0023,-48.8863],[-74.9857,-48.8842],[-74.9723,-48.881],[-74.9442,-48.8664],[-74.8838,-48.8483],[-74.8728,-48.8427],[-74.9161,-48.8451],[-74.9645,-48.8622],[-75.0118,-48.8732],[-75.0515,-48.857],[-75.0611,-48.837],[-75.058,-48.8167],[-75.0455,-48.8012],[-75.0267,-48.7949],[-74.9986,-48.8063],[-74.9752,-48.8106],[-74.9625,-48.8159],[-74.9504,-48.8224],[-74.9416,-48.829],[-74.9447,-48.8219],[-74.9482,-48.8185],[-74.9526,-48.8161],[-74.9581,-48.8119],[-74.972,-48.7897],[-74.9709,-48.7853],[-74.972,-48.7823],[-74.9972,-48.7807],[-75.0032,-48.7787],[-75.0099,-48.7743],[-74.985,-48.759],[-74.8778,-48.7194],[-74.8675,-48.7123],[-74.8485,-48.6956],[-74.8303,-48.6895],[-74.8201,-48.7023],[-74.8079,-48.7365],[-74.7948,-48.7472],[-74.7931,-48.7403],[-74.796,-48.7257],[-74.797,-48.713],[-74.7917,-48.6988],[-74.7833,-48.6878],[-74.7716,-48.6808],[-74.7563,-48.6782],[-74.6966,-48.6799],[-74.681,-48.685],[-74.6678,-48.6964],[-74.661,-48.7096],[-74.6643,-48.7209],[-74.681,-48.7267],[-74.6649,-48.7304],[-74.6352,-48.719],[-74.6227,-48.7228],[-74.6188,-48.7341],[-74.6256,-48.7455],[-74.6351,-48.7576],[-74.64,-48.7709],[-74.6376,-48.7825],[-74.6276,-48.8072],[-74.6263,-48.8154],[-74.6347,-48.8276],[-74.6593,-48.843],[-74.6673,-48.857],[-74.6512,-48.8575],[-74.6348,-48.8552],[-74.6209,-48.8504],[-74.6121,-48.8427],[-74.61,-48.8326],[-74.6093,-48.8149],[-74.6108,-48.7966],[-74.6155,-48.7848],[-74.6163,-48.7634],[-74.5976,-48.7356],[-74.5699,-48.7126],[-74.5438,-48.7062],[-74.5255,-48.7228],[-74.5226,-48.7524],[-74.5301,-48.8119],[-74.5301,-48.8669],[-74.5379,-48.8818],[-74.5531,-48.8909],[-74.5639,-48.901],[-74.5581,-48.9184],[-74.5287,-48.9059],[-74.5058,-48.9057],[-74.4885,-48.9189],[-74.4755,-48.9464],[-74.4741,-48.9744],[-74.4866,-48.9963],[-74.5071,-49.0136],[-74.5301,-49.0283],[-74.5071,-49.0395],[-74.4946,-49.0577],[-74.4853,-49.0793],[-74.4618,-49.1193],[-74.4735,-49.1482],[-74.4687,-49.1723],[-74.4635,-49.1801],[-74.4525,-49.1918],[-74.4481,-49.1996],[-74.4448,-49.2131],[-74.4452,-49.2228],[-74.4471,-49.2319],[-74.4481,-49.2437],[-74.4458,-49.3023],[-74.4481,-49.3224],[-74.4665,-49.3798],[-74.4709,-49.4233],[-74.4768,-49.4426],[-74.4853,-49.4596],[-74.4954,-49.4739],[-74.5048,-49.4827],[-74.5292,-49.5007],[-74.5364,-49.508],[-74.5394,-49.5193],[-74.5343,-49.5239],[-74.527,-49.5283],[-74.5201,-49.5489],[-74.506,-49.5637],[-74.5028,-49.5729],[-74.5037,-49.5875],[-74.5067,-49.5934],[-74.5313,-49.609],[-74.5469,-49.616],[-74.5544,-49.621],[-74.5585,-49.6291],[-74.5565,-49.6492],[-74.5581,-49.6583],[-74.5703,-49.6681],[-74.5889,-49.6791],[-74.6038,-49.6935],[-74.6052,-49.7136],[-74.5933,-49.7242],[-74.5775,-49.7156],[-74.5619,-49.6994],[-74.5386,-49.6687],[-74.5348,-49.6419],[-74.5267,-49.6279],[-74.5083,-49.6203],[-74.484,-49.6231],[-74.4604,-49.6318],[-74.4445,-49.6418],[-74.4301,-49.6579],[-74.423,-49.6731],[-74.4205,-49.6896],[-74.4203,-49.7341],[-74.4237,-49.7449],[-74.4347,-49.7473],[-74.4582,-49.747],[-74.4686,-49.745],[-74.4833,-49.7364],[-74.4954,-49.734],[-74.5064,-49.735],[-74.5167,-49.7381],[-74.5364,-49.747],[-74.5135,-49.7576],[-74.4543,-49.7726],[-74.4346,-49.7887],[-74.432,-49.8098],[-74.4361,-49.8412],[-74.4445,-49.8704],[-74.4544,-49.8849],[-74.4604,-49.8615],[-74.4655,-49.8513],[-74.4755,-49.8432],[-74.4767,-49.8639],[-74.4894,-49.8694],[-74.5072,-49.8653],[-74.5233,-49.8569],[-74.5249,-49.8707],[-74.5162,-49.8842],[-74.5016,-49.8945],[-74.4855,-49.8985],[-74.4711,-49.907],[-74.4684,-49.9259],[-74.4742,-49.9445],[-74.4855,-49.9531],[-74.5035,-49.9555],[-74.5173,-49.9597],[-74.5315,-49.9605],[-74.5506,-49.9531],[-74.5959,-49.9197],[-74.6121,-49.9116],[-74.5477,-49.9732],[-74.5364,-49.9947],[-74.5632,-50.0042],[-74.6263,-50.0424],[-74.6413,-50.0471],[-74.6606,-50.0506],[-74.6799,-50.0502],[-74.6947,-50.0424],[-74.7007,-50.0285],[-74.6939,-50.0183],[-74.6822,-50.0082],[-74.6735,-49.9947],[-74.6873,-49.9988],[-74.7272,-50.0165],[-74.7356,-50.0251],[-74.7405,-50.0409],[-74.7528,-50.0504],[-74.7684,-50.0533],[-74.7834,-50.0492],[-74.8043,-50.0395],[-74.8163,-50.024],[-74.8171,-50.0055],[-74.8045,-49.9872],[-74.8214,-49.9894],[-74.8334,-49.998],[-74.8377,-50.0115],[-74.8319,-50.0289],[-74.8677,-50.0162],[-74.8563,-49.9913],[-74.8223,-49.9648],[-74.7397,-49.9218],[-74.7219,-49.919],[-74.7071,-49.9236],[-74.6778,-49.9445],[-74.6605,-49.9531],[-74.6805,-49.9284],[-74.7049,-49.9086],[-74.7346,-49.8991],[-74.7703,-49.9054],[-74.839,-49.9426],[-74.8812,-49.9589],[-74.9001,-49.9503],[-74.902,-49.9465],[-74.911,-49.9333],[-74.9137,-49.9259],[-74.9134,-49.9168],[-74.9077,-49.9033],[-74.9022,-49.8769],[-74.8912,-49.8679],[-74.8751,-49.8647],[-74.8557,-49.8644],[-74.8398,-49.8679],[-74.8209,-49.8744],[-74.8022,-49.8785],[-74.7872,-49.8743],[-74.7718,-49.8645],[-74.7423,-49.8525],[-74.7287,-49.8432],[-74.7918,-49.852],[-74.8227,-49.8512],[-74.838,-49.8364],[-74.8345,-49.8261],[-74.8251,-49.8126],[-74.8146,-49.8006],[-74.8079,-49.7955],[-74.7959,-49.7911],[-74.7811,-49.7814],[-74.7712,-49.7719],[-74.7738,-49.7675],[-74.807,-49.7644],[-74.8182,-49.7675],[-74.847,-49.7947],[-74.8558,-49.8014],[-74.8639,-49.8028],[-74.8729,-49.8029],[-74.879,-49.8017],[-74.8826,-49.797],[-74.89,-49.7608],[-74.89,-49.7494],[-74.8829,-49.7424],[-74.8653,-49.7415],[-74.8653,-49.734],[-74.8815,-49.7271],[-74.9015,-49.7117],[-74.9173,-49.6939],[-74.9205,-49.6794],[-74.9062,-49.6716],[-74.8856,-49.6775],[-74.8635,-49.6881],[-74.8448,-49.6936],[-74.8448,-49.6862],[-74.8827,-49.6606],[-74.8977,-49.6456],[-74.8932,-49.6316],[-74.892,-49.6144],[-74.8669,-49.6148],[-74.785,-49.6417],[-74.7701,-49.6447],[-74.7595,-49.6418],[-74.7485,-49.6355],[-74.7342,-49.633],[-74.7197,-49.634],[-74.7083,-49.6384],[-74.7184,-49.6253],[-74.7337,-49.6243],[-74.7508,-49.6261],[-74.7666,-49.621],[-74.7704,-49.6119],[-74.7584,-49.5899],[-74.756,-49.5763],[-74.7697,-49.5846],[-74.7785,-49.5935],[-74.7891,-49.6007],[-74.8079,-49.6037],[-74.828,-49.6023],[-74.8468,-49.5978],[-74.864,-49.5895],[-74.879,-49.5763],[-74.8861,-49.5646],[-74.8907,-49.5486],[-74.887,-49.5346],[-74.869,-49.5285],[-74.8631,-49.5235],[-74.8079,-49.4975],[-74.7919,-49.4815],[-74.7829,-49.4787],[-74.7492,-49.5153],[-74.7433,-49.5187],[-74.7421,-49.5107],[-74.7424,-49.4907],[-74.7467,-49.4747],[-74.7531,-49.4655],[-74.7526,-49.4577],[-74.7356,-49.446],[-74.7174,-49.4407],[-74.6781,-49.4387],[-74.6605,-49.4323],[-74.6795,-49.4269],[-74.6974,-49.4283],[-74.7156,-49.4316],[-74.7356,-49.4323],[-74.7162,-49.4104],[-74.6627,-49.3759],[-74.6462,-49.3498],[-74.6709,-49.3559],[-74.7287,-49.3913],[-74.7389,-49.3959],[-74.747,-49.398],[-74.7738,-49.3981],[-74.7838,-49.3953],[-74.7997,-49.382],[-74.8113,-49.3777],[-74.8039,-49.3917],[-74.7888,-49.405],[-74.7704,-49.4148],[-74.7529,-49.4186],[-74.7489,-49.4249],[-74.7646,-49.4382],[-74.7939,-49.4566],[-74.8174,-49.4763],[-74.8516,-49.4981],[-74.8802,-49.5036],[-74.8864,-49.4739],[-74.9001,-49.4885],[-74.91,-49.5115],[-74.9226,-49.5328],[-74.9447,-49.5422],[-74.9643,-49.5315],[-74.9632,-49.4846],[-74.9789,-49.4739],[-74.9877,-49.4793],[-74.9889,-49.491],[-74.9885,-49.5027],[-74.9925,-49.508],[-75.0044,-49.5109],[-75.0095,-49.5187],[-75.0106,-49.5295],[-75.0099,-49.5422],[-75.0028,-49.5802],[-75.012,-49.5899],[-75.0441,-49.59],[-75.037,-49.5988],[-75.0168,-49.6108],[-75.0099,-49.6179],[-75.0067,-49.6301],[-75.0093,-49.6393],[-75.0138,-49.6489],[-75.0162,-49.662],[-75.011,-49.676],[-74.9982,-49.6635],[-74.9816,-49.6427],[-74.9652,-49.6316],[-74.9529,-49.6409],[-74.9586,-49.6622],[-74.972,-49.685],[-74.9827,-49.6993],[-75.0133,-49.7257],[-75.0226,-49.7421],[-75.0162,-49.7613],[-75.0043,-49.7457],[-74.9927,-49.7376],[-74.9811,-49.7398],[-74.969,-49.7545],[-74.9658,-49.7604],[-74.9634,-49.7664],[-74.962,-49.7742],[-74.9615,-49.7853],[-74.9925,-49.8085],[-75.014,-49.8117],[-75.035,-49.819],[-75.0434,-49.8263],[-75.0267,-49.8295],[-75.0122,-49.8373],[-75.0084,-49.8561],[-75.0099,-49.8985],[-75.0219,-49.8952],[-75.0505,-49.8925],[-75.0611,-49.8879],[-75.0808,-49.8689],[-75.091,-49.8653],[-75.1095,-49.8644],[-75.1339,-49.8583],[-75.1493,-49.8429],[-75.1744,-49.8017],[-75.1983,-49.7712]]],[[[-75.085,-48.6373],[-75.072,-48.6378],[-75.0641,-48.6432],[-75.0599,-48.6544],[-75.0577,-48.6715],[-75.0607,-48.6994],[-75.0803,-48.7493],[-75.085,-48.7709],[-75.0889,-48.7826],[-75.0982,-48.7965],[-75.1094,-48.8092],[-75.1193,-48.8172],[-75.1322,-48.8201],[-75.1488,-48.8188],[-75.2147,-48.8019],[-75.232,-48.7947],[-75.2461,-48.7848],[-75.2491,-48.7668],[-75.2296,-48.7524],[-75.2019,-48.7431],[-75.1807,-48.7403],[-75.1807,-48.7328],[-75.183,-48.7189],[-75.1382,-48.6907],[-75.126,-48.6681],[-75.0935,-48.6425],[-75.085,-48.6373]]],[[[-75.0236,-48.6887],[-75.0182,-48.6811],[-75.0053,-48.6806],[-74.9752,-48.685],[-74.9917,-48.677],[-75.0032,-48.6681],[-75.0094,-48.6557],[-75.0099,-48.6373],[-74.9686,-48.6533],[-74.9473,-48.6554],[-74.8981,-48.6427],[-74.8722,-48.6452],[-74.8249,-48.6584],[-74.8249,-48.6645],[-74.852,-48.6762],[-74.928,-48.7192],[-74.9883,-48.7405],[-75.0231,-48.7446],[-75.0441,-48.7328],[-75.0405,-48.7189],[-75.0267,-48.7003],[-75.0236,-48.6887]]],[[[-73.0372,-54.4565],[-72.9728,-54.445],[-72.9576,-54.4466],[-72.9538,-54.4569],[-72.9653,-54.4668],[-72.9753,-54.487],[-72.9891,-54.4957],[-73.0129,-54.4901],[-73.039,-54.4858],[-73.057,-54.493],[-73.0857,-54.495],[-73.0983,-54.4858],[-73.0776,-54.4709],[-73.0547,-54.4561],[-73.0372,-54.4565]]],[[[-70.4026,-54.0786],[-70.3602,-54.0709],[-70.34,-54.0579],[-70.3133,-54.0528],[-70.2933,-54.0685],[-70.2912,-54.0933],[-70.2981,-54.126],[-70.3229,-54.1507],[-70.3497,-54.1559],[-70.4051,-54.1504],[-70.4671,-54.1241],[-70.5137,-54.0913],[-70.5048,-54.073],[-70.4805,-54.0692],[-70.4361,-54.0851],[-70.4026,-54.0786]]],[[[-70.6868,-52.8474],[-70.6317,-52.8327],[-70.6193,-52.8434],[-70.635,-52.8536],[-70.6492,-52.877],[-70.6763,-52.8948],[-70.7252,-52.9136],[-70.7644,-52.9155],[-70.7897,-52.9005],[-70.7695,-52.8878],[-70.7314,-52.8688],[-70.6868,-52.8474]]],[[[-74.4278,-52.5037],[-74.4153,-52.5049],[-74.3942,-52.5199],[-74.3821,-52.5431],[-74.362,-52.5717],[-74.3544,-52.5999],[-74.3493,-52.623],[-74.3693,-52.6292],[-74.4194,-52.6091],[-74.4598,-52.5901],[-74.482,-52.5708],[-74.4916,-52.5518],[-74.4665,-52.5356],[-74.4507,-52.5293],[-74.4278,-52.5037]]],[[[-74.4764,-52.3097],[-74.484,-52.3282],[-74.4691,-52.353],[-74.4879,-52.3768],[-74.4889,-52.3899],[-74.4523,-52.3948],[-74.4615,-52.4132],[-74.4619,-52.4376],[-74.4822,-52.4417],[-74.5087,-52.4258],[-74.5378,-52.4043],[-74.5364,-52.3687],[-74.5287,-52.3296],[-74.5082,-52.304],[-74.4764,-52.3097]]],[[[-73.8151,-51.8641],[-73.7904,-51.8535],[-73.779,-51.8347],[-73.7695,-51.8276],[-73.7392,-51.8323],[-73.7183,-51.8489],[-73.709,-51.883],[-73.6977,-51.9078],[-73.6998,-51.9431],[-73.7208,-51.9383],[-73.7113,-51.9572],[-73.7038,-51.976],[-73.7135,-51.996],[-73.7384,-52.0113],[-73.7671,-52.0053],[-73.8051,-51.9805],[-73.8371,-51.9439],[-73.8387,-51.9168],[-73.8768,-51.9014],[-73.9131,-51.9001],[-73.9436,-51.8929],[-73.951,-51.8681],[-73.9794,-51.8385],[-73.9659,-51.8186],[-73.9371,-51.8081],[-73.9007,-51.8036],[-73.8778,-51.8144],[-73.8607,-51.8309],[-73.8282,-51.8511],[-73.8151,-51.8641]]],[[[-74.359,-51.3379],[-74.3451,-51.3424],[-74.3287,-51.3578],[-74.3109,-51.3762],[-74.2965,-51.3954],[-74.3062,-51.4178],[-74.3356,-51.4268],[-74.3698,-51.4178],[-74.3965,-51.4131],[-74.4012,-51.3921],[-74.3935,-51.3736],[-74.412,-51.367],[-74.3963,-51.3487],[-74.3843,-51.3362],[-74.359,-51.3379]]],[[[-74.9703,-50.2875],[-74.9266,-50.2754],[-74.8893,-50.2949],[-74.9285,-50.3368],[-74.9625,-50.3583],[-74.9544,-50.3882],[-74.9763,-50.4329],[-75.0445,-50.476],[-75.1117,-50.469],[-75.1716,-50.4622],[-75.1685,-50.4304],[-75.1212,-50.3821],[-75.0717,-50.3475],[-74.9703,-50.2875]]],[[[-74.426,-49.6149],[-74.4353,-49.6028],[-74.4331,-49.5725],[-74.4402,-49.551],[-74.4341,-49.5343],[-74.4376,-49.5252],[-74.4637,-49.5089],[-74.4686,-49.5012],[-74.4668,-49.4934],[-74.4608,-49.4871],[-74.4535,-49.4811],[-74.4481,-49.4739],[-74.4449,-49.4651],[-74.4426,-49.4555],[-74.4407,-49.4357],[-74.4364,-49.427],[-74.427,-49.4265],[-74.4177,-49.4308],[-74.4134,-49.4357],[-74.4086,-49.448],[-74.397,-49.4518],[-74.3833,-49.4519],[-74.3718,-49.4534],[-74.3531,-49.4653],[-74.3069,-49.5187],[-74.299,-49.5323],[-74.2936,-49.5388],[-74.288,-49.5484],[-74.2931,-49.5546],[-74.3718,-49.5937],[-74.3795,-49.6061],[-74.397,-49.6184],[-74.4154,-49.6238],[-74.426,-49.6149]]]]}},{"type":"Feature","properties":{"id":"CHL-2705","name":"Maule","nameBn":"মউলে অঞ্চল","type":"Region","bounds":[-72.8043,-36.4855,-70.3573,-34.7609],"center":[-71.5811,-35.6067]},"geometry":{"type":"Polygon","coordinates":[[[-70.3724,-35.0274],[-70.3685,-35.0971],[-70.3866,-35.1667],[-70.5429,-35.2093],[-70.5789,-35.2597],[-70.5604,-35.2984],[-70.5207,-35.3096],[-70.4753,-35.3141],[-70.4398,-35.3322],[-70.4284,-35.3571],[-70.4406,-35.3668],[-70.4604,-35.371],[-70.4718,-35.3794],[-70.4692,-35.3947],[-70.4455,-35.4611],[-70.4311,-35.4778],[-70.4164,-35.4911],[-70.4082,-35.5062],[-70.4181,-35.5475],[-70.412,-35.5874],[-70.4123,-35.6074],[-70.4227,-35.6439],[-70.4215,-35.6597],[-70.3764,-35.7614],[-70.3616,-35.7831],[-70.3573,-35.8152],[-70.4202,-35.8684],[-70.4208,-35.9038],[-70.4124,-35.9081],[-70.3907,-35.9059],[-70.3837,-35.9132],[-70.3848,-35.9212],[-70.3915,-35.9274],[-70.3996,-35.9327],[-70.405,-35.9383],[-70.4126,-35.9573],[-70.4127,-35.9689],[-70.3837,-36.0305],[-70.3803,-36.046],[-70.3869,-36.0587],[-70.4043,-36.0744],[-70.4107,-36.0837],[-70.4227,-36.1166],[-70.4307,-36.1294],[-70.4351,-36.1363],[-70.4515,-36.1523],[-70.4711,-36.1625],[-70.4991,-36.1636],[-70.5453,-36.1428],[-70.5683,-36.139],[-70.5814,-36.1432],[-70.5885,-36.1502],[-70.5983,-36.1696],[-70.6003,-36.1752],[-70.6013,-36.1881],[-70.6044,-36.1946],[-70.6087,-36.1979],[-70.6199,-36.2023],[-70.6247,-36.2052],[-70.6616,-36.2446],[-70.675,-36.2524],[-70.6939,-36.2566],[-70.7031,-36.2601],[-70.7105,-36.2658],[-70.7149,-36.2753],[-70.7138,-36.2835],[-70.7116,-36.2917],[-70.7127,-36.3003],[-70.7297,-36.3255],[-70.7322,-36.3343],[-70.7291,-36.3469],[-70.7136,-36.3682],[-70.7086,-36.3799],[-70.7089,-36.4032],[-70.7186,-36.4146],[-70.8072,-36.4334],[-70.8143,-36.43],[-70.8203,-36.4246],[-70.8288,-36.4198],[-70.8686,-36.4046],[-70.8904,-36.4004],[-70.9078,-36.4052],[-70.9163,-36.4193],[-70.9233,-36.4567],[-70.935,-36.4726],[-70.9532,-36.4825],[-70.971,-36.4855],[-70.9896,-36.4833],[-71.01,-36.4775],[-71.0278,-36.4812],[-71.0291,-36.479],[-71.0419,-36.4644],[-71.055,-36.4444],[-71.0621,-36.4299],[-71.0692,-36.4191],[-71.0789,-36.4104],[-71.0917,-36.4053],[-71.1088,-36.4019],[-71.1281,-36.4022],[-71.1449,-36.4056],[-71.1575,-36.4107],[-71.2166,-36.4099],[-71.2343,-36.4164],[-71.2508,-36.418],[-71.4147,-36.4261],[-71.7287,-36.2879],[-71.7833,-36.2585],[-71.8153,-36.2397],[-71.8627,-36.2257],[-72.0506,-36.124],[-72.0673,-36.1215],[-72.0748,-36.1211],[-72.0804,-36.1216],[-72.0871,-36.125],[-72.126,-36.1737],[-72.1904,-36.1956],[-72.2998,-36.1944],[-72.383,-36.1874],[-72.4382,-36.146],[-72.4734,-36.075],[-72.4961,-36.0599],[-72.5848,-36.0441],[-72.6526,-36.029],[-72.6982,-36.0127],[-72.795,-36.0525],[-72.7991,-36.0531],[-72.7967,-36.0497],[-72.7897,-36.0285],[-72.79,-36.0191],[-72.7921,-36.0076],[-72.7956,-35.9978],[-72.8043,-35.9889],[-72.8002,-35.9781],[-72.7933,-35.9675],[-72.7801,-35.9526],[-72.6857,-35.8834],[-72.6718,-35.8659],[-72.6662,-35.8468],[-72.611,-35.8191],[-72.598,-35.8102],[-72.5836,-35.7706],[-72.5868,-35.7297],[-72.6007,-35.691],[-72.6492,-35.6074],[-72.6526,-35.5866],[-72.6466,-35.5666],[-72.6321,-35.5529],[-72.5387,-35.4988],[-72.5297,-35.4904],[-72.5052,-35.448],[-72.488,-35.4184],[-72.4907,-35.4046],[-72.4919,-35.3908],[-72.4894,-35.377],[-72.4813,-35.3632],[-72.4652,-35.3522],[-72.4471,-35.3454],[-72.4322,-35.3346],[-72.426,-35.3119],[-72.4245,-35.2888],[-72.4198,-35.2682],[-72.4112,-35.2497],[-72.3981,-35.2335],[-72.364,-35.2078],[-72.2882,-35.1686],[-72.2548,-35.1447],[-72.2306,-35.1161],[-72.2135,-35.0813],[-72.2034,-35.0406],[-72.1933,-34.9083],[-72.1878,-34.8855],[-72.1748,-34.867],[-72.159,-34.8493],[-72.1454,-34.8294],[-72.1318,-34.7844],[-72.1265,-34.7784],[-72.103,-34.7609],[-72.1012,-34.7609],[-72.0532,-34.7771],[-71.9879,-34.8111],[-71.9426,-34.8503],[-71.9299,-34.856],[-71.9118,-34.859],[-71.8576,-34.8619],[-71.8319,-34.8689],[-71.8181,-34.8753],[-71.7992,-34.8925],[-71.7678,-34.9326],[-71.7555,-34.9419],[-71.7368,-34.951],[-71.7213,-34.9514],[-71.7078,-34.9459],[-71.697,-34.9386],[-71.688,-34.9307],[-71.6696,-34.9247],[-71.6412,-34.9214],[-71.4443,-34.9301],[-71.418,-34.9253],[-71.3993,-34.9158],[-71.3903,-34.9043],[-71.3759,-34.8793],[-71.3691,-34.8721],[-71.3587,-34.8669],[-71.3518,-34.8626],[-71.3372,-34.8503],[-71.3257,-34.8452],[-71.2733,-34.854],[-71.2561,-34.8492],[-71.2157,-34.8282],[-71.1886,-34.8199],[-71.1705,-34.8184],[-71.1575,-34.8205],[-71.1524,-34.8234],[-71.1477,-34.8287],[-71.1408,-34.8409],[-71.1309,-34.8491],[-71.1147,-34.8563],[-71.0803,-34.8636],[-71.0536,-34.8725],[-71.0006,-34.9001],[-70.957,-34.9154],[-70.9203,-34.9221],[-70.8931,-34.923],[-70.8088,-34.9153],[-70.7851,-34.9199],[-70.7621,-34.9328],[-70.6805,-35.0005],[-70.6758,-35.0035],[-70.6662,-35.0083],[-70.6492,-35.014],[-70.6319,-35.0154],[-70.6149,-35.0141],[-70.5566,-35.0012],[-70.5388,-34.9993],[-70.5171,-34.9999],[-70.3724,-35.0274]]]}},{"type":"Feature","properties":{"id":"CHL-2698","name":"Región Metropolitana de Santiago","nameBn":"সান্তিয়াগো মেট্রোপলিটন অঞ্চল","type":"Region","bounds":[-71.7179,-34.2846,-69.7867,-32.958],"center":[-70.7527,-33.4568]},"geometry":{"type":"Polygon","coordinates":[[[-70.1061,-33.0526],[-70.1053,-33.0549],[-70.0955,-33.0713],[-70.0922,-33.0918],[-70.1098,-33.1494],[-70.1095,-33.1696],[-70.1008,-33.1869],[-70.0857,-33.2013],[-70.0518,-33.2253],[-70.0411,-33.239],[-70.01,-33.2991],[-69.9839,-33.2945],[-69.9406,-33.2429],[-69.9053,-33.2382],[-69.8697,-33.2496],[-69.8368,-33.2657],[-69.8139,-33.2895],[-69.8057,-33.3443],[-69.7877,-33.3794],[-69.7867,-33.3993],[-69.7945,-33.4147],[-69.8206,-33.4429],[-69.8309,-33.4582],[-69.8342,-33.4746],[-69.8381,-33.5211],[-69.8415,-33.5328],[-69.8493,-33.5365],[-69.8693,-33.5429],[-69.8753,-33.5474],[-69.8788,-33.558],[-69.8771,-33.5668],[-69.8738,-33.5755],[-69.8729,-33.586],[-69.8939,-33.6428],[-69.8954,-33.6623],[-69.8868,-33.6787],[-69.8597,-33.7114],[-69.86,-33.7264],[-69.8726,-33.7374],[-69.9065,-33.7603],[-69.9143,-33.7719],[-69.9148,-33.7935],[-69.8973,-33.8714],[-69.8986,-33.8889],[-69.9081,-33.9279],[-69.9096,-33.9557],[-69.9003,-33.959],[-69.8843,-33.9542],[-69.8656,-33.9577],[-69.8558,-33.9847],[-69.8554,-34.0312],[-69.864,-34.1075],[-69.8684,-34.1226],[-69.8724,-34.131],[-69.8732,-34.14],[-69.8686,-34.1567],[-69.8621,-34.1702],[-69.8373,-34.2093],[-69.8289,-34.2333],[-69.8328,-34.2432],[-69.9023,-34.2687],[-69.9048,-34.2738],[-69.9059,-34.2807],[-69.9116,-34.2846],[-69.9475,-34.2738],[-69.9682,-34.27],[-69.9892,-34.2691],[-70.0403,-34.277],[-70.0482,-34.2835],[-70.0607,-34.2434],[-70.0731,-34.2265],[-70.0898,-34.2091],[-70.1464,-34.1753],[-70.1557,-34.1579],[-70.1616,-34.142],[-70.1661,-34.1204],[-70.176,-34.0975],[-70.1888,-34.0815],[-70.2045,-34.0715],[-70.222,-34.0683],[-70.2651,-34.0721],[-70.2887,-34.0707],[-70.314,-34.06],[-70.3299,-34.0442],[-70.3397,-34.0253],[-70.3494,-33.9973],[-70.3681,-33.9673],[-70.3936,-33.9356],[-70.4134,-33.9157],[-70.4376,-33.9002],[-70.456,-33.8988],[-70.5865,-33.934],[-70.6194,-33.9375],[-70.6805,-33.9348],[-70.7022,-33.938],[-70.7154,-33.943],[-70.7267,-33.9489],[-70.7419,-33.9532],[-70.7614,-33.9568],[-70.7902,-33.9548],[-70.8032,-33.9552],[-70.8116,-33.9576],[-70.8136,-33.9648],[-70.8098,-33.9996],[-70.8094,-34.0014],[-70.8101,-34.0151],[-70.815,-34.0274],[-70.822,-34.0365],[-70.8335,-34.0467],[-70.8916,-34.0844],[-70.9086,-34.0981],[-70.9491,-34.151],[-70.9667,-34.1626],[-70.9876,-34.1733],[-71.0668,-34.1858],[-71.0948,-34.1858],[-71.1302,-34.1819],[-71.1558,-34.1754],[-71.1824,-34.1648],[-71.2982,-34.0869],[-71.3181,-34.0816],[-71.3327,-34.0871],[-71.3435,-34.0961],[-71.3564,-34.1041],[-71.3676,-34.1027],[-71.3784,-34.0978],[-71.4645,-34.047],[-71.5247,-34.0258],[-71.5444,-34.022],[-71.558,-34.0214],[-71.596,-34.0311],[-71.6046,-34.0348],[-71.6238,-34.0399],[-71.6728,-33.9992],[-71.7065,-33.9856],[-71.7121,-33.9814],[-71.7179,-33.9712],[-71.5973,-33.9136],[-71.584,-33.9052],[-71.573,-33.896],[-71.5198,-33.8364],[-71.4974,-33.8243],[-71.4754,-33.8187],[-71.4296,-33.815],[-71.411,-33.8081],[-71.4007,-33.7971],[-71.4013,-33.781],[-71.418,-33.751],[-71.421,-33.7298],[-71.4063,-33.7047],[-71.3902,-33.6901],[-71.3672,-33.6738],[-71.361,-33.6563],[-71.3598,-33.6295],[-71.3658,-33.5738],[-71.3667,-33.5127],[-71.4512,-33.4333],[-71.4615,-33.3851],[-71.4443,-33.3369],[-71.0656,-33.0579],[-71.0534,-33.0444],[-70.9672,-33.0098],[-70.952,-32.9986],[-70.9463,-32.9957],[-70.9183,-32.9849],[-70.893,-32.9817],[-70.8746,-32.981],[-70.7981,-32.9604],[-70.7427,-32.958],[-70.7017,-33.002],[-70.6765,-33.0133],[-70.6526,-32.9935],[-70.6162,-32.9736],[-70.4911,-33.0704],[-70.4801,-33.0709],[-70.4685,-33.0751],[-70.4058,-33.086],[-70.388,-33.1059],[-70.345,-33.139],[-70.3274,-33.1703],[-70.302,-33.1714],[-70.2429,-33.1222],[-70.151,-33.0581],[-70.1066,-33.0527],[-70.1061,-33.0526]]]}},{"type":"Feature","properties":{"id":"CHL-2693","name":"Tarapacá","nameBn":"তারাপাকা অঞ্চল","type":"Region","bounds":[-70.2884,-21.4536,-68.4476,-18.9465],"center":[-69.3683,-20.2427]},"geometry":{"type":"Polygon","coordinates":[[[-68.9896,-18.9465],[-68.974,-18.9562],[-68.9617,-18.9694],[-68.9432,-19.0012],[-68.9197,-19.0538],[-68.9085,-19.0679],[-68.8948,-19.0765],[-68.8474,-19.092],[-68.8154,-19.1133],[-68.7213,-19.1917],[-68.6985,-19.2156],[-68.6633,-19.2736],[-68.6357,-19.2906],[-68.6001,-19.3034],[-68.4932,-19.377],[-68.4726,-19.3955],[-68.455,-19.4154],[-68.4476,-19.4346],[-68.4561,-19.4412],[-68.4964,-19.4584],[-68.5102,-19.4716],[-68.5321,-19.5009],[-68.5321,-19.501],[-68.5767,-19.5646],[-68.631,-19.642],[-68.6486,-19.6603],[-68.6903,-19.6954],[-68.7032,-19.7155],[-68.7054,-19.7338],[-68.6984,-19.7463],[-68.6504,-19.7816],[-68.6189,-19.8134],[-68.6016,-19.8254],[-68.5708,-19.8376],[-68.5611,-19.8443],[-68.5535,-19.8579],[-68.5525,-19.8649],[-68.5515,-19.8944],[-68.5469,-19.9082],[-68.5429,-19.9142],[-68.5416,-19.9204],[-68.5446,-19.9348],[-68.5649,-19.9814],[-68.5661,-20.0009],[-68.5745,-20.0352],[-68.5793,-20.0454],[-68.5883,-20.0556],[-68.5972,-20.0567],[-68.6078,-20.0536],[-68.6221,-20.0513],[-68.6529,-20.0542],[-68.7755,-20.0897],[-68.7926,-20.1066],[-68.7895,-20.1259],[-68.759,-20.1441],[-68.7263,-20.151],[-68.7233,-20.161],[-68.7283,-20.1896],[-68.7295,-20.2287],[-68.718,-20.262],[-68.6785,-20.3286],[-68.7352,-20.3475],[-68.7577,-20.3643],[-68.769,-20.3905],[-68.7654,-20.4212],[-68.7507,-20.4518],[-68.7297,-20.4792],[-68.7076,-20.5009],[-68.6855,-20.5168],[-68.5833,-20.563],[-68.5363,-20.5918],[-68.5102,-20.6019],[-68.481,-20.6247],[-68.4816,-20.643],[-68.5502,-20.699],[-68.5651,-20.7195],[-68.5728,-20.7429],[-68.572,-20.8724],[-68.5551,-20.9139],[-68.5316,-20.9277],[-68.5316,-20.9278],[-68.546,-21.0252],[-68.5579,-21.0641],[-68.5626,-21.0693],[-68.5697,-21.0732],[-68.6535,-21.1006],[-68.6707,-21.1101],[-68.6902,-21.1244],[-68.703,-21.1383],[-68.7536,-21.2115],[-68.7738,-21.2297],[-68.7943,-21.2409],[-69.1214,-21.3373],[-69.3449,-21.4171],[-69.45,-21.4463],[-69.5059,-21.4446],[-69.5935,-21.4089],[-69.6038,-21.3991],[-69.6127,-21.3932],[-69.721,-21.3926],[-69.7327,-21.3868],[-69.7424,-21.3842],[-69.7512,-21.3853],[-69.7635,-21.3897],[-69.7721,-21.3915],[-69.7804,-21.3921],[-69.8134,-21.3895],[-69.8856,-21.413],[-69.9133,-21.4513],[-69.9257,-21.4535],[-69.9376,-21.4536],[-69.9579,-21.4494],[-69.9877,-21.4461],[-70.0585,-21.4485],[-70.0614,-21.4483],[-70.0587,-21.4334],[-70.0663,-21.4152],[-70.0829,-21.3913],[-70.0927,-21.3653],[-70.0941,-21.3455],[-70.0875,-21.3371],[-70.0822,-21.3273],[-70.0729,-21.3159],[-70.0687,-21.3058],[-70.0763,-21.2824],[-70.0778,-21.2636],[-70.0868,-21.2551],[-70.087,-21.2459],[-70.0831,-21.2403],[-70.0801,-21.2333],[-70.0836,-21.2258],[-70.0891,-21.2165],[-70.0952,-21.2032],[-70.0952,-21.1898],[-70.1103,-21.1737],[-70.1117,-21.1627],[-70.1183,-21.1401],[-70.1228,-21.1349],[-70.1276,-21.1301],[-70.1307,-21.124],[-70.1302,-21.1183],[-70.1278,-21.1129],[-70.1249,-21.1096],[-70.1233,-21.1103],[-70.1273,-21.0892],[-70.1401,-21.0765],[-70.1644,-21.0405],[-70.1713,-21.0146],[-70.1683,-20.997],[-70.1622,-20.9876],[-70.1501,-20.9628],[-70.1305,-20.9466],[-70.1275,-20.9353],[-70.1411,-20.9155],[-70.1366,-20.9007],[-70.1411,-20.8809],[-70.1478,-20.8674],[-70.154,-20.8562],[-70.1684,-20.842],[-70.1836,-20.8286],[-70.1942,-20.8158],[-70.2123,-20.8137],[-70.2138,-20.8116],[-70.1972,-20.8045],[-70.1904,-20.7918],[-70.2041,-20.7627],[-70.2056,-20.7394],[-70.1921,-20.7199],[-70.1921,-20.7131],[-70.1972,-20.7116],[-70.1994,-20.7101],[-70.2015,-20.7083],[-70.2058,-20.7062],[-70.1956,-20.6769],[-70.1942,-20.6446],[-70.2038,-20.542],[-70.2058,-20.5281],[-70.1989,-20.5159],[-70.1765,-20.4918],[-70.1714,-20.4762],[-70.1667,-20.4481],[-70.1716,-20.4216],[-70.1749,-20.4036],[-70.1889,-20.3796],[-70.1921,-20.3668],[-70.1869,-20.3543],[-70.1639,-20.3391],[-70.1457,-20.3304],[-70.1417,-20.3017],[-70.1369,-20.2941],[-70.1307,-20.2668],[-70.1605,-20.2209],[-70.1649,-20.2088],[-70.1623,-20.1965],[-70.1565,-20.1926],[-70.1496,-20.1891],[-70.1444,-20.1786],[-70.1452,-20.1716],[-70.1508,-20.1484],[-70.1512,-20.1376],[-70.1453,-20.1231],[-70.1271,-20.0917],[-70.1233,-20.0722],[-70.1254,-20.0662],[-70.1348,-20.0514],[-70.1369,-20.0416],[-70.1348,-20.0314],[-70.1256,-20.0097],[-70.1233,-19.9999],[-70.1249,-19.9782],[-70.1346,-19.9493],[-70.1381,-19.9162],[-70.1444,-19.8901],[-70.1429,-19.8793],[-70.137,-19.8605],[-70.1369,-19.8491],[-70.1586,-19.8185],[-70.1586,-19.7907],[-70.1493,-19.7372],[-70.1512,-19.7194],[-70.175,-19.6604],[-70.1779,-19.6402],[-70.1841,-19.6294],[-70.209,-19.6168],[-70.2382,-19.6033],[-70.2425,-19.5982],[-70.2144,-19.5964],[-70.2084,-19.5803],[-70.2027,-19.569],[-70.204,-19.5524],[-70.1996,-19.5344],[-70.2076,-19.4898],[-70.214,-19.4611],[-70.2261,-19.4369],[-70.2263,-19.4108],[-70.2406,-19.3733],[-70.266,-19.3347],[-70.2642,-19.3283],[-70.2608,-19.3235],[-70.2699,-19.3132],[-70.2821,-19.3038],[-70.2878,-19.301],[-70.2884,-19.2919],[-70.2826,-19.2732],[-70.2809,-19.2634],[-70.2822,-19.2234],[-70.2795,-19.2043],[-70.2662,-19.1784],[-70.2703,-19.1715],[-70.2696,-19.1711],[-70.2116,-19.1558],[-70.1675,-19.1293],[-70.1146,-19.1073],[-70.0661,-19.0676],[-70.0132,-19.0456],[-69.9603,-19.0323],[-69.9029,-19.0235],[-69.8544,-19.0014],[-69.7883,-18.9882],[-69.7133,-18.9882],[-69.6604,-18.9882],[-69.6295,-19.0014],[-69.5899,-19.0191],[-69.559,-19.0279],[-69.462,-19.0323],[-69.4002,-19.0543],[-69.3429,-19.0676],[-69.2988,-19.0896],[-69.2459,-19.094],[-69.193,-19.1029],[-69.1356,-19.0896],[-69.0783,-19.0499],[-69.0563,-19.0191],[-69.0254,-18.9882],[-68.9904,-18.9465],[-68.9896,-18.9465]]]}},{"type":"Feature","properties":{"id":"CHL-2699","name":"Valparaíso","nameBn":"বালপারাইসো অঞ্চল","type":"Region","bounds":[-109.4537,-33.9712,-70.0002,-26.266],"center":[-70.936,-32.4884]},"geometry":{"type":"MultiPolygon","coordinates":[[[[-70.2561,-32.3143],[-70.2424,-32.3303],[-70.2453,-32.404],[-70.2273,-32.4347],[-70.1885,-32.4536],[-70.1725,-32.4649],[-70.1608,-32.4853],[-70.1581,-32.5065],[-70.1598,-32.5252],[-70.1579,-32.5425],[-70.1377,-32.569],[-70.1471,-32.5721],[-70.1706,-32.5727],[-70.1759,-32.5805],[-70.1788,-32.589],[-70.1811,-32.6076],[-70.1804,-32.6302],[-70.1557,-32.7384],[-70.14,-32.7683],[-70.0873,-32.8233],[-70.0543,-32.8508],[-70.0368,-32.8597],[-70.0144,-32.8675],[-70.0002,-32.8766],[-70.0002,-32.889],[-70.0171,-32.9166],[-70.0243,-32.9348],[-70.0342,-32.977],[-70.0425,-32.9927],[-70.0565,-33.0013],[-70.0889,-33.0083],[-70.103,-33.0183],[-70.1112,-33.0384],[-70.1061,-33.0526],[-70.1066,-33.0527],[-70.151,-33.0581],[-70.2429,-33.1222],[-70.302,-33.1714],[-70.3274,-33.1703],[-70.345,-33.139],[-70.388,-33.1059],[-70.4058,-33.086],[-70.4685,-33.0751],[-70.4801,-33.0709],[-70.4911,-33.0704],[-70.6162,-32.9736],[-70.6526,-32.9935],[-70.6765,-33.0133],[-70.7017,-33.002],[-70.7427,-32.958],[-70.7981,-32.9604],[-70.8746,-32.981],[-70.893,-32.9817],[-70.9183,-32.9849],[-70.9463,-32.9957],[-70.952,-32.9986],[-70.9672,-33.0098],[-71.0534,-33.0444],[-71.0656,-33.0579],[-71.4443,-33.3369],[-71.4615,-33.3851],[-71.4512,-33.4333],[-71.3667,-33.5127],[-71.3658,-33.5738],[-71.3598,-33.6295],[-71.361,-33.6563],[-71.3672,-33.6738],[-71.3902,-33.6901],[-71.4063,-33.7047],[-71.421,-33.7298],[-71.418,-33.751],[-71.4013,-33.781],[-71.4007,-33.7971],[-71.411,-33.8081],[-71.4296,-33.815],[-71.4754,-33.8187],[-71.4974,-33.8243],[-71.5198,-33.8364],[-71.573,-33.896],[-71.584,-33.9052],[-71.5973,-33.9136],[-71.7179,-33.9712],[-71.7335,-33.9625],[-71.7507,-33.9587],[-71.7604,-33.9545],[-71.768,-33.95],[-71.7797,-33.94],[-71.7856,-33.9407],[-71.7915,-33.9434],[-71.801,-33.9459],[-71.8088,-33.9433],[-71.8207,-33.9368],[-71.829,-33.9342],[-71.8388,-33.9329],[-71.8699,-33.933],[-71.8713,-33.9328],[-71.8603,-33.9119],[-71.8353,-33.8264],[-71.8165,-33.7873],[-71.8081,-33.777],[-71.802,-33.773],[-71.7954,-33.7703],[-71.7855,-33.7638],[-71.7758,-33.7602],[-71.7537,-33.7609],[-71.7445,-33.7569],[-71.7252,-33.7426],[-71.7058,-33.7331],[-71.6877,-33.7209],[-71.6719,-33.6985],[-71.6544,-33.6565],[-71.6478,-33.6339],[-71.6452,-33.6129],[-71.6466,-33.579],[-71.6452,-33.5688],[-71.6407,-33.5608],[-71.6275,-33.5466],[-71.6247,-33.5414],[-71.6408,-33.5006],[-71.7059,-33.4343],[-71.7073,-33.3899],[-71.7027,-33.379],[-71.6975,-33.3704],[-71.6892,-33.3652],[-71.6756,-33.3634],[-71.6722,-33.3586],[-71.6712,-33.3474],[-71.6719,-33.3258],[-71.6761,-33.301],[-71.6859,-33.2839],[-71.6975,-33.2678],[-71.7073,-33.2467],[-71.7203,-33.1676],[-71.7257,-33.154],[-71.7523,-33.1135],[-71.7619,-33.102],[-71.7435,-33.0864],[-71.6903,-33.0856],[-71.6793,-33.0715],[-71.6775,-33.0607],[-71.6727,-33.0479],[-71.6662,-33.0361],[-71.6588,-33.0275],[-71.6457,-33.019],[-71.6381,-33.018],[-71.6305,-33.0201],[-71.5936,-33.0195],[-71.5824,-33.0169],[-71.5729,-33.0102],[-71.5682,-33.0019],[-71.5645,-32.9841],[-71.5526,-32.9643],[-71.5538,-32.9538],[-71.5569,-32.9435],[-71.5558,-32.9319],[-71.5486,-32.922],[-71.5289,-32.9076],[-71.5211,-32.8966],[-71.5183,-32.8731],[-71.5262,-32.8517],[-71.5369,-32.8312],[-71.5443,-32.8045],[-71.5479,-32.7955],[-71.5487,-32.7848],[-71.5421,-32.7736],[-71.5321,-32.7692],[-71.5094,-32.7697],[-71.5011,-32.7668],[-71.495,-32.7462],[-71.5035,-32.726],[-71.5067,-32.7109],[-71.4655,-32.6995],[-71.4542,-32.6856],[-71.4483,-32.6657],[-71.4459,-32.6428],[-71.4491,-32.5971],[-71.4547,-32.573],[-71.4767,-32.5353],[-71.4714,-32.5158],[-71.4562,-32.4992],[-71.4397,-32.485],[-71.4414,-32.4723],[-71.4318,-32.4267],[-71.4261,-32.4106],[-71.4181,-32.3998],[-71.411,-32.3941],[-71.4079,-32.3863],[-71.4125,-32.3696],[-71.4459,-32.3417],[-71.4508,-32.3395],[-71.4643,-32.3351],[-71.4671,-32.3317],[-71.4674,-32.3307],[-71.4678,-32.3162],[-71.4671,-32.315],[-71.4762,-32.2775],[-71.4813,-32.2665],[-71.4962,-32.2516],[-71.5139,-32.2402],[-71.5305,-32.2267],[-71.5421,-32.2052],[-71.5439,-32.1933],[-71.5438,-32.193],[-71.5438,-32.193],[-71.539,-32.1927],[-71.4597,-32.0722],[-71.4484,-32.0432],[-71.4243,-32.0382],[-71.3975,-32.0605],[-71.339,-32.0792],[-71.3171,-32.0695],[-71.2233,-32.0203],[-71.2041,-32.0052],[-71.181,-31.9971],[-71.1385,-31.9891],[-71.0454,-32.0307],[-71.0269,-32.0236],[-71.0045,-32.0238],[-70.9869,-31.9872],[-70.9599,-31.9739],[-70.9384,-31.9844],[-70.8351,-32.0163],[-70.8147,-32.0127],[-70.7926,-32.0112],[-70.7719,-32.0123],[-70.7445,-32.0198],[-70.7212,-32.0305],[-70.6921,-32.0499],[-70.6455,-32.0927],[-70.6033,-32.1127],[-70.5379,-32.1285],[-70.5105,-32.1425],[-70.497,-32.1563],[-70.4778,-32.1889],[-70.4621,-32.2054],[-70.4445,-32.2141],[-70.4252,-32.2189],[-70.3815,-32.2204],[-70.3314,-32.2097],[-70.3308,-32.2096],[-70.3273,-32.2197],[-70.3269,-32.2288],[-70.3298,-32.2469],[-70.3297,-32.2555],[-70.3218,-32.2801],[-70.3097,-32.2883],[-70.2925,-32.291],[-70.2692,-32.2991],[-70.2561,-32.3143]]],[[[-80.7593,-33.7668],[-80.7773,-33.7345],[-80.7671,-33.7011],[-80.7408,-33.6852],[-80.7109,-33.7053],[-80.7073,-33.7162],[-80.7036,-33.7345],[-80.7021,-33.7536],[-80.7047,-33.7668],[-80.7153,-33.7729],[-80.7321,-33.7753],[-80.7489,-33.7735],[-80.7593,-33.7668]]],[[[-78.789,-33.6091],[-78.7804,-33.6135],[-78.7576,-33.6432],[-78.7693,-33.6423],[-78.7802,-33.643],[-78.7905,-33.6456],[-78.7999,-33.6506],[-78.8085,-33.6443],[-78.8129,-33.6506],[-78.8411,-33.6363],[-78.8636,-33.6305],[-78.885,-33.6327],[-78.921,-33.6479],[-78.9447,-33.6529],[-78.9569,-33.6569],[-78.9795,-33.6691],[-78.9874,-33.6686],[-78.9917,-33.6569],[-78.967,-33.6334],[-78.9432,-33.6165],[-78.9332,-33.6127],[-78.9111,-33.607],[-78.9017,-33.6022],[-78.8983,-33.5964],[-78.8957,-33.5875],[-78.8918,-33.5792],[-78.8849,-33.5756],[-78.87,-33.5768],[-78.8481,-33.5815],[-78.8284,-33.5906],[-78.8197,-33.6056],[-78.8158,-33.6088],[-78.8068,-33.6096],[-78.789,-33.6091]]],[[[-109.2316,-27.0925],[-109.22,-27.1052],[-109.2266,-27.1187],[-109.2436,-27.1292],[-109.2739,-27.1357],[-109.2922,-27.1456],[-109.3043,-27.1477],[-109.3238,-27.149],[-109.3324,-27.1508],[-109.3415,-27.154],[-109.3513,-27.1598],[-109.3592,-27.1668],[-109.3678,-27.1726],[-109.3793,-27.1751],[-109.3887,-27.1755],[-109.3958,-27.1769],[-109.4103,-27.1819],[-109.4186,-27.192],[-109.4293,-27.1994],[-109.4407,-27.2014],[-109.4513,-27.1955],[-109.4537,-27.1878],[-109.451,-27.1793],[-109.4468,-27.1712],[-109.4234,-27.0993],[-109.4132,-27.0847],[-109.3969,-27.0693],[-109.3796,-27.0595],[-109.3663,-27.0618],[-109.311,-27.0856],[-109.3013,-27.0878],[-109.2792,-27.0971],[-109.2694,-27.0993],[-109.2613,-27.0973],[-109.2519,-27.0934],[-109.2419,-27.0908],[-109.2316,-27.0925]]],[[[-105.4595,-26.4648],[-105.4709,-26.4577],[-105.4659,-26.4555],[-105.4635,-26.457],[-105.4619,-26.4606],[-105.4595,-26.4648]]],[[[-79.9018,-26.3474],[-79.8907,-26.3517],[-79.8902,-26.3561],[-79.8974,-26.3588],[-79.9094,-26.3582],[-79.9018,-26.3474]]],[[[-80.0957,-26.266],[-80.0948,-26.2678],[-80.0927,-26.2695],[-80.0907,-26.2714],[-80.0904,-26.2745],[-80.0992,-26.2753],[-80.1078,-26.275],[-80.0957,-26.266]]]]}},{"type":"Feature","properties":{"id":"CHL-20010","name":"Ñuble","nameBn":"নুব্লে","type":"Region","bounds":[-72.8959,-37.1983,-71.0278,-36.0127],"center":[-72.0684,-36.6193]},"geometry":{"type":"Polygon","coordinates":[[[-71.0278,-36.4812],[-71.0433,-36.4843],[-71.0614,-36.5204],[-71.0689,-36.5664],[-71.07,-36.6038],[-71.0553,-36.6713],[-71.0574,-36.6876],[-71.073,-36.6968],[-71.0908,-36.6895],[-71.11,-36.6785],[-71.1299,-36.6769],[-71.1453,-36.6882],[-71.1489,-36.704],[-71.1468,-36.7411],[-71.1515,-36.7605],[-71.1767,-36.8149],[-71.1818,-36.8224],[-71.189,-36.8305],[-71.1952,-36.8391],[-71.1969,-36.8482],[-71.1916,-36.8584],[-71.1828,-36.8629],[-71.1731,-36.8661],[-71.1652,-36.8721],[-71.1588,-36.8827],[-71.1585,-36.8869],[-71.1605,-36.8904],[-71.1611,-36.8988],[-71.1636,-36.9063],[-71.1685,-36.9144],[-71.1691,-36.9219],[-71.1402,-36.9375],[-71.1357,-36.9515],[-71.1433,-36.9654],[-71.1615,-36.9755],[-71.1811,-36.9753],[-71.2007,-36.9714],[-71.2071,-36.9724],[-71.1874,-36.9868],[-71.156,-37.0028],[-71.1487,-37.0135],[-71.1396,-37.0617],[-71.1269,-37.0776],[-71.0891,-37.1034],[-71.1689,-37.1087],[-71.2144,-37.1063],[-71.2572,-37.1046],[-71.2998,-37.0937],[-71.3347,-37.0683],[-71.3971,-37.0389],[-71.4513,-37.0366],[-71.4905,-37.0509],[-71.5191,-37.069],[-71.5481,-37.1157],[-71.5723,-37.1309],[-71.6221,-37.1323],[-71.6778,-37.1235],[-71.7296,-37.1177],[-71.7751,-37.1246],[-71.8201,-37.1397],[-71.8572,-37.1615],[-71.9237,-37.1736],[-72.0012,-37.1752],[-72.1015,-37.187],[-72.1555,-37.1958],[-72.204,-37.1983],[-72.2417,-37.191],[-72.2664,-37.174],[-72.2689,-37.1546],[-72.2594,-37.0981],[-72.2117,-37.0709],[-72.1872,-37.0531],[-72.1851,-37.0449],[-72.1919,-37.0332],[-72.2128,-37.0191],[-72.2413,-37.0073],[-72.2843,-36.9985],[-72.315,-36.9832],[-72.3483,-36.9515],[-72.3859,-36.9248],[-72.4411,-36.9121],[-72.489,-36.9159],[-72.5117,-36.9227],[-72.539,-36.9278],[-72.596,-36.9255],[-72.6353,-36.9193],[-72.6546,-36.9158],[-72.6503,-36.899],[-72.6485,-36.8871],[-72.6327,-36.8851],[-72.6145,-36.8879],[-72.5849,-36.8936],[-72.5609,-36.8867],[-72.5563,-36.8718],[-72.5565,-36.8476],[-72.5685,-36.8358],[-72.5895,-36.8189],[-72.5936,-36.7898],[-72.5948,-36.7552],[-72.6002,-36.724],[-72.6204,-36.6982],[-72.6613,-36.6768],[-72.6923,-36.6605],[-72.718,-36.6446],[-72.7427,-36.6294],[-72.7689,-36.6048],[-72.7982,-36.606],[-72.8044,-36.5639],[-72.8107,-36.5511],[-72.8211,-36.5389],[-72.8235,-36.5266],[-72.8226,-36.5183],[-72.8109,-36.5101],[-72.8027,-36.5048],[-72.8005,-36.493],[-72.8085,-36.4805],[-72.8085,-36.4702],[-72.8126,-36.4628],[-72.8177,-36.4587],[-72.8276,-36.4585],[-72.845,-36.463],[-72.8685,-36.4583],[-72.8959,-36.4381],[-72.8822,-36.4225],[-72.8784,-36.4142],[-72.8723,-36.378],[-72.8677,-36.367],[-72.8506,-36.3439],[-72.8409,-36.3273],[-72.8323,-36.308],[-72.8262,-36.287],[-72.8238,-36.2651],[-72.8373,-36.1965],[-72.8375,-36.1794],[-72.8312,-36.1692],[-72.8133,-36.1545],[-72.8096,-36.1418],[-72.8118,-36.131],[-72.8216,-36.1105],[-72.8238,-36.1007],[-72.8191,-36.0812],[-72.7991,-36.0531],[-72.795,-36.0525],[-72.6982,-36.0127],[-72.6526,-36.029],[-72.5848,-36.0441],[-72.4961,-36.0599],[-72.4734,-36.075],[-72.4382,-36.146],[-72.383,-36.1874],[-72.2998,-36.1944],[-72.1904,-36.1956],[-72.126,-36.1737],[-72.0871,-36.125],[-72.0804,-36.1216],[-72.0748,-36.1211],[-72.0673,-36.1215],[-72.0506,-36.124],[-71.8627,-36.2257],[-71.8153,-36.2397],[-71.7833,-36.2585],[-71.7287,-36.2879],[-71.4147,-36.4261],[-71.2508,-36.418],[-71.2343,-36.4164],[-71.2166,-36.4099],[-71.1575,-36.4107],[-71.1449,-36.4056],[-71.1281,-36.4022],[-71.1088,-36.4019],[-71.0917,-36.4053],[-71.0789,-36.4104],[-71.0692,-36.4191],[-71.0621,-36.4299],[-71.055,-36.4444],[-71.0419,-36.4644],[-71.0291,-36.479],[-71.0278,-36.4812]]]}}]}