{"type":"FeatureCollection","features":[{"type":"Feature","properties":{"id":"CIV-3451","name":"Agnéby","nameBn":"আগনেবি","type":"Department","bounds":[-4.6591,5.6012,-3.3846,6.6447],"center":[-4.0219,6.0621]},"geometry":{"type":"Polygon","coordinates":[[[-4.1466,6.2342],[-4.1448,6.2485],[-4.145,6.2613],[-4.1464,6.2669],[-4.1506,6.2764],[-4.1553,6.2978],[-4.1542,6.3082],[-4.1543,6.3194],[-4.153,6.3307],[-4.153,6.3367],[-4.1558,6.3541],[-4.1561,6.3605],[-4.1554,6.3731],[-4.1506,6.3957],[-4.1422,6.4149],[-4.1367,6.423],[-4.1114,6.4505],[-4.1071,6.4584],[-4.1044,6.4656],[-4.1032,6.4708],[-4.0977,6.4769],[-4.0887,6.4835],[-4.0344,6.5015],[-3.7749,6.6271],[-3.769,6.6159],[-3.7561,6.6202],[-3.7417,6.6227],[-3.7195,6.6223],[-3.7144,6.6227],[-3.6999,6.6394],[-3.6904,6.6447],[-3.6802,6.6364],[-3.678,6.6235],[-3.6858,6.5945],[-3.6864,6.5818],[-3.6826,6.5751],[-3.6701,6.5655],[-3.6659,6.5613],[-3.6636,6.5537],[-3.6608,6.5371],[-3.656,6.5302],[-3.6514,6.5206],[-3.6455,6.4753],[-3.6477,6.4686],[-3.6526,6.4629],[-3.6575,6.4583],[-3.6597,6.4548],[-3.6586,6.4472],[-3.656,6.4415],[-3.6534,6.4373],[-3.6523,6.4343],[-3.6482,6.4279],[-3.6284,6.4083],[-3.6219,6.4042],[-3.6113,6.3558],[-3.5901,6.3591],[-3.5714,6.353],[-3.5554,6.3535],[-3.5424,6.3763],[-3.5007,6.3298],[-3.4779,6.2964],[-3.4635,6.2558],[-3.4568,6.2463],[-3.4582,6.2409],[-3.4778,6.2392],[-3.4835,6.2352],[-3.4814,6.227],[-3.4765,6.2195],[-3.4713,6.2164],[-3.4644,6.2058],[-3.4589,6.1945],[-3.4605,6.1907],[-3.4492,6.1894],[-3.4442,6.2058],[-3.4332,6.2118],[-3.4203,6.2053],[-3.4036,6.1709],[-3.3956,6.1628],[-3.3922,6.1122],[-3.3986,6.1],[-3.412,6.0914],[-3.4242,6.0804],[-3.427,6.061],[-3.4211,6.0637],[-3.4053,6.0678],[-3.4074,6.0632],[-3.4107,6.0521],[-3.4127,6.0474],[-3.3966,6.0383],[-3.3861,6.0218],[-3.3846,6.0017],[-3.3956,5.9819],[-3.4049,5.977],[-3.4152,5.975],[-3.4235,5.9712],[-3.427,5.9614],[-3.4278,5.9483],[-3.4303,5.9373],[-3.4627,5.8754],[-3.4668,5.8577],[-3.4677,5.8376],[-3.7184,5.9062],[-3.7249,5.9071],[-3.7328,5.9057],[-3.7418,5.9024],[-3.8151,5.8552],[-3.8571,5.8114],[-3.8697,5.8008],[-3.8812,5.7961],[-3.8893,5.7943],[-3.9042,5.7875],[-3.9246,5.7579],[-3.9181,5.6454],[-3.9188,5.6389],[-3.9206,5.6318],[-3.9313,5.6216],[-4.3075,5.6012],[-4.3398,5.6026],[-4.3693,5.6155],[-4.4164,5.6418],[-4.4321,5.6528],[-4.4417,5.6645],[-4.4373,5.6798],[-4.4617,5.7311],[-4.6591,5.8581],[-4.463,6.224],[-4.4321,6.2761],[-4.4278,6.2789],[-4.4222,6.2795],[-4.415,6.2744],[-4.4111,6.2697],[-4.4083,6.2644],[-4.4042,6.2547],[-4.4011,6.2512],[-4.3974,6.2478],[-4.3838,6.2409],[-4.3592,6.2246],[-4.3517,6.218],[-4.3476,6.2151],[-4.3413,6.2121],[-4.3078,6.2042],[-4.2746,6.1927],[-4.2531,6.1881],[-4.2482,6.1854],[-4.2265,6.1902],[-4.1466,6.2342]]]}},{"type":"Feature","properties":{"id":"CIV-3440","name":"Bafing","nameBn":"বাফিং অঞ্চল","type":"Region","bounds":[-8.266,7.8428,-7.0838,9.0754],"center":[-7.6751,8.1122]},"geometry":{"type":"Polygon","coordinates":[[[-7.831,8.7477],[-7.891,8.7657],[-7.9131,8.7682],[-7.9589,8.782],[-7.9689,8.8128],[-7.9507,8.8995],[-7.9465,8.9486],[-7.9416,8.9722],[-7.9319,8.9965],[-7.9318,8.9966],[-7.9167,9.0123],[-7.827,9.0578],[-7.8078,9.06],[-7.7881,9.06],[-7.7642,9.0636],[-7.7482,9.0754],[-7.7363,9.0726],[-7.7113,9.0382],[-7.6664,8.9546],[-7.6601,8.9453],[-7.6528,8.9387],[-7.6446,8.9332],[-7.6259,8.9244],[-7.5948,8.914],[-7.5366,8.8634],[-7.5292,8.8554],[-7.5016,8.8124],[-7.498,8.8082],[-7.4946,8.8056],[-7.4581,8.7848],[-7.414,8.7338],[-7.4055,8.7284],[-7.394,8.7227],[-7.3719,8.7089],[-7.3651,8.7029],[-7.3601,8.6975],[-7.3502,8.6799],[-7.3235,8.6435],[-7.3102,8.6301],[-7.3015,8.625],[-7.2919,8.6209],[-7.2812,8.6178],[-7.2739,8.6142],[-7.2487,8.5975],[-7.2396,8.5893],[-7.2339,8.5829],[-7.2313,8.5779],[-7.2275,8.568],[-7.2189,8.553],[-7.1865,8.5236],[-7.1733,8.4958],[-7.1672,8.473],[-7.1672,8.432],[-7.1574,8.3705],[-7.1473,8.3509],[-7.132,8.335],[-7.1127,8.3228],[-7.1241,8.3149],[-7.1273,8.3094],[-7.1265,8.3036],[-7.1264,8.2592],[-7.1368,8.2428],[-7.1304,8.2179],[-7.1178,8.1921],[-7.1058,8.1782],[-7.1121,8.1592],[-7.1074,8.1454],[-7.0986,8.1325],[-7.0928,8.1161],[-7.0943,8.1082],[-7.1036,8.0949],[-7.1058,8.0863],[-7.1058,8.0516],[-7.101,8.0311],[-7.0838,7.9893],[-7.2099,7.9886],[-7.2395,7.9948],[-7.2485,8.0131],[-7.2823,8.0675],[-7.2855,8.0717],[-7.2893,8.0748],[-7.326,8.0983],[-7.3428,8.1064],[-7.3778,8.1146],[-7.3856,8.1176],[-7.391,8.1213],[-7.3941,8.1253],[-7.3989,8.1343],[-7.4029,8.1391],[-7.408,8.1442],[-7.4186,8.1515],[-7.4339,8.1647],[-7.441,8.1671],[-7.4497,8.1668],[-7.4549,8.1637],[-7.4588,8.1601],[-7.4648,8.1525],[-7.4717,8.1459],[-7.4874,8.1343],[-7.4946,8.1279],[-7.4974,8.1246],[-7.4996,8.1215],[-7.5031,8.1149],[-7.5122,8.081],[-7.5136,8.0558],[-7.5126,8.0498],[-7.5108,8.0447],[-7.508,8.0406],[-7.502,8.0341],[-7.5005,8.0317],[-7.4999,8.0297],[-7.5009,8.0279],[-7.5055,8.0211],[-7.5074,8.0165],[-7.5083,8.0111],[-7.508,8.0057],[-7.5071,8.002],[-7.5063,8.0002],[-7.5,7.9894],[-7.4989,7.9864],[-7.4977,7.9819],[-7.4966,7.9508],[-7.4954,7.9456],[-7.4953,7.9402],[-7.4969,7.935],[-7.504,7.9292],[-7.5091,7.9258],[-7.5126,7.9225],[-7.5133,7.9186],[-7.5117,7.9144],[-7.5097,7.9104],[-7.5086,7.9067],[-7.5106,7.9036],[-7.5141,7.9014],[-7.5172,7.899],[-7.5206,7.8953],[-7.5237,7.8909],[-7.5279,7.8861],[-7.5342,7.8858],[-7.5394,7.884],[-7.5436,7.8816],[-7.5534,7.8726],[-7.5631,7.8668],[-7.5701,7.8652],[-7.5774,7.8647],[-7.586,7.8657],[-7.5949,7.8621],[-7.6021,7.8615],[-7.6066,7.8625],[-7.6094,7.8669],[-7.6115,7.8719],[-7.6151,7.8753],[-7.6181,7.8751],[-7.6214,7.8721],[-7.6247,7.8682],[-7.6298,7.8643],[-7.6408,7.8534],[-7.656,7.8453],[-7.6631,7.8429],[-7.6685,7.8428],[-7.6713,7.8458],[-7.6742,7.8497],[-7.6773,7.8529],[-7.6813,7.8541],[-7.6886,7.8467],[-7.6927,7.8458],[-7.6963,7.8477],[-7.6991,7.8573],[-7.7021,7.8616],[-7.7078,7.8651],[-7.712,7.8685],[-7.7161,7.8738],[-7.7236,7.8794],[-7.7405,7.8848],[-7.7612,7.8881],[-7.7715,7.8913],[-7.7767,7.8955],[-7.779,7.9],[-7.787,7.9125],[-7.7901,7.9163],[-7.7974,7.9228],[-7.7998,7.9275],[-7.8016,7.9328],[-7.804,7.9377],[-7.8093,7.9405],[-7.8136,7.9436],[-7.821,7.9502],[-7.8253,7.953],[-7.8305,7.955],[-7.8354,7.9579],[-7.8423,7.9599],[-7.846,7.9623],[-7.8465,7.9662],[-7.8447,7.9702],[-7.8434,7.9743],[-7.8443,7.9786],[-7.8502,7.9859],[-7.8524,7.9906],[-7.8537,7.9953],[-7.8555,7.9997],[-7.8558,8.0002],[-7.8558,8.0003],[-7.8563,8.0005],[-7.8707,8.0138],[-7.8837,8.0187],[-7.8907,8.0178],[-7.8951,8.0139],[-7.8986,8.0085],[-7.9053,8.0072],[-7.9285,8.0109],[-7.9469,8.0187],[-7.9656,8.0269],[-7.9682,8.037],[-7.9804,8.059],[-7.9971,8.0773],[-8.0157,8.0885],[-8.0213,8.1027],[-8.0217,8.1177],[-8.0157,8.1482],[-8.0083,8.1604],[-8.0024,8.1743],[-8.0033,8.184],[-8.0157,8.1839],[-8.076,8.1634],[-8.0855,8.162],[-8.1829,8.1917],[-8.266,8.246],[-8.2646,8.2565],[-8.2483,8.2736],[-8.2453,8.2851],[-8.2476,8.3038],[-8.2476,8.3226],[-8.2353,8.3795],[-8.2369,8.4001],[-8.2421,8.4128],[-8.2491,8.4238],[-8.2543,8.4345],[-8.2544,8.4465],[-8.2489,8.4536],[-8.2003,8.4918],[-8.1863,8.4937],[-8.1505,8.4865],[-8.1301,8.4886],[-8.0969,8.5017],[-8.0766,8.5033],[-8.0681,8.5005],[-8.0572,8.4909],[-8.0507,8.4877],[-8.0425,8.4872],[-8.0249,8.4886],[-8.0157,8.4872],[-7.9859,8.4949],[-7.9705,8.497],[-7.9563,8.4944],[-7.9439,8.4846],[-7.937,8.4714],[-7.9316,8.457],[-7.9238,8.4438],[-7.9129,8.4342],[-7.8986,8.4263],[-7.8823,8.4215],[-7.8656,8.4209],[-7.8486,8.4286],[-7.8468,8.4427],[-7.8494,8.4592],[-7.8457,8.4743],[-7.8238,8.4779],[-7.8024,8.4492],[-7.771,8.3865],[-7.7483,8.3723],[-7.7207,8.3685],[-7.6624,8.3749],[-7.6832,8.4173],[-7.6896,8.4387],[-7.6865,8.4626],[-7.6793,8.4877],[-7.6792,8.5051],[-7.6917,8.5467],[-7.694,8.5678],[-7.6916,8.6061],[-7.6968,8.6248],[-7.7039,8.6335],[-7.7318,8.6521],[-7.7412,8.6629],[-7.7651,8.7061],[-7.7721,8.7145],[-7.7909,8.7309],[-7.7957,8.7365],[-7.8037,8.7491],[-7.8102,8.7534],[-7.8161,8.7535],[-7.8266,8.7482],[-7.831,8.7477]]]}},{"type":"Feature","properties":{"id":"CIV-3448","name":"Bas-Sassandra","nameBn":"বাস-সাসসান্দ্রা","type":"Department","bounds":[-7.606,4.3441,-5.744,6.5579],"center":[-6.6752,5.48]},"geometry":{"type":"Polygon","coordinates":[[[-7.3841,5.569],[-7.3967,5.5851],[-7.418,5.6278],[-7.3996,5.6315],[-7.0941,5.6906],[-7.0816,5.9992],[-7.0863,6.0885],[-7.0974,6.1312],[-7.1108,6.3273],[-7.1155,6.4596],[-7.1103,6.491],[-7.099,6.5005],[-7.0911,6.5057],[-7.0841,6.5085],[-7.0797,6.5096],[-7.0754,6.5118],[-7.0714,6.5147],[-7.068,6.5183],[-7.0551,6.5372],[-7.0527,6.5396],[-7.0369,6.5488],[-7.0321,6.5508],[-7.0052,6.5571],[-6.9974,6.5579],[-6.9636,6.529],[-6.9554,6.511],[-6.9535,6.4997],[-6.9532,6.4914],[-6.9535,6.4845],[-6.9549,6.4795],[-6.9572,6.4761],[-6.9609,6.4736],[-6.9708,6.4707],[-6.9761,6.4697],[-6.9814,6.4669],[-6.9859,6.4633],[-6.9904,6.4555],[-6.9902,6.45],[-6.9698,6.398],[-6.8542,6.2595],[-6.8398,6.2498],[-6.8284,6.2467],[-6.6848,6.2475],[-6.6751,6.2496],[-6.6645,6.2556],[-6.59,6.311],[-6.5818,6.3156],[-6.5706,6.3114],[-6.5208,6.2813],[-6.503,6.2757],[-6.4859,6.2758],[-6.4245,6.3008],[-6.3999,6.3048],[-6.3873,6.1508],[-6.3746,6.1034],[-6.355,6.0501],[-6.3353,6.0152],[-6.3291,6.0078],[-6.3233,6.0022],[-6.321,6.0003],[-6.3208,6.0002],[-6.3207,6.0001],[-6.3076,5.9885],[-6.2997,5.9791],[-6.2948,5.9715],[-6.287,5.9566],[-6.2839,5.9479],[-6.2821,5.9399],[-6.2771,5.8839],[-6.2741,5.8745],[-6.2707,5.8684],[-6.2629,5.8619],[-6.2587,5.8591],[-6.254,5.8532],[-6.2486,5.8444],[-6.2186,5.7781],[-6.1609,5.7943],[-6.1375,5.7949],[-6.13,5.7918],[-6.1063,5.777],[-6.1023,5.7715],[-6.0939,5.7528],[-6.072,5.7348],[-6.0688,5.7311],[-6.0668,5.7265],[-6.0659,5.7215],[-6.0677,5.7105],[-6.068,5.7045],[-6.0662,5.6979],[-6.0623,5.6946],[-6.0571,5.6925],[-6.0545,5.6894],[-6.0516,5.6782],[-6.0451,5.6673],[-6.0397,5.6614],[-6.0358,5.6557],[-6.032,5.6514],[-6.0217,5.6348],[-6.0222,5.6247],[-6.0237,5.6197],[-6.0259,5.6154],[-6.0274,5.6105],[-6.0272,5.6053],[-6.026,5.5941],[-6.0239,5.5895],[-6.0217,5.5854],[-6.0198,5.5809],[-6.0154,5.5606],[-6.0129,5.5562],[-6.0099,5.5524],[-6.0035,5.5457],[-5.9993,5.54],[-5.9956,5.5368],[-5.9896,5.5334],[-5.9794,5.5291],[-5.9751,5.524],[-5.9722,5.5184],[-5.9696,5.5148],[-5.9539,5.517],[-5.8288,5.5595],[-5.744,5.2759],[-5.7527,5.212],[-5.8332,5.1917],[-5.8428,5.1875],[-5.8511,5.1821],[-5.8612,5.1717],[-5.8647,5.1657],[-5.8681,5.1579],[-5.8725,5.142],[-5.873,5.1297],[-5.8594,5.0306],[-5.8587,5.0277],[-5.9714,4.9926],[-5.9884,4.9839],[-5.9956,4.9748],[-6.0074,4.9752],[-6.0597,4.9558],[-6.1386,4.9152],[-6.4122,4.8239],[-6.4208,4.8171],[-6.4266,4.802],[-6.4415,4.7939],[-6.5472,4.768],[-6.5679,4.7656],[-6.5839,4.7604],[-6.6107,4.7348],[-6.6268,4.7246],[-6.7533,4.6873],[-6.8537,4.6806],[-6.8795,4.6679],[-6.9031,4.662],[-6.9142,4.6557],[-6.9421,4.6216],[-6.996,4.5765],[-7.0582,4.539],[-7.0992,4.5265],[-7.1735,4.5188],[-7.2328,4.4933],[-7.2452,4.4849],[-7.2552,4.4655],[-7.266,4.4636],[-7.2785,4.4638],[-7.2882,4.4605],[-7.306,4.4455],[-7.3599,4.4161],[-7.4387,4.351],[-7.4568,4.3441],[-7.4809,4.3461],[-7.5243,4.3547],[-7.5407,4.3528],[-7.5738,4.3754],[-7.5792,4.3871],[-7.5779,4.3973],[-7.5674,4.4159],[-7.5643,4.4258],[-7.5657,4.4352],[-7.5728,4.4554],[-7.5709,4.4807],[-7.5727,4.4911],[-7.5754,4.5003],[-7.5769,4.5093],[-7.5725,4.7234],[-7.5769,4.7753],[-7.5796,4.7843],[-7.5856,4.7915],[-7.5934,4.7974],[-7.601,4.8046],[-7.606,4.8162],[-7.606,4.8174],[-7.6059,4.8251],[-7.6002,4.8458],[-7.5988,4.8571],[-7.606,4.888],[-7.6055,4.8974],[-7.575,4.9216],[-7.5618,4.9202],[-7.5535,4.9142],[-7.5495,4.9139],[-7.5496,4.9291],[-7.5553,4.9484],[-7.5646,4.9616],[-7.5716,4.9754],[-7.5702,4.9969],[-7.5704,4.9969],[-7.5782,5.0547],[-7.5758,5.0721],[-7.5632,5.0902],[-7.5468,5.0977],[-7.5299,5.0974],[-7.5158,5.0918],[-7.4889,5.1407],[-7.483,5.1582],[-7.4823,5.1751],[-7.4905,5.2222],[-7.4799,5.2552],[-7.4757,5.2642],[-7.4682,5.2735],[-7.4424,5.2874],[-7.4399,5.2902],[-7.4285,5.2882],[-7.4301,5.2843],[-7.4352,5.2793],[-7.4341,5.2741],[-7.4309,5.2675],[-7.4308,5.26],[-7.4285,5.2561],[-7.4188,5.2605],[-7.4138,5.2667],[-7.4101,5.2832],[-7.4077,5.2899],[-7.3956,5.3068],[-7.3898,5.3171],[-7.3888,5.3284],[-7.3915,5.3477],[-7.3969,5.3664],[-7.4044,5.368],[-7.4149,5.366],[-7.4297,5.3743],[-7.4391,5.3878],[-7.446,5.4049],[-7.45,5.4228],[-7.4502,5.4387],[-7.4362,5.4313],[-7.4317,5.4419],[-7.4324,5.4796],[-7.4251,5.4942],[-7.4135,5.5035],[-7.4081,5.5118],[-7.4099,5.5134],[-7.42,5.5231],[-7.4135,5.5228],[-7.3936,5.524],[-7.4071,5.5414],[-7.4119,5.5604],[-7.4051,5.5724],[-7.3841,5.569]]]}},{"type":"Feature","properties":{"id":"CIV-3459","name":"Cavally","nameBn":"মোয়েন-ক্যাভ্যালি","type":"Department","bounds":[-8.6187,5.6278,-6.9699,6.9684],"center":[-7.7945,5.9924]},"geometry":{"type":"Polygon","coordinates":[[[-8.5471,6.56],[-8.5336,6.5763],[-8.4613,6.6334],[-8.4416,6.6553],[-8.435,6.6526],[-8.337,6.59],[-8.3277,6.5862],[-8.3203,6.586],[-8.3093,6.5939],[-8.3012,6.5978],[-8.2885,6.6022],[-8.2818,6.6033],[-8.2575,6.6223],[-8.2502,6.626],[-8.2493,6.6321],[-8.2495,6.6369],[-8.2504,6.6422],[-8.2497,6.6477],[-8.2477,6.6542],[-8.248,6.6598],[-8.2501,6.668],[-8.2477,6.6701],[-8.2372,6.6686],[-8.232,6.6694],[-8.2272,6.6708],[-8.2171,6.6725],[-8.2136,6.6751],[-8.214,6.682],[-8.2206,6.6959],[-8.2216,6.6998],[-8.2184,6.7056],[-8.1984,6.7179],[-8.1924,6.7181],[-8.1901,6.715],[-8.1896,6.7108],[-8.1875,6.707],[-8.1839,6.7047],[-8.1781,6.7053],[-8.1721,6.7092],[-8.1643,6.717],[-8.16,6.7279],[-8.1565,6.7483],[-8.1562,6.7582],[-8.154,6.7624],[-8.1425,6.7709],[-8.137,6.7787],[-8.1312,6.7814],[-8.1195,6.7882],[-8.1102,6.7957],[-8.1023,6.8],[-8.0962,6.8023],[-8.0921,6.8048],[-8.0914,6.8109],[-8.1009,6.8352],[-8.1035,6.8386],[-8.1071,6.8392],[-8.1103,6.8401],[-8.1119,6.8438],[-8.1118,6.8489],[-8.11,6.8552],[-8.1019,6.8721],[-8.0975,6.8854],[-8.1006,6.8923],[-8.0994,6.8954],[-8.0918,6.8987],[-8.0862,6.9022],[-8.0818,6.9085],[-8.0793,6.9136],[-8.0762,6.9166],[-8.0711,6.9152],[-8.0629,6.9171],[-8.0515,6.9231],[-8.0121,6.9607],[-7.9897,6.9684],[-7.9639,6.9574],[-7.959,6.9543],[-7.9509,6.9483],[-7.9298,6.9289],[-7.9212,6.9235],[-7.9137,6.9203],[-7.8997,6.918],[-7.8755,6.9111],[-7.868,6.907],[-7.863,6.9026],[-7.8584,6.8933],[-7.847,6.8615],[-7.8427,6.855],[-7.8335,6.8462],[-7.8191,6.8432],[-7.8027,6.8419],[-7.6356,6.8442],[-7.6221,6.847],[-7.6181,6.8992],[-7.6163,6.9061],[-7.6038,6.9293],[-7.5394,6.9391],[-7.4339,6.9395],[-7.4237,6.9411],[-7.3952,6.9487],[-7.3013,6.9643],[-7.2877,6.9639],[-7.2816,6.9633],[-7.2477,6.9551],[-7.1711,6.9632],[-7.1606,6.9628],[-7.1559,6.9605],[-7.1314,6.9439],[-7.1167,6.9379],[-7.0697,6.9298],[-7.0627,6.9295],[-7.048,6.9075],[-7.0498,6.8973],[-7.0536,6.8923],[-7.0575,6.8862],[-7.062,6.8753],[-7.0619,6.8673],[-7.0602,6.8595],[-7.0557,6.8507],[-7.052,6.8452],[-7.048,6.841],[-7.0434,6.8387],[-7.0233,6.8314],[-7.017,6.8263],[-7.0097,6.8193],[-6.997,6.8037],[-6.9914,6.794],[-6.987,6.7822],[-6.9699,6.6967],[-6.9706,6.6909],[-6.9717,6.6855],[-6.9736,6.6805],[-6.9759,6.6759],[-6.9781,6.6625],[-6.9752,6.634],[-7.0065,6.5863],[-7.0099,6.569],[-7.0065,6.5652],[-6.9974,6.5579],[-7.0052,6.5571],[-7.0321,6.5508],[-7.0369,6.5488],[-7.0527,6.5396],[-7.0551,6.5372],[-7.068,6.5183],[-7.0714,6.5147],[-7.0754,6.5118],[-7.0797,6.5096],[-7.0841,6.5085],[-7.0911,6.5057],[-7.099,6.5005],[-7.1103,6.491],[-7.1155,6.4596],[-7.1108,6.3273],[-7.0974,6.1312],[-7.0863,6.0885],[-7.0816,5.9992],[-7.0941,5.6906],[-7.3996,5.6315],[-7.418,5.6278],[-7.431,5.654],[-7.4495,5.7324],[-7.4486,5.7691],[-7.442,5.8113],[-7.4465,5.8459],[-7.4786,5.8599],[-7.4817,5.8302],[-7.4866,5.8138],[-7.4944,5.8062],[-7.5039,5.8121],[-7.5088,5.8262],[-7.5156,5.8392],[-7.5311,5.842],[-7.5278,5.8588],[-7.5352,5.8558],[-7.5476,5.8454],[-7.5591,5.8399],[-7.5663,5.8437],[-7.5795,5.8603],[-7.5872,5.8668],[-7.5791,5.8772],[-7.5842,5.8837],[-7.6058,5.8931],[-7.6085,5.8937],[-7.6291,5.9049],[-7.6306,5.9086],[-7.6483,5.9113],[-7.6631,5.9231],[-7.674,5.9357],[-7.6805,5.9409],[-7.6915,5.9277],[-7.7032,5.9079],[-7.7172,5.9008],[-7.735,5.9256],[-7.7471,5.9376],[-7.7866,5.9582],[-7.7996,5.9745],[-7.8007,5.9817],[-7.8,6.0102],[-7.7977,6.0148],[-7.7886,6.0198],[-7.7865,6.0251],[-7.7887,6.0315],[-7.7939,6.0341],[-7.7992,6.0357],[-7.8024,6.0392],[-7.8057,6.062],[-7.8097,6.0712],[-7.8194,6.0801],[-7.8284,6.0807],[-7.8409,6.0774],[-7.8505,6.0722],[-7.8509,6.0676],[-7.8618,6.0815],[-7.8645,6.1017],[-7.862,6.1244],[-7.8574,6.1454],[-7.8441,6.184],[-7.8466,6.1975],[-7.8621,6.2164],[-7.9066,6.252],[-7.91,6.2568],[-7.9127,6.2684],[-7.9144,6.2717],[-7.9205,6.2738],[-7.9252,6.2725],[-7.9295,6.2708],[-7.9349,6.2714],[-7.9994,6.2867],[-8.0157,6.2978],[-8.033,6.3018],[-8.0601,6.3011],[-8.1066,6.2947],[-8.1183,6.2899],[-8.1406,6.2776],[-8.1544,6.2742],[-8.1706,6.274],[-8.1791,6.2769],[-8.1857,6.2818],[-8.1966,6.2881],[-8.2085,6.2925],[-8.286,6.3101],[-8.2951,6.3134],[-8.2966,6.3175],[-8.2966,6.3244],[-8.2977,6.3326],[-8.3027,6.3406],[-8.31,6.3446],[-8.3142,6.3415],[-8.3175,6.337],[-8.3224,6.3365],[-8.3329,6.346],[-8.3426,6.357],[-8.3529,6.3611],[-8.366,6.3501],[-8.3766,6.3547],[-8.3888,6.3551],[-8.4011,6.3504],[-8.4118,6.34],[-8.4237,6.352],[-8.4202,6.3581],[-8.411,6.3632],[-8.406,6.3722],[-8.4082,6.3799],[-8.4172,6.3982],[-8.419,6.4076],[-8.4139,6.4242],[-8.4065,6.4305],[-8.4051,6.4363],[-8.4183,6.4512],[-8.4496,6.4679],[-8.4612,6.4829],[-8.4675,6.4871],[-8.4724,6.4787],[-8.4769,6.4601],[-8.4848,6.4416],[-8.4972,6.4314],[-8.5156,6.4376],[-8.5453,6.4772],[-8.5565,6.487],[-8.5681,6.4904],[-8.5921,6.4897],[-8.6018,6.4917],[-8.6187,6.4928],[-8.5941,6.5239],[-8.5894,6.5261],[-8.5773,6.528],[-8.5727,6.5308],[-8.5706,6.5351],[-8.5661,6.5491],[-8.5672,6.5506],[-8.5661,6.5509],[-8.5495,6.5601],[-8.5471,6.56]]]}},{"type":"Feature","properties":{"id":"CIV-3460","name":"Comoe","nameBn":"কোমোয় প্রদেশ","type":"Department","bounds":[-3.8031,5.7803,-3.0966,7.3488],"center":[-3.4772,6.763]},"geometry":{"type":"Polygon","coordinates":[[[-3.0966,7.0545],[-3.0973,7.0541],[-3.1096,7.0464],[-3.2249,6.8494],[-3.2417,6.8109],[-3.2431,6.7748],[-3.2387,6.7646],[-3.2262,6.7486],[-3.2127,6.7227],[-3.2104,6.716],[-3.2301,6.6611],[-3.2355,6.6546],[-3.2539,6.6444],[-3.2611,6.6339],[-3.2625,6.6171],[-3.1836,6.2639],[-3.1717,6.2496],[-3.1718,6.2494],[-3.2111,6.1777],[-3.2208,6.1525],[-3.2207,6.1465],[-3.2171,6.1263],[-3.2163,6.1145],[-3.2183,6.1053],[-3.2206,6.0987],[-3.2234,6.0944],[-3.23,6.0874],[-3.2394,6.0793],[-3.2489,6.0636],[-3.309,5.9188],[-3.3818,5.7995],[-3.385,5.7957],[-3.3888,5.7927],[-3.3938,5.7908],[-3.4341,5.7803],[-3.4469,5.7898],[-3.4579,5.7961],[-3.4652,5.8069],[-3.4679,5.831],[-3.4677,5.8376],[-3.4668,5.8577],[-3.4627,5.8754],[-3.4303,5.9373],[-3.4278,5.9483],[-3.427,5.9614],[-3.4235,5.9712],[-3.4152,5.975],[-3.4049,5.977],[-3.3956,5.9819],[-3.3846,6.0017],[-3.3861,6.0218],[-3.3966,6.0383],[-3.4127,6.0474],[-3.4107,6.0521],[-3.4074,6.0632],[-3.4053,6.0678],[-3.4211,6.0637],[-3.427,6.061],[-3.4242,6.0804],[-3.412,6.0914],[-3.3986,6.1],[-3.3922,6.1122],[-3.3956,6.1628],[-3.4036,6.1709],[-3.4203,6.2053],[-3.4332,6.2118],[-3.4442,6.2058],[-3.4492,6.1894],[-3.4605,6.1907],[-3.4589,6.1945],[-3.4644,6.2058],[-3.4713,6.2164],[-3.4765,6.2195],[-3.4814,6.227],[-3.4835,6.2352],[-3.4778,6.2392],[-3.4582,6.2409],[-3.4568,6.2463],[-3.4635,6.2558],[-3.4779,6.2964],[-3.5007,6.3298],[-3.5424,6.3763],[-3.5554,6.3535],[-3.5714,6.353],[-3.5901,6.3591],[-3.6113,6.3558],[-3.6219,6.4042],[-3.6284,6.4083],[-3.6482,6.4279],[-3.6523,6.4343],[-3.6534,6.4373],[-3.656,6.4415],[-3.6586,6.4472],[-3.6597,6.4548],[-3.6575,6.4583],[-3.6526,6.4629],[-3.6477,6.4686],[-3.6455,6.4753],[-3.6514,6.5206],[-3.656,6.5302],[-3.6608,6.5371],[-3.6636,6.5537],[-3.6659,6.5613],[-3.6701,6.5655],[-3.6826,6.5751],[-3.6864,6.5818],[-3.6858,6.5945],[-3.678,6.6235],[-3.6802,6.6364],[-3.6904,6.6447],[-3.6999,6.6394],[-3.7144,6.6227],[-3.7195,6.6223],[-3.7417,6.6227],[-3.7561,6.6202],[-3.769,6.6159],[-3.7749,6.6271],[-3.7776,6.6324],[-3.7823,6.647],[-3.7889,6.6599],[-3.8031,6.6711],[-3.772,6.6842],[-3.7704,6.7058],[-3.7963,6.7599],[-3.7539,6.8011],[-3.7516,6.8083],[-3.7402,6.815],[-3.7501,6.8296],[-3.7667,6.8438],[-3.7752,6.8493],[-3.7726,6.8653],[-3.7614,6.8832],[-3.748,6.8978],[-3.7383,6.9039],[-3.7297,6.912],[-3.7317,6.9301],[-3.7412,6.9489],[-3.7553,6.9591],[-3.7617,6.9363],[-3.7713,6.9372],[-3.7808,6.9534],[-3.7752,6.979],[-3.7516,7.0001],[-3.7144,7.0063],[-3.7028,7.0171],[-3.6946,7.0289],[-3.6842,7.0396],[-3.6659,7.0473],[-3.6343,7.0511],[-3.6213,7.0605],[-3.6188,7.082],[-3.5831,7.0708],[-3.57,7.0718],[-3.5772,7.0883],[-3.5715,7.0906],[-3.5671,7.0941],[-3.5645,7.0991],[-3.5635,7.1062],[-3.5676,7.1116],[-3.5758,7.11],[-3.5829,7.1056],[-3.5834,7.1025],[-3.6122,7.1076],[-3.6231,7.1127],[-3.6318,7.123],[-3.636,7.1329],[-3.6453,7.1654],[-3.6455,7.1776],[-3.6372,7.191],[-3.6249,7.1978],[-3.6145,7.1945],[-3.6113,7.1776],[-3.5993,7.183],[-3.5931,7.1866],[-3.5891,7.1927],[-3.5834,7.2056],[-3.58,7.2181],[-3.5806,7.2286],[-3.5826,7.2395],[-3.5835,7.2688],[-3.5823,7.2748],[-3.5561,7.28],[-3.5359,7.2808],[-3.5283,7.2859],[-3.522,7.3011],[-3.5263,7.301],[-3.5274,7.3022],[-3.5273,7.3046],[-3.5282,7.308],[-3.5353,7.3039],[-3.5424,7.3011],[-3.5446,7.3231],[-3.5351,7.3379],[-3.5032,7.3478],[-3.4984,7.3488],[-3.4949,7.3482],[-3.4789,7.343],[-3.4726,7.3447],[-3.4638,7.3393],[-3.4598,7.3396],[-3.4549,7.3413],[-3.4493,7.3394],[-3.443,7.3353],[-3.4307,7.329],[-3.4246,7.3239],[-3.4206,7.3188],[-3.4053,7.2678],[-3.4033,7.2635],[-3.4004,7.259],[-3.3968,7.2548],[-3.3868,7.2458],[-3.3706,7.2269],[-3.3646,7.2245],[-3.3596,7.2252],[-3.3559,7.2284],[-3.3499,7.2362],[-3.3417,7.2495],[-3.3289,7.2501],[-3.3076,7.247],[-3.2351,7.2246],[-3.2231,7.2175],[-3.2005,7.2001],[-3.167,7.1796],[-3.1511,7.1657],[-3.1395,7.1525],[-3.0979,7.0734],[-3.0966,7.055],[-3.0966,7.0545]]]}},{"type":"Feature","properties":{"id":"CIV-3437","name":"Denguélé","nameBn":"দেঙ্গুয়েলে","type":"Region","bounds":[-8.1747,8.5236,-6.5805,10.4586],"center":[-7.3778,9.5289]},"geometry":{"type":"Polygon","coordinates":[[[-8.1469,9.8647],[-8.151,9.8661],[-8.1551,9.8752],[-8.1521,9.8788],[-8.1473,9.8801],[-8.1457,9.8825],[-8.1472,9.8879],[-8.1495,9.9053],[-8.1532,9.9109],[-8.159,9.9124],[-8.1645,9.9127],[-8.1679,9.9147],[-8.1715,9.9228],[-8.1747,9.933],[-8.1738,9.9419],[-8.1524,9.95],[-8.1401,9.9597],[-8.1363,9.9694],[-8.1489,9.9739],[-8.1585,9.9849],[-8.1477,10.01],[-8.1275,10.0371],[-8.1088,10.0542],[-8.0579,10.0731],[-8.0349,10.0858],[-8.0157,10.1104],[-8.0123,10.1249],[-8.0072,10.1383],[-7.9998,10.1507],[-7.9897,10.162],[-7.9709,10.1551],[-7.9499,10.1554],[-7.929,10.161],[-7.911,10.1694],[-7.8923,10.1848],[-7.8828,10.1908],[-7.8572,10.1944],[-7.8474,10.1979],[-7.8387,10.2037],[-7.829,10.2117],[-7.8051,10.2418],[-7.8012,10.2495],[-7.7977,10.2603],[-7.7912,10.2658],[-7.7838,10.2704],[-7.7783,10.2783],[-7.7763,10.2927],[-7.7644,10.3129],[-7.7776,10.3299],[-7.7574,10.334],[-7.7353,10.3471],[-7.724,10.3636],[-7.736,10.3783],[-7.7268,10.3829],[-7.7223,10.3845],[-7.7223,10.3913],[-7.7086,10.4025],[-7.6998,10.4045],[-7.6879,10.4031],[-7.679,10.4059],[-7.674,10.4164],[-7.67,10.4288],[-7.6644,10.4371],[-7.6437,10.4405],[-7.6078,10.4187],[-7.5844,10.4165],[-7.5743,10.4175],[-7.5564,10.4173],[-7.5474,10.4205],[-7.5396,10.4276],[-7.5158,10.4578],[-7.5015,10.4586],[-7.4898,10.4561],[-7.4802,10.4503],[-7.4716,10.4411],[-7.4662,10.4295],[-7.4654,10.418],[-7.4662,10.4075],[-7.4655,10.3986],[-7.4615,10.3886],[-7.4447,10.3608],[-7.4433,10.35],[-7.4458,10.3404],[-7.4444,10.3342],[-7.4314,10.3337],[-7.4222,10.3361],[-7.395,10.3462],[-7.3723,10.3448],[-7.3663,10.3294],[-7.3727,10.2886],[-7.3718,10.2645],[-7.3634,10.2522],[-7.347,10.2479],[-7.284,10.2466],[-7.2047,10.2345],[-7.1064,10.2073],[-7.0895,10.1976],[-7.0731,10.1785],[-7.0582,10.156],[-7.0405,10.1401],[-7.0158,10.1409],[-6.9924,10.1491],[-6.9716,10.1644],[-6.9594,10.1855],[-6.9616,10.211],[-6.9712,10.2221],[-6.9843,10.2304],[-6.9949,10.2394],[-6.9971,10.2528],[-6.9731,10.3323],[-6.9612,10.3449],[-6.9387,10.3483],[-6.882,10.3413],[-6.8628,10.3438],[-6.8039,10.3709],[-6.7821,10.373],[-6.7602,10.3661],[-6.7226,10.344],[-6.7003,10.3417],[-6.6774,10.349],[-6.6689,10.361],[-6.6683,10.3658],[-6.6562,10.3541],[-6.6391,10.3185],[-6.6322,10.3081],[-6.6282,10.2919],[-6.6279,10.284],[-6.6306,10.2712],[-6.6311,10.2651],[-6.6302,10.2587],[-6.6278,10.2521],[-6.6193,10.2437],[-6.6133,10.239],[-6.5818,10.2298],[-6.5805,10.2236],[-6.585,10.2019],[-6.5856,10.1894],[-6.5829,10.1723],[-6.5835,10.1672],[-6.5867,10.1638],[-6.5904,10.1607],[-6.6719,10.1169],[-6.7117,10.1042],[-6.7228,10.1024],[-6.729,10.1021],[-6.7365,10.1034],[-6.7445,10.106],[-6.7554,10.1118],[-6.7672,10.1223],[-6.7775,10.141],[-6.8149,10.1343],[-6.8283,10.1354],[-6.8553,10.1309],[-6.8732,10.1221],[-6.8849,10.1073],[-6.8771,10.0981],[-6.8762,10.0932],[-6.8768,10.0854],[-6.88,10.0772],[-6.8885,10.0641],[-6.8927,10.0545],[-6.8947,10.0416],[-6.8946,10.0337],[-6.8973,10.0251],[-6.8997,10.0195],[-6.9209,10.0001],[-6.9286,9.991],[-6.946,9.965],[-6.9475,9.9602],[-6.9471,9.9555],[-6.9421,9.9511],[-6.9361,9.9491],[-6.9298,9.9478],[-6.8028,9.9519],[-6.7967,9.9515],[-6.7908,9.9502],[-6.7859,9.9478],[-6.7819,9.9446],[-6.7784,9.9391],[-6.7707,9.9201],[-6.7664,9.9139],[-6.7621,9.9096],[-6.7582,9.9069],[-6.7545,9.9039],[-6.7513,9.8991],[-6.7489,9.8928],[-6.7427,9.8679],[-6.7402,9.8635],[-6.7345,9.8557],[-6.7332,9.8505],[-6.7336,9.8443],[-6.7395,9.8348],[-6.7442,9.8297],[-6.7483,9.823],[-6.752,9.813],[-6.7549,9.7937],[-6.7597,9.7779],[-6.7605,9.7686],[-6.7566,9.7629],[-6.747,9.7568],[-6.7429,9.7535],[-6.7403,9.7491],[-6.7401,9.7433],[-6.7419,9.7366],[-6.7472,9.7281],[-6.7504,9.7213],[-6.7499,9.7115],[-6.7474,9.7059],[-6.7444,9.701],[-6.7429,9.6968],[-6.7438,9.692],[-6.7505,9.6865],[-6.7551,9.6811],[-6.7584,9.6741],[-6.7598,9.6625],[-6.7618,9.6544],[-6.777,9.6356],[-6.7797,9.6313],[-6.7859,9.6141],[-6.7977,9.5653],[-6.7795,9.5547],[-6.7732,9.5487],[-6.7645,9.5368],[-6.7508,9.5254],[-6.7448,9.5216],[-6.7421,9.5189],[-6.7408,9.5123],[-6.7415,9.504],[-6.7454,9.4908],[-6.7495,9.4843],[-6.7542,9.4801],[-6.7591,9.4781],[-6.7635,9.4756],[-6.7667,9.4719],[-6.7685,9.4664],[-6.7708,9.4545],[-6.7728,9.4492],[-6.7755,9.445],[-6.7787,9.4421],[-6.781,9.4385],[-6.7813,9.4345],[-6.7801,9.4279],[-6.7757,9.4165],[-6.7738,9.4091],[-6.7753,9.4007],[-6.784,9.3876],[-6.7836,9.3749],[-6.78,9.3561],[-6.7682,9.3148],[-6.7538,9.2889],[-6.7502,9.2856],[-6.7475,9.2816],[-6.7409,9.2736],[-6.7369,9.2706],[-6.7349,9.2604],[-6.7359,9.2441],[-6.7474,9.1872],[-6.7483,9.1735],[-6.7404,9.1595],[-6.7387,9.1518],[-6.7383,9.1459],[-6.7466,9.1178],[-6.7831,9.0962],[-6.8077,9.0895],[-6.8168,9.0852],[-6.8292,9.0768],[-6.8414,9.0726],[-6.881,9.0633],[-6.8914,9.0582],[-6.8973,9.0523],[-6.8988,9.0459],[-6.9017,9.0386],[-6.908,9.029],[-6.9101,9.0216],[-6.9109,9.0149],[-6.9101,9.0005],[-6.91,9.0001],[-6.91,8.9999],[-6.9052,8.955],[-6.9055,8.9489],[-6.9074,8.9427],[-6.9108,8.9426],[-6.9145,8.9443],[-6.9217,8.9512],[-6.9266,8.9539],[-6.9329,8.9556],[-6.9441,8.955],[-6.9516,8.9557],[-6.9573,8.9581],[-6.961,8.9613],[-6.9665,8.9638],[-6.9733,8.9653],[-7.0017,8.9596],[-7.018,8.958],[-7.0243,8.9583],[-7.0299,8.9593],[-7.0352,8.961],[-7.0399,8.9635],[-7.0439,8.9667],[-7.0472,8.9705],[-7.0583,8.9868],[-7.0616,8.9905],[-7.0659,8.9928],[-7.0715,8.9935],[-7.089,8.9921],[-7.0949,8.9931],[-7.0996,8.9954],[-7.1032,8.9977],[-7.1054,9.0],[-7.1056,9.0001],[-7.1057,9.0004],[-7.1063,9.0011],[-7.109,9.0029],[-7.1141,9.0055],[-7.1233,9.0078],[-7.1295,9.0073],[-7.1345,9.0051],[-7.1373,9.0027],[-7.1392,9.0004],[-7.1392,9.0002],[-7.1409,8.9965],[-7.15,8.9854],[-7.1623,8.9777],[-7.1783,8.9631],[-7.1921,8.9527],[-7.2174,8.9454],[-7.2308,8.945],[-7.2327,8.943],[-7.2336,8.9387],[-7.2311,8.9345],[-7.2269,8.9323],[-7.2191,8.9317],[-7.2095,8.9292],[-7.2094,8.9234],[-7.2157,8.9118],[-7.2159,8.8984],[-7.218,8.8879],[-7.2226,8.8789],[-7.23,8.8702],[-7.2159,8.8645],[-7.2073,8.853],[-7.2031,8.8373],[-7.202,8.819],[-7.1999,8.8133],[-7.1908,8.796],[-7.189,8.7883],[-7.1913,8.781],[-7.2001,8.7726],[-7.202,8.7641],[-7.2038,8.7469],[-7.2157,8.6989],[-7.2168,8.6616],[-7.2203,8.6423],[-7.23,8.6238],[-7.2163,8.6235],[-7.2091,8.6196],[-7.2104,8.6144],[-7.2225,8.6102],[-7.2097,8.6006],[-7.199,8.582],[-7.1917,8.5612],[-7.1865,8.5236],[-7.2189,8.553],[-7.2275,8.568],[-7.2313,8.5779],[-7.2339,8.5829],[-7.2396,8.5893],[-7.2487,8.5975],[-7.2739,8.6142],[-7.2812,8.6178],[-7.2919,8.6209],[-7.3015,8.625],[-7.3102,8.6301],[-7.3235,8.6435],[-7.3502,8.6799],[-7.3601,8.6975],[-7.3651,8.7029],[-7.3719,8.7089],[-7.394,8.7227],[-7.4055,8.7284],[-7.414,8.7338],[-7.4581,8.7848],[-7.4946,8.8056],[-7.498,8.8082],[-7.5016,8.8124],[-7.5292,8.8554],[-7.5366,8.8634],[-7.5948,8.914],[-7.6259,8.9244],[-7.6446,8.9332],[-7.6528,8.9387],[-7.6601,8.9453],[-7.6664,8.9546],[-7.7113,9.0382],[-7.7363,9.0726],[-7.7482,9.0754],[-7.7468,9.0764],[-7.7594,9.0917],[-7.801,9.1148],[-7.8234,9.132],[-7.8342,9.143],[-7.8479,9.1686],[-7.8562,9.1702],[-7.8663,9.166],[-7.8787,9.1639],[-7.9296,9.1839],[-7.9306,9.2203],[-7.8949,9.3071],[-7.8917,9.3302],[-7.8654,9.4099],[-7.8706,9.4186],[-7.9119,9.4187],[-7.933,9.4143],[-7.9711,9.393],[-7.9916,9.3853],[-8.0099,9.3836],[-8.0323,9.3846],[-8.0541,9.3891],[-8.0704,9.3975],[-8.0872,9.4154],[-8.1454,9.4971],[-8.1529,9.5131],[-8.1576,9.5309],[-8.161,9.5536],[-8.1616,9.5756],[-8.1603,9.5848],[-8.1235,9.8449],[-8.1281,9.8662],[-8.1469,9.8647]]]}},{"type":"Feature","properties":{"id":"CIV-3441","name":"Dix-Huit Montagnes","nameBn":"ডিক্স-হুইট মন্টাগ্নেস","type":"Department","bounds":[-8.4854,6.586,-6.9826,8.1671],"center":[-7.7342,7.3628]},"geometry":{"type":"Polygon","coordinates":[[[-7.9626,8.0152],[-7.9656,8.0269],[-7.9469,8.0187],[-7.9285,8.0109],[-7.9053,8.0072],[-7.8986,8.0085],[-7.8951,8.0139],[-7.8907,8.0178],[-7.8837,8.0187],[-7.8707,8.0138],[-7.8563,8.0005],[-7.8558,8.0003],[-7.8558,8.0002],[-7.8555,7.9997],[-7.8537,7.9953],[-7.8524,7.9906],[-7.8502,7.9859],[-7.8443,7.9786],[-7.8434,7.9743],[-7.8447,7.9702],[-7.8465,7.9662],[-7.846,7.9623],[-7.8423,7.9599],[-7.8354,7.9579],[-7.8305,7.955],[-7.8253,7.953],[-7.821,7.9502],[-7.8136,7.9436],[-7.8093,7.9405],[-7.804,7.9377],[-7.8016,7.9328],[-7.7998,7.9275],[-7.7974,7.9228],[-7.7901,7.9163],[-7.787,7.9125],[-7.779,7.9],[-7.7767,7.8955],[-7.7715,7.8913],[-7.7612,7.8881],[-7.7405,7.8848],[-7.7236,7.8794],[-7.7161,7.8738],[-7.712,7.8685],[-7.7078,7.8651],[-7.7021,7.8616],[-7.6991,7.8573],[-7.6963,7.8477],[-7.6927,7.8458],[-7.6886,7.8467],[-7.6813,7.8541],[-7.6773,7.8529],[-7.6742,7.8497],[-7.6713,7.8458],[-7.6685,7.8428],[-7.6631,7.8429],[-7.656,7.8453],[-7.6408,7.8534],[-7.6298,7.8643],[-7.6247,7.8682],[-7.6214,7.8721],[-7.6181,7.8751],[-7.6151,7.8753],[-7.6115,7.8719],[-7.6094,7.8669],[-7.6066,7.8625],[-7.6021,7.8615],[-7.5949,7.8621],[-7.586,7.8657],[-7.5774,7.8647],[-7.5701,7.8652],[-7.5631,7.8668],[-7.5534,7.8726],[-7.5436,7.8816],[-7.5394,7.884],[-7.5342,7.8858],[-7.5279,7.8861],[-7.5237,7.8909],[-7.5206,7.8953],[-7.5172,7.899],[-7.5141,7.9014],[-7.5106,7.9036],[-7.5086,7.9067],[-7.5097,7.9104],[-7.5117,7.9144],[-7.5133,7.9186],[-7.5126,7.9225],[-7.5091,7.9258],[-7.504,7.9292],[-7.4969,7.935],[-7.4953,7.9402],[-7.4954,7.9456],[-7.4966,7.9508],[-7.4977,7.9819],[-7.4989,7.9864],[-7.5,7.9894],[-7.5063,8.0002],[-7.5071,8.002],[-7.508,8.0057],[-7.5083,8.0111],[-7.5074,8.0165],[-7.5055,8.0211],[-7.5009,8.0279],[-7.4999,8.0297],[-7.5005,8.0317],[-7.502,8.0341],[-7.508,8.0406],[-7.5108,8.0447],[-7.5126,8.0498],[-7.5136,8.0558],[-7.5122,8.081],[-7.5031,8.1149],[-7.4996,8.1215],[-7.4974,8.1246],[-7.4946,8.1279],[-7.4874,8.1343],[-7.4717,8.1459],[-7.4648,8.1525],[-7.4588,8.1601],[-7.4549,8.1637],[-7.4497,8.1668],[-7.441,8.1671],[-7.4339,8.1647],[-7.4186,8.1515],[-7.408,8.1442],[-7.4029,8.1391],[-7.3989,8.1343],[-7.3941,8.1253],[-7.391,8.1213],[-7.3856,8.1176],[-7.3778,8.1146],[-7.3428,8.1064],[-7.326,8.0983],[-7.2893,8.0748],[-7.2855,8.0717],[-7.2823,8.0675],[-7.2485,8.0131],[-7.2395,7.9948],[-7.2099,7.9886],[-7.0838,7.9893],[-7.0716,7.9585],[-7.0717,7.938],[-7.0786,7.9261],[-7.0887,7.9167],[-7.099,7.9038],[-7.1027,7.8964],[-7.1047,7.8899],[-7.1058,7.8737],[-7.1038,7.8636],[-7.0948,7.8529],[-7.0928,7.8458],[-7.089,7.7805],[-7.0826,7.7458],[-7.0716,7.7195],[-7.0708,7.7081],[-7.0713,7.6972],[-7.074,7.6871],[-7.0791,7.6779],[-7.0726,7.6618],[-7.0616,7.618],[-7.0549,7.609],[-7.033,7.6158],[-7.0218,7.6158],[-7.0126,7.5981],[-6.9909,7.5954],[-6.9829,7.5891],[-6.9826,7.5693],[-6.9974,7.5588],[-7.0153,7.5506],[-7.0239,7.5376],[-7.0181,7.5137],[-7.0171,7.5035],[-7.0181,7.5003],[-7.0205,7.4985],[-7.0228,7.4958],[-7.0239,7.4898],[-7.021,7.4862],[-7.0075,7.4784],[-7.0034,7.4725],[-7.0059,7.4455],[-7.0231,7.4346],[-7.0426,7.4279],[-7.0518,7.4141],[-7.0549,7.403],[-7.0617,7.3932],[-7.0685,7.3854],[-7.0738,7.3766],[-7.0785,7.3748],[-7.0832,7.3721],[-7.0853,7.366],[-7.0844,7.3594],[-7.0803,7.3489],[-7.0711,7.299],[-7.0693,7.2744],[-7.0754,7.2571],[-7.0805,7.2465],[-7.0786,7.2354],[-7.0742,7.2248],[-7.0716,7.2155],[-7.0786,7.1814],[-7.0791,7.1708],[-7.0407,7.0791],[-7.0393,7.0639],[-7.0426,7.0498],[-7.0601,6.9928],[-7.0648,6.9612],[-7.0648,6.9501],[-7.0627,6.9295],[-7.0697,6.9298],[-7.1167,6.9379],[-7.1314,6.9439],[-7.1559,6.9605],[-7.1606,6.9628],[-7.1711,6.9632],[-7.2477,6.9551],[-7.2816,6.9633],[-7.2877,6.9639],[-7.3013,6.9643],[-7.3952,6.9487],[-7.4237,6.9411],[-7.4339,6.9395],[-7.5394,6.9391],[-7.6038,6.9293],[-7.6163,6.9061],[-7.6181,6.8992],[-7.6221,6.847],[-7.6356,6.8442],[-7.8027,6.8419],[-7.8191,6.8432],[-7.8335,6.8462],[-7.8427,6.855],[-7.847,6.8615],[-7.8584,6.8933],[-7.863,6.9026],[-7.868,6.907],[-7.8755,6.9111],[-7.8997,6.918],[-7.9137,6.9203],[-7.9212,6.9235],[-7.9298,6.9289],[-7.9509,6.9483],[-7.959,6.9543],[-7.9639,6.9574],[-7.9897,6.9684],[-8.0121,6.9607],[-8.0515,6.9231],[-8.0629,6.9171],[-8.0711,6.9152],[-8.0762,6.9166],[-8.0793,6.9136],[-8.0818,6.9085],[-8.0862,6.9022],[-8.0918,6.8987],[-8.0994,6.8954],[-8.1006,6.8923],[-8.0975,6.8854],[-8.1019,6.8721],[-8.11,6.8552],[-8.1118,6.8489],[-8.1119,6.8438],[-8.1103,6.8401],[-8.1071,6.8392],[-8.1035,6.8386],[-8.1009,6.8352],[-8.0914,6.8109],[-8.0921,6.8048],[-8.0962,6.8023],[-8.1023,6.8],[-8.1102,6.7957],[-8.1195,6.7882],[-8.1312,6.7814],[-8.137,6.7787],[-8.1425,6.7709],[-8.154,6.7624],[-8.1562,6.7582],[-8.1565,6.7483],[-8.16,6.7279],[-8.1643,6.717],[-8.1721,6.7092],[-8.1781,6.7053],[-8.1839,6.7047],[-8.1875,6.707],[-8.1896,6.7108],[-8.1901,6.715],[-8.1924,6.7181],[-8.1984,6.7179],[-8.2184,6.7056],[-8.2216,6.6998],[-8.2206,6.6959],[-8.214,6.682],[-8.2136,6.6751],[-8.2171,6.6725],[-8.2272,6.6708],[-8.232,6.6694],[-8.2372,6.6686],[-8.2477,6.6701],[-8.2501,6.668],[-8.248,6.6598],[-8.2477,6.6542],[-8.2497,6.6477],[-8.2504,6.6422],[-8.2495,6.6369],[-8.2493,6.6321],[-8.2502,6.626],[-8.2575,6.6223],[-8.2818,6.6033],[-8.2885,6.6022],[-8.3012,6.5978],[-8.3093,6.5939],[-8.3203,6.586],[-8.3277,6.5862],[-8.337,6.59],[-8.435,6.6526],[-8.4416,6.6553],[-8.3518,6.7554],[-8.3375,6.7773],[-8.325,6.8063],[-8.3166,6.8363],[-8.315,6.8503],[-8.3157,6.8638],[-8.3206,6.8697],[-8.3288,6.8751],[-8.3337,6.8826],[-8.3209,6.9102],[-8.32,6.9258],[-8.3212,6.9423],[-8.32,6.96],[-8.3146,6.9686],[-8.2941,6.9844],[-8.2866,6.9938],[-8.2841,7.0179],[-8.3012,7.1132],[-8.3026,7.1376],[-8.3054,7.1469],[-8.3115,7.1573],[-8.3262,7.1721],[-8.3297,7.1783],[-8.3306,7.1847],[-8.3285,7.1974],[-8.329,7.204],[-8.333,7.2119],[-8.345,7.2268],[-8.3497,7.2347],[-8.3575,7.2657],[-8.364,7.2789],[-8.3811,7.303],[-8.3877,7.315],[-8.393,7.3343],[-8.4051,7.4313],[-8.4256,7.5019],[-8.4436,7.5371],[-8.4854,7.558],[-8.44,7.5999],[-8.4148,7.6129],[-8.3909,7.5858],[-8.3723,7.5873],[-8.3368,7.5978],[-8.3032,7.5893],[-8.2654,7.5601],[-8.229,7.5443],[-8.2002,7.5763],[-8.1998,7.5834],[-8.203,7.5996],[-8.2026,7.6072],[-8.1979,7.6186],[-8.1779,7.6439],[-8.1734,7.6478],[-8.1621,7.6542],[-8.158,7.6582],[-8.1574,7.6624],[-8.1602,7.6722],[-8.1595,7.6763],[-8.1274,7.713],[-8.1226,7.7275],[-8.119,7.7608],[-8.1151,7.7769],[-8.1105,7.7824],[-8.1039,7.7863],[-8.0983,7.7919],[-8.0963,7.8019],[-8.1014,7.8128],[-8.1238,7.832],[-8.1312,7.8424],[-8.1289,7.8826],[-8.0791,7.9577],[-8.0689,7.9966],[-8.0672,8.0208],[-8.0691,8.0293],[-8.0538,8.0288],[-8.012,8.0356],[-8.0022,8.0324],[-7.9925,8.0242],[-7.9804,8.0166],[-7.9626,8.0152]]]}},{"type":"Feature","properties":{"id":"CIV-3445","name":"Fromager","nameBn":"ফ্রওমাজের","type":"Region","bounds":[-6.3999,5.6782,-5.2127,6.6407],"center":[-5.8063,6.2178]},"geometry":{"type":"Polygon","coordinates":[[[-5.4817,6.6407],[-5.4152,6.6401],[-5.4134,6.6401],[-5.4138,6.6333],[-5.4094,6.614],[-5.3981,6.6071],[-5.3436,6.6081],[-5.3208,6.6021],[-5.3085,6.5892],[-5.3176,6.5675],[-5.314,6.5517],[-5.324,6.5375],[-5.3369,6.519],[-5.3207,6.5129],[-5.3082,6.5114],[-5.3056,6.5073],[-5.3108,6.4924],[-5.3127,6.4796],[-5.3154,6.4748],[-5.3207,6.4688],[-5.3244,6.461],[-5.3203,6.4554],[-5.3139,6.4505],[-5.3108,6.4446],[-5.3122,6.4177],[-5.3109,6.3986],[-5.3035,6.3827],[-5.2866,6.3658],[-5.27,6.3607],[-5.2349,6.3728],[-5.2153,6.3668],[-5.2143,6.3319],[-5.2127,6.3257],[-5.2149,6.2993],[-5.2444,6.2181],[-5.2907,6.2306],[-5.3126,6.2339],[-5.5052,6.1668],[-5.7288,6.1962],[-5.7569,6.1398],[-5.7629,6.1183],[-5.7587,6.0819],[-5.7538,6.0606],[-5.7538,6.0514],[-5.7814,6.0003],[-5.7799,5.9822],[-5.7814,5.9636],[-5.7848,5.9569],[-5.7905,5.9501],[-5.8041,5.9408],[-5.8133,5.9377],[-5.8212,5.9368],[-5.8671,5.895],[-6.0516,5.6782],[-6.0545,5.6894],[-6.0571,5.6925],[-6.0623,5.6946],[-6.0662,5.6979],[-6.068,5.7045],[-6.0677,5.7105],[-6.0659,5.7215],[-6.0668,5.7265],[-6.0688,5.7311],[-6.072,5.7348],[-6.0939,5.7528],[-6.1023,5.7715],[-6.1063,5.777],[-6.13,5.7918],[-6.1375,5.7949],[-6.1609,5.7943],[-6.2186,5.7781],[-6.2486,5.8444],[-6.254,5.8532],[-6.2587,5.8591],[-6.2629,5.8619],[-6.2707,5.8684],[-6.2741,5.8745],[-6.2771,5.8839],[-6.2821,5.9399],[-6.2839,5.9479],[-6.287,5.9566],[-6.2948,5.9715],[-6.2997,5.9791],[-6.3076,5.9885],[-6.3207,6.0001],[-6.3208,6.0002],[-6.321,6.0003],[-6.3233,6.0022],[-6.3291,6.0078],[-6.3353,6.0152],[-6.355,6.0501],[-6.3746,6.1034],[-6.3873,6.1508],[-6.3999,6.3048],[-6.3704,6.3086],[-6.3338,6.3183],[-6.3034,6.331],[-6.2861,6.335],[-6.2719,6.337],[-6.2216,6.3334],[-6.2108,6.3356],[-6.2018,6.3405],[-6.1436,6.389],[-6.1394,6.3912],[-6.1346,6.3917],[-6.1296,6.3906],[-6.1247,6.3886],[-6.1063,6.3789],[-6.0986,6.3737],[-6.0922,6.378],[-6.084,6.3886],[-6.0599,6.4348],[-6.0511,6.4595],[-6.0408,6.5198],[-5.7399,6.4886],[-5.7104,6.495],[-5.5121,6.6292],[-5.4817,6.6407]]]}},{"type":"Feature","properties":{"id":"CIV-3446","name":"Haut-Sassandra","nameBn":"হাঊট সাসান্ড্রা","type":"Department","bounds":[-7.0853,6.2467,-5.9319,7.7856],"center":[-6.5086,7.0139]},"geometry":{"type":"Polygon","coordinates":[[[-7.0549,7.609],[-7.0616,7.618],[-7.0726,7.6618],[-7.0791,7.6779],[-7.074,7.6871],[-7.0713,7.6972],[-7.0708,7.7081],[-7.0716,7.7195],[-7.0477,7.7445],[-7.0256,7.7577],[-6.9972,7.7641],[-6.6304,7.7856],[-6.4817,7.7427],[-6.4589,7.741],[-6.4287,7.7424],[-6.2796,7.778],[-6.2488,7.7767],[-6.2367,7.7502],[-6.2254,7.7313],[-6.2234,7.7265],[-6.2219,7.721],[-6.2183,7.6902],[-6.2139,7.6844],[-6.2048,7.6782],[-6.1669,7.6625],[-6.1404,7.6543],[-6.1236,7.6435],[-6.1057,7.6184],[-6.3008,7.5112],[-6.3144,7.5002],[-6.3252,7.478],[-6.3323,7.4527],[-6.3449,7.4295],[-6.398,7.3496],[-6.4458,7.2548],[-6.4436,7.234],[-6.4207,7.2427],[-6.4098,7.2487],[-6.3972,7.2525],[-6.3878,7.2513],[-6.3784,7.2433],[-6.371,7.2352],[-6.3649,7.2269],[-6.3583,7.2218],[-6.3493,7.218],[-6.3344,7.2173],[-6.3008,7.2111],[-6.2737,7.2108],[-6.2532,7.2129],[-6.2329,7.218],[-6.2267,7.2321],[-6.2244,7.2474],[-6.2247,7.2758],[-6.2236,7.2813],[-6.2205,7.2851],[-6.211,7.2889],[-6.2049,7.2898],[-6.1914,7.2901],[-6.1718,7.2881],[-6.1272,7.2769],[-6.1194,7.2667],[-6.1146,7.2532],[-6.1122,7.249],[-6.1087,7.2457],[-6.1024,7.2425],[-6.076,7.2329],[-6.0304,7.2085],[-6.0185,7.2037],[-5.9997,7.1891],[-5.9963,7.1876],[-5.9714,7.1842],[-5.9319,7.1654],[-5.9426,7.1531],[-5.9452,7.1489],[-5.9472,7.1412],[-5.9547,7.1381],[-5.9679,7.1356],[-5.9964,7.1332],[-6.0184,7.1294],[-6.1984,7.0138],[-6.2111,7.0004],[-6.2164,6.9834],[-6.2187,6.9663],[-6.2199,6.9318],[-6.2178,6.9118],[-6.212,6.8895],[-6.1756,6.8151],[-6.1734,6.7984],[-6.173,6.7645],[-6.1651,6.7276],[-6.1263,6.6762],[-6.0916,6.6284],[-6.0954,6.604],[-6.0888,6.5697],[-6.0408,6.5198],[-6.0511,6.4595],[-6.0599,6.4348],[-6.084,6.3886],[-6.0922,6.378],[-6.0986,6.3737],[-6.1063,6.3789],[-6.1247,6.3886],[-6.1296,6.3906],[-6.1346,6.3917],[-6.1394,6.3912],[-6.1436,6.389],[-6.2018,6.3405],[-6.2108,6.3356],[-6.2216,6.3334],[-6.2719,6.337],[-6.2861,6.335],[-6.3034,6.331],[-6.3338,6.3183],[-6.3704,6.3086],[-6.3999,6.3048],[-6.4245,6.3008],[-6.4859,6.2758],[-6.503,6.2757],[-6.5208,6.2813],[-6.5706,6.3114],[-6.5818,6.3156],[-6.59,6.311],[-6.6645,6.2556],[-6.6751,6.2496],[-6.6848,6.2475],[-6.8284,6.2467],[-6.8398,6.2498],[-6.8542,6.2595],[-6.9698,6.398],[-6.9902,6.45],[-6.9904,6.4555],[-6.9859,6.4633],[-6.9814,6.4669],[-6.9761,6.4697],[-6.9708,6.4707],[-6.9609,6.4736],[-6.9572,6.4761],[-6.9549,6.4795],[-6.9535,6.4845],[-6.9532,6.4914],[-6.9535,6.4997],[-6.9554,6.511],[-6.9636,6.529],[-6.9974,6.5579],[-7.0065,6.5652],[-7.0099,6.569],[-7.0065,6.5863],[-6.9752,6.634],[-6.9781,6.6625],[-6.9759,6.6759],[-6.9736,6.6805],[-6.9717,6.6855],[-6.9706,6.6909],[-6.9699,6.6967],[-6.987,6.7822],[-6.9914,6.794],[-6.997,6.8037],[-7.0097,6.8193],[-7.017,6.8263],[-7.0233,6.8314],[-7.0434,6.8387],[-7.048,6.841],[-7.052,6.8452],[-7.0557,6.8507],[-7.0602,6.8595],[-7.0619,6.8673],[-7.062,6.8753],[-7.0575,6.8862],[-7.0536,6.8923],[-7.0498,6.8973],[-7.048,6.9075],[-7.0627,6.9295],[-7.0648,6.9501],[-7.0648,6.9612],[-7.0601,6.9928],[-7.0426,7.0498],[-7.0393,7.0639],[-7.0407,7.0791],[-7.0791,7.1708],[-7.0786,7.1814],[-7.0716,7.2155],[-7.0742,7.2248],[-7.0786,7.2354],[-7.0805,7.2465],[-7.0754,7.2571],[-7.0693,7.2744],[-7.0711,7.299],[-7.0803,7.3489],[-7.0844,7.3594],[-7.0853,7.366],[-7.0832,7.3721],[-7.0785,7.3748],[-7.0738,7.3766],[-7.0685,7.3854],[-7.0617,7.3932],[-7.0549,7.403],[-7.0518,7.4141],[-7.0426,7.4279],[-7.0231,7.4346],[-7.0059,7.4455],[-7.0034,7.4725],[-7.0075,7.4784],[-7.021,7.4862],[-7.0239,7.4898],[-7.0228,7.4958],[-7.0205,7.4985],[-7.0181,7.5003],[-7.0171,7.5035],[-7.0181,7.5137],[-7.0239,7.5376],[-7.0153,7.5506],[-6.9974,7.5588],[-6.9826,7.5693],[-6.9829,7.5891],[-6.9909,7.5954],[-7.0126,7.5981],[-7.0218,7.6158],[-7.033,7.6158],[-7.0549,7.609]]]}},{"type":"Feature","properties":{"id":"CIV-3461","name":"Lacs","nameBn":"লাক অঞ্চল","type":"Department","bounds":[-5.6762,6.2356,-4.6321,7.5493],"center":[-5.1541,6.8518]},"geometry":{"type":"Polygon","coordinates":[[[-4.7402,6.6011],[-4.7661,6.5948],[-4.7685,6.5914],[-4.7693,6.5877],[-4.7659,6.5847],[-4.7636,6.5811],[-4.7627,6.5717],[-4.7606,6.5666],[-4.7579,6.5617],[-4.756,6.5541],[-4.7582,6.5502],[-4.7625,6.5482],[-4.7781,6.5508],[-4.7839,6.5485],[-4.7856,6.5442],[-4.7869,6.5292],[-4.7914,6.5139],[-4.7931,6.5027],[-4.7938,6.4888],[-4.7908,6.4831],[-4.7863,6.4804],[-4.7808,6.4807],[-4.7757,6.4823],[-4.7662,6.4862],[-4.7612,6.4869],[-4.7458,6.483],[-4.7397,6.4789],[-4.7343,6.4718],[-4.729,6.4556],[-4.7285,6.4477],[-4.7315,6.4439],[-4.735,6.443],[-4.7382,6.4378],[-4.7374,6.4337],[-4.7334,6.4308],[-4.728,6.4294],[-4.7229,6.4253],[-4.7221,6.4192],[-4.7227,6.4099],[-4.7211,6.4051],[-4.7165,6.4028],[-4.7054,6.4023],[-4.7016,6.4007],[-4.702,6.3973],[-4.7055,6.3945],[-4.7105,6.3917],[-4.7099,6.3883],[-4.6996,6.3788],[-4.698,6.3735],[-4.6991,6.3667],[-4.7021,6.359],[-4.7047,6.344],[-4.7077,6.336],[-4.7119,6.3313],[-4.7154,6.3282],[-4.7246,6.3086],[-4.7233,6.3053],[-4.7192,6.3042],[-4.7089,6.3057],[-4.7038,6.3053],[-4.6997,6.3018],[-4.697,6.2962],[-4.6942,6.2882],[-4.695,6.2841],[-4.7015,6.282],[-4.7259,6.2533],[-4.7491,6.243],[-4.7779,6.2411],[-4.8093,6.2427],[-4.8188,6.2461],[-4.8242,6.2469],[-4.833,6.2492],[-4.8378,6.251],[-4.8532,6.2545],[-4.8674,6.2557],[-4.8758,6.2551],[-4.937,6.237],[-4.9465,6.2356],[-4.9733,6.2363],[-5.0068,6.2416],[-5.025,6.2519],[-5.1787,6.377],[-5.1872,6.3807],[-5.1933,6.3807],[-5.1979,6.3786],[-5.2153,6.3668],[-5.2349,6.3728],[-5.27,6.3607],[-5.2866,6.3658],[-5.3035,6.3827],[-5.3109,6.3986],[-5.3122,6.4177],[-5.3108,6.4446],[-5.3139,6.4505],[-5.3203,6.4554],[-5.3244,6.461],[-5.3207,6.4688],[-5.3154,6.4748],[-5.3127,6.4796],[-5.3108,6.4924],[-5.3056,6.5073],[-5.3082,6.5114],[-5.3207,6.5129],[-5.3369,6.519],[-5.324,6.5375],[-5.314,6.5517],[-5.3176,6.5675],[-5.3085,6.5892],[-5.3208,6.6021],[-5.3436,6.6081],[-5.3981,6.6071],[-5.4094,6.614],[-5.4138,6.6333],[-5.4134,6.6401],[-5.4133,6.6413],[-5.4099,6.6915],[-5.4138,6.7121],[-5.4241,6.7346],[-5.4349,6.7581],[-5.4371,6.7667],[-5.486,6.8131],[-5.4957,6.8248],[-5.5015,6.8466],[-5.5288,6.8779],[-5.5374,6.8965],[-5.5355,6.9149],[-5.5146,6.9313],[-5.5094,6.9483],[-5.5077,6.9645],[-5.499,6.9929],[-5.4958,7.0006],[-5.4888,7.0123],[-5.4785,7.0161],[-5.4664,7.0221],[-5.4623,7.0252],[-5.4592,7.029],[-5.4587,7.0332],[-5.4611,7.0372],[-5.4807,7.0429],[-5.4856,7.045],[-5.4898,7.0475],[-5.4941,7.0508],[-5.4986,7.0557],[-5.5035,7.063],[-5.5066,7.0738],[-5.5072,7.0814],[-5.506,7.0876],[-5.5005,7.1007],[-5.4928,7.1294],[-5.4939,7.1353],[-5.4973,7.1403],[-5.5243,7.1507],[-5.5312,7.1525],[-5.5377,7.1532],[-5.547,7.1516],[-5.5523,7.1496],[-5.5554,7.1471],[-5.5596,7.1445],[-5.5641,7.1423],[-5.5694,7.1409],[-5.5748,7.141],[-5.5811,7.1423],[-5.5872,7.145],[-5.5958,7.151],[-5.6009,7.1567],[-5.604,7.1672],[-5.6043,7.1734],[-5.6058,7.1794],[-5.6177,7.1872],[-5.6348,7.2011],[-5.6424,7.2038],[-5.6489,7.2044],[-5.6547,7.2042],[-5.6597,7.205],[-5.6645,7.2075],[-5.6683,7.2118],[-5.6747,7.2236],[-5.6762,7.2285],[-5.675,7.2327],[-5.6694,7.2357],[-5.6656,7.2388],[-5.6629,7.2431],[-5.6649,7.2481],[-5.6622,7.257],[-5.6328,7.2534],[-5.6165,7.2537],[-5.5014,7.2822],[-5.4599,7.2995],[-5.4529,7.3007],[-5.4454,7.3004],[-5.4365,7.2967],[-5.4303,7.2917],[-5.4254,7.2861],[-5.4052,7.2569],[-5.3877,7.2378],[-5.3818,7.2333],[-5.3757,7.2301],[-5.3694,7.2279],[-5.3618,7.2276],[-5.3525,7.2289],[-5.321,7.2374],[-5.3144,7.2375],[-5.2956,7.2345],[-5.2886,7.2363],[-5.281,7.2412],[-5.2625,7.2646],[-5.2548,7.2723],[-5.2426,7.2779],[-5.2345,7.2787],[-5.2272,7.2785],[-5.2213,7.2804],[-5.2157,7.287],[-5.205,7.3105],[-5.1869,7.3309],[-5.0747,7.3849],[-5.0644,7.3934],[-5.0582,7.4008],[-5.0559,7.4071],[-5.0497,7.4199],[-5.0457,7.4261],[-5.041,7.4318],[-5.0354,7.4373],[-5.0289,7.4423],[-5.0149,7.4507],[-4.9585,7.4717],[-4.9462,7.4792],[-4.9382,7.4867],[-4.9233,7.5143],[-4.906,7.5358],[-4.8943,7.5417],[-4.8788,7.5456],[-4.8197,7.5493],[-4.812,7.5487],[-4.8037,7.5459],[-4.7907,7.538],[-4.7724,7.5198],[-4.7667,7.5161],[-4.7412,7.5133],[-4.661,7.5162],[-4.6369,7.4703],[-4.6346,7.4641],[-4.6321,7.449],[-4.6706,7.4491],[-4.6966,7.4423],[-4.7094,7.4364],[-4.7258,7.4268],[-4.7305,7.4167],[-4.7316,7.4061],[-4.7089,7.2807],[-4.7084,7.2692],[-4.7595,7.1045],[-4.7679,7.0858],[-4.7706,7.0761],[-4.8014,7.0275],[-4.8148,7.0152],[-4.8174,7.0103],[-4.8182,7.0052],[-4.8179,7.0006],[-4.8175,6.9992],[-4.8084,6.9771],[-4.7994,6.9532],[-4.8,6.9475],[-4.8016,6.9402],[-4.8082,6.925],[-4.8087,6.9181],[-4.8076,6.9114],[-4.8015,6.897],[-4.8011,6.8896],[-4.8036,6.8824],[-4.8072,6.8778],[-4.8109,6.8743],[-4.8197,6.8693],[-4.9111,6.828],[-4.9188,6.828],[-4.9233,6.8289],[-4.9314,6.8329],[-4.954,6.8214],[-4.9552,6.8164],[-4.9553,6.812],[-4.9591,6.7886],[-4.9716,6.7482],[-4.9672,6.7337],[-4.9616,6.73],[-4.9538,6.7228],[-4.9437,6.7159],[-4.9412,6.7101],[-4.9419,6.7054],[-4.9446,6.701],[-4.9474,6.6894],[-4.9532,6.6775],[-4.954,6.6653],[-4.9513,6.6586],[-4.9386,6.6443],[-4.9321,6.6411],[-4.926,6.6396],[-4.9231,6.6362],[-4.9214,6.6314],[-4.9209,6.6264],[-4.9218,6.6226],[-4.9249,6.6203],[-4.9271,6.6175],[-4.9271,6.6078],[-4.9215,6.6],[-4.9163,6.5951],[-4.9104,6.5926],[-4.905,6.5918],[-4.9,6.5922],[-4.8965,6.5946],[-4.8953,6.5991],[-4.8955,6.6038],[-4.8944,6.6077],[-4.8909,6.6103],[-4.8854,6.6112],[-4.8732,6.6119],[-4.8679,6.6132],[-4.8638,6.6156],[-4.8562,6.6218],[-4.8518,6.6244],[-4.8471,6.6265],[-4.8419,6.6275],[-4.837,6.628],[-4.8231,6.625],[-4.8181,6.6254],[-4.8134,6.6264],[-4.809,6.6262],[-4.7402,6.6011]]]}},{"type":"Feature","properties":{"id":"CIV-3458","name":"Lagunes","nameBn":"লাগুনেস অঞ্চল","type":"Department","bounds":[-5.4429,5.0989,-3.4023,6.3807],"center":[-4.4285,5.4607]},"geometry":{"type":"MultiPolygon","coordinates":[[[[-5.3245,5.1908],[-5.324,5.1901],[-5.317,5.1942],[-5.3115,5.1958],[-5.2974,5.1976],[-5.2974,5.1901],[-5.305,5.1816],[-5.3284,5.1701],[-5.3383,5.1635],[-5.3383,5.1833],[-5.3525,5.1418],[-5.3594,5.1286],[-5.3929,5.1771],[-5.4004,5.1771],[-5.4008,5.174],[-5.4004,5.1635],[-5.4139,5.1703],[-5.399,5.142],[-5.3579,5.1235],[-5.3088,5.1181],[-5.2694,5.1286],[-5.2855,5.1408],[-5.3024,5.1404],[-5.3201,5.1376],[-5.3383,5.1423],[-5.3383,5.1491],[-5.3281,5.1485],[-5.3199,5.1498],[-5.3126,5.1526],[-5.3048,5.1566],[-5.2995,5.161],[-5.2869,5.1741],[-5.2831,5.1771],[-5.2681,5.1737],[-5.2516,5.1654],[-5.2355,5.1613],[-5.2216,5.1703],[-5.2093,5.1628],[-5.1971,5.1601],[-5.1869,5.1643],[-5.1807,5.1771],[-5.199,5.1744],[-5.207,5.1824],[-5.2138,5.193],[-5.2284,5.1976],[-5.2284,5.2044],[-5.2148,5.1976],[-5.1814,5.2023],[-5.1208,5.167],[-5.095,5.1737],[-5.0809,5.1848],[-5.0677,5.187],[-5.0332,5.1833],[-5.0291,5.1757],[-5.0234,5.1585],[-5.0149,5.1401],[-5.0024,5.1286],[-5.2554,5.121],[-5.2943,5.106],[-5.4283,5.0989],[-5.4429,5.2334],[-5.4357,5.2599],[-5.4229,5.2578],[-5.4122,5.2543],[-5.4032,5.2494],[-5.3513,5.2053],[-5.3402,5.1978],[-5.326,5.1913],[-5.3245,5.1908]]],[[[-3.5388,5.1573],[-3.632,5.1771],[-3.6785,5.1798],[-3.7101,5.1861],[-3.718,5.1887],[-3.7214,5.1938],[-3.7196,5.2031],[-3.7173,5.2102],[-3.7189,5.217],[-3.7289,5.2255],[-3.7214,5.2385],[-3.7317,5.23],[-3.7397,5.2171],[-3.7452,5.2027],[-3.748,5.1901],[-3.7555,5.1901],[-3.7675,5.197],[-3.7869,5.199],[-3.8275,5.1976],[-3.8409,5.2012],[-3.8859,5.2255],[-3.9558,5.2346],[-3.987,5.244],[-4.0019,5.2665],[-3.9834,5.2603],[-3.9623,5.2624],[-3.9438,5.2718],[-3.933,5.2869],[-3.9184,5.269],[-3.9113,5.2619],[-3.9029,5.259],[-3.8964,5.2615],[-3.8937,5.2675],[-3.8948,5.2745],[-3.8995,5.2802],[-3.8995,5.2869],[-3.8857,5.2839],[-3.8512,5.2698],[-3.8443,5.2696],[-3.8341,5.2729],[-3.8116,5.2641],[-3.7754,5.2448],[-3.7777,5.2512],[-3.7794,5.2612],[-3.7822,5.2665],[-3.7667,5.2661],[-3.7398,5.2624],[-3.7289,5.2665],[-3.7157,5.2823],[-3.7219,5.291],[-3.7348,5.2985],[-3.7419,5.3105],[-3.7533,5.3438],[-3.7555,5.3583],[-3.7589,5.3662],[-3.7672,5.3715],[-3.7781,5.3728],[-3.789,5.3688],[-3.7955,5.3732],[-3.8049,5.376],[-3.8133,5.3744],[-3.817,5.3655],[-3.814,5.3598],[-3.7927,5.3446],[-3.7674,5.3106],[-3.7523,5.2946],[-3.735,5.2869],[-3.744,5.274],[-3.7594,5.2754],[-3.7763,5.279],[-3.789,5.2727],[-3.7965,5.2727],[-3.809,5.2878],[-3.8183,5.2917],[-3.8287,5.2912],[-3.8443,5.2932],[-3.8549,5.2969],[-3.8667,5.3036],[-3.8759,5.3134],[-3.8784,5.3266],[-3.8832,5.3222],[-3.8891,5.3178],[-3.892,5.3136],[-3.8961,5.3218],[-3.8988,5.3297],[-3.9001,5.338],[-3.8995,5.3484],[-3.9063,5.3484],[-3.9077,5.3343],[-3.9126,5.3222],[-3.921,5.3162],[-3.933,5.3205],[-3.9407,5.3146],[-3.9516,5.3129],[-3.9635,5.3149],[-3.9746,5.3205],[-3.998,5.3168],[-4.0093,5.3136],[-3.9996,5.3046],[-3.984,5.3009],[-3.9674,5.3019],[-3.9547,5.3074],[-3.9405,5.2932],[-3.9538,5.2829],[-3.971,5.273],[-3.9891,5.2691],[-4.0056,5.2764],[-4.0181,5.2836],[-4.04,5.2934],[-4.0609,5.2995],[-4.0702,5.2966],[-4.0785,5.2878],[-4.0969,5.2927],[-4.1255,5.3074],[-4.1387,5.3034],[-4.1494,5.2966],[-4.1601,5.2934],[-4.1739,5.3],[-4.1797,5.2942],[-4.1862,5.2941],[-4.1933,5.2988],[-4.2006,5.3074],[-4.2278,5.289],[-4.241,5.2839],[-4.2558,5.2869],[-4.2538,5.2915],[-4.2509,5.303],[-4.2489,5.3074],[-4.2746,5.3124],[-4.2856,5.3105],[-4.2974,5.3],[-4.3048,5.3068],[-4.3138,5.3112],[-4.3214,5.311],[-4.3276,5.2952],[-4.3435,5.2826],[-4.3513,5.2727],[-4.3585,5.28],[-4.3705,5.2892],[-4.3833,5.297],[-4.3924,5.3],[-4.4029,5.2943],[-4.4134,5.2851],[-4.4238,5.2816],[-4.4339,5.2932],[-4.4309,5.2954],[-4.4297,5.2956],[-4.4287,5.2964],[-4.4265,5.3],[-4.4635,5.2982],[-4.4777,5.2913],[-4.4817,5.2727],[-4.4722,5.2775],[-4.4638,5.2761],[-4.4574,5.2696],[-4.4537,5.259],[-4.4728,5.2634],[-4.5438,5.2665],[-4.5477,5.276],[-4.5525,5.2845],[-4.5636,5.3],[-4.5693,5.2904],[-4.5697,5.2825],[-4.5655,5.2765],[-4.5575,5.2727],[-4.5575,5.2665],[-4.5755,5.263],[-4.5892,5.2566],[-4.6121,5.2385],[-4.6306,5.2506],[-4.652,5.2492],[-4.6706,5.2407],[-4.6803,5.2317],[-4.6872,5.2317],[-4.6938,5.2346],[-4.7025,5.2399],[-4.7102,5.2462],[-4.7145,5.2522],[-4.7028,5.2574],[-4.693,5.2563],[-4.6821,5.253],[-4.6673,5.2522],[-4.6694,5.2619],[-4.6726,5.2681],[-4.6781,5.2714],[-4.6872,5.2727],[-4.6872,5.2802],[-4.6769,5.2848],[-4.6704,5.2919],[-4.6673,5.3015],[-4.6673,5.3136],[-4.6735,5.3136],[-4.6858,5.2906],[-4.7025,5.2783],[-4.7236,5.2735],[-4.7493,5.2727],[-4.7222,5.2523],[-4.7422,5.2346],[-4.7794,5.2189],[-4.8038,5.2044],[-4.81,5.1899],[-4.8086,5.1805],[-4.7995,5.1745],[-4.7834,5.1703],[-4.7655,5.1693],[-4.7477,5.1723],[-4.7375,5.1793],[-4.7424,5.1901],[-4.7424,5.1976],[-4.7172,5.2044],[-4.7047,5.2113],[-4.7003,5.2067],[-4.6954,5.2002],[-4.6872,5.1976],[-4.6748,5.2007],[-4.6545,5.2094],[-4.6394,5.2112],[-4.6083,5.2112],[-4.5989,5.2092],[-4.5925,5.2048],[-4.5882,5.2001],[-4.5848,5.1976],[-4.5699,5.1955],[-4.5596,5.197],[-4.5364,5.2044],[-4.5467,5.2032],[-4.5588,5.2042],[-4.5683,5.2087],[-4.571,5.218],[-4.5649,5.2232],[-4.5301,5.2317],[-4.5301,5.218],[-4.5227,5.218],[-4.5006,5.2287],[-4.4416,5.225],[-4.4128,5.2385],[-4.4081,5.2236],[-4.4003,5.2297],[-4.3921,5.2436],[-4.3856,5.2522],[-4.3673,5.2517],[-4.3517,5.2444],[-4.3378,5.2409],[-4.3247,5.2522],[-4.3058,5.2446],[-4.2863,5.2479],[-4.2663,5.255],[-4.2252,5.2624],[-4.1996,5.2768],[-4.1838,5.2802],[-4.0605,5.2834],[-4.0292,5.2727],[-4.0386,5.2684],[-4.0486,5.2662],[-4.0592,5.2657],[-4.0702,5.2665],[-3.9958,5.2317],[-4.3081,5.2062],[-4.6205,5.1807],[-4.7847,5.1439],[-4.8754,5.1362],[-4.8926,5.1286],[-4.9035,5.1343],[-4.9152,5.1364],[-4.9691,5.1374],[-4.982,5.1361],[-4.982,5.1423],[-4.9787,5.1426],[-4.9722,5.142],[-4.969,5.1423],[-4.969,5.1491],[-4.9971,5.1487],[-5.0038,5.1606],[-5.0033,5.1788],[-5.0099,5.1976],[-4.9971,5.2128],[-5.0098,5.2161],[-5.0643,5.2092],[-5.0821,5.2036],[-5.0987,5.1948],[-5.1123,5.1833],[-5.129,5.1977],[-5.1579,5.2122],[-5.1914,5.2192],[-5.2216,5.2112],[-5.2255,5.2155],[-5.2323,5.2208],[-5.2341,5.2231],[-5.234,5.2232],[-5.2245,5.2275],[-5.162,5.2327],[-5.1484,5.2327],[-5.1391,5.2311],[-5.1249,5.2201],[-5.1137,5.2162],[-5.1065,5.2161],[-5.1007,5.2178],[-5.0967,5.221],[-5.0927,5.2251],[-5.0881,5.2315],[-5.0527,5.3086],[-5.0517,5.3143],[-5.0513,5.3203],[-5.053,5.344],[-5.0527,5.351],[-5.0516,5.3586],[-5.0483,5.3694],[-4.985,5.5207],[-4.9742,5.5574],[-4.9718,5.5711],[-4.9716,5.5836],[-4.976,5.6048],[-4.9778,5.61],[-4.987,5.6275],[-4.9923,5.6356],[-4.9943,5.6399],[-4.9952,5.645],[-4.9931,5.6532],[-4.9377,5.7957],[-4.9872,5.8893],[-4.9992,5.9668],[-5.004,6.0898],[-5.0078,6.1108],[-5.0181,6.12],[-5.0331,6.1251],[-5.1356,6.1372],[-5.1761,6.1535],[-5.2444,6.2181],[-5.2149,6.2993],[-5.2127,6.3257],[-5.2143,6.3319],[-5.2153,6.3668],[-5.1979,6.3786],[-5.1933,6.3807],[-5.1872,6.3807],[-5.1787,6.377],[-5.025,6.2519],[-5.0068,6.2416],[-4.9733,6.2363],[-4.9465,6.2356],[-4.937,6.237],[-4.8758,6.2551],[-4.8674,6.2557],[-4.8532,6.2545],[-4.8378,6.251],[-4.833,6.2492],[-4.8242,6.2469],[-4.8188,6.2461],[-4.8093,6.2427],[-4.7779,6.2411],[-4.7491,6.243],[-4.7259,6.2533],[-4.7015,6.282],[-4.463,6.224],[-4.6591,5.8581],[-4.4617,5.7311],[-4.4373,5.6798],[-4.4417,5.6645],[-4.4321,5.6528],[-4.4164,5.6418],[-4.3693,5.6155],[-4.3398,5.6026],[-4.3075,5.6012],[-3.9313,5.6216],[-3.9206,5.6318],[-3.9188,5.6389],[-3.9181,5.6454],[-3.9246,5.7579],[-3.9042,5.7875],[-3.8893,5.7943],[-3.8812,5.7961],[-3.8697,5.8008],[-3.8571,5.8114],[-3.8151,5.8552],[-3.7418,5.9024],[-3.7328,5.9057],[-3.7249,5.9071],[-3.7184,5.9062],[-3.4677,5.8376],[-3.4679,5.831],[-3.4652,5.8069],[-3.4579,5.7961],[-3.4469,5.7898],[-3.4341,5.7803],[-3.4187,5.7606],[-3.4145,5.7523],[-3.4152,5.7473],[-3.4193,5.7391],[-3.4308,5.7265],[-3.4338,5.7191],[-3.4392,5.6402],[-3.4382,5.6299],[-3.4341,5.6256],[-3.4292,5.623],[-3.4252,5.6204],[-3.4221,5.6163],[-3.42,5.6119],[-3.4182,5.6033],[-3.4131,5.5588],[-3.4107,5.551],[-3.4086,5.5465],[-3.4069,5.5413],[-3.4069,5.5334],[-3.4082,5.5235],[-3.4174,5.4966],[-3.436,5.4549],[-3.4389,5.444],[-3.4396,5.4203],[-3.4326,5.3489],[-3.4406,5.3044],[-3.4406,5.2986],[-3.44,5.293],[-3.4388,5.2879],[-3.437,5.2832],[-3.4343,5.2792],[-3.4311,5.2756],[-3.4122,5.2599],[-3.4089,5.2562],[-3.406,5.2523],[-3.4041,5.2478],[-3.4027,5.2429],[-3.4023,5.2372],[-3.4277,5.215],[-3.5386,5.1574],[-3.5388,5.1573]]]]}},{"type":"Feature","properties":{"id":"CIV-3444","name":"Marahoué","nameBn":"মারাহো অঞ্চল","type":"Department","bounds":[-6.4458,6.4886,-5.4099,7.7439],"center":[-5.832,6.9473]},"geometry":{"type":"Polygon","coordinates":[[[-5.4134,6.6401],[-5.4152,6.6401],[-5.4817,6.6407],[-5.5121,6.6292],[-5.7104,6.495],[-5.7399,6.4886],[-6.0408,6.5198],[-6.0888,6.5697],[-6.0954,6.604],[-6.0916,6.6284],[-6.1263,6.6762],[-6.1651,6.7276],[-6.173,6.7645],[-6.1734,6.7984],[-6.1756,6.8151],[-6.212,6.8895],[-6.2178,6.9118],[-6.2199,6.9318],[-6.2187,6.9663],[-6.2164,6.9834],[-6.2111,7.0004],[-6.1984,7.0138],[-6.0184,7.1294],[-5.9964,7.1332],[-5.9679,7.1356],[-5.9547,7.1381],[-5.9472,7.1412],[-5.9452,7.1489],[-5.9426,7.1531],[-5.9319,7.1654],[-5.9714,7.1842],[-5.9963,7.1876],[-5.9997,7.1891],[-6.0185,7.2037],[-6.0304,7.2085],[-6.076,7.2329],[-6.1024,7.2425],[-6.1087,7.2457],[-6.1122,7.249],[-6.1146,7.2532],[-6.1194,7.2667],[-6.1272,7.2769],[-6.1718,7.2881],[-6.1914,7.2901],[-6.2049,7.2898],[-6.211,7.2889],[-6.2205,7.2851],[-6.2236,7.2813],[-6.2247,7.2758],[-6.2244,7.2474],[-6.2267,7.2321],[-6.2329,7.218],[-6.2532,7.2129],[-6.2737,7.2108],[-6.3008,7.2111],[-6.3344,7.2173],[-6.3493,7.218],[-6.3583,7.2218],[-6.3649,7.2269],[-6.371,7.2352],[-6.3784,7.2433],[-6.3878,7.2513],[-6.3972,7.2525],[-6.4098,7.2487],[-6.4207,7.2427],[-6.4436,7.234],[-6.4458,7.2548],[-6.398,7.3496],[-6.3449,7.4295],[-6.3323,7.4527],[-6.3252,7.478],[-6.3144,7.5002],[-6.3008,7.5112],[-6.1057,7.6184],[-6.0765,7.6361],[-6.0733,7.6409],[-6.0698,7.6473],[-6.0699,7.6517],[-6.0724,7.6696],[-6.0717,7.6775],[-6.0683,7.6884],[-6.0403,7.7144],[-6.0079,7.7377],[-5.9972,7.7397],[-5.9834,7.7367],[-5.9063,7.7067],[-5.8879,7.7133],[-5.8692,7.7231],[-5.85,7.736],[-5.8357,7.7408],[-5.8253,7.7428],[-5.7957,7.7439],[-5.7834,7.7072],[-5.7805,7.6903],[-5.7861,7.624],[-5.7849,7.614],[-5.7828,7.6072],[-5.7793,7.6039],[-5.7748,7.6014],[-5.7695,7.5996],[-5.7634,7.5983],[-5.754,7.59],[-5.7428,7.5753],[-5.7238,7.5369],[-5.7169,7.5193],[-5.714,7.507],[-5.7161,7.5022],[-5.7192,7.4991],[-5.7234,7.4967],[-5.7333,7.4947],[-5.7421,7.4948],[-5.7381,7.4761],[-5.7357,7.4724],[-5.7222,7.4556],[-5.7297,7.3916],[-5.7277,7.3714],[-5.7218,7.3637],[-5.7181,7.3614],[-5.7083,7.3583],[-5.7007,7.3499],[-5.6989,7.3436],[-5.6996,7.3378],[-5.7026,7.3337],[-5.7107,7.3267],[-5.714,7.3215],[-5.7133,7.3171],[-5.711,7.313],[-5.7037,7.3065],[-5.7004,7.3028],[-5.6969,7.2994],[-5.6929,7.2966],[-5.678,7.2912],[-5.6722,7.2873],[-5.6672,7.281],[-5.6604,7.2692],[-5.659,7.2631],[-5.6622,7.257],[-5.6649,7.2481],[-5.6629,7.2431],[-5.6656,7.2388],[-5.6694,7.2357],[-5.675,7.2327],[-5.6762,7.2285],[-5.6747,7.2236],[-5.6683,7.2118],[-5.6645,7.2075],[-5.6597,7.205],[-5.6547,7.2042],[-5.6489,7.2044],[-5.6424,7.2038],[-5.6348,7.2011],[-5.6177,7.1872],[-5.6058,7.1794],[-5.6043,7.1734],[-5.604,7.1672],[-5.6009,7.1567],[-5.5958,7.151],[-5.5872,7.145],[-5.5811,7.1423],[-5.5748,7.141],[-5.5694,7.1409],[-5.5641,7.1423],[-5.5596,7.1445],[-5.5554,7.1471],[-5.5523,7.1496],[-5.547,7.1516],[-5.5377,7.1532],[-5.5312,7.1525],[-5.5243,7.1507],[-5.4973,7.1403],[-5.4939,7.1353],[-5.4928,7.1294],[-5.5005,7.1007],[-5.506,7.0876],[-5.5072,7.0814],[-5.5066,7.0738],[-5.5035,7.063],[-5.4986,7.0557],[-5.4941,7.0508],[-5.4898,7.0475],[-5.4856,7.045],[-5.4807,7.0429],[-5.4611,7.0372],[-5.4587,7.0332],[-5.4592,7.029],[-5.4623,7.0252],[-5.4664,7.0221],[-5.4785,7.0161],[-5.4888,7.0123],[-5.4958,7.0006],[-5.499,6.9929],[-5.5077,6.9645],[-5.5094,6.9483],[-5.5146,6.9313],[-5.5355,6.9149],[-5.5374,6.8965],[-5.5288,6.8779],[-5.5015,6.8466],[-5.4957,6.8248],[-5.486,6.8131],[-5.4371,6.7667],[-5.4349,6.7581],[-5.4241,6.7346],[-5.4138,6.7121],[-5.4099,6.6915],[-5.4133,6.6413],[-5.4134,6.6401]]]}},{"type":"Feature","properties":{"id":"CIV-3452","name":"N'zi-Comoé","nameBn":"জি-কোমোয়","type":"Department","bounds":[-4.9716,6.1854,-3.5028,8.0283],"center":[-4.2372,7.0553]},"geometry":{"type":"Polygon","coordinates":[[[-3.7749,6.6271],[-4.0344,6.5015],[-4.0887,6.4835],[-4.0977,6.4769],[-4.1032,6.4708],[-4.1044,6.4656],[-4.1071,6.4584],[-4.1114,6.4505],[-4.1367,6.423],[-4.1422,6.4149],[-4.1506,6.3957],[-4.1554,6.3731],[-4.1561,6.3605],[-4.1558,6.3541],[-4.153,6.3367],[-4.153,6.3307],[-4.1543,6.3194],[-4.1542,6.3082],[-4.1553,6.2978],[-4.1506,6.2764],[-4.1464,6.2669],[-4.145,6.2613],[-4.1448,6.2485],[-4.1466,6.2342],[-4.2265,6.1902],[-4.2482,6.1854],[-4.2531,6.1881],[-4.2746,6.1927],[-4.3078,6.2042],[-4.3413,6.2121],[-4.3476,6.2151],[-4.3517,6.218],[-4.3592,6.2246],[-4.3838,6.2409],[-4.3974,6.2478],[-4.4011,6.2512],[-4.4042,6.2547],[-4.4083,6.2644],[-4.4111,6.2697],[-4.415,6.2744],[-4.4222,6.2795],[-4.4278,6.2789],[-4.4321,6.2761],[-4.463,6.224],[-4.7015,6.282],[-4.695,6.2841],[-4.6942,6.2882],[-4.697,6.2962],[-4.6997,6.3018],[-4.7038,6.3053],[-4.7089,6.3057],[-4.7192,6.3042],[-4.7233,6.3053],[-4.7246,6.3086],[-4.7154,6.3282],[-4.7119,6.3313],[-4.7077,6.336],[-4.7047,6.344],[-4.7021,6.359],[-4.6991,6.3667],[-4.698,6.3735],[-4.6996,6.3788],[-4.7099,6.3883],[-4.7105,6.3917],[-4.7055,6.3945],[-4.702,6.3973],[-4.7016,6.4007],[-4.7054,6.4023],[-4.7165,6.4028],[-4.7211,6.4051],[-4.7227,6.4099],[-4.7221,6.4192],[-4.7229,6.4253],[-4.728,6.4294],[-4.7334,6.4308],[-4.7374,6.4337],[-4.7382,6.4378],[-4.735,6.443],[-4.7315,6.4439],[-4.7285,6.4477],[-4.729,6.4556],[-4.7343,6.4718],[-4.7397,6.4789],[-4.7458,6.483],[-4.7612,6.4869],[-4.7662,6.4862],[-4.7757,6.4823],[-4.7808,6.4807],[-4.7863,6.4804],[-4.7908,6.4831],[-4.7938,6.4888],[-4.7931,6.5027],[-4.7914,6.5139],[-4.7869,6.5292],[-4.7856,6.5442],[-4.7839,6.5485],[-4.7781,6.5508],[-4.7625,6.5482],[-4.7582,6.5502],[-4.756,6.5541],[-4.7579,6.5617],[-4.7606,6.5666],[-4.7627,6.5717],[-4.7636,6.5811],[-4.7659,6.5847],[-4.7693,6.5877],[-4.7685,6.5914],[-4.7661,6.5948],[-4.7402,6.6011],[-4.809,6.6262],[-4.8134,6.6264],[-4.8181,6.6254],[-4.8231,6.625],[-4.837,6.628],[-4.8419,6.6275],[-4.8471,6.6265],[-4.8518,6.6244],[-4.8562,6.6218],[-4.8638,6.6156],[-4.8679,6.6132],[-4.8732,6.6119],[-4.8854,6.6112],[-4.8909,6.6103],[-4.8944,6.6077],[-4.8955,6.6038],[-4.8953,6.5991],[-4.8965,6.5946],[-4.9,6.5922],[-4.905,6.5918],[-4.9104,6.5926],[-4.9163,6.5951],[-4.9215,6.6],[-4.9271,6.6078],[-4.9271,6.6175],[-4.9249,6.6203],[-4.9218,6.6226],[-4.9209,6.6264],[-4.9214,6.6314],[-4.9231,6.6362],[-4.926,6.6396],[-4.9321,6.6411],[-4.9386,6.6443],[-4.9513,6.6586],[-4.954,6.6653],[-4.9532,6.6775],[-4.9474,6.6894],[-4.9446,6.701],[-4.9419,6.7054],[-4.9412,6.7101],[-4.9437,6.7159],[-4.9538,6.7228],[-4.9616,6.73],[-4.9672,6.7337],[-4.9716,6.7482],[-4.9591,6.7886],[-4.9553,6.812],[-4.9552,6.8164],[-4.954,6.8214],[-4.9314,6.8329],[-4.9233,6.8289],[-4.9188,6.828],[-4.9111,6.828],[-4.8197,6.8693],[-4.8109,6.8743],[-4.8072,6.8778],[-4.8036,6.8824],[-4.8011,6.8896],[-4.8015,6.897],[-4.8076,6.9114],[-4.8087,6.9181],[-4.8082,6.925],[-4.8016,6.9402],[-4.8,6.9475],[-4.7994,6.9532],[-4.8084,6.9771],[-4.8175,6.9992],[-4.8179,7.0006],[-4.8182,7.0052],[-4.8174,7.0103],[-4.8148,7.0152],[-4.8014,7.0275],[-4.7706,7.0761],[-4.7679,7.0858],[-4.7595,7.1045],[-4.7084,7.2692],[-4.7089,7.2807],[-4.7316,7.4061],[-4.7305,7.4167],[-4.7258,7.4268],[-4.7094,7.4364],[-4.6966,7.4423],[-4.6706,7.4491],[-4.6321,7.449],[-4.6346,7.4641],[-4.6369,7.4703],[-4.661,7.5162],[-4.6397,7.542],[-4.6142,7.56],[-4.6086,7.5649],[-4.5983,7.5762],[-4.5888,7.5894],[-4.5836,7.5952],[-4.5779,7.5994],[-4.5722,7.6016],[-4.566,7.6022],[-4.5598,7.6017],[-4.528,7.5933],[-4.5218,7.593],[-4.5169,7.599],[-4.5141,7.6101],[-4.5294,7.7282],[-4.5324,7.7387],[-4.5349,7.7445],[-4.5364,7.7615],[-4.5272,7.7998],[-4.4884,7.8085],[-4.4811,7.8086],[-4.4708,7.8074],[-4.45,7.7998],[-4.4371,7.7993],[-4.4252,7.8004],[-4.4088,7.8045],[-4.3941,7.811],[-4.3682,7.8336],[-4.2896,7.8719],[-4.2711,7.8863],[-4.2139,7.9477],[-4.1917,7.9815],[-4.1867,7.9865],[-4.1786,7.9928],[-4.1571,7.9991],[-4.0101,8.0283],[-4.016,7.9833],[-4.0099,7.9668],[-3.9954,7.9671],[-3.9783,7.9721],[-3.9642,7.9693],[-3.9543,7.969],[-3.9439,7.9765],[-3.9342,7.9778],[-3.9266,7.9585],[-3.929,7.9493],[-3.9369,7.9396],[-3.9546,7.9249],[-3.9683,7.9186],[-3.9773,7.9162],[-3.9766,7.913],[-3.9608,7.9038],[-3.9461,7.8987],[-3.9165,7.8917],[-3.9061,7.8833],[-3.893,7.8944],[-3.8799,7.885],[-3.8757,7.8774],[-3.8696,7.8663],[-3.8646,7.8492],[-3.867,7.8437],[-3.8723,7.8377],[-3.8765,7.8315],[-3.8751,7.8253],[-3.8682,7.8167],[-3.8658,7.8124],[-3.8596,7.7928],[-3.8614,7.7857],[-3.872,7.7809],[-3.872,7.7741],[-3.8498,7.7738],[-3.834,7.7703],[-3.8235,7.7602],[-3.8167,7.74],[-3.8059,7.745],[-3.7963,7.7447],[-3.7883,7.7403],[-3.782,7.7331],[-3.7622,7.7352],[-3.7401,7.7328],[-3.7271,7.722],[-3.7348,7.699],[-3.7259,7.6661],[-3.7147,7.6549],[-3.6898,7.6506],[-3.6781,7.6441],[-3.6742,7.6298],[-3.6732,7.6155],[-3.6697,7.609],[-3.6579,7.6052],[-3.6519,7.5965],[-3.6468,7.5873],[-3.638,7.5817],[-3.5984,7.5918],[-3.5787,7.5871],[-3.5703,7.5575],[-3.5758,7.5455],[-3.5955,7.5264],[-3.5939,7.5168],[-3.586,7.511],[-3.5741,7.5056],[-3.5611,7.5016],[-3.5499,7.4997],[-3.5414,7.4956],[-3.5371,7.4895],[-3.5338,7.4817],[-3.5119,7.4495],[-3.5089,7.4489],[-3.5028,7.4079],[-3.5056,7.3921],[-3.522,7.3837],[-3.5203,7.3608],[-3.5351,7.3379],[-3.5446,7.3231],[-3.5424,7.3011],[-3.5353,7.3039],[-3.5282,7.308],[-3.5273,7.3046],[-3.5274,7.3022],[-3.5263,7.301],[-3.522,7.3011],[-3.5283,7.2859],[-3.5359,7.2808],[-3.5561,7.28],[-3.5823,7.2748],[-3.5835,7.2688],[-3.5826,7.2395],[-3.5806,7.2286],[-3.58,7.2181],[-3.5834,7.2056],[-3.5891,7.1927],[-3.5931,7.1866],[-3.5993,7.183],[-3.6113,7.1776],[-3.6145,7.1945],[-3.6249,7.1978],[-3.6372,7.191],[-3.6455,7.1776],[-3.6453,7.1654],[-3.636,7.1329],[-3.6318,7.123],[-3.6231,7.1127],[-3.6122,7.1076],[-3.5834,7.1025],[-3.5829,7.1056],[-3.5758,7.11],[-3.5676,7.1116],[-3.5635,7.1062],[-3.5645,7.0991],[-3.5671,7.0941],[-3.5715,7.0906],[-3.5772,7.0883],[-3.57,7.0718],[-3.5831,7.0708],[-3.6188,7.082],[-3.6213,7.0605],[-3.6343,7.0511],[-3.6659,7.0473],[-3.6842,7.0396],[-3.6946,7.0289],[-3.7028,7.0171],[-3.7144,7.0063],[-3.7516,7.0001],[-3.7752,6.979],[-3.7808,6.9534],[-3.7713,6.9372],[-3.7617,6.9363],[-3.7553,6.9591],[-3.7412,6.9489],[-3.7317,6.9301],[-3.7297,6.912],[-3.7383,6.9039],[-3.748,6.8978],[-3.7614,6.8832],[-3.7726,6.8653],[-3.7752,6.8493],[-3.7667,6.8438],[-3.7501,6.8296],[-3.7402,6.815],[-3.7516,6.8083],[-3.7539,6.8011],[-3.7963,6.7599],[-3.7704,6.7058],[-3.772,6.6842],[-3.8031,6.6711],[-3.7889,6.6599],[-3.7823,6.647],[-3.7776,6.6324],[-3.7749,6.6271]]]}},{"type":"Feature","properties":{"id":"CIV-3431","name":"Savanes","nameBn":"সাভানেস","type":"Department","bounds":[-6.9475,8.5292,-3.7888,10.7265],"center":[-5.3682,9.8224]},"geometry":{"type":"Polygon","coordinates":[[[-5.5226,10.4255],[-5.5051,10.4156],[-5.4875,10.3929],[-5.4753,10.3677],[-5.4742,10.3503],[-5.4599,10.3452],[-5.453,10.3439],[-5.4438,10.3435],[-5.4378,10.34],[-5.4335,10.3319],[-5.4301,10.3229],[-5.427,10.3169],[-5.4162,10.3075],[-5.4025,10.3006],[-5.3857,10.2965],[-5.3655,10.2957],[-5.3608,10.2988],[-5.3571,10.3044],[-5.3533,10.3083],[-5.3482,10.306],[-5.3438,10.3031],[-5.3385,10.3022],[-5.3271,10.3026],[-5.3155,10.3053],[-5.3092,10.3115],[-5.3041,10.3184],[-5.2966,10.323],[-5.2798,10.3224],[-5.2336,10.3157],[-5.2176,10.3199],[-5.1684,10.2913],[-5.1595,10.2923],[-5.1521,10.3056],[-5.1357,10.3043],[-5.1199,10.294],[-5.1192,10.2935],[-5.1118,10.2787],[-5.1118,10.2237],[-5.1144,10.2183],[-5.1182,10.2125],[-5.1171,10.208],[-5.1049,10.2069],[-5.0978,10.2093],[-5.0919,10.2143],[-5.0873,10.2208],[-5.0844,10.2274],[-5.0816,10.2069],[-5.0902,10.1888],[-5.0907,10.1779],[-5.064,10.179],[-5.0707,10.161],[-5.0647,10.1508],[-5.0395,10.1343],[-5.0376,10.1265],[-5.061,10.1185],[-5.0701,10.1102],[-5.0617,10.1101],[-5.0551,10.108],[-5.0494,10.1054],[-5.0429,10.1033],[-5.0565,10.0971],[-5.0483,10.0854],[-5.0372,10.0838],[-5.0255,10.0887],[-5.0156,10.0971],[-5.0105,10.0791],[-4.9998,10.0695],[-4.9866,10.0633],[-4.9745,10.0555],[-4.9633,10.0403],[-4.9564,10.022],[-4.9602,10.0085],[-4.9814,10.0077],[-4.9769,9.9976],[-4.9657,9.9831],[-4.9548,9.9597],[-4.9529,9.9534],[-4.9673,9.9124],[-4.9661,9.901],[-4.9367,9.874],[-4.928,9.8709],[-4.9224,9.8775],[-4.9171,9.8865],[-4.9094,9.8911],[-4.898,9.8889],[-4.8935,9.8842],[-4.8901,9.8795],[-4.8817,9.8774],[-4.8583,9.8757],[-4.8385,9.8695],[-4.8243,9.857],[-4.8176,9.8365],[-4.7985,9.8425],[-4.7903,9.8275],[-4.7854,9.8048],[-4.7759,9.788],[-4.7919,9.7823],[-4.8004,9.7811],[-4.8101,9.7818],[-4.8101,9.7743],[-4.8012,9.7665],[-4.7993,9.7625],[-4.7964,9.7545],[-4.7832,9.7584],[-4.77,9.7374],[-4.7548,9.7402],[-4.7605,9.7453],[-4.7621,9.7499],[-4.7586,9.7533],[-4.7486,9.7545],[-4.7383,9.7532],[-4.7333,9.7496],[-4.73,9.7442],[-4.7244,9.7371],[-4.7128,9.7268],[-4.7091,9.7203],[-4.7076,9.7098],[-4.7055,9.7021],[-4.7001,9.6979],[-4.6866,9.6924],[-4.6815,9.6867],[-4.6818,9.6828],[-4.6811,9.6821],[-4.6729,9.6856],[-4.6648,9.6909],[-4.6583,9.6976],[-4.6547,9.7035],[-4.6558,9.7061],[-4.6411,9.706],[-4.6287,9.7077],[-4.6169,9.7139],[-4.604,9.7272],[-4.5927,9.7178],[-4.5783,9.6965],[-4.5667,9.6924],[-4.5522,9.6965],[-4.5484,9.7068],[-4.548,9.7203],[-4.5431,9.734],[-4.5399,9.7408],[-4.5391,9.7447],[-4.5359,9.7466],[-4.5178,9.7466],[-4.51,9.7451],[-4.504,9.742],[-4.5016,9.7371],[-4.5038,9.7199],[-4.5136,9.694],[-4.5159,9.6757],[-4.5017,9.655],[-4.4692,9.6518],[-4.4334,9.6535],[-4.4091,9.6477],[-4.4002,9.6331],[-4.3916,9.6003],[-4.3849,9.5894],[-4.3712,9.583],[-4.3678,9.592],[-4.368,9.6084],[-4.365,9.6242],[-4.3497,9.62],[-4.3225,9.6089],[-4.3225,9.609],[-4.3102,9.6039],[-4.2658,9.5449],[-4.2581,9.5391],[-4.2503,9.5349],[-4.2444,9.529],[-4.2419,9.5179],[-4.2419,9.5073],[-4.2409,9.4992],[-4.2378,9.492],[-4.2314,9.4838],[-4.2043,9.4584],[-4.1964,9.4446],[-4.1914,9.4118],[-4.182,9.3956],[-4.1799,9.3882],[-4.1811,9.3803],[-4.1862,9.37],[-4.1874,9.3603],[-4.1885,9.3566],[-4.1909,9.3513],[-4.1931,9.3446],[-4.1936,9.3364],[-4.1909,9.3275],[-4.1869,9.3229],[-4.1827,9.3199],[-4.1799,9.3159],[-4.1771,9.2989],[-4.1804,9.288],[-4.1852,9.2773],[-4.1874,9.2613],[-4.1856,9.2539],[-4.1816,9.245],[-4.1771,9.2373],[-4.1737,9.2333],[-4.1619,9.2289],[-4.1594,9.2321],[-4.1587,9.2392],[-4.1525,9.247],[-4.1339,9.2565],[-4.1184,9.2613],[-4.109,9.2622],[-4.1019,9.2619],[-4.096,9.2629],[-4.0905,9.2675],[-4.0632,9.2441],[-4.0365,9.2265],[-3.9954,9.2181],[-3.975,9.2083],[-3.9642,9.206],[-3.9565,9.2015],[-3.9533,9.191],[-3.9513,9.1795],[-3.9471,9.1719],[-3.9396,9.1701],[-3.9095,9.1719],[-3.8936,9.1655],[-3.9059,9.132],[-3.8919,9.1167],[-3.8957,9.1147],[-3.8968,9.1147],[-3.8974,9.1141],[-3.8993,9.1105],[-3.8788,9.1132],[-3.8625,9.1192],[-3.8508,9.1191],[-3.8441,9.1036],[-3.8436,9.078],[-3.8513,9.0765],[-3.8624,9.0885],[-3.872,9.1036],[-3.8818,9.0804],[-3.8853,9.0584],[-3.8779,9.0418],[-3.8423,9.0332],[-3.8257,9.0272],[-3.8107,9.0183],[-3.8031,9.0074],[-3.8054,8.9938],[-3.8161,8.9895],[-3.8307,8.9891],[-3.8441,8.9869],[-3.8687,8.9766],[-3.8899,8.9637],[-3.8977,8.9463],[-3.882,8.9221],[-3.8658,8.908],[-3.8359,8.8729],[-3.8167,8.8572],[-3.8167,8.8498],[-3.8257,8.8487],[-3.8292,8.8465],[-3.8316,8.8427],[-3.8373,8.8361],[-3.8332,8.8346],[-3.8326,8.8342],[-3.8327,8.8329],[-3.8311,8.8293],[-3.8185,8.8304],[-3.8046,8.8234],[-3.7935,8.8116],[-3.7888,8.7982],[-3.7912,8.7764],[-3.7978,8.7725],[-3.8077,8.7772],[-3.8202,8.7809],[-3.8259,8.7741],[-3.8516,8.7337],[-3.8704,8.719],[-3.8736,8.7103],[-3.8578,8.7058],[-3.8661,8.697],[-3.8795,8.6933],[-3.9095,8.6927],[-3.9266,8.6872],[-3.9365,8.6734],[-3.9471,8.6375],[-3.9371,8.629],[-3.9317,8.6139],[-3.9464,8.6114],[-3.9561,8.6088],[-3.9717,8.6027],[-3.977,8.602],[-3.9825,8.6035],[-3.9877,8.6082],[-3.9976,8.6196],[-4.0001,8.6216],[-4.0036,8.6235],[-4.0195,8.6273],[-4.0321,8.6274],[-4.0402,8.6266],[-4.0577,8.6221],[-4.0666,8.6221],[-4.0785,8.6231],[-4.1006,8.628],[-4.1119,8.6286],[-4.1207,8.6283],[-4.126,8.6266],[-4.132,8.6256],[-4.1382,8.6257],[-4.145,8.6276],[-4.1523,8.6335],[-4.1606,8.6426],[-4.1653,8.6455],[-4.1713,8.6472],[-4.1814,8.6462],[-4.1881,8.6443],[-4.1989,8.64],[-4.2044,8.6389],[-4.2107,8.6392],[-4.217,8.6417],[-4.2242,8.6477],[-4.2278,8.6532],[-4.2325,8.6638],[-4.2374,8.6686],[-4.2574,8.6798],[-4.2632,8.6857],[-4.2666,8.6919],[-4.2686,8.7036],[-4.2711,8.708],[-4.2757,8.7114],[-4.2823,8.7134],[-4.2935,8.7134],[-4.3011,8.7124],[-4.3244,8.7072],[-4.3307,8.7078],[-4.3362,8.7101],[-4.341,8.7155],[-4.3435,8.721],[-4.3452,8.7268],[-4.3537,8.787],[-4.3569,8.7974],[-4.3593,8.8017],[-4.3623,8.8058],[-4.3699,8.8122],[-4.3878,8.8219],[-4.3915,8.8251],[-4.3948,8.8288],[-4.4045,8.8466],[-4.4135,8.8516],[-4.4276,8.8569],[-4.4611,8.8649],[-4.4749,8.8705],[-4.4835,8.8758],[-4.4886,8.8845],[-4.4917,8.8883],[-4.4951,8.8911],[-4.5317,8.905],[-4.54,8.9073],[-4.5472,8.9073],[-4.559,8.9035],[-4.5711,8.8973],[-4.936,8.909],[-4.936,8.9458],[-4.9284,8.9509],[-4.9212,8.9539],[-4.9134,8.9616],[-4.9004,8.9806],[-4.8964,8.9908],[-4.8951,8.9976],[-4.8957,8.9994],[-4.8959,9.0],[-4.8961,9.0006],[-4.8828,9.0921],[-4.8831,9.1036],[-4.8847,9.1117],[-4.8875,9.1159],[-4.8909,9.1191],[-4.8949,9.1215],[-4.9046,9.1232],[-4.9127,9.1278],[-4.9173,9.1297],[-4.9324,9.132],[-4.9371,9.1342],[-4.9481,9.1438],[-4.9576,9.1482],[-4.9628,9.15],[-4.9682,9.1543],[-4.9733,9.1607],[-4.9849,9.1901],[-4.9875,9.1943],[-4.9906,9.1983],[-5.0005,9.2076],[-5.004,9.2123],[-5.0095,9.2223],[-5.0117,9.2299],[-5.0124,9.2372],[-5.0124,9.251],[-5.0161,9.2817],[-5.0191,9.2933],[-5.0306,9.2989],[-5.0456,9.3033],[-5.1481,9.3205],[-5.1561,9.3187],[-5.1608,9.3157],[-5.1666,9.3085],[-5.1742,9.3009],[-5.1778,9.2981],[-5.1823,9.2958],[-5.1876,9.2943],[-5.1943,9.295],[-5.2013,9.2972],[-5.2094,9.3029],[-5.2136,9.3078],[-5.2163,9.3131],[-5.2405,9.3709],[-5.2467,9.38],[-5.2525,9.3854],[-5.2583,9.3867],[-5.2705,9.3867],[-5.3162,9.3795],[-5.3381,9.3848],[-5.3717,9.3445],[-5.3866,9.318],[-5.3927,9.2917],[-5.3955,9.2595],[-5.4053,9.2299],[-5.4243,9.2116],[-5.4548,9.2135],[-5.441,9.1986],[-5.435,9.1835],[-5.4352,9.1664],[-5.4475,9.1225],[-5.4579,9.1001],[-5.4733,9.0863],[-5.4957,9.09],[-5.4972,9.0633],[-5.4372,9.0246],[-5.4207,8.9944],[-5.4298,8.9979],[-5.4397,9.0003],[-5.4502,9.0013],[-5.461,9.0006],[-5.461,8.9944],[-5.4551,8.9917],[-5.4405,8.9801],[-5.4652,8.9651],[-5.4596,8.9264],[-5.4855,8.9187],[-5.492,8.9135],[-5.4815,8.9025],[-5.467,8.8926],[-5.461,8.8907],[-5.4593,8.8782],[-5.4667,8.868],[-5.4736,8.8659],[-5.4837,8.8623],[-5.4932,8.8627],[-5.4991,8.859],[-5.5045,8.8587],[-5.5153,8.8597],[-5.5246,8.8648],[-5.5328,8.8664],[-5.5393,8.8669],[-5.557,8.8655],[-5.5679,8.8632],[-5.5731,8.8615],[-5.5776,8.8595],[-5.5814,8.8564],[-5.5955,8.8428],[-5.5994,8.8398],[-5.6036,8.8373],[-5.6128,8.8331],[-5.618,8.8315],[-5.6231,8.8303],[-5.6287,8.8303],[-5.6397,8.8328],[-5.6583,8.8345],[-5.6636,8.8362],[-5.6716,8.8415],[-5.6774,8.8431],[-5.6837,8.8431],[-5.6916,8.8411],[-5.6969,8.834],[-5.711,8.7992],[-5.7211,8.7634],[-5.7216,8.7549],[-5.7202,8.7491],[-5.7171,8.749],[-5.7123,8.7535],[-5.709,8.7609],[-5.7046,8.7648],[-5.6994,8.766],[-5.6947,8.7643],[-5.6906,8.7613],[-5.6878,8.7571],[-5.6847,8.7464],[-5.6821,8.7423],[-5.6726,8.7376],[-5.6693,8.7341],[-5.669,8.7281],[-5.6723,8.725],[-5.6771,8.7235],[-5.688,8.7233],[-5.694,8.7193],[-5.6949,8.7147],[-5.6935,8.7103],[-5.6906,8.7063],[-5.6886,8.7011],[-5.6875,8.6947],[-5.6908,8.6761],[-5.6911,8.6689],[-5.693,8.6605],[-5.6969,8.6581],[-5.7014,8.6568],[-5.703,8.6533],[-5.7026,8.6372],[-5.7017,8.6317],[-5.6988,8.6279],[-5.6887,8.6175],[-5.6848,8.6158],[-5.6803,8.6165],[-5.6722,8.6217],[-5.6677,8.6239],[-5.6623,8.6247],[-5.6569,8.624],[-5.6516,8.6226],[-5.6467,8.6206],[-5.6423,8.6179],[-5.6387,8.6141],[-5.6363,8.6089],[-5.6367,8.5812],[-5.6376,8.5754],[-5.6378,8.5696],[-5.6369,8.5645],[-5.6345,8.5608],[-5.6315,8.558],[-5.6278,8.5553],[-5.6238,8.5532],[-5.6186,8.5532],[-5.6138,8.5542],[-5.6086,8.5542],[-5.6046,8.5511],[-5.6029,8.5457],[-5.6024,8.5373],[-5.6104,8.5292],[-5.7423,8.5609],[-5.9484,8.636],[-5.9563,8.6406],[-6.1087,8.877],[-6.1264,8.9132],[-6.1278,8.9184],[-6.1293,8.9314],[-6.1315,8.9402],[-6.1352,8.9452],[-6.1399,8.9488],[-6.1593,8.9582],[-6.2245,9.0],[-6.2247,9.0002],[-6.2249,9.0004],[-6.2271,9.0035],[-6.2291,9.0073],[-6.2346,9.0225],[-6.2374,9.0278],[-6.2477,9.0429],[-6.2522,9.0522],[-6.254,9.0574],[-6.2548,9.0625],[-6.255,9.0685],[-6.2542,9.0742],[-6.2527,9.08],[-6.238,9.1074],[-6.2318,9.1151],[-6.2208,9.1251],[-6.2176,9.1292],[-6.2153,9.134],[-6.2142,9.1397],[-6.2143,9.1456],[-6.215,9.1515],[-6.2192,9.16],[-6.2433,9.19],[-6.2644,9.2025],[-6.2762,9.2049],[-6.2838,9.2058],[-6.2895,9.2058],[-6.3091,9.2109],[-6.3365,9.2056],[-6.3466,9.1983],[-6.3492,9.1941],[-6.3535,9.184],[-6.3591,9.1618],[-6.365,9.151],[-6.3706,9.1471],[-6.3777,9.1456],[-6.3853,9.145],[-6.3965,9.1404],[-6.4021,9.1359],[-6.4202,9.111],[-6.4404,9.0881],[-6.4514,9.0795],[-6.4602,9.0755],[-6.4657,9.0769],[-6.4704,9.0792],[-6.4746,9.0822],[-6.4817,9.0895],[-6.4874,9.0974],[-6.4923,9.106],[-6.5005,9.1275],[-6.504,9.1347],[-6.5097,9.143],[-6.5202,9.1529],[-6.5261,9.1555],[-6.534,9.157],[-6.5478,9.157],[-6.5555,9.1554],[-6.5615,9.153],[-6.5652,9.15],[-6.5682,9.1463],[-6.5705,9.1416],[-6.5718,9.1365],[-6.5716,9.131],[-6.5703,9.1259],[-6.5616,9.1073],[-6.5632,9.1001],[-6.5691,9.091],[-6.5867,9.0762],[-6.597,9.0704],[-6.606,9.0673],[-6.6911,9.0734],[-6.6968,9.0752],[-6.7006,9.0774],[-6.708,9.0842],[-6.7197,9.0971],[-6.7186,9.1067],[-6.7107,9.1131],[-6.7466,9.1178],[-6.7383,9.1459],[-6.7387,9.1518],[-6.7404,9.1595],[-6.7483,9.1735],[-6.7474,9.1872],[-6.7359,9.2441],[-6.7349,9.2604],[-6.7369,9.2706],[-6.7409,9.2736],[-6.7475,9.2816],[-6.7502,9.2856],[-6.7538,9.2889],[-6.7682,9.3148],[-6.78,9.3561],[-6.7836,9.3749],[-6.784,9.3876],[-6.7753,9.4007],[-6.7738,9.4091],[-6.7757,9.4165],[-6.7801,9.4279],[-6.7813,9.4345],[-6.781,9.4385],[-6.7787,9.4421],[-6.7755,9.445],[-6.7728,9.4492],[-6.7708,9.4545],[-6.7685,9.4664],[-6.7667,9.4719],[-6.7635,9.4756],[-6.7591,9.4781],[-6.7542,9.4801],[-6.7495,9.4843],[-6.7454,9.4908],[-6.7415,9.504],[-6.7408,9.5123],[-6.7421,9.5189],[-6.7448,9.5216],[-6.7508,9.5254],[-6.7645,9.5368],[-6.7732,9.5487],[-6.7795,9.5547],[-6.7977,9.5653],[-6.7859,9.6141],[-6.7797,9.6313],[-6.777,9.6356],[-6.7618,9.6544],[-6.7598,9.6625],[-6.7584,9.6741],[-6.7551,9.6811],[-6.7505,9.6865],[-6.7438,9.692],[-6.7429,9.6968],[-6.7444,9.701],[-6.7474,9.7059],[-6.7499,9.7115],[-6.7504,9.7213],[-6.7472,9.7281],[-6.7419,9.7366],[-6.7401,9.7433],[-6.7403,9.7491],[-6.7429,9.7535],[-6.747,9.7568],[-6.7566,9.7629],[-6.7605,9.7686],[-6.7597,9.7779],[-6.7549,9.7937],[-6.752,9.813],[-6.7483,9.823],[-6.7442,9.8297],[-6.7395,9.8348],[-6.7336,9.8443],[-6.7332,9.8505],[-6.7345,9.8557],[-6.7402,9.8635],[-6.7427,9.8679],[-6.7489,9.8928],[-6.7513,9.8991],[-6.7545,9.9039],[-6.7582,9.9069],[-6.7621,9.9096],[-6.7664,9.9139],[-6.7707,9.9201],[-6.7784,9.9391],[-6.7819,9.9446],[-6.7859,9.9478],[-6.7908,9.9502],[-6.7967,9.9515],[-6.8028,9.9519],[-6.9298,9.9478],[-6.9361,9.9491],[-6.9421,9.9511],[-6.9471,9.9555],[-6.9475,9.9602],[-6.946,9.965],[-6.9286,9.991],[-6.9209,10.0001],[-6.8997,10.0195],[-6.8973,10.0251],[-6.8946,10.0337],[-6.8947,10.0416],[-6.8927,10.0545],[-6.8885,10.0641],[-6.88,10.0772],[-6.8768,10.0854],[-6.8762,10.0932],[-6.8771,10.0981],[-6.8849,10.1073],[-6.8732,10.1221],[-6.8553,10.1309],[-6.8283,10.1354],[-6.8149,10.1343],[-6.7775,10.141],[-6.7672,10.1223],[-6.7554,10.1118],[-6.7445,10.106],[-6.7365,10.1034],[-6.729,10.1021],[-6.7228,10.1024],[-6.7117,10.1042],[-6.6719,10.1169],[-6.5904,10.1607],[-6.5867,10.1638],[-6.5835,10.1672],[-6.5829,10.1723],[-6.5856,10.1894],[-6.585,10.2019],[-6.5805,10.2236],[-6.5818,10.2298],[-6.6133,10.239],[-6.6193,10.2437],[-6.6278,10.2521],[-6.6302,10.2587],[-6.6311,10.2651],[-6.6306,10.2712],[-6.6279,10.284],[-6.6282,10.2919],[-6.6322,10.3081],[-6.6391,10.3185],[-6.6562,10.3541],[-6.6683,10.3658],[-6.664,10.398],[-6.6596,10.4054],[-6.6531,10.4131],[-6.6479,10.4219],[-6.6478,10.4327],[-6.654,10.44],[-6.6646,10.4446],[-6.6756,10.4479],[-6.6831,10.4517],[-6.6958,10.4712],[-6.6975,10.4883],[-6.6878,10.5205],[-6.6828,10.566],[-6.6856,10.574],[-6.6892,10.5809],[-6.6911,10.5894],[-6.689,10.6079],[-6.6842,10.6266],[-6.6819,10.6274],[-6.6679,10.6509],[-6.6692,10.6542],[-6.6471,10.6613],[-6.634,10.653],[-6.6136,10.6185],[-6.5986,10.6049],[-6.5781,10.5911],[-6.5376,10.5697],[-6.5214,10.5642],[-6.467,10.5535],[-6.446,10.5523],[-6.4215,10.5566],[-6.4028,10.5691],[-6.3992,10.5925],[-6.4067,10.6019],[-6.4191,10.6077],[-6.4307,10.615],[-6.4359,10.6287],[-6.434,10.6679],[-6.427,10.6861],[-6.4098,10.6944],[-6.3881,10.6955],[-6.3675,10.6923],[-6.3417,10.6914],[-6.3222,10.7005],[-6.3036,10.7132],[-6.28,10.7233],[-6.256,10.7265],[-6.2458,10.7207],[-6.2444,10.7069],[-6.2495,10.6656],[-6.2466,10.6576],[-6.2278,10.6509],[-6.2169,10.6451],[-6.2078,10.6375],[-6.2044,10.6296],[-6.2098,10.6178],[-6.2198,10.6119],[-6.2307,10.6069],[-6.2387,10.598],[-6.2329,10.5841],[-6.23,10.572],[-6.2314,10.5602],[-6.2379,10.5519],[-6.2562,10.5372],[-6.2609,10.5292],[-6.2613,10.5141],[-6.256,10.5116],[-6.2477,10.5138],[-6.2387,10.5127],[-6.2335,10.5076],[-6.2282,10.5006],[-6.2224,10.4946],[-6.2157,10.4926],[-6.2042,10.4944],[-6.1961,10.4947],[-6.1903,10.4911],[-6.1858,10.4813],[-6.1875,10.4754],[-6.1982,10.4574],[-6.2004,10.4488],[-6.1969,10.4392],[-6.1806,10.4202],[-6.1957,10.3892],[-6.1988,10.3708],[-6.1839,10.3589],[-6.2083,10.332],[-6.2078,10.3285],[-6.2054,10.3226],[-6.204,10.316],[-6.2062,10.3108],[-6.2144,10.3078],[-6.2211,10.3104],[-6.2259,10.3145],[-6.2283,10.3161],[-6.2407,10.3026],[-6.2433,10.289],[-6.24,10.2519],[-6.2248,10.255],[-6.214,10.2479],[-6.1943,10.2242],[-6.1809,10.2158],[-6.1053,10.1893],[-6.0159,10.1899],[-5.9971,10.2082],[-5.9852,10.2273],[-5.9783,10.2486],[-5.9747,10.2736],[-5.963,10.2827],[-5.9164,10.2666],[-5.9047,10.2753],[-5.909,10.3301],[-5.9048,10.3483],[-5.8933,10.365],[-5.8781,10.3761],[-5.8063,10.4135],[-5.6776,10.4415],[-5.6218,10.4469],[-5.594,10.4539],[-5.5844,10.4542],[-5.5717,10.4499],[-5.5497,10.4356],[-5.5226,10.4255]]]}},{"type":"Feature","properties":{"id":"CIV-3447","name":"Sud-Bandama","nameBn":"সুদ-বান্দামা","type":"Department","bounds":[-6.0516,5.0277,-4.9377,6.2339],"center":[-5.4947,5.6329]},"geometry":{"type":"Polygon","coordinates":[[[-5.4283,5.0989],[-5.4957,5.0953],[-5.5248,5.0998],[-5.5505,5.115],[-5.5784,5.0945],[-5.5577,5.0884],[-5.5505,5.0877],[-5.6302,5.0632],[-5.8513,5.03],[-5.8587,5.0277],[-5.8594,5.0306],[-5.873,5.1297],[-5.8725,5.142],[-5.8681,5.1579],[-5.8647,5.1657],[-5.8612,5.1717],[-5.8511,5.1821],[-5.8428,5.1875],[-5.8332,5.1917],[-5.7527,5.212],[-5.744,5.2759],[-5.8288,5.5595],[-5.9539,5.517],[-5.9696,5.5148],[-5.9722,5.5184],[-5.9751,5.524],[-5.9794,5.5291],[-5.9896,5.5334],[-5.9956,5.5368],[-5.9993,5.54],[-6.0035,5.5457],[-6.0099,5.5524],[-6.0129,5.5562],[-6.0154,5.5606],[-6.0198,5.5809],[-6.0217,5.5854],[-6.0239,5.5895],[-6.026,5.5941],[-6.0272,5.6053],[-6.0274,5.6105],[-6.0259,5.6154],[-6.0237,5.6197],[-6.0222,5.6247],[-6.0217,5.6348],[-6.032,5.6514],[-6.0358,5.6557],[-6.0397,5.6614],[-6.0451,5.6673],[-6.0516,5.6782],[-5.8671,5.895],[-5.8212,5.9368],[-5.8133,5.9377],[-5.8041,5.9408],[-5.7905,5.9501],[-5.7848,5.9569],[-5.7814,5.9636],[-5.7799,5.9822],[-5.7814,6.0003],[-5.7538,6.0514],[-5.7538,6.0606],[-5.7587,6.0819],[-5.7629,6.1183],[-5.7569,6.1398],[-5.7288,6.1962],[-5.5052,6.1668],[-5.3126,6.2339],[-5.2907,6.2306],[-5.2444,6.2181],[-5.1761,6.1535],[-5.1356,6.1372],[-5.0331,6.1251],[-5.0181,6.12],[-5.0078,6.1108],[-5.004,6.0898],[-4.9992,5.9668],[-4.9872,5.8893],[-4.9377,5.7957],[-4.9931,5.6532],[-4.9952,5.645],[-4.9943,5.6399],[-4.9923,5.6356],[-4.987,5.6275],[-4.9778,5.61],[-4.976,5.6048],[-4.9716,5.5836],[-4.9718,5.5711],[-4.9742,5.5574],[-4.985,5.5207],[-5.0483,5.3694],[-5.0516,5.3586],[-5.0527,5.351],[-5.053,5.344],[-5.0513,5.3203],[-5.0517,5.3143],[-5.0527,5.3086],[-5.0881,5.2315],[-5.0927,5.2251],[-5.0967,5.221],[-5.1007,5.2178],[-5.1065,5.2161],[-5.1137,5.2162],[-5.1249,5.2201],[-5.1391,5.2311],[-5.1484,5.2327],[-5.162,5.2327],[-5.2245,5.2275],[-5.234,5.2232],[-5.2341,5.2231],[-5.2358,5.2255],[-5.2421,5.2255],[-5.253,5.2141],[-5.2709,5.2194],[-5.2899,5.2277],[-5.3048,5.2255],[-5.3109,5.2255],[-5.3215,5.2302],[-5.3273,5.2261],[-5.3282,5.2165],[-5.324,5.2044],[-5.3271,5.2055],[-5.3383,5.2112],[-5.3378,5.2007],[-5.3383,5.1976],[-5.3301,5.1999],[-5.3285,5.1968],[-5.3245,5.1908],[-5.326,5.1913],[-5.3402,5.1978],[-5.3513,5.2053],[-5.4032,5.2494],[-5.4122,5.2543],[-5.4229,5.2578],[-5.4357,5.2599],[-5.4429,5.2334],[-5.4283,5.0989]]]}},{"type":"Feature","properties":{"id":"CIV-3462","name":"Sud-Comoé","nameBn":"সাদ কুমে","type":"Region","bounds":[-3.5388,5.0913,-2.7301,6.2496],"center":[-3.1275,5.52]},"geometry":{"type":"MultiPolygon","coordinates":[[[[-3.1717,6.2496],[-3.1688,6.2461],[-3.1394,6.2193],[-3.1181,6.1635],[-3.0878,5.9967],[-3.0732,5.961],[-3.0347,5.8907],[-3.0225,5.8545],[-3.02,5.8184],[-3.0298,5.7043],[-2.9648,5.7098],[-2.9749,5.6473],[-2.9695,5.6214],[-2.9459,5.6083],[-2.9263,5.6107],[-2.8937,5.6304],[-2.8775,5.6368],[-2.8063,5.6185],[-2.7934,5.6081],[-2.7856,5.595],[-2.7818,5.5789],[-2.7794,5.5265],[-2.7617,5.4549],[-2.7344,5.3911],[-2.7301,5.3732],[-2.7327,5.3557],[-2.7426,5.3431],[-2.7559,5.3407],[-2.7896,5.3469],[-2.7961,5.285],[-2.7933,5.2711],[-2.7793,5.2511],[-2.7749,5.2396],[-2.7754,5.231],[-2.7796,5.2101],[-2.7788,5.201],[-2.7757,5.1975],[-2.7625,5.1863],[-2.757,5.1799],[-2.7666,5.161],[-2.7809,5.1509],[-2.8039,5.1476],[-2.8437,5.1491],[-2.8462,5.177],[-2.8794,5.1813],[-2.9204,5.1765],[-2.9467,5.1771],[-2.9385,5.1569],[-2.9435,5.1368],[-2.958,5.1212],[-2.9778,5.115],[-2.9934,5.1195],[-3.0463,5.1441],[-3.0628,5.1566],[-3.0828,5.1511],[-3.1224,5.15],[-3.1391,5.1423],[-3.1468,5.1613],[-3.1625,5.1841],[-3.1809,5.2032],[-3.1969,5.2112],[-3.2051,5.2187],[-3.1943,5.2344],[-3.1788,5.2488],[-3.1727,5.2522],[-3.168,5.2663],[-3.165,5.2959],[-3.1591,5.3074],[-3.1454,5.316],[-3.1348,5.3186],[-3.1279,5.3249],[-3.1255,5.3446],[-3.1278,5.3596],[-3.1344,5.3668],[-3.1461,5.3688],[-3.1627,5.3688],[-3.1674,5.3666],[-3.1733,5.3618],[-3.1807,5.3568],[-3.1898,5.3546],[-3.1981,5.3559],[-3.2118,5.3615],[-3.2205,5.362],[-3.2302,5.3586],[-3.2494,5.3454],[-3.2621,5.3409],[-3.2521,5.3181],[-3.2469,5.2976],[-3.2543,5.2836],[-3.2826,5.2802],[-3.2782,5.2725],[-3.2782,5.2654],[-3.2821,5.2587],[-3.2894,5.2522],[-3.2803,5.2462],[-3.2758,5.2448],[-3.2826,5.2448],[-3.2731,5.2412],[-3.2628,5.2388],[-3.252,5.2379],[-3.241,5.2385],[-3.241,5.2317],[-3.2504,5.2274],[-3.2657,5.2287],[-3.2758,5.2255],[-3.2843,5.2191],[-3.292,5.2105],[-3.2983,5.2007],[-3.303,5.1901],[-3.3136,5.1973],[-3.3207,5.1935],[-3.319,5.1848],[-3.303,5.1771],[-3.309,5.1638],[-3.3031,5.1557],[-3.2905,5.1514],[-3.2758,5.1491],[-3.3122,5.1199],[-3.378,5.1232],[-3.5388,5.1573],[-3.5386,5.1574],[-3.4277,5.215],[-3.4023,5.2372],[-3.4027,5.2429],[-3.4041,5.2478],[-3.406,5.2523],[-3.4089,5.2562],[-3.4122,5.2599],[-3.4311,5.2756],[-3.4343,5.2792],[-3.437,5.2832],[-3.4388,5.2879],[-3.44,5.293],[-3.4406,5.2986],[-3.4406,5.3044],[-3.4326,5.3489],[-3.4396,5.4203],[-3.4389,5.444],[-3.436,5.4549],[-3.4174,5.4966],[-3.4082,5.5235],[-3.4069,5.5334],[-3.4069,5.5413],[-3.4086,5.5465],[-3.4107,5.551],[-3.4131,5.5588],[-3.4182,5.6033],[-3.42,5.6119],[-3.4221,5.6163],[-3.4252,5.6204],[-3.4292,5.623],[-3.4341,5.6256],[-3.4382,5.6299],[-3.4392,5.6402],[-3.4338,5.7191],[-3.4308,5.7265],[-3.4193,5.7391],[-3.4152,5.7473],[-3.4145,5.7523],[-3.4187,5.7606],[-3.4341,5.7803],[-3.3938,5.7908],[-3.3888,5.7927],[-3.385,5.7957],[-3.3818,5.7995],[-3.309,5.9188],[-3.2489,6.0636],[-3.2394,6.0793],[-3.23,6.0874],[-3.2234,6.0944],[-3.2206,6.0987],[-3.2183,6.1053],[-3.2163,6.1145],[-3.2171,6.1263],[-3.2207,6.1465],[-3.2208,6.1525],[-3.2111,6.1777],[-3.1718,6.2494],[-3.1717,6.2496]]],[[[-3.1153,5.1078],[-3.1196,5.0913],[-3.1202,5.0915],[-3.1638,5.1015],[-3.2621,5.111],[-3.2764,5.1181],[-3.2723,5.1324],[-3.2533,5.1496],[-3.2341,5.1635],[-3.2074,5.1566],[-3.2003,5.1518],[-3.1974,5.1459],[-3.196,5.1402],[-3.1932,5.1361],[-3.185,5.1323],[-3.1634,5.1255],[-3.1591,5.1256],[-3.1551,5.1279],[-3.1464,5.1216],[-3.1317,5.1081],[-3.1183,5.107],[-3.1153,5.1078]]]]}},{"type":"Feature","properties":{"id":"CIV-3450","name":"Vallée du Bandama","nameBn":"ভালি ডু বান্দামা","type":"Region","bounds":[-5.7957,7.2276,-3.921,9.3867],"center":[-4.8584,8.2267]},"geometry":{"type":"Polygon","coordinates":[[[-4.0101,8.0283],[-4.1571,7.9991],[-4.1786,7.9928],[-4.1867,7.9865],[-4.1917,7.9815],[-4.2139,7.9477],[-4.2711,7.8863],[-4.2896,7.8719],[-4.3682,7.8336],[-4.3941,7.811],[-4.4088,7.8045],[-4.4252,7.8004],[-4.4371,7.7993],[-4.45,7.7998],[-4.4708,7.8074],[-4.4811,7.8086],[-4.4884,7.8085],[-4.5272,7.7998],[-4.5364,7.7615],[-4.5349,7.7445],[-4.5324,7.7387],[-4.5294,7.7282],[-4.5141,7.6101],[-4.5169,7.599],[-4.5218,7.593],[-4.528,7.5933],[-4.5598,7.6017],[-4.566,7.6022],[-4.5722,7.6016],[-4.5779,7.5994],[-4.5836,7.5952],[-4.5888,7.5894],[-4.5983,7.5762],[-4.6086,7.5649],[-4.6142,7.56],[-4.6397,7.542],[-4.661,7.5162],[-4.7412,7.5133],[-4.7667,7.5161],[-4.7724,7.5198],[-4.7907,7.538],[-4.8037,7.5459],[-4.812,7.5487],[-4.8197,7.5493],[-4.8788,7.5456],[-4.8943,7.5417],[-4.906,7.5358],[-4.9233,7.5143],[-4.9382,7.4867],[-4.9462,7.4792],[-4.9585,7.4717],[-5.0149,7.4507],[-5.0289,7.4423],[-5.0354,7.4373],[-5.041,7.4318],[-5.0457,7.4261],[-5.0497,7.4199],[-5.0559,7.4071],[-5.0582,7.4008],[-5.0644,7.3934],[-5.0747,7.3849],[-5.1869,7.3309],[-5.205,7.3105],[-5.2157,7.287],[-5.2213,7.2804],[-5.2272,7.2785],[-5.2345,7.2787],[-5.2426,7.2779],[-5.2548,7.2723],[-5.2625,7.2646],[-5.281,7.2412],[-5.2886,7.2363],[-5.2956,7.2345],[-5.3144,7.2375],[-5.321,7.2374],[-5.3525,7.2289],[-5.3618,7.2276],[-5.3694,7.2279],[-5.3757,7.2301],[-5.3818,7.2333],[-5.3877,7.2378],[-5.4052,7.2569],[-5.4254,7.2861],[-5.4303,7.2917],[-5.4365,7.2967],[-5.4454,7.3004],[-5.4529,7.3007],[-5.4599,7.2995],[-5.5014,7.2822],[-5.6165,7.2537],[-5.6328,7.2534],[-5.6622,7.257],[-5.659,7.2631],[-5.6604,7.2692],[-5.6672,7.281],[-5.6722,7.2873],[-5.678,7.2912],[-5.6929,7.2966],[-5.6969,7.2994],[-5.7004,7.3028],[-5.7037,7.3065],[-5.711,7.313],[-5.7133,7.3171],[-5.714,7.3215],[-5.7107,7.3267],[-5.7026,7.3337],[-5.6996,7.3378],[-5.6989,7.3436],[-5.7007,7.3499],[-5.7083,7.3583],[-5.7181,7.3614],[-5.7218,7.3637],[-5.7277,7.3714],[-5.7297,7.3916],[-5.7222,7.4556],[-5.7357,7.4724],[-5.7381,7.4761],[-5.7421,7.4948],[-5.7333,7.4947],[-5.7234,7.4967],[-5.7192,7.4991],[-5.7161,7.5022],[-5.714,7.507],[-5.7169,7.5193],[-5.7238,7.5369],[-5.7428,7.5753],[-5.754,7.59],[-5.7634,7.5983],[-5.7695,7.5996],[-5.7748,7.6014],[-5.7793,7.6039],[-5.7828,7.6072],[-5.7849,7.614],[-5.7861,7.624],[-5.7805,7.6903],[-5.7834,7.7072],[-5.7957,7.7439],[-5.7791,7.7538],[-5.7736,7.7603],[-5.7638,7.7749],[-5.7609,7.7838],[-5.7601,7.7915],[-5.7654,7.8068],[-5.7679,7.8177],[-5.7687,7.8302],[-5.7683,7.8363],[-5.7639,7.8529],[-5.7618,7.8576],[-5.7474,7.8773],[-5.7433,7.887],[-5.7403,7.8978],[-5.7395,7.9035],[-5.7397,7.9096],[-5.741,7.9153],[-5.7445,7.9255],[-5.7488,7.9435],[-5.7491,7.953],[-5.7401,8.0],[-5.74,8.0002],[-5.7399,8.0005],[-5.7309,8.0034],[-5.7158,8.0052],[-5.7064,8.0056],[-5.6728,8.0031],[-5.6299,8.01],[-5.6039,8.0211],[-5.5457,8.0591],[-5.5399,8.0655],[-5.5368,8.0713],[-5.5362,8.0796],[-5.5375,8.095],[-5.5319,8.0973],[-5.5207,8.1004],[-5.4909,8.0997],[-5.4746,8.0956],[-5.4665,8.1109],[-5.4519,8.1137],[-5.4352,8.1093],[-5.4214,8.1025],[-5.4138,8.1161],[-5.4012,8.1128],[-5.3933,8.1219],[-5.3912,8.1357],[-5.4024,8.1592],[-5.3888,8.1638],[-5.3742,8.1645],[-5.3592,8.1645],[-5.3455,8.1859],[-5.3474,8.2115],[-5.366,8.2601],[-5.3455,8.2601],[-5.3541,8.2775],[-5.3673,8.2854],[-5.3815,8.2893],[-5.3927,8.2949],[-5.3967,8.3009],[-5.407,8.3228],[-5.4112,8.3273],[-5.4161,8.3305],[-5.4275,8.3358],[-5.448,8.3501],[-5.4544,8.3525],[-5.5026,8.3638],[-5.5046,8.3678],[-5.5057,8.3746],[-5.5076,8.3808],[-5.5125,8.3836],[-5.547,8.3836],[-5.5549,8.3857],[-5.5595,8.3904],[-5.563,8.3951],[-5.5677,8.3973],[-5.5787,8.4048],[-5.6068,8.4381],[-5.6159,8.4457],[-5.6191,8.4478],[-5.6137,8.4525],[-5.6043,8.4572],[-5.5953,8.4594],[-5.5863,8.4582],[-5.5677,8.4519],[-5.5431,8.4501],[-5.5342,8.4539],[-5.523,8.4662],[-5.6051,8.5128],[-5.6104,8.5292],[-5.6024,8.5373],[-5.6029,8.5457],[-5.6046,8.5511],[-5.6086,8.5542],[-5.6138,8.5542],[-5.6186,8.5532],[-5.6238,8.5532],[-5.6278,8.5553],[-5.6315,8.558],[-5.6345,8.5608],[-5.6369,8.5645],[-5.6378,8.5696],[-5.6376,8.5754],[-5.6367,8.5812],[-5.6363,8.6089],[-5.6387,8.6141],[-5.6423,8.6179],[-5.6467,8.6206],[-5.6516,8.6226],[-5.6569,8.624],[-5.6623,8.6247],[-5.6677,8.6239],[-5.6722,8.6217],[-5.6803,8.6165],[-5.6848,8.6158],[-5.6887,8.6175],[-5.6988,8.6279],[-5.7017,8.6317],[-5.7026,8.6372],[-5.703,8.6533],[-5.7014,8.6568],[-5.6969,8.6581],[-5.693,8.6605],[-5.6911,8.6689],[-5.6908,8.6761],[-5.6875,8.6947],[-5.6886,8.7011],[-5.6906,8.7063],[-5.6935,8.7103],[-5.6949,8.7147],[-5.694,8.7193],[-5.688,8.7233],[-5.6771,8.7235],[-5.6723,8.725],[-5.669,8.7281],[-5.6693,8.7341],[-5.6726,8.7376],[-5.6821,8.7423],[-5.6847,8.7464],[-5.6878,8.7571],[-5.6906,8.7613],[-5.6947,8.7643],[-5.6994,8.766],[-5.7046,8.7648],[-5.709,8.7609],[-5.7123,8.7535],[-5.7171,8.749],[-5.7202,8.7491],[-5.7216,8.7549],[-5.7211,8.7634],[-5.711,8.7992],[-5.6969,8.834],[-5.6916,8.8411],[-5.6837,8.8431],[-5.6774,8.8431],[-5.6716,8.8415],[-5.6636,8.8362],[-5.6583,8.8345],[-5.6397,8.8328],[-5.6287,8.8303],[-5.6231,8.8303],[-5.618,8.8315],[-5.6128,8.8331],[-5.6036,8.8373],[-5.5994,8.8398],[-5.5955,8.8428],[-5.5814,8.8564],[-5.5776,8.8595],[-5.5731,8.8615],[-5.5679,8.8632],[-5.557,8.8655],[-5.5393,8.8669],[-5.5328,8.8664],[-5.5246,8.8648],[-5.5153,8.8597],[-5.5045,8.8587],[-5.4991,8.859],[-5.4932,8.8627],[-5.4837,8.8623],[-5.4736,8.8659],[-5.4667,8.868],[-5.4593,8.8782],[-5.461,8.8907],[-5.467,8.8926],[-5.4815,8.9025],[-5.492,8.9135],[-5.4855,8.9187],[-5.4596,8.9264],[-5.4652,8.9651],[-5.4405,8.9801],[-5.4551,8.9917],[-5.461,8.9944],[-5.461,9.0006],[-5.4502,9.0013],[-5.4397,9.0003],[-5.4298,8.9979],[-5.4207,8.9944],[-5.4372,9.0246],[-5.4972,9.0633],[-5.4957,9.09],[-5.4733,9.0863],[-5.4579,9.1001],[-5.4475,9.1225],[-5.4352,9.1664],[-5.435,9.1835],[-5.441,9.1986],[-5.4548,9.2135],[-5.4243,9.2116],[-5.4053,9.2299],[-5.3955,9.2595],[-5.3927,9.2917],[-5.3866,9.318],[-5.3717,9.3445],[-5.3381,9.3848],[-5.3162,9.3795],[-5.2705,9.3867],[-5.2583,9.3867],[-5.2525,9.3854],[-5.2467,9.38],[-5.2405,9.3709],[-5.2163,9.3131],[-5.2136,9.3078],[-5.2094,9.3029],[-5.2013,9.2972],[-5.1943,9.295],[-5.1876,9.2943],[-5.1823,9.2958],[-5.1778,9.2981],[-5.1742,9.3009],[-5.1666,9.3085],[-5.1608,9.3157],[-5.1561,9.3187],[-5.1481,9.3205],[-5.0456,9.3033],[-5.0306,9.2989],[-5.0191,9.2933],[-5.0161,9.2817],[-5.0124,9.251],[-5.0124,9.2372],[-5.0117,9.2299],[-5.0095,9.2223],[-5.004,9.2123],[-5.0005,9.2076],[-4.9906,9.1983],[-4.9875,9.1943],[-4.9849,9.1901],[-4.9733,9.1607],[-4.9682,9.1543],[-4.9628,9.15],[-4.9576,9.1482],[-4.9481,9.1438],[-4.9371,9.1342],[-4.9324,9.132],[-4.9173,9.1297],[-4.9127,9.1278],[-4.9046,9.1232],[-4.8949,9.1215],[-4.8909,9.1191],[-4.8875,9.1159],[-4.8847,9.1117],[-4.8831,9.1036],[-4.8828,9.0921],[-4.8961,9.0006],[-4.8959,9.0],[-4.8957,8.9994],[-4.8951,8.9976],[-4.8964,8.9908],[-4.9004,8.9806],[-4.9134,8.9616],[-4.9212,8.9539],[-4.9284,8.9509],[-4.936,8.9458],[-4.936,8.909],[-4.5711,8.8973],[-4.559,8.9035],[-4.5472,8.9073],[-4.54,8.9073],[-4.5317,8.905],[-4.4951,8.8911],[-4.4917,8.8883],[-4.4886,8.8845],[-4.4835,8.8758],[-4.4749,8.8705],[-4.4611,8.8649],[-4.4276,8.8569],[-4.4135,8.8516],[-4.4045,8.8466],[-4.3948,8.8288],[-4.3915,8.8251],[-4.3878,8.8219],[-4.3699,8.8122],[-4.3623,8.8058],[-4.3593,8.8017],[-4.3569,8.7974],[-4.3537,8.787],[-4.3452,8.7268],[-4.3435,8.721],[-4.341,8.7155],[-4.3362,8.7101],[-4.3307,8.7078],[-4.3244,8.7072],[-4.3011,8.7124],[-4.2935,8.7134],[-4.2823,8.7134],[-4.2757,8.7114],[-4.2711,8.708],[-4.2686,8.7036],[-4.2666,8.6919],[-4.2632,8.6857],[-4.2574,8.6798],[-4.2374,8.6686],[-4.2325,8.6638],[-4.2278,8.6532],[-4.2242,8.6477],[-4.217,8.6417],[-4.2107,8.6392],[-4.2044,8.6389],[-4.1989,8.64],[-4.1881,8.6443],[-4.1814,8.6462],[-4.1713,8.6472],[-4.1653,8.6455],[-4.1606,8.6426],[-4.1523,8.6335],[-4.145,8.6276],[-4.1382,8.6257],[-4.132,8.6256],[-4.126,8.6266],[-4.1207,8.6283],[-4.1119,8.6286],[-4.1006,8.628],[-4.0785,8.6231],[-4.0666,8.6221],[-4.0577,8.6221],[-4.0402,8.6266],[-4.0321,8.6274],[-4.0195,8.6273],[-4.0036,8.6235],[-4.0001,8.6216],[-3.9976,8.6196],[-3.9877,8.6082],[-3.9825,8.6035],[-3.977,8.602],[-3.9717,8.6027],[-3.9561,8.6088],[-3.9464,8.6114],[-3.9317,8.6139],[-3.9271,8.6087],[-3.921,8.5866],[-3.9229,8.5726],[-3.9508,8.5518],[-3.9582,8.5385],[-3.9754,8.5331],[-3.9813,8.5276],[-3.9787,8.5098],[-3.9421,8.4894],[-3.9329,8.4696],[-3.9373,8.4567],[-3.9437,8.4382],[-3.9646,8.4313],[-3.9783,8.4287],[-3.9813,8.432],[-3.9878,8.4189],[-3.9857,8.411],[-3.9796,8.4049],[-3.9745,8.3973],[-3.9721,8.3961],[-3.968,8.3964],[-3.9637,8.3956],[-3.9608,8.3911],[-3.9605,8.3836],[-3.963,8.3794],[-3.9661,8.3765],[-3.9676,8.3731],[-3.9703,8.3641],[-3.9746,8.3614],[-3.9746,8.3579],[-3.9642,8.3467],[-3.9592,8.339],[-3.9573,8.3294],[-3.9598,8.3188],[-3.9676,8.3085],[-3.9823,8.3058],[-4.032,8.3063],[-4.0427,8.3048],[-4.0417,8.2951],[-4.0375,8.281],[-4.0365,8.271],[-4.0312,8.2642],[-4.0077,8.2501],[-4.0017,8.2402],[-4.0043,8.2284],[-4.0193,8.2077],[-4.0228,8.1955],[-4.0199,8.1838],[-4.0125,8.1807],[-4.0025,8.1799],[-3.9918,8.1747],[-3.9536,8.1278],[-3.9403,8.1161],[-3.9428,8.111],[-3.9506,8.1],[-3.9546,8.0956],[-3.9771,8.1028],[-3.9943,8.0897],[-4.0053,8.0652],[-4.0101,8.0283]]]}},{"type":"Feature","properties":{"id":"CIV-3443","name":"Worodougou","nameBn":"ওরংডগু","type":"Region","bounds":[-7.2336,7.6184,-5.3455,9.2109],"center":[-6.2896,8.4907]},"geometry":{"type":"Polygon","coordinates":[[[-6.1057,7.6184],[-6.1236,7.6435],[-6.1404,7.6543],[-6.1669,7.6625],[-6.2048,7.6782],[-6.2139,7.6844],[-6.2183,7.6902],[-6.2219,7.721],[-6.2234,7.7265],[-6.2254,7.7313],[-6.2367,7.7502],[-6.2488,7.7767],[-6.2796,7.778],[-6.4287,7.7424],[-6.4589,7.741],[-6.4817,7.7427],[-6.6304,7.7856],[-6.9972,7.7641],[-7.0256,7.7577],[-7.0477,7.7445],[-7.0716,7.7195],[-7.0826,7.7458],[-7.089,7.7805],[-7.0928,7.8458],[-7.0948,7.8529],[-7.1038,7.8636],[-7.1058,7.8737],[-7.1047,7.8899],[-7.1027,7.8964],[-7.099,7.9038],[-7.0887,7.9167],[-7.0786,7.9261],[-7.0717,7.938],[-7.0716,7.9585],[-7.0838,7.9893],[-7.101,8.0311],[-7.1058,8.0516],[-7.1058,8.0863],[-7.1036,8.0949],[-7.0943,8.1082],[-7.0928,8.1161],[-7.0986,8.1325],[-7.1074,8.1454],[-7.1121,8.1592],[-7.1058,8.1782],[-7.1178,8.1921],[-7.1304,8.2179],[-7.1368,8.2428],[-7.1264,8.2592],[-7.1265,8.3036],[-7.1273,8.3094],[-7.1241,8.3149],[-7.1127,8.3228],[-7.132,8.335],[-7.1473,8.3509],[-7.1574,8.3705],[-7.1672,8.432],[-7.1672,8.473],[-7.1733,8.4958],[-7.1865,8.5236],[-7.1917,8.5612],[-7.199,8.582],[-7.2097,8.6006],[-7.2225,8.6102],[-7.2104,8.6144],[-7.2091,8.6196],[-7.2163,8.6235],[-7.23,8.6238],[-7.2203,8.6423],[-7.2168,8.6616],[-7.2157,8.6989],[-7.2038,8.7469],[-7.202,8.7641],[-7.2001,8.7726],[-7.1913,8.781],[-7.189,8.7883],[-7.1908,8.796],[-7.1999,8.8133],[-7.202,8.819],[-7.2031,8.8373],[-7.2073,8.853],[-7.2159,8.8645],[-7.23,8.8702],[-7.2226,8.8789],[-7.218,8.8879],[-7.2159,8.8984],[-7.2157,8.9118],[-7.2094,8.9234],[-7.2095,8.9292],[-7.2191,8.9317],[-7.2269,8.9323],[-7.2311,8.9345],[-7.2336,8.9387],[-7.2327,8.943],[-7.2308,8.945],[-7.2174,8.9454],[-7.1921,8.9527],[-7.1783,8.9631],[-7.1623,8.9777],[-7.15,8.9854],[-7.1409,8.9965],[-7.1392,9.0002],[-7.1392,9.0004],[-7.1373,9.0027],[-7.1345,9.0051],[-7.1295,9.0073],[-7.1233,9.0078],[-7.1141,9.0055],[-7.109,9.0029],[-7.1063,9.0011],[-7.1057,9.0004],[-7.1056,9.0001],[-7.1054,9.0],[-7.1032,8.9977],[-7.0996,8.9954],[-7.0949,8.9931],[-7.089,8.9921],[-7.0715,8.9935],[-7.0659,8.9928],[-7.0616,8.9905],[-7.0583,8.9868],[-7.0472,8.9705],[-7.0439,8.9667],[-7.0399,8.9635],[-7.0352,8.961],[-7.0299,8.9593],[-7.0243,8.9583],[-7.018,8.958],[-7.0017,8.9596],[-6.9733,8.9653],[-6.9665,8.9638],[-6.961,8.9613],[-6.9573,8.9581],[-6.9516,8.9557],[-6.9441,8.955],[-6.9329,8.9556],[-6.9266,8.9539],[-6.9217,8.9512],[-6.9145,8.9443],[-6.9108,8.9426],[-6.9074,8.9427],[-6.9055,8.9489],[-6.9052,8.955],[-6.91,8.9999],[-6.91,9.0001],[-6.9101,9.0005],[-6.9109,9.0149],[-6.9101,9.0216],[-6.908,9.029],[-6.9017,9.0386],[-6.8988,9.0459],[-6.8973,9.0523],[-6.8914,9.0582],[-6.881,9.0633],[-6.8414,9.0726],[-6.8292,9.0768],[-6.8168,9.0852],[-6.8077,9.0895],[-6.7831,9.0962],[-6.7466,9.1178],[-6.7107,9.1131],[-6.7186,9.1067],[-6.7197,9.0971],[-6.708,9.0842],[-6.7006,9.0774],[-6.6968,9.0752],[-6.6911,9.0734],[-6.606,9.0673],[-6.597,9.0704],[-6.5867,9.0762],[-6.5691,9.091],[-6.5632,9.1001],[-6.5616,9.1073],[-6.5703,9.1259],[-6.5716,9.131],[-6.5718,9.1365],[-6.5705,9.1416],[-6.5682,9.1463],[-6.5652,9.15],[-6.5615,9.153],[-6.5555,9.1554],[-6.5478,9.157],[-6.534,9.157],[-6.5261,9.1555],[-6.5202,9.1529],[-6.5097,9.143],[-6.504,9.1347],[-6.5005,9.1275],[-6.4923,9.106],[-6.4874,9.0974],[-6.4817,9.0895],[-6.4746,9.0822],[-6.4704,9.0792],[-6.4657,9.0769],[-6.4602,9.0755],[-6.4514,9.0795],[-6.4404,9.0881],[-6.4202,9.111],[-6.4021,9.1359],[-6.3965,9.1404],[-6.3853,9.145],[-6.3777,9.1456],[-6.3706,9.1471],[-6.365,9.151],[-6.3591,9.1618],[-6.3535,9.184],[-6.3492,9.1941],[-6.3466,9.1983],[-6.3365,9.2056],[-6.3091,9.2109],[-6.2895,9.2058],[-6.2838,9.2058],[-6.2762,9.2049],[-6.2644,9.2025],[-6.2433,9.19],[-6.2192,9.16],[-6.215,9.1515],[-6.2143,9.1456],[-6.2142,9.1397],[-6.2153,9.134],[-6.2176,9.1292],[-6.2208,9.1251],[-6.2318,9.1151],[-6.238,9.1074],[-6.2527,9.08],[-6.2542,9.0742],[-6.255,9.0685],[-6.2548,9.0625],[-6.254,9.0574],[-6.2522,9.0522],[-6.2477,9.0429],[-6.2374,9.0278],[-6.2346,9.0225],[-6.2291,9.0073],[-6.2271,9.0035],[-6.2249,9.0004],[-6.2247,9.0002],[-6.2245,9.0],[-6.1593,8.9582],[-6.1399,8.9488],[-6.1352,8.9452],[-6.1315,8.9402],[-6.1293,8.9314],[-6.1278,8.9184],[-6.1264,8.9132],[-6.1087,8.877],[-5.9563,8.6406],[-5.9484,8.636],[-5.7423,8.5609],[-5.6104,8.5292],[-5.6051,8.5128],[-5.523,8.4662],[-5.5342,8.4539],[-5.5431,8.4501],[-5.5677,8.4519],[-5.5863,8.4582],[-5.5953,8.4594],[-5.6043,8.4572],[-5.6137,8.4525],[-5.6191,8.4478],[-5.6159,8.4457],[-5.6068,8.4381],[-5.5787,8.4048],[-5.5677,8.3973],[-5.563,8.3951],[-5.5595,8.3904],[-5.5549,8.3857],[-5.547,8.3836],[-5.5125,8.3836],[-5.5076,8.3808],[-5.5057,8.3746],[-5.5046,8.3678],[-5.5026,8.3638],[-5.4544,8.3525],[-5.448,8.3501],[-5.4275,8.3358],[-5.4161,8.3305],[-5.4112,8.3273],[-5.407,8.3228],[-5.3967,8.3009],[-5.3927,8.2949],[-5.3815,8.2893],[-5.3673,8.2854],[-5.3541,8.2775],[-5.3455,8.2601],[-5.366,8.2601],[-5.3474,8.2115],[-5.3455,8.1859],[-5.3592,8.1645],[-5.3742,8.1645],[-5.3888,8.1638],[-5.4024,8.1592],[-5.3912,8.1357],[-5.3933,8.1219],[-5.4012,8.1128],[-5.4138,8.1161],[-5.4214,8.1025],[-5.4352,8.1093],[-5.4519,8.1137],[-5.4665,8.1109],[-5.4746,8.0956],[-5.4909,8.0997],[-5.5207,8.1004],[-5.5319,8.0973],[-5.5375,8.095],[-5.5362,8.0796],[-5.5368,8.0713],[-5.5399,8.0655],[-5.5457,8.0591],[-5.6039,8.0211],[-5.6299,8.01],[-5.6728,8.0031],[-5.7064,8.0056],[-5.7158,8.0052],[-5.7309,8.0034],[-5.7399,8.0005],[-5.74,8.0002],[-5.7401,8.0],[-5.7491,7.953],[-5.7488,7.9435],[-5.7445,7.9255],[-5.741,7.9153],[-5.7397,7.9096],[-5.7395,7.9035],[-5.7403,7.8978],[-5.7433,7.887],[-5.7474,7.8773],[-5.7618,7.8576],[-5.7639,7.8529],[-5.7683,7.8363],[-5.7687,7.8302],[-5.7679,7.8177],[-5.7654,7.8068],[-5.7601,7.7915],[-5.7609,7.7838],[-5.7638,7.7749],[-5.7736,7.7603],[-5.7791,7.7538],[-5.7957,7.7439],[-5.8253,7.7428],[-5.8357,7.7408],[-5.85,7.736],[-5.8692,7.7231],[-5.8879,7.7133],[-5.9063,7.7067],[-5.9834,7.7367],[-5.9972,7.7397],[-6.0079,7.7377],[-6.0403,7.7144],[-6.0683,7.6884],[-6.0717,7.6775],[-6.0724,7.6696],[-6.0699,7.6517],[-6.0698,7.6473],[-6.0733,7.6409],[-6.0765,7.6361],[-6.1057,7.6184]]]}},{"type":"Feature","properties":{"id":"CIV-3449","name":"Zanzan","nameBn":"জানজান অঞ্চল","type":"Region","bounds":[-4.3225,7.0545,-2.5063,9.9489],"center":[-3.4148,8.6075]},"geometry":{"type":"Polygon","coordinates":[[[-2.6892,9.4887],[-2.6757,9.4717],[-2.6746,9.4575],[-2.6787,9.4255],[-2.6774,9.4178],[-2.6724,9.401],[-2.6724,9.374],[-2.6775,9.357],[-2.6894,9.3495],[-2.7031,9.3433],[-2.7133,9.3299],[-2.715,9.3111],[-2.7071,9.2956],[-2.693,9.2853],[-2.6755,9.2815],[-2.6598,9.2729],[-2.6612,9.2539],[-2.6731,9.2349],[-2.7048,9.2184],[-2.7165,9.2003],[-2.7339,9.1648],[-2.7552,9.1431],[-2.7594,9.1348],[-2.7613,9.0848],[-2.7654,9.0691],[-2.7748,9.055],[-2.7651,9.0495],[-2.7587,9.0429],[-2.7508,9.0374],[-2.737,9.0351],[-2.7113,9.0339],[-2.6861,9.0283],[-2.6608,9.0149],[-2.6543,8.9988],[-2.6533,8.9784],[-2.6377,8.9315],[-2.6317,8.927],[-2.625,8.926],[-2.6194,8.9236],[-2.6172,8.915],[-2.6159,8.8978],[-2.5956,8.8281],[-2.5967,8.8144],[-2.6073,8.8086],[-2.6146,8.8019],[-2.6172,8.7892],[-2.6124,8.7813],[-2.6122,8.781],[-2.6031,8.7851],[-2.5984,8.7695],[-2.5523,8.4894],[-2.5063,8.2093],[-2.5132,8.194],[-2.5581,8.1677],[-2.5718,8.1631],[-2.5833,8.1643],[-2.596,8.1703],[-2.6043,8.1708],[-2.6107,8.1649],[-2.6176,8.1515],[-2.6219,8.1357],[-2.6194,8.1231],[-2.6062,8.0943],[-2.5998,8.0704],[-2.6007,8.0529],[-2.6106,8.04],[-2.6312,8.0296],[-2.6909,8.0097],[-2.7093,7.9967],[-2.7549,7.9444],[-2.7712,7.9307],[-2.7726,7.9339],[-2.7777,7.9396],[-2.7843,7.944],[-2.7906,7.9433],[-2.7935,7.936],[-2.7979,7.8613],[-2.8012,7.8502],[-2.8092,7.8417],[-2.8314,7.8284],[-2.84,7.8202],[-2.8408,7.8152],[-2.8379,7.8023],[-2.8382,7.7968],[-2.842,7.7903],[-2.8521,7.7781],[-2.8559,7.7716],[-2.9282,7.6177],[-2.9415,7.5772],[-2.9905,7.2707],[-2.9895,7.2589],[-2.9832,7.245],[-2.9765,7.2367],[-2.9721,7.2286],[-2.9728,7.215],[-2.9817,7.1955],[-3.0275,7.1384],[-3.0326,7.1284],[-3.0409,7.0783],[-3.0459,7.0712],[-3.0955,7.0552],[-3.0966,7.0545],[-3.0966,7.055],[-3.0979,7.0734],[-3.1395,7.1525],[-3.1511,7.1657],[-3.167,7.1796],[-3.2005,7.2001],[-3.2231,7.2175],[-3.2351,7.2246],[-3.3076,7.247],[-3.3289,7.2501],[-3.3417,7.2495],[-3.3499,7.2362],[-3.3559,7.2284],[-3.3596,7.2252],[-3.3646,7.2245],[-3.3706,7.2269],[-3.3868,7.2458],[-3.3968,7.2548],[-3.4004,7.259],[-3.4033,7.2635],[-3.4053,7.2678],[-3.4206,7.3188],[-3.4246,7.3239],[-3.4307,7.329],[-3.443,7.3353],[-3.4493,7.3394],[-3.4549,7.3413],[-3.4598,7.3396],[-3.4638,7.3393],[-3.4726,7.3447],[-3.4789,7.343],[-3.4949,7.3482],[-3.4984,7.3488],[-3.5032,7.3478],[-3.5351,7.3379],[-3.5203,7.3608],[-3.522,7.3837],[-3.5056,7.3921],[-3.5028,7.4079],[-3.5089,7.4489],[-3.5119,7.4495],[-3.5338,7.4817],[-3.5371,7.4895],[-3.5414,7.4956],[-3.5499,7.4997],[-3.5611,7.5016],[-3.5741,7.5056],[-3.586,7.511],[-3.5939,7.5168],[-3.5955,7.5264],[-3.5758,7.5455],[-3.5703,7.5575],[-3.5787,7.5871],[-3.5984,7.5918],[-3.638,7.5817],[-3.6468,7.5873],[-3.6519,7.5965],[-3.6579,7.6052],[-3.6697,7.609],[-3.6732,7.6155],[-3.6742,7.6298],[-3.6781,7.6441],[-3.6898,7.6506],[-3.7147,7.6549],[-3.7259,7.6661],[-3.7348,7.699],[-3.7271,7.722],[-3.7401,7.7328],[-3.7622,7.7352],[-3.782,7.7331],[-3.7883,7.7403],[-3.7963,7.7447],[-3.8059,7.745],[-3.8167,7.74],[-3.8235,7.7602],[-3.834,7.7703],[-3.8498,7.7738],[-3.872,7.7741],[-3.872,7.7809],[-3.8614,7.7857],[-3.8596,7.7928],[-3.8658,7.8124],[-3.8682,7.8167],[-3.8751,7.8253],[-3.8765,7.8315],[-3.8723,7.8377],[-3.867,7.8437],[-3.8646,7.8492],[-3.8696,7.8663],[-3.8757,7.8774],[-3.8799,7.885],[-3.893,7.8944],[-3.9061,7.8833],[-3.9165,7.8917],[-3.9461,7.8987],[-3.9608,7.9038],[-3.9766,7.913],[-3.9773,7.9162],[-3.9683,7.9186],[-3.9546,7.9249],[-3.9369,7.9396],[-3.929,7.9493],[-3.9266,7.9585],[-3.9342,7.9778],[-3.9439,7.9765],[-3.9543,7.969],[-3.9642,7.9693],[-3.9783,7.9721],[-3.9954,7.9671],[-4.0099,7.9668],[-4.016,7.9833],[-4.0101,8.0283],[-4.0053,8.0652],[-3.9943,8.0897],[-3.9771,8.1028],[-3.9546,8.0956],[-3.9506,8.1],[-3.9428,8.111],[-3.9403,8.1161],[-3.9536,8.1278],[-3.9918,8.1747],[-4.0025,8.1799],[-4.0125,8.1807],[-4.0199,8.1838],[-4.0228,8.1955],[-4.0193,8.2077],[-4.0043,8.2284],[-4.0017,8.2402],[-4.0077,8.2501],[-4.0312,8.2642],[-4.0365,8.271],[-4.0375,8.281],[-4.0417,8.2951],[-4.0427,8.3048],[-4.032,8.3063],[-3.9823,8.3058],[-3.9676,8.3085],[-3.9598,8.3188],[-3.9573,8.3294],[-3.9592,8.339],[-3.9642,8.3467],[-3.9746,8.3579],[-3.9746,8.3614],[-3.9703,8.3641],[-3.9676,8.3731],[-3.9661,8.3765],[-3.963,8.3794],[-3.9605,8.3836],[-3.9608,8.3911],[-3.9637,8.3956],[-3.968,8.3964],[-3.9721,8.3961],[-3.9745,8.3973],[-3.9796,8.4049],[-3.9857,8.411],[-3.9878,8.4189],[-3.9813,8.432],[-3.9783,8.4287],[-3.9646,8.4313],[-3.9437,8.4382],[-3.9373,8.4567],[-3.9329,8.4696],[-3.9421,8.4894],[-3.9787,8.5098],[-3.9813,8.5276],[-3.9754,8.5331],[-3.9582,8.5385],[-3.9508,8.5518],[-3.9229,8.5726],[-3.921,8.5866],[-3.9271,8.6087],[-3.9317,8.6139],[-3.9371,8.629],[-3.9471,8.6375],[-3.9365,8.6734],[-3.9266,8.6872],[-3.9095,8.6927],[-3.8795,8.6933],[-3.8661,8.697],[-3.8578,8.7058],[-3.8736,8.7103],[-3.8704,8.719],[-3.8516,8.7337],[-3.8259,8.7741],[-3.8202,8.7809],[-3.8077,8.7772],[-3.7978,8.7725],[-3.7912,8.7764],[-3.7888,8.7982],[-3.7935,8.8116],[-3.8046,8.8234],[-3.8185,8.8304],[-3.8311,8.8293],[-3.8327,8.8329],[-3.8326,8.8342],[-3.8332,8.8346],[-3.8373,8.8361],[-3.8316,8.8427],[-3.8292,8.8465],[-3.8257,8.8487],[-3.8167,8.8498],[-3.8167,8.8572],[-3.8359,8.8729],[-3.8658,8.908],[-3.882,8.9221],[-3.8977,8.9463],[-3.8899,8.9637],[-3.8687,8.9766],[-3.8441,8.9869],[-3.8307,8.9891],[-3.8161,8.9895],[-3.8054,8.9938],[-3.8031,9.0074],[-3.8107,9.0183],[-3.8257,9.0272],[-3.8423,9.0332],[-3.8779,9.0418],[-3.8853,9.0584],[-3.8818,9.0804],[-3.872,9.1036],[-3.8624,9.0885],[-3.8513,9.0765],[-3.8436,9.078],[-3.8441,9.1036],[-3.8508,9.1191],[-3.8625,9.1192],[-3.8788,9.1132],[-3.8993,9.1105],[-3.8974,9.1141],[-3.8968,9.1147],[-3.8957,9.1147],[-3.8919,9.1167],[-3.9059,9.132],[-3.8936,9.1655],[-3.9095,9.1719],[-3.9396,9.1701],[-3.9471,9.1719],[-3.9513,9.1795],[-3.9533,9.191],[-3.9565,9.2015],[-3.9642,9.206],[-3.975,9.2083],[-3.9954,9.2181],[-4.0365,9.2265],[-4.0632,9.2441],[-4.0905,9.2675],[-4.096,9.2629],[-4.1019,9.2619],[-4.109,9.2622],[-4.1184,9.2613],[-4.1339,9.2565],[-4.1525,9.247],[-4.1587,9.2392],[-4.1594,9.2321],[-4.1619,9.2289],[-4.1737,9.2333],[-4.1771,9.2373],[-4.1816,9.245],[-4.1856,9.2539],[-4.1874,9.2613],[-4.1852,9.2773],[-4.1804,9.288],[-4.1771,9.2989],[-4.1799,9.3159],[-4.1827,9.3199],[-4.1869,9.3229],[-4.1909,9.3275],[-4.1936,9.3364],[-4.1931,9.3446],[-4.1909,9.3513],[-4.1885,9.3566],[-4.1874,9.3603],[-4.1862,9.37],[-4.1811,9.3803],[-4.1799,9.3882],[-4.182,9.3956],[-4.1914,9.4118],[-4.1964,9.4446],[-4.2043,9.4584],[-4.2314,9.4838],[-4.2378,9.492],[-4.2409,9.4992],[-4.2419,9.5073],[-4.2419,9.5179],[-4.2444,9.529],[-4.2503,9.5349],[-4.2581,9.5391],[-4.2658,9.5449],[-4.3102,9.6039],[-4.3225,9.609],[-4.3159,9.6166],[-4.303,9.6417],[-4.3005,9.6543],[-4.3035,9.6779],[-4.3033,9.6867],[-4.2978,9.6958],[-4.2675,9.7273],[-4.2792,9.7311],[-4.2836,9.732],[-4.2703,9.7439],[-4.2531,9.7501],[-4.2154,9.7549],[-4.197,9.765],[-4.1683,9.8048],[-4.1503,9.8183],[-4.133,9.8204],[-4.0762,9.8038],[-4.0657,9.7981],[-4.0599,9.7963],[-4.0537,9.7976],[-4.0517,9.8023],[-4.0514,9.8076],[-4.0503,9.8103],[-4.035,9.8176],[-4.0267,9.8203],[-3.9946,9.8208],[-3.9883,9.8348],[-3.984,9.8512],[-3.9692,9.859],[-3.9477,9.8644],[-3.9101,9.8885],[-3.8916,9.8939],[-3.8897,9.8945],[-3.8235,9.8957],[-3.8043,9.9014],[-3.7958,9.9077],[-3.7797,9.9247],[-3.7696,9.9313],[-3.755,9.9359],[-3.7065,9.9418],[-3.699,9.9408],[-3.6859,9.9335],[-3.6796,9.9322],[-3.6743,9.9353],[-3.665,9.9466],[-3.6617,9.9489],[-3.6482,9.9446],[-3.6405,9.9374],[-3.634,9.9292],[-3.6233,9.9217],[-3.6063,9.9182],[-3.5465,9.9261],[-3.3892,9.9132],[-3.3766,9.9085],[-3.359,9.8925],[-3.3483,9.887],[-3.3392,9.8901],[-3.3275,9.8973],[-3.3172,9.9013],[-3.3127,9.8945],[-3.3136,9.8746],[-3.3118,9.8541],[-3.3017,9.8411],[-3.2779,9.8435],[-3.2641,9.8571],[-3.2302,9.9047],[-3.2148,9.9156],[-3.2026,9.9082],[-3.2022,9.889],[-3.2044,9.8654],[-3.2,9.8454],[-3.1826,9.8352],[-3.1601,9.8347],[-3.1369,9.8295],[-3.1169,9.8053],[-3.1044,9.7571],[-3.0946,9.7339],[-3.0771,9.7194],[-3.0591,9.7186],[-3.0246,9.7286],[-3.0057,9.7242],[-2.99,9.7084],[-2.9778,9.6852],[-2.9599,9.6386],[-2.9102,9.5427],[-2.8104,9.4111],[-2.7876,9.3937],[-2.7637,9.3919],[-2.7449,9.4081],[-2.7205,9.4592],[-2.6892,9.4887]]]}}]}