{"type":"FeatureCollection","features":[{"type":"Feature","properties":{"id":"COD-1871","name":"Bandundu","nameBn":"বান্দুন্দো প্রদেশ","type":"Province","bounds":[15.888,-8.1112,21.0071,-0.7431],"center":[18.4474,-4.6178]},"geometry":{"type":"Polygon","coordinates":[[[16.184,-2.9404],[16.177,-2.8825],[16.1782,-2.8681],[16.1809,-2.8541],[16.2045,-2.7827],[16.2256,-2.6352],[16.1923,-2.3952],[16.1917,-2.3469],[16.1898,-2.3375],[16.1875,-2.3323],[16.1783,-2.3185],[16.1749,-2.3031],[16.1769,-2.2868],[16.1899,-2.2419],[16.19,-2.2355],[16.1886,-2.2277],[16.1874,-2.2046],[16.1946,-2.182],[16.2068,-2.161],[16.2313,-2.129],[16.2561,-2.1068],[16.2844,-2.0876],[16.3402,-2.0341],[16.3826,-2.0022],[16.4456,-1.9405],[16.4609,-1.9209],[16.47,-1.9127],[16.4748,-1.9101],[16.4903,-1.9036],[16.5078,-1.8903],[16.514,-1.8874],[16.5172,-1.8737],[16.5225,-1.8617],[16.525,-1.8585],[16.5284,-1.8624],[16.5567,-1.8932],[16.5883,-1.9362],[16.6165,-1.987],[16.6274,-1.9956],[16.6443,-1.9987],[16.8884,-1.9989],[16.8994,-1.9961],[16.9005,-1.9922],[16.8977,-1.9023],[16.8952,-1.8904],[16.8891,-1.8785],[16.88,-1.8689],[16.8691,-1.8617],[16.835,-1.8473],[16.8246,-1.8415],[16.8157,-1.8329],[16.8114,-1.8226],[16.8103,-1.8115],[16.8134,-1.8014],[16.8206,-1.7934],[16.8493,-1.7934],[16.9982,-1.8102],[17.0446,-1.8113],[17.0768,-1.8076],[17.184,-1.7253],[17.521,-1.5263],[17.5727,-1.5022],[17.6065,-1.4913],[17.6652,-1.479],[17.68,-1.4739],[17.6953,-1.4669],[17.7505,-1.4309],[17.7665,-1.4223],[17.8018,-1.4099],[17.8909,-1.3917],[17.9308,-1.3739],[18.0182,-1.3103],[18.0717,-1.2572],[18.11,-1.2098],[18.1246,-1.184],[18.1419,-1.1433],[18.1502,-1.1335],[18.1616,-1.1305],[18.1915,-1.1307],[18.3371,-1.1526],[18.3496,-1.1563],[18.3628,-1.1625],[18.4274,-1.2251],[18.4418,-1.2351],[18.4775,-1.253],[18.5036,-1.2617],[18.5218,-1.2657],[18.5382,-1.2671],[18.5515,-1.267],[18.5794,-1.2637],[18.5925,-1.26],[18.6328,-1.2442],[18.66,-1.2368],[18.6868,-1.2332],[18.7684,-1.238],[18.7826,-1.2366],[18.7959,-1.2335],[18.8089,-1.2285],[18.82,-1.2211],[18.8293,-1.211],[18.8362,-1.2001],[18.8421,-1.1888],[18.8494,-1.1778],[18.8689,-1.1572],[18.8751,-1.1446],[18.8761,-1.1309],[18.8704,-1.1175],[18.8627,-1.1048],[18.8183,-1.057],[18.8101,-1.0454],[18.8036,-1.0338],[18.7985,-1.0218],[18.7954,-1.0109],[18.7945,-1.003],[18.7934,-0.9537],[18.7971,-0.9299],[18.8022,-0.9179],[18.8094,-0.907],[18.8201,-0.8971],[18.8321,-0.8896],[18.8831,-0.8686],[18.9228,-0.8438],[18.9346,-0.8337],[18.9456,-0.8219],[18.9534,-0.8096],[18.9587,-0.7963],[18.9653,-0.7696],[18.9706,-0.7567],[18.9779,-0.7458],[18.9905,-0.7431],[19.0058,-0.7501],[19.0277,-0.7741],[19.0397,-0.7915],[19.0481,-0.8085],[19.0595,-0.8409],[19.0628,-0.8546],[19.0657,-0.9025],[19.0792,-0.9823],[19.0829,-0.9923],[19.0859,-0.9981],[19.1475,-1.084],[19.1748,-1.1345],[19.2136,-1.1882],[19.2945,-1.2731],[19.3227,-1.3217],[19.3268,-1.3356],[19.368,-1.4348],[19.3849,-1.4617],[19.415,-1.5011],[19.4735,-1.5951],[19.4839,-1.6219],[19.508,-1.7202],[19.5122,-1.7471],[19.5129,-1.772],[19.514,-1.7788],[19.5181,-1.7831],[19.5269,-1.7881],[19.5428,-1.7925],[19.5918,-1.7983],[19.598,-1.798],[19.6045,-1.7949],[19.6138,-1.7874],[19.6237,-1.7768],[19.6739,-1.7018],[19.696,-1.6784],[19.7089,-1.6682],[19.7283,-1.6669],[19.7538,-1.6733],[19.798,-1.7045],[19.8163,-1.7239],[19.8278,-1.742],[19.8404,-1.7849],[19.8891,-1.9017],[19.897,-1.9145],[19.9074,-1.9258],[19.92,-1.9339],[19.9372,-1.9393],[19.9987,-1.9485],[20.0183,-1.9489],[20.0979,-1.9407],[20.1729,-1.9457],[20.1861,-1.9485],[20.2025,-1.9565],[20.2199,-1.9677],[20.2522,-1.9972],[20.2578,-2.0045],[20.2629,-2.0138],[20.2704,-2.0247],[20.282,-2.0346],[20.2939,-2.0385],[20.3201,-2.0404],[20.3383,-2.0464],[20.4021,-2.077],[20.4255,-2.0837],[20.4446,-2.0848],[20.4576,-2.0804],[20.4826,-2.0679],[20.5228,-2.0422],[20.5344,-2.0372],[20.5467,-2.0341],[20.5584,-2.033],[20.5703,-2.0336],[20.6197,-2.0425],[20.6322,-2.0428],[20.6435,-2.0383],[20.6522,-2.0288],[20.6603,-2.0183],[20.6735,-2.0156],[20.6912,-2.023],[20.9869,-2.3714],[20.9953,-2.3923],[21.0017,-2.4133],[21.0071,-2.4888],[20.9686,-2.5615],[20.9635,-2.5781],[20.9601,-2.5943],[20.9584,-2.6171],[20.9598,-2.6565],[20.9576,-2.6703],[20.9522,-2.6869],[20.9394,-2.7109],[20.9267,-2.7276],[20.8781,-2.7767],[20.8414,-2.8275],[20.6647,-3.2803],[20.6552,-3.3269],[20.6424,-3.5084],[20.664,-3.7455],[20.6609,-3.8652],[20.669,-3.9222],[20.6777,-4.0938],[20.6755,-4.1111],[20.6709,-4.1308],[20.6612,-4.1469],[20.658,-4.1499],[20.6446,-4.1534],[20.638,-4.1622],[20.6339,-4.1732],[20.6279,-4.184],[20.5991,-4.2081],[20.5601,-4.2288],[20.517,-4.2442],[20.4758,-4.2523],[20.4606,-4.2532],[20.4485,-4.2591],[20.4476,-4.2622],[20.4468,-4.2685],[20.4451,-4.2753],[20.4417,-4.2803],[20.4349,-4.2817],[20.4286,-4.2789],[20.4228,-4.2748],[20.4174,-4.2728],[20.3939,-4.2782],[20.3768,-4.2925],[20.3655,-4.3125],[20.3591,-4.3349],[20.3566,-4.3657],[20.3523,-4.3759],[20.3424,-4.3893],[20.3365,-4.3903],[20.3292,-4.3858],[20.3153,-4.3827],[20.2938,-4.3861],[20.2791,-4.3915],[20.2662,-4.3906],[20.2505,-4.3759],[20.2322,-4.3453],[20.2216,-4.3329],[20.2021,-4.3206],[20.1846,-4.3291],[20.1653,-4.3154],[20.1338,-4.2803],[20.1087,-4.2733],[20.0565,-4.2767],[20.0454,-4.2751],[20.0379,-4.2848],[20.0365,-4.2895],[20.0357,-4.2962],[20.0356,-4.3047],[20.0404,-4.3467],[20.0425,-4.3541],[20.0453,-4.3599],[20.0592,-4.3736],[20.0621,-4.3776],[20.0646,-4.382],[20.0748,-4.4062],[20.0855,-4.4231],[20.0877,-4.4277],[20.0891,-4.4346],[20.09,-4.4561],[20.0911,-4.4641],[20.093,-4.4706],[20.0958,-4.4747],[20.0995,-4.4779],[20.1079,-4.4833],[20.1115,-4.4866],[20.1147,-4.4907],[20.1172,-4.4946],[20.1186,-4.4981],[20.1184,-4.5008],[20.1172,-4.5042],[20.1032,-4.532],[20.1007,-4.5352],[20.0992,-4.5368],[20.0866,-4.5438],[20.0835,-4.5458],[20.0818,-4.5476],[20.0796,-4.5511],[20.0652,-4.5915],[20.0638,-4.5983],[20.0634,-4.61],[20.0651,-4.6307],[20.0643,-4.6654],[20.0603,-4.6761],[20.0578,-4.6803],[20.0553,-4.684],[20.0545,-4.6893],[20.0527,-4.7287],[20.0554,-4.7658],[20.0575,-4.7732],[20.0596,-4.7779],[20.0624,-4.7821],[20.0727,-4.7925],[20.0784,-4.8006],[20.0824,-4.8102],[20.0885,-4.8385],[20.0903,-4.8434],[20.095,-4.8526],[20.0967,-4.8579],[20.1081,-4.9291],[20.1113,-4.9395],[20.1157,-4.9491],[20.1184,-4.9532],[20.1459,-4.9874],[20.1476,-4.9927],[20.1476,-4.9991],[20.1443,-5.0082],[20.1425,-5.0162],[20.1415,-5.0249],[20.144,-5.0379],[20.1468,-5.0451],[20.1504,-5.0505],[20.1611,-5.0604],[20.1642,-5.0643],[20.1664,-5.0689],[20.1706,-5.0852],[20.1748,-5.0948],[20.1763,-5.0999],[20.1779,-5.1114],[20.19,-5.1472],[20.191,-5.1546],[20.1954,-5.2685],[20.1943,-5.2733],[20.1897,-5.278],[20.1853,-5.2809],[20.1796,-5.2841],[20.1779,-5.2853],[20.1766,-5.2869],[20.1693,-5.313],[20.1659,-5.3211],[20.1625,-5.327],[20.1567,-5.3339],[20.153,-5.3397],[20.1512,-5.3438],[20.1498,-5.3499],[20.1484,-5.363],[20.1501,-5.5518],[20.1515,-5.5573],[20.1532,-5.5623],[20.1576,-5.5716],[20.1604,-5.5758],[20.1645,-5.5854],[20.1697,-5.6011],[20.1748,-5.6097],[20.1768,-5.6144],[20.1779,-5.6199],[20.1785,-5.6256],[20.1796,-5.6312],[20.1811,-5.6502],[20.1797,-5.67],[20.1779,-5.6805],[20.1734,-5.69],[20.1697,-5.6963],[20.1681,-5.7268],[20.1658,-5.7359],[20.1604,-5.7503],[20.1532,-5.7641],[20.1507,-5.7676],[20.1395,-5.7785],[20.1277,-5.787],[20.1222,-5.7924],[20.1203,-5.795],[20.1181,-5.8016],[20.1096,-5.838],[20.1087,-5.8391],[20.1026,-5.8444],[20.0858,-5.8554],[20.0812,-5.8574],[20.0592,-5.8625],[20.0553,-5.8642],[20.0534,-5.8653],[20.048,-5.8715],[20.0447,-5.8771],[20.0399,-5.8907],[20.0371,-5.8972],[20.0328,-5.9041],[20.0317,-5.9069],[20.0228,-5.9364],[20.0208,-5.9398],[20.019,-5.942],[20.0087,-5.9504],[20.0059,-5.9535],[20.0047,-5.9554],[20.0032,-5.9583],[20.0021,-5.9597],[20.0002,-5.9619],[19.9949,-5.9659],[19.9865,-5.9705],[19.9812,-5.9744],[19.9744,-5.9807],[19.9667,-5.9863],[19.9619,-5.9882],[19.9567,-5.9891],[19.94,-5.9867],[19.934,-5.9868],[19.9288,-5.9877],[19.9249,-5.9897],[19.9231,-5.9914],[19.9147,-6.0031],[19.912,-6.0059],[19.9085,-6.0079],[19.9043,-6.0071],[19.8948,-6.0027],[19.8893,-6.0018],[19.8866,-6.0018],[19.8841,-6.0032],[19.8826,-6.0053],[19.8754,-6.0182],[19.8728,-6.0221],[19.8689,-6.0252],[19.8641,-6.0272],[19.8464,-6.0302],[19.8415,-6.0321],[19.8379,-6.0354],[19.8232,-6.0554],[19.8102,-6.0683],[19.8061,-6.0708],[19.7961,-6.0748],[19.7919,-6.0775],[19.7884,-6.0808],[19.782,-6.0883],[19.778,-6.0911],[19.7681,-6.0949],[19.7548,-6.1032],[19.7449,-6.1069],[19.7409,-6.1098],[19.7378,-6.1138],[19.7355,-6.1183],[19.7325,-6.1223],[19.7153,-6.1396],[19.7029,-6.1477],[19.6994,-6.1513],[19.6974,-6.1562],[19.6942,-6.1736],[19.6911,-6.1837],[19.6898,-6.19],[19.6898,-6.198],[19.7294,-6.5495],[19.748,-6.5913],[19.8056,-6.6845],[19.9181,-6.8199],[19.9332,-6.8462],[19.9409,-6.8642],[19.9513,-6.9057],[19.9628,-6.9999],[19.9631,-7.0017],[19.9631,-7.0019],[19.9521,-7.0019],[19.91,-7.0019],[19.8681,-7.0019],[19.8261,-7.0019],[19.784,-7.0019],[19.742,-7.0019],[19.7,-7.0019],[19.6581,-7.0019],[19.6161,-7.0019],[19.574,-7.0019],[19.5218,-7.0019],[19.5402,-7.0416],[19.5426,-7.0523],[19.5362,-7.0684],[19.5086,-7.1032],[19.497,-7.1217],[19.4872,-7.1539],[19.4764,-7.3159],[19.4795,-7.3477],[19.4872,-7.382],[19.5138,-7.4484],[19.5132,-7.4794],[19.4847,-7.502],[19.4839,-7.5024],[19.4831,-7.5029],[19.4824,-7.5035],[19.4687,-7.5211],[19.4583,-7.5603],[19.4439,-7.5752],[19.4247,-7.5797],[19.3556,-7.5741],[19.3537,-7.6003],[19.3618,-7.627],[19.3732,-7.6538],[19.381,-7.6797],[19.3814,-7.7039],[19.3778,-7.7301],[19.358,-7.7916],[19.3485,-7.8215],[19.3338,-7.8673],[19.3309,-7.8986],[19.334,-7.9243],[19.3555,-8.002],[19.3283,-8.002],[19.2006,-8.002],[19.0731,-8.002],[18.9454,-8.002],[18.818,-8.002],[18.7738,-8.002],[18.7583,-7.9782],[18.7521,-7.9659],[18.7473,-7.9378],[18.7385,-7.9323],[18.6669,-7.9323],[18.5887,-7.9323],[18.5165,-7.9322],[18.5043,-7.9407],[18.5023,-7.9601],[18.5076,-7.9975],[18.4879,-7.9983],[18.4818,-7.9973],[18.4205,-7.9983],[18.4039,-8.0006],[18.382,-8.0123],[18.3666,-8.0168],[18.3536,-8.0159],[18.3162,-8.0017],[18.2673,-7.9998],[18.1927,-7.9969],[18.1766,-7.9992],[18.1358,-8.0185],[18.1204,-8.0225],[18.1022,-8.0333],[18.0929,-8.0564],[18.0917,-8.0842],[18.0982,-8.1093],[18.0085,-8.1112],[17.9819,-8.1053],[17.9308,-8.0621],[17.9014,-8.0481],[17.868,-8.0445],[17.8518,-8.0478],[17.7895,-8.0818],[17.7772,-8.0833],[17.7433,-8.0707],[17.7133,-8.0683],[17.6284,-8.098],[17.6002,-8.0985],[17.5443,-8.0848],[17.5365,-8.076],[17.5362,-8.0754],[17.5284,-8.0606],[17.54,-8.0321],[17.5365,-8.0151],[17.5284,-8.0078],[17.5064,-7.9965],[17.4962,-7.9872],[17.491,-7.9775],[17.4819,-7.9457],[17.4772,-7.9505],[17.4711,-7.9556],[17.4683,-7.9599],[17.4652,-7.9526],[17.463,-7.9498],[17.4636,-7.9469],[17.4683,-7.9395],[17.4468,-7.9289],[17.4378,-7.9224],[17.4341,-7.9158],[17.4394,-7.9022],[17.4487,-7.8929],[17.4524,-7.884],[17.4409,-7.8711],[17.4264,-7.8755],[17.423,-7.8679],[17.4236,-7.8551],[17.4206,-7.8439],[17.4109,-7.8415],[17.3976,-7.8414],[17.3907,-7.8392],[17.4,-7.8302],[17.4,-7.8234],[17.381,-7.8232],[17.3761,-7.8141],[17.377,-7.8017],[17.3754,-7.7923],[17.3655,-7.7873],[17.3424,-7.784],[17.3379,-7.7786],[17.3341,-7.7697],[17.316,-7.7536],[17.3106,-7.7408],[17.3142,-7.7318],[17.3206,-7.7224],[17.3204,-7.7136],[17.3038,-7.7067],[17.3081,-7.7024],[17.3081,-7.7019],[17.306,-7.7001],[17.3038,-7.6924],[17.2889,-7.6995],[17.2865,-7.6837],[17.2875,-7.6602],[17.2827,-7.644],[17.2864,-7.6252],[17.2666,-7.6104],[17.2178,-7.586],[17.2029,-7.5643],[17.1863,-7.5163],[17.1728,-7.4938],[17.1634,-7.4852],[17.155,-7.4791],[17.1485,-7.4726],[17.1462,-7.4631],[17.1515,-7.4512],[17.1631,-7.4455],[17.1749,-7.4416],[17.1803,-7.4354],[17.1766,-7.4282],[17.1675,-7.4235],[17.1462,-7.418],[17.1382,-7.4137],[17.1322,-7.4096],[17.1262,-7.4114],[17.1182,-7.4255],[17.104,-7.4161],[17.0981,-7.4023],[17.0979,-7.3783],[17.0978,-7.3674],[17.0934,-7.3523],[17.0825,-7.3423],[17.0567,-7.3299],[17.0229,-7.306],[16.9961,-7.298],[16.9917,-7.2861],[16.9917,-7.2706],[16.9891,-7.2549],[16.9728,-7.2322],[16.9605,-7.2191],[16.9508,-7.2132],[16.9457,-7.2046],[16.9475,-7.1511],[16.9271,-7.0857],[16.9291,-7.0607],[16.9612,-7.0692],[16.9623,-7.0474],[16.9693,-7.0304],[16.9732,-7.0148],[16.9646,-6.9972],[16.9593,-6.9894],[16.9553,-6.9815],[16.9491,-6.9754],[16.9376,-6.973],[16.9287,-6.9687],[16.9286,-6.9593],[16.9321,-6.9499],[16.9345,-6.9457],[16.927,-6.8886],[16.915,-6.8641],[16.8908,-6.8471],[16.8794,-6.8446],[16.8553,-6.8422],[16.8445,-6.8384],[16.8329,-6.8278],[16.8286,-6.8144],[16.8269,-6.7998],[16.8231,-6.7851],[16.7681,-6.7083],[16.7604,-6.692],[16.7559,-6.6741],[16.753,-6.6372],[16.7487,-6.6195],[16.734,-6.5861],[16.7308,-6.5698],[16.7345,-6.5524],[16.7468,-6.5316],[16.7473,-6.522],[16.7383,-6.5106],[16.728,-6.5011],[16.7217,-6.4918],[16.7213,-6.4805],[16.7278,-6.466],[16.7061,-6.465],[16.7061,-6.4552],[16.7152,-6.4414],[16.721,-6.4283],[16.7189,-6.4153],[16.7136,-6.414],[16.707,-6.4154],[16.7004,-6.4113],[16.6947,-6.4022],[16.693,-6.3984],[16.6936,-6.3598],[16.6974,-6.3498],[16.7061,-6.3467],[16.7153,-6.346],[16.721,-6.3424],[16.7223,-6.3324],[16.7201,-6.3226],[16.7169,-6.3133],[16.7154,-6.3048],[16.7148,-6.2316],[16.7173,-6.2151],[16.7244,-6.2024],[16.7268,-6.1892],[16.7179,-6.1741],[16.7004,-6.1544],[16.6959,-6.1409],[16.6851,-6.1343],[16.6718,-6.1302],[16.6601,-6.124],[16.643,-6.1007],[16.631,-6.0917],[16.6111,-6.0898],[16.6322,-6.0653],[16.6284,-6.0553],[16.6195,-6.0566],[16.6101,-6.0612],[16.6043,-6.0619],[16.6012,-6.0506],[16.5972,-5.9878],[16.5953,-5.9785],[16.5903,-5.968],[16.5807,-5.9554],[16.5806,-5.949],[16.5941,-5.9332],[16.5974,-5.9247],[16.5603,-5.9064],[16.5529,-5.9024],[16.5151,-5.8871],[16.4973,-5.8828],[16.4793,-5.8822],[16.4595,-5.8852],[16.4275,-5.8946],[16.4125,-5.8968],[16.3961,-5.8941],[16.3743,-5.8828],[16.3585,-5.8702],[16.3413,-5.8598],[16.3157,-5.8546],[16.257,-5.8556],[16.1657,-5.857],[16.1009,-5.8581],[16.101,-5.8579],[16.1154,-5.8343],[16.1736,-5.7921],[16.1837,-5.7825],[16.1906,-5.7717],[16.2223,-5.7004],[16.2267,-5.6783],[16.2296,-5.6479],[16.2295,-5.5163],[16.2208,-5.4359],[16.2275,-5.3824],[16.2546,-5.2578],[16.2584,-5.2209],[16.2503,-5.1021],[16.2559,-5.0672],[16.2787,-5.0],[16.2729,-4.8852],[16.2622,-4.8315],[16.2598,-4.8064],[16.2605,-4.7945],[16.2652,-4.7827],[16.2726,-4.7715],[16.3201,-4.7138],[16.4218,-4.5325],[16.4306,-4.521],[16.4413,-4.5121],[16.4525,-4.5085],[16.4845,-4.5079],[16.49,-4.5058],[16.4914,-4.5026],[16.4947,-4.4963],[16.4969,-4.4877],[16.5062,-4.4751],[16.5084,-4.4683],[16.5116,-4.4505],[16.5197,-4.4287],[16.5308,-4.4087],[16.5425,-4.3963],[16.5425,-4.3901],[16.5386,-4.3797],[16.5442,-4.3657],[16.5481,-4.3493],[16.5348,-4.3228],[16.5366,-4.3121],[16.5404,-4.3009],[16.5425,-4.2902],[16.5402,-4.2778],[16.5225,-4.2501],[16.5125,-4.2432],[16.4969,-4.2294],[16.4728,-4.2129],[16.4593,-4.1987],[16.4484,-4.1851],[16.4038,-4.1127],[16.3896,-4.0997],[16.2626,-4.0327],[16.2161,-4.0011],[16.2003,-3.9936],[16.176,-3.9865],[16.1482,-3.9814],[16.0728,-3.9771],[15.9882,-3.9873],[15.9546,-3.9788],[15.8907,-3.943],[15.888,-3.9405],[15.9121,-3.9174],[15.9303,-3.8586],[15.9361,-3.8485],[15.9431,-3.8407],[15.9578,-3.8151],[15.9742,-3.7865],[15.9911,-3.7389],[16.0053,-3.7248],[16.0127,-3.7023],[16.0533,-3.62],[16.1155,-3.5442],[16.1379,-3.5007],[16.1584,-3.4473],[16.2077,-3.3619],[16.2207,-3.3317],[16.2256,-3.3132],[16.2275,-3.2899],[16.2221,-3.2791],[16.2104,-3.2711],[16.1986,-3.2595],[16.1934,-3.2384],[16.1995,-3.1948],[16.1992,-3.1718],[16.1899,-3.153],[16.1857,-3.1364],[16.1898,-3.0823],[16.1845,-3.0261],[16.1883,-2.9764],[16.184,-2.9404]]]}},{"type":"Feature","properties":{"id":"COD-1883","name":"Bas-Congo","nameBn":"বাস-কঙ্গো","type":"Province","bounds":[12.2105,-6.0519,16.2787,-4.2771],"center":[14.2052,-5.3191]},"geometry":{"type":"MultiPolygon","coordinates":[[[[15.0761,-4.5201],[15.0979,-4.4999],[15.1507,-4.4252],[15.2758,-4.6013],[15.323,-4.645],[15.3351,-4.6529],[15.3469,-4.6578],[15.3585,-4.66],[15.3703,-4.6589],[15.3819,-4.6552],[15.3922,-4.6486],[15.3998,-4.639],[15.4051,-4.628],[15.408,-4.6162],[15.4085,-4.604],[15.4049,-4.5802],[15.4073,-4.5687],[15.4136,-4.5578],[15.4228,-4.5478],[15.4335,-4.5398],[15.4448,-4.534],[15.4659,-4.5327],[15.4949,-4.535],[15.6014,-4.553],[15.6453,-4.551],[15.6717,-4.5535],[15.6828,-4.5618],[15.6855,-4.572],[15.6804,-4.5833],[15.6648,-4.6072],[15.6681,-4.6223],[15.6815,-4.6399],[15.7251,-4.6684],[15.7431,-4.6863],[15.7533,-4.7012],[15.7522,-4.7124],[15.7347,-4.7576],[15.7294,-4.7808],[15.7254,-4.83],[15.723,-4.8424],[15.7177,-4.8539],[15.7094,-4.864],[15.6985,-4.8718],[15.6875,-4.8769],[15.6759,-4.8796],[15.6389,-4.8848],[15.6281,-4.8896],[15.6222,-4.901],[15.6234,-4.9161],[15.6358,-4.939],[15.649,-4.9544],[15.6753,-4.9772],[15.7018,-4.9952],[15.7331,-5.0122],[15.7584,-5.021],[15.8081,-5.0315],[15.8332,-5.032],[15.8462,-5.0292],[15.8587,-5.0239],[15.869,-5.0159],[15.8757,-5.0078],[15.8793,-5.0019],[15.883,-4.9905],[15.8861,-4.9669],[15.8872,-4.9373],[15.8891,-4.9241],[15.8953,-4.9166],[15.9055,-4.92],[15.9173,-4.9281],[15.9447,-4.9514],[15.9884,-4.9661],[16.0343,-4.9873],[16.2787,-5.0],[16.2559,-5.0672],[16.2503,-5.1021],[16.2584,-5.2209],[16.2546,-5.2578],[16.2275,-5.3824],[16.2208,-5.4359],[16.2295,-5.5163],[16.2296,-5.6479],[16.2267,-5.6783],[16.2223,-5.7004],[16.1906,-5.7717],[16.1837,-5.7825],[16.1736,-5.7921],[16.1154,-5.8343],[16.101,-5.8579],[16.1009,-5.8581],[16.0745,-5.8586],[15.9832,-5.8601],[15.8921,-5.8617],[15.8007,-5.8632],[15.7096,-5.8648],[15.6183,-5.8662],[15.527,-5.8678],[15.4358,-5.8692],[15.3445,-5.8708],[15.2534,-5.8722],[15.1621,-5.8737],[15.0708,-5.8753],[14.9796,-5.8767],[14.8884,-5.8783],[14.7972,-5.8798],[14.7597,-5.8805],[14.7037,-5.8814],[14.5766,-5.9047],[14.5457,-5.9017],[14.4821,-5.8855],[14.4367,-5.8934],[14.3461,-5.8915],[14.2418,-5.8896],[14.2222,-5.887],[14.1631,-5.8661],[14.1401,-5.8635],[14.0212,-5.8725],[14.0063,-5.8669],[13.9823,-5.8533],[13.9436,-5.8416],[13.8071,-5.8525],[13.6415,-5.8658],[13.5626,-5.8574],[13.5531,-5.8594],[13.5348,-5.867],[13.5227,-5.8675],[13.4932,-5.8585],[13.4133,-5.857],[13.3805,-5.8564],[13.3738,-5.8609],[13.3536,-5.8826],[13.3425,-5.8906],[13.311,-5.874],[13.2693,-5.8635],[13.1849,-5.8564],[13.1839,-5.8564],[13.1843,-5.8562],[13.1707,-5.8499],[13.1548,-5.8521],[13.1229,-5.8625],[13.1078,-5.863],[13.0899,-5.8606],[13.0672,-5.8626],[13.0364,-5.8572],[12.9893,-5.8357],[12.9758,-5.8328],[12.9409,-5.8191],[12.9243,-5.8146],[12.8962,-5.8145],[12.8587,-5.8195],[12.8224,-5.8298],[12.7971,-5.8454],[12.7892,-5.8492],[12.7665,-5.8653],[12.7544,-5.8818],[12.7434,-5.9004],[12.7175,-5.9313],[12.7226,-5.9793],[12.672,-6.0001],[12.607,-5.998],[12.5564,-6.0255],[12.476,-6.0453],[12.4495,-6.0519],[12.4352,-6.0509],[12.4319,-6.0344],[12.4363,-6.0267],[12.4572,-6.0136],[12.4574,-5.9897],[12.4572,-5.9818],[12.4473,-5.9763],[12.4307,-5.9752],[12.4142,-5.9785],[12.4109,-5.9862],[12.4043,-5.9906],[12.3966,-6.006],[12.3848,-5.9843],[12.3796,-5.9661],[12.3762,-5.9587],[12.3711,-5.9542],[12.3589,-5.9477],[12.3552,-5.945],[12.3342,-5.9184],[12.2666,-5.8508],[12.2493,-5.8288],[12.2105,-5.7634],[12.259,-5.7367],[12.3444,-5.7246],[12.4355,-5.7255],[12.509,-5.7263],[12.5125,-5.6337],[12.515,-5.5688],[12.5197,-5.4442],[12.5244,-5.3247],[12.5277,-5.2395],[12.5307,-5.1627],[12.5241,-5.1291],[12.512,-5.1205],[12.4504,-5.0988],[12.4447,-5.0935],[12.4408,-5.084],[12.4389,-5.0733],[12.4394,-5.0648],[12.4444,-5.0551],[12.4507,-5.0531],[12.4581,-5.0542],[12.4665,-5.0531],[12.5504,-5.0242],[12.5877,-5.0003],[12.604,-4.9626],[12.607,-4.9422],[12.6159,-4.9355],[12.6544,-4.9326],[12.6789,-4.9243],[12.6862,-4.9128],[12.6883,-4.897],[12.697,-4.8756],[12.712,-4.8633],[12.7569,-4.8373],[12.7662,-4.8252],[12.7683,-4.8019],[12.7748,-4.7795],[12.7862,-4.7584],[12.8029,-4.7398],[12.8332,-4.7227],[13.0296,-4.6769],[13.0653,-4.664],[13.0737,-4.6353],[13.0715,-4.6016],[13.088,-4.5795],[13.1124,-4.5769],[13.1341,-4.6024],[13.1421,-4.6173],[13.16,-4.6434],[13.1724,-4.6761],[13.1821,-4.6861],[13.2088,-4.7031],[13.2558,-4.7439],[13.274,-4.7558],[13.3346,-4.7775],[13.3493,-4.7856],[13.3588,-4.7948],[13.3641,-4.8069],[13.3714,-4.8417],[13.3926,-4.8853],[13.4032,-4.8769],[13.4308,-4.8434],[13.4823,-4.8055],[13.4935,-4.7997],[13.4964,-4.7921],[13.4924,-4.7835],[13.4823,-4.7748],[13.5147,-4.7559],[13.5262,-4.7543],[13.5389,-4.76],[13.5586,-4.7804],[13.5707,-4.7859],[13.5799,-4.783],[13.5914,-4.7794],[13.6131,-4.7392],[13.634,-4.7257],[13.6437,-4.7263],[13.6665,-4.7327],[13.6753,-4.7318],[13.6806,-4.7247],[13.6778,-4.7063],[13.6819,-4.6954],[13.6901,-4.6911],[13.6984,-4.6935],[13.7059,-4.6943],[13.7125,-4.6857],[13.6991,-4.6427],[13.7026,-4.6208],[13.7182,-4.5803],[13.7218,-4.561],[13.711,-4.4645],[13.715,-4.453],[13.7265,-4.4467],[13.79,-4.4246],[13.8105,-4.4267],[13.8329,-4.4412],[13.8421,-4.4534],[13.8561,-4.4797],[13.8671,-4.4893],[13.8763,-4.4917],[13.9044,-4.4898],[13.9054,-4.4901],[13.9346,-4.4985],[13.9445,-4.4981],[13.9549,-4.4919],[13.9718,-4.4716],[13.9877,-4.4601],[13.9899,-4.458],[13.9916,-4.4551],[14.0211,-4.4154],[14.0584,-4.4005],[14.1464,-4.3899],[14.1847,-4.3775],[14.2222,-4.3598],[14.2596,-4.3269],[14.28,-4.3128],[14.3255,-4.3018],[14.3686,-4.2784],[14.3871,-4.2771],[14.3928,-4.2818],[14.3953,-4.2897],[14.3952,-4.3004],[14.3935,-4.3132],[14.3891,-4.3275],[14.3857,-4.3329],[14.386,-4.3383],[14.3927,-4.3528],[14.4091,-4.3776],[14.4286,-4.4004],[14.4632,-4.4226],[14.4697,-4.4293],[14.4665,-4.448],[14.4525,-4.468],[14.4357,-4.4867],[14.4246,-4.5023],[14.4126,-4.5145],[14.3748,-4.5302],[14.3589,-4.5446],[14.3508,-4.559],[14.35,-4.5669],[14.3575,-4.5891],[14.3658,-4.6273],[14.381,-4.6462],[14.3958,-4.6601],[14.4069,-4.676],[14.4109,-4.7011],[14.4092,-4.7106],[14.4015,-4.7281],[14.399,-4.7375],[14.3997,-4.7493],[14.4037,-4.7588],[14.4088,-4.7678],[14.4126,-4.7782],[14.3965,-4.8559],[14.4007,-4.8863],[14.4182,-4.8832],[14.4373,-4.8802],[14.4495,-4.874],[14.4701,-4.8522],[14.4819,-4.8459],[14.5015,-4.8407],[14.5199,-4.8413],[14.528,-4.8522],[14.5325,-4.8562],[14.5539,-4.8552],[14.5621,-4.8559],[14.5669,-4.8605],[14.5751,-4.8737],[14.5796,-4.8763],[14.5921,-4.8806],[14.6233,-4.8995],[14.6345,-4.9036],[14.6727,-4.8999],[14.7022,-4.8896],[14.7684,-4.8482],[14.8155,-4.828],[14.8312,-4.8151],[14.8414,-4.8002],[14.849,-4.7837],[14.931,-4.6469],[15.0082,-4.571],[15.0146,-4.558],[15.0228,-4.5471],[15.0761,-4.5201]]],[[[12.9053,-5.8695],[12.9339,-5.8738],[12.9538,-5.8716],[12.9725,-5.8683],[12.9946,-5.8682],[12.9693,-5.888],[12.9406,-5.8968],[12.8844,-5.9079],[12.8701,-5.9177],[12.8393,-5.9276],[12.8074,-5.954],[12.7832,-5.9606],[12.7611,-5.9584],[12.7451,-5.9402],[12.7655,-5.9201],[12.7952,-5.897],[12.8282,-5.8718],[12.8546,-5.8685],[12.9053,-5.8695]]]]}},{"type":"Feature","properties":{"id":"COD-1872","name":"Kasaï-Occidental","nameBn":"কাসোাই-ওক্সিডেন্টাল","type":"Province","bounds":[19.6898,-7.9014,23.739,-2.339],"center":[21.7144,-4.8758]},"geometry":{"type":"Polygon","coordinates":[[[20.5205,-7.2864],[20.5194,-7.2372],[20.5183,-7.1897],[20.5245,-7.1431],[20.5454,-7.0886],[20.5609,-7.0478],[20.5881,-6.9768],[20.6115,-6.916],[20.5537,-6.9162],[20.4673,-6.9164],[20.3837,-6.9167],[20.3311,-6.9168],[20.3195,-6.9185],[20.3112,-6.9251],[20.3032,-6.9401],[20.2986,-6.9545],[20.2942,-6.9875],[20.2943,-7.0019],[20.2462,-7.0019],[20.2041,-7.0019],[20.1621,-7.0019],[20.1201,-7.0019],[20.0782,-7.0019],[20.0361,-7.0019],[19.9941,-7.0019],[19.9631,-7.0019],[19.9631,-7.0017],[19.9628,-6.9999],[19.9513,-6.9057],[19.9409,-6.8642],[19.9332,-6.8462],[19.9181,-6.8199],[19.8056,-6.6845],[19.748,-6.5913],[19.7294,-6.5495],[19.6898,-6.198],[19.6898,-6.19],[19.6911,-6.1837],[19.6942,-6.1736],[19.6974,-6.1562],[19.6994,-6.1513],[19.7029,-6.1477],[19.7153,-6.1396],[19.7325,-6.1223],[19.7355,-6.1183],[19.7378,-6.1138],[19.7409,-6.1098],[19.7449,-6.1069],[19.7548,-6.1032],[19.7681,-6.0949],[19.778,-6.0911],[19.782,-6.0883],[19.7884,-6.0808],[19.7919,-6.0775],[19.7961,-6.0748],[19.8061,-6.0708],[19.8102,-6.0683],[19.8232,-6.0554],[19.8379,-6.0354],[19.8415,-6.0321],[19.8464,-6.0302],[19.8641,-6.0272],[19.8689,-6.0252],[19.8728,-6.0221],[19.8754,-6.0182],[19.8826,-6.0053],[19.8841,-6.0032],[19.8866,-6.0018],[19.8893,-6.0018],[19.8948,-6.0027],[19.9043,-6.0071],[19.9085,-6.0079],[19.912,-6.0059],[19.9147,-6.0031],[19.9231,-5.9914],[19.9249,-5.9897],[19.9288,-5.9877],[19.934,-5.9868],[19.94,-5.9867],[19.9567,-5.9891],[19.9619,-5.9882],[19.9667,-5.9863],[19.9744,-5.9807],[19.9812,-5.9744],[19.9865,-5.9705],[19.9949,-5.9659],[20.0002,-5.9619],[20.0021,-5.9597],[20.0032,-5.9583],[20.0047,-5.9554],[20.0059,-5.9535],[20.0087,-5.9504],[20.019,-5.942],[20.0208,-5.9398],[20.0228,-5.9364],[20.0317,-5.9069],[20.0328,-5.9041],[20.0371,-5.8972],[20.0399,-5.8907],[20.0447,-5.8771],[20.048,-5.8715],[20.0534,-5.8653],[20.0553,-5.8642],[20.0592,-5.8625],[20.0812,-5.8574],[20.0858,-5.8554],[20.1026,-5.8444],[20.1087,-5.8391],[20.1096,-5.838],[20.1181,-5.8016],[20.1203,-5.795],[20.1222,-5.7924],[20.1277,-5.787],[20.1395,-5.7785],[20.1507,-5.7676],[20.1532,-5.7641],[20.1604,-5.7503],[20.1658,-5.7359],[20.1681,-5.7268],[20.1697,-5.6963],[20.1734,-5.69],[20.1779,-5.6805],[20.1797,-5.67],[20.1811,-5.6502],[20.1796,-5.6312],[20.1785,-5.6256],[20.1779,-5.6199],[20.1768,-5.6144],[20.1748,-5.6097],[20.1697,-5.6011],[20.1645,-5.5854],[20.1604,-5.5758],[20.1576,-5.5716],[20.1532,-5.5623],[20.1515,-5.5573],[20.1501,-5.5518],[20.1484,-5.363],[20.1498,-5.3499],[20.1512,-5.3438],[20.153,-5.3397],[20.1567,-5.3339],[20.1625,-5.327],[20.1659,-5.3211],[20.1693,-5.313],[20.1766,-5.2869],[20.1779,-5.2853],[20.1796,-5.2841],[20.1853,-5.2809],[20.1897,-5.278],[20.1943,-5.2733],[20.1954,-5.2685],[20.191,-5.1546],[20.19,-5.1472],[20.1779,-5.1114],[20.1763,-5.0999],[20.1748,-5.0948],[20.1706,-5.0852],[20.1664,-5.0689],[20.1642,-5.0643],[20.1611,-5.0604],[20.1504,-5.0505],[20.1468,-5.0451],[20.144,-5.0379],[20.1415,-5.0249],[20.1425,-5.0162],[20.1443,-5.0082],[20.1476,-4.9991],[20.1476,-4.9927],[20.1459,-4.9874],[20.1184,-4.9532],[20.1157,-4.9491],[20.1113,-4.9395],[20.1081,-4.9291],[20.0967,-4.8579],[20.095,-4.8526],[20.0903,-4.8434],[20.0885,-4.8385],[20.0824,-4.8102],[20.0784,-4.8006],[20.0727,-4.7925],[20.0624,-4.7821],[20.0596,-4.7779],[20.0575,-4.7732],[20.0554,-4.7658],[20.0527,-4.7287],[20.0545,-4.6893],[20.0553,-4.684],[20.0578,-4.6803],[20.0603,-4.6761],[20.0643,-4.6654],[20.0651,-4.6307],[20.0634,-4.61],[20.0638,-4.5983],[20.0652,-4.5915],[20.0796,-4.5511],[20.0818,-4.5476],[20.0835,-4.5458],[20.0866,-4.5438],[20.0992,-4.5368],[20.1007,-4.5352],[20.1032,-4.532],[20.1172,-4.5042],[20.1184,-4.5008],[20.1186,-4.4981],[20.1172,-4.4946],[20.1147,-4.4907],[20.1115,-4.4866],[20.1079,-4.4833],[20.0995,-4.4779],[20.0958,-4.4747],[20.093,-4.4706],[20.0911,-4.4641],[20.09,-4.4561],[20.0891,-4.4346],[20.0877,-4.4277],[20.0855,-4.4231],[20.0748,-4.4062],[20.0646,-4.382],[20.0621,-4.3776],[20.0592,-4.3736],[20.0453,-4.3599],[20.0425,-4.3541],[20.0404,-4.3467],[20.0356,-4.3047],[20.0357,-4.2962],[20.0365,-4.2895],[20.0379,-4.2848],[20.0454,-4.2751],[20.0565,-4.2767],[20.1087,-4.2733],[20.1338,-4.2803],[20.1653,-4.3154],[20.1846,-4.3291],[20.2021,-4.3206],[20.2216,-4.3329],[20.2322,-4.3453],[20.2505,-4.3759],[20.2662,-4.3906],[20.2791,-4.3915],[20.2938,-4.3861],[20.3153,-4.3827],[20.3292,-4.3858],[20.3365,-4.3903],[20.3424,-4.3893],[20.3523,-4.3759],[20.3566,-4.3657],[20.3591,-4.3349],[20.3655,-4.3125],[20.3768,-4.2925],[20.3939,-4.2782],[20.4174,-4.2728],[20.4228,-4.2748],[20.4286,-4.2789],[20.4349,-4.2817],[20.4417,-4.2803],[20.4451,-4.2753],[20.4468,-4.2685],[20.4476,-4.2622],[20.4485,-4.2591],[20.4606,-4.2532],[20.4758,-4.2523],[20.517,-4.2442],[20.5601,-4.2288],[20.5991,-4.2081],[20.6279,-4.184],[20.6339,-4.1732],[20.638,-4.1622],[20.6446,-4.1534],[20.658,-4.1499],[20.6612,-4.1469],[20.6709,-4.1308],[20.6755,-4.1111],[20.6777,-4.0938],[20.669,-3.9222],[20.6609,-3.8652],[20.664,-3.7455],[20.6424,-3.5084],[20.6552,-3.3269],[20.6647,-3.2803],[20.8414,-2.8275],[20.8781,-2.7767],[20.9267,-2.7276],[20.9394,-2.7109],[20.9522,-2.6869],[20.9576,-2.6703],[20.9598,-2.6565],[20.9584,-2.6171],[20.9601,-2.5943],[20.9635,-2.5781],[20.9686,-2.5615],[21.0071,-2.4888],[21.1821,-2.5106],[21.2574,-2.5118],[21.288,-2.5089],[21.3115,-2.5027],[21.3226,-2.4987],[21.4168,-2.48],[21.4414,-2.4693],[21.454,-2.4566],[21.4655,-2.3548],[21.4703,-2.3421],[21.4748,-2.339],[21.4799,-2.339],[21.5117,-2.355],[21.5217,-2.3588],[21.5452,-2.3631],[21.5503,-2.3647],[21.5549,-2.3671],[21.5617,-2.374],[21.5709,-2.3854],[21.5933,-2.4052],[21.602,-2.4107],[21.6068,-2.4128],[21.6416,-2.42],[21.6463,-2.4222],[21.6497,-2.4256],[21.6585,-2.4374],[21.6658,-2.4439],[21.6823,-2.4549],[21.6866,-2.4574],[21.7254,-2.4733],[21.7409,-2.4774],[21.7507,-2.4815],[21.7589,-2.4869],[21.7727,-2.499],[21.7781,-2.5028],[21.8111,-2.5173],[21.8157,-2.5202],[21.8217,-2.5219],[21.8303,-2.5229],[21.8883,-2.4966],[21.8991,-2.4904],[21.9517,-2.5355],[21.9698,-2.565],[21.9785,-2.6274],[21.9847,-2.6536],[21.9935,-2.6799],[22.0008,-2.6927],[22.0099,-2.7035],[22.0323,-2.7239],[22.1569,-2.8921],[22.1726,-2.9196],[22.1843,-2.9517],[22.1929,-2.9852],[22.1946,-3.0016],[22.1925,-3.018],[22.1127,-3.2453],[22.064,-3.3275],[22.0591,-3.3413],[22.0536,-3.3817],[22.0497,-3.3971],[22.0436,-3.4128],[22.0359,-3.4274],[22.0254,-3.4416],[21.9893,-3.4765],[21.9819,-3.4863],[21.9765,-3.5052],[21.9758,-3.5804],[21.9799,-3.6074],[21.9861,-3.6285],[21.9931,-3.6386],[22.0,-3.6461],[22.0071,-3.6521],[22.017,-3.6583],[22.0277,-3.663],[22.0983,-3.6794],[22.1113,-3.6844],[22.1227,-3.6917],[22.1329,-3.7028],[22.1481,-3.729],[22.1974,-3.8576],[22.1999,-3.8764],[22.1974,-3.8925],[22.1898,-3.9029],[22.1773,-3.9081],[22.1647,-3.91],[22.1513,-3.9103],[22.1122,-3.9066],[22.0997,-3.9068],[22.0874,-3.9081],[22.0753,-3.9106],[22.0623,-3.915],[22.05,-3.9207],[22.0385,-3.9286],[22.0297,-3.9398],[22.0235,-3.9509],[22.0196,-3.9628],[22.0192,-3.9668],[22.0279,-3.9664],[22.0367,-3.9668],[22.0839,-3.9751],[22.0933,-3.982],[22.098,-3.9951],[22.109,-4.0081],[22.1224,-4.0192],[22.1337,-4.0264],[22.1497,-4.0298],[22.173,-4.0301],[22.194,-4.0259],[22.214,-4.0065],[22.2851,-3.9929],[22.2937,-3.9887],[22.3039,-3.9952],[22.376,-4.077],[22.398,-4.1099],[22.4105,-4.1249],[22.4227,-4.137],[22.4969,-4.1935],[22.5157,-4.2043],[22.5683,-4.2248],[22.6265,-4.2553],[22.676,-4.2927],[22.7723,-4.3914],[22.8384,-4.4744],[22.8503,-4.4854],[22.8603,-4.4915],[22.8676,-4.4943],[22.8785,-4.4969],[22.904,-4.5],[22.9509,-4.4998],[23.0233,-4.5157],[23.0889,-4.5221],[23.1035,-4.526],[23.119,-4.5339],[23.1401,-4.5554],[23.1502,-4.5707],[23.1569,-4.5856],[23.177,-4.6885],[23.179,-4.7124],[23.1786,-4.7247],[23.1769,-4.7368],[23.1714,-4.7484],[23.162,-4.7599],[23.1507,-4.7684],[23.1389,-4.7745],[23.0029,-4.8095],[22.9964,-4.8126],[22.9877,-4.8192],[22.9795,-4.8285],[22.9662,-4.851],[22.9609,-4.8621],[22.957,-4.8733],[22.9547,-4.8849],[22.9531,-4.9084],[22.9564,-4.9546],[22.961,-4.9745],[22.9671,-4.9873],[22.9735,-4.9965],[22.9775,-5.0006],[23.058,-5.0604],[23.1607,-5.1524],[23.2236,-5.2324],[23.2379,-5.2457],[23.2515,-5.2527],[23.2636,-5.255],[23.2756,-5.2551],[23.288,-5.2534],[23.302,-5.2502],[23.3947,-5.2174],[23.4076,-5.2157],[23.419,-5.2173],[23.4289,-5.2258],[23.4368,-5.2386],[23.4442,-5.2558],[23.4551,-5.2675],[23.4674,-5.2754],[23.5577,-5.3039],[23.6472,-5.3533],[23.6882,-5.3691],[23.7043,-5.3782],[23.7254,-5.3968],[23.7338,-5.4113],[23.7378,-5.4257],[23.739,-5.6004],[23.7352,-5.611],[23.727,-5.619],[23.7163,-5.6216],[23.6821,-5.6174],[23.6702,-5.6189],[23.6579,-5.6234],[23.6182,-5.6471],[23.5928,-5.6588],[23.5243,-5.6825],[23.5127,-5.6889],[23.5029,-5.6974],[23.4965,-5.7046],[23.4835,-5.7255],[23.4742,-5.736],[23.4632,-5.7444],[23.4501,-5.7514],[23.4247,-5.7615],[23.4115,-5.7638],[23.3981,-5.7627],[23.3854,-5.7522],[23.3826,-5.7409],[23.3843,-5.7279],[23.3873,-5.7157],[23.3878,-5.7058],[23.3802,-5.7005],[23.3701,-5.7012],[23.3578,-5.7062],[23.3066,-5.7327],[23.2794,-5.7409],[23.144,-5.7585],[23.0402,-5.7615],[23.0158,-5.7656],[23.0052,-5.7691],[22.9984,-5.7724],[22.99,-5.7785],[22.9818,-5.7875],[22.9693,-5.8115],[22.956,-5.8472],[22.9537,-5.8596],[22.9567,-5.9848],[22.9671,-6.0339],[22.9781,-6.0632],[22.991,-6.0872],[23.0029,-6.1054],[23.0205,-6.1249],[23.0712,-6.1642],[23.0853,-6.1844],[23.0892,-6.1997],[23.0866,-6.2139],[23.0776,-6.2283],[23.0654,-6.2438],[23.0439,-6.282],[23.0385,-6.2972],[23.0267,-6.382],[23.0188,-6.4088],[22.999,-6.4531],[22.9326,-6.5721],[22.928,-6.5879],[22.9263,-6.6055],[22.9286,-6.6338],[22.9329,-6.6516],[22.9396,-6.6663],[22.9492,-6.6766],[22.9603,-6.6846],[22.9941,-6.7024],[23.0017,-6.7076],[23.0107,-6.7154],[23.0205,-6.7262],[23.0382,-6.7522],[23.0662,-6.8035],[23.0748,-6.8153],[23.0849,-6.8259],[23.0965,-6.8349],[23.1241,-6.8495],[23.1626,-6.8651],[23.175,-6.8719],[23.1995,-6.8912],[23.2285,-6.9241],[23.2343,-6.9326],[23.2422,-6.9479],[23.2441,-6.9609],[23.2423,-6.974],[23.1999,-7.0855],[23.1964,-7.0996],[23.195,-7.1163],[23.1958,-7.1381],[23.2033,-7.1629],[23.2087,-7.1951],[23.2042,-7.2466],[23.2053,-7.2799],[23.2118,-7.3244],[23.2135,-7.3535],[23.2127,-7.3812],[23.1876,-7.5114],[23.1581,-7.7974],[23.0886,-7.8395],[22.9441,-7.8914],[22.898,-7.9005],[22.8765,-7.9014],[22.8576,-7.8972],[22.8248,-7.8861],[22.8053,-7.8833],[22.7526,-7.8838],[22.7344,-7.8821],[22.7208,-7.8791],[22.7083,-7.8745],[22.696,-7.868],[22.6836,-7.8592],[22.6788,-7.8522],[22.6763,-7.847],[22.6752,-7.8439],[22.6705,-7.8338],[22.6569,-7.7674],[22.6526,-7.7549],[22.6448,-7.7426],[22.6336,-7.7317],[22.6179,-7.7225],[22.6038,-7.7208],[22.5951,-7.7223],[22.5848,-7.7293],[22.538,-7.7707],[22.5154,-7.7801],[22.4859,-7.7867],[22.2474,-7.805],[22.1795,-7.7993],[22.0767,-7.7752],[22.0261,-7.7509],[22.0142,-7.7435],[21.9969,-7.7283],[21.9878,-7.7182],[21.9774,-7.7088],[21.9655,-7.7007],[21.8266,-7.6456],[21.831,-7.6328],[21.8329,-7.6142],[21.8362,-7.6083],[21.8508,-7.5936],[21.8541,-7.586],[21.8541,-7.5484],[21.8515,-7.5385],[21.8482,-7.533],[21.8459,-7.5268],[21.8467,-7.5143],[21.85,-7.5029],[21.8591,-7.4826],[21.8609,-7.4698],[21.8586,-7.464],[21.8489,-7.4548],[21.8467,-7.4491],[21.8478,-7.4441],[21.853,-7.435],[21.8541,-7.4289],[21.8516,-7.4165],[21.8457,-7.4091],[21.8387,-7.402],[21.8329,-7.3908],[21.835,-7.3853],[21.8399,-7.3782],[21.8424,-7.3699],[21.8369,-7.3606],[21.8314,-7.3542],[21.8088,-7.3064],[21.8025,-7.2989],[21.7948,-7.294],[21.7883,-7.2918],[21.7846,-7.2869],[21.785,-7.2834],[21.7645,-7.2828],[21.7309,-7.283],[21.6582,-7.2832],[21.5855,-7.2834],[21.5126,-7.2836],[21.44,-7.2838],[21.3671,-7.284],[21.2943,-7.2842],[21.2218,-7.2844],[21.1489,-7.2846],[21.0763,-7.2847],[21.0035,-7.2849],[20.9307,-7.2852],[20.858,-7.2853],[20.7852,-7.2855],[20.7126,-7.2859],[20.6398,-7.286],[20.567,-7.2862],[20.5205,-7.2864]]]}},{"type":"Feature","properties":{"id":"COD-1896","name":"Kasaï-Oriental","nameBn":"কাসাই-ওরিয়েন্টাল","type":"Province","bounds":[21.8991,-7.9381,26.2694,-1.7462],"center":[24.0842,-4.4051]},"geometry":{"type":"Polygon","coordinates":[[[24.0828,-1.7462],[24.4215,-1.7868],[24.4329,-1.8174],[24.4507,-1.9387],[24.462,-2.0136],[24.4786,-2.0743],[24.4937,-2.1082],[24.5842,-2.2316],[24.6813,-2.4108],[24.7058,-2.4463],[24.7247,-2.4642],[24.7413,-2.4675],[25.0852,-2.4473],[25.0998,-2.4478],[25.0986,-2.453],[25.0908,-2.536],[25.0813,-2.5665],[25.0774,-2.5879],[25.0803,-2.6055],[25.0854,-2.6235],[25.0908,-2.6902],[25.095,-2.7105],[25.1099,-2.7553],[25.1112,-2.7732],[25.106,-2.7907],[25.0706,-2.8707],[25.0633,-2.9119],[25.0335,-2.9575],[25.0248,-2.9798],[25.0206,-2.999],[25.0192,-3.0358],[25.0229,-3.0413],[25.03,-3.0472],[25.0354,-3.0551],[25.0335,-3.0668],[25.0254,-3.0744],[25.0183,-3.0697],[25.0118,-3.0618],[25.0056,-3.06],[24.9979,-3.0696],[25.0008,-3.0784],[25.0086,-3.0848],[25.0158,-3.0873],[25.0172,-3.0912],[25.0087,-3.1109],[25.009,-3.1183],[25.013,-3.1338],[25.0074,-3.1548],[24.9851,-3.1972],[24.9669,-3.2137],[24.964,-3.221],[24.9609,-3.2555],[24.9488,-3.2642],[24.9365,-3.2649],[24.9236,-3.2636],[24.9094,-3.2661],[24.9005,-3.2715],[24.8992,-3.2763],[24.9013,-3.2809],[24.9025,-3.2859],[24.9066,-3.3517],[24.8991,-3.3616],[24.8776,-3.3656],[24.8644,-3.3765],[24.8479,-3.41],[24.8443,-3.4123],[24.8398,-3.4113],[24.8359,-3.4121],[24.8343,-3.42],[24.8346,-3.4312],[24.8337,-3.4363],[24.8309,-3.4408],[24.8237,-3.447],[24.8174,-3.4501],[24.8093,-3.451],[24.797,-3.451],[24.7803,-3.4583],[24.7827,-3.4749],[24.8001,-3.505],[24.8017,-3.5149],[24.8012,-3.5263],[24.7977,-3.5358],[24.7902,-3.5398],[24.7773,-3.5406],[24.7725,-3.5438],[24.7721,-3.5508],[24.7741,-3.5818],[24.7898,-3.6442],[24.7922,-3.6479],[24.7935,-3.6531],[24.7962,-3.6859],[24.7935,-3.6907],[24.7834,-3.7002],[24.7685,-3.7192],[24.7474,-3.7566],[24.7319,-3.7657],[24.7435,-3.7981],[24.7538,-3.8075],[24.7728,-3.8141],[24.7694,-3.8182],[24.7675,-3.8219],[24.7648,-3.825],[24.7592,-3.8278],[24.7693,-3.8327],[24.78,-3.8346],[24.8035,-3.8346],[24.814,-3.8389],[24.812,-3.848],[24.8049,-3.8554],[24.8001,-3.8551],[24.8049,-3.8709],[24.8128,-3.8869],[24.8343,-3.9171],[24.8375,-3.9134],[24.8448,-3.9066],[24.8479,-3.9029],[24.8576,-3.93],[24.8616,-3.9376],[24.8909,-3.9612],[24.8957,-3.9683],[24.8957,-4.0096],[24.9225,-4.0355],[24.9299,-4.0407],[24.9331,-4.0387],[24.944,-4.0282],[24.9503,-4.0264],[24.9565,-4.0288],[24.9598,-4.033],[24.9715,-4.0549],[24.9798,-4.0931],[24.9885,-4.1009],[24.9962,-4.1046],[24.9964,-4.1131],[24.9919,-4.1288],[24.9904,-4.1283],[24.9878,-4.1316],[24.9854,-4.1369],[24.9851,-4.1424],[24.9876,-4.1471],[24.9954,-4.152],[25.0029,-4.1618],[25.009,-4.1676],[25.0107,-4.1755],[25.0019,-4.1874],[24.998,-4.1954],[24.9971,-4.2066],[24.9981,-4.2284],[25.0004,-4.2376],[25.0102,-4.2537],[25.0124,-4.266],[25.0099,-4.2789],[25.004,-4.288],[24.9972,-4.2963],[24.9919,-4.3069],[24.9748,-4.3901],[24.9849,-4.3966],[24.9954,-4.4121],[25.0124,-4.4447],[25.0028,-4.4587],[24.964,-4.4925],[24.9268,-4.5453],[24.9268,-4.5546],[24.9115,-4.5603],[24.8922,-4.5746],[24.8756,-4.5932],[24.8661,-4.6181],[24.856,-4.6371],[24.8541,-4.6495],[24.8581,-4.6599],[24.8648,-4.6679],[24.868,-4.6753],[24.8616,-4.6837],[24.867,-4.6891],[24.879,-4.6957],[24.8821,-4.698],[24.9027,-4.751],[24.9128,-4.7594],[24.9194,-4.762],[24.9373,-4.7799],[24.964,-4.7936],[24.9692,-4.8029],[24.9761,-4.8227],[24.9817,-4.8314],[25.0026,-4.8468],[25.0056,-4.8519],[25.0078,-4.8745],[25.0139,-4.8968],[25.0588,-4.9881],[25.0782,-4.9941],[25.1043,-4.9975],[26.2694,-5.0],[26.247,-5.0444],[26.2063,-5.1624],[26.1961,-5.1813],[26.1239,-5.2807],[26.1007,-5.3292],[26.0863,-5.3795],[26.0867,-5.3983],[26.0907,-5.4146],[26.1337,-5.4799],[26.1399,-5.4927],[26.1419,-5.5046],[26.1383,-5.5159],[26.1303,-5.5269],[26.1059,-5.553],[26.0916,-5.5727],[26.0753,-5.6058],[26.0696,-5.6253],[26.0677,-5.6415],[26.0696,-5.6505],[26.0722,-5.6584],[26.0781,-5.6697],[26.0859,-5.6812],[26.0953,-5.6928],[26.1425,-5.7336],[26.1537,-5.7452],[26.1629,-5.7638],[26.1685,-5.795],[26.163,-5.9266],[26.1686,-5.9881],[26.1717,-6.0047],[26.1728,-6.0167],[26.1706,-6.0283],[26.1647,-6.0419],[26.1402,-6.0854],[26.1377,-6.0998],[26.1383,-6.1145],[26.1428,-6.1277],[26.1706,-6.1805],[26.1767,-6.1985],[26.1771,-6.2124],[26.174,-6.2256],[26.1675,-6.2376],[26.1592,-6.2486],[26.1487,-6.2569],[26.1374,-6.2611],[26.1245,-6.2613],[26.0719,-6.2562],[26.0597,-6.2567],[26.0479,-6.2584],[26.0359,-6.2624],[26.0244,-6.2697],[26.0147,-6.279],[26.0057,-6.2892],[25.9985,-6.2959],[25.9896,-6.3023],[25.9783,-6.3061],[25.9672,-6.3052],[25.9571,-6.3002],[25.9503,-6.2911],[25.9473,-6.2803],[25.9463,-6.2571],[25.9427,-6.246],[25.9349,-6.2352],[25.924,-6.2269],[25.9116,-6.2209],[25.8358,-6.1959],[25.8118,-6.1914],[25.7996,-6.1909],[25.7878,-6.192],[25.7756,-6.1962],[25.7637,-6.203],[25.6505,-6.3048],[25.639,-6.3101],[25.6275,-6.3124],[25.5919,-6.3145],[25.5802,-6.3179],[25.5681,-6.3226],[25.5324,-6.3464],[25.5214,-6.3521],[25.5108,-6.355],[25.5015,-6.3558],[25.4936,-6.3553],[25.3913,-6.3322],[25.3346,-6.3291],[25.3194,-6.3333],[25.3024,-6.342],[25.2801,-6.3609],[25.2683,-6.3761],[25.2604,-6.3896],[25.2571,-6.3995],[25.2595,-6.4036],[25.2874,-6.4452],[25.3606,-6.5251],[25.3762,-6.5346],[25.3822,-6.5355],[25.3885,-6.5346],[25.3953,-6.5369],[25.4028,-6.5476],[25.4115,-6.5468],[25.4247,-6.5463],[25.4669,-6.5379],[25.4987,-6.535],[25.5057,-6.5366],[25.5138,-6.5423],[25.5181,-6.5524],[25.5192,-6.5629],[25.517,-6.5725],[25.5096,-6.5784],[25.483,-6.5915],[25.4729,-6.5996],[25.4673,-6.6061],[25.4689,-6.6123],[25.4685,-6.6291],[25.4649,-6.6438],[25.4464,-6.6888],[25.4443,-6.6997],[25.4362,-6.7076],[25.4333,-6.7114],[25.4217,-6.7192],[25.3291,-6.7563],[25.3161,-6.7601],[25.3023,-6.7612],[25.2883,-6.758],[25.2295,-6.7068],[25.2179,-6.6994],[25.1437,-6.6702],[25.1185,-6.6649],[25.0698,-6.6596],[25.022,-6.6587],[24.9734,-6.6624],[24.9606,-6.6654],[24.9472,-6.6711],[24.9314,-6.6837],[24.9209,-6.696],[24.9128,-6.709],[24.9081,-6.7221],[24.9064,-6.7363],[24.91,-6.7645],[24.9077,-6.7807],[24.8996,-6.7904],[24.7569,-6.9004],[24.7289,-6.9142],[24.7145,-6.919],[24.6885,-6.9246],[24.671,-6.9324],[24.6507,-6.9453],[24.5981,-6.9881],[24.5817,-6.9948],[24.531,-6.9957],[24.5186,-6.9984],[24.5086,-7.0033],[24.5027,-7.011],[24.4917,-7.0327],[24.4788,-7.0529],[24.4667,-7.0634],[24.4538,-7.0703],[24.442,-7.0724],[24.4304,-7.0723],[24.4192,-7.0706],[24.37,-7.055],[24.2446,-6.9923],[24.2365,-6.9843],[24.2316,-6.974],[24.2305,-6.9615],[24.2324,-6.9363],[24.2316,-6.9245],[24.2285,-6.9132],[24.2221,-6.9021],[24.2133,-6.8915],[24.2023,-6.882],[24.1878,-6.8776],[24.1715,-6.8767],[24.1576,-6.8804],[24.1459,-6.8766],[24.1354,-6.8804],[24.1379,-6.8884],[24.1452,-6.8956],[24.149,-6.897],[24.154,-6.9272],[24.1525,-6.9312],[24.1407,-6.931],[24.1309,-6.9323],[24.1242,-6.9374],[24.1217,-6.9489],[24.1256,-6.9505],[24.1435,-6.9711],[24.149,-6.9802],[24.1458,-6.9789],[24.1413,-6.9827],[24.1372,-6.9884],[24.1354,-6.9933],[24.1376,-6.9985],[24.1422,-7.0009],[24.1469,-7.0012],[24.149,-7.0007],[24.1454,-7.023],[24.1363,-7.0427],[24.1207,-7.0568],[24.0978,-7.0622],[24.086,-7.0633],[24.0756,-7.0664],[24.0667,-7.0707],[24.0596,-7.0758],[24.0584,-7.0791],[24.0555,-7.0916],[24.0534,-7.0963],[24.0502,-7.0986],[24.0416,-7.1017],[24.0392,-7.1031],[24.0153,-7.1501],[24.0118,-7.1615],[24.0071,-7.1669],[23.9777,-7.1851],[23.9702,-7.1972],[23.9681,-7.2062],[23.9756,-7.271],[23.9726,-7.293],[23.9606,-7.3126],[23.9585,-7.3235],[23.9692,-7.3326],[23.9914,-7.3433],[23.9976,-7.3512],[24.0007,-7.3567],[24.001,-7.3623],[23.9988,-7.3707],[23.9939,-7.3773],[23.9867,-7.3817],[23.9804,-7.3882],[23.964,-7.4772],[23.9574,-7.4943],[23.9504,-7.5078],[23.9449,-7.5135],[23.9378,-7.5186],[23.9319,-7.5241],[23.9293,-7.5311],[23.9309,-7.5404],[23.9332,-7.547],[23.9329,-7.5542],[23.9262,-7.5652],[23.9231,-7.73],[23.928,-7.7474],[23.9506,-7.7862],[23.9572,-7.8095],[23.9568,-7.8198],[23.9543,-7.8276],[23.9518,-7.8304],[23.9468,-7.8312],[23.9042,-7.8271],[23.8798,-7.8277],[23.8677,-7.8296],[23.8538,-7.8338],[23.8407,-7.8401],[23.8244,-7.8545],[23.7994,-7.8904],[23.7864,-7.8998],[23.7732,-7.9034],[23.7617,-7.9009],[23.7439,-7.8845],[23.7335,-7.88],[23.681,-7.9057],[23.6691,-7.908],[23.6576,-7.9091],[23.5668,-7.9043],[23.553,-7.9058],[23.5398,-7.9096],[23.5158,-7.9202],[23.4976,-7.9251],[23.4756,-7.927],[23.4486,-7.9249],[23.4348,-7.9219],[23.3953,-7.9073],[23.3823,-7.9041],[23.3695,-7.903],[23.3454,-7.9071],[23.3339,-7.9077],[23.322,-7.9057],[23.3091,-7.9013],[23.2951,-7.8979],[23.2779,-7.9022],[23.2655,-7.9123],[23.2508,-7.9278],[23.2379,-7.9357],[23.2251,-7.9381],[23.2138,-7.9354],[23.2033,-7.9291],[23.1944,-7.9194],[23.1881,-7.9079],[23.184,-7.8953],[23.1758,-7.8456],[23.1682,-7.8205],[23.1581,-7.7974],[23.1876,-7.5114],[23.2127,-7.3812],[23.2135,-7.3535],[23.2118,-7.3244],[23.2053,-7.2799],[23.2042,-7.2466],[23.2087,-7.1951],[23.2033,-7.1629],[23.1958,-7.1381],[23.195,-7.1163],[23.1964,-7.0996],[23.1999,-7.0855],[23.2423,-6.974],[23.2441,-6.9609],[23.2422,-6.9479],[23.2343,-6.9326],[23.2285,-6.9241],[23.1995,-6.8912],[23.175,-6.8719],[23.1626,-6.8651],[23.1241,-6.8495],[23.0965,-6.8349],[23.0849,-6.8259],[23.0748,-6.8153],[23.0662,-6.8035],[23.0382,-6.7522],[23.0205,-6.7262],[23.0107,-6.7154],[23.0017,-6.7076],[22.9941,-6.7024],[22.9603,-6.6846],[22.9492,-6.6766],[22.9396,-6.6663],[22.9329,-6.6516],[22.9286,-6.6338],[22.9263,-6.6055],[22.928,-6.5879],[22.9326,-6.5721],[22.999,-6.4531],[23.0188,-6.4088],[23.0267,-6.382],[23.0385,-6.2972],[23.0439,-6.282],[23.0654,-6.2438],[23.0776,-6.2283],[23.0866,-6.2139],[23.0892,-6.1997],[23.0853,-6.1844],[23.0712,-6.1642],[23.0205,-6.1249],[23.0029,-6.1054],[22.991,-6.0872],[22.9781,-6.0632],[22.9671,-6.0339],[22.9567,-5.9848],[22.9537,-5.8596],[22.956,-5.8472],[22.9693,-5.8115],[22.9818,-5.7875],[22.99,-5.7785],[22.9984,-5.7724],[23.0052,-5.7691],[23.0158,-5.7656],[23.0402,-5.7615],[23.144,-5.7585],[23.2794,-5.7409],[23.3066,-5.7327],[23.3578,-5.7062],[23.3701,-5.7012],[23.3802,-5.7005],[23.3878,-5.7058],[23.3873,-5.7157],[23.3843,-5.7279],[23.3826,-5.7409],[23.3854,-5.7522],[23.3981,-5.7627],[23.4115,-5.7638],[23.4247,-5.7615],[23.4501,-5.7514],[23.4632,-5.7444],[23.4742,-5.736],[23.4835,-5.7255],[23.4965,-5.7046],[23.5029,-5.6974],[23.5127,-5.6889],[23.5243,-5.6825],[23.5928,-5.6588],[23.6182,-5.6471],[23.6579,-5.6234],[23.6702,-5.6189],[23.6821,-5.6174],[23.7163,-5.6216],[23.727,-5.619],[23.7352,-5.611],[23.739,-5.6004],[23.7378,-5.4257],[23.7338,-5.4113],[23.7254,-5.3968],[23.7043,-5.3782],[23.6882,-5.3691],[23.6472,-5.3533],[23.5577,-5.3039],[23.4674,-5.2754],[23.4551,-5.2675],[23.4442,-5.2558],[23.4368,-5.2386],[23.4289,-5.2258],[23.419,-5.2173],[23.4076,-5.2157],[23.3947,-5.2174],[23.302,-5.2502],[23.288,-5.2534],[23.2756,-5.2551],[23.2636,-5.255],[23.2515,-5.2527],[23.2379,-5.2457],[23.2236,-5.2324],[23.1607,-5.1524],[23.058,-5.0604],[22.9775,-5.0006],[22.9735,-4.9965],[22.9671,-4.9873],[22.961,-4.9745],[22.9564,-4.9546],[22.9531,-4.9084],[22.9547,-4.8849],[22.957,-4.8733],[22.9609,-4.8621],[22.9662,-4.851],[22.9795,-4.8285],[22.9877,-4.8192],[22.9964,-4.8126],[23.0029,-4.8095],[23.1389,-4.7745],[23.1507,-4.7684],[23.162,-4.7599],[23.1714,-4.7484],[23.1769,-4.7368],[23.1786,-4.7247],[23.179,-4.7124],[23.177,-4.6885],[23.1569,-4.5856],[23.1502,-4.5707],[23.1401,-4.5554],[23.119,-4.5339],[23.1035,-4.526],[23.0889,-4.5221],[23.0233,-4.5157],[22.9509,-4.4998],[22.904,-4.5],[22.8785,-4.4969],[22.8676,-4.4943],[22.8603,-4.4915],[22.8503,-4.4854],[22.8384,-4.4744],[22.7723,-4.3914],[22.676,-4.2927],[22.6265,-4.2553],[22.5683,-4.2248],[22.5157,-4.2043],[22.4969,-4.1935],[22.4227,-4.137],[22.4105,-4.1249],[22.398,-4.1099],[22.376,-4.077],[22.3039,-3.9952],[22.2937,-3.9887],[22.2851,-3.9929],[22.214,-4.0065],[22.194,-4.0259],[22.173,-4.0301],[22.1497,-4.0298],[22.1337,-4.0264],[22.1224,-4.0192],[22.109,-4.0081],[22.098,-3.9951],[22.0933,-3.982],[22.0839,-3.9751],[22.0367,-3.9668],[22.0279,-3.9664],[22.0192,-3.9668],[22.0196,-3.9628],[22.0235,-3.9509],[22.0297,-3.9398],[22.0385,-3.9286],[22.05,-3.9207],[22.0623,-3.915],[22.0753,-3.9106],[22.0874,-3.9081],[22.0997,-3.9068],[22.1122,-3.9066],[22.1513,-3.9103],[22.1647,-3.91],[22.1773,-3.9081],[22.1898,-3.9029],[22.1974,-3.8925],[22.1999,-3.8764],[22.1974,-3.8576],[22.1481,-3.729],[22.1329,-3.7028],[22.1227,-3.6917],[22.1113,-3.6844],[22.0983,-3.6794],[22.0277,-3.663],[22.017,-3.6583],[22.0071,-3.6521],[22.0,-3.6461],[21.9931,-3.6386],[21.9861,-3.6285],[21.9799,-3.6074],[21.9758,-3.5804],[21.9765,-3.5052],[21.9819,-3.4863],[21.9893,-3.4765],[22.0254,-3.4416],[22.0359,-3.4274],[22.0436,-3.4128],[22.0497,-3.3971],[22.0536,-3.3817],[22.0591,-3.3413],[22.064,-3.3275],[22.1127,-3.2453],[22.1925,-3.018],[22.1946,-3.0016],[22.1929,-2.9852],[22.1843,-2.9517],[22.1726,-2.9196],[22.1569,-2.8921],[22.0323,-2.7239],[22.0099,-2.7035],[22.0008,-2.6927],[21.9935,-2.6799],[21.9847,-2.6536],[21.9785,-2.6274],[21.9698,-2.565],[21.9517,-2.5355],[21.8991,-2.4904],[21.9149,-2.4793],[21.9194,-2.4745],[21.9586,-2.4221],[21.9698,-2.4117],[22.0233,-2.3857],[22.046,-2.3719],[22.0732,-2.3486],[22.082,-2.3388],[22.1101,-2.2992],[22.1239,-2.2881],[22.1383,-2.2824],[22.1574,-2.2835],[22.1676,-2.2877],[22.1767,-2.2966],[22.183,-2.3073],[22.1881,-2.3231],[22.1905,-2.3393],[22.1855,-2.4116],[22.1874,-2.4269],[22.192,-2.4403],[22.199,-2.4512],[22.2089,-2.4608],[22.2193,-2.468],[22.2356,-2.4709],[22.2541,-2.4672],[22.2783,-2.451],[22.2885,-2.4356],[22.2926,-2.4185],[22.2916,-2.4031],[22.229,-2.1801],[22.2165,-2.0762],[22.2074,-2.0362],[22.1739,-1.9553],[22.1699,-1.9417],[22.1687,-1.9308],[22.1689,-1.9245],[22.1693,-1.9215],[22.1721,-1.9167],[22.1761,-1.9139],[22.1835,-1.9123],[22.2817,-1.9419],[22.3278,-1.9499],[22.4795,-1.9598],[22.4971,-1.9588],[22.5095,-1.9561],[22.5259,-1.9474],[22.5366,-1.9382],[22.5476,-1.9247],[22.6066,-1.8277],[22.6243,-1.8087],[22.6318,-1.8084],[22.6363,-1.8106],[22.6408,-1.8134],[22.6456,-1.814],[22.6589,-1.8101],[22.6691,-1.8085],[22.6732,-1.8075],[22.6768,-1.8075],[22.6827,-1.8083],[22.6917,-1.8117],[22.7103,-1.8239],[22.7435,-1.8388],[22.7517,-1.8444],[22.7553,-1.8477],[22.7595,-1.8508],[22.7643,-1.8529],[22.7702,-1.854],[22.8096,-1.8559],[22.8152,-1.8569],[22.8203,-1.8586],[22.8251,-1.861],[22.8329,-1.8668],[22.837,-1.8692],[22.8476,-1.8725],[22.8706,-1.884],[22.9024,-1.907],[22.9059,-1.9105],[22.9091,-1.9142],[22.934,-1.9572],[22.9382,-1.9593],[22.9441,-1.9579],[23.0006,-1.9338],[23.0129,-1.9321],[23.0313,-1.9311],[23.0625,-1.9327],[23.0816,-1.9359],[23.0971,-1.9403],[23.1095,-1.9467],[23.1219,-1.9548],[23.1344,-1.965],[23.1536,-1.9871],[23.1632,-2.0004],[23.2008,-2.0639],[23.2113,-2.0736],[23.2242,-2.0783],[23.2407,-2.0733],[23.2531,-2.0672],[23.2633,-2.0609],[23.5426,-2.0061],[23.5682,-2.0054],[23.5928,-2.0068],[23.6661,-2.0184],[23.6782,-2.0184],[23.6888,-2.0152],[23.6925,-2.0079],[23.6939,-2.0023],[23.6932,-1.9665],[23.7011,-1.9507],[23.7183,-1.9308],[23.7583,-1.9109],[23.7738,-1.8963],[23.7824,-1.8836],[23.7833,-1.8192],[23.7858,-1.8066],[23.7917,-1.7943],[23.8015,-1.7836],[23.8126,-1.7754],[23.8277,-1.7693],[23.8503,-1.7662],[23.8842,-1.7648],[23.9289,-1.7672],[23.986,-1.765],[23.9987,-1.7612],[24.012,-1.7537],[24.04,-1.7488],[24.0828,-1.7462]]]}},{"type":"Feature","properties":{"id":"COD-1897","name":"Katanga","nameBn":"কাটাঙ্গা প্রদেশ","type":"Province","bounds":[21.7511,-13.4584,30.7521,-5.0],"center":[26.2512,-8.4837]},"geometry":{"type":"Polygon","coordinates":[[[29.3428,-5.0],[29.3442,-5.006],[29.3778,-5.0875],[29.4556,-5.23],[29.4964,-5.3917],[29.5935,-5.6203],[29.6124,-5.7044],[29.603,-5.7817],[29.5709,-5.838],[29.4961,-5.9387],[29.4761,-6.0021],[29.4787,-6.0418],[29.5088,-6.1537],[29.5255,-6.2731],[29.5377,-6.3124],[29.566,-6.3595],[29.6339,-6.4469],[29.6844,-6.5815],[29.707,-6.6193],[29.7386,-6.6524],[29.8731,-6.7542],[29.9691,-6.803],[30.0127,-6.8252],[30.0909,-6.89],[30.2347,-7.0571],[30.2945,-7.1494],[30.3696,-7.3102],[30.4049,-7.436],[30.4147,-7.502],[30.4416,-7.5963],[30.655,-7.9274],[30.7281,-8.1041],[30.7521,-8.1941],[30.5818,-8.22],[30.325,-8.2589],[30.1236,-8.2895],[29.8581,-8.3298],[29.5923,-8.3702],[29.5758,-8.3727],[29.3659,-8.4046],[29.2081,-8.4285],[29.0351,-8.4548],[28.9153,-8.4729],[28.8892,-8.4831],[28.8928,-8.5019],[28.9355,-8.5908],[28.9305,-8.6799],[28.8931,-8.7658],[28.7654,-8.934],[28.5991,-9.0964],[28.5062,-9.1644],[28.4151,-9.2071],[28.3723,-9.2351],[28.3525,-9.272],[28.3685,-9.3086],[28.4114,-9.3249],[28.4605,-9.335],[28.4954,-9.3532],[28.516,-9.3783],[28.5181,-9.3975],[28.5163,-9.4155],[28.5147,-9.43],[28.5197,-9.4456],[28.5316,-9.4569],[28.5556,-9.4745],[28.5628,-9.4849],[28.5669,-9.496],[28.5687,-9.509],[28.5692,-9.5259],[28.5741,-9.5392],[28.5863,-9.544],[28.6178,-9.5433],[28.6111,-9.551],[28.5886,-9.5583],[28.5836,-9.5638],[28.5876,-9.5732],[28.6065,-9.5943],[28.6108,-9.6079],[28.6129,-9.6175],[28.6218,-9.6383],[28.6239,-9.6491],[28.6252,-9.6956],[28.6313,-9.7156],[28.6449,-9.7351],[28.655,-9.7419],[28.6637,-9.745],[28.67,-9.7509],[28.6723,-9.7655],[28.6985,-9.792],[28.6965,-9.7965],[28.6781,-9.8038],[28.6685,-9.8216],[28.6587,-9.8648],[28.6279,-9.9294],[28.6239,-9.951],[28.6313,-10.0231],[28.6285,-10.1027],[28.6196,-10.1419],[28.604,-10.1727],[28.5793,-10.2011],[28.5699,-10.2196],[28.604,-10.2484],[28.606,-10.2529],[28.6081,-10.2636],[28.6108,-10.2688],[28.6133,-10.2707],[28.6221,-10.2759],[28.6239,-10.2764],[28.6292,-10.2959],[28.6264,-10.3114],[28.6207,-10.3273],[28.6178,-10.3483],[28.6209,-10.3733],[28.6286,-10.3911],[28.6377,-10.407],[28.6449,-10.4265],[28.6461,-10.4384],[28.6445,-10.451],[28.6406,-10.4626],[28.6347,-10.4716],[28.6305,-10.481],[28.6387,-10.4962],[28.6347,-10.5057],[28.6349,-10.5195],[28.648,-10.5376],[28.6723,-10.5643],[28.6727,-10.5761],[28.6672,-10.5974],[28.6655,-10.609],[28.6709,-10.6191],[28.6942,-10.6368],[28.6996,-10.6432],[28.6944,-10.6633],[28.6815,-10.6819],[28.6659,-10.6974],[28.6519,-10.7084],[28.6462,-10.7098],[28.6335,-10.7089],[28.6276,-10.7117],[28.6232,-10.7169],[28.6081,-10.7414],[28.6009,-10.7632],[28.5935,-10.7729],[28.5765,-10.7907],[28.5635,-10.8119],[28.5544,-10.835],[28.5495,-10.8586],[28.5495,-10.9029],[28.5472,-10.9138],[28.5374,-10.9341],[28.5351,-10.9444],[28.5314,-10.9551],[28.5138,-10.9729],[28.5079,-10.9821],[28.5067,-10.9921],[28.5086,-11.0135],[28.5079,-11.0236],[28.5041,-11.0344],[28.491,-11.0587],[28.4768,-11.078],[28.4762,-11.0877],[28.4869,-11.1409],[28.4873,-11.1534],[28.4848,-11.1628],[28.4762,-11.1754],[28.4737,-11.1812],[28.4725,-11.192],[28.4737,-11.2257],[28.4551,-11.2637],[28.4456,-11.2746],[28.4362,-11.2891],[28.432,-11.311],[28.4396,-11.3482],[28.4342,-11.3512],[28.412,-11.3684],[28.4086,-11.3724],[28.357,-11.4469],[28.3544,-11.4647],[28.3557,-11.5182],[28.3603,-11.5336],[28.3656,-11.5416],[28.3774,-11.5711],[28.3849,-11.5813],[28.3996,-11.5961],[28.4055,-11.6052],[28.4227,-11.6647],[28.4221,-11.6747],[28.4184,-11.6789],[28.4251,-11.6881],[28.4396,-11.7015],[28.4427,-11.7116],[28.4525,-11.7808],[28.4607,-11.7934],[28.4768,-11.7982],[28.4889,-11.8087],[28.4972,-11.8574],[28.5079,-11.8728],[28.5211,-11.8657],[28.5316,-11.8665],[28.5406,-11.872],[28.5495,-11.8796],[28.5542,-11.8851],[28.5661,-11.9045],[28.5692,-11.9137],[28.5927,-11.9005],[28.6062,-11.9103],[28.6239,-11.9478],[28.6369,-11.9576],[28.686,-11.9841],[28.7071,-11.9894],[28.742,-11.9843],[28.7511,-11.9922],[28.7542,-12.0201],[28.7599,-12.0352],[28.7736,-12.0459],[28.8089,-12.0646],[28.8215,-12.0757],[28.835,-12.0922],[28.846,-12.1113],[28.8504,-12.13],[28.8595,-12.1418],[28.9187,-12.1743],[28.9447,-12.2061],[29.0261,-12.353],[29.0286,-12.3631],[29.0304,-12.3762],[29.0351,-12.3789],[29.0427,-12.3788],[29.0528,-12.3838],[29.0672,-12.3848],[29.0844,-12.3764],[29.1002,-12.374],[29.1111,-12.3935],[29.1281,-12.3828],[29.1489,-12.3737],[29.1734,-12.3676],[29.255,-12.3662],[29.2651,-12.3709],[29.283,-12.3905],[29.2955,-12.401],[29.3049,-12.4048],[29.3164,-12.4067],[29.3565,-12.4076],[29.3644,-12.4093],[29.4059,-12.4317],[29.4326,-12.4413],[29.4392,-12.442],[29.4533,-12.4408],[29.4599,-12.4413],[29.4653,-12.4442],[29.4688,-12.4484],[29.473,-12.4525],[29.4805,-12.4549],[29.4997,-12.4531],[29.5147,-12.4439],[29.5247,-12.4292],[29.5282,-12.4105],[29.5234,-12.3925],[29.5115,-12.3874],[29.4961,-12.3863],[29.4805,-12.3805],[29.4504,-12.3429],[29.4466,-12.3351],[29.4482,-12.3268],[29.4518,-12.3178],[29.4559,-12.2943],[29.4679,-12.2553],[29.4743,-12.2427],[29.4895,-12.2315],[29.5335,-12.2167],[29.5531,-12.2051],[29.5676,-12.1917],[29.5767,-12.1881],[29.5903,-12.1881],[29.6032,-12.1928],[29.6211,-12.2102],[29.6319,-12.216],[29.6489,-12.2128],[29.7013,-12.189],[29.7349,-12.1648],[29.7561,-12.1576],[29.7993,-12.1541],[29.7994,-12.1558],[29.7996,-12.159],[29.7996,-12.1595],[29.7994,-12.2658],[29.7991,-12.3823],[29.799,-12.5487],[29.7987,-12.6983],[29.7985,-12.873],[29.7982,-13.0228],[29.798,-13.1644],[29.7977,-13.3138],[29.7976,-13.4242],[29.7822,-13.4557],[29.7672,-13.4584],[29.7029,-13.4576],[29.6631,-13.4469],[29.6415,-13.4385],[29.6261,-13.4298],[29.6174,-13.4212],[29.6107,-13.411],[29.6055,-13.4],[29.6017,-13.3884],[29.6017,-13.3744],[29.6094,-13.3691],[29.6189,-13.3673],[29.6251,-13.3642],[29.627,-13.3549],[29.625,-13.3348],[29.6266,-13.3264],[29.6336,-13.3189],[29.6515,-13.3146],[29.6589,-13.3095],[29.6636,-13.3019],[29.6675,-13.292],[29.6692,-13.2812],[29.6666,-13.2712],[29.6575,-13.2601],[29.6497,-13.2599],[29.6411,-13.2628],[29.6291,-13.2615],[29.6099,-13.2495],[29.5928,-13.2356],[29.5744,-13.2254],[29.551,-13.2242],[29.528,-13.2341],[29.47,-13.2878],[29.4496,-13.3003],[29.3083,-13.3537],[29.2502,-13.3916],[29.2274,-13.4008],[29.214,-13.4083],[29.1948,-13.431],[29.1841,-13.4369],[29.1689,-13.4339],[29.1602,-13.4221],[29.1534,-13.407],[29.1445,-13.3945],[29.1221,-13.3843],[29.098,-13.3847],[29.0729,-13.3886],[29.0654,-13.3887],[29.0467,-13.3889],[29.0285,-13.3955],[29.0103,-13.3994],[28.994,-13.3959],[28.9808,-13.3802],[28.9504,-13.351],[28.9341,-13.3096],[28.9034,-13.1623],[28.8919,-13.1473],[28.8827,-13.1436],[28.8632,-13.1427],[28.8537,-13.1371],[28.8442,-13.1024],[28.8409,-13.1001],[28.8354,-13.0989],[28.8297,-13.0972],[28.8258,-13.0928],[28.8246,-13.0873],[28.826,-13.0768],[28.8253,-13.0724],[28.8255,-13.0678],[28.8303,-13.0569],[28.8309,-13.0518],[28.8271,-13.0476],[28.8136,-13.0428],[28.8094,-13.0384],[28.8006,-13.0024],[28.7934,-12.9916],[28.7757,-12.9766],[28.708,-12.8898],[28.6679,-12.8493],[28.6212,-12.8394],[28.6082,-12.8479],[28.5937,-12.8767],[28.584,-12.8887],[28.5685,-12.8955],[28.5534,-12.8949],[28.5428,-12.8856],[28.5394,-12.8338],[28.5236,-12.8102],[28.5016,-12.7885],[28.4809,-12.7621],[28.474,-12.7365],[28.484,-12.7222],[28.5002,-12.711],[28.5116,-12.6944],[28.5123,-12.6684],[28.502,-12.6496],[28.4683,-12.6146],[28.4559,-12.5921],[28.4364,-12.5428],[28.4227,-12.5213],[28.3397,-12.4505],[28.3225,-12.4411],[28.3037,-12.4354],[28.2838,-12.4341],[28.2639,-12.437],[28.2375,-12.4371],[28.2201,-12.4254],[28.205,-12.4108],[28.1858,-12.4024],[28.1607,-12.4088],[28.146,-12.4231],[28.1313,-12.4292],[28.107,-12.4102],[28.1025,-12.4012],[28.1004,-12.3915],[28.0969,-12.383],[28.0877,-12.3775],[28.014,-12.3705],[27.999,-12.3714],[27.981,-12.3745],[27.9587,-12.3678],[27.9522,-12.3465],[27.9485,-12.3214],[27.9339,-12.3033],[27.877,-12.2699],[27.8567,-12.2624],[27.8314,-12.2599],[27.8183,-12.2678],[27.8073,-12.2814],[27.7883,-12.2965],[27.7567,-12.3043],[27.7107,-12.3063],[27.6662,-12.3027],[27.6382,-12.2936],[27.5953,-12.2473],[27.5898,-12.243],[27.5361,-12.2001],[27.5205,-12.1796],[27.4718,-12.0416],[27.4676,-12.0016],[27.4207,-11.922],[27.2342,-11.8091],[27.21,-11.722],[27.212,-11.6883],[27.2076,-11.6394],[27.1972,-11.5937],[27.1801,-11.5696],[27.1736,-11.5706],[27.145,-11.5813],[27.1022,-11.5849],[27.0644,-11.5971],[27.0545,-11.5975],[27.0324,-11.5943],[27.0238,-11.5956],[27.0103,-11.6098],[27.0108,-11.6288],[27.0232,-11.6711],[27.0215,-11.6979],[27.0111,-11.7132],[26.9964,-11.727],[26.9811,-11.749],[26.9714,-11.7885],[26.9673,-11.8704],[26.9477,-11.9091],[26.9128,-11.9425],[26.8742,-11.9643],[26.8317,-11.9733],[26.785,-11.9684],[26.7594,-11.9687],[26.7442,-11.9812],[26.7326,-11.9983],[26.7174,-12.013],[26.6971,-12.0175],[26.6798,-12.0096],[26.6627,-11.9966],[26.6435,-11.9855],[26.6059,-11.9778],[26.5249,-11.9723],[26.4891,-11.9608],[26.4707,-11.947],[26.4554,-11.932],[26.4384,-11.9191],[26.4146,-11.9118],[26.3764,-11.9129],[26.3391,-11.919],[26.3288,-11.9233],[26.3092,-11.9365],[26.298,-11.9412],[26.2862,-11.9406],[26.2656,-11.9308],[26.2296,-11.9331],[26.2093,-11.9236],[26.1891,-11.9109],[26.1667,-11.9024],[25.9941,-11.9048],[25.9811,-11.903],[25.9636,-11.8951],[25.9498,-11.864],[25.9356,-11.8536],[25.9142,-11.8456],[25.8596,-11.802],[25.8558,-11.7972],[25.8507,-11.7938],[25.8398,-11.7919],[25.8325,-11.7938],[25.8127,-11.803],[25.8016,-11.8042],[25.744,-11.8038],[25.7256,-11.8005],[25.6874,-11.7787],[25.6558,-11.7505],[25.6215,-11.7289],[25.5757,-11.7273],[25.5678,-11.7338],[25.5649,-11.744],[25.561,-11.7533],[25.5503,-11.7566],[25.5376,-11.7584],[25.5306,-11.7642],[25.5245,-11.771],[25.5152,-11.7758],[25.4956,-11.7765],[25.4804,-11.7698],[25.4741,-11.7562],[25.4828,-11.7312],[25.4833,-11.7258],[25.4828,-11.7204],[25.4812,-11.7153],[25.4636,-11.7001],[25.4063,-11.6731],[25.3975,-11.6649],[25.3928,-11.6564],[25.3864,-11.6498],[25.3732,-11.6471],[25.3604,-11.6472],[25.352,-11.6461],[25.3449,-11.6422],[25.3368,-11.6335],[25.3274,-11.6167],[25.3004,-11.535],[25.2975,-11.5172],[25.2977,-11.5079],[25.3017,-11.4984],[25.3154,-11.4825],[25.3167,-11.473],[25.3093,-11.4554],[25.2867,-11.4166],[25.279,-11.3963],[25.278,-11.3718],[25.2863,-11.3606],[25.298,-11.3515],[25.3065,-11.3331],[25.3013,-11.3245],[25.2902,-11.3159],[25.2847,-11.3073],[25.2963,-11.2984],[25.3171,-11.2905],[25.3249,-11.2837],[25.3254,-11.2739],[25.3233,-11.2535],[25.3246,-11.2278],[25.3225,-11.2054],[25.3103,-11.1948],[25.2788,-11.1999],[25.184,-11.2467],[25.1243,-11.2592],[24.9812,-11.2719],[24.9429,-11.2686],[24.901,-11.2813],[24.8267,-11.3176],[24.788,-11.3258],[24.7125,-11.326],[24.6741,-11.3416],[24.6633,-11.3517],[24.645,-11.376],[24.6352,-11.3859],[24.6247,-11.3908],[24.6023,-11.3957],[24.5933,-11.3996],[24.5846,-11.4074],[24.5786,-11.4156],[24.5744,-11.4251],[24.5712,-11.4364],[24.5647,-11.4447],[24.5542,-11.4463],[24.5425,-11.4454],[24.5327,-11.4461],[24.4909,-11.4615],[24.4696,-11.4656],[24.4465,-11.4636],[24.4264,-11.4541],[24.3925,-11.4234],[24.3702,-11.4102],[24.3517,-11.4071],[24.3101,-11.4066],[24.2939,-11.3992],[24.2855,-11.3812],[24.2983,-11.3706],[24.3399,-11.3581],[24.3524,-11.345],[24.3845,-11.2952],[24.3922,-11.2791],[24.3961,-11.2597],[24.3978,-11.2383],[24.3966,-11.2174],[24.3913,-11.1998],[24.3844,-11.1913],[24.3674,-11.1763],[24.3617,-11.1647],[24.3625,-11.1505],[24.3699,-11.1409],[24.3783,-11.1321],[24.3818,-11.1206],[24.3705,-11.1002],[24.3453,-11.0783],[24.3164,-11.0601],[24.2938,-11.0503],[24.2751,-11.0479],[24.238,-11.048],[24.2183,-11.0452],[24.1813,-11.0345],[24.1645,-11.034],[24.1444,-11.0404],[24.1242,-11.0433],[24.1177,-11.0308],[24.1194,-10.9976],[24.1175,-10.9861],[24.1105,-10.9659],[24.108,-10.955],[24.1087,-10.9458],[24.1143,-10.9279],[24.1142,-10.9192],[24.0915,-10.8978],[24.0484,-10.8823],[24.0015,-10.8734],[23.9675,-10.8723],[23.9486,-10.8815],[23.9406,-10.9016],[23.9361,-10.9252],[23.928,-10.9454],[23.9186,-10.9541],[23.8973,-10.9665],[23.8878,-10.9744],[23.8818,-10.9845],[23.8741,-11.0069],[23.8674,-11.0164],[23.8337,-11.0285],[23.7937,-11.0211],[23.7523,-11.0082],[23.7141,-11.0039],[23.6749,-11.007],[23.6416,-11.0045],[23.557,-10.9813],[23.4948,-10.9643],[23.456,-10.961],[23.4154,-10.9633],[23.3733,-10.9751],[23.3065,-11.0117],[23.1968,-11.0719],[23.1147,-11.0855],[23.0143,-11.1025],[22.9696,-11.1025],[22.9311,-11.0968],[22.9112,-11.0883],[22.8736,-11.0637],[22.8531,-11.0531],[22.8292,-11.0521],[22.8069,-11.0631],[22.7853,-11.0785],[22.7642,-11.0905],[22.7277,-11.0968],[22.689,-11.093],[22.6509,-11.0823],[22.6136,-11.0675],[22.5376,-11.0372],[22.501,-11.0424],[22.4694,-11.1224],[22.4403,-11.1469],[22.3403,-11.1802],[22.3257,-11.1903],[22.2818,-11.2367],[22.2631,-11.2482],[22.2376,-11.2495],[22.252,-11.2086],[22.2555,-11.1666],[22.2438,-11.0783],[22.2373,-11.0594],[22.2206,-11.03],[22.2172,-11.0128],[22.214,-11.0079],[22.1993,-10.9974],[22.1961,-10.9923],[22.1961,-10.9542],[22.1748,-10.8843],[22.1657,-10.8688],[22.1655,-10.8524],[22.1828,-10.8304],[22.206,-10.8099],[22.224,-10.7971],[22.2659,-10.7799],[22.2907,-10.7727],[22.3097,-10.7698],[22.3195,-10.7613],[22.3224,-10.7422],[22.3195,-10.7038],[22.321,-10.7007],[22.3264,-10.6946],[22.3101,-10.6688],[22.3076,-10.6336],[22.3086,-10.6125],[22.3095,-10.5929],[22.306,-10.5507],[22.2964,-10.5297],[22.284,-10.5165],[22.274,-10.503],[22.2718,-10.4817],[22.2787,-10.461],[22.3011,-10.4249],[22.306,-10.4098],[22.3071,-10.3996],[22.3123,-10.3799],[22.3134,-10.3686],[22.3101,-10.357],[22.2955,-10.3393],[22.2869,-10.3091],[22.2635,-10.2682],[22.2457,-10.2212],[22.2211,-10.1762],[22.2028,-10.1306],[22.2097,-10.0982],[22.2049,-10.0858],[22.1961,-10.0436],[22.1756,-9.989],[22.1676,-9.9537],[22.1599,-9.9315],[22.1463,-9.9157],[22.1076,-9.8914],[22.091,-9.8771],[22.0799,-9.8716],[22.0728,-9.8789],[22.0658,-9.881],[22.0558,-9.8754],[21.9984,-9.8091],[21.9863,-9.7811],[21.9844,-9.7488],[21.9782,-9.7522],[21.9627,-9.7585],[21.9565,-9.7618],[21.9424,-9.7229],[21.8789,-9.6571],[21.8541,-9.6178],[21.8437,-9.5762],[21.8322,-9.4884],[21.8199,-9.4477],[21.8132,-9.4375],[21.7962,-9.4171],[21.792,-9.4061],[21.7933,-9.3935],[21.8038,-9.373],[21.8102,-9.3381],[21.8411,-9.2758],[21.8516,-9.2338],[21.8519,-9.1929],[21.8397,-9.0924],[21.8541,-8.9778],[21.8517,-8.9259],[21.8599,-8.8464],[21.8701,-8.8223],[21.8778,-8.7892],[21.8848,-8.7823],[21.8951,-8.7187],[21.9069,-8.6455],[21.9178,-8.6152],[21.936,-8.5831],[21.9284,-8.5825],[21.9244,-8.5808],[21.9213,-8.5786],[21.9162,-8.5768],[21.94,-8.4999],[21.9439,-8.4559],[21.936,-8.413],[21.9115,-8.3743],[21.8999,-8.3488],[21.9053,-8.3373],[21.9131,-8.333],[21.9206,-8.329],[21.9106,-8.3105],[21.8814,-8.2821],[21.8732,-8.2641],[21.8625,-8.2164],[21.8602,-8.1738],[21.8573,-8.1569],[21.8512,-8.1435],[21.826,-8.1144],[21.8151,-8.0968],[21.8085,-8.0767],[21.8063,-8.0524],[21.7996,-8.0409],[21.7682,-8.0232],[21.7585,-8.0151],[21.7539,-7.9973],[21.7511,-7.9292],[21.7544,-7.9196],[21.7688,-7.8999],[21.7721,-7.8882],[21.7709,-7.8765],[21.7646,-7.8507],[21.7705,-7.8068],[21.7762,-7.7903],[21.7872,-7.7586],[21.7951,-7.7363],[21.8079,-7.6994],[21.8196,-7.6655],[21.8266,-7.6456],[21.9655,-7.7007],[21.9774,-7.7088],[21.9878,-7.7182],[21.9969,-7.7283],[22.0142,-7.7435],[22.0261,-7.7509],[22.0767,-7.7752],[22.1795,-7.7993],[22.2474,-7.805],[22.4859,-7.7867],[22.5154,-7.7801],[22.538,-7.7707],[22.5848,-7.7293],[22.5951,-7.7223],[22.6038,-7.7208],[22.6179,-7.7225],[22.6336,-7.7317],[22.6448,-7.7426],[22.6526,-7.7549],[22.6569,-7.7674],[22.6705,-7.8338],[22.6752,-7.8439],[22.6763,-7.847],[22.6788,-7.8522],[22.6836,-7.8592],[22.696,-7.868],[22.7083,-7.8745],[22.7208,-7.8791],[22.7344,-7.8821],[22.7526,-7.8838],[22.8053,-7.8833],[22.8248,-7.8861],[22.8576,-7.8972],[22.8765,-7.9014],[22.898,-7.9005],[22.9441,-7.8914],[23.0886,-7.8395],[23.1581,-7.7974],[23.1682,-7.8205],[23.1758,-7.8456],[23.184,-7.8953],[23.1881,-7.9079],[23.1944,-7.9194],[23.2033,-7.9291],[23.2138,-7.9354],[23.2251,-7.9381],[23.2379,-7.9357],[23.2508,-7.9278],[23.2655,-7.9123],[23.2779,-7.9022],[23.2951,-7.8979],[23.3091,-7.9013],[23.322,-7.9057],[23.3339,-7.9077],[23.3454,-7.9071],[23.3695,-7.903],[23.3823,-7.9041],[23.3953,-7.9073],[23.4348,-7.9219],[23.4486,-7.9249],[23.4756,-7.927],[23.4976,-7.9251],[23.5158,-7.9202],[23.5398,-7.9096],[23.553,-7.9058],[23.5668,-7.9043],[23.6576,-7.9091],[23.6691,-7.908],[23.681,-7.9057],[23.7335,-7.88],[23.7439,-7.8845],[23.7617,-7.9009],[23.7732,-7.9034],[23.7864,-7.8998],[23.7994,-7.8904],[23.8244,-7.8545],[23.8407,-7.8401],[23.8538,-7.8338],[23.8677,-7.8296],[23.8798,-7.8277],[23.9042,-7.8271],[23.9468,-7.8312],[23.9518,-7.8304],[23.9543,-7.8276],[23.9568,-7.8198],[23.9572,-7.8095],[23.9506,-7.7862],[23.928,-7.7474],[23.9231,-7.73],[23.9262,-7.5652],[23.9329,-7.5542],[23.9332,-7.547],[23.9309,-7.5404],[23.9293,-7.5311],[23.9319,-7.5241],[23.9378,-7.5186],[23.9449,-7.5135],[23.9504,-7.5078],[23.9574,-7.4943],[23.964,-7.4772],[23.9804,-7.3882],[23.9867,-7.3817],[23.9939,-7.3773],[23.9988,-7.3707],[24.001,-7.3623],[24.0007,-7.3567],[23.9976,-7.3512],[23.9914,-7.3433],[23.9692,-7.3326],[23.9585,-7.3235],[23.9606,-7.3126],[23.9726,-7.293],[23.9756,-7.271],[23.9681,-7.2062],[23.9702,-7.1972],[23.9777,-7.1851],[24.0071,-7.1669],[24.0118,-7.1615],[24.0153,-7.1501],[24.0392,-7.1031],[24.0416,-7.1017],[24.0502,-7.0986],[24.0534,-7.0963],[24.0555,-7.0916],[24.0584,-7.0791],[24.0596,-7.0758],[24.0667,-7.0707],[24.0756,-7.0664],[24.086,-7.0633],[24.0978,-7.0622],[24.1207,-7.0568],[24.1363,-7.0427],[24.1454,-7.023],[24.149,-7.0007],[24.1469,-7.0012],[24.1422,-7.0009],[24.1376,-6.9985],[24.1354,-6.9933],[24.1372,-6.9884],[24.1413,-6.9827],[24.1458,-6.9789],[24.149,-6.9802],[24.1435,-6.9711],[24.1256,-6.9505],[24.1217,-6.9489],[24.1242,-6.9374],[24.1309,-6.9323],[24.1407,-6.931],[24.1525,-6.9312],[24.154,-6.9272],[24.149,-6.897],[24.1452,-6.8956],[24.1379,-6.8884],[24.1354,-6.8804],[24.1459,-6.8766],[24.1576,-6.8804],[24.1715,-6.8767],[24.1878,-6.8776],[24.2023,-6.882],[24.2133,-6.8915],[24.2221,-6.9021],[24.2285,-6.9132],[24.2316,-6.9245],[24.2324,-6.9363],[24.2305,-6.9615],[24.2316,-6.974],[24.2365,-6.9843],[24.2446,-6.9923],[24.37,-7.055],[24.4192,-7.0706],[24.4304,-7.0723],[24.442,-7.0724],[24.4538,-7.0703],[24.4667,-7.0634],[24.4788,-7.0529],[24.4917,-7.0327],[24.5027,-7.011],[24.5086,-7.0033],[24.5186,-6.9984],[24.531,-6.9957],[24.5817,-6.9948],[24.5981,-6.9881],[24.6507,-6.9453],[24.671,-6.9324],[24.6885,-6.9246],[24.7145,-6.919],[24.7289,-6.9142],[24.7569,-6.9004],[24.8996,-6.7904],[24.9077,-6.7807],[24.91,-6.7645],[24.9064,-6.7363],[24.9081,-6.7221],[24.9128,-6.709],[24.9209,-6.696],[24.9314,-6.6837],[24.9472,-6.6711],[24.9606,-6.6654],[24.9734,-6.6624],[25.022,-6.6587],[25.0698,-6.6596],[25.1185,-6.6649],[25.1437,-6.6702],[25.2179,-6.6994],[25.2295,-6.7068],[25.2883,-6.758],[25.3023,-6.7612],[25.3161,-6.7601],[25.3291,-6.7563],[25.4217,-6.7192],[25.4333,-6.7114],[25.4362,-6.7076],[25.4443,-6.6997],[25.4464,-6.6888],[25.4649,-6.6438],[25.4685,-6.6291],[25.4689,-6.6123],[25.4673,-6.6061],[25.4729,-6.5996],[25.483,-6.5915],[25.5096,-6.5784],[25.517,-6.5725],[25.5192,-6.5629],[25.5181,-6.5524],[25.5138,-6.5423],[25.5057,-6.5366],[25.4987,-6.535],[25.4669,-6.5379],[25.4247,-6.5463],[25.4115,-6.5468],[25.4028,-6.5476],[25.3953,-6.5369],[25.3885,-6.5346],[25.3822,-6.5355],[25.3762,-6.5346],[25.3606,-6.5251],[25.2874,-6.4452],[25.2595,-6.4036],[25.2571,-6.3995],[25.2604,-6.3896],[25.2683,-6.3761],[25.2801,-6.3609],[25.3024,-6.342],[25.3194,-6.3333],[25.3346,-6.3291],[25.3913,-6.3322],[25.4936,-6.3553],[25.5015,-6.3558],[25.5108,-6.355],[25.5214,-6.3521],[25.5324,-6.3464],[25.5681,-6.3226],[25.5802,-6.3179],[25.5919,-6.3145],[25.6275,-6.3124],[25.639,-6.3101],[25.6505,-6.3048],[25.7637,-6.203],[25.7756,-6.1962],[25.7878,-6.192],[25.7996,-6.1909],[25.8118,-6.1914],[25.8358,-6.1959],[25.9116,-6.2209],[25.924,-6.2269],[25.9349,-6.2352],[25.9427,-6.246],[25.9463,-6.2571],[25.9473,-6.2803],[25.9503,-6.2911],[25.9571,-6.3002],[25.9672,-6.3052],[25.9783,-6.3061],[25.9896,-6.3023],[25.9985,-6.2959],[26.0057,-6.2892],[26.0147,-6.279],[26.0244,-6.2697],[26.0359,-6.2624],[26.0479,-6.2584],[26.0597,-6.2567],[26.0719,-6.2562],[26.1245,-6.2613],[26.1374,-6.2611],[26.1487,-6.2569],[26.1592,-6.2486],[26.1675,-6.2376],[26.174,-6.2256],[26.1771,-6.2124],[26.1767,-6.1985],[26.1706,-6.1805],[26.1428,-6.1277],[26.1383,-6.1145],[26.1377,-6.0998],[26.1402,-6.0854],[26.1647,-6.0419],[26.1706,-6.0283],[26.1728,-6.0167],[26.1717,-6.0047],[26.1686,-5.9881],[26.163,-5.9266],[26.1685,-5.795],[26.1629,-5.7638],[26.1537,-5.7452],[26.1425,-5.7336],[26.0953,-5.6928],[26.0859,-5.6812],[26.0781,-5.6697],[26.0722,-5.6584],[26.0696,-5.6505],[26.0677,-5.6415],[26.0696,-5.6253],[26.0753,-5.6058],[26.0916,-5.5727],[26.1059,-5.553],[26.1303,-5.5269],[26.1383,-5.5159],[26.1419,-5.5046],[26.1399,-5.4927],[26.1337,-5.4799],[26.0907,-5.4146],[26.0867,-5.3983],[26.0863,-5.3795],[26.1007,-5.3292],[26.1239,-5.2807],[26.1961,-5.1813],[26.2063,-5.1624],[26.247,-5.0444],[26.2694,-5.0],[28.8245,-5.0],[29.1138,-5.0],[29.3425,-5.0],[29.3428,-5.0]]]}},{"type":"Feature","properties":{"id":"COD-1884","name":"Kinshasa City","nameBn":"কিনশাসা","type":"Neutral City","bounds":[15.1507,-5.032,16.5481,-3.9405],"center":[15.8492,-4.4952]},"geometry":{"type":"Polygon","coordinates":[[[15.1507,-4.4252],[15.188,-4.3722],[15.1934,-4.3588],[15.204,-4.339],[15.2284,-4.3249],[15.2557,-4.3131],[15.2753,-4.3004],[15.3866,-4.2443],[15.4254,-4.2302],[15.4503,-4.2173],[15.4589,-4.2138],[15.4629,-4.2071],[15.485,-4.1839],[15.4904,-4.1752],[15.5212,-4.0768],[15.5338,-4.058],[15.5491,-4.0462],[15.5668,-4.038],[15.7112,-3.9922],[15.7551,-3.9856],[15.8,-3.9788],[15.8442,-3.9656],[15.883,-3.9453],[15.888,-3.9405],[15.8907,-3.943],[15.9546,-3.9788],[15.9882,-3.9873],[16.0728,-3.9771],[16.1482,-3.9814],[16.176,-3.9865],[16.2003,-3.9936],[16.2161,-4.0011],[16.2626,-4.0327],[16.3896,-4.0997],[16.4038,-4.1127],[16.4484,-4.1851],[16.4593,-4.1987],[16.4728,-4.2129],[16.4969,-4.2294],[16.5125,-4.2432],[16.5225,-4.2501],[16.5402,-4.2778],[16.5425,-4.2902],[16.5404,-4.3009],[16.5366,-4.3121],[16.5348,-4.3228],[16.5481,-4.3493],[16.5442,-4.3657],[16.5386,-4.3797],[16.5425,-4.3901],[16.5425,-4.3963],[16.5308,-4.4087],[16.5197,-4.4287],[16.5116,-4.4505],[16.5084,-4.4683],[16.5062,-4.4751],[16.4969,-4.4877],[16.4947,-4.4963],[16.4914,-4.5026],[16.49,-4.5058],[16.4845,-4.5079],[16.4525,-4.5085],[16.4413,-4.5121],[16.4306,-4.521],[16.4218,-4.5325],[16.3201,-4.7138],[16.2726,-4.7715],[16.2652,-4.7827],[16.2605,-4.7945],[16.2598,-4.8064],[16.2622,-4.8315],[16.2729,-4.8852],[16.2787,-5.0],[16.0343,-4.9873],[15.9884,-4.9661],[15.9447,-4.9514],[15.9173,-4.9281],[15.9055,-4.92],[15.8953,-4.9166],[15.8891,-4.9241],[15.8872,-4.9373],[15.8861,-4.9669],[15.883,-4.9905],[15.8793,-5.0019],[15.8757,-5.0078],[15.869,-5.0159],[15.8587,-5.0239],[15.8462,-5.0292],[15.8332,-5.032],[15.8081,-5.0315],[15.7584,-5.021],[15.7331,-5.0122],[15.7018,-4.9952],[15.6753,-4.9772],[15.649,-4.9544],[15.6358,-4.939],[15.6234,-4.9161],[15.6222,-4.901],[15.6281,-4.8896],[15.6389,-4.8848],[15.6759,-4.8796],[15.6875,-4.8769],[15.6985,-4.8718],[15.7094,-4.864],[15.7177,-4.8539],[15.723,-4.8424],[15.7254,-4.83],[15.7294,-4.7808],[15.7347,-4.7576],[15.7522,-4.7124],[15.7533,-4.7012],[15.7431,-4.6863],[15.7251,-4.6684],[15.6815,-4.6399],[15.6681,-4.6223],[15.6648,-4.6072],[15.6804,-4.5833],[15.6855,-4.572],[15.6828,-4.5618],[15.6717,-4.5535],[15.6453,-4.551],[15.6014,-4.553],[15.4949,-4.535],[15.4659,-4.5327],[15.4448,-4.534],[15.4335,-4.5398],[15.4228,-4.5478],[15.4136,-4.5578],[15.4073,-4.5687],[15.4049,-4.5802],[15.4085,-4.604],[15.408,-4.6162],[15.4051,-4.628],[15.3998,-4.639],[15.3922,-4.6486],[15.3819,-4.6552],[15.3703,-4.6589],[15.3585,-4.66],[15.3469,-4.6578],[15.3351,-4.6529],[15.323,-4.645],[15.2758,-4.6013],[15.1507,-4.4252]]]}},{"type":"Feature","properties":{"id":"COD-1895","name":"Maniema","nameBn":"ম্যানিয়েমা","type":"Province","bounds":[24.4507,-5.0,28.8245,-0.0901],"center":[26.0336,-3.2602]},"geometry":{"type":"Polygon","coordinates":[[[24.7413,-2.4675],[24.7247,-2.4642],[24.7058,-2.4463],[24.6813,-2.4108],[24.5842,-2.2316],[24.4937,-2.1082],[24.4786,-2.0743],[24.462,-2.0136],[24.4507,-1.9387],[24.8358,-1.9562],[24.8884,-1.9458],[24.9848,-1.9356],[25.0043,-1.9363],[25.0135,-1.9396],[25.0123,-1.9469],[25.0158,-1.9495],[25.0419,-1.9648],[25.0676,-1.9837],[25.0714,-1.9913],[25.0732,-2.0001],[25.0739,-2.0219],[25.0707,-2.0328],[25.0565,-2.0538],[25.0534,-2.0631],[25.0563,-2.0752],[25.0635,-2.0833],[25.0813,-2.0936],[25.0912,-2.097],[25.0952,-2.0952],[25.0989,-2.0962],[25.1119,-2.1013],[25.1401,-2.1068],[25.1885,-2.1109],[25.2328,-2.1092],[25.2621,-2.1055],[25.286,-2.0993],[25.3097,-2.0905],[25.3211,-2.084],[25.3321,-2.0747],[25.4936,-1.8964],[25.5246,-1.8718],[25.5408,-1.8624],[25.5586,-1.8546],[25.5837,-1.8482],[25.6016,-1.8474],[25.6205,-1.8506],[25.6666,-1.8689],[25.6927,-1.8749],[25.7126,-1.8742],[25.7666,-1.8609],[25.7966,-1.8587],[25.8092,-1.8556],[25.8141,-1.849],[25.8345,-1.8186],[25.8423,-1.7994],[25.8444,-1.7787],[25.8423,-1.7137],[25.8452,-1.692],[25.8588,-1.6498],[25.8634,-1.6281],[25.8635,-1.6053],[25.857,-1.5622],[25.8565,-1.4344],[25.8608,-1.3988],[25.8596,-1.3917],[25.8621,-1.3937],[25.8717,-1.4043],[25.8893,-1.4209],[25.8924,-1.4248],[25.8989,-1.4388],[25.9014,-1.4431],[25.9042,-1.4471],[25.9113,-1.4539],[25.9155,-1.4566],[25.9298,-1.4628],[25.9332,-1.4656],[25.934,-1.4695],[25.9336,-1.4741],[25.9338,-1.4786],[25.9357,-1.4826],[25.9402,-1.4846],[25.9463,-1.4853],[25.9523,-1.4853],[25.958,-1.4861],[25.97,-1.4896],[25.9782,-1.4908],[25.9923,-1.491],[25.9985,-1.4904],[26.0043,-1.4885],[26.0077,-1.4859],[26.0137,-1.4801],[26.0168,-1.4754],[26.0187,-1.4701],[26.0201,-1.4592],[26.0224,-1.4536],[26.0323,-1.4412],[26.0351,-1.4355],[26.0356,-1.4297],[26.0339,-1.4247],[26.0249,-1.4062],[26.0275,-1.3994],[26.0348,-1.3906],[26.0564,-1.3765],[26.0653,-1.3683],[26.0698,-1.3612],[26.0704,-1.3428],[26.076,-1.3218],[26.0761,-1.3171],[26.0749,-1.3124],[26.0707,-1.303],[26.0694,-1.2977],[26.069,-1.292],[26.0712,-1.2859],[26.0784,-1.279],[26.0929,-1.2697],[26.1145,-1.2615],[26.1233,-1.2549],[26.1272,-1.249],[26.1261,-1.2437],[26.1242,-1.2386],[26.1228,-1.2337],[26.1244,-1.2278],[26.1286,-1.2249],[26.1351,-1.2231],[26.138,-1.2179],[26.1388,-1.2128],[26.1372,-1.182],[26.1386,-1.1696],[26.1428,-1.156],[26.154,-1.1385],[26.1586,-1.1253],[26.1545,-1.1141],[26.1472,-1.1037],[26.1416,-1.0926],[26.1388,-1.0812],[26.1467,-0.997],[26.1515,-0.9776],[26.1567,-0.9661],[26.172,-0.9512],[26.249,-0.9096],[26.2732,-0.8926],[26.2878,-0.8774],[26.2913,-0.8646],[26.2921,-0.8512],[26.2917,-0.8374],[26.2629,-0.6346],[26.2642,-0.6223],[26.2676,-0.6102],[26.2738,-0.5978],[26.2825,-0.5855],[26.2927,-0.5739],[26.3805,-0.4957],[26.3945,-0.4781],[26.4026,-0.4616],[26.4026,-0.4493],[26.3998,-0.4372],[26.3939,-0.4248],[26.3865,-0.4132],[26.366,-0.3911],[26.2583,-0.317],[26.2143,-0.269],[26.1661,-0.2255],[26.1165,-0.1897],[26.1114,-0.1738],[26.112,-0.1526],[26.1359,-0.1122],[26.1465,-0.098],[26.157,-0.0904],[26.1623,-0.0901],[26.1675,-0.0905],[26.172,-0.0924],[26.1757,-0.0952],[26.1788,-0.0988],[26.183,-0.1013],[26.1928,-0.1043],[26.1961,-0.1077],[26.1985,-0.1122],[26.2002,-0.1172],[26.2033,-0.121],[26.2074,-0.1237],[26.2173,-0.1275],[26.2282,-0.1304],[26.2324,-0.1331],[26.2535,-0.1527],[26.2612,-0.1576],[26.265,-0.1605],[26.2681,-0.1644],[26.2704,-0.1689],[26.2744,-0.1786],[26.2774,-0.1824],[26.2813,-0.185],[26.2975,-0.1848],[26.3024,-0.1863],[26.3062,-0.189],[26.31,-0.1922],[26.3127,-0.1962],[26.3151,-0.2008],[26.3302,-0.2407],[26.3333,-0.2447],[26.3374,-0.2472],[26.3449,-0.2474],[26.3495,-0.248],[26.3533,-0.2508],[26.3609,-0.264],[26.3856,-0.2874],[26.3897,-0.2899],[26.3949,-0.2917],[26.4122,-0.2947],[26.4172,-0.2967],[26.4211,-0.2995],[26.4238,-0.3036],[26.4257,-0.3086],[26.4311,-0.3306],[26.433,-0.3356],[26.4353,-0.3402],[26.4498,-0.3601],[26.4532,-0.3635],[26.4569,-0.3666],[26.4616,-0.3688],[26.4667,-0.3705],[26.4726,-0.3714],[26.4789,-0.3715],[26.491,-0.37],[26.5084,-0.3662],[26.5441,-0.3642],[26.5555,-0.3656],[26.5654,-0.3634],[26.5778,-0.3586],[26.6008,-0.3458],[26.6123,-0.3373],[26.6212,-0.3289],[26.6306,-0.3185],[26.6366,-0.3131],[26.6423,-0.3092],[26.6474,-0.3074],[26.653,-0.3062],[26.6979,-0.3036],[26.7097,-0.2987],[26.7764,-0.2577],[26.7876,-0.2523],[26.7929,-0.2523],[26.798,-0.2535],[26.8071,-0.2579],[26.8129,-0.2594],[26.82,-0.2592],[26.8293,-0.2565],[26.8346,-0.2529],[26.8379,-0.2482],[26.839,-0.2433],[26.8385,-0.2381],[26.8366,-0.2335],[26.8318,-0.2246],[26.8305,-0.2192],[26.8314,-0.2129],[26.8362,-0.2053],[26.8413,-0.202],[26.8469,-0.2013],[26.8515,-0.203],[26.8554,-0.2059],[26.8661,-0.2157],[26.8782,-0.2242],[26.8834,-0.2264],[26.8899,-0.2275],[26.9007,-0.2259],[26.9077,-0.2268],[26.9125,-0.2292],[26.9272,-0.2425],[26.9351,-0.2484],[26.9529,-0.258],[26.9632,-0.261],[26.969,-0.2616],[26.9916,-0.2602],[26.9963,-0.2614],[26.9995,-0.263],[27.0021,-0.2648],[27.0106,-0.2752],[27.0176,-0.2821],[27.0216,-0.2847],[27.0261,-0.2871],[27.036,-0.2908],[27.0448,-0.2956],[27.0527,-0.3013],[27.0562,-0.3046],[27.0624,-0.3124],[27.0646,-0.3171],[27.065,-0.3224],[27.0633,-0.3325],[27.0635,-0.3375],[27.0652,-0.342],[27.0703,-0.3507],[27.0764,-0.3583],[27.0906,-0.3715],[27.095,-0.3737],[27.1096,-0.3797],[27.1136,-0.3826],[27.1166,-0.3864],[27.1229,-0.4006],[27.1257,-0.4048],[27.1291,-0.4083],[27.1328,-0.4113],[27.1425,-0.4154],[27.148,-0.4165],[27.153,-0.4185],[27.1656,-0.4264],[27.18,-0.4323],[27.2239,-0.4401],[27.2931,-0.4456],[27.3183,-0.4545],[27.3228,-0.457],[27.3391,-0.4678],[27.3423,-0.4715],[27.3467,-0.481],[27.3493,-0.4853],[27.3524,-0.489],[27.3594,-0.4954],[27.363,-0.4979],[27.3658,-0.4993],[27.3675,-0.5001],[27.3797,-0.5024],[27.4058,-0.4976],[27.4626,-0.479],[27.4686,-0.4787],[27.4745,-0.4792],[27.48,-0.4805],[27.4848,-0.4825],[27.4889,-0.4852],[27.4924,-0.4885],[27.4951,-0.4923],[27.5018,-0.5074],[27.5042,-0.5112],[27.5071,-0.515],[27.511,-0.5182],[27.5155,-0.5202],[27.5208,-0.5212],[27.5632,-0.5174],[27.583,-0.5182],[27.5948,-0.5204],[27.6685,-0.5524],[27.7135,-0.5658],[27.7303,-0.567],[27.8122,-0.6452],[27.8178,-0.6618],[27.8215,-0.6823],[27.8156,-0.6967],[27.8061,-0.7447],[27.7785,-0.8109],[27.7698,-0.8601],[27.763,-0.8743],[27.7497,-0.8846],[27.6862,-0.9219],[27.6708,-0.9272],[27.6537,-0.9299],[27.6045,-0.9293],[27.5983,-0.9313],[27.5832,-0.9315],[27.5776,-0.9325],[27.5618,-0.9372],[27.556,-0.9377],[27.5504,-0.9372],[27.5456,-0.9358],[27.5426,-0.9341],[27.54,-0.9319],[27.5371,-0.9288],[27.534,-0.926],[27.5293,-0.9242],[27.5242,-0.9233],[27.5191,-0.9214],[27.516,-0.9178],[27.5123,-0.9082],[27.5087,-0.905],[27.505,-0.9031],[27.5011,-0.9036],[27.4981,-0.9045],[27.4789,-0.9148],[27.4733,-0.9163],[27.4674,-0.9163],[27.4558,-0.9146],[27.4499,-0.9143],[27.4446,-0.9151],[27.4394,-0.9167],[27.4349,-0.9191],[27.3987,-0.9473],[27.3916,-0.9506],[27.3854,-0.951],[27.3732,-0.95],[27.3574,-0.9451],[27.3518,-0.9445],[27.3445,-0.9468],[27.3365,-0.9513],[27.3235,-0.9617],[27.3159,-0.9667],[27.3094,-0.97],[27.3017,-0.9717],[27.2925,-0.9749],[27.2781,-0.983],[27.2714,-0.9889],[27.2677,-0.9943],[27.2667,-1.0005],[27.2678,-1.0335],[27.2666,-1.0415],[27.2598,-1.061],[27.2585,-1.0674],[27.2601,-1.0718],[27.2638,-1.0748],[27.2684,-1.0769],[27.2726,-1.0796],[27.2762,-1.083],[27.2793,-1.087],[27.2846,-1.0953],[27.2866,-1.1],[27.2876,-1.1057],[27.2868,-1.1135],[27.2869,-1.1201],[27.2887,-1.1248],[27.2911,-1.1278],[27.2936,-1.1298],[27.3136,-1.1412],[27.3211,-1.147],[27.3279,-1.1537],[27.3309,-1.1579],[27.333,-1.1627],[27.3341,-1.1682],[27.3346,-1.1744],[27.3322,-1.1874],[27.3283,-1.1908],[27.3234,-1.1927],[27.3179,-1.1928],[27.313,-1.1915],[27.3088,-1.1891],[27.3049,-1.186],[27.3011,-1.1836],[27.2969,-1.1826],[27.2927,-1.184],[27.284,-1.188],[27.2792,-1.188],[27.275,-1.186],[27.2717,-1.1826],[27.268,-1.1794],[27.2635,-1.1771],[27.2587,-1.1756],[27.2533,-1.1754],[27.2484,-1.1769],[27.2436,-1.1801],[27.2275,-1.1956],[27.2223,-1.1987],[27.2174,-1.2002],[27.2117,-1.2013],[27.207,-1.2035],[27.2059,-1.212],[27.209,-1.2257],[27.2161,-1.2431],[27.2422,-1.2838],[27.45,-1.5227],[27.498,-1.6046],[27.5194,-1.633],[27.5347,-1.6487],[27.6063,-1.7027],[27.6452,-1.7531],[27.6612,-1.7692],[27.6955,-1.79],[27.7098,-1.807],[27.7166,-1.8381],[27.7188,-1.9139],[27.7225,-1.9347],[27.727,-1.9455],[27.76,-2.0009],[27.4343,-2.0183],[27.4129,-2.0275],[27.3991,-2.0467],[27.3929,-2.0846],[27.3876,-2.1021],[27.3786,-2.1214],[27.3668,-2.1376],[27.347,-2.1568],[27.3217,-2.1759],[27.2776,-2.2023],[27.2495,-2.2145],[27.2263,-2.2219],[27.2065,-2.226],[27.1965,-2.2299],[27.1892,-2.2347],[27.1824,-2.2409],[27.176,-2.2431],[27.1699,-2.2434],[27.1647,-2.2411],[27.1614,-2.238],[27.159,-2.2341],[27.157,-2.2291],[27.1544,-2.225],[27.149,-2.2231],[27.1451,-2.2255],[27.1355,-2.234],[27.1297,-2.2351],[27.1243,-2.234],[27.1201,-2.2314],[27.117,-2.2276],[27.115,-2.2233],[27.1132,-2.2181],[27.1099,-2.2135],[27.1047,-2.21],[27.0779,-2.2092],[27.0722,-2.2078],[27.0678,-2.2054],[27.0638,-2.2023],[27.0604,-2.199],[27.0391,-2.1725],[27.0358,-2.1691],[27.0318,-2.1659],[27.0276,-2.1635],[27.0219,-2.1617],[27.0155,-2.1611],[27.0078,-2.1611],[27.0025,-2.16],[26.9992,-2.1589],[26.9958,-2.1568],[26.9901,-2.155],[26.9828,-2.1535],[26.9539,-2.1542],[26.9196,-2.1465],[26.9102,-2.1421],[26.893,-2.1313],[26.8869,-2.1286],[26.8769,-2.1267],[26.8698,-2.1279],[26.8636,-2.1327],[26.8607,-2.1383],[26.8509,-2.1738],[26.8307,-2.2958],[26.8212,-2.4421],[26.8228,-2.4649],[26.8335,-2.5172],[26.8916,-2.6977],[26.8975,-2.7115],[26.9131,-2.7393],[26.9196,-2.7575],[26.9226,-2.776],[26.923,-2.8084],[26.9263,-2.8181],[26.9299,-2.8219],[26.9416,-2.8285],[26.9488,-2.8357],[26.9867,-2.8866],[26.998,-2.8992],[27.04,-2.9332],[27.0455,-2.9391],[27.0618,-2.9731],[27.0632,-2.9784],[27.0635,-2.9852],[27.0629,-2.9938],[27.0593,-3.0079],[27.0585,-3.0164],[27.0595,-3.023],[27.0637,-3.0324],[27.0702,-3.0535],[27.073,-3.0577],[27.0765,-3.061],[27.0858,-3.0653],[27.0891,-3.069],[27.095,-3.0839],[27.0973,-3.0884],[27.1081,-3.1039],[27.1099,-3.1078],[27.1108,-3.1126],[27.1108,-3.1217],[27.1093,-3.1271],[27.1071,-3.1306],[27.0984,-3.1375],[27.0964,-3.1427],[27.0961,-3.1481],[27.0979,-3.1531],[27.101,-3.1567],[27.1052,-3.1586],[27.1132,-3.1593],[27.1173,-3.1612],[27.1197,-3.166],[27.1158,-3.1898],[27.1189,-3.206],[27.1192,-3.2122],[27.1173,-3.2439],[27.118,-3.2502],[27.1194,-3.2551],[27.1211,-3.2592],[27.1228,-3.2615],[27.1254,-3.2641],[27.1285,-3.268],[27.131,-3.2733],[27.1316,-3.2817],[27.1301,-3.2874],[27.1273,-3.2919],[27.1001,-3.3202],[27.0903,-3.3328],[27.088,-3.34],[27.0871,-3.3469],[27.0881,-3.3518],[27.0899,-3.3552],[27.094,-3.3611],[27.0954,-3.3659],[27.0947,-3.3732],[27.0945,-3.379],[27.0956,-3.3838],[27.0984,-3.3865],[27.101,-3.3877],[27.1052,-3.3888],[27.1096,-3.3907],[27.1133,-3.3938],[27.1153,-3.3993],[27.1156,-3.4066],[27.1127,-3.4179],[27.1122,-3.4239],[27.1128,-3.4287],[27.1198,-3.4353],[27.1232,-3.4403],[27.122,-3.4686],[27.1234,-3.4741],[27.1273,-3.4841],[27.1284,-3.4895],[27.0894,-3.7004],[27.0892,-3.7278],[27.0936,-3.75],[27.1021,-3.7712],[27.1257,-3.808],[27.1592,-3.8506],[27.1788,-3.8668],[27.2023,-3.8797],[27.3355,-3.9216],[27.4126,-3.9541],[27.482,-3.9711],[27.4916,-3.9745],[27.4989,-3.9756],[27.6626,-3.9731],[27.7019,-3.9801],[27.7352,-3.9909],[27.7475,-3.9971],[27.7712,-4.0131],[27.8322,-4.0684],[27.871,-4.0922],[27.907,-4.1082],[27.9903,-4.1342],[28.0001,-4.1348],[28.0044,-4.1344],[28.0096,-4.1335],[28.0245,-4.128],[28.029,-4.1272],[28.0338,-4.1293],[28.0339,-4.1327],[28.029,-4.1473],[28.0266,-4.1639],[28.0279,-4.1724],[28.0307,-4.1784],[28.0353,-4.1805],[28.0409,-4.1811],[28.046,-4.1806],[28.0507,-4.1795],[28.0586,-4.1788],[28.0638,-4.1794],[28.0689,-4.181],[28.0737,-4.1832],[28.0779,-4.1857],[28.0856,-4.1919],[28.093,-4.1995],[28.0958,-4.2008],[28.0983,-4.1995],[28.1051,-4.1837],[28.1124,-4.1713],[28.1244,-4.1571],[28.1396,-4.1452],[28.1584,-4.1367],[28.1773,-4.1355],[28.1958,-4.1415],[28.2166,-4.1548],[28.2377,-4.1717],[28.2948,-4.2065],[28.3374,-4.2605],[28.3534,-4.2766],[28.4557,-4.3425],[28.4673,-4.3522],[28.4756,-4.3609],[28.4911,-4.3823],[28.6104,-4.6156],[28.6552,-4.686],[28.7425,-4.907],[28.7558,-4.9293],[28.7746,-4.9526],[28.8056,-4.9844],[28.8245,-5.0],[26.2694,-5.0],[25.1043,-4.9975],[25.0782,-4.9941],[25.0588,-4.9881],[25.0139,-4.8968],[25.0078,-4.8745],[25.0056,-4.8519],[25.0026,-4.8468],[24.9817,-4.8314],[24.9761,-4.8227],[24.9692,-4.8029],[24.964,-4.7936],[24.9373,-4.7799],[24.9194,-4.762],[24.9128,-4.7594],[24.9027,-4.751],[24.8821,-4.698],[24.879,-4.6957],[24.867,-4.6891],[24.8616,-4.6837],[24.868,-4.6753],[24.8648,-4.6679],[24.8581,-4.6599],[24.8541,-4.6495],[24.856,-4.6371],[24.8661,-4.6181],[24.8756,-4.5932],[24.8922,-4.5746],[24.9115,-4.5603],[24.9268,-4.5546],[24.9268,-4.5453],[24.964,-4.4925],[25.0028,-4.4587],[25.0124,-4.4447],[24.9954,-4.4121],[24.9849,-4.3966],[24.9748,-4.3901],[24.9919,-4.3069],[24.9972,-4.2963],[25.004,-4.288],[25.0099,-4.2789],[25.0124,-4.266],[25.0102,-4.2537],[25.0004,-4.2376],[24.9981,-4.2284],[24.9971,-4.2066],[24.998,-4.1954],[25.0019,-4.1874],[25.0107,-4.1755],[25.009,-4.1676],[25.0029,-4.1618],[24.9954,-4.152],[24.9876,-4.1471],[24.9851,-4.1424],[24.9854,-4.1369],[24.9878,-4.1316],[24.9904,-4.1283],[24.9919,-4.1288],[24.9964,-4.1131],[24.9962,-4.1046],[24.9885,-4.1009],[24.9798,-4.0931],[24.9715,-4.0549],[24.9598,-4.033],[24.9565,-4.0288],[24.9503,-4.0264],[24.944,-4.0282],[24.9331,-4.0387],[24.9299,-4.0407],[24.9225,-4.0355],[24.8957,-4.0096],[24.8957,-3.9683],[24.8909,-3.9612],[24.8616,-3.9376],[24.8576,-3.93],[24.8479,-3.9029],[24.8448,-3.9066],[24.8375,-3.9134],[24.8343,-3.9171],[24.8128,-3.8869],[24.8049,-3.8709],[24.8001,-3.8551],[24.8049,-3.8554],[24.812,-3.848],[24.814,-3.8389],[24.8035,-3.8346],[24.78,-3.8346],[24.7693,-3.8327],[24.7592,-3.8278],[24.7648,-3.825],[24.7675,-3.8219],[24.7694,-3.8182],[24.7728,-3.8141],[24.7538,-3.8075],[24.7435,-3.7981],[24.7319,-3.7657],[24.7474,-3.7566],[24.7685,-3.7192],[24.7834,-3.7002],[24.7935,-3.6907],[24.7962,-3.6859],[24.7935,-3.6531],[24.7922,-3.6479],[24.7898,-3.6442],[24.7741,-3.5818],[24.7721,-3.5508],[24.7725,-3.5438],[24.7773,-3.5406],[24.7902,-3.5398],[24.7977,-3.5358],[24.8012,-3.5263],[24.8017,-3.5149],[24.8001,-3.505],[24.7827,-3.4749],[24.7803,-3.4583],[24.797,-3.451],[24.8093,-3.451],[24.8174,-3.4501],[24.8237,-3.447],[24.8309,-3.4408],[24.8337,-3.4363],[24.8346,-3.4312],[24.8343,-3.42],[24.8359,-3.4121],[24.8398,-3.4113],[24.8443,-3.4123],[24.8479,-3.41],[24.8644,-3.3765],[24.8776,-3.3656],[24.8991,-3.3616],[24.9066,-3.3517],[24.9025,-3.2859],[24.9013,-3.2809],[24.8992,-3.2763],[24.9005,-3.2715],[24.9094,-3.2661],[24.9236,-3.2636],[24.9365,-3.2649],[24.9488,-3.2642],[24.9609,-3.2555],[24.964,-3.221],[24.9669,-3.2137],[24.9851,-3.1972],[25.0074,-3.1548],[25.013,-3.1338],[25.009,-3.1183],[25.0087,-3.1109],[25.0172,-3.0912],[25.0158,-3.0873],[25.0086,-3.0848],[25.0008,-3.0784],[24.9979,-3.0696],[25.0056,-3.06],[25.0118,-3.0618],[25.0183,-3.0697],[25.0254,-3.0744],[25.0335,-3.0668],[25.0354,-3.0551],[25.03,-3.0472],[25.0229,-3.0413],[25.0192,-3.0358],[25.0206,-2.999],[25.0248,-2.9798],[25.0335,-2.9575],[25.0633,-2.9119],[25.0706,-2.8707],[25.106,-2.7907],[25.1112,-2.7732],[25.1099,-2.7553],[25.095,-2.7105],[25.0908,-2.6902],[25.0854,-2.6235],[25.0803,-2.6055],[25.0774,-2.5879],[25.0813,-2.5665],[25.0908,-2.536],[25.0986,-2.453],[25.0998,-2.4478],[25.0852,-2.4473],[24.7413,-2.4675]]]}},{"type":"Feature","properties":{"id":"COD-1898","name":"Nord-Kivu","nameBn":"উত্তর কিভু","type":"Province","bounds":[27.2059,-2.0619,29.9822,0.9606],"center":[28.5939,-0.6591]},"geometry":{"type":"Polygon","coordinates":[[[29.5779,-1.3884],[29.5386,-1.4023],[29.4987,-1.4311],[29.4643,-1.4669],[29.4451,-1.4973],[29.4417,-1.5026],[29.4396,-1.5048],[29.4374,-1.5062],[29.4349,-1.5068],[29.3585,-1.5099],[29.3428,-1.5165],[29.3312,-1.5314],[29.3038,-1.5879],[29.2937,-1.601],[29.2454,-1.641],[29.2333,-1.6587],[29.2123,-1.6987],[29.1866,-1.7396],[29.1863,-1.7396],[29.0526,-1.7273],[29.0204,-1.7269],[28.9421,-1.7342],[28.9243,-1.7294],[28.9127,-1.7216],[28.9074,-1.7121],[28.8934,-1.6773],[28.8884,-1.6702],[28.8784,-1.6667],[28.8658,-1.669],[28.8465,-1.6836],[28.8349,-1.6959],[28.7865,-1.7634],[28.7693,-1.7779],[28.7471,-1.786],[28.7123,-1.7854],[28.6875,-1.7826],[28.6678,-1.7836],[28.652,-1.7928],[28.643,-1.8042],[28.6203,-1.8669],[28.6087,-1.8898],[28.5952,-1.9071],[28.5786,-1.9193],[28.5592,-1.9264],[28.5354,-1.9313],[28.5094,-1.9286],[28.4937,-1.9245],[28.4777,-1.917],[28.4565,-1.9105],[28.4505,-1.9071],[28.4468,-1.9],[28.4305,-1.842],[28.4245,-1.8315],[28.4163,-1.8225],[28.4068,-1.8158],[28.3959,-1.8117],[28.3843,-1.811],[28.3716,-1.8138],[28.3579,-1.8229],[28.3485,-1.8343],[28.3414,-1.8505],[28.3368,-1.8698],[28.3334,-1.9438],[28.3281,-1.9656],[28.3199,-1.9811],[28.3032,-1.9945],[28.2806,-2.0012],[28.1684,-2.0213],[28.1315,-2.0347],[28.0856,-2.0572],[28.0635,-2.0619],[27.9976,-2.0583],[27.981,-2.0546],[27.9604,-2.0474],[27.9365,-2.0323],[27.9214,-2.0184],[27.8897,-1.9801],[27.8747,-1.9693],[27.8572,-1.9633],[27.8336,-1.9664],[27.8131,-1.9716],[27.76,-2.0009],[27.727,-1.9455],[27.7225,-1.9347],[27.7188,-1.9139],[27.7166,-1.8381],[27.7098,-1.807],[27.6955,-1.79],[27.6612,-1.7692],[27.6452,-1.7531],[27.6063,-1.7027],[27.5347,-1.6487],[27.5194,-1.633],[27.498,-1.6046],[27.45,-1.5227],[27.2422,-1.2838],[27.2161,-1.2431],[27.209,-1.2257],[27.2059,-1.212],[27.207,-1.2035],[27.2117,-1.2013],[27.2174,-1.2002],[27.2223,-1.1987],[27.2275,-1.1956],[27.2436,-1.1801],[27.2484,-1.1769],[27.2533,-1.1754],[27.2587,-1.1756],[27.2635,-1.1771],[27.268,-1.1794],[27.2717,-1.1826],[27.275,-1.186],[27.2792,-1.188],[27.284,-1.188],[27.2927,-1.184],[27.2969,-1.1826],[27.3011,-1.1836],[27.3049,-1.186],[27.3088,-1.1891],[27.313,-1.1915],[27.3179,-1.1928],[27.3234,-1.1927],[27.3283,-1.1908],[27.3322,-1.1874],[27.3346,-1.1744],[27.3341,-1.1682],[27.333,-1.1627],[27.3309,-1.1579],[27.3279,-1.1537],[27.3211,-1.147],[27.3136,-1.1412],[27.2936,-1.1298],[27.2911,-1.1278],[27.2887,-1.1248],[27.2869,-1.1201],[27.2868,-1.1135],[27.2876,-1.1057],[27.2866,-1.1],[27.2846,-1.0953],[27.2793,-1.087],[27.2762,-1.083],[27.2726,-1.0796],[27.2684,-1.0769],[27.2638,-1.0748],[27.2601,-1.0718],[27.2585,-1.0674],[27.2598,-1.061],[27.2666,-1.0415],[27.2678,-1.0335],[27.2667,-1.0005],[27.2677,-0.9943],[27.2714,-0.9889],[27.2781,-0.983],[27.2925,-0.9749],[27.3017,-0.9717],[27.3094,-0.97],[27.3159,-0.9667],[27.3235,-0.9617],[27.3365,-0.9513],[27.3445,-0.9468],[27.3518,-0.9445],[27.3574,-0.9451],[27.3732,-0.95],[27.3854,-0.951],[27.3916,-0.9506],[27.3987,-0.9473],[27.4349,-0.9191],[27.4394,-0.9167],[27.4446,-0.9151],[27.4499,-0.9143],[27.4558,-0.9146],[27.4674,-0.9163],[27.4733,-0.9163],[27.4789,-0.9148],[27.4981,-0.9045],[27.5011,-0.9036],[27.505,-0.9031],[27.5087,-0.905],[27.5123,-0.9082],[27.516,-0.9178],[27.5191,-0.9214],[27.5242,-0.9233],[27.5293,-0.9242],[27.534,-0.926],[27.5371,-0.9288],[27.54,-0.9319],[27.5426,-0.9341],[27.5456,-0.9358],[27.5504,-0.9372],[27.556,-0.9377],[27.5618,-0.9372],[27.5776,-0.9325],[27.5832,-0.9315],[27.5983,-0.9313],[27.6045,-0.9293],[27.6537,-0.9299],[27.6708,-0.9272],[27.6862,-0.9219],[27.7497,-0.8846],[27.763,-0.8743],[27.7698,-0.8601],[27.7785,-0.8109],[27.8061,-0.7447],[27.8156,-0.6967],[27.8215,-0.6823],[27.8178,-0.6618],[27.8122,-0.6452],[27.7303,-0.567],[27.7844,-0.536],[27.8164,-0.5113],[27.8718,-0.4521],[27.8946,-0.4169],[27.9183,-0.3701],[27.9399,-0.34],[27.9556,-0.3249],[27.9702,-0.3148],[28.009,-0.3013],[28.0246,-0.2942],[28.0792,-0.2583],[28.0952,-0.2426],[28.1056,-0.2287],[28.1138,-0.2063],[28.1199,-0.182],[28.1224,-0.1609],[28.1213,-0.1545],[28.1121,-0.1291],[28.1098,-0.1176],[28.1084,-0.0928],[28.1076,-0.0867],[28.1003,-0.0656],[28.0979,-0.0543],[28.0941,0.0002],[28.0904,0.014],[28.0898,0.0194],[28.0938,0.0416],[28.0941,0.0478],[28.0988,0.0697],[28.0988,0.0813],[28.1,0.0881],[28.105,0.1055],[28.1084,0.1109],[28.1127,0.1149],[28.1243,0.1208],[28.1322,0.1288],[28.1364,0.138],[28.1408,0.1533],[28.1407,0.1617],[28.1395,0.1684],[28.1371,0.1729],[28.1342,0.177],[28.1309,0.1805],[28.1236,0.1868],[28.121,0.1904],[28.1205,0.1962],[28.1226,0.2139],[28.121,0.2201],[28.1179,0.2246],[28.1137,0.2272],[28.0975,0.2315],[28.0927,0.2334],[28.0884,0.236],[28.0814,0.2426],[28.0783,0.2464],[28.0748,0.2497],[28.0718,0.2537],[28.0695,0.2581],[28.0632,0.2727],[28.0542,0.3119],[28.0535,0.3181],[28.0561,0.362],[28.0553,0.3695],[28.0536,0.3748],[28.051,0.3789],[28.0421,0.385],[28.0389,0.3904],[28.0386,0.4015],[28.0407,0.4088],[28.0445,0.4156],[28.0454,0.4209],[28.0443,0.4257],[28.0412,0.4294],[28.0285,0.4369],[28.0257,0.4411],[28.0243,0.4465],[28.0234,0.4524],[28.0217,0.4577],[28.0187,0.4616],[28.0145,0.464],[28.0096,0.4652],[28.005,0.4669],[28.0021,0.4697],[27.9985,0.4756],[27.9956,0.478],[27.9911,0.4784],[27.9629,0.4741],[27.957,0.4746],[27.9517,0.4759],[27.938,0.4828],[27.9275,0.4858],[27.9228,0.4879],[27.9188,0.4904],[27.9151,0.4919],[27.9112,0.4908],[27.9078,0.4883],[27.9044,0.4864],[27.9007,0.4869],[27.8972,0.4891],[27.8932,0.4904],[27.8891,0.4894],[27.8815,0.484],[27.8773,0.4822],[27.8724,0.4825],[27.8636,0.4867],[27.8584,0.4884],[27.8417,0.492],[27.8372,0.4943],[27.8337,0.4969],[27.83,0.5003],[27.8181,0.5093],[27.7886,0.5278],[27.7529,0.5393],[27.7479,0.5439],[27.7439,0.5507],[27.7416,0.5654],[27.7441,0.5719],[27.7487,0.5757],[27.7608,0.5775],[27.7664,0.5792],[27.7774,0.5842],[27.7831,0.5844],[27.8165,0.5821],[27.8679,0.5892],[27.8806,0.5925],[27.8936,0.5975],[27.9067,0.6043],[27.9186,0.6136],[27.9619,0.6594],[27.9731,0.6674],[28.0096,0.684],[28.0626,0.7005],[28.3353,0.7396],[28.3499,0.7399],[28.3637,0.7381],[28.377,0.7336],[28.3899,0.7264],[28.4138,0.7053],[28.4816,0.6285],[28.5004,0.6131],[28.5212,0.5995],[28.5337,0.5936],[28.5458,0.5894],[28.5579,0.5868],[28.5708,0.5858],[28.5837,0.5874],[28.7367,0.6247],[28.8168,0.6313],[28.9288,0.624],[28.9709,0.6157],[29.0137,0.6139],[29.0309,0.6197],[29.052,0.6301],[29.1066,0.6646],[29.136,0.6792],[29.1488,0.6838],[29.1687,0.6865],[29.1864,0.6853],[29.1979,0.6825],[29.2106,0.6778],[29.2239,0.67],[29.2462,0.6517],[29.2486,0.6501],[29.2541,0.6493],[29.2649,0.6495],[29.2944,0.6578],[29.3076,0.6579],[29.3202,0.6542],[29.333,0.648],[29.372,0.6239],[29.3852,0.6184],[29.4013,0.6182],[29.4203,0.6237],[29.4505,0.6397],[29.4674,0.6533],[29.4781,0.6673],[29.477,0.679],[29.4696,0.6897],[29.4585,0.6966],[29.4086,0.7109],[29.3966,0.7164],[29.385,0.724],[29.3748,0.7342],[29.367,0.745],[29.3619,0.7563],[29.3604,0.7681],[29.3625,0.7811],[29.3666,0.7936],[29.3794,0.8184],[29.3952,0.8426],[29.4044,0.8528],[29.4154,0.8576],[29.4288,0.8575],[29.4423,0.8532],[29.5124,0.8217],[29.5233,0.819],[29.5376,0.8177],[29.5524,0.8187],[29.5687,0.8255],[29.576,0.8363],[29.5796,0.861],[29.5875,0.8747],[29.5981,0.8801],[29.6091,0.882],[29.6395,0.88],[29.677,0.8836],[29.7041,0.8795],[29.7186,0.8806],[29.7355,0.8874],[29.7494,0.8976],[29.7822,0.9321],[29.7928,0.9387],[29.8386,0.9577],[29.8493,0.9606],[29.8591,0.9583],[29.8668,0.9489],[29.8868,0.9104],[29.8952,0.8987],[29.9058,0.8881],[29.9173,0.8805],[29.9818,0.8492],[29.9822,0.849],[29.9602,0.8321],[29.9473,0.8246],[29.9283,0.785],[29.9268,0.7749],[29.9323,0.7232],[29.92,0.6387],[29.9195,0.6181],[29.938,0.5373],[29.9405,0.4983],[29.9261,0.4671],[29.9229,0.4602],[29.9039,0.4382],[29.8511,0.3772],[29.8396,0.3585],[29.8326,0.337],[29.8006,0.1724],[29.7971,0.1648],[29.7872,0.1585],[29.7804,0.1612],[29.773,0.1675],[29.7613,0.1721],[29.7558,0.1609],[29.7118,0.0996],[29.7031,0.0725],[29.7016,0.0552],[29.7135,0.0116],[29.7143,-0.0075],[29.709,-0.0263],[29.694,-0.0631],[29.6813,-0.1379],[29.6766,-0.1651],[29.6706,-0.2009],[29.654,-0.2989],[29.651,-0.3165],[29.6439,-0.358],[29.6294,-0.4424],[29.6319,-0.4612],[29.6346,-0.467],[29.6451,-0.4889],[29.6497,-0.5043],[29.6531,-0.5656],[29.6509,-0.5796],[29.6428,-0.585],[29.6322,-0.5858],[29.6229,-0.5884],[29.6188,-0.5994],[29.6205,-0.6054],[29.6282,-0.616],[29.6306,-0.622],[29.6293,-0.6298],[29.6244,-0.6348],[29.6188,-0.639],[29.6155,-0.6441],[29.603,-0.7229],[29.6022,-0.7438],[29.6111,-0.7827],[29.6134,-0.8038],[29.6108,-0.864],[29.608,-0.8784],[29.5967,-0.8919],[29.5672,-0.9019],[29.556,-0.9195],[29.5547,-0.9286],[29.5553,-0.9385],[29.5592,-0.9573],[29.5603,-0.9721],[29.5565,-0.9818],[29.5515,-0.9903],[29.5514,-0.9906],[29.5485,-1.0026],[29.5512,-1.0201],[29.5659,-1.0586],[29.5701,-1.0779],[29.5691,-1.0959],[29.5569,-1.1577],[29.557,-1.1818],[29.5653,-1.1979],[29.5755,-1.2132],[29.5814,-1.2348],[29.5804,-1.2433],[29.571,-1.2686],[29.5715,-1.2792],[29.5832,-1.2993],[29.5871,-1.3106],[29.5873,-1.3297],[29.5779,-1.3884]]]}},{"type":"Feature","properties":{"id":"COD-1559","name":"Orientale","nameBn":"ওরিয়েন্টালে প্রদেশ","type":"Province","bounds":[22.2899,-2.1109,31.2804,5.3753],"center":[26.785,2.4044]},"geometry":{"type":"Polygon","coordinates":[[[27.4413,5.0707],[27.4431,5.0578],[27.4363,5.0132],[27.4418,5.008],[27.4479,5.0035],[27.4545,4.9998],[27.4616,4.9969],[27.4928,4.973],[27.5013,4.9633],[27.505,4.9539],[27.5092,4.9324],[27.5146,4.9224],[27.5326,4.9076],[27.5527,4.9005],[27.641,4.8909],[27.6588,4.8797],[27.6719,4.8559],[27.6797,4.8145],[27.6859,4.7979],[27.6991,4.7874],[27.7065,4.7874],[27.7258,4.7928],[27.7348,4.7932],[27.7442,4.7878],[27.7526,4.7777],[27.7592,4.7663],[27.7631,4.7571],[27.7669,4.7354],[27.7588,4.6772],[27.7608,4.636],[27.7652,4.6121],[27.7724,4.5958],[27.7769,4.5957],[27.8014,4.5906],[27.8092,4.588],[27.8195,4.5796],[27.8377,4.56],[27.8491,4.5532],[27.8569,4.5525],[27.8855,4.5567],[27.891,4.5558],[27.9079,4.5487],[27.914,4.5493],[27.9164,4.5536],[27.917,4.5584],[27.9179,4.5608],[27.9161,4.5622],[27.9203,4.5653],[27.9292,4.57],[27.9343,4.5682],[27.9445,4.5573],[27.9512,4.556],[27.9625,4.5574],[28.014,4.55],[28.0171,4.5391],[28.0121,4.5218],[28.0089,4.4991],[28.0096,4.4884],[28.0112,4.4801],[28.0142,4.4722],[28.019,4.4628],[28.0497,4.4191],[28.0598,4.4201],[28.0763,4.4377],[28.0856,4.4433],[28.1017,4.4421],[28.1083,4.434],[28.1124,4.4146],[28.1402,4.3793],[28.1587,4.3608],[28.1776,4.3472],[28.217,4.342],[28.261,4.3504],[28.3032,4.3522],[28.3369,4.3275],[28.3458,4.3064],[28.3491,4.2923],[28.3574,4.2829],[28.3815,4.2753],[28.4041,4.2778],[28.4254,4.2908],[28.4439,4.3085],[28.4824,4.359],[28.4968,4.369],[28.5193,4.3744],[28.5288,4.3738],[28.5385,4.3718],[28.5482,4.3708],[28.5573,4.3735],[28.5643,4.3826],[28.5667,4.3941],[28.5705,4.4051],[28.5824,4.4126],[28.6237,4.4224],[28.6386,4.4321],[28.6537,4.4527],[28.6952,4.5326],[28.7041,4.534],[28.7245,4.534],[28.7382,4.5409],[28.7469,4.5493],[28.7554,4.554],[28.7692,4.5498],[28.7836,4.5304],[28.7851,4.508],[28.79,4.4886],[28.8153,4.4783],[28.8257,4.4784],[28.8562,4.4825],[28.9036,4.4786],[28.9256,4.4808],[28.9862,4.4959],[28.9941,4.4875],[29.0423,4.4553],[29.0532,4.4508],[29.056,4.4365],[29.0589,4.4377],[29.0986,4.4205],[29.1098,4.4124],[29.1735,4.348],[29.1961,4.3371],[29.2213,4.3407],[29.2287,4.3567],[29.2316,4.3755],[29.2428,4.3874],[29.2674,4.3879],[29.2874,4.3836],[29.3039,4.3871],[29.3187,4.4111],[29.3289,4.4349],[29.3389,4.4495],[29.3902,4.4938],[29.4026,4.5121],[29.4109,4.5323],[29.4173,4.5555],[29.4239,4.5661],[29.4427,4.5834],[29.4446,4.5945],[29.4437,4.6047],[29.4468,4.6221],[29.4492,4.6571],[29.4576,4.6695],[29.4726,4.6722],[29.4941,4.6683],[29.4981,4.6656],[29.5085,4.6554],[29.5133,4.6521],[29.5288,4.6599],[29.535,4.6607],[29.5464,4.6574],[29.5767,4.6444],[29.6068,4.6439],[29.6185,4.6416],[29.6603,4.6221],[29.6719,4.614],[29.7008,4.5883],[29.7153,4.5797],[29.7229,4.5782],[29.7451,4.5839],[29.7518,4.5813],[29.7745,4.5675],[29.7846,4.5633],[29.7967,4.556],[29.7933,4.5454],[29.7883,4.5394],[29.7837,4.5338],[29.7777,4.5239],[29.7785,4.5151],[29.7854,4.4986],[29.787,4.4897],[29.7857,4.4794],[29.7768,4.4493],[29.7762,4.4056],[29.7878,4.3688],[29.8149,4.3468],[29.8607,4.3473],[29.8827,4.344],[29.9085,4.3292],[29.9303,4.3087],[29.9401,4.2883],[29.9369,4.2783],[29.9293,4.2684],[29.9232,4.2578],[29.9241,4.2456],[29.9322,4.2362],[29.9426,4.2338],[29.9542,4.2338],[29.966,4.2318],[29.9894,4.2178],[30.0048,4.1993],[30.0279,4.1544],[30.0429,4.1331],[30.0578,4.1237],[30.0998,4.1151],[30.1227,4.1025],[30.133,4.0828],[30.1385,4.0597],[30.1475,4.0367],[30.1716,4.0082],[30.1781,3.9971],[30.1804,3.9862],[30.1805,3.9756],[30.1821,3.9655],[30.1894,3.9561],[30.2059,3.9504],[30.2709,3.9495],[30.3379,3.9279],[30.4189,3.8797],[30.4568,3.8676],[30.4657,3.8661],[30.4859,3.8656],[30.4955,3.8671],[30.5055,3.8698],[30.5155,3.8708],[30.5252,3.8675],[30.5389,3.8415],[30.5629,3.6949],[30.5622,3.6753],[30.5549,3.6364],[30.5493,3.6241],[30.5434,3.6179],[30.543,3.6129],[30.5535,3.6045],[30.5622,3.6014],[30.5726,3.601],[30.5924,3.6035],[30.6049,3.6067],[30.6365,3.6241],[30.6538,3.6306],[30.6654,3.6321],[30.6934,3.6319],[30.7146,3.6438],[30.7313,3.6635],[30.7469,3.6749],[30.7651,3.6617],[30.7692,3.6518],[30.7723,3.6176],[30.7791,3.6026],[30.7921,3.5927],[30.8232,3.5804],[30.8377,3.5627],[30.8277,3.5111],[30.8395,3.4902],[30.8612,3.4982],[30.8802,3.5144],[30.8964,3.52],[30.9093,3.4961],[30.9096,3.4872],[30.9029,3.4589],[30.9044,3.4475],[30.9145,3.4265],[30.9163,3.4148],[30.91,3.3934],[30.9049,3.386],[30.8973,3.375],[30.8685,3.3433],[30.8487,3.3093],[30.8469,3.3044],[30.8456,3.2939],[30.8424,3.2887],[30.8378,3.2864],[30.8257,3.2837],[30.8221,3.2814],[30.8042,3.246],[30.7634,3.1234],[30.7479,3.0767],[30.7438,3.0555],[30.7451,3.0363],[30.7571,3.0215],[30.8036,2.9891],[30.8209,2.9732],[30.844,2.9328],[30.8548,2.8932],[30.8534,2.8534],[30.8287,2.7861],[30.8219,2.7762],[30.8179,2.7742],[30.8058,2.7719],[30.8016,2.7691],[30.7991,2.7635],[30.7989,2.7535],[30.7977,2.7484],[30.7708,2.6758],[30.7643,2.6584],[30.762,2.6458],[30.7613,2.6416],[30.7589,2.6338],[30.7394,2.6033],[30.7353,2.5931],[30.734,2.5745],[30.7378,2.5375],[30.737,2.5195],[30.7294,2.5035],[30.7168,2.4831],[30.7077,2.4623],[30.7106,2.4451],[30.7249,2.4408],[30.795,2.4401],[30.8049,2.4344],[30.8071,2.4222],[30.807,2.407],[30.8097,2.3924],[30.8198,2.376],[30.8363,2.3563],[30.8549,2.3397],[30.8718,2.3321],[30.9006,2.346],[30.9145,2.3782],[30.9309,2.4056],[30.968,2.4054],[30.9849,2.3946],[31.0413,2.3312],[31.0436,2.327],[31.0459,2.3197],[31.0444,2.3139],[31.0388,2.311],[31.0355,2.3069],[31.0407,2.2979],[31.0552,2.2902],[31.0991,2.2827],[31.1126,2.2821],[31.1292,2.2847],[31.1776,2.3029],[31.1791,2.2598],[31.1825,2.2387],[31.1901,2.2215],[31.2109,2.2053],[31.2675,2.1733],[31.2787,2.156],[31.2804,2.1534],[31.2801,2.1514],[31.2715,2.103],[31.2428,2.0512],[31.1833,1.9762],[31.1191,1.8954],[31.096,1.8664],[31.0755,1.8406],[31.0258,1.7782],[30.9544,1.7207],[30.817,1.6095],[30.6817,1.5003],[30.5973,1.3917],[30.5537,1.3356],[30.4783,1.2386],[30.4583,1.2217],[30.4456,1.2128],[30.4316,1.207],[30.4127,1.202],[30.3993,1.2006],[30.3766,1.2031],[30.3649,1.202],[30.3482,1.189],[30.3361,1.1689],[30.3238,1.1558],[30.3066,1.1639],[30.2957,1.1726],[30.2865,1.1743],[30.278,1.1716],[30.2693,1.1673],[30.2389,1.136],[30.2362,1.1295],[30.2341,1.1081],[30.2315,1.0978],[30.228,1.089],[30.2153,1.0771],[30.2156,1.0578],[30.221,1.0171],[30.2141,0.9985],[30.1915,0.9749],[30.1869,0.9588],[30.1838,0.9551],[30.1835,0.9546],[30.1657,0.9214],[30.1548,0.9087],[30.1451,0.9032],[30.0384,0.8789],[29.9964,0.8599],[29.9822,0.849],[29.9818,0.8492],[29.9173,0.8805],[29.9058,0.8881],[29.8952,0.8987],[29.8868,0.9104],[29.8668,0.9489],[29.8591,0.9583],[29.8493,0.9606],[29.8386,0.9577],[29.7928,0.9387],[29.7822,0.9321],[29.7494,0.8976],[29.7355,0.8874],[29.7186,0.8806],[29.7041,0.8795],[29.677,0.8836],[29.6395,0.88],[29.6091,0.882],[29.5981,0.8801],[29.5875,0.8747],[29.5796,0.861],[29.576,0.8363],[29.5687,0.8255],[29.5524,0.8187],[29.5376,0.8177],[29.5233,0.819],[29.5124,0.8217],[29.4423,0.8532],[29.4288,0.8575],[29.4154,0.8576],[29.4044,0.8528],[29.3952,0.8426],[29.3794,0.8184],[29.3666,0.7936],[29.3625,0.7811],[29.3604,0.7681],[29.3619,0.7563],[29.367,0.745],[29.3748,0.7342],[29.385,0.724],[29.3966,0.7164],[29.4086,0.7109],[29.4585,0.6966],[29.4696,0.6897],[29.477,0.679],[29.4781,0.6673],[29.4674,0.6533],[29.4505,0.6397],[29.4203,0.6237],[29.4013,0.6182],[29.3852,0.6184],[29.372,0.6239],[29.333,0.648],[29.3202,0.6542],[29.3076,0.6579],[29.2944,0.6578],[29.2649,0.6495],[29.2541,0.6493],[29.2486,0.6501],[29.2462,0.6517],[29.2239,0.67],[29.2106,0.6778],[29.1979,0.6825],[29.1864,0.6853],[29.1687,0.6865],[29.1488,0.6838],[29.136,0.6792],[29.1066,0.6646],[29.052,0.6301],[29.0309,0.6197],[29.0137,0.6139],[28.9709,0.6157],[28.9288,0.624],[28.8168,0.6313],[28.7367,0.6247],[28.5837,0.5874],[28.5708,0.5858],[28.5579,0.5868],[28.5458,0.5894],[28.5337,0.5936],[28.5212,0.5995],[28.5004,0.6131],[28.4816,0.6285],[28.4138,0.7053],[28.3899,0.7264],[28.377,0.7336],[28.3637,0.7381],[28.3499,0.7399],[28.3353,0.7396],[28.0626,0.7005],[28.0096,0.684],[27.9731,0.6674],[27.9619,0.6594],[27.9186,0.6136],[27.9067,0.6043],[27.8936,0.5975],[27.8806,0.5925],[27.8679,0.5892],[27.8165,0.5821],[27.7831,0.5844],[27.7774,0.5842],[27.7664,0.5792],[27.7608,0.5775],[27.7487,0.5757],[27.7441,0.5719],[27.7416,0.5654],[27.7439,0.5507],[27.7479,0.5439],[27.7529,0.5393],[27.7886,0.5278],[27.8181,0.5093],[27.83,0.5003],[27.8337,0.4969],[27.8372,0.4943],[27.8417,0.492],[27.8584,0.4884],[27.8636,0.4867],[27.8724,0.4825],[27.8773,0.4822],[27.8815,0.484],[27.8891,0.4894],[27.8932,0.4904],[27.8972,0.4891],[27.9007,0.4869],[27.9044,0.4864],[27.9078,0.4883],[27.9112,0.4908],[27.9151,0.4919],[27.9188,0.4904],[27.9228,0.4879],[27.9275,0.4858],[27.938,0.4828],[27.9517,0.4759],[27.957,0.4746],[27.9629,0.4741],[27.9911,0.4784],[27.9956,0.478],[27.9985,0.4756],[28.0021,0.4697],[28.005,0.4669],[28.0096,0.4652],[28.0145,0.464],[28.0187,0.4616],[28.0217,0.4577],[28.0234,0.4524],[28.0243,0.4465],[28.0257,0.4411],[28.0285,0.4369],[28.0412,0.4294],[28.0443,0.4257],[28.0454,0.4209],[28.0445,0.4156],[28.0407,0.4088],[28.0386,0.4015],[28.0389,0.3904],[28.0421,0.385],[28.051,0.3789],[28.0536,0.3748],[28.0553,0.3695],[28.0561,0.362],[28.0535,0.3181],[28.0542,0.3119],[28.0632,0.2727],[28.0695,0.2581],[28.0718,0.2537],[28.0748,0.2497],[28.0783,0.2464],[28.0814,0.2426],[28.0884,0.236],[28.0927,0.2334],[28.0975,0.2315],[28.1137,0.2272],[28.1179,0.2246],[28.121,0.2201],[28.1226,0.2139],[28.1205,0.1962],[28.121,0.1904],[28.1236,0.1868],[28.1309,0.1805],[28.1342,0.177],[28.1371,0.1729],[28.1395,0.1684],[28.1407,0.1617],[28.1408,0.1533],[28.1364,0.138],[28.1322,0.1288],[28.1243,0.1208],[28.1127,0.1149],[28.1084,0.1109],[28.105,0.1055],[28.1,0.0881],[28.0988,0.0813],[28.0988,0.0697],[28.0941,0.0478],[28.0938,0.0416],[28.0898,0.0194],[28.0904,0.014],[28.0941,0.0002],[28.0979,-0.0543],[28.1003,-0.0656],[28.1076,-0.0867],[28.1084,-0.0928],[28.1098,-0.1176],[28.1121,-0.1291],[28.1213,-0.1545],[28.1224,-0.1609],[28.1199,-0.182],[28.1138,-0.2063],[28.1056,-0.2287],[28.0952,-0.2426],[28.0792,-0.2583],[28.0246,-0.2942],[28.009,-0.3013],[27.9702,-0.3148],[27.9556,-0.3249],[27.9399,-0.34],[27.9183,-0.3701],[27.8946,-0.4169],[27.8718,-0.4521],[27.8164,-0.5113],[27.7844,-0.536],[27.7303,-0.567],[27.7135,-0.5658],[27.6685,-0.5524],[27.5948,-0.5204],[27.583,-0.5182],[27.5632,-0.5174],[27.5208,-0.5212],[27.5155,-0.5202],[27.511,-0.5182],[27.5071,-0.515],[27.5042,-0.5112],[27.5018,-0.5074],[27.4951,-0.4923],[27.4924,-0.4885],[27.4889,-0.4852],[27.4848,-0.4825],[27.48,-0.4805],[27.4745,-0.4792],[27.4686,-0.4787],[27.4626,-0.479],[27.4058,-0.4976],[27.3797,-0.5024],[27.3675,-0.5001],[27.3658,-0.4993],[27.363,-0.4979],[27.3594,-0.4954],[27.3524,-0.489],[27.3493,-0.4853],[27.3467,-0.481],[27.3423,-0.4715],[27.3391,-0.4678],[27.3228,-0.457],[27.3183,-0.4545],[27.2931,-0.4456],[27.2239,-0.4401],[27.18,-0.4323],[27.1656,-0.4264],[27.153,-0.4185],[27.148,-0.4165],[27.1425,-0.4154],[27.1328,-0.4113],[27.1291,-0.4083],[27.1257,-0.4048],[27.1229,-0.4006],[27.1166,-0.3864],[27.1136,-0.3826],[27.1096,-0.3797],[27.095,-0.3737],[27.0906,-0.3715],[27.0764,-0.3583],[27.0703,-0.3507],[27.0652,-0.342],[27.0635,-0.3375],[27.0633,-0.3325],[27.065,-0.3224],[27.0646,-0.3171],[27.0624,-0.3124],[27.0562,-0.3046],[27.0527,-0.3013],[27.0448,-0.2956],[27.036,-0.2908],[27.0261,-0.2871],[27.0216,-0.2847],[27.0176,-0.2821],[27.0106,-0.2752],[27.0021,-0.2648],[26.9995,-0.263],[26.9963,-0.2614],[26.9916,-0.2602],[26.969,-0.2616],[26.9632,-0.261],[26.9529,-0.258],[26.9351,-0.2484],[26.9272,-0.2425],[26.9125,-0.2292],[26.9077,-0.2268],[26.9007,-0.2259],[26.8899,-0.2275],[26.8834,-0.2264],[26.8782,-0.2242],[26.8661,-0.2157],[26.8554,-0.2059],[26.8515,-0.203],[26.8469,-0.2013],[26.8413,-0.202],[26.8362,-0.2053],[26.8314,-0.2129],[26.8305,-0.2192],[26.8318,-0.2246],[26.8366,-0.2335],[26.8385,-0.2381],[26.839,-0.2433],[26.8379,-0.2482],[26.8346,-0.2529],[26.8293,-0.2565],[26.82,-0.2592],[26.8129,-0.2594],[26.8071,-0.2579],[26.798,-0.2535],[26.7929,-0.2523],[26.7876,-0.2523],[26.7764,-0.2577],[26.7097,-0.2987],[26.6979,-0.3036],[26.653,-0.3062],[26.6474,-0.3074],[26.6423,-0.3092],[26.6366,-0.3131],[26.6306,-0.3185],[26.6212,-0.3289],[26.6123,-0.3373],[26.6008,-0.3458],[26.5778,-0.3586],[26.5654,-0.3634],[26.5555,-0.3656],[26.5441,-0.3642],[26.5084,-0.3662],[26.491,-0.37],[26.4789,-0.3715],[26.4726,-0.3714],[26.4667,-0.3705],[26.4616,-0.3688],[26.4569,-0.3666],[26.4532,-0.3635],[26.4498,-0.3601],[26.4353,-0.3402],[26.433,-0.3356],[26.4311,-0.3306],[26.4257,-0.3086],[26.4238,-0.3036],[26.4211,-0.2995],[26.4172,-0.2967],[26.4122,-0.2947],[26.3949,-0.2917],[26.3897,-0.2899],[26.3856,-0.2874],[26.3609,-0.264],[26.3533,-0.2508],[26.3495,-0.248],[26.3449,-0.2474],[26.3374,-0.2472],[26.3333,-0.2447],[26.3302,-0.2407],[26.3151,-0.2008],[26.3127,-0.1962],[26.31,-0.1922],[26.3062,-0.189],[26.3024,-0.1863],[26.2975,-0.1848],[26.2813,-0.185],[26.2774,-0.1824],[26.2744,-0.1786],[26.2704,-0.1689],[26.2681,-0.1644],[26.265,-0.1605],[26.2612,-0.1576],[26.2535,-0.1527],[26.2324,-0.1331],[26.2282,-0.1304],[26.2173,-0.1275],[26.2074,-0.1237],[26.2033,-0.121],[26.2002,-0.1172],[26.1985,-0.1122],[26.1961,-0.1077],[26.1928,-0.1043],[26.183,-0.1013],[26.1788,-0.0988],[26.1757,-0.0952],[26.172,-0.0924],[26.1675,-0.0905],[26.1623,-0.0901],[26.157,-0.0904],[26.1465,-0.098],[26.1359,-0.1122],[26.112,-0.1526],[26.1114,-0.1738],[26.1165,-0.1897],[26.1661,-0.2255],[26.2143,-0.269],[26.2583,-0.317],[26.366,-0.3911],[26.3865,-0.4132],[26.3939,-0.4248],[26.3998,-0.4372],[26.4026,-0.4493],[26.4026,-0.4616],[26.3945,-0.4781],[26.3805,-0.4957],[26.2927,-0.5739],[26.2825,-0.5855],[26.2738,-0.5978],[26.2676,-0.6102],[26.2642,-0.6223],[26.2629,-0.6346],[26.2917,-0.8374],[26.2921,-0.8512],[26.2913,-0.8646],[26.2878,-0.8774],[26.2732,-0.8926],[26.249,-0.9096],[26.172,-0.9512],[26.1567,-0.9661],[26.1515,-0.9776],[26.1467,-0.997],[26.1388,-1.0812],[26.1416,-1.0926],[26.1472,-1.1037],[26.1545,-1.1141],[26.1586,-1.1253],[26.154,-1.1385],[26.1428,-1.156],[26.1386,-1.1696],[26.1372,-1.182],[26.1388,-1.2128],[26.138,-1.2179],[26.1351,-1.2231],[26.1286,-1.2249],[26.1244,-1.2278],[26.1228,-1.2337],[26.1242,-1.2386],[26.1261,-1.2437],[26.1272,-1.249],[26.1233,-1.2549],[26.1145,-1.2615],[26.0929,-1.2697],[26.0784,-1.279],[26.0712,-1.2859],[26.069,-1.292],[26.0694,-1.2977],[26.0707,-1.303],[26.0749,-1.3124],[26.0761,-1.3171],[26.076,-1.3218],[26.0704,-1.3428],[26.0698,-1.3612],[26.0653,-1.3683],[26.0564,-1.3765],[26.0348,-1.3906],[26.0275,-1.3994],[26.0249,-1.4062],[26.0339,-1.4247],[26.0356,-1.4297],[26.0351,-1.4355],[26.0323,-1.4412],[26.0224,-1.4536],[26.0201,-1.4592],[26.0187,-1.4701],[26.0168,-1.4754],[26.0137,-1.4801],[26.0077,-1.4859],[26.0043,-1.4885],[25.9985,-1.4904],[25.9923,-1.491],[25.9782,-1.4908],[25.97,-1.4896],[25.958,-1.4861],[25.9523,-1.4853],[25.9463,-1.4853],[25.9402,-1.4846],[25.9357,-1.4826],[25.9338,-1.4786],[25.9336,-1.4741],[25.934,-1.4695],[25.9332,-1.4656],[25.9298,-1.4628],[25.9155,-1.4566],[25.9113,-1.4539],[25.9042,-1.4471],[25.9014,-1.4431],[25.8989,-1.4388],[25.8924,-1.4248],[25.8893,-1.4209],[25.8717,-1.4043],[25.8621,-1.3937],[25.8596,-1.3917],[25.8608,-1.3988],[25.8565,-1.4344],[25.857,-1.5622],[25.8635,-1.6053],[25.8634,-1.6281],[25.8588,-1.6498],[25.8452,-1.692],[25.8423,-1.7137],[25.8444,-1.7787],[25.8423,-1.7994],[25.8345,-1.8186],[25.8141,-1.849],[25.8092,-1.8556],[25.7966,-1.8587],[25.7666,-1.8609],[25.7126,-1.8742],[25.6927,-1.8749],[25.6666,-1.8689],[25.6205,-1.8506],[25.6016,-1.8474],[25.5837,-1.8482],[25.5586,-1.8546],[25.5408,-1.8624],[25.5246,-1.8718],[25.4936,-1.8964],[25.3321,-2.0747],[25.3211,-2.084],[25.3097,-2.0905],[25.286,-2.0993],[25.2621,-2.1055],[25.2328,-2.1092],[25.1885,-2.1109],[25.1401,-2.1068],[25.1119,-2.1013],[25.0989,-2.0962],[25.0952,-2.0952],[25.0912,-2.097],[25.0813,-2.0936],[25.0635,-2.0833],[25.0563,-2.0752],[25.0534,-2.0631],[25.0565,-2.0538],[25.0707,-2.0328],[25.0739,-2.0219],[25.0732,-2.0001],[25.0714,-1.9913],[25.0676,-1.9837],[25.0419,-1.9648],[25.0158,-1.9495],[25.0123,-1.9469],[25.0135,-1.9396],[25.0043,-1.9363],[24.9848,-1.9356],[24.8884,-1.9458],[24.8358,-1.9562],[24.4507,-1.9387],[24.4329,-1.8174],[24.4215,-1.7868],[24.39,-1.593],[24.3713,-1.5302],[24.3642,-1.5138],[24.3396,-1.4746],[24.3051,-1.4016],[24.293,-1.3895],[24.2802,-1.383],[24.2676,-1.3816],[24.141,-1.3891],[24.1171,-1.3864],[24.0932,-1.3808],[24.07,-1.3723],[23.9843,-1.3254],[23.8359,-1.2036],[23.8235,-1.1965],[23.778,-1.1774],[23.7679,-1.1673],[23.7613,-1.1563],[23.7459,-1.1144],[23.7318,-1.092],[23.7192,-1.0795],[23.7057,-1.0688],[23.6537,-1.0372],[23.5687,-0.9994],[23.4069,-0.8649],[23.3826,-0.837],[23.3673,-0.814],[23.3659,-0.799],[23.3724,-0.7866],[23.4945,-0.6939],[23.5114,-0.6863],[23.5609,-0.6724],[23.589,-0.6671],[23.6016,-0.6628],[23.6129,-0.6559],[23.6211,-0.6467],[23.6236,-0.6359],[23.6177,-0.6254],[23.5746,-0.5863],[23.4799,-0.4635],[23.4611,-0.4459],[23.4452,-0.438],[23.4334,-0.44],[23.2952,-0.4899],[23.2811,-0.4917],[23.2666,-0.4905],[23.2497,-0.483],[23.2394,-0.4694],[23.218,-0.4344],[23.2056,-0.4265],[23.1927,-0.4226],[22.9936,-0.4092],[22.9846,-0.407],[22.9794,-0.4035],[22.9842,-0.3969],[23.0922,-0.3059],[23.1174,-0.2885],[23.13,-0.2822],[23.142,-0.2784],[23.1552,-0.2777],[23.1669,-0.279],[23.1904,-0.2857],[23.2532,-0.3102],[23.2663,-0.3136],[23.2799,-0.3151],[23.2931,-0.3137],[23.3048,-0.3075],[23.3148,-0.2975],[23.3238,-0.2868],[23.3348,-0.2778],[23.3469,-0.2731],[23.3715,-0.2686],[23.3834,-0.2652],[23.3949,-0.2595],[23.4056,-0.2482],[23.4091,-0.2323],[23.4067,-0.2148],[23.3969,-0.1898],[23.2473,0.0323],[23.1423,0.1538],[23.123,0.184],[23.0836,0.2718],[23.0717,0.2889],[22.9972,0.3759],[22.9732,0.4137],[22.9464,0.4789],[22.9388,0.5101],[22.9306,0.5661],[22.9184,0.6007],[22.914,0.6082],[22.8975,0.6259],[22.8709,0.6601],[22.8589,0.6785],[22.8532,0.6969],[22.851,0.7085],[22.8538,0.7633],[22.8585,0.794],[22.854,0.8092],[22.8378,0.8429],[22.831,0.8638],[22.8187,0.8915],[22.8172,0.8967],[22.8177,0.9014],[22.8189,0.9069],[22.8195,0.9135],[22.8127,0.9395],[22.8125,0.9456],[22.8132,0.9515],[22.8177,0.9674],[22.8177,0.9753],[22.8163,0.9847],[22.8118,0.9998],[22.8082,1.0076],[22.7832,1.0411],[22.7781,1.0508],[22.7748,1.0607],[22.7733,1.0694],[22.7692,1.0819],[22.7646,1.0884],[22.7581,1.0938],[22.7545,1.0982],[22.752,1.1031],[22.7458,1.123],[22.7369,1.1427],[22.7295,1.1641],[22.7031,1.208],[22.6985,1.2141],[22.6876,1.2244],[22.679,1.2351],[22.6653,1.2703],[22.6563,1.2844],[22.6299,1.3472],[22.6217,1.3583],[22.6139,1.3644],[22.6065,1.3676],[22.5984,1.3735],[22.5868,1.3878],[22.5798,1.3946],[22.5737,1.3994],[22.5652,1.4045],[22.561,1.4085],[22.5428,1.4304],[22.5346,1.436],[22.507,1.4492],[22.5034,1.4517],[22.4926,1.4621],[22.4881,1.4645],[22.4826,1.4655],[22.4712,1.4658],[22.466,1.4671],[22.4612,1.4689],[22.4515,1.4741],[22.4463,1.4782],[22.4396,1.4847],[22.4341,1.4882],[22.4276,1.4897],[22.4159,1.4905],[22.4014,1.4957],[22.397,1.4968],[22.3939,1.497],[22.385,1.4963],[22.3818,1.4965],[22.3776,1.4974],[22.3656,1.504],[22.3632,1.5044],[22.3593,1.504],[22.3529,1.501],[22.3518,1.5004],[22.3495,1.4994],[22.3472,1.4988],[22.3451,1.4985],[22.3435,1.4987],[22.3301,1.5032],[22.3257,1.5043],[22.3228,1.5044],[22.2966,1.5003],[22.2947,1.5005],[22.2932,1.5018],[22.2899,1.5059],[22.2909,1.5134],[22.2937,1.5235],[22.2985,1.5344],[22.3048,1.5458],[22.3129,1.5576],[22.3349,1.5793],[22.408,1.6256],[22.4331,1.647],[22.4561,1.6704],[22.4651,1.682],[22.4721,1.6944],[22.4778,1.7072],[22.4867,1.7342],[22.511,1.8972],[22.5179,1.917],[22.5798,2.033],[22.5818,2.0445],[22.5824,2.0593],[22.5753,2.0856],[22.5742,2.0987],[22.5761,2.1101],[22.5849,2.1164],[22.5959,2.1172],[22.6091,2.1139],[22.6524,2.0955],[22.6584,2.0918],[22.6648,2.0867],[22.6715,2.0783],[22.6909,2.0466],[22.6983,2.0377],[22.7038,2.0333],[22.707,2.0316],[22.7097,2.0316],[22.7137,2.0322],[22.7191,2.0324],[22.7247,2.0318],[22.7298,2.0304],[22.7344,2.028],[22.7382,2.025],[22.7449,2.018],[22.7486,2.0149],[22.7523,2.0125],[22.7564,2.0112],[22.7588,2.0111],[22.7624,2.0118],[22.7723,2.0156],[22.7886,2.0191],[22.7994,2.0236],[22.808,2.0289],[22.8125,2.0308],[22.8184,2.0314],[22.836,2.0311],[22.8392,2.0324],[22.8415,2.0344],[22.8462,2.0418],[22.8493,2.0446],[22.8531,2.0457],[22.8596,2.0464],[22.8614,2.0477],[22.8634,2.0514],[22.8639,2.0564],[22.865,2.061],[22.8662,2.0633],[22.8698,2.0654],[22.8803,2.0668],[22.8822,2.0675],[22.8845,2.069],[22.8865,2.0724],[22.8872,2.076],[22.8867,2.0904],[22.8873,2.0957],[22.8886,2.0981],[22.892,2.1001],[22.8968,2.1009],[22.9019,2.1003],[22.9071,2.099],[22.9125,2.0983],[22.9178,2.0989],[22.9221,2.1012],[22.9257,2.1043],[22.9343,2.1152],[22.9362,2.12],[22.9367,2.1258],[22.9351,2.1388],[22.9357,2.1456],[22.9368,2.1493],[22.9452,2.1538],[22.9478,2.1558],[22.9498,2.1567],[22.9537,2.1576],[22.964,2.1569],[22.9688,2.1574],[22.9716,2.1605],[22.9725,2.1644],[22.9721,2.1734],[22.9724,2.1795],[22.9744,2.1827],[22.9775,2.1839],[22.9826,2.1835],[22.9877,2.181],[22.9927,2.1769],[23.0551,2.1103],[23.0668,2.1021],[23.0787,2.0973],[23.0914,2.0959],[23.1052,2.0977],[23.1299,2.1083],[23.2251,2.1649],[23.3305,2.2442],[23.3432,2.2492],[23.3547,2.2505],[23.51,2.2232],[23.5335,2.2166],[23.5938,2.1895],[23.6052,2.1862],[23.6165,2.1841],[23.6285,2.1835],[23.6387,2.1865],[23.6469,2.1949],[23.6478,2.2139],[23.6392,2.2859],[23.6331,2.3105],[23.6253,2.3296],[23.6149,2.34],[23.542,2.393],[23.447,2.4373],[23.4224,2.4539],[23.4094,2.4658],[23.3907,2.4887],[23.3826,2.5009],[23.3786,2.5057],[23.3702,2.5138],[23.36,2.522],[23.349,2.5285],[23.3413,2.5317],[23.3316,2.5341],[23.3103,2.5351],[23.2939,2.5334],[23.1511,2.5034],[23.1384,2.5029],[23.1271,2.5036],[23.1165,2.5055],[23.0998,2.5111],[23.0889,2.5162],[23.0771,2.5231],[23.0641,2.5326],[23.0389,2.5581],[22.9826,2.6294],[22.969,2.6531],[22.9643,2.6695],[22.9656,2.6838],[22.9716,2.696],[22.9935,2.7317],[22.9962,2.7491],[22.9852,2.8379],[22.986,2.8574],[22.9897,2.8685],[22.9958,2.879],[23.0144,2.9046],[23.02,2.9163],[23.0239,2.9278],[23.0275,2.9643],[23.0306,2.977],[23.0351,2.9887],[23.0636,3.0461],[23.0746,3.0773],[23.0782,3.0943],[23.0799,3.1127],[23.0782,3.1389],[23.0714,3.1549],[23.0614,3.1662],[23.0503,3.1707],[23.0385,3.172],[23.0261,3.1703],[23.0148,3.1671],[23.0043,3.1627],[22.9973,3.1586],[22.9764,3.1427],[22.9542,3.1223],[22.8743,3.0233],[22.8555,3.0051],[22.8503,3.0011],[22.8458,2.9986],[22.8377,2.9956],[22.8279,2.9949],[22.818,2.9964],[22.8116,2.9992],[22.8065,3.0041],[22.7997,3.0131],[22.7883,3.0328],[22.7832,3.0479],[22.7801,3.0634],[22.7795,3.089],[22.7977,3.2053],[22.7978,3.224],[22.7941,3.251],[22.7864,3.2677],[22.7761,3.2801],[22.7646,3.2873],[22.7533,3.2928],[22.73,3.3001],[22.6797,3.3095],[22.6679,3.3133],[22.6557,3.3198],[22.6434,3.3302],[22.6316,3.3478],[22.6276,3.365],[22.6274,3.386],[22.6339,3.4023],[22.6415,3.4165],[22.651,3.427],[22.6584,3.4374],[22.6682,3.4461],[22.6786,3.4528],[22.7762,3.4861],[22.8509,3.5045],[22.8633,3.5092],[22.8909,3.5241],[22.9044,3.5335],[22.9168,3.5406],[22.9291,3.5442],[22.9693,3.5364],[22.9869,3.5352],[22.9978,3.5358],[23.0065,3.5371],[23.0161,3.54],[23.0378,3.5496],[23.0496,3.5577],[23.1373,3.6519],[23.1598,3.6695],[23.1713,3.675],[23.1828,3.6755],[23.1943,3.6723],[23.2065,3.6645],[23.2178,3.6546],[23.2301,3.6457],[23.2425,3.6415],[23.2545,3.6402],[23.2774,3.6416],[23.289,3.6408],[23.3009,3.6387],[23.313,3.6332],[23.3337,3.6159],[23.3452,3.6114],[23.3569,3.6119],[23.3696,3.6172],[23.3814,3.6253],[23.3924,3.6368],[23.4314,3.6883],[23.4419,3.6997],[23.4754,3.7277],[23.4852,3.7384],[23.492,3.7486],[23.4973,3.7582],[23.5038,3.7746],[23.5106,3.8012],[23.5122,3.8169],[23.51,3.8214],[23.5027,3.823],[23.4927,3.8204],[23.482,3.8193],[23.4706,3.8197],[23.4311,3.8302],[23.4259,3.8306],[23.4084,3.8375],[23.3915,3.8306],[23.373,3.8194],[23.3509,3.8135],[23.3455,3.8157],[23.3404,3.8204],[23.3337,3.825],[23.3149,3.8283],[23.3002,3.8329],[23.289,3.834],[23.2726,3.8394],[23.242,3.8628],[23.2158,3.8713],[23.2042,3.8855],[23.1929,3.8887],[23.1801,3.8886],[23.1705,3.8896],[23.161,3.8936],[23.1491,3.9023],[23.1341,3.8946],[23.1185,3.8905],[23.0839,3.8887],[23.0724,3.8856],[23.0392,3.8607],[23.006,3.8826],[22.986,3.8893],[22.9772,3.8787],[22.9089,3.8545],[22.8867,3.8554],[22.8397,3.8659],[22.8356,3.8727],[22.8034,3.8845],[22.7911,3.8913],[22.7788,3.9018],[22.7675,3.9179],[22.755,3.9827],[22.7466,3.9881],[22.7363,3.9894],[22.7132,3.9899],[22.7014,3.9931],[22.6914,3.9968],[22.6858,3.9998],[22.5627,4.0998],[22.5467,4.1092],[22.5363,4.1132],[22.4943,4.1227],[22.4746,4.1317],[22.4538,4.1448],[22.4515,4.1467],[22.4574,4.1491],[22.4927,4.174],[22.5105,4.1913],[22.5182,4.2068],[22.5222,4.2113],[22.5405,4.2273],[22.5461,4.2372],[22.5457,4.2459],[22.5397,4.2669],[22.5393,4.2782],[22.5686,4.3315],[22.5765,4.3408],[22.588,4.3442],[22.5999,4.3526],[22.6093,4.3634],[22.6137,4.3744],[22.6113,4.3819],[22.594,4.4023],[22.589,4.422],[22.587,4.4494],[22.5924,4.4737],[22.6103,4.4842],[22.6544,4.4828],[22.6756,4.4847],[22.6895,4.4917],[22.6951,4.5015],[22.6971,4.512],[22.697,4.5357],[22.7001,4.5411],[22.7137,4.5512],[22.7168,4.5565],[22.719,4.5628],[22.7287,4.5803],[22.7311,4.5873],[22.7298,4.5967],[22.7238,4.617],[22.7236,4.6288],[22.7379,4.6378],[22.7487,4.6483],[22.7574,4.6608],[22.7652,4.676],[22.7764,4.7101],[22.786,4.7246],[22.8029,4.7306],[22.8181,4.7246],[22.8373,4.7142],[22.8538,4.7113],[22.8653,4.7387],[22.8873,4.7555],[22.8956,4.7654],[22.8868,4.7767],[22.8824,4.7885],[22.8829,4.8007],[22.8888,4.8132],[22.8984,4.8236],[22.9059,4.8242],[22.9152,4.8212],[22.9297,4.8206],[22.9415,4.8247],[22.953,4.8308],[22.965,4.8353],[22.9774,4.8343],[22.9857,4.8264],[22.9962,4.7995],[23.0072,4.7784],[23.0111,4.7636],[23.0173,4.7505],[23.0293,4.7449],[23.0428,4.743],[23.0552,4.7378],[23.0666,4.7302],[23.0774,4.7211],[23.0994,4.7117],[23.1239,4.7156],[23.1687,4.7381],[23.1837,4.7253],[23.2086,4.6905],[23.2208,4.6835],[23.2242,4.6801],[23.2518,4.663],[23.2649,4.6351],[23.2731,4.632],[23.2951,4.6276],[23.2996,4.6251],[23.302,4.6217],[23.313,4.6102],[23.3164,4.6077],[23.3359,4.6068],[23.354,4.6036],[23.3712,4.5973],[23.3884,4.5873],[23.396,4.5916],[23.4145,4.5908],[23.4226,4.5941],[23.4274,4.6013],[23.4284,4.6086],[23.4283,4.6173],[23.43,4.6288],[23.4372,4.6466],[23.4483,4.6594],[23.4651,4.6672],[23.4884,4.6698],[23.5061,4.6764],[23.5666,4.7244],[23.588,4.734],[23.634,4.7451],[23.6727,4.7672],[23.6928,4.7734],[23.7379,4.7791],[23.76,4.7874],[23.7985,4.8147],[23.8167,4.8206],[23.8282,4.8193],[23.8479,4.814],[23.8552,4.8132],[23.8644,4.8161],[23.8747,4.825],[23.8819,4.8269],[23.9244,4.8178],[23.9483,4.8177],[23.9474,4.8306],[23.9428,4.8405],[23.9432,4.8517],[23.9465,4.8616],[23.9508,4.8678],[23.9571,4.8708],[23.9631,4.8687],[23.978,4.8541],[23.9958,4.8651],[24.0469,4.8889],[24.0725,4.9103],[24.0896,4.9202],[24.1084,4.9231],[24.1199,4.9189],[24.1392,4.9054],[24.1528,4.9026],[24.1629,4.9078],[24.1909,4.9442],[24.2096,4.9562],[24.2298,4.9612],[24.2462,4.9541],[24.253,4.9299],[24.2592,4.9299],[24.2677,4.9357],[24.2696,4.9432],[24.2697,4.9525],[24.273,4.964],[24.2846,4.9924],[24.2865,4.9951],[24.2966,5.0033],[24.3685,5.0124],[24.3861,5.0224],[24.3986,5.036],[24.3969,5.0482],[24.372,5.0534],[24.3612,5.0629],[24.3678,5.0845],[24.3825,5.1079],[24.3964,5.1223],[24.4016,5.1115],[24.4115,5.0819],[24.4169,5.0733],[24.4307,5.0674],[24.4335,5.0755],[24.4331,5.0893],[24.4367,5.1006],[24.4596,5.1074],[24.4808,5.1023],[24.4872,5.1008],[24.5137,5.0872],[24.533,5.0733],[24.5387,5.0656],[24.5474,5.0465],[24.5535,5.0391],[24.5634,5.0349],[24.5886,5.0311],[24.6012,5.0261],[24.6101,5.0167],[24.61,4.9967],[24.6155,4.9851],[24.6275,4.9769],[24.6569,4.9673],[24.6708,4.9572],[24.6574,4.9398],[24.6542,4.9294],[24.6644,4.9244],[24.7306,4.9175],[24.7498,4.9187],[24.7664,4.9299],[24.7783,4.9185],[24.7894,4.9199],[24.8001,4.9289],[24.811,4.9404],[24.8195,4.9445],[24.8277,4.9419],[24.8369,4.9377],[24.8483,4.9367],[24.8682,4.9444],[24.9044,4.9668],[24.9271,4.9715],[24.9324,4.9744],[24.9509,4.9877],[24.9581,4.9913],[24.9694,4.9914],[25.0065,4.9809],[25.0406,4.9621],[25.0761,4.9518],[25.0848,4.9542],[25.0905,4.9745],[25.1009,4.9946],[25.1053,4.9988],[25.1143,5.0018],[25.1217,5.0086],[25.1295,5.0186],[25.1402,5.018],[25.1476,5.0141],[25.1546,5.0093],[25.1637,5.0056],[25.2275,5.0096],[25.2393,5.0155],[25.2485,5.0241],[25.2923,5.0283],[25.3076,5.0323],[25.3168,5.0423],[25.321,5.0523],[25.3219,5.077],[25.325,5.0881],[25.3392,5.1052],[25.3424,5.1115],[25.3438,5.1219],[25.3493,5.1417],[25.3486,5.149],[25.3412,5.1556],[25.3215,5.1592],[25.3145,5.1633],[25.3077,5.1853],[25.3162,5.2022],[25.3289,5.216],[25.3355,5.2284],[25.3372,5.2517],[25.3434,5.2719],[25.3559,5.2864],[25.3765,5.293],[25.3636,5.3106],[25.3707,5.3168],[25.3854,5.3215],[25.3957,5.334],[25.4134,5.3236],[25.4351,5.3287],[25.4799,5.3532],[25.482,5.3569],[25.4849,5.3553],[25.4956,5.3445],[25.5045,5.3423],[25.529,5.3519],[25.5408,5.3544],[25.5328,5.3722],[25.5437,5.3753],[25.5618,5.373],[25.5751,5.3749],[25.5813,5.3749],[25.589,5.3623],[25.5923,5.3492],[25.6005,5.3404],[25.6229,5.3408],[25.6198,5.3372],[25.6172,5.3336],[25.6142,5.3299],[25.6092,5.3265],[25.6092,5.3203],[25.6234,5.3099],[25.6311,5.3118],[25.6379,5.318],[25.6501,5.3203],[25.6558,5.3178],[25.6631,5.3092],[25.6676,5.3072],[25.6689,5.3061],[25.6911,5.2998],[25.7051,5.2896],[25.7328,5.2589],[25.7437,5.2506],[25.758,5.2444],[25.7717,5.2455],[25.7811,5.2589],[25.7693,5.2652],[25.7784,5.2691],[25.7923,5.2628],[25.7947,5.2384],[25.7994,5.2401],[25.8102,5.2427],[25.8146,5.2446],[25.8114,5.2309],[25.8142,5.2216],[25.819,5.2146],[25.8261,5.1947],[25.8362,5.2],[25.8461,5.2117],[25.8494,5.2179],[25.8724,5.2171],[25.8836,5.2035],[25.893,5.1852],[25.9109,5.1701],[25.9125,5.1904],[25.9256,5.2018],[25.9432,5.2041],[25.9586,5.1974],[25.9584,5.2148],[25.9628,5.2245],[25.9719,5.2277],[25.986,5.2253],[25.9966,5.2192],[26.0139,5.1992],[26.0269,5.19],[26.0374,5.198],[26.051,5.2002],[26.0627,5.2001],[26.0678,5.2008],[26.0705,5.2122],[26.0771,5.2163],[26.086,5.2152],[26.0952,5.2111],[26.0917,5.2191],[26.0884,5.2446],[26.0934,5.2414],[26.0984,5.2396],[26.1045,5.2386],[26.1125,5.2384],[26.1196,5.2415],[26.1251,5.2486],[26.13,5.2589],[26.1442,5.2518],[26.1508,5.24],[26.1573,5.2325],[26.1709,5.2384],[26.1753,5.2337],[26.1817,5.2296],[26.1845,5.2253],[26.1952,5.2348],[26.1983,5.2384],[26.2072,5.2077],[26.2136,5.1991],[26.2262,5.2043],[26.2257,5.199],[26.2262,5.1831],[26.2307,5.1852],[26.2421,5.1881],[26.2466,5.19],[26.254,5.1723],[26.2725,5.1591],[26.2918,5.151],[26.3173,5.1464],[26.3364,5.1486],[26.3533,5.1478],[26.3627,5.136],[26.3694,5.1406],[26.3906,5.149],[26.4001,5.1336],[26.4143,5.1227],[26.4294,5.1138],[26.4419,5.1043],[26.4607,5.066],[26.4627,5.0596],[26.4752,5.0573],[26.5025,5.0475],[26.5198,5.046],[26.5283,5.0481],[26.5415,5.0531],[26.5542,5.0598],[26.5614,5.0671],[26.5682,5.0596],[26.5799,5.0743],[26.5984,5.0806],[26.6155,5.0782],[26.6235,5.0671],[26.6297,5.0671],[26.6357,5.0776],[26.644,5.0783],[26.6576,5.0733],[26.6676,5.0783],[26.6812,5.0893],[26.6917,5.0944],[26.7394,5.0944],[26.7537,5.0923],[26.7606,5.0881],[26.8019,5.0445],[26.8084,5.0391],[26.8157,5.0402],[26.8261,5.0508],[26.8327,5.0534],[26.8395,5.0512],[26.845,5.0463],[26.8484,5.0414],[26.8493,5.0391],[26.8671,5.0375],[26.8727,5.0418],[26.8841,5.0534],[26.8896,5.0621],[26.8992,5.086],[26.904,5.0944],[26.9337,5.1266],[26.9616,5.1512],[26.9917,5.1713],[27.0275,5.19],[27.0737,5.2033],[27.1164,5.2003],[27.1575,5.1854],[27.2397,5.1449],[27.2628,5.1384],[27.2844,5.136],[27.3019,5.132],[27.3157,5.1224],[27.3286,5.1108],[27.3428,5.1006],[27.3514,5.0973],[27.3612,5.0955],[27.3803,5.0944],[27.3914,5.0922],[27.4053,5.0828],[27.4148,5.0807],[27.4413,5.0707]]]}},{"type":"Feature","properties":{"id":"COD-1894","name":"Sud-Kivu","nameBn":"দক্ষিণ কিভু","type":"Province","bounds":[26.8212,-5.0,29.4109,-1.6667],"center":[28.1159,-3.1047]},"geometry":{"type":"Polygon","coordinates":[[[29.4042,-4.4498],[29.4073,-4.4626],[29.4109,-4.5023],[29.4013,-4.5869],[29.3408,-4.7517],[29.321,-4.8363],[29.3238,-4.9202],[29.3428,-5.0],[29.3425,-5.0],[29.1138,-5.0],[28.8245,-5.0],[28.8056,-4.9844],[28.7746,-4.9526],[28.7558,-4.9293],[28.7425,-4.907],[28.6552,-4.686],[28.6104,-4.6156],[28.4911,-4.3823],[28.4756,-4.3609],[28.4673,-4.3522],[28.4557,-4.3425],[28.3534,-4.2766],[28.3374,-4.2605],[28.2948,-4.2065],[28.2377,-4.1717],[28.2166,-4.1548],[28.1958,-4.1415],[28.1773,-4.1355],[28.1584,-4.1367],[28.1396,-4.1452],[28.1244,-4.1571],[28.1124,-4.1713],[28.1051,-4.1837],[28.0983,-4.1995],[28.0958,-4.2008],[28.093,-4.1995],[28.0856,-4.1919],[28.0779,-4.1857],[28.0737,-4.1832],[28.0689,-4.181],[28.0638,-4.1794],[28.0586,-4.1788],[28.0507,-4.1795],[28.046,-4.1806],[28.0409,-4.1811],[28.0353,-4.1805],[28.0307,-4.1784],[28.0279,-4.1724],[28.0266,-4.1639],[28.029,-4.1473],[28.0339,-4.1327],[28.0338,-4.1293],[28.029,-4.1272],[28.0245,-4.128],[28.0096,-4.1335],[28.0044,-4.1344],[28.0001,-4.1348],[27.9903,-4.1342],[27.907,-4.1082],[27.871,-4.0922],[27.8322,-4.0684],[27.7712,-4.0131],[27.7475,-3.9971],[27.7352,-3.9909],[27.7019,-3.9801],[27.6626,-3.9731],[27.4989,-3.9756],[27.4916,-3.9745],[27.482,-3.9711],[27.4126,-3.9541],[27.3355,-3.9216],[27.2023,-3.8797],[27.1788,-3.8668],[27.1592,-3.8506],[27.1257,-3.808],[27.1021,-3.7712],[27.0936,-3.75],[27.0892,-3.7278],[27.0894,-3.7004],[27.1284,-3.4895],[27.1273,-3.4841],[27.1234,-3.4741],[27.122,-3.4686],[27.1232,-3.4403],[27.1198,-3.4353],[27.1128,-3.4287],[27.1122,-3.4239],[27.1127,-3.4179],[27.1156,-3.4066],[27.1153,-3.3993],[27.1133,-3.3938],[27.1096,-3.3907],[27.1052,-3.3888],[27.101,-3.3877],[27.0984,-3.3865],[27.0956,-3.3838],[27.0945,-3.379],[27.0947,-3.3732],[27.0954,-3.3659],[27.094,-3.3611],[27.0899,-3.3552],[27.0881,-3.3518],[27.0871,-3.3469],[27.088,-3.34],[27.0903,-3.3328],[27.1001,-3.3202],[27.1273,-3.2919],[27.1301,-3.2874],[27.1316,-3.2817],[27.131,-3.2733],[27.1285,-3.268],[27.1254,-3.2641],[27.1228,-3.2615],[27.1211,-3.2592],[27.1194,-3.2551],[27.118,-3.2502],[27.1173,-3.2439],[27.1192,-3.2122],[27.1189,-3.206],[27.1158,-3.1898],[27.1197,-3.166],[27.1173,-3.1612],[27.1132,-3.1593],[27.1052,-3.1586],[27.101,-3.1567],[27.0979,-3.1531],[27.0961,-3.1481],[27.0964,-3.1427],[27.0984,-3.1375],[27.1071,-3.1306],[27.1093,-3.1271],[27.1108,-3.1217],[27.1108,-3.1126],[27.1099,-3.1078],[27.1081,-3.1039],[27.0973,-3.0884],[27.095,-3.0839],[27.0891,-3.069],[27.0858,-3.0653],[27.0765,-3.061],[27.073,-3.0577],[27.0702,-3.0535],[27.0637,-3.0324],[27.0595,-3.023],[27.0585,-3.0164],[27.0593,-3.0079],[27.0629,-2.9938],[27.0635,-2.9852],[27.0632,-2.9784],[27.0618,-2.9731],[27.0455,-2.9391],[27.04,-2.9332],[26.998,-2.8992],[26.9867,-2.8866],[26.9488,-2.8357],[26.9416,-2.8285],[26.9299,-2.8219],[26.9263,-2.8181],[26.923,-2.8084],[26.9226,-2.776],[26.9196,-2.7575],[26.9131,-2.7393],[26.8975,-2.7115],[26.8916,-2.6977],[26.8335,-2.5172],[26.8228,-2.4649],[26.8212,-2.4421],[26.8307,-2.2958],[26.8509,-2.1738],[26.8607,-2.1383],[26.8636,-2.1327],[26.8698,-2.1279],[26.8769,-2.1267],[26.8869,-2.1286],[26.893,-2.1313],[26.9102,-2.1421],[26.9196,-2.1465],[26.9539,-2.1542],[26.9828,-2.1535],[26.9901,-2.155],[26.9958,-2.1568],[26.9992,-2.1589],[27.0025,-2.16],[27.0078,-2.1611],[27.0155,-2.1611],[27.0219,-2.1617],[27.0276,-2.1635],[27.0318,-2.1659],[27.0358,-2.1691],[27.0391,-2.1725],[27.0604,-2.199],[27.0638,-2.2023],[27.0678,-2.2054],[27.0722,-2.2078],[27.0779,-2.2092],[27.1047,-2.21],[27.1099,-2.2135],[27.1132,-2.2181],[27.115,-2.2233],[27.117,-2.2276],[27.1201,-2.2314],[27.1243,-2.234],[27.1297,-2.2351],[27.1355,-2.234],[27.1451,-2.2255],[27.149,-2.2231],[27.1544,-2.225],[27.157,-2.2291],[27.159,-2.2341],[27.1614,-2.238],[27.1647,-2.2411],[27.1699,-2.2434],[27.176,-2.2431],[27.1824,-2.2409],[27.1892,-2.2347],[27.1965,-2.2299],[27.2065,-2.226],[27.2263,-2.2219],[27.2495,-2.2145],[27.2776,-2.2023],[27.3217,-2.1759],[27.347,-2.1568],[27.3668,-2.1376],[27.3786,-2.1214],[27.3876,-2.1021],[27.3929,-2.0846],[27.3991,-2.0467],[27.4129,-2.0275],[27.4343,-2.0183],[27.76,-2.0009],[27.8131,-1.9716],[27.8336,-1.9664],[27.8572,-1.9633],[27.8747,-1.9693],[27.8897,-1.9801],[27.9214,-2.0184],[27.9365,-2.0323],[27.9604,-2.0474],[27.981,-2.0546],[27.9976,-2.0583],[28.0635,-2.0619],[28.0856,-2.0572],[28.1315,-2.0347],[28.1684,-2.0213],[28.2806,-2.0012],[28.3032,-1.9945],[28.3199,-1.9811],[28.3281,-1.9656],[28.3334,-1.9438],[28.3368,-1.8698],[28.3414,-1.8505],[28.3485,-1.8343],[28.3579,-1.8229],[28.3716,-1.8138],[28.3843,-1.811],[28.3959,-1.8117],[28.4068,-1.8158],[28.4163,-1.8225],[28.4245,-1.8315],[28.4305,-1.842],[28.4468,-1.9],[28.4505,-1.9071],[28.4565,-1.9105],[28.4777,-1.917],[28.4937,-1.9245],[28.5094,-1.9286],[28.5354,-1.9313],[28.5592,-1.9264],[28.5786,-1.9193],[28.5952,-1.9071],[28.6087,-1.8898],[28.6203,-1.8669],[28.643,-1.8042],[28.652,-1.7928],[28.6678,-1.7836],[28.6875,-1.7826],[28.7123,-1.7854],[28.7471,-1.786],[28.7693,-1.7779],[28.7865,-1.7634],[28.8349,-1.6959],[28.8465,-1.6836],[28.8658,-1.669],[28.8784,-1.6667],[28.8884,-1.6702],[28.8934,-1.6773],[28.9074,-1.7121],[28.9127,-1.7216],[28.9243,-1.7294],[28.9421,-1.7342],[29.0204,-1.7269],[29.0526,-1.7273],[29.1863,-1.7396],[29.1866,-1.7396],[29.1493,-1.7993],[29.1305,-1.8433],[29.1255,-1.8791],[29.1277,-1.9157],[29.1543,-2.0727],[29.1563,-2.1087],[29.1506,-2.1504],[29.1348,-2.1977],[29.1098,-2.2367],[29.0754,-2.2639],[29.0309,-2.2757],[29.0021,-2.2747],[28.9937,-2.2777],[28.9834,-2.2874],[28.9822,-2.296],[28.9788,-2.3068],[28.9712,-2.3217],[28.9597,-2.3398],[28.9454,-2.3542],[28.9281,-2.3645],[28.9073,-2.3706],[28.8804,-2.3799],[28.8663,-2.3919],[28.8588,-2.4182],[28.8609,-2.4396],[28.8646,-2.4594],[28.8747,-2.4775],[28.8782,-2.4897],[28.8609,-2.5052],[28.8572,-2.5183],[28.861,-2.5312],[28.8698,-2.5373],[28.8811,-2.5426],[28.8913,-2.5531],[28.8981,-2.5763],[28.8913,-2.6527],[28.8991,-2.6607],[28.9364,-2.6851],[28.9497,-2.6903],[28.9796,-2.6935],[29.0001,-2.7037],[29.0154,-2.7207],[29.0286,-2.7449],[29.0082,-2.7475],[28.9955,-2.7584],[28.9888,-2.7755],[28.9869,-2.7968],[28.9949,-2.8136],[29.0131,-2.8189],[29.0341,-2.8209],[29.0491,-2.8275],[29.0535,-2.8354],[29.0627,-2.8622],[29.0776,-2.884],[29.0817,-2.8939],[29.0833,-2.9101],[29.0898,-2.9261],[29.1051,-2.9341],[29.1234,-2.9402],[29.1384,-2.9504],[29.1442,-2.9663],[29.1482,-2.9869],[29.1568,-3.0048],[29.176,-3.0125],[29.1945,-3.0146],[29.2115,-3.0212],[29.2254,-3.0318],[29.2346,-3.0466],[29.2415,-3.1042],[29.2423,-3.1108],[29.2378,-3.1222],[29.225,-3.1294],[29.2175,-3.1462],[29.2141,-3.1665],[29.2169,-3.2331],[29.2238,-3.2527],[29.2409,-3.2663],[29.2361,-3.2707],[29.2131,-3.2919],[29.2087,-3.3053],[29.2067,-3.3345],[29.2119,-3.4068],[29.2239,-3.5711],[29.2252,-3.5886],[29.2233,-3.667],[29.2171,-3.7093],[29.2066,-3.7819],[29.215,-3.8999],[29.2246,-3.9265],[29.2398,-3.948],[29.2777,-3.989],[29.3395,-4.0932],[29.3672,-4.189],[29.3728,-4.2082],[29.4042,-4.4498]]]}},{"type":"Feature","properties":{"id":"COD-1461","name":"Équateur","nameBn":"ইকুয়েটর","type":"Province","bounds":[16.525,-2.5229,24.4215,5.1552],"center":[20.4731,1.2184]},"geometry":{"type":"Polygon","coordinates":[[[17.5459,-0.7565],[17.6022,-0.6887],[17.623,-0.6733],[17.6359,-0.6585],[17.6476,-0.6499],[17.6509,-0.6463],[17.6525,-0.6422],[17.6545,-0.6275],[17.6587,-0.6198],[17.6642,-0.6127],[17.728,-0.5531],[17.742,-0.5334],[17.7495,-0.5234],[17.7408,-0.3462],[17.7163,-0.2462],[17.7137,-0.2209],[17.7164,-0.1958],[17.7571,-0.0095],[17.7754,0.0264],[17.854,0.2411],[17.9399,0.3613],[17.9455,0.3773],[17.952,0.4743],[17.9499,0.4915],[17.9436,0.5108],[17.9331,0.527],[17.9184,0.5352],[17.8993,0.5833],[17.8932,0.6077],[17.8926,0.6359],[17.9076,0.7131],[17.9077,0.7405],[17.8779,0.8679],[17.8782,0.9472],[17.8666,1.0166],[17.8733,1.0396],[17.8925,1.0774],[17.9148,1.102],[17.9562,1.1717],[17.9634,1.1915],[17.967,1.2537],[18.002,1.3658],[18.0067,1.4024],[18.0123,1.422],[18.0714,1.5515],[18.0737,1.5723],[18.0661,1.859],[18.0682,1.8762],[18.0783,1.9093],[18.0815,1.9265],[18.0817,1.9424],[18.076,1.9885],[18.0808,2.0842],[18.0783,2.1148],[18.0724,2.1452],[18.0724,2.16],[18.1112,2.2653],[18.1186,2.277],[18.1427,2.3057],[18.1467,2.3159],[18.1638,2.321],[18.174,2.3361],[18.188,2.3709],[18.1991,2.3891],[18.2078,2.408],[18.2141,2.4277],[18.2252,2.4865],[18.233,2.5026],[18.2462,2.5189],[18.3035,2.5726],[18.3137,2.576],[18.3167,2.5843],[18.3932,2.7137],[18.4183,2.7817],[18.4219,2.8088],[18.4252,2.8222],[18.4492,2.873],[18.4673,2.8989],[18.4718,2.9092],[18.4758,2.9312],[18.4796,2.9414],[18.4953,2.9661],[18.5284,3.0648],[18.5414,3.0828],[18.5621,3.0968],[18.5973,3.1146],[18.6131,3.1282],[18.6197,3.1448],[18.6218,3.1567],[18.6311,3.179],[18.6424,3.3238],[18.6346,3.4492],[18.6264,3.4769],[18.593,3.7098],[18.6128,3.8337],[18.612,3.8666],[18.6117,3.8791],[18.6137,3.9015],[18.6346,3.9357],[18.6416,3.9583],[18.6453,3.9824],[18.6465,4.046],[18.6327,4.1304],[18.6197,4.1696],[18.5839,4.2358],[18.5786,4.2549],[18.5725,4.2657],[18.545,4.289],[18.5371,4.3061],[18.5419,4.3279],[18.5568,4.3542],[18.5765,4.3728],[18.5958,4.3713],[18.6143,4.3598],[18.6339,4.356],[18.6541,4.3572],[18.6743,4.3613],[18.7211,4.3774],[18.7533,4.4006],[18.777,4.4335],[18.8282,4.56],[18.8524,4.5941],[18.8865,4.6214],[18.8979,4.6506],[18.9002,4.6521],[18.9045,4.6559],[18.9238,4.6629],[18.9282,4.6664],[18.9623,4.7244],[18.9805,4.7394],[18.998,4.7506],[19.0116,4.765],[19.0197,4.8033],[19.0269,4.8115],[19.0358,4.818],[19.0441,4.8269],[19.049,4.8365],[19.0578,4.8678],[19.069,4.8913],[19.0833,4.9093],[19.1067,4.9315],[19.1162,4.9404],[19.133,4.9469],[19.179,4.9464],[19.1957,4.9503],[19.2147,4.9761],[19.2298,5.0022],[19.237,5.0108],[19.2838,5.0323],[19.3731,5.0875],[19.3942,5.117],[19.409,5.1304],[19.4315,5.136],[19.4965,5.1338],[19.5171,5.136],[19.5486,5.1514],[19.5688,5.1552],[19.6056,5.1383],[19.7196,5.136],[19.7287,5.1338],[19.7488,5.1244],[19.7792,5.1182],[19.8247,5.097],[19.8386,5.0875],[19.8502,5.0737],[19.8582,5.0603],[19.8755,5.0311],[19.8804,5.0155],[19.8909,5.0021],[19.9154,4.9931],[20.004,4.9745],[20.0311,4.958],[20.0546,4.9378],[20.0863,4.9163],[20.1526,4.8907],[20.1717,4.8784],[20.2172,4.8224],[20.2366,4.8063],[20.2548,4.7971],[20.3017,4.7816],[20.3225,4.7791],[20.3389,4.7719],[20.354,4.7554],[20.3737,4.7244],[20.3955,4.6771],[20.4037,4.6698],[20.4206,4.6624],[20.4402,4.6441],[20.4565,4.6215],[20.4631,4.6009],[20.4572,4.5864],[20.4471,4.5697],[20.4421,4.5505],[20.4523,4.5289],[20.4567,4.5248],[20.5598,4.4284],[20.5803,4.415],[20.6031,4.4097],[20.6884,4.4228],[20.7679,4.4228],[20.7918,4.4262],[20.807,4.4343],[20.8187,4.4435],[20.8324,4.4507],[20.8715,4.4534],[20.9635,4.4337],[21.0596,4.3986],[21.0761,4.3955],[21.0842,4.3882],[21.1034,4.3533],[21.1136,4.3408],[21.138,4.3327],[21.1501,4.3267],[21.1581,4.3102],[21.1656,4.3072],[21.1856,4.3061],[21.1957,4.3029],[21.203,4.2966],[21.2109,4.2916],[21.2234,4.2925],[21.2324,4.2978],[21.2391,4.3056],[21.2446,4.3138],[21.2507,4.3204],[21.2584,4.326],[21.2659,4.3301],[21.2753,4.3325],[21.2883,4.3334],[21.2989,4.3302],[21.3055,4.3231],[21.3104,4.3161],[21.3583,4.2856],[21.3748,4.2782],[21.3977,4.2716],[21.4169,4.2701],[21.4602,4.2719],[21.4731,4.2693],[21.4824,4.2631],[21.4899,4.2563],[21.4972,4.2515],[21.5081,4.2494],[21.5278,4.2493],[21.5381,4.2447],[21.6342,4.2942],[21.6511,4.2957],[21.6889,4.2925],[21.7229,4.2951],[21.7373,4.2934],[21.7585,4.2856],[21.7632,4.2817],[21.766,4.2772],[21.771,4.2735],[21.7821,4.2719],[21.811,4.2732],[21.8199,4.2719],[21.8381,4.2633],[21.8519,4.2517],[21.8677,4.2416],[21.8916,4.2372],[21.9499,4.2335],[21.9708,4.2372],[21.9803,4.2406],[21.9845,4.2429],[21.9896,4.2442],[22.0015,4.2447],[22.0089,4.2424],[22.0366,4.2294],[22.0578,4.2195],[22.1084,4.2098],[22.1279,4.2031],[22.133,4.1987],[22.1517,4.1795],[22.1619,4.1732],[22.1847,4.1646],[22.2073,4.1503],[22.3033,4.1287],[22.4226,4.1348],[22.4318,4.1386],[22.4515,4.1467],[22.4538,4.1448],[22.4746,4.1317],[22.4943,4.1227],[22.5363,4.1132],[22.5467,4.1092],[22.5627,4.0998],[22.6858,3.9998],[22.6914,3.9968],[22.7014,3.9931],[22.7132,3.9899],[22.7363,3.9894],[22.7466,3.9881],[22.755,3.9827],[22.7675,3.9179],[22.7788,3.9018],[22.7911,3.8913],[22.8034,3.8845],[22.8356,3.8727],[22.8397,3.8659],[22.8867,3.8554],[22.9089,3.8545],[22.9772,3.8787],[22.986,3.8893],[23.006,3.8826],[23.0392,3.8607],[23.0724,3.8856],[23.0839,3.8887],[23.1185,3.8905],[23.1341,3.8946],[23.1491,3.9023],[23.161,3.8936],[23.1705,3.8896],[23.1801,3.8886],[23.1929,3.8887],[23.2042,3.8855],[23.2158,3.8713],[23.242,3.8628],[23.2726,3.8394],[23.289,3.834],[23.3002,3.8329],[23.3149,3.8283],[23.3337,3.825],[23.3404,3.8204],[23.3455,3.8157],[23.3509,3.8135],[23.373,3.8194],[23.3915,3.8306],[23.4084,3.8375],[23.4259,3.8306],[23.4311,3.8302],[23.4706,3.8197],[23.482,3.8193],[23.4927,3.8204],[23.5027,3.823],[23.51,3.8214],[23.5122,3.8169],[23.5106,3.8012],[23.5038,3.7746],[23.4973,3.7582],[23.492,3.7486],[23.4852,3.7384],[23.4754,3.7277],[23.4419,3.6997],[23.4314,3.6883],[23.3924,3.6368],[23.3814,3.6253],[23.3696,3.6172],[23.3569,3.6119],[23.3452,3.6114],[23.3337,3.6159],[23.313,3.6332],[23.3009,3.6387],[23.289,3.6408],[23.2774,3.6416],[23.2545,3.6402],[23.2425,3.6415],[23.2301,3.6457],[23.2178,3.6546],[23.2065,3.6645],[23.1943,3.6723],[23.1828,3.6755],[23.1713,3.675],[23.1598,3.6695],[23.1373,3.6519],[23.0496,3.5577],[23.0378,3.5496],[23.0161,3.54],[23.0065,3.5371],[22.9978,3.5358],[22.9869,3.5352],[22.9693,3.5364],[22.9291,3.5442],[22.9168,3.5406],[22.9044,3.5335],[22.8909,3.5241],[22.8633,3.5092],[22.8509,3.5045],[22.7762,3.4861],[22.6786,3.4528],[22.6682,3.4461],[22.6584,3.4374],[22.651,3.427],[22.6415,3.4165],[22.6339,3.4023],[22.6274,3.386],[22.6276,3.365],[22.6316,3.3478],[22.6434,3.3302],[22.6557,3.3198],[22.6679,3.3133],[22.6797,3.3095],[22.73,3.3001],[22.7533,3.2928],[22.7646,3.2873],[22.7761,3.2801],[22.7864,3.2677],[22.7941,3.251],[22.7978,3.224],[22.7977,3.2053],[22.7795,3.089],[22.7801,3.0634],[22.7832,3.0479],[22.7883,3.0328],[22.7997,3.0131],[22.8065,3.0041],[22.8116,2.9992],[22.818,2.9964],[22.8279,2.9949],[22.8377,2.9956],[22.8458,2.9986],[22.8503,3.0011],[22.8555,3.0051],[22.8743,3.0233],[22.9542,3.1223],[22.9764,3.1427],[22.9973,3.1586],[23.0043,3.1627],[23.0148,3.1671],[23.0261,3.1703],[23.0385,3.172],[23.0503,3.1707],[23.0614,3.1662],[23.0714,3.1549],[23.0782,3.1389],[23.0799,3.1127],[23.0782,3.0943],[23.0746,3.0773],[23.0636,3.0461],[23.0351,2.9887],[23.0306,2.977],[23.0275,2.9643],[23.0239,2.9278],[23.02,2.9163],[23.0144,2.9046],[22.9958,2.879],[22.9897,2.8685],[22.986,2.8574],[22.9852,2.8379],[22.9962,2.7491],[22.9935,2.7317],[22.9716,2.696],[22.9656,2.6838],[22.9643,2.6695],[22.969,2.6531],[22.9826,2.6294],[23.0389,2.5581],[23.0641,2.5326],[23.0771,2.5231],[23.0889,2.5162],[23.0998,2.5111],[23.1165,2.5055],[23.1271,2.5036],[23.1384,2.5029],[23.1511,2.5034],[23.2939,2.5334],[23.3103,2.5351],[23.3316,2.5341],[23.3413,2.5317],[23.349,2.5285],[23.36,2.522],[23.3702,2.5138],[23.3786,2.5057],[23.3826,2.5009],[23.3907,2.4887],[23.4094,2.4658],[23.4224,2.4539],[23.447,2.4373],[23.542,2.393],[23.6149,2.34],[23.6253,2.3296],[23.6331,2.3105],[23.6392,2.2859],[23.6478,2.2139],[23.6469,2.1949],[23.6387,2.1865],[23.6285,2.1835],[23.6165,2.1841],[23.6052,2.1862],[23.5938,2.1895],[23.5335,2.2166],[23.51,2.2232],[23.3547,2.2505],[23.3432,2.2492],[23.3305,2.2442],[23.2251,2.1649],[23.1299,2.1083],[23.1052,2.0977],[23.0914,2.0959],[23.0787,2.0973],[23.0668,2.1021],[23.0551,2.1103],[22.9927,2.1769],[22.9877,2.181],[22.9826,2.1835],[22.9775,2.1839],[22.9744,2.1827],[22.9724,2.1795],[22.9721,2.1734],[22.9725,2.1644],[22.9716,2.1605],[22.9688,2.1574],[22.964,2.1569],[22.9537,2.1576],[22.9498,2.1567],[22.9478,2.1558],[22.9452,2.1538],[22.9368,2.1493],[22.9357,2.1456],[22.9351,2.1388],[22.9367,2.1258],[22.9362,2.12],[22.9343,2.1152],[22.9257,2.1043],[22.9221,2.1012],[22.9178,2.0989],[22.9125,2.0983],[22.9071,2.099],[22.9019,2.1003],[22.8968,2.1009],[22.892,2.1001],[22.8886,2.0981],[22.8873,2.0957],[22.8867,2.0904],[22.8872,2.076],[22.8865,2.0724],[22.8845,2.069],[22.8822,2.0675],[22.8803,2.0668],[22.8698,2.0654],[22.8662,2.0633],[22.865,2.061],[22.8639,2.0564],[22.8634,2.0514],[22.8614,2.0477],[22.8596,2.0464],[22.8531,2.0457],[22.8493,2.0446],[22.8462,2.0418],[22.8415,2.0344],[22.8392,2.0324],[22.836,2.0311],[22.8184,2.0314],[22.8125,2.0308],[22.808,2.0289],[22.7994,2.0236],[22.7886,2.0191],[22.7723,2.0156],[22.7624,2.0118],[22.7588,2.0111],[22.7564,2.0112],[22.7523,2.0125],[22.7486,2.0149],[22.7449,2.018],[22.7382,2.025],[22.7344,2.028],[22.7298,2.0304],[22.7247,2.0318],[22.7191,2.0324],[22.7137,2.0322],[22.7097,2.0316],[22.707,2.0316],[22.7038,2.0333],[22.6983,2.0377],[22.6909,2.0466],[22.6715,2.0783],[22.6648,2.0867],[22.6584,2.0918],[22.6524,2.0955],[22.6091,2.1139],[22.5959,2.1172],[22.5849,2.1164],[22.5761,2.1101],[22.5742,2.0987],[22.5753,2.0856],[22.5824,2.0593],[22.5818,2.0445],[22.5798,2.033],[22.5179,1.917],[22.511,1.8972],[22.4867,1.7342],[22.4778,1.7072],[22.4721,1.6944],[22.4651,1.682],[22.4561,1.6704],[22.4331,1.647],[22.408,1.6256],[22.3349,1.5793],[22.3129,1.5576],[22.3048,1.5458],[22.2985,1.5344],[22.2937,1.5235],[22.2909,1.5134],[22.2899,1.5059],[22.2932,1.5018],[22.2947,1.5005],[22.2966,1.5003],[22.3228,1.5044],[22.3257,1.5043],[22.3301,1.5032],[22.3435,1.4987],[22.3451,1.4985],[22.3472,1.4988],[22.3495,1.4994],[22.3518,1.5004],[22.3529,1.501],[22.3593,1.504],[22.3632,1.5044],[22.3656,1.504],[22.3776,1.4974],[22.3818,1.4965],[22.385,1.4963],[22.3939,1.497],[22.397,1.4968],[22.4014,1.4957],[22.4159,1.4905],[22.4276,1.4897],[22.4341,1.4882],[22.4396,1.4847],[22.4463,1.4782],[22.4515,1.4741],[22.4612,1.4689],[22.466,1.4671],[22.4712,1.4658],[22.4826,1.4655],[22.4881,1.4645],[22.4926,1.4621],[22.5034,1.4517],[22.507,1.4492],[22.5346,1.436],[22.5428,1.4304],[22.561,1.4085],[22.5652,1.4045],[22.5737,1.3994],[22.5798,1.3946],[22.5868,1.3878],[22.5984,1.3735],[22.6065,1.3676],[22.6139,1.3644],[22.6217,1.3583],[22.6299,1.3472],[22.6563,1.2844],[22.6653,1.2703],[22.679,1.2351],[22.6876,1.2244],[22.6985,1.2141],[22.7031,1.208],[22.7295,1.1641],[22.7369,1.1427],[22.7458,1.123],[22.752,1.1031],[22.7545,1.0982],[22.7581,1.0938],[22.7646,1.0884],[22.7692,1.0819],[22.7733,1.0694],[22.7748,1.0607],[22.7781,1.0508],[22.7832,1.0411],[22.8082,1.0076],[22.8118,0.9998],[22.8163,0.9847],[22.8177,0.9753],[22.8177,0.9674],[22.8132,0.9515],[22.8125,0.9456],[22.8127,0.9395],[22.8195,0.9135],[22.8189,0.9069],[22.8177,0.9014],[22.8172,0.8967],[22.8187,0.8915],[22.831,0.8638],[22.8378,0.8429],[22.854,0.8092],[22.8585,0.794],[22.8538,0.7633],[22.851,0.7085],[22.8532,0.6969],[22.8589,0.6785],[22.8709,0.6601],[22.8975,0.6259],[22.914,0.6082],[22.9184,0.6007],[22.9306,0.5661],[22.9388,0.5101],[22.9464,0.4789],[22.9732,0.4137],[22.9972,0.3759],[23.0717,0.2889],[23.0836,0.2718],[23.123,0.184],[23.1423,0.1538],[23.2473,0.0323],[23.3969,-0.1898],[23.4067,-0.2148],[23.4091,-0.2323],[23.4056,-0.2482],[23.3949,-0.2595],[23.3834,-0.2652],[23.3715,-0.2686],[23.3469,-0.2731],[23.3348,-0.2778],[23.3238,-0.2868],[23.3148,-0.2975],[23.3048,-0.3075],[23.2931,-0.3137],[23.2799,-0.3151],[23.2663,-0.3136],[23.2532,-0.3102],[23.1904,-0.2857],[23.1669,-0.279],[23.1552,-0.2777],[23.142,-0.2784],[23.13,-0.2822],[23.1174,-0.2885],[23.0922,-0.3059],[22.9842,-0.3969],[22.9794,-0.4035],[22.9846,-0.407],[22.9936,-0.4092],[23.1927,-0.4226],[23.2056,-0.4265],[23.218,-0.4344],[23.2394,-0.4694],[23.2497,-0.483],[23.2666,-0.4905],[23.2811,-0.4917],[23.2952,-0.4899],[23.4334,-0.44],[23.4452,-0.438],[23.4611,-0.4459],[23.4799,-0.4635],[23.5746,-0.5863],[23.6177,-0.6254],[23.6236,-0.6359],[23.6211,-0.6467],[23.6129,-0.6559],[23.6016,-0.6628],[23.589,-0.6671],[23.5609,-0.6724],[23.5114,-0.6863],[23.4945,-0.6939],[23.3724,-0.7866],[23.3659,-0.799],[23.3673,-0.814],[23.3826,-0.837],[23.4069,-0.8649],[23.5687,-0.9994],[23.6537,-1.0372],[23.7057,-1.0688],[23.7192,-1.0795],[23.7318,-1.092],[23.7459,-1.1144],[23.7613,-1.1563],[23.7679,-1.1673],[23.778,-1.1774],[23.8235,-1.1965],[23.8359,-1.2036],[23.9843,-1.3254],[24.07,-1.3723],[24.0932,-1.3808],[24.1171,-1.3864],[24.141,-1.3891],[24.2676,-1.3816],[24.2802,-1.383],[24.293,-1.3895],[24.3051,-1.4016],[24.3396,-1.4746],[24.3642,-1.5138],[24.3713,-1.5302],[24.39,-1.593],[24.4215,-1.7868],[24.0828,-1.7462],[24.04,-1.7488],[24.012,-1.7537],[23.9987,-1.7612],[23.986,-1.765],[23.9289,-1.7672],[23.8842,-1.7648],[23.8503,-1.7662],[23.8277,-1.7693],[23.8126,-1.7754],[23.8015,-1.7836],[23.7917,-1.7943],[23.7858,-1.8066],[23.7833,-1.8192],[23.7824,-1.8836],[23.7738,-1.8963],[23.7583,-1.9109],[23.7183,-1.9308],[23.7011,-1.9507],[23.6932,-1.9665],[23.6939,-2.0023],[23.6925,-2.0079],[23.6888,-2.0152],[23.6782,-2.0184],[23.6661,-2.0184],[23.5928,-2.0068],[23.5682,-2.0054],[23.5426,-2.0061],[23.2633,-2.0609],[23.2531,-2.0672],[23.2407,-2.0733],[23.2242,-2.0783],[23.2113,-2.0736],[23.2008,-2.0639],[23.1632,-2.0004],[23.1536,-1.9871],[23.1344,-1.965],[23.1219,-1.9548],[23.1095,-1.9467],[23.0971,-1.9403],[23.0816,-1.9359],[23.0625,-1.9327],[23.0313,-1.9311],[23.0129,-1.9321],[23.0006,-1.9338],[22.9441,-1.9579],[22.9382,-1.9593],[22.934,-1.9572],[22.9091,-1.9142],[22.9059,-1.9105],[22.9024,-1.907],[22.8706,-1.884],[22.8476,-1.8725],[22.837,-1.8692],[22.8329,-1.8668],[22.8251,-1.861],[22.8203,-1.8586],[22.8152,-1.8569],[22.8096,-1.8559],[22.7702,-1.854],[22.7643,-1.8529],[22.7595,-1.8508],[22.7553,-1.8477],[22.7517,-1.8444],[22.7435,-1.8388],[22.7103,-1.8239],[22.6917,-1.8117],[22.6827,-1.8083],[22.6768,-1.8075],[22.6732,-1.8075],[22.6691,-1.8085],[22.6589,-1.8101],[22.6456,-1.814],[22.6408,-1.8134],[22.6363,-1.8106],[22.6318,-1.8084],[22.6243,-1.8087],[22.6066,-1.8277],[22.5476,-1.9247],[22.5366,-1.9382],[22.5259,-1.9474],[22.5095,-1.9561],[22.4971,-1.9588],[22.4795,-1.9598],[22.3278,-1.9499],[22.2817,-1.9419],[22.1835,-1.9123],[22.1761,-1.9139],[22.1721,-1.9167],[22.1693,-1.9215],[22.1689,-1.9245],[22.1687,-1.9308],[22.1699,-1.9417],[22.1739,-1.9553],[22.2074,-2.0362],[22.2165,-2.0762],[22.229,-2.1801],[22.2916,-2.4031],[22.2926,-2.4185],[22.2885,-2.4356],[22.2783,-2.451],[22.2541,-2.4672],[22.2356,-2.4709],[22.2193,-2.468],[22.2089,-2.4608],[22.199,-2.4512],[22.192,-2.4403],[22.1874,-2.4269],[22.1855,-2.4116],[22.1905,-2.3393],[22.1881,-2.3231],[22.183,-2.3073],[22.1767,-2.2966],[22.1676,-2.2877],[22.1574,-2.2835],[22.1383,-2.2824],[22.1239,-2.2881],[22.1101,-2.2992],[22.082,-2.3388],[22.0732,-2.3486],[22.046,-2.3719],[22.0233,-2.3857],[21.9698,-2.4117],[21.9586,-2.4221],[21.9194,-2.4745],[21.9149,-2.4793],[21.8991,-2.4904],[21.8883,-2.4966],[21.8303,-2.5229],[21.8217,-2.5219],[21.8157,-2.5202],[21.8111,-2.5173],[21.7781,-2.5028],[21.7727,-2.499],[21.7589,-2.4869],[21.7507,-2.4815],[21.7409,-2.4774],[21.7254,-2.4733],[21.6866,-2.4574],[21.6823,-2.4549],[21.6658,-2.4439],[21.6585,-2.4374],[21.6497,-2.4256],[21.6463,-2.4222],[21.6416,-2.42],[21.6068,-2.4128],[21.602,-2.4107],[21.5933,-2.4052],[21.5709,-2.3854],[21.5617,-2.374],[21.5549,-2.3671],[21.5503,-2.3647],[21.5452,-2.3631],[21.5217,-2.3588],[21.5117,-2.355],[21.4799,-2.339],[21.4748,-2.339],[21.4703,-2.3421],[21.4655,-2.3548],[21.454,-2.4566],[21.4414,-2.4693],[21.4168,-2.48],[21.3226,-2.4987],[21.3115,-2.5027],[21.288,-2.5089],[21.2574,-2.5118],[21.1821,-2.5106],[21.0071,-2.4888],[21.0017,-2.4133],[20.9953,-2.3923],[20.9869,-2.3714],[20.6912,-2.023],[20.6735,-2.0156],[20.6603,-2.0183],[20.6522,-2.0288],[20.6435,-2.0383],[20.6322,-2.0428],[20.6197,-2.0425],[20.5703,-2.0336],[20.5584,-2.033],[20.5467,-2.0341],[20.5344,-2.0372],[20.5228,-2.0422],[20.4826,-2.0679],[20.4576,-2.0804],[20.4446,-2.0848],[20.4255,-2.0837],[20.4021,-2.077],[20.3383,-2.0464],[20.3201,-2.0404],[20.2939,-2.0385],[20.282,-2.0346],[20.2704,-2.0247],[20.2629,-2.0138],[20.2578,-2.0045],[20.2522,-1.9972],[20.2199,-1.9677],[20.2025,-1.9565],[20.1861,-1.9485],[20.1729,-1.9457],[20.0979,-1.9407],[20.0183,-1.9489],[19.9987,-1.9485],[19.9372,-1.9393],[19.92,-1.9339],[19.9074,-1.9258],[19.897,-1.9145],[19.8891,-1.9017],[19.8404,-1.7849],[19.8278,-1.742],[19.8163,-1.7239],[19.798,-1.7045],[19.7538,-1.6733],[19.7283,-1.6669],[19.7089,-1.6682],[19.696,-1.6784],[19.6739,-1.7018],[19.6237,-1.7768],[19.6138,-1.7874],[19.6045,-1.7949],[19.598,-1.798],[19.5918,-1.7983],[19.5428,-1.7925],[19.5269,-1.7881],[19.5181,-1.7831],[19.514,-1.7788],[19.5129,-1.772],[19.5122,-1.7471],[19.508,-1.7202],[19.4839,-1.6219],[19.4735,-1.5951],[19.415,-1.5011],[19.3849,-1.4617],[19.368,-1.4348],[19.3268,-1.3356],[19.3227,-1.3217],[19.2945,-1.2731],[19.2136,-1.1882],[19.1748,-1.1345],[19.1475,-1.084],[19.0859,-0.9981],[19.0829,-0.9923],[19.0792,-0.9823],[19.0657,-0.9025],[19.0628,-0.8546],[19.0595,-0.8409],[19.0481,-0.8085],[19.0397,-0.7915],[19.0277,-0.7741],[19.0058,-0.7501],[18.9905,-0.7431],[18.9779,-0.7458],[18.9706,-0.7567],[18.9653,-0.7696],[18.9587,-0.7963],[18.9534,-0.8096],[18.9456,-0.8219],[18.9346,-0.8337],[18.9228,-0.8438],[18.8831,-0.8686],[18.8321,-0.8896],[18.8201,-0.8971],[18.8094,-0.907],[18.8022,-0.9179],[18.7971,-0.9299],[18.7934,-0.9537],[18.7945,-1.003],[18.7954,-1.0109],[18.7985,-1.0218],[18.8036,-1.0338],[18.8101,-1.0454],[18.8183,-1.057],[18.8627,-1.1048],[18.8704,-1.1175],[18.8761,-1.1309],[18.8751,-1.1446],[18.8689,-1.1572],[18.8494,-1.1778],[18.8421,-1.1888],[18.8362,-1.2001],[18.8293,-1.211],[18.82,-1.2211],[18.8089,-1.2285],[18.7959,-1.2335],[18.7826,-1.2366],[18.7684,-1.238],[18.6868,-1.2332],[18.66,-1.2368],[18.6328,-1.2442],[18.5925,-1.26],[18.5794,-1.2637],[18.5515,-1.267],[18.5382,-1.2671],[18.5218,-1.2657],[18.5036,-1.2617],[18.4775,-1.253],[18.4418,-1.2351],[18.4274,-1.2251],[18.3628,-1.1625],[18.3496,-1.1563],[18.3371,-1.1526],[18.1915,-1.1307],[18.1616,-1.1305],[18.1502,-1.1335],[18.1419,-1.1433],[18.1246,-1.184],[18.11,-1.2098],[18.0717,-1.2572],[18.0182,-1.3103],[17.9308,-1.3739],[17.8909,-1.3917],[17.8018,-1.4099],[17.7665,-1.4223],[17.7505,-1.4309],[17.6953,-1.4669],[17.68,-1.4739],[17.6652,-1.479],[17.6065,-1.4913],[17.5727,-1.5022],[17.521,-1.5263],[17.184,-1.7253],[17.0768,-1.8076],[17.0446,-1.8113],[16.9982,-1.8102],[16.8493,-1.7934],[16.8206,-1.7934],[16.8134,-1.8014],[16.8103,-1.8115],[16.8114,-1.8226],[16.8157,-1.8329],[16.8246,-1.8415],[16.835,-1.8473],[16.8691,-1.8617],[16.88,-1.8689],[16.8891,-1.8785],[16.8952,-1.8904],[16.8977,-1.9023],[16.9005,-1.9922],[16.8994,-1.9961],[16.8884,-1.9989],[16.6443,-1.9987],[16.6274,-1.9956],[16.6165,-1.987],[16.5883,-1.9362],[16.5567,-1.8932],[16.5284,-1.8624],[16.525,-1.8585],[16.6042,-1.7541],[16.6172,-1.7287],[16.6231,-1.6992],[16.6225,-1.6652],[16.6238,-1.6538],[16.6289,-1.6373],[16.6362,-1.6208],[16.656,-1.5903],[16.6695,-1.5694],[16.6926,-1.523],[16.7255,-1.48],[16.7627,-1.4059],[16.7793,-1.3824],[16.7947,-1.3455],[16.8178,-1.3042],[16.8287,-1.2763],[16.8332,-1.269],[16.8397,-1.2625],[16.8626,-1.2489],[16.9092,-1.2111],[16.9405,-1.1748],[16.9796,-1.1402],[17.0031,-1.1129],[17.0059,-1.1068],[17.012,-1.1043],[17.0226,-1.097],[17.0287,-1.0945],[17.0605,-1.0892],[17.1087,-1.0756],[17.1754,-1.0483],[17.1948,-1.043],[17.2454,-1.0359],[17.2977,-1.0211],[17.308,-1.015],[17.3277,-0.9917],[17.3304,-0.9866],[17.3573,-0.9735],[17.365,-0.9672],[17.3854,-0.9424],[17.4115,-0.9183],[17.5459,-0.7565]]]}}]}