{"type":"FeatureCollection","features":[{"type":"Feature","properties":{"id":"COL-1283","name":"Amazonas","nameBn":"আমাজুনাস বিভাগ","type":"Commissiary","bounds":[-74.4147,-4.2365,-69.4183,0.1332],"center":[-71.9171,-1.2603]},"geometry":{"type":"Polygon","coordinates":[[[-69.4211,-1.2393],[-69.4183,-1.2841],[-69.4347,-1.3764],[-69.4339,-1.4222],[-69.4523,-1.4905],[-69.4519,-1.5109],[-69.4664,-1.5611],[-69.4776,-1.6225],[-69.507,-1.7836],[-69.5363,-1.9448],[-69.5657,-2.106],[-69.595,-2.2671],[-69.6244,-2.4283],[-69.6537,-2.5895],[-69.6831,-2.7507],[-69.7124,-2.9118],[-69.7417,-3.0729],[-69.7712,-3.2342],[-69.8005,-3.3953],[-69.8298,-3.5565],[-69.8592,-3.7177],[-69.8885,-3.8788],[-69.9178,-4.04],[-69.9472,-4.2011],[-69.9483,-4.2034],[-69.9494,-4.2056],[-69.9506,-4.2078],[-69.9517,-4.2099],[-69.9528,-4.2121],[-69.9539,-4.2144],[-69.9551,-4.2166],[-69.9561,-4.2188],[-69.9572,-4.2209],[-69.9583,-4.2232],[-69.9594,-4.2254],[-69.9605,-4.2276],[-69.9616,-4.2298],[-69.9627,-4.232],[-69.9639,-4.2343],[-69.965,-4.2365],[-69.9928,-4.1809],[-70.0102,-4.1551],[-70.0305,-4.1316],[-70.0605,-4.1072],[-70.1617,-4.0556],[-70.1884,-4.029],[-70.1989,-3.996],[-70.2046,-3.9601],[-70.217,-3.925],[-70.2409,-3.8909],[-70.2736,-3.8566],[-70.3111,-3.8293],[-70.3496,-3.8158],[-70.3777,-3.8188],[-70.3992,-3.8319],[-70.4385,-3.8677],[-70.4642,-3.8788],[-70.4909,-3.8785],[-70.5443,-3.8652],[-70.555,-3.8579],[-70.6906,-3.7868],[-70.7341,-3.782],[-70.7006,-3.7296],[-70.6221,-3.6073],[-70.5437,-3.485],[-70.4653,-3.3625],[-70.3868,-3.2402],[-70.3084,-3.1178],[-70.2299,-2.9953],[-70.1515,-2.8731],[-70.0731,-2.7507],[-70.0506,-2.7151],[-70.0504,-2.7143],[-70.056,-2.7124],[-70.0675,-2.7035],[-70.0758,-2.6914],[-70.0821,-2.6766],[-70.095,-2.6326],[-70.1058,-2.6252],[-70.1262,-2.6388],[-70.1319,-2.648],[-70.1364,-2.6586],[-70.1418,-2.667],[-70.1505,-2.6692],[-70.1597,-2.664],[-70.1615,-2.6552],[-70.1611,-2.6451],[-70.1641,-2.635],[-70.1839,-2.6195],[-70.2009,-2.6244],[-70.2175,-2.6321],[-70.2361,-2.6251],[-70.2473,-2.6072],[-70.2614,-2.5648],[-70.2739,-2.5463],[-70.2959,-2.5354],[-70.3151,-2.5418],[-70.3351,-2.554],[-70.3596,-2.5606],[-70.3646,-2.5576],[-70.3709,-2.5503],[-70.3757,-2.5411],[-70.3763,-2.5326],[-70.3716,-2.528],[-70.3545,-2.5215],[-70.3496,-2.5183],[-70.3449,-2.4966],[-70.3575,-2.4869],[-70.3788,-2.4847],[-70.4002,-2.4849],[-70.4113,-2.4874],[-70.4348,-2.4977],[-70.4453,-2.4985],[-70.457,-2.4927],[-70.4626,-2.4842],[-70.4661,-2.474],[-70.4719,-2.4632],[-70.4845,-2.4525],[-70.502,-2.4438],[-70.5209,-2.438],[-70.5377,-2.4359],[-70.5532,-2.4281],[-70.5655,-2.4138],[-70.5786,-2.4055],[-70.5961,-2.4165],[-70.5986,-2.4258],[-70.5978,-2.4371],[-70.5986,-2.4466],[-70.6064,-2.4508],[-70.6476,-2.4508],[-70.6545,-2.4454],[-70.6563,-2.4331],[-70.6562,-2.4192],[-70.6575,-2.4091],[-70.6637,-2.3982],[-70.6952,-2.3721],[-70.699,-2.3701],[-70.6991,-2.3411],[-70.7014,-2.3332],[-70.7066,-2.3283],[-70.7325,-2.325],[-70.7511,-2.3205],[-70.7879,-2.3074],[-70.8224,-2.2848],[-70.8742,-2.2296],[-70.9046,-2.2111],[-70.9253,-2.2203],[-70.9503,-2.2154],[-70.9927,-2.1974],[-71.0214,-2.1967],[-71.032,-2.2108],[-71.0298,-2.2335],[-71.0206,-2.2589],[-71.0297,-2.264],[-71.0414,-2.2653],[-71.0539,-2.2627],[-71.0791,-2.2476],[-71.0922,-2.2473],[-71.12,-2.2521],[-71.1428,-2.2629],[-71.1619,-2.3102],[-71.1902,-2.3246],[-71.2091,-2.3392],[-71.2199,-2.3415],[-71.2305,-2.338],[-71.2424,-2.3291],[-71.2533,-2.3266],[-71.2682,-2.3324],[-71.2891,-2.3434],[-71.3076,-2.3478],[-71.3155,-2.3341],[-71.387,-2.3689],[-71.4208,-2.376],[-71.4321,-2.3552],[-71.4282,-2.3475],[-71.4144,-2.3351],[-71.4116,-2.3266],[-71.4152,-2.3163],[-71.439,-2.2862],[-71.4565,-2.2551],[-71.4667,-2.2515],[-71.4806,-2.2658],[-71.4904,-2.3033],[-71.4981,-2.3151],[-71.5141,-2.3074],[-71.521,-2.2921],[-71.5223,-2.2504],[-71.5271,-2.2315],[-71.5384,-2.223],[-71.596,-2.2111],[-71.6166,-2.1999],[-71.6352,-2.1856],[-71.6549,-2.1738],[-71.6785,-2.1695],[-71.712,-2.1868],[-71.7314,-2.1899],[-71.74,-2.1729],[-71.7385,-2.1377],[-71.7461,-2.1323],[-71.7679,-2.1422],[-71.8261,-2.179],[-71.8362,-2.1798],[-71.8411,-2.1901],[-71.8772,-2.2453],[-71.9244,-2.2819],[-71.9318,-2.2896],[-71.9364,-2.3118],[-71.9487,-2.3241],[-71.9663,-2.3285],[-72.029,-2.3196],[-72.0615,-2.32],[-72.0894,-2.331],[-72.1174,-2.3552],[-72.1615,-2.4057],[-72.1764,-2.4103],[-72.2409,-2.3955],[-72.251,-2.3963],[-72.2767,-2.4016],[-72.2819,-2.4057],[-72.281,-2.4262],[-72.2838,-2.4332],[-72.2924,-2.4359],[-72.3157,-2.4384],[-72.3556,-2.4489],[-72.378,-2.4508],[-72.3966,-2.4465],[-72.4143,-2.4371],[-72.4275,-2.425],[-72.4327,-2.4129],[-72.4416,-2.4052],[-72.5441,-2.3891],[-72.563,-2.3831],[-72.6084,-2.3464],[-72.626,-2.3369],[-72.6443,-2.3341],[-72.6568,-2.3502],[-72.6832,-2.4048],[-72.6958,-2.4165],[-72.7124,-2.4221],[-72.7183,-2.4199],[-72.7217,-2.3937],[-72.7246,-2.3835],[-72.7288,-2.3747],[-72.7337,-2.3676],[-72.7461,-2.3734],[-72.7542,-2.3807],[-72.759,-2.39],[-72.7617,-2.4023],[-72.788,-2.3836],[-72.8047,-2.3778],[-72.8295,-2.3902],[-72.8581,-2.4003],[-72.87,-2.4118],[-72.8838,-2.4168],[-72.9262,-2.4252],[-72.9354,-2.4253],[-72.9433,-2.419],[-72.9528,-2.4023],[-72.9698,-2.3561],[-72.9843,-2.3434],[-72.9876,-2.3377],[-73.0564,-2.2999],[-73.0589,-2.3106],[-73.0707,-2.3332],[-73.0838,-2.3451],[-73.09,-2.3238],[-73.0989,-2.3149],[-73.1425,-2.3041],[-73.1589,-2.293],[-73.1614,-2.2854],[-73.1663,-2.2555],[-73.1695,-2.2501],[-73.1831,-2.2397],[-73.1863,-2.2347],[-73.1883,-2.2288],[-73.1978,-2.2136],[-73.1998,-2.2037],[-73.1986,-2.1938],[-73.1953,-2.1872],[-73.1863,-2.1764],[-73.1499,-2.1436],[-73.1405,-2.1219],[-73.1111,-2.0734],[-73.1245,-2.0608],[-73.1324,-2.0398],[-73.1378,-2.0169],[-73.1446,-1.9982],[-73.162,-1.9724],[-73.1687,-1.9593],[-73.1726,-1.9436],[-73.1712,-1.9295],[-73.1611,-1.9044],[-73.1589,-1.8952],[-73.1647,-1.8785],[-73.1883,-1.8507],[-73.1936,-1.8368],[-73.1863,-1.7996],[-73.193,-1.7887],[-73.2014,-1.7833],[-73.2107,-1.7793],[-73.2203,-1.7723],[-73.247,-1.7424],[-73.2573,-1.7424],[-73.2613,-1.7688],[-73.2677,-1.7722],[-73.3012,-1.7636],[-73.3166,-1.7654],[-73.3327,-1.7811],[-73.3403,-1.7922],[-73.3505,-1.7906],[-73.3746,-1.7688],[-73.3871,-1.7609],[-73.3992,-1.7592],[-73.4102,-1.7597],[-73.4244,-1.7581],[-73.4354,-1.7595],[-73.4401,-1.7587],[-73.4415,-1.7553],[-73.4448,-1.7419],[-73.4463,-1.7381],[-73.5109,-1.6986],[-73.531,-1.6737],[-73.5288,-1.6351],[-73.5174,-1.602],[-73.5088,-1.5868],[-73.4845,-1.5725],[-73.4835,-1.5533],[-73.4941,-1.5116],[-73.4955,-1.4985],[-73.4953,-1.4879],[-73.4972,-1.478],[-73.5049,-1.4672],[-73.526,-1.4517],[-73.5371,-1.4343],[-73.5742,-1.4169],[-73.5834,-1.4017],[-73.5678,-1.3827],[-73.5629,-1.3722],[-73.5786,-1.3649],[-73.5843,-1.3583],[-73.589,-1.3503],[-73.5909,-1.3434],[-73.5921,-1.3217],[-73.594,-1.3134],[-73.5971,-1.3061],[-73.6009,-1.3052],[-73.6142,-1.3071],[-73.6182,-1.3061],[-73.62,-1.3016],[-73.6215,-1.2906],[-73.6288,-1.2751],[-73.6314,-1.2641],[-73.6366,-1.2552],[-73.6601,-1.2483],[-73.6791,-1.2343],[-73.6902,-1.2311],[-73.7134,-1.2272],[-73.7324,-1.2165],[-73.7464,-1.2013],[-73.7547,-1.1833],[-73.7698,-1.1889],[-73.7859,-1.2142],[-73.8025,-1.2236],[-73.8145,-1.2233],[-73.8305,-1.2199],[-73.8572,-1.2105],[-73.871,-1.2014],[-73.8808,-1.191],[-73.8988,-1.1628],[-73.9141,-1.1231],[-73.9199,-1.1138],[-73.9364,-1.1078],[-73.9676,-1.1148],[-73.9813,-1.1075],[-73.9827,-1.0992],[-73.9733,-1.0816],[-73.9745,-1.0734],[-73.9828,-1.0662],[-73.9878,-1.0689],[-73.9913,-1.0753],[-73.995,-1.0797],[-74.0059,-1.0848],[-74.0111,-1.09],[-74.0168,-1.0916],[-74.0291,-1.0864],[-74.0372,-1.0797],[-74.042,-1.0711],[-74.0654,-1.0014],[-74.0769,-0.9909],[-74.0924,-1.0201],[-74.1196,-1.021],[-74.1805,-0.9977],[-74.2402,-0.9869],[-74.2668,-0.9723],[-74.2891,-0.943],[-74.3034,-0.8978],[-74.3134,-0.8844],[-74.3383,-0.8677],[-74.3444,-0.8586],[-74.3376,-0.8468],[-74.3251,-0.8445],[-74.3091,-0.8473],[-74.2951,-0.8473],[-74.2891,-0.8363],[-74.2946,-0.8237],[-74.3048,-0.8131],[-74.3106,-0.8014],[-74.3028,-0.7854],[-74.3106,-0.782],[-74.3279,-0.7815],[-74.3376,-0.7786],[-74.3443,-0.7741],[-74.3782,-0.7365],[-74.3851,-0.722],[-74.3848,-0.7028],[-74.3801,-0.6943],[-74.3673,-0.6832],[-74.3649,-0.6762],[-74.4127,-0.5731],[-74.4147,-0.5642],[-74.4147,-0.5638],[-73.8641,-0.3929],[-73.7873,-0.4074],[-73.7701,-0.4069],[-73.7564,-0.4017],[-73.7284,-0.3865],[-73.7137,-0.3867],[-73.6959,-0.3938],[-73.6666,-0.4125],[-73.6608,-0.415],[-73.6552,-0.4154],[-73.6494,-0.4167],[-73.6436,-0.4219],[-73.6423,-0.4289],[-73.6458,-0.4472],[-73.644,-0.4542],[-73.6404,-0.4579],[-73.6367,-0.4603],[-73.633,-0.462],[-73.6292,-0.4628],[-73.6178,-0.4625],[-73.6066,-0.4607],[-73.5958,-0.462],[-73.5861,-0.4706],[-73.5746,-0.4998],[-73.567,-0.5134],[-73.5542,-0.5206],[-73.4791,-0.5327],[-73.4347,-0.5289],[-73.389,-0.5313],[-73.367,-0.5272],[-73.3494,-0.5177],[-73.3406,-0.51],[-73.3318,-0.5073],[-73.3147,-0.5127],[-73.281,-0.5384],[-73.2443,-0.5753],[-73.2055,-0.6047],[-73.1653,-0.6084],[-73.1313,-0.601],[-73.1045,-0.6],[-73.0813,-0.5936],[-73.0585,-0.5697],[-72.9974,-0.5266],[-72.8848,-0.6017],[-72.8154,-0.5884],[-72.7792,-0.5645],[-72.7499,-0.5592],[-72.7207,-0.5715],[-72.6157,-0.6569],[-72.5904,-0.673],[-72.5644,-0.685],[-72.5498,-0.6833],[-72.5394,-0.6703],[-72.5265,-0.6486],[-72.4784,-0.594],[-72.4466,-0.5669],[-72.4219,-0.5566],[-72.3904,-0.5748],[-72.3597,-0.6064],[-72.3245,-0.6293],[-72.2798,-0.6213],[-72.2543,-0.5996],[-72.2424,-0.5869],[-72.2375,-0.5683],[-72.2366,-0.5622],[-72.2392,-0.5332],[-72.2391,-0.4987],[-72.2324,-0.4673],[-72.2144,-0.4408],[-72.1929,-0.4176],[-72.1747,-0.3936],[-72.143,-0.3422],[-72.1286,-0.3263],[-72.0753,-0.2968],[-72.0369,-0.2596],[-72.0122,-0.2476],[-71.9814,-0.2445],[-71.845,-0.2459],[-71.8062,-0.2381],[-71.7742,-0.2247],[-71.7532,-0.2034],[-71.739,-0.1732],[-71.7276,-0.1296],[-71.6891,-0.0857],[-71.6259,-0.043],[-71.4414,0.0383],[-71.3897,0.0675],[-71.3223,0.1332],[-71.2994,0.1112],[-71.2846,0.1037],[-71.2684,0.0983],[-71.2517,0.096],[-71.2352,0.0973],[-71.1938,0.1154],[-71.1739,0.1158],[-71.1589,0.0954],[-71.1497,0.0538],[-71.14,0.0377],[-71.1189,0.0282],[-71.0987,0.0217],[-71.0603,0.0028],[-71.042,-0.0025],[-71.0306,-0.0009],[-71.0093,0.009],[-70.9966,0.0087],[-70.9841,0.0009],[-70.9715,-0.0128],[-70.9419,-0.0558],[-70.9345,-0.071],[-70.9301,-0.0869],[-70.9294,-0.1041],[-70.9343,-0.122],[-70.9401,-0.1338],[-70.939,-0.1457],[-70.9006,-0.1937],[-70.8775,-0.2604],[-70.853,-0.3125],[-70.8473,-0.3213],[-70.839,-0.3244],[-70.8033,-0.325],[-70.7872,-0.3219],[-70.7753,-0.3136],[-70.7699,-0.2981],[-70.7605,-0.2806],[-70.7409,-0.2793],[-70.7185,-0.2869],[-70.701,-0.2961],[-70.6722,-0.3192],[-70.661,-0.3244],[-70.6501,-0.325],[-70.6274,-0.3206],[-70.6158,-0.3211],[-70.6016,-0.3293],[-70.5819,-0.3539],[-70.5674,-0.3597],[-70.5171,-0.3559],[-70.5009,-0.3596],[-70.4848,-0.3707],[-70.4695,-0.3879],[-70.4571,-0.4074],[-70.4501,-0.4253],[-70.4505,-0.4416],[-70.4528,-0.4566],[-70.4483,-0.4656],[-70.4057,-0.4637],[-70.3535,-0.475],[-70.3344,-0.4718],[-70.327,-0.4603],[-70.3296,-0.4339],[-70.3188,-0.4212],[-70.2987,-0.4104],[-70.2804,-0.4048],[-70.2614,-0.4049],[-70.2391,-0.4111],[-70.2161,-0.4234],[-70.2124,-0.4349],[-70.2214,-0.4469],[-70.2841,-0.5056],[-70.305,-0.5342],[-70.3037,-0.5567],[-70.293,-0.5572],[-70.2774,-0.5517],[-70.2603,-0.5506],[-70.2445,-0.5641],[-70.2401,-0.5807],[-70.2409,-0.6013],[-70.2463,-0.6397],[-70.2462,-0.6577],[-70.2431,-0.6732],[-70.2326,-0.705],[-70.2346,-0.7202],[-70.2473,-0.7302],[-70.2627,-0.7393],[-70.2731,-0.752],[-70.2642,-0.7881],[-70.2333,-0.8205],[-70.2127,-0.8524],[-70.2348,-0.8865],[-70.2646,-0.9049],[-70.276,-0.9171],[-70.2797,-0.9337],[-70.2737,-0.9525],[-70.26,-0.9739],[-70.2422,-0.988],[-70.224,-0.9846],[-70.1995,-0.9614],[-70.186,-0.9561],[-70.1793,-0.9694],[-70.182,-0.9834],[-70.1948,-1.0099],[-70.196,-1.0231],[-70.1874,-1.0326],[-70.1384,-1.0714],[-70.1192,-1.0764],[-70.0986,-1.0734],[-70.0815,-1.0626],[-70.0724,-1.0441],[-70.0836,-1.0177],[-70.1098,-0.997],[-70.1241,-0.9744],[-70.0999,-0.9424],[-70.0834,-0.9336],[-70.0711,-0.9335],[-70.0509,-0.9442],[-70.0472,-0.9457],[-70.0432,-0.9468],[-70.0388,-0.9472],[-70.0339,-0.9469],[-70.0208,-0.9391],[-70.0115,-0.9272],[-70.0015,-0.9206],[-69.9711,-0.9357],[-69.956,-0.9315],[-69.9408,-0.923],[-69.9254,-0.9167],[-69.9028,-0.9161],[-69.897,-0.9242],[-69.9012,-0.9368],[-69.909,-0.9495],[-69.9137,-0.9547],[-69.9263,-0.9649],[-69.9318,-0.9716],[-69.9333,-0.9774],[-69.9327,-0.9917],[-69.9333,-0.998],[-69.9474,-1.0292],[-69.9468,-1.0429],[-69.9315,-1.055],[-69.9118,-1.057],[-69.8954,-1.0482],[-69.8803,-1.0355],[-69.8646,-1.0261],[-69.8402,-1.0257],[-69.7951,-1.0438],[-69.7742,-1.0438],[-69.7632,-1.0347],[-69.7552,-1.008],[-69.7469,-0.9973],[-69.7316,-0.9921],[-69.7164,-0.9951],[-69.7026,-1.0032],[-69.6618,-1.0398],[-69.6491,-1.0555],[-69.6444,-1.0724],[-69.6484,-1.09],[-69.6551,-1.1059],[-69.6599,-1.1225],[-69.658,-1.142],[-69.6506,-1.1605],[-69.6422,-1.1674],[-69.6307,-1.1654],[-69.5792,-1.1356],[-69.5645,-1.1375],[-69.4943,-1.1725],[-69.4799,-1.1742],[-69.4754,-1.1755],[-69.4653,-1.18],[-69.4591,-1.1868],[-69.4548,-1.1999],[-69.4218,-1.2385],[-69.4211,-1.2393]]]}},{"type":"Feature","properties":{"id":"COL-1314","name":"Antioquia","nameBn":"আন্তিওকিয়া বিভাগ","type":"Department","bounds":[-77.1264,5.4336,-73.8878,8.8699],"center":[-75.5071,6.7037]},"geometry":{"type":"Polygon","coordinates":[[[-76.9855,8.2562],[-76.9763,8.2539],[-76.9701,8.2668],[-76.962,8.2665],[-76.9561,8.2565],[-76.9564,8.2402],[-76.9626,8.2402],[-76.966,8.2434],[-76.9701,8.2464],[-76.9701,8.2213],[-76.9631,8.2037],[-76.9508,8.1971],[-76.9353,8.2054],[-76.9353,8.185],[-76.9217,8.1992],[-76.9176,8.189],[-76.9271,8.1728],[-76.9285,8.1577],[-76.933,8.1596],[-76.9444,8.1625],[-76.949,8.1645],[-76.9425,8.1289],[-76.9183,8.1139],[-76.8957,8.1173],[-76.8937,8.1365],[-76.8323,8.1365],[-76.8384,8.1279],[-76.8436,8.118],[-76.8468,8.1071],[-76.8465,8.0955],[-76.8391,8.0955],[-76.8356,8.0983],[-76.8254,8.103],[-76.8254,8.0955],[-76.8602,8.0825],[-76.8602,8.0757],[-76.8512,8.0742],[-76.8453,8.0715],[-76.8371,8.0625],[-76.8382,8.0608],[-76.8381,8.0579],[-76.8391,8.0546],[-76.8434,8.0594],[-76.8492,8.0623],[-76.8568,8.0632],[-76.8664,8.062],[-76.8583,8.0533],[-76.8484,8.047],[-76.839,8.0396],[-76.8323,8.0273],[-76.8573,8.039],[-76.8844,8.0463],[-76.9077,8.0441],[-76.9217,8.0273],[-76.922,8.023],[-76.9208,8.0219],[-76.9183,8.0219],[-76.9154,8.0211],[-76.9337,7.9646],[-76.9071,7.9295],[-76.8536,7.9127],[-76.7913,7.9112],[-76.7796,7.9132],[-76.7676,7.9174],[-76.7572,7.9236],[-76.7504,7.9317],[-76.7471,7.9405],[-76.7475,7.9464],[-76.7493,7.9526],[-76.7504,7.9621],[-76.7482,7.9703],[-76.7388,7.9803],[-76.7367,7.9897],[-76.7306,8.0513],[-76.732,8.0793],[-76.7441,8.103],[-76.7467,8.0952],[-76.7477,8.09],[-76.7469,8.0845],[-76.7441,8.0757],[-76.7504,8.0757],[-76.7555,8.0916],[-76.7592,8.1147],[-76.7594,8.1379],[-76.7479,8.1715],[-76.7518,8.1929],[-76.7646,8.2259],[-76.7702,8.2585],[-76.7701,8.398],[-76.7748,8.4167],[-76.7879,8.4245],[-76.8021,8.4302],[-76.8084,8.4442],[-76.8122,8.462],[-76.8186,8.4792],[-76.8386,8.5004],[-76.87,8.5216],[-76.9065,8.5386],[-76.9353,8.5418],[-76.9353,8.5344],[-76.9472,8.5455],[-76.9308,8.5707],[-76.9064,8.5993],[-76.8937,8.6203],[-76.7947,8.6511],[-76.7706,8.653],[-76.6732,8.6804],[-76.6602,8.6874],[-76.6548,8.6957],[-76.6545,8.7065],[-76.6529,8.7182],[-76.6488,8.728],[-76.6405,8.7336],[-76.6405,8.7398],[-76.6473,8.7398],[-76.6473,8.7473],[-76.6282,8.7505],[-76.5605,8.7754],[-76.5469,8.7846],[-76.5028,8.8288],[-76.451,8.8644],[-76.4448,8.8699],[-76.4448,8.8698],[-76.4391,8.8662],[-76.4123,8.8395],[-76.4051,8.8194],[-76.3888,8.7389],[-76.3641,8.705],[-76.3463,8.6748],[-76.3318,8.6603],[-76.2775,8.6415],[-76.2614,8.6266],[-76.2451,8.6016],[-76.2291,8.5776],[-76.216,8.4958],[-76.2137,8.4529],[-76.2173,8.4102],[-76.27,8.3486],[-76.3179,8.2809],[-76.3702,8.1772],[-76.4004,8.1321],[-76.4194,8.0987],[-76.4169,8.0059],[-76.4195,7.9791],[-76.4326,7.9313],[-76.4683,7.8748],[-76.5051,7.7407],[-76.5051,7.645],[-76.4976,7.6],[-76.4347,7.4652],[-76.4078,7.3804],[-76.0317,7.3705],[-75.9662,7.3684],[-75.8681,7.3642],[-75.857,7.3673],[-75.8446,7.375],[-75.8441,7.3845],[-75.8399,7.4006],[-75.7694,7.4989],[-75.7404,7.52],[-75.7048,7.5317],[-75.6459,7.543],[-75.6088,7.557],[-75.59,7.5695],[-75.5654,7.6063],[-75.5467,7.6895],[-75.5336,7.7068],[-75.516,7.7227],[-75.4903,7.7386],[-75.4586,7.8078],[-75.4414,7.8243],[-75.3902,7.8598],[-75.3617,7.8838],[-75.3247,7.931],[-75.2632,7.9957],[-75.2502,8.015],[-75.2288,8.046],[-75.2145,8.0525],[-75.189,8.0598],[-75.1144,8.0676],[-75.0917,8.0661],[-75.0742,8.0608],[-75.0609,8.0591],[-75.0475,8.0632],[-75.0328,8.0712],[-75.0174,8.0747],[-74.9977,8.0755],[-74.9426,8.0726],[-74.9117,8.1131],[-74.8862,8.1542],[-74.8691,8.1716],[-74.8525,8.1835],[-74.8349,8.1887],[-74.5995,7.9982],[-74.5814,7.9671],[-74.5632,7.9411],[-74.5525,7.9292],[-74.5425,7.9006],[-74.5312,7.8008],[-74.5223,7.7715],[-74.5104,7.7522],[-74.4976,7.745],[-74.4859,7.7367],[-74.4809,7.7242],[-74.4835,7.7065],[-74.499,7.6781],[-74.5172,7.6611],[-74.5393,7.6475],[-74.5606,7.6308],[-74.5736,7.606],[-74.5869,7.524],[-74.5861,7.4926],[-74.5818,7.4668],[-74.5626,7.4236],[-74.5287,7.3817],[-74.508,7.3628],[-74.4891,7.3578],[-74.4687,7.3614],[-74.446,7.3809],[-74.4327,7.3965],[-74.4159,7.4395],[-74.4044,7.4574],[-74.3644,7.4888],[-74.3474,7.4329],[-74.3522,7.4082],[-74.3583,7.3919],[-74.368,7.3797],[-74.3894,7.3575],[-74.3965,7.3434],[-74.4002,7.3219],[-74.3959,7.2984],[-74.3961,7.2581],[-74.406,7.2243],[-74.4051,7.2],[-74.3983,7.1686],[-74.3811,7.1287],[-74.3724,7.0972],[-74.3617,7.0688],[-74.3589,7.0468],[-74.3542,7.025],[-74.3439,7.0104],[-74.3196,7.0003],[-74.3006,6.9973],[-74.2716,7.0],[-74.2529,6.9961],[-73.9302,7.3008],[-73.9308,7.2971],[-73.9371,7.2539],[-73.9267,7.1261],[-73.9224,7.1055],[-73.9123,7.0899],[-73.9008,7.076],[-73.8926,7.0609],[-73.8878,7.0199],[-73.9008,6.9929],[-73.9251,6.9745],[-74.007,6.9348],[-74.0161,6.9278],[-74.0221,6.9126],[-74.0639,6.8691],[-74.0954,6.8082],[-74.1086,6.7903],[-74.2927,6.6544],[-74.3308,6.6364],[-74.3706,6.6316],[-74.3864,6.6263],[-74.3928,6.6125],[-74.3945,6.6038],[-74.4071,6.5749],[-74.4088,6.5671],[-74.4058,6.4753],[-74.4034,6.462],[-74.387,6.4445],[-74.3806,6.4341],[-74.3792,6.4235],[-74.3839,6.4115],[-74.3922,6.4026],[-74.4026,6.3994],[-74.4133,6.4042],[-74.4595,6.3335],[-74.485,6.3067],[-74.5194,6.2823],[-74.5472,6.2627],[-74.5667,6.2412],[-74.5798,6.216],[-74.5875,6.1728],[-74.6008,6.1496],[-74.6051,6.1361],[-74.6044,6.121],[-74.599,6.1114],[-74.5846,6.0951],[-74.5777,6.0788],[-74.576,6.064],[-74.5778,6.0228],[-74.5767,6.0154],[-74.5747,6.0088],[-74.5743,6.0016],[-74.5778,5.9927],[-74.5829,5.9893],[-74.5996,5.9827],[-74.6051,5.9784],[-74.606,5.9598],[-74.5908,5.9182],[-74.5949,5.9102],[-74.6073,5.9048],[-74.6207,5.8919],[-74.6324,5.876],[-74.6399,5.8618],[-74.6495,5.7988],[-74.6625,5.7719],[-74.6711,5.7667],[-74.6743,5.7694],[-74.6825,5.7775],[-74.6861,5.7791],[-74.6896,5.7791],[-74.6985,5.7765],[-74.7038,5.7768],[-74.7118,5.7749],[-74.7151,5.7728],[-74.7176,5.7695],[-74.7187,5.7615],[-74.7226,5.7548],[-74.7265,5.7445],[-74.7313,5.7231],[-74.7437,5.6996],[-74.7773,5.6897],[-74.7872,5.6943],[-74.8284,5.7213],[-74.8389,5.7311],[-74.8418,5.7347],[-74.8466,5.7382],[-74.8668,5.7438],[-74.8898,5.7397],[-74.9269,5.7325],[-74.9909,5.7139],[-74.997,5.7033],[-75.0011,5.6981],[-75.0045,5.6918],[-75.0092,5.6861],[-75.0144,5.6812],[-75.0215,5.6765],[-75.0339,5.67],[-75.054,5.6631],[-75.0912,5.6596],[-75.0938,5.6334],[-75.0926,5.6046],[-75.0917,5.6005],[-75.0917,5.5963],[-75.1002,5.5809],[-75.1337,5.5436],[-75.1344,5.5354],[-75.1375,5.5328],[-75.143,5.5301],[-75.1679,5.5276],[-75.1717,5.5267],[-75.1809,5.5232],[-75.195,5.5164],[-75.2158,5.503],[-75.2256,5.4953],[-75.2317,5.4893],[-75.2418,5.471],[-75.2459,5.4654],[-75.25,5.461],[-75.2536,5.456],[-75.2649,5.4371],[-75.2713,5.4347],[-75.2761,5.4336],[-75.2914,5.4738],[-75.318,5.4636],[-75.3135,5.4999],[-75.314,5.5057],[-75.3162,5.5171],[-75.3399,5.5866],[-75.3471,5.5975],[-75.3533,5.6009],[-75.3603,5.6029],[-75.3673,5.6076],[-75.3775,5.6192],[-75.3792,5.6286],[-75.3775,5.6392],[-75.3763,5.6585],[-75.379,5.6683],[-75.3846,5.6742],[-75.3999,5.679],[-75.4067,5.6823],[-75.4117,5.686],[-75.4155,5.6898],[-75.4261,5.6943],[-75.4705,5.6704],[-75.4765,5.6694],[-75.4867,5.6697],[-75.4929,5.6737],[-75.5306,5.6881],[-75.5359,5.6922],[-75.5396,5.6969],[-75.5407,5.7008],[-75.5421,5.7044],[-75.5447,5.7082],[-75.545,5.7113],[-75.5561,5.721],[-75.5692,5.723],[-75.6011,5.7351],[-75.6132,5.7352],[-75.6125,5.732],[-75.6125,5.7008],[-75.6069,5.6883],[-75.5925,5.6832],[-75.5978,5.6524],[-75.598,5.6378],[-75.5824,5.5829],[-75.58,5.5623],[-75.5812,5.5424],[-75.5857,5.5188],[-75.6006,5.5227],[-75.6123,5.5266],[-75.6354,5.5249],[-75.6566,5.5276],[-75.6779,5.5267],[-75.6874,5.529],[-75.6986,5.5406],[-75.7099,5.548],[-75.7247,5.5589],[-75.7389,5.5572],[-75.8044,5.5112],[-75.8578,5.4894],[-75.8794,5.4872],[-75.9254,5.4939],[-75.9605,5.507],[-75.9826,5.5211],[-76.0009,5.5393],[-76.0131,5.5626],[-76.0425,5.5773],[-76.0819,5.6175],[-76.088,5.6249],[-76.0979,5.6434],[-76.0963,5.6596],[-76.0845,5.7022],[-76.0876,5.7278],[-76.0956,5.742],[-76.1236,5.7886],[-76.1302,5.8106],[-76.1356,5.8372],[-76.1331,5.8615],[-76.1051,5.93],[-76.1113,5.9756],[-76.1371,5.988],[-76.1638,5.9887],[-76.1887,5.9985],[-76.217,6.0348],[-76.2403,6.0969],[-76.2492,6.1577],[-76.2582,6.174],[-76.2772,6.1873],[-76.312,6.1921],[-76.3498,6.1922],[-76.3886,6.1884],[-76.4211,6.1812],[-76.4688,6.1761],[-76.5251,6.1709],[-76.5692,6.1617],[-76.6492,6.1586],[-76.6738,6.1617],[-76.7001,6.1687],[-76.7137,6.1784],[-76.7154,6.1816],[-76.7228,6.1912],[-76.7264,6.2109],[-76.7368,6.2291],[-76.7645,6.259],[-76.7667,6.2647],[-76.7707,6.2869],[-76.7757,6.2899],[-76.783,6.2911],[-76.7911,6.2936],[-76.798,6.3006],[-76.8015,6.3168],[-76.799,6.3362],[-76.7925,6.3534],[-76.7844,6.3627],[-76.7936,6.3679],[-76.798,6.3689],[-76.7872,6.3844],[-76.7887,6.3957],[-76.7967,6.4072],[-76.8055,6.4235],[-76.7966,6.4245],[-76.7908,6.4268],[-76.7872,6.4311],[-76.7844,6.4378],[-76.8009,6.4414],[-76.8033,6.4515],[-76.7971,6.4642],[-76.7878,6.4753],[-76.7881,6.4835],[-76.8117,6.5129],[-76.8255,6.5087],[-76.8341,6.517],[-76.8417,6.5301],[-76.8526,6.5402],[-76.8521,6.5577],[-76.8568,6.5715],[-76.8663,6.5818],[-76.8806,6.5886],[-76.8932,6.5822],[-76.8982,6.5946],[-76.8961,6.6145],[-76.8874,6.6302],[-76.8811,6.6294],[-76.8742,6.6247],[-76.8686,6.625],[-76.8663,6.6398],[-76.8709,6.6451],[-76.8934,6.6474],[-76.9011,6.65],[-76.9077,6.6613],[-76.9069,6.6703],[-76.9033,6.6786],[-76.9011,6.6879],[-76.9057,6.6936],[-76.9153,6.687],[-76.9228,6.6766],[-76.9215,6.6711],[-76.9322,6.6724],[-76.9384,6.6763],[-76.9413,6.6835],[-76.942,6.6947],[-76.9449,6.7022],[-76.9518,6.7042],[-76.9609,6.7039],[-76.9699,6.7047],[-76.9515,6.7255],[-76.9488,6.732],[-76.9521,6.7414],[-76.9666,6.7524],[-76.9699,6.7633],[-76.9706,6.8006],[-76.9728,6.8102],[-76.9579,6.8152],[-76.9288,6.824],[-76.9152,6.8257],[-76.8833,6.8446],[-76.8362,6.8406],[-76.827,6.8445],[-76.8235,6.8514],[-76.811,6.8626],[-76.8018,6.8745],[-76.7972,6.8893],[-76.8023,6.9268],[-76.8064,6.9432],[-76.8119,6.9539],[-76.8189,6.959],[-76.8241,6.9616],[-76.8275,6.9653],[-76.8331,6.9778],[-76.8356,6.986],[-76.8314,6.9997],[-76.8166,7.0083],[-76.7969,7.0157],[-76.7683,7.0215],[-76.704,7.0267],[-76.6834,7.026],[-76.6005,7.0061],[-76.5833,6.9999],[-76.5696,6.9931],[-76.5461,6.991],[-76.5126,7.0463],[-76.5094,7.0552],[-76.5053,7.0744],[-76.5083,7.1863],[-76.5296,7.2487],[-76.5429,7.267],[-76.5867,7.3044],[-76.5979,7.3122],[-76.612,7.3173],[-76.6462,7.3213],[-76.6725,7.3385],[-76.6925,7.3544],[-76.7729,7.4534],[-76.8769,7.5654],[-76.9809,7.6392],[-77.1091,7.7545],[-77.1188,7.7674],[-77.1264,7.7809],[-77.1237,7.785],[-77.1192,7.7876],[-77.1151,7.7888],[-77.1133,7.7884],[-77.1141,7.7935],[-77.1163,7.7987],[-77.1188,7.8021],[-77.1202,7.8014],[-77.1202,7.8424],[-77.0934,7.8371],[-77.0705,7.8525],[-77.0511,7.8731],[-77.0348,7.8833],[-77.0217,7.8985],[-77.0035,7.9994],[-76.9971,8.0149],[-76.9887,8.0244],[-76.9696,8.037],[-76.9668,8.0551],[-76.9599,8.0652],[-76.9539,8.0865],[-76.9605,8.1696],[-76.966,8.1886],[-76.973,8.2049],[-76.9843,8.2533],[-76.9855,8.2562]]]}},{"type":"Feature","properties":{"id":"COL-1420","name":"Arauca","nameBn":"আরোকা বিভাগ","type":"Intendancy","bounds":[-72.3509,6.0263,-69.432,7.0999],"center":[-70.8913,6.6431]},"geometry":{"type":"Polygon","coordinates":[[[-71.964,7.0059],[-71.881,6.9866],[-71.8482,6.9839],[-71.8326,6.9864],[-71.8219,6.993],[-71.8121,7.0012],[-71.7996,7.0092],[-71.7886,7.0097],[-71.7778,7.0075],[-71.7715,7.0111],[-71.774,7.0289],[-71.7454,7.0293],[-71.7217,7.0334],[-71.698,7.035],[-71.6696,7.0277],[-71.6735,7.0442],[-71.667,7.0515],[-71.6543,7.0534],[-71.6204,7.0521],[-71.6122,7.0463],[-71.6065,7.0383],[-71.5947,7.0301],[-71.5878,7.0293],[-71.5806,7.0316],[-71.5671,7.0393],[-71.5584,7.0412],[-71.5536,7.0373],[-71.5511,7.0318],[-71.5493,7.0291],[-71.5486,7.0283],[-71.5288,7.0271],[-71.5291,7.0283],[-71.5281,7.0299],[-71.5099,7.0346],[-71.4876,7.0289],[-71.4677,7.0124],[-71.4558,7.0157],[-71.4295,7.0277],[-71.4139,7.031],[-71.3982,7.0295],[-71.366,7.0207],[-71.3494,7.0195],[-71.3078,7.0274],[-71.2925,7.0258],[-71.2835,7.0188],[-71.2815,7.0072],[-71.2807,6.9946],[-71.2755,6.9844],[-71.262,6.9787],[-71.2132,6.9775],[-71.2015,6.9719],[-71.1938,6.9653],[-71.184,6.9626],[-71.1663,6.9681],[-71.1536,6.9771],[-71.1454,6.9862],[-71.136,6.9921],[-71.0655,6.9845],[-71.0113,6.9909],[-70.9613,7.0094],[-70.9188,7.0395],[-70.9081,7.0534],[-70.9034,7.0632],[-70.8955,7.0685],[-70.8748,7.0692],[-70.8366,7.0819],[-70.7931,7.0851],[-70.733,7.0993],[-70.7033,7.0999],[-70.6967,7.0967],[-70.6826,7.0846],[-70.6732,7.0812],[-70.6393,7.0735],[-70.6229,7.0741],[-70.5947,7.083],[-70.5786,7.0858],[-70.5715,7.0794],[-70.5209,7.0156],[-70.5107,7.0097],[-70.4948,7.0055],[-70.4841,7.0053],[-70.4613,7.0083],[-70.4517,7.0077],[-70.447,7.0047],[-70.441,6.9958],[-70.4378,6.993],[-70.4229,6.9878],[-70.3191,6.9383],[-70.2876,6.9369],[-70.2313,6.9685],[-70.195,6.9776],[-70.1578,6.9795],[-70.1292,6.9725],[-70.0966,6.9444],[-70.0794,6.9228],[-70.0036,6.8274],[-69.9277,6.7318],[-69.8518,6.6363],[-69.776,6.5408],[-69.7002,6.4453],[-69.6244,6.3498],[-69.5485,6.2543],[-69.4726,6.1587],[-69.4436,6.1222],[-69.432,6.1222],[-69.5324,6.0623],[-69.5719,6.0542],[-69.7849,6.0621],[-69.8171,6.0548],[-69.846,6.0368],[-69.8558,6.0263],[-69.8881,6.0403],[-69.9048,6.0604],[-69.9055,6.0776],[-69.9083,6.0868],[-69.9167,6.0959],[-69.9396,6.1147],[-69.9592,6.1256],[-70.0258,6.1503],[-70.0389,6.1611],[-70.0441,6.1726],[-70.0476,6.1834],[-70.0526,6.1941],[-70.0602,6.201],[-70.0899,6.219],[-70.0978,6.2258],[-70.1096,6.2427],[-70.1181,6.25],[-70.1508,6.2643],[-70.1653,6.2675],[-70.1907,6.2703],[-70.2253,6.2699],[-70.2541,6.2661],[-70.2806,6.266],[-70.2961,6.2675],[-70.3273,6.2773],[-70.3477,6.279],[-70.3734,6.2758],[-70.4423,6.2515],[-70.4841,6.2315],[-70.5049,6.2247],[-70.5426,6.226],[-70.5945,6.222],[-70.6718,6.2089],[-70.7272,6.2091],[-70.7324,6.2126],[-70.7722,6.2298],[-70.7894,6.2325],[-70.8101,6.2297],[-70.8306,6.2245],[-70.8535,6.2163],[-70.8642,6.2153],[-70.9597,6.2223],[-71.0314,6.2478],[-71.0647,6.2538],[-71.1191,6.2524],[-71.1423,6.2558],[-71.174,6.2681],[-71.2071,6.2741],[-71.2269,6.26],[-71.2441,6.2624],[-71.2599,6.2595],[-71.2715,6.2615],[-71.2829,6.2586],[-71.3074,6.2437],[-71.3437,6.2284],[-71.3739,6.2272],[-71.3931,6.2244],[-71.409,6.2189],[-71.4233,6.2124],[-71.4623,6.1989],[-71.488,6.1952],[-71.5095,6.1985],[-71.5272,6.1977],[-71.5574,6.1907],[-71.572,6.1938],[-71.599,6.2073],[-71.6088,6.2104],[-71.6241,6.2085],[-71.6461,6.2002],[-71.722,6.2],[-71.7478,6.1939],[-71.8561,6.1545],[-71.8876,6.1517],[-71.9054,6.1544],[-71.9259,6.1543],[-71.9465,6.1499],[-72.004,6.1233],[-72.058,6.1102],[-72.115,6.0688],[-72.1312,6.0691],[-72.1563,6.074],[-72.188,6.0956],[-72.2279,6.1153],[-72.2455,6.1267],[-72.2598,6.1384],[-72.2841,6.1869],[-72.3233,6.2257],[-72.3454,6.2628],[-72.3509,6.2882],[-72.3506,6.2976],[-72.347,6.3102],[-72.3217,6.3513],[-72.2955,6.3752],[-72.2882,6.3992],[-72.2871,6.4123],[-72.282,6.4222],[-72.2727,6.4321],[-72.2645,6.4371],[-72.2588,6.4384],[-72.2548,6.4368],[-72.2504,6.4323],[-72.245,6.428],[-72.2362,6.4264],[-72.228,6.4318],[-72.2179,6.4427],[-72.2088,6.4551],[-72.1994,6.4622],[-72.1883,6.4664],[-72.1744,6.4676],[-72.1573,6.4747],[-72.1451,6.4893],[-72.1363,6.5044],[-72.1255,6.539],[-72.1017,6.7291],[-72.0948,6.7467],[-72.072,6.7573],[-72.053,6.7824],[-72.0404,6.8252],[-72.0207,6.8609],[-71.9829,6.9574],[-71.9723,6.9776],[-71.9651,7.0014],[-71.964,7.0059]]]}},{"type":"Feature","properties":{"id":"COL-1412","name":"Atlántico","nameBn":"আটলান্টিকো বিভাগ","type":"Department","bounds":[-75.2664,10.2674,-74.7218,11.0877],"center":[-74.9941,10.6712]},"geometry":{"type":"Polygon","coordinates":[[[-75.2563,10.7093],[-75.2563,10.7068],[-75.2495,10.7068],[-75.2438,10.7147],[-75.2222,10.7347],[-75.2264,10.7428],[-75.2287,10.7501],[-75.2297,10.758],[-75.2297,10.7634],[-75.2296,10.7636],[-75.2216,10.7795],[-75.2252,10.8039],[-75.2287,10.8109],[-75.2157,10.8266],[-75.2048,10.831],[-75.1934,10.8319],[-75.1822,10.8345],[-75.1714,10.8388],[-75.108,10.8804],[-75.0699,10.8896],[-75.0495,10.9012],[-75.036,10.9167],[-75.0372,10.9327],[-75.0328,10.9427],[-75.0277,10.9655],[-75.0236,10.9743],[-75.0142,10.9804],[-75.0004,10.9864],[-74.982,10.9874],[-74.9628,10.9949],[-74.95,11.0095],[-74.9257,11.0286],[-74.9236,11.0457],[-74.8955,11.0456],[-74.8615,11.0488],[-74.8453,11.0621],[-74.847,11.0805],[-74.8475,11.0877],[-74.8376,11.0732],[-74.7969,11.0358],[-74.7743,11.01],[-74.766,10.9953],[-74.759,10.9544],[-74.7499,10.9412],[-74.7387,10.9315],[-74.7286,10.9191],[-74.7247,10.9003],[-74.7301,10.8827],[-74.7381,10.8638],[-74.7423,10.8409],[-74.741,10.8283],[-74.7243,10.7832],[-74.7226,10.7748],[-74.7218,10.7546],[-74.7286,10.6693],[-74.7258,10.6051],[-74.7286,10.584],[-74.7481,10.5503],[-74.8067,10.5103],[-74.8249,10.4741],[-74.8303,10.4279],[-74.8361,10.4061],[-74.8484,10.3882],[-74.8644,10.3699],[-74.9175,10.2674],[-74.9378,10.2918],[-74.9827,10.3428],[-75.0085,10.364],[-75.0148,10.3665],[-75.0308,10.3703],[-75.0765,10.4144],[-75.1327,10.4026],[-75.1618,10.448],[-75.1768,10.4566],[-75.1688,10.469],[-75.1691,10.4718],[-75.1713,10.4764],[-75.1749,10.4786],[-75.1876,10.4823],[-75.2048,10.4853],[-75.2435,10.4885],[-75.2498,10.4922],[-75.2538,10.4974],[-75.2541,10.5013],[-75.2636,10.5177],[-75.2664,10.5307],[-75.2653,10.5357],[-75.2549,10.5691],[-75.2534,10.5827],[-75.2439,10.5909],[-75.2343,10.5959],[-75.2304,10.6005],[-75.2281,10.6072],[-75.2271,10.6283],[-75.2288,10.6359],[-75.2313,10.6426],[-75.234,10.647],[-75.2374,10.6513],[-75.2571,10.6673],[-75.2629,10.674],[-75.2643,10.6797],[-75.2646,10.6854],[-75.2637,10.6942],[-75.2627,10.6984],[-75.2573,10.7079],[-75.2563,10.7093]]]}},{"type":"Feature","properties":{"id":"COL-1399","name":"Bogota","nameBn":"বোগোতা","type":"Federal District","bounds":[-74.4936,3.6754,-73.995,4.8355],"center":[-74.2443,4.0856]},"geometry":{"type":"Polygon","coordinates":[[[-74.1544,4.0072],[-74.2085,4.0199],[-74.2236,4.0096],[-74.2433,3.9689],[-74.2564,3.9479],[-74.2815,3.9172],[-74.3004,3.8988],[-74.3096,3.8868],[-74.31,3.8769],[-74.3089,3.8652],[-74.3174,3.8427],[-74.3371,3.8104],[-74.4024,3.7311],[-74.4148,3.7016],[-74.4215,3.6932],[-74.4233,3.6877],[-74.4278,3.6796],[-74.4358,3.6754],[-74.4645,3.6776],[-74.4936,3.704],[-74.4214,3.805],[-74.3956,3.8514],[-74.3701,3.9091],[-74.3642,3.9289],[-74.3613,3.9452],[-74.3615,3.9572],[-74.3626,3.9674],[-74.3696,3.987],[-74.3712,4.0023],[-74.3705,4.0123],[-74.3716,4.0335],[-74.342,4.1125],[-74.3369,4.1196],[-74.3281,4.1261],[-74.3079,4.1111],[-74.2972,4.1057],[-74.2727,4.0985],[-74.2666,4.1012],[-74.2625,4.1095],[-74.2499,4.1531],[-74.2506,4.1965],[-74.231,4.2196],[-74.2198,4.2408],[-74.214,4.2561],[-74.2117,4.2715],[-74.2114,4.2879],[-74.2033,4.3402],[-74.1918,4.3768],[-74.1915,4.3943],[-74.1955,4.401],[-74.2164,4.3992],[-74.1793,4.5008],[-74.1774,4.5405],[-74.1888,4.582],[-74.1945,4.5919],[-74.2009,4.5973],[-74.2066,4.6006],[-74.212,4.6064],[-74.2247,4.629],[-74.1984,4.6496],[-74.1721,4.6618],[-74.1661,4.6676],[-74.1614,4.6759],[-74.1618,4.6804],[-74.1642,4.6832],[-74.1688,4.6829],[-74.1725,4.682],[-74.1744,4.6831],[-74.1735,4.6873],[-74.1732,4.691],[-74.1749,4.699],[-74.1569,4.7114],[-74.1509,4.7264],[-74.1343,4.7309],[-74.1315,4.7362],[-74.1111,4.7843],[-74.104,4.7918],[-74.0905,4.7986],[-74.0847,4.8066],[-74.0818,4.8133],[-74.0815,4.8247],[-74.0825,4.8284],[-74.0852,4.833],[-74.0814,4.8355],[-74.0673,4.8293],[-74.0576,4.8299],[-74.0392,4.8271],[-74.0107,4.8154],[-74.0172,4.7912],[-74.0188,4.7722],[-74.0163,4.691],[-74.0136,4.6815],[-74.0162,4.6714],[-74.026,4.6639],[-74.0299,4.6582],[-74.0312,4.6506],[-74.0291,4.643],[-74.0143,4.6309],[-73.995,4.6322],[-74.0137,4.5665],[-74.0287,4.5592],[-74.035,4.5534],[-74.0645,4.5048],[-74.0767,4.4879],[-74.0884,4.4671],[-74.1062,4.4533],[-74.1127,4.4435],[-74.1164,4.4303],[-74.1162,4.4047],[-74.1069,4.3796],[-74.103,4.3724],[-74.1077,4.3422],[-74.1493,4.2771],[-74.1524,4.2639],[-74.153,4.2487],[-74.1393,4.2091],[-74.1154,4.1812],[-74.1037,4.163],[-74.0939,4.142],[-74.095,4.132],[-74.1042,4.1179],[-74.1126,4.1093],[-74.1223,4.103],[-74.1293,4.0968],[-74.1335,4.0879],[-74.1363,4.0565],[-74.1544,4.0072]]]}},{"type":"Feature","properties":{"id":"COL-1413","name":"Bolívar","nameBn":"বলিভার বিভাগ","type":"Department","bounds":[-75.7036,6.9961,-73.7547,10.8109],"center":[-74.1807,8.5782]},"geometry":{"type":"MultiPolygon","coordinates":[[[[-75.5816,10.092],[-75.5886,10.1084],[-75.5894,10.1283],[-75.5839,10.1359],[-75.5801,10.1391],[-75.5723,10.1408],[-75.5655,10.1445],[-75.5616,10.15],[-75.5511,10.1723],[-75.544,10.1827],[-75.5409,10.1885],[-75.5375,10.1997],[-75.5362,10.211],[-75.5364,10.221],[-75.5355,10.2306],[-75.5307,10.2407],[-75.5629,10.2231],[-75.604,10.1961],[-75.6438,10.1544],[-75.6849,10.1315],[-75.7036,10.1344],[-75.6889,10.168],[-75.6602,10.1841],[-75.6464,10.1935],[-75.6377,10.2037],[-75.6308,10.2134],[-75.6254,10.2258],[-75.6163,10.2375],[-75.6136,10.2488],[-75.6177,10.2611],[-75.6151,10.2695],[-75.5922,10.2686],[-75.5975,10.277],[-75.5994,10.2856],[-75.5975,10.2944],[-75.5922,10.3027],[-75.5838,10.2824],[-75.5634,10.2871],[-75.5273,10.3096],[-75.5157,10.319],[-75.5164,10.3415],[-75.5218,10.3684],[-75.5238,10.3915],[-75.5307,10.3915],[-75.5392,10.3863],[-75.5443,10.393],[-75.5511,10.4194],[-75.558,10.4194],[-75.5609,10.4099],[-75.5642,10.4037],[-75.5694,10.4001],[-75.5785,10.3983],[-75.5747,10.4069],[-75.5694,10.4253],[-75.5655,10.4331],[-75.5593,10.439],[-75.5471,10.4442],[-75.5406,10.4499],[-75.5121,10.4817],[-75.5028,10.4877],[-75.508,10.4709],[-75.5187,10.4503],[-75.5222,10.4329],[-75.5065,10.4256],[-75.4933,10.4346],[-75.4871,10.4559],[-75.4863,10.4809],[-75.4891,10.5014],[-75.4933,10.5057],[-75.5004,10.5074],[-75.5102,10.5082],[-75.5096,10.5141],[-75.5041,10.5268],[-75.5028,10.5293],[-75.5044,10.5407],[-75.5045,10.5516],[-75.5081,10.5596],[-75.5205,10.5628],[-75.5245,10.5671],[-75.5196,10.5765],[-75.5098,10.5858],[-75.4996,10.5901],[-75.488,10.5916],[-75.4755,10.596],[-75.4639,10.6027],[-75.4549,10.6112],[-75.4548,10.6164],[-75.4625,10.6265],[-75.4618,10.631],[-75.4586,10.633],[-75.451,10.6359],[-75.4481,10.6379],[-75.4396,10.642],[-75.4309,10.6413],[-75.4242,10.6433],[-75.4215,10.6553],[-75.4177,10.6557],[-75.41,10.6646],[-75.4037,10.675],[-75.4038,10.6801],[-75.3976,10.6819],[-75.373,10.6931],[-75.3073,10.7095],[-75.2974,10.7174],[-75.2875,10.7335],[-75.2796,10.7427],[-75.2738,10.7443],[-75.2688,10.7414],[-75.2631,10.7398],[-75.2583,10.7371],[-75.2563,10.731],[-75.2585,10.7272],[-75.262,10.7242],[-75.2628,10.7203],[-75.2563,10.7136],[-75.2563,10.7093],[-75.2573,10.7079],[-75.2627,10.6984],[-75.2637,10.6942],[-75.2646,10.6854],[-75.2643,10.6797],[-75.2629,10.674],[-75.2571,10.6673],[-75.2374,10.6513],[-75.234,10.647],[-75.2313,10.6426],[-75.2288,10.6359],[-75.2271,10.6283],[-75.2281,10.6072],[-75.2304,10.6005],[-75.2343,10.5959],[-75.2439,10.5909],[-75.2534,10.5827],[-75.2549,10.5691],[-75.2653,10.5357],[-75.2664,10.5307],[-75.2636,10.5177],[-75.2541,10.5013],[-75.2538,10.4974],[-75.2498,10.4922],[-75.2435,10.4885],[-75.2048,10.4853],[-75.1876,10.4823],[-75.1749,10.4786],[-75.1713,10.4764],[-75.1691,10.4718],[-75.1688,10.469],[-75.1768,10.4566],[-75.1618,10.448],[-75.1327,10.4026],[-75.0765,10.4144],[-75.0308,10.3703],[-75.0148,10.3665],[-75.0085,10.364],[-74.9827,10.3428],[-74.9378,10.2918],[-74.9175,10.2674],[-74.9243,10.2542],[-74.931,10.2196],[-74.9446,10.1866],[-74.9477,10.1656],[-74.9435,10.1375],[-74.9321,10.126],[-74.9157,10.1198],[-74.8965,10.107],[-74.8887,10.1033],[-74.859,10.0973],[-74.8527,10.0931],[-74.847,10.0879],[-74.8379,10.0762],[-74.8249,10.0455],[-74.8216,10.0419],[-74.8146,10.0391],[-74.8076,10.0345],[-74.8044,10.0253],[-74.8061,9.9995],[-74.8123,9.9855],[-74.8247,9.9768],[-74.8599,9.9591],[-74.8705,9.9507],[-74.8768,9.9375],[-74.8789,9.9155],[-74.878,9.8699],[-74.8741,9.849],[-74.8652,9.8292],[-74.856,9.817],[-74.8214,9.7851],[-74.8152,9.7687],[-74.8196,9.7472],[-74.8275,9.725],[-74.8317,9.7063],[-74.8285,9.6858],[-74.82,9.6718],[-74.7938,9.648],[-74.7813,9.6313],[-74.7791,9.6163],[-74.7907,9.576],[-74.8058,9.4868],[-74.7998,9.4486],[-74.7702,9.4531],[-74.7624,9.4449],[-74.7423,9.4183],[-74.7298,9.4256],[-74.7165,9.4301],[-74.7032,9.4296],[-74.6908,9.422],[-74.686,9.4149],[-74.6811,9.4003],[-74.6771,9.3947],[-74.6712,9.3925],[-74.6582,9.3932],[-74.6529,9.3916],[-74.6365,9.3822],[-74.6293,9.3759],[-74.6262,9.3674],[-74.6246,9.3554],[-74.62,9.3453],[-74.6132,9.337],[-74.6051,9.3302],[-74.5727,9.3086],[-74.5571,9.2921],[-74.548,9.26],[-74.5415,9.2502],[-74.5327,9.243],[-74.5232,9.2395],[-74.5122,9.2408],[-74.5062,9.2464],[-74.5017,9.254],[-74.4953,9.2613],[-74.4788,9.2693],[-74.4631,9.2706],[-74.4307,9.2675],[-74.4263,9.262],[-74.4189,9.2355],[-74.4133,9.2265],[-74.4007,9.2213],[-74.3917,9.224],[-74.3831,9.2295],[-74.3718,9.2333],[-74.3536,9.2312],[-74.331,9.2241],[-74.3117,9.2139],[-74.3035,9.2029],[-74.3018,9.175],[-74.295,9.1665],[-74.2563,9.1651],[-74.238,9.1543],[-74.2122,9.1126],[-74.197,9.0931],[-74.1551,9.07],[-74.1415,9.0583],[-74.1533,9.049],[-74.1249,9.0373],[-74.0908,9.0292],[-74.0605,9.0325],[-74.0434,9.0552],[-74.0332,9.0444],[-74.0192,9.0345],[-74.0104,9.023],[-74.0161,9.0074],[-73.9841,8.9893],[-73.9001,8.9855],[-73.8721,8.9733],[-73.8849,8.9436],[-73.8824,8.9142],[-73.8704,8.8877],[-73.8547,8.8668],[-73.8201,8.8356],[-73.8076,8.8166],[-73.8032,8.7883],[-73.8079,8.7667],[-73.8269,8.73],[-73.8311,8.7092],[-73.8296,8.6436],[-73.8243,8.6238],[-73.8174,8.613],[-73.7999,8.5912],[-73.7964,8.5795],[-73.7964,8.545],[-73.7916,8.5222],[-73.7694,8.4823],[-73.7622,8.4594],[-73.7547,8.3887],[-73.7588,8.3731],[-73.7674,8.3586],[-73.7649,8.349],[-73.7585,8.3403],[-73.7554,8.329],[-73.7574,8.3225],[-73.7659,8.3098],[-73.7697,8.3011],[-73.7691,8.2978],[-73.7697,8.271],[-73.7717,8.2607],[-73.7807,8.2403],[-73.7827,8.2297],[-73.7848,8.2263],[-73.7941,8.2182],[-73.7964,8.2129],[-73.7955,8.2069],[-73.7907,8.1979],[-73.7874,8.1805],[-73.7844,8.1709],[-73.7856,8.1615],[-73.7964,8.1503],[-73.8069,8.1469],[-73.8162,8.1384],[-73.8225,8.1273],[-73.8311,8.1161],[-73.8353,8.1151],[-73.8554,8.1054],[-73.8547,8.1031],[-73.8653,8.0758],[-73.8723,8.0449],[-73.8737,8.0259],[-73.8721,8.0069],[-73.8549,7.9516],[-73.8578,7.9386],[-73.8437,7.8791],[-73.8342,7.8703],[-73.8291,7.8611],[-73.8169,7.8014],[-73.8155,7.7795],[-73.8243,7.7229],[-73.8278,7.7108],[-73.8339,7.703],[-73.836,7.6948],[-73.8277,7.6816],[-73.8233,7.672],[-73.825,7.6626],[-73.829,7.6533],[-73.8311,7.6444],[-73.8305,7.6101],[-73.8352,7.5953],[-73.8482,7.5891],[-73.8519,7.5797],[-73.9075,7.5099],[-73.9132,7.4949],[-73.9131,7.4557],[-73.9109,7.446],[-73.9015,7.4322],[-73.8994,7.4213],[-73.901,7.4117],[-73.9131,7.3837],[-73.9243,7.3421],[-73.9302,7.3008],[-74.2529,6.9961],[-74.2716,7.0],[-74.3006,6.9973],[-74.3196,7.0003],[-74.3439,7.0104],[-74.3542,7.025],[-74.3589,7.0468],[-74.3617,7.0688],[-74.3724,7.0972],[-74.3811,7.1287],[-74.3983,7.1686],[-74.4051,7.2],[-74.406,7.2243],[-74.3961,7.2581],[-74.3959,7.2984],[-74.4002,7.3219],[-74.3965,7.3434],[-74.3894,7.3575],[-74.368,7.3797],[-74.3583,7.3919],[-74.3522,7.4082],[-74.3474,7.4329],[-74.3644,7.4888],[-74.4044,7.4574],[-74.4159,7.4395],[-74.4327,7.3965],[-74.446,7.3809],[-74.4687,7.3614],[-74.4891,7.3578],[-74.508,7.3628],[-74.5287,7.3817],[-74.5626,7.4236],[-74.5818,7.4668],[-74.5861,7.4926],[-74.5869,7.524],[-74.5736,7.606],[-74.5606,7.6308],[-74.5393,7.6475],[-74.5172,7.6611],[-74.499,7.6781],[-74.4835,7.7065],[-74.4809,7.7242],[-74.4859,7.7367],[-74.4976,7.745],[-74.5104,7.7522],[-74.5223,7.7715],[-74.5312,7.8008],[-74.5425,7.9006],[-74.5525,7.9292],[-74.5632,7.9411],[-74.5814,7.9671],[-74.5995,7.9982],[-74.8349,8.1887],[-74.8278,8.2042],[-74.827,8.2168],[-74.8218,8.2262],[-74.8159,8.2343],[-74.801,8.2496],[-74.7993,8.257],[-74.8014,8.2624],[-74.805,8.2799],[-74.7801,8.2846],[-74.7712,8.2904],[-74.7502,8.308],[-74.74,8.3113],[-74.7063,8.3084],[-74.6802,8.3098],[-74.6571,8.3175],[-74.636,8.3319],[-74.6209,8.3491],[-74.6103,8.3725],[-74.607,8.3974],[-74.6037,8.405],[-74.6,8.4059],[-74.5912,8.4026],[-74.5744,8.401],[-74.5675,8.4131],[-74.5532,8.4511],[-74.5505,8.4628],[-74.5525,8.4805],[-74.5615,8.5151],[-74.5645,8.5438],[-74.5642,8.5655],[-74.5623,8.5705],[-74.5746,8.5818],[-74.5858,8.6118],[-74.603,8.7271],[-74.5938,8.748],[-74.5681,8.7698],[-74.5552,8.7937],[-74.5477,8.8004],[-74.5421,8.8067],[-74.5422,8.8145],[-74.5481,8.8247],[-74.5615,8.8381],[-74.6121,8.9138],[-74.6592,8.9657],[-74.7552,9.0384],[-74.7825,9.0489],[-74.8254,9.0765],[-74.8442,9.1123],[-74.8628,9.1493],[-74.8807,9.1644],[-74.8899,9.1687],[-74.9004,9.1769],[-74.9052,9.1861],[-74.9079,9.2002],[-74.9082,9.2133],[-74.9177,9.2563],[-74.9311,9.2848],[-74.9357,9.3035],[-74.9367,9.3152],[-74.9312,9.3343],[-74.9408,9.3467],[-74.9377,9.3569],[-74.9169,9.4025],[-74.9041,9.424],[-74.8992,9.4302],[-74.904,9.4374],[-74.9127,9.4417],[-74.933,9.4555],[-74.9403,9.4648],[-74.942,9.4693],[-74.9498,9.4684],[-74.9622,9.4634],[-74.9847,9.458],[-75.0049,9.4614],[-75.0205,9.4683],[-75.0273,9.4747],[-75.0295,9.4831],[-75.0084,9.5313],[-75.0382,9.539],[-75.0678,9.5398],[-75.0795,9.5477],[-75.1218,9.5854],[-75.1427,9.6108],[-75.1828,9.6432],[-75.1977,9.6493],[-75.2096,9.6504],[-75.2218,9.6473],[-75.2354,9.6489],[-75.2651,9.67],[-75.2832,9.6762],[-75.2979,9.6777],[-75.3109,9.6721],[-75.318,9.6643],[-75.3351,9.6491],[-75.3563,9.6573],[-75.3745,9.6403],[-75.3653,9.6846],[-75.3576,9.6967],[-75.3551,9.711],[-75.3541,9.7293],[-75.3499,9.7474],[-75.3396,9.7784],[-75.337,9.794],[-75.3414,9.8183],[-75.333,9.8498],[-75.3267,9.866],[-75.3272,9.8814],[-75.3484,9.8831],[-75.3612,9.8752],[-75.3751,9.8776],[-75.4549,9.9045],[-75.4782,9.9154],[-75.4846,9.9261],[-75.4827,9.9356],[-75.4677,9.9551],[-75.4639,9.9651],[-75.4643,9.974],[-75.4726,9.9927],[-75.4747,10.0047],[-75.4757,10.0396],[-75.4933,10.038],[-75.5098,10.0325],[-75.5241,10.033],[-75.5336,10.0375],[-75.5365,10.0472],[-75.532,10.0632],[-75.4856,10.1431],[-75.5816,10.092],[-75.5816,10.092]]],[[[-75.2297,10.7634],[-75.2296,10.7683],[-75.2452,10.7549],[-75.2495,10.7477],[-75.27,10.7591],[-75.2755,10.7778],[-75.2674,10.7953],[-75.2317,10.8073],[-75.2287,10.8109],[-75.2252,10.8039],[-75.2216,10.7795],[-75.2296,10.7636],[-75.2297,10.7634]]],[[[-75.5868,10.3678],[-75.5758,10.3779],[-75.5681,10.3728],[-75.5559,10.3678],[-75.5379,10.3627],[-75.5353,10.3506],[-75.5463,10.3393],[-75.5559,10.3405],[-75.5675,10.3437],[-75.5759,10.3387],[-75.5784,10.326],[-75.5823,10.319],[-75.5907,10.319],[-75.5945,10.3311],[-75.5958,10.3475],[-75.5926,10.3602],[-75.5868,10.3678]]]]}},{"type":"Feature","properties":{"id":"COL-1315","name":"Boyacá","nameBn":"বয়াকা বিভাগ","type":"Department","bounds":[-74.6625,4.6608,-71.964,7.0401],"center":[-72.933,5.6852]},"geometry":{"type":"Polygon","coordinates":[[[-71.9938,7.0129],[-71.964,7.0059],[-71.9651,7.0014],[-71.9723,6.9776],[-71.9829,6.9574],[-72.0207,6.8609],[-72.0404,6.8252],[-72.053,6.7824],[-72.072,6.7573],[-72.0948,6.7467],[-72.1017,6.7291],[-72.1255,6.539],[-72.1363,6.5044],[-72.1451,6.4893],[-72.1573,6.4747],[-72.1744,6.4676],[-72.1883,6.4664],[-72.1994,6.4622],[-72.2088,6.4551],[-72.2179,6.4427],[-72.228,6.4318],[-72.2362,6.4264],[-72.245,6.428],[-72.2504,6.4323],[-72.2548,6.4368],[-72.2588,6.4384],[-72.2645,6.4371],[-72.2727,6.4321],[-72.282,6.4222],[-72.2871,6.4123],[-72.2882,6.3992],[-72.2955,6.3752],[-72.3217,6.3513],[-72.3544,6.3345],[-72.396,6.2675],[-72.4157,6.2041],[-72.4166,6.1938],[-72.4143,6.1866],[-72.3988,6.1783],[-72.3931,6.1719],[-72.3874,6.1484],[-72.3811,6.135],[-72.3775,6.1218],[-72.3712,6.1091],[-72.341,6.0789],[-72.3438,6.0595],[-72.358,6.033],[-72.3669,5.9826],[-72.3892,5.9089],[-72.3928,5.9009],[-72.4155,5.8964],[-72.4315,5.8902],[-72.4411,5.8821],[-72.4476,5.8743],[-72.4474,5.8542],[-72.3514,5.8031],[-72.3111,5.774],[-72.3038,5.7505],[-72.2839,5.7353],[-72.2609,5.7026],[-72.2377,5.6831],[-72.2526,5.6702],[-72.2597,5.6676],[-72.2668,5.6594],[-72.2721,5.6496],[-72.2753,5.6315],[-72.2793,5.6178],[-72.2836,5.6067],[-72.2966,5.5953],[-72.3026,5.584],[-72.3063,5.5749],[-72.3193,5.5061],[-72.3265,5.4999],[-72.3347,5.5019],[-72.3481,5.5102],[-72.3701,5.5271],[-72.3767,5.534],[-72.3856,5.5507],[-72.3913,5.5591],[-72.3985,5.5643],[-72.409,5.5631],[-72.4206,5.5577],[-72.4441,5.5305],[-72.5547,5.4121],[-72.576,5.3758],[-72.5901,5.3542],[-72.6322,5.3304],[-72.6902,5.2779],[-72.7096,5.2795],[-72.7378,5.3163],[-72.7565,5.3316],[-72.7803,5.3664],[-72.7882,5.3751],[-72.8085,5.384],[-72.8315,5.3656],[-72.8424,5.3588],[-72.8576,5.3458],[-72.8743,5.3276],[-72.93,5.2495],[-72.9383,5.2405],[-72.9346,5.2052],[-72.9421,5.1972],[-72.9451,5.1914],[-72.9482,5.1826],[-72.9532,5.1605],[-72.9535,5.1467],[-72.9486,5.1323],[-72.9385,5.1154],[-72.9136,5.0957],[-72.9061,5.083],[-72.9217,5.055],[-72.9273,5.0315],[-72.9331,5.0204],[-72.9501,5.0049],[-72.9737,4.9788],[-73.0114,4.9949],[-73.0252,4.9933],[-73.0309,4.9851],[-73.0465,4.9196],[-73.0495,4.8744],[-73.0663,4.8301],[-73.0686,4.8108],[-73.049,4.753],[-73.053,4.7348],[-73.068,4.7345],[-73.0733,4.7285],[-73.0754,4.7234],[-73.074,4.7181],[-73.0744,4.7129],[-73.0773,4.7068],[-73.0894,4.6867],[-73.0925,4.6787],[-73.1003,4.6712],[-73.1132,4.664],[-73.1545,4.6608],[-73.1956,4.6769],[-73.2181,4.6776],[-73.2245,4.6953],[-73.2284,4.7236],[-73.2375,4.7303],[-73.2468,4.7337],[-73.2569,4.7343],[-73.2666,4.7339],[-73.2845,4.7284],[-73.2964,4.7298],[-73.3044,4.7379],[-73.3093,4.7489],[-73.3291,4.7838],[-73.3683,4.7977],[-73.3699,4.8043],[-73.3658,4.8198],[-73.3731,4.8312],[-73.3876,4.8474],[-73.4027,4.8715],[-73.4117,4.8777],[-73.4409,4.8867],[-73.5233,4.8884],[-73.5453,4.9194],[-73.5453,4.9324],[-73.5143,4.9912],[-73.5176,5.0238],[-73.4784,5.0525],[-73.4759,5.0659],[-73.4915,5.0942],[-73.4945,5.1157],[-73.4898,5.1304],[-73.4931,5.1418],[-73.5177,5.184],[-73.5251,5.211],[-73.5216,5.2373],[-73.5369,5.264],[-73.5419,5.2702],[-73.5583,5.2839],[-73.5848,5.3046],[-73.5903,5.3164],[-73.5937,5.3305],[-73.5936,5.3409],[-73.5889,5.3553],[-73.5828,5.3675],[-73.5901,5.3778],[-73.5901,5.3856],[-73.5911,5.3871],[-73.6,5.3937],[-73.6417,5.4307],[-73.6518,5.4516],[-73.6538,5.4617],[-73.6599,5.4624],[-73.6678,5.46],[-73.6798,5.4602],[-73.6954,5.4662],[-73.7181,5.4876],[-73.7393,5.4827],[-73.7915,5.508],[-73.7915,5.5586],[-73.7983,5.564],[-73.8029,5.5641],[-73.8126,5.562],[-73.8216,5.5585],[-73.8438,5.539],[-73.8992,5.4819],[-73.8991,5.4637],[-73.9067,5.442],[-73.9348,5.4342],[-74.0001,5.3743],[-74.0471,5.4004],[-74.0623,5.4018],[-74.0779,5.411],[-74.0887,5.4197],[-74.0989,5.4352],[-74.098,5.4556],[-74.1475,5.4529],[-74.1585,5.4567],[-74.1769,5.4662],[-74.2088,5.4842],[-74.2313,5.485],[-74.2439,5.4839],[-74.2499,5.4908],[-74.2515,5.4992],[-74.2495,5.5175],[-74.2493,5.5243],[-74.2569,5.5447],[-74.2998,5.586],[-74.3135,5.6138],[-74.315,5.6239],[-74.3133,5.6361],[-74.3009,5.6579],[-74.2913,5.6693],[-74.2884,5.6816],[-74.2901,5.6908],[-74.2977,5.7013],[-74.3028,5.7168],[-74.3017,5.7343],[-74.3027,5.7469],[-74.3042,5.7547],[-74.3116,5.7646],[-74.3135,5.7742],[-74.3134,5.784],[-74.3122,5.7895],[-74.3128,5.7932],[-74.315,5.7955],[-74.3193,5.7972],[-74.3231,5.7994],[-74.3264,5.803],[-74.3283,5.8077],[-74.33,5.813],[-74.3326,5.8192],[-74.3391,5.8257],[-74.3475,5.8264],[-74.3618,5.817],[-74.392,5.7911],[-74.4067,5.7819],[-74.4161,5.7745],[-74.4406,5.7672],[-74.4875,5.7769],[-74.5012,5.7809],[-74.516,5.7876],[-74.5339,5.7906],[-74.5406,5.7891],[-74.5524,5.7798],[-74.5758,5.7693],[-74.6304,5.7597],[-74.6461,5.7525],[-74.6506,5.7583],[-74.6583,5.7642],[-74.6625,5.7719],[-74.6495,5.7988],[-74.6399,5.8618],[-74.6324,5.876],[-74.6207,5.8919],[-74.6073,5.9048],[-74.5949,5.9102],[-74.5908,5.9182],[-74.606,5.9598],[-74.6051,5.9784],[-74.5996,5.9827],[-74.5829,5.9893],[-74.5778,5.9927],[-74.5743,6.0016],[-74.5747,6.0088],[-74.5767,6.0154],[-74.5778,6.0228],[-74.576,6.064],[-74.5777,6.0788],[-74.5846,6.0951],[-74.599,6.1114],[-74.6044,6.121],[-74.6051,6.1361],[-74.6008,6.1496],[-74.5875,6.1728],[-74.5798,6.216],[-74.5667,6.2412],[-74.5472,6.2627],[-74.5194,6.2823],[-74.5146,6.2598],[-74.5134,6.2513],[-74.505,6.2207],[-74.4949,6.2014],[-74.4798,6.1552],[-74.4412,6.0955],[-74.4195,6.0736],[-74.4062,6.0627],[-74.3926,6.0553],[-74.3841,6.0495],[-74.3756,6.045],[-74.3663,6.0411],[-74.3569,6.0391],[-74.3427,6.0427],[-74.3172,6.062],[-74.3032,6.069],[-74.2903,6.0707],[-74.2792,6.0633],[-74.27,6.0498],[-74.2582,6.0202],[-74.2475,6.0017],[-74.2392,5.9817],[-74.2399,5.9639],[-74.2639,5.9185],[-74.2696,5.8985],[-74.2704,5.8832],[-74.2575,5.8482],[-74.2407,5.8451],[-74.2338,5.8463],[-74.2218,5.8541],[-74.2078,5.866],[-74.1945,5.8881],[-74.1745,5.9008],[-74.1533,5.882],[-74.1108,5.8706],[-74.097,5.8559],[-74.088,5.8241],[-74.0698,5.824],[-74.0591,5.8215],[-74.0487,5.8137],[-74.0312,5.7805],[-74.0084,5.7521],[-73.9732,5.7326],[-73.9617,5.7333],[-73.95,5.7383],[-73.9418,5.7399],[-73.9216,5.7471],[-73.9044,5.7487],[-73.894,5.7473],[-73.8837,5.7426],[-73.8774,5.7371],[-73.8785,5.7114],[-73.8339,5.7391],[-73.7687,5.7556],[-73.7371,5.7611],[-73.7146,5.7587],[-73.6943,5.752],[-73.6764,5.7412],[-73.6569,5.7245],[-73.6487,5.7154],[-73.6384,5.7227],[-73.6353,5.733],[-73.6332,5.7434],[-73.6331,5.7653],[-73.6237,5.8152],[-73.614,5.8449],[-73.6129,5.8681],[-73.6142,5.8884],[-73.6187,5.9048],[-73.6137,5.9222],[-73.594,5.9522],[-73.5892,5.9889],[-73.5783,6.0072],[-73.5352,6.0421],[-73.5309,6.0527],[-73.4993,6.1071],[-73.4838,6.0916],[-73.4381,6.0696],[-73.3975,6.0319],[-73.3854,6.0129],[-73.3819,6.001],[-73.3818,5.9835],[-73.3854,5.9629],[-73.4008,5.9223],[-73.4156,5.8987],[-73.4381,5.8874],[-73.4408,5.8711],[-73.4419,5.8668],[-73.4634,5.8527],[-73.4716,5.8477],[-73.4683,5.8135],[-73.4288,5.7639],[-73.4153,5.7551],[-73.403,5.7562],[-73.3898,5.7914],[-73.3694,5.8109],[-73.3586,5.8357],[-73.3552,5.8583],[-73.3513,5.8625],[-73.3452,5.8634],[-73.3116,5.8534],[-73.2862,5.8559],[-73.2368,5.9325],[-73.2192,5.9825],[-73.2009,5.9907],[-73.1954,5.9911],[-73.1841,5.9882],[-73.1594,5.9719],[-73.127,5.9555],[-73.0348,5.9407],[-73.0169,5.9407],[-73.007,5.9506],[-72.9924,5.9996],[-72.9173,6.0889],[-72.9067,6.1069],[-72.8937,6.1232],[-72.8661,6.1336],[-72.8357,6.1411],[-72.8174,6.1534],[-72.7993,6.2025],[-72.7815,6.2126],[-72.7703,6.217],[-72.7546,6.2295],[-72.7477,6.2413],[-72.7448,6.2515],[-72.7456,6.27],[-72.7427,6.2889],[-72.7557,6.3197],[-72.7353,6.376],[-72.7402,6.4184],[-72.7334,6.4566],[-72.7375,6.4702],[-72.7445,6.4859],[-72.7534,6.496],[-72.7636,6.5028],[-72.7944,6.5332],[-72.8016,6.5519],[-72.7916,6.5671],[-72.772,6.5736],[-72.7622,6.5736],[-72.7435,6.5557],[-72.7089,6.5288],[-72.6923,6.5073],[-72.6814,6.4862],[-72.6616,6.4348],[-72.6439,6.4302],[-72.6167,6.4381],[-72.5808,6.4748],[-72.5612,6.4838],[-72.5506,6.4904],[-72.5424,6.5025],[-72.5424,6.5614],[-72.5355,6.5777],[-72.4978,6.6458],[-72.4812,6.7216],[-72.4769,6.7598],[-72.4871,6.794],[-72.4878,6.8092],[-72.4859,6.8223],[-72.478,6.8441],[-72.5049,6.9151],[-72.48,6.9101],[-72.4228,6.8792],[-72.4013,6.8754],[-72.3832,6.8784],[-72.3657,6.8886],[-72.3384,6.9132],[-72.3264,6.928],[-72.3163,6.9429],[-72.3057,6.9708],[-72.2878,7.0057],[-72.2648,7.0],[-72.2578,6.9814],[-72.2515,6.9768],[-72.2421,6.9789],[-72.2327,6.9849],[-72.2234,6.9941],[-72.2171,7.0025],[-72.2139,7.0106],[-72.2128,7.0178],[-72.2091,7.0263],[-72.2024,7.0327],[-72.1817,7.0401],[-72.1,7.0381],[-72.0721,7.031],[-72.0527,7.024],[-72.0337,7.0137],[-71.9938,7.0129]]]}},{"type":"Feature","properties":{"id":"COL-1397","name":"Caldas","nameBn":"কালডাস বিভাগ","type":"Department","bounds":[-75.9268,4.8001,-74.6318,5.7791],"center":[-75.2793,5.2904]},"geometry":{"type":"Polygon","coordinates":[[[-74.6625,5.7719],[-74.6583,5.7642],[-74.6506,5.7583],[-74.6461,5.7525],[-74.6461,5.7184],[-74.6449,5.7143],[-74.6424,5.7099],[-74.6393,5.7062],[-74.6318,5.7025],[-74.6337,5.6976],[-74.6377,5.6918],[-74.6435,5.6791],[-74.6499,5.6689],[-74.6519,5.66],[-74.643,5.6563],[-74.6374,5.6442],[-74.6433,5.6172],[-74.6604,5.5744],[-74.6448,5.5698],[-74.6407,5.5629],[-74.6473,5.5567],[-74.6638,5.5539],[-74.6776,5.5494],[-74.6801,5.5396],[-74.6736,5.5299],[-74.6604,5.526],[-74.6668,5.5108],[-74.6684,5.4923],[-74.666,5.4738],[-74.6604,5.4583],[-74.675,5.4558],[-74.678,5.4492],[-74.6734,5.427],[-74.6767,5.4215],[-74.6839,5.4166],[-74.6912,5.41],[-74.6988,5.3837],[-74.7176,5.3502],[-74.7218,5.3304],[-74.7251,5.3253],[-74.7407,5.3106],[-74.746,5.3075],[-74.7505,5.3024],[-74.7487,5.2908],[-74.7592,5.2879],[-74.7975,5.3044],[-74.8331,5.3144],[-74.842,5.3141],[-74.8629,5.31],[-74.8821,5.3017],[-74.9203,5.3097],[-74.941,5.3095],[-74.9774,5.297],[-74.9987,5.2941],[-75.0128,5.2939],[-75.0301,5.2866],[-75.0381,5.2802],[-75.0628,5.2689],[-75.068,5.2515],[-75.11,5.1897],[-75.1159,5.1781],[-75.1174,5.1724],[-75.1199,5.1674],[-75.1251,5.1637],[-75.1343,5.1608],[-75.1488,5.164],[-75.1706,5.1737],[-75.1997,5.1609],[-75.2087,5.1512],[-75.2233,5.1425],[-75.2416,5.1363],[-75.2555,5.1363],[-75.2675,5.14],[-75.2795,5.1387],[-75.2944,5.1318],[-75.3159,5.1122],[-75.3389,5.0858],[-75.3485,5.0602],[-75.3309,5.0511],[-75.3173,5.0275],[-75.3486,4.9666],[-75.3522,4.9521],[-75.3539,4.9391],[-75.3382,4.9088],[-75.3293,4.894],[-75.3307,4.8789],[-75.3375,4.8633],[-75.3557,4.8386],[-75.378,4.8001],[-75.4031,4.8252],[-75.4331,4.8487],[-75.4503,4.866],[-75.4638,4.8827],[-75.4834,4.9126],[-75.4924,4.9194],[-75.503,4.9222],[-75.524,4.9237],[-75.5507,4.931],[-75.5618,4.932],[-75.5847,4.9301],[-75.6107,4.9337],[-75.6147,4.9397],[-75.6148,4.9448],[-75.6167,4.9511],[-75.6262,4.9672],[-75.6342,4.9718],[-75.6381,4.9735],[-75.6404,4.9723],[-75.6403,4.9706],[-75.6411,4.9688],[-75.6615,4.9504],[-75.667,4.947],[-75.6743,4.9448],[-75.688,4.9435],[-75.6981,4.9455],[-75.7056,4.9491],[-75.7092,4.9526],[-75.7137,4.9622],[-75.7484,5.0451],[-75.7547,5.0448],[-75.7834,5.0003],[-75.7861,4.992],[-75.7878,4.9584],[-75.7905,4.948],[-75.796,4.9389],[-75.8112,4.9242],[-75.8188,4.9202],[-75.8401,4.9245],[-75.8585,4.9323],[-75.862,4.94],[-75.8852,4.958],[-75.8959,4.9732],[-75.9025,4.9883],[-75.9042,4.9944],[-75.9052,5.0018],[-75.9058,5.0178],[-75.914,5.0316],[-75.9268,5.0435],[-75.9045,5.0999],[-75.8921,5.1207],[-75.8876,5.1244],[-75.8794,5.1255],[-75.8614,5.1245],[-75.8553,5.1222],[-75.8379,5.1111],[-75.8301,5.1486],[-75.8083,5.1921],[-75.8053,5.2004],[-75.8041,5.2084],[-75.8049,5.2281],[-75.8068,5.2338],[-75.8141,5.2386],[-75.8181,5.2431],[-75.8201,5.2505],[-75.8218,5.2615],[-75.8173,5.2723],[-75.7981,5.2878],[-75.7932,5.2883],[-75.7863,5.2871],[-75.7685,5.2789],[-75.752,5.2837],[-75.7375,5.2696],[-75.7335,5.2674],[-75.7245,5.2638],[-75.6925,5.257],[-75.6749,5.2638],[-75.6675,5.2657],[-75.6481,5.2941],[-75.6437,5.3044],[-75.6552,5.3167],[-75.6611,5.3248],[-75.6639,5.3378],[-75.6637,5.3446],[-75.6692,5.3526],[-75.6986,5.3827],[-75.7097,5.3914],[-75.7188,5.3963],[-75.7242,5.3964],[-75.729,5.3945],[-75.7401,5.386],[-75.7445,5.3842],[-75.756,5.3843],[-75.7953,5.3665],[-75.8027,5.365],[-75.8392,5.3609],[-75.8564,5.3742],[-75.8563,5.3783],[-75.8575,5.3876],[-75.8566,5.3988],[-75.8578,5.4894],[-75.8044,5.5112],[-75.7389,5.5572],[-75.7247,5.5589],[-75.7099,5.548],[-75.6986,5.5406],[-75.6874,5.529],[-75.6779,5.5267],[-75.6566,5.5276],[-75.6354,5.5249],[-75.6123,5.5266],[-75.6006,5.5227],[-75.5857,5.5188],[-75.5812,5.5424],[-75.58,5.5623],[-75.5824,5.5829],[-75.598,5.6378],[-75.5978,5.6524],[-75.5925,5.6832],[-75.6069,5.6883],[-75.6125,5.7008],[-75.6125,5.732],[-75.6132,5.7352],[-75.6011,5.7351],[-75.5692,5.723],[-75.5561,5.721],[-75.545,5.7113],[-75.5447,5.7082],[-75.5421,5.7044],[-75.5407,5.7008],[-75.5396,5.6969],[-75.5359,5.6922],[-75.5306,5.6881],[-75.4929,5.6737],[-75.4867,5.6697],[-75.4765,5.6694],[-75.4705,5.6704],[-75.4261,5.6943],[-75.4155,5.6898],[-75.4117,5.686],[-75.4067,5.6823],[-75.3999,5.679],[-75.3846,5.6742],[-75.379,5.6683],[-75.3763,5.6585],[-75.3775,5.6392],[-75.3792,5.6286],[-75.3775,5.6192],[-75.3673,5.6076],[-75.3603,5.6029],[-75.3533,5.6009],[-75.3471,5.5975],[-75.3399,5.5866],[-75.3162,5.5171],[-75.314,5.5057],[-75.3135,5.4999],[-75.318,5.4636],[-75.2914,5.4738],[-75.2761,5.4336],[-75.2713,5.4347],[-75.2649,5.4371],[-75.2536,5.456],[-75.25,5.461],[-75.2459,5.4654],[-75.2418,5.471],[-75.2317,5.4893],[-75.2256,5.4953],[-75.2158,5.503],[-75.195,5.5164],[-75.1809,5.5232],[-75.1717,5.5267],[-75.1679,5.5276],[-75.143,5.5301],[-75.1375,5.5328],[-75.1344,5.5354],[-75.1337,5.5436],[-75.1002,5.5809],[-75.0917,5.5963],[-75.0917,5.6005],[-75.0926,5.6046],[-75.0938,5.6334],[-75.0912,5.6596],[-75.054,5.6631],[-75.0339,5.67],[-75.0215,5.6765],[-75.0144,5.6812],[-75.0092,5.6861],[-75.0045,5.6918],[-75.0011,5.6981],[-74.997,5.7033],[-74.9909,5.7139],[-74.9269,5.7325],[-74.8898,5.7397],[-74.8668,5.7438],[-74.8466,5.7382],[-74.8418,5.7347],[-74.8389,5.7311],[-74.8284,5.7213],[-74.7872,5.6943],[-74.7773,5.6897],[-74.7437,5.6996],[-74.7313,5.7231],[-74.7265,5.7445],[-74.7226,5.7548],[-74.7187,5.7615],[-74.7176,5.7695],[-74.7151,5.7728],[-74.7118,5.7749],[-74.7038,5.7768],[-74.6985,5.7765],[-74.6896,5.7791],[-74.6861,5.7791],[-74.6825,5.7775],[-74.6743,5.7694],[-74.6711,5.7667],[-74.6625,5.7719]]]}},{"type":"Feature","properties":{"id":"COL-1403","name":"Caquetá","nameBn":"কাকুয়েটা বিভাগ","type":"Intendancy","bounds":[-76.297,-0.685,-71.3223,2.9507],"center":[-73.8097,0.6155]},"geometry":{"type":"Polygon","coordinates":[[[-75.1556,2.5237],[-75.1224,2.5341],[-75.0369,2.5999],[-75.0032,2.6382],[-74.9955,2.6553],[-75.0035,2.6851],[-75.0259,2.7091],[-75.0496,2.7244],[-75.0576,2.7489],[-75.0529,2.7682],[-75.0402,2.7993],[-75.0203,2.8354],[-74.9768,2.8922],[-74.9377,2.9276],[-74.9226,2.9417],[-74.9144,2.946],[-74.8975,2.9507],[-74.7978,2.9186],[-74.7503,2.9122],[-74.7302,2.9073],[-74.7126,2.897],[-74.7003,2.8846],[-74.691,2.8696],[-74.6625,2.7956],[-74.6472,2.7735],[-74.628,2.7551],[-74.6087,2.7411],[-74.5964,2.7212],[-74.5961,2.6854],[-74.6516,2.4646],[-74.6582,2.4144],[-74.6594,2.3826],[-74.6554,2.3472],[-74.6459,2.3182],[-74.6297,2.293],[-74.5691,2.2252],[-74.5537,2.203],[-74.5437,2.1819],[-74.5427,2.1616],[-74.5492,2.1429],[-74.5644,2.123],[-74.5867,2.099],[-74.6052,2.0734],[-74.6159,2.0431],[-74.6163,2.0084],[-74.6068,1.9624],[-74.585,1.9149],[-74.5505,1.8714],[-74.5108,1.8439],[-73.9178,1.6347],[-73.8897,1.6314],[-73.8525,1.6308],[-73.7575,1.6382],[-73.6751,1.6245],[-73.667,1.5977],[-73.6652,1.584],[-73.5639,1.4368],[-73.5477,1.4204],[-73.4969,1.3812],[-73.4831,1.3647],[-73.4678,1.3366],[-73.4534,1.3181],[-73.4432,1.3023],[-73.4317,1.2697],[-73.4299,1.2563],[-73.4295,1.2334],[-73.4257,1.2094],[-73.3748,1.1521],[-73.2741,1.0632],[-73.2473,1.0283],[-73.2106,1.0174],[-73.199,1.0094],[-73.1921,0.9975],[-73.1865,0.983],[-73.1757,0.9685],[-73.1574,0.9545],[-73.1353,0.9415],[-73.0829,0.9243],[-73.0629,0.9247],[-73.0482,0.9267],[-73.0332,0.9322],[-73.0199,0.9409],[-73.0114,0.9477],[-72.9961,0.9709],[-72.9741,0.9882],[-72.9536,1.0109],[-72.9382,1.0247],[-72.9071,1.0381],[-72.8931,1.0466],[-72.887,1.0588],[-72.8833,1.0723],[-72.8828,1.0836],[-72.8867,1.103],[-72.885,1.1142],[-72.8769,1.1312],[-72.8736,1.1484],[-72.8706,1.1577],[-72.8579,1.174],[-72.8503,1.1781],[-72.8413,1.1798],[-72.833,1.1823],[-72.8279,1.1868],[-72.8256,1.1948],[-72.8182,1.1978],[-72.8054,1.1936],[-72.7896,1.1836],[-72.7756,1.1656],[-72.7607,1.1534],[-72.7392,1.1873],[-72.7386,1.1973],[-72.7151,1.2012],[-72.7032,1.2039],[-72.6707,1.1911],[-72.6553,1.1814],[-72.6266,1.1564],[-72.5445,1.1036],[-72.5205,1.0962],[-72.4871,1.0915],[-72.4741,1.0851],[-72.4281,1.0424],[-72.4176,1.026],[-72.4135,1.0074],[-72.4115,0.9763],[-72.4083,0.9605],[-72.4029,0.9473],[-72.3913,0.9395],[-72.3762,0.9381],[-72.3624,0.933],[-72.3546,0.9143],[-72.3515,0.8835],[-72.3471,0.8768],[-72.3365,0.8722],[-72.3268,0.8755],[-72.3192,0.8835],[-72.3122,0.8836],[-72.3047,0.8629],[-72.3059,0.8479],[-72.3105,0.8301],[-72.3115,0.8135],[-72.3017,0.8029],[-72.2734,0.7937],[-72.2641,0.7847],[-72.2456,0.7445],[-72.2381,0.7366],[-72.1709,0.7318],[-72.1525,0.7277],[-72.1067,0.7102],[-72.0984,0.7041],[-72.0932,0.6954],[-72.0905,0.6847],[-72.0866,0.6751],[-72.078,0.6692],[-72.0358,0.664],[-72.0197,0.6555],[-72.0086,0.6334],[-72.0024,0.5938],[-71.9951,0.5763],[-71.9791,0.5645],[-71.9719,0.5672],[-71.968,0.5761],[-71.9608,0.5803],[-71.9437,0.5689],[-71.9328,0.5552],[-71.9266,0.5395],[-71.9272,0.5237],[-71.9363,0.51],[-71.9364,0.4867],[-71.9041,0.4609],[-71.8646,0.4364],[-71.843,0.4172],[-71.8441,0.4029],[-71.8493,0.3852],[-71.8524,0.3681],[-71.847,0.3555],[-71.8322,0.3549],[-71.8017,0.3767],[-71.7871,0.3733],[-71.7758,0.3558],[-71.7686,0.338],[-71.7572,0.3236],[-71.7338,0.3161],[-71.722,0.3079],[-71.7014,0.2719],[-71.689,0.2583],[-71.5889,0.2108],[-71.5385,0.1777],[-71.5267,0.1783],[-71.5157,0.1845],[-71.4998,0.1896],[-71.4899,0.189],[-71.4726,0.1831],[-71.4642,0.1819],[-71.4529,0.1834],[-71.4214,0.1916],[-71.4106,0.1893],[-71.3873,0.1744],[-71.3528,0.1625],[-71.3223,0.1332],[-71.3897,0.0675],[-71.4414,0.0383],[-71.6259,-0.043],[-71.6891,-0.0857],[-71.7276,-0.1296],[-71.739,-0.1732],[-71.7532,-0.2034],[-71.7742,-0.2247],[-71.8062,-0.2381],[-71.845,-0.2459],[-71.9814,-0.2445],[-72.0122,-0.2476],[-72.0369,-0.2596],[-72.0753,-0.2968],[-72.1286,-0.3263],[-72.143,-0.3422],[-72.1747,-0.3936],[-72.1929,-0.4176],[-72.2144,-0.4408],[-72.2324,-0.4673],[-72.2391,-0.4987],[-72.2392,-0.5332],[-72.2366,-0.5622],[-72.2375,-0.5683],[-72.2424,-0.5869],[-72.2543,-0.5996],[-72.2798,-0.6213],[-72.3245,-0.6293],[-72.3597,-0.6064],[-72.3904,-0.5748],[-72.4219,-0.5566],[-72.4466,-0.5669],[-72.4784,-0.594],[-72.5265,-0.6486],[-72.5394,-0.6703],[-72.5498,-0.6833],[-72.5644,-0.685],[-72.5904,-0.673],[-72.6157,-0.6569],[-72.7207,-0.5715],[-72.7499,-0.5592],[-72.7792,-0.5645],[-72.8154,-0.5884],[-72.8848,-0.6017],[-72.9974,-0.5266],[-73.0585,-0.5697],[-73.0813,-0.5936],[-73.1045,-0.6],[-73.1313,-0.601],[-73.1653,-0.6084],[-73.2055,-0.6047],[-73.2443,-0.5753],[-73.281,-0.5384],[-73.3147,-0.5127],[-73.3318,-0.5073],[-73.3406,-0.51],[-73.3494,-0.5177],[-73.367,-0.5272],[-73.389,-0.5313],[-73.4347,-0.5289],[-73.4791,-0.5327],[-73.5542,-0.5206],[-73.567,-0.5134],[-73.5746,-0.4998],[-73.5861,-0.4706],[-73.5958,-0.462],[-73.6066,-0.4607],[-73.6178,-0.4625],[-73.6292,-0.4628],[-73.633,-0.462],[-73.6367,-0.4603],[-73.6404,-0.4579],[-73.644,-0.4542],[-73.6458,-0.4472],[-73.6423,-0.4289],[-73.6436,-0.4219],[-73.6494,-0.4167],[-73.6552,-0.4154],[-73.6608,-0.415],[-73.6666,-0.4125],[-73.6959,-0.3938],[-73.7137,-0.3867],[-73.7284,-0.3865],[-73.7564,-0.4017],[-73.7701,-0.4069],[-73.7873,-0.4074],[-73.8641,-0.3929],[-73.8656,-0.3926],[-73.9417,-0.3697],[-73.9897,-0.3495],[-74.0114,-0.3351],[-74.0441,-0.2965],[-74.0978,-0.2556],[-74.1167,-0.2463],[-74.1336,-0.2511],[-74.1504,-0.259],[-74.1688,-0.2583],[-74.1751,-0.2517],[-74.1795,-0.2317],[-74.1838,-0.2249],[-74.1929,-0.2205],[-74.1992,-0.22],[-74.2055,-0.221],[-74.2147,-0.2208],[-74.2249,-0.2223],[-74.2325,-0.2264],[-74.2404,-0.2279],[-74.2516,-0.2214],[-74.2591,-0.2128],[-74.2635,-0.2038],[-74.273,-0.1738],[-74.2736,-0.1663],[-74.2754,-0.1592],[-74.282,-0.1494],[-74.2915,-0.1415],[-74.3276,-0.1228],[-74.3483,-0.1184],[-74.3834,-0.1326],[-74.3995,-0.1323],[-74.4074,-0.1211],[-74.4089,-0.105],[-74.4132,-0.0903],[-74.4296,-0.083],[-74.4459,-0.0888],[-74.4555,-0.1188],[-74.4698,-0.1258],[-74.4865,-0.1225],[-74.4956,-0.1165],[-74.505,-0.113],[-74.5227,-0.1174],[-74.5387,-0.1194],[-74.559,-0.1166],[-74.5786,-0.1103],[-74.5927,-0.1021],[-74.5982,-0.0932],[-74.6047,-0.0712],[-74.6097,-0.0636],[-74.6183,-0.0594],[-74.6259,-0.0589],[-74.633,-0.0593],[-74.6493,-0.0565],[-74.6575,-0.0575],[-74.6638,-0.0542],[-74.6682,-0.0402],[-74.6706,-0.0229],[-74.6728,-0.0145],[-74.6841,0.0063],[-74.6827,0.0136],[-74.677,0.0202],[-74.6636,0.0461],[-74.6583,0.0538],[-74.662,0.0589],[-74.6819,0.0656],[-74.6956,0.0746],[-74.6926,0.0857],[-74.683,0.0979],[-74.6767,0.1099],[-74.6829,0.1509],[-74.7074,0.1809],[-74.7429,0.2003],[-74.8553,0.2219],[-74.9198,0.2568],[-74.9624,0.2708],[-74.9704,0.2816],[-74.9749,0.3155],[-74.989,0.3609],[-74.9914,0.3753],[-74.9851,0.4424],[-74.9962,0.4699],[-75.0345,0.4771],[-75.0535,0.472],[-75.0632,0.4706],[-75.0723,0.4729],[-75.0765,0.4787],[-75.0791,0.4954],[-75.0818,0.5006],[-75.0957,0.5075],[-75.1063,0.5074],[-75.131,0.4964],[-75.1649,0.4884],[-75.1867,0.4962],[-75.202,0.5178],[-75.216,0.5519],[-75.2188,0.5697],[-75.2123,0.6026],[-75.2124,0.6195],[-75.2195,0.636],[-75.2425,0.6638],[-75.2514,0.6797],[-75.2527,0.6897],[-75.2507,0.709],[-75.2541,0.719],[-75.2629,0.7289],[-75.2739,0.7363],[-75.2984,0.747],[-75.3176,0.7513],[-75.3738,0.744],[-75.4591,0.7495],[-75.4986,0.7636],[-75.5599,0.8286],[-75.6001,0.8474],[-75.6452,0.853],[-75.7138,0.8477],[-75.7323,0.8481],[-75.7497,0.8536],[-75.7679,0.8659],[-75.7878,0.8756],[-75.8281,0.8795],[-75.8455,0.8895],[-75.8996,0.9538],[-75.9116,0.9772],[-75.9144,0.9934],[-75.914,1.0071],[-75.9178,1.0192],[-75.9327,1.0307],[-75.9498,1.0348],[-75.9878,1.0315],[-76.0059,1.032],[-76.0332,1.043],[-76.0469,1.0464],[-76.0605,1.0437],[-76.1596,1.1326],[-76.1697,1.1352],[-76.2081,1.1288],[-76.255,1.1375],[-76.2723,1.147],[-76.2838,1.1616],[-76.2953,1.1848],[-76.297,1.1961],[-76.2856,1.3272],[-76.2823,1.34],[-76.2633,1.3653],[-76.2558,1.3815],[-76.2502,1.4152],[-76.2271,1.4648],[-76.1822,1.535],[-76.1646,1.5627],[-76.1453,1.5755],[-76.0817,1.5652],[-76.031,1.5633],[-76.0063,1.5601],[-75.9806,1.5637],[-75.9602,1.573],[-75.9421,1.5909],[-75.9261,1.6109],[-75.9074,1.6296],[-75.8556,1.667],[-75.841,1.6806],[-75.8274,1.7045],[-75.8078,1.728],[-75.7425,1.7984],[-75.6937,1.8662],[-75.6264,1.9646],[-75.5512,2.0329],[-75.4755,2.1544],[-75.4441,2.206],[-75.4215,2.2474],[-75.4001,2.265],[-75.3536,2.298],[-75.3435,2.3039],[-75.306,2.3451],[-75.2925,2.3663],[-75.2781,2.3961],[-75.2462,2.5085],[-75.2314,2.5313],[-75.2187,2.5437],[-75.2079,2.5467],[-75.1962,2.5442],[-75.1674,2.5277],[-75.1556,2.5237]]]}},{"type":"Feature","properties":{"id":"COL-1422","name":"Casanare","nameBn":"কাসানরে বিভাগ","type":"Intendancy","bounds":[-73.0686,4.2982,-69.8558,6.3513],"center":[-71.4622,5.4625]},"geometry":{"type":"Polygon","coordinates":[[[-72.3217,6.3513],[-72.347,6.3102],[-72.3506,6.2976],[-72.3509,6.2882],[-72.3454,6.2628],[-72.3233,6.2257],[-72.2841,6.1869],[-72.2598,6.1384],[-72.2455,6.1267],[-72.2279,6.1153],[-72.188,6.0956],[-72.1563,6.074],[-72.1312,6.0691],[-72.115,6.0688],[-72.058,6.1102],[-72.004,6.1233],[-71.9465,6.1499],[-71.9259,6.1543],[-71.9054,6.1544],[-71.8876,6.1517],[-71.8561,6.1545],[-71.7478,6.1939],[-71.722,6.2],[-71.6461,6.2002],[-71.6241,6.2085],[-71.6088,6.2104],[-71.599,6.2073],[-71.572,6.1938],[-71.5574,6.1907],[-71.5272,6.1977],[-71.5095,6.1985],[-71.488,6.1952],[-71.4623,6.1989],[-71.4233,6.2124],[-71.409,6.2189],[-71.3931,6.2244],[-71.3739,6.2272],[-71.3437,6.2284],[-71.3074,6.2437],[-71.2829,6.2586],[-71.2715,6.2615],[-71.2599,6.2595],[-71.2441,6.2624],[-71.2269,6.26],[-71.2071,6.2741],[-71.174,6.2681],[-71.1423,6.2558],[-71.1191,6.2524],[-71.0647,6.2538],[-71.0314,6.2478],[-70.9597,6.2223],[-70.8642,6.2153],[-70.8535,6.2163],[-70.8306,6.2245],[-70.8101,6.2297],[-70.7894,6.2325],[-70.7722,6.2298],[-70.7324,6.2126],[-70.7272,6.2091],[-70.6718,6.2089],[-70.5945,6.222],[-70.5426,6.226],[-70.5049,6.2247],[-70.4841,6.2315],[-70.4423,6.2515],[-70.3734,6.2758],[-70.3477,6.279],[-70.3273,6.2773],[-70.2961,6.2675],[-70.2806,6.266],[-70.2541,6.2661],[-70.2253,6.2699],[-70.1907,6.2703],[-70.1653,6.2675],[-70.1508,6.2643],[-70.1181,6.25],[-70.1096,6.2427],[-70.0978,6.2258],[-70.0899,6.219],[-70.0602,6.201],[-70.0526,6.1941],[-70.0476,6.1834],[-70.0441,6.1726],[-70.0389,6.1611],[-70.0258,6.1503],[-69.9592,6.1256],[-69.9396,6.1147],[-69.9167,6.0959],[-69.9083,6.0868],[-69.9055,6.0776],[-69.9048,6.0604],[-69.8881,6.0403],[-69.8558,6.0263],[-69.8761,6.0043],[-69.8986,5.9708],[-69.9694,5.8083],[-69.9866,5.7792],[-70.0287,5.7361],[-70.0344,5.7215],[-70.0685,5.6693],[-70.0914,5.6453],[-70.1228,5.6209],[-70.1562,5.6004],[-70.1852,5.5874],[-70.2266,5.579],[-70.3059,5.5749],[-70.3429,5.5682],[-70.4056,5.5434],[-70.4285,5.5403],[-70.4488,5.5331],[-70.5135,5.485],[-70.58,5.4493],[-70.6001,5.4335],[-70.6189,5.4222],[-70.6621,5.4046],[-70.6787,5.3894],[-70.6832,5.3712],[-70.6873,5.3234],[-70.6957,5.3137],[-70.7119,5.3073],[-70.8879,5.155],[-70.9053,5.1459],[-70.9448,5.1352],[-70.9603,5.1177],[-71.0271,4.9592],[-71.0486,4.9301],[-71.0603,4.9194],[-71.0873,4.8946],[-71.1001,4.8891],[-71.1133,4.886],[-71.1303,4.8784],[-71.1578,4.8618],[-71.2068,4.824],[-71.2152,4.8156],[-71.2745,4.8066],[-71.565,4.682],[-71.6434,4.6285],[-71.6857,4.6077],[-71.7754,4.58],[-71.7879,4.579],[-71.799,4.5796],[-71.8094,4.5779],[-71.8195,4.5701],[-71.8974,4.4854],[-71.9737,4.4218],[-72.0122,4.3986],[-72.0498,4.3883],[-72.0699,4.3943],[-72.081,4.4084],[-72.0892,4.4227],[-72.1278,4.4471],[-72.1385,4.4509],[-72.1499,4.4507],[-72.3099,4.4161],[-72.3235,4.41],[-72.3667,4.3436],[-72.3891,4.3378],[-72.4146,4.3413],[-72.4333,4.3547],[-72.4807,4.3277],[-72.5049,4.3214],[-72.5153,4.3374],[-72.5208,4.3437],[-72.5337,4.3492],[-72.5486,4.3532],[-72.5596,4.3547],[-72.5653,4.3488],[-72.5876,4.3097],[-72.5955,4.3062],[-72.6017,4.3105],[-72.6075,4.3172],[-72.6146,4.3206],[-72.6174,4.3193],[-72.6203,4.3164],[-72.6246,4.3138],[-72.632,4.3131],[-72.6702,4.32],[-72.6797,4.3206],[-72.6879,4.3172],[-72.7014,4.3041],[-72.7071,4.3001],[-72.7181,4.2982],[-72.7256,4.3006],[-72.748,4.3131],[-72.752,4.3407],[-72.7532,4.3488],[-72.7606,4.3525],[-72.7692,4.3514],[-72.7768,4.3494],[-72.7842,4.3507],[-72.7842,4.357],[-72.7827,4.3629],[-72.782,4.3711],[-72.7883,4.3799],[-72.7886,4.3866],[-72.7917,4.3946],[-72.8092,4.4138],[-72.8128,4.4218],[-72.8126,4.4263],[-72.817,4.43],[-72.8222,4.4314],[-72.8371,4.4303],[-72.9266,4.5253],[-72.9946,4.6496],[-73.0406,4.6943],[-73.0465,4.7053],[-73.053,4.7348],[-73.049,4.753],[-73.0686,4.8108],[-73.0663,4.8301],[-73.0495,4.8744],[-73.0465,4.9196],[-73.0309,4.9851],[-73.0252,4.9933],[-73.0114,4.9949],[-72.9737,4.9788],[-72.9501,5.0049],[-72.9331,5.0204],[-72.9273,5.0315],[-72.9217,5.055],[-72.9061,5.083],[-72.9136,5.0957],[-72.9385,5.1154],[-72.9486,5.1323],[-72.9535,5.1467],[-72.9532,5.1605],[-72.9482,5.1826],[-72.9451,5.1914],[-72.9421,5.1972],[-72.9346,5.2052],[-72.9383,5.2405],[-72.93,5.2495],[-72.8743,5.3276],[-72.8576,5.3458],[-72.8424,5.3588],[-72.8315,5.3656],[-72.8085,5.384],[-72.7882,5.3751],[-72.7803,5.3664],[-72.7565,5.3316],[-72.7378,5.3163],[-72.7096,5.2795],[-72.6902,5.2779],[-72.6322,5.3304],[-72.5901,5.3542],[-72.576,5.3758],[-72.5547,5.4121],[-72.4441,5.5305],[-72.4206,5.5577],[-72.409,5.5631],[-72.3985,5.5643],[-72.3913,5.5591],[-72.3856,5.5507],[-72.3767,5.534],[-72.3701,5.5271],[-72.3481,5.5102],[-72.3347,5.5019],[-72.3265,5.4999],[-72.3193,5.5061],[-72.3063,5.5749],[-72.3026,5.584],[-72.2966,5.5953],[-72.2836,5.6067],[-72.2793,5.6178],[-72.2753,5.6315],[-72.2721,5.6496],[-72.2668,5.6594],[-72.2597,5.6676],[-72.2526,5.6702],[-72.2377,5.6831],[-72.2609,5.7026],[-72.2839,5.7353],[-72.3038,5.7505],[-72.3111,5.774],[-72.3514,5.8031],[-72.4474,5.8542],[-72.4476,5.8743],[-72.4411,5.8821],[-72.4315,5.8902],[-72.4155,5.8964],[-72.3928,5.9009],[-72.3892,5.9089],[-72.3669,5.9826],[-72.358,6.033],[-72.3438,6.0595],[-72.341,6.0789],[-72.3712,6.1091],[-72.3775,6.1218],[-72.3811,6.135],[-72.3874,6.1484],[-72.3931,6.1719],[-72.3988,6.1783],[-72.4143,6.1866],[-72.4166,6.1938],[-72.4157,6.2041],[-72.396,6.2675],[-72.3544,6.3345],[-72.3217,6.3513]]]}},{"type":"Feature","properties":{"id":"COL-1404","name":"Cauca","nameBn":"কাউকা বিভাগ","type":"Department","bounds":[-78.2203,0.9721,-75.781,3.3179],"center":[-77.277,2.6161]},"geometry":{"type":"MultiPolygon","coordinates":[[[[-77.9023,2.6962],[-77.888,2.6874],[-77.8505,2.6381],[-77.8353,2.6264],[-77.8016,2.6071],[-77.785,2.5938],[-77.8084,2.5786],[-77.8399,2.5773],[-77.8697,2.5844],[-77.8881,2.5938],[-77.8807,2.6],[-77.8881,2.6074],[-77.8672,2.6272],[-77.8675,2.6398],[-77.8807,2.6464],[-77.8986,2.6484],[-77.9141,2.6587],[-77.9202,2.6798],[-77.9164,2.6972],[-77.9023,2.6962]]],[[[-77.8061,2.6621],[-77.7677,2.6326],[-77.7541,2.618],[-77.7591,2.6031],[-77.7759,2.601],[-77.8017,2.614],[-77.8471,2.6484],[-77.8746,2.6848],[-77.8807,2.6962],[-77.8839,2.708],[-77.8851,2.7196],[-77.8826,2.7246],[-77.8744,2.7167],[-77.8713,2.7143],[-77.8601,2.7099],[-77.8575,2.7161],[-77.8546,2.7191],[-77.8511,2.7209],[-77.8471,2.7241],[-77.8192,2.6962],[-77.8153,2.6885],[-77.8105,2.6694],[-77.8061,2.6621]]],[[[-78.0739,2.6468],[-78.0637,2.6542],[-78.0397,2.6551],[-78.0211,2.6542],[-78.0045,2.6551],[-77.9915,2.6634],[-77.9693,2.6764],[-77.9498,2.6745],[-77.9359,2.6621],[-77.9254,2.6432],[-77.9176,2.6323],[-77.9069,2.6295],[-77.8881,2.6347],[-77.897,2.6191],[-77.9054,2.5982],[-77.9043,2.58],[-77.8843,2.5721],[-77.8725,2.5708],[-77.8524,2.5661],[-77.8397,2.5659],[-77.8138,2.5712],[-77.8024,2.5721],[-77.7779,2.5777],[-77.7604,2.5916],[-77.7512,2.6096],[-77.7515,2.6273],[-77.7576,2.64],[-77.7689,2.6572],[-77.7834,2.6714],[-77.7987,2.6757],[-77.7987,2.6819],[-77.7782,2.6819],[-77.7782,2.6894],[-77.7913,2.692],[-77.7976,2.6987],[-77.7978,2.7077],[-77.7925,2.7167],[-77.8029,2.7194],[-77.8063,2.7255],[-77.8044,2.7341],[-77.7987,2.744],[-77.8075,2.7458],[-77.8118,2.7485],[-77.8129,2.7541],[-77.8124,2.7645],[-77.7948,2.7573],[-77.7809,2.7632],[-77.7683,2.7733],[-77.7546,2.7788],[-77.7482,2.7795],[-77.7392,2.782],[-77.7336,2.7861],[-77.7372,2.7917],[-77.7455,2.7932],[-77.762,2.7856],[-77.7707,2.7856],[-77.7858,2.7948],[-77.7819,2.8022],[-77.7708,2.8087],[-77.7646,2.8157],[-77.7576,2.8133],[-77.7416,2.81],[-77.7232,2.8087],[-77.7093,2.8122],[-77.7052,2.8056],[-77.6985,2.7975],[-77.6963,2.7917],[-77.6888,2.7917],[-77.6986,2.8131],[-77.7354,2.8225],[-77.7235,2.8402],[-77.7082,2.8485],[-77.6936,2.8502],[-77.6802,2.8537],[-77.6683,2.8675],[-77.6586,2.8635],[-77.6507,2.8591],[-77.6449,2.8537],[-77.6417,2.8464],[-77.6361,2.8696],[-77.6577,2.8769],[-77.6882,2.8725],[-77.7093,2.8607],[-77.7149,2.8757],[-77.7157,2.8975],[-77.7101,2.9181],[-77.6963,2.9289],[-77.6826,2.9273],[-77.6735,2.9192],[-77.6652,2.9092],[-77.6547,2.9016],[-77.6434,2.8981],[-77.6401,2.9001],[-77.6391,2.9062],[-77.6342,2.9154],[-77.6251,2.9245],[-77.6207,2.9277],[-77.6197,2.9316],[-77.6205,2.9426],[-77.6239,2.948],[-77.6377,2.9517],[-77.6417,2.9562],[-77.6415,2.9613],[-77.6359,2.9648],[-77.6311,2.978],[-77.6259,2.9797],[-77.6232,2.9818],[-77.6273,2.991],[-77.6339,2.9949],[-77.6422,2.9943],[-77.6498,2.9956],[-77.6547,3.0047],[-77.6561,2.9975],[-77.6575,2.9958],[-77.6575,2.9952],[-77.6547,2.991],[-77.6654,2.9846],[-77.6766,2.9823],[-77.6854,2.9859],[-77.6888,2.9973],[-77.7139,2.9748],[-77.7235,2.9699],[-77.7218,2.982],[-77.685,3.0258],[-77.6623,3.0585],[-77.6477,3.0739],[-77.5714,3.1381],[-77.5514,3.1751],[-77.5396,3.1968],[-77.5251,3.2014],[-77.5087,3.1946],[-77.5055,3.2046],[-77.5045,3.2132],[-77.5018,3.2234],[-77.4949,3.2236],[-77.4857,3.2214],[-77.4797,3.2275],[-77.4854,3.2377],[-77.5008,3.2448],[-77.5162,3.2397],[-77.5386,3.2371],[-77.5418,3.2461],[-77.5296,3.2614],[-77.5052,3.2825],[-77.4886,3.2927],[-77.4649,3.3016],[-77.4241,3.2624],[-77.4188,3.2587],[-77.405,3.2333],[-77.3946,3.2214],[-77.3904,3.2117],[-77.3888,3.2047],[-77.388,3.1975],[-77.3851,3.1902],[-77.3724,3.1697],[-77.3643,3.1653],[-77.3488,3.1672],[-77.341,3.1695],[-77.3348,3.1723],[-77.3314,3.1743],[-77.3271,3.1755],[-77.3192,3.1755],[-77.2945,3.1641],[-77.293,3.1587],[-77.2961,3.1562],[-77.2975,3.1529],[-77.2964,3.1492],[-77.289,3.1435],[-77.2846,3.1443],[-77.2771,3.1426],[-77.2615,3.124],[-77.2586,3.1292],[-77.2565,3.1289],[-77.2522,3.1243],[-77.2448,3.122],[-77.2342,3.1254],[-77.2286,3.1296],[-77.2206,3.1378],[-77.2164,3.1409],[-77.2064,3.1498],[-77.1981,3.1587],[-77.1938,3.162],[-77.186,3.1694],[-77.1799,3.1709],[-77.1718,3.1688],[-77.1656,3.1692],[-77.1487,3.1813],[-77.128,3.1885],[-77.1096,3.1919],[-77.0632,3.1833],[-77.0146,3.1682],[-77.0077,3.1641],[-76.9913,3.1488],[-76.9888,3.1452],[-76.9875,3.1424],[-76.9852,3.14],[-76.9744,3.1357],[-76.9164,3.1048],[-76.8874,3.095],[-76.8696,3.0929],[-76.8533,3.095],[-76.8431,3.098],[-76.8363,3.1006],[-76.829,3.1054],[-76.811,3.1249],[-76.7786,3.1839],[-76.7659,3.1718],[-76.7133,3.136],[-76.6912,3.1168],[-76.6728,3.1078],[-76.6595,3.106],[-76.6516,3.1101],[-76.6464,3.115],[-76.6427,3.1204],[-76.6387,3.1241],[-76.6323,3.1246],[-76.6246,3.1103],[-76.6166,3.1009],[-76.6089,3.0982],[-76.6036,3.0985],[-76.6007,3.1013],[-76.5986,3.1079],[-76.5969,3.1102],[-76.5949,3.1123],[-76.5928,3.1154],[-76.5891,3.119],[-76.5842,3.122],[-76.5767,3.124],[-76.5703,3.122],[-76.5655,3.1188],[-76.5533,3.1101],[-76.5378,3.1255],[-76.5314,3.1343],[-76.5219,3.1559],[-76.5155,3.1631],[-76.5027,3.1689],[-76.4775,3.174],[-76.4668,3.1786],[-76.456,3.1891],[-76.4476,3.204],[-76.4436,3.2196],[-76.4424,3.2549],[-76.4456,3.263],[-76.4598,3.2764],[-76.4628,3.2853],[-76.4589,3.2923],[-76.4367,3.3179],[-76.416,3.308],[-76.3981,3.2993],[-76.354,3.2902],[-76.2559,3.2829],[-76.2285,3.2743],[-76.192,3.2473],[-76.1766,3.2411],[-76.1133,3.227],[-76.0758,3.2133],[-76.0915,3.2032],[-76.0954,3.1809],[-76.0918,3.1632],[-76.0987,3.1359],[-76.1081,3.1259],[-76.1117,3.1177],[-76.113,3.1059],[-76.1128,3.0951],[-76.0936,3.0793],[-76.0792,3.0736],[-76.066,3.0543],[-76.0446,3.0355],[-76.0302,2.9958],[-76.0312,2.9295],[-76.0244,2.9119],[-75.9191,2.8202],[-75.8928,2.7971],[-75.8662,2.7661],[-75.8533,2.7545],[-75.837,2.7477],[-75.819,2.7349],[-75.806,2.72],[-75.7944,2.6925],[-75.781,2.6696],[-75.8024,2.5989],[-75.8211,2.5594],[-75.8234,2.5304],[-75.7953,2.4747],[-75.8193,2.4613],[-75.8315,2.4492],[-75.8445,2.4281],[-75.8775,2.4266],[-75.8972,2.4365],[-75.9303,2.4657],[-75.9662,2.491],[-75.9794,2.4865],[-76.0036,2.4585],[-76.0264,2.4382],[-76.0501,2.4206],[-76.1219,2.3851],[-76.1544,2.3727],[-76.2337,2.3518],[-76.2582,2.3524],[-76.2777,2.3563],[-76.3329,2.3987],[-76.3487,2.4132],[-76.3789,2.42],[-76.3926,2.3668],[-76.3565,2.2875],[-76.3573,2.2715],[-76.3652,2.2602],[-76.3684,2.25],[-76.3828,2.212],[-76.3965,2.1862],[-76.4082,2.1807],[-76.4215,2.1638],[-76.4217,2.156],[-76.4203,2.1462],[-76.4175,2.1381],[-76.4168,2.1314],[-76.4194,2.1262],[-76.4267,2.1211],[-76.4406,2.116],[-76.4554,2.1128],[-76.4747,2.1163],[-76.4925,2.1162],[-76.5079,2.1186],[-76.5199,2.1253],[-76.5366,2.1291],[-76.5508,2.1216],[-76.567,2.1],[-76.5657,2.054],[-76.5623,2.0241],[-76.565,2.0145],[-76.592,1.9893],[-76.6001,1.9718],[-76.6007,1.9586],[-76.5977,1.9166],[-76.5769,1.8797],[-76.5041,1.8231],[-76.4525,1.7562],[-76.4086,1.6852],[-76.3818,1.6591],[-76.3469,1.6389],[-76.2979,1.6243],[-76.2718,1.6166],[-76.2563,1.6063],[-76.2199,1.5941],[-76.1821,1.5927],[-76.1453,1.5755],[-76.1646,1.5627],[-76.1822,1.535],[-76.2271,1.4648],[-76.2502,1.4152],[-76.2558,1.3815],[-76.2633,1.3653],[-76.2823,1.34],[-76.2856,1.3272],[-76.297,1.1961],[-76.2953,1.1848],[-76.2838,1.1616],[-76.2723,1.147],[-76.255,1.1375],[-76.2081,1.1288],[-76.1697,1.1352],[-76.1596,1.1326],[-76.0605,1.0437],[-76.0623,1.0432],[-76.0722,1.0336],[-76.0781,1.0215],[-76.0864,1.0114],[-76.1038,1.008],[-76.1359,1.0096],[-76.1485,1.0069],[-76.1638,0.9996],[-76.1755,0.9912],[-76.1842,0.9832],[-76.1942,0.9766],[-76.2098,0.9721],[-76.351,0.9769],[-76.3816,0.9828],[-76.4215,1.0018],[-76.4924,1.0246],[-76.5125,1.0386],[-76.5366,1.0756],[-76.5462,1.1176],[-76.5423,1.2055],[-76.5373,1.2235],[-76.5204,1.257],[-76.5161,1.2747],[-76.5169,1.2878],[-76.5205,1.3015],[-76.533,1.3298],[-76.5504,1.3458],[-76.5525,1.3564],[-76.5708,1.3862],[-76.5884,1.4075],[-76.6219,1.4214],[-76.6382,1.4319],[-76.6545,1.4377],[-76.6705,1.4337],[-76.7228,1.3546],[-76.7457,1.3295],[-76.7728,1.314],[-76.7996,1.3084],[-76.8787,1.3134],[-76.9117,1.3132],[-76.9137,1.3513],[-76.924,1.3998],[-76.9285,1.4845],[-76.9245,1.503],[-76.8763,1.5333],[-76.8652,1.5444],[-76.8541,1.558],[-76.8495,1.5689],[-76.8447,1.5893],[-76.8436,1.5989],[-76.8448,1.6071],[-76.8493,1.6153],[-76.8535,1.6205],[-76.8637,1.6282],[-76.8932,1.6713],[-76.9244,1.7198],[-76.931,1.7239],[-76.9409,1.7275],[-76.9724,1.7179],[-77.0133,1.7129],[-77.0447,1.7043],[-77.0507,1.7013],[-77.0642,1.6889],[-77.0705,1.6821],[-77.0819,1.6737],[-77.0894,1.6698],[-77.0994,1.6679],[-77.1105,1.6685],[-77.1283,1.6737],[-77.1363,1.6794],[-77.1409,1.6844],[-77.1447,1.6868],[-77.1509,1.6868],[-77.1669,1.6813],[-77.1835,1.6806],[-77.233,1.6635],[-77.2338,1.6637],[-77.2444,1.6683],[-77.253,1.6737],[-77.2565,1.6735],[-77.2654,1.6702],[-77.3251,1.6894],[-77.3001,1.7486],[-77.2967,1.7637],[-77.2952,1.7779],[-77.3006,1.7935],[-77.3004,1.8076],[-77.2979,1.8167],[-77.2834,1.8557],[-77.2476,1.8869],[-77.2399,1.903],[-77.2386,1.9097],[-77.2359,1.9174],[-77.2308,1.9218],[-77.2188,1.9262],[-77.2137,1.9269],[-77.2106,1.9323],[-77.1993,1.961],[-77.214,1.9864],[-77.2325,1.997],[-77.2435,2.0012],[-77.2577,2.0087],[-77.3173,2.0531],[-77.3264,2.0622],[-77.3301,2.0704],[-77.3274,2.0788],[-77.3244,2.0858],[-77.3196,2.1014],[-77.305,2.1252],[-77.3013,2.1548],[-77.313,2.1714],[-77.402,2.2127],[-77.4205,2.2191],[-77.4314,2.221],[-77.4463,2.2214],[-77.4587,2.2205],[-77.4759,2.2171],[-77.4815,2.2152],[-77.4862,2.2127],[-77.4955,2.2052],[-77.4983,2.2016],[-77.5165,2.1951],[-77.5441,2.193],[-77.5717,2.1873],[-77.5793,2.1828],[-77.5953,2.1701],[-77.6246,2.1578],[-77.6556,2.1595],[-77.7027,2.1426],[-77.721,2.1419],[-77.7438,2.1445],[-77.7797,2.1566],[-77.8106,2.1638],[-77.8401,2.1772],[-77.8494,2.1866],[-77.8534,2.1949],[-77.8564,2.2278],[-77.8594,2.2374],[-77.9316,2.3413],[-77.9488,2.382],[-77.9504,2.3913],[-77.95,2.4007],[-77.9478,2.4099],[-77.9352,2.4442],[-77.9322,2.4562],[-77.9317,2.467],[-77.9334,2.4775],[-77.9457,2.5131],[-77.9508,2.5363],[-77.9527,2.5557],[-77.9839,2.5869],[-78.0739,2.6468]]],[[[-78.1866,2.9904],[-78.1726,3.0025],[-78.1643,3.0016],[-78.1661,2.9876],[-78.1661,2.9736],[-78.1671,2.9597],[-78.182,2.9429],[-78.1932,2.9336],[-78.2082,2.9299],[-78.2203,2.9336],[-78.2203,2.9439],[-78.2044,2.9457],[-78.1997,2.9606],[-78.195,2.9802],[-78.1866,2.9904]]]]}},{"type":"Feature","properties":{"id":"COL-1414","name":"Cesar","nameBn":"সিজার বিভাগ","type":"Department","bounds":[-74.1371,7.6782,-72.9152,10.8663],"center":[-73.4339,9.8489]},"geometry":{"type":"Polygon","coordinates":[[[-72.9152,10.4282],[-72.9162,10.4138],[-72.9155,10.3943],[-72.9356,10.1752],[-72.9877,9.9994],[-72.9879,9.9604],[-72.9962,9.9213],[-72.997,9.9007],[-72.9904,9.875],[-72.9816,9.8566],[-72.9776,9.8381],[-72.9855,9.8122],[-73.0169,9.7486],[-73.0719,9.6641],[-73.0972,9.5964],[-73.1077,9.578],[-73.1236,9.5613],[-73.1637,9.5363],[-73.1784,9.523],[-73.1974,9.4787],[-73.2774,9.3618],[-73.3118,9.2762],[-73.3244,9.2559],[-73.3422,9.2392],[-73.3791,9.2139],[-73.3908,9.1945],[-73.3911,9.1728],[-73.3778,9.1647],[-73.3636,9.165],[-73.4081,9.1547],[-73.417,9.1507],[-73.4366,9.1163],[-73.4325,9.0786],[-73.4451,8.9412],[-73.4409,8.901],[-73.4409,8.8934],[-73.4478,8.8655],[-73.4346,8.8158],[-73.4268,8.7927],[-73.4267,8.7819],[-73.4312,8.7717],[-73.4454,8.7582],[-73.4704,8.7425],[-73.4764,8.7365],[-73.4795,8.7292],[-73.477,8.72],[-73.4766,8.7132],[-73.4795,8.706],[-73.4894,8.6955],[-73.5263,8.6673],[-73.54,8.6538],[-73.5471,8.645],[-73.5546,8.6338],[-73.5598,8.6226],[-73.5623,8.6086],[-73.5628,8.5975],[-73.5622,8.5879],[-73.5531,8.5638],[-73.5243,8.5233],[-73.5051,8.4783],[-73.4989,8.4749],[-73.4918,8.4622],[-73.5037,8.4197],[-73.5278,8.3925],[-73.5292,8.3855],[-73.5272,8.3805],[-73.521,8.3794],[-73.5042,8.3783],[-73.4974,8.3763],[-73.4901,8.3722],[-73.4847,8.3669],[-73.4687,8.3568],[-73.4666,8.3337],[-73.462,8.3284],[-73.4556,8.3241],[-73.4506,8.3277],[-73.4417,8.3425],[-73.4359,8.3503],[-73.4063,8.3739],[-73.4123,8.4114],[-73.4138,8.4163],[-73.4207,8.4275],[-73.4252,8.4443],[-73.4246,8.4486],[-73.4199,8.4555],[-73.4115,8.4567],[-73.3971,8.4563],[-73.3745,8.4531],[-73.3631,8.4458],[-73.3567,8.4392],[-73.3533,8.3948],[-73.3671,8.3327],[-73.3828,8.2975],[-73.391,8.2678],[-73.4019,8.2478],[-73.4094,8.2276],[-73.4131,8.2062],[-73.4086,8.1276],[-73.395,8.1188],[-73.3798,8.0847],[-73.3798,8.0776],[-73.3784,8.0692],[-73.3794,8.0442],[-73.3755,8.0299],[-73.3627,8.0162],[-73.3194,8.0118],[-73.3061,7.993],[-73.2971,7.9891],[-73.2933,7.9881],[-73.2893,7.9857],[-73.2869,7.9808],[-73.2858,7.9729],[-73.287,7.9604],[-73.2908,7.9459],[-73.3033,7.9291],[-73.3123,7.9192],[-73.3244,7.9096],[-73.3427,7.9025],[-73.3506,7.8965],[-73.3553,7.8848],[-73.3584,7.8669],[-73.3554,7.8314],[-73.3574,7.8106],[-73.3605,7.8007],[-73.3657,7.7923],[-73.388,7.7631],[-73.3962,7.7473],[-73.4079,7.7362],[-73.4181,7.7229],[-73.4327,7.7087],[-73.4528,7.6956],[-73.4838,7.6815],[-73.4961,7.6782],[-73.505,7.6793],[-73.5154,7.6841],[-73.5343,7.6996],[-73.5414,7.7033],[-73.552,7.7053],[-73.5609,7.7084],[-73.569,7.7149],[-73.5803,7.7282],[-73.5887,7.7335],[-73.5984,7.737],[-73.6359,7.7448],[-73.6403,7.7452],[-73.6254,7.7345],[-73.7519,7.7409],[-73.7505,7.7701],[-73.7461,7.776],[-73.7404,7.7872],[-73.7409,7.7966],[-73.7424,7.8065],[-73.7462,7.8208],[-73.7442,7.8307],[-73.7394,7.8404],[-73.7228,7.858],[-73.7178,7.8618],[-73.7051,7.8695],[-73.677,7.8934],[-73.67,7.9107],[-73.6703,7.929],[-73.6761,7.9461],[-73.6799,7.9505],[-73.6824,7.9547],[-73.6888,7.9605],[-73.6931,7.9631],[-73.7008,7.9712],[-73.7036,7.9734],[-73.7079,7.9747],[-73.7156,7.9756],[-73.7199,7.9771],[-73.7239,7.9813],[-73.7285,7.9872],[-73.7294,8.0056],[-73.7712,8.0773],[-73.779,8.098],[-73.7798,8.1115],[-73.7856,8.1615],[-73.7844,8.1709],[-73.7874,8.1805],[-73.7907,8.1979],[-73.7955,8.2069],[-73.7964,8.2129],[-73.7941,8.2182],[-73.7848,8.2263],[-73.7827,8.2297],[-73.7807,8.2403],[-73.7717,8.2607],[-73.7697,8.271],[-73.7691,8.2978],[-73.7697,8.3011],[-73.7659,8.3098],[-73.7574,8.3225],[-73.7554,8.329],[-73.7585,8.3403],[-73.7649,8.349],[-73.7674,8.3586],[-73.7588,8.3731],[-73.7547,8.3887],[-73.7622,8.4594],[-73.7694,8.4823],[-73.7916,8.5222],[-73.7964,8.545],[-73.7964,8.5795],[-73.7999,8.5912],[-73.8174,8.613],[-73.8243,8.6238],[-73.8296,8.6436],[-73.8311,8.7092],[-73.8269,8.73],[-73.8079,8.7667],[-73.8032,8.7883],[-73.8076,8.8166],[-73.8201,8.8356],[-73.8547,8.8668],[-73.8704,8.8877],[-73.8442,8.9694],[-73.8343,8.9876],[-73.8236,9.017],[-73.7998,9.0556],[-73.8247,9.0891],[-73.855,9.118],[-73.8672,9.1395],[-73.8722,9.1592],[-73.8738,9.1783],[-73.8787,9.1845],[-73.8857,9.185],[-73.8936,9.1831],[-73.9026,9.1825],[-73.9412,9.1908],[-73.9535,9.1964],[-73.9585,9.2029],[-73.9616,9.2098],[-73.9628,9.2148],[-73.9629,9.2196],[-73.9617,9.2241],[-73.9579,9.2295],[-73.9537,9.2337],[-73.9518,9.2381],[-73.9513,9.243],[-73.9518,9.2506],[-73.9533,9.2594],[-73.9557,9.295],[-73.9595,9.3024],[-73.9657,9.3081],[-73.9746,9.3141],[-73.9838,9.3217],[-73.9947,9.3423],[-74.001,9.3991],[-74.0186,9.4151],[-74.0393,9.426],[-74.0819,9.4667],[-74.1371,9.4982],[-74.1081,9.5191],[-74.0595,9.5744],[-74.0421,9.585],[-74.0271,9.5912],[-74.0044,9.5933],[-73.9974,9.5926],[-73.9887,9.591],[-73.9786,9.5875],[-73.9623,9.5865],[-73.9543,9.5845],[-73.9403,9.575],[-73.9312,9.5706],[-73.8947,9.5704],[-73.8877,9.5694],[-73.8761,9.5693],[-73.8678,9.5727],[-73.8258,9.5972],[-73.8186,9.5979],[-73.8129,9.5953],[-73.8088,9.5899],[-73.8064,9.5854],[-73.8007,9.5778],[-73.7842,9.5975],[-73.8167,9.6934],[-73.8427,9.7398],[-73.8364,9.7565],[-73.837,9.7634],[-73.8418,9.7899],[-73.8846,9.8301],[-73.8948,9.8373],[-73.9526,9.9152],[-73.9698,9.9295],[-73.9843,9.939],[-73.9977,9.946],[-74.008,9.9583],[-74.034,10.0001],[-74.0662,10.0538],[-74.0682,10.065],[-74.0691,10.0795],[-74.0652,10.0905],[-74.0574,10.1221],[-74.0505,10.1699],[-74.0333,10.1926],[-74.0228,10.2143],[-74.0122,10.2254],[-73.9975,10.2475],[-73.9667,10.2797],[-73.9567,10.2939],[-73.9473,10.3202],[-73.9391,10.3373],[-73.9202,10.3572],[-73.9064,10.3679],[-73.8935,10.3733],[-73.8575,10.3801],[-73.8443,10.3841],[-73.8348,10.3842],[-73.8273,10.3829],[-73.8194,10.3805],[-73.8087,10.3799],[-73.7705,10.3912],[-73.7343,10.4173],[-73.7207,10.4201],[-73.705,10.4271],[-73.6914,10.4435],[-73.6809,10.448],[-73.6692,10.448],[-73.6554,10.4501],[-73.6474,10.4565],[-73.6414,10.4732],[-73.6375,10.4811],[-73.6298,10.4843],[-73.6012,10.4927],[-73.5778,10.5032],[-73.5709,10.5124],[-73.5717,10.5225],[-73.5799,10.5305],[-73.5891,10.5358],[-73.5949,10.5414],[-73.5976,10.549],[-73.5941,10.5647],[-73.5937,10.5796],[-73.5996,10.6166],[-73.6048,10.6315],[-73.6141,10.6505],[-73.5863,10.6996],[-73.5757,10.7108],[-73.5618,10.7309],[-73.5637,10.744],[-73.5744,10.7557],[-73.5897,10.7633],[-73.6069,10.7673],[-73.6231,10.7683],[-73.6375,10.7672],[-73.6456,10.7711],[-73.6398,10.7862],[-73.607,10.835],[-73.6058,10.8455],[-73.4522,10.8663],[-73.3874,10.8639],[-73.3652,10.8594],[-73.3375,10.8575],[-73.302,10.8511],[-73.285,10.8525],[-73.2716,10.8434],[-73.2598,10.8267],[-73.2545,10.8101],[-73.2511,10.7831],[-73.2516,10.772],[-73.2561,10.7587],[-73.2576,10.7481],[-73.2499,10.7339],[-73.221,10.7252],[-73.194,10.7093],[-73.1638,10.7015],[-73.1235,10.6785],[-73.0854,10.6459],[-73.0752,10.63],[-73.0865,10.6143],[-73.0918,10.6021],[-73.0997,10.5784],[-73.1136,10.5626],[-73.1251,10.5272],[-73.1383,10.5197],[-73.1586,10.4837],[-73.1701,10.4775],[-73.1768,10.4683],[-73.1813,10.4566],[-73.1626,10.4498],[-73.1515,10.4367],[-73.1447,10.4225],[-73.1396,10.4044],[-73.1307,10.4002],[-73.1149,10.4048],[-73.0977,10.4121],[-73.0777,10.4151],[-73.0623,10.4118],[-73.0451,10.4042],[-73.0308,10.4016],[-73.0126,10.4009],[-72.9945,10.4033],[-72.9778,10.4074],[-72.94,10.4234],[-72.9159,10.428],[-72.9152,10.4282]]]}},{"type":"Feature","properties":{"id":"COL-1415","name":"Chocó","nameBn":"কুকো বিভাগ","type":"Department","bounds":[-77.8958,3.9946,-76.0425,8.6784],"center":[-76.7263,5.3828]},"geometry":{"type":"MultiPolygon","coordinates":[[[[-77.4694,8.5378],[-77.4411,8.5677],[-77.4291,8.5926],[-77.4302,8.6105],[-77.435,8.6206],[-77.434,8.6283],[-77.4177,8.6385],[-77.4016,8.642],[-77.3854,8.6436],[-77.3749,8.6509],[-77.3735,8.6647],[-77.3732,8.6693],[-77.3714,8.6722],[-77.369,8.6747],[-77.3667,8.6784],[-77.3517,8.6693],[-77.3414,8.6325],[-77.3295,8.6135],[-77.3171,8.6014],[-77.3071,8.589],[-77.2988,8.5743],[-77.2916,8.5555],[-77.2832,8.5168],[-77.2747,8.4958],[-77.2096,8.4519],[-77.1592,8.4317],[-77.1444,8.4211],[-77.1336,8.4084],[-77.0528,8.2763],[-77.0316,8.26],[-77.0177,8.2576],[-76.9899,8.2573],[-76.9855,8.2562],[-76.9843,8.2533],[-76.973,8.2049],[-76.966,8.1886],[-76.9605,8.1696],[-76.9539,8.0865],[-76.9599,8.0652],[-76.9668,8.0551],[-76.9696,8.037],[-76.9887,8.0244],[-76.9971,8.0149],[-77.0035,7.9994],[-77.0217,7.8985],[-77.0348,7.8833],[-77.0511,7.8731],[-77.0705,7.8525],[-77.0934,7.8371],[-77.1202,7.8424],[-77.1202,7.8014],[-77.1188,7.8021],[-77.1163,7.7987],[-77.1141,7.7935],[-77.1133,7.7884],[-77.1151,7.7888],[-77.1192,7.7876],[-77.1237,7.785],[-77.1264,7.7809],[-77.1188,7.7674],[-77.1091,7.7545],[-76.9809,7.6392],[-76.8769,7.5654],[-76.7729,7.4534],[-76.6925,7.3544],[-76.6725,7.3385],[-76.6462,7.3213],[-76.612,7.3173],[-76.5979,7.3122],[-76.5867,7.3044],[-76.5429,7.267],[-76.5296,7.2487],[-76.5083,7.1863],[-76.5053,7.0744],[-76.5094,7.0552],[-76.5126,7.0463],[-76.5461,6.991],[-76.5696,6.9931],[-76.5833,6.9999],[-76.6005,7.0061],[-76.6834,7.026],[-76.704,7.0267],[-76.7683,7.0215],[-76.7969,7.0157],[-76.8166,7.0083],[-76.8314,6.9997],[-76.8356,6.986],[-76.8331,6.9778],[-76.8275,6.9653],[-76.8241,6.9616],[-76.8189,6.959],[-76.8119,6.9539],[-76.8064,6.9432],[-76.8023,6.9268],[-76.7972,6.8893],[-76.8018,6.8745],[-76.811,6.8626],[-76.8235,6.8514],[-76.827,6.8445],[-76.8362,6.8406],[-76.8833,6.8446],[-76.9152,6.8257],[-76.9288,6.824],[-76.9579,6.8152],[-76.9728,6.8102],[-76.9706,6.8006],[-76.9699,6.7633],[-76.9666,6.7524],[-76.9521,6.7414],[-76.9488,6.732],[-76.9515,6.7255],[-76.9699,6.7047],[-76.9609,6.7039],[-76.9518,6.7042],[-76.9449,6.7022],[-76.942,6.6947],[-76.9413,6.6835],[-76.9384,6.6763],[-76.9322,6.6724],[-76.9215,6.6711],[-76.9228,6.6766],[-76.9153,6.687],[-76.9057,6.6936],[-76.9011,6.6879],[-76.9033,6.6786],[-76.9069,6.6703],[-76.9077,6.6613],[-76.9011,6.65],[-76.8934,6.6474],[-76.8709,6.6451],[-76.8663,6.6398],[-76.8686,6.625],[-76.8742,6.6247],[-76.8811,6.6294],[-76.8874,6.6302],[-76.8961,6.6145],[-76.8982,6.5946],[-76.8932,6.5822],[-76.8806,6.5886],[-76.8663,6.5818],[-76.8568,6.5715],[-76.8521,6.5577],[-76.8526,6.5402],[-76.8417,6.5301],[-76.8341,6.517],[-76.8255,6.5087],[-76.8117,6.5129],[-76.7881,6.4835],[-76.7878,6.4753],[-76.7971,6.4642],[-76.8033,6.4515],[-76.8009,6.4414],[-76.7844,6.4378],[-76.7872,6.4311],[-76.7908,6.4268],[-76.7966,6.4245],[-76.8055,6.4235],[-76.7967,6.4072],[-76.7887,6.3957],[-76.7872,6.3844],[-76.798,6.3689],[-76.7936,6.3679],[-76.7844,6.3627],[-76.7925,6.3534],[-76.799,6.3362],[-76.8015,6.3168],[-76.798,6.3006],[-76.7911,6.2936],[-76.783,6.2911],[-76.7757,6.2899],[-76.7707,6.2869],[-76.7667,6.2647],[-76.7645,6.259],[-76.7368,6.2291],[-76.7264,6.2109],[-76.7228,6.1912],[-76.7154,6.1816],[-76.7137,6.1784],[-76.7001,6.1687],[-76.6738,6.1617],[-76.6492,6.1586],[-76.5692,6.1617],[-76.5251,6.1709],[-76.4688,6.1761],[-76.4211,6.1812],[-76.3886,6.1884],[-76.3498,6.1922],[-76.312,6.1921],[-76.2772,6.1873],[-76.2582,6.174],[-76.2492,6.1577],[-76.2403,6.0969],[-76.217,6.0348],[-76.1887,5.9985],[-76.1638,5.9887],[-76.1371,5.988],[-76.1113,5.9756],[-76.1051,5.93],[-76.1331,5.8615],[-76.1356,5.8372],[-76.1302,5.8106],[-76.1236,5.7886],[-76.0956,5.742],[-76.0876,5.7278],[-76.0845,5.7022],[-76.0963,5.6596],[-76.0979,5.6434],[-76.088,5.6249],[-76.0819,5.6175],[-76.0425,5.5773],[-76.0802,5.5376],[-76.0815,5.5109],[-76.0933,5.4554],[-76.1454,5.4252],[-76.1656,5.4087],[-76.1829,5.3519],[-76.1799,5.3087],[-76.0976,5.175],[-76.0881,5.1387],[-76.0897,5.1099],[-76.075,5.0843],[-76.0759,5.0357],[-76.1058,5.0066],[-76.1163,5.0001],[-76.132,4.9828],[-76.1411,4.97],[-76.1667,4.8971],[-76.1695,4.8894],[-76.2104,4.8432],[-76.2912,4.7732],[-76.2985,4.7641],[-76.3066,4.7513],[-76.3118,4.7375],[-76.3129,4.7258],[-76.3068,4.7156],[-76.3033,4.6999],[-76.3169,4.679],[-76.3474,4.6481],[-76.3737,4.6294],[-76.4273,4.5817],[-76.4357,4.5658],[-76.4503,4.5143],[-76.451,4.5025],[-76.4438,4.4848],[-76.4423,4.4664],[-76.4557,4.4207],[-76.4696,4.4089],[-76.4754,4.4052],[-76.4838,4.4022],[-76.4934,4.3999],[-76.5037,4.3962],[-76.5227,4.3921],[-76.5303,4.392],[-76.5421,4.3948],[-76.5457,4.3948],[-76.5471,4.3917],[-76.5456,4.3844],[-76.5283,4.3529],[-76.5186,4.3403],[-76.5094,4.3315],[-76.5015,4.3259],[-76.496,4.32],[-76.4942,4.3115],[-76.5009,4.2627],[-76.4965,4.2376],[-76.4549,4.2162],[-76.4396,4.2006],[-76.4433,4.1883],[-76.4462,4.182],[-76.4733,4.1559],[-76.4974,4.149],[-76.5208,4.137],[-76.5459,4.1105],[-76.569,4.0793],[-76.573,4.0691],[-76.5736,4.0615],[-76.575,4.0558],[-76.5823,4.0517],[-76.5941,4.0505],[-76.6431,4.0637],[-76.6543,4.0633],[-76.6657,4.0579],[-76.6803,4.0437],[-76.6971,4.0308],[-76.7304,3.9986],[-76.7432,3.9946],[-76.7614,3.9959],[-76.7934,4.0102],[-76.8061,4.0135],[-76.8162,4.0194],[-76.8197,4.0231],[-76.8211,4.027],[-76.8226,4.0298],[-76.836,4.0339],[-76.8681,4.03],[-76.8927,4.0419],[-76.9337,4.1057],[-76.9457,4.1171],[-76.9568,4.1226],[-76.9666,4.1217],[-76.9799,4.1243],[-76.9873,4.124],[-76.992,4.1209],[-77.0011,4.1094],[-77.0085,4.1043],[-77.0182,4.1016],[-77.0282,4.1009],[-77.0496,4.104],[-77.0658,4.1039],[-77.07,4.1068],[-77.0818,4.1224],[-77.1248,4.1665],[-77.1372,4.1691],[-77.1555,4.1829],[-77.1649,4.1851],[-77.1748,4.1841],[-77.1973,4.1771],[-77.2025,4.1742],[-77.2073,4.17],[-77.2145,4.1664],[-77.2212,4.1681],[-77.2308,4.1741],[-77.2387,4.1826],[-77.2445,4.1909],[-77.247,4.2003],[-77.2469,4.2266],[-77.253,4.2412],[-77.2544,4.2421],[-77.2544,4.2422],[-77.2363,4.2653],[-77.3209,4.2663],[-77.3365,4.2687],[-77.3503,4.2858],[-77.3872,4.3472],[-77.359,4.3872],[-77.353,4.4025],[-77.3451,4.4455],[-77.3351,4.4609],[-77.3127,4.4714],[-77.3127,4.4782],[-77.3332,4.4714],[-77.3304,4.4997],[-77.3196,4.5466],[-77.3189,4.6837],[-77.3157,4.6744],[-77.3117,4.6672],[-77.3063,4.6612],[-77.299,4.6557],[-77.2944,4.6657],[-77.2916,4.6821],[-77.295,4.6973],[-77.3188,4.7097],[-77.3221,4.7228],[-77.3231,4.7388],[-77.3258,4.7525],[-77.3033,4.7492],[-77.2858,4.737],[-77.2729,4.7206],[-77.2643,4.7041],[-77.258,4.7041],[-77.2698,4.7361],[-77.3122,4.7872],[-77.3189,4.8209],[-77.3236,4.8188],[-77.3354,4.8155],[-77.34,4.8134],[-77.3486,4.8542],[-77.3605,4.9825],[-77.3667,4.9989],[-77.3729,5.1492],[-77.3679,5.1833],[-77.359,5.2156],[-77.3462,5.2448],[-77.3606,5.2535],[-77.3616,5.2752],[-77.3592,5.2973],[-77.3636,5.3074],[-77.373,5.3157],[-77.3782,5.3352],[-77.381,5.3751],[-77.3957,5.3703],[-77.4047,5.3747],[-77.4086,5.3862],[-77.4083,5.403],[-77.4015,5.403],[-77.397,5.3984],[-77.3934,5.3959],[-77.3888,5.397],[-77.381,5.403],[-77.3913,5.4096],[-77.3953,5.4187],[-77.4026,5.4497],[-77.4016,5.4531],[-77.4023,5.4572],[-77.4083,5.4645],[-77.4129,5.4662],[-77.4293,5.4689],[-77.4356,5.4713],[-77.4469,5.4821],[-77.454,5.4926],[-77.4621,5.501],[-77.4766,5.5054],[-77.4909,5.5054],[-77.5013,5.5024],[-77.5079,5.4958],[-77.5106,5.4849],[-77.5227,5.4956],[-77.5345,5.4949],[-77.5448,5.4911],[-77.5522,5.4918],[-77.5592,5.5031],[-77.5569,5.5119],[-77.5478,5.5176],[-77.5349,5.5197],[-77.5262,5.5302],[-77.5028,5.5793],[-77.4908,5.5948],[-77.4818,5.5976],[-77.4595,5.599],[-77.4498,5.6016],[-77.4379,5.6102],[-77.4291,5.619],[-77.4195,5.6257],[-77.4049,5.6284],[-77.3872,5.6232],[-77.3722,5.6135],[-77.3556,5.6079],[-77.3332,5.6153],[-77.3268,5.6213],[-77.3245,5.6274],[-77.323,5.6344],[-77.3189,5.6426],[-77.3179,5.647],[-77.3197,5.6585],[-77.3189,5.663],[-77.3144,5.6643],[-77.3079,5.663],[-77.3017,5.6625],[-77.299,5.6662],[-77.2943,5.6769],[-77.2833,5.6858],[-77.2706,5.6935],[-77.2611,5.7009],[-77.2545,5.7109],[-77.2494,5.7223],[-77.2459,5.7342],[-77.2438,5.7457],[-77.2464,5.7873],[-77.2616,5.8225],[-77.3024,5.8883],[-77.3059,5.8915],[-77.3127,5.8964],[-77.3135,5.9184],[-77.353,6.0262],[-77.3605,6.0262],[-77.3605,5.9989],[-77.3667,5.9989],[-77.3828,6.0426],[-77.4084,6.082],[-77.4697,6.1565],[-77.4806,6.1741],[-77.4844,6.1888],[-77.4834,6.2285],[-77.4766,6.2641],[-77.4757,6.2816],[-77.4834,6.2943],[-77.4766,6.3005],[-77.439,6.2695],[-77.4151,6.2391],[-77.405,6.2462],[-77.3949,6.2636],[-77.381,6.3005],[-77.3776,6.3192],[-77.3767,6.3369],[-77.3779,6.3518],[-77.381,6.3626],[-77.3993,6.3876],[-77.3965,6.3958],[-77.3735,6.4042],[-77.3708,6.3979],[-77.3677,6.3951],[-77.3641,6.3931],[-77.3605,6.3899],[-77.3563,6.4052],[-77.3599,6.4192],[-77.3688,6.4305],[-77.381,6.4377],[-77.381,6.4445],[-77.3658,6.47],[-77.3608,6.4861],[-77.3605,6.5066],[-77.3475,6.5216],[-77.343,6.5438],[-77.3454,6.5661],[-77.353,6.5817],[-77.3872,6.609],[-77.3942,6.6167],[-77.3988,6.6237],[-77.4047,6.6301],[-77.4151,6.6363],[-77.4147,6.6474],[-77.4095,6.6683],[-77.4083,6.6811],[-77.4112,6.6938],[-77.4187,6.6987],[-77.4287,6.7016],[-77.4626,6.7207],[-77.4862,6.7151],[-77.5057,6.7001],[-77.5175,6.6848],[-77.5133,6.6779],[-77.5106,6.6711],[-77.5187,6.6696],[-77.5243,6.6675],[-77.5318,6.6636],[-77.538,6.6636],[-77.5382,6.6889],[-77.5365,6.7008],[-77.5318,6.7121],[-77.5734,6.801],[-77.5933,6.8281],[-77.6218,6.8559],[-77.6362,6.8654],[-77.6625,6.8718],[-77.6667,6.8769],[-77.6711,6.8797],[-77.6826,6.8759],[-77.686,6.8702],[-77.6857,6.8619],[-77.6874,6.854],[-77.6963,6.8492],[-77.7013,6.9184],[-77.6922,6.9473],[-77.6647,6.9591],[-77.6527,6.9766],[-77.665,7.0156],[-77.6963,7.0745],[-77.7031,7.0745],[-77.6968,7.0627],[-77.6937,7.0587],[-77.6888,7.0546],[-77.6888,7.0472],[-77.6963,7.0472],[-77.7132,7.0705],[-77.7869,7.1489],[-77.7977,7.1549],[-77.8158,7.157],[-77.8256,7.1628],[-77.8319,7.1752],[-77.8396,7.1872],[-77.8539,7.1918],[-77.8471,7.1981],[-77.8599,7.2019],[-77.8714,7.2111],[-77.8881,7.2328],[-77.8958,7.2351],[-77.855,7.3654],[-77.8202,7.4765],[-77.7963,7.4713],[-77.7742,7.4747],[-77.7551,7.4861],[-77.7402,7.5046],[-77.7312,7.5303],[-77.7342,7.5518],[-77.7568,7.5956],[-77.7658,7.6265],[-77.7705,7.669],[-77.7642,7.7057],[-77.7402,7.7189],[-77.7299,7.7133],[-77.6799,7.671],[-77.6702,7.6599],[-77.6706,7.6573],[-77.6748,7.6484],[-77.6748,7.6447],[-77.6719,7.642],[-77.6634,7.6399],[-77.6608,7.638],[-77.6331,7.6007],[-77.6255,7.5874],[-77.6133,7.5375],[-77.6027,7.5261],[-77.58,7.5284],[-77.5549,7.5485],[-77.5093,7.5941],[-77.3691,7.6808],[-77.3397,7.7072],[-77.346,7.7257],[-77.3665,7.7451],[-77.3799,7.7744],[-77.3766,7.7866],[-77.3472,7.8238],[-77.3216,7.881],[-77.3004,7.9021],[-77.2697,7.9181],[-77.2361,7.9292],[-77.2061,7.9355],[-77.169,7.9351],[-77.1633,7.9393],[-77.1711,7.9549],[-77.1808,7.9651],[-77.1915,7.9728],[-77.2012,7.982],[-77.2078,7.9966],[-77.2096,8.0207],[-77.2311,8.0987],[-77.2601,8.154],[-77.2694,8.1677],[-77.2952,8.2055],[-77.3169,8.2508],[-77.3243,8.2612],[-77.3372,8.2666],[-77.3505,8.2674],[-77.3632,8.2721],[-77.3744,8.2893],[-77.383,8.3249],[-77.3913,8.3935],[-77.4058,8.4285],[-77.4223,8.4564],[-77.4327,8.4651],[-77.4496,8.4706],[-77.4797,8.4679],[-77.4887,8.4736],[-77.4887,8.4965],[-77.4804,8.5262],[-77.4694,8.5378]]],[[[-77.4352,4.1528],[-77.4352,4.1552],[-77.4329,4.169],[-77.4267,4.1804],[-77.4151,4.1902],[-77.4012,4.1933],[-77.3878,4.1917],[-77.3776,4.1936],[-77.3735,4.2069],[-77.3696,4.2139],[-77.3601,4.2211],[-77.3481,4.2247],[-77.3365,4.2206],[-77.3198,4.2008],[-77.3131,4.1989],[-77.299,4.2032],[-77.2852,4.2113],[-77.2844,4.2042],[-77.2833,4.1969],[-77.2837,4.193],[-77.287,4.1876],[-77.2918,4.1827],[-77.2986,4.1788],[-77.3047,4.1768],[-77.3122,4.1786],[-77.3169,4.1818],[-77.3285,4.1937],[-77.3379,4.1966],[-77.3502,4.1947],[-77.3946,4.1597],[-77.4342,4.1528],[-77.4351,4.1528],[-77.4352,4.1528]]],[[[-77.353,4.2653],[-77.3324,4.255],[-77.3116,4.2576],[-77.2912,4.2624],[-77.2717,4.2585],[-77.29,4.2294],[-77.303,4.2176],[-77.3157,4.2227],[-77.3332,4.2448],[-77.3578,4.2355],[-77.3816,4.2316],[-77.4341,4.2321],[-77.4538,4.2364],[-77.4663,4.2374],[-77.4817,4.2344],[-77.4905,4.2274],[-77.4968,4.2186],[-77.5045,4.2106],[-77.5413,4.1994],[-77.5455,4.1964],[-77.5495,4.2048],[-77.5491,4.2187],[-77.5443,4.2316],[-77.5349,4.2374],[-77.5216,4.2417],[-77.4997,4.261],[-77.4871,4.2653],[-77.4738,4.2637],[-77.4495,4.2583],[-77.4356,4.2585],[-77.4403,4.2665],[-77.4555,4.277],[-77.4629,4.2858],[-77.4281,4.2858],[-77.452,4.2917],[-77.4494,4.3013],[-77.4329,4.3118],[-77.4151,4.3205],[-77.4206,4.3223],[-77.4239,4.3244],[-77.4279,4.3262],[-77.4356,4.3273],[-77.4343,4.3315],[-77.433,4.3344],[-77.4281,4.341],[-77.4015,4.3273],[-77.3861,4.3146],[-77.3754,4.3004],[-77.3673,4.2841],[-77.353,4.2653]]]]}},{"type":"Feature","properties":{"id":"COL-1398","name":"Cundinamarca","nameBn":"কুন্ডিনামাকা বিভাগ","type":"Department","bounds":[-74.8912,3.704,-73.053,5.8264],"center":[-74.0613,5.1112]},"geometry":{"type":"Polygon","coordinates":[[[-74.4936,3.704],[-74.5305,3.7311],[-74.5635,3.7721],[-74.5513,3.8456],[-74.5246,3.8942],[-74.5157,3.9186],[-74.5114,3.937],[-74.5121,3.9495],[-74.5318,3.9843],[-74.5199,4.0226],[-74.5268,4.0394],[-74.5248,4.0522],[-74.5206,4.0646],[-74.5142,4.077],[-74.5008,4.0911],[-74.4953,4.0958],[-74.4829,4.1105],[-74.4802,4.1334],[-74.4865,4.1583],[-74.4881,4.17],[-74.4948,4.185],[-74.5016,4.1946],[-74.5239,4.2425],[-74.5417,4.2564],[-74.55,4.2641],[-74.5553,4.2693],[-74.5652,4.2744],[-74.5713,4.2742],[-74.5814,4.2726],[-74.6082,4.2622],[-74.617,4.2569],[-74.6225,4.2506],[-74.6275,4.2359],[-74.631,4.2301],[-74.636,4.2255],[-74.6441,4.2148],[-74.6493,4.211],[-74.6546,4.2092],[-74.6604,4.2127],[-74.6665,4.2137],[-74.6769,4.212],[-74.6884,4.2144],[-74.6993,4.2186],[-74.7321,4.2479],[-74.7492,4.2425],[-74.7553,4.257],[-74.7594,4.2598],[-74.7825,4.2721],[-74.784,4.2836],[-74.8086,4.2793],[-74.8306,4.2775],[-74.8594,4.2708],[-74.8807,4.2691],[-74.8912,4.2796],[-74.8873,4.3096],[-74.8164,4.4663],[-74.8058,4.5046],[-74.8047,4.5448],[-74.818,4.5875],[-74.8044,4.5915],[-74.8061,4.5977],[-74.818,4.608],[-74.8113,4.6205],[-74.7942,4.6407],[-74.7907,4.6524],[-74.7933,4.6598],[-74.7995,4.6625],[-74.8064,4.6646],[-74.8112,4.6701],[-74.8126,4.6772],[-74.8119,4.6826],[-74.8109,4.6866],[-74.8112,4.6899],[-74.8254,4.7113],[-74.8279,4.7222],[-74.8214,4.7346],[-74.8103,4.7416],[-74.7978,4.7455],[-74.7875,4.7509],[-74.7833,4.7619],[-74.7805,4.7724],[-74.7672,4.7869],[-74.7628,4.7998],[-74.7704,4.8481],[-74.7708,4.8631],[-74.7683,4.876],[-74.7617,4.8853],[-74.7497,4.8891],[-74.7543,4.8977],[-74.753,4.905],[-74.7501,4.9129],[-74.7497,4.9233],[-74.7615,4.9574],[-74.7628,4.9642],[-74.7566,4.9697],[-74.734,4.9798],[-74.7286,4.9854],[-74.7316,4.9919],[-74.7459,5.0151],[-74.7497,5.0263],[-74.7489,5.0466],[-74.7355,5.1082],[-74.7423,5.2696],[-74.7487,5.2906],[-74.7487,5.2908],[-74.7505,5.3024],[-74.746,5.3075],[-74.7407,5.3106],[-74.7251,5.3253],[-74.7218,5.3304],[-74.7176,5.3502],[-74.6988,5.3837],[-74.6912,5.41],[-74.6839,5.4166],[-74.6767,5.4215],[-74.6734,5.427],[-74.678,5.4492],[-74.675,5.4558],[-74.6604,5.4583],[-74.666,5.4738],[-74.6684,5.4923],[-74.6668,5.5108],[-74.6604,5.526],[-74.6736,5.5299],[-74.6801,5.5396],[-74.6776,5.5494],[-74.6638,5.5539],[-74.6473,5.5567],[-74.6407,5.5629],[-74.6448,5.5698],[-74.6604,5.5744],[-74.6433,5.6172],[-74.6374,5.6442],[-74.643,5.6563],[-74.6519,5.66],[-74.6499,5.6689],[-74.6435,5.6791],[-74.6377,5.6918],[-74.6337,5.6976],[-74.6318,5.7025],[-74.6393,5.7062],[-74.6424,5.7099],[-74.6449,5.7143],[-74.6461,5.7184],[-74.6461,5.7525],[-74.6304,5.7597],[-74.5758,5.7693],[-74.5524,5.7798],[-74.5406,5.7891],[-74.5339,5.7906],[-74.516,5.7876],[-74.5012,5.7809],[-74.4875,5.7769],[-74.4406,5.7672],[-74.4161,5.7745],[-74.4067,5.7819],[-74.392,5.7911],[-74.3618,5.817],[-74.3475,5.8264],[-74.3391,5.8257],[-74.3326,5.8192],[-74.33,5.813],[-74.3283,5.8077],[-74.3264,5.803],[-74.3231,5.7994],[-74.3193,5.7972],[-74.315,5.7955],[-74.3128,5.7932],[-74.3122,5.7895],[-74.3134,5.784],[-74.3135,5.7742],[-74.3116,5.7646],[-74.3042,5.7547],[-74.3027,5.7469],[-74.3017,5.7343],[-74.3028,5.7168],[-74.2977,5.7013],[-74.2901,5.6908],[-74.2884,5.6816],[-74.2913,5.6693],[-74.3009,5.6579],[-74.3133,5.6361],[-74.315,5.6239],[-74.3135,5.6138],[-74.2998,5.586],[-74.2569,5.5447],[-74.2493,5.5243],[-74.2495,5.5175],[-74.2515,5.4992],[-74.2499,5.4908],[-74.2439,5.4839],[-74.2313,5.485],[-74.2088,5.4842],[-74.1769,5.4662],[-74.1585,5.4567],[-74.1475,5.4529],[-74.098,5.4556],[-74.0989,5.4352],[-74.0887,5.4197],[-74.0779,5.411],[-74.0623,5.4018],[-74.0471,5.4004],[-74.0001,5.3743],[-73.9348,5.4342],[-73.9067,5.442],[-73.8991,5.4637],[-73.8992,5.4819],[-73.8438,5.539],[-73.8216,5.5585],[-73.8126,5.562],[-73.8029,5.5641],[-73.7983,5.564],[-73.7915,5.5586],[-73.7915,5.508],[-73.7393,5.4827],[-73.7181,5.4876],[-73.6954,5.4662],[-73.6798,5.4602],[-73.6678,5.46],[-73.6599,5.4624],[-73.6538,5.4617],[-73.6518,5.4516],[-73.6417,5.4307],[-73.6,5.3937],[-73.5911,5.3871],[-73.5901,5.3856],[-73.5901,5.3778],[-73.5828,5.3675],[-73.5889,5.3553],[-73.5936,5.3409],[-73.5937,5.3305],[-73.5903,5.3164],[-73.5848,5.3046],[-73.5583,5.2839],[-73.5419,5.2702],[-73.5369,5.264],[-73.5216,5.2373],[-73.5251,5.211],[-73.5177,5.184],[-73.4931,5.1418],[-73.4898,5.1304],[-73.4945,5.1157],[-73.4915,5.0942],[-73.4759,5.0659],[-73.4784,5.0525],[-73.5176,5.0238],[-73.5143,4.9912],[-73.5453,4.9324],[-73.5453,4.9194],[-73.5233,4.8884],[-73.4409,4.8867],[-73.4117,4.8777],[-73.4027,4.8715],[-73.3876,4.8474],[-73.3731,4.8312],[-73.3658,4.8198],[-73.3699,4.8043],[-73.3683,4.7977],[-73.3291,4.7838],[-73.3093,4.7489],[-73.3044,4.7379],[-73.2964,4.7298],[-73.2845,4.7284],[-73.2666,4.7339],[-73.2569,4.7343],[-73.2468,4.7337],[-73.2375,4.7303],[-73.2284,4.7236],[-73.2245,4.6953],[-73.2181,4.6776],[-73.1956,4.6769],[-73.1545,4.6608],[-73.1132,4.664],[-73.1003,4.6712],[-73.0925,4.6787],[-73.0894,4.6867],[-73.0773,4.7068],[-73.0744,4.7129],[-73.074,4.7181],[-73.0754,4.7234],[-73.0733,4.7285],[-73.068,4.7345],[-73.053,4.7348],[-73.0627,4.7171],[-73.0969,4.4801],[-73.1301,4.2637],[-73.1328,4.2396],[-73.1377,4.2298],[-73.1443,4.2263],[-73.1597,4.233],[-73.1858,4.251],[-73.198,4.2574],[-73.2025,4.2612],[-73.2085,4.274],[-73.2206,4.283],[-73.2428,4.2916],[-73.3657,4.3223],[-73.4287,4.3157],[-73.4546,4.2951],[-73.4711,4.2883],[-73.4869,4.2857],[-73.5008,4.2884],[-73.5124,4.2942],[-73.5277,4.2999],[-73.539,4.3065],[-73.5476,4.3142],[-73.5522,4.3207],[-73.5533,4.3327],[-73.5748,4.3803],[-73.5803,4.4083],[-73.5811,4.4213],[-73.5851,4.4302],[-73.5988,4.4492],[-73.6111,4.4631],[-73.6224,4.4838],[-73.6313,4.4882],[-73.6405,4.4903],[-73.6546,4.4896],[-73.6653,4.4986],[-73.6691,4.5049],[-73.6763,4.5122],[-73.687,4.5181],[-73.6973,4.5213],[-73.7096,4.5179],[-73.7196,4.5089],[-73.7339,4.4859],[-73.7402,4.4731],[-73.7622,4.461],[-73.7868,4.4495],[-73.7941,4.4444],[-73.8045,4.4312],[-73.8107,4.421],[-73.8126,4.4],[-73.7993,4.3862],[-73.7877,4.3323],[-73.7901,4.3137],[-73.7892,4.3038],[-73.7874,4.2935],[-73.7718,4.2775],[-73.764,4.2615],[-73.7634,4.2467],[-73.7617,4.2353],[-73.7519,4.2022],[-73.7805,4.2016],[-73.7917,4.2041],[-73.8144,4.204],[-73.8241,4.1969],[-73.8331,4.1882],[-73.901,4.1583],[-73.9192,4.1543],[-73.9412,4.1425],[-73.9505,4.1232],[-73.9599,4.1114],[-73.9772,4.1071],[-73.991,4.1062],[-74.006,4.103],[-74.0226,4.0941],[-74.0388,4.077],[-74.075,4.0529],[-74.1233,4.0051],[-74.1544,4.0072],[-74.1363,4.0565],[-74.1335,4.0879],[-74.1293,4.0968],[-74.1223,4.103],[-74.1126,4.1093],[-74.1042,4.1179],[-74.095,4.132],[-74.0939,4.142],[-74.1037,4.163],[-74.1154,4.1812],[-74.1393,4.2091],[-74.153,4.2487],[-74.1524,4.2639],[-74.1493,4.2771],[-74.1077,4.3422],[-74.103,4.3724],[-74.1069,4.3796],[-74.1162,4.4047],[-74.1164,4.4303],[-74.1127,4.4435],[-74.1062,4.4533],[-74.0884,4.4671],[-74.0767,4.4879],[-74.0645,4.5048],[-74.035,4.5534],[-74.0287,4.5592],[-74.0137,4.5665],[-73.995,4.6322],[-74.0143,4.6309],[-74.0291,4.643],[-74.0312,4.6506],[-74.0299,4.6582],[-74.026,4.6639],[-74.0162,4.6714],[-74.0136,4.6815],[-74.0163,4.691],[-74.0188,4.7722],[-74.0172,4.7912],[-74.0107,4.8154],[-74.0392,4.8271],[-74.0576,4.8299],[-74.0673,4.8293],[-74.0814,4.8355],[-74.0852,4.833],[-74.0825,4.8284],[-74.0815,4.8247],[-74.0818,4.8133],[-74.0847,4.8066],[-74.0905,4.7986],[-74.104,4.7918],[-74.1111,4.7843],[-74.1315,4.7362],[-74.1343,4.7309],[-74.1509,4.7264],[-74.1569,4.7114],[-74.1749,4.699],[-74.1732,4.691],[-74.1735,4.6873],[-74.1744,4.6831],[-74.1725,4.682],[-74.1688,4.6829],[-74.1642,4.6832],[-74.1618,4.6804],[-74.1614,4.6759],[-74.1661,4.6676],[-74.1721,4.6618],[-74.1984,4.6496],[-74.2247,4.629],[-74.212,4.6064],[-74.2066,4.6006],[-74.2009,4.5973],[-74.1945,4.5919],[-74.1888,4.582],[-74.1774,4.5405],[-74.1793,4.5008],[-74.2164,4.3992],[-74.1955,4.401],[-74.1915,4.3943],[-74.1918,4.3768],[-74.2033,4.3402],[-74.2114,4.2879],[-74.2117,4.2715],[-74.214,4.2561],[-74.2198,4.2408],[-74.231,4.2196],[-74.2506,4.1965],[-74.2499,4.1531],[-74.2625,4.1095],[-74.2666,4.1012],[-74.2727,4.0985],[-74.2972,4.1057],[-74.3079,4.1111],[-74.3281,4.1261],[-74.3369,4.1196],[-74.342,4.1125],[-74.3716,4.0335],[-74.3705,4.0123],[-74.3712,4.0023],[-74.3696,3.987],[-74.3626,3.9674],[-74.3615,3.9572],[-74.3613,3.9452],[-74.3642,3.9289],[-74.3701,3.9091],[-74.3956,3.8514],[-74.4214,3.805],[-74.4936,3.704]]]}},{"type":"Feature","properties":{"id":"COL-1316","name":"Córdoba","nameBn":"কর্ডোবা বিভাগ","type":"Department","bounds":[-76.5051,7.3642,-74.7993,9.4462],"center":[-75.6522,8.4389]},"geometry":{"type":"Polygon","coordinates":[[[-76.4448,8.8699],[-76.4282,8.8845],[-76.4282,8.8907],[-76.4355,8.9026],[-76.4269,8.9105],[-76.3661,8.9254],[-76.3425,8.9391],[-76.324,8.9414],[-76.3155,8.9477],[-76.3104,8.9575],[-76.3013,8.9698],[-76.2643,8.9963],[-76.2563,9.0074],[-76.265,9.0422],[-76.255,9.0708],[-76.2355,9.0936],[-76.2018,9.1231],[-76.1926,9.1349],[-76.1865,9.1497],[-76.1749,9.2329],[-76.1681,9.247],[-76.1625,9.2481],[-76.1344,9.2586],[-76.13,9.2612],[-76.1169,9.2658],[-76.1125,9.2764],[-76.1129,9.2947],[-76.1108,9.3122],[-76.107,9.3216],[-76.0961,9.3332],[-76.0866,9.3399],[-76.078,9.3438],[-76.0375,9.3566],[-76.0053,9.3662],[-75.9769,9.3825],[-75.9533,9.4023],[-75.9509,9.4268],[-75.9438,9.4407],[-75.9213,9.4384],[-75.91,9.4282],[-75.8774,9.43],[-75.8429,9.4365],[-75.8187,9.4462],[-75.811,9.4435],[-75.8033,9.4385],[-75.7981,9.4304],[-75.7982,9.4182],[-75.812,9.4242],[-75.8267,9.426],[-75.8408,9.4225],[-75.8529,9.4121],[-75.8449,9.4067],[-75.8389,9.4049],[-75.8328,9.4066],[-75.8249,9.4121],[-75.8191,9.4062],[-75.8153,9.4034],[-75.8129,9.3998],[-75.8119,9.3915],[-75.7811,9.4124],[-75.762,9.4218],[-75.7392,9.4257],[-75.7168,9.4221],[-75.6983,9.4169],[-75.6983,9.4145],[-75.6991,9.3541],[-75.6726,9.3448],[-75.6644,9.339],[-75.6337,9.3317],[-75.5809,9.3058],[-75.5663,9.2875],[-75.5485,9.2679],[-75.5113,9.2599],[-75.5071,9.251],[-75.5032,9.2486],[-75.4955,9.2489],[-75.4825,9.2472],[-75.4653,9.238],[-75.458,9.1949],[-75.4302,9.1528],[-75.2563,9.0725],[-75.2128,9.0416],[-75.2224,9.0231],[-75.2193,9.0151],[-75.2007,8.9894],[-75.1977,8.9834],[-75.2019,8.9768],[-75.2058,8.972],[-75.2092,8.9238],[-75.2204,8.9163],[-75.2704,8.9021],[-75.2855,8.9006],[-75.2968,8.8967],[-75.3105,8.8864],[-75.331,8.8662],[-75.3413,8.8594],[-75.3503,8.8518],[-75.3566,8.8418],[-75.3599,8.8034],[-75.3408,8.7413],[-75.3468,8.7152],[-75.3467,8.7003],[-75.3445,8.6786],[-75.325,8.6147],[-75.3247,8.5722],[-75.3191,8.5213],[-75.3126,8.5039],[-75.3053,8.4912],[-75.2951,8.4806],[-75.2537,8.4621],[-75.2205,8.4401],[-75.1835,8.4019],[-75.0781,8.4531],[-75.0348,8.4654],[-74.9797,8.4853],[-74.9572,8.487],[-74.9433,8.4863],[-74.9233,8.4694],[-74.886,8.4413],[-74.8579,8.3951],[-74.8353,8.3737],[-74.8221,8.3639],[-74.8094,8.3507],[-74.8041,8.3355],[-74.805,8.2799],[-74.8014,8.2624],[-74.7993,8.257],[-74.801,8.2496],[-74.8159,8.2343],[-74.8218,8.2262],[-74.827,8.2168],[-74.8278,8.2042],[-74.8349,8.1887],[-74.8525,8.1835],[-74.8691,8.1716],[-74.8862,8.1542],[-74.9117,8.1131],[-74.9426,8.0726],[-74.9977,8.0755],[-75.0174,8.0747],[-75.0328,8.0712],[-75.0475,8.0632],[-75.0609,8.0591],[-75.0742,8.0608],[-75.0917,8.0661],[-75.1144,8.0676],[-75.189,8.0598],[-75.2145,8.0525],[-75.2288,8.046],[-75.2502,8.015],[-75.2632,7.9957],[-75.3247,7.931],[-75.3617,7.8838],[-75.3902,7.8598],[-75.4414,7.8243],[-75.4586,7.8078],[-75.4903,7.7386],[-75.516,7.7227],[-75.5336,7.7068],[-75.5467,7.6895],[-75.5654,7.6063],[-75.59,7.5695],[-75.6088,7.557],[-75.6459,7.543],[-75.7048,7.5317],[-75.7404,7.52],[-75.7694,7.4989],[-75.8399,7.4006],[-75.8441,7.3845],[-75.8446,7.375],[-75.857,7.3673],[-75.8681,7.3642],[-75.9662,7.3684],[-76.0317,7.3705],[-76.4078,7.3804],[-76.4347,7.4652],[-76.4976,7.6],[-76.5051,7.645],[-76.5051,7.7407],[-76.4683,7.8748],[-76.4326,7.9313],[-76.4195,7.9791],[-76.4169,8.0059],[-76.4194,8.0987],[-76.4004,8.1321],[-76.3702,8.1772],[-76.3179,8.2809],[-76.27,8.3486],[-76.2173,8.4102],[-76.2137,8.4529],[-76.216,8.4958],[-76.2291,8.5776],[-76.2451,8.6016],[-76.2614,8.6266],[-76.2775,8.6415],[-76.3318,8.6603],[-76.3463,8.6748],[-76.3641,8.705],[-76.3888,8.7389],[-76.4051,8.8194],[-76.4123,8.8395],[-76.4391,8.8662],[-76.4448,8.8698],[-76.4448,8.8699]]]}},{"type":"Feature","properties":{"id":"COL-1424","name":"Guainía","nameBn":"গোয়াইনিয়া বিভাগ","type":"Commissiary","bounds":[-70.9094,1.1727,-66.8751,4.0399],"center":[-68.8925,2.7054]},"geometry":{"type":"Polygon","coordinates":[[[-67.0652,1.1727],[-67.0861,1.176],[-67.0945,1.2012],[-67.0982,1.2534],[-67.0736,1.5412],[-67.083,1.6046],[-67.1172,1.7098],[-67.1557,1.7881],[-67.2648,1.9325],[-67.2886,1.9749],[-67.3204,2.0531],[-67.3406,2.0901],[-67.3658,2.115],[-67.3817,2.1227],[-67.4246,2.1381],[-67.4397,2.1396],[-67.4491,2.1341],[-67.4661,2.1164],[-67.4753,2.1119],[-67.5103,2.1074],[-67.5273,2.0966],[-67.5544,2.0731],[-67.593,2.0548],[-67.6697,1.9733],[-67.7905,1.8126],[-67.8208,1.784],[-67.8605,1.7615],[-67.8932,1.7497],[-67.9288,1.7413],[-67.9649,1.7402],[-67.9982,1.75],[-68.0318,1.7775],[-68.0587,1.8164],[-68.0792,1.86],[-68.1012,1.9241],[-68.1111,1.9424],[-68.1261,1.9562],[-68.1491,1.9655],[-68.1698,1.9697],[-68.1771,1.9732],[-68.1852,1.9808],[-68.1873,1.9882],[-68.1874,2.0083],[-68.1922,2.0149],[-68.2008,2.0078],[-68.2608,1.8582],[-68.2802,1.8294],[-68.2737,1.8253],[-68.2483,1.8221],[-68.239,1.8103],[-68.2411,1.7883],[-68.239,1.7703],[-68.2015,1.7687],[-68.1935,1.7637],[-68.1907,1.755],[-68.1917,1.7424],[-68.1888,1.7358],[-68.1804,1.7297],[-68.1633,1.7213],[-68.2386,1.7212],[-68.2864,1.7211],[-68.4126,1.721],[-68.591,1.7209],[-68.7955,1.7207],[-69.0,1.7205],[-69.1784,1.7203],[-69.3045,1.7202],[-69.3524,1.7202],[-69.3934,1.7253],[-69.4692,1.7574],[-69.542,1.7727],[-69.5803,1.7702],[-69.6491,1.7389],[-69.6901,1.7355],[-69.7115,1.7385],[-69.7292,1.739],[-69.7464,1.7352],[-69.7892,1.7128],[-69.8075,1.7074],[-69.8412,1.7076],[-69.8415,1.7078],[-69.846,1.7106],[-69.8778,1.7272],[-69.9216,1.7406],[-69.9693,1.7441],[-69.9999,1.755],[-70.0502,1.781],[-70.1566,1.8693],[-70.1639,1.8854],[-70.162,1.9023],[-70.119,2.0071],[-70.1083,2.0588],[-70.105,2.1012],[-70.103,2.1222],[-70.0732,2.1474],[-70.0333,2.1724],[-70.0255,2.1822],[-69.9999,2.1977],[-69.9945,2.2134],[-69.9951,2.2196],[-69.9999,2.2264],[-70.02,2.2484],[-70.0373,2.2774],[-70.0514,2.2868],[-70.0626,2.2874],[-70.0745,2.2785],[-70.09,2.2737],[-70.1206,2.2753],[-70.1323,2.2728],[-70.135,2.2677],[-70.1364,2.2629],[-70.1424,2.2604],[-70.1504,2.2618],[-70.1601,2.2602],[-70.1899,2.2519],[-70.2134,2.2514],[-70.2238,2.2555],[-70.2304,2.2616],[-70.2373,2.2656],[-70.2499,2.2645],[-70.2676,2.2585],[-70.2846,2.2583],[-70.2914,2.2555],[-70.2927,2.2494],[-70.2911,2.2407],[-70.2942,2.2314],[-70.3043,2.2264],[-70.3177,2.2321],[-70.3412,2.246],[-70.3537,2.2463],[-70.4073,2.2633],[-70.422,2.2641],[-70.4355,2.2605],[-70.4493,2.2556],[-70.4561,2.2506],[-70.4929,2.2448],[-70.4946,2.2649],[-70.5029,2.2759],[-70.5124,2.2805],[-70.5194,2.2812],[-70.5402,2.2875],[-70.5907,2.3014],[-70.6092,2.3145],[-70.6223,2.3276],[-70.6352,2.3579],[-70.6761,2.4379],[-70.7253,2.5077],[-70.7471,2.529],[-70.7687,2.5416],[-70.7932,2.5482],[-70.8433,2.5741],[-70.8998,2.5925],[-70.9094,2.6019],[-70.9085,2.6108],[-70.8957,2.6209],[-70.4997,2.7845],[-70.4666,2.8111],[-70.3834,2.8468],[-70.3591,2.8608],[-70.3474,2.8746],[-70.345,2.887],[-70.3413,2.8987],[-70.3333,2.91],[-70.2815,2.942],[-70.2751,2.9604],[-70.276,2.9837],[-70.2807,3.0041],[-70.2892,3.0206],[-70.2916,3.0303],[-70.2878,3.0356],[-70.2769,3.0392],[-70.2656,3.0451],[-70.2619,3.0537],[-70.2634,3.0629],[-70.2725,3.0702],[-70.2822,3.0735],[-70.2959,3.0756],[-70.305,3.078],[-70.3085,3.0839],[-70.3045,3.0894],[-70.2958,3.0953],[-70.2868,3.1027],[-70.2703,3.1327],[-70.2485,3.1594],[-70.2345,3.1708],[-70.211,3.1841],[-70.2076,3.1923],[-70.203,3.1962],[-70.1989,3.196],[-70.1858,3.1837],[-70.1762,3.1808],[-70.164,3.1863],[-70.1615,3.1977],[-70.1645,3.2102],[-70.1637,3.2228],[-70.1599,3.2277],[-70.1549,3.2265],[-70.1512,3.2202],[-70.1484,3.2102],[-70.1446,3.202],[-70.1389,3.1987],[-70.1293,3.2043],[-70.1254,3.2165],[-70.1272,3.2306],[-70.1436,3.258],[-70.1416,3.2764],[-70.134,3.283],[-70.1238,3.2849],[-70.1179,3.2851],[-70.116,3.2902],[-70.119,3.2986],[-70.1279,3.3107],[-70.1413,3.321],[-70.1497,3.3342],[-70.1511,3.3479],[-70.1368,3.3629],[-70.13,3.3741],[-70.1254,3.3864],[-70.1208,3.3915],[-70.1197,3.4166],[-70.0794,3.4156],[-70.0686,3.4246],[-70.0599,3.4685],[-70.0549,3.4845],[-70.0768,3.5149],[-70.0828,3.5255],[-70.063,3.53],[-70.0355,3.5312],[-70.0109,3.5286],[-70.0002,3.5218],[-69.9959,3.5154],[-69.9855,3.51],[-69.9732,3.5064],[-69.963,3.505],[-69.9358,3.545],[-69.9263,3.5559],[-69.9134,3.5636],[-69.8941,3.5664],[-69.8859,3.562],[-69.878,3.5519],[-69.8722,3.5414],[-69.8699,3.5357],[-69.8667,3.5306],[-69.8596,3.5396],[-69.8494,3.559],[-69.8332,3.561],[-69.7641,3.559],[-69.7395,3.5628],[-69.722,3.5686],[-69.7058,3.5682],[-69.6849,3.5528],[-69.6687,3.5373],[-69.6581,3.5325],[-69.6525,3.5421],[-69.6487,3.5947],[-69.6419,3.6045],[-69.6292,3.6046],[-69.6114,3.6188],[-69.606,3.6582],[-69.6089,3.6679],[-69.616,3.6758],[-69.6124,3.6863],[-69.6032,3.692],[-69.5842,3.6939],[-69.5685,3.6925],[-69.5464,3.6931],[-69.523,3.6969],[-69.4938,3.7103],[-69.4743,3.7157],[-69.4587,3.7111],[-69.4479,3.7004],[-69.4398,3.6902],[-69.4307,3.6861],[-69.4221,3.6909],[-69.406,3.6959],[-69.3845,3.7],[-69.3463,3.7128],[-69.326,3.7115],[-69.309,3.6994],[-69.3015,3.7001],[-69.3003,3.715],[-69.2924,3.7266],[-69.2795,3.7289],[-69.2662,3.7223],[-69.2585,3.7097],[-69.251,3.7012],[-69.2397,3.7005],[-69.2282,3.7018],[-69.2208,3.7004],[-69.2091,3.687],[-69.1911,3.6799],[-69.1862,3.6754],[-69.1848,3.6685],[-69.1854,3.6556],[-69.1835,3.6521],[-69.1757,3.6537],[-69.1522,3.6707],[-69.1401,3.6745],[-69.1307,3.6697],[-69.1224,3.6641],[-69.113,3.6561],[-69.1058,3.6558],[-69.1089,3.6279],[-69.1035,3.6232],[-69.0986,3.6147],[-69.0903,3.6094],[-69.0748,3.6143],[-69.0661,3.6229],[-69.0525,3.6457],[-69.0406,3.6552],[-69.0281,3.6501],[-68.9624,3.6409],[-68.9501,3.6491],[-68.9516,3.6889],[-68.9451,3.7036],[-68.9378,3.7073],[-68.9321,3.7082],[-68.9263,3.7067],[-68.9184,3.7036],[-68.9168,3.7011],[-68.917,3.697],[-68.916,3.6926],[-68.9109,3.6894],[-68.9073,3.6886],[-68.8935,3.6894],[-68.8594,3.7067],[-68.8483,3.7098],[-68.8392,3.7035],[-68.8278,3.6894],[-68.8045,3.6901],[-68.8055,3.7076],[-68.8101,3.728],[-68.7977,3.7378],[-68.7875,3.7368],[-68.7679,3.7325],[-68.7567,3.7316],[-68.7442,3.7362],[-68.7408,3.7475],[-68.741,3.761],[-68.7396,3.7725],[-68.7311,3.7747],[-68.7105,3.7787],[-68.6888,3.7978],[-68.6763,3.7944],[-68.6596,3.7864],[-68.6432,3.7818],[-68.6121,3.7845],[-68.5989,3.7912],[-68.5891,3.8017],[-68.5796,3.8081],[-68.5672,3.8069],[-68.5564,3.7996],[-68.5464,3.7959],[-68.5398,3.8009],[-68.5332,3.8161],[-68.5206,3.8323],[-68.5049,3.8445],[-68.4906,3.8481],[-68.4799,3.8497],[-68.4733,3.8513],[-68.4687,3.8624],[-68.4578,3.8702],[-68.4467,3.8735],[-68.4385,3.8731],[-68.4486,3.8872],[-68.4513,3.9002],[-68.4449,3.9126],[-68.4241,3.9165],[-68.3813,3.9172],[-68.3725,3.9236],[-68.3685,3.9395],[-68.362,3.9558],[-68.3514,3.9685],[-68.3561,3.9795],[-68.3684,3.9949],[-68.3697,4.0121],[-68.3555,4.0199],[-68.3336,4.0189],[-68.2902,4.0121],[-68.2679,4.0027],[-68.2617,3.9813],[-68.2604,3.9581],[-68.2524,3.9432],[-68.2124,3.9646],[-68.1881,3.9732],[-68.1773,3.9609],[-68.1806,3.9505],[-68.1866,3.9403],[-68.1894,3.9306],[-68.1835,3.9221],[-68.1694,3.9197],[-68.1566,3.9277],[-68.1332,3.9538],[-68.1256,3.9648],[-68.1144,3.9901],[-68.1056,4.0016],[-68.0927,4.0054],[-68.0826,3.9962],[-68.068,3.9705],[-68.0487,3.9559],[-68.0353,3.9618],[-68.0134,3.9985],[-68.0083,3.9836],[-68.0065,3.9486],[-67.9991,3.9364],[-67.9875,3.9348],[-67.9744,3.9414],[-67.9507,3.9575],[-67.9139,3.9376],[-67.877,3.9227],[-67.8385,3.9243],[-67.7971,3.9538],[-67.7491,4.0216],[-67.7353,4.032],[-67.7176,4.0396],[-67.7169,4.0399],[-67.717,4.0393],[-67.7104,4.0357],[-67.7016,4.012],[-67.6986,3.95],[-67.6939,3.9286],[-67.6539,3.8592],[-67.6444,3.8346],[-67.6388,3.7852],[-67.6318,3.7619],[-67.6141,3.7406],[-67.5948,3.7309],[-67.5765,3.7307],[-67.5579,3.7342],[-67.5374,3.7355],[-67.4998,3.7179],[-67.4714,3.6801],[-67.4039,3.5045],[-67.3901,3.4851],[-67.3754,3.4749],[-67.3378,3.4601],[-67.3046,3.4257],[-67.3095,3.3839],[-67.3353,3.3421],[-67.3958,3.2666],[-67.4081,3.2573],[-67.4184,3.2537],[-67.4402,3.2494],[-67.4522,3.2437],[-67.4709,3.2263],[-67.5138,3.1867],[-67.5566,3.147],[-67.5995,3.1075],[-67.6423,3.0678],[-67.6851,3.0282],[-67.728,2.9886],[-67.7708,2.949],[-67.8136,2.9093],[-67.8386,2.8861],[-67.8553,2.8582],[-67.8559,2.7898],[-67.8413,2.8014],[-67.8333,2.8152],[-67.8233,2.8273],[-67.8033,2.8326],[-67.7814,2.8315],[-67.7702,2.8324],[-67.751,2.8421],[-67.7426,2.8386],[-67.7316,2.8263],[-67.6904,2.8063],[-67.6656,2.8013],[-67.6457,2.8087],[-67.6266,2.8134],[-67.6085,2.7986],[-67.5943,2.7761],[-67.5871,2.7581],[-67.5815,2.7131],[-67.5756,2.6911],[-67.5637,2.6818],[-67.5188,2.681],[-67.5003,2.6753],[-67.4852,2.6619],[-67.481,2.6535],[-67.475,2.6347],[-67.4709,2.6271],[-67.4617,2.6204],[-67.4403,2.61],[-67.4362,2.6036],[-67.4326,2.5954],[-67.417,2.5758],[-67.4129,2.5719],[-67.4004,2.5682],[-67.3932,2.5593],[-67.3881,2.5482],[-67.3815,2.5378],[-67.372,2.5304],[-67.3499,2.5185],[-67.3406,2.5105],[-67.3358,2.5003],[-67.3313,2.4867],[-67.3254,2.4746],[-67.3166,2.4695],[-67.3057,2.4662],[-67.2947,2.4584],[-67.2757,2.4394],[-67.2666,2.4338],[-67.2314,2.4223],[-67.1976,2.402],[-67.1897,2.3944],[-67.1861,2.3845],[-67.1857,2.3655],[-67.1802,2.3565],[-67.1737,2.3364],[-67.187,2.316],[-67.2063,2.2978],[-67.2177,2.2845],[-67.2173,2.2661],[-67.2013,2.2279],[-67.1943,2.197],[-67.1778,2.1545],[-67.1693,2.1412],[-67.1541,2.1327],[-67.136,2.1271],[-67.121,2.1191],[-67.1146,2.103],[-67.1112,2.0488],[-67.1146,2.0313],[-67.119,2.024],[-67.1351,2.0033],[-67.1326,1.9908],[-67.1255,1.9805],[-67.1181,1.9724],[-67.1103,1.9595],[-67.0916,1.9465],[-67.0873,1.9388],[-67.0848,1.928],[-67.0668,1.8941],[-66.9809,1.6659],[-66.9781,1.6443],[-66.9781,1.5997],[-66.9742,1.58],[-66.9645,1.5583],[-66.9432,1.5232],[-66.9336,1.5017],[-66.9297,1.4795],[-66.9365,1.4385],[-66.9327,1.4246],[-66.9234,1.4144],[-66.9119,1.4052],[-66.9017,1.3945],[-66.8912,1.3745],[-66.8835,1.3499],[-66.8825,1.326],[-66.9009,1.289],[-66.8959,1.2653],[-66.8751,1.2225],[-66.9134,1.2149],[-66.9782,1.1968],[-67.0652,1.1727]]]}},{"type":"Feature","properties":{"id":"COL-1423","name":"Guaviare","nameBn":"গোয়াভিরে বিভাগ","type":"Commissiary","bounds":[-73.6751,0.664,-69.9945,2.9054],"center":[-71.8348,1.8514]},"geometry":{"type":"Polygon","coordinates":[[[-73.0829,0.9243],[-73.1353,0.9415],[-73.1574,0.9545],[-73.1757,0.9685],[-73.1865,0.983],[-73.1921,0.9975],[-73.199,1.0094],[-73.2106,1.0174],[-73.2473,1.0283],[-73.2741,1.0632],[-73.3748,1.1521],[-73.4257,1.2094],[-73.4295,1.2334],[-73.4299,1.2563],[-73.4317,1.2697],[-73.4432,1.3023],[-73.4534,1.3181],[-73.4678,1.3366],[-73.4831,1.3647],[-73.4969,1.3812],[-73.5477,1.4204],[-73.5639,1.4368],[-73.6652,1.584],[-73.667,1.5977],[-73.6751,1.6245],[-73.6611,1.642],[-73.6581,2.1258],[-73.6603,2.2534],[-73.6546,2.2937],[-73.6473,2.302],[-73.6391,2.3208],[-73.6299,2.3317],[-73.6247,2.3396],[-73.6242,2.3478],[-73.6268,2.3556],[-73.6266,2.3664],[-73.6186,2.3746],[-73.6067,2.3826],[-73.5983,2.3864],[-73.5927,2.3853],[-73.5915,2.3777],[-73.5915,2.3693],[-73.5854,2.3625],[-73.5775,2.3612],[-73.5666,2.3646],[-73.5366,2.3833],[-73.5304,2.3831],[-73.526,2.3774],[-73.5157,2.3587],[-73.5103,2.3524],[-73.4778,2.3567],[-73.4688,2.3544],[-73.4623,2.349],[-73.4551,2.3472],[-73.451,2.3538],[-73.4447,2.3859],[-73.4334,2.3627],[-73.4355,2.3522],[-73.4351,2.3392],[-73.4315,2.3322],[-73.4269,2.331],[-73.42,2.3365],[-73.4125,2.3438],[-73.3955,2.3441],[-73.3872,2.3392],[-73.3823,2.33],[-73.3767,2.3294],[-73.3728,2.3359],[-73.3686,2.3465],[-73.3634,2.3538],[-73.3517,2.3543],[-73.3463,2.3491],[-73.3478,2.3346],[-73.3441,2.3286],[-73.3364,2.3309],[-73.3302,2.3379],[-73.326,2.3444],[-73.3177,2.3472],[-73.2925,2.3382],[-73.2751,2.342],[-73.2504,2.3438],[-73.2413,2.3503],[-73.2415,2.3586],[-73.248,2.3659],[-73.2471,2.3719],[-73.2153,2.3884],[-73.1985,2.3816],[-73.1732,2.3851],[-73.1672,2.3826],[-73.1635,2.3754],[-73.1615,2.3671],[-73.1535,2.3611],[-73.1448,2.3617],[-73.135,2.3661],[-73.1306,2.3743],[-73.1304,2.3898],[-73.1244,2.3942],[-73.1167,2.3921],[-73.1111,2.387],[-73.1024,2.3821],[-73.0958,2.3841],[-73.0816,2.3975],[-73.0613,2.4131],[-73.0458,2.4181],[-73.0365,2.4179],[-73.0303,2.413],[-73.0206,2.4113],[-73.0068,2.4195],[-72.9857,2.4362],[-72.9681,2.4447],[-72.9612,2.4551],[-72.9524,2.4636],[-72.9305,2.4678],[-72.9276,2.4765],[-72.9314,2.486],[-72.9368,2.4929],[-72.9424,2.4975],[-72.9376,2.5136],[-72.9197,2.5229],[-72.9144,2.5342],[-72.9062,2.5476],[-72.8199,2.5967],[-72.8014,2.6025],[-72.7903,2.601],[-72.7805,2.5865],[-72.7714,2.5799],[-72.7623,2.5659],[-72.7372,2.5595],[-72.7238,2.5753],[-72.7149,2.5967],[-72.7033,2.6075],[-72.6704,2.6139],[-72.6576,2.6078],[-72.6515,2.5741],[-72.6482,2.5665],[-72.642,2.5628],[-72.632,2.5659],[-72.6245,2.6075],[-72.61,2.6205],[-72.6003,2.6148],[-72.5842,2.5864],[-72.591,2.5864],[-72.5877,2.584],[-72.5767,2.5796],[-72.5768,2.6081],[-72.5734,2.6294],[-72.5615,2.6412],[-72.5357,2.6416],[-72.5357,2.6485],[-72.5413,2.6513],[-72.548,2.6558],[-72.5538,2.6609],[-72.5562,2.6655],[-72.5537,2.6754],[-72.5472,2.6752],[-72.5385,2.6711],[-72.5295,2.6689],[-72.5187,2.6681],[-72.5127,2.6653],[-72.5073,2.6652],[-72.484,2.684],[-72.4748,2.6879],[-72.44,2.6903],[-72.4219,2.6942],[-72.4059,2.7035],[-72.3665,2.7381],[-72.3488,2.7396],[-72.3098,2.7167],[-72.3035,2.7375],[-72.2951,2.7508],[-72.2837,2.7524],[-72.2688,2.7372],[-72.2565,2.7031],[-72.2523,2.6976],[-72.2484,2.7167],[-72.2484,2.7375],[-72.2504,2.7481],[-72.2478,2.7549],[-72.2341,2.7645],[-72.221,2.7716],[-72.2079,2.7751],[-72.1943,2.7735],[-72.1935,2.773],[-72.1923,2.7975],[-72.1963,2.8146],[-72.1974,2.8339],[-72.1924,2.8479],[-72.1807,2.8538],[-72.1421,2.8605],[-72.121,2.8671],[-72.1066,2.8623],[-72.0931,2.8382],[-72.0788,2.8273],[-72.0555,2.8211],[-72.0172,2.8179],[-72.0056,2.808],[-72.0013,2.8123],[-71.9928,2.7999],[-71.9804,2.7991],[-71.9664,2.8031],[-71.9529,2.8055],[-71.9473,2.8073],[-71.9439,2.8108],[-71.9399,2.8117],[-71.9236,2.8146],[-71.8373,2.8309],[-71.8156,2.8414],[-71.8057,2.8531],[-71.792,2.8612],[-71.7841,2.8601],[-71.7772,2.8513],[-71.7696,2.8219],[-71.7593,2.8167],[-71.7511,2.8271],[-71.747,2.845],[-71.7481,2.8754],[-71.7432,2.882],[-71.7351,2.8808],[-71.6979,2.8444],[-71.6831,2.8401],[-71.6714,2.8459],[-71.6635,2.8553],[-71.6557,2.8628],[-71.6495,2.8634],[-71.6462,2.8572],[-71.6485,2.8303],[-71.6437,2.8193],[-71.6226,2.8157],[-71.5797,2.8353],[-71.5689,2.8462],[-71.5615,2.8557],[-71.5505,2.859],[-71.5366,2.8592],[-71.5104,2.8631],[-71.4906,2.8593],[-71.4687,2.8523],[-71.4559,2.8557],[-71.4434,2.8763],[-71.4348,2.8759],[-71.4012,2.8543],[-71.3824,2.8459],[-71.3702,2.8482],[-71.3658,2.8579],[-71.363,2.8682],[-71.3569,2.8753],[-71.3477,2.8744],[-71.339,2.8675],[-71.3296,2.8581],[-71.3212,2.8605],[-71.3153,2.8705],[-71.3092,2.8966],[-71.3035,2.9054],[-71.2934,2.9054],[-71.2851,2.8977],[-71.2809,2.8837],[-71.2738,2.8716],[-71.2647,2.8654],[-71.2471,2.8652],[-71.2375,2.8619],[-71.2251,2.8551],[-71.2151,2.8547],[-71.2032,2.8586],[-71.1691,2.8841],[-71.1601,2.8827],[-71.1489,2.8754],[-71.1386,2.8667],[-71.1281,2.8644],[-71.1187,2.8694],[-71.1118,2.877],[-71.1041,2.8742],[-71.0828,2.8641],[-71.0637,2.8686],[-71.041,2.8732],[-71.0226,2.8617],[-71.0058,2.86],[-70.9865,2.8547],[-70.9835,2.8472],[-70.9841,2.838],[-70.9867,2.8266],[-70.9858,2.8179],[-70.9801,2.813],[-70.9735,2.816],[-70.969,2.8245],[-70.9695,2.8379],[-70.9729,2.8538],[-70.9699,2.8654],[-70.9617,2.866],[-70.9445,2.8536],[-70.9325,2.8344],[-70.9236,2.8285],[-70.9182,2.8342],[-70.9187,2.8474],[-70.9125,2.8568],[-70.9041,2.8576],[-70.8908,2.8458],[-70.8894,2.8324],[-70.8912,2.8216],[-70.8896,2.8159],[-70.8634,2.8285],[-70.8486,2.8288],[-70.833,2.8185],[-70.821,2.7965],[-70.8113,2.792],[-70.795,2.7956],[-70.7806,2.8028],[-70.7668,2.8122],[-70.7558,2.8153],[-70.7482,2.8139],[-70.7442,2.8054],[-70.7431,2.7942],[-70.7406,2.7839],[-70.7348,2.7825],[-70.6931,2.8146],[-70.6864,2.8234],[-70.6863,2.8333],[-70.6901,2.8442],[-70.6963,2.855],[-70.6979,2.8633],[-70.6948,2.8694],[-70.6845,2.8694],[-70.6746,2.8626],[-70.6502,2.8323],[-70.6415,2.8333],[-70.6302,2.8458],[-70.6094,2.8452],[-70.5928,2.8419],[-70.4997,2.7845],[-70.8957,2.6209],[-70.9085,2.6108],[-70.9094,2.6019],[-70.8998,2.5925],[-70.8433,2.5741],[-70.7932,2.5482],[-70.7687,2.5416],[-70.7471,2.529],[-70.7253,2.5077],[-70.6761,2.4379],[-70.6352,2.3579],[-70.6223,2.3276],[-70.6092,2.3145],[-70.5907,2.3014],[-70.5402,2.2875],[-70.5194,2.2812],[-70.5124,2.2805],[-70.5029,2.2759],[-70.4946,2.2649],[-70.4929,2.2448],[-70.4561,2.2506],[-70.4493,2.2556],[-70.4355,2.2605],[-70.422,2.2641],[-70.4073,2.2633],[-70.3537,2.2463],[-70.3412,2.246],[-70.3177,2.2321],[-70.3043,2.2264],[-70.2942,2.2314],[-70.2911,2.2407],[-70.2927,2.2494],[-70.2914,2.2555],[-70.2846,2.2583],[-70.2676,2.2585],[-70.2499,2.2645],[-70.2373,2.2656],[-70.2304,2.2616],[-70.2238,2.2555],[-70.2134,2.2514],[-70.1899,2.2519],[-70.1601,2.2602],[-70.1504,2.2618],[-70.1424,2.2604],[-70.1364,2.2629],[-70.135,2.2677],[-70.1323,2.2728],[-70.1206,2.2753],[-70.09,2.2737],[-70.0745,2.2785],[-70.0626,2.2874],[-70.0514,2.2868],[-70.0373,2.2774],[-70.02,2.2484],[-69.9999,2.2264],[-69.9951,2.2196],[-69.9945,2.2134],[-69.9999,2.1977],[-70.0255,2.1822],[-70.0333,2.1724],[-70.0732,2.1474],[-70.103,2.1222],[-70.105,2.1012],[-70.1481,2.0711],[-70.1714,2.0482],[-70.1841,2.039],[-70.2017,2.0312],[-70.2596,2.0242],[-70.3043,2.0134],[-70.3394,2.0012],[-70.3592,1.9987],[-70.3773,1.9988],[-70.3876,1.9944],[-70.4044,1.9942],[-70.4445,1.9884],[-70.4615,1.9795],[-70.4769,1.9649],[-70.4863,1.9581],[-70.4993,1.9518],[-70.5372,1.9442],[-70.558,1.9361],[-70.6244,1.921],[-70.6553,1.9043],[-70.6728,1.9012],[-70.6882,1.9003],[-70.702,1.9017],[-70.7135,1.9054],[-70.7231,1.9111],[-70.7347,1.9139],[-70.7454,1.918],[-70.7576,1.915],[-70.796,1.9186],[-70.888,1.9156],[-70.8966,1.918],[-70.9045,1.9186],[-70.9118,1.915],[-70.9272,1.8934],[-70.9677,1.8533],[-70.993,1.8364],[-71.0264,1.8184],[-71.0777,1.7997],[-71.1598,1.7562],[-71.2075,1.7207],[-71.2251,1.7021],[-71.2464,1.6849],[-71.2638,1.6734],[-71.2826,1.6763],[-71.2926,1.6796],[-71.312,1.7012],[-71.3464,1.7135],[-71.3749,1.7356],[-71.3908,1.7322],[-71.395,1.6483],[-71.3992,1.6208],[-71.4052,1.5987],[-71.433,1.5641],[-71.441,1.548],[-71.4497,1.5136],[-71.471,1.4637],[-71.483,1.4427],[-71.4881,1.4165],[-71.4961,1.389],[-71.5421,1.2795],[-71.5506,1.2717],[-71.5524,1.262],[-71.5532,1.2522],[-71.5522,1.2295],[-71.5531,1.2165],[-71.5387,1.1914],[-71.5347,1.1823],[-71.5226,1.162],[-71.5158,1.1478],[-71.5073,1.1366],[-71.5025,1.1244],[-71.5051,1.1151],[-71.5158,1.1121],[-71.5278,1.1165],[-71.5355,1.1257],[-71.5384,1.1366],[-71.5399,1.1496],[-71.5417,1.1578],[-71.5465,1.1622],[-71.5529,1.161],[-71.5585,1.1552],[-71.5603,1.1417],[-71.5584,1.1312],[-71.5603,1.1245],[-71.5751,1.1263],[-71.5822,1.1223],[-71.5858,1.1129],[-71.5865,1.102],[-71.5855,1.0918],[-71.5869,1.0819],[-71.5996,1.0573],[-71.6099,1.0425],[-71.6285,1.0287],[-71.6731,0.982],[-71.685,0.9782],[-71.696,0.9791],[-71.7091,0.9844],[-71.7247,0.9866],[-71.7426,0.9827],[-71.7567,0.9713],[-71.772,0.9478],[-71.7785,0.9306],[-71.7865,0.9169],[-71.8171,0.8848],[-71.8479,0.8603],[-72.0358,0.664],[-72.078,0.6692],[-72.0866,0.6751],[-72.0905,0.6847],[-72.0932,0.6954],[-72.0984,0.7041],[-72.1067,0.7102],[-72.1525,0.7277],[-72.1709,0.7318],[-72.2381,0.7366],[-72.2456,0.7445],[-72.2641,0.7847],[-72.2734,0.7937],[-72.3017,0.8029],[-72.3115,0.8135],[-72.3105,0.8301],[-72.3059,0.8479],[-72.3047,0.8629],[-72.3122,0.8836],[-72.3192,0.8835],[-72.3268,0.8755],[-72.3365,0.8722],[-72.3471,0.8768],[-72.3515,0.8835],[-72.3546,0.9143],[-72.3624,0.933],[-72.3762,0.9381],[-72.3913,0.9395],[-72.4029,0.9473],[-72.4083,0.9605],[-72.4115,0.9763],[-72.4135,1.0074],[-72.4176,1.026],[-72.4281,1.0424],[-72.4741,1.0851],[-72.4871,1.0915],[-72.5205,1.0962],[-72.5445,1.1036],[-72.6266,1.1564],[-72.6553,1.1814],[-72.6707,1.1911],[-72.7032,1.2039],[-72.7151,1.2012],[-72.7386,1.1973],[-72.7392,1.1873],[-72.7607,1.1534],[-72.7756,1.1656],[-72.7896,1.1836],[-72.8054,1.1936],[-72.8182,1.1978],[-72.8256,1.1948],[-72.8279,1.1868],[-72.833,1.1823],[-72.8413,1.1798],[-72.8503,1.1781],[-72.8579,1.174],[-72.8706,1.1577],[-72.8736,1.1484],[-72.8769,1.1312],[-72.885,1.1142],[-72.8867,1.103],[-72.8828,1.0836],[-72.8833,1.0723],[-72.887,1.0588],[-72.8931,1.0466],[-72.9071,1.0381],[-72.9382,1.0247],[-72.9536,1.0109],[-72.9741,0.9882],[-72.9961,0.9709],[-73.0114,0.9477],[-73.0199,0.9409],[-73.0332,0.9322],[-73.0482,0.9267],[-73.0629,0.9247],[-73.0829,0.9243]]]}},{"type":"Feature","properties":{"id":"COL-1405","name":"Huila","nameBn":"হুইলা বিভাগ","type":"Department","bounds":[-76.6007,1.5601,-74.4936,3.7721],"center":[-75.5471,2.6547]},"geometry":{"type":"Polygon","coordinates":[[[-74.8975,2.9507],[-74.9144,2.946],[-74.9226,2.9417],[-74.9377,2.9276],[-74.9768,2.8922],[-75.0203,2.8354],[-75.0402,2.7993],[-75.0529,2.7682],[-75.0576,2.7489],[-75.0496,2.7244],[-75.0259,2.7091],[-75.0035,2.6851],[-74.9955,2.6553],[-75.0032,2.6382],[-75.0369,2.5999],[-75.1224,2.5341],[-75.1556,2.5237],[-75.1674,2.5277],[-75.1962,2.5442],[-75.2079,2.5467],[-75.2187,2.5437],[-75.2314,2.5313],[-75.2462,2.5085],[-75.2781,2.3961],[-75.2925,2.3663],[-75.306,2.3451],[-75.3435,2.3039],[-75.3536,2.298],[-75.4001,2.265],[-75.4215,2.2474],[-75.4441,2.206],[-75.4755,2.1544],[-75.5512,2.0329],[-75.6264,1.9646],[-75.6937,1.8662],[-75.7425,1.7984],[-75.8078,1.728],[-75.8274,1.7045],[-75.841,1.6806],[-75.8556,1.667],[-75.9074,1.6296],[-75.9261,1.6109],[-75.9421,1.5909],[-75.9602,1.573],[-75.9806,1.5637],[-76.0063,1.5601],[-76.031,1.5633],[-76.0817,1.5652],[-76.1453,1.5755],[-76.1821,1.5927],[-76.2199,1.5941],[-76.2563,1.6063],[-76.2718,1.6166],[-76.2979,1.6243],[-76.3469,1.6389],[-76.3818,1.6591],[-76.4086,1.6852],[-76.4525,1.7562],[-76.5041,1.8231],[-76.5769,1.8797],[-76.5977,1.9166],[-76.6007,1.9586],[-76.6001,1.9718],[-76.592,1.9893],[-76.565,2.0145],[-76.5623,2.0241],[-76.5657,2.054],[-76.567,2.1],[-76.5508,2.1216],[-76.5366,2.1291],[-76.5199,2.1253],[-76.5079,2.1186],[-76.4925,2.1162],[-76.4747,2.1163],[-76.4554,2.1128],[-76.4406,2.116],[-76.4267,2.1211],[-76.4194,2.1262],[-76.4168,2.1314],[-76.4175,2.1381],[-76.4203,2.1462],[-76.4217,2.156],[-76.4215,2.1638],[-76.4082,2.1807],[-76.3965,2.1862],[-76.3828,2.212],[-76.3684,2.25],[-76.3652,2.2602],[-76.3573,2.2715],[-76.3565,2.2875],[-76.3926,2.3668],[-76.3789,2.42],[-76.3487,2.4132],[-76.3329,2.3987],[-76.2777,2.3563],[-76.2582,2.3524],[-76.2337,2.3518],[-76.1544,2.3727],[-76.1219,2.3851],[-76.0501,2.4206],[-76.0264,2.4382],[-76.0036,2.4585],[-75.9794,2.4865],[-75.9662,2.491],[-75.9303,2.4657],[-75.8972,2.4365],[-75.8775,2.4266],[-75.8445,2.4281],[-75.8315,2.4492],[-75.8193,2.4613],[-75.7953,2.4747],[-75.8234,2.5304],[-75.8211,2.5594],[-75.8024,2.5989],[-75.781,2.6696],[-75.7944,2.6925],[-75.806,2.72],[-75.819,2.7349],[-75.837,2.7477],[-75.8533,2.7545],[-75.8662,2.7661],[-75.8928,2.7971],[-75.9191,2.8202],[-76.0244,2.9119],[-76.0312,2.9295],[-76.0011,2.9499],[-75.9891,2.9506],[-75.974,2.9482],[-75.9663,2.9401],[-75.9539,2.9295],[-75.9339,2.919],[-75.8547,2.8909],[-75.8267,2.8892],[-75.8125,2.8919],[-75.8038,2.9037],[-75.7816,2.9482],[-75.7437,2.9881],[-75.646,3.0685],[-75.6275,3.0903],[-75.6204,3.1231],[-75.5953,3.1486],[-75.5916,3.1871],[-75.5696,3.2333],[-75.5417,3.2788],[-75.5116,3.3172],[-75.4923,3.3473],[-75.4776,3.3605],[-75.4663,3.3633],[-75.4554,3.3614],[-75.4458,3.3586],[-75.4372,3.3589],[-75.4255,3.3618],[-75.4158,3.3698],[-75.407,3.3734],[-75.387,3.3787],[-75.3796,3.3841],[-75.3738,3.3913],[-75.3668,3.4019],[-75.3609,3.4066],[-75.3553,3.4087],[-75.3265,3.4132],[-75.3161,3.4118],[-75.3061,3.4064],[-75.2863,3.3924],[-75.2726,3.3847],[-75.2578,3.3736],[-75.2537,3.3763],[-75.2459,3.384],[-75.2389,3.394],[-75.2244,3.4078],[-75.2133,3.4101],[-75.2046,3.408],[-75.1997,3.4021],[-75.1973,3.397],[-75.178,3.3887],[-75.1776,3.4055],[-75.1679,3.4166],[-75.1566,3.422],[-75.1501,3.4293],[-75.1426,3.4321],[-75.1343,3.4335],[-75.0356,3.4342],[-75.041,3.423],[-75.0471,3.4008],[-75.0483,3.3902],[-75.0514,3.3817],[-75.059,3.3705],[-75.0608,3.3643],[-75.0628,3.3467],[-75.0654,3.3343],[-75.0695,3.3223],[-75.072,3.311],[-75.0678,3.3014],[-75.0597,3.2944],[-75.0137,3.2831],[-74.9661,3.2788],[-74.9089,3.2899],[-74.8553,3.3438],[-74.8176,3.3988],[-74.7971,3.4234],[-74.7771,3.4414],[-74.7713,3.4535],[-74.7723,3.4642],[-74.7772,3.4765],[-74.7788,3.4912],[-74.7745,3.5148],[-74.7685,3.5261],[-74.7594,3.5339],[-74.7499,3.5392],[-74.7378,3.5524],[-74.7339,3.5603],[-74.7343,3.5699],[-74.7369,3.5783],[-74.7379,3.5897],[-74.7342,3.5989],[-74.728,3.6087],[-74.723,3.6131],[-74.7169,3.6149],[-74.7101,3.6184],[-74.7022,3.6267],[-74.6917,3.6485],[-74.6831,3.6614],[-74.6715,3.6749],[-74.631,3.7013],[-74.5683,3.7576],[-74.5635,3.7721],[-74.5305,3.7311],[-74.4936,3.704],[-74.4984,3.6752],[-74.5207,3.621],[-74.5426,3.5835],[-74.6159,3.4851],[-74.6279,3.4499],[-74.6333,3.4092],[-74.6369,3.326],[-74.6419,3.2923],[-74.6517,3.26],[-74.6814,3.2104],[-74.6994,3.1947],[-74.7476,3.1635],[-74.7725,3.1376],[-74.8017,3.1235],[-74.8246,3.1074],[-74.8353,3.0933],[-74.8694,3.0343],[-74.8965,2.9571],[-74.8975,2.9507]]]}},{"type":"Feature","properties":{"id":"COL-1318","name":"La Guajira","nameBn":"লা গোয়াজিরা বিভাগ","type":"Department","bounds":[-73.651,10.4002,-71.1075,12.4683],"center":[-72.6702,11.4245]},"geometry":{"type":"Polygon","coordinates":[[[-71.3275,11.85],[-71.3576,11.8508],[-71.3755,11.8411],[-71.4097,11.8123],[-71.4495,11.7955],[-71.4765,11.7886],[-71.5351,11.7735],[-71.5936,11.7585],[-71.6523,11.7436],[-71.7109,11.7285],[-71.7694,11.7135],[-71.828,11.6986],[-71.8866,11.6835],[-71.9452,11.6685],[-71.9711,11.6619],[-71.9906,11.6491],[-72.0079,11.6246],[-72.018,11.6061],[-72.0478,11.5513],[-72.0776,11.4965],[-72.1075,11.4418],[-72.1373,11.387],[-72.1671,11.3322],[-72.1969,11.2774],[-72.2268,11.2226],[-72.2566,11.1678],[-72.2671,11.1549],[-72.2847,11.1505],[-72.3219,11.1601],[-72.3413,11.1621],[-72.3614,11.158],[-72.417,11.1376],[-72.46,11.1358],[-72.4815,11.1325],[-72.4993,11.1208],[-72.5038,11.1118],[-72.5047,11.0927],[-72.5075,11.083],[-72.515,11.0725],[-72.5339,11.0524],[-72.5421,11.0411],[-72.5765,10.9574],[-72.5945,10.933],[-72.6131,10.9153],[-72.6567,10.8852],[-72.683,10.8556],[-72.7061,10.8113],[-72.7544,10.6749],[-72.7814,10.6313],[-72.843,10.5606],[-72.8614,10.5081],[-72.8754,10.4896],[-72.892,10.4729],[-72.9076,10.4525],[-72.9149,10.4329],[-72.9152,10.4282],[-72.9159,10.428],[-72.94,10.4234],[-72.9778,10.4074],[-72.9945,10.4033],[-73.0126,10.4009],[-73.0308,10.4016],[-73.0451,10.4042],[-73.0623,10.4118],[-73.0777,10.4151],[-73.0977,10.4121],[-73.1149,10.4048],[-73.1307,10.4002],[-73.1396,10.4044],[-73.1447,10.4225],[-73.1515,10.4367],[-73.1626,10.4498],[-73.1813,10.4566],[-73.1768,10.4683],[-73.1701,10.4775],[-73.1586,10.4837],[-73.1383,10.5197],[-73.1251,10.5272],[-73.1136,10.5626],[-73.0997,10.5784],[-73.0918,10.6021],[-73.0865,10.6143],[-73.0752,10.63],[-73.0854,10.6459],[-73.1235,10.6785],[-73.1638,10.7015],[-73.194,10.7093],[-73.221,10.7252],[-73.2499,10.7339],[-73.2576,10.7481],[-73.2561,10.7587],[-73.2516,10.772],[-73.2511,10.7831],[-73.2545,10.8101],[-73.2598,10.8267],[-73.2716,10.8434],[-73.285,10.8525],[-73.302,10.8511],[-73.3375,10.8575],[-73.3652,10.8594],[-73.3874,10.8639],[-73.4522,10.8663],[-73.6058,10.8455],[-73.6276,10.9196],[-73.6322,10.9608],[-73.6377,10.9731],[-73.6497,10.9919],[-73.651,10.9998],[-73.6501,11.0098],[-73.6445,11.0342],[-73.6383,11.0492],[-73.6364,11.1013],[-73.6341,11.1139],[-73.6349,11.1246],[-73.6378,11.1392],[-73.6358,11.1452],[-73.6319,11.1493],[-73.6233,11.1521],[-73.6171,11.1548],[-73.6118,11.159],[-73.5992,11.1757],[-73.5948,11.1792],[-73.587,11.1832],[-73.5818,11.1915],[-73.5633,11.2486],[-73.5651,11.2739],[-73.5656,11.2771],[-73.4025,11.2772],[-73.2924,11.294],[-73.2826,11.2995],[-73.2762,11.3081],[-73.2458,11.3309],[-73.22,11.3449],[-73.215,11.3489],[-73.2074,11.3579],[-73.1957,11.3816],[-73.1907,11.3852],[-73.179,11.3886],[-73.1703,11.3969],[-73.1562,11.4162],[-73.1453,11.4255],[-73.1119,11.4404],[-73.0548,11.494],[-72.934,11.5568],[-72.7597,11.6971],[-72.7413,11.708],[-72.7047,11.7204],[-72.6439,11.7333],[-72.6283,11.7404],[-72.598,11.7619],[-72.5775,11.756],[-72.5563,11.7666],[-72.5343,11.7816],[-72.5116,11.7893],[-72.4521,11.7913],[-72.4335,11.7961],[-72.4176,11.8051],[-72.392,11.8261],[-72.3596,11.834],[-72.3162,11.865],[-72.2631,11.886],[-72.2506,11.9017],[-72.2322,11.9197],[-72.228,11.9302],[-72.2263,11.939],[-72.2137,11.9748],[-72.178,12.0299],[-72.1679,12.0634],[-72.1455,12.0925],[-72.1387,12.1046],[-72.1371,12.1241],[-72.1412,12.1803],[-72.1454,12.2008],[-72.1511,12.2085],[-72.1605,12.2165],[-72.1693,12.2218],[-72.1728,12.2213],[-72.1705,12.2343],[-72.162,12.2429],[-72.1387,12.256],[-72.1075,12.245],[-72.0049,12.2629],[-71.9696,12.2551],[-71.9735,12.2366],[-72.0151,12.194],[-72.0002,12.1862],[-71.9849,12.161],[-71.9673,12.153],[-71.9376,12.1664],[-71.9325,12.1697],[-71.9299,12.1828],[-71.9232,12.1941],[-71.9144,12.2028],[-71.9053,12.2077],[-71.8923,12.2083],[-71.8788,12.2068],[-71.868,12.2082],[-71.8636,12.2178],[-71.8677,12.2281],[-71.8749,12.2371],[-71.8783,12.246],[-71.8711,12.256],[-71.8812,12.2639],[-71.8866,12.2713],[-71.8927,12.2778],[-71.9053,12.2827],[-71.9183,12.2839],[-71.9307,12.2819],[-71.9407,12.2769],[-71.9468,12.269],[-71.953,12.269],[-71.9605,12.2827],[-71.9148,12.3136],[-71.8779,12.3448],[-71.8755,12.3496],[-71.8712,12.3626],[-71.8674,12.3653],[-71.8494,12.3643],[-71.8444,12.3653],[-71.8291,12.3762],[-71.8209,12.3779],[-71.8091,12.3721],[-71.8268,12.3633],[-71.8401,12.3517],[-71.8431,12.3381],[-71.8301,12.3237],[-71.8229,12.3198],[-71.8177,12.3193],[-71.8028,12.3237],[-71.8018,12.3264],[-71.803,12.3312],[-71.8032,12.3359],[-71.7994,12.338],[-71.7854,12.3371],[-71.7817,12.338],[-71.7633,12.3476],[-71.7511,12.3562],[-71.744,12.3676],[-71.7408,12.3857],[-71.7434,12.3872],[-71.7487,12.3878],[-71.7518,12.3908],[-71.7482,12.3994],[-71.7415,12.4057],[-71.7325,12.4102],[-71.7228,12.4128],[-71.7134,12.4137],[-71.7198,12.396],[-71.7138,12.387],[-71.7042,12.3792],[-71.6998,12.3653],[-71.6936,12.3653],[-71.691,12.369],[-71.6871,12.3759],[-71.6855,12.3827],[-71.6898,12.3857],[-71.6968,12.3881],[-71.6916,12.3934],[-71.683,12.3981],[-71.6793,12.3994],[-71.6676,12.4057],[-71.6538,12.4101],[-71.6407,12.416],[-71.6309,12.4274],[-71.6434,12.426],[-71.6539,12.4212],[-71.6623,12.4161],[-71.6688,12.4137],[-71.6791,12.417],[-71.6773,12.4248],[-71.6687,12.4337],[-71.6588,12.4404],[-71.6701,12.4404],[-71.6801,12.4384],[-71.6881,12.4341],[-71.6936,12.4274],[-71.6919,12.4434],[-71.6903,12.4492],[-71.6861,12.4547],[-71.6993,12.4463],[-71.7257,12.4235],[-71.7345,12.4137],[-71.7408,12.4199],[-71.7305,12.4381],[-71.7157,12.4535],[-71.6973,12.4643],[-71.6756,12.4683],[-71.6562,12.4653],[-71.6261,12.4515],[-71.6042,12.4472],[-71.5316,12.4472],[-71.5113,12.4433],[-71.4906,12.4338],[-71.4596,12.4137],[-71.446,12.4006],[-71.4391,12.3962],[-71.4261,12.3926],[-71.3902,12.3933],[-71.3811,12.3891],[-71.3612,12.3745],[-71.3409,12.3672],[-71.2952,12.3585],[-71.2618,12.3419],[-71.2423,12.3277],[-71.2316,12.3109],[-71.2272,12.3054],[-71.2226,12.2973],[-71.2191,12.2783],[-71.1584,12.1767],[-71.1517,12.1496],[-71.1139,12.0944],[-71.1075,12.0749],[-71.1137,12.0524],[-71.1261,12.0312],[-71.1381,12.0158],[-71.1649,11.9962],[-71.234,11.9589],[-71.2541,11.937],[-71.2687,11.9292],[-71.2856,11.9229],[-71.2988,11.9202],[-71.3036,11.9117],[-71.3231,11.8581],[-71.3275,11.8501],[-71.3275,11.85]]]}},{"type":"Feature","properties":{"id":"COL-1416","name":"Magdalena","nameBn":"মাগডালেনা বিভাগ","type":"Department","bounds":[-74.9477,8.8877,-73.5618,11.3579],"center":[-74.3474,10.3731]},"geometry":{"type":"Polygon","coordinates":[[[-74.8475,11.0877],[-74.8482,11.098],[-74.8503,11.1034],[-74.8444,11.1097],[-74.8193,11.0979],[-74.7968,11.0904],[-74.7432,11.0727],[-74.6454,11.0331],[-74.5723,11.0086],[-74.523,10.9959],[-74.4713,10.9897],[-74.4035,10.9829],[-74.3373,10.987],[-74.2978,10.9915],[-74.3124,10.9809],[-74.3618,10.9717],[-74.4582,10.9743],[-74.4698,10.9761],[-74.4808,10.9789],[-74.4916,10.9795],[-74.5028,10.9743],[-74.5058,10.9658],[-74.5045,10.9542],[-74.505,10.9439],[-74.5134,10.9396],[-74.5174,10.9267],[-74.5063,10.8978],[-74.4818,10.8508],[-74.4971,10.859],[-74.5117,10.8745],[-74.525,10.8834],[-74.5364,10.8719],[-74.5434,10.8814],[-74.5672,10.8814],[-74.5814,10.8881],[-74.5892,10.8847],[-74.597,10.8678],[-74.6029,10.8476],[-74.6052,10.8341],[-74.6064,10.8037],[-74.6046,10.789],[-74.5985,10.7819],[-74.5846,10.7869],[-74.5787,10.8026],[-74.5742,10.8201],[-74.5643,10.831],[-74.5643,10.8205],[-74.5609,10.8134],[-74.554,10.8096],[-74.5438,10.8092],[-74.5455,10.7994],[-74.5438,10.762],[-74.5286,10.7553],[-74.5123,10.756],[-74.4997,10.7647],[-74.4954,10.7819],[-74.5067,10.7758],[-74.5156,10.7782],[-74.5213,10.7877],[-74.5233,10.803],[-74.5193,10.8161],[-74.5115,10.8251],[-74.5062,10.8335],[-74.5096,10.8445],[-74.4897,10.8411],[-74.4771,10.8276],[-74.4706,10.8078],[-74.4657,10.7597],[-74.4566,10.748],[-74.4415,10.7458],[-74.4021,10.748],[-74.3951,10.7495],[-74.3856,10.7546],[-74.3666,10.7728],[-74.3622,10.7757],[-74.36,10.7848],[-74.3309,10.8371],[-74.3301,10.8443],[-74.3309,10.8719],[-74.3197,10.8937],[-74.3179,10.902],[-74.3146,10.9072],[-74.3006,10.9235],[-74.2974,10.9293],[-74.2899,10.9675],[-74.2804,10.9897],[-74.2181,11.0791],[-74.2149,11.087],[-74.2178,11.0988],[-74.2318,11.1157],[-74.236,11.1251],[-74.2357,11.136],[-74.23,11.153],[-74.2285,11.1627],[-74.2304,11.1727],[-74.2393,11.1907],[-74.2422,11.2003],[-74.2403,11.2043],[-74.2307,11.2128],[-74.2285,11.2177],[-74.2296,11.2235],[-74.2322,11.2263],[-74.2348,11.228],[-74.236,11.2307],[-74.2336,11.2412],[-74.2281,11.2509],[-74.2149,11.2691],[-74.2096,11.2748],[-74.2051,11.2777],[-74.2018,11.282],[-74.2006,11.2927],[-74.1875,11.317],[-74.1719,11.3181],[-74.159,11.3151],[-74.1518,11.3197],[-74.1534,11.3437],[-74.1459,11.3437],[-74.1453,11.3372],[-74.1437,11.333],[-74.1391,11.3237],[-74.1285,11.3378],[-74.1261,11.3437],[-74.1227,11.3415],[-74.1215,11.3415],[-74.1207,11.341],[-74.1186,11.3374],[-74.1124,11.3374],[-74.1124,11.3579],[-74.1024,11.3499],[-74.0949,11.3344],[-74.0839,11.3306],[-74.0741,11.3354],[-74.0696,11.3458],[-74.0654,11.3518],[-74.0572,11.3437],[-74.0497,11.3437],[-74.0479,11.3508],[-74.044,11.3546],[-74.038,11.3564],[-74.0299,11.3579],[-74.0046,11.3553],[-73.9853,11.3478],[-73.9685,11.3359],[-73.951,11.3203],[-73.9436,11.3174],[-73.8978,11.3077],[-73.8654,11.289],[-73.826,11.2768],[-73.7051,11.2683],[-73.5924,11.277],[-73.5656,11.2771],[-73.5651,11.2739],[-73.5633,11.2486],[-73.5818,11.1915],[-73.587,11.1832],[-73.5948,11.1792],[-73.5992,11.1757],[-73.6118,11.159],[-73.6171,11.1548],[-73.6233,11.1521],[-73.6319,11.1493],[-73.6358,11.1452],[-73.6378,11.1392],[-73.6349,11.1246],[-73.6341,11.1139],[-73.6364,11.1013],[-73.6383,11.0492],[-73.6445,11.0342],[-73.6501,11.0098],[-73.651,10.9998],[-73.6497,10.9919],[-73.6377,10.9731],[-73.6322,10.9608],[-73.6276,10.9196],[-73.6058,10.8455],[-73.607,10.835],[-73.6398,10.7862],[-73.6456,10.7711],[-73.6375,10.7672],[-73.6231,10.7683],[-73.6069,10.7673],[-73.5897,10.7633],[-73.5744,10.7557],[-73.5637,10.744],[-73.5618,10.7309],[-73.5757,10.7108],[-73.5863,10.6996],[-73.6141,10.6505],[-73.6048,10.6315],[-73.5996,10.6166],[-73.5937,10.5796],[-73.5941,10.5647],[-73.5976,10.549],[-73.5949,10.5414],[-73.5891,10.5358],[-73.5799,10.5305],[-73.5717,10.5225],[-73.5709,10.5124],[-73.5778,10.5032],[-73.6012,10.4927],[-73.6298,10.4843],[-73.6375,10.4811],[-73.6414,10.4732],[-73.6474,10.4565],[-73.6554,10.4501],[-73.6692,10.448],[-73.6809,10.448],[-73.6914,10.4435],[-73.705,10.4271],[-73.7207,10.4201],[-73.7343,10.4173],[-73.7705,10.3912],[-73.8087,10.3799],[-73.8194,10.3805],[-73.8273,10.3829],[-73.8348,10.3842],[-73.8443,10.3841],[-73.8575,10.3801],[-73.8935,10.3733],[-73.9064,10.3679],[-73.9202,10.3572],[-73.9391,10.3373],[-73.9473,10.3202],[-73.9567,10.2939],[-73.9667,10.2797],[-73.9975,10.2475],[-74.0122,10.2254],[-74.0228,10.2143],[-74.0333,10.1926],[-74.0505,10.1699],[-74.0574,10.1221],[-74.0652,10.0905],[-74.0691,10.0795],[-74.0682,10.065],[-74.0662,10.0538],[-74.034,10.0001],[-74.008,9.9583],[-73.9977,9.946],[-73.9843,9.939],[-73.9698,9.9295],[-73.9526,9.9152],[-73.8948,9.8373],[-73.8846,9.8301],[-73.8418,9.7899],[-73.837,9.7634],[-73.8364,9.7565],[-73.8427,9.7398],[-73.8167,9.6934],[-73.7842,9.5975],[-73.8007,9.5778],[-73.8064,9.5854],[-73.8088,9.5899],[-73.8129,9.5953],[-73.8186,9.5979],[-73.8258,9.5972],[-73.8678,9.5727],[-73.8761,9.5693],[-73.8877,9.5694],[-73.8947,9.5704],[-73.9312,9.5706],[-73.9403,9.575],[-73.9543,9.5845],[-73.9623,9.5865],[-73.9786,9.5875],[-73.9887,9.591],[-73.9974,9.5926],[-74.0044,9.5933],[-74.0271,9.5912],[-74.0421,9.585],[-74.0595,9.5744],[-74.1081,9.5191],[-74.1371,9.4982],[-74.0819,9.4667],[-74.0393,9.426],[-74.0186,9.4151],[-74.001,9.3991],[-73.9947,9.3423],[-73.9838,9.3217],[-73.9746,9.3141],[-73.9657,9.3081],[-73.9595,9.3024],[-73.9557,9.295],[-73.9533,9.2594],[-73.9518,9.2506],[-73.9513,9.243],[-73.9518,9.2381],[-73.9537,9.2337],[-73.9579,9.2295],[-73.9617,9.2241],[-73.9629,9.2196],[-73.9628,9.2148],[-73.9616,9.2098],[-73.9585,9.2029],[-73.9535,9.1964],[-73.9412,9.1908],[-73.9026,9.1825],[-73.8936,9.1831],[-73.8857,9.185],[-73.8787,9.1845],[-73.8738,9.1783],[-73.8722,9.1592],[-73.8672,9.1395],[-73.855,9.118],[-73.8247,9.0891],[-73.7998,9.0556],[-73.8236,9.017],[-73.8343,8.9876],[-73.8442,8.9694],[-73.8704,8.8877],[-73.8824,8.9142],[-73.8849,8.9436],[-73.8721,8.9733],[-73.9001,8.9855],[-73.9841,8.9893],[-74.0161,9.0074],[-74.0104,9.023],[-74.0192,9.0345],[-74.0332,9.0444],[-74.0434,9.0552],[-74.0605,9.0325],[-74.0908,9.0292],[-74.1249,9.0373],[-74.1533,9.049],[-74.1415,9.0583],[-74.1551,9.07],[-74.197,9.0931],[-74.2122,9.1126],[-74.238,9.1543],[-74.2563,9.1651],[-74.295,9.1665],[-74.3018,9.175],[-74.3035,9.2029],[-74.3117,9.2139],[-74.331,9.2241],[-74.3536,9.2312],[-74.3718,9.2333],[-74.3831,9.2295],[-74.3917,9.224],[-74.4007,9.2213],[-74.4133,9.2265],[-74.4189,9.2355],[-74.4263,9.262],[-74.4307,9.2675],[-74.4631,9.2706],[-74.4788,9.2693],[-74.4953,9.2613],[-74.5017,9.254],[-74.5062,9.2464],[-74.5122,9.2408],[-74.5232,9.2395],[-74.5327,9.243],[-74.5415,9.2502],[-74.548,9.26],[-74.5571,9.2921],[-74.5727,9.3086],[-74.6051,9.3302],[-74.6132,9.337],[-74.62,9.3453],[-74.6246,9.3554],[-74.6262,9.3674],[-74.6293,9.3759],[-74.6365,9.3822],[-74.6529,9.3916],[-74.6582,9.3932],[-74.6712,9.3925],[-74.6771,9.3947],[-74.6811,9.4003],[-74.686,9.4149],[-74.6908,9.422],[-74.7032,9.4296],[-74.7165,9.4301],[-74.7298,9.4256],[-74.7423,9.4183],[-74.7624,9.4449],[-74.7702,9.4531],[-74.7998,9.4486],[-74.8058,9.4868],[-74.7907,9.576],[-74.7791,9.6163],[-74.7813,9.6313],[-74.7938,9.648],[-74.82,9.6718],[-74.8285,9.6858],[-74.8317,9.7063],[-74.8275,9.725],[-74.8196,9.7472],[-74.8152,9.7687],[-74.8214,9.7851],[-74.856,9.817],[-74.8652,9.8292],[-74.8741,9.849],[-74.878,9.8699],[-74.8789,9.9155],[-74.8768,9.9375],[-74.8705,9.9507],[-74.8599,9.9591],[-74.8247,9.9768],[-74.8123,9.9855],[-74.8061,9.9995],[-74.8044,10.0253],[-74.8076,10.0345],[-74.8146,10.0391],[-74.8216,10.0419],[-74.8249,10.0455],[-74.8379,10.0762],[-74.847,10.0879],[-74.8527,10.0931],[-74.859,10.0973],[-74.8887,10.1033],[-74.8965,10.107],[-74.9157,10.1198],[-74.9321,10.126],[-74.9435,10.1375],[-74.9477,10.1656],[-74.9446,10.1866],[-74.931,10.2196],[-74.9243,10.2542],[-74.9175,10.2674],[-74.8644,10.3699],[-74.8484,10.3882],[-74.8361,10.4061],[-74.8303,10.4279],[-74.8249,10.4741],[-74.8067,10.5103],[-74.7481,10.5503],[-74.7286,10.584],[-74.7258,10.6051],[-74.7286,10.6693],[-74.7218,10.7546],[-74.7226,10.7748],[-74.7243,10.7832],[-74.741,10.8283],[-74.7423,10.8409],[-74.7381,10.8638],[-74.7301,10.8827],[-74.7247,10.9003],[-74.7286,10.9191],[-74.7387,10.9315],[-74.7499,10.9412],[-74.759,10.9544],[-74.766,10.9953],[-74.7743,11.01],[-74.7969,11.0358],[-74.8376,11.0732],[-74.8475,11.0877]]]}},{"type":"Feature","properties":{"id":"COL-1425","name":"Meta","nameBn":"মেটা","type":"Department","bounds":[-74.8975,1.6245,-71.0603,4.9194],"center":[-72.9789,3.5302]},"geometry":{"type":"Polygon","coordinates":[[[-74.8975,2.9507],[-74.8965,2.9571],[-74.8694,3.0343],[-74.8353,3.0933],[-74.8246,3.1074],[-74.8017,3.1235],[-74.7725,3.1376],[-74.7476,3.1635],[-74.6994,3.1947],[-74.6814,3.2104],[-74.6517,3.26],[-74.6419,3.2923],[-74.6369,3.326],[-74.6333,3.4092],[-74.6279,3.4499],[-74.6159,3.4851],[-74.5426,3.5835],[-74.5207,3.621],[-74.4984,3.6752],[-74.4936,3.704],[-74.4645,3.6776],[-74.4358,3.6754],[-74.4278,3.6796],[-74.4233,3.6877],[-74.4215,3.6932],[-74.4148,3.7016],[-74.4024,3.7311],[-74.3371,3.8104],[-74.3174,3.8427],[-74.3089,3.8652],[-74.31,3.8769],[-74.3096,3.8868],[-74.3004,3.8988],[-74.2815,3.9172],[-74.2564,3.9479],[-74.2433,3.9689],[-74.2236,4.0096],[-74.2085,4.0199],[-74.1544,4.0072],[-74.1233,4.0051],[-74.075,4.0529],[-74.0388,4.077],[-74.0226,4.0941],[-74.006,4.103],[-73.991,4.1062],[-73.9772,4.1071],[-73.9599,4.1114],[-73.9505,4.1232],[-73.9412,4.1425],[-73.9192,4.1543],[-73.901,4.1583],[-73.8331,4.1882],[-73.8241,4.1969],[-73.8144,4.204],[-73.7917,4.2041],[-73.7805,4.2016],[-73.7519,4.2022],[-73.7617,4.2353],[-73.7634,4.2467],[-73.764,4.2615],[-73.7718,4.2775],[-73.7874,4.2935],[-73.7892,4.3038],[-73.7901,4.3137],[-73.7877,4.3323],[-73.7993,4.3862],[-73.8126,4.4],[-73.8107,4.421],[-73.8045,4.4312],[-73.7941,4.4444],[-73.7868,4.4495],[-73.7622,4.461],[-73.7402,4.4731],[-73.7339,4.4859],[-73.7196,4.5089],[-73.7096,4.5179],[-73.6973,4.5213],[-73.687,4.5181],[-73.6763,4.5122],[-73.6691,4.5049],[-73.6653,4.4986],[-73.6546,4.4896],[-73.6405,4.4903],[-73.6313,4.4882],[-73.6224,4.4838],[-73.6111,4.4631],[-73.5988,4.4492],[-73.5851,4.4302],[-73.5811,4.4213],[-73.5803,4.4083],[-73.5748,4.3803],[-73.5533,4.3327],[-73.5522,4.3207],[-73.5476,4.3142],[-73.539,4.3065],[-73.5277,4.2999],[-73.5124,4.2942],[-73.5008,4.2884],[-73.4869,4.2857],[-73.4711,4.2883],[-73.4546,4.2951],[-73.4287,4.3157],[-73.3657,4.3223],[-73.2428,4.2916],[-73.2206,4.283],[-73.2085,4.274],[-73.2025,4.2612],[-73.198,4.2574],[-73.1858,4.251],[-73.1597,4.233],[-73.1443,4.2263],[-73.1377,4.2298],[-73.1328,4.2396],[-73.1301,4.2637],[-73.0969,4.4801],[-73.0627,4.7171],[-73.053,4.7348],[-73.0465,4.7053],[-73.0406,4.6943],[-72.9946,4.6496],[-72.9266,4.5253],[-72.8371,4.4303],[-72.8222,4.4314],[-72.817,4.43],[-72.8126,4.4263],[-72.8128,4.4218],[-72.8092,4.4138],[-72.7917,4.3946],[-72.7886,4.3866],[-72.7883,4.3799],[-72.782,4.3711],[-72.7827,4.3629],[-72.7842,4.357],[-72.7842,4.3507],[-72.7768,4.3494],[-72.7692,4.3514],[-72.7606,4.3525],[-72.7532,4.3488],[-72.752,4.3407],[-72.748,4.3131],[-72.7256,4.3006],[-72.7181,4.2982],[-72.7071,4.3001],[-72.7014,4.3041],[-72.6879,4.3172],[-72.6797,4.3206],[-72.6702,4.32],[-72.632,4.3131],[-72.6246,4.3138],[-72.6203,4.3164],[-72.6174,4.3193],[-72.6146,4.3206],[-72.6075,4.3172],[-72.6017,4.3105],[-72.5955,4.3062],[-72.5876,4.3097],[-72.5653,4.3488],[-72.5596,4.3547],[-72.5486,4.3532],[-72.5337,4.3492],[-72.5208,4.3437],[-72.5153,4.3374],[-72.5049,4.3214],[-72.4807,4.3277],[-72.4333,4.3547],[-72.4146,4.3413],[-72.3891,4.3378],[-72.3667,4.3436],[-72.3235,4.41],[-72.3099,4.4161],[-72.1499,4.4507],[-72.1385,4.4509],[-72.1278,4.4471],[-72.0892,4.4227],[-72.081,4.4084],[-72.0699,4.3943],[-72.0498,4.3883],[-72.0122,4.3986],[-71.9737,4.4218],[-71.8974,4.4854],[-71.8195,4.5701],[-71.8094,4.5779],[-71.799,4.5796],[-71.7879,4.579],[-71.7754,4.58],[-71.6857,4.6077],[-71.6434,4.6285],[-71.565,4.682],[-71.2745,4.8066],[-71.2152,4.8156],[-71.2068,4.824],[-71.1578,4.8618],[-71.1303,4.8784],[-71.1133,4.886],[-71.1001,4.8891],[-71.0873,4.8946],[-71.0603,4.9194],[-71.0637,3.3619],[-71.0637,2.8686],[-71.0828,2.8641],[-71.1041,2.8742],[-71.1118,2.877],[-71.1187,2.8694],[-71.1281,2.8644],[-71.1386,2.8667],[-71.1489,2.8754],[-71.1601,2.8827],[-71.1691,2.8841],[-71.2032,2.8586],[-71.2151,2.8547],[-71.2251,2.8551],[-71.2375,2.8619],[-71.2471,2.8652],[-71.2647,2.8654],[-71.2738,2.8716],[-71.2809,2.8837],[-71.2851,2.8977],[-71.2934,2.9054],[-71.3035,2.9054],[-71.3092,2.8966],[-71.3153,2.8705],[-71.3212,2.8605],[-71.3296,2.8581],[-71.339,2.8675],[-71.3477,2.8744],[-71.3569,2.8753],[-71.363,2.8682],[-71.3658,2.8579],[-71.3702,2.8482],[-71.3824,2.8459],[-71.4012,2.8543],[-71.4348,2.8759],[-71.4434,2.8763],[-71.4559,2.8557],[-71.4687,2.8523],[-71.4906,2.8593],[-71.5104,2.8631],[-71.5366,2.8592],[-71.5505,2.859],[-71.5615,2.8557],[-71.5689,2.8462],[-71.5797,2.8353],[-71.6226,2.8157],[-71.6437,2.8193],[-71.6485,2.8303],[-71.6462,2.8572],[-71.6495,2.8634],[-71.6557,2.8628],[-71.6635,2.8553],[-71.6714,2.8459],[-71.6831,2.8401],[-71.6979,2.8444],[-71.7351,2.8808],[-71.7432,2.882],[-71.7481,2.8754],[-71.747,2.845],[-71.7511,2.8271],[-71.7593,2.8167],[-71.7696,2.8219],[-71.7772,2.8513],[-71.7841,2.8601],[-71.792,2.8612],[-71.8057,2.8531],[-71.8156,2.8414],[-71.8373,2.8309],[-71.9236,2.8146],[-71.9399,2.8117],[-71.9439,2.8108],[-71.9473,2.8073],[-71.9529,2.8055],[-71.9664,2.8031],[-71.9804,2.7991],[-71.9928,2.7999],[-72.0013,2.8123],[-72.0056,2.808],[-72.0172,2.8179],[-72.0555,2.8211],[-72.0788,2.8273],[-72.0931,2.8382],[-72.1066,2.8623],[-72.121,2.8671],[-72.1421,2.8605],[-72.1807,2.8538],[-72.1924,2.8479],[-72.1974,2.8339],[-72.1963,2.8146],[-72.1923,2.7975],[-72.1935,2.773],[-72.1943,2.7735],[-72.2079,2.7751],[-72.221,2.7716],[-72.2341,2.7645],[-72.2478,2.7549],[-72.2504,2.7481],[-72.2484,2.7375],[-72.2484,2.7167],[-72.2523,2.6976],[-72.2565,2.7031],[-72.2688,2.7372],[-72.2837,2.7524],[-72.2951,2.7508],[-72.3035,2.7375],[-72.3098,2.7167],[-72.3488,2.7396],[-72.3665,2.7381],[-72.4059,2.7035],[-72.4219,2.6942],[-72.44,2.6903],[-72.4748,2.6879],[-72.484,2.684],[-72.5073,2.6652],[-72.5127,2.6653],[-72.5187,2.6681],[-72.5295,2.6689],[-72.5385,2.6711],[-72.5472,2.6752],[-72.5537,2.6754],[-72.5562,2.6655],[-72.5538,2.6609],[-72.548,2.6558],[-72.5413,2.6513],[-72.5357,2.6485],[-72.5357,2.6416],[-72.5615,2.6412],[-72.5734,2.6294],[-72.5768,2.6081],[-72.5767,2.5796],[-72.5877,2.584],[-72.591,2.5864],[-72.5842,2.5864],[-72.6003,2.6148],[-72.61,2.6205],[-72.6245,2.6075],[-72.632,2.5659],[-72.642,2.5628],[-72.6482,2.5665],[-72.6515,2.5741],[-72.6576,2.6078],[-72.6704,2.6139],[-72.7033,2.6075],[-72.7149,2.5967],[-72.7238,2.5753],[-72.7372,2.5595],[-72.7623,2.5659],[-72.7714,2.5799],[-72.7805,2.5865],[-72.7903,2.601],[-72.8014,2.6025],[-72.8199,2.5967],[-72.9062,2.5476],[-72.9144,2.5342],[-72.9197,2.5229],[-72.9376,2.5136],[-72.9424,2.4975],[-72.9368,2.4929],[-72.9314,2.486],[-72.9276,2.4765],[-72.9305,2.4678],[-72.9524,2.4636],[-72.9612,2.4551],[-72.9681,2.4447],[-72.9857,2.4362],[-73.0068,2.4195],[-73.0206,2.4113],[-73.0303,2.413],[-73.0365,2.4179],[-73.0458,2.4181],[-73.0613,2.4131],[-73.0816,2.3975],[-73.0958,2.3841],[-73.1024,2.3821],[-73.1111,2.387],[-73.1167,2.3921],[-73.1244,2.3942],[-73.1304,2.3898],[-73.1306,2.3743],[-73.135,2.3661],[-73.1448,2.3617],[-73.1535,2.3611],[-73.1615,2.3671],[-73.1635,2.3754],[-73.1672,2.3826],[-73.1732,2.3851],[-73.1985,2.3816],[-73.2153,2.3884],[-73.2471,2.3719],[-73.248,2.3659],[-73.2415,2.3586],[-73.2413,2.3503],[-73.2504,2.3438],[-73.2751,2.342],[-73.2925,2.3382],[-73.3177,2.3472],[-73.326,2.3444],[-73.3302,2.3379],[-73.3364,2.3309],[-73.3441,2.3286],[-73.3478,2.3346],[-73.3463,2.3491],[-73.3517,2.3543],[-73.3634,2.3538],[-73.3686,2.3465],[-73.3728,2.3359],[-73.3767,2.3294],[-73.3823,2.33],[-73.3872,2.3392],[-73.3955,2.3441],[-73.4125,2.3438],[-73.42,2.3365],[-73.4269,2.331],[-73.4315,2.3322],[-73.4351,2.3392],[-73.4355,2.3522],[-73.4334,2.3627],[-73.4447,2.3859],[-73.451,2.3538],[-73.4551,2.3472],[-73.4623,2.349],[-73.4688,2.3544],[-73.4778,2.3567],[-73.5103,2.3524],[-73.5157,2.3587],[-73.526,2.3774],[-73.5304,2.3831],[-73.5366,2.3833],[-73.5666,2.3646],[-73.5775,2.3612],[-73.5854,2.3625],[-73.5915,2.3693],[-73.5915,2.3777],[-73.5927,2.3853],[-73.5983,2.3864],[-73.6067,2.3826],[-73.6186,2.3746],[-73.6266,2.3664],[-73.6268,2.3556],[-73.6242,2.3478],[-73.6247,2.3396],[-73.6299,2.3317],[-73.6391,2.3208],[-73.6473,2.302],[-73.6546,2.2937],[-73.6603,2.2534],[-73.6581,2.1258],[-73.6611,1.642],[-73.6751,1.6245],[-73.7575,1.6382],[-73.8525,1.6308],[-73.8897,1.6314],[-73.9178,1.6347],[-74.5108,1.8439],[-74.5505,1.8714],[-74.585,1.9149],[-74.6068,1.9624],[-74.6163,2.0084],[-74.6159,2.0431],[-74.6052,2.0734],[-74.5867,2.099],[-74.5644,2.123],[-74.5492,2.1429],[-74.5427,2.1616],[-74.5437,2.1819],[-74.5537,2.203],[-74.5691,2.2252],[-74.6297,2.293],[-74.6459,2.3182],[-74.6554,2.3472],[-74.6594,2.3826],[-74.6582,2.4144],[-74.6516,2.4646],[-74.5961,2.6854],[-74.5964,2.7212],[-74.6087,2.7411],[-74.628,2.7551],[-74.6472,2.7735],[-74.6625,2.7956],[-74.691,2.8696],[-74.7003,2.8846],[-74.7126,2.897],[-74.7302,2.9073],[-74.7503,2.9122],[-74.7978,2.9186],[-74.8975,2.9507]]]}},{"type":"Feature","properties":{"id":"COL-1406","name":"Nariño","nameBn":"নারিনো বিভাগ","type":"Department","bounds":[-79.0215,0.3342,-76.8436,2.6873],"center":[-77.9777,1.6017]},"geometry":{"type":"MultiPolygon","coordinates":[[[[-78.6413,1.2594],[-78.6647,1.2666],[-78.6843,1.2819],[-78.6994,1.302],[-78.7092,1.3242],[-78.7195,1.3411],[-78.749,1.3649],[-78.77,1.3941],[-78.8287,1.4343],[-78.8129,1.4418],[-78.8196,1.4597],[-78.8319,1.4704],[-78.8452,1.4788],[-78.8545,1.4902],[-78.8556,1.5054],[-78.8535,1.5244],[-78.8533,1.5434],[-78.8607,1.5585],[-78.8671,1.5603],[-78.88,1.5541],[-78.8996,1.5453],[-78.9079,1.555],[-78.9181,1.5643],[-78.9311,1.5662],[-78.9408,1.575],[-78.9626,1.587],[-78.9715,1.5913],[-78.998,1.6079],[-79.0127,1.6236],[-79.0215,1.6383],[-79.0166,1.655],[-79.0088,1.6648],[-78.9931,1.6706],[-78.9735,1.6755],[-78.9558,1.6922],[-78.9402,1.7226],[-78.9264,1.7412],[-78.901,1.7667],[-78.8804,1.7902],[-78.8666,1.8049],[-78.8461,1.8216],[-78.7994,1.832],[-78.7768,1.8284],[-78.7594,1.8305],[-78.7376,1.8258],[-78.7186,1.8173],[-78.6973,1.8121],[-78.6637,1.8098],[-78.6416,1.8049],[-78.6126,1.8013],[-78.6075,1.7988],[-78.6005,1.7905],[-78.591,1.7835],[-78.5808,1.7803],[-78.5712,1.7822],[-78.5718,1.7962],[-78.5706,1.8039],[-78.5667,1.8198],[-78.5533,1.8344],[-78.5463,1.8599],[-78.5541,1.8762],[-78.5528,1.8912],[-78.5512,1.8945],[-78.5478,1.8993],[-78.5452,1.9059],[-78.5454,1.9147],[-78.5483,1.9206],[-78.5523,1.9166],[-78.5585,1.9042],[-78.5715,1.8968],[-78.5914,1.8968],[-78.5976,1.9099],[-78.5982,1.9286],[-78.5938,1.9489],[-78.5925,1.9641],[-78.5875,1.9885],[-78.5863,2.0004],[-78.5896,2.0091],[-78.5977,2.0194],[-78.608,2.028],[-78.618,2.0314],[-78.629,2.0253],[-78.6372,2.0124],[-78.6475,1.9806],[-78.6582,1.975],[-78.6656,1.9829],[-78.6673,2.0036],[-78.6707,2.031],[-78.683,2.065],[-78.6918,2.1125],[-78.7005,2.1467],[-78.7032,2.1898],[-78.6917,2.2144],[-78.6794,2.2417],[-78.6723,2.2672],[-78.6454,2.2783],[-78.637,2.3066],[-78.6074,2.3598],[-78.5857,2.4031],[-78.5741,2.4332],[-78.559,2.4492],[-78.5653,2.4326],[-78.5663,2.4155],[-78.5636,2.3983],[-78.559,2.3815],[-78.5449,2.4267],[-78.5362,2.4752],[-78.525,2.4955],[-78.5065,2.4909],[-78.4814,2.5223],[-78.4563,2.5519],[-78.4322,2.587],[-78.4109,2.5953],[-78.3933,2.612],[-78.372,2.6323],[-78.346,2.648],[-78.334,2.647],[-78.3247,2.6239],[-78.3136,2.5971],[-78.2979,2.5712],[-78.2775,2.5425],[-78.2548,2.5419],[-78.2655,2.5758],[-78.271,2.6044],[-78.2701,2.635],[-78.2617,2.6497],[-78.2469,2.6636],[-78.2358,2.646],[-78.2284,2.6155],[-78.2349,2.5933],[-78.2247,2.5767],[-78.2155,2.5554],[-78.2078,2.5373],[-78.1931,2.5214],[-78.1844,2.5152],[-78.1488,2.4975],[-78.1325,2.4927],[-78.123,2.4936],[-78.1066,2.5044],[-78.0867,2.5106],[-78.0853,2.5161],[-78.0851,2.5236],[-78.0858,2.5299],[-78.0867,2.5317],[-78.0831,2.5375],[-78.0817,2.5415],[-78.0814,2.5775],[-78.085,2.5923],[-78.0897,2.608],[-78.0998,2.6246],[-78.1054,2.6422],[-78.0961,2.6515],[-78.0739,2.6468],[-77.9839,2.5869],[-77.9527,2.5557],[-77.9508,2.5363],[-77.9457,2.5131],[-77.9334,2.4775],[-77.9317,2.467],[-77.9322,2.4562],[-77.9352,2.4442],[-77.9478,2.4099],[-77.95,2.4007],[-77.9504,2.3913],[-77.9488,2.382],[-77.9316,2.3413],[-77.8594,2.2374],[-77.8564,2.2278],[-77.8534,2.1949],[-77.8494,2.1866],[-77.8401,2.1772],[-77.8106,2.1638],[-77.7797,2.1566],[-77.7438,2.1445],[-77.721,2.1419],[-77.7027,2.1426],[-77.6556,2.1595],[-77.6246,2.1578],[-77.5953,2.1701],[-77.5793,2.1828],[-77.5717,2.1873],[-77.5441,2.193],[-77.5165,2.1951],[-77.4983,2.2016],[-77.4955,2.2052],[-77.4862,2.2127],[-77.4815,2.2152],[-77.4759,2.2171],[-77.4587,2.2205],[-77.4463,2.2214],[-77.4314,2.221],[-77.4205,2.2191],[-77.402,2.2127],[-77.313,2.1714],[-77.3013,2.1548],[-77.305,2.1252],[-77.3196,2.1014],[-77.3244,2.0858],[-77.3274,2.0788],[-77.3301,2.0704],[-77.3264,2.0622],[-77.3173,2.0531],[-77.2577,2.0087],[-77.2435,2.0012],[-77.2325,1.997],[-77.214,1.9864],[-77.1993,1.961],[-77.2106,1.9323],[-77.2137,1.9269],[-77.2188,1.9262],[-77.2308,1.9218],[-77.2359,1.9174],[-77.2386,1.9097],[-77.2399,1.903],[-77.2476,1.8869],[-77.2834,1.8557],[-77.2979,1.8167],[-77.3004,1.8076],[-77.3006,1.7935],[-77.2952,1.7779],[-77.2967,1.7637],[-77.3001,1.7486],[-77.3251,1.6894],[-77.2654,1.6702],[-77.2565,1.6735],[-77.253,1.6737],[-77.2444,1.6683],[-77.2338,1.6637],[-77.233,1.6635],[-77.1835,1.6806],[-77.1669,1.6813],[-77.1509,1.6868],[-77.1447,1.6868],[-77.1409,1.6844],[-77.1363,1.6794],[-77.1283,1.6737],[-77.1105,1.6685],[-77.0994,1.6679],[-77.0894,1.6698],[-77.0819,1.6737],[-77.0705,1.6821],[-77.0642,1.6889],[-77.0507,1.7013],[-77.0447,1.7043],[-77.0133,1.7129],[-76.9724,1.7179],[-76.9409,1.7275],[-76.931,1.7239],[-76.9244,1.7198],[-76.8932,1.6713],[-76.8637,1.6282],[-76.8535,1.6205],[-76.8493,1.6153],[-76.8448,1.6071],[-76.8436,1.5989],[-76.8447,1.5893],[-76.8495,1.5689],[-76.8541,1.558],[-76.8652,1.5444],[-76.8763,1.5333],[-76.9245,1.503],[-76.9285,1.4845],[-76.924,1.3998],[-76.9137,1.3513],[-76.9117,1.3132],[-76.942,1.2872],[-76.9603,1.2854],[-76.9642,1.2925],[-76.9666,1.2954],[-76.9701,1.2952],[-76.9729,1.2915],[-76.975,1.2801],[-76.9722,1.2589],[-76.9733,1.2478],[-76.9769,1.238],[-76.991,1.2257],[-77.0015,1.2182],[-77.0731,1.1908],[-77.0887,1.1861],[-77.0911,1.1715],[-77.0928,1.129],[-77.0867,1.0734],[-77.0843,1.0676],[-77.0801,1.0668],[-77.0761,1.0676],[-77.0692,1.0651],[-77.0496,1.0491],[-77.0364,1.0446],[-77.0321,1.0413],[-77.0292,1.0319],[-77.0288,1.0232],[-77.0382,0.9964],[-77.0422,0.9878],[-77.09,0.8842],[-77.1188,0.8352],[-77.1381,0.8216],[-77.1567,0.7972],[-77.2181,0.7201],[-77.2386,0.6972],[-77.199,0.6578],[-77.1528,0.6197],[-77.1343,0.6079],[-77.1182,0.6013],[-77.1122,0.5943],[-77.1091,0.5845],[-77.1097,0.5679],[-77.1125,0.5614],[-77.1163,0.5585],[-77.1207,0.5563],[-77.1242,0.5503],[-77.1246,0.54],[-77.1228,0.5293],[-77.1025,0.4822],[-77.0989,0.4677],[-77.0967,0.4368],[-77.0875,0.4168],[-77.085,0.3968],[-77.0862,0.3906],[-77.0896,0.3829],[-77.0956,0.3787],[-77.0989,0.3758],[-77.1019,0.3607],[-77.1039,0.3541],[-77.1174,0.3575],[-77.1348,0.3543],[-77.1852,0.3354],[-77.2069,0.3342],[-77.2225,0.3388],[-77.2373,0.3464],[-77.2561,0.3532],[-77.3625,0.3748],[-77.3975,0.3876],[-77.4244,0.4083],[-77.4347,0.4338],[-77.4391,0.4637],[-77.4482,0.4973],[-77.4546,0.6024],[-77.4681,0.6509],[-77.5093,0.6612],[-77.5141,0.6605],[-77.5434,0.6564],[-77.5798,0.6709],[-77.6456,0.7163],[-77.6668,0.7477],[-77.6733,0.8196],[-77.7032,0.8431],[-77.7279,0.8433],[-77.8076,0.813],[-77.8277,0.8089],[-77.848,0.8093],[-77.8693,0.8141],[-77.8926,0.8231],[-77.9032,0.8321],[-77.9053,0.8429],[-77.905,0.854],[-77.9085,0.8642],[-77.9183,0.8744],[-77.9231,0.875],[-77.9282,0.8724],[-77.939,0.8726],[-78.007,0.8982],[-78.0779,0.9008],[-78.12,0.9212],[-78.2502,1.0196],[-78.2706,1.0305],[-78.3301,1.0465],[-78.3492,1.0558],[-78.3728,1.0738],[-78.4669,1.1784],[-78.4781,1.1871],[-78.4852,1.1926],[-78.5406,1.2054],[-78.5556,1.2041],[-78.5701,1.1958],[-78.5757,1.212],[-78.5966,1.2341],[-78.6004,1.2444],[-78.6021,1.2636],[-78.6115,1.2664],[-78.6256,1.262],[-78.6413,1.2594]]],[[[-78.1314,2.6273],[-78.13,2.6225],[-78.1066,2.5938],[-78.0973,2.5722],[-78.0962,2.54],[-78.1073,2.5125],[-78.1344,2.5044],[-78.1576,2.5181],[-78.1846,2.5454],[-78.207,2.5753],[-78.2164,2.5969],[-78.2133,2.6107],[-78.2065,2.6168],[-78.1997,2.6215],[-78.195,2.6321],[-78.2022,2.643],[-78.2167,2.6702],[-78.2149,2.6819],[-78.2049,2.6873],[-78.1877,2.6783],[-78.1659,2.6855],[-78.1451,2.6737],[-78.1395,2.6554],[-78.1317,2.6462],[-78.129,2.6337],[-78.1314,2.6273]]]]}},{"type":"Feature","properties":{"id":"COL-1421","name":"Norte de Santander","nameBn":"উত্তর সান্তান্দের বিভাগ","type":"Department","bounds":[-73.6403,6.8754,-71.9938,9.2954],"center":[-72.8175,8.086]},"geometry":{"type":"Polygon","coordinates":[[[-73.0097,9.2954],[-73.0036,9.2879],[-72.9911,9.2517],[-72.9914,9.2479],[-72.9955,9.2391],[-72.9956,9.2354],[-72.9922,9.2303],[-72.9829,9.221],[-72.9801,9.2165],[-72.976,9.1921],[-72.9787,9.1501],[-72.9732,9.1284],[-72.9553,9.104],[-72.9364,9.0992],[-72.9162,9.107],[-72.882,9.1294],[-72.874,9.1334],[-72.8617,9.137],[-72.8503,9.1367],[-72.8415,9.1338],[-72.8341,9.1336],[-72.8267,9.1417],[-72.8077,9.1237],[-72.791,9.1139],[-72.7856,9.1024],[-72.8,9.0794],[-72.7831,9.0599],[-72.7781,9.0411],[-72.7666,8.9974],[-72.7551,8.9537],[-72.7435,8.9101],[-72.7321,8.8664],[-72.7205,8.8227],[-72.709,8.7791],[-72.6975,8.7354],[-72.686,8.6917],[-72.6754,8.6515],[-72.6554,8.6179],[-72.6371,8.5982],[-72.6173,8.577],[-72.5978,8.556],[-72.5781,8.5349],[-72.5585,8.5137],[-72.5388,8.4926],[-72.5192,8.4715],[-72.4995,8.4504],[-72.4799,8.4293],[-72.4563,8.4039],[-72.4445,8.3941],[-72.4344,8.3902],[-72.425,8.3877],[-72.4156,8.3827],[-72.4151,8.3824],[-72.4032,8.3705],[-72.3935,8.3554],[-72.3868,8.3386],[-72.384,8.3218],[-72.3858,8.3055],[-72.3948,8.2728],[-72.396,8.2566],[-72.3905,8.2343],[-72.3573,8.1721],[-72.3358,8.1039],[-72.3338,8.0655],[-72.3501,8.0426],[-72.3672,8.0427],[-72.3883,8.0462],[-72.4071,8.0438],[-72.4171,8.0258],[-72.4219,8.0062],[-72.4301,7.9905],[-72.4419,7.9771],[-72.4567,7.9649],[-72.4674,7.9597],[-72.4788,7.9555],[-72.4878,7.9492],[-72.4912,7.9375],[-72.4867,7.9287],[-72.4657,7.9046],[-72.4586,7.8935],[-72.4545,7.8762],[-72.4518,7.8328],[-72.4542,7.8152],[-72.4741,7.7542],[-72.4833,7.6494],[-72.4804,7.6289],[-72.4668,7.5899],[-72.4634,7.5708],[-72.4674,7.5487],[-72.4759,7.5286],[-72.482,7.508],[-72.4787,7.4845],[-72.4513,7.4402],[-72.4146,7.4138],[-72.3958,7.4075],[-72.3708,7.3991],[-72.3218,7.39],[-72.2397,7.3913],[-72.2062,7.3819],[-72.1717,7.3373],[-72.1663,7.3341],[-72.164,7.3289],[-72.1735,7.2882],[-72.1742,7.2796],[-72.1715,7.2499],[-72.1641,7.2208],[-72.1533,7.1926],[-72.0983,7.0868],[-72.081,7.0666],[-72.0696,7.0592],[-72.0421,7.0469],[-72.0287,7.0388],[-72.0053,7.0191],[-71.994,7.013],[-71.9938,7.0129],[-72.0337,7.0137],[-72.0527,7.024],[-72.0721,7.031],[-72.1,7.0381],[-72.1817,7.0401],[-72.2024,7.0327],[-72.2091,7.0263],[-72.2128,7.0178],[-72.2139,7.0106],[-72.2171,7.0025],[-72.2234,6.9941],[-72.2327,6.9849],[-72.2421,6.9789],[-72.2515,6.9768],[-72.2578,6.9814],[-72.2648,7.0],[-72.2878,7.0057],[-72.3057,6.9708],[-72.3163,6.9429],[-72.3264,6.928],[-72.3384,6.9132],[-72.3657,6.8886],[-72.3832,6.8784],[-72.4013,6.8754],[-72.4228,6.8792],[-72.48,6.9101],[-72.5049,6.9151],[-72.5125,6.9013],[-72.5157,6.8968],[-72.5221,6.8906],[-72.5274,6.887],[-72.5466,6.885],[-72.5507,6.9114],[-72.5471,6.9412],[-72.5477,6.9573],[-72.5515,6.9804],[-72.555,6.9916],[-72.5607,6.9995],[-72.5669,7.002],[-72.5758,7.0032],[-72.5835,7.0024],[-72.5898,7.0012],[-72.6008,6.9971],[-72.6291,6.9913],[-72.638,6.9923],[-72.6457,6.9945],[-72.6509,6.9954],[-72.6556,6.9943],[-72.6583,6.9906],[-72.6622,6.9813],[-72.6656,6.9767],[-72.6701,6.9734],[-72.6727,6.9771],[-72.6774,6.9917],[-72.6821,7.0014],[-72.6888,7.0051],[-72.6956,7.0047],[-72.7025,7.0034],[-72.7154,7.0033],[-72.7205,7.0017],[-72.728,6.9977],[-72.7448,6.9892],[-72.7711,7.0126],[-72.7826,7.0198],[-72.793,7.0308],[-72.8014,7.0352],[-72.8258,7.0415],[-72.8491,7.0448],[-72.8757,7.0567],[-72.8794,7.0599],[-72.8859,7.0738],[-72.8493,7.1321],[-72.8362,7.1491],[-72.83,7.1621],[-72.8307,7.1674],[-72.8334,7.1728],[-72.8349,7.1799],[-72.8342,7.1955],[-72.8351,7.2028],[-72.8372,7.2079],[-72.847,7.2125],[-72.853,7.2172],[-72.8566,7.2217],[-72.8634,7.2325],[-72.8677,7.2374],[-72.8815,7.2564],[-72.8445,7.301],[-72.8423,7.3575],[-72.856,7.3631],[-72.8573,7.3651],[-72.8573,7.3715],[-72.8684,7.3841],[-72.8976,7.4287],[-72.9034,7.4492],[-72.9013,7.4614],[-72.9031,7.4763],[-72.9752,7.5325],[-72.9839,7.5468],[-72.9892,7.5608],[-72.9954,7.5927],[-72.9954,7.5993],[-72.9946,7.604],[-72.9913,7.6132],[-73.0277,7.6212],[-73.0473,7.6155],[-73.0566,7.6076],[-73.0726,7.6126],[-73.0787,7.6134],[-73.0911,7.6136],[-73.0955,7.6144],[-73.0989,7.6161],[-73.1056,7.6183],[-73.1159,7.6197],[-73.1382,7.6197],[-73.1706,7.6238],[-73.1892,7.6229],[-73.1951,7.6241],[-73.2006,7.6262],[-73.2039,7.6279],[-73.2164,7.63],[-73.2236,7.6283],[-73.2319,7.6203],[-73.2478,7.5971],[-73.2574,7.5521],[-73.2607,7.5449],[-73.2792,7.5469],[-73.3082,7.5494],[-73.3416,7.5468],[-73.3603,7.5496],[-73.3706,7.5527],[-73.3761,7.5631],[-73.3938,7.5736],[-73.4481,7.5809],[-73.4675,7.5857],[-73.4819,7.5914],[-73.4967,7.6009],[-73.5043,7.6074],[-73.5146,7.6239],[-73.5161,7.6272],[-73.5159,7.6311],[-73.5169,7.6355],[-73.5204,7.6419],[-73.5443,7.6698],[-73.5688,7.691],[-73.593,7.7024],[-73.603,7.7099],[-73.61,7.7165],[-73.6254,7.7345],[-73.6403,7.7452],[-73.6359,7.7448],[-73.5984,7.737],[-73.5887,7.7335],[-73.5803,7.7282],[-73.569,7.7149],[-73.5609,7.7084],[-73.552,7.7053],[-73.5414,7.7033],[-73.5343,7.6996],[-73.5154,7.6841],[-73.505,7.6793],[-73.4961,7.6782],[-73.4838,7.6815],[-73.4528,7.6956],[-73.4327,7.7087],[-73.4181,7.7229],[-73.4079,7.7362],[-73.3962,7.7473],[-73.388,7.7631],[-73.3657,7.7923],[-73.3605,7.8007],[-73.3574,7.8106],[-73.3554,7.8314],[-73.3584,7.8669],[-73.3553,7.8848],[-73.3506,7.8965],[-73.3427,7.9025],[-73.3244,7.9096],[-73.3123,7.9192],[-73.3033,7.9291],[-73.2908,7.9459],[-73.287,7.9604],[-73.2858,7.9729],[-73.2869,7.9808],[-73.2893,7.9857],[-73.2933,7.9881],[-73.2971,7.9891],[-73.3061,7.993],[-73.3194,8.0118],[-73.3627,8.0162],[-73.3755,8.0299],[-73.3794,8.0442],[-73.3784,8.0692],[-73.3798,8.0776],[-73.3798,8.0847],[-73.395,8.1188],[-73.4086,8.1276],[-73.4131,8.2062],[-73.4094,8.2276],[-73.4019,8.2478],[-73.391,8.2678],[-73.3828,8.2975],[-73.3671,8.3327],[-73.3533,8.3948],[-73.3567,8.4392],[-73.3631,8.4458],[-73.3745,8.4531],[-73.3971,8.4563],[-73.4115,8.4567],[-73.4199,8.4555],[-73.4246,8.4486],[-73.4252,8.4443],[-73.4207,8.4275],[-73.4138,8.4163],[-73.4123,8.4114],[-73.4063,8.3739],[-73.4359,8.3503],[-73.4417,8.3425],[-73.4506,8.3277],[-73.4556,8.3241],[-73.462,8.3284],[-73.4666,8.3337],[-73.4687,8.3568],[-73.4847,8.3669],[-73.4901,8.3722],[-73.4974,8.3763],[-73.5042,8.3783],[-73.521,8.3794],[-73.5272,8.3805],[-73.5292,8.3855],[-73.5278,8.3925],[-73.5037,8.4197],[-73.4918,8.4622],[-73.4989,8.4749],[-73.5051,8.4783],[-73.5243,8.5233],[-73.5531,8.5638],[-73.5622,8.5879],[-73.5628,8.5975],[-73.5623,8.6086],[-73.5598,8.6226],[-73.5546,8.6338],[-73.5471,8.645],[-73.54,8.6538],[-73.5263,8.6673],[-73.4894,8.6955],[-73.4795,8.706],[-73.4766,8.7132],[-73.477,8.72],[-73.4795,8.7292],[-73.4764,8.7365],[-73.4704,8.7425],[-73.4454,8.7582],[-73.4312,8.7717],[-73.4267,8.7819],[-73.4268,8.7927],[-73.4346,8.8158],[-73.4478,8.8655],[-73.4409,8.8934],[-73.4409,8.901],[-73.4451,8.9412],[-73.4325,9.0786],[-73.4366,9.1163],[-73.417,9.1507],[-73.4081,9.1547],[-73.3636,9.165],[-73.2538,9.1677],[-73.2122,9.1734],[-73.1762,9.1909],[-73.1419,9.223],[-73.1243,9.2345],[-73.0988,9.2416],[-73.076,9.2543],[-73.0327,9.2946],[-73.0097,9.2954]]]}},{"type":"Feature","properties":{"id":"COL-1407","name":"Putumayo","nameBn":"পুতোমাইয়ো বিভাগ","type":"Intendancy","bounds":[-77.2386,-0.5638,-73.8641,1.4377],"center":[-75.5514,0.4202]},"geometry":{"type":"Polygon","coordinates":[[[-76.1776,0.4001],[-76.2021,0.4018],[-76.2237,0.4067],[-76.2437,0.4154],[-76.2629,0.428],[-76.2905,0.4572],[-76.3005,0.4616],[-76.3116,0.4585],[-76.3297,0.4448],[-76.3349,0.4417],[-76.3405,0.4366],[-76.3654,0.407],[-76.3747,0.4035],[-76.3853,0.4015],[-76.4069,0.4001],[-76.4164,0.4019],[-76.4159,0.3954],[-76.4184,0.3209],[-76.408,0.2545],[-76.4257,0.2427],[-76.5249,0.2313],[-76.5508,0.2179],[-76.5654,0.2161],[-76.5843,0.2226],[-76.6111,0.2475],[-76.6269,0.2585],[-76.6412,0.2628],[-76.69,0.2681],[-76.7245,0.2776],[-76.7369,0.2729],[-76.7344,0.2331],[-76.7496,0.2327],[-76.7853,0.2487],[-76.7979,0.25],[-76.8673,0.2395],[-76.8825,0.2401],[-76.8968,0.2453],[-76.9139,0.2578],[-76.9357,0.2798],[-76.9459,0.2871],[-76.9625,0.2929],[-76.9749,0.2949],[-77.0149,0.2956],[-77.0446,0.3057],[-77.0829,0.3489],[-77.1039,0.3541],[-77.1019,0.3607],[-77.0989,0.3758],[-77.0956,0.3787],[-77.0896,0.3829],[-77.0862,0.3906],[-77.085,0.3968],[-77.0875,0.4168],[-77.0967,0.4368],[-77.0989,0.4677],[-77.1025,0.4822],[-77.1228,0.5293],[-77.1246,0.54],[-77.1242,0.5503],[-77.1207,0.5563],[-77.1163,0.5585],[-77.1125,0.5614],[-77.1097,0.5679],[-77.1091,0.5845],[-77.1122,0.5943],[-77.1182,0.6013],[-77.1343,0.6079],[-77.1528,0.6197],[-77.199,0.6578],[-77.2386,0.6972],[-77.2181,0.7201],[-77.1567,0.7972],[-77.1381,0.8216],[-77.1188,0.8352],[-77.09,0.8842],[-77.0422,0.9878],[-77.0382,0.9964],[-77.0288,1.0232],[-77.0292,1.0319],[-77.0321,1.0413],[-77.0364,1.0446],[-77.0496,1.0491],[-77.0692,1.0651],[-77.0761,1.0676],[-77.0801,1.0668],[-77.0843,1.0676],[-77.0867,1.0734],[-77.0928,1.129],[-77.0911,1.1715],[-77.0887,1.1861],[-77.0731,1.1908],[-77.0015,1.2182],[-76.991,1.2257],[-76.9769,1.238],[-76.9733,1.2478],[-76.9722,1.2589],[-76.975,1.2801],[-76.9729,1.2915],[-76.9701,1.2952],[-76.9666,1.2954],[-76.9642,1.2925],[-76.9603,1.2854],[-76.942,1.2872],[-76.9117,1.3132],[-76.8787,1.3134],[-76.7996,1.3084],[-76.7728,1.314],[-76.7457,1.3295],[-76.7228,1.3546],[-76.6705,1.4337],[-76.6545,1.4377],[-76.6382,1.4319],[-76.6219,1.4214],[-76.5884,1.4075],[-76.5708,1.3862],[-76.5525,1.3564],[-76.5504,1.3458],[-76.533,1.3298],[-76.5205,1.3015],[-76.5169,1.2878],[-76.5161,1.2747],[-76.5204,1.257],[-76.5373,1.2235],[-76.5423,1.2055],[-76.5462,1.1176],[-76.5366,1.0756],[-76.5125,1.0386],[-76.4924,1.0246],[-76.4215,1.0018],[-76.3816,0.9828],[-76.351,0.9769],[-76.2098,0.9721],[-76.1942,0.9766],[-76.1842,0.9832],[-76.1755,0.9912],[-76.1638,0.9996],[-76.1485,1.0069],[-76.1359,1.0096],[-76.1038,1.008],[-76.0864,1.0114],[-76.0781,1.0215],[-76.0722,1.0336],[-76.0623,1.0432],[-76.0605,1.0437],[-76.0469,1.0464],[-76.0332,1.043],[-76.0059,1.032],[-75.9878,1.0315],[-75.9498,1.0348],[-75.9327,1.0307],[-75.9178,1.0192],[-75.914,1.0071],[-75.9144,0.9934],[-75.9116,0.9772],[-75.8996,0.9538],[-75.8455,0.8895],[-75.8281,0.8795],[-75.7878,0.8756],[-75.7679,0.8659],[-75.7497,0.8536],[-75.7323,0.8481],[-75.7138,0.8477],[-75.6452,0.853],[-75.6001,0.8474],[-75.5599,0.8286],[-75.4986,0.7636],[-75.4591,0.7495],[-75.3738,0.744],[-75.3176,0.7513],[-75.2984,0.747],[-75.2739,0.7363],[-75.2629,0.7289],[-75.2541,0.719],[-75.2507,0.709],[-75.2527,0.6897],[-75.2514,0.6797],[-75.2425,0.6638],[-75.2195,0.636],[-75.2124,0.6195],[-75.2123,0.6026],[-75.2188,0.5697],[-75.216,0.5519],[-75.202,0.5178],[-75.1867,0.4962],[-75.1649,0.4884],[-75.131,0.4964],[-75.1063,0.5074],[-75.0957,0.5075],[-75.0818,0.5006],[-75.0791,0.4954],[-75.0765,0.4787],[-75.0723,0.4729],[-75.0632,0.4706],[-75.0535,0.472],[-75.0345,0.4771],[-74.9962,0.4699],[-74.9851,0.4424],[-74.9914,0.3753],[-74.989,0.3609],[-74.9749,0.3155],[-74.9704,0.2816],[-74.9624,0.2708],[-74.9198,0.2568],[-74.8553,0.2219],[-74.7429,0.2003],[-74.7074,0.1809],[-74.6829,0.1509],[-74.6767,0.1099],[-74.683,0.0979],[-74.6926,0.0857],[-74.6956,0.0746],[-74.6819,0.0656],[-74.662,0.0589],[-74.6583,0.0538],[-74.6636,0.0461],[-74.677,0.0202],[-74.6827,0.0136],[-74.6841,0.0063],[-74.6728,-0.0145],[-74.6706,-0.0229],[-74.6682,-0.0402],[-74.6638,-0.0542],[-74.6575,-0.0575],[-74.6493,-0.0565],[-74.633,-0.0593],[-74.6259,-0.0589],[-74.6183,-0.0594],[-74.6097,-0.0636],[-74.6047,-0.0712],[-74.5982,-0.0932],[-74.5927,-0.1021],[-74.5786,-0.1103],[-74.559,-0.1166],[-74.5387,-0.1194],[-74.5227,-0.1174],[-74.505,-0.113],[-74.4956,-0.1165],[-74.4865,-0.1225],[-74.4698,-0.1258],[-74.4555,-0.1188],[-74.4459,-0.0888],[-74.4296,-0.083],[-74.4132,-0.0903],[-74.4089,-0.105],[-74.4074,-0.1211],[-74.3995,-0.1323],[-74.3834,-0.1326],[-74.3483,-0.1184],[-74.3276,-0.1228],[-74.2915,-0.1415],[-74.282,-0.1494],[-74.2754,-0.1592],[-74.2736,-0.1663],[-74.273,-0.1738],[-74.2635,-0.2038],[-74.2591,-0.2128],[-74.2516,-0.2214],[-74.2404,-0.2279],[-74.2325,-0.2264],[-74.2249,-0.2223],[-74.2147,-0.2208],[-74.2055,-0.221],[-74.1992,-0.22],[-74.1929,-0.2205],[-74.1838,-0.2249],[-74.1795,-0.2317],[-74.1751,-0.2517],[-74.1688,-0.2583],[-74.1504,-0.259],[-74.1336,-0.2511],[-74.1167,-0.2463],[-74.0978,-0.2556],[-74.0441,-0.2965],[-74.0114,-0.3351],[-73.9897,-0.3495],[-73.9417,-0.3697],[-73.8656,-0.3926],[-73.8641,-0.3929],[-74.4147,-0.5638],[-74.4158,-0.5527],[-74.418,-0.5427],[-74.4229,-0.5383],[-74.4365,-0.5378],[-74.4419,-0.5355],[-74.4506,-0.5216],[-74.4638,-0.5068],[-74.4756,-0.4965],[-74.5363,-0.46],[-74.5624,-0.4394],[-74.6045,-0.395],[-74.6327,-0.3474],[-74.6423,-0.3398],[-74.6531,-0.3419],[-74.6614,-0.3468],[-74.6677,-0.3516],[-74.6727,-0.354],[-74.6866,-0.3534],[-74.6925,-0.3497],[-74.6956,-0.3446],[-74.7007,-0.3398],[-74.7077,-0.3346],[-74.7118,-0.3303],[-74.7181,-0.3273],[-74.743,-0.3249],[-74.7627,-0.3198],[-74.773,-0.3187],[-74.7907,-0.3126],[-74.7828,-0.2992],[-74.7553,-0.2783],[-74.7895,-0.209],[-74.8037,-0.189],[-74.8247,-0.1705],[-74.8365,-0.1733],[-74.8615,-0.2132],[-74.8727,-0.2219],[-74.8827,-0.2228],[-74.8993,-0.2168],[-74.9335,-0.2094],[-74.9549,-0.2],[-74.9682,-0.1897],[-75.0091,-0.1453],[-75.0154,-0.1405],[-75.0247,-0.1377],[-75.0422,-0.1373],[-75.0507,-0.1343],[-75.0623,-0.1231],[-75.1016,-0.0691],[-75.1207,-0.0541],[-75.1417,-0.0435],[-75.1867,-0.0313],[-75.2067,-0.0291],[-75.2221,-0.0324],[-75.2317,-0.0426],[-75.2351,-0.062],[-75.2401,-0.0748],[-75.2525,-0.0896],[-75.2683,-0.1017],[-75.2835,-0.107],[-75.302,-0.0961],[-75.3654,-0.0728],[-75.4214,-0.0622],[-75.4409,-0.0481],[-75.4649,-0.0397],[-75.5231,-0.004],[-75.5701,0.038],[-75.588,0.0439],[-75.5982,0.0504],[-75.611,0.0646],[-75.6268,0.0789],[-75.6467,0.0854],[-75.6655,0.0831],[-75.7086,0.0733],[-75.7316,0.0712],[-75.7538,0.073],[-75.7732,0.0778],[-75.7897,0.0844],[-75.8179,0.1001],[-75.858,0.1298],[-75.8663,0.1435],[-75.9271,0.181],[-75.952,0.204],[-75.963,0.2201],[-75.9675,0.2393],[-75.9725,0.2519],[-76.0395,0.3367],[-76.0439,0.3486],[-76.0535,0.3635],[-76.076,0.3608],[-76.1013,0.3527],[-76.1196,0.3518],[-76.1247,0.3596],[-76.1303,0.3861],[-76.1363,0.3967],[-76.1447,0.4004],[-76.1558,0.4013],[-76.1776,0.4001]]]}},{"type":"Feature","properties":{"id":"COL-1400","name":"Quindío","nameBn":"কিনদিও বিভাগ","type":"Department","bounds":[-75.8904,4.0785,-75.3896,4.7202],"center":[-75.64,4.472]},"geometry":{"type":"Polygon","coordinates":[[[-75.3904,4.7168],[-75.3896,4.7091],[-75.4167,4.6607],[-75.4221,4.637],[-75.4284,4.6268],[-75.4345,4.6196],[-75.4825,4.5944],[-75.505,4.5703],[-75.5126,4.5594],[-75.5296,4.512],[-75.5591,4.4758],[-75.5821,4.4271],[-75.5895,4.359],[-75.6014,4.2965],[-75.6132,4.2779],[-75.6371,4.243],[-75.6592,4.2258],[-75.6657,4.2081],[-75.6865,4.1806],[-75.6937,4.165],[-75.7106,4.1374],[-75.7622,4.0785],[-75.7806,4.086],[-75.7998,4.0986],[-75.8299,4.1094],[-75.8347,4.1141],[-75.8382,4.1218],[-75.8389,4.1376],[-75.8379,4.1542],[-75.8319,4.1673],[-75.8303,4.1744],[-75.8292,4.1826],[-75.8298,4.2007],[-75.8281,4.2103],[-75.8242,4.221],[-75.8191,4.2315],[-75.8059,4.251],[-75.7903,4.2884],[-75.7891,4.2939],[-75.7905,4.3076],[-75.7895,4.3474],[-75.7879,4.3508],[-75.8091,4.3975],[-75.8535,4.4153],[-75.8726,4.4158],[-75.8904,4.4236],[-75.8841,4.4444],[-75.8813,4.4477],[-75.8782,4.4509],[-75.8669,4.4582],[-75.8751,4.4767],[-75.8768,4.5526],[-75.8698,4.578],[-75.8685,4.5859],[-75.8624,4.5947],[-75.8605,4.6],[-75.8621,4.6129],[-75.8248,4.6644],[-75.756,4.6539],[-75.7459,4.6582],[-75.716,4.6588],[-75.7115,4.6624],[-75.7081,4.6679],[-75.7095,4.6838],[-75.714,4.7129],[-75.703,4.7202],[-75.6954,4.7198],[-75.6884,4.7165],[-75.6684,4.7049],[-75.6594,4.7029],[-75.5705,4.704],[-75.5327,4.6991],[-75.4973,4.6728],[-75.4916,4.6718],[-75.4846,4.6714],[-75.4786,4.6749],[-75.4712,4.6778],[-75.4555,4.6803],[-75.4472,4.6825],[-75.4414,4.6852],[-75.4354,4.6902],[-75.4315,4.6922],[-75.4231,4.6952],[-75.4168,4.6988],[-75.4123,4.7029],[-75.3904,4.7168]]]}},{"type":"Feature","properties":{"id":"COL-1401","name":"Risaralda","nameBn":"রিসারালডা বিভাগ","type":"Department","bounds":[-76.1829,4.6714,-75.378,5.5773],"center":[-75.6743,4.8268]},"geometry":{"type":"Polygon","coordinates":[[[-75.8578,5.4894],[-75.8566,5.3988],[-75.8575,5.3876],[-75.8563,5.3783],[-75.8564,5.3742],[-75.8392,5.3609],[-75.8027,5.365],[-75.7953,5.3665],[-75.756,5.3843],[-75.7445,5.3842],[-75.7401,5.386],[-75.729,5.3945],[-75.7242,5.3964],[-75.7188,5.3963],[-75.7097,5.3914],[-75.6986,5.3827],[-75.6692,5.3526],[-75.6637,5.3446],[-75.6639,5.3378],[-75.6611,5.3248],[-75.6552,5.3167],[-75.6437,5.3044],[-75.6481,5.2941],[-75.6675,5.2657],[-75.6749,5.2638],[-75.6925,5.257],[-75.7245,5.2638],[-75.7335,5.2674],[-75.7375,5.2696],[-75.752,5.2837],[-75.7685,5.2789],[-75.7863,5.2871],[-75.7932,5.2883],[-75.7981,5.2878],[-75.8173,5.2723],[-75.8218,5.2615],[-75.8201,5.2505],[-75.8181,5.2431],[-75.8141,5.2386],[-75.8068,5.2338],[-75.8049,5.2281],[-75.8041,5.2084],[-75.8053,5.2004],[-75.8083,5.1921],[-75.8301,5.1486],[-75.8379,5.1111],[-75.8553,5.1222],[-75.8614,5.1245],[-75.8794,5.1255],[-75.8876,5.1244],[-75.8921,5.1207],[-75.9045,5.0999],[-75.9268,5.0435],[-75.914,5.0316],[-75.9058,5.0178],[-75.9052,5.0018],[-75.9042,4.9944],[-75.9025,4.9883],[-75.8959,4.9732],[-75.8852,4.958],[-75.862,4.94],[-75.8585,4.9323],[-75.8401,4.9245],[-75.8188,4.9202],[-75.8112,4.9242],[-75.796,4.9389],[-75.7905,4.948],[-75.7878,4.9584],[-75.7861,4.992],[-75.7834,5.0003],[-75.7547,5.0448],[-75.7484,5.0451],[-75.7137,4.9622],[-75.7092,4.9526],[-75.7056,4.9491],[-75.6981,4.9455],[-75.688,4.9435],[-75.6743,4.9448],[-75.667,4.947],[-75.6615,4.9504],[-75.6411,4.9688],[-75.6403,4.9706],[-75.6404,4.9723],[-75.6381,4.9735],[-75.6342,4.9718],[-75.6262,4.9672],[-75.6167,4.9511],[-75.6148,4.9448],[-75.6147,4.9397],[-75.6107,4.9337],[-75.5847,4.9301],[-75.5618,4.932],[-75.5507,4.931],[-75.524,4.9237],[-75.503,4.9222],[-75.4924,4.9194],[-75.4834,4.9126],[-75.4638,4.8827],[-75.4503,4.866],[-75.4331,4.8487],[-75.4031,4.8252],[-75.378,4.8001],[-75.3904,4.7168],[-75.4123,4.7029],[-75.4168,4.6988],[-75.4231,4.6952],[-75.4315,4.6922],[-75.4354,4.6902],[-75.4414,4.6852],[-75.4472,4.6825],[-75.4555,4.6803],[-75.4712,4.6778],[-75.4786,4.6749],[-75.4846,4.6714],[-75.4916,4.6718],[-75.4973,4.6728],[-75.5327,4.6991],[-75.5705,4.704],[-75.6594,4.7029],[-75.6684,4.7049],[-75.6884,4.7165],[-75.6954,4.7198],[-75.703,4.7202],[-75.714,4.7129],[-75.7831,4.723],[-75.8213,4.7345],[-75.8313,4.7361],[-75.8536,4.732],[-75.8453,4.7524],[-75.8453,4.7607],[-75.8478,4.7724],[-75.8519,4.7766],[-75.8567,4.7778],[-75.8657,4.7764],[-75.8702,4.7747],[-75.8739,4.7707],[-75.8788,4.7663],[-75.885,4.7618],[-75.8943,4.7608],[-75.9086,4.7632],[-75.9193,4.7701],[-75.9241,4.7749],[-75.9255,4.7796],[-75.9249,4.7829],[-75.9241,4.7858],[-75.9248,4.7931],[-75.9319,4.8072],[-75.9403,4.822],[-75.9298,4.83],[-75.9236,4.8426],[-75.9216,4.8649],[-75.9222,4.8724],[-75.9254,4.8724],[-75.9385,4.8652],[-75.9639,4.8646],[-75.9739,4.868],[-75.9811,4.8726],[-75.9866,4.8822],[-75.9863,4.9111],[-75.9941,4.9175],[-76.0224,4.9415],[-76.0346,4.9611],[-76.0398,4.9736],[-76.0685,5.0276],[-76.0759,5.0357],[-76.075,5.0843],[-76.0897,5.1099],[-76.0881,5.1387],[-76.0976,5.175],[-76.1799,5.3087],[-76.1829,5.3519],[-76.1656,5.4087],[-76.1454,5.4252],[-76.0933,5.4554],[-76.0815,5.5109],[-76.0802,5.5376],[-76.0425,5.5773],[-76.0131,5.5626],[-76.0009,5.5393],[-75.9826,5.5211],[-75.9605,5.507],[-75.9254,5.4939],[-75.8794,5.4872],[-75.8578,5.4894]]]}},{"type":"Feature","properties":{"id":"COL-1342","name":"San Andrés y Providencia","nameBn":"দ্বীপপুঞ্জ সেন্ট আন্ড্রেজ","type":"Department","bounds":[-81.7237,12.5024,-80.0893,13.5784],"center":[-81.7049,12.5429]},"geometry":{"type":"MultiPolygon","coordinates":[[[[-81.7115,12.5229],[-81.7198,12.5432],[-81.7169,12.5632],[-81.7064,12.5803],[-81.691,12.5913],[-81.6864,12.5801],[-81.7047,12.5045],[-81.7174,12.5024],[-81.7237,12.5115],[-81.7115,12.5229]]],[[[-81.3826,13.3192],[-81.3861,13.3415],[-81.3787,13.3627],[-81.3653,13.374],[-81.3514,13.3662],[-81.3463,13.3487],[-81.3522,13.3342],[-81.3653,13.3239],[-81.3826,13.3192]]],[[[-80.0899,13.5784],[-80.0899,13.5777],[-80.0893,13.5779],[-80.0894,13.5769],[-80.0904,13.5766],[-80.0904,13.5773],[-80.0909,13.5771],[-80.0909,13.578],[-80.0899,13.5784]]]]}},{"type":"Feature","properties":{"id":"COL-1317","name":"Santander","nameBn":"সান্তান্দের বিভাগ","type":"Department","bounds":[-74.5194,5.7114,-72.4769,8.1615],"center":[-73.4981,6.854]},"geometry":{"type":"Polygon","coordinates":[[[-73.6254,7.7345],[-73.61,7.7165],[-73.603,7.7099],[-73.593,7.7024],[-73.5688,7.691],[-73.5443,7.6698],[-73.5204,7.6419],[-73.5169,7.6355],[-73.5159,7.6311],[-73.5161,7.6272],[-73.5146,7.6239],[-73.5043,7.6074],[-73.4967,7.6009],[-73.4819,7.5914],[-73.4675,7.5857],[-73.4481,7.5809],[-73.3938,7.5736],[-73.3761,7.5631],[-73.3706,7.5527],[-73.3603,7.5496],[-73.3416,7.5468],[-73.3082,7.5494],[-73.2792,7.5469],[-73.2607,7.5449],[-73.2574,7.5521],[-73.2478,7.5971],[-73.2319,7.6203],[-73.2236,7.6283],[-73.2164,7.63],[-73.2039,7.6279],[-73.2006,7.6262],[-73.1951,7.6241],[-73.1892,7.6229],[-73.1706,7.6238],[-73.1382,7.6197],[-73.1159,7.6197],[-73.1056,7.6183],[-73.0989,7.6161],[-73.0955,7.6144],[-73.0911,7.6136],[-73.0787,7.6134],[-73.0726,7.6126],[-73.0566,7.6076],[-73.0473,7.6155],[-73.0277,7.6212],[-72.9913,7.6132],[-72.9946,7.604],[-72.9954,7.5993],[-72.9954,7.5927],[-72.9892,7.5608],[-72.9839,7.5468],[-72.9752,7.5325],[-72.9031,7.4763],[-72.9013,7.4614],[-72.9034,7.4492],[-72.8976,7.4287],[-72.8684,7.3841],[-72.8573,7.3715],[-72.8573,7.3651],[-72.856,7.3631],[-72.8423,7.3575],[-72.8445,7.301],[-72.8815,7.2564],[-72.8677,7.2374],[-72.8634,7.2325],[-72.8566,7.2217],[-72.853,7.2172],[-72.847,7.2125],[-72.8372,7.2079],[-72.8351,7.2028],[-72.8342,7.1955],[-72.8349,7.1799],[-72.8334,7.1728],[-72.8307,7.1674],[-72.83,7.1621],[-72.8362,7.1491],[-72.8493,7.1321],[-72.8859,7.0738],[-72.8794,7.0599],[-72.8757,7.0567],[-72.8491,7.0448],[-72.8258,7.0415],[-72.8014,7.0352],[-72.793,7.0308],[-72.7826,7.0198],[-72.7711,7.0126],[-72.7448,6.9892],[-72.728,6.9977],[-72.7205,7.0017],[-72.7154,7.0033],[-72.7025,7.0034],[-72.6956,7.0047],[-72.6888,7.0051],[-72.6821,7.0014],[-72.6774,6.9917],[-72.6727,6.9771],[-72.6701,6.9734],[-72.6656,6.9767],[-72.6622,6.9813],[-72.6583,6.9906],[-72.6556,6.9943],[-72.6509,6.9954],[-72.6457,6.9945],[-72.638,6.9923],[-72.6291,6.9913],[-72.6008,6.9971],[-72.5898,7.0012],[-72.5835,7.0024],[-72.5758,7.0032],[-72.5669,7.002],[-72.5607,6.9995],[-72.555,6.9916],[-72.5515,6.9804],[-72.5477,6.9573],[-72.5471,6.9412],[-72.5507,6.9114],[-72.5466,6.885],[-72.5274,6.887],[-72.5221,6.8906],[-72.5157,6.8968],[-72.5125,6.9013],[-72.5049,6.9151],[-72.478,6.8441],[-72.4859,6.8223],[-72.4878,6.8092],[-72.4871,6.794],[-72.4769,6.7598],[-72.4812,6.7216],[-72.4978,6.6458],[-72.5355,6.5777],[-72.5424,6.5614],[-72.5424,6.5025],[-72.5506,6.4904],[-72.5612,6.4838],[-72.5808,6.4748],[-72.6167,6.4381],[-72.6439,6.4302],[-72.6616,6.4348],[-72.6814,6.4862],[-72.6923,6.5073],[-72.7089,6.5288],[-72.7435,6.5557],[-72.7622,6.5736],[-72.772,6.5736],[-72.7916,6.5671],[-72.8016,6.5519],[-72.7944,6.5332],[-72.7636,6.5028],[-72.7534,6.496],[-72.7445,6.4859],[-72.7375,6.4702],[-72.7334,6.4566],[-72.7402,6.4184],[-72.7353,6.376],[-72.7557,6.3197],[-72.7427,6.2889],[-72.7456,6.27],[-72.7448,6.2515],[-72.7477,6.2413],[-72.7546,6.2295],[-72.7703,6.217],[-72.7815,6.2126],[-72.7993,6.2025],[-72.8174,6.1534],[-72.8357,6.1411],[-72.8661,6.1336],[-72.8937,6.1232],[-72.9067,6.1069],[-72.9173,6.0889],[-72.9924,5.9996],[-73.007,5.9506],[-73.0169,5.9407],[-73.0348,5.9407],[-73.127,5.9555],[-73.1594,5.9719],[-73.1841,5.9882],[-73.1954,5.9911],[-73.2009,5.9907],[-73.2192,5.9825],[-73.2368,5.9325],[-73.2862,5.8559],[-73.3116,5.8534],[-73.3452,5.8634],[-73.3513,5.8625],[-73.3552,5.8583],[-73.3586,5.8357],[-73.3694,5.8109],[-73.3898,5.7914],[-73.403,5.7562],[-73.4153,5.7551],[-73.4288,5.7639],[-73.4683,5.8135],[-73.4716,5.8477],[-73.4634,5.8527],[-73.4419,5.8668],[-73.4408,5.8711],[-73.4381,5.8874],[-73.4156,5.8987],[-73.4008,5.9223],[-73.3854,5.9629],[-73.3818,5.9835],[-73.3819,6.001],[-73.3854,6.0129],[-73.3975,6.0319],[-73.4381,6.0696],[-73.4838,6.0916],[-73.4993,6.1071],[-73.5309,6.0527],[-73.5352,6.0421],[-73.5783,6.0072],[-73.5892,5.9889],[-73.594,5.9522],[-73.6137,5.9222],[-73.6187,5.9048],[-73.6142,5.8884],[-73.6129,5.8681],[-73.614,5.8449],[-73.6237,5.8152],[-73.6331,5.7653],[-73.6332,5.7434],[-73.6353,5.733],[-73.6384,5.7227],[-73.6487,5.7154],[-73.6569,5.7245],[-73.6764,5.7412],[-73.6943,5.752],[-73.7146,5.7587],[-73.7371,5.7611],[-73.7687,5.7556],[-73.8339,5.7391],[-73.8785,5.7114],[-73.8774,5.7371],[-73.8837,5.7426],[-73.894,5.7473],[-73.9044,5.7487],[-73.9216,5.7471],[-73.9418,5.7399],[-73.95,5.7383],[-73.9617,5.7333],[-73.9732,5.7326],[-74.0084,5.7521],[-74.0312,5.7805],[-74.0487,5.8137],[-74.0591,5.8215],[-74.0698,5.824],[-74.088,5.8241],[-74.097,5.8559],[-74.1108,5.8706],[-74.1533,5.882],[-74.1745,5.9008],[-74.1945,5.8881],[-74.2078,5.866],[-74.2218,5.8541],[-74.2338,5.8463],[-74.2407,5.8451],[-74.2575,5.8482],[-74.2704,5.8832],[-74.2696,5.8985],[-74.2639,5.9185],[-74.2399,5.9639],[-74.2392,5.9817],[-74.2475,6.0017],[-74.2582,6.0202],[-74.27,6.0498],[-74.2792,6.0633],[-74.2903,6.0707],[-74.3032,6.069],[-74.3172,6.062],[-74.3427,6.0427],[-74.3569,6.0391],[-74.3663,6.0411],[-74.3756,6.045],[-74.3841,6.0495],[-74.3926,6.0553],[-74.4062,6.0627],[-74.4195,6.0736],[-74.4412,6.0955],[-74.4798,6.1552],[-74.4949,6.2014],[-74.505,6.2207],[-74.5134,6.2513],[-74.5146,6.2598],[-74.5194,6.2823],[-74.485,6.3067],[-74.4595,6.3335],[-74.4133,6.4042],[-74.4026,6.3994],[-74.3922,6.4026],[-74.3839,6.4115],[-74.3792,6.4235],[-74.3806,6.4341],[-74.387,6.4445],[-74.4034,6.462],[-74.4058,6.4753],[-74.4088,6.5671],[-74.4071,6.5749],[-74.3945,6.6038],[-74.3928,6.6125],[-74.3864,6.6263],[-74.3706,6.6316],[-74.3308,6.6364],[-74.2927,6.6544],[-74.1086,6.7903],[-74.0954,6.8082],[-74.0639,6.8691],[-74.0221,6.9126],[-74.0161,6.9278],[-74.007,6.9348],[-73.9251,6.9745],[-73.9008,6.9929],[-73.8878,7.0199],[-73.8926,7.0609],[-73.9008,7.076],[-73.9123,7.0899],[-73.9224,7.1055],[-73.9267,7.1261],[-73.9371,7.2539],[-73.9308,7.2971],[-73.9302,7.3008],[-73.9243,7.3421],[-73.9131,7.3837],[-73.901,7.4117],[-73.8994,7.4213],[-73.9015,7.4322],[-73.9109,7.446],[-73.9131,7.4557],[-73.9132,7.4949],[-73.9075,7.5099],[-73.8519,7.5797],[-73.8482,7.5891],[-73.8352,7.5953],[-73.8305,7.6101],[-73.8311,7.6444],[-73.829,7.6533],[-73.825,7.6626],[-73.8233,7.672],[-73.8277,7.6816],[-73.836,7.6948],[-73.8339,7.703],[-73.8278,7.7108],[-73.8243,7.7229],[-73.8155,7.7795],[-73.8169,7.8014],[-73.8291,7.8611],[-73.8342,7.8703],[-73.8437,7.8791],[-73.8578,7.9386],[-73.8549,7.9516],[-73.8721,8.0069],[-73.8737,8.0259],[-73.8723,8.0449],[-73.8653,8.0758],[-73.8547,8.1031],[-73.8554,8.1054],[-73.8353,8.1151],[-73.8311,8.1161],[-73.8225,8.1273],[-73.8162,8.1384],[-73.8069,8.1469],[-73.7964,8.1503],[-73.7856,8.1615],[-73.7798,8.1115],[-73.779,8.098],[-73.7712,8.0773],[-73.7294,8.0056],[-73.7285,7.9872],[-73.7239,7.9813],[-73.7199,7.9771],[-73.7156,7.9756],[-73.7079,7.9747],[-73.7036,7.9734],[-73.7008,7.9712],[-73.6931,7.9631],[-73.6888,7.9605],[-73.6824,7.9547],[-73.6799,7.9505],[-73.6761,7.9461],[-73.6703,7.929],[-73.67,7.9107],[-73.677,7.8934],[-73.7051,7.8695],[-73.7178,7.8618],[-73.7228,7.858],[-73.7394,7.8404],[-73.7442,7.8307],[-73.7462,7.8208],[-73.7424,7.8065],[-73.7409,7.7966],[-73.7404,7.7872],[-73.7461,7.776],[-73.7505,7.7701],[-73.7519,7.7409],[-73.6254,7.7345]]]}},{"type":"Feature","properties":{"id":"COL-1417","name":"Sucre","nameBn":"সুক্রে বিভাগ","type":"Department","bounds":[-75.7051,8.2799,-74.5421,10.1431],"center":[-75.1319,9.0124]},"geometry":{"type":"Polygon","coordinates":[[[-75.6983,9.4169],[-75.6974,9.4167],[-75.6726,9.41],[-75.6586,9.4199],[-75.6206,9.4529],[-75.5966,9.4987],[-75.5772,9.5622],[-75.5764,9.6211],[-75.5872,9.6486],[-75.5996,9.6631],[-75.6067,9.6693],[-75.618,9.6893],[-75.6337,9.6892],[-75.6474,9.6994],[-75.6578,9.7052],[-75.678,9.7045],[-75.6912,9.6991],[-75.7028,9.6907],[-75.7051,9.7007],[-75.6493,9.7565],[-75.6399,9.7833],[-75.6229,9.8384],[-75.6236,9.8613],[-75.6174,9.8827],[-75.6047,9.9104],[-75.5937,9.944],[-75.5895,9.9642],[-75.59,9.9848],[-75.5762,10.0418],[-75.5738,10.074],[-75.5816,10.092],[-75.5816,10.092],[-75.4856,10.1431],[-75.532,10.0632],[-75.5365,10.0472],[-75.5336,10.0375],[-75.5241,10.033],[-75.5098,10.0325],[-75.4933,10.038],[-75.4757,10.0396],[-75.4747,10.0047],[-75.4726,9.9927],[-75.4643,9.974],[-75.4639,9.9651],[-75.4677,9.9551],[-75.4827,9.9356],[-75.4846,9.9261],[-75.4782,9.9154],[-75.4549,9.9045],[-75.3751,9.8776],[-75.3612,9.8752],[-75.3484,9.8831],[-75.3272,9.8814],[-75.3267,9.866],[-75.333,9.8498],[-75.3414,9.8183],[-75.337,9.794],[-75.3396,9.7784],[-75.3499,9.7474],[-75.3541,9.7293],[-75.3551,9.711],[-75.3576,9.6967],[-75.3653,9.6846],[-75.3745,9.6403],[-75.3563,9.6573],[-75.3351,9.6491],[-75.318,9.6643],[-75.3109,9.6721],[-75.2979,9.6777],[-75.2832,9.6762],[-75.2651,9.67],[-75.2354,9.6489],[-75.2218,9.6473],[-75.2096,9.6504],[-75.1977,9.6493],[-75.1828,9.6432],[-75.1427,9.6108],[-75.1218,9.5854],[-75.0795,9.5477],[-75.0678,9.5398],[-75.0382,9.539],[-75.0084,9.5313],[-75.0295,9.4831],[-75.0273,9.4747],[-75.0205,9.4683],[-75.0049,9.4614],[-74.9847,9.458],[-74.9622,9.4634],[-74.9498,9.4684],[-74.942,9.4693],[-74.9403,9.4648],[-74.933,9.4555],[-74.9127,9.4417],[-74.904,9.4374],[-74.8992,9.4302],[-74.9041,9.424],[-74.9169,9.4025],[-74.9377,9.3569],[-74.9408,9.3467],[-74.9312,9.3343],[-74.9367,9.3152],[-74.9357,9.3035],[-74.9311,9.2848],[-74.9177,9.2563],[-74.9082,9.2133],[-74.9079,9.2002],[-74.9052,9.1861],[-74.9004,9.1769],[-74.8899,9.1687],[-74.8807,9.1644],[-74.8628,9.1493],[-74.8442,9.1123],[-74.8254,9.0765],[-74.7825,9.0489],[-74.7552,9.0384],[-74.6592,8.9657],[-74.6121,8.9138],[-74.5615,8.8381],[-74.5481,8.8247],[-74.5422,8.8145],[-74.5421,8.8067],[-74.5477,8.8004],[-74.5552,8.7937],[-74.5681,8.7698],[-74.5938,8.748],[-74.603,8.7271],[-74.5858,8.6118],[-74.5746,8.5818],[-74.5623,8.5705],[-74.5642,8.5655],[-74.5645,8.5438],[-74.5615,8.5151],[-74.5525,8.4805],[-74.5505,8.4628],[-74.5532,8.4511],[-74.5675,8.4131],[-74.5744,8.401],[-74.5912,8.4026],[-74.6,8.4059],[-74.6037,8.405],[-74.607,8.3974],[-74.6103,8.3725],[-74.6209,8.3491],[-74.636,8.3319],[-74.6571,8.3175],[-74.6802,8.3098],[-74.7063,8.3084],[-74.74,8.3113],[-74.7502,8.308],[-74.7712,8.2904],[-74.7801,8.2846],[-74.805,8.2799],[-74.8041,8.3355],[-74.8094,8.3507],[-74.8221,8.3639],[-74.8353,8.3737],[-74.8579,8.3951],[-74.886,8.4413],[-74.9233,8.4694],[-74.9433,8.4863],[-74.9572,8.487],[-74.9797,8.4853],[-75.0348,8.4654],[-75.0781,8.4531],[-75.1835,8.4019],[-75.2205,8.4401],[-75.2537,8.4621],[-75.2951,8.4806],[-75.3053,8.4912],[-75.3126,8.5039],[-75.3191,8.5213],[-75.3247,8.5722],[-75.325,8.6147],[-75.3445,8.6786],[-75.3467,8.7003],[-75.3468,8.7152],[-75.3408,8.7413],[-75.3599,8.8034],[-75.3566,8.8418],[-75.3503,8.8518],[-75.3413,8.8594],[-75.331,8.8662],[-75.3105,8.8864],[-75.2968,8.8967],[-75.2855,8.9006],[-75.2704,8.9021],[-75.2204,8.9163],[-75.2092,8.9238],[-75.2058,8.972],[-75.2019,8.9768],[-75.1977,8.9834],[-75.2007,8.9894],[-75.2193,9.0151],[-75.2224,9.0231],[-75.2128,9.0416],[-75.2563,9.0725],[-75.4302,9.1528],[-75.458,9.1949],[-75.4653,9.238],[-75.4825,9.2472],[-75.4955,9.2489],[-75.5032,9.2486],[-75.5071,9.251],[-75.5113,9.2599],[-75.5485,9.2679],[-75.5663,9.2875],[-75.5809,9.3058],[-75.6337,9.3317],[-75.6644,9.339],[-75.6726,9.3448],[-75.6991,9.3541],[-75.6983,9.4145],[-75.6983,9.4169]]]}},{"type":"Feature","properties":{"id":"COL-1402","name":"Tolima","nameBn":"টোলিমা বিভাগ","type":"Department","bounds":[-76.113,2.8892,-74.4802,5.3144],"center":[-75.2073,3.9375]},"geometry":{"type":"Polygon","coordinates":[[[-74.5635,3.7721],[-74.5683,3.7576],[-74.631,3.7013],[-74.6715,3.6749],[-74.6831,3.6614],[-74.6917,3.6485],[-74.7022,3.6267],[-74.7101,3.6184],[-74.7169,3.6149],[-74.723,3.6131],[-74.728,3.6087],[-74.7342,3.5989],[-74.7379,3.5897],[-74.7369,3.5783],[-74.7343,3.5699],[-74.7339,3.5603],[-74.7378,3.5524],[-74.7499,3.5392],[-74.7594,3.5339],[-74.7685,3.5261],[-74.7745,3.5148],[-74.7788,3.4912],[-74.7772,3.4765],[-74.7723,3.4642],[-74.7713,3.4535],[-74.7771,3.4414],[-74.7971,3.4234],[-74.8176,3.3988],[-74.8553,3.3438],[-74.9089,3.2899],[-74.9661,3.2788],[-75.0137,3.2831],[-75.0597,3.2944],[-75.0678,3.3014],[-75.072,3.311],[-75.0695,3.3223],[-75.0654,3.3343],[-75.0628,3.3467],[-75.0608,3.3643],[-75.059,3.3705],[-75.0514,3.3817],[-75.0483,3.3902],[-75.0471,3.4008],[-75.041,3.423],[-75.0356,3.4342],[-75.1343,3.4335],[-75.1426,3.4321],[-75.1501,3.4293],[-75.1566,3.422],[-75.1679,3.4166],[-75.1776,3.4055],[-75.178,3.3887],[-75.1973,3.397],[-75.1997,3.4021],[-75.2046,3.408],[-75.2133,3.4101],[-75.2244,3.4078],[-75.2389,3.394],[-75.2459,3.384],[-75.2537,3.3763],[-75.2578,3.3736],[-75.2726,3.3847],[-75.2863,3.3924],[-75.3061,3.4064],[-75.3161,3.4118],[-75.3265,3.4132],[-75.3553,3.4087],[-75.3609,3.4066],[-75.3668,3.4019],[-75.3738,3.3913],[-75.3796,3.3841],[-75.387,3.3787],[-75.407,3.3734],[-75.4158,3.3698],[-75.4255,3.3618],[-75.4372,3.3589],[-75.4458,3.3586],[-75.4554,3.3614],[-75.4663,3.3633],[-75.4776,3.3605],[-75.4923,3.3473],[-75.5116,3.3172],[-75.5417,3.2788],[-75.5696,3.2333],[-75.5916,3.1871],[-75.5953,3.1486],[-75.6204,3.1231],[-75.6275,3.0903],[-75.646,3.0685],[-75.7437,2.9881],[-75.7816,2.9482],[-75.8038,2.9037],[-75.8125,2.8919],[-75.8267,2.8892],[-75.8547,2.8909],[-75.9339,2.919],[-75.9539,2.9295],[-75.9663,2.9401],[-75.974,2.9482],[-75.9891,2.9506],[-76.0011,2.9499],[-76.0312,2.9295],[-76.0302,2.9958],[-76.0446,3.0355],[-76.066,3.0543],[-76.0792,3.0736],[-76.0936,3.0793],[-76.1128,3.0951],[-76.113,3.1059],[-76.1117,3.1177],[-76.1081,3.1259],[-76.0987,3.1359],[-76.0918,3.1632],[-76.0954,3.1809],[-76.0915,3.2032],[-76.0758,3.2133],[-76.066,3.2272],[-76.0642,3.282],[-76.0607,3.2947],[-76.0548,3.3025],[-76.0478,3.3076],[-76.0439,3.3141],[-76.0466,3.3244],[-76.0533,3.3335],[-76.065,3.3578],[-76.0527,3.385],[-76.0498,3.4094],[-76.0494,3.4424],[-76.0431,3.4625],[-76.0324,3.4869],[-76.0286,3.5028],[-76.0218,3.5168],[-76.0109,3.5326],[-76.0049,3.546],[-75.9968,3.5592],[-75.9957,3.5722],[-75.9963,3.5912],[-75.9888,3.6468],[-75.9796,3.6655],[-75.9717,3.6766],[-75.9617,3.7122],[-75.9568,3.7165],[-75.9388,3.7378],[-75.9353,3.7441],[-75.9243,3.7695],[-75.8577,3.8699],[-75.8347,3.9257],[-75.8198,3.9541],[-75.8093,3.9691],[-75.7961,4.0081],[-75.7882,4.0198],[-75.7767,4.0276],[-75.7454,4.0415],[-75.7456,4.0522],[-75.7622,4.0785],[-75.7106,4.1374],[-75.6937,4.165],[-75.6865,4.1806],[-75.6657,4.2081],[-75.6592,4.2258],[-75.6371,4.243],[-75.6132,4.2779],[-75.6014,4.2965],[-75.5895,4.359],[-75.5821,4.4271],[-75.5591,4.4758],[-75.5296,4.512],[-75.5126,4.5594],[-75.505,4.5703],[-75.4825,4.5944],[-75.4345,4.6196],[-75.4284,4.6268],[-75.4221,4.637],[-75.4167,4.6607],[-75.3896,4.7091],[-75.3904,4.7168],[-75.378,4.8001],[-75.3557,4.8386],[-75.3375,4.8633],[-75.3307,4.8789],[-75.3293,4.894],[-75.3382,4.9088],[-75.3539,4.9391],[-75.3522,4.9521],[-75.3486,4.9666],[-75.3173,5.0275],[-75.3309,5.0511],[-75.3485,5.0602],[-75.3389,5.0858],[-75.3159,5.1122],[-75.2944,5.1318],[-75.2795,5.1387],[-75.2675,5.14],[-75.2555,5.1363],[-75.2416,5.1363],[-75.2233,5.1425],[-75.2087,5.1512],[-75.1997,5.1609],[-75.1706,5.1737],[-75.1488,5.164],[-75.1343,5.1608],[-75.1251,5.1637],[-75.1199,5.1674],[-75.1174,5.1724],[-75.1159,5.1781],[-75.11,5.1897],[-75.068,5.2515],[-75.0628,5.2689],[-75.0381,5.2802],[-75.0301,5.2866],[-75.0128,5.2939],[-74.9987,5.2941],[-74.9774,5.297],[-74.941,5.3095],[-74.9203,5.3097],[-74.8821,5.3017],[-74.8629,5.31],[-74.842,5.3141],[-74.8331,5.3144],[-74.7975,5.3044],[-74.7592,5.2879],[-74.7487,5.2908],[-74.7487,5.2906],[-74.7423,5.2696],[-74.7355,5.1082],[-74.7489,5.0466],[-74.7497,5.0263],[-74.7459,5.0151],[-74.7316,4.9919],[-74.7286,4.9854],[-74.734,4.9798],[-74.7566,4.9697],[-74.7628,4.9642],[-74.7615,4.9574],[-74.7497,4.9233],[-74.7501,4.9129],[-74.753,4.905],[-74.7543,4.8977],[-74.7497,4.8891],[-74.7617,4.8853],[-74.7683,4.876],[-74.7708,4.8631],[-74.7704,4.8481],[-74.7628,4.7998],[-74.7672,4.7869],[-74.7805,4.7724],[-74.7833,4.7619],[-74.7875,4.7509],[-74.7978,4.7455],[-74.8103,4.7416],[-74.8214,4.7346],[-74.8279,4.7222],[-74.8254,4.7113],[-74.8112,4.6899],[-74.8109,4.6866],[-74.8119,4.6826],[-74.8126,4.6772],[-74.8112,4.6701],[-74.8064,4.6646],[-74.7995,4.6625],[-74.7933,4.6598],[-74.7907,4.6524],[-74.7942,4.6407],[-74.8113,4.6205],[-74.818,4.608],[-74.8061,4.5977],[-74.8044,4.5915],[-74.818,4.5875],[-74.8047,4.5448],[-74.8058,4.5046],[-74.8164,4.4663],[-74.8873,4.3096],[-74.8912,4.2796],[-74.8807,4.2691],[-74.8594,4.2708],[-74.8306,4.2775],[-74.8086,4.2793],[-74.784,4.2836],[-74.7825,4.2721],[-74.7594,4.2598],[-74.7553,4.257],[-74.7492,4.2425],[-74.7321,4.2479],[-74.6993,4.2186],[-74.6884,4.2144],[-74.6769,4.212],[-74.6665,4.2137],[-74.6604,4.2127],[-74.6546,4.2092],[-74.6493,4.211],[-74.6441,4.2148],[-74.636,4.2255],[-74.631,4.2301],[-74.6275,4.2359],[-74.6225,4.2506],[-74.617,4.2569],[-74.6082,4.2622],[-74.5814,4.2726],[-74.5713,4.2742],[-74.5652,4.2744],[-74.5553,4.2693],[-74.55,4.2641],[-74.5417,4.2564],[-74.5239,4.2425],[-74.5016,4.1946],[-74.4948,4.185],[-74.4881,4.17],[-74.4865,4.1583],[-74.4802,4.1334],[-74.4829,4.1105],[-74.4953,4.0958],[-74.5008,4.0911],[-74.5142,4.077],[-74.5206,4.0646],[-74.5248,4.0522],[-74.5268,4.0394],[-74.5199,4.0226],[-74.5318,3.9843],[-74.5121,3.9495],[-74.5114,3.937],[-74.5157,3.9186],[-74.5246,3.8942],[-74.5513,3.8456],[-74.5635,3.7721]]]}},{"type":"Feature","properties":{"id":"COL-1408","name":"Valle del Cauca","nameBn":"ভাল ডেল কাউকা বিভাগ","type":"Department","bounds":[-77.4777,3.0929,-75.7081,5.0357],"center":[-76.5923,3.5833]},"geometry":{"type":"Polygon","coordinates":[[[-77.4649,3.3016],[-77.4777,3.3132],[-77.4766,3.3336],[-77.4687,3.3447],[-77.4574,3.3561],[-77.4455,3.3632],[-77.4356,3.361],[-77.4191,3.3652],[-77.4049,3.3672],[-77.4005,3.37],[-77.381,3.3876],[-77.3585,3.3458],[-77.3437,3.3294],[-77.3189,3.32],[-77.3235,3.3311],[-77.3568,3.3709],[-77.3656,3.3856],[-77.3671,3.4021],[-77.3625,3.4178],[-77.353,3.4298],[-77.3494,3.4213],[-77.3427,3.4121],[-77.3361,3.4072],[-77.3332,3.4118],[-77.3352,3.4193],[-77.3441,3.432],[-77.3462,3.436],[-77.3411,3.4562],[-77.3317,3.4733],[-77.3263,3.4907],[-77.3332,3.5118],[-77.3229,3.5124],[-77.3127,3.5118],[-77.3158,3.5069],[-77.3177,3.5018],[-77.3187,3.4956],[-77.3189,3.4876],[-77.3162,3.4804],[-77.3098,3.4802],[-77.3003,3.4866],[-77.2828,3.4852],[-77.2782,3.4826],[-77.2692,3.4739],[-77.2643,3.4709],[-77.2655,3.4804],[-77.2694,3.4879],[-77.2759,3.4935],[-77.2848,3.4975],[-77.2805,3.4997],[-77.2759,3.503],[-77.2717,3.505],[-77.2905,3.5115],[-77.299,3.5118],[-77.2948,3.5211],[-77.291,3.5237],[-77.286,3.5219],[-77.2779,3.518],[-77.2749,3.5328],[-77.2891,3.5381],[-77.3096,3.5369],[-77.3258,3.5322],[-77.3218,3.5478],[-77.3105,3.5502],[-77.295,3.547],[-77.2779,3.5459],[-77.2832,3.5486],[-77.2936,3.5559],[-77.299,3.559],[-77.2933,3.5612],[-77.2899,3.5634],[-77.2859,3.5653],[-77.2779,3.5664],[-77.281,3.5705],[-77.2848,3.5806],[-77.2648,3.585],[-77.2438,3.5869],[-77.2438,3.5806],[-77.2486,3.5715],[-77.2388,3.5717],[-77.2096,3.5806],[-77.2239,3.5842],[-77.2272,3.591],[-77.2226,3.6002],[-77.2049,3.6212],[-77.1986,3.6335],[-77.1892,3.6626],[-77.1777,3.6544],[-77.1695,3.6522],[-77.1619,3.656],[-77.1513,3.6657],[-77.1403,3.6698],[-77.1249,3.6737],[-77.1183,3.678],[-77.1339,3.6831],[-77.1472,3.6811],[-77.1606,3.6762],[-77.1708,3.6772],[-77.1749,3.6927],[-77.1679,3.695],[-77.1522,3.6979],[-77.1357,3.7044],[-77.1265,3.7172],[-77.1437,3.7151],[-77.1854,3.7036],[-77.1987,3.71],[-77.203,3.7255],[-77.2008,3.7435],[-77.1954,3.7582],[-77.1674,3.7379],[-77.1523,3.7331],[-77.1302,3.7315],[-77.1256,3.7335],[-77.1282,3.738],[-77.1354,3.7425],[-77.1444,3.7445],[-77.1553,3.7445],[-77.1634,3.7453],[-77.1698,3.7493],[-77.1749,3.7582],[-77.1584,3.7569],[-77.1444,3.7596],[-77.1337,3.7668],[-77.1265,3.7787],[-77.142,3.7885],[-77.1515,3.8004],[-77.1504,3.8137],[-77.1339,3.8271],[-77.1261,3.8216],[-77.1215,3.8164],[-77.1197,3.8095],[-77.1203,3.7991],[-77.1056,3.8135],[-77.1119,3.8341],[-77.1145,3.8526],[-77.0686,3.8677],[-77.0563,3.8843],[-77.046,3.9028],[-77.0316,3.9158],[-77.0316,3.9221],[-77.093,3.909],[-77.093,3.9158],[-77.086,3.9182],[-77.0793,3.9221],[-77.1046,3.9218],[-77.1161,3.9238],[-77.1265,3.9295],[-77.123,3.8861],[-77.1811,3.853],[-77.2532,3.8408],[-77.2916,3.8606],[-77.2895,3.8698],[-77.2752,3.8778],[-77.2717,3.8854],[-77.2753,3.8892],[-77.2926,3.8978],[-77.3048,3.9058],[-77.3092,3.906],[-77.3118,3.9084],[-77.3127,3.919],[-77.3116,3.9276],[-77.3092,3.9348],[-77.3052,3.9432],[-77.3002,3.9691],[-77.2951,3.978],[-77.2848,3.9841],[-77.2704,3.9864],[-77.2609,3.9831],[-77.26,3.9754],[-77.2717,3.9643],[-77.224,3.972],[-77.2096,3.9773],[-77.2096,3.9841],[-77.2438,3.9773],[-77.2392,3.9899],[-77.2323,4.0012],[-77.2054,4.0326],[-77.1892,4.0673],[-77.1998,4.0669],[-77.2047,4.0681],[-77.2069,4.0722],[-77.2096,4.0803],[-77.2249,4.077],[-77.2367,4.0854],[-77.2486,4.0982],[-77.2643,4.1082],[-77.26,4.0985],[-77.2585,4.0876],[-77.26,4.0769],[-77.2643,4.0673],[-77.2729,4.0721],[-77.2816,4.0736],[-77.2904,4.0718],[-77.299,4.0673],[-77.299,4.0599],[-77.2941,4.0555],[-77.2938,4.055],[-77.296,4.0534],[-77.299,4.0456],[-77.3035,4.0498],[-77.3065,4.051],[-77.3107,4.0513],[-77.3189,4.053],[-77.3158,4.0342],[-77.3189,4.0065],[-77.3263,3.9814],[-77.3365,3.9704],[-77.3397,3.9644],[-77.3433,3.937],[-77.3462,3.9295],[-77.3621,3.928],[-77.3747,3.9364],[-77.3798,3.95],[-77.3735,3.9643],[-77.425,4.0046],[-77.4308,4.0126],[-77.4352,4.0294],[-77.4304,4.044],[-77.4083,4.0456],[-77.4198,4.0602],[-77.424,4.0673],[-77.4311,4.0944],[-77.435,4.1249],[-77.4352,4.1528],[-77.4351,4.1528],[-77.4342,4.1528],[-77.3946,4.1597],[-77.3502,4.1947],[-77.3379,4.1966],[-77.3285,4.1937],[-77.3169,4.1818],[-77.3122,4.1786],[-77.3047,4.1768],[-77.2986,4.1788],[-77.2918,4.1827],[-77.287,4.1876],[-77.2837,4.193],[-77.2833,4.1969],[-77.2844,4.2042],[-77.2852,4.2113],[-77.281,4.2138],[-77.265,4.2287],[-77.2544,4.2422],[-77.2544,4.2421],[-77.253,4.2412],[-77.2469,4.2266],[-77.247,4.2003],[-77.2445,4.1909],[-77.2387,4.1826],[-77.2308,4.1741],[-77.2212,4.1681],[-77.2145,4.1664],[-77.2073,4.17],[-77.2025,4.1742],[-77.1973,4.1771],[-77.1748,4.1841],[-77.1649,4.1851],[-77.1555,4.1829],[-77.1372,4.1691],[-77.1248,4.1665],[-77.0818,4.1224],[-77.07,4.1068],[-77.0658,4.1039],[-77.0496,4.104],[-77.0282,4.1009],[-77.0182,4.1016],[-77.0085,4.1043],[-77.0011,4.1094],[-76.992,4.1209],[-76.9873,4.124],[-76.9799,4.1243],[-76.9666,4.1217],[-76.9568,4.1226],[-76.9457,4.1171],[-76.9337,4.1057],[-76.8927,4.0419],[-76.8681,4.03],[-76.836,4.0339],[-76.8226,4.0298],[-76.8211,4.027],[-76.8197,4.0231],[-76.8162,4.0194],[-76.8061,4.0135],[-76.7934,4.0102],[-76.7614,3.9959],[-76.7432,3.9946],[-76.7304,3.9986],[-76.6971,4.0308],[-76.6803,4.0437],[-76.6657,4.0579],[-76.6543,4.0633],[-76.6431,4.0637],[-76.5941,4.0505],[-76.5823,4.0517],[-76.575,4.0558],[-76.5736,4.0615],[-76.573,4.0691],[-76.569,4.0793],[-76.5459,4.1105],[-76.5208,4.137],[-76.4974,4.149],[-76.4733,4.1559],[-76.4462,4.182],[-76.4433,4.1883],[-76.4396,4.2006],[-76.4549,4.2162],[-76.4965,4.2376],[-76.5009,4.2627],[-76.4942,4.3115],[-76.496,4.32],[-76.5015,4.3259],[-76.5094,4.3315],[-76.5186,4.3403],[-76.5283,4.3529],[-76.5456,4.3844],[-76.5471,4.3917],[-76.5457,4.3948],[-76.5421,4.3948],[-76.5303,4.392],[-76.5227,4.3921],[-76.5037,4.3962],[-76.4934,4.3999],[-76.4838,4.4022],[-76.4754,4.4052],[-76.4696,4.4089],[-76.4557,4.4207],[-76.4423,4.4664],[-76.4438,4.4848],[-76.451,4.5025],[-76.4503,4.5143],[-76.4357,4.5658],[-76.4273,4.5817],[-76.3737,4.6294],[-76.3474,4.6481],[-76.3169,4.679],[-76.3033,4.6999],[-76.3068,4.7156],[-76.3129,4.7258],[-76.3118,4.7375],[-76.3066,4.7513],[-76.2985,4.7641],[-76.2912,4.7732],[-76.2104,4.8432],[-76.1695,4.8894],[-76.1667,4.8971],[-76.1411,4.97],[-76.132,4.9828],[-76.1163,5.0001],[-76.1058,5.0066],[-76.0759,5.0357],[-76.0685,5.0276],[-76.0398,4.9736],[-76.0346,4.9611],[-76.0224,4.9415],[-75.9941,4.9175],[-75.9863,4.9111],[-75.9866,4.8822],[-75.9811,4.8726],[-75.9739,4.868],[-75.9639,4.8646],[-75.9385,4.8652],[-75.9254,4.8724],[-75.9222,4.8724],[-75.9216,4.8649],[-75.9236,4.8426],[-75.9298,4.83],[-75.9403,4.822],[-75.9319,4.8072],[-75.9248,4.7931],[-75.9241,4.7858],[-75.9249,4.7829],[-75.9255,4.7796],[-75.9241,4.7749],[-75.9193,4.7701],[-75.9086,4.7632],[-75.8943,4.7608],[-75.885,4.7618],[-75.8788,4.7663],[-75.8739,4.7707],[-75.8702,4.7747],[-75.8657,4.7764],[-75.8567,4.7778],[-75.8519,4.7766],[-75.8478,4.7724],[-75.8453,4.7607],[-75.8453,4.7524],[-75.8536,4.732],[-75.8313,4.7361],[-75.8213,4.7345],[-75.7831,4.723],[-75.714,4.7129],[-75.7095,4.6838],[-75.7081,4.6679],[-75.7115,4.6624],[-75.716,4.6588],[-75.7459,4.6582],[-75.756,4.6539],[-75.8248,4.6644],[-75.8621,4.6129],[-75.8605,4.6],[-75.8624,4.5947],[-75.8685,4.5859],[-75.8698,4.578],[-75.8768,4.5526],[-75.8751,4.4767],[-75.8669,4.4582],[-75.8782,4.4509],[-75.8813,4.4477],[-75.8841,4.4444],[-75.8904,4.4236],[-75.8726,4.4158],[-75.8535,4.4153],[-75.8091,4.3975],[-75.7879,4.3508],[-75.7895,4.3474],[-75.7905,4.3076],[-75.7891,4.2939],[-75.7903,4.2884],[-75.8059,4.251],[-75.8191,4.2315],[-75.8242,4.221],[-75.8281,4.2103],[-75.8298,4.2007],[-75.8292,4.1826],[-75.8303,4.1744],[-75.8319,4.1673],[-75.8379,4.1542],[-75.8389,4.1376],[-75.8382,4.1218],[-75.8347,4.1141],[-75.8299,4.1094],[-75.7998,4.0986],[-75.7806,4.086],[-75.7622,4.0785],[-75.7456,4.0522],[-75.7454,4.0415],[-75.7767,4.0276],[-75.7882,4.0198],[-75.7961,4.0081],[-75.8093,3.9691],[-75.8198,3.9541],[-75.8347,3.9257],[-75.8577,3.8699],[-75.9243,3.7695],[-75.9353,3.7441],[-75.9388,3.7378],[-75.9568,3.7165],[-75.9617,3.7122],[-75.9717,3.6766],[-75.9796,3.6655],[-75.9888,3.6468],[-75.9963,3.5912],[-75.9957,3.5722],[-75.9968,3.5592],[-76.0049,3.546],[-76.0109,3.5326],[-76.0218,3.5168],[-76.0286,3.5028],[-76.0324,3.4869],[-76.0431,3.4625],[-76.0494,3.4424],[-76.0498,3.4094],[-76.0527,3.385],[-76.065,3.3578],[-76.0533,3.3335],[-76.0466,3.3244],[-76.0439,3.3141],[-76.0478,3.3076],[-76.0548,3.3025],[-76.0607,3.2947],[-76.0642,3.282],[-76.066,3.2272],[-76.0758,3.2133],[-76.1133,3.227],[-76.1766,3.2411],[-76.192,3.2473],[-76.2285,3.2743],[-76.2559,3.2829],[-76.354,3.2902],[-76.3981,3.2993],[-76.416,3.308],[-76.4367,3.3179],[-76.4589,3.2923],[-76.4628,3.2853],[-76.4598,3.2764],[-76.4456,3.263],[-76.4424,3.2549],[-76.4436,3.2196],[-76.4476,3.204],[-76.456,3.1891],[-76.4668,3.1786],[-76.4775,3.174],[-76.5027,3.1689],[-76.5155,3.1631],[-76.5219,3.1559],[-76.5314,3.1343],[-76.5378,3.1255],[-76.5533,3.1101],[-76.5655,3.1188],[-76.5703,3.122],[-76.5767,3.124],[-76.5842,3.122],[-76.5891,3.119],[-76.5928,3.1154],[-76.5949,3.1123],[-76.5969,3.1102],[-76.5986,3.1079],[-76.6007,3.1013],[-76.6036,3.0985],[-76.6089,3.0982],[-76.6166,3.1009],[-76.6246,3.1103],[-76.6323,3.1246],[-76.6387,3.1241],[-76.6427,3.1204],[-76.6464,3.115],[-76.6516,3.1101],[-76.6595,3.106],[-76.6728,3.1078],[-76.6912,3.1168],[-76.7133,3.136],[-76.7659,3.1718],[-76.7786,3.1839],[-76.811,3.1249],[-76.829,3.1054],[-76.8363,3.1006],[-76.8431,3.098],[-76.8533,3.095],[-76.8696,3.0929],[-76.8874,3.095],[-76.9164,3.1048],[-76.9744,3.1357],[-76.9852,3.14],[-76.9875,3.1424],[-76.9888,3.1452],[-76.9913,3.1488],[-77.0077,3.1641],[-77.0146,3.1682],[-77.0632,3.1833],[-77.1096,3.1919],[-77.128,3.1885],[-77.1487,3.1813],[-77.1656,3.1692],[-77.1718,3.1688],[-77.1799,3.1709],[-77.186,3.1694],[-77.1938,3.162],[-77.1981,3.1587],[-77.2064,3.1498],[-77.2164,3.1409],[-77.2206,3.1378],[-77.2286,3.1296],[-77.2342,3.1254],[-77.2448,3.122],[-77.2522,3.1243],[-77.2565,3.1289],[-77.2586,3.1292],[-77.2615,3.124],[-77.2771,3.1426],[-77.2846,3.1443],[-77.289,3.1435],[-77.2964,3.1492],[-77.2975,3.1529],[-77.2961,3.1562],[-77.293,3.1587],[-77.2945,3.1641],[-77.3192,3.1755],[-77.3271,3.1755],[-77.3314,3.1743],[-77.3348,3.1723],[-77.341,3.1695],[-77.3488,3.1672],[-77.3643,3.1653],[-77.3724,3.1697],[-77.3851,3.1902],[-77.388,3.1975],[-77.3888,3.2047],[-77.3904,3.2117],[-77.3946,3.2214],[-77.405,3.2333],[-77.4188,3.2587],[-77.4241,3.2624],[-77.4649,3.3016]]]}},{"type":"Feature","properties":{"id":"COL-1426","name":"Vaupés","nameBn":"ভুপ্স বিভাগ","type":"Commissiary","bounds":[-72.0358,-1.2393,-69.1375,2.1012],"center":[-70.5869,0.791]},"geometry":{"type":"Polygon","coordinates":[[[-69.8412,1.7076],[-69.8562,1.7077],[-69.8488,1.6689],[-69.8492,1.6002],[-69.8496,1.5315],[-69.85,1.4628],[-69.8504,1.3941],[-69.8508,1.3253],[-69.8511,1.2566],[-69.8515,1.188],[-69.8519,1.1193],[-69.8522,1.0594],[-69.8294,1.0572],[-69.7877,1.0842],[-69.7626,1.0911],[-69.7497,1.0905],[-69.7368,1.0884],[-69.7281,1.083],[-69.7265,1.061],[-69.716,1.0586],[-69.6199,1.0728],[-69.5968,1.0719],[-69.5533,1.0568],[-69.543,1.0556],[-69.5101,1.0561],[-69.4783,1.0607],[-69.4687,1.0594],[-69.4598,1.0552],[-69.4554,1.0507],[-69.4524,1.0462],[-69.4473,1.0417],[-69.4284,1.0305],[-69.4182,1.0286],[-69.3709,1.063],[-69.355,1.0671],[-69.3388,1.0641],[-69.2888,1.0384],[-69.2743,1.0282],[-69.2572,1.0069],[-69.2402,0.9957],[-69.2328,0.9884],[-69.2302,0.9791],[-69.2291,0.9674],[-69.2262,0.9572],[-69.2043,0.9437],[-69.21,0.9075],[-69.1939,0.8921],[-69.1707,0.8832],[-69.1589,0.8762],[-69.1524,0.8678],[-69.1523,0.8543],[-69.1598,0.8496],[-69.1693,0.8481],[-69.1754,0.8444],[-69.1776,0.8236],[-69.1678,0.779],[-69.1678,0.756],[-69.1746,0.7454],[-69.185,0.7377],[-69.1923,0.7289],[-69.1893,0.7152],[-69.1812,0.7075],[-69.1595,0.6973],[-69.1521,0.6906],[-69.1412,0.6682],[-69.1375,0.6501],[-69.1437,0.6375],[-69.1623,0.6314],[-69.1714,0.6328],[-69.1901,0.6397],[-69.2006,0.6395],[-69.2084,0.6346],[-69.2191,0.6196],[-69.2262,0.6148],[-69.2424,0.6138],[-69.279,0.6192],[-69.2971,0.6181],[-69.2928,0.6456],[-69.3021,0.6565],[-69.3203,0.6563],[-69.3423,0.6502],[-69.3626,0.6409],[-69.3689,0.6444],[-69.4397,0.7158],[-69.4579,0.7281],[-69.4781,0.7328],[-69.5037,0.7296],[-69.5234,0.7209],[-69.5556,0.7002],[-69.5742,0.6979],[-69.5941,0.6893],[-69.6046,0.6674],[-69.6192,0.6507],[-69.6513,0.6574],[-69.6795,0.67],[-69.6947,0.6687],[-69.7329,0.639],[-69.7675,0.6207],[-69.8053,0.6069],[-69.8459,0.5987],[-69.9145,0.5945],[-69.9339,0.589],[-69.9529,0.5858],[-69.9765,0.5904],[-69.9992,0.5898],[-70.0207,0.5799],[-70.0394,0.5746],[-70.0542,0.5881],[-70.0561,0.5186],[-70.0568,0.493],[-70.0587,0.4259],[-70.0614,0.3309],[-70.0643,0.222],[-70.0673,0.113],[-70.07,0.018],[-70.0718,-0.0491],[-70.0725,-0.0747],[-70.0738,-0.1249],[-70.068,-0.1601],[-70.0564,-0.181],[-70.0176,-0.2257],[-69.9667,-0.2723],[-69.9444,-0.3055],[-69.9336,-0.3143],[-69.915,-0.3217],[-69.8752,-0.3306],[-69.8581,-0.3414],[-69.8517,-0.3508],[-69.8423,-0.3732],[-69.8348,-0.3832],[-69.8248,-0.3902],[-69.8018,-0.401],[-69.7914,-0.4082],[-69.7616,-0.4409],[-69.7465,-0.453],[-69.6665,-0.4829],[-69.6495,-0.492],[-69.6321,-0.5069],[-69.6198,-0.5246],[-69.6117,-0.5446],[-69.6071,-0.5668],[-69.6066,-0.5965],[-69.6045,-0.6063],[-69.5993,-0.6164],[-69.5927,-0.6241],[-69.587,-0.6325],[-69.5842,-0.6446],[-69.5908,-0.6682],[-69.622,-0.7154],[-69.6284,-0.7334],[-69.6184,-0.7569],[-69.5807,-0.7994],[-69.5727,-0.8135],[-69.5757,-0.8392],[-69.5732,-0.8492],[-69.5642,-0.8635],[-69.5575,-0.8695],[-69.5502,-0.8732],[-69.5433,-0.8787],[-69.5373,-0.8895],[-69.5362,-0.9012],[-69.5386,-0.9106],[-69.5392,-0.9206],[-69.5326,-0.9341],[-69.5243,-0.941],[-69.5025,-0.9503],[-69.4931,-0.9562],[-69.4712,-0.988],[-69.4651,-0.9931],[-69.4551,-0.9946],[-69.45,-0.9968],[-69.4469,-1.0008],[-69.4429,-1.0084],[-69.445,-1.0107],[-69.4398,-1.0487],[-69.4419,-1.0598],[-69.4483,-1.0804],[-69.4482,-1.0921],[-69.4105,-1.1527],[-69.3995,-1.1827],[-69.4211,-1.2386],[-69.4211,-1.2393],[-69.4218,-1.2385],[-69.4548,-1.1999],[-69.4591,-1.1868],[-69.4653,-1.18],[-69.4754,-1.1755],[-69.4799,-1.1742],[-69.4943,-1.1725],[-69.5645,-1.1375],[-69.5792,-1.1356],[-69.6307,-1.1654],[-69.6422,-1.1674],[-69.6506,-1.1605],[-69.658,-1.142],[-69.6599,-1.1225],[-69.6551,-1.1059],[-69.6484,-1.09],[-69.6444,-1.0724],[-69.6491,-1.0555],[-69.6618,-1.0398],[-69.7026,-1.0032],[-69.7164,-0.9951],[-69.7316,-0.9921],[-69.7469,-0.9973],[-69.7552,-1.008],[-69.7632,-1.0347],[-69.7742,-1.0438],[-69.7951,-1.0438],[-69.8402,-1.0257],[-69.8646,-1.0261],[-69.8803,-1.0355],[-69.8954,-1.0482],[-69.9118,-1.057],[-69.9315,-1.055],[-69.9468,-1.0429],[-69.9474,-1.0292],[-69.9333,-0.998],[-69.9327,-0.9917],[-69.9333,-0.9774],[-69.9318,-0.9716],[-69.9263,-0.9649],[-69.9137,-0.9547],[-69.909,-0.9495],[-69.9012,-0.9368],[-69.897,-0.9242],[-69.9028,-0.9161],[-69.9254,-0.9167],[-69.9408,-0.923],[-69.956,-0.9315],[-69.9711,-0.9357],[-70.0015,-0.9206],[-70.0115,-0.9272],[-70.0208,-0.9391],[-70.0339,-0.9469],[-70.0388,-0.9472],[-70.0432,-0.9468],[-70.0472,-0.9457],[-70.0509,-0.9442],[-70.0711,-0.9335],[-70.0834,-0.9336],[-70.0999,-0.9424],[-70.1241,-0.9744],[-70.1098,-0.997],[-70.0836,-1.0177],[-70.0724,-1.0441],[-70.0815,-1.0626],[-70.0986,-1.0734],[-70.1192,-1.0764],[-70.1384,-1.0714],[-70.1874,-1.0326],[-70.196,-1.0231],[-70.1948,-1.0099],[-70.182,-0.9834],[-70.1793,-0.9694],[-70.186,-0.9561],[-70.1995,-0.9614],[-70.224,-0.9846],[-70.2422,-0.988],[-70.26,-0.9739],[-70.2737,-0.9525],[-70.2797,-0.9337],[-70.276,-0.9171],[-70.2646,-0.9049],[-70.2348,-0.8865],[-70.2127,-0.8524],[-70.2333,-0.8205],[-70.2642,-0.7881],[-70.2731,-0.752],[-70.2627,-0.7393],[-70.2473,-0.7302],[-70.2346,-0.7202],[-70.2326,-0.705],[-70.2431,-0.6732],[-70.2462,-0.6577],[-70.2463,-0.6397],[-70.2409,-0.6013],[-70.2401,-0.5807],[-70.2445,-0.5641],[-70.2603,-0.5506],[-70.2774,-0.5517],[-70.293,-0.5572],[-70.3037,-0.5567],[-70.305,-0.5342],[-70.2841,-0.5056],[-70.2214,-0.4469],[-70.2124,-0.4349],[-70.2161,-0.4234],[-70.2391,-0.4111],[-70.2614,-0.4049],[-70.2804,-0.4048],[-70.2987,-0.4104],[-70.3188,-0.4212],[-70.3296,-0.4339],[-70.327,-0.4603],[-70.3344,-0.4718],[-70.3535,-0.475],[-70.4057,-0.4637],[-70.4483,-0.4656],[-70.4528,-0.4566],[-70.4505,-0.4416],[-70.4501,-0.4253],[-70.4571,-0.4074],[-70.4695,-0.3879],[-70.4848,-0.3707],[-70.5009,-0.3596],[-70.5171,-0.3559],[-70.5674,-0.3597],[-70.5819,-0.3539],[-70.6016,-0.3293],[-70.6158,-0.3211],[-70.6274,-0.3206],[-70.6501,-0.325],[-70.661,-0.3244],[-70.6722,-0.3192],[-70.701,-0.2961],[-70.7185,-0.2869],[-70.7409,-0.2793],[-70.7605,-0.2806],[-70.7699,-0.2981],[-70.7753,-0.3136],[-70.7872,-0.3219],[-70.8033,-0.325],[-70.839,-0.3244],[-70.8473,-0.3213],[-70.853,-0.3125],[-70.8775,-0.2604],[-70.9006,-0.1937],[-70.939,-0.1457],[-70.9401,-0.1338],[-70.9343,-0.122],[-70.9294,-0.1041],[-70.9301,-0.0869],[-70.9345,-0.071],[-70.9419,-0.0558],[-70.9715,-0.0128],[-70.9841,0.0009],[-70.9966,0.0087],[-71.0093,0.009],[-71.0306,-0.0009],[-71.042,-0.0025],[-71.0603,0.0028],[-71.0987,0.0217],[-71.1189,0.0282],[-71.14,0.0377],[-71.1497,0.0538],[-71.1589,0.0954],[-71.1739,0.1158],[-71.1938,0.1154],[-71.2352,0.0973],[-71.2517,0.096],[-71.2684,0.0983],[-71.2846,0.1037],[-71.2994,0.1112],[-71.3223,0.1332],[-71.3528,0.1625],[-71.3873,0.1744],[-71.4106,0.1893],[-71.4214,0.1916],[-71.4529,0.1834],[-71.4642,0.1819],[-71.4726,0.1831],[-71.4899,0.189],[-71.4998,0.1896],[-71.5157,0.1845],[-71.5267,0.1783],[-71.5385,0.1777],[-71.5889,0.2108],[-71.689,0.2583],[-71.7014,0.2719],[-71.722,0.3079],[-71.7338,0.3161],[-71.7572,0.3236],[-71.7686,0.338],[-71.7758,0.3558],[-71.7871,0.3733],[-71.8017,0.3767],[-71.8322,0.3549],[-71.847,0.3555],[-71.8524,0.3681],[-71.8493,0.3852],[-71.8441,0.4029],[-71.843,0.4172],[-71.8646,0.4364],[-71.9041,0.4609],[-71.9364,0.4867],[-71.9363,0.51],[-71.9272,0.5237],[-71.9266,0.5395],[-71.9328,0.5552],[-71.9437,0.5689],[-71.9608,0.5803],[-71.968,0.5761],[-71.9719,0.5672],[-71.9791,0.5645],[-71.9951,0.5763],[-72.0024,0.5938],[-72.0086,0.6334],[-72.0197,0.6555],[-72.0358,0.664],[-71.8479,0.8603],[-71.8171,0.8848],[-71.7865,0.9169],[-71.7785,0.9306],[-71.772,0.9478],[-71.7567,0.9713],[-71.7426,0.9827],[-71.7247,0.9866],[-71.7091,0.9844],[-71.696,0.9791],[-71.685,0.9782],[-71.6731,0.982],[-71.6285,1.0287],[-71.6099,1.0425],[-71.5996,1.0573],[-71.5869,1.0819],[-71.5855,1.0918],[-71.5865,1.102],[-71.5858,1.1129],[-71.5822,1.1223],[-71.5751,1.1263],[-71.5603,1.1245],[-71.5584,1.1312],[-71.5603,1.1417],[-71.5585,1.1552],[-71.5529,1.161],[-71.5465,1.1622],[-71.5417,1.1578],[-71.5399,1.1496],[-71.5384,1.1366],[-71.5355,1.1257],[-71.5278,1.1165],[-71.5158,1.1121],[-71.5051,1.1151],[-71.5025,1.1244],[-71.5073,1.1366],[-71.5158,1.1478],[-71.5226,1.162],[-71.5347,1.1823],[-71.5387,1.1914],[-71.5531,1.2165],[-71.5522,1.2295],[-71.5532,1.2522],[-71.5524,1.262],[-71.5506,1.2717],[-71.5421,1.2795],[-71.4961,1.389],[-71.4881,1.4165],[-71.483,1.4427],[-71.471,1.4637],[-71.4497,1.5136],[-71.441,1.548],[-71.433,1.5641],[-71.4052,1.5987],[-71.3992,1.6208],[-71.395,1.6483],[-71.3908,1.7322],[-71.3749,1.7356],[-71.3464,1.7135],[-71.312,1.7012],[-71.2926,1.6796],[-71.2826,1.6763],[-71.2638,1.6734],[-71.2464,1.6849],[-71.2251,1.7021],[-71.2075,1.7207],[-71.1598,1.7562],[-71.0777,1.7997],[-71.0264,1.8184],[-70.993,1.8364],[-70.9677,1.8533],[-70.9272,1.8934],[-70.9118,1.915],[-70.9045,1.9186],[-70.8966,1.918],[-70.888,1.9156],[-70.796,1.9186],[-70.7576,1.915],[-70.7454,1.918],[-70.7347,1.9139],[-70.7231,1.9111],[-70.7135,1.9054],[-70.702,1.9017],[-70.6882,1.9003],[-70.6728,1.9012],[-70.6553,1.9043],[-70.6244,1.921],[-70.558,1.9361],[-70.5372,1.9442],[-70.4993,1.9518],[-70.4863,1.9581],[-70.4769,1.9649],[-70.4615,1.9795],[-70.4445,1.9884],[-70.4044,1.9942],[-70.3876,1.9944],[-70.3773,1.9988],[-70.3592,1.9987],[-70.3394,2.0012],[-70.3043,2.0134],[-70.2596,2.0242],[-70.2017,2.0312],[-70.1841,2.039],[-70.1714,2.0482],[-70.1481,2.0711],[-70.105,2.1012],[-70.1083,2.0588],[-70.119,2.0071],[-70.162,1.9023],[-70.1639,1.8854],[-70.1566,1.8693],[-70.0502,1.781],[-69.9999,1.755],[-69.9693,1.7441],[-69.9216,1.7406],[-69.8778,1.7272],[-69.846,1.7106],[-69.8415,1.7078],[-69.8412,1.7076]]]}},{"type":"Feature","properties":{"id":"COL-1427","name":"Vichada","nameBn":"ভিকাদা বিভাগ","type":"Commissiary","bounds":[-71.0637,2.7825,-67.4186,6.3137],"center":[-69.2414,4.8922]},"geometry":{"type":"Polygon","coordinates":[[[-67.4563,6.1932],[-67.4762,6.1784],[-67.487,6.1668],[-67.4914,6.153],[-67.4912,6.1145],[-67.4543,6.0568],[-67.4286,6.0385],[-67.421,6.0183],[-67.4186,5.9953],[-67.4225,5.9782],[-67.4348,5.9682],[-67.4709,5.9528],[-67.4852,5.9441],[-67.5324,5.8926],[-67.5416,5.8767],[-67.6012,5.8206],[-67.6251,5.7845],[-67.6412,5.7448],[-67.6491,5.702],[-67.6491,5.6561],[-67.6378,5.5973],[-67.636,5.5776],[-67.6326,5.5731],[-67.6177,5.5585],[-67.6143,5.5537],[-67.617,5.5416],[-67.623,5.5334],[-67.63,5.5269],[-67.636,5.5195],[-67.647,5.4834],[-67.6525,5.478],[-67.6645,5.4749],[-67.6753,5.4672],[-67.6937,5.4472],[-67.7021,5.4414],[-67.7316,5.4301],[-67.737,5.4258],[-67.7467,5.4143],[-67.7521,5.4097],[-67.7567,5.4088],[-67.7679,5.4105],[-67.7726,5.4097],[-67.8098,5.3788],[-67.8346,5.3393],[-67.8437,5.2972],[-67.834,5.2589],[-67.825,5.2428],[-67.8186,5.2278],[-67.8147,5.2103],[-67.8135,5.1866],[-67.8156,5.1779],[-67.8246,5.1543],[-67.8272,5.1421],[-67.8276,5.1307],[-67.8266,5.1204],[-67.8245,5.1106],[-67.821,5.1006],[-67.8147,5.091],[-67.7968,5.0702],[-67.7931,5.0633],[-67.7952,5.0527],[-67.7999,5.0459],[-67.8046,5.0409],[-67.8067,5.0357],[-67.805,4.9912],[-67.8067,4.9723],[-67.8196,4.9333],[-67.8264,4.8948],[-67.8272,4.8715],[-67.8252,4.8649],[-67.8161,4.8473],[-67.8135,4.8405],[-67.8139,4.8283],[-67.8171,4.8215],[-67.8186,4.8157],[-67.8135,4.8063],[-67.8205,4.7876],[-67.8229,4.7436],[-67.8306,4.7275],[-67.8406,4.7115],[-67.8456,4.6897],[-67.8488,4.6342],[-67.8552,4.6077],[-67.8537,4.5758],[-67.8552,4.5662],[-67.8606,4.558],[-67.8676,4.5532],[-67.8734,4.5465],[-67.8751,4.5326],[-67.8718,4.5216],[-67.8651,4.5121],[-67.8566,4.5042],[-67.8477,4.4979],[-67.8477,4.5047],[-67.8291,4.4914],[-67.8219,4.4782],[-67.8135,4.4433],[-67.8094,4.4393],[-67.7971,4.4349],[-67.7931,4.429],[-67.7927,4.4208],[-67.7984,4.4069],[-67.7999,4.3989],[-67.7967,4.3858],[-67.7827,4.3638],[-67.7794,4.3508],[-67.782,4.3389],[-67.7999,4.3061],[-67.8049,4.2685],[-67.7994,4.2353],[-67.7908,4.2043],[-67.7862,4.173],[-67.7777,4.1539],[-67.7589,4.1386],[-67.7402,4.1187],[-67.7316,4.0864],[-67.7206,4.075],[-67.7141,4.0565],[-67.7169,4.0399],[-67.7176,4.0396],[-67.7353,4.032],[-67.7491,4.0216],[-67.7971,3.9538],[-67.8385,3.9243],[-67.877,3.9227],[-67.9139,3.9376],[-67.9507,3.9575],[-67.9744,3.9414],[-67.9875,3.9348],[-67.9991,3.9364],[-68.0065,3.9486],[-68.0083,3.9836],[-68.0134,3.9985],[-68.0353,3.9618],[-68.0487,3.9559],[-68.068,3.9705],[-68.0826,3.9962],[-68.0927,4.0054],[-68.1056,4.0016],[-68.1144,3.9901],[-68.1256,3.9648],[-68.1332,3.9538],[-68.1566,3.9277],[-68.1694,3.9197],[-68.1835,3.9221],[-68.1894,3.9306],[-68.1866,3.9403],[-68.1806,3.9505],[-68.1773,3.9609],[-68.1881,3.9732],[-68.2124,3.9646],[-68.2524,3.9432],[-68.2604,3.9581],[-68.2617,3.9813],[-68.2679,4.0027],[-68.2902,4.0121],[-68.3336,4.0189],[-68.3555,4.0199],[-68.3697,4.0121],[-68.3684,3.9949],[-68.3561,3.9795],[-68.3514,3.9685],[-68.362,3.9558],[-68.3685,3.9395],[-68.3725,3.9236],[-68.3813,3.9172],[-68.4241,3.9165],[-68.4449,3.9126],[-68.4513,3.9002],[-68.4486,3.8872],[-68.4385,3.8731],[-68.4467,3.8735],[-68.4578,3.8702],[-68.4687,3.8624],[-68.4733,3.8513],[-68.4799,3.8497],[-68.4906,3.8481],[-68.5049,3.8445],[-68.5206,3.8323],[-68.5332,3.8161],[-68.5398,3.8009],[-68.5464,3.7959],[-68.5564,3.7996],[-68.5672,3.8069],[-68.5796,3.8081],[-68.5891,3.8017],[-68.5989,3.7912],[-68.6121,3.7845],[-68.6432,3.7818],[-68.6596,3.7864],[-68.6763,3.7944],[-68.6888,3.7978],[-68.7105,3.7787],[-68.7311,3.7747],[-68.7396,3.7725],[-68.741,3.761],[-68.7408,3.7475],[-68.7442,3.7362],[-68.7567,3.7316],[-68.7679,3.7325],[-68.7875,3.7368],[-68.7977,3.7378],[-68.8101,3.728],[-68.8055,3.7076],[-68.8045,3.6901],[-68.8278,3.6894],[-68.8392,3.7035],[-68.8483,3.7098],[-68.8594,3.7067],[-68.8935,3.6894],[-68.9073,3.6886],[-68.9109,3.6894],[-68.916,3.6926],[-68.917,3.697],[-68.9168,3.7011],[-68.9184,3.7036],[-68.9263,3.7067],[-68.9321,3.7082],[-68.9378,3.7073],[-68.9451,3.7036],[-68.9516,3.6889],[-68.9501,3.6491],[-68.9624,3.6409],[-69.0281,3.6501],[-69.0406,3.6552],[-69.0525,3.6457],[-69.0661,3.6229],[-69.0748,3.6143],[-69.0903,3.6094],[-69.0986,3.6147],[-69.1035,3.6232],[-69.1089,3.6279],[-69.1058,3.6558],[-69.113,3.6561],[-69.1224,3.6641],[-69.1307,3.6697],[-69.1401,3.6745],[-69.1522,3.6707],[-69.1757,3.6537],[-69.1835,3.6521],[-69.1854,3.6556],[-69.1848,3.6685],[-69.1862,3.6754],[-69.1911,3.6799],[-69.2091,3.687],[-69.2208,3.7004],[-69.2282,3.7018],[-69.2397,3.7005],[-69.251,3.7012],[-69.2585,3.7097],[-69.2662,3.7223],[-69.2795,3.7289],[-69.2924,3.7266],[-69.3003,3.715],[-69.3015,3.7001],[-69.309,3.6994],[-69.326,3.7115],[-69.3463,3.7128],[-69.3845,3.7],[-69.406,3.6959],[-69.4221,3.6909],[-69.4307,3.6861],[-69.4398,3.6902],[-69.4479,3.7004],[-69.4587,3.7111],[-69.4743,3.7157],[-69.4938,3.7103],[-69.523,3.6969],[-69.5464,3.6931],[-69.5685,3.6925],[-69.5842,3.6939],[-69.6032,3.692],[-69.6124,3.6863],[-69.616,3.6758],[-69.6089,3.6679],[-69.606,3.6582],[-69.6114,3.6188],[-69.6292,3.6046],[-69.6419,3.6045],[-69.6487,3.5947],[-69.6525,3.5421],[-69.6581,3.5325],[-69.6687,3.5373],[-69.6849,3.5528],[-69.7058,3.5682],[-69.722,3.5686],[-69.7395,3.5628],[-69.7641,3.559],[-69.8332,3.561],[-69.8494,3.559],[-69.8596,3.5396],[-69.8667,3.5306],[-69.8699,3.5357],[-69.8722,3.5414],[-69.878,3.5519],[-69.8859,3.562],[-69.8941,3.5664],[-69.9134,3.5636],[-69.9263,3.5559],[-69.9358,3.545],[-69.963,3.505],[-69.9732,3.5064],[-69.9855,3.51],[-69.9959,3.5154],[-70.0002,3.5218],[-70.0109,3.5286],[-70.0355,3.5312],[-70.063,3.53],[-70.0828,3.5255],[-70.0768,3.5149],[-70.0549,3.4845],[-70.0599,3.4685],[-70.0686,3.4246],[-70.0794,3.4156],[-70.1197,3.4166],[-70.1208,3.3915],[-70.1254,3.3864],[-70.13,3.3741],[-70.1368,3.3629],[-70.1511,3.3479],[-70.1497,3.3342],[-70.1413,3.321],[-70.1279,3.3107],[-70.119,3.2986],[-70.116,3.2902],[-70.1179,3.2851],[-70.1238,3.2849],[-70.134,3.283],[-70.1416,3.2764],[-70.1436,3.258],[-70.1272,3.2306],[-70.1254,3.2165],[-70.1293,3.2043],[-70.1389,3.1987],[-70.1446,3.202],[-70.1484,3.2102],[-70.1512,3.2202],[-70.1549,3.2265],[-70.1599,3.2277],[-70.1637,3.2228],[-70.1645,3.2102],[-70.1615,3.1977],[-70.164,3.1863],[-70.1762,3.1808],[-70.1858,3.1837],[-70.1989,3.196],[-70.203,3.1962],[-70.2076,3.1923],[-70.211,3.1841],[-70.2345,3.1708],[-70.2485,3.1594],[-70.2703,3.1327],[-70.2868,3.1027],[-70.2958,3.0953],[-70.3045,3.0894],[-70.3085,3.0839],[-70.305,3.078],[-70.2959,3.0756],[-70.2822,3.0735],[-70.2725,3.0702],[-70.2634,3.0629],[-70.2619,3.0537],[-70.2656,3.0451],[-70.2769,3.0392],[-70.2878,3.0356],[-70.2916,3.0303],[-70.2892,3.0206],[-70.2807,3.0041],[-70.276,2.9837],[-70.2751,2.9604],[-70.2815,2.942],[-70.3333,2.91],[-70.3413,2.8987],[-70.345,2.887],[-70.3474,2.8746],[-70.3591,2.8608],[-70.3834,2.8468],[-70.4666,2.8111],[-70.4997,2.7845],[-70.5928,2.8419],[-70.6094,2.8452],[-70.6302,2.8458],[-70.6415,2.8333],[-70.6502,2.8323],[-70.6746,2.8626],[-70.6845,2.8694],[-70.6948,2.8694],[-70.6979,2.8633],[-70.6963,2.855],[-70.6901,2.8442],[-70.6863,2.8333],[-70.6864,2.8234],[-70.6931,2.8146],[-70.7348,2.7825],[-70.7406,2.7839],[-70.7431,2.7942],[-70.7442,2.8054],[-70.7482,2.8139],[-70.7558,2.8153],[-70.7668,2.8122],[-70.7806,2.8028],[-70.795,2.7956],[-70.8113,2.792],[-70.821,2.7965],[-70.833,2.8185],[-70.8486,2.8288],[-70.8634,2.8285],[-70.8896,2.8159],[-70.8912,2.8216],[-70.8894,2.8324],[-70.8908,2.8458],[-70.9041,2.8576],[-70.9125,2.8568],[-70.9187,2.8474],[-70.9182,2.8342],[-70.9236,2.8285],[-70.9325,2.8344],[-70.9445,2.8536],[-70.9617,2.866],[-70.9699,2.8654],[-70.9729,2.8538],[-70.9695,2.8379],[-70.969,2.8245],[-70.9735,2.816],[-70.9801,2.813],[-70.9858,2.8179],[-70.9867,2.8266],[-70.9841,2.838],[-70.9835,2.8472],[-70.9865,2.8547],[-71.0058,2.86],[-71.0226,2.8617],[-71.041,2.8732],[-71.0637,2.8686],[-71.0637,3.3619],[-71.0603,4.9194],[-71.0486,4.9301],[-71.0271,4.9592],[-70.9603,5.1177],[-70.9448,5.1352],[-70.9053,5.1459],[-70.8879,5.155],[-70.7119,5.3073],[-70.6957,5.3137],[-70.6873,5.3234],[-70.6832,5.3712],[-70.6787,5.3894],[-70.6621,5.4046],[-70.6189,5.4222],[-70.6001,5.4335],[-70.58,5.4493],[-70.5135,5.485],[-70.4488,5.5331],[-70.4285,5.5403],[-70.4056,5.5434],[-70.3429,5.5682],[-70.3059,5.5749],[-70.2266,5.579],[-70.1852,5.5874],[-70.1562,5.6004],[-70.1228,5.6209],[-70.0914,5.6453],[-70.0685,5.6693],[-70.0344,5.7215],[-70.0287,5.7361],[-69.9866,5.7792],[-69.9694,5.8083],[-69.8986,5.9708],[-69.8761,6.0043],[-69.8558,6.0263],[-69.846,6.0368],[-69.8171,6.0548],[-69.7849,6.0621],[-69.5719,6.0542],[-69.5324,6.0623],[-69.432,6.1222],[-69.4311,6.1222],[-69.4061,6.1293],[-69.3582,6.1516],[-69.3314,6.1564],[-69.3113,6.1462],[-69.2686,6.0975],[-69.2461,6.0807],[-69.1892,6.1126],[-69.13,6.1699],[-69.1084,6.1826],[-69.0802,6.2094],[-69.0611,6.2178],[-69.0369,6.2188],[-69.0162,6.214],[-68.9786,6.1973],[-68.9609,6.2024],[-68.9383,6.1971],[-68.9145,6.1887],[-68.8929,6.1843],[-68.8291,6.1878],[-68.8079,6.1843],[-68.7441,6.1649],[-68.7216,6.1625],[-68.7009,6.158],[-68.6593,6.1387],[-68.6353,6.1359],[-68.622,6.1419],[-68.5957,6.1649],[-68.5847,6.17],[-68.5225,6.1733],[-68.449,6.195],[-68.4274,6.1973],[-68.4067,6.1949],[-68.3411,6.1768],[-68.3042,6.177],[-68.1903,6.2178],[-68.1465,6.2238],[-68.019,6.2116],[-67.978,6.2178],[-67.9433,6.2297],[-67.9337,6.2315],[-67.9241,6.2346],[-67.9163,6.2422],[-67.9111,6.2523],[-67.9092,6.2625],[-67.9043,6.2751],[-67.8928,6.2783],[-67.8793,6.2779],[-67.8681,6.2799],[-67.8576,6.2885],[-67.8391,6.3075],[-67.8272,6.3134],[-67.8185,6.3137],[-67.8008,6.3086],[-67.731,6.3027],[-67.574,6.2662],[-67.5449,6.2481],[-67.5183,6.2225],[-67.4905,6.2016],[-67.451,6.198],[-67.45,6.1979],[-67.4563,6.1932]]]}}]}