{"type":"FeatureCollection","features":[{"type":"Feature","properties":{"id":"FIN-3177","name":"Central Finland","nameBn":"সেন্ট্রাল ফিনল্যান্ড","type":"Province","bounds":[24.0203,61.4511,26.7665,63.6009],"center":[25.3934,62.5246]},"geometry":{"type":"Polygon","coordinates":[[[26.1378,63.4563],[26.1482,63.4532],[26.17,63.4433],[26.1633,63.4298],[26.0995,63.3798],[26.0872,63.368],[26.0938,63.3512],[26.1099,63.3424],[26.1338,63.3161],[26.1657,63.2566],[26.1844,63.2281],[26.1831,63.2159],[26.1611,63.2116],[26.1548,63.2028],[26.1557,63.1819],[26.1609,63.1514],[26.2024,63.1247],[26.2343,63.0942],[26.272,63.0642],[26.3001,63.0507],[26.3136,63.0385],[26.2694,63.0414],[26.244,63.0375],[26.2339,63.0322],[26.2368,63.0151],[26.2476,63.0067],[26.2721,62.9917],[26.3012,62.9826],[26.3188,62.9814],[26.3243,62.9688],[26.311,62.9558],[26.2908,62.9455],[26.2802,62.9447],[26.2403,62.9511],[26.1842,62.954],[26.0639,62.9375],[26.0522,62.921],[26.068,62.9076],[26.1015,62.8915],[26.1672,62.872],[26.1875,62.8611],[26.1832,62.8587],[26.1617,62.8439],[26.1741,62.8319],[26.3605,62.7575],[26.3748,62.7544],[26.3947,62.7654],[26.4156,62.7803],[26.4403,62.7792],[26.4721,62.767],[26.5065,62.7487],[26.5208,62.7364],[26.5267,62.7223],[26.5371,62.7034],[26.5615,62.6892],[26.5832,62.6575],[26.597,62.6255],[26.592,62.6108],[26.5819,62.6009],[26.5849,62.6003],[26.5887,62.6001],[26.5922,62.5995],[26.595,62.594],[26.5825,62.5824],[26.4818,62.5246],[26.4881,62.5117],[26.5891,62.4706],[26.6181,62.4643],[26.6866,62.4611],[26.7118,62.4513],[26.7053,62.4316],[26.698,62.418],[26.6934,62.4114],[26.6873,62.4046],[26.6936,62.3934],[26.7665,62.3621],[26.7635,62.3543],[26.7153,62.3482],[26.6853,62.3403],[26.6731,62.333],[26.6661,62.3214],[26.6688,62.3203],[26.6762,62.3192],[26.6791,62.3184],[26.6763,62.3113],[26.6698,62.3065],[26.6555,62.3006],[26.6269,62.2958],[26.6226,62.2845],[26.627,62.2796],[26.633,62.2678],[26.6357,62.2539],[26.6358,62.246],[26.6466,62.2355],[26.6568,62.2305],[26.6476,62.2262],[26.6224,62.2273],[26.5959,62.2356],[26.5684,62.2499],[26.5574,62.2539],[26.5331,62.2567],[26.5203,62.2558],[26.4995,62.251],[26.4836,62.2398],[26.4881,62.2386],[26.4931,62.2379],[26.4961,62.2368],[26.4937,62.2307],[26.4879,62.2264],[26.4751,62.2191],[26.4608,62.214],[26.4531,62.2122],[26.4247,62.2237],[26.4,62.2234],[26.334,62.1973],[26.2448,62.1367],[26.2475,62.1007],[26.3903,61.9903],[26.3866,61.9652],[26.3608,61.9575],[26.3475,61.9395],[26.3458,61.9146],[26.3341,61.8838],[26.3401,61.8845],[26.3701,61.884],[26.379,61.8753],[26.379,61.8656],[26.373,61.8287],[26.378,61.8125],[26.3864,61.8045],[26.4744,61.7584],[26.4877,61.7477],[26.5211,61.7155],[26.5292,61.7017],[26.5291,61.6864],[26.515,61.6385],[26.4966,61.631],[26.3947,61.6562],[26.3728,61.6519],[26.3607,61.6364],[26.3578,61.6291],[26.3583,61.6241],[26.3546,61.6175],[26.3305,61.6094],[26.3195,61.6076],[26.3117,61.6167],[26.307,61.6241],[26.3079,61.6324],[26.3121,61.6385],[26.304,61.6499],[26.2894,61.6521],[26.2526,61.6497],[26.1642,61.6313],[26.1555,61.6266],[26.1461,61.6263],[26.1191,61.6429],[26.0778,61.6515],[26.0674,61.6566],[26.0576,61.6656],[26.0573,61.6682],[26.062,61.6701],[26.0674,61.6771],[26.0717,61.6868],[26.0799,61.7002],[26.0816,61.705],[26.0779,61.7097],[26.0702,61.7135],[26.0654,61.7192],[26.0524,61.7275],[26.0303,61.7182],[26.0093,61.7207],[25.9996,61.7273],[25.9866,61.7487],[25.9784,61.7581],[25.9644,61.7666],[25.9249,61.7837],[25.9159,61.7788],[25.9121,61.7704],[25.9011,61.761],[25.8851,61.7588],[25.8749,61.7602],[25.8706,61.7692],[25.8756,61.7762],[25.8779,61.7871],[25.8709,61.795],[25.862,61.798],[25.8512,61.7862],[25.8451,61.7738],[25.8164,61.735],[25.7795,61.7014],[25.764,61.693],[25.7484,61.6933],[25.7573,61.7024],[25.7393,61.7045],[25.6909,61.7059],[25.6643,61.7037],[25.6335,61.6959],[25.5976,61.6791],[25.5822,61.6754],[25.5309,61.6815],[25.5162,61.678],[25.5025,61.6537],[25.477,61.5644],[25.461,61.527],[25.4438,61.5035],[25.4265,61.4904],[25.4033,61.4841],[24.9669,61.4511],[24.9582,61.4559],[24.9422,61.4868],[24.9362,61.5173],[24.9211,61.5392],[24.8998,61.5448],[24.8967,61.5499],[24.9121,61.5618],[24.9066,61.5802],[24.8753,61.5834],[24.8516,61.5724],[24.829,61.5679],[24.8218,61.5791],[24.8029,61.5974],[24.7899,61.615],[24.7976,61.6373],[24.8297,61.6531],[24.8706,61.6488],[24.9363,61.6331],[24.9579,61.6378],[24.9579,61.644],[24.9589,61.6479],[24.9632,61.6514],[24.968,61.6568],[24.9659,61.6671],[24.9423,61.6827],[24.9277,61.6958],[24.9227,61.7094],[24.931,61.7272],[24.9453,61.735],[24.9606,61.7329],[24.9674,61.728],[24.985,61.7244],[24.9957,61.7316],[24.994,61.7468],[24.9706,61.7718],[24.9657,61.7809],[24.9714,61.7829],[24.9807,61.7872],[24.9593,61.7916],[24.9378,61.8014],[24.9303,61.8295],[24.94,61.8692],[24.9467,61.9177],[24.9372,61.9512],[24.8958,62.0211],[24.8878,62.0388],[24.8688,62.0557],[24.7735,62.0344],[24.7429,62.0339],[24.6852,62.0495],[24.6686,62.0585],[24.6673,62.0659],[24.6661,62.0816],[24.6675,62.0991],[24.6691,62.109],[24.6518,62.121],[24.6329,62.1266],[24.6086,62.143],[24.589,62.1628],[24.5649,62.1809],[24.5303,62.1929],[24.4996,62.1926],[24.4485,62.1803],[24.4313,62.1741],[24.4436,62.1595],[24.4157,62.1547],[24.3764,62.1588],[24.364,62.166],[24.3326,62.175],[24.293,62.2068],[24.2812,62.2287],[24.2458,62.2548],[24.1641,62.2634],[24.1193,62.2726],[24.0775,62.2858],[24.0539,62.2959],[24.0353,62.3094],[24.0235,62.3307],[24.0203,62.364],[24.0496,62.3907],[24.132,62.4409],[24.1692,62.4587],[24.1981,62.4688],[24.2208,62.4706],[24.3037,62.4567],[24.3263,62.4587],[24.3347,62.4689],[24.3288,62.4806],[24.3278,62.4913],[24.3723,62.5],[24.3866,62.4963],[24.3954,62.4956],[24.4089,62.4933],[24.4186,62.486],[24.4221,62.4801],[24.4343,62.4786],[24.4547,62.4882],[24.4769,62.4955],[24.4888,62.4976],[24.5023,62.4984],[24.5136,62.5039],[24.5111,62.5101],[24.5105,62.5145],[24.5228,62.5203],[24.5261,62.5341],[24.5267,62.5443],[24.5297,62.5478],[24.5294,62.5509],[24.5272,62.5556],[24.5274,62.5609],[24.5298,62.561],[24.5399,62.5596],[24.5423,62.5595],[24.5427,62.563],[24.5391,62.5637],[24.5368,62.5675],[24.537,62.5742],[24.5373,62.5761],[24.5421,62.5782],[24.5637,62.5809],[24.5651,62.5848],[24.5633,62.5884],[24.559,62.5992],[24.5573,62.6027],[24.555,62.6061],[24.5556,62.6094],[24.5779,62.6084],[24.5817,62.6116],[24.5825,62.6172],[24.5744,62.6198],[24.5461,62.6178],[24.515,62.6186],[24.5117,62.6282],[24.5203,62.6354],[24.5711,62.6606],[24.558,62.6757],[24.5365,62.6873],[24.5045,62.7125],[24.4272,62.7958],[24.3652,62.8435],[24.3655,62.8618],[24.3799,62.8644],[24.4411,62.868],[24.4509,62.8831],[24.4436,62.8958],[24.4199,62.9111],[24.3855,62.9173],[24.3642,62.9179],[24.3466,62.9342],[24.3474,62.9516],[24.3393,62.9654],[24.3254,62.971],[24.3126,62.9811],[24.3047,62.9949],[24.301,63.0057],[24.3,63.0178],[24.3003,63.0266],[24.2967,63.035],[24.2928,63.0342],[24.2866,63.0323],[24.2783,63.0347],[24.2661,63.0603],[24.3013,63.0651],[24.3265,63.0768],[24.3454,63.0959],[24.3628,63.1192],[24.5282,63.1591],[24.5854,63.1571],[24.7364,63.1371],[24.7392,63.1425],[24.7375,63.1625],[24.7433,63.1807],[24.7569,63.2083],[24.7641,63.2316],[24.761,63.2445],[24.7593,63.2629],[24.7678,63.267],[24.793,63.2745],[24.7999,63.2758],[24.7846,63.3117],[24.7834,63.3522],[24.8112,63.3808],[24.8957,63.4181],[25.0287,63.458],[25.0807,63.471],[25.1052,63.5005],[25.1218,63.538],[25.1505,63.5754],[25.1905,63.5967],[25.2316,63.6009],[25.3105,63.5923],[25.3584,63.5821],[25.4451,63.5417],[25.4914,63.5315],[25.7363,63.5177],[25.7867,63.5034],[25.8673,63.4573],[25.9121,63.4385],[25.9711,63.4303],[26.029,63.4346],[26.1378,63.4563]]]}},{"type":"Feature","properties":{"id":"FIN-3181","name":"Central Ostrobothnia","nameBn":"সেন্ট্রাল অস্ট্রোবোথনিয়া","type":"Province","bounds":[22.9907,63.1192,25.0287,64.1681],"center":[24.0097,63.6751]},"geometry":{"type":"Polygon","coordinates":[[[22.9907,63.7876],[22.9946,63.8007],[22.9945,63.8062],[22.9907,63.8154],[23.0476,63.8413],[23.0628,63.853],[23.075,63.8574],[23.1213,63.8496],[23.1326,63.8525],[23.1423,63.8585],[23.1535,63.8635],[23.1512,63.8649],[23.1416,63.8695],[23.1419,63.876],[23.155,63.8837],[23.1673,63.8869],[23.1979,63.8906],[23.2752,63.8889],[23.3065,63.8942],[23.3264,63.911],[23.3508,63.8988],[23.3728,63.9006],[23.3942,63.9111],[23.4158,63.9246],[23.3848,63.9383],[23.3709,63.9465],[23.3709,63.956],[23.3788,63.9689],[23.3767,63.9787],[23.3709,63.9875],[23.3674,63.9973],[23.3699,64.0032],[23.3816,64.0482],[23.3965,64.0561],[23.4152,64.0562],[23.45,64.0482],[23.4566,64.0455],[23.4675,64.0379],[23.4773,64.0351],[23.4876,64.036],[23.4968,64.0395],[23.5066,64.0417],[23.5383,64.0319],[23.6045,64.0277],[23.6198,64.038],[23.606,64.0611],[23.5817,64.0847],[23.5661,64.0966],[23.5736,64.1072],[23.5855,64.1085],[23.6144,64.1034],[23.6221,64.1071],[23.6448,64.1244],[23.656,64.1301],[23.6603,64.1433],[23.6795,64.1553],[23.7043,64.1667],[23.7065,64.1681],[23.8822,64.1107],[24.0364,64.0778],[24.094,64.0477],[24.1018,64.0236],[24.1272,63.9777],[24.1452,63.959],[24.1937,63.9355],[24.2239,63.9254],[24.227,63.9174],[24.2407,63.8927],[24.2431,63.8838],[24.2717,63.8681],[24.3566,63.8502],[24.4083,63.8341],[24.4485,63.8101],[24.5644,63.7021],[24.6304,63.659],[24.7686,63.6046],[25.0007,63.484],[25.0287,63.458],[24.8957,63.4181],[24.8112,63.3808],[24.7834,63.3522],[24.7846,63.3117],[24.7999,63.2758],[24.793,63.2745],[24.7678,63.267],[24.7593,63.2629],[24.761,63.2445],[24.7641,63.2316],[24.7569,63.2083],[24.7433,63.1807],[24.7375,63.1625],[24.7392,63.1425],[24.7364,63.1371],[24.5854,63.1571],[24.5282,63.1591],[24.3628,63.1192],[24.2194,63.1521],[24.1783,63.1516],[24.1898,63.1601],[24.2033,63.1667],[24.2249,63.1745],[24.2018,63.1915],[24.1115,63.2381],[24.0432,63.2631],[23.8705,63.2816],[23.8336,63.2895],[23.7994,63.3016],[23.7695,63.317],[23.743,63.3356],[23.7196,63.357],[23.6994,63.3806],[23.7035,63.3821],[23.7074,63.3816],[23.7101,63.3828],[23.7107,63.386],[23.6869,63.407],[23.6753,63.4242],[23.6526,63.5124],[23.6399,63.5321],[23.6177,63.5436],[23.599,63.5476],[23.578,63.5567],[23.5682,63.5851],[23.5668,63.5924],[23.5451,63.5992],[23.4919,63.5994],[23.4615,63.6035],[23.4436,63.6075],[23.461,63.6121],[23.4647,63.6144],[23.4636,63.6177],[23.4627,63.6215],[23.4615,63.6248],[23.46,63.6272],[23.4627,63.6301],[23.467,63.6311],[23.4809,63.636],[23.4852,63.6371],[23.4869,63.6402],[23.4846,63.643],[23.477,63.6554],[23.4749,63.6582],[23.4757,63.6623],[23.4834,63.6651],[23.4954,63.6679],[23.4996,63.6685],[23.5074,63.6531],[23.5176,63.6405],[23.5457,63.6352],[23.6131,63.6528],[23.7187,63.6633],[23.734,63.6682],[23.7154,63.6887],[23.5908,63.7409],[23.5031,63.767],[23.4759,63.7683],[23.4495,63.7434],[23.4285,63.7453],[23.3972,63.7528],[23.362,63.7577],[23.3215,63.7533],[23.2931,63.7417],[23.2701,63.7287],[23.2458,63.7198],[23.1979,63.7238],[23.0361,63.787],[23.022,63.7829],[23.0102,63.7814],[22.9997,63.783],[22.9907,63.7876]]]}},{"type":"Feature","properties":{"id":"FIN-3191","name":"Finland Proper","nameBn":"ফিনল্যান্ড প্রপার","type":"Region","bounds":[21.1863,59.8495,23.9139,61.0911],"center":[22.7128,60.6134]},"geometry":{"type":"MultiPolygon","coordinates":[[[[23.0213,60.1068],[23.0459,60.1216],[23.0254,60.1353],[23.0199,60.1288],[23.0088,60.112],[23.0049,60.1074],[22.9968,60.1037],[22.9779,60.0988],[22.9695,60.0944],[22.9683,60.1108],[22.9587,60.1216],[22.9426,60.1274],[22.9079,60.1318],[22.887,60.1449],[22.8747,60.1496],[22.8848,60.1599],[22.8856,60.1693],[22.8792,60.1775],[22.8672,60.1837],[22.9216,60.2311],[22.9429,60.2452],[23.0076,60.277],[23.0254,60.293],[23.0313,60.3026],[23.0381,60.3192],[23.0459,60.3271],[23.0725,60.3387],[23.0829,60.3459],[23.0806,60.355],[23.0603,60.3573],[23.0342,60.3439],[23.0106,60.324],[22.9981,60.3066],[22.9412,60.3165],[22.8771,60.3011],[22.7362,60.2382],[22.6112,60.22],[22.5534,60.205],[22.5251,60.2043],[22.5398,60.2136],[22.5934,60.2322],[22.5735,60.2349],[22.572,60.2427],[22.5903,60.2623],[22.6011,60.2682],[22.6481,60.2787],[22.5984,60.2758],[22.5746,60.2708],[22.5274,60.2521],[22.5036,60.2471],[22.4495,60.2452],[22.4578,60.2524],[22.4592,60.2587],[22.4592,60.265],[22.4631,60.2725],[22.4694,60.2769],[22.4875,60.285],[22.5088,60.3011],[22.5403,60.319],[22.5457,60.3339],[22.5964,60.3637],[22.6276,60.3754],[22.6314,60.3896],[22.6243,60.3991],[22.5808,60.3759],[22.5435,60.3725],[22.4631,60.3756],[22.4836,60.4022],[22.3262,60.3824],[22.2915,60.3826],[22.2801,60.3865],[22.2495,60.4046],[22.1815,60.4305],[22.1611,60.4346],[22.1167,60.437],[22.111,60.4441],[22.1082,60.4569],[22.1011,60.4621],[22.0827,60.4472],[22.0645,60.4363],[22.047,60.4388],[22.0181,60.4575],[22.0174,60.4599],[22.0186,60.4687],[22.0181,60.4711],[22.0134,60.4717],[22.0017,60.4701],[21.9976,60.4711],[21.989,60.4752],[21.9819,60.4768],[21.9792,60.4808],[21.9839,60.4923],[21.9354,60.4923],[21.9397,60.4992],[21.9456,60.512],[21.9504,60.5189],[21.9317,60.525],[21.9032,60.5289],[21.874,60.5295],[21.8535,60.5258],[21.8439,60.5155],[21.8485,60.5037],[21.874,60.478],[21.8286,60.4854],[21.806,60.486],[21.7853,60.478],[21.7896,60.4951],[21.803,60.5251],[21.8057,60.5468],[21.8053,60.562],[21.8079,60.5756],[21.8196,60.585],[21.846,60.5878],[21.8333,60.5965],[21.8285,60.6064],[21.8309,60.6171],[21.8405,60.6287],[21.7739,60.6039],[21.7542,60.591],[21.7318,60.5817],[21.679,60.5765],[21.6618,60.5673],[21.6602,60.5591],[21.669,60.5452],[21.6648,60.5363],[21.6587,60.5303],[21.6556,60.5259],[21.6545,60.5198],[21.6543,60.509],[21.6414,60.4958],[21.6121,60.4888],[21.5798,60.4879],[21.5581,60.4923],[21.5838,60.505],[21.5697,60.5264],[21.5178,60.5673],[21.5335,60.5681],[21.5786,60.5599],[21.5786,60.5673],[21.555,60.5722],[21.4861,60.5742],[21.4546,60.5677],[21.4426,60.5673],[21.4343,60.5699],[21.4185,60.5784],[21.4085,60.5804],[21.4085,60.5878],[21.4151,60.5884],[21.4194,60.5899],[21.4284,60.5941],[21.4148,60.6083],[21.4452,60.6022],[21.4627,60.6018],[21.47,60.6083],[21.4216,60.6287],[21.3999,60.6341],[21.3796,60.647],[21.363,60.6628],[21.3533,60.6766],[21.354,60.6817],[21.3558,60.6829],[21.3562,60.6844],[21.3533,60.6902],[21.426,60.6796],[21.439,60.6803],[21.4456,60.6929],[21.4409,60.703],[21.4312,60.713],[21.4221,60.725],[21.47,60.725],[21.47,60.7311],[21.4485,60.7322],[21.4271,60.7365],[21.4065,60.7435],[21.3874,60.7523],[21.4033,60.7582],[21.4116,60.7597],[21.4221,60.7591],[21.4002,60.7746],[21.3877,60.7792],[21.3743,60.7796],[21.3809,60.7934],[21.3743,60.8076],[21.3608,60.8162],[21.3464,60.8131],[21.339,60.8171],[21.3333,60.8218],[21.3289,60.8275],[21.3259,60.8349],[21.3364,60.8447],[21.3185,60.8647],[21.3325,60.8684],[21.3823,60.8632],[21.4079,60.8646],[21.4284,60.8758],[21.4173,60.8803],[21.4059,60.882],[21.3809,60.882],[21.3737,60.8846],[21.3533,60.9025],[21.3638,60.9049],[21.3817,60.9146],[21.3908,60.9168],[21.3997,60.914],[21.4074,60.9083],[21.4162,60.9032],[21.4284,60.9025],[21.4222,60.9129],[21.4178,60.9243],[21.4128,60.9335],[21.4045,60.9372],[21.3926,60.939],[21.3879,60.9437],[21.3855,60.9503],[21.3805,60.9577],[21.3357,61.0046],[21.3185,61.0124],[21.3329,61.0239],[21.339,61.0266],[21.3115,61.0375],[21.3021,61.046],[21.2987,61.0601],[21.3203,61.0602],[21.3643,61.0447],[21.3874,61.0403],[21.4089,61.0433],[21.4081,61.0482],[21.4195,61.047],[21.4506,61.0146],[21.4934,61.0037],[21.5742,61.0078],[21.6005,61.0163],[21.5988,61.0228],[21.6003,61.0344],[21.6082,61.0427],[21.6237,61.0458],[21.6357,61.0407],[21.6413,61.0293],[21.6446,61.0171],[21.6497,61.0095],[21.6747,61.0018],[21.7064,60.9988],[21.7399,61.0018],[21.7555,61.006],[21.7664,61.0198],[21.7665,61.028],[21.779,61.0353],[21.8015,61.0367],[21.8143,61.0358],[21.8244,61.0325],[21.822,61.0304],[21.81,61.0183],[21.8448,61.0097],[21.9059,60.9846],[21.9295,60.9801],[21.9519,60.9732],[21.9504,60.9677],[21.9494,60.9605],[21.9476,60.9545],[21.9454,60.9507],[21.9514,60.9425],[21.9779,60.928],[21.9887,60.9162],[21.9892,60.9086],[22.0056,60.8987],[22.1511,60.8857],[22.1735,60.8891],[22.2147,60.9148],[22.2462,60.9246],[22.5619,60.9436],[22.5731,60.948],[22.5656,60.9512],[22.5346,60.97],[22.5483,60.9818],[22.5702,60.986],[22.723,60.9833],[22.7574,60.987],[22.8011,60.9966],[22.8277,61.0125],[22.8197,61.0403],[22.8277,61.0463],[22.8376,61.0598],[22.8352,61.0724],[22.8256,61.0779],[22.826,61.09],[22.8407,61.0911],[22.9219,61.0547],[22.9698,61.0455],[22.9954,61.032],[23.0074,61.0293],[23.0333,61.0292],[23.0801,61.0341],[23.1224,61.0316],[23.1487,61.0208],[23.17,61.0081],[23.1974,60.9999],[23.2401,60.9724],[23.2649,60.9616],[23.2797,60.9582],[23.2958,60.9467],[23.2949,60.9363],[23.2884,60.9222],[23.2749,60.9157],[23.2642,60.9157],[23.2564,60.9146],[23.2585,60.9112],[23.2651,60.8967],[23.2671,60.8933],[23.251,60.8914],[23.1922,60.8954],[23.1577,60.8902],[23.1383,60.8709],[23.142,60.8462],[23.1657,60.8343],[23.2121,60.8293],[23.2157,60.8195],[23.2031,60.8138],[23.1845,60.8025],[23.1691,60.7878],[23.1624,60.7799],[23.1765,60.7637],[23.232,60.7398],[23.2673,60.7282],[23.3078,60.723],[23.3563,60.7269],[23.4509,60.745],[23.477,60.7465],[23.5125,60.7266],[23.528,60.7128],[23.5713,60.6978],[23.6529,60.6896],[23.7046,60.6611],[23.7661,60.6524],[23.8967,60.6488],[23.881,60.633],[23.8805,60.6204],[23.8939,60.6117],[23.9064,60.6088],[23.9139,60.5975],[23.9078,60.5878],[23.893,60.5709],[23.8737,60.5594],[23.8614,60.5563],[23.8555,60.5423],[23.862,60.5289],[23.865,60.5121],[23.8513,60.5016],[23.7442,60.4863],[23.7191,60.476],[23.6997,60.4519],[23.7793,60.4497],[23.7932,60.4341],[23.7936,60.4185],[23.7861,60.3926],[23.7649,60.3753],[23.7462,60.3707],[23.7329,60.3441],[23.7246,60.3192],[23.6839,60.2964],[23.6411,60.283],[23.6302,60.2739],[23.6256,60.2619],[23.6182,60.2628],[23.6073,60.2623],[23.5924,60.2585],[23.5996,60.2537],[23.6119,60.2496],[23.632,60.239],[23.646,60.2235],[23.6508,60.2128],[23.6417,60.198],[23.6297,60.1967],[23.5741,60.2036],[23.563,60.2038],[23.5413,60.1995],[23.4875,60.1743],[23.4387,60.1636],[23.393,60.16],[23.3516,60.1625],[23.3333,60.1655],[23.3166,60.1724],[23.3202,60.1791],[23.3242,60.1852],[23.3105,60.1864],[23.2958,60.1815],[23.1931,60.1233],[23.1142,60.0947],[23.0686,60.0894],[23.0286,60.1015],[23.0213,60.1068]]],[[[22.4084,60.0528],[22.4019,60.0758],[22.4118,60.0852],[22.4304,60.0819],[22.4495,60.0665],[22.4497,60.0295],[22.448,60.0124],[22.4426,59.9975],[22.4358,59.9975],[22.4256,60.0069],[22.4095,60.0093],[22.3945,60.005],[22.388,59.9945],[22.3828,59.9926],[22.3714,60.0045],[22.3597,60.0209],[22.3532,60.0323],[22.3495,60.0475],[22.3489,60.0632],[22.3548,60.0756],[22.3706,60.0808],[22.3827,60.0745],[22.3835,60.0618],[22.3872,60.0517],[22.4084,60.0528]]],[[[21.4966,60.1353],[21.5298,60.1594],[21.5711,60.1704],[21.6145,60.1689],[21.6543,60.1558],[21.6475,60.1451],[21.6374,60.1388],[21.6133,60.1291],[21.6302,60.1285],[21.637,60.1237],[21.6351,60.1162],[21.6263,60.1074],[21.6131,60.1021],[21.5991,60.1027],[21.572,60.1074],[21.5618,60.1066],[21.5344,60.1014],[21.5243,60.0978],[21.5144,60.0974],[21.5039,60.103],[21.4932,60.1102],[21.4823,60.1148],[21.4992,60.1211],[21.5186,60.1229],[21.5581,60.1216],[21.549,60.1335],[21.5331,60.137],[21.4966,60.1353]]],[[[21.7437,60.1906],[21.7996,60.1966],[21.8535,60.1968],[21.8877,60.1837],[21.8877,60.1763],[21.8765,60.1769],[21.8657,60.1764],[21.8556,60.1741],[21.846,60.1701],[21.8523,60.1672],[21.8678,60.1558],[21.7915,60.1558],[21.8262,60.1496],[21.8171,60.1455],[21.8071,60.1425],[21.7966,60.1414],[21.801,60.1397],[21.8057,60.1353],[21.7832,60.1232],[21.7521,60.1152],[21.7202,60.1137],[21.6958,60.1216],[21.7044,60.1269],[21.7069,60.1296],[21.7026,60.1422],[21.7173,60.1484],[21.7225,60.1496],[21.7225,60.1558],[21.7051,60.1607],[21.7082,60.1718],[21.7235,60.1836],[21.7437,60.1906]]],[[[21.3533,60.2111],[21.3689,60.1966],[21.3944,60.1909],[21.4489,60.1906],[21.4489,60.1837],[21.4094,60.1845],[21.3942,60.1787],[21.3874,60.1627],[21.3805,60.1627],[21.3722,60.1704],[21.3571,60.1745],[21.3257,60.1763],[21.3106,60.1794],[21.3008,60.1857],[21.2897,60.1909],[21.2707,60.1906],[21.2852,60.2038],[21.3064,60.2097],[21.3533,60.2111]]],[[[22.0589,60.2111],[22.072,60.1968],[22.0112,60.1701],[22.0174,60.1673],[22.0315,60.1585],[22.0379,60.1558],[22.0093,60.1373],[21.9777,60.1355],[21.9507,60.1491],[21.9354,60.1763],[21.9502,60.1814],[21.9976,60.1906],[22.0265,60.2058],[22.0418,60.2114],[22.0589,60.2111]]],[[[22.2092,60.2043],[22.2224,60.2239],[22.2459,60.2431],[22.2717,60.253],[22.2918,60.2452],[22.2969,60.2213],[22.2693,60.1959],[22.2323,60.185],[22.2092,60.2043]]],[[[22.8435,60.2418],[22.8657,60.2653],[22.891,60.2855],[22.9207,60.2967],[22.9564,60.293],[22.9495,60.2705],[22.9304,60.2572],[22.9064,60.2475],[22.8845,60.2353],[22.8775,60.2257],[22.8731,60.2155],[22.8669,60.2075],[22.8399,60.2011],[22.8335,60.1931],[22.834,60.1821],[22.8403,60.1701],[22.8335,60.1693],[22.8289,60.1671],[22.8246,60.1646],[22.8193,60.1627],[22.825,60.1614],[22.8403,60.1558],[22.8357,60.1459],[22.833,60.1422],[22.8469,60.111],[22.8132,60.0821],[22.7305,60.0466],[22.7305,60.0397],[22.7398,60.0401],[22.7458,60.0385],[22.758,60.0323],[22.7482,60.0262],[22.7351,60.0086],[22.7298,60.005],[22.7054,60.0069],[22.6948,60.0051],[22.6821,59.9975],[22.6692,60.0163],[22.655,60.0323],[22.6463,60.0219],[22.6139,60.0017],[22.6084,60.0001],[22.6053,59.9959],[22.6065,59.9845],[22.6003,59.9845],[22.6019,59.9985],[22.599,60.008],[22.5915,60.0109],[22.5791,60.005],[22.5749,60.017],[22.5808,60.0246],[22.5896,60.0328],[22.5934,60.0466],[22.5816,60.0386],[22.5462,60.0208],[22.53,60.0082],[22.4863,60.0019],[22.4699,59.9975],[22.4696,60.0237],[22.4717,60.0356],[22.4773,60.0466],[22.4714,60.059],[22.4734,60.0712],[22.4763,60.0822],[22.4736,60.091],[22.4618,60.0976],[22.4348,60.1051],[22.4221,60.1148],[22.443,60.1187],[22.4805,60.1323],[22.5008,60.1353],[22.6003,60.1353],[22.6003,60.1422],[22.4152,60.1496],[22.4261,60.1713],[22.4339,60.1994],[22.4481,60.2214],[22.4773,60.2247],[22.4559,60.2],[22.451,60.1885],[22.4665,60.1837],[22.5666,60.1933],[22.6021,60.2064],[22.6206,60.2111],[22.815,60.227],[22.8435,60.2418]]],[[[22.1068,60.3135],[22.132,60.3157],[22.2498,60.3115],[22.3213,60.2971],[22.3396,60.2862],[22.3372,60.2745],[22.3318,60.2694],[22.3128,60.2657],[22.3052,60.2668],[22.2977,60.2707],[22.2898,60.2731],[22.2815,60.2691],[22.2776,60.2663],[22.2654,60.2601],[22.261,60.2589],[22.2155,60.2531],[22.2009,60.2543],[22.2166,60.2657],[22.2039,60.2763],[22.1812,60.2813],[22.157,60.2817],[22.1409,60.2787],[22.1819,60.2787],[22.1633,60.2592],[22.1369,60.2624],[22.1096,60.2713],[22.0894,60.2691],[22.0801,60.2695],[22.0767,60.2835],[22.0838,60.3015],[22.1068,60.3135]]],[[[22.388,60.321],[22.3699,60.3145],[22.3506,60.3137],[22.3128,60.321],[22.3294,60.3373],[22.3503,60.3478],[22.3737,60.3534],[22.3982,60.355],[22.4019,60.3531],[22.4017,60.3486],[22.4006,60.344],[22.4016,60.3414],[22.429,60.3339],[22.4439,60.3332],[22.4575,60.3341],[22.469,60.3315],[22.4773,60.321],[22.4544,60.3089],[22.4253,60.2991],[22.3948,60.2932],[22.3674,60.293],[22.3745,60.2992],[22.3799,60.3061],[22.388,60.321]]],[[[21.9976,60.3339],[21.9797,60.3286],[21.9606,60.3275],[21.9411,60.3296],[21.9217,60.3339],[21.9187,60.3327],[21.9138,60.3294],[21.9079,60.3267],[21.9014,60.3271],[21.9007,60.3295],[21.9017,60.339],[21.9014,60.3414],[21.8792,60.3509],[21.8684,60.3539],[21.8374,60.3576],[21.8145,60.3642],[21.7941,60.374],[21.7853,60.3854],[21.7922,60.397],[21.8088,60.4052],[21.8289,60.4096],[21.846,60.4097],[21.846,60.4165],[21.7983,60.4438],[21.8019,60.4568],[21.8081,60.4667],[21.8179,60.472],[21.8324,60.4711],[21.8484,60.4638],[21.8923,60.4492],[21.9014,60.4404],[21.9046,60.4316],[21.9129,60.4265],[21.923,60.424],[21.932,60.4233],[21.9504,60.4022],[21.9504,60.396],[21.9211,60.4012],[21.907,60.4018],[21.8945,60.396],[21.908,60.3904],[21.9368,60.3826],[21.9504,60.3756],[21.9422,60.3681],[21.9749,60.3695],[21.9886,60.3659],[21.9976,60.355],[21.9733,60.3478],[21.9634,60.3476],[21.9795,60.3426],[21.988,60.3413],[21.9976,60.3414],[21.9976,60.3339]]],[[[21.7259,60.4817],[21.7151,60.4709],[21.7007,60.4597],[21.688,60.4553],[21.6817,60.4649],[21.6909,60.4841],[21.7142,60.5086],[21.7419,60.5264],[21.7642,60.5258],[21.7605,60.512],[21.7508,60.5017],[21.7259,60.4817]]],[[[21.3191,60.4817],[21.3001,60.4877],[21.266,60.4901],[21.2503,60.4984],[21.2606,60.5197],[21.2529,60.5314],[21.2385,60.5419],[21.2292,60.5599],[21.2503,60.5599],[21.2785,60.5423],[21.3049,60.5189],[21.3076,60.5096],[21.3249,60.4821],[21.3191,60.4817]]],[[[21.3942,60.5599],[21.411,60.5429],[21.4619,60.5394],[21.4823,60.5258],[21.4778,60.5252],[21.4748,60.5241],[21.4707,60.5237],[21.4631,60.5258],[21.4585,60.5161],[21.4563,60.5068],[21.4575,60.4985],[21.4631,60.4923],[21.4465,60.4934],[21.4336,60.4891],[21.4307,60.4811],[21.4426,60.4711],[21.4177,60.4777],[21.3923,60.49],[21.3713,60.5084],[21.3601,60.5332],[21.3469,60.5229],[21.3361,60.5194],[21.3286,60.5253],[21.3259,60.5432],[21.3338,60.5574],[21.3526,60.5618],[21.3942,60.5599]]],[[[21.2987,60.5673],[21.281,60.5664],[21.2733,60.5728],[21.2698,60.5817],[21.2644,60.5878],[21.2444,60.5908],[21.2332,60.5939],[21.2229,60.6015],[21.2139,60.6164],[21.2191,60.6226],[21.2434,60.6287],[21.2492,60.6357],[21.2533,60.6435],[21.2593,60.6475],[21.2707,60.6431],[21.2715,60.6345],[21.2749,60.6268],[21.2813,60.6203],[21.2912,60.6151],[21.2834,60.6009],[21.2783,60.5861],[21.2815,60.5756],[21.2987,60.5742],[21.2987,60.5673]]],[[[21.2644,60.882],[21.2317,60.882],[21.2166,60.8841],[21.2024,60.8895],[21.2278,60.8997],[21.2766,60.8891],[21.2987,60.8957],[21.2953,60.8996],[21.2938,60.903],[21.2928,60.9062],[21.2912,60.91],[21.2974,60.9123],[21.3064,60.9193],[21.3123,60.923],[21.2832,60.9428],[21.2648,60.9496],[21.2434,60.9509],[21.27,60.968],[21.285,60.972],[21.3049,60.9714],[21.322,60.9562],[21.3371,60.9467],[21.3743,60.9304],[21.3547,60.9199],[21.3386,60.9167],[21.3279,60.9101],[21.3259,60.8895],[21.3181,60.8802],[21.2974,60.8791],[21.2752,60.8833],[21.2644,60.882]]],[[[22.8874,60.0678],[22.9177,60.0687],[22.9266,60.0654],[22.9196,60.0583],[22.9168,60.0492],[22.911,60.0416],[22.9066,60.0384],[22.9007,60.0375],[22.8934,60.0331],[22.884,60.0194],[22.8801,60.0111],[22.8722,60.006],[22.8595,60.0114],[22.8511,60.0279],[22.8557,60.0413],[22.8833,60.0431],[22.8838,60.0481],[22.8752,60.0515],[22.862,60.0519],[22.8552,60.0556],[22.8633,60.0626],[22.8874,60.0678]]],[[[22.9575,60.1108],[22.9617,60.1044],[22.9631,60.0969],[22.9573,60.0889],[22.9468,60.0847],[22.9369,60.0839],[22.932,60.0859],[22.9333,60.0897],[22.9279,60.0899],[22.9151,60.0847],[22.8989,60.081],[22.8704,60.0815],[22.8616,60.081],[22.8455,60.0822],[22.8451,60.0858],[22.8566,60.0916],[22.864,60.1008],[22.8733,60.1098],[22.8797,60.1137],[22.8916,60.1191],[22.917,60.1251],[22.9377,60.1243],[22.95,60.1186],[22.9575,60.1108]]],[[[21.9915,60.13],[21.9998,60.1285],[22.0124,60.1227],[22.0073,60.1155],[21.9876,60.112],[21.9714,60.1114],[21.9439,60.1135],[21.9393,60.1163],[21.9299,60.1246],[21.9357,60.1313],[21.9505,60.1357],[21.9621,60.1379],[21.9772,60.1308],[21.9915,60.13]]],[[[22.3132,60.192],[22.375,60.204],[22.3856,60.1953],[22.3679,60.1774],[22.3442,60.1688],[22.32,60.164],[22.3191,60.1601],[22.3333,60.154],[22.3369,60.1485],[22.3237,60.1469],[22.2987,60.1469],[22.2883,60.1498],[22.2922,60.152],[22.2922,60.1563],[22.2908,60.1646],[22.2937,60.1704],[22.2982,60.1726],[22.2991,60.1759],[22.2993,60.1822],[22.3045,60.1888],[22.3132,60.192]]],[[[21.9832,60.285],[21.9768,60.2846],[21.9729,60.2853],[21.979,60.2893],[21.9963,60.2961],[22.0083,60.2973],[22.006,60.2921],[21.9958,60.2873],[21.9832,60.285]]],[[[21.9569,60.2814],[21.9446,60.2771],[21.926,60.2773],[21.9097,60.2801],[21.896,60.2897],[21.8849,60.2895],[21.8753,60.3049],[21.8797,60.3105],[21.8952,60.3106],[21.9085,60.3094],[21.9255,60.3126],[21.9598,60.3122],[21.9738,60.3093],[21.9754,60.3026],[21.9569,60.2814]]],[[[22.2997,60.3676],[22.2896,60.358],[22.2022,60.3432],[22.1911,60.3417],[22.1702,60.3442],[22.1572,60.3519],[22.1571,60.3583],[22.1642,60.3616],[22.2557,60.3742],[22.2849,60.375],[22.2997,60.3676]]],[[[22.2062,60.3826],[22.2075,60.3756],[22.1125,60.3529],[22.1043,60.3542],[22.1221,60.3716],[22.1379,60.3791],[22.1468,60.3804],[22.2062,60.3826]]],[[[21.3381,60.3834],[21.3523,60.3704],[21.3571,60.3581],[21.3553,60.3518],[21.3528,60.3516],[21.3457,60.3538],[21.3384,60.3531],[21.3337,60.356],[21.334,60.363],[21.3311,60.3652],[21.3237,60.3667],[21.3039,60.3642],[21.2944,60.3705],[21.2962,60.3776],[21.303,60.3837],[21.3078,60.3896],[21.3198,60.3915],[21.3381,60.3834]]],[[[22.4985,59.8776],[22.5103,59.8763],[22.5129,59.8737],[22.5051,59.8687],[22.4437,59.8515],[22.4277,59.8495],[22.416,59.8529],[22.4138,59.8612],[22.4219,59.8657],[22.4277,59.8659],[22.4338,59.8668],[22.457,59.873],[22.4802,59.8743],[22.4881,59.8767],[22.4985,59.8776]]],[[[21.6004,60.2548],[21.6159,60.2552],[21.6267,60.2526],[21.6216,60.2431],[21.6101,60.2348],[21.6065,60.2283],[21.6017,60.2226],[21.5923,60.2217],[21.5874,60.2226],[21.5779,60.2216],[21.5635,60.2262],[21.5623,60.2399],[21.5711,60.2559],[21.5869,60.2694],[21.6047,60.2688],[21.6068,60.2607],[21.5974,60.257],[21.6004,60.2548]]],[[[21.2595,60.8531],[21.2673,60.8511],[21.2676,60.8378],[21.2632,60.8303],[21.2502,60.833],[21.2098,60.8453],[21.2053,60.8432],[21.2024,60.8449],[21.2012,60.8483],[21.1955,60.8522],[21.1863,60.8565],[21.1895,60.8605],[21.2066,60.8632],[21.2215,60.859],[21.2246,60.8503],[21.2266,60.8471],[21.2354,60.8486],[21.242,60.8482],[21.2459,60.846],[21.252,60.8471],[21.2595,60.8531]]]]}},{"type":"Feature","properties":{"id":"FIN-3179","name":"Kainuu","nameBn":"কাইন্যু","type":"Province","bounds":[26.296,63.6786,30.5864,65.5241],"center":[28.441,64.5496]},"geometry":{"type":"Polygon","coordinates":[[[29.7315,65.4969],[29.7263,65.4915],[29.7263,65.4912],[29.7182,65.4542],[29.7306,65.3654],[29.7201,65.3291],[29.6151,65.2694],[29.5801,65.2354],[29.6267,65.2152],[29.7668,65.2174],[29.8332,65.205],[29.8393,65.1669],[29.8297,65.1586],[29.818,65.1522],[29.8091,65.1452],[29.8082,65.1353],[29.8203,65.1265],[29.8381,65.1248],[29.8502,65.1215],[29.8456,65.108],[29.8205,65.0937],[29.6678,65.0779],[29.6273,65.0622],[29.5984,65.0344],[29.5881,64.9914],[29.6336,64.9072],[29.6983,64.8391],[29.7803,64.7956],[29.8778,64.7848],[30.0625,64.7842],[30.1019,64.7755],[30.1189,64.7679],[30.1204,64.7616],[30.1149,64.7543],[30.1111,64.7444],[30.109,64.7317],[30.1068,64.7256],[30.1091,64.7201],[30.1205,64.7089],[30.1314,64.7012],[30.1705,64.6817],[30.1878,64.6624],[30.1808,64.6428],[30.1604,64.6261],[30.1364,64.6154],[29.9658,64.5786],[29.9588,64.5749],[29.9548,64.569],[29.9589,64.566],[29.9652,64.5644],[29.9685,64.5628],[29.97,64.5454],[29.9736,64.5362],[29.9808,64.5268],[29.9789,64.524],[29.9782,64.5211],[29.979,64.5183],[29.9808,64.5155],[29.9915,64.5132],[29.9934,64.5107],[29.9905,64.5042],[30.0358,64.4915],[30.0704,64.4719],[30.0628,64.4484],[30.041,64.4229],[30.0325,64.3969],[30.053,64.3781],[30.0931,64.3612],[30.1644,64.3419],[30.3211,64.3177],[30.3705,64.3008],[30.3993,64.2831],[30.4216,64.2647],[30.446,64.2508],[30.5034,64.2438],[30.5362,64.2347],[30.5585,64.2197],[30.5503,64.1989],[30.5325,64.1792],[30.5328,64.1625],[30.5448,64.1464],[30.5621,64.1274],[30.5864,64.0847],[30.5805,64.0511],[30.5523,64.0217],[30.5093,63.9915],[30.5093,63.9914],[30.3286,63.896],[30.2656,63.8307],[30.2015,63.7926],[30.0513,63.7638],[29.9984,63.7471],[29.9978,63.7473],[29.9825,63.752],[29.9301,63.748],[29.7832,63.7152],[29.7666,63.7141],[29.7587,63.7156],[29.7431,63.7248],[29.7359,63.7322],[29.6866,63.858],[29.6716,63.8691],[29.6562,63.8734],[28.9347,63.842],[28.572,63.8834],[28.5186,63.882],[28.4655,63.8713],[28.4644,63.8675],[28.4625,63.8528],[28.4558,63.8419],[28.4412,63.8249],[28.3584,63.7534],[28.344,63.7345],[28.3261,63.7149],[28.3065,63.6975],[28.2872,63.685],[28.2608,63.6786],[28.2441,63.687],[28.2263,63.7001],[28.152,63.722],[28.0829,63.7756],[28.0461,63.7889],[28.008,63.7978],[27.7447,63.9083],[27.6422,63.9247],[27.5504,63.9527],[27.5221,63.9568],[27.4951,63.9558],[27.4966,63.955],[27.4988,63.9522],[27.4896,63.9472],[27.462,63.9443],[27.4452,63.9449],[27.4362,63.9461],[27.4105,63.9642],[27.3879,63.9726],[26.8721,64.0334],[26.8035,64.0587],[26.7885,64.0773],[26.7794,64.119],[26.7733,64.2447],[26.7601,64.2644],[26.7225,64.2667],[26.7007,64.2703],[26.6914,64.2731],[26.6843,64.2811],[26.6899,64.3084],[26.677,64.3159],[26.6622,64.3172],[26.5931,64.3156],[26.5574,64.3186],[26.5313,64.326],[26.4875,64.3463],[26.4747,64.3509],[26.4731,64.3733],[26.4663,64.3944],[26.4146,64.4307],[26.3179,64.4693],[26.296,64.4804],[26.3162,64.4889],[26.3227,64.4938],[26.3247,64.5013],[26.3234,64.5008],[26.3207,64.5008],[26.3194,64.5027],[26.3504,64.5085],[26.3646,64.5133],[26.433,64.5452],[26.4596,64.5513],[26.5357,64.5594],[26.55,64.564],[26.5472,64.5651],[26.5388,64.5664],[26.5356,64.571],[26.5482,64.5748],[26.5612,64.5769],[26.5754,64.5892],[26.5858,64.6038],[26.6009,64.6103],[26.6235,64.6125],[26.6331,64.6154],[26.6471,64.6247],[26.6487,64.6312],[26.6436,64.6394],[26.6463,64.6473],[26.7692,64.6525],[26.8087,64.659],[26.8694,64.6915],[26.8869,64.6977],[26.9042,64.7072],[26.9054,64.7146],[26.9089,64.7271],[26.9082,64.7323],[26.8949,64.7323],[26.8922,64.7325],[26.9073,64.7521],[26.9291,64.7664],[26.9927,64.7937],[27.1153,64.8266],[27.18,64.8265],[27.2968,64.8131],[27.3341,64.813],[27.3602,64.8178],[27.3791,64.8328],[27.3657,64.8365],[27.388,64.8455],[27.3916,64.8559],[27.3861,64.867],[27.384,64.8772],[27.3911,64.8992],[27.3979,64.9141],[27.4031,64.9224],[27.4051,64.9317],[27.3886,64.9387],[27.3844,64.9399],[27.382,64.9423],[27.3924,64.9516],[27.3801,64.9641],[27.3325,64.9918],[27.281,65.0157],[27.2824,65.0488],[27.3072,65.0685],[27.3634,65.0857],[27.7643,65.1072],[27.8586,65.0901],[27.8835,65.0922],[27.9032,65.1065],[27.9162,65.1277],[27.927,65.1518],[27.9403,65.1752],[27.9782,65.2114],[28.0234,65.2315],[28.0756,65.2413],[28.5531,65.2846],[28.6138,65.2965],[28.6117,65.3131],[28.606,65.3163],[28.5739,65.3188],[28.5832,65.3199],[28.597,65.3246],[28.6194,65.3396],[28.6505,65.3656],[28.6591,65.3744],[28.656,65.3768],[28.6517,65.3824],[28.6485,65.3847],[28.6818,65.396],[28.9485,65.4467],[29.1159,65.4552],[29.1966,65.4741],[29.2466,65.5219],[29.2824,65.5241],[29.3523,65.5147],[29.4213,65.4993],[29.4888,65.4919],[29.7308,65.4969],[29.7315,65.4969]]]}},{"type":"Feature","properties":{"id":"FIN-3187","name":"Kymenlaakso","nameBn":"কায়ামেনলাকসো","type":"Province","bounds":[26.0428,60.3781,28.0038,61.2871],"center":[26.5799,60.4164]},"geometry":{"type":"MultiPolygon","coordinates":[[[[28.0038,60.6642],[27.981,60.6495],[27.893,60.6043],[27.8079,60.553],[27.7912,60.5622],[27.7776,60.5737],[27.7621,60.5801],[27.7395,60.5742],[27.7432,60.571],[27.7495,60.5631],[27.7532,60.5599],[27.7362,60.5556],[27.7334,60.5443],[27.7406,60.5306],[27.7532,60.5189],[27.7381,60.5133],[27.7327,60.5121],[27.7464,60.5065],[27.7532,60.5058],[27.7184,60.4885],[27.7054,60.4854],[27.6365,60.4923],[27.6458,60.5036],[27.6766,60.5112],[27.6917,60.5189],[27.6517,60.5226],[27.6322,60.5217],[27.616,60.5121],[27.6082,60.4999],[27.6108,60.4921],[27.6193,60.4841],[27.6296,60.4711],[27.5925,60.4774],[27.5085,60.5139],[27.4727,60.5058],[27.4823,60.5043],[27.4863,60.5019],[27.4932,60.4923],[27.4871,60.4894],[27.4783,60.4817],[27.4727,60.478],[27.4836,60.4744],[27.493,60.4702],[27.5007,60.4647],[27.5067,60.4575],[27.4568,60.4637],[27.3693,60.4979],[27.3252,60.5058],[27.2488,60.5079],[27.2324,60.5121],[27.2308,60.5263],[27.2566,60.5294],[27.3081,60.5258],[27.2849,60.5365],[27.2119,60.5599],[27.2277,60.5796],[27.2146,60.5849],[27.1917,60.5797],[27.1777,60.5673],[27.1838,60.5522],[27.197,60.5371],[27.2007,60.5233],[27.1777,60.5121],[27.1758,60.5251],[27.1697,60.5286],[27.1499,60.5258],[27.1377,60.529],[27.124,60.5435],[27.1126,60.5468],[27.1056,60.5436],[27.0957,60.5292],[27.0884,60.5258],[27.0789,60.5286],[27.0628,60.5429],[27.0544,60.5468],[27.0452,60.5458],[27.0334,60.5418],[27.0244,60.5361],[27.0239,60.5295],[27.0271,60.5199],[27.0208,60.5144],[27.0117,60.5095],[26.9982,60.488],[26.9769,60.4835],[26.9314,60.4854],[26.9556,60.4693],[26.9653,60.4585],[26.9624,60.4472],[26.9546,60.4494],[26.9243,60.467],[26.9147,60.4746],[26.8231,60.4577],[26.7936,60.4575],[26.801,60.4637],[26.8065,60.4705],[26.8147,60.4854],[26.797,60.4859],[26.7765,60.4829],[26.7568,60.4766],[26.7424,60.468],[26.739,60.4609],[26.741,60.4437],[26.739,60.437],[26.7319,60.4329],[26.7106,60.4258],[26.7014,60.4199],[26.6873,60.4182],[26.6693,60.4284],[26.6509,60.4421],[26.6359,60.4506],[26.617,60.4529],[26.5944,60.4523],[26.5772,60.4473],[26.5745,60.437],[26.5534,60.433],[26.5274,60.4399],[26.502,60.4531],[26.4827,60.468],[26.4749,60.4873],[26.4915,60.4981],[26.5173,60.5058],[26.5366,60.5155],[26.5636,60.5434],[26.5676,60.55],[26.5645,60.5726],[26.5674,60.581],[26.5798,60.5914],[26.625,60.6096],[26.6667,60.6064],[26.7532,60.5742],[26.7318,60.6129],[26.6992,60.6402],[26.6592,60.6518],[26.6155,60.6431],[26.5918,60.6286],[26.5533,60.5918],[26.5431,60.5955],[26.501,60.5994],[26.4744,60.615],[26.4504,60.6347],[26.4163,60.6513],[26.3483,60.6711],[26.3287,60.6879],[26.3291,60.7017],[26.3279,60.7172],[26.3202,60.7224],[26.3019,60.7441],[26.2887,60.752],[26.2708,60.7548],[26.2357,60.7523],[26.2155,60.7554],[26.2077,60.7793],[26.1969,60.7997],[26.1803,60.8156],[26.1551,60.8258],[26.0931,60.8307],[26.0834,60.8381],[26.0858,60.8525],[26.0968,60.862],[26.1119,60.867],[26.119,60.8679],[26.1232,60.8763],[26.1242,60.8853],[26.1351,60.8988],[26.1514,60.9121],[26.1594,60.92],[26.1457,60.9301],[26.0771,60.9389],[26.0428,60.9551],[26.0462,60.9841],[26.0563,60.9853],[26.0957,60.9818],[26.1116,60.9856],[26.1185,60.9936],[26.1366,61.0249],[26.131,61.0319],[26.1244,61.0363],[26.1184,61.0466],[26.115,61.0576],[26.1087,61.0669],[26.0967,61.0753],[26.0837,61.0822],[26.0681,61.0877],[26.0582,61.0902],[26.0521,61.1076],[26.0607,61.121],[26.0855,61.1378],[26.1302,61.1514],[26.1667,61.1357],[26.1979,61.133],[26.3006,61.1549],[26.3954,61.1998],[26.4182,61.2192],[26.4331,61.2537],[26.4428,61.2592],[26.4654,61.2661],[26.5151,61.2737],[26.6119,61.2871],[26.6347,61.2826],[26.6448,61.2738],[26.6531,61.263],[26.6611,61.2569],[26.6659,61.2481],[26.6451,61.2253],[26.6403,61.2215],[26.6492,61.212],[26.6644,61.2098],[26.6989,61.2142],[26.7329,61.2258],[26.7614,61.2392],[26.7705,61.2466],[26.7854,61.2659],[26.7969,61.2735],[26.8163,61.2794],[26.8376,61.2826],[26.8719,61.2833],[26.884,61.2714],[26.887,61.2606],[26.8969,61.2491],[26.9089,61.2404],[26.9183,61.2268],[26.9218,61.2103],[26.9224,61.2036],[26.9252,61.1905],[26.9285,61.1847],[26.9436,61.1713],[27.0016,61.1515],[27.2132,61.1618],[27.215,61.1446],[27.2076,61.1327],[27.1876,61.1134],[27.1897,61.1056],[27.198,61.1059],[27.2115,61.1046],[27.2175,61.1028],[27.2293,61.0969],[27.2186,61.0903],[27.2026,61.0864],[27.1683,61.0729],[27.1497,61.0533],[27.1533,61.0391],[27.1613,61.0271],[27.1447,61.0137],[27.149,61.0087],[27.1567,61.0067],[27.1901,61.0031],[27.2043,60.9997],[27.2159,60.9915],[27.2222,60.9831],[27.2319,60.9755],[27.2424,60.972],[27.2393,60.9621],[27.2239,60.957],[27.1926,60.954],[27.1612,60.9583],[27.1463,60.9624],[27.1313,60.9639],[27.1303,60.9585],[27.143,60.9469],[27.2118,60.9093],[27.2463,60.8981],[27.3715,60.8729],[27.4043,60.8579],[27.4525,60.8231],[27.4801,60.807],[27.5108,60.7978],[27.6884,60.7987],[27.7179,60.7778],[27.7304,60.7652],[27.7676,60.7605],[27.8128,60.7633],[27.8529,60.7557],[27.8624,60.7463],[27.8783,60.7191],[27.8875,60.7084],[27.9041,60.6999],[27.9546,60.6819],[27.9615,60.6759],[27.9571,60.6732],[27.9543,60.6711],[27.953,60.6698],[27.9561,60.6682],[27.9791,60.6661],[27.9881,60.6663],[28.003,60.6643],[28.0038,60.6642]]],[[[26.6021,60.4465],[26.6441,60.4319],[26.6526,60.4269],[26.6497,60.4215],[26.6365,60.4149],[26.5731,60.4053],[26.5589,60.3974],[26.5486,60.3784],[26.5383,60.3781],[26.5261,60.3852],[26.5072,60.4035],[26.5134,60.4113],[26.5609,60.4168],[26.5747,60.4218],[26.5807,60.4274],[26.5803,60.4346],[26.585,60.4411],[26.5934,60.446],[26.6021,60.4465]]]]}},{"type":"Feature","properties":{"id":"FIN-3176","name":"Lapland","nameBn":"ল্যাপল্যান্ড","type":"Province","bounds":[20.6232,65.5919,30.0094,70.0753],"center":[26.5614,67.5811]},"geometry":{"type":"Polygon","coordinates":[[[27.8669,70.0753],[27.8973,70.0707],[27.9272,70.0533],[27.981,70.0096],[28.1674,69.8943],[28.1893,69.886],[28.3812,69.8562],[28.3797,69.8224],[28.4046,69.8023],[28.4427,69.7915],[28.4809,69.7857],[28.8061,69.73],[29.1312,69.6742],[29.1471,69.6639],[29.2032,69.586],[29.3445,69.4644],[29.2293,69.3769],[28.8648,69.2166],[28.8522,69.2035],[28.8441,69.1813],[28.827,69.1068],[28.8276,69.0908],[28.8396,69.0803],[28.9541,69.0273],[28.8335,68.9845],[28.7133,68.968],[28.4562,68.9001],[28.4102,68.8985],[28.4131,68.8801],[28.4268,68.8706],[28.4442,68.8658],[28.6457,68.8717],[28.7283,68.865],[28.8015,68.8355],[28.7473,68.7601],[28.7164,68.728],[28.4599,68.5424],[28.4479,68.5297],[28.4474,68.5149],[28.461,68.4911],[28.4809,68.4626],[28.6638,68.204],[28.6903,68.1832],[28.7272,68.1727],[29.0129,68.1272],[29.2987,68.0818],[29.3309,68.0727],[29.3602,68.0567],[29.4426,67.9911],[29.4809,67.9605],[29.6512,67.8236],[29.7138,67.7925],[30.0094,67.6858],[29.9879,67.6725],[29.9777,67.6622],[29.9734,67.6493],[29.9647,67.5847],[29.9599,67.5716],[29.9334,67.5264],[29.9162,67.5081],[29.5198,67.2982],[29.5085,67.2881],[29.497,67.2703],[29.4907,67.263],[29.4809,67.2568],[29.4294,67.2328],[29.1001,66.9912],[29.0999,66.9912],[29.0999,66.9911],[29.0515,66.9078],[29.0892,66.8375],[29.3222,66.6801],[29.3625,66.6266],[29.364,66.6246],[29.3924,66.6053],[29.3954,66.5965],[29.3964,66.5866],[29.4013,66.5762],[29.4094,66.5685],[29.5245,66.4912],[29.5342,66.474],[29.5462,66.432],[29.5458,66.432],[29.3063,66.4298],[29.2203,66.4175],[29.1691,66.4192],[28.7345,66.4844],[28.6893,66.473],[28.685,66.4675],[28.6805,66.4526],[28.6761,66.4275],[28.6694,66.4151],[28.6575,66.4108],[28.6239,66.4109],[28.6108,66.4091],[28.5909,66.3997],[28.5709,66.3861],[28.5539,66.3678],[28.5436,66.3447],[28.5482,66.3106],[28.5737,66.2861],[28.6109,66.2701],[28.6506,66.2602],[28.6501,66.2586],[28.6469,66.2518],[28.6462,66.2502],[28.6599,66.2506],[28.697,66.2572],[28.7209,66.2589],[28.7356,66.2578],[28.749,66.252],[28.7456,66.2445],[28.748,66.2425],[28.7566,66.2413],[28.7619,66.2399],[28.7641,66.2389],[28.7614,66.2332],[28.741,66.2105],[28.7366,66.2065],[28.7372,66.2015],[28.7426,66.1997],[28.7654,66.189],[28.7626,66.1812],[28.7335,66.1678],[28.7204,66.1581],[28.7193,66.151],[28.711,66.137],[28.698,66.132],[28.6679,66.1266],[28.6196,66.1246],[28.6085,66.1181],[28.6215,66.102],[28.6319,66.0929],[28.6389,66.0885],[28.6445,66.0833],[28.6359,66.0756],[28.6335,66.0739],[28.6951,66.0525],[28.7261,66.0454],[28.7414,66.0449],[28.7565,66.0428],[28.7564,66.0206],[28.7405,66.0047],[28.722,65.9982],[28.6754,65.9923],[28.5475,65.9991],[28.4601,65.988],[28.437,65.9871],[28.4136,65.9901],[28.4139,65.9915],[28.4176,65.9992],[28.4181,66.0006],[28.4143,66.003],[28.4103,66.0034],[28.3894,66.0033],[28.3875,66.0005],[28.3892,65.9968],[28.394,65.9828],[28.3959,65.9792],[28.3961,65.9754],[28.3823,65.9731],[28.3763,65.9696],[28.3942,65.9575],[28.4152,65.9491],[28.4967,65.9015],[28.5146,65.8746],[28.5054,65.8591],[28.47,65.8386],[28.423,65.8289],[28.3312,65.825],[28.2389,65.808],[28.194,65.8054],[27.765,65.8293],[27.7655,65.8316],[27.7697,65.8427],[27.7428,65.8581],[27.7204,65.8786],[27.683,65.9246],[27.6377,65.9536],[27.5999,65.9511],[27.5678,65.934],[27.573,65.9305],[27.5543,65.9249],[27.5355,65.9261],[27.4307,65.9517],[27.4003,65.9416],[27.1694,65.784],[27.1022,65.7508],[26.8418,65.7052],[26.188,65.7189],[26.1642,65.7258],[26.1584,65.7418],[26.1583,65.7688],[26.163,65.8093],[26.1284,65.8139],[25.8758,65.7594],[25.7623,65.7464],[25.506,65.7533],[25.3882,65.7361],[25.1925,65.6478],[25.1235,65.6064],[25.0932,65.5919],[25.0918,65.595],[25.0855,65.6052],[25.0742,65.6142],[25.0607,65.6173],[25.0358,65.6142],[25.0225,65.621],[25.0049,65.627],[24.9572,65.6228],[24.9372,65.6241],[24.9241,65.6304],[24.9061,65.6459],[24.8955,65.6514],[24.8591,65.6591],[24.8195,65.6622],[24.7803,65.6597],[24.7453,65.6514],[24.7191,65.6379],[24.7068,65.6333],[24.687,65.6315],[24.6758,65.6354],[24.6711,65.645],[24.6702,65.6834],[24.6677,65.6909],[24.6597,65.6951],[24.5965,65.7092],[24.584,65.7169],[24.5677,65.7307],[24.5549,65.7451],[24.5505,65.7635],[24.5604,65.7891],[24.5754,65.8082],[24.632,65.8606],[24.6458,65.8795],[24.6537,65.8856],[24.6703,65.8916],[24.6976,65.8945],[24.7075,65.8992],[24.7106,65.9121],[24.6946,65.904],[24.6423,65.8916],[24.6345,65.8909],[24.6253,65.8913],[24.6179,65.8892],[24.615,65.8813],[24.6155,65.8708],[24.6145,65.8662],[24.6116,65.8643],[24.5872,65.8543],[24.5436,65.809],[24.5188,65.796],[24.4944,65.7952],[24.4735,65.7972],[24.453,65.7969],[24.4305,65.7891],[24.428,65.7862],[24.4261,65.7817],[24.4229,65.7766],[24.4157,65.7718],[24.4048,65.7692],[24.3571,65.7792],[24.3279,65.7979],[24.3167,65.8022],[24.2778,65.8094],[24.2383,65.8227],[24.2483,65.809],[24.2512,65.7941],[24.2443,65.7816],[24.2246,65.7749],[24.2062,65.7788],[24.1882,65.7902],[24.173,65.8042],[24.1631,65.8159],[24.1631,65.8227],[24.1634,65.8408],[24.1244,65.8689],[24.1023,65.9086],[24.076,65.928],[24.0548,65.9479],[24.057,65.9701],[24.0553,65.9852],[24.0298,66.035],[24.0196,66.0489],[24.0094,66.0556],[23.9851,66.0664],[23.9746,66.0728],[23.9656,66.0816],[23.9114,66.1486],[23.8893,66.1611],[23.7856,66.1767],[23.75,66.1897],[23.7242,66.2066],[23.6894,66.257],[23.6807,66.283],[23.666,66.3055],[23.6628,66.3165],[23.6644,66.3264],[23.673,66.3395],[23.6764,66.35],[23.677,66.3636],[23.6717,66.3818],[23.6702,66.3953],[23.6659,66.4056],[23.6466,66.4241],[23.6423,66.4363],[23.6524,66.4588],[23.6768,66.474],[23.7061,66.483],[23.7311,66.4872],[23.7311,66.5031],[23.7551,66.5119],[23.7859,66.5184],[23.8061,66.5281],[23.8077,66.5392],[23.8612,66.5546],[23.8819,66.5635],[23.8915,66.5789],[23.8932,66.596],[23.8891,66.6141],[23.8819,66.6318],[23.8916,66.6479],[23.899,66.6664],[23.9032,66.6863],[23.903,66.7069],[23.8917,66.7436],[23.8924,66.7509],[23.9248,66.773],[23.9392,66.7911],[23.961,66.7935],[23.9844,66.793],[23.9992,66.7963],[24.004,66.8052],[24.0013,66.8124],[23.9608,66.8619],[23.9334,66.8888],[23.9124,66.9034],[23.8736,66.9246],[23.8167,66.9755],[23.7921,66.9889],[23.7617,66.9943],[23.7438,67.001],[23.7203,67.0169],[23.6839,67.0495],[23.6767,67.0585],[23.6726,67.0657],[23.6706,67.0742],[23.6702,67.0871],[23.6666,67.0979],[23.658,67.104],[23.6478,67.1086],[23.6205,67.1293],[23.5989,67.1403],[23.5813,67.1531],[23.574,67.173],[23.5865,67.1809],[23.5976,67.1903],[23.6071,67.2012],[23.6149,67.214],[23.5967,67.218],[23.5915,67.225],[23.5946,67.2444],[23.6027,67.2603],[23.6223,67.269],[23.7354,67.2897],[23.7632,67.3065],[23.7857,67.3375],[23.7514,67.3462],[23.7513,67.3695],[23.7632,67.3975],[23.7652,67.4201],[23.7526,67.4273],[23.7308,67.4314],[23.6627,67.4362],[23.5946,67.4536],[23.5538,67.452],[23.5143,67.4448],[23.4772,67.4438],[23.4437,67.461],[23.4313,67.4855],[23.4435,67.5047],[23.466,67.5224],[23.4847,67.543],[23.4734,67.555],[23.4995,67.5663],[23.5354,67.577],[23.5535,67.587],[23.5503,67.6109],[23.5426,67.6267],[23.5188,67.6528],[23.5107,67.6693],[23.4995,67.709],[23.4884,67.7248],[23.4846,67.7372],[23.4847,67.7962],[23.4797,67.817],[23.4767,67.8413],[23.4813,67.8646],[23.4989,67.8822],[23.5325,67.8932],[23.6033,67.903],[23.6361,67.9135],[23.6612,67.9329],[23.6622,67.9504],[23.6431,67.9632],[23.5737,67.9733],[23.4847,68.0159],[23.4573,68.0243],[23.383,68.0512],[23.3748,68.06],[23.3712,68.0685],[23.3309,68.1278],[23.3198,68.1383],[23.3065,68.1456],[23.2721,68.145],[23.1872,68.1223],[23.1656,68.122],[23.1588,68.1276],[23.1546,68.1283],[23.1517,68.1303],[23.1494,68.1394],[23.1498,68.1448],[23.1545,68.1538],[23.1598,68.1787],[23.1585,68.1867],[23.1494,68.194],[23.1552,68.2174],[23.14,68.2342],[23.0948,68.2555],[23.0816,68.2653],[23.0765,68.2738],[23.0736,68.2819],[23.0669,68.2903],[23.0522,68.2982],[22.9037,68.3366],[22.8751,68.3511],[22.8334,68.3848],[22.8083,68.3949],[22.7486,68.3855],[22.7191,68.3988],[22.6902,68.4168],[22.6622,68.4274],[22.6434,68.4273],[22.6258,68.4251],[22.6076,68.4249],[22.5652,68.4363],[22.5213,68.4382],[22.4569,68.4518],[22.378,68.4541],[22.374,68.4563],[22.3746,68.4662],[22.3711,68.4684],[22.3031,68.4761],[22.0722,68.477],[22.0384,68.4883],[22.0367,68.4929],[22.0374,68.5001],[22.0361,68.5065],[22.0288,68.5094],[22.0242,68.5104],[22.0121,68.5164],[21.9985,68.5258],[21.9699,68.5408],[21.964,68.5469],[21.9192,68.5682],[21.7371,68.5879],[21.7168,68.6192],[21.6616,68.6335],[21.5725,68.6674],[21.4957,68.6755],[21.4636,68.6869],[21.4515,68.6965],[21.4213,68.7275],[21.4153,68.7388],[21.4064,68.7489],[21.3859,68.7538],[21.3147,68.754],[21.3054,68.7558],[21.301,68.7592],[21.2937,68.7682],[21.2883,68.77],[21.2757,68.7764],[21.2166,68.8172],[21.1528,68.8417],[21.0721,68.8694],[20.9057,68.8946],[20.8845,68.9067],[20.8876,68.9271],[20.9178,68.933],[20.9343,68.949],[20.9346,68.967],[20.9112,68.9807],[20.864,68.9863],[20.7953,69.0112],[20.6755,69.0182],[20.6232,69.0364],[20.7166,69.0988],[20.7444,69.1044],[21.0325,69.041],[21.0715,69.0367],[21.099,69.0438],[21.1564,69.0876],[21.0336,69.1812],[21.063,69.2149],[21.0797,69.2301],[21.0984,69.2395],[21.3136,69.2914],[21.6388,69.2714],[21.6629,69.2632],[21.9461,69.0657],[22.0231,69.012],[22.1607,68.9561],[22.1744,68.9437],[22.1886,68.9186],[22.2002,68.9085],[22.2772,68.8575],[22.3568,68.8328],[22.3714,68.8226],[22.3967,68.7318],[22.4092,68.7129],[22.4287,68.7101],[22.5429,68.726],[22.5701,68.7268],[22.5965,68.7246],[22.8517,68.6757],[23.0193,68.6867],[23.0715,68.6809],[23.0979,68.6701],[23.1754,68.6217],[23.1976,68.618],[23.4816,68.6856],[23.6416,68.695],[23.7348,68.7154],[23.768,68.756],[23.7872,68.7998],[23.8526,68.8167],[23.929,68.8162],[24.1312,68.7762],[24.1637,68.7548],[24.1869,68.7445],[24.3325,68.7086],[24.4813,68.6892],[24.6634,68.6661],[24.7542,68.6379],[24.8296,68.5941],[24.8609,68.5634],[24.8792,68.5548],[24.9052,68.557],[24.9271,68.5704],[24.9381,68.5883],[24.9518,68.6051],[24.9812,68.6151],[25.0069,68.6146],[25.071,68.6314],[25.0978,68.6337],[25.1176,68.6377],[25.1324,68.6476],[25.1442,68.668],[25.1321,68.6766],[25.1328,68.6827],[25.1388,68.6883],[25.1431,68.696],[25.1449,68.7426],[25.1496,68.7646],[25.1627,68.7846],[25.2013,68.8126],[25.3872,68.8746],[25.4339,68.8839],[25.4811,68.8877],[25.6024,68.8721],[25.6278,68.8741],[25.6516,68.8835],[25.6662,68.8974],[25.6784,68.9125],[25.6948,68.9256],[25.7264,68.9425],[25.7374,68.9525],[25.7427,68.9659],[25.7539,68.9784],[25.7958,68.9933],[25.8047,69.0061],[25.8011,69.0132],[25.7929,69.0182],[25.7738,69.0254],[25.7658,69.0307],[25.7646,69.0352],[25.7657,69.0392],[25.7651,69.0434],[25.7502,69.0592],[25.7494,69.0656],[25.7572,69.0751],[25.759,69.082],[25.7605,69.1152],[25.7624,69.1192],[25.7664,69.1227],[25.77,69.1274],[25.7712,69.1351],[25.7683,69.1421],[25.7553,69.1596],[25.7499,69.1652],[25.7341,69.1913],[25.7372,69.2182],[25.7745,69.2988],[25.7866,69.3128],[25.8774,69.3708],[25.8726,69.3791],[25.8414,69.4178],[25.8658,69.441],[25.8775,69.447],[25.8867,69.4552],[25.8857,69.4791],[25.8921,69.4909],[25.9064,69.5019],[25.9014,69.5091],[25.8906,69.5148],[25.8867,69.5209],[25.9002,69.532],[25.9603,69.5487],[25.9862,69.5654],[26.004,69.5872],[26.0051,69.6108],[25.9811,69.6335],[25.9644,69.6427],[25.9617,69.6525],[25.9688,69.6632],[25.9813,69.6749],[26.0051,69.6893],[26.032,69.6967],[26.1814,69.7113],[26.1983,69.7154],[26.211,69.7229],[26.223,69.7319],[26.2682,69.7583],[26.3168,69.7949],[26.4187,69.8356],[26.4479,69.856],[26.4359,69.8742],[26.4459,69.8818],[26.481,69.8994],[26.5007,69.9183],[26.5339,69.9252],[26.707,69.9351],[26.7719,69.9284],[26.8646,69.9381],[26.8957,69.9343],[26.9511,69.9202],[26.9811,69.9233],[27.0075,69.9225],[27.0812,69.9029],[27.1003,69.9018],[27.3118,69.9295],[27.3524,69.9487],[27.3451,69.9507],[27.3305,69.9575],[27.3232,69.9597],[27.3345,69.9686],[27.3491,69.9713],[27.365,69.9718],[27.3809,69.9743],[27.4452,70.0032],[27.5633,70.0236],[27.5709,70.0409],[27.6126,70.0621],[27.6651,70.0683],[27.7922,70.0589],[27.8669,70.0753]]]}},{"type":"Feature","properties":{"id":"FIN-3190","name":"North Karelia","nameBn":"কারেলিয়া","type":"Province","bounds":[28.3584,61.7241,31.5695,63.8834],"center":[29.9637,62.7879]},"geometry":{"type":"Polygon","coordinates":[[[29.9984,63.7471],[29.9808,63.7415],[30.0011,63.7153],[30.2425,63.5818],[30.3804,63.5325],[30.4414,63.4916],[30.4611,63.4729],[30.4887,63.4621],[30.8209,63.3757],[30.9749,63.2892],[31.1778,63.2252],[31.204,63.2127],[31.2257,63.196],[31.2331,63.1757],[31.2342,63.1572],[31.2408,63.1357],[31.2508,63.1155],[31.2628,63.1006],[31.2885,63.0847],[31.3516,63.0622],[31.3803,63.0479],[31.4445,63.0019],[31.468,62.9916],[31.4806,62.9863],[31.5054,62.9682],[31.5193,62.9432],[31.5358,62.9195],[31.5695,62.9059],[31.4806,62.8261],[31.4413,62.7887],[31.4106,62.7465],[31.3633,62.6516],[31.347,62.6293],[31.3028,62.596],[31.2841,62.573],[31.2601,62.5248],[31.2438,62.5033],[31.2222,62.4917],[31.2219,62.4917],[31.2216,62.4916],[31.1686,62.476],[31.153,62.4674],[31.1416,62.4565],[31.1233,62.4348],[30.9806,62.3588],[30.9671,62.3482],[30.9419,62.3146],[30.9256,62.3021],[30.9076,62.2929],[30.7938,62.253],[30.7038,62.2104],[30.6655,62.1998],[30.6477,62.1928],[30.635,62.184],[30.6072,62.1513],[30.4807,62.0677],[30.3399,61.9918],[30.3397,61.9917],[30.3396,61.9917],[30.1456,61.8505],[30.145,61.8506],[30.1433,61.8508],[30.0572,61.8488],[29.564,61.7241],[29.6536,61.7833],[29.6938,61.8249],[29.6897,61.8427],[29.6736,61.8504],[29.6928,61.8671],[29.6863,61.8754],[29.6238,61.9059],[29.6166,61.9235],[29.6218,61.9351],[29.6341,61.9523],[29.6564,61.9731],[29.6339,61.9872],[29.6046,61.9972],[29.5452,62.0259],[29.4938,62.0615],[29.4591,62.0987],[29.4414,62.1247],[29.4221,62.1606],[29.4151,62.2],[29.4211,62.2201],[29.4131,62.2448],[29.3931,62.2555],[29.3559,62.2834],[29.3398,62.2991],[29.3134,62.3323],[29.2814,62.383],[29.2495,62.4096],[29.2088,62.4176],[29.1834,62.4098],[29.1625,62.3898],[29.1593,62.3855],[29.1434,62.385],[29.1116,62.3919],[29.1019,62.3967],[29.1024,62.3991],[29.1078,62.4143],[29.1045,62.4168],[29.0932,62.418],[29.087,62.4199],[29.084,62.4213],[29.0846,62.4337],[29.0884,62.4442],[29.0969,62.462],[29.1074,62.4767],[29.1137,62.483],[29.1071,62.4911],[29.0241,62.5094],[29.0145,62.5144],[29.0398,62.524],[29.031,62.5297],[28.9889,62.5445],[28.9636,62.5582],[28.9556,62.5661],[28.9322,62.5796],[28.9141,62.5847],[28.8274,62.6248],[28.8098,62.6308],[28.6582,62.6533],[28.6676,62.6703],[28.6798,62.6814],[28.6869,62.6855],[28.7021,62.6923],[28.6464,62.7443],[28.6731,62.7666],[28.7265,62.7811],[28.7444,62.7937],[28.7699,62.8256],[28.796,62.8283],[28.8387,62.8156],[28.8795,62.7946],[28.9241,62.782],[28.9561,62.7885],[29.0815,62.8375],[29.0883,62.85],[29.0392,62.8625],[29.0105,62.8766],[28.9873,62.8979],[28.9563,62.9079],[28.9401,62.9177],[28.9335,62.9277],[28.9395,62.9355],[28.9469,62.9317],[28.9632,62.9265],[28.9809,62.9258],[28.9904,62.9278],[28.9944,62.9329],[28.9896,62.9349],[28.974,62.9436],[28.9693,62.9456],[28.976,62.9548],[28.9889,62.9602],[29.0452,62.9755],[29.0573,62.9816],[29.0519,62.999],[28.8769,63.0602],[28.7197,63.1645],[28.6724,63.1869],[28.6424,63.1968],[28.6182,63.2088],[28.6572,63.2362],[28.6602,63.2429],[28.6476,63.2466],[28.653,63.2515],[28.7053,63.2711],[28.7102,63.2767],[28.7071,63.2784],[28.6996,63.2835],[28.7031,63.29],[28.7361,63.3111],[28.748,63.323],[28.7532,63.3353],[28.7556,63.3587],[28.7574,63.3671],[28.7614,63.3766],[28.7526,63.3901],[28.7086,63.4068],[28.6817,63.4205],[28.6612,63.4369],[28.6477,63.4583],[28.6383,63.4814],[28.6264,63.5035],[28.617,63.5137],[28.6118,63.532],[28.6209,63.5398],[28.641,63.5454],[28.6634,63.547],[28.6752,63.549],[28.6593,63.5608],[28.6338,63.5725],[28.615,63.5951],[28.6065,63.6221],[28.5879,63.6567],[28.6039,63.671],[28.6074,63.6735],[28.5956,63.6821],[28.5795,63.6873],[28.5498,63.6929],[28.4696,63.6972],[28.4456,63.7054],[28.3893,63.7408],[28.3584,63.7534],[28.4412,63.8249],[28.4558,63.8419],[28.4625,63.8528],[28.4644,63.8675],[28.4655,63.8713],[28.5186,63.882],[28.572,63.8834],[28.9347,63.842],[29.6562,63.8734],[29.6716,63.8691],[29.6866,63.858],[29.7359,63.7322],[29.7431,63.7248],[29.7587,63.7156],[29.7666,63.7141],[29.7832,63.7152],[29.9301,63.748],[29.9825,63.752],[29.9978,63.7473],[29.9984,63.7471]]]}},{"type":"Feature","properties":{"id":"FIN-3180","name":"Northern Ostrobothnia","nameBn":"নর্দান ওস্ট্রোবোথনিয়া","type":"Province","bounds":[23.7065,63.4303,30.1163,66.4844],"center":[26.2356,65.1599]},"geometry":{"type":"MultiPolygon","coordinates":[[[[29.5462,66.432],[29.5517,66.4128],[29.5697,66.3782],[29.5932,66.3459],[29.6509,66.2879],[29.7924,66.1809],[29.8754,66.1336],[29.9002,66.1081],[29.9205,66.0686],[29.9488,65.9913],[29.9585,65.9739],[29.9979,65.9315],[30.0097,65.9157],[30.0393,65.8654],[30.0751,65.8228],[30.0835,65.8046],[30.1117,65.712],[30.1163,65.6872],[30.1139,65.6655],[30.0985,65.6564],[30.0647,65.6617],[30.003,65.6781],[29.7643,65.6481],[29.7029,65.6294],[29.7323,65.6087],[29.8067,65.5849],[29.8386,65.5649],[29.8258,65.552],[29.7455,65.5114],[29.7315,65.4969],[29.7308,65.4969],[29.4888,65.4919],[29.4213,65.4993],[29.3523,65.5147],[29.2824,65.5241],[29.2466,65.5219],[29.1966,65.4741],[29.1159,65.4552],[28.9485,65.4467],[28.6818,65.396],[28.6485,65.3847],[28.6517,65.3824],[28.656,65.3768],[28.6591,65.3744],[28.6505,65.3656],[28.6194,65.3396],[28.597,65.3246],[28.5832,65.3199],[28.5739,65.3188],[28.606,65.3163],[28.6117,65.3131],[28.6138,65.2965],[28.5531,65.2846],[28.0756,65.2413],[28.0234,65.2315],[27.9782,65.2114],[27.9403,65.1752],[27.927,65.1518],[27.9162,65.1277],[27.9032,65.1065],[27.8835,65.0922],[27.8586,65.0901],[27.7643,65.1072],[27.3634,65.0857],[27.3072,65.0685],[27.2824,65.0488],[27.281,65.0157],[27.3325,64.9918],[27.3801,64.9641],[27.3924,64.9516],[27.382,64.9423],[27.3844,64.9399],[27.3886,64.9387],[27.4051,64.9317],[27.4031,64.9224],[27.3979,64.9141],[27.3911,64.8992],[27.384,64.8772],[27.3861,64.867],[27.3916,64.8559],[27.388,64.8455],[27.3657,64.8365],[27.3791,64.8328],[27.3602,64.8178],[27.3341,64.813],[27.2968,64.8131],[27.18,64.8265],[27.1153,64.8266],[26.9927,64.7937],[26.9291,64.7664],[26.9073,64.7521],[26.8922,64.7325],[26.8949,64.7323],[26.9082,64.7323],[26.9089,64.7271],[26.9054,64.7146],[26.9042,64.7072],[26.8869,64.6977],[26.8694,64.6915],[26.8087,64.659],[26.7692,64.6525],[26.6463,64.6473],[26.6436,64.6394],[26.6487,64.6312],[26.6471,64.6247],[26.6331,64.6154],[26.6235,64.6125],[26.6009,64.6103],[26.5858,64.6038],[26.5754,64.5892],[26.5612,64.5769],[26.5482,64.5748],[26.5356,64.571],[26.5388,64.5664],[26.5472,64.5651],[26.55,64.564],[26.5357,64.5594],[26.4596,64.5513],[26.433,64.5452],[26.3646,64.5133],[26.3504,64.5085],[26.3194,64.5027],[26.3207,64.5008],[26.3234,64.5008],[26.3247,64.5013],[26.3227,64.4938],[26.3162,64.4889],[26.296,64.4804],[26.3179,64.4693],[26.4146,64.4307],[26.4663,64.3944],[26.4731,64.3733],[26.4747,64.3509],[26.4875,64.3463],[26.5313,64.326],[26.5574,64.3186],[26.5931,64.3156],[26.6622,64.3172],[26.677,64.3159],[26.6899,64.3084],[26.6843,64.2811],[26.6914,64.2731],[26.7007,64.2703],[26.7225,64.2667],[26.7601,64.2644],[26.7733,64.2447],[26.7794,64.119],[26.7885,64.0773],[26.8035,64.0587],[26.8721,64.0334],[26.694,64.0053],[26.2986,63.8538],[26.238,63.8069],[26.2519,63.7817],[26.2893,63.6227],[26.2857,63.5888],[26.2449,63.5795],[26.2202,63.5708],[26.1991,63.553],[26.1916,63.5387],[26.1806,63.5028],[26.1755,63.4908],[26.1673,63.4808],[26.1378,63.4563],[26.029,63.4346],[25.9711,63.4303],[25.9121,63.4385],[25.8673,63.4573],[25.7867,63.5034],[25.7363,63.5177],[25.4914,63.5315],[25.4451,63.5417],[25.3584,63.5821],[25.3105,63.5923],[25.2316,63.6009],[25.1905,63.5967],[25.1505,63.5754],[25.1218,63.538],[25.1052,63.5005],[25.0807,63.471],[25.0287,63.458],[25.0007,63.484],[24.7686,63.6046],[24.6304,63.659],[24.5644,63.7021],[24.4485,63.8101],[24.4083,63.8341],[24.3566,63.8502],[24.2717,63.8681],[24.2431,63.8838],[24.2407,63.8927],[24.227,63.9174],[24.2239,63.9254],[24.1937,63.9355],[24.1452,63.959],[24.1272,63.9777],[24.1018,64.0236],[24.094,64.0477],[24.0364,64.0778],[23.8822,64.1107],[23.7065,64.1681],[23.7236,64.1785],[23.7168,64.1785],[23.7194,64.1943],[23.7244,64.2089],[23.7357,64.2162],[23.7577,64.2095],[23.7727,64.2089],[23.8191,64.2206],[23.8335,64.2269],[23.8416,64.2362],[23.8611,64.2679],[23.8816,64.2661],[23.9245,64.2547],[23.9434,64.2468],[23.9346,64.2585],[23.9276,64.2712],[23.9251,64.2855],[23.929,64.3014],[23.9409,64.3166],[23.9712,64.3351],[23.9842,64.3498],[23.9961,64.3799],[24.0044,64.3891],[24.0254,64.3976],[24.0686,64.4056],[24.0847,64.4147],[24.0806,64.4317],[24.0933,64.4304],[24.1048,64.4312],[24.1155,64.4348],[24.125,64.4423],[24.1292,64.4408],[24.1693,64.4522],[24.2057,64.4522],[24.2108,64.456],[24.2105,64.4731],[24.2123,64.481],[24.2178,64.487],[24.2295,64.4892],[24.2576,64.486],[24.2689,64.4901],[24.2752,64.4976],[24.2809,64.5102],[24.286,64.515],[24.3063,64.522],[24.3257,64.5246],[24.3441,64.5307],[24.3611,64.5484],[24.3601,64.5554],[24.3556,64.5645],[24.355,64.5724],[24.3739,64.5795],[24.3745,64.5878],[24.3709,64.5952],[24.3679,64.5969],[24.3755,64.6173],[24.3827,64.6286],[24.4089,64.6514],[24.4143,64.6591],[24.4183,64.668],[24.4229,64.6756],[24.4294,64.6788],[24.4412,64.6811],[24.471,64.6993],[24.5116,64.71],[24.5303,64.7178],[24.5461,64.7334],[24.5365,64.7441],[24.5324,64.7477],[24.5324,64.7539],[24.5437,64.7647],[24.5571,64.7709],[24.5877,64.7812],[24.5501,64.7966],[24.5384,64.8053],[24.5567,64.8091],[24.5784,64.8079],[24.6585,64.7886],[24.6683,64.7891],[24.6765,64.7949],[24.6768,64.7995],[24.6657,64.8071],[24.6628,64.8126],[24.6707,64.8297],[24.6896,64.8347],[24.7317,64.8358],[24.7363,64.8554],[24.7731,64.8658],[24.897,64.8731],[25.0737,64.9161],[25.0947,64.9184],[25.1123,64.9145],[25.1218,64.9051],[25.1297,64.8938],[25.1432,64.8842],[25.1511,64.8839],[25.1585,64.8867],[25.1667,64.8884],[25.1773,64.8842],[25.1799,64.8799],[25.1839,64.8658],[25.1873,64.8607],[25.2025,64.8492],[25.2176,64.8415],[25.2356,64.8371],[25.2593,64.8358],[25.2593,64.8296],[25.2498,64.8295],[25.2415,64.8281],[25.2251,64.8227],[25.2595,64.8165],[25.3548,64.8296],[25.3622,64.8331],[25.3504,64.8517],[25.3518,64.8607],[25.3667,64.8918],[25.3685,64.8985],[25.3595,64.9111],[25.3478,64.9116],[25.3348,64.9069],[25.3213,64.9047],[25.3063,64.9089],[25.2798,64.9223],[25.2412,64.929],[25.2235,64.9389],[25.1909,64.9668],[25.1961,64.9698],[25.2062,64.9775],[25.2114,64.9804],[25.2039,64.9866],[25.221,64.9905],[25.3216,64.9836],[25.3401,64.9772],[25.376,64.9599],[25.3991,64.9519],[25.4216,64.9489],[25.4382,64.9531],[25.4435,64.9668],[25.4363,64.9803],[25.4243,64.9891],[25.4168,64.9986],[25.4231,65.0146],[25.4162,65.0199],[25.4131,65.0245],[25.4133,65.0292],[25.4163,65.0351],[25.3926,65.0477],[25.3809,65.056],[25.376,65.0657],[25.3744,65.0764],[25.37,65.0844],[25.3635,65.0908],[25.3555,65.0965],[25.3241,65.1098],[25.2114,65.1238],[25.2183,65.1457],[25.2258,65.1566],[25.2593,65.1722],[25.2726,65.1804],[25.2825,65.1914],[25.2857,65.2048],[25.2798,65.22],[25.2922,65.2191],[25.3045,65.2197],[25.3163,65.2221],[25.3275,65.2269],[25.3206,65.2284],[25.3079,65.2327],[25.3001,65.2336],[25.3088,65.2491],[25.3138,65.2541],[25.2972,65.2595],[25.2891,65.2611],[25.2798,65.261],[25.2942,65.2711],[25.3079,65.3022],[25.3213,65.3162],[25.3174,65.3193],[25.3108,65.3268],[25.307,65.3298],[25.3163,65.3314],[25.3224,65.3336],[25.335,65.3435],[25.2661,65.3776],[25.28,65.3812],[25.3069,65.3816],[25.3213,65.3851],[25.3301,65.3905],[25.3467,65.4057],[25.3555,65.4118],[25.3445,65.4285],[25.3587,65.4655],[25.3518,65.4841],[25.3236,65.5068],[25.2937,65.5251],[25.219,65.5573],[25.1971,65.5626],[25.1701,65.5622],[25.1468,65.559],[25.1248,65.5611],[25.1016,65.5769],[25.0964,65.585],[25.0932,65.5919],[25.1235,65.6064],[25.1925,65.6478],[25.3882,65.7361],[25.506,65.7533],[25.7623,65.7464],[25.8758,65.7594],[26.1284,65.8139],[26.163,65.8093],[26.1583,65.7688],[26.1584,65.7418],[26.1642,65.7258],[26.188,65.7189],[26.8418,65.7052],[27.1022,65.7508],[27.1694,65.784],[27.4003,65.9416],[27.4307,65.9517],[27.5355,65.9261],[27.5543,65.9249],[27.573,65.9305],[27.5678,65.934],[27.5999,65.9511],[27.6377,65.9536],[27.683,65.9246],[27.7204,65.8786],[27.7428,65.8581],[27.7697,65.8427],[27.7655,65.8316],[27.765,65.8293],[28.194,65.8054],[28.2389,65.808],[28.3312,65.825],[28.423,65.8289],[28.47,65.8386],[28.5054,65.8591],[28.5146,65.8746],[28.4967,65.9015],[28.4152,65.9491],[28.3942,65.9575],[28.3763,65.9696],[28.3823,65.9731],[28.3961,65.9754],[28.3959,65.9792],[28.394,65.9828],[28.3892,65.9968],[28.3875,66.0005],[28.3894,66.0033],[28.4103,66.0034],[28.4143,66.003],[28.4181,66.0006],[28.4176,65.9992],[28.4139,65.9915],[28.4136,65.9901],[28.437,65.9871],[28.4601,65.988],[28.5475,65.9991],[28.6754,65.9923],[28.722,65.9982],[28.7405,66.0047],[28.7564,66.0206],[28.7565,66.0428],[28.7414,66.0449],[28.7261,66.0454],[28.6951,66.0525],[28.6335,66.0739],[28.6359,66.0756],[28.6445,66.0833],[28.6389,66.0885],[28.6319,66.0929],[28.6215,66.102],[28.6085,66.1181],[28.6196,66.1246],[28.6679,66.1266],[28.698,66.132],[28.711,66.137],[28.7193,66.151],[28.7204,66.1581],[28.7335,66.1678],[28.7626,66.1812],[28.7654,66.189],[28.7426,66.1997],[28.7372,66.2015],[28.7366,66.2065],[28.741,66.2105],[28.7614,66.2332],[28.7641,66.2389],[28.7619,66.2399],[28.7566,66.2413],[28.748,66.2425],[28.7456,66.2445],[28.749,66.252],[28.7356,66.2578],[28.7209,66.2589],[28.697,66.2572],[28.6599,66.2506],[28.6462,66.2502],[28.6469,66.2518],[28.6501,66.2586],[28.6506,66.2602],[28.6109,66.2701],[28.5737,66.2861],[28.5482,66.3106],[28.5436,66.3447],[28.5539,66.3678],[28.5709,66.3861],[28.5909,66.3997],[28.6108,66.4091],[28.6239,66.4109],[28.6575,66.4108],[28.6694,66.4151],[28.6761,66.4275],[28.6805,66.4526],[28.685,66.4675],[28.6893,66.473],[28.7345,66.4844],[29.1691,66.4192],[29.2203,66.4175],[29.3063,66.4298],[29.5458,66.432],[29.5462,66.432]]],[[[24.9934,65.0551],[25.0336,65.0575],[25.0618,65.0435],[25.028,65.0346],[24.9622,65.0348],[24.8774,65.0453],[24.8197,65.0433],[24.8016,65.0243],[24.7224,65.0035],[24.7508,64.976],[24.8124,64.9792],[24.8273,64.973],[24.8161,64.9681],[24.8047,64.9672],[24.7928,64.9677],[24.7801,64.9668],[24.7713,64.9639],[24.7611,64.9564],[24.7521,64.9531],[24.7347,64.9509],[24.7131,64.9517],[24.7007,64.9582],[24.7106,64.973],[24.7061,64.9765],[24.6975,64.9866],[24.6839,64.9966],[24.6584,64.972],[24.6316,64.9678],[24.5974,64.9925],[24.579,65.0095],[24.5699,65.0229],[24.5628,65.0372],[24.5858,65.0494],[24.6542,65.0802],[24.7409,65.0833],[24.8345,65.0948],[24.8831,65.0869],[24.897,65.0724],[24.873,65.0658],[24.8828,65.0591],[24.9065,65.0605],[24.9363,65.0591],[24.9934,65.0551]]]]}},{"type":"Feature","properties":{"id":"FIN-3178","name":"Northern Savonia","nameBn":"নর্দান স্যাভোনিয়া","type":"Province","bounds":[26.0522,62.2601,29.0883,64.0334],"center":[27.5702,63.1933]},"geometry":{"type":"Polygon","coordinates":[[[26.8721,64.0334],[27.3879,63.9726],[27.4105,63.9642],[27.4362,63.9461],[27.4452,63.9449],[27.462,63.9443],[27.4896,63.9472],[27.4988,63.9522],[27.4966,63.955],[27.4951,63.9558],[27.5221,63.9568],[27.5504,63.9527],[27.6422,63.9247],[27.7447,63.9083],[28.008,63.7978],[28.0461,63.7889],[28.0829,63.7756],[28.152,63.722],[28.2263,63.7001],[28.2441,63.687],[28.2608,63.6786],[28.2872,63.685],[28.3065,63.6975],[28.3261,63.7149],[28.344,63.7345],[28.3584,63.7534],[28.3893,63.7408],[28.4456,63.7054],[28.4696,63.6972],[28.5498,63.6929],[28.5795,63.6873],[28.5956,63.6821],[28.6074,63.6735],[28.6039,63.671],[28.5879,63.6567],[28.6065,63.6221],[28.615,63.5951],[28.6338,63.5725],[28.6593,63.5608],[28.6752,63.549],[28.6634,63.547],[28.641,63.5454],[28.6209,63.5398],[28.6118,63.532],[28.617,63.5137],[28.6264,63.5035],[28.6383,63.4814],[28.6477,63.4583],[28.6612,63.4369],[28.6817,63.4205],[28.7086,63.4068],[28.7526,63.3901],[28.7614,63.3766],[28.7574,63.3671],[28.7556,63.3587],[28.7532,63.3353],[28.748,63.323],[28.7361,63.3111],[28.7031,63.29],[28.6996,63.2835],[28.7071,63.2784],[28.7102,63.2767],[28.7053,63.2711],[28.653,63.2515],[28.6476,63.2466],[28.6602,63.2429],[28.6572,63.2362],[28.6182,63.2088],[28.6424,63.1968],[28.6724,63.1869],[28.7197,63.1645],[28.8769,63.0602],[29.0519,62.999],[29.0573,62.9816],[29.0452,62.9755],[28.9889,62.9602],[28.976,62.9548],[28.9693,62.9456],[28.974,62.9436],[28.9896,62.9349],[28.9944,62.9329],[28.9904,62.9278],[28.9809,62.9258],[28.9632,62.9265],[28.9469,62.9317],[28.9395,62.9355],[28.9335,62.9277],[28.9401,62.9177],[28.9563,62.9079],[28.9873,62.8979],[29.0105,62.8766],[29.0392,62.8625],[29.0883,62.85],[29.0815,62.8375],[28.9561,62.7885],[28.9241,62.782],[28.8795,62.7946],[28.8387,62.8156],[28.796,62.8283],[28.7699,62.8256],[28.7444,62.7937],[28.7265,62.7811],[28.6731,62.7666],[28.6464,62.7443],[28.7021,62.6923],[28.6869,62.6855],[28.6798,62.6814],[28.6676,62.6703],[28.6582,62.6533],[28.6488,62.6393],[28.6352,62.6249],[28.6198,62.613],[28.6128,62.6093],[28.6088,62.6065],[28.6306,62.6054],[28.616,62.5964],[28.5964,62.5909],[28.495,62.5871],[28.4789,62.581],[28.5354,62.5712],[28.5345,62.5588],[28.5204,62.5555],[28.5111,62.5607],[28.4316,62.5684],[28.4127,62.5769],[28.4081,62.5712],[28.4109,62.5682],[28.4135,62.5673],[28.4149,62.5658],[28.4032,62.5292],[28.3926,62.5155],[28.382,62.5102],[28.3714,62.4996],[28.3893,62.4855],[28.3953,62.474],[28.3869,62.4614],[28.3656,62.4583],[28.2924,62.471],[28.2829,62.4651],[28.2869,62.4597],[28.3023,62.4538],[28.3049,62.4492],[28.3032,62.4436],[28.2955,62.4412],[28.2881,62.4416],[28.2743,62.44],[28.2613,62.4342],[28.2548,62.4296],[28.2576,62.4227],[28.266,62.4206],[28.2784,62.4146],[28.2862,62.4049],[28.2882,62.3977],[28.2953,62.3891],[28.3233,62.3803],[28.3288,62.3791],[28.3245,62.3657],[28.3103,62.3579],[28.2756,62.3538],[28.2393,62.3559],[28.2104,62.3541],[28.0903,62.3171],[28.0753,62.2982],[28.0684,62.2861],[28.0357,62.2806],[27.9739,62.2821],[27.9595,62.2776],[27.9814,62.2768],[27.9777,62.2665],[27.9672,62.2601],[27.9471,62.2633],[27.9245,62.2754],[27.8997,62.2859],[27.8831,62.2814],[27.8477,62.2804],[27.8382,62.279],[27.7638,62.3188],[27.7431,62.3399],[27.7638,62.3636],[27.7346,62.3702],[27.6888,62.376],[27.6891,62.3775],[27.6916,62.383],[27.6925,62.3863],[27.6694,62.3944],[27.5419,62.453],[27.5068,62.4722],[27.4898,62.4772],[27.4604,62.4901],[27.4416,62.4927],[27.4393,62.4945],[27.418,62.5057],[27.3862,62.5141],[27.3809,62.5173],[27.3475,62.5212],[27.3496,62.5185],[27.3574,62.5055],[27.3513,62.4994],[27.344,62.4973],[27.3051,62.4806],[27.2791,62.4755],[27.2546,62.4742],[27.2025,62.4641],[27.1848,62.4643],[27.1791,62.47],[27.1595,62.4823],[27.1417,62.4863],[27.1226,62.4884],[27.0689,62.4746],[27.0326,62.4726],[26.9848,62.4813],[26.9706,62.482],[26.9594,62.4791],[26.9603,62.4637],[26.967,62.4541],[26.9514,62.4539],[26.8805,62.4745],[26.8612,62.4738],[26.8416,62.4661],[26.83,62.4589],[26.8219,62.4495],[26.8248,62.4485],[26.8344,62.4463],[26.8199,62.4373],[26.8013,62.4323],[26.7703,62.4325],[26.7118,62.4513],[26.6866,62.4611],[26.6181,62.4643],[26.5891,62.4706],[26.4881,62.5117],[26.4818,62.5246],[26.5825,62.5824],[26.595,62.594],[26.5922,62.5995],[26.5887,62.6001],[26.5849,62.6003],[26.5819,62.6009],[26.592,62.6108],[26.597,62.6255],[26.5832,62.6575],[26.5615,62.6892],[26.5371,62.7034],[26.5267,62.7223],[26.5208,62.7364],[26.5065,62.7487],[26.4721,62.767],[26.4403,62.7792],[26.4156,62.7803],[26.3947,62.7654],[26.3748,62.7544],[26.3605,62.7575],[26.1741,62.8319],[26.1617,62.8439],[26.1832,62.8587],[26.1875,62.8611],[26.1672,62.872],[26.1015,62.8915],[26.068,62.9076],[26.0522,62.921],[26.0639,62.9375],[26.1842,62.954],[26.2403,62.9511],[26.2802,62.9447],[26.2908,62.9455],[26.311,62.9558],[26.3243,62.9688],[26.3188,62.9814],[26.3012,62.9826],[26.2721,62.9917],[26.2476,63.0067],[26.2368,63.0151],[26.2339,63.0322],[26.244,63.0375],[26.2694,63.0414],[26.3136,63.0385],[26.3001,63.0507],[26.272,63.0642],[26.2343,63.0942],[26.2024,63.1247],[26.1609,63.1514],[26.1557,63.1819],[26.1548,63.2028],[26.1611,63.2116],[26.1831,63.2159],[26.1844,63.2281],[26.1657,63.2566],[26.1338,63.3161],[26.1099,63.3424],[26.0938,63.3512],[26.0872,63.368],[26.0995,63.3798],[26.1633,63.4298],[26.17,63.4433],[26.1482,63.4532],[26.1378,63.4563],[26.1673,63.4808],[26.1755,63.4908],[26.1806,63.5028],[26.1916,63.5387],[26.1991,63.553],[26.2202,63.5708],[26.2449,63.5795],[26.2857,63.5888],[26.2893,63.6227],[26.2519,63.7817],[26.238,63.8069],[26.2986,63.8538],[26.694,64.0053],[26.8721,64.0334]]]}},{"type":"Feature","properties":{"id":"FIN-3182","name":"Ostrobothnia","nameBn":"ওস্ত্রোবোথনিয়া","type":"Province","bounds":[21.0652,61.9392,23.734,63.8017],"center":[22.1482,63.0354]},"geometry":{"type":"MultiPolygon","coordinates":[[[[21.3167,61.9392],[21.3125,61.9398],[21.2902,61.9489],[21.2775,61.9515],[21.2949,61.9713],[21.2805,61.9796],[21.2366,61.985],[21.2762,62.0502],[21.2844,62.0749],[21.2891,62.1216],[21.2964,62.1304],[21.3123,62.1091],[21.3291,62.1381],[21.3325,62.1526],[21.3259,62.1638],[21.3403,62.1757],[21.3711,62.1865],[21.384,62.1945],[21.3899,62.2082],[21.3809,62.2178],[21.3533,62.232],[21.3743,62.2668],[21.3523,62.266],[21.34,62.2552],[21.3294,62.2414],[21.3123,62.232],[21.3162,62.2482],[21.3285,62.2772],[21.3328,62.2941],[21.3335,62.3406],[21.339,62.3555],[21.2853,62.3453],[21.2707,62.3493],[21.2625,62.3592],[21.2604,62.372],[21.2653,62.3852],[21.2775,62.3965],[21.2707,62.4108],[21.2051,62.3597],[21.2024,62.3492],[21.2161,62.335],[21.1943,62.3371],[21.1898,62.3524],[21.1951,62.3729],[21.2024,62.3903],[21.1965,62.3915],[21.187,62.3952],[21.1813,62.3965],[21.1895,62.4084],[21.1946,62.4132],[21.2024,62.4176],[21.186,62.4236],[21.1668,62.4213],[21.1478,62.4138],[21.1336,62.404],[21.1314,62.4167],[21.1492,62.4471],[21.1546,62.4648],[21.137,62.458],[21.1243,62.4548],[21.1164,62.4601],[21.113,62.4784],[21.1156,62.4958],[21.1243,62.51],[21.1379,62.5207],[21.1546,62.5275],[21.1488,62.5355],[21.1267,62.5541],[21.1468,62.5628],[21.1673,62.5758],[21.1882,62.5849],[21.2092,62.5821],[21.1935,62.6009],[21.1216,62.6094],[21.1062,62.623],[21.0941,62.6195],[21.0833,62.6127],[21.0652,62.5958],[21.0679,62.6201],[21.0832,62.6592],[21.0789,62.6783],[21.0989,62.6809],[21.1257,62.6902],[21.1497,62.7038],[21.1608,62.7193],[21.1602,62.7302],[21.1556,62.7318],[21.1486,62.7304],[21.1404,62.7329],[21.1228,62.7437],[21.1165,62.7497],[21.1079,62.767],[21.1135,62.7812],[21.1291,62.7908],[21.1509,62.7944],[21.1711,62.7846],[21.1834,62.7824],[21.1888,62.7907],[21.1922,62.7929],[21.2096,62.8076],[21.2161,62.8148],[21.2219,62.831],[21.2227,62.8456],[21.2267,62.8585],[21.2434,62.8695],[21.2674,62.869],[21.3357,62.8555],[21.3567,62.8595],[21.3643,62.8654],[21.3828,62.8746],[21.3908,62.8803],[21.3955,62.8874],[21.3997,62.9007],[21.4092,62.9138],[21.4201,62.9349],[21.4221,62.9418],[21.4275,62.944],[21.4631,62.9514],[21.4465,62.987],[21.4427,63.0051],[21.4426,63.0271],[21.4417,63.0344],[21.4408,63.0378],[21.4441,63.0409],[21.4563,63.0476],[21.4671,63.0479],[21.4753,63.043],[21.4805,63.043],[21.4823,63.0582],[21.4951,63.0717],[21.5234,63.064],[21.5652,63.0408],[21.5955,63.0349],[21.6257,63.0239],[21.6567,63.0179],[21.6885,63.0271],[21.6457,63.0552],[21.5791,63.0837],[21.5596,63.0951],[21.5532,63.1086],[21.5724,63.1234],[21.5601,63.1197],[21.5459,63.1179],[21.532,63.1197],[21.5208,63.1268],[21.5168,63.1376],[21.5178,63.148],[21.5161,63.1555],[21.5034,63.1575],[21.5105,63.1684],[21.5222,63.1721],[21.5519,63.1711],[21.5519,63.1779],[21.5129,63.185],[21.501,63.1925],[21.4966,63.209],[21.5049,63.2174],[21.5238,63.2254],[21.5444,63.231],[21.5581,63.2326],[21.6154,63.2039],[21.6472,63.1977],[21.668,63.2195],[21.688,63.2102],[21.7147,63.2023],[21.7424,63.1997],[21.7642,63.2059],[21.749,63.2109],[21.7179,63.2153],[21.7026,63.2195],[21.7026,63.2258],[21.7437,63.2394],[21.7581,63.2415],[21.7983,63.2394],[21.8213,63.2437],[21.8699,63.2594],[21.8945,63.2605],[21.8845,63.2454],[21.8827,63.2359],[21.8914,63.1966],[21.8899,63.1882],[21.8809,63.1779],[21.9055,63.1754],[21.9839,63.1432],[21.9722,63.165],[21.9559,63.1848],[21.9841,63.1912],[21.9944,63.1964],[22.0044,63.2059],[22.01,63.2158],[22.0125,63.2243],[22.016,63.232],[22.0248,63.2394],[22.0431,63.2456],[22.0536,63.2409],[22.0614,63.2321],[22.072,63.2258],[22.0876,63.2258],[22.114,63.2363],[22.1272,63.2394],[22.1395,63.238],[22.1592,63.2318],[22.1751,63.2326],[22.1802,63.2355],[22.1812,63.2401],[22.1808,63.2445],[22.1819,63.2468],[22.1873,63.2464],[22.195,63.2441],[22.2014,63.2414],[22.203,63.2394],[22.2446,63.2671],[22.2664,63.2853],[22.2781,63.3015],[22.2849,63.3015],[22.3076,63.2759],[22.3301,63.2838],[22.3522,63.3056],[22.3737,63.3214],[22.3639,63.3269],[22.3572,63.3342],[22.3469,63.3493],[22.3338,63.3597],[22.3053,63.3727],[22.2554,63.4064],[22.2505,63.4113],[22.2329,63.4118],[22.2183,63.4144],[22.2058,63.4203],[22.1956,63.4312],[22.1909,63.4584],[22.2134,63.4709],[22.2468,63.4696],[22.2747,63.4557],[22.3049,63.4359],[22.3352,63.4304],[22.367,63.4283],[22.4016,63.4182],[22.3182,63.4605],[22.28,63.4876],[22.2713,63.5137],[22.2814,63.5262],[22.2922,63.5297],[22.3193,63.5274],[22.3374,63.5233],[22.3371,63.5136],[22.3312,63.5023],[22.3333,63.4932],[22.3555,63.4875],[22.3802,63.4854],[22.3968,63.477],[22.3948,63.4523],[22.4074,63.4569],[22.4237,63.468],[22.4358,63.4728],[22.4358,63.4796],[22.4284,63.4888],[22.4315,63.4974],[22.4386,63.5065],[22.4426,63.5175],[22.4455,63.5181],[22.4631,63.5548],[22.4724,63.5618],[22.4837,63.5668],[22.4932,63.5735],[22.4972,63.5858],[22.5034,63.5871],[22.5457,63.5752],[22.5378,63.5877],[22.4972,63.623],[22.5144,63.636],[22.5222,63.6406],[22.532,63.6441],[22.5295,63.6509],[22.5278,63.6539],[22.5251,63.6577],[22.5674,63.6531],[22.5857,63.657],[22.5934,63.6745],[22.5911,63.6942],[22.589,63.7033],[22.5941,63.7043],[22.6133,63.6993],[22.6278,63.6874],[22.6371,63.6831],[22.6411,63.6885],[22.6449,63.6986],[22.6541,63.7038],[22.6652,63.7048],[22.6753,63.7024],[22.6908,63.6938],[22.7023,63.6834],[22.707,63.6713],[22.7026,63.6577],[22.7132,63.6499],[22.7341,63.6276],[22.7405,63.623],[22.7552,63.6241],[22.7734,63.6275],[22.7905,63.633],[22.8023,63.6403],[22.8102,63.6437],[22.8205,63.6442],[22.8293,63.6462],[22.833,63.6544],[22.833,63.6618],[22.8335,63.6673],[22.8357,63.6721],[22.8403,63.6776],[22.8555,63.6872],[22.887,63.6952],[22.9019,63.7055],[22.8853,63.7123],[22.833,63.726],[22.9019,63.726],[22.8821,63.7421],[22.8747,63.7465],[22.9004,63.7401],[22.9147,63.7392],[22.9258,63.7434],[22.9285,63.7488],[22.9299,63.7569],[22.9292,63.7644],[22.9258,63.7676],[22.9077,63.7724],[22.8988,63.7833],[22.9025,63.7949],[22.9224,63.8017],[22.9429,63.8005],[22.9548,63.7933],[22.9732,63.771],[22.99,63.7613],[23.0007,63.7636],[23.0018,63.7737],[22.9907,63.7875],[22.9907,63.7876],[22.9997,63.783],[23.0102,63.7814],[23.022,63.7829],[23.0361,63.787],[23.1979,63.7238],[23.2458,63.7198],[23.2701,63.7287],[23.2931,63.7417],[23.3215,63.7533],[23.362,63.7577],[23.3972,63.7528],[23.4285,63.7453],[23.4495,63.7434],[23.4759,63.7683],[23.5031,63.767],[23.5908,63.7409],[23.7154,63.6887],[23.734,63.6682],[23.7187,63.6633],[23.6131,63.6528],[23.5457,63.6352],[23.5176,63.6405],[23.5074,63.6531],[23.4996,63.6685],[23.4954,63.6679],[23.4834,63.6651],[23.4757,63.6623],[23.4749,63.6582],[23.477,63.6554],[23.4846,63.643],[23.4869,63.6402],[23.4852,63.6371],[23.4809,63.636],[23.467,63.6311],[23.4627,63.6301],[23.46,63.6272],[23.4615,63.6248],[23.4627,63.6215],[23.4636,63.6177],[23.4647,63.6144],[23.461,63.6121],[23.4436,63.6075],[23.4615,63.6035],[23.4919,63.5994],[23.5451,63.5992],[23.5668,63.5924],[23.5682,63.5851],[23.578,63.5567],[23.599,63.5476],[23.6177,63.5436],[23.6399,63.5321],[23.6526,63.5124],[23.6753,63.4242],[23.6869,63.407],[23.7107,63.386],[23.7101,63.3828],[23.7074,63.3816],[23.7035,63.3821],[23.6994,63.3806],[23.6524,63.3963],[23.6133,63.4143],[23.5936,63.4271],[23.5642,63.455],[23.5492,63.4654],[23.5061,63.4786],[23.4503,63.4867],[23.3944,63.4898],[23.3505,63.488],[23.2979,63.4747],[23.2622,63.4526],[23.1989,63.3924],[23.157,63.3673],[23.118,63.3607],[23.0121,63.3709],[22.9884,63.3698],[22.9751,63.3583],[22.976,63.3435],[22.9558,63.3389],[22.9292,63.3455],[22.8659,63.3542],[22.7664,63.3576],[22.7361,63.3557],[22.7506,63.3444],[22.6636,63.3203],[22.6537,63.3155],[22.6706,63.2999],[22.6742,63.2972],[22.6624,63.293],[22.6096,63.2842],[22.5782,63.2708],[22.5684,63.2608],[22.5696,63.2471],[22.5922,63.2427],[22.5978,63.2422],[22.5981,63.2346],[22.5839,63.2243],[22.5748,63.215],[22.5745,63.2125],[22.5848,63.2143],[22.5964,63.2152],[22.5978,63.2109],[22.585,63.1877],[22.5817,63.1835],[22.5892,63.1837],[22.601,63.1858],[22.6649,63.1887],[22.6773,63.1717],[22.6763,63.1442],[22.6742,63.1372],[22.6624,63.1332],[22.6474,63.1297],[22.6403,63.1216],[22.6464,63.1163],[22.6459,63.1055],[22.6322,63.0812],[22.6174,63.0757],[22.5953,63.079],[22.5844,63.0782],[22.5501,63.0709],[22.5398,63.0618],[22.5438,63.0568],[22.5545,63.051],[22.5329,63.048],[22.5138,63.04],[22.498,63.0282],[22.4284,62.9567],[22.4224,62.9397],[22.4204,62.9304],[22.4036,62.9017],[22.4042,62.876],[22.394,62.858],[22.3764,62.8504],[22.2888,62.7936],[22.2479,62.7745],[22.2149,62.7646],[22.179,62.762],[21.9912,62.7823],[21.9157,62.7991],[21.8734,62.8134],[21.7918,62.8566],[21.7678,62.8517],[21.7609,62.8409],[21.7465,62.8265],[21.7339,62.8084],[21.7276,62.7745],[21.7285,62.76],[21.7394,62.7351],[21.748,62.7256],[21.7689,62.7101],[21.7802,62.7036],[21.7706,62.6834],[21.6963,62.6411],[21.6408,62.6172],[21.591,62.6008],[21.5927,62.585],[21.5964,62.5663],[21.6006,62.5602],[21.6152,62.5601],[21.6124,62.5441],[21.6054,62.5288],[21.5866,62.4971],[21.5545,62.4557],[21.5481,62.4368],[21.5512,62.4286],[21.5525,62.411],[21.5461,62.3953],[21.5393,62.3892],[21.5324,62.3791],[21.5367,62.3742],[21.5433,62.3729],[21.5549,62.3722],[21.5591,62.37],[21.5576,62.3573],[21.5577,62.3556],[21.636,62.3657],[21.672,62.3601],[21.6849,62.352],[21.6883,62.3387],[21.6673,62.3354],[21.6694,62.3254],[21.6764,62.3169],[21.6822,62.3012],[21.6823,62.281],[21.6809,62.2695],[21.6951,62.2573],[21.7116,62.2557],[21.7376,62.2499],[21.7578,62.239],[21.7662,62.2308],[21.7612,62.2195],[21.7185,62.2138],[21.6905,62.2066],[21.6753,62.1954],[21.6779,62.1816],[21.6909,62.172],[21.7,62.1594],[21.6977,62.1474],[21.6525,62.1423],[21.6403,62.1103],[21.6357,62.0518],[21.6324,62.0376],[21.636,62.0357],[21.6397,62.0311],[21.6423,62.0257],[21.6466,62.0205],[21.5296,62.0251],[21.4755,62.0223],[21.4258,62.0094],[21.4044,61.9958],[21.3859,61.9784],[21.365,61.9625],[21.3372,61.9532],[21.3167,61.9392]]],[[[21.4221,63.2468],[21.4152,63.2335],[21.4148,63.2204],[21.4196,63.2087],[21.4284,63.1984],[21.4046,63.1925],[21.3775,63.1901],[21.3639,63.1937],[21.3805,63.2059],[21.3628,63.2062],[21.2912,63.1779],[21.2912,63.1711],[21.2982,63.1702],[21.3185,63.1649],[21.3015,63.1562],[21.2835,63.1519],[21.2434,63.1507],[21.2311,63.1584],[21.2192,63.1696],[21.2074,63.1833],[21.1888,63.1916],[21.1758,63.1883],[21.1616,63.182],[21.1472,63.1822],[21.1336,63.1984],[21.1546,63.1984],[21.1546,63.2059],[21.1416,63.2107],[21.1131,63.2275],[21.1028,63.236],[21.0965,63.2455],[21.0818,63.2773],[21.0789,63.2878],[21.1203,63.272],[21.1594,63.2737],[21.1995,63.2807],[21.2434,63.281],[21.2434,63.2748],[21.2272,63.2716],[21.2152,63.2639],[21.1951,63.2394],[21.1979,63.2316],[21.1995,63.2303],[21.1989,63.2302],[21.1951,63.2258],[21.2095,63.2214],[21.2644,63.2195],[21.2722,63.2171],[21.2795,63.2131],[21.2868,63.2114],[21.2949,63.2158],[21.2979,63.223],[21.2946,63.2289],[21.2904,63.2342],[21.2912,63.2394],[21.3158,63.2519],[21.356,63.2607],[21.3963,63.2607],[21.4221,63.2468]]],[[[21.3185,63.2878],[21.3153,63.304],[21.3059,63.3059],[21.2927,63.3022],[21.2775,63.3015],[21.2292,63.3288],[21.2341,63.3328],[21.2388,63.3344],[21.2503,63.335],[21.2766,63.3408],[21.311,63.3556],[21.346,63.3638],[21.3743,63.3493],[21.3739,63.3334],[21.3582,63.3157],[21.3185,63.2878]]],[[[22.0262,63.3222],[22.0335,63.3221],[22.0608,63.3022],[22.0581,63.2949],[22.0466,63.2822],[22.0298,63.2774],[22.0138,63.2777],[22.0071,63.2811],[22.0081,63.2882],[22.0046,63.2912],[21.9978,63.289],[21.9956,63.2847],[21.9946,63.2801],[21.9899,63.2776],[21.9844,63.2772],[21.9783,63.28],[21.9744,63.2868],[21.9777,63.2987],[21.989,63.3104],[22.0023,63.3134],[22.0218,63.3072],[22.03,63.3084],[22.0262,63.3134],[22.012,63.3203],[22.0076,63.3249],[22.0127,63.3261],[22.0186,63.3262],[22.0222,63.3234],[22.0262,63.3222]]],[[[22.1442,63.2514],[22.1365,63.2506],[22.0855,63.2618],[22.0794,63.2663],[22.0832,63.2705],[22.0785,63.2745],[22.0671,63.279],[22.0687,63.2839],[22.0757,63.2862],[22.0833,63.288],[22.0889,63.2946],[22.0828,63.3042],[22.0728,63.3128],[22.0692,63.3185],[22.0786,63.3216],[22.0926,63.3231],[22.1102,63.3289],[22.1235,63.3264],[22.1321,63.3259],[22.14,63.3222],[22.148,63.3156],[22.1582,63.311],[22.1636,63.3117],[22.1644,63.3167],[22.1697,63.3192],[22.1786,63.3179],[22.1863,63.3148],[22.1906,63.3105],[22.1956,63.3098],[22.2026,63.3128],[22.208,63.3179],[22.2107,63.3254],[22.2153,63.333],[22.2217,63.3386],[22.2263,63.3406],[22.2313,63.3388],[22.2357,63.3312],[22.2371,63.3255],[22.2389,63.3138],[22.2463,63.3071],[22.2445,63.3025],[22.2344,63.2932],[22.2227,63.28],[22.2087,63.2733],[22.1873,63.2735],[22.1565,63.2886],[22.1144,63.2842],[22.1141,63.2822],[22.139,63.2791],[22.1585,63.2741],[22.1631,63.2633],[22.1572,63.2565],[22.1487,63.2558],[22.1441,63.2541],[22.1442,63.2514]]],[[[21.9572,63.3316],[21.949,63.3338],[21.9473,63.338],[21.949,63.34],[21.9513,63.3437],[21.9562,63.3493],[21.9612,63.3538],[21.9661,63.3598],[21.9717,63.3651],[21.9782,63.3689],[21.9837,63.3733],[21.9866,63.3779],[21.9964,63.3847],[22.0147,63.3854],[22.0303,63.3834],[22.0459,63.3875],[22.0598,63.3884],[22.065,63.387],[22.0698,63.3852],[22.0794,63.3835],[22.0891,63.3839],[22.096,63.3835],[22.096,63.3803],[22.0889,63.3776],[22.0794,63.3769],[22.0803,63.3736],[22.0851,63.367],[22.0762,63.3601],[22.0593,63.3579],[22.0269,63.3662],[22.0127,63.3637],[22.002,63.3542],[21.9971,63.3485],[21.9841,63.3411],[21.9661,63.3332],[21.9572,63.3316]]],[[[22.808,63.7795],[22.8234,63.7792],[22.8289,63.7763],[22.8255,63.7729],[22.8211,63.7715],[22.8201,63.7689],[22.8191,63.7633],[22.8152,63.7565],[22.812,63.7535],[22.8094,63.7471],[22.8021,63.7382],[22.7932,63.7402],[22.7821,63.7448],[22.7772,63.7418],[22.7804,63.7343],[22.7761,63.7282],[22.7645,63.727],[22.7566,63.7227],[22.7396,63.7205],[22.7192,63.7266],[22.7029,63.7364],[22.6922,63.7511],[22.687,63.7551],[22.6831,63.7586],[22.6815,63.7634],[22.703,63.7698],[22.7114,63.7734],[22.7196,63.7789],[22.7373,63.7856],[22.7638,63.7914],[22.7817,63.7904],[22.7898,63.7838],[22.7957,63.7777],[22.8003,63.7761],[22.8045,63.7782],[22.808,63.7795]]],[[[21.2085,62.9462],[21.1914,62.9539],[21.1829,62.9501],[21.1681,62.946],[21.1467,62.9533],[21.136,62.963],[21.1365,62.9672],[21.1419,62.9682],[21.1482,62.9655],[21.1506,62.9636],[21.1548,62.9676],[21.1594,62.9754],[21.1527,62.9797],[21.1404,62.9846],[21.1318,62.9928],[21.1304,63.0008],[21.1362,63.0066],[21.1452,63.0102],[21.1516,63.0103],[21.1551,63.0068],[21.1598,63.0043],[21.1847,62.9994],[21.1956,62.9944],[21.2074,62.9862],[21.216,62.9752],[21.2212,62.9614],[21.2219,62.9514],[21.2166,62.9471],[21.2085,62.9462]]]]}},{"type":"Feature","properties":{"id":"FIN-3186","name":"Pirkanmaa","nameBn":"সামুতে সোমখন্দ","type":"Region","bounds":[22.5492,60.9463,24.9957,62.488],"center":[23.7573,61.6936]},"geometry":{"type":"Polygon","coordinates":[[[24.0203,62.364],[24.0235,62.3307],[24.0353,62.3094],[24.0539,62.2959],[24.0775,62.2858],[24.1193,62.2726],[24.1641,62.2634],[24.2458,62.2548],[24.2812,62.2287],[24.293,62.2068],[24.3326,62.175],[24.364,62.166],[24.3764,62.1588],[24.4157,62.1547],[24.4436,62.1595],[24.4313,62.1741],[24.4485,62.1803],[24.4996,62.1926],[24.5303,62.1929],[24.5649,62.1809],[24.589,62.1628],[24.6086,62.143],[24.6329,62.1266],[24.6518,62.121],[24.6691,62.109],[24.6675,62.0991],[24.6661,62.0816],[24.6673,62.0659],[24.6686,62.0585],[24.6852,62.0495],[24.7429,62.0339],[24.7735,62.0344],[24.8688,62.0557],[24.8878,62.0388],[24.8958,62.0211],[24.9372,61.9512],[24.9467,61.9177],[24.94,61.8692],[24.9303,61.8295],[24.9378,61.8014],[24.9593,61.7916],[24.9807,61.7872],[24.9714,61.7829],[24.9657,61.7809],[24.9706,61.7718],[24.994,61.7468],[24.9957,61.7316],[24.985,61.7244],[24.9674,61.728],[24.9606,61.7329],[24.9453,61.735],[24.931,61.7272],[24.9227,61.7094],[24.9277,61.6958],[24.9423,61.6827],[24.9659,61.6671],[24.968,61.6568],[24.9632,61.6514],[24.9589,61.6479],[24.9579,61.644],[24.9579,61.6378],[24.9363,61.6331],[24.8706,61.6488],[24.8297,61.6531],[24.7976,61.6373],[24.7899,61.615],[24.8029,61.5974],[24.8218,61.5791],[24.829,61.5679],[24.8516,61.5724],[24.8753,61.5834],[24.9066,61.5802],[24.9121,61.5618],[24.8967,61.5499],[24.8998,61.5448],[24.9211,61.5392],[24.9362,61.5173],[24.9422,61.4868],[24.9582,61.4559],[24.8697,61.4741],[24.86,61.4654],[24.8653,61.4542],[24.8802,61.4358],[24.8955,61.4211],[24.9036,61.4084],[24.903,61.3849],[24.8992,61.3614],[24.9011,61.34],[24.9183,61.3223],[24.9037,61.3162],[24.8941,61.3083],[24.8905,61.2986],[24.8914,61.2927],[24.8812,61.2841],[24.8042,61.2675],[24.7787,61.2687],[24.7645,61.2771],[24.7426,61.3042],[24.7365,61.3104],[24.7244,61.2981],[24.7141,61.2836],[24.6878,61.2744],[24.6556,61.2787],[24.5844,61.2948],[24.5508,61.2959],[24.5175,61.2907],[24.3804,61.2438],[24.3437,61.2382],[24.2795,61.2371],[24.2679,61.2316],[24.2655,61.2157],[24.2741,61.2042],[24.2876,61.1972],[24.2938,61.1954],[24.2822,61.184],[24.2282,61.1583],[24.1871,61.1472],[24.1357,61.1389],[24.1369,61.1364],[24.1402,61.1254],[24.0886,61.1289],[24.0329,61.1214],[23.9326,61.0931],[23.798,61.0753],[23.7785,61.0683],[23.767,61.0572],[23.8,61.0522],[23.8045,61.0484],[23.8027,61.0448],[23.7983,61.0319],[23.7964,61.0283],[23.8045,61.0268],[23.8537,61.0352],[23.8659,61.0351],[23.8781,61.0272],[23.8711,61.0174],[23.8525,61.0087],[23.8252,60.9997],[23.8277,60.9944],[23.8365,60.9904],[23.8511,60.9803],[23.8619,60.9671],[23.866,60.9592],[23.8523,60.9463],[23.8357,60.9501],[23.7789,60.9931],[23.7229,61.0023],[23.707,61.007],[23.6633,61.0043],[23.5855,60.9857],[23.4739,60.9859],[23.4579,60.9822],[23.4601,60.9794],[23.4693,60.9642],[23.437,60.9695],[23.3411,61.0067],[23.2752,61.0191],[23.1974,60.9999],[23.17,61.0081],[23.1487,61.0208],[23.1224,61.0316],[23.0801,61.0341],[23.0333,61.0292],[23.0074,61.0293],[22.9954,61.032],[22.9698,61.0455],[22.9671,61.0573],[22.9749,61.0649],[22.9899,61.0694],[22.9997,61.0707],[23.0009,61.0789],[22.9904,61.0822],[22.9413,61.0779],[22.929,61.0786],[22.9233,61.0885],[22.9299,61.0936],[22.945,61.1024],[22.969,61.1136],[22.9636,61.1199],[22.9512,61.1241],[22.9332,61.1358],[22.9219,61.1533],[22.9185,61.165],[22.9214,61.1769],[22.9495,61.1768],[22.9425,61.1966],[22.9238,61.2109],[22.8673,61.2306],[22.7454,61.2435],[22.6807,61.2417],[22.6615,61.2452],[22.6498,61.2523],[22.6454,61.2605],[22.6427,61.2691],[22.6362,61.2771],[22.5805,61.3172],[22.5727,61.3245],[22.5699,61.3333],[22.5905,61.3401],[22.5896,61.3467],[22.5849,61.353],[22.5653,61.3883],[22.5719,61.3955],[22.6012,61.3929],[22.6275,61.3874],[22.6399,61.3906],[22.644,61.3961],[22.6497,61.4015],[22.6584,61.4041],[22.6668,61.4054],[22.6738,61.4097],[22.671,61.4184],[22.6703,61.4201],[22.6689,61.4225],[22.6752,61.4261],[22.7254,61.432],[22.7288,61.4368],[22.7244,61.4417],[22.7205,61.4519],[22.7218,61.4637],[22.7247,61.4708],[22.7006,61.4794],[22.6734,61.4845],[22.6406,61.5],[22.5999,61.5329],[22.6015,61.5527],[22.6628,61.5828],[22.6863,61.6079],[22.681,61.6248],[22.6853,61.6308],[22.7046,61.6317],[22.7218,61.6477],[22.717,61.6679],[22.704,61.6752],[22.6841,61.6665],[22.6774,61.658],[22.6665,61.6551],[22.6576,61.6652],[22.6539,61.6754],[22.6561,61.6848],[22.6606,61.6882],[22.6772,61.707],[22.6939,61.7315],[22.7147,61.7462],[22.7367,61.7548],[22.7734,61.7654],[22.8055,61.7811],[22.8219,61.7977],[22.8229,61.8228],[22.7906,61.8413],[22.7685,61.8497],[22.7428,61.8539],[22.7434,61.8595],[22.7497,61.8636],[22.7846,61.8676],[22.7837,61.876],[22.7547,61.884],[22.7423,61.8942],[22.7389,61.9035],[22.7234,61.9156],[22.7083,61.9176],[22.6811,61.924],[22.6623,61.9379],[22.6574,61.9507],[22.6402,61.9676],[22.5503,61.9916],[22.5492,62.0033],[22.5935,62.0282],[22.6264,62.0409],[22.6643,62.0498],[22.7295,62.0509],[22.7513,62.0571],[22.7728,62.0677],[22.7762,62.0721],[22.7729,62.079],[22.7741,62.0971],[22.7731,62.1097],[22.7676,62.1226],[22.7642,62.1363],[22.7694,62.1512],[22.7873,62.1593],[22.8266,62.1596],[22.8494,62.1621],[22.8553,62.1731],[22.8396,62.2433],[22.8383,62.2712],[22.945,62.2747],[23.0607,62.29],[23.1668,62.3184],[23.2442,62.3614],[23.2886,62.4068],[23.3161,62.4194],[23.3571,62.4173],[23.3701,62.4104],[23.4012,62.3869],[23.4207,62.3798],[23.4932,62.3767],[23.5051,62.3735],[23.5148,62.375],[23.5114,62.3932],[23.5084,62.4038],[23.5057,62.409],[23.5291,62.413],[23.6577,62.417],[23.6981,62.4267],[23.7543,62.4505],[23.7842,62.4596],[23.8018,62.4626],[23.8174,62.4697],[23.8157,62.4754],[23.8173,62.4816],[23.8256,62.4855],[23.834,62.488],[23.8419,62.4865],[23.8391,62.4629],[23.8474,62.4622],[23.8558,62.4666],[23.8706,62.4762],[23.8846,62.4824],[23.8995,62.4799],[23.9101,62.4694],[23.9096,62.459],[23.9051,62.4488],[23.9039,62.4392],[23.9221,62.407],[23.9492,62.3904],[24.0203,62.364]]]}},{"type":"Feature","properties":{"id":"FIN-3184","name":"Päijät-Häme","nameBn":"পাইজান তাভাস্তিয়া","type":"Province","bounds":[24.86,60.6884,26.5151,61.798],"center":[25.6876,61.2034]},"geometry":{"type":"Polygon","coordinates":[[[26.3195,61.6076],[26.3211,61.5969],[26.3197,61.5807],[26.3203,61.576],[26.3167,61.5728],[26.282,61.5769],[26.2804,61.5725],[26.2846,61.5665],[26.2895,61.5556],[26.2917,61.5422],[26.2923,61.5327],[26.2907,61.5248],[26.2878,61.5248],[26.277,61.5214],[26.2659,61.5135],[26.2602,61.5021],[26.2641,61.4983],[26.277,61.4882],[26.2809,61.4843],[26.2838,61.4784],[26.2781,61.4688],[26.2604,61.4456],[26.2569,61.4391],[26.2657,61.425],[26.2836,61.414],[26.3148,61.4027],[26.3186,61.3971],[26.3132,61.3936],[26.3049,61.3857],[26.2936,61.3708],[26.3041,61.3653],[26.3183,61.3621],[26.3721,61.3348],[26.4033,61.3241],[26.4792,61.3116],[26.4985,61.3],[26.5151,61.2737],[26.4654,61.2661],[26.4428,61.2592],[26.4331,61.2537],[26.4182,61.2192],[26.3954,61.1998],[26.3006,61.1549],[26.1979,61.133],[26.1667,61.1357],[26.1302,61.1514],[26.0855,61.1378],[26.0607,61.121],[26.0521,61.1076],[26.0582,61.0902],[26.0681,61.0877],[26.0837,61.0822],[26.0967,61.0753],[26.1087,61.0669],[26.115,61.0576],[26.1184,61.0466],[26.1244,61.0363],[26.131,61.0319],[26.1366,61.0249],[26.1185,60.9936],[26.1116,60.9856],[26.0957,60.9818],[26.0563,60.9853],[26.0462,60.9841],[26.0428,60.9551],[26.0771,60.9389],[26.1457,60.9301],[26.1594,60.92],[26.1514,60.9121],[26.1351,60.8988],[26.1242,60.8853],[26.1232,60.8763],[26.119,60.8679],[26.1119,60.867],[26.0968,60.862],[26.0858,60.8525],[26.0834,60.8381],[26.0931,60.8307],[26.1551,60.8258],[26.1803,60.8156],[26.1969,60.7997],[26.2077,60.7793],[26.2155,60.7554],[26.2183,60.7479],[26.2186,60.7412],[26.2209,60.7358],[26.2249,60.7334],[26.2146,60.7156],[26.1954,60.704],[26.1733,60.6972],[26.1261,60.6945],[26.0337,60.7059],[25.9762,60.7054],[25.9482,60.7089],[25.9333,60.7153],[25.9237,60.7234],[25.9113,60.7305],[25.8883,60.734],[25.6105,60.6884],[25.5718,60.6893],[25.5234,60.7044],[25.5214,60.7315],[25.5099,60.7581],[25.4928,60.7797],[25.4738,60.7921],[25.442,60.7926],[25.3744,60.7637],[25.3295,60.7573],[25.3044,60.7624],[25.2789,60.774],[25.2268,60.8064],[25.2152,60.8161],[25.2097,60.8253],[25.2071,60.8271],[25.1937,60.8301],[25.1089,60.8199],[25.1028,60.8214],[25.0964,60.8217],[25.0934,60.8214],[25.0863,60.8288],[25.0842,60.8378],[25.0883,60.8478],[25.0976,60.8552],[25.1416,60.9087],[25.1646,60.9299],[25.1907,60.9487],[25.2204,60.9634],[25.2373,60.969],[25.2543,60.9766],[25.2553,60.9821],[25.2501,60.9895],[25.2438,60.9935],[25.2266,61.0022],[25.2124,61.0073],[25.2091,61.0106],[25.222,61.0133],[25.2309,61.0142],[25.2366,61.0138],[25.2518,61.0285],[25.2867,61.0757],[25.2876,61.103],[25.2655,61.1137],[25.2406,61.1206],[25.2411,61.1283],[25.24,61.1331],[25.2381,61.1385],[25.2429,61.1483],[25.2494,61.1536],[25.2564,61.1631],[25.2596,61.1741],[25.2607,61.181],[25.2521,61.1921],[25.2234,61.2052],[25.2094,61.2186],[25.2056,61.2288],[25.1877,61.24],[25.0761,61.2535],[25.0324,61.2539],[25.0202,61.2628],[25.0167,61.2747],[25.0036,61.2817],[24.9904,61.279],[24.9703,61.2819],[24.9495,61.2872],[24.9357,61.288],[24.9213,61.2917],[24.9175,61.3111],[24.9183,61.3223],[24.9011,61.34],[24.8992,61.3614],[24.903,61.3849],[24.9036,61.4084],[24.8955,61.4211],[24.8802,61.4358],[24.8653,61.4542],[24.86,61.4654],[24.8697,61.4741],[24.9582,61.4559],[24.9669,61.4511],[25.4033,61.4841],[25.4265,61.4904],[25.4438,61.5035],[25.461,61.527],[25.477,61.5644],[25.5025,61.6537],[25.5162,61.678],[25.5309,61.6815],[25.5822,61.6754],[25.5976,61.6791],[25.6335,61.6959],[25.6643,61.7037],[25.6909,61.7059],[25.7393,61.7045],[25.7573,61.7024],[25.7484,61.6933],[25.764,61.693],[25.7795,61.7014],[25.8164,61.735],[25.8451,61.7738],[25.8512,61.7862],[25.862,61.798],[25.8709,61.795],[25.8779,61.7871],[25.8756,61.7762],[25.8706,61.7692],[25.8749,61.7602],[25.8851,61.7588],[25.9011,61.761],[25.9121,61.7704],[25.9159,61.7788],[25.9249,61.7837],[25.9644,61.7666],[25.9784,61.7581],[25.9866,61.7487],[25.9996,61.7273],[26.0093,61.7207],[26.0303,61.7182],[26.0524,61.7275],[26.0654,61.7192],[26.0702,61.7135],[26.0779,61.7097],[26.0816,61.705],[26.0799,61.7002],[26.0717,61.6868],[26.0674,61.6771],[26.062,61.6701],[26.0573,61.6682],[26.0576,61.6656],[26.0674,61.6566],[26.0778,61.6515],[26.1191,61.6429],[26.1461,61.6263],[26.1555,61.6266],[26.1642,61.6313],[26.2526,61.6497],[26.2894,61.6521],[26.304,61.6499],[26.3121,61.6385],[26.3079,61.6324],[26.307,61.6241],[26.3117,61.6167],[26.3195,61.6076]]]}},{"type":"Feature","properties":{"id":"FIN-3192","name":"Satakunta","nameBn":"সাটাকুন্টা","type":"Region","bounds":[21.3167,60.8857,23.0009,62.3041],"center":[22.1012,61.4773]},"geometry":{"type":"MultiPolygon","coordinates":[[[[21.4081,61.0482],[21.4077,61.0507],[21.3914,61.0579],[21.367,61.0601],[21.3953,61.0694],[21.4539,61.055],[21.4823,61.0601],[21.4683,61.0668],[21.4548,61.0782],[21.4505,61.0908],[21.4631,61.1011],[21.4524,61.1252],[21.4461,61.1352],[21.4352,61.1427],[21.4451,61.1431],[21.47,61.1496],[21.4627,61.1494],[21.4558,61.1502],[21.4491,61.1523],[21.4426,61.1557],[21.4563,61.17],[21.4426,61.17],[21.4558,61.1762],[21.471,61.1782],[21.5034,61.1774],[21.4989,61.1874],[21.4966,61.1911],[21.5266,61.1997],[21.5581,61.2042],[21.5435,61.2251],[21.5241,61.2346],[21.4761,61.2458],[21.4856,61.2562],[21.4994,61.2611],[21.5083,61.2668],[21.5034,61.2799],[21.5444,61.2799],[21.5444,61.2873],[21.542,61.2927],[21.5444,61.3108],[21.5444,61.3209],[21.542,61.3269],[21.5342,61.3295],[21.5308,61.3345],[21.53,61.3405],[21.5317,61.3497],[21.5308,61.355],[21.5243,61.3753],[21.5184,61.3816],[21.5034,61.3891],[21.4901,61.3933],[21.4621,61.3984],[21.4489,61.4028],[21.4779,61.4116],[21.5417,61.4084],[21.5724,61.4164],[21.5579,61.4312],[21.5422,61.4421],[21.5103,61.458],[21.4421,61.475],[21.4221,61.4853],[21.5557,61.4752],[21.5921,61.4853],[21.5711,61.5141],[21.5656,61.5195],[21.551,61.5218],[21.5243,61.5174],[21.5103,61.5195],[21.47,61.5468],[21.4619,61.5578],[21.4601,61.5624],[21.4665,61.5644],[21.4823,61.5679],[21.508,61.5701],[21.6234,61.5459],[21.6869,61.5245],[21.7163,61.5195],[21.7163,61.5269],[21.6481,61.5603],[21.6143,61.5854],[21.5918,61.6281],[21.5733,61.6356],[21.5525,61.6408],[21.5376,61.6498],[21.5361,61.658],[21.5441,61.6728],[21.541,61.6802],[21.5178,61.7051],[21.5178,61.7112],[21.5363,61.7082],[21.5703,61.695],[21.5859,61.6977],[21.5593,61.7133],[21.4893,61.737],[21.47,61.7597],[21.4727,61.7719],[21.4819,61.7856],[21.489,61.7991],[21.4861,61.8112],[21.4725,61.8168],[21.4556,61.82],[21.4446,61.8263],[21.4489,61.8416],[21.4185,61.8625],[21.4032,61.8764],[21.3942,61.8894],[21.4036,61.8931],[21.412,61.9001],[21.4141,61.9069],[21.3936,61.9132],[21.3895,61.9211],[21.3872,61.9304],[21.3805,61.9378],[21.3714,61.9391],[21.3257,61.9378],[21.3167,61.9392],[21.3372,61.9532],[21.365,61.9625],[21.3859,61.9784],[21.4044,61.9958],[21.4258,62.0094],[21.4755,62.0223],[21.5296,62.0251],[21.6466,62.0205],[21.933,61.9853],[22.0182,61.9932],[22.0637,62.0104],[22.1777,62.0833],[22.2295,62.1019],[22.3388,62.124],[22.3842,62.1468],[22.4027,62.1598],[22.5078,62.2113],[22.5456,62.2363],[22.559,62.2511],[22.5718,62.2707],[22.587,62.3018],[22.6189,62.3041],[22.7045,62.2841],[22.8383,62.2712],[22.8396,62.2433],[22.8553,62.1731],[22.8494,62.1621],[22.8266,62.1596],[22.7873,62.1593],[22.7694,62.1512],[22.7642,62.1363],[22.7676,62.1226],[22.7731,62.1097],[22.7741,62.0971],[22.7729,62.079],[22.7762,62.0721],[22.7728,62.0677],[22.7513,62.0571],[22.7295,62.0509],[22.6643,62.0498],[22.6264,62.0409],[22.5935,62.0282],[22.5492,62.0033],[22.5503,61.9916],[22.6402,61.9676],[22.6574,61.9507],[22.6623,61.9379],[22.6811,61.924],[22.7083,61.9176],[22.7234,61.9156],[22.7389,61.9035],[22.7423,61.8942],[22.7547,61.884],[22.7837,61.876],[22.7846,61.8676],[22.7497,61.8636],[22.7434,61.8595],[22.7428,61.8539],[22.7685,61.8497],[22.7906,61.8413],[22.8229,61.8228],[22.8219,61.7977],[22.8055,61.7811],[22.7734,61.7654],[22.7367,61.7548],[22.7147,61.7462],[22.6939,61.7315],[22.6772,61.707],[22.6606,61.6882],[22.6561,61.6848],[22.6539,61.6754],[22.6576,61.6652],[22.6665,61.6551],[22.6774,61.658],[22.6841,61.6665],[22.704,61.6752],[22.717,61.6679],[22.7218,61.6477],[22.7046,61.6317],[22.6853,61.6308],[22.681,61.6248],[22.6863,61.6079],[22.6628,61.5828],[22.6015,61.5527],[22.5999,61.5329],[22.6406,61.5],[22.6734,61.4845],[22.7006,61.4794],[22.7247,61.4708],[22.7218,61.4637],[22.7205,61.4519],[22.7244,61.4417],[22.7288,61.4368],[22.7254,61.432],[22.6752,61.4261],[22.6689,61.4225],[22.6703,61.4201],[22.671,61.4184],[22.6738,61.4097],[22.6668,61.4054],[22.6584,61.4041],[22.6497,61.4015],[22.644,61.3961],[22.6399,61.3906],[22.6275,61.3874],[22.6012,61.3929],[22.5719,61.3955],[22.5653,61.3883],[22.5849,61.353],[22.5896,61.3467],[22.5905,61.3401],[22.5699,61.3333],[22.5727,61.3245],[22.5805,61.3172],[22.6362,61.2771],[22.6427,61.2691],[22.6454,61.2605],[22.6498,61.2523],[22.6615,61.2452],[22.6807,61.2417],[22.7454,61.2435],[22.8673,61.2306],[22.9238,61.2109],[22.9425,61.1966],[22.9495,61.1768],[22.9214,61.1769],[22.9185,61.165],[22.9219,61.1533],[22.9332,61.1358],[22.9512,61.1241],[22.9636,61.1199],[22.969,61.1136],[22.945,61.1024],[22.9299,61.0936],[22.9233,61.0885],[22.929,61.0786],[22.9413,61.0779],[22.9904,61.0822],[23.0009,61.0789],[22.9997,61.0707],[22.9899,61.0694],[22.9749,61.0649],[22.9671,61.0573],[22.9698,61.0455],[22.9219,61.0547],[22.8407,61.0911],[22.826,61.09],[22.8256,61.0779],[22.8352,61.0724],[22.8376,61.0598],[22.8277,61.0463],[22.8197,61.0403],[22.8277,61.0125],[22.8011,60.9966],[22.7574,60.987],[22.723,60.9833],[22.5702,60.986],[22.5483,60.9818],[22.5346,60.97],[22.5656,60.9512],[22.5731,60.948],[22.5619,60.9436],[22.2462,60.9246],[22.2147,60.9148],[22.1735,60.8891],[22.1511,60.8857],[22.0056,60.8987],[21.9892,60.9086],[21.9887,60.9162],[21.9779,60.928],[21.9514,60.9425],[21.9454,60.9507],[21.9476,60.9545],[21.9494,60.9605],[21.9504,60.9677],[21.9519,60.9732],[21.9295,60.9801],[21.9059,60.9846],[21.8448,61.0097],[21.81,61.0183],[21.822,61.0304],[21.8244,61.0325],[21.8143,61.0358],[21.8015,61.0367],[21.779,61.0353],[21.7665,61.028],[21.7664,61.0198],[21.7555,61.006],[21.7399,61.0018],[21.7064,60.9988],[21.6747,61.0018],[21.6497,61.0095],[21.6446,61.0171],[21.6413,61.0293],[21.6357,61.0407],[21.6237,61.0458],[21.6082,61.0427],[21.6003,61.0344],[21.5988,61.0228],[21.6005,61.0163],[21.5742,61.0078],[21.4934,61.0037],[21.4506,61.0146],[21.4195,61.047],[21.4081,61.0482]]],[[[21.4219,61.1767],[21.4294,61.173],[21.4317,61.1715],[21.4236,61.1721],[21.3888,61.181],[21.3694,61.1761],[21.3524,61.176],[21.3467,61.1776],[21.3482,61.1779],[21.3498,61.178],[21.3472,61.1819],[21.3429,61.1906],[21.3464,61.1963],[21.3535,61.1975],[21.3574,61.1998],[21.3568,61.2026],[21.3631,61.2086],[21.3801,61.214],[21.3914,61.2096],[21.3858,61.201],[21.3892,61.1922],[21.4219,61.1767]]],[[[21.5213,61.634],[21.5239,61.6331],[21.5261,61.6291],[21.522,61.6254],[21.5147,61.6249],[21.5105,61.6222],[21.5078,61.6181],[21.501,61.6177],[21.4784,61.6208],[21.4619,61.6262],[21.46,61.6293],[21.471,61.6303],[21.4845,61.6404],[21.5213,61.634]]]]}},{"type":"Feature","properties":{"id":"FIN-3188","name":"South Karelia","nameBn":"দক্ষিণ কারেলিয়া","type":"Province","bounds":[26.9685,60.6642,30.1456,61.8508],"center":[28.5567,61.2148]},"geometry":{"type":"Polygon","coordinates":[[[30.1456,61.8505],[29.9777,61.7282],[29.8422,61.6602],[29.8219,61.6446],[29.7981,61.6097],[29.7791,61.5931],[29.6351,61.5111],[29.6043,61.4992],[29.5397,61.485],[29.517,61.4751],[29.4991,61.4592],[29.4809,61.4348],[29.4634,61.4138],[29.3184,61.3384],[29.2893,61.3162],[29.2771,61.3046],[29.2623,61.2905],[29.2032,61.2459],[29.1301,61.2134],[28.9808,61.1681],[28.9264,61.1479],[28.8555,61.1127],[28.7976,61.0968],[28.7813,61.087],[28.7502,61.0614],[28.689,61.0274],[28.6707,61.0125],[28.6538,60.9919],[28.6537,60.9918],[28.6537,60.9917],[28.6146,60.9619],[28.5264,60.9502],[28.4809,60.9335],[28.3359,60.8594],[28.2439,60.7916],[28.1481,60.7577],[28.0038,60.6642],[28.003,60.6643],[27.9881,60.6663],[27.9791,60.6661],[27.9561,60.6682],[27.953,60.6698],[27.9543,60.6711],[27.9571,60.6732],[27.9615,60.6759],[27.9546,60.6819],[27.9041,60.6999],[27.8875,60.7084],[27.8783,60.7191],[27.8624,60.7463],[27.8529,60.7557],[27.8128,60.7633],[27.7676,60.7605],[27.7304,60.7652],[27.7179,60.7778],[27.6884,60.7987],[27.5108,60.7978],[27.4801,60.807],[27.4525,60.8231],[27.4043,60.8579],[27.3715,60.8729],[27.2463,60.8981],[27.2118,60.9093],[27.143,60.9469],[27.1303,60.9585],[27.1313,60.9639],[27.1463,60.9624],[27.1612,60.9583],[27.1926,60.954],[27.2239,60.957],[27.2393,60.9621],[27.2424,60.972],[27.2319,60.9755],[27.2222,60.9831],[27.2159,60.9915],[27.2043,60.9997],[27.1901,61.0031],[27.1567,61.0067],[27.149,61.0087],[27.1447,61.0137],[27.1613,61.0271],[27.1533,61.0391],[27.1497,61.0533],[27.1683,61.0729],[27.2026,61.0864],[27.2186,61.0903],[27.2293,61.0969],[27.2175,61.1028],[27.2115,61.1046],[27.198,61.1059],[27.1897,61.1056],[27.1876,61.1134],[27.2076,61.1327],[27.215,61.1446],[27.2132,61.1618],[27.3304,61.1683],[27.3486,61.1714],[27.3666,61.1814],[27.3663,61.1866],[27.3675,61.1926],[27.3743,61.1968],[27.3828,61.1995],[27.3899,61.2038],[27.3883,61.2056],[27.3863,61.2102],[27.3858,61.213],[27.3609,61.2127],[27.3358,61.2183],[27.325,61.2289],[27.3331,61.2367],[27.3311,61.2528],[27.2773,61.2888],[27.2413,61.305],[27.2261,61.3161],[27.2434,61.319],[27.2557,61.3244],[27.2407,61.3299],[27.1434,61.3284],[26.9764,61.3439],[26.9685,61.3598],[26.9853,61.3692],[27.0184,61.3753],[27.0917,61.3714],[27.1131,61.373],[27.2024,61.3997],[27.2503,61.4037],[27.3034,61.4006],[27.5403,61.3603],[28.1815,61.3733],[28.3416,61.4186],[28.3965,61.4469],[28.409,61.4579],[28.4159,61.4676],[28.4201,61.4756],[28.4249,61.4814],[28.4469,61.4979],[28.4689,61.5092],[28.494,61.5118],[28.5101,61.5084],[28.5383,61.4813],[28.5629,61.4729],[28.6532,61.4696],[28.7505,61.4816],[28.8093,61.498],[28.817,61.5084],[28.815,61.5308],[28.8207,61.538],[28.8382,61.5392],[28.8932,61.5335],[29.0533,61.5342],[29.1902,61.5482],[29.2461,61.5599],[29.272,61.5721],[29.3411,61.6215],[29.4664,61.6581],[29.5324,61.6848],[29.564,61.7241],[30.0572,61.8488],[30.1433,61.8508],[30.145,61.8506],[30.1456,61.8505]]]}},{"type":"Feature","properties":{"id":"FIN-3183","name":"Southern Ostrobothnia","nameBn":"দক্ষিণ ওস্ট্রোবোথনিয়া","type":"Province","bounds":[21.5324,61.9853,24.5825,63.4898],"center":[23.1486,62.7521]},"geometry":{"type":"Polygon","coordinates":[[[23.6994,63.3806],[23.7196,63.357],[23.743,63.3356],[23.7695,63.317],[23.7994,63.3016],[23.8336,63.2895],[23.8705,63.2816],[24.0432,63.2631],[24.1115,63.2381],[24.2018,63.1915],[24.2249,63.1745],[24.2033,63.1667],[24.1898,63.1601],[24.1783,63.1516],[24.2194,63.1521],[24.3628,63.1192],[24.3454,63.0959],[24.3265,63.0768],[24.3013,63.0651],[24.2661,63.0603],[24.2783,63.0347],[24.2866,63.0323],[24.2928,63.0342],[24.2967,63.035],[24.3003,63.0266],[24.3,63.0178],[24.301,63.0057],[24.3047,62.9949],[24.3126,62.9811],[24.3254,62.971],[24.3393,62.9654],[24.3474,62.9516],[24.3466,62.9342],[24.3642,62.9179],[24.3855,62.9173],[24.4199,62.9111],[24.4436,62.8958],[24.4509,62.8831],[24.4411,62.868],[24.3799,62.8644],[24.3655,62.8618],[24.3652,62.8435],[24.4272,62.7958],[24.5045,62.7125],[24.5365,62.6873],[24.558,62.6757],[24.5711,62.6606],[24.5203,62.6354],[24.5117,62.6282],[24.515,62.6186],[24.5461,62.6178],[24.5744,62.6198],[24.5825,62.6172],[24.5817,62.6116],[24.5779,62.6084],[24.5556,62.6094],[24.555,62.6061],[24.5573,62.6027],[24.559,62.5992],[24.5633,62.5884],[24.5651,62.5848],[24.5637,62.5809],[24.5421,62.5782],[24.5373,62.5761],[24.537,62.5742],[24.5368,62.5675],[24.5391,62.5637],[24.5427,62.563],[24.5423,62.5595],[24.5399,62.5596],[24.5298,62.561],[24.5274,62.5609],[24.5272,62.5556],[24.5294,62.5509],[24.5297,62.5478],[24.5267,62.5443],[24.5261,62.5341],[24.5228,62.5203],[24.5105,62.5145],[24.5111,62.5101],[24.5136,62.5039],[24.5023,62.4984],[24.4888,62.4976],[24.4769,62.4955],[24.4547,62.4882],[24.4343,62.4786],[24.4221,62.4801],[24.4186,62.486],[24.4089,62.4933],[24.3954,62.4956],[24.3866,62.4963],[24.3723,62.5],[24.3278,62.4913],[24.3288,62.4806],[24.3347,62.4689],[24.3263,62.4587],[24.3037,62.4567],[24.2208,62.4706],[24.1981,62.4688],[24.1692,62.4587],[24.132,62.4409],[24.0496,62.3907],[24.0203,62.364],[23.9492,62.3904],[23.9221,62.407],[23.9039,62.4392],[23.9051,62.4488],[23.9096,62.459],[23.9101,62.4694],[23.8995,62.4799],[23.8846,62.4824],[23.8706,62.4762],[23.8558,62.4666],[23.8474,62.4622],[23.8391,62.4629],[23.8419,62.4865],[23.834,62.488],[23.8256,62.4855],[23.8173,62.4816],[23.8157,62.4754],[23.8174,62.4697],[23.8018,62.4626],[23.7842,62.4596],[23.7543,62.4505],[23.6981,62.4267],[23.6577,62.417],[23.5291,62.413],[23.5057,62.409],[23.5084,62.4038],[23.5114,62.3932],[23.5148,62.375],[23.5051,62.3735],[23.4932,62.3767],[23.4207,62.3798],[23.4012,62.3869],[23.3701,62.4104],[23.3571,62.4173],[23.3161,62.4194],[23.2886,62.4068],[23.2442,62.3614],[23.1668,62.3184],[23.0607,62.29],[22.945,62.2747],[22.8383,62.2712],[22.7045,62.2841],[22.6189,62.3041],[22.587,62.3018],[22.5718,62.2707],[22.559,62.2511],[22.5456,62.2363],[22.5078,62.2113],[22.4027,62.1598],[22.3842,62.1468],[22.3388,62.124],[22.2295,62.1019],[22.1777,62.0833],[22.0637,62.0104],[22.0182,61.9932],[21.933,61.9853],[21.6466,62.0205],[21.6423,62.0257],[21.6397,62.0311],[21.636,62.0357],[21.6324,62.0376],[21.6357,62.0518],[21.6403,62.1103],[21.6525,62.1423],[21.6977,62.1474],[21.7,62.1594],[21.6909,62.172],[21.6779,62.1816],[21.6753,62.1954],[21.6905,62.2066],[21.7185,62.2138],[21.7612,62.2195],[21.7662,62.2308],[21.7578,62.239],[21.7376,62.2499],[21.7116,62.2557],[21.6951,62.2573],[21.6809,62.2695],[21.6823,62.281],[21.6822,62.3012],[21.6764,62.3169],[21.6694,62.3254],[21.6673,62.3354],[21.6883,62.3387],[21.6849,62.352],[21.672,62.3601],[21.636,62.3657],[21.5577,62.3556],[21.5576,62.3573],[21.5591,62.37],[21.5549,62.3722],[21.5433,62.3729],[21.5367,62.3742],[21.5324,62.3791],[21.5393,62.3892],[21.5461,62.3953],[21.5525,62.411],[21.5512,62.4286],[21.5481,62.4368],[21.5545,62.4557],[21.5866,62.4971],[21.6054,62.5288],[21.6124,62.5441],[21.6152,62.5601],[21.6006,62.5602],[21.5964,62.5663],[21.5927,62.585],[21.591,62.6008],[21.6408,62.6172],[21.6963,62.6411],[21.7706,62.6834],[21.7802,62.7036],[21.7689,62.7101],[21.748,62.7256],[21.7394,62.7351],[21.7285,62.76],[21.7276,62.7745],[21.7339,62.8084],[21.7465,62.8265],[21.7609,62.8409],[21.7678,62.8517],[21.7918,62.8566],[21.8734,62.8134],[21.9157,62.7991],[21.9912,62.7823],[22.179,62.762],[22.2149,62.7646],[22.2479,62.7745],[22.2888,62.7936],[22.3764,62.8504],[22.394,62.858],[22.4042,62.876],[22.4036,62.9017],[22.4204,62.9304],[22.4224,62.9397],[22.4284,62.9567],[22.498,63.0282],[22.5138,63.04],[22.5329,63.048],[22.5545,63.051],[22.5438,63.0568],[22.5398,63.0618],[22.5501,63.0709],[22.5844,63.0782],[22.5953,63.079],[22.6174,63.0757],[22.6322,63.0812],[22.6459,63.1055],[22.6464,63.1163],[22.6403,63.1216],[22.6474,63.1297],[22.6624,63.1332],[22.6742,63.1372],[22.6763,63.1442],[22.6773,63.1717],[22.6649,63.1887],[22.601,63.1858],[22.5892,63.1837],[22.5817,63.1835],[22.585,63.1877],[22.5978,63.2109],[22.5964,63.2152],[22.5848,63.2143],[22.5745,63.2125],[22.5748,63.215],[22.5839,63.2243],[22.5981,63.2346],[22.5978,63.2422],[22.5922,63.2427],[22.5696,63.2471],[22.5684,63.2608],[22.5782,63.2708],[22.6096,63.2842],[22.6624,63.293],[22.6742,63.2972],[22.6706,63.2999],[22.6537,63.3155],[22.6636,63.3203],[22.7506,63.3444],[22.7361,63.3557],[22.7664,63.3576],[22.8659,63.3542],[22.9292,63.3455],[22.9558,63.3389],[22.976,63.3435],[22.9751,63.3583],[22.9884,63.3698],[23.0121,63.3709],[23.118,63.3607],[23.157,63.3673],[23.1989,63.3924],[23.2622,63.4526],[23.2979,63.4747],[23.3505,63.488],[23.3944,63.4898],[23.4503,63.4867],[23.5061,63.4786],[23.5492,63.4654],[23.5642,63.455],[23.5936,63.4271],[23.6133,63.4143],[23.6524,63.3963],[23.6994,63.3806]]]}},{"type":"Feature","properties":{"id":"FIN-3189","name":"Southern Savonia","nameBn":"দক্ষিণ সভোনিয়া","type":"Province","bounds":[26.2448,61.1515,29.6938,62.6533],"center":[27.9693,61.8152]},"geometry":{"type":"Polygon","coordinates":[[[28.5204,62.5555],[28.5345,62.5588],[28.5354,62.5712],[28.4789,62.581],[28.495,62.5871],[28.5964,62.5909],[28.616,62.5964],[28.6306,62.6054],[28.6088,62.6065],[28.6128,62.6093],[28.6198,62.613],[28.6352,62.6249],[28.6488,62.6393],[28.6582,62.6533],[28.8098,62.6308],[28.8274,62.6248],[28.9141,62.5847],[28.9322,62.5796],[28.9556,62.5661],[28.9636,62.5582],[28.9889,62.5445],[29.031,62.5297],[29.0398,62.524],[29.0145,62.5144],[29.0241,62.5094],[29.1071,62.4911],[29.1137,62.483],[29.1074,62.4767],[29.0969,62.462],[29.0884,62.4442],[29.0846,62.4337],[29.084,62.4213],[29.087,62.4199],[29.0932,62.418],[29.1045,62.4168],[29.1078,62.4143],[29.1024,62.3991],[29.1019,62.3967],[29.1116,62.3919],[29.1434,62.385],[29.1593,62.3855],[29.1625,62.3898],[29.1834,62.4098],[29.2088,62.4176],[29.2495,62.4096],[29.2814,62.383],[29.3134,62.3323],[29.3398,62.2991],[29.3559,62.2834],[29.3931,62.2555],[29.4131,62.2448],[29.4211,62.2201],[29.4151,62.2],[29.4221,62.1606],[29.4414,62.1247],[29.4591,62.0987],[29.4938,62.0615],[29.5452,62.0259],[29.6046,61.9972],[29.6339,61.9872],[29.6564,61.9731],[29.6341,61.9523],[29.6218,61.9351],[29.6166,61.9235],[29.6238,61.9059],[29.6863,61.8754],[29.6928,61.8671],[29.6736,61.8504],[29.6897,61.8427],[29.6938,61.8249],[29.6536,61.7833],[29.564,61.7241],[29.5324,61.6848],[29.4664,61.6581],[29.3411,61.6215],[29.272,61.5721],[29.2461,61.5599],[29.1902,61.5482],[29.0533,61.5342],[28.8932,61.5335],[28.8382,61.5392],[28.8207,61.538],[28.815,61.5308],[28.817,61.5084],[28.8093,61.498],[28.7505,61.4816],[28.6532,61.4696],[28.5629,61.4729],[28.5383,61.4813],[28.5101,61.5084],[28.494,61.5118],[28.4689,61.5092],[28.4469,61.4979],[28.4249,61.4814],[28.4201,61.4756],[28.4159,61.4676],[28.409,61.4579],[28.3965,61.4469],[28.3416,61.4186],[28.1815,61.3733],[27.5403,61.3603],[27.3034,61.4006],[27.2503,61.4037],[27.2024,61.3997],[27.1131,61.373],[27.0917,61.3714],[27.0184,61.3753],[26.9853,61.3692],[26.9685,61.3598],[26.9764,61.3439],[27.1434,61.3284],[27.2407,61.3299],[27.2557,61.3244],[27.2434,61.319],[27.2261,61.3161],[27.2413,61.305],[27.2773,61.2888],[27.3311,61.2528],[27.3331,61.2367],[27.325,61.2289],[27.3358,61.2183],[27.3609,61.2127],[27.3858,61.213],[27.3863,61.2102],[27.3883,61.2056],[27.3899,61.2038],[27.3828,61.1995],[27.3743,61.1968],[27.3675,61.1926],[27.3663,61.1866],[27.3666,61.1814],[27.3486,61.1714],[27.3304,61.1683],[27.2132,61.1618],[27.0016,61.1515],[26.9436,61.1713],[26.9285,61.1847],[26.9252,61.1905],[26.9224,61.2036],[26.9218,61.2103],[26.9183,61.2268],[26.9089,61.2404],[26.8969,61.2491],[26.887,61.2606],[26.884,61.2714],[26.8719,61.2833],[26.8376,61.2826],[26.8163,61.2794],[26.7969,61.2735],[26.7854,61.2659],[26.7705,61.2466],[26.7614,61.2392],[26.7329,61.2258],[26.6989,61.2142],[26.6644,61.2098],[26.6492,61.212],[26.6403,61.2215],[26.6451,61.2253],[26.6659,61.2481],[26.6611,61.2569],[26.6531,61.263],[26.6448,61.2738],[26.6347,61.2826],[26.6119,61.2871],[26.5151,61.2737],[26.4985,61.3],[26.4792,61.3116],[26.4033,61.3241],[26.3721,61.3348],[26.3183,61.3621],[26.3041,61.3653],[26.2936,61.3708],[26.3049,61.3857],[26.3132,61.3936],[26.3186,61.3971],[26.3148,61.4027],[26.2836,61.414],[26.2657,61.425],[26.2569,61.4391],[26.2604,61.4456],[26.2781,61.4688],[26.2838,61.4784],[26.2809,61.4843],[26.277,61.4882],[26.2641,61.4983],[26.2602,61.5021],[26.2659,61.5135],[26.277,61.5214],[26.2878,61.5248],[26.2907,61.5248],[26.2923,61.5327],[26.2917,61.5422],[26.2895,61.5556],[26.2846,61.5665],[26.2804,61.5725],[26.282,61.5769],[26.3167,61.5728],[26.3203,61.576],[26.3197,61.5807],[26.3211,61.5969],[26.3195,61.6076],[26.3305,61.6094],[26.3546,61.6175],[26.3583,61.6241],[26.3578,61.6291],[26.3607,61.6364],[26.3728,61.6519],[26.3947,61.6562],[26.4966,61.631],[26.515,61.6385],[26.5291,61.6864],[26.5292,61.7017],[26.5211,61.7155],[26.4877,61.7477],[26.4744,61.7584],[26.3864,61.8045],[26.378,61.8125],[26.373,61.8287],[26.379,61.8656],[26.379,61.8753],[26.3701,61.884],[26.3401,61.8845],[26.3341,61.8838],[26.3458,61.9146],[26.3475,61.9395],[26.3608,61.9575],[26.3866,61.9652],[26.3903,61.9903],[26.2475,62.1007],[26.2448,62.1367],[26.334,62.1973],[26.4,62.2234],[26.4247,62.2237],[26.4531,62.2122],[26.4608,62.214],[26.4751,62.2191],[26.4879,62.2264],[26.4937,62.2307],[26.4961,62.2368],[26.4931,62.2379],[26.4881,62.2386],[26.4836,62.2398],[26.4995,62.251],[26.5203,62.2558],[26.5331,62.2567],[26.5574,62.2539],[26.5684,62.2499],[26.5959,62.2356],[26.6224,62.2273],[26.6476,62.2262],[26.6568,62.2305],[26.6466,62.2355],[26.6358,62.246],[26.6357,62.2539],[26.633,62.2678],[26.627,62.2796],[26.6226,62.2845],[26.6269,62.2958],[26.6555,62.3006],[26.6698,62.3065],[26.6763,62.3113],[26.6791,62.3184],[26.6762,62.3192],[26.6688,62.3203],[26.6661,62.3214],[26.6731,62.333],[26.6853,62.3403],[26.7153,62.3482],[26.7635,62.3543],[26.7665,62.3621],[26.6936,62.3934],[26.6873,62.4046],[26.6934,62.4114],[26.698,62.418],[26.7053,62.4316],[26.7118,62.4513],[26.7703,62.4325],[26.8013,62.4323],[26.8199,62.4373],[26.8344,62.4463],[26.8248,62.4485],[26.8219,62.4495],[26.83,62.4589],[26.8416,62.4661],[26.8612,62.4738],[26.8805,62.4745],[26.9514,62.4539],[26.967,62.4541],[26.9603,62.4637],[26.9594,62.4791],[26.9706,62.482],[26.9848,62.4813],[27.0326,62.4726],[27.0689,62.4746],[27.1226,62.4884],[27.1417,62.4863],[27.1595,62.4823],[27.1791,62.47],[27.1848,62.4643],[27.2025,62.4641],[27.2546,62.4742],[27.2791,62.4755],[27.3051,62.4806],[27.344,62.4973],[27.3513,62.4994],[27.3574,62.5055],[27.3496,62.5185],[27.3475,62.5212],[27.3809,62.5173],[27.3862,62.5141],[27.418,62.5057],[27.4393,62.4945],[27.4416,62.4927],[27.4604,62.4901],[27.4898,62.4772],[27.5068,62.4722],[27.5419,62.453],[27.6694,62.3944],[27.6925,62.3863],[27.6916,62.383],[27.6891,62.3775],[27.6888,62.376],[27.7346,62.3702],[27.7638,62.3636],[27.7431,62.3399],[27.7638,62.3188],[27.8382,62.279],[27.8477,62.2804],[27.8831,62.2814],[27.8997,62.2859],[27.9245,62.2754],[27.9471,62.2633],[27.9672,62.2601],[27.9777,62.2665],[27.9814,62.2768],[27.9595,62.2776],[27.9739,62.2821],[28.0357,62.2806],[28.0684,62.2861],[28.0753,62.2982],[28.0903,62.3171],[28.2104,62.3541],[28.2393,62.3559],[28.2756,62.3538],[28.3103,62.3579],[28.3245,62.3657],[28.3288,62.3791],[28.3233,62.3803],[28.2953,62.3891],[28.2882,62.3977],[28.2862,62.4049],[28.2784,62.4146],[28.266,62.4206],[28.2576,62.4227],[28.2548,62.4296],[28.2613,62.4342],[28.2743,62.44],[28.2881,62.4416],[28.2955,62.4412],[28.3032,62.4436],[28.3049,62.4492],[28.3023,62.4538],[28.2869,62.4597],[28.2829,62.4651],[28.2924,62.471],[28.3656,62.4583],[28.3869,62.4614],[28.3953,62.474],[28.3893,62.4855],[28.3714,62.4996],[28.382,62.5102],[28.3926,62.5155],[28.4032,62.5292],[28.4149,62.5658],[28.4135,62.5673],[28.4109,62.5682],[28.4081,62.5712],[28.4127,62.5769],[28.4316,62.5684],[28.5111,62.5607],[28.5204,62.5555]]]}},{"type":"Feature","properties":{"id":"FIN-3185","name":"Tavastia Proper","nameBn":"কান্তা-হ্যামে","type":"Region","bounds":[23.1383,60.5529,25.2876,61.3223],"center":[24.4224,60.9239]},"geometry":{"type":"Polygon","coordinates":[[[24.8042,61.2675],[24.8812,61.2841],[24.8914,61.2927],[24.8905,61.2986],[24.8941,61.3083],[24.9037,61.3162],[24.9183,61.3223],[24.9175,61.3111],[24.9213,61.2917],[24.9357,61.288],[24.9495,61.2872],[24.9703,61.2819],[24.9904,61.279],[25.0036,61.2817],[25.0167,61.2747],[25.0202,61.2628],[25.0324,61.2539],[25.0761,61.2535],[25.1877,61.24],[25.2056,61.2288],[25.2094,61.2186],[25.2234,61.2052],[25.2521,61.1921],[25.2607,61.181],[25.2596,61.1741],[25.2564,61.1631],[25.2494,61.1536],[25.2429,61.1483],[25.2381,61.1385],[25.24,61.1331],[25.2411,61.1283],[25.2406,61.1206],[25.2655,61.1137],[25.2876,61.103],[25.2867,61.0757],[25.2518,61.0285],[25.2366,61.0138],[25.2309,61.0142],[25.222,61.0133],[25.2091,61.0106],[25.2124,61.0073],[25.2266,61.0022],[25.2438,60.9935],[25.2501,60.9895],[25.2553,60.9821],[25.2543,60.9766],[25.2373,60.969],[25.2204,60.9634],[25.1907,60.9487],[25.1646,60.9299],[25.1416,60.9087],[25.0976,60.8552],[25.0883,60.8478],[25.0842,60.8378],[25.0863,60.8288],[25.0934,60.8214],[25.0964,60.8217],[25.1028,60.8214],[25.1089,60.8199],[25.1162,60.8051],[25.1276,60.7957],[25.1502,60.7852],[25.1569,60.7775],[25.1562,60.772],[25.1391,60.7666],[25.1221,60.764],[25.0964,60.7565],[25.0757,60.7436],[25.0656,60.7337],[25.0599,60.7209],[25.0634,60.7164],[25.0996,60.7312],[25.1238,60.7342],[25.1731,60.7276],[25.1824,60.7236],[25.1038,60.7048],[25.0933,60.6983],[25.1045,60.6714],[25.1076,60.6665],[25.0956,60.6637],[25.028,60.6784],[24.9947,60.68],[24.9635,60.6767],[24.9112,60.6649],[24.7507,60.6544],[24.6124,60.6605],[24.5919,60.655],[24.5746,60.6365],[24.5679,60.6176],[24.5699,60.5895],[24.5663,60.5782],[24.5249,60.5585],[24.4629,60.5529],[24.414,60.5634],[24.4052,60.5772],[24.3972,60.5962],[24.3818,60.599],[24.3406,60.6018],[24.3092,60.594],[24.3037,60.5818],[24.3041,60.5683],[24.2839,60.5654],[24.2524,60.5971],[24.2348,60.6075],[24.1928,60.6198],[23.9478,60.6527],[23.8967,60.6488],[23.7661,60.6524],[23.7046,60.6611],[23.6529,60.6896],[23.5713,60.6978],[23.528,60.7128],[23.5125,60.7266],[23.477,60.7465],[23.4509,60.745],[23.3563,60.7269],[23.3078,60.723],[23.2673,60.7282],[23.232,60.7398],[23.1765,60.7637],[23.1624,60.7799],[23.1691,60.7878],[23.1845,60.8025],[23.2031,60.8138],[23.2157,60.8195],[23.2121,60.8293],[23.1657,60.8343],[23.142,60.8462],[23.1383,60.8709],[23.1577,60.8902],[23.1922,60.8954],[23.251,60.8914],[23.2671,60.8933],[23.2651,60.8967],[23.2585,60.9112],[23.2564,60.9146],[23.2642,60.9157],[23.2749,60.9157],[23.2884,60.9222],[23.2949,60.9363],[23.2958,60.9467],[23.2797,60.9582],[23.2649,60.9616],[23.2401,60.9724],[23.1974,60.9999],[23.2752,61.0191],[23.3411,61.0067],[23.437,60.9695],[23.4693,60.9642],[23.4601,60.9794],[23.4579,60.9822],[23.4739,60.9859],[23.5855,60.9857],[23.6633,61.0043],[23.707,61.007],[23.7229,61.0023],[23.7789,60.9931],[23.8357,60.9501],[23.8523,60.9463],[23.866,60.9592],[23.8619,60.9671],[23.8511,60.9803],[23.8365,60.9904],[23.8277,60.9944],[23.8252,60.9997],[23.8525,61.0087],[23.8711,61.0174],[23.8781,61.0272],[23.8659,61.0351],[23.8537,61.0352],[23.8045,61.0268],[23.7964,61.0283],[23.7983,61.0319],[23.8027,61.0448],[23.8045,61.0484],[23.8,61.0522],[23.767,61.0572],[23.7785,61.0683],[23.798,61.0753],[23.9326,61.0931],[24.0329,61.1214],[24.0886,61.1289],[24.1402,61.1254],[24.1369,61.1364],[24.1357,61.1389],[24.1871,61.1472],[24.2282,61.1583],[24.2822,61.184],[24.2938,61.1954],[24.2876,61.1972],[24.2741,61.2042],[24.2655,61.2157],[24.2679,61.2316],[24.2795,61.2371],[24.3437,61.2382],[24.3804,61.2438],[24.5175,61.2907],[24.5508,61.2959],[24.5844,61.2948],[24.6556,61.2787],[24.6878,61.2744],[24.7141,61.2836],[24.7244,61.2981],[24.7365,61.3104],[24.7426,61.3042],[24.7645,61.2771],[24.7787,61.2687],[24.8042,61.2675]]]}},{"type":"Feature","properties":{"id":"FIN-3193","name":"Uusimaa","nameBn":"উসিম্যা","type":"Province","bounds":[22.8882,59.8112,26.5533,60.8301],"center":[24.8475,60.4179]},"geometry":{"type":"MultiPolygon","coordinates":[[[[26.5533,60.5918],[26.4658,60.5081],[26.4562,60.4746],[26.4857,60.4438],[26.4694,60.4275],[26.4607,60.4209],[26.4515,60.4165],[26.4233,60.4163],[26.4164,60.4119],[26.4242,60.396],[26.4129,60.398],[26.4026,60.4027],[26.3833,60.4165],[26.3845,60.4049],[26.3812,60.3987],[26.374,60.3964],[26.3628,60.396],[26.3514,60.3928],[26.349,60.3858],[26.3483,60.3787],[26.3421,60.3756],[26.324,60.383],[26.3102,60.3994],[26.2992,60.4159],[26.2902,60.4233],[26.2787,60.4291],[26.2625,60.441],[26.2456,60.4509],[26.2318,60.4506],[26.2293,60.4384],[26.2429,60.4243],[26.2734,60.4022],[26.179,60.4106],[26.1704,60.4097],[26.1507,60.3985],[26.1424,60.396],[26.1345,60.4028],[26.0946,60.4233],[26.0622,60.4323],[26.0492,60.4375],[26.0137,60.4626],[25.981,60.4758],[25.9463,60.4842],[25.9172,60.4854],[25.9172,60.478],[25.9719,60.4649],[25.9826,60.4581],[26.0038,60.4405],[26.029,60.4333],[26.0361,60.4248],[26.0393,60.4145],[26.0401,60.406],[26.0325,60.4006],[26.0174,60.4017],[26.0068,60.4005],[26.0122,60.3886],[26.0232,60.3807],[26.0606,60.3681],[26.0796,60.3504],[26.0886,60.3439],[26.1014,60.3414],[26.1082,60.3359],[26.1065,60.324],[26.0999,60.3121],[26.0913,60.3066],[26.0401,60.2998],[26.0388,60.3227],[25.9971,60.3549],[26.0059,60.3681],[25.9935,60.3678],[25.9849,60.3631],[25.9773,60.3577],[25.968,60.355],[25.9566,60.356],[25.9478,60.3589],[25.8884,60.3891],[25.8672,60.397],[25.8421,60.4022],[25.8777,60.3779],[25.8991,60.3673],[25.9172,60.3613],[25.9072,60.341],[25.8843,60.32],[25.8831,60.3066],[25.8924,60.2916],[25.9212,60.2653],[25.9302,60.2452],[25.9094,60.2462],[25.8949,60.2496],[25.8827,60.2559],[25.8688,60.2657],[25.8762,60.2725],[25.861,60.284],[25.8415,60.2877],[25.8203,60.2889],[25.8005,60.293],[25.7704,60.3142],[25.7538,60.3207],[25.739,60.3135],[25.7454,60.2958],[25.7809,60.2827],[25.8489,60.2657],[25.7805,60.2514],[25.7805,60.2452],[25.762,60.2404],[25.7355,60.2473],[25.6558,60.293],[25.6497,60.2998],[25.6509,60.3135],[25.6585,60.3227],[25.6706,60.3275],[25.6497,60.3339],[25.6497,60.3414],[25.7044,60.3414],[25.6902,60.3629],[25.6686,60.3647],[25.646,60.3563],[25.6292,60.3476],[25.6027,60.3386],[25.5261,60.3271],[25.5261,60.321],[25.5413,60.3164],[25.5466,60.3059],[25.5451,60.2923],[25.5404,60.2787],[25.5359,60.2757],[25.5288,60.2745],[25.5222,60.2714],[25.5169,60.2545],[25.5109,60.2492],[25.5028,60.2462],[25.3617,60.2452],[25.3635,60.2601],[25.3509,60.2672],[25.3138,60.2725],[25.3162,60.2679],[25.3195,60.2563],[25.3213,60.2514],[25.2905,60.2459],[25.1975,60.2452],[25.1921,60.2438],[25.1904,60.2401],[25.1909,60.2285],[25.1903,60.2278],[25.1858,60.2231],[25.1742,60.2254],[25.1563,60.2322],[25.155,60.2238],[25.1913,60.2123],[25.2039,60.2043],[25.1947,60.2008],[25.1814,60.2005],[25.1971,60.1906],[25.177,60.1833],[25.117,60.1757],[25.0947,60.1763],[25.0974,60.1834],[25.099,60.1865],[25.1016,60.1906],[25.0586,60.1773],[25.0479,60.1689],[25.0674,60.1627],[25.061,60.1566],[25.0453,60.1568],[25.0293,60.1479],[25.0108,60.1514],[24.9979,60.1627],[25.0108,60.1699],[25.0215,60.184],[25.0259,60.1994],[25.0191,60.2111],[24.9988,60.2128],[24.9845,60.1994],[24.9612,60.1516],[24.9509,60.1435],[24.8657,60.1401],[24.8452,60.1437],[24.8342,60.1558],[24.8709,60.1617],[24.8688,60.1798],[24.8425,60.1946],[24.8068,60.1906],[24.8273,60.1627],[24.8125,60.1583],[24.7859,60.1462],[24.7726,60.1422],[24.721,60.1384],[24.6878,60.1325],[24.6797,60.1301],[24.6733,60.1254],[24.6712,60.1182],[24.6748,60.1055],[24.6703,60.1012],[24.6564,60.101],[24.6496,60.1096],[24.6462,60.1209],[24.6423,60.1291],[24.6306,60.1363],[24.5691,60.154],[24.554,60.156],[24.549,60.1528],[24.5604,60.1422],[24.5767,60.1352],[24.5908,60.1322],[24.5969,60.1273],[24.5877,60.1148],[24.5747,60.1077],[24.5606,60.1046],[24.548,60.0997],[24.5404,60.0876],[24.6082,60.1012],[24.6027,60.0918],[24.5942,60.0849],[24.574,60.0739],[24.5945,60.0665],[24.5945,60.0602],[24.527,60.0353],[24.4876,60.0058],[24.4681,59.9964],[24.4456,59.9923],[24.4163,59.9914],[24.4243,60.0051],[24.453,60.0377],[24.4641,60.0466],[24.4461,60.0475],[24.4209,60.0355],[24.3748,60.005],[24.3677,60.022],[24.3503,60.0165],[24.3298,60.0034],[24.3127,59.9975],[24.3191,60.0141],[24.3306,60.0217],[24.3442,60.0268],[24.3577,60.036],[24.3604,60.0431],[24.3597,60.052],[24.3608,60.0624],[24.3679,60.0739],[24.3197,60.0758],[24.2959,60.0722],[24.2786,60.0602],[24.2922,60.0528],[24.2611,60.0416],[24.2525,60.0397],[24.239,60.0394],[24.2039,60.0466],[24.1765,60.048],[24.1585,60.043],[24.158,60.0345],[24.183,60.0255],[24.1642,60.0194],[24.1477,60.022],[24.1318,60.028],[24.1148,60.0323],[24.106,60.0319],[24.0681,60.0206],[24.0584,60.0204],[24.0464,60.0255],[24.0282,60.0093],[24.0096,60.0106],[24.0026,60.021],[24.0192,60.0323],[24.0192,60.0397],[24.0008,60.0383],[23.9902,60.0316],[23.9819,60.022],[23.9707,60.0118],[23.9553,60.0036],[23.9407,59.9993],[23.8731,59.9931],[23.7995,59.9566],[23.7713,59.968],[23.6076,59.9566],[23.5945,59.9611],[23.5838,59.9733],[23.5735,59.9777],[23.5619,59.9776],[23.4955,59.9681],[23.453,59.9573],[23.4295,59.9566],[23.4406,59.9718],[23.4836,60.0113],[23.4983,60.0193],[23.5271,60.0238],[23.5409,60.0291],[23.5427,60.036],[23.5361,60.045],[23.5344,60.0537],[23.5374,60.0631],[23.5462,60.0739],[23.5096,60.0675],[23.4983,60.0633],[23.4902,60.0555],[23.4857,60.0452],[23.4788,60.0361],[23.4639,60.0323],[23.4538,60.028],[23.4494,60.0176],[23.4461,60.0051],[23.4397,59.9945],[23.4302,59.9887],[23.408,59.9804],[23.3987,59.9743],[23.365,59.9454],[23.3264,59.923],[23.2372,59.898],[23.2223,59.8862],[23.2222,59.8678],[23.2332,59.852],[23.2513,59.848],[23.2513,59.8411],[23.0806,59.8269],[23.0681,59.8208],[23.0068,59.8262],[22.9839,59.8237],[22.9649,59.8183],[22.9051,59.8112],[22.8882,59.8132],[22.906,59.8196],[22.9314,59.8428],[22.9461,59.848],[22.9866,59.852],[23.1275,59.8864],[23.1681,59.8889],[23.1611,59.9102],[23.1659,59.9177],[23.1771,59.9174],[23.1892,59.9156],[23.2224,59.9161],[23.2471,59.9224],[23.2689,59.9362],[23.2937,59.9587],[23.3091,59.9794],[23.3264,60.0093],[23.3329,60.0299],[23.3159,60.0224],[23.2498,59.9485],[23.2234,59.9299],[23.2036,59.9299],[23.2051,59.9332],[23.2073,59.9398],[23.2097,59.9435],[23.1997,59.9482],[23.1888,59.9502],[23.1781,59.9489],[23.1681,59.9435],[23.1712,59.9364],[23.1318,59.9429],[23.1209,59.9336],[23.1178,59.9238],[23.1107,59.9233],[23.1037,59.9297],[23.1006,59.9404],[23.1107,59.9703],[23.1113,59.9743],[23.1282,59.9831],[23.2036,59.9975],[23.2179,60.0084],[23.2414,60.0331],[23.2576,60.0397],[23.2051,60.0497],[23.1062,60.039],[23.0594,60.0397],[23.0355,60.0446],[23.0134,60.0516],[22.9969,60.0621],[22.9907,60.0773],[22.9972,60.0897],[23.0129,60.1018],[23.0213,60.1068],[23.0286,60.1015],[23.0686,60.0894],[23.1142,60.0947],[23.1931,60.1233],[23.2958,60.1815],[23.3105,60.1864],[23.3242,60.1852],[23.3202,60.1791],[23.3166,60.1724],[23.3333,60.1655],[23.3516,60.1625],[23.393,60.16],[23.4387,60.1636],[23.4875,60.1743],[23.5413,60.1995],[23.563,60.2038],[23.5741,60.2036],[23.6297,60.1967],[23.6417,60.198],[23.6508,60.2128],[23.646,60.2235],[23.632,60.239],[23.6119,60.2496],[23.5996,60.2537],[23.5924,60.2585],[23.6073,60.2623],[23.6182,60.2628],[23.6256,60.2619],[23.6302,60.2739],[23.6411,60.283],[23.6839,60.2964],[23.7246,60.3192],[23.7329,60.3441],[23.7462,60.3707],[23.7649,60.3753],[23.7861,60.3926],[23.7936,60.4185],[23.7932,60.4341],[23.7793,60.4497],[23.6997,60.4519],[23.7191,60.476],[23.7442,60.4863],[23.8513,60.5016],[23.865,60.5121],[23.862,60.5289],[23.8555,60.5423],[23.8614,60.5563],[23.8737,60.5594],[23.893,60.5709],[23.9078,60.5878],[23.9139,60.5975],[23.9064,60.6088],[23.8939,60.6117],[23.8805,60.6204],[23.881,60.633],[23.8967,60.6488],[23.9478,60.6527],[24.1928,60.6198],[24.2348,60.6075],[24.2524,60.5971],[24.2839,60.5654],[24.3041,60.5683],[24.3037,60.5818],[24.3092,60.594],[24.3406,60.6018],[24.3818,60.599],[24.3972,60.5962],[24.4052,60.5772],[24.414,60.5634],[24.4629,60.5529],[24.5249,60.5585],[24.5663,60.5782],[24.5699,60.5895],[24.5679,60.6176],[24.5746,60.6365],[24.5919,60.655],[24.6124,60.6605],[24.7507,60.6544],[24.9112,60.6649],[24.9635,60.6767],[24.9947,60.68],[25.028,60.6784],[25.0956,60.6637],[25.1076,60.6665],[25.1045,60.6714],[25.0933,60.6983],[25.1038,60.7048],[25.1824,60.7236],[25.1731,60.7276],[25.1238,60.7342],[25.0996,60.7312],[25.0634,60.7164],[25.0599,60.7209],[25.0656,60.7337],[25.0757,60.7436],[25.0964,60.7565],[25.1221,60.764],[25.1391,60.7666],[25.1562,60.772],[25.1569,60.7775],[25.1502,60.7852],[25.1276,60.7957],[25.1162,60.8051],[25.1089,60.8199],[25.1937,60.8301],[25.2071,60.8271],[25.2097,60.8253],[25.2152,60.8161],[25.2268,60.8064],[25.2789,60.774],[25.3044,60.7624],[25.3295,60.7573],[25.3744,60.7637],[25.442,60.7926],[25.4738,60.7921],[25.4928,60.7797],[25.5099,60.7581],[25.5214,60.7315],[25.5234,60.7044],[25.5718,60.6893],[25.6105,60.6884],[25.8883,60.734],[25.9113,60.7305],[25.9237,60.7234],[25.9333,60.7153],[25.9482,60.7089],[25.9762,60.7054],[26.0337,60.7059],[26.1261,60.6945],[26.1733,60.6972],[26.1954,60.704],[26.2146,60.7156],[26.2249,60.7334],[26.2209,60.7358],[26.2186,60.7412],[26.2183,60.7479],[26.2155,60.7554],[26.2357,60.7523],[26.2708,60.7548],[26.2887,60.752],[26.3019,60.7441],[26.3202,60.7224],[26.3279,60.7172],[26.3291,60.7017],[26.3287,60.6879],[26.3483,60.6711],[26.4163,60.6513],[26.4504,60.6347],[26.4744,60.615],[26.501,60.5994],[26.5431,60.5955],[26.5533,60.5918]]],[[[25.8142,60.2077],[25.822,60.2163],[25.8406,60.2188],[25.8762,60.2172],[25.8631,60.2043],[25.8521,60.1998],[25.8356,60.196],[25.8206,60.1972],[25.8142,60.2077]]],[[[25.6223,60.2383],[25.5921,60.2426],[25.5702,60.258],[25.5645,60.2783],[25.5817,60.2964],[25.5983,60.2907],[25.6844,60.2452],[25.677,60.2383],[25.6599,60.2344],[25.6437,60.2281],[25.6338,60.2183],[25.636,60.2043],[25.6116,60.2112],[25.6034,60.2154],[25.6082,60.2224],[25.6223,60.2383]]],[[[23.9152,59.9735],[23.9235,59.9693],[23.9201,59.9678],[23.9204,59.9594],[23.9087,59.9538],[23.896,59.9543],[23.8957,59.9512],[23.8942,59.9497],[23.8861,59.948],[23.8708,59.9467],[23.8562,59.9533],[23.8504,59.9526],[23.8474,59.9547],[23.854,59.9629],[23.8703,59.9728],[23.8923,59.9765],[23.9152,59.9735]]]]}}]}