{"type":"FeatureCollection","features":[{"type":"Feature","properties":{"id":"HRV-1607","name":"Bjelovarsko-bilogorska","nameBn":"বিলোভার-বিলোগোরা কাউন্টি","type":"County","bounds":[16.4967,45.4677,17.4929,46.0816],"center":[16.9948,45.7207]},"geometry":{"type":"Polygon","coordinates":[[[16.8449,46.0816],[16.8518,46.081],[16.8589,46.0796],[16.8659,46.0774],[16.8694,46.075],[16.8721,46.0716],[16.8744,46.065],[16.8753,46.0608],[16.8767,46.0582],[16.8798,46.0537],[16.8846,46.0496],[16.891,46.046],[16.9076,46.0395],[16.9129,46.0366],[16.9158,46.0328],[16.9154,46.0282],[16.9046,46.0088],[16.9107,46.0007],[16.925,45.9935],[16.9658,45.9788],[16.9838,45.9702],[16.9943,45.961],[16.9943,45.9526],[16.9923,45.9428],[16.992,45.9347],[16.9962,45.9271],[17.0007,45.9251],[17.0064,45.9255],[17.0229,45.934],[17.0296,45.9356],[17.0372,45.936],[17.0505,45.9348],[17.0586,45.9309],[17.0667,45.9244],[17.0802,45.9097],[17.0861,45.9045],[17.0917,45.9009],[17.1056,45.8935],[17.1404,45.8703],[17.2772,45.8033],[17.2792,45.798],[17.2792,45.7936],[17.2783,45.7859],[17.2788,45.7825],[17.283,45.7773],[17.2904,45.771],[17.3056,45.7645],[17.3151,45.7563],[17.3205,45.7523],[17.3218,45.7505],[17.3236,45.7505],[17.3533,45.7548],[17.3579,45.7536],[17.3623,45.7503],[17.3658,45.7424],[17.3671,45.737],[17.3663,45.7322],[17.361,45.7249],[17.3596,45.7214],[17.3623,45.7176],[17.3663,45.7137],[17.3852,45.7025],[17.3973,45.7028],[17.4023,45.7052],[17.4109,45.7113],[17.4161,45.7136],[17.4226,45.7181],[17.4264,45.719],[17.4322,45.7186],[17.4412,45.7165],[17.449,45.7135],[17.4898,45.693],[17.4929,45.6883],[17.492,45.6751],[17.4245,45.5924],[17.4305,45.5747],[17.4391,45.5657],[17.4412,45.5625],[17.4423,45.5581],[17.4409,45.5526],[17.4287,45.5233],[17.4239,45.5173],[17.4185,45.5133],[17.4105,45.5106],[17.3993,45.5092],[17.3837,45.5097],[17.3497,45.5166],[17.3351,45.5175],[17.2336,45.5058],[17.2229,45.5067],[17.2125,45.5111],[17.1987,45.5191],[17.19,45.5255],[17.185,45.5283],[17.1804,45.5283],[17.1737,45.5242],[17.1691,45.52],[17.1598,45.5163],[17.1467,45.5142],[17.1234,45.5134],[17.1085,45.5116],[17.0825,45.5058],[17.0707,45.5044],[17.0578,45.5075],[17.0443,45.5066],[17.0373,45.5053],[17.0319,45.5033],[17.0259,45.5032],[17.0164,45.5045],[16.9691,45.5204],[16.9652,45.5224],[16.9623,45.5252],[16.9618,45.5306],[16.9624,45.535],[16.961,45.5399],[16.9594,45.5429],[16.9442,45.547],[16.9304,45.5181],[16.9276,45.5031],[16.9276,45.5001],[16.9273,45.4978],[16.9272,45.4933],[16.9259,45.4839],[16.9292,45.4759],[16.9123,45.4685],[16.907,45.4677],[16.9037,45.4694],[16.8986,45.4765],[16.8947,45.4803],[16.8876,45.4825],[16.8676,45.4818],[16.8589,45.4826],[16.8513,45.4846],[16.8432,45.4891],[16.8361,45.4945],[16.83,45.5038],[16.8292,45.5078],[16.8309,45.5104],[16.8337,45.5109],[16.8367,45.511],[16.8399,45.5107],[16.8429,45.5099],[16.8463,45.5097],[16.851,45.51],[16.8687,45.5228],[16.8673,45.5265],[16.8623,45.5324],[16.8477,45.546],[16.8379,45.5573],[16.8356,45.5591],[16.832,45.5606],[16.8233,45.5631],[16.8173,45.5666],[16.8094,45.5762],[16.8051,45.5827],[16.7907,45.6091],[16.7867,45.6132],[16.7805,45.6163],[16.7565,45.6185],[16.747,45.6207],[16.74,45.624],[16.7291,45.6341],[16.7239,45.6373],[16.6561,45.6597],[16.6354,45.663],[16.6168,45.6628],[16.6117,45.6651],[16.6024,45.6712],[16.5872,45.685],[16.5647,45.6973],[16.5519,45.701],[16.5408,45.7028],[16.5323,45.7063],[16.5209,45.7125],[16.5124,45.7147],[16.5051,45.7155],[16.5017,45.7175],[16.5007,45.722],[16.5041,45.7344],[16.5076,45.7416],[16.5115,45.7477],[16.5115,45.754],[16.4967,45.7651],[16.5127,45.7725],[16.5236,45.7856],[16.5318,45.7884],[16.5603,45.7887],[16.5932,45.7798],[16.5993,45.7816],[16.6018,45.7868],[16.5987,45.8019],[16.598,45.8102],[16.6005,45.8173],[16.6221,45.8419],[16.6286,45.8447],[16.6342,45.8444],[16.6372,45.8408],[16.6367,45.836],[16.6345,45.8311],[16.6339,45.8263],[16.6375,45.8225],[16.6449,45.8201],[16.6579,45.8201],[16.6665,45.8223],[16.6741,45.8261],[16.6884,45.8392],[16.6936,45.8537],[16.6957,45.8664],[16.696,45.8727],[16.6918,45.9041],[16.6916,45.9138],[16.6926,45.9242],[16.6935,45.966],[16.6972,45.9811],[16.7108,46.0014],[16.7192,46.0187],[16.731,46.0334],[16.7411,46.0457],[16.758,46.053],[16.7762,46.0584],[16.7841,46.0587],[16.7901,46.0558],[16.7936,46.0506],[16.8009,46.0461],[16.8052,46.0464],[16.8086,46.0485],[16.8114,46.0507],[16.8209,46.0563],[16.8249,46.0596],[16.8269,46.0623],[16.8306,46.0727],[16.8347,46.0784],[16.8393,46.081],[16.8449,46.0816]]]}},{"type":"Feature","properties":{"id":"HRV-1602","name":"Brodsko-Posavska","nameBn":"ব্রড-পোসাভিনা কাউন্টি","type":"County","bounds":[17.0816,45.0553,18.5411,45.3873],"center":[17.8112,45.1454]},"geometry":{"type":"Polygon","coordinates":[[[17.1871,45.1486],[17.1246,45.1691],[17.1245,45.1693],[17.1106,45.1929],[17.0972,45.203],[17.0873,45.2076],[17.083,45.2119],[17.0816,45.2161],[17.0842,45.2257],[17.0859,45.2287],[17.0887,45.2319],[17.1147,45.2504],[17.1199,45.2531],[17.1354,45.2633],[17.1472,45.2777],[17.1508,45.2811],[17.1537,45.2824],[17.1655,45.2859],[17.1714,45.2867],[17.1801,45.2871],[17.1924,45.2886],[17.1989,45.2922],[17.2006,45.2946],[17.1997,45.2976],[17.1966,45.3002],[17.1825,45.3092],[17.1781,45.3141],[17.1793,45.3175],[17.1828,45.3204],[17.1882,45.3235],[17.19,45.327],[17.1896,45.3308],[17.1812,45.3479],[17.2249,45.3736],[17.2373,45.3788],[17.2507,45.3806],[17.2671,45.377],[17.2777,45.3723],[17.2901,45.3698],[17.3042,45.3708],[17.3545,45.3869],[17.3916,45.3873],[17.4788,45.3433],[17.4956,45.3312],[17.5323,45.2995],[17.5508,45.2888],[17.5771,45.2768],[17.605,45.2683],[17.6217,45.2663],[17.652,45.2685],[17.6669,45.2682],[17.6878,45.2641],[17.6968,45.2612],[17.7016,45.2587],[17.703,45.2566],[17.7052,45.2524],[17.7058,45.2505],[17.7061,45.2488],[17.7064,45.2459],[17.7061,45.2426],[17.7047,45.2368],[17.7049,45.2349],[17.706,45.2328],[17.7193,45.2168],[17.7216,45.2127],[17.7215,45.2116],[17.7111,45.1983],[17.7088,45.1935],[17.7116,45.1912],[17.7285,45.1875],[17.7454,45.1856],[17.7592,45.1864],[17.7653,45.1875],[17.7701,45.1889],[17.7736,45.1905],[17.7756,45.192],[17.7772,45.1939],[17.7787,45.1969],[17.7801,45.2003],[17.7811,45.2036],[17.782,45.2128],[17.7822,45.2162],[17.7851,45.2181],[17.791,45.2189],[17.8152,45.2174],[17.8227,45.218],[17.8445,45.2242],[17.8547,45.2294],[17.8655,45.238],[17.8695,45.2434],[17.8717,45.247],[17.8736,45.2496],[17.875,45.251],[17.8774,45.2528],[17.8798,45.2537],[17.8886,45.2547],[17.8905,45.2556],[17.8915,45.2572],[17.8915,45.2593],[17.8906,45.261],[17.8867,45.2647],[17.885,45.2669],[17.8836,45.2694],[17.8835,45.2719],[17.8849,45.2744],[17.8875,45.2774],[17.8915,45.2808],[17.8964,45.2837],[17.9021,45.2863],[17.9094,45.2879],[17.9186,45.2886],[18.0816,45.2715],[18.1207,45.2506],[18.1215,45.25],[18.1224,45.249],[18.1255,45.2467],[18.1342,45.2429],[18.201,45.2254],[18.2238,45.223],[18.2547,45.2246],[18.2679,45.2281],[18.2758,45.2331],[18.2804,45.2383],[18.2877,45.2419],[18.2998,45.2442],[18.3267,45.2464],[18.3631,45.2423],[18.4867,45.2116],[18.5369,45.1935],[18.5124,45.1731],[18.508,45.1675],[18.5053,45.1617],[18.5034,45.1555],[18.5025,45.1475],[18.5023,45.1393],[18.504,45.1289],[18.5116,45.1137],[18.534,45.0888],[18.5345,45.0886],[18.5348,45.0884],[18.5344,45.0815],[18.5393,45.0693],[18.5411,45.0553],[18.517,45.0559],[18.4908,45.0628],[18.4817,45.0669],[18.4661,45.074],[18.4518,45.085],[18.4293,45.1022],[18.412,45.1124],[18.3929,45.1186],[18.3223,45.1229],[18.3074,45.1275],[18.262,45.1507],[18.2379,45.1575],[18.2133,45.1538],[18.2023,45.1441],[18.2001,45.1316],[18.1993,45.119],[18.1925,45.1085],[18.1749,45.1008],[18.1537,45.0976],[18.1437,45.0977],[18.1318,45.0979],[18.1124,45.1006],[18.0903,45.108],[18.035,45.1433],[18.0191,45.1494],[18.0035,45.1493],[17.9885,45.1438],[17.9277,45.092],[17.9112,45.0811],[17.9026,45.0778],[17.8752,45.074],[17.8457,45.0653],[17.8357,45.0644],[17.8156,45.0702],[17.7975,45.082],[17.7657,45.111],[17.7414,45.1333],[17.7145,45.152],[17.6847,45.164],[17.6516,45.1654],[17.63,45.1573],[17.5931,45.1296],[17.5724,45.1204],[17.5614,45.1194],[17.5395,45.121],[17.4893,45.1163],[17.4819,45.1144],[17.487,45.1209],[17.4962,45.1417],[17.4723,45.1328],[17.4604,45.1313],[17.4478,45.1343],[17.455,45.1406],[17.4581,45.1461],[17.4569,45.1518],[17.4512,45.1585],[17.4433,45.1621],[17.4388,45.1581],[17.4362,45.1519],[17.4341,45.1486],[17.4008,45.141],[17.3824,45.1396],[17.3686,45.1451],[17.3594,45.1507],[17.3265,45.1659],[17.3078,45.1714],[17.269,45.1895],[17.2497,45.1599],[17.2455,45.1554],[17.1978,45.153],[17.1871,45.1486]]]}},{"type":"Feature","properties":{"id":"HRV-1604","name":"Brodsko-Posavska","nameBn":"পোজেগা-স্লাভনিয়া কাউন্টি","type":"County","bounds":[16.9259,45.1856,18.444,45.6303],"center":[17.6849,45.3863]},"geometry":{"type":"Polygon","coordinates":[[[17.8791,45.4707],[17.8844,45.4714],[17.8908,45.4739],[17.9256,45.4924],[17.9324,45.4972],[17.9397,45.5042],[17.9483,45.5159],[17.9634,45.5429],[18.0579,45.6238],[18.0832,45.6303],[18.1516,45.6203],[18.1581,45.6183],[18.1633,45.6156],[18.1749,45.6071],[18.1811,45.6047],[18.2001,45.6007],[18.2077,45.5977],[18.2173,45.5877],[18.2207,45.583],[18.2239,45.5778],[18.223,45.5732],[18.2157,45.5665],[18.2094,45.5637],[18.1956,45.5602],[18.1939,45.5591],[18.1929,45.5569],[18.1926,45.5532],[18.1943,45.5351],[18.1973,45.5331],[18.2002,45.5323],[18.2044,45.5317],[18.2086,45.5299],[18.2125,45.5269],[18.2211,45.5167],[18.2255,45.5135],[18.2301,45.5117],[18.2351,45.511],[18.2776,45.5116],[18.2804,45.5109],[18.2827,45.5096],[18.2855,45.5074],[18.2968,45.4966],[18.3006,45.4941],[18.3047,45.4928],[18.309,45.4928],[18.3175,45.495],[18.3233,45.4959],[18.3647,45.4942],[18.3712,45.4951],[18.376,45.4973],[18.3782,45.5002],[18.379,45.5035],[18.3796,45.5145],[18.381,45.5187],[18.3825,45.5211],[18.3849,45.5227],[18.3869,45.5233],[18.3903,45.5235],[18.3943,45.523],[18.3982,45.5212],[18.4083,45.5137],[18.4278,45.5045],[18.4308,45.5016],[18.4319,45.4982],[18.4314,45.4922],[18.4336,45.4879],[18.4368,45.4839],[18.444,45.4774],[18.444,45.4752],[18.4412,45.4737],[18.4306,45.4724],[18.4086,45.4718],[18.3926,45.4689],[18.3491,45.455],[18.3473,45.4547],[18.3371,45.4555],[18.3119,45.4619],[18.3044,45.4618],[18.2937,45.4579],[18.2376,45.4263],[18.2317,45.4248],[18.2114,45.4216],[18.1859,45.4214],[18.1743,45.4185],[18.163,45.4125],[18.129,45.3889],[18.1245,45.3843],[18.1116,45.3675],[18.1063,45.3633],[18.101,45.3612],[18.0941,45.3603],[18.09,45.3593],[18.0866,45.358],[18.0834,45.3564],[18.0806,45.3546],[18.0781,45.3526],[18.0759,45.3506],[18.0757,45.3482],[18.077,45.3451],[18.0852,45.3426],[18.0939,45.339],[18.0967,45.3366],[18.0993,45.3327],[18.1017,45.3278],[18.1045,45.3197],[18.1071,45.3154],[18.1096,45.3123],[18.1082,45.3024],[18.0816,45.2715],[17.9186,45.2886],[17.9094,45.2879],[17.9021,45.2863],[17.8964,45.2837],[17.8915,45.2808],[17.8875,45.2774],[17.8849,45.2744],[17.8835,45.2719],[17.8836,45.2694],[17.885,45.2669],[17.8867,45.2647],[17.8906,45.261],[17.8915,45.2593],[17.8915,45.2572],[17.8905,45.2556],[17.8886,45.2547],[17.8798,45.2537],[17.8774,45.2528],[17.875,45.251],[17.8736,45.2496],[17.8717,45.247],[17.8695,45.2434],[17.8655,45.238],[17.8547,45.2294],[17.8445,45.2242],[17.8227,45.218],[17.8152,45.2174],[17.791,45.2189],[17.7851,45.2181],[17.7822,45.2162],[17.782,45.2128],[17.7811,45.2036],[17.7801,45.2003],[17.7787,45.1969],[17.7772,45.1939],[17.7756,45.192],[17.7736,45.1905],[17.7701,45.1889],[17.7653,45.1875],[17.7592,45.1864],[17.7454,45.1856],[17.7285,45.1875],[17.7116,45.1912],[17.7088,45.1935],[17.7111,45.1983],[17.7215,45.2116],[17.7216,45.2127],[17.7193,45.2168],[17.706,45.2328],[17.7049,45.2349],[17.7047,45.2368],[17.7061,45.2426],[17.7064,45.2459],[17.7061,45.2488],[17.7058,45.2505],[17.7052,45.2524],[17.703,45.2566],[17.7016,45.2587],[17.6968,45.2612],[17.6878,45.2641],[17.6669,45.2682],[17.652,45.2685],[17.6217,45.2663],[17.605,45.2683],[17.5771,45.2768],[17.5508,45.2888],[17.5323,45.2995],[17.4956,45.3312],[17.4788,45.3433],[17.3916,45.3873],[17.3545,45.3869],[17.3042,45.3708],[17.2901,45.3698],[17.2777,45.3723],[17.2671,45.377],[17.2507,45.3806],[17.2373,45.3788],[17.2249,45.3736],[17.1812,45.3479],[17.1438,45.3419],[17.062,45.3782],[17.0514,45.3847],[17.0493,45.388],[17.0493,45.3921],[17.05,45.3958],[17.0547,45.4025],[17.0595,45.4078],[17.0615,45.4116],[17.0626,45.417],[17.0609,45.4228],[17.0575,45.4252],[17.0533,45.4258],[17.0488,45.4248],[17.0352,45.4206],[17.0229,45.4186],[17.0064,45.4378],[17.0047,45.4394],[16.9987,45.4435],[16.9649,45.4553],[16.9292,45.4759],[16.9259,45.4839],[16.9272,45.4933],[16.9273,45.4978],[16.9276,45.5001],[16.9276,45.5031],[16.9304,45.5181],[16.9442,45.547],[16.9594,45.5429],[16.961,45.5399],[16.9624,45.535],[16.9618,45.5306],[16.9623,45.5252],[16.9652,45.5224],[16.9691,45.5204],[17.0164,45.5045],[17.0259,45.5032],[17.0319,45.5033],[17.0373,45.5053],[17.0443,45.5066],[17.0578,45.5075],[17.0707,45.5044],[17.0825,45.5058],[17.1085,45.5116],[17.1234,45.5134],[17.1467,45.5142],[17.1598,45.5163],[17.1691,45.52],[17.1737,45.5242],[17.1804,45.5283],[17.185,45.5283],[17.19,45.5255],[17.1987,45.5191],[17.2125,45.5111],[17.2229,45.5067],[17.2336,45.5058],[17.3351,45.5175],[17.3497,45.5166],[17.3837,45.5097],[17.3993,45.5092],[17.4105,45.5106],[17.4185,45.5133],[17.4239,45.5173],[17.4287,45.5233],[17.4409,45.5526],[17.4423,45.5581],[17.4412,45.5625],[17.4391,45.5657],[17.4305,45.5747],[17.4723,45.569],[17.4788,45.5654],[17.4858,45.5624],[17.4889,45.5598],[17.492,45.5577],[17.4962,45.5557],[17.5004,45.5554],[17.5044,45.5563],[17.5097,45.5601],[17.5121,45.5635],[17.5134,45.5669],[17.5132,45.5741],[17.5142,45.5763],[17.5171,45.5763],[17.5862,45.5488],[17.5924,45.5475],[17.5963,45.5456],[17.6077,45.5365],[17.6152,45.5318],[17.6504,45.5155],[17.7069,45.5032],[17.7156,45.4998],[17.7255,45.4972],[17.7696,45.4934],[17.7794,45.4907],[17.7854,45.4867],[17.7891,45.4821],[17.7911,45.4777],[17.7939,45.4741],[17.7993,45.4714],[17.8078,45.4702],[17.8175,45.4705],[17.8512,45.4746],[17.8677,45.4736],[17.8756,45.4719],[17.8791,45.4707]]]}},{"type":"Feature","properties":{"id":"HRV-1490","name":"Dubrovacko-Neretvanska","nameBn":"দুব্রভনিক-নেরেতভা কাউন্টি","type":"County","bounds":[16.6317,42.4163,18.4978,43.1568],"center":[16.8699,42.761]},"geometry":{"type":"MultiPolygon","coordinates":[[[[18.4374,42.5592],[18.442,42.543],[18.4364,42.5108],[18.4371,42.4934],[18.4443,42.4779],[18.4549,42.4647],[18.4677,42.4534],[18.4755,42.4498],[18.4929,42.4424],[18.4978,42.4312],[18.4964,42.4163],[18.4745,42.4414],[18.4609,42.4479],[18.4276,42.4553],[18.4131,42.4619],[18.4119,42.476],[18.2389,42.5591],[18.2206,42.5792],[18.2209,42.5883],[18.2232,42.6021],[18.2235,42.6147],[18.2175,42.6201],[18.166,42.6269],[18.1248,42.6446],[18.1087,42.6474],[18.0916,42.6483],[18.076,42.6513],[18.064,42.6576],[18.0574,42.6679],[18.0773,42.6679],[18.0559,42.683],[18.0479,42.6906],[18.0432,42.7021],[18.0283,42.6913],[18.0033,42.7007],[17.9612,42.7294],[17.9016,42.7519],[17.8807,42.7687],[17.8928,42.7908],[17.8651,42.7899],[17.835,42.8072],[17.8067,42.8119],[17.8001,42.811],[17.7923,42.8085],[17.7857,42.8052],[17.7801,42.7969],[17.7738,42.7986],[17.7678,42.8023],[17.7654,42.8044],[17.7588,42.8076],[17.7351,42.822],[17.721,42.8262],[17.7396,42.8131],[17.7487,42.8034],[17.7619,42.7787],[17.7619,42.7743],[17.7551,42.7709],[17.7487,42.772],[17.7487,42.7781],[17.7503,42.7857],[17.7489,42.7908],[17.7288,42.8008],[17.6786,42.8162],[17.6335,42.8229],[17.5801,42.8413],[17.5252,42.8486],[17.4404,42.8734],[17.4427,42.8986],[17.4172,42.9112],[17.3509,42.9218],[17.2713,42.9634],[17.2375,42.9714],[17.2215,42.9798],[17.2139,42.9826],[17.2019,42.9843],[17.0954,42.9844],[17.0625,42.9901],[17.0462,42.9951],[17.0275,43.0036],[17.0179,43.0138],[17.0282,43.0242],[17.0282,43.031],[17.0188,43.0341],[17.013,43.0392],[17.0081,43.0453],[17.0016,43.0515],[17.0231,43.0487],[17.0557,43.029],[17.0733,43.0242],[17.1587,43.031],[17.2402,43.0228],[17.3905,42.9777],[17.4258,42.9609],[17.4541,42.9423],[17.4557,42.9384],[17.4559,42.9329],[17.4568,42.927],[17.4602,42.9218],[17.4649,42.9207],[17.4766,42.9224],[17.4815,42.9218],[17.4993,42.9119],[17.5077,42.9091],[17.5189,42.9081],[17.5226,42.9102],[17.5221,42.9196],[17.5261,42.9218],[17.5321,42.9206],[17.5415,42.9155],[17.5466,42.9143],[17.5589,42.9128],[17.5681,42.9091],[17.5838,42.9007],[17.6229,42.8913],[17.6416,42.8845],[17.6527,42.8734],[17.6589,42.8734],[17.6737,42.8751],[17.716,42.8442],[17.7415,42.8393],[17.7109,42.8566],[17.7019,42.8685],[17.7136,42.8808],[17.7074,42.887],[17.6787,42.8794],[17.6533,42.8909],[17.6659,42.9052],[17.6795,42.9157],[17.7016,42.9195],[17.7236,42.9162],[17.7655,42.9041],[17.7867,42.9014],[17.7947,42.9046],[17.8027,42.9096],[17.8118,42.9099],[17.8233,42.8984],[17.8262,42.8886],[17.8251,42.8645],[17.8272,42.8531],[17.8585,42.817],[17.8694,42.8118],[17.9045,42.8045],[17.9289,42.7908],[17.9719,42.755],[17.9953,42.7404],[18.0494,42.7148],[18.2241,42.6281],[18.2571,42.6149],[18.3116,42.6012],[18.3387,42.6025],[18.3496,42.5963],[18.3698,42.5744],[18.3705,42.5736],[18.3853,42.5665],[18.421,42.5636],[18.4374,42.5592]]],[[[17.4509,43.1482],[17.5874,43.0821],[17.598,43.0729],[17.6284,43.0466],[17.659,42.9937],[17.6591,42.9936],[17.6592,42.9934],[17.6593,42.9934],[17.6627,42.9657],[17.6345,42.9504],[17.5807,42.9421],[17.5801,42.9423],[17.5497,42.9553],[17.5345,42.9506],[17.5156,42.9589],[17.4985,42.9722],[17.4883,42.9826],[17.4746,43.0012],[17.4709,43.0134],[17.4792,43.0224],[17.502,43.031],[17.488,43.035],[17.4717,43.0305],[17.4534,43.0228],[17.4336,43.0174],[17.4407,43.02],[17.4602,43.031],[17.4505,43.0312],[17.4407,43.0323],[17.4323,43.0362],[17.4261,43.0446],[17.4336,43.0515],[17.4274,43.0609],[17.4261,43.0652],[17.4046,43.0515],[17.3709,43.0739],[17.3654,43.0792],[17.3655,43.0793],[17.3936,43.0941],[17.4003,43.0968],[17.4063,43.1005],[17.4056,43.1037],[17.4021,43.1061],[17.3917,43.1115],[17.3869,43.1149],[17.384,43.1187],[17.3789,43.1276],[17.3751,43.1321],[17.3705,43.1359],[17.3649,43.1377],[17.3534,43.1387],[17.3484,43.1399],[17.3459,43.142],[17.3453,43.1449],[17.3471,43.1537],[17.3494,43.1562],[17.3531,43.1568],[17.3703,43.1531],[17.3911,43.1507],[17.3959,43.1494],[17.3986,43.1482],[17.4023,43.1443],[17.4063,43.1418],[17.4118,43.1402],[17.4192,43.1397],[17.4374,43.1412],[17.4445,43.1438],[17.4495,43.1463],[17.4509,43.1482]]],[[[16.8582,42.784],[16.9211,42.7772],[16.9339,42.7709],[16.9364,42.7555],[16.9247,42.7414],[16.9054,42.7318],[16.8849,42.7294],[16.8822,42.7364],[16.874,42.7376],[16.8582,42.743],[16.8477,42.7336],[16.8343,42.7309],[16.8208,42.7361],[16.8098,42.7498],[16.8223,42.7551],[16.8241,42.7641],[16.8189,42.7694],[16.8098,42.7635],[16.803,42.7635],[16.8102,42.7753],[16.8281,42.781],[16.8582,42.784]]],[[[17.6589,42.743],[17.6794,42.7299],[17.7305,42.7134],[17.7489,42.6946],[17.3859,42.7709],[17.3738,42.76],[17.3538,42.7667],[17.3345,42.7803],[17.3237,42.7908],[17.3416,42.7934],[17.3738,42.8026],[17.3923,42.8017],[17.3874,42.8002],[17.382,42.7978],[17.3716,42.7908],[17.3827,42.7917],[17.3933,42.7912],[17.4035,42.7888],[17.4124,42.784],[17.4199,42.7908],[17.4369,42.7826],[17.486,42.7822],[17.5237,42.7648],[17.5745,42.7575],[17.5975,42.7498],[17.5944,42.7477],[17.5935,42.7472],[17.5907,42.743],[17.6482,42.7385],[17.6589,42.743]]],[[[17.1318,42.9695],[17.1487,42.9526],[17.1643,42.9415],[17.2002,42.9218],[17.1934,42.9143],[17.1743,42.922],[17.1531,42.9211],[17.1074,42.9143],[17.0153,42.9286],[16.9729,42.9267],[16.8987,42.9058],[16.8514,42.9007],[16.7398,42.9172],[16.6914,42.9282],[16.6729,42.9267],[16.6726,42.9218],[16.6554,42.9263],[16.6384,42.9348],[16.7068,42.9621],[16.7068,42.9695],[16.6878,42.9739],[16.6483,42.9778],[16.6317,42.9826],[16.6527,42.9924],[16.6748,42.9929],[16.6975,42.9902],[16.7205,42.9901],[16.7414,42.9806],[16.7686,42.9722],[16.8241,42.9621],[16.8787,42.9621],[16.8926,42.9653],[16.9155,42.9745],[17.0321,42.9826],[17.1111,42.9643],[17.1318,42.9695]]]]}},{"type":"Feature","properties":{"id":"HRV-1589","name":"Grad Zagreb","nameBn":"জাগরেব","type":"City","bounds":[15.7658,45.6224,16.2268,45.9704],"center":[15.9958,45.8251]},"geometry":{"type":"Polygon","coordinates":[[[15.9656,45.911],[16.0911,45.9582],[16.1098,45.962],[16.1217,45.9694],[16.1363,45.9704],[16.1632,45.9334],[16.1766,45.9062],[16.1822,45.899],[16.2186,45.864],[16.2247,45.8553],[16.2268,45.8496],[16.2245,45.847],[16.209,45.835],[16.2075,45.8326],[16.2065,45.8301],[16.2047,45.8208],[16.2023,45.8139],[16.2017,45.8127],[16.1951,45.8023],[16.192,45.794],[16.1898,45.7912],[16.1872,45.7902],[16.1698,45.7952],[16.1415,45.8077],[16.1381,45.8083],[16.0893,45.7732],[15.9666,45.7169],[15.9462,45.6939],[15.9385,45.6428],[15.9215,45.6224],[15.904,45.6302],[15.8998,45.6336],[15.8967,45.6382],[15.8945,45.6426],[15.8916,45.6469],[15.8872,45.6508],[15.8813,45.6542],[15.8746,45.6573],[15.8127,45.6769],[15.7848,45.6914],[15.7774,45.6966],[15.7731,45.7004],[15.772,45.7021],[15.7703,45.7055],[15.77,45.7102],[15.7708,45.7158],[15.7742,45.7257],[15.7824,45.7381],[15.8132,45.7246],[15.8337,45.7553],[15.8132,45.7757],[15.8359,45.798],[15.8469,45.8094],[15.8226,45.833],[15.8101,45.841],[15.774,45.8408],[15.7681,45.8442],[15.7658,45.8463],[15.7708,45.8611],[15.7708,45.8644],[15.7714,45.8675],[15.7745,45.8693],[15.7814,45.8717],[15.8064,45.8748],[15.8143,45.878],[15.8195,45.8853],[15.8205,45.892],[15.8194,45.8991],[15.8175,45.9051],[15.8167,45.9102],[15.8206,45.9137],[15.8287,45.9155],[15.847,45.9148],[15.8614,45.9154],[15.9136,45.9235],[15.9395,45.9338],[15.9504,45.9269],[15.9519,45.9242],[15.9522,45.9186],[15.9558,45.9142],[15.9656,45.911]]]}},{"type":"Feature","properties":{"id":"HRV-1592","name":"Istarska","nameBn":"ইস্ত্রিয়া কাউন্টি","type":"County","bounds":[13.5015,44.7724,14.2347,45.5142],"center":[13.8682,45.1248]},"geometry":{"type":"Polygon","coordinates":[[[13.6428,45.4594],[13.6429,45.4594],[13.66,45.46],[13.7593,45.4632],[13.8065,45.4421],[13.8199,45.4326],[13.8356,45.4291],[13.889,45.4236],[13.8996,45.4292],[13.9084,45.4389],[13.923,45.449],[13.9698,45.463],[13.9826,45.4753],[13.9615,45.4931],[13.9615,45.5039],[13.965,45.511],[13.9719,45.5142],[13.9875,45.5119],[14.014,45.508],[14.0283,45.5027],[14.0416,45.4931],[14.0667,45.4803],[14.0929,45.4739],[14.1167,45.473],[14.1173,45.473],[14.1162,45.4642],[14.1173,45.459],[14.1209,45.451],[14.1299,45.4409],[14.1389,45.4343],[14.1924,45.4123],[14.2012,45.4076],[14.2036,45.4039],[14.2011,45.3981],[14.1981,45.3932],[14.1977,45.3857],[14.1995,45.3756],[14.209,45.3456],[14.2108,45.3353],[14.2105,45.3278],[14.2065,45.3173],[14.1975,45.3039],[14.1952,45.2983],[14.1941,45.2921],[14.1946,45.275],[14.2022,45.2196],[14.2031,45.196],[14.2017,45.1868],[14.2015,45.178],[14.2026,45.1716],[14.207,45.1652],[14.2112,45.1615],[14.234,45.1547],[14.2347,45.1546],[14.2341,45.1531],[14.2326,45.1494],[14.2092,45.1264],[14.1794,45.1345],[14.1953,45.1206],[14.1931,45.1056],[14.1804,45.0915],[14.1644,45.0799],[14.1582,45.0873],[14.1543,45.0789],[14.1541,45.072],[14.1582,45.0532],[14.1543,45.055],[14.1475,45.0573],[14.1439,45.0594],[14.1439,45.0532],[14.1594,45.0404],[14.1662,45.0189],[14.1637,44.9958],[14.1514,44.9775],[14.1399,44.9713],[14.1318,44.9721],[14.1242,44.9754],[14.1133,44.9775],[14.1013,44.9743],[14.0897,44.9665],[14.0804,44.9573],[14.0757,44.9495],[14.0689,44.9495],[14.0716,44.9691],[14.0796,44.9779],[14.0838,44.9864],[14.0757,45.0048],[14.0545,45.0185],[14.0515,45.026],[14.0531,45.0331],[14.0519,45.038],[14.0403,45.039],[14.0441,45.0272],[14.0399,45.0094],[14.0443,45.0014],[14.0547,44.9965],[14.0641,44.9958],[14.0715,44.9934],[14.0757,44.9837],[14.0648,44.9761],[14.0508,44.9565],[14.0444,44.9514],[14.0403,44.9564],[14.0347,44.9564],[14.0387,44.9494],[14.0402,44.9411],[14.0391,44.9318],[14.0347,44.9223],[14.0266,44.9241],[14.0225,44.9235],[14.0226,44.9206],[14.0278,44.9154],[14.0278,44.9086],[14.0227,44.9083],[14.0215,44.9074],[14.0217,44.9051],[14.0205,44.9011],[14.0106,44.9053],[13.9885,44.9008],[13.9727,44.9011],[13.9807,44.8966],[13.9858,44.8921],[13.993,44.8813],[13.9862,44.8813],[13.9862,44.8751],[13.993,44.8751],[13.993,44.8676],[13.9858,44.8642],[13.9813,44.8598],[13.9727,44.8472],[13.9746,44.8397],[13.9763,44.8375],[13.9762,44.8349],[13.9727,44.8266],[13.9832,44.8271],[13.9894,44.8251],[13.994,44.8205],[14.0,44.8131],[13.9639,44.8118],[13.9463,44.8138],[13.9317,44.8205],[13.9297,44.8164],[13.9295,44.8153],[13.9248,44.8131],[13.9187,44.829],[13.9097,44.831],[13.8996,44.829],[13.8901,44.8335],[13.8831,44.8266],[13.8939,44.8234],[13.9043,44.8173],[13.9094,44.809],[13.9045,44.7988],[13.9134,44.7824],[13.918,44.7783],[13.9032,44.7724],[13.8994,44.782],[13.8997,44.7983],[13.897,44.8131],[13.8897,44.8171],[13.86,44.8257],[13.8491,44.8266],[13.8512,44.83],[13.8539,44.8371],[13.856,44.8403],[13.8528,44.8408],[13.8456,44.8402],[13.8423,44.8403],[13.8491,44.8472],[13.8423,44.8546],[13.8314,44.8527],[13.8157,44.8566],[13.7993,44.8646],[13.7871,44.8751],[13.7946,44.8813],[13.8049,44.8706],[13.8196,44.8677],[13.8338,44.8734],[13.8423,44.8881],[13.8153,44.8835],[13.8049,44.8854],[13.7946,44.895],[13.7946,44.9011],[13.7987,44.904],[13.8035,44.9106],[13.8081,44.9154],[13.7967,44.9249],[13.7741,44.9638],[13.7328,44.9949],[13.6813,45.0464],[13.6733,45.0511],[13.6608,45.0612],[13.6438,45.0705],[13.6232,45.0731],[13.6277,45.0794],[13.6331,45.0894],[13.6369,45.0936],[13.6126,45.1179],[13.6385,45.13],[13.7262,45.1345],[13.7067,45.1411],[13.6836,45.1434],[13.6369,45.142],[13.612,45.1368],[13.6006,45.1373],[13.596,45.1454],[13.5979,45.156],[13.6006,45.1646],[13.5994,45.1713],[13.5891,45.1755],[13.5938,45.1823],[13.5944,45.1873],[13.5906,45.1918],[13.5823,45.1966],[13.5823,45.2028],[13.5905,45.2065],[13.5945,45.2126],[13.5942,45.2208],[13.5891,45.2307],[13.5957,45.2405],[13.5952,45.2508],[13.5882,45.2596],[13.5755,45.2649],[13.5788,45.271],[13.5842,45.2761],[13.5921,45.2791],[13.6027,45.2791],[13.6027,45.2853],[13.5925,45.2888],[13.5846,45.2932],[13.5789,45.299],[13.5755,45.3065],[13.5857,45.3078],[13.5945,45.3111],[13.6095,45.3201],[13.5979,45.3244],[13.5711,45.325],[13.5618,45.3264],[13.5506,45.3343],[13.5413,45.3461],[13.5405,45.3568],[13.5549,45.3611],[13.5549,45.3673],[13.5431,45.3762],[13.5134,45.4362],[13.5154,45.4381],[13.5186,45.4403],[13.5208,45.443],[13.516,45.4475],[13.5156,45.4481],[13.5178,45.4498],[13.5208,45.4573],[13.5046,45.4839],[13.5015,45.4986],[13.5071,45.5119],[13.5134,45.5119],[13.5231,45.5063],[13.5686,45.4908],[13.5895,45.4888],[13.6241,45.4627],[13.6428,45.4594]]]}},{"type":"Feature","properties":{"id":"HRV-1583","name":"Karlovacka","nameBn":"কার্লোভাক কাউন্টি","type":"County","bounds":[14.9683,44.8786,15.8425,45.6953],"center":[15.4054,45.3396]},"geometry":{"type":"Polygon","coordinates":[[[15.8026,45.1965],[15.7923,45.1898],[15.781,45.168],[15.78,45.1603],[15.7838,45.1009],[15.7794,45.0854],[15.756,45.0422],[15.7556,45.0236],[15.7674,44.9932],[15.7636,44.9755],[15.7388,44.9449],[15.7341,44.9344],[15.7334,44.9341],[15.7254,44.9294],[15.7188,44.9291],[15.7114,44.9297],[15.707,44.932],[15.7036,44.9332],[15.6887,44.9361],[15.6656,44.9471],[15.6603,44.9481],[15.6561,44.9476],[15.6378,44.9356],[15.6318,44.933],[15.6183,44.9288],[15.6103,44.9298],[15.5888,44.9429],[15.5674,44.9488],[15.5586,44.9501],[15.5525,44.9491],[15.5425,44.9385],[15.5394,44.9362],[15.537,44.9347],[15.5345,44.9328],[15.5331,44.9307],[15.5328,44.9275],[15.5342,44.9235],[15.5377,44.9186],[15.5634,44.8923],[15.5668,44.8786],[15.5277,44.9019],[15.521,44.9073],[15.5182,44.9114],[15.5162,44.915],[15.5118,44.9183],[15.5049,44.9206],[15.4924,44.9217],[15.4771,44.9203],[15.4732,44.9204],[15.4685,44.9217],[15.4642,44.9242],[15.4589,44.9303],[15.4554,44.9359],[15.4476,44.9542],[15.4448,44.9586],[15.44,44.9625],[15.4197,44.9736],[15.4082,44.9823],[15.4035,44.9884],[15.3836,45.0201],[15.3798,45.0238],[15.3765,45.0263],[15.2425,45.0847],[15.2364,45.0882],[15.2318,45.092],[15.2256,45.0985],[15.2215,45.1016],[15.213,45.107],[15.2075,45.1118],[15.2027,45.1168],[15.1992,45.1213],[15.1942,45.1258],[15.1903,45.1269],[15.1843,45.1241],[15.1591,45.1066],[15.1255,45.1053],[15.008,45.1241],[14.9709,45.1498],[14.9689,45.1531],[14.9683,45.158],[14.9731,45.16],[14.9762,45.162],[14.9794,45.1649],[14.9813,45.1694],[14.9824,45.2212],[14.9862,45.2411],[14.9839,45.2464],[14.9808,45.2519],[14.9763,45.2582],[14.9709,45.2683],[14.9706,45.2735],[14.9729,45.2774],[14.9763,45.2793],[14.979,45.2812],[14.9804,45.2829],[14.9821,45.2864],[14.9831,45.2919],[14.9886,45.3042],[14.9941,45.3118],[15.0292,45.3286],[15.0336,45.3286],[15.0393,45.3277],[15.0472,45.3232],[15.0594,45.3182],[15.0879,45.3116],[15.0986,45.3074],[15.1056,45.303],[15.1079,45.299],[15.1163,45.2943],[15.1199,45.2932],[15.1224,45.2933],[15.1351,45.3094],[15.1388,45.3131],[15.1421,45.3151],[15.1742,45.3246],[15.1809,45.3291],[15.1838,45.3341],[15.1829,45.3427],[15.1835,45.3457],[15.1855,45.3492],[15.1909,45.3534],[15.2103,45.3651],[15.2167,45.3698],[15.221,45.3748],[15.2296,45.3943],[15.2328,45.4037],[15.2339,45.409],[15.2344,45.4132],[15.2344,45.4181],[15.2325,45.4255],[15.2287,45.4329],[15.2258,45.4365],[15.2816,45.451],[15.314,45.4505],[15.3252,45.4528],[15.3339,45.4585],[15.3518,45.4761],[15.3614,45.482],[15.311,45.5059],[15.2967,45.523],[15.2886,45.5446],[15.2826,45.5706],[15.2822,45.5715],[15.2767,45.5827],[15.2696,45.5934],[15.2686,45.6017],[15.2811,45.6062],[15.2879,45.6103],[15.2916,45.6183],[15.2974,45.6257],[15.3267,45.6323],[15.3391,45.6369],[15.3531,45.6403],[15.3738,45.6402],[15.3683,45.649],[15.352,45.6681],[15.35,45.6696],[15.3502,45.6697],[15.3646,45.6755],[15.3829,45.6904],[15.4209,45.6953],[15.4305,45.6941],[15.4358,45.6918],[15.4406,45.6883],[15.4482,45.679],[15.4633,45.6681],[15.4738,45.6618],[15.5077,45.6498],[15.5131,45.6473],[15.5134,45.645],[15.5122,45.6418],[15.5114,45.6386],[15.5117,45.6361],[15.5137,45.6324],[15.5311,45.6193],[15.5574,45.6054],[15.568,45.602],[15.5756,45.6024],[15.5851,45.6139],[15.5883,45.617],[15.5936,45.6205],[15.6006,45.623],[15.6122,45.6241],[15.6202,45.6231],[15.6264,45.6214],[15.6633,45.6049],[15.6897,45.6012],[15.6996,45.5989],[15.709,45.5957],[15.7205,45.5904],[15.7267,45.5887],[15.7316,45.5886],[15.7342,45.59],[15.744,45.5974],[15.746,45.5969],[15.7474,45.5952],[15.7524,45.5763],[15.7516,45.5713],[15.748,45.5669],[15.7424,45.5631],[15.7392,45.5589],[15.7409,45.5542],[15.7553,45.5451],[15.7609,45.5408],[15.7799,45.5225],[15.784,45.5206],[15.7893,45.5199],[15.7998,45.5209],[15.8129,45.5234],[15.8271,45.4843],[15.8324,45.4787],[15.8374,45.4716],[15.8425,45.4659],[15.8418,45.4612],[15.838,45.4556],[15.8363,45.4513],[15.8346,45.4444],[15.8372,45.4363],[15.8346,45.4311],[15.8245,45.4167],[15.8243,45.4072],[15.8209,45.4021],[15.8141,45.3987],[15.7941,45.3939],[15.7864,45.3934],[15.7799,45.3951],[15.775,45.3977],[15.7665,45.4033],[15.7575,45.4082],[15.7489,45.4112],[15.7421,45.4116],[15.7319,45.4106],[15.727,45.4115],[15.7205,45.4184],[15.716,45.4208],[15.7028,45.4205],[15.6765,45.4252],[15.663,45.4223],[15.6575,45.4187],[15.6568,45.4152],[15.6606,45.4119],[15.67,45.4055],[15.6725,45.4022],[15.6723,45.3982],[15.6659,45.3818],[15.6651,45.3766],[15.6659,45.3733],[15.6681,45.3698],[15.6742,45.3633],[15.6776,45.3588],[15.6805,45.3533],[15.6807,45.3506],[15.6796,45.3488],[15.6639,45.3396],[15.6619,45.3352],[15.6625,45.3305],[15.6642,45.3256],[15.6653,45.32],[15.665,45.3139],[15.664,45.3078],[15.6625,45.302],[15.6577,45.2901],[15.6564,45.2851],[15.6569,45.2802],[15.6585,45.276],[15.6603,45.2723],[15.6616,45.2681],[15.6597,45.2656],[15.6465,45.2575],[15.6426,45.2505],[15.6358,45.243],[15.6312,45.2395],[15.6305,45.2357],[15.6312,45.231],[15.633,45.2255],[15.6338,45.2175],[15.6364,45.2127],[15.6394,45.2107],[15.7049,45.2009],[15.7073,45.2011],[15.7101,45.202],[15.7157,45.2059],[15.7188,45.2074],[15.7223,45.2083],[15.7365,45.2086],[15.7429,45.2075],[15.7466,45.2064],[15.7503,45.2064],[15.7593,45.2098],[15.7617,45.21],[15.764,45.2094],[15.7665,45.2082],[15.7691,45.2073],[15.7725,45.2068],[15.7771,45.2069],[15.7812,45.2064],[15.785,45.2053],[15.8021,45.1967],[15.8026,45.1965]]]}},{"type":"Feature","properties":{"id":"HRV-1608","name":"Koprivničko-Križevačka","nameBn":"কপ্রিভনিকা-ক্রিজেভচি কাউন্টি","type":"County","bounds":[16.3454,45.8703,17.3168,46.3648],"center":[16.831,46.1914]},"geometry":{"type":"Polygon","coordinates":[[[16.8793,46.3121],[16.8892,46.2922],[16.8961,46.2863],[16.9033,46.2819],[16.9407,46.2515],[16.9653,46.2195],[16.9748,46.2106],[17.028,46.1805],[17.0363,46.173],[17.0413,46.1622],[17.0529,46.1535],[17.1012,46.1282],[17.1162,46.1231],[17.1973,46.1212],[17.2086,46.1166],[17.2486,46.0802],[17.2541,46.0708],[17.2666,46.0388],[17.269,46.0287],[17.2759,46.012],[17.2915,46.0079],[17.3078,46.0064],[17.3168,45.9977],[17.3094,45.9966],[17.297,45.9926],[17.2901,45.9915],[17.2901,45.9846],[17.3048,45.981],[17.3066,45.9799],[17.3056,45.9793],[17.2988,45.9783],[17.289,45.9778],[17.2367,45.9832],[17.2271,45.983],[17.2169,45.981],[17.1978,45.9727],[17.1925,45.9696],[17.1871,45.9654],[17.1577,45.9336],[17.1416,45.9216],[17.1351,45.9159],[17.1331,45.9116],[17.1374,45.9062],[17.1377,45.9039],[17.1331,45.897],[17.1323,45.8936],[17.1337,45.8885],[17.1404,45.8703],[17.1056,45.8935],[17.0917,45.9009],[17.0861,45.9045],[17.0802,45.9097],[17.0667,45.9244],[17.0586,45.9309],[17.0505,45.9348],[17.0372,45.936],[17.0296,45.9356],[17.0229,45.934],[17.0064,45.9255],[17.0007,45.9251],[16.9962,45.9271],[16.992,45.9347],[16.9923,45.9428],[16.9943,45.9526],[16.9943,45.961],[16.9838,45.9702],[16.9658,45.9788],[16.925,45.9935],[16.9107,46.0007],[16.9046,46.0088],[16.9154,46.0282],[16.9158,46.0328],[16.9129,46.0366],[16.9076,46.0395],[16.891,46.046],[16.8846,46.0496],[16.8798,46.0537],[16.8767,46.0582],[16.8753,46.0608],[16.8744,46.065],[16.8721,46.0716],[16.8694,46.075],[16.8659,46.0774],[16.8589,46.0796],[16.8518,46.081],[16.8449,46.0816],[16.8393,46.081],[16.8347,46.0784],[16.8306,46.0727],[16.8269,46.0623],[16.8249,46.0596],[16.8209,46.0563],[16.8114,46.0507],[16.8086,46.0485],[16.8052,46.0464],[16.8009,46.0461],[16.7936,46.0506],[16.7901,46.0558],[16.7841,46.0587],[16.7762,46.0584],[16.758,46.053],[16.7411,46.0457],[16.731,46.0334],[16.7192,46.0187],[16.7108,46.0014],[16.6972,45.9811],[16.6935,45.966],[16.6926,45.9242],[16.6781,45.9291],[16.6485,45.9203],[16.6409,45.9196],[16.6345,45.921],[16.6303,45.9238],[16.6223,45.9271],[16.6162,45.9272],[16.6076,45.9254],[16.6038,45.9257],[16.6011,45.927],[16.5996,45.9301],[16.5957,45.9338],[16.5895,45.938],[16.5512,45.9536],[16.5453,45.9571],[16.5199,45.9755],[16.5141,45.9777],[16.5102,45.9776],[16.5076,45.976],[16.5048,45.9735],[16.5027,45.971],[16.4996,45.9663],[16.4959,45.9641],[16.4888,45.9607],[16.4753,45.9581],[16.4694,45.9588],[16.4669,45.9608],[16.4688,45.9668],[16.4711,45.9719],[16.4719,45.9742],[16.4716,45.9764],[16.47,45.9786],[16.4679,45.9808],[16.4598,45.9875],[16.4436,46.0041],[16.4328,46.008],[16.3592,46.0246],[16.3527,46.0424],[16.3554,46.0787],[16.3529,46.0902],[16.3454,46.1101],[16.3464,46.1176],[16.3496,46.1225],[16.3648,46.1258],[16.3685,46.126],[16.3828,46.1248],[16.3875,46.1255],[16.3926,46.127],[16.4275,46.145],[16.4312,46.146],[16.4334,46.1452],[16.4349,46.1437],[16.4373,46.1392],[16.4391,46.137],[16.4419,46.1358],[16.4466,46.1354],[16.4728,46.1393],[16.4851,46.1429],[16.4908,46.1466],[16.4942,46.1512],[16.497,46.1584],[16.5001,46.1618],[16.596,46.2031],[16.6323,46.212],[16.6489,46.2131],[16.6539,46.2119],[16.6572,46.2091],[16.6604,46.2024],[16.664,46.2009],[16.6764,46.2037],[16.6955,46.2102],[16.7322,46.2272],[16.7489,46.2379],[16.7579,46.247],[16.7635,46.2591],[16.7706,46.2689],[16.7732,46.2745],[16.7743,46.2799],[16.7735,46.284],[16.7723,46.2874],[16.7704,46.2896],[16.7681,46.291],[16.7586,46.2953],[16.7452,46.3057],[16.779,46.3024],[16.7914,46.2977],[16.7951,46.2943],[16.8006,46.2883],[16.8086,46.2809],[16.8119,46.2819],[16.815,46.2844],[16.8449,46.3316],[16.846,46.3342],[16.8474,46.3391],[16.8556,46.3578],[16.8594,46.3648],[16.8655,46.3591],[16.8751,46.3429],[16.8718,46.3272],[16.8793,46.3121]]]}},{"type":"Feature","properties":{"id":"HRV-1582","name":"Krapinsko-Zagorska","nameBn":"ক্রাপিনা-জাগোর্জে কাউন্টি","type":"County","bounds":[15.5899,45.911,16.2559,46.2593],"center":[15.9228,46.0883]},"geometry":{"type":"Polygon","coordinates":[[[15.7995,46.2486],[15.8031,46.2505],[15.8183,46.2555],[15.8342,46.2584],[15.8793,46.2593],[15.8819,46.255],[15.8836,46.2462],[15.8838,46.2383],[15.8875,46.2327],[15.895,46.228],[15.9379,46.2181],[15.9441,46.2151],[15.9488,46.211],[15.9513,46.2041],[15.9525,46.1989],[15.9553,46.1956],[15.96,46.1937],[15.9694,46.193],[15.9832,46.1935],[15.9915,46.1925],[16.0196,46.1854],[16.0307,46.1843],[16.0396,46.1846],[16.0512,46.1882],[16.0574,46.1894],[16.0646,46.19],[16.0792,46.1894],[16.0947,46.1902],[16.1089,46.1927],[16.1164,46.1928],[16.1254,46.1921],[16.1398,46.1879],[16.1581,46.1876],[16.1639,46.1892],[16.1698,46.192],[16.1748,46.1961],[16.183,46.2054],[16.1879,46.2098],[16.1949,46.2124],[16.2006,46.2123],[16.207,46.2078],[16.2109,46.2033],[16.2161,46.1958],[16.222,46.1929],[16.2293,46.1918],[16.2419,46.1925],[16.2457,46.191],[16.2474,46.1876],[16.2424,46.1751],[16.2424,46.1694],[16.2469,46.162],[16.2537,46.1532],[16.2545,46.1519],[16.2551,46.1482],[16.2551,46.143],[16.2509,46.1295],[16.2503,46.1206],[16.2486,46.1126],[16.2559,46.0611],[16.2418,46.0637],[16.2401,46.0638],[16.2387,46.0636],[16.2346,46.0626],[16.2206,46.057],[16.2172,46.0567],[16.2132,46.0569],[16.1986,46.0599],[16.1941,46.06],[16.1904,46.0585],[16.1879,46.0553],[16.1882,46.0494],[16.1904,46.0463],[16.1934,46.0443],[16.1989,46.0425],[16.2027,46.0407],[16.2054,46.0389],[16.2084,46.0364],[16.2081,46.0334],[16.2048,46.0302],[16.1898,46.0243],[16.1862,46.022],[16.1881,46.0181],[16.1898,46.0162],[16.1989,46.0115],[16.2017,46.0093],[16.2047,46.0066],[16.2047,46.0042],[16.2017,46.0024],[16.1921,46.0007],[16.1876,46.0004],[16.1844,46.0007],[16.1783,46.0027],[16.1742,46.0036],[16.1702,46.004],[16.167,46.004],[16.1651,46.0038],[16.164,46.0024],[16.1628,46.0],[16.1623,45.9941],[16.1631,45.991],[16.1645,45.9887],[16.1699,45.9852],[16.1714,45.9841],[16.1721,45.9829],[16.1691,45.9804],[16.166,45.9783],[16.1363,45.9704],[16.1217,45.9694],[16.1098,45.962],[16.0911,45.9582],[15.9656,45.911],[15.9558,45.9142],[15.9522,45.9186],[15.9519,45.9242],[15.9504,45.9269],[15.9395,45.9338],[15.9353,45.941],[15.9258,45.9529],[15.9196,45.9571],[15.9119,45.9602],[15.8495,45.9729],[15.8365,45.9767],[15.8282,45.9802],[15.8225,45.9821],[15.8144,45.9822],[15.7974,45.9777],[15.7843,45.971],[15.7637,45.9683],[15.6929,45.9722],[15.6754,45.9725],[15.6742,45.9932],[15.6743,45.9933],[15.682,46.0135],[15.6936,46.0258],[15.698,46.0362],[15.6929,46.0416],[15.6839,46.0511],[15.6717,46.0574],[15.6437,46.0655],[15.6315,46.0706],[15.6236,46.0764],[15.6038,46.091],[15.5899,46.1135],[15.59,46.1387],[15.6043,46.167],[15.6228,46.1917],[15.6266,46.1952],[15.6398,46.2077],[15.6613,46.2153],[15.678,46.2145],[15.7498,46.2108],[15.7689,46.2193],[15.7891,46.2431],[15.7995,46.2486]]]}},{"type":"Feature","properties":{"id":"HRV-1584","name":"Licko-Senjska","nameBn":"লিকা-সেঞ্জ কাউন্টি","type":"County","bounds":[14.7337,44.2991,15.6535,45.1269],"center":[15.2031,44.7521]},"geometry":{"type":"MultiPolygon","coordinates":[[[[15.2938,44.3648],[15.155,44.4667],[15.1081,44.5139],[15.0801,44.5361],[15.052,44.5455],[15.0479,44.5504],[15.0153,44.5691],[15.0073,44.5697],[15.0013,44.5785],[14.9014,44.6902],[14.8838,44.7236],[14.8952,44.7362],[14.8939,44.751],[14.8875,44.7684],[14.8838,44.7888],[14.8814,44.8441],[14.8838,44.8615],[14.9053,44.9246],[14.9149,44.9399],[14.9216,44.9588],[14.9143,44.9814],[14.8813,45.0356],[14.8815,45.0358],[14.8865,45.0423],[14.8862,45.0553],[14.8873,45.0588],[14.8902,45.0613],[14.9265,45.0776],[14.9343,45.0789],[14.9396,45.0779],[14.9447,45.0739],[14.9476,45.0727],[14.9517,45.0717],[14.9675,45.0733],[14.9954,45.0714],[15.0127,45.0723],[15.0189,45.0739],[15.0226,45.077],[15.0263,45.085],[15.0274,45.092],[15.0272,45.0974],[15.008,45.1241],[15.1255,45.1053],[15.1591,45.1066],[15.1843,45.1241],[15.1903,45.1269],[15.1942,45.1258],[15.1992,45.1213],[15.2027,45.1168],[15.2075,45.1118],[15.213,45.107],[15.2215,45.1016],[15.2256,45.0985],[15.2318,45.092],[15.2364,45.0882],[15.2425,45.0847],[15.3765,45.0263],[15.3798,45.0238],[15.3836,45.0201],[15.4035,44.9884],[15.4082,44.9823],[15.4197,44.9736],[15.44,44.9625],[15.4448,44.9586],[15.4476,44.9542],[15.4554,44.9359],[15.4589,44.9303],[15.4642,44.9242],[15.4685,44.9217],[15.4732,44.9204],[15.4771,44.9203],[15.4924,44.9217],[15.5049,44.9206],[15.5118,44.9183],[15.5162,44.915],[15.5182,44.9114],[15.521,44.9073],[15.5277,44.9019],[15.5668,44.8786],[15.5595,44.8591],[15.547,44.8495],[15.5272,44.839],[15.5249,44.8364],[15.5255,44.8333],[15.5312,44.8288],[15.5472,44.8205],[15.5632,44.8151],[15.5747,44.8086],[15.5809,44.8065],[15.597,44.8038],[15.6009,44.8013],[15.602,44.7967],[15.5995,44.7894],[15.5969,44.7858],[15.5941,44.7836],[15.5657,44.7712],[15.5561,44.7649],[15.5449,44.7614],[15.5388,44.7587],[15.5331,44.755],[15.5263,44.7527],[15.5184,44.7517],[15.4828,44.752],[15.4754,44.7505],[15.4726,44.7469],[15.4727,44.7378],[15.4763,44.7296],[15.4861,44.7212],[15.493,44.7168],[15.5103,44.7086],[15.5167,44.7047],[15.5222,44.6984],[15.5278,44.6889],[15.532,44.6736],[15.5334,44.6548],[15.5357,44.6481],[15.5512,44.6361],[15.5558,44.6309],[15.5614,44.6102],[15.5637,44.6051],[15.5643,44.6021],[15.5637,44.5997],[15.5612,44.5962],[15.558,44.5925],[15.5587,44.5883],[15.5628,44.5817],[15.6231,44.5413],[15.6372,44.5274],[15.6535,44.495],[15.6021,44.4676],[15.5942,44.4619],[15.5911,44.4572],[15.5938,44.4521],[15.5981,44.448],[15.6018,44.4458],[15.6062,44.4439],[15.6115,44.4422],[15.6158,44.4404],[15.6181,44.4379],[15.6191,44.4341],[15.6203,44.4305],[15.623,44.4276],[15.6267,44.4255],[15.6304,44.4237],[15.634,44.4217],[15.6355,44.4181],[15.6347,44.4113],[15.6309,44.4015],[15.6245,44.3901],[15.616,44.3793],[15.6,44.3642],[15.5891,44.3566],[15.5762,44.3528],[15.5663,44.3519],[15.5584,44.3494],[15.5537,44.3471],[15.546,44.3305],[15.5128,44.3596],[15.5019,44.3674],[15.4941,44.3688],[15.4178,44.3742],[15.411,44.3754],[15.4052,44.3774],[15.4009,44.3801],[15.386,44.3923],[15.3636,44.4064],[15.3515,44.4118],[15.3443,44.4134],[15.3367,44.4137],[15.3281,44.4117],[15.3203,44.4049],[15.3158,44.4],[15.294,44.3649],[15.2938,44.3648]]],[[[14.877,44.5598],[14.8659,44.5664],[14.7615,44.6586],[14.7437,44.6805],[14.7337,44.7032],[14.7381,44.7031],[14.7412,44.7016],[14.78,44.6695],[14.8452,44.6005],[14.8838,44.5797],[14.8801,44.6092],[14.9041,44.61],[14.9382,44.5941],[14.9663,44.5734],[14.9891,44.5466],[15.0039,44.5361],[15.0412,44.5275],[15.0518,44.5162],[15.0617,44.5007],[15.0755,44.4841],[15.0559,44.4862],[15.0282,44.5032],[15.0073,44.5045],[15.0117,44.5149],[15.0142,44.5187],[14.9729,44.5361],[14.9529,44.5415],[14.9421,44.5474],[14.9286,44.5523],[14.9111,44.5523],[14.9111,44.5455],[14.966,44.5239],[15.048,44.4394],[15.0967,44.4152],[15.0808,44.4245],[15.065,44.4379],[15.051,44.4553],[15.0415,44.4766],[15.0833,44.4619],[15.1766,44.3913],[15.1991,44.381],[15.2132,44.3692],[15.2414,44.3511],[15.2544,44.34],[15.2351,44.3362],[15.2118,44.3461],[15.1873,44.3598],[15.1651,44.3674],[15.1651,44.3605],[15.1829,44.3579],[15.2005,44.3495],[15.2158,44.3381],[15.2271,44.3264],[15.2066,44.3264],[15.2083,44.3207],[15.2109,44.3173],[15.215,44.3149],[15.2202,44.3127],[15.1989,44.317],[15.1546,44.331],[15.1309,44.3326],[15.1309,44.3264],[15.1724,44.3053],[15.1724,44.2991],[15.1493,44.3032],[15.1288,44.312],[15.1112,44.3246],[15.0967,44.34],[15.0967,44.3463],[15.1104,44.3463],[15.1104,44.3537],[15.1023,44.3572],[15.0972,44.3613],[15.0892,44.3742],[15.0998,44.3736],[15.1069,44.3752],[15.1122,44.3796],[15.1172,44.3872],[15.0916,44.3994],[15.083,44.4015],[15.0736,44.4005],[15.0578,44.3942],[15.049,44.3947],[15.0383,44.4033],[15.0208,44.43],[14.9588,44.4667],[14.9497,44.4681],[14.8975,44.4909],[14.8975,44.4971],[14.9032,44.4985],[14.9129,44.5028],[14.9186,44.5045],[14.9063,44.5209],[14.8776,44.5513],[14.877,44.5598]]]]}},{"type":"Feature","properties":{"id":"HRV-1609","name":"Medimurska","nameBn":"মেডিমুরজে কাউন্টি","type":"County","bounds":[16.2337,46.2809,16.8594,46.547],"center":[16.5464,46.398]},"geometry":{"type":"Polygon","coordinates":[[[16.5153,46.5017],[16.5211,46.4985],[16.5643,46.4799],[16.5776,46.4707],[16.5837,46.4707],[16.5881,46.4796],[16.5943,46.483],[16.6021,46.482],[16.6111,46.4781],[16.6377,46.4745],[16.6593,46.4642],[16.6775,46.4487],[16.6936,46.4296],[16.7124,46.4127],[16.7429,46.3996],[16.7551,46.3819],[16.7619,46.3819],[16.7693,46.3961],[16.7765,46.3929],[16.8034,46.3887],[16.8079,46.3874],[16.8123,46.385],[16.8166,46.382],[16.8209,46.3781],[16.8275,46.374],[16.8302,46.3774],[16.8324,46.3819],[16.8377,46.3819],[16.8505,46.3731],[16.8594,46.3648],[16.8556,46.3578],[16.8474,46.3391],[16.846,46.3342],[16.8449,46.3316],[16.815,46.2844],[16.8119,46.2819],[16.8086,46.2809],[16.8006,46.2883],[16.7951,46.2943],[16.7914,46.2977],[16.779,46.3024],[16.7452,46.3057],[16.7205,46.3114],[16.6056,46.3159],[16.5951,46.3179],[16.5856,46.3168],[16.5161,46.3015],[16.4838,46.3018],[16.3613,46.32],[16.3588,46.3206],[16.3558,46.3228],[16.3516,46.3263],[16.3468,46.3342],[16.3448,46.339],[16.3437,46.3435],[16.3432,46.3469],[16.3428,46.3489],[16.3409,46.352],[16.3302,46.3618],[16.3249,46.3655],[16.3183,46.3687],[16.2981,46.3702],[16.2816,46.3781],[16.2799,46.3787],[16.2787,46.3874],[16.2741,46.3921],[16.257,46.3999],[16.2509,46.405],[16.2482,46.4133],[16.2501,46.4294],[16.2494,46.4375],[16.2375,46.4651],[16.2337,46.4787],[16.2342,46.4849],[16.2349,46.4933],[16.2609,46.5136],[16.2639,46.5159],[16.2954,46.5244],[16.3015,46.5271],[16.3107,46.531],[16.33,46.5355],[16.3403,46.5438],[16.3441,46.547],[16.3513,46.5399],[16.3517,46.5395],[16.3579,46.547],[16.3695,46.5406],[16.3822,46.5394],[16.3949,46.5401],[16.4063,46.5395],[16.4152,46.5356],[16.432,46.5232],[16.4404,46.519],[16.4491,46.5183],[16.4708,46.5203],[16.4813,46.519],[16.4911,46.5151],[16.5153,46.5017]]]}},{"type":"Feature","properties":{"id":"HRV-1603","name":"Osjecko-Baranjska","nameBn":"ওসিজেক-বারাঞ্জা কাউন্টি","type":"County","bounds":[17.9062,45.1905,19.1063,45.9312],"center":[18.506,45.4948]},"geometry":{"type":"Polygon","coordinates":[[[18.8225,45.9056],[18.8283,45.9057],[18.8454,45.9139],[18.8654,45.9181],[18.8766,45.9224],[18.8865,45.9304],[18.9013,45.9312],[18.907,45.9157],[18.8898,45.9079],[18.882,45.9026],[18.8729,45.8952],[18.8935,45.8839],[18.904,45.8757],[18.907,45.868],[18.8998,45.8614],[18.8871,45.8595],[18.8553,45.8574],[18.8524,45.8301],[18.8504,45.8242],[18.8467,45.82],[18.845,45.8157],[18.8487,45.8096],[18.864,45.7985],[18.8711,45.79],[18.9002,45.7649],[18.9048,45.7498],[18.909,45.7194],[18.9173,45.7066],[18.9311,45.6989],[18.9481,45.692],[18.9627,45.6831],[18.9685,45.6687],[18.9629,45.6601],[18.9354,45.6334],[18.9245,45.6277],[18.9124,45.6192],[18.9082,45.6004],[18.907,45.5817],[18.9036,45.5731],[18.9121,45.5682],[18.932,45.5455],[18.9417,45.5389],[18.9602,45.5391],[18.9731,45.5463],[18.9832,45.5547],[19.0006,45.5612],[19.0092,45.5655],[19.0181,45.5674],[19.0272,45.5626],[19.0334,45.5546],[19.0365,45.5495],[19.0409,45.545],[19.051,45.5389],[19.0678,45.5334],[19.0823,45.5312],[19.0951,45.5261],[19.1063,45.5116],[19.0772,45.4916],[19.0179,45.4978],[19.0096,45.4987],[18.9964,45.4738],[18.9971,45.4555],[19.0023,45.4437],[18.9868,45.4353],[18.9528,45.4303],[18.9436,45.4306],[18.9385,45.4325],[18.9374,45.4347],[18.9359,45.4369],[18.9342,45.439],[18.9292,45.4432],[18.9261,45.4451],[18.9147,45.45],[18.9116,45.4519],[18.9093,45.4542],[18.9078,45.4567],[18.9061,45.4614],[18.905,45.4636],[18.9014,45.4669],[18.8955,45.4711],[18.8822,45.4781],[18.8732,45.4806],[18.8611,45.4813],[18.8548,45.4804],[18.8494,45.4789],[18.8454,45.4768],[18.8398,45.4723],[18.8336,45.4696],[18.8245,45.467],[18.7964,45.4637],[18.7906,45.4623],[18.7883,45.4603],[18.788,45.4578],[18.7886,45.4554],[18.7909,45.4527],[18.7987,45.4462],[18.8005,45.4441],[18.8021,45.4418],[18.8032,45.4346],[18.8032,45.4286],[18.8019,45.4228],[18.7957,45.4182],[18.7869,45.4136],[18.7141,45.4161],[18.695,45.4076],[18.6715,45.3999],[18.6614,45.3956],[18.655,45.3916],[18.6536,45.3885],[18.6528,45.3848],[18.6504,45.3611],[18.6488,45.3563],[18.6465,45.3531],[18.6396,45.3494],[18.6371,45.3474],[18.6353,45.3449],[18.6343,45.3415],[18.634,45.3376],[18.6343,45.3328],[18.6342,45.3277],[18.6323,45.3214],[18.6294,45.3189],[18.6254,45.3179],[18.5897,45.3186],[18.5842,45.3168],[18.58,45.3132],[18.5772,45.3094],[18.5727,45.3052],[18.5297,45.3009],[18.5187,45.2973],[18.5119,45.2926],[18.5101,45.2876],[18.5093,45.2839],[18.5067,45.2551],[18.5067,45.251],[18.5074,45.2496],[18.5098,45.2478],[18.5144,45.246],[18.5198,45.2446],[18.5532,45.2413],[18.5593,45.2398],[18.5642,45.2367],[18.5667,45.2326],[18.5679,45.2266],[18.5672,45.2143],[18.5656,45.208],[18.5634,45.2023],[18.5585,45.1954],[18.5538,45.192],[18.5483,45.1905],[18.5442,45.1907],[18.5369,45.1935],[18.4867,45.2116],[18.3631,45.2423],[18.3267,45.2464],[18.2998,45.2442],[18.2877,45.2419],[18.2804,45.2383],[18.2758,45.2331],[18.2679,45.2281],[18.2547,45.2246],[18.2238,45.223],[18.201,45.2254],[18.1342,45.2429],[18.1255,45.2467],[18.1224,45.249],[18.1215,45.25],[18.1207,45.2506],[18.0816,45.2715],[18.1082,45.3024],[18.1096,45.3123],[18.1071,45.3154],[18.1045,45.3197],[18.1017,45.3278],[18.0993,45.3327],[18.0967,45.3366],[18.0939,45.339],[18.0852,45.3426],[18.077,45.3451],[18.0757,45.3482],[18.0759,45.3506],[18.0781,45.3526],[18.0806,45.3546],[18.0834,45.3564],[18.0866,45.358],[18.09,45.3593],[18.0941,45.3603],[18.101,45.3612],[18.1063,45.3633],[18.1116,45.3675],[18.1245,45.3843],[18.129,45.3889],[18.163,45.4125],[18.1743,45.4185],[18.1859,45.4214],[18.2114,45.4216],[18.2317,45.4248],[18.2376,45.4263],[18.2937,45.4579],[18.3044,45.4618],[18.3119,45.4619],[18.3371,45.4555],[18.3473,45.4547],[18.3491,45.455],[18.3926,45.4689],[18.4086,45.4718],[18.4306,45.4724],[18.4412,45.4737],[18.444,45.4752],[18.444,45.4774],[18.4368,45.4839],[18.4336,45.4879],[18.4314,45.4922],[18.4319,45.4982],[18.4308,45.5016],[18.4278,45.5045],[18.4083,45.5137],[18.3982,45.5212],[18.3943,45.523],[18.3903,45.5235],[18.3869,45.5233],[18.3849,45.5227],[18.3825,45.5211],[18.381,45.5187],[18.3796,45.5145],[18.379,45.5035],[18.3782,45.5002],[18.376,45.4973],[18.3712,45.4951],[18.3647,45.4942],[18.3233,45.4959],[18.3175,45.495],[18.309,45.4928],[18.3047,45.4928],[18.3006,45.4941],[18.2968,45.4966],[18.2855,45.5074],[18.2827,45.5096],[18.2804,45.5109],[18.2776,45.5116],[18.2351,45.511],[18.2301,45.5117],[18.2255,45.5135],[18.2211,45.5167],[18.2125,45.5269],[18.2086,45.5299],[18.2044,45.5317],[18.2002,45.5323],[18.1973,45.5331],[18.1943,45.5351],[18.1926,45.5532],[18.1929,45.5569],[18.1939,45.5591],[18.1956,45.5602],[18.2094,45.5637],[18.2157,45.5665],[18.223,45.5732],[18.2239,45.5778],[18.2207,45.583],[18.2173,45.5877],[18.2077,45.5977],[18.2001,45.6007],[18.1811,45.6047],[18.1749,45.6071],[18.1633,45.6156],[18.1581,45.6183],[18.1516,45.6203],[18.0832,45.6303],[18.0809,45.6422],[18.0794,45.6436],[18.0769,45.6456],[18.0278,45.664],[18.0166,45.6697],[18.0099,45.6748],[18.0085,45.6823],[18.0068,45.6883],[18.0034,45.6958],[17.9951,45.7077],[17.9882,45.7139],[17.9819,45.7181],[17.976,45.72],[17.948,45.7242],[17.9437,45.7266],[17.939,45.7324],[17.9345,45.7413],[17.9232,45.7561],[17.9138,45.7727],[17.9064,45.7914],[17.9062,45.7921],[17.9754,45.7921],[18.0805,45.7717],[18.0921,45.7717],[18.1029,45.7746],[18.1202,45.7834],[18.1289,45.7854],[18.2112,45.7854],[18.2298,45.7812],[18.2605,45.7651],[18.2833,45.7649],[18.3005,45.7518],[18.3177,45.7473],[18.3349,45.752],[18.3512,45.7584],[18.3672,45.7582],[18.3838,45.7432],[18.3841,45.7431],[18.3907,45.7418],[18.3976,45.7413],[18.4044,45.7418],[18.4117,45.7432],[18.4307,45.7536],[18.4655,45.7837],[18.4818,45.7914],[18.5042,45.784],[18.5303,45.7908],[18.5735,45.8167],[18.5855,45.8269],[18.6074,45.8567],[18.6222,45.8684],[18.6236,45.8687],[18.6263,45.8748],[18.6293,45.8869],[18.633,45.8919],[18.6556,45.9076],[18.6743,45.9104],[18.7238,45.8984],[18.7633,45.884],[18.7755,45.8828],[18.786,45.8869],[18.7904,45.8939],[18.7949,45.903],[18.8049,45.9136],[18.8178,45.9055],[18.8225,45.9056]]]}},{"type":"Feature","properties":{"id":"HRV-1586","name":"Primorsko-Goranska","nameBn":"প্রিমোজে-গোরস্কি কোটার কাউন্টি","type":"County","bounds":[14.1162,44.4822,15.2344,45.6678],"center":[14.6925,45.3736]},"geometry":{"type":"MultiPolygon","coordinates":[[[[15.1842,45.4256],[15.2258,45.4365],[15.2287,45.4329],[15.2325,45.4255],[15.2344,45.4181],[15.2344,45.4132],[15.2339,45.409],[15.2328,45.4037],[15.2296,45.3943],[15.221,45.3748],[15.2167,45.3698],[15.2103,45.3651],[15.1909,45.3534],[15.1855,45.3492],[15.1835,45.3457],[15.1829,45.3427],[15.1838,45.3341],[15.1809,45.3291],[15.1742,45.3246],[15.1421,45.3151],[15.1388,45.3131],[15.1351,45.3094],[15.1224,45.2933],[15.1199,45.2932],[15.1163,45.2943],[15.1079,45.299],[15.1056,45.303],[15.0986,45.3074],[15.0879,45.3116],[15.0594,45.3182],[15.0472,45.3232],[15.0393,45.3277],[15.0336,45.3286],[15.0292,45.3286],[14.9941,45.3118],[14.9886,45.3042],[14.9831,45.2919],[14.9821,45.2864],[14.9804,45.2829],[14.979,45.2812],[14.9763,45.2793],[14.9729,45.2774],[14.9706,45.2735],[14.9709,45.2683],[14.9763,45.2582],[14.9808,45.2519],[14.9839,45.2464],[14.9862,45.2411],[14.9824,45.2212],[14.9813,45.1694],[14.9794,45.1649],[14.9762,45.162],[14.9731,45.16],[14.9683,45.158],[14.9689,45.1531],[14.9709,45.1498],[15.008,45.1241],[15.0272,45.0974],[15.0274,45.092],[15.0263,45.085],[15.0226,45.077],[15.0189,45.0739],[15.0127,45.0723],[14.9954,45.0714],[14.9675,45.0733],[14.9517,45.0717],[14.9476,45.0727],[14.9447,45.0739],[14.9396,45.0779],[14.9343,45.0789],[14.9265,45.0776],[14.8902,45.0613],[14.8873,45.0588],[14.8862,45.0553],[14.8865,45.0423],[14.8815,45.0358],[14.8813,45.0356],[14.8565,45.0765],[14.8528,45.0937],[14.8425,45.1055],[14.8274,45.114],[14.766,45.1374],[14.6579,45.1966],[14.6067,45.2444],[14.5928,45.2498],[14.576,45.2623],[14.5686,45.2759],[14.5822,45.2853],[14.5708,45.2936],[14.5344,45.3127],[14.5523,45.2977],[14.5554,45.2959],[14.5519,45.2881],[14.5433,45.2838],[14.5331,45.2839],[14.5244,45.2888],[14.5105,45.2998],[14.4024,45.3386],[14.3636,45.3446],[14.3459,45.3516],[14.3298,45.354],[14.3115,45.344],[14.2908,45.3205],[14.272,45.2901],[14.2585,45.2558],[14.2477,45.1865],[14.2347,45.1546],[14.234,45.1547],[14.2112,45.1615],[14.207,45.1652],[14.2026,45.1716],[14.2015,45.178],[14.2017,45.1868],[14.2031,45.196],[14.2022,45.2196],[14.1946,45.275],[14.1941,45.2921],[14.1952,45.2983],[14.1975,45.3039],[14.2065,45.3173],[14.2105,45.3278],[14.2108,45.3353],[14.209,45.3456],[14.1995,45.3756],[14.1977,45.3857],[14.1981,45.3932],[14.2011,45.3981],[14.2036,45.4039],[14.2012,45.4076],[14.1924,45.4123],[14.1389,45.4343],[14.1299,45.4409],[14.1209,45.451],[14.1173,45.459],[14.1162,45.4642],[14.1173,45.473],[14.1197,45.4729],[14.1455,45.4762],[14.1931,45.4919],[14.2187,45.4972],[14.2406,45.4933],[14.2804,45.4811],[14.3268,45.4749],[14.3728,45.4778],[14.4112,45.4932],[14.4297,45.5054],[14.4689,45.5256],[14.4821,45.5424],[14.4874,45.5566],[14.4915,45.5792],[14.4923,45.5834],[14.4986,45.5962],[14.5079,45.6058],[14.5331,45.6257],[14.5436,45.6364],[14.5561,45.6567],[14.5639,45.6627],[14.5691,45.6643],[14.5809,45.6678],[14.5919,45.6634],[14.5941,45.648],[14.5929,45.6297],[14.5939,45.6162],[14.6031,45.6036],[14.616,45.5941],[14.6503,45.5748],[14.6573,45.5728],[14.6637,45.5702],[14.664,45.57],[14.6698,45.5646],[14.6717,45.5568],[14.6682,45.5391],[14.6685,45.534],[14.6883,45.522],[14.7811,45.4933],[14.7812,45.4933],[14.7814,45.4932],[14.7815,45.4931],[14.7972,45.4652],[14.8388,45.459],[14.8816,45.4698],[14.9008,45.4931],[14.9044,45.5144],[14.9226,45.5149],[14.9454,45.5045],[14.9626,45.4931],[14.9773,45.4917],[14.9863,45.4909],[14.9975,45.4872],[15.0074,45.4808],[15.0562,45.4799],[15.0661,45.4739],[15.1393,45.43],[15.1842,45.4256]]],[[[14.4456,44.566],[14.5266,44.5037],[14.5344,44.4841],[14.512,44.4822],[14.485,44.5006],[14.4519,44.5319],[14.4382,44.5386],[14.4382,44.5455],[14.4592,44.5412],[14.4661,44.5386],[14.438,44.5646],[14.4226,44.5739],[14.4041,44.5797],[14.397,44.5692],[14.3866,44.5656],[14.3747,44.5676],[14.363,44.5734],[14.363,44.5797],[14.3699,44.5797],[14.3699,44.5798],[14.3687,44.582],[14.3648,44.5872],[14.3826,44.6033],[14.376,44.623],[14.3494,44.6553],[14.3446,44.6685],[14.3371,44.6997],[14.3358,44.7168],[14.3557,44.7071],[14.3811,44.6986],[14.3975,44.6856],[14.3904,44.6622],[14.3952,44.6534],[14.3996,44.6375],[14.4041,44.6103],[14.41,44.601],[14.4456,44.566]]],[[[14.7405,44.7783],[14.7405,44.7705],[14.7429,44.7658],[14.7541,44.7578],[14.7409,44.7644],[14.7249,44.7676],[14.71,44.7679],[14.6995,44.7652],[14.6579,44.7988],[14.6704,44.7995],[14.6829,44.7988],[14.6948,44.7965],[14.7057,44.7925],[14.7057,44.7988],[14.7023,44.8022],[14.7014,44.8043],[14.7013,44.8073],[14.6995,44.8131],[14.7158,44.8032],[14.72,44.7988],[14.7268,44.7988],[14.7141,44.8184],[14.7058,44.8269],[14.6921,44.8335],[14.6898,44.8367],[14.6858,44.8472],[14.7068,44.845],[14.7268,44.8403],[14.7241,44.8444],[14.72,44.8546],[14.739,44.8534],[14.7533,44.8459],[14.7561,44.8357],[14.7405,44.8266],[14.7405,44.8205],[14.7481,44.8168],[14.7874,44.7893],[14.8115,44.7792],[14.8224,44.7714],[14.8512,44.7373],[14.8591,44.7174],[14.8496,44.7032],[14.8215,44.7206],[14.773,44.7603],[14.7405,44.7783]]],[[[14.5139,44.6622],[14.5081,44.6533],[14.5086,44.6453],[14.515,44.6422],[14.5275,44.6479],[14.5344,44.6343],[14.5274,44.6271],[14.5204,44.6215],[14.5134,44.6188],[14.5023,44.6203],[14.473,44.6203],[14.4279,44.6566],[14.3945,44.7076],[14.3972,44.7516],[14.3928,44.7525],[14.3899,44.7541],[14.3874,44.7558],[14.3836,44.7578],[14.3745,44.7539],[14.3682,44.7611],[14.3643,44.7744],[14.363,44.8065],[14.3616,44.816],[14.3566,44.8198],[14.346,44.8205],[14.3298,44.8339],[14.3141,44.8938],[14.2942,44.9086],[14.2952,44.9131],[14.2962,44.9159],[14.3015,44.9223],[14.2925,44.9403],[14.3015,44.9434],[14.3252,44.9365],[14.3323,44.9322],[14.3503,44.9129],[14.3596,44.9086],[14.3771,44.9081],[14.3874,44.909],[14.3932,44.9148],[14.3972,44.9291],[14.3936,44.9348],[14.389,44.9503],[14.3903,44.9604],[14.4041,44.9495],[14.4114,44.9564],[14.3914,44.9694],[14.3767,44.9869],[14.3467,45.0476],[14.3408,45.0556],[14.2874,45.1011],[14.2785,45.1133],[14.2777,45.128],[14.2886,45.1488],[14.2996,45.1623],[14.3137,45.1724],[14.3319,45.1758],[14.3562,45.1693],[14.3641,45.1576],[14.3605,45.1176],[14.363,45.0936],[14.3696,45.0755],[14.3877,45.039],[14.4123,45.0036],[14.4177,44.998],[14.4308,44.9903],[14.4539,44.988],[14.4661,44.9837],[14.4735,44.9714],[14.471,44.9539],[14.4626,44.936],[14.4519,44.9223],[14.4592,44.9154],[14.45,44.898],[14.4485,44.8837],[14.4519,44.8509],[14.4649,44.8214],[14.4666,44.8048],[14.4519,44.7988],[14.457,44.7877],[14.4692,44.7731],[14.4729,44.7652],[14.4739,44.7545],[14.4676,44.7421],[14.4661,44.7298],[14.4722,44.708],[14.4856,44.6921],[14.5013,44.6782],[14.5139,44.6622]]],[[[14.7234,44.9433],[14.7064,44.9467],[14.6579,44.97],[14.6289,44.9782],[14.6245,44.9855],[14.6238,45.0014],[14.6263,45.0373],[14.6209,45.0456],[14.6033,45.039],[14.6033,45.0322],[14.617,45.0246],[14.5907,45.0233],[14.5105,45.0322],[14.4854,45.038],[14.4601,45.0524],[14.4387,45.0705],[14.4251,45.0873],[14.4331,45.0959],[14.4416,45.0998],[14.4512,45.101],[14.4627,45.101],[14.4665,45.1053],[14.4658,45.1147],[14.4671,45.1241],[14.4763,45.1284],[14.514,45.1291],[14.5301,45.1348],[14.5213,45.1488],[14.5342,45.1622],[14.5396,45.1704],[14.5418,45.1789],[14.5394,45.1868],[14.5359,45.1942],[14.5369,45.2017],[14.548,45.2103],[14.5498,45.2214],[14.5488,45.2302],[14.5438,45.2357],[14.5344,45.2375],[14.5488,45.2487],[14.5633,45.2497],[14.5959,45.2375],[14.5855,45.2379],[14.5822,45.2375],[14.584,45.2302],[14.5872,45.2244],[14.5913,45.2199],[14.5959,45.2165],[14.6107,45.1981],[14.6238,45.1755],[14.5974,45.1664],[14.6126,45.1592],[14.6437,45.1568],[14.6653,45.1618],[14.6709,45.1435],[14.6589,45.1083],[14.6653,45.0873],[14.6781,45.0775],[14.696,45.0734],[14.7405,45.0731],[14.74,45.0443],[14.7998,45.0052],[14.815,44.9775],[14.8088,44.9775],[14.7972,44.9713],[14.7847,44.9693],[14.7722,44.9713],[14.7609,44.9775],[14.7472,44.97],[14.7472,44.9638],[14.7608,44.9551],[14.7568,44.9487],[14.742,44.9447],[14.7234,44.9433]]],[[[14.2442,44.6614],[14.2658,44.6795],[14.2804,44.6776],[14.28,44.6678],[14.2742,44.6617],[14.2609,44.6595],[14.2595,44.6582],[14.2573,44.6567],[14.2568,44.6531],[14.2585,44.6479],[14.2564,44.6424],[14.2567,44.637],[14.259,44.6341],[14.2658,44.6254],[14.2712,44.6125],[14.264,44.6116],[14.2522,44.6168],[14.2398,44.6199],[14.2326,44.626],[14.2336,44.6348],[14.2356,44.6422],[14.2442,44.6614]]]]}},{"type":"Feature","properties":{"id":"HRV-1587","name":"Sisacko-Moslavacka","nameBn":"সিসাক-মস্লাভিনা কাউন্টি","type":"County","bounds":[15.6305,45.0012,17.2006,45.8231],"center":[16.4156,45.4687]},"geometry":{"type":"Polygon","coordinates":[[[16.9473,45.2357],[16.9415,45.2412],[16.9421,45.2498],[16.9407,45.2578],[16.9326,45.2788],[16.9244,45.2845],[16.897,45.2681],[16.894,45.2635],[16.8858,45.2552],[16.8754,45.247],[16.8673,45.2434],[16.8617,45.2322],[16.8519,45.2274],[16.8408,45.224],[16.8307,45.217],[16.8251,45.205],[16.8258,45.1964],[16.8242,45.1891],[16.8117,45.1812],[16.7863,45.1788],[16.587,45.2209],[16.5289,45.2223],[16.4819,45.1995],[16.4492,45.1481],[16.4355,45.1329],[16.4248,45.1273],[16.3985,45.1214],[16.3892,45.1168],[16.3818,45.1076],[16.382,45.102],[16.384,45.0954],[16.382,45.0837],[16.3773,45.0756],[16.357,45.0486],[16.346,45.02],[16.3406,45.0059],[16.3162,45.0012],[16.2793,45.0072],[16.2412,45.019],[16.213,45.0315],[16.1215,45.0962],[16.1041,45.1125],[16.0828,45.1516],[16.0675,45.1696],[16.055,45.1764],[16.0331,45.1797],[16.0244,45.1843],[16.025,45.1889],[16.0287,45.1963],[16.0292,45.205],[16.0204,45.2139],[16.0085,45.2182],[15.9975,45.2185],[15.9746,45.2154],[15.8789,45.2172],[15.8248,45.211],[15.8026,45.1965],[15.8021,45.1967],[15.785,45.2053],[15.7812,45.2064],[15.7771,45.2069],[15.7725,45.2068],[15.7691,45.2073],[15.7665,45.2082],[15.764,45.2094],[15.7617,45.21],[15.7593,45.2098],[15.7503,45.2064],[15.7466,45.2064],[15.7429,45.2075],[15.7365,45.2086],[15.7223,45.2083],[15.7188,45.2074],[15.7157,45.2059],[15.7101,45.202],[15.7073,45.2011],[15.7049,45.2009],[15.6394,45.2107],[15.6364,45.2127],[15.6338,45.2175],[15.633,45.2255],[15.6312,45.231],[15.6305,45.2357],[15.6312,45.2395],[15.6358,45.243],[15.6426,45.2505],[15.6465,45.2575],[15.6597,45.2656],[15.6616,45.2681],[15.6603,45.2723],[15.6585,45.276],[15.6569,45.2802],[15.6564,45.2851],[15.6577,45.2901],[15.6625,45.302],[15.664,45.3078],[15.665,45.3139],[15.6653,45.32],[15.6642,45.3256],[15.6625,45.3305],[15.6619,45.3352],[15.6639,45.3396],[15.6796,45.3488],[15.6807,45.3506],[15.6805,45.3533],[15.6776,45.3588],[15.6742,45.3633],[15.6681,45.3698],[15.6659,45.3733],[15.6651,45.3766],[15.6659,45.3818],[15.6723,45.3982],[15.6725,45.4022],[15.67,45.4055],[15.6606,45.4119],[15.6568,45.4152],[15.6575,45.4187],[15.663,45.4223],[15.6765,45.4252],[15.7028,45.4205],[15.716,45.4208],[15.7205,45.4184],[15.727,45.4115],[15.7319,45.4106],[15.7421,45.4116],[15.7489,45.4112],[15.7575,45.4082],[15.7665,45.4033],[15.775,45.3977],[15.7799,45.3951],[15.7864,45.3934],[15.7941,45.3939],[15.8141,45.3987],[15.8209,45.4021],[15.8243,45.4072],[15.8245,45.4167],[15.8346,45.4311],[15.8372,45.4363],[15.8346,45.4444],[15.8363,45.4513],[15.838,45.4556],[15.8418,45.4612],[15.8425,45.4659],[15.8374,45.4716],[15.8324,45.4787],[15.8271,45.4843],[15.8129,45.5234],[15.8397,45.546],[15.8543,45.5499],[15.8599,45.549],[15.8644,45.5473],[15.8675,45.5449],[15.8687,45.5416],[15.8689,45.5379],[15.8683,45.5348],[15.8718,45.5324],[15.8748,45.5311],[15.9023,45.5277],[15.9023,45.5277],[15.9229,45.5113],[15.9285,45.5031],[15.9288,45.5],[15.9283,45.4964],[15.9277,45.4842],[15.9359,45.4748],[15.9778,45.4727],[15.9921,45.4753],[16.0,45.4812],[16.0074,45.4852],[16.0152,45.4861],[16.0253,45.4856],[16.0329,45.4839],[16.0372,45.482],[16.0465,45.4759],[16.0745,45.4997],[16.0813,45.5024],[16.0936,45.5046],[16.1061,45.5037],[16.1091,45.5045],[16.1108,45.5064],[16.1088,45.5093],[16.1069,45.5113],[16.1033,45.5145],[16.1018,45.5185],[16.1019,45.5333],[16.0995,45.5388],[16.0936,45.544],[16.0765,45.5536],[16.0728,45.5564],[16.0703,45.5599],[16.0692,45.5638],[16.0689,45.5712],[16.0668,45.5746],[16.0621,45.5772],[16.0534,45.5794],[16.0495,45.581],[16.047,45.5838],[16.0458,45.5892],[16.0464,45.594],[16.0492,45.5975],[16.0543,45.5991],[16.0759,45.5973],[16.0855,45.5983],[16.0928,45.6006],[16.1215,45.6169],[16.138,45.6299],[16.1417,45.6323],[16.1479,45.6341],[16.1536,45.6344],[16.1614,45.6332],[16.1717,45.6287],[16.1797,45.619],[16.1831,45.6157],[16.1873,45.6143],[16.1975,45.6133],[16.2042,45.6115],[16.2118,45.608],[16.2186,45.603],[16.2271,45.5984],[16.2379,45.5968],[16.2649,45.6045],[16.2782,45.613],[16.2973,45.6423],[16.2921,45.6717],[16.2962,45.6846],[16.2896,45.7113],[16.2911,45.7208],[16.2939,45.7279],[16.3099,45.7446],[16.315,45.7478],[16.32,45.7483],[16.337,45.7411],[16.344,45.7395],[16.3471,45.7395],[16.3664,45.7436],[16.3702,45.7451],[16.3726,45.7474],[16.3732,45.749],[16.3769,45.769],[16.3842,45.7895],[16.3851,45.7954],[16.385,45.7999],[16.3842,45.8044],[16.3816,45.812],[16.4221,45.8118],[16.4238,45.8132],[16.4281,45.8201],[16.4292,45.8215],[16.4311,45.8225],[16.4337,45.8231],[16.4371,45.8225],[16.4401,45.8205],[16.4424,45.8143],[16.454,45.8006],[16.4967,45.7651],[16.5115,45.754],[16.5115,45.7477],[16.5076,45.7416],[16.5041,45.7344],[16.5007,45.722],[16.5017,45.7175],[16.5051,45.7155],[16.5124,45.7147],[16.5209,45.7125],[16.5323,45.7063],[16.5408,45.7028],[16.5519,45.701],[16.5647,45.6973],[16.5872,45.685],[16.6024,45.6712],[16.6117,45.6651],[16.6168,45.6628],[16.6354,45.663],[16.6561,45.6597],[16.7239,45.6373],[16.7291,45.6341],[16.74,45.624],[16.747,45.6207],[16.7565,45.6185],[16.7805,45.6163],[16.7867,45.6132],[16.7907,45.6091],[16.8051,45.5827],[16.8094,45.5762],[16.8173,45.5666],[16.8233,45.5631],[16.832,45.5606],[16.8356,45.5591],[16.8379,45.5573],[16.8477,45.546],[16.8623,45.5324],[16.8673,45.5265],[16.8687,45.5228],[16.851,45.51],[16.8463,45.5097],[16.8429,45.5099],[16.8399,45.5107],[16.8367,45.511],[16.8337,45.5109],[16.8309,45.5104],[16.8292,45.5078],[16.83,45.5038],[16.8361,45.4945],[16.8432,45.4891],[16.8513,45.4846],[16.8589,45.4826],[16.8676,45.4818],[16.8876,45.4825],[16.8947,45.4803],[16.8986,45.4765],[16.9037,45.4694],[16.907,45.4677],[16.9123,45.4685],[16.9292,45.4759],[16.9649,45.4553],[16.9987,45.4435],[17.0047,45.4394],[17.0064,45.4378],[17.0229,45.4186],[17.0352,45.4206],[17.0488,45.4248],[17.0533,45.4258],[17.0575,45.4252],[17.0609,45.4228],[17.0626,45.417],[17.0615,45.4116],[17.0595,45.4078],[17.0547,45.4025],[17.05,45.3958],[17.0493,45.3921],[17.0493,45.388],[17.0514,45.3847],[17.062,45.3782],[17.1438,45.3419],[17.1812,45.3479],[17.1896,45.3308],[17.19,45.327],[17.1882,45.3235],[17.1828,45.3204],[17.1793,45.3175],[17.1781,45.3141],[17.1825,45.3092],[17.1966,45.3002],[17.1997,45.2976],[17.2006,45.2946],[17.1989,45.2922],[17.1924,45.2886],[17.1801,45.2871],[17.1714,45.2867],[17.1655,45.2859],[17.1537,45.2824],[17.1508,45.2811],[17.1472,45.2777],[17.1354,45.2633],[17.1199,45.2531],[17.1147,45.2504],[17.0887,45.2319],[17.0859,45.2287],[17.0842,45.2257],[17.0816,45.2161],[17.083,45.2119],[17.0873,45.2076],[17.0972,45.203],[17.1106,45.1929],[17.1245,45.1693],[17.1246,45.1691],[17.0984,45.1777],[17.0557,45.2004],[17.0363,45.2305],[17.0302,45.227],[17.0144,45.2198],[17.0083,45.2162],[17.0125,45.2245],[17.0136,45.2306],[17.012,45.2365],[17.0083,45.2442],[16.9987,45.2314],[16.9881,45.2365],[16.9759,45.2472],[16.9612,45.2509],[16.9653,45.2442],[16.968,45.2373],[16.9473,45.2357]]]}},{"type":"Feature","properties":{"id":"HRV-1492","name":"Splitsko-Dalmatinska","nameBn":"স্প্লিত-দাল্মেশিয়া কাউন্টি","type":"County","bounds":[16.0128,43.0115,17.4509,43.9702],"center":[16.788,43.5266]},"geometry":{"type":"MultiPolygon","coordinates":[[[[16.5274,43.9679],[16.5558,43.9375],[16.6048,43.9011],[16.6374,43.8684],[16.6786,43.8407],[16.6861,43.8261],[16.6898,43.8093],[16.6982,43.7881],[16.7126,43.7715],[16.8238,43.7073],[16.9819,43.5897],[17.0305,43.5485],[17.0623,43.5277],[17.0846,43.5132],[17.1428,43.4893],[17.2395,43.4784],[17.2705,43.4632],[17.2864,43.4374],[17.2676,43.3533],[17.2899,43.3034],[17.3287,43.2604],[17.3694,43.2326],[17.3897,43.2231],[17.4002,43.216],[17.4068,43.2054],[17.4152,43.185],[17.4268,43.1657],[17.4421,43.1524],[17.4509,43.1482],[17.4495,43.1463],[17.4445,43.1438],[17.4374,43.1412],[17.4192,43.1397],[17.4118,43.1402],[17.4063,43.1418],[17.4023,43.1443],[17.3986,43.1482],[17.3959,43.1494],[17.3911,43.1507],[17.3703,43.1531],[17.3531,43.1568],[17.3494,43.1562],[17.3471,43.1537],[17.3453,43.1449],[17.3459,43.142],[17.3484,43.1399],[17.3534,43.1387],[17.3649,43.1377],[17.3705,43.1359],[17.3751,43.1321],[17.3789,43.1276],[17.384,43.1187],[17.3869,43.1149],[17.3917,43.1115],[17.4021,43.1061],[17.4056,43.1037],[17.4063,43.1005],[17.4003,43.0968],[17.3936,43.0941],[17.3655,43.0793],[17.3654,43.0792],[17.3163,43.1273],[17.1724,43.1818],[17.138,43.2023],[17.1213,43.2088],[17.1139,43.2132],[17.1078,43.2264],[17.1003,43.2317],[17.0902,43.2352],[17.0801,43.2365],[17.0735,43.239],[17.0667,43.2449],[17.0563,43.257],[17.0545,43.2612],[17.0511,43.2742],[17.0495,43.278],[17.0451,43.2798],[17.0324,43.2824],[17.0282,43.2842],[16.9339,43.3736],[16.906,43.3873],[16.8958,43.3946],[16.8885,43.4012],[16.8806,43.406],[16.7525,43.4195],[16.6939,43.4383],[16.6258,43.449],[16.5348,43.4971],[16.5335,43.4997],[16.5326,43.5043],[16.53,43.5088],[16.5247,43.5108],[16.5186,43.5097],[16.5095,43.5051],[16.5044,43.504],[16.4666,43.5108],[16.3914,43.5108],[16.3914,43.5176],[16.4114,43.5178],[16.4343,43.5219],[16.4559,43.529],[16.4734,43.5382],[16.4568,43.5459],[16.4338,43.5498],[16.3368,43.5512],[16.325,43.5485],[16.3063,43.5399],[16.2993,43.5382],[16.2811,43.536],[16.2396,43.5266],[16.1177,43.5245],[16.1177,43.5176],[16.1507,43.5114],[16.1649,43.5041],[16.1724,43.4897],[16.1108,43.4897],[16.1131,43.4789],[16.0985,43.48],[16.0662,43.4897],[16.0396,43.4908],[16.0283,43.4949],[16.014,43.504],[16.0128,43.504],[16.0129,43.5041],[16.0188,43.5089],[16.0296,43.5104],[16.0512,43.5111],[16.0562,43.5132],[16.0558,43.5158],[16.0529,43.5173],[16.0479,43.5188],[16.043,43.5212],[16.0397,43.5246],[16.0396,43.531],[16.0436,43.534],[16.0515,43.5364],[16.061,43.5381],[16.0779,43.5431],[16.0827,43.5457],[16.0835,43.548],[16.0787,43.549],[16.0753,43.551],[16.0699,43.5593],[16.056,43.5713],[16.0512,43.5781],[16.0476,43.5858],[16.0453,43.5969],[16.0484,43.6025],[16.0529,43.6071],[16.0643,43.616],[16.0702,43.6184],[16.0753,43.6184],[16.0807,43.6166],[16.0854,43.6168],[16.0917,43.6183],[16.1606,43.6829],[16.1693,43.688],[16.1738,43.6874],[16.2287,43.6707],[16.2387,43.6716],[16.2453,43.6758],[16.2537,43.6837],[16.2608,43.688],[16.2688,43.6912],[16.2905,43.6977],[16.3179,43.7024],[16.3417,43.71],[16.3506,43.7159],[16.3526,43.7221],[16.3484,43.7266],[16.3431,43.7307],[16.3409,43.7343],[16.3394,43.7399],[16.3496,43.7547],[16.3502,43.7572],[16.3493,43.7604],[16.3485,43.7651],[16.3504,43.7732],[16.3569,43.7783],[16.4255,43.8123],[16.432,43.8188],[16.432,43.8254],[16.4267,43.8315],[16.3867,43.8658],[16.3778,43.8712],[16.3704,43.8749],[16.3429,43.8848],[16.3397,43.8906],[16.3373,43.8959],[16.3509,43.9262],[16.3825,43.9197],[16.3998,43.9199],[16.4105,43.9226],[16.4143,43.926],[16.4165,43.9302],[16.4184,43.9355],[16.4367,43.9482],[16.4703,43.9643],[16.4845,43.9684],[16.4942,43.9702],[16.5274,43.9679]]],[[[16.2412,43.072],[16.2455,43.0764],[16.2498,43.0794],[16.2534,43.0779],[16.2549,43.0685],[16.2521,43.0624],[16.2455,43.0578],[16.2337,43.0515],[16.2219,43.0403],[16.2103,43.0333],[16.1213,43.0134],[16.0872,43.0115],[16.0632,43.0174],[16.0845,43.0259],[16.0871,43.0414],[16.0791,43.0533],[16.0693,43.0515],[16.0632,43.0515],[16.0488,43.0652],[16.053,43.0683],[16.0573,43.0702],[16.0623,43.0713],[16.0693,43.072],[16.0925,43.0827],[16.1302,43.0884],[16.1702,43.0877],[16.1997,43.0794],[16.1947,43.0744],[16.1929,43.072],[16.2158,43.0792],[16.2282,43.0787],[16.2412,43.072]]],[[[16.6931,43.1273],[16.6702,43.1255],[16.5598,43.143],[16.4754,43.1665],[16.4452,43.1708],[16.4273,43.1799],[16.416,43.1818],[16.3716,43.1955],[16.3758,43.1999],[16.3804,43.202],[16.3914,43.2023],[16.404,43.1972],[16.4153,43.1985],[16.4398,43.2098],[16.4461,43.2023],[16.4491,43.2065],[16.4603,43.216],[16.4603,43.2098],[16.4964,43.2181],[16.527,43.2043],[16.5549,43.1879],[16.5833,43.1887],[16.5559,43.2098],[16.5293,43.2216],[16.5205,43.229],[16.535,43.2277],[16.5628,43.229],[16.5833,43.216],[16.5871,43.2163],[16.5969,43.2217],[16.6038,43.2235],[16.6164,43.2235],[16.646,43.2199],[16.6595,43.216],[16.6663,43.2108],[16.6725,43.203],[16.6807,43.1948],[16.6931,43.1887],[16.6936,43.184],[16.6922,43.1828],[16.6895,43.1828],[16.6863,43.1818],[16.7058,43.1708],[16.7277,43.1646],[16.7512,43.1619],[16.8482,43.1623],[16.8644,43.1688],[16.8784,43.1588],[16.8967,43.1548],[16.9588,43.1524],[17.0186,43.1409],[17.1099,43.1438],[17.1553,43.1403],[17.1934,43.1273],[16.9432,43.1273],[16.6931,43.1273]]],[[[16.5007,43.2842],[16.4219,43.3176],[16.4058,43.3327],[16.4138,43.3288],[16.4194,43.3252],[16.4263,43.3252],[16.4268,43.3315],[16.4297,43.3325],[16.4343,43.3317],[16.4398,43.3327],[16.4343,43.3399],[16.4349,43.3464],[16.4417,43.3512],[16.4535,43.3532],[16.4397,43.3709],[16.4263,43.3941],[16.447,43.3948],[16.4535,43.3941],[16.4939,43.3823],[16.6877,43.377],[16.8098,43.3532],[16.8098,43.3464],[16.7962,43.3464],[16.8068,43.3425],[16.8163,43.3402],[16.8242,43.341],[16.8303,43.3464],[16.8394,43.3409],[16.8582,43.3252],[16.869,43.3226],[16.8777,43.3234],[16.8851,43.322],[16.8923,43.3122],[16.8796,43.2939],[16.8723,43.288],[16.8644,43.2917],[16.8462,43.2734],[16.8132,43.2678],[16.6283,43.2637],[16.564,43.2701],[16.5007,43.2842]]],[[[16.3914,43.3464],[16.376,43.3334],[16.3486,43.3387],[16.2817,43.3694],[16.2323,43.3845],[16.207,43.3873],[16.2064,43.3918],[16.2078,43.3931],[16.2103,43.3932],[16.2132,43.3941],[16.2034,43.4],[16.2005,43.407],[16.2056,43.4129],[16.2201,43.4152],[16.277,43.4119],[16.2982,43.4036],[16.3027,43.3873],[16.3298,43.3897],[16.3486,43.3783],[16.3667,43.3612],[16.3914,43.3464]]],[[[16.3103,43.5078],[16.3342,43.5015],[16.3753,43.4902],[16.3708,43.4843],[16.3333,43.4814],[16.282,43.4879],[16.2673,43.4869],[16.2588,43.4835],[16.2464,43.4814],[16.2306,43.4832],[16.2183,43.4863],[16.2114,43.4901],[16.2118,43.4956],[16.2189,43.4977],[16.2233,43.4974],[16.23,43.4962],[16.2435,43.4949],[16.2522,43.4999],[16.2481,43.5083],[16.2644,43.5129],[16.3103,43.5078]]]]}},{"type":"Feature","properties":{"id":"HRV-1610","name":"Varaždinska","nameBn":"ভারাজদিন কাউন্টি","type":"County","bounds":[15.8793,46.0126,16.7743,46.3947],"center":[16.3267,46.1918]},"geometry":{"type":"Polygon","coordinates":[[[16.0887,46.3731],[16.0943,46.3723],[16.106,46.3737],[16.1155,46.3793],[16.1232,46.3869],[16.1316,46.3931],[16.1439,46.3947],[16.1536,46.3914],[16.1775,46.3756],[16.1918,46.3698],[16.2087,46.3671],[16.2171,46.3674],[16.2528,46.3734],[16.2756,46.3732],[16.2803,46.3762],[16.2799,46.3787],[16.2816,46.3781],[16.2981,46.3702],[16.3183,46.3687],[16.3249,46.3655],[16.3302,46.3618],[16.3409,46.352],[16.3428,46.3489],[16.3432,46.3469],[16.3437,46.3435],[16.3448,46.339],[16.3468,46.3342],[16.3516,46.3263],[16.3558,46.3228],[16.3588,46.3206],[16.3613,46.32],[16.4838,46.3018],[16.5161,46.3015],[16.5856,46.3168],[16.5951,46.3179],[16.6056,46.3159],[16.7205,46.3114],[16.7452,46.3057],[16.7586,46.2953],[16.7681,46.291],[16.7704,46.2896],[16.7723,46.2874],[16.7735,46.284],[16.7743,46.2799],[16.7732,46.2745],[16.7706,46.2689],[16.7635,46.2591],[16.7579,46.247],[16.7489,46.2379],[16.7322,46.2272],[16.6955,46.2102],[16.6764,46.2037],[16.664,46.2009],[16.6604,46.2024],[16.6572,46.2091],[16.6539,46.2119],[16.6489,46.2131],[16.6323,46.212],[16.596,46.2031],[16.5001,46.1618],[16.497,46.1584],[16.4942,46.1512],[16.4908,46.1466],[16.4851,46.1429],[16.4728,46.1393],[16.4466,46.1354],[16.4419,46.1358],[16.4391,46.137],[16.4373,46.1392],[16.4349,46.1437],[16.4334,46.1452],[16.4312,46.146],[16.4275,46.145],[16.3926,46.127],[16.3875,46.1255],[16.3828,46.1248],[16.3685,46.126],[16.3648,46.1258],[16.3496,46.1225],[16.3464,46.1176],[16.3454,46.1101],[16.3529,46.0902],[16.3554,46.0787],[16.3527,46.0424],[16.3592,46.0246],[16.3285,46.0201],[16.3119,46.0136],[16.3004,46.0126],[16.2938,46.0128],[16.291,46.0142],[16.2852,46.0184],[16.2816,46.0222],[16.2787,46.0263],[16.2743,46.039],[16.2714,46.0431],[16.2559,46.0611],[16.2486,46.1126],[16.2503,46.1206],[16.2509,46.1295],[16.2551,46.143],[16.2551,46.1482],[16.2545,46.1519],[16.2537,46.1532],[16.2469,46.162],[16.2424,46.1694],[16.2424,46.1751],[16.2474,46.1876],[16.2457,46.191],[16.2419,46.1925],[16.2293,46.1918],[16.222,46.1929],[16.2161,46.1958],[16.2109,46.2033],[16.207,46.2078],[16.2006,46.2123],[16.1949,46.2124],[16.1879,46.2098],[16.183,46.2054],[16.1748,46.1961],[16.1698,46.192],[16.1639,46.1892],[16.1581,46.1876],[16.1398,46.1879],[16.1254,46.1921],[16.1164,46.1928],[16.1089,46.1927],[16.0947,46.1902],[16.0792,46.1894],[16.0646,46.19],[16.0574,46.1894],[16.0512,46.1882],[16.0396,46.1846],[16.0307,46.1843],[16.0196,46.1854],[15.9915,46.1925],[15.9832,46.1935],[15.9694,46.193],[15.96,46.1937],[15.9553,46.1956],[15.9525,46.1989],[15.9513,46.2041],[15.9488,46.211],[15.9441,46.2151],[15.9379,46.2181],[15.895,46.228],[15.8875,46.2327],[15.8838,46.2383],[15.8836,46.2462],[15.8819,46.255],[15.8793,46.2593],[15.8809,46.2593],[15.8837,46.2594],[15.9189,46.2728],[15.9487,46.2842],[15.982,46.2883],[15.9937,46.2906],[15.9984,46.2915],[16.0192,46.2988],[16.0389,46.3084],[16.0499,46.3167],[16.0524,46.3186],[16.0596,46.3323],[16.0597,46.3453],[16.0574,46.3597],[16.058,46.3775],[16.0887,46.3731]]]}},{"type":"Feature","properties":{"id":"HRV-1606","name":"Viroviticko-Podravska","nameBn":"ভিরোভিটিকা-পোদ্রাভিনা কাউন্টি","type":"County","bounds":[17.1323,45.4702,18.0832,45.9846],"center":[17.6078,45.7303]},"geometry":{"type":"Polygon","coordinates":[[[17.3066,45.9799],[17.3166,45.9738],[17.3271,45.972],[17.3379,45.9846],[17.3437,45.9675],[17.3421,45.9586],[17.3453,45.9557],[17.3653,45.9567],[17.3892,45.9631],[17.3997,45.9599],[17.4062,45.9437],[17.4116,45.9466],[17.4154,45.9497],[17.4182,45.953],[17.4267,45.9567],[17.5119,45.9539],[17.5543,45.9478],[17.5911,45.9362],[17.6384,45.9013],[17.6458,45.8918],[17.6469,45.8837],[17.6521,45.8688],[17.6532,45.8574],[17.6547,45.8521],[17.6565,45.8454],[17.6647,45.8416],[17.6873,45.8406],[17.8092,45.8144],[17.8382,45.7996],[17.858,45.7759],[17.8581,45.7717],[17.8701,45.7735],[17.8757,45.7807],[17.8805,45.7885],[17.8898,45.7921],[17.9062,45.7921],[17.9064,45.7914],[17.9138,45.7727],[17.9232,45.7561],[17.9345,45.7413],[17.939,45.7324],[17.9437,45.7266],[17.948,45.7242],[17.976,45.72],[17.9819,45.7181],[17.9882,45.7139],[17.9951,45.7077],[18.0034,45.6958],[18.0068,45.6883],[18.0085,45.6823],[18.0099,45.6748],[18.0166,45.6697],[18.0278,45.664],[18.0769,45.6456],[18.0794,45.6436],[18.0809,45.6422],[18.0832,45.6303],[18.0579,45.6238],[17.9634,45.5429],[17.9483,45.5159],[17.9397,45.5042],[17.9324,45.4972],[17.9256,45.4924],[17.8908,45.4739],[17.8844,45.4714],[17.8791,45.4707],[17.8756,45.4719],[17.8677,45.4736],[17.8512,45.4746],[17.8175,45.4705],[17.8078,45.4702],[17.7993,45.4714],[17.7939,45.4741],[17.7911,45.4777],[17.7891,45.4821],[17.7854,45.4867],[17.7794,45.4907],[17.7696,45.4934],[17.7255,45.4972],[17.7156,45.4998],[17.7069,45.5032],[17.6504,45.5155],[17.6152,45.5318],[17.6077,45.5365],[17.5963,45.5456],[17.5924,45.5475],[17.5862,45.5488],[17.5171,45.5763],[17.5142,45.5763],[17.5132,45.5741],[17.5134,45.5669],[17.5121,45.5635],[17.5097,45.5601],[17.5044,45.5563],[17.5004,45.5554],[17.4962,45.5557],[17.492,45.5577],[17.4889,45.5598],[17.4858,45.5624],[17.4788,45.5654],[17.4723,45.569],[17.4305,45.5747],[17.4245,45.5924],[17.492,45.6751],[17.4929,45.6883],[17.4898,45.693],[17.449,45.7135],[17.4412,45.7165],[17.4322,45.7186],[17.4264,45.719],[17.4226,45.7181],[17.4161,45.7136],[17.4109,45.7113],[17.4023,45.7052],[17.3973,45.7028],[17.3852,45.7025],[17.3663,45.7137],[17.3623,45.7176],[17.3596,45.7214],[17.361,45.7249],[17.3663,45.7322],[17.3671,45.737],[17.3658,45.7424],[17.3623,45.7503],[17.3579,45.7536],[17.3533,45.7548],[17.3236,45.7505],[17.3218,45.7505],[17.3205,45.7523],[17.3151,45.7563],[17.3056,45.7645],[17.2904,45.771],[17.283,45.7773],[17.2788,45.7825],[17.2783,45.7859],[17.2792,45.7936],[17.2792,45.798],[17.2772,45.8033],[17.1404,45.8703],[17.1337,45.8885],[17.1323,45.8936],[17.1331,45.897],[17.1377,45.9039],[17.1374,45.9062],[17.1331,45.9116],[17.1351,45.9159],[17.1416,45.9216],[17.1577,45.9336],[17.1871,45.9654],[17.1925,45.9696],[17.1978,45.9727],[17.2169,45.981],[17.2271,45.983],[17.2367,45.9832],[17.289,45.9778],[17.2988,45.9783],[17.3056,45.9793],[17.3066,45.9799]]]}},{"type":"Feature","properties":{"id":"HRV-1605","name":"Vukovarsko-Srijemska","nameBn":"ভুকোভার-সিরমিয়া","type":"County","bounds":[18.5023,44.8612,19.4078,45.4813],"center":[18.9549,45.1467]},"geometry":{"type":"Polygon","coordinates":[[[18.6487,45.0627],[18.6405,45.0654],[18.6336,45.072],[18.6279,45.08],[18.6211,45.0931],[18.6167,45.0977],[18.6091,45.1001],[18.6025,45.0993],[18.5886,45.0932],[18.5818,45.0914],[18.5738,45.0916],[18.5577,45.0944],[18.5496,45.0948],[18.5349,45.0904],[18.5348,45.0884],[18.5345,45.0886],[18.534,45.0888],[18.5116,45.1137],[18.504,45.1289],[18.5023,45.1393],[18.5025,45.1475],[18.5034,45.1555],[18.5053,45.1617],[18.508,45.1675],[18.5124,45.1731],[18.5369,45.1935],[18.5442,45.1907],[18.5483,45.1905],[18.5538,45.192],[18.5585,45.1954],[18.5634,45.2023],[18.5656,45.208],[18.5672,45.2143],[18.5679,45.2266],[18.5667,45.2326],[18.5642,45.2367],[18.5593,45.2398],[18.5532,45.2413],[18.5198,45.2446],[18.5144,45.246],[18.5098,45.2478],[18.5074,45.2496],[18.5067,45.251],[18.5067,45.2551],[18.5093,45.2839],[18.5101,45.2876],[18.5119,45.2926],[18.5187,45.2973],[18.5297,45.3009],[18.5727,45.3052],[18.5772,45.3094],[18.58,45.3132],[18.5842,45.3168],[18.5897,45.3186],[18.6254,45.3179],[18.6294,45.3189],[18.6323,45.3214],[18.6342,45.3277],[18.6343,45.3328],[18.634,45.3376],[18.6343,45.3415],[18.6353,45.3449],[18.6371,45.3474],[18.6396,45.3494],[18.6465,45.3531],[18.6488,45.3563],[18.6504,45.3611],[18.6528,45.3848],[18.6536,45.3885],[18.655,45.3916],[18.6614,45.3956],[18.6715,45.3999],[18.695,45.4076],[18.7141,45.4161],[18.7869,45.4136],[18.7957,45.4182],[18.8019,45.4228],[18.8032,45.4286],[18.8032,45.4346],[18.8021,45.4418],[18.8005,45.4441],[18.7987,45.4462],[18.7909,45.4527],[18.7886,45.4554],[18.788,45.4578],[18.7883,45.4603],[18.7906,45.4623],[18.7964,45.4637],[18.8245,45.467],[18.8336,45.4696],[18.8398,45.4723],[18.8454,45.4768],[18.8494,45.4789],[18.8548,45.4804],[18.8611,45.4813],[18.8732,45.4806],[18.8822,45.4781],[18.8955,45.4711],[18.9014,45.4669],[18.905,45.4636],[18.9061,45.4614],[18.9078,45.4567],[18.9093,45.4542],[18.9116,45.4519],[18.9147,45.45],[18.9261,45.4451],[18.9292,45.4432],[18.9342,45.439],[18.9359,45.4369],[18.9374,45.4347],[18.9385,45.4325],[18.9436,45.4306],[18.9528,45.4303],[18.9868,45.4353],[19.0023,45.4437],[19.0164,45.4336],[19.0313,45.4162],[19.0226,45.4024],[18.9974,45.3998],[18.9755,45.3911],[18.9775,45.3712],[18.9957,45.3623],[18.9964,45.3621],[19.0075,45.3595],[19.0142,45.3534],[19.0302,45.3451],[19.0529,45.3454],[19.0672,45.3434],[19.083,45.3392],[19.0962,45.3291],[19.0988,45.3199],[19.1041,45.2987],[19.1585,45.2762],[19.1972,45.2649],[19.2599,45.243],[19.2898,45.2363],[19.3781,45.2296],[19.3973,45.2233],[19.4078,45.2031],[19.4054,45.1797],[19.3939,45.1716],[19.3907,45.1693],[19.3043,45.1665],[19.2994,45.169],[19.2914,45.1777],[19.2867,45.1795],[19.2795,45.1772],[19.2758,45.1729],[19.2728,45.1684],[19.2678,45.1658],[19.2259,45.1619],[19.2045,45.1629],[19.1853,45.168],[19.1746,45.1758],[19.1558,45.195],[19.1439,45.1995],[19.1219,45.1958],[19.1288,45.1811],[19.1417,45.1622],[19.1377,45.146],[19.1161,45.1429],[19.0601,45.1469],[19.0449,45.1372],[19.0462,45.1284],[19.0542,45.1206],[19.0641,45.1136],[19.0715,45.1071],[19.0792,45.0946],[19.0823,45.0849],[19.086,45.0609],[19.0943,45.0314],[19.0954,45.0209],[19.0932,45.0115],[19.0885,44.9995],[19.0852,44.9873],[19.0872,44.9771],[19.0981,44.97],[19.1186,44.9755],[19.1276,44.9684],[19.1317,44.9532],[19.1245,44.9459],[19.1131,44.9424],[19.1036,44.9382],[19.0879,44.9193],[19.0787,44.9109],[19.0667,44.9057],[19.0521,44.907],[19.0319,44.9226],[19.0184,44.9257],[18.9914,44.9149],[18.9943,44.8948],[19.0158,44.8656],[19.005,44.8633],[18.9749,44.8628],[18.8896,44.8612],[18.8587,44.8685],[18.8421,44.8762],[18.8178,44.8875],[18.7834,44.9137],[18.7726,44.9425],[18.7799,44.9522],[18.8016,44.964],[18.8046,44.9738],[18.803,44.9773],[18.798,44.9822],[18.7958,44.9851],[18.7952,44.988],[18.7952,44.9933],[18.7946,44.9954],[18.7918,45.0015],[18.789,45.0057],[18.7849,45.0085],[18.778,45.0103],[18.7501,45.0122],[18.7383,45.0159],[18.7263,45.0261],[18.689,45.0802],[18.6841,45.0848],[18.6782,45.0874],[18.6713,45.0869],[18.6661,45.083],[18.6633,45.0771],[18.6612,45.0711],[18.6581,45.0663],[18.6487,45.0627]]]}},{"type":"Feature","properties":{"id":"HRV-1493","name":"Zadarska","nameBn":"জারদার কাউন্টি","type":"County","bounds":[14.5951,43.8637,16.5274,44.9501],"center":[15.7536,44.2007]},"geometry":{"type":"MultiPolygon","coordinates":[[[[15.7341,44.9344],[15.7309,44.9272],[15.7343,44.9021],[15.748,44.882],[15.764,44.864],[15.7734,44.845],[15.7687,44.8273],[15.7512,44.8216],[15.7306,44.817],[15.7161,44.8032],[15.7173,44.7865],[15.7285,44.7691],[15.7537,44.7393],[15.7593,44.7342],[15.7828,44.7226],[15.7905,44.7134],[15.797,44.7033],[15.8057,44.6967],[15.8204,44.6983],[15.83,44.7005],[15.8478,44.7015],[15.8564,44.7036],[15.8639,44.71],[15.8692,44.7186],[15.8763,44.7248],[15.8888,44.7242],[15.8956,44.7186],[15.8993,44.7092],[15.902,44.6988],[15.9054,44.6901],[15.9131,44.6845],[15.9215,44.6861],[15.9298,44.6895],[15.9374,44.689],[15.9481,44.6781],[15.9556,44.6532],[15.969,44.6392],[15.9791,44.6344],[15.9916,44.6314],[16.016,44.629],[16.0283,44.6247],[16.0362,44.6153],[16.0411,44.6028],[16.0447,44.5894],[16.0432,44.5884],[16.0349,44.5854],[16.0305,44.5722],[16.0139,44.557],[16.0061,44.541],[16.0266,44.5252],[16.0473,44.5233],[16.0837,44.5349],[16.1049,44.5324],[16.1165,44.5215],[16.1231,44.5039],[16.1283,44.4843],[16.1529,44.4351],[16.1597,44.4161],[16.1599,44.4007],[16.1539,44.3936],[16.1454,44.3896],[16.1388,44.3854],[16.1383,44.3776],[16.142,44.3808],[16.1532,44.3804],[16.1713,44.3771],[16.1921,44.3674],[16.2029,44.3598],[16.2056,44.3505],[16.2059,44.3498],[16.2032,44.3331],[16.1997,44.3247],[16.1895,44.3085],[16.1866,44.2976],[16.1876,44.2824],[16.1971,44.2512],[16.2158,44.2082],[16.2321,44.191],[16.2755,44.1574],[16.29,44.1391],[16.3122,44.1],[16.3269,44.0824],[16.3461,44.0685],[16.3574,44.0622],[16.3672,44.0581],[16.3779,44.0574],[16.404,44.0588],[16.414,44.0558],[16.4269,44.0405],[16.4315,44.0258],[16.4396,44.014],[16.4835,44.0025],[16.501,43.9927],[16.5165,43.9795],[16.5274,43.9679],[16.4942,43.9702],[16.4845,43.9684],[16.4703,43.9643],[16.4367,43.9482],[16.4184,43.9355],[16.4165,43.9302],[16.4143,43.926],[16.4105,43.9226],[16.3998,43.9199],[16.3825,43.9197],[16.3509,43.9262],[16.3445,43.9363],[16.3401,43.9382],[16.331,43.9409],[16.3246,43.9412],[16.3187,43.9409],[16.3138,43.9392],[16.3034,43.9336],[16.2312,43.9184],[16.2099,43.9179],[16.1917,43.9205],[16.1701,43.9269],[16.1597,43.9357],[16.1541,43.9445],[16.1533,43.9524],[16.1538,43.9723],[16.1552,43.9822],[16.1555,43.9867],[16.1541,43.9999],[16.1533,44.0023],[16.1511,44.0067],[16.1505,44.0072],[16.1499,44.0083],[16.1491,44.0099],[16.1485,44.0127],[16.1485,44.0155],[16.1494,44.0179],[16.1497,44.022],[16.1487,44.0264],[16.1414,44.0347],[16.1305,44.0336],[16.1047,44.0159],[16.0978,44.013],[16.0923,44.0113],[16.0881,44.0107],[16.084,44.011],[16.0643,44.014],[16.0397,44.0142],[16.0327,44.0127],[16.0295,44.0102],[16.0253,44.0047],[16.0239,44.002],[16.0234,44.0007],[16.0233,43.9999],[16.0233,43.9991],[16.0236,43.9969],[16.0248,43.9942],[16.0289,43.9884],[16.0301,43.9852],[16.0296,43.982],[16.0281,43.9795],[16.0261,43.9783],[16.0219,43.9772],[16.0117,43.9758],[16.0084,43.9749],[16.0055,43.9731],[16.0027,43.9704],[16.0006,43.9673],[15.9995,43.9638],[15.9997,43.9607],[16.0017,43.9528],[16.0015,43.9497],[15.9969,43.9469],[15.9601,43.9413],[15.9532,43.9394],[15.9444,43.9355],[15.9371,43.9313],[15.9168,43.9146],[15.9105,43.9106],[15.9065,43.9094],[15.9037,43.9091],[15.9012,43.91],[15.8976,43.9119],[15.8779,43.9278],[15.8742,43.9298],[15.8387,43.9391],[15.8262,43.9395],[15.8059,43.937],[15.8003,43.938],[15.7864,43.9437],[15.7817,43.9439],[15.7783,43.9426],[15.773,43.9374],[15.7725,43.9349],[15.7745,43.9316],[15.786,43.9227],[15.7876,43.921],[15.7878,43.9189],[15.7859,43.9151],[15.7826,43.9106],[15.7775,43.906],[15.7714,43.9019],[15.7626,43.8986],[15.7576,43.896],[15.7547,43.8929],[15.7539,43.8901],[15.753,43.8846],[15.751,43.8792],[15.7469,43.8742],[15.7399,43.8692],[15.7334,43.8684],[15.7275,43.8691],[15.7077,43.8765],[15.6855,43.8895],[15.6818,43.8894],[15.678,43.8879],[15.644,43.8663],[15.6385,43.8638],[15.6332,43.8637],[15.629,43.8659],[15.5975,43.8866],[15.5752,43.8966],[15.547,43.8766],[15.5469,43.8766],[15.5452,43.8776],[15.5249,43.9005],[15.5122,43.9111],[15.4977,43.9155],[15.4824,43.9171],[15.4736,43.9191],[15.4661,43.9217],[15.4551,43.928],[15.4497,43.9344],[15.4456,43.9414],[15.4387,43.9497],[15.384,43.9974],[15.3581,44.0257],[15.3396,44.0394],[15.3195,44.0452],[15.2776,44.0823],[15.2783,44.0856],[15.2332,44.1209],[15.222,44.1256],[15.2129,44.131],[15.2088,44.1382],[15.2127,44.1483],[15.197,44.1565],[15.1445,44.1955],[15.1604,44.2132],[15.1522,44.2353],[15.1315,44.2546],[15.1104,44.2644],[15.1222,44.2748],[15.1406,44.2825],[15.1576,44.2803],[15.1651,44.2612],[15.1766,44.2499],[15.1979,44.2573],[15.2078,44.2728],[15.1854,44.2854],[15.193,44.2869],[15.1942,44.2886],[15.1946,44.2888],[15.1991,44.2854],[15.2066,44.2854],[15.2012,44.2975],[15.1981,44.3017],[15.2476,44.278],[15.2684,44.2585],[15.2796,44.2518],[15.2953,44.2507],[15.2817,44.2854],[15.2905,44.2874],[15.2949,44.2902],[15.2979,44.294],[15.3027,44.2991],[15.2893,44.3022],[15.2782,44.3098],[15.2689,44.3205],[15.2612,44.3326],[15.2805,44.3275],[15.3086,44.3093],[15.3369,44.3017],[15.4085,44.2723],[15.4245,44.268],[15.5036,44.2592],[15.5252,44.2607],[15.5287,44.2718],[15.5148,44.2785],[15.4492,44.2854],[15.4442,44.2885],[15.4141,44.3166],[15.406,44.3206],[15.308,44.3544],[15.2938,44.3648],[15.294,44.3649],[15.3158,44.4],[15.3203,44.4049],[15.3281,44.4117],[15.3367,44.4137],[15.3443,44.4134],[15.3515,44.4118],[15.3636,44.4064],[15.386,44.3923],[15.4009,44.3801],[15.4052,44.3774],[15.411,44.3754],[15.4178,44.3742],[15.4941,44.3688],[15.5019,44.3674],[15.5128,44.3596],[15.546,44.3305],[15.5537,44.3471],[15.5584,44.3494],[15.5663,44.3519],[15.5762,44.3528],[15.5891,44.3566],[15.6,44.3642],[15.616,44.3793],[15.6245,44.3901],[15.6309,44.4015],[15.6347,44.4113],[15.6355,44.4181],[15.634,44.4217],[15.6304,44.4237],[15.6267,44.4255],[15.623,44.4276],[15.6203,44.4305],[15.6191,44.4341],[15.6181,44.4379],[15.6158,44.4404],[15.6115,44.4422],[15.6062,44.4439],[15.6018,44.4458],[15.5981,44.448],[15.5938,44.4521],[15.5911,44.4572],[15.5942,44.4619],[15.6021,44.4676],[15.6535,44.495],[15.6372,44.5274],[15.6231,44.5413],[15.5628,44.5817],[15.5587,44.5883],[15.558,44.5925],[15.5612,44.5962],[15.5637,44.5997],[15.5643,44.6021],[15.5637,44.6051],[15.5614,44.6102],[15.5558,44.6309],[15.5512,44.6361],[15.5357,44.6481],[15.5334,44.6548],[15.532,44.6736],[15.5278,44.6889],[15.5222,44.6984],[15.5167,44.7047],[15.5103,44.7086],[15.493,44.7168],[15.4861,44.7212],[15.4763,44.7296],[15.4727,44.7378],[15.4726,44.7469],[15.4754,44.7505],[15.4828,44.752],[15.5184,44.7517],[15.5263,44.7527],[15.5331,44.755],[15.5388,44.7587],[15.5449,44.7614],[15.5561,44.7649],[15.5657,44.7712],[15.5941,44.7836],[15.5969,44.7858],[15.5995,44.7894],[15.602,44.7967],[15.6009,44.8013],[15.597,44.8038],[15.5809,44.8065],[15.5747,44.8086],[15.5632,44.8151],[15.5472,44.8205],[15.5312,44.8288],[15.5255,44.8333],[15.5249,44.8364],[15.5272,44.839],[15.547,44.8495],[15.5595,44.8591],[15.5668,44.8786],[15.5634,44.8923],[15.5377,44.9186],[15.5342,44.9235],[15.5328,44.9275],[15.5331,44.9307],[15.5345,44.9328],[15.537,44.9347],[15.5394,44.9362],[15.5425,44.9385],[15.5525,44.9491],[15.5586,44.9501],[15.5674,44.9488],[15.5888,44.9429],[15.6103,44.9298],[15.6183,44.9288],[15.6318,44.933],[15.6378,44.9356],[15.6561,44.9476],[15.6603,44.9481],[15.6656,44.9471],[15.6887,44.9361],[15.7036,44.9332],[15.707,44.932],[15.7114,44.9297],[15.7188,44.9291],[15.7254,44.9294],[15.7334,44.9341],[15.7341,44.9344]]],[[[15.3027,43.9664],[15.2971,43.9781],[15.2702,44.0003],[15.2612,44.0111],[15.2803,44.0108],[15.2964,44.0056],[15.3499,43.9763],[15.3786,43.9717],[15.384,43.9702],[15.3866,43.9644],[15.3894,43.9477],[15.3916,43.9422],[15.3976,43.9372],[15.4111,43.9329],[15.4188,43.9291],[15.4268,43.9221],[15.4354,43.9113],[15.4427,43.8991],[15.4461,43.8875],[15.4387,43.8907],[15.4314,43.8928],[15.4237,43.894],[15.4151,43.8944],[15.4071,43.8961],[15.4036,43.9002],[15.4015,43.9048],[15.3977,43.9081],[15.3721,43.9139],[15.3587,43.9194],[15.3499,43.9291],[15.3543,43.9315],[15.3568,43.9354],[15.3435,43.9396],[15.3255,43.9484],[15.3096,43.9584],[15.3027,43.9664]]],[[[15.2544,44.0179],[15.2419,44.0278],[15.2323,44.0414],[15.2233,44.0503],[15.2127,44.0452],[15.2066,44.0452],[15.2053,44.0498],[15.2034,44.0525],[15.2014,44.055],[15.1991,44.0588],[15.1891,44.0478],[15.1697,44.0587],[15.1488,44.0764],[15.1218,44.0922],[15.0871,44.1237],[15.0687,44.134],[15.0708,44.1376],[15.0711,44.1385],[15.072,44.1388],[15.0755,44.1408],[15.0715,44.1464],[15.0625,44.1619],[15.2258,44.0662],[15.2471,44.0467],[15.2544,44.0179]]],[[[14.8428,44.1483],[14.8504,44.1522],[14.8573,44.152],[14.8638,44.1481],[14.8692,44.1405],[14.8561,44.1369],[14.8352,44.1417],[14.8198,44.153],[14.8224,44.1687],[14.8274,44.1579],[14.8355,44.151],[14.8428,44.1483]]],[[[15.1445,43.9497],[15.2168,43.9128],[15.2202,43.9012],[15.1955,43.8952],[15.1455,43.9239],[15.1333,43.9212],[15.1377,43.9179],[15.1403,43.913],[15.1445,43.9081],[15.1697,43.895],[15.1755,43.8909],[15.1834,43.8869],[15.1911,43.8875],[15.1968,43.8864],[15.1991,43.8776],[15.1945,43.8726],[15.1846,43.8771],[15.1751,43.8843],[15.1724,43.8875],[15.1365,43.903],[15.1213,43.9126],[15.1066,43.9254],[15.0669,43.9695],[15.0428,43.9904],[15.0031,44.0523],[14.9831,44.0663],[14.9551,44.0756],[14.8701,44.1408],[14.8678,44.152],[14.863,44.161],[14.8496,44.1756],[14.8552,44.1765],[14.8596,44.176],[14.8633,44.1756],[14.8828,44.1592],[14.9391,44.1271],[14.9442,44.1203],[14.9487,44.1112],[14.9544,44.1032],[14.9627,44.0998],[14.9763,44.0967],[14.9851,44.091],[14.9938,44.0878],[15.0073,44.093],[15.0028,44.0832],[15.0005,44.0794],[15.0144,44.0779],[15.0227,44.0722],[15.0267,44.0623],[15.0278,44.0487],[15.0319,44.0364],[15.0414,44.0264],[15.0882,43.9897],[15.0991,43.9851],[15.1138,43.9838],[15.117,43.9788],[15.1445,43.9497]]],[[[14.7598,44.2921],[14.7734,44.2851],[14.7917,44.2725],[14.7897,44.2669],[14.7754,44.2666],[14.766,44.265],[14.7599,44.2598],[14.7485,44.2617],[14.7381,44.2721],[14.7396,44.2802],[14.7497,44.2802],[14.7532,44.2835],[14.7532,44.291],[14.7598,44.2921]]],[[[14.6135,44.3408],[14.6436,44.3258],[14.6614,44.3087],[14.6574,44.3052],[14.6408,44.3118],[14.5989,44.3391],[14.5951,44.3471],[14.6135,44.3408]]],[[[14.7979,44.3777],[14.8057,44.3678],[14.8112,44.35],[14.801,44.3431],[14.7852,44.3469],[14.7742,44.3525],[14.7562,44.364],[14.7578,44.3723],[14.7682,44.3842],[14.7634,44.4154],[14.7671,44.4167],[14.7717,44.4179],[14.7829,44.4189],[14.7948,44.4145],[14.8032,44.4055],[14.805,44.3957],[14.7997,44.3876],[14.7967,44.3813],[14.7979,44.3777]]]]}},{"type":"Feature","properties":{"id":"HRV-1588","name":"Zagrebacka","nameBn":"জাগরেব কাউন্টি","type":"County","bounds":[15.2489,45.4727,16.696,46.0638],"center":[15.5948,45.7203]},"geometry":{"type":"Polygon","coordinates":[[[15.5497,45.8237],[15.5873,45.8192],[15.6261,45.8202],[15.6456,45.8241],[15.6661,45.8317],[15.6761,45.8417],[15.6755,45.856],[15.6637,45.8761],[15.6594,45.8888],[15.6634,45.9008],[15.6704,45.9127],[15.6756,45.9252],[15.6771,45.9418],[15.6754,45.9725],[15.6929,45.9722],[15.7637,45.9683],[15.7843,45.971],[15.7974,45.9777],[15.8144,45.9822],[15.8225,45.9821],[15.8282,45.9802],[15.8365,45.9767],[15.8495,45.9729],[15.9119,45.9602],[15.9196,45.9571],[15.9258,45.9529],[15.9353,45.941],[15.9395,45.9338],[15.9136,45.9235],[15.8614,45.9154],[15.847,45.9148],[15.8287,45.9155],[15.8206,45.9137],[15.8167,45.9102],[15.8175,45.9051],[15.8194,45.8991],[15.8205,45.892],[15.8195,45.8853],[15.8143,45.878],[15.8064,45.8748],[15.7814,45.8717],[15.7745,45.8693],[15.7714,45.8675],[15.7708,45.8644],[15.7708,45.8611],[15.7658,45.8463],[15.7681,45.8442],[15.774,45.8408],[15.8101,45.841],[15.8226,45.833],[15.8469,45.8094],[15.8359,45.798],[15.8132,45.7757],[15.8337,45.7553],[15.8132,45.7246],[15.7824,45.7381],[15.7742,45.7257],[15.7708,45.7158],[15.77,45.7102],[15.7703,45.7055],[15.772,45.7021],[15.7731,45.7004],[15.7774,45.6966],[15.7848,45.6914],[15.8127,45.6769],[15.8746,45.6573],[15.8813,45.6542],[15.8872,45.6508],[15.8916,45.6469],[15.8945,45.6426],[15.8967,45.6382],[15.8998,45.6336],[15.904,45.6302],[15.9215,45.6224],[15.9385,45.6428],[15.9462,45.6939],[15.9666,45.7169],[16.0893,45.7732],[16.1381,45.8083],[16.1415,45.8077],[16.1698,45.7952],[16.1872,45.7902],[16.1898,45.7912],[16.192,45.794],[16.1951,45.8023],[16.2017,45.8127],[16.2023,45.8139],[16.2047,45.8208],[16.2065,45.8301],[16.2075,45.8326],[16.209,45.835],[16.2245,45.847],[16.2268,45.8496],[16.2247,45.8553],[16.2186,45.864],[16.1822,45.899],[16.1766,45.9062],[16.1632,45.9334],[16.1363,45.9704],[16.166,45.9783],[16.1691,45.9804],[16.1721,45.9829],[16.1714,45.9841],[16.1699,45.9852],[16.1645,45.9887],[16.1631,45.991],[16.1623,45.9941],[16.1628,46.0],[16.164,46.0024],[16.1651,46.0038],[16.167,46.004],[16.1702,46.004],[16.1742,46.0036],[16.1783,46.0027],[16.1844,46.0007],[16.1876,46.0004],[16.1921,46.0007],[16.2017,46.0024],[16.2047,46.0042],[16.2047,46.0066],[16.2017,46.0093],[16.1989,46.0115],[16.1898,46.0162],[16.1881,46.0181],[16.1862,46.022],[16.1898,46.0243],[16.2048,46.0302],[16.2081,46.0334],[16.2084,46.0364],[16.2054,46.0389],[16.2027,46.0407],[16.1989,46.0425],[16.1934,46.0443],[16.1904,46.0463],[16.1882,46.0494],[16.1879,46.0553],[16.1904,46.0585],[16.1941,46.06],[16.1986,46.0599],[16.2132,46.0569],[16.2172,46.0567],[16.2206,46.057],[16.2346,46.0626],[16.2387,46.0636],[16.2401,46.0638],[16.2418,46.0637],[16.2559,46.0611],[16.2714,46.0431],[16.2743,46.039],[16.2787,46.0263],[16.2816,46.0222],[16.2852,46.0184],[16.291,46.0142],[16.2938,46.0128],[16.3004,46.0126],[16.3119,46.0136],[16.3285,46.0201],[16.3592,46.0246],[16.4328,46.008],[16.4436,46.0041],[16.4598,45.9875],[16.4679,45.9808],[16.47,45.9786],[16.4716,45.9764],[16.4719,45.9742],[16.4711,45.9719],[16.4688,45.9668],[16.4669,45.9608],[16.4694,45.9588],[16.4753,45.9581],[16.4888,45.9607],[16.4959,45.9641],[16.4996,45.9663],[16.5027,45.971],[16.5048,45.9735],[16.5076,45.976],[16.5102,45.9776],[16.5141,45.9777],[16.5199,45.9755],[16.5453,45.9571],[16.5512,45.9536],[16.5895,45.938],[16.5957,45.9338],[16.5996,45.9301],[16.6011,45.927],[16.6038,45.9257],[16.6076,45.9254],[16.6162,45.9272],[16.6223,45.9271],[16.6303,45.9238],[16.6345,45.921],[16.6409,45.9196],[16.6485,45.9203],[16.6781,45.9291],[16.6926,45.9242],[16.6916,45.9138],[16.6918,45.9041],[16.696,45.8727],[16.6957,45.8664],[16.6936,45.8537],[16.6884,45.8392],[16.6741,45.8261],[16.6665,45.8223],[16.6579,45.8201],[16.6449,45.8201],[16.6375,45.8225],[16.6339,45.8263],[16.6345,45.8311],[16.6367,45.836],[16.6372,45.8408],[16.6342,45.8444],[16.6286,45.8447],[16.6221,45.8419],[16.6005,45.8173],[16.598,45.8102],[16.5987,45.8019],[16.6018,45.7868],[16.5993,45.7816],[16.5932,45.7798],[16.5603,45.7887],[16.5318,45.7884],[16.5236,45.7856],[16.5127,45.7725],[16.4967,45.7651],[16.454,45.8006],[16.4424,45.8143],[16.4401,45.8205],[16.4371,45.8225],[16.4337,45.8231],[16.4311,45.8225],[16.4292,45.8215],[16.4281,45.8201],[16.4238,45.8132],[16.4221,45.8118],[16.3816,45.812],[16.3842,45.8044],[16.385,45.7999],[16.3851,45.7954],[16.3842,45.7895],[16.3769,45.769],[16.3732,45.749],[16.3726,45.7474],[16.3702,45.7451],[16.3664,45.7436],[16.3471,45.7395],[16.344,45.7395],[16.337,45.7411],[16.32,45.7483],[16.315,45.7478],[16.3099,45.7446],[16.2939,45.7279],[16.2911,45.7208],[16.2896,45.7113],[16.2962,45.6846],[16.2921,45.6717],[16.2973,45.6423],[16.2782,45.613],[16.2649,45.6045],[16.2379,45.5968],[16.2271,45.5984],[16.2186,45.603],[16.2118,45.608],[16.2042,45.6115],[16.1975,45.6133],[16.1873,45.6143],[16.1831,45.6157],[16.1797,45.619],[16.1717,45.6287],[16.1614,45.6332],[16.1536,45.6344],[16.1479,45.6341],[16.1417,45.6323],[16.138,45.6299],[16.1215,45.6169],[16.0928,45.6006],[16.0855,45.5983],[16.0759,45.5973],[16.0543,45.5991],[16.0492,45.5975],[16.0464,45.594],[16.0458,45.5892],[16.047,45.5838],[16.0495,45.581],[16.0534,45.5794],[16.0621,45.5772],[16.0668,45.5746],[16.0689,45.5712],[16.0692,45.5638],[16.0703,45.5599],[16.0728,45.5564],[16.0765,45.5536],[16.0936,45.544],[16.0995,45.5388],[16.1019,45.5333],[16.1018,45.5185],[16.1033,45.5145],[16.1069,45.5113],[16.1088,45.5093],[16.1108,45.5064],[16.1091,45.5045],[16.1061,45.5037],[16.0936,45.5046],[16.0813,45.5024],[16.0745,45.4997],[16.0465,45.4759],[16.0372,45.482],[16.0329,45.4839],[16.0253,45.4856],[16.0152,45.4861],[16.0074,45.4852],[16.0,45.4812],[15.9921,45.4753],[15.9778,45.4727],[15.9359,45.4748],[15.9277,45.4842],[15.9283,45.4964],[15.9288,45.5],[15.9285,45.5031],[15.9229,45.5113],[15.9023,45.5277],[15.9023,45.5277],[15.8748,45.5311],[15.8718,45.5324],[15.8683,45.5348],[15.8689,45.5379],[15.8687,45.5416],[15.8675,45.5449],[15.8644,45.5473],[15.8599,45.549],[15.8543,45.5499],[15.8397,45.546],[15.8129,45.5234],[15.7998,45.5209],[15.7893,45.5199],[15.784,45.5206],[15.7799,45.5225],[15.7609,45.5408],[15.7553,45.5451],[15.7409,45.5542],[15.7392,45.5589],[15.7424,45.5631],[15.748,45.5669],[15.7516,45.5713],[15.7524,45.5763],[15.7474,45.5952],[15.746,45.5969],[15.744,45.5974],[15.7342,45.59],[15.7316,45.5886],[15.7267,45.5887],[15.7205,45.5904],[15.709,45.5957],[15.6996,45.5989],[15.6897,45.6012],[15.6633,45.6049],[15.6264,45.6214],[15.6202,45.6231],[15.6122,45.6241],[15.6006,45.623],[15.5936,45.6205],[15.5883,45.617],[15.5851,45.6139],[15.5756,45.6024],[15.568,45.602],[15.5574,45.6054],[15.5311,45.6193],[15.5137,45.6324],[15.5117,45.6361],[15.5114,45.6386],[15.5122,45.6418],[15.5134,45.645],[15.5131,45.6473],[15.5077,45.6498],[15.4738,45.6618],[15.4633,45.6681],[15.4482,45.679],[15.4406,45.6883],[15.4358,45.6918],[15.4305,45.6941],[15.4209,45.6953],[15.3829,45.6904],[15.3646,45.6755],[15.3502,45.6697],[15.35,45.6696],[15.3339,45.6826],[15.3308,45.6846],[15.3271,45.6832],[15.315,45.6809],[15.3104,45.6782],[15.3091,45.6742],[15.3049,45.6721],[15.2919,45.6756],[15.283,45.6801],[15.2778,45.685],[15.2678,45.6985],[15.2582,45.7051],[15.2509,45.7077],[15.2489,45.7118],[15.2499,45.7137],[15.255,45.7235],[15.2635,45.7304],[15.3038,45.7461],[15.331,45.7525],[15.4291,45.7753],[15.4298,45.7757],[15.4411,45.7822],[15.4395,45.7917],[15.4356,45.8021],[15.4403,45.8115],[15.4513,45.8151],[15.4625,45.8142],[15.4739,45.8116],[15.4854,45.8102],[15.4953,45.8127],[15.5139,45.8234],[15.5235,45.8268],[15.5497,45.8237]]]}},{"type":"Feature","properties":{"id":"HRV-1491","name":"Šibensko-Kninska","nameBn":"সিবেনিক-নিন কাউন্টি","type":"County","bounds":[15.2278,43.4971,16.432,44.0347],"center":[16.0356,43.7911]},"geometry":{"type":"MultiPolygon","coordinates":[[[[16.0128,43.504],[16.0078,43.504],[16.0078,43.4971],[15.9958,43.5034],[15.9735,43.5031],[15.9663,43.5108],[15.9655,43.5091],[15.9656,43.5062],[15.9644,43.5039],[15.9595,43.504],[15.9613,43.515],[15.9666,43.5169],[15.9744,43.5168],[15.9837,43.5211],[15.987,43.5273],[15.9842,43.532],[15.9823,43.5373],[15.9873,43.5449],[15.971,43.5435],[15.9651,43.5419],[15.9595,43.5382],[15.9562,43.5479],[15.9481,43.5529],[15.9253,43.5586],[15.9419,43.56],[15.9442,43.5667],[15.9354,43.5729],[15.918,43.5729],[15.918,43.5791],[15.9226,43.5811],[15.9276,43.5843],[15.9321,43.5866],[15.9221,43.592],[15.918,43.5933],[15.9253,43.5996],[15.918,43.6064],[15.9253,43.6138],[15.919,43.6287],[15.9295,43.6342],[15.9663,43.6337],[15.9663,43.6412],[15.9214,43.6481],[15.9048,43.648],[15.9168,43.6536],[15.9266,43.653],[15.9348,43.6498],[15.9424,43.648],[15.953,43.6509],[15.9514,43.6574],[15.9426,43.6643],[15.9321,43.6684],[15.946,43.6723],[15.9524,43.6798],[15.9505,43.6885],[15.939,43.6964],[15.9397,43.6776],[15.9312,43.6765],[15.9067,43.6915],[15.8929,43.7005],[15.886,43.7003],[15.8768,43.7016],[15.8708,43.7032],[15.8645,43.7082],[15.8508,43.7239],[15.844,43.7299],[15.8035,43.7464],[15.7922,43.7545],[15.771,43.76],[15.7063,43.7634],[15.6926,43.7746],[15.6821,43.7972],[15.6585,43.8051],[15.633,43.8105],[15.6174,43.8255],[15.6473,43.8159],[15.6631,43.813],[15.6789,43.8118],[15.6789,43.8193],[15.673,43.8212],[15.669,43.821],[15.6668,43.82],[15.6658,43.8193],[15.6388,43.8361],[15.5741,43.8595],[15.5469,43.8766],[15.547,43.8766],[15.5752,43.8966],[15.5975,43.8866],[15.629,43.8659],[15.6332,43.8637],[15.6385,43.8638],[15.644,43.8663],[15.678,43.8879],[15.6818,43.8894],[15.6855,43.8895],[15.7077,43.8765],[15.7275,43.8691],[15.7334,43.8684],[15.7399,43.8692],[15.7469,43.8742],[15.751,43.8792],[15.753,43.8846],[15.7539,43.8901],[15.7547,43.8929],[15.7576,43.896],[15.7626,43.8986],[15.7714,43.9019],[15.7775,43.906],[15.7826,43.9106],[15.7859,43.9151],[15.7878,43.9189],[15.7876,43.921],[15.786,43.9227],[15.7745,43.9316],[15.7725,43.9349],[15.773,43.9374],[15.7783,43.9426],[15.7817,43.9439],[15.7864,43.9437],[15.8003,43.938],[15.8059,43.937],[15.8262,43.9395],[15.8387,43.9391],[15.8742,43.9298],[15.8779,43.9278],[15.8976,43.9119],[15.9012,43.91],[15.9037,43.9091],[15.9065,43.9094],[15.9105,43.9106],[15.9168,43.9146],[15.9371,43.9313],[15.9444,43.9355],[15.9532,43.9394],[15.9601,43.9413],[15.9969,43.9469],[16.0015,43.9497],[16.0017,43.9528],[15.9997,43.9607],[15.9995,43.9638],[16.0006,43.9673],[16.0027,43.9704],[16.0055,43.9731],[16.0084,43.9749],[16.0117,43.9758],[16.0219,43.9772],[16.0261,43.9783],[16.0281,43.9795],[16.0296,43.982],[16.0301,43.9852],[16.0289,43.9884],[16.0248,43.9942],[16.0236,43.9969],[16.0233,43.9991],[16.0233,43.9999],[16.0234,44.0007],[16.0239,44.002],[16.0253,44.0047],[16.0295,44.0102],[16.0327,44.0127],[16.0397,44.0142],[16.0643,44.014],[16.084,44.011],[16.0881,44.0107],[16.0923,44.0113],[16.0978,44.013],[16.1047,44.0159],[16.1305,44.0336],[16.1414,44.0347],[16.1487,44.0264],[16.1497,44.022],[16.1494,44.0179],[16.1485,44.0155],[16.1485,44.0127],[16.1491,44.0099],[16.1499,44.0083],[16.1505,44.0072],[16.1511,44.0067],[16.1533,44.0023],[16.1541,43.9999],[16.1555,43.9867],[16.1552,43.9822],[16.1538,43.9723],[16.1533,43.9524],[16.1541,43.9445],[16.1597,43.9357],[16.1701,43.9269],[16.1917,43.9205],[16.2099,43.9179],[16.2312,43.9184],[16.3034,43.9336],[16.3138,43.9392],[16.3187,43.9409],[16.3246,43.9412],[16.331,43.9409],[16.3401,43.9382],[16.3445,43.9363],[16.3509,43.9262],[16.3373,43.8959],[16.3397,43.8906],[16.3429,43.8848],[16.3704,43.8749],[16.3778,43.8712],[16.3867,43.8658],[16.4267,43.8315],[16.432,43.8254],[16.432,43.8188],[16.4255,43.8123],[16.3569,43.7783],[16.3504,43.7732],[16.3485,43.7651],[16.3493,43.7604],[16.3502,43.7572],[16.3496,43.7547],[16.3394,43.7399],[16.3409,43.7343],[16.3431,43.7307],[16.3484,43.7266],[16.3526,43.7221],[16.3506,43.7159],[16.3417,43.71],[16.3179,43.7024],[16.2905,43.6977],[16.2688,43.6912],[16.2608,43.688],[16.2537,43.6837],[16.2453,43.6758],[16.2387,43.6716],[16.2287,43.6707],[16.1738,43.6874],[16.1693,43.688],[16.1606,43.6829],[16.0917,43.6183],[16.0854,43.6168],[16.0807,43.6166],[16.0753,43.6184],[16.0702,43.6184],[16.0643,43.616],[16.0529,43.6071],[16.0484,43.6025],[16.0453,43.5969],[16.0476,43.5858],[16.0512,43.5781],[16.056,43.5713],[16.0699,43.5593],[16.0753,43.551],[16.0787,43.549],[16.0835,43.548],[16.0827,43.5457],[16.0779,43.5431],[16.061,43.5381],[16.0515,43.5364],[16.0436,43.534],[16.0396,43.531],[16.0397,43.5246],[16.043,43.5212],[16.0479,43.5188],[16.0529,43.5173],[16.0558,43.5158],[16.0562,43.5132],[16.0512,43.5111],[16.0296,43.5104],[16.0188,43.5089],[16.0129,43.5041],[16.0128,43.504]]],[[[15.6789,43.648],[15.7404,43.6275],[15.6813,43.6403],[15.672,43.6374],[15.6631,43.6457],[15.6196,43.6689],[15.6038,43.6747],[15.6113,43.6821],[15.6155,43.677],[15.6196,43.6754],[15.6502,43.673],[15.6616,43.6655],[15.6697,43.6557],[15.6789,43.648]]],[[[15.2612,43.8671],[15.2664,43.857],[15.3425,43.8118],[15.3543,43.8004],[15.3674,43.7901],[15.3957,43.7724],[15.387,43.7768],[15.328,43.7963],[15.3089,43.8056],[15.2884,43.8255],[15.2612,43.8398],[15.2479,43.849],[15.2334,43.8622],[15.2278,43.8745],[15.2407,43.8808],[15.2612,43.8671]]]]}}]}