{"type":"FeatureCollection","features":[{"type":"Feature","properties":{"id":"LVA-5748","name":"Aglonas","nameBn":"আগ্লোনা পৌরসভা","type":"Municipality","bounds":[26.8885,55.9823,27.339,56.2108],"center":[27.0929,56.0979]},"geometry":{"type":"Polygon","coordinates":[[[27.038,56.1801],[27.0441,56.176],[27.0542,56.1733],[27.0776,56.1709],[27.1016,56.1708],[27.0982,56.1796],[27.0976,56.182],[27.0996,56.1864],[27.1024,56.1891],[27.1259,56.1958],[27.1508,56.2084],[27.1623,56.2108],[27.173,56.2083],[27.2959,56.203],[27.3002,56.1816],[27.3312,56.1609],[27.339,56.1402],[27.3079,56.1246],[27.2406,56.1117],[27.2639,56.0729],[27.1889,56.0547],[27.194,56.0107],[27.1474,55.9849],[27.1034,55.9874],[27.0413,55.9823],[26.9999,55.99],[26.9677,56.0078],[26.9694,56.0136],[26.9583,56.0271],[26.9536,56.0343],[26.9519,56.041],[26.9687,56.0602],[26.9311,56.0587],[26.8908,56.1051],[26.8885,56.1289],[26.9285,56.1242],[26.9368,56.1358],[26.9202,56.1457],[26.9318,56.1573],[26.9682,56.1689],[26.9996,56.1706],[27.038,56.1801]]]}},{"type":"Feature","properties":{"id":"LVA-5730","name":"Aizkraukles","nameBn":"আইজক্রকল পৌরসভা","type":"Municipality","bounds":[25.1386,56.5856,25.2934,56.7082],"center":[25.228,56.6459]},"geometry":{"type":"Polygon","coordinates":[[[25.2177,56.7082],[25.2784,56.6968],[25.2931,56.676],[25.2931,56.6315],[25.2934,56.5911],[25.2354,56.5856],[25.2153,56.5889],[25.189,56.601],[25.1631,56.6129],[25.1386,56.6191],[25.1796,56.6404],[25.1818,56.6604],[25.1685,56.6805],[25.1763,56.7033],[25.2005,56.6978],[25.2155,56.7052],[25.2177,56.7082]]]}},{"type":"Feature","properties":{"id":"LVA-5714","name":"Aizputes","nameBn":"আইজপূটে পৌরসভা","type":"Municipality","bounds":[21.3159,56.55,21.8244,56.8676],"center":[21.5943,56.7232]},"geometry":{"type":"Polygon","coordinates":[[[21.4364,56.8676],[21.4931,56.8647],[21.5158,56.844],[21.526,56.842],[21.5667,56.8422],[21.593,56.8451],[21.6087,56.8329],[21.6103,56.8227],[21.6225,56.8114],[21.6297,56.7999],[21.6442,56.7912],[21.6517,56.7901],[21.6737,56.7906],[21.6801,56.7916],[21.7384,56.7641],[21.7612,56.7412],[21.7628,56.732],[21.7705,56.723],[21.7718,56.713],[21.7676,56.7048],[21.7761,56.6987],[21.8014,56.6906],[21.823,56.6879],[21.8093,56.6693],[21.8152,56.6619],[21.8244,56.6471],[21.8205,56.6392],[21.8138,56.6296],[21.803,56.6228],[21.7767,56.6137],[21.7777,56.6102],[21.7906,56.5971],[21.7952,56.5886],[21.7937,56.5834],[21.7954,56.5733],[21.753,56.5627],[21.7124,56.55],[21.6613,56.5606],[21.5845,56.55],[21.5717,56.5606],[21.6186,56.5883],[21.6186,56.6139],[21.608,56.6438],[21.5717,56.6587],[21.5184,56.6523],[21.4907,56.6523],[21.4523,56.6459],[21.431,56.6736],[21.4033,56.6715],[21.399,56.6928],[21.3372,56.7184],[21.3159,56.7397],[21.3244,56.7589],[21.3202,56.8079],[21.3457,56.8207],[21.4097,56.8314],[21.4395,56.8399],[21.4364,56.8676]]]}},{"type":"Feature","properties":{"id":"LVA-5734","name":"Aknistes","nameBn":"আকনিস্তে পৌরসভা","type":"Municipality","bounds":[25.6497,56.0401,26.0255,56.2352],"center":[25.7883,56.1592]},"geometry":{"type":"Polygon","coordinates":[[[25.7955,56.0401],[25.7663,56.0586],[25.7088,56.081],[25.6966,56.0879],[25.6878,56.0983],[25.6692,56.132],[25.6619,56.1408],[25.6497,56.1438],[25.6738,56.184],[25.6938,56.2085],[25.6938,56.2286],[25.7562,56.2308],[25.8007,56.2352],[25.8385,56.2263],[25.8764,56.2219],[25.8964,56.2019],[25.9053,56.1707],[25.9476,56.1573],[25.9766,56.1484],[25.9766,56.1284],[25.9855,56.1106],[26.0122,56.1084],[26.0255,56.0794],[26.0077,56.0873],[25.9896,56.0805],[25.9822,56.0759],[25.9545,56.0629],[25.9418,56.0617],[25.9262,56.0707],[25.916,56.0801],[25.8313,56.1229],[25.8347,56.1096],[25.8381,56.1043],[25.851,56.0931],[25.8539,56.0887],[25.8598,56.0818],[25.8488,56.0749],[25.8446,56.0654],[25.8376,56.0581],[25.8106,56.0482],[25.7957,56.0402],[25.7955,56.0401]]]}},{"type":"Feature","properties":{"id":"LVA-5755","name":"Alojas","nameBn":"আলোজা পৌরসভা","type":"Municipality","bounds":[24.5741,57.612,25.0987,57.9922],"center":[24.8231,57.8074]},"geometry":{"type":"Polygon","coordinates":[[[24.8168,57.9767],[24.8274,57.9819],[24.8276,57.9801],[24.8423,57.9009],[24.864,57.9003],[24.8734,57.898],[24.8819,57.893],[24.885,57.8891],[24.8835,57.8838],[24.8852,57.8715],[24.8878,57.8585],[24.8934,57.8434],[24.8957,57.8312],[24.9011,57.8255],[24.9094,57.8207],[24.9262,57.8171],[24.9331,57.8176],[24.9383,57.8191],[24.942,57.8186],[24.946,57.8175],[24.9533,57.8001],[24.9657,57.8083],[25.0074,57.8014],[25.0175,57.7965],[25.0773,57.7672],[25.0836,57.7541],[25.0987,57.736],[25.0909,57.7313],[25.0872,57.7272],[25.0802,57.7212],[25.0762,57.7145],[25.0757,57.7059],[25.0822,57.6969],[25.0925,57.6882],[25.0853,57.6746],[25.0937,57.6531],[25.067,57.655],[25.0622,57.6524],[25.0633,57.6481],[25.0759,57.6387],[25.0833,57.6341],[25.0847,57.6298],[25.0678,57.6265],[25.0616,57.624],[25.0424,57.6258],[25.033,57.6302],[25.0276,57.6343],[25.024,57.6374],[25.0191,57.6381],[25.0057,57.6361],[25.0002,57.6359],[24.9915,57.6365],[24.9663,57.6284],[24.9345,57.612],[24.8814,57.6247],[24.8926,57.6525],[24.8314,57.6664],[24.8244,57.6998],[24.8286,57.7192],[24.7994,57.7331],[24.7479,57.7318],[24.7076,57.7498],[24.6923,57.761],[24.6492,57.7707],[24.5977,57.8708],[24.5741,57.882],[24.5908,57.8945],[24.588,57.9209],[24.5824,57.946],[24.6241,57.944],[24.6848,57.9476],[24.7004,57.9542],[24.7188,57.9818],[24.7335,57.9922],[24.7647,57.9879],[24.7908,57.979],[24.8168,57.9767]]]}},{"type":"Feature","properties":{"id":"LVA-5710","name":"Alsungas","nameBn":"আলসুঙ্গা পৌরসভা","type":"Municipality","bounds":[21.3915,56.9038,21.7061,57.0856],"center":[21.5583,56.9915]},"geometry":{"type":"Polygon","coordinates":[[[21.4934,56.9038],[21.4473,56.9121],[21.4061,56.9235],[21.3972,56.9294],[21.3915,56.9345],[21.3958,56.9424],[21.4467,56.9497],[21.4543,56.9603],[21.472,56.9714],[21.4749,56.9864],[21.4736,57.013],[21.4849,57.0285],[21.4892,57.051],[21.503,57.0583],[21.5062,57.0756],[21.539,57.0706],[21.5738,57.0856],[21.6055,57.0615],[21.6398,57.0478],[21.6329,57.034],[21.6558,57.0089],[21.6923,56.9975],[21.7061,56.9563],[21.6649,56.9495],[21.6398,56.9335],[21.5849,56.9312],[21.5643,56.9106],[21.5186,56.9106],[21.4934,56.9038]]]}},{"type":"Feature","properties":{"id":"LVA-1076","name":"Aluksne","nameBn":"আলুক্সনে পৌরসভা","type":"Municipality","bounds":[26.5942,57.2264,27.6944,57.6272],"center":[27.1693,57.4151]},"geometry":{"type":"Polygon","coordinates":[[[26.8727,57.6272],[26.885,57.6221],[26.8961,57.615],[26.9116,57.6134],[26.9292,57.6156],[26.9466,57.6153],[26.9811,57.609],[27.0046,57.5989],[27.0413,57.5685],[27.0615,57.5557],[27.0854,57.5494],[27.1657,57.5467],[27.32,57.5161],[27.3529,57.5276],[27.5282,57.5285],[27.5228,57.492],[27.5256,57.4684],[27.5148,57.4479],[27.5113,57.4304],[27.5363,57.4157],[27.6408,57.389],[27.6944,57.3564],[27.6885,57.3326],[27.6819,57.3268],[27.6723,57.3202],[27.6623,57.3184],[27.6523,57.3137],[27.6002,57.2978],[27.5873,57.2826],[27.5712,57.277],[27.5556,57.2589],[27.5268,57.2599],[27.5189,57.2593],[27.5017,57.2648],[27.4871,57.2739],[27.4607,57.2742],[27.4063,57.2631],[27.3549,57.2848],[27.326,57.2774],[27.2759,57.2467],[27.2481,57.249],[27.241,57.2464],[27.2342,57.2428],[27.2289,57.239],[27.2205,57.2344],[27.2011,57.2348],[27.1844,57.2281],[27.1566,57.2264],[27.0562,57.2487],[27.0459,57.2503],[27.0465,57.2534],[27.0486,57.2564],[27.0601,57.2632],[27.0669,57.2687],[27.0599,57.2728],[27.0208,57.2867],[26.9885,57.3044],[26.9055,57.3037],[26.865,57.2995],[26.8493,57.3153],[26.8455,57.3159],[26.84,57.3163],[26.8362,57.3153],[26.7902,57.3184],[26.7607,57.3217],[26.7477,57.319],[26.7148,57.3065],[26.6822,57.32],[26.6815,57.3237],[26.6776,57.3343],[26.6332,57.3503],[26.6181,57.3625],[26.5942,57.3913],[26.6146,57.4194],[26.6442,57.4171],[26.6875,57.4171],[26.7035,57.424],[26.7149,57.465],[26.7217,57.49],[26.7582,57.5037],[26.8083,57.5037],[26.8083,57.5197],[26.806,57.5538],[26.7958,57.5713],[26.8163,57.5812],[26.8283,57.595],[26.8385,57.6099],[26.8542,57.6226],[26.8727,57.6272]]]}},{"type":"Feature","properties":{"id":"LVA-5781","name":"Amatas","nameBn":"ভাল্মিরা","type":"Municipality","bounds":[25.0906,56.9343,25.6182,57.2961],"center":[25.3384,57.0794]},"geometry":{"type":"Polygon","coordinates":[[[25.5039,56.9948],[25.4882,56.9945],[25.4726,56.989],[25.4688,56.9884],[25.4469,56.9916],[25.4474,56.9819],[25.4502,56.9774],[25.4526,56.9696],[25.4267,56.9487],[25.3958,56.9373],[25.3722,56.9414],[25.3716,56.948],[25.3703,56.953],[25.3672,56.9596],[25.3617,56.9668],[25.3546,56.9736],[25.3437,56.9774],[25.3274,56.9772],[25.2841,56.9648],[25.2748,56.9585],[25.2618,56.9529],[25.257,56.9472],[25.2473,56.9427],[25.2467,56.9396],[25.2484,56.9371],[25.2517,56.9349],[25.234,56.9343],[25.1426,56.9508],[25.1381,56.9801],[25.1475,56.9894],[25.1673,56.9987],[25.1689,57.0143],[25.1501,57.0331],[25.1328,57.0519],[25.1689,57.0676],[25.1375,57.0895],[25.1125,57.1098],[25.1375,57.1114],[25.1735,57.1177],[25.1955,57.1333],[25.2127,57.1458],[25.1892,57.1631],[25.1782,57.1819],[25.172,57.2069],[25.1595,57.2273],[25.1391,57.2335],[25.1047,57.2335],[25.0906,57.2476],[25.1313,57.2664],[25.1657,57.2633],[25.2064,57.2648],[25.2315,57.2852],[25.2315,57.2961],[25.2878,57.2805],[25.3192,57.2586],[25.3176,57.232],[25.3599,57.232],[25.3693,57.2194],[25.3646,57.2053],[25.3802,57.1881],[25.4115,57.1866],[25.4444,57.1709],[25.4585,57.1568],[25.4961,57.1521],[25.5086,57.1568],[25.5321,57.1568],[25.5634,57.1474],[25.5415,57.1224],[25.565,57.113],[25.5947,57.1098],[25.6182,57.0801],[25.6166,57.066],[25.5869,57.0503],[25.5477,57.0206],[25.529,57.0206],[25.507,57.0362],[25.4929,57.0269],[25.5102,57.0081],[25.504,56.9948],[25.5039,56.9948]]]}},{"type":"Feature","properties":{"id":"LVA-5782","name":"Apes","nameBn":"ভাল্মিরা","type":"Municipality","bounds":[26.2762,57.3225,26.8083,57.5802],"center":[26.4999,57.4556]},"geometry":{"type":"Polygon","coordinates":[[[26.4307,57.5618],[26.4309,57.5617],[26.4476,57.5529],[26.481,57.5271],[26.4995,57.5158],[26.5151,57.5173],[26.5287,57.5239],[26.5422,57.5282],[26.5517,57.5268],[26.5702,57.5196],[26.5799,57.5178],[26.5901,57.5204],[26.5948,57.5265],[26.5984,57.5339],[26.6048,57.5403],[26.6343,57.5544],[26.667,57.5649],[26.7005,57.5708],[26.7781,57.5685],[26.7958,57.5713],[26.806,57.5538],[26.8083,57.5197],[26.8083,57.5037],[26.7582,57.5037],[26.7217,57.49],[26.7149,57.465],[26.7035,57.424],[26.6875,57.4171],[26.6442,57.4171],[26.6146,57.4194],[26.5942,57.3913],[26.5677,57.3974],[26.5444,57.3956],[26.5311,57.3989],[26.5258,57.4019],[26.5202,57.4065],[26.4758,57.4051],[26.4806,57.3874],[26.4792,57.3824],[26.4747,57.3751],[26.4468,57.3692],[26.4331,57.3614],[26.4211,57.3579],[26.397,57.3543],[26.3939,57.3507],[26.3947,57.3471],[26.399,57.344],[26.4045,57.3422],[26.4111,57.3429],[26.4242,57.347],[26.43,57.346],[26.43,57.3397],[26.4235,57.3322],[26.3595,57.3225],[26.2762,57.331],[26.2775,57.3647],[26.2862,57.3658],[26.302,57.3748],[26.3014,57.3798],[26.2991,57.3895],[26.3028,57.3961],[26.3098,57.4022],[26.3127,57.4097],[26.3151,57.4181],[26.3205,57.4238],[26.3189,57.429],[26.3151,57.4331],[26.3086,57.4362],[26.3008,57.439],[26.2935,57.4427],[26.2962,57.45],[26.3045,57.4554],[26.3127,57.4587],[26.326,57.4676],[26.311,57.4698],[26.3115,57.4993],[26.3618,57.5128],[26.3629,57.5156],[26.3626,57.5198],[26.3545,57.5228],[26.3498,57.5297],[26.3443,57.5332],[26.3412,57.5378],[26.3441,57.5424],[26.3457,57.5519],[26.3522,57.5609],[26.357,57.5707],[26.3526,57.5762],[26.3513,57.5802],[26.4307,57.5618]]]}},{"type":"Feature","properties":{"id":"LVA-5740","name":"Auces","nameBn":"অসি পৌরসভা","type":"Municipality","bounds":[22.7014,56.3042,23.1726,56.6012],"center":[22.9664,56.4782]},"geometry":{"type":"Polygon","coordinates":[[[23.0623,56.3042],[23.0167,56.3239],[22.9814,56.3732],[22.957,56.402],[22.9245,56.4121],[22.889,56.4084],[22.8596,56.3971],[22.8585,56.3972],[22.8218,56.4027],[22.786,56.4184],[22.7675,56.4218],[22.7266,56.4245],[22.7366,56.4438],[22.7429,56.4493],[22.7482,56.4557],[22.7449,56.4681],[22.7413,56.4754],[22.7014,56.4933],[22.7121,56.5654],[22.7323,56.5653],[22.7359,56.5655],[22.7551,56.562],[22.7734,56.5675],[22.7981,56.5683],[22.8234,56.5618],[22.8341,56.5404],[22.8484,56.5386],[22.8627,56.5529],[22.8967,56.5672],[22.9307,56.569],[22.9253,56.5886],[22.9611,56.6012],[22.9807,56.5779],[23.0219,56.5904],[23.0415,56.5779],[23.0666,56.5511],[23.088,56.5457],[23.0862,56.5243],[23.0898,56.4796],[23.122,56.4706],[23.1291,56.4456],[23.1488,56.4331],[23.1184,56.4099],[23.1524,56.3902],[23.1726,56.358],[23.1542,56.3514],[23.1629,56.341],[23.1127,56.3109],[23.0623,56.3042]]]}},{"type":"Feature","properties":{"id":"LVA-5756","name":"Babites","nameBn":"বাবিতে পৌরসভা","type":"Municipality","bounds":[23.492,56.8,24.001,56.9914],"center":[23.7639,56.8913]},"geometry":{"type":"Polygon","coordinates":[[[23.9545,56.9914],[23.9678,56.9877],[23.9928,56.9845],[24.001,56.9793],[23.9942,56.9732],[23.9886,56.9647],[23.9492,56.9468],[23.9427,56.9387],[23.9176,56.9283],[23.8997,56.914],[23.8568,56.8979],[23.8228,56.8836],[23.8443,56.8479],[23.855,56.8264],[23.8246,56.8032],[23.7817,56.8211],[23.7696,56.8],[23.7341,56.822],[23.7184,56.836],[23.7073,56.8521],[23.6695,56.8749],[23.6262,56.8892],[23.6008,56.8893],[23.5876,56.8912],[23.5068,56.8946],[23.492,56.9346],[23.5493,56.9248],[23.5904,56.923],[23.6136,56.9319],[23.6387,56.9283],[23.6726,56.9283],[23.7066,56.9319],[23.7674,56.9426],[23.7799,56.9569],[23.8014,56.9498],[23.8639,56.9551],[23.9033,56.9623],[23.9372,56.973],[23.9545,56.9914]]]}},{"type":"Feature","properties":{"id":"LVA-5757","name":"Baldones","nameBn":"ব্যাল্ডন পৌরসভা","type":"Municipality","bounds":[24.1882,56.6596,24.5255,56.7889],"center":[24.3555,56.7316]},"geometry":{"type":"Polygon","coordinates":[[[24.5255,56.7524],[24.5219,56.7136],[24.4824,56.7047],[24.4434,56.6842],[24.4279,56.6777],[24.415,56.6743],[24.3837,56.6709],[24.3761,56.6684],[24.373,56.6663],[24.374,56.6596],[24.3554,56.6616],[24.3359,56.6636],[24.2946,56.6755],[24.2747,56.684],[24.2634,56.6904],[24.2578,56.7012],[24.2457,56.7037],[24.2305,56.6994],[24.2054,56.7138],[24.1882,56.7179],[24.1947,56.7406],[24.2286,56.7513],[24.2537,56.7388],[24.2698,56.746],[24.2626,56.7621],[24.2537,56.7853],[24.2948,56.7889],[24.3466,56.7871],[24.4146,56.7764],[24.4664,56.7638],[24.5255,56.7524]]]}},{"type":"Feature","properties":{"id":"LVA-5743","name":"Baltinavas","nameBn":"বাল্টিনাভা পৌরসভা","type":"Municipality","bounds":[27.4166,56.8366,27.7458,57.0315],"center":[27.6041,56.924]},"geometry":{"type":"Polygon","coordinates":[[[27.7458,57.0315],[27.7296,57.0099],[27.7234,56.9988],[27.7208,56.9887],[27.7185,56.9687],[27.7151,56.9574],[27.6487,56.8793],[27.6284,56.8442],[27.6444,56.8418],[27.6372,56.8366],[27.615,56.845],[27.6008,56.8524],[27.5813,56.8576],[27.5718,56.8638],[27.5677,56.8673],[27.5616,56.8707],[27.5496,56.8669],[27.5299,56.8629],[27.5181,56.858],[27.4467,56.8527],[27.4348,56.884],[27.4166,56.9022],[27.444,56.9159],[27.4941,56.9136],[27.5374,56.9341],[27.5191,56.9546],[27.6126,56.9842],[27.665,56.9888],[27.6376,57.0184],[27.69,57.023],[27.7458,57.0315]]]}},{"type":"Feature","properties":{"id":"LVA-1063","name":"Balvu","nameBn":"বাল্ভি পৌরসভা","type":"Municipality","bounds":[26.9285,56.7827,27.665,57.2848],"center":[27.4348,57.0151]},"geometry":{"type":"Polygon","coordinates":[[[27.3549,57.2848],[27.4063,57.2631],[27.4607,57.2742],[27.4871,57.2739],[27.4462,57.244],[27.4257,57.2121],[27.4029,57.1597],[27.4553,57.1141],[27.5146,57.0799],[27.5419,57.0777],[27.5533,57.0389],[27.5898,57.0435],[27.6308,57.0389],[27.6376,57.0184],[27.665,56.9888],[27.6126,56.9842],[27.5191,56.9546],[27.5374,56.9341],[27.4941,56.9136],[27.444,56.9159],[27.4166,56.9022],[27.4348,56.884],[27.4467,56.8527],[27.4278,56.8513],[27.4122,56.8453],[27.3957,56.836],[27.3909,56.8319],[27.3949,56.828],[27.3834,56.8214],[27.3766,56.8206],[27.3713,56.822],[27.3687,56.8245],[27.3625,56.8246],[27.3552,56.8216],[27.3481,56.8151],[27.3484,56.8072],[27.3448,56.8016],[27.3479,56.7843],[27.3399,56.7827],[27.2432,56.7892],[27.1861,56.7938],[27.1608,56.8114],[27.1332,56.8082],[27.1214,56.8106],[27.0956,56.8092],[27.0675,56.8053],[27.0579,56.8004],[27.0323,56.8013],[27.0176,56.8065],[26.984,56.8059],[26.9662,56.8096],[26.9285,56.8311],[26.944,56.8403],[26.9533,56.8467],[26.9808,56.8656],[26.9837,56.8708],[26.9851,56.8782],[27.0361,56.884],[27.084,56.8749],[27.166,56.8612],[27.2002,56.8612],[27.2252,56.8954],[27.2662,56.9159],[27.2913,56.9273],[27.3323,56.9364],[27.3141,56.9797],[27.2867,56.9728],[27.2617,56.9728],[27.2549,56.9934],[27.289,57.0002],[27.3141,57.0253],[27.3255,57.0617],[27.305,57.0663],[27.2708,57.064],[27.1979,57.0777],[27.1478,57.089],[27.1181,57.0845],[27.0976,57.0913],[27.0976,57.1141],[27.0498,57.1118],[27.0081,57.1145],[27.065,57.1557],[27.0912,57.1701],[27.1302,57.1996],[27.1566,57.2264],[27.1844,57.2281],[27.2011,57.2348],[27.2205,57.2344],[27.2289,57.239],[27.2342,57.2428],[27.241,57.2464],[27.2481,57.249],[27.2759,57.2467],[27.326,57.2774],[27.3549,57.2848]]]}},{"type":"Feature","properties":{"id":"LVA-1079","name":"Bauska","nameBn":"বাউস্কা পৌরসভা","type":"Municipality","bounds":[23.9813,56.2574,24.5728,56.5368],"center":[24.269,56.4223]},"geometry":{"type":"Polygon","coordinates":[[[24.5728,56.3098],[24.5579,56.2986],[24.539,56.2876],[24.4813,56.2688],[24.4472,56.2605],[24.4144,56.2655],[24.3508,56.2916],[24.3185,56.2986],[24.2876,56.2955],[24.1668,56.2603],[24.1404,56.2576],[24.1389,56.2574],[24.1086,56.2607],[24.0752,56.2712],[23.9813,56.3124],[24.0087,56.3222],[24.0356,56.3312],[24.0409,56.3509],[24.0731,56.3634],[24.0677,56.383],[24.091,56.383],[24.1267,56.3687],[24.1553,56.3866],[24.1142,56.4009],[24.0642,56.4152],[24.0374,56.4259],[24.0356,56.4474],[24.0302,56.4778],[24.0177,56.502],[24.0317,56.5017],[24.0429,56.5028],[24.0809,56.5275],[24.0789,56.5355],[24.1053,56.5296],[24.15,56.5243],[24.1732,56.5171],[24.1947,56.51],[24.234,56.501],[24.2519,56.5189],[24.3002,56.535],[24.3449,56.5368],[24.3806,56.5296],[24.4003,56.51],[24.4271,56.4939],[24.4378,56.4742],[24.4736,56.4832],[24.5129,56.4545],[24.5308,56.4099],[24.5147,56.3973],[24.4468,56.3812],[24.4521,56.3669],[24.5058,56.3616],[24.4915,56.3437],[24.4682,56.3312],[24.4807,56.3097],[24.529,56.3222],[24.5728,56.3098]]]}},{"type":"Feature","properties":{"id":"LVA-5783","name":"Beverinas","nameBn":"ভাল্মিরা","type":"Municipality","bounds":[25.3771,57.4382,25.8217,57.6202],"center":[25.592,57.5293]},"geometry":{"type":"Polygon","coordinates":[[[25.6307,57.6202],[25.6636,57.6187],[25.6949,57.6155],[25.7074,57.603],[25.7247,57.5889],[25.7106,57.5764],[25.7294,57.5701],[25.7528,57.5701],[25.7826,57.5529],[25.7716,57.5482],[25.7341,57.5467],[25.7435,57.5341],[25.779,57.5298],[25.8092,57.5373],[25.8217,57.5247],[25.7763,57.4997],[25.7184,57.4966],[25.6801,57.4796],[25.6758,57.4727],[25.6579,57.4646],[25.6024,57.4686],[25.5611,57.451],[25.5476,57.4416],[25.5268,57.4382],[25.5194,57.4412],[25.5094,57.447],[25.5004,57.4501],[25.4745,57.4425],[25.421,57.4475],[25.3988,57.4412],[25.3927,57.4652],[25.3787,57.484],[25.3771,57.5091],[25.3959,57.5091],[25.4319,57.5059],[25.4522,57.5153],[25.4569,57.5373],[25.4804,57.5482],[25.507,57.567],[25.5368,57.5842],[25.5697,57.5921],[25.5912,57.6141],[25.6307,57.6202]]]}},{"type":"Feature","properties":{"id":"LVA-5711","name":"Brocenu","nameBn":"ব্রোসেনি পৌরসভা","type":"Municipality","bounds":[22.4422,56.562,22.8593,56.8515],"center":[22.6412,56.7003]},"geometry":{"type":"Polygon","coordinates":[[[22.7889,56.8039],[22.7877,56.7968],[22.8206,56.7715],[22.8266,56.7337],[22.8287,56.726],[22.8248,56.7198],[22.8189,56.7178],[22.8144,56.7152],[22.8149,56.7111],[22.8184,56.7082],[22.826,56.6981],[22.8001,56.696],[22.8053,56.6784],[22.8287,56.6716],[22.8378,56.6585],[22.8593,56.6442],[22.8543,56.6309],[22.8408,56.6172],[22.8293,56.6105],[22.8172,56.6073],[22.7932,56.6073],[22.7809,56.6061],[22.777,56.6014],[22.7767,56.5966],[22.777,56.5918],[22.7787,56.5878],[22.7844,56.5858],[22.7886,56.5814],[22.7919,56.579],[22.7981,56.5683],[22.7734,56.5675],[22.7551,56.562],[22.7359,56.5655],[22.7323,56.5653],[22.7121,56.5654],[22.6937,56.5882],[22.6549,56.6042],[22.6046,56.5997],[22.5748,56.5677],[22.5497,56.5791],[22.536,56.6202],[22.5017,56.6385],[22.4971,56.6842],[22.488,56.7231],[22.4605,56.7368],[22.4422,56.7711],[22.4628,56.8054],[22.4909,56.8515],[22.5276,56.8416],[22.5863,56.8372],[22.6343,56.8241],[22.6459,56.8164],[22.642,56.8082],[22.6791,56.8096],[22.7188,56.802],[22.7889,56.8039]]]}},{"type":"Feature","properties":{"id":"LVA-5784","name":"Burtnieku","nameBn":"ভাল্মিরা","type":"Municipality","bounds":[25.0175,57.5373,25.6887,57.8441],"center":[25.3393,57.6809]},"geometry":{"type":"Polygon","coordinates":[[[25.5529,57.7924],[25.5648,57.7826],[25.5963,57.7737],[25.6166,57.758],[25.6605,57.7502],[25.6887,57.7377],[25.6714,57.7204],[25.6213,57.7189],[25.6119,57.7079],[25.601,57.697],[25.601,57.6688],[25.5302,57.6591],[25.5099,57.6462],[25.5333,57.6295],[25.571,57.6195],[25.5912,57.6141],[25.5697,57.5921],[25.5368,57.5842],[25.507,57.567],[25.4804,57.5482],[25.4569,57.5373],[25.4397,57.5561],[25.4115,57.5561],[25.3787,57.5498],[25.352,57.567],[25.3129,57.5858],[25.2784,57.5936],[25.2691,57.6155],[25.2315,57.639],[25.2252,57.6484],[25.1986,57.6547],[25.1892,57.6735],[25.1563,57.6625],[25.1219,57.6531],[25.0937,57.6531],[25.0853,57.6746],[25.0925,57.6882],[25.0822,57.6969],[25.0757,57.7059],[25.0762,57.7145],[25.0802,57.7212],[25.0872,57.7272],[25.0909,57.7313],[25.0987,57.736],[25.0836,57.7541],[25.0773,57.7672],[25.0175,57.7965],[25.0342,57.8144],[25.0608,57.8128],[25.0921,57.8128],[25.1125,57.8003],[25.1281,57.7987],[25.1328,57.8081],[25.1234,57.8269],[25.1125,57.8379],[25.1422,57.8441],[25.1579,57.8332],[25.2236,57.805],[25.2456,57.8003],[25.2675,57.7956],[25.2706,57.7784],[25.3129,57.7831],[25.3787,57.7878],[25.4554,57.7893],[25.4945,57.7893],[25.5529,57.7924]]]}},{"type":"Feature","properties":{"id":"LVA-5758","name":"Carnikavas","nameBn":"কার্নিকাভা পৌরসভা","type":"Municipality","bounds":[24.113,57.0528,24.3488,57.1998],"center":[24.2464,57.1203]},"geometry":{"type":"Polygon","coordinates":[[[24.113,57.0887],[24.2108,57.1237],[24.2192,57.138],[24.2386,57.1496],[24.2612,57.1575],[24.2786,57.161],[24.2788,57.1718],[24.2887,57.1789],[24.3127,57.1883],[24.3308,57.1998],[24.3488,57.1838],[24.3419,57.163],[24.3377,57.1282],[24.321,57.1129],[24.2654,57.099],[24.2584,57.0754],[24.2473,57.0601],[24.232,57.0726],[24.1624,57.0528],[24.1517,57.0556],[24.113,57.0887]]]}},{"type":"Feature","properties":{"id":"LVA-1080","name":"Cesu","nameBn":"চেসিস পৌরসভা","type":"Municipality","bounds":[25.2315,57.1474,25.5759,57.3306],"center":[25.4307,57.2396]},"geometry":{"type":"Polygon","coordinates":[[[25.2315,57.2961],[25.2315,57.3306],[25.255,57.3259],[25.2738,57.3181],[25.3113,57.3134],[25.3239,57.3087],[25.3113,57.2961],[25.3317,57.2915],[25.363,57.2961],[25.3943,57.3024],[25.4272,57.2899],[25.4663,57.2774],[25.4898,57.2633],[25.5008,57.2492],[25.5008,57.2163],[25.5227,57.2085],[25.5462,57.2132],[25.5603,57.2226],[25.5759,57.2038],[25.5728,57.1709],[25.5634,57.1474],[25.5321,57.1568],[25.5086,57.1568],[25.4961,57.1521],[25.4585,57.1568],[25.4444,57.1709],[25.4115,57.1866],[25.3802,57.1881],[25.3646,57.2053],[25.3693,57.2194],[25.3599,57.232],[25.3176,57.232],[25.3192,57.2586],[25.2878,57.2805],[25.2315,57.2961]]]}},{"type":"Feature","properties":{"id":"LVA-5785","name":"Cesvaines","nameBn":"ভাল্মিরা","type":"Municipality","bounds":[26.1709,56.9282,26.4057,57.0979],"center":[26.275,57.0099]},"geometry":{"type":"Polygon","coordinates":[[[26.3213,57.0979],[26.3289,57.0719],[26.3694,57.0446],[26.376,57.0316],[26.3838,57.0049],[26.4057,56.9893],[26.3932,56.9705],[26.3744,56.9564],[26.3525,56.9486],[26.3588,56.9313],[26.3259,56.9313],[26.2867,56.9407],[26.268,56.9313],[26.2429,56.9298],[26.2226,56.9282],[26.2006,56.9517],[26.1818,56.9533],[26.1709,56.9533],[26.1725,56.9658],[26.1865,56.9846],[26.1771,57.0065],[26.1756,57.0347],[26.1865,57.0582],[26.1832,57.0826],[26.2152,57.0891],[26.2717,57.0871],[26.3213,57.0979]]]}},{"type":"Feature","properties":{"id":"LVA-5745","name":"Ciblas","nameBn":"সিব্লা পৌরসভা","type":"Municipality","bounds":[27.5611,56.4819,28.1322,56.7434],"center":[27.8618,56.6132]},"geometry":{"type":"Polygon","coordinates":[[[27.8655,56.7427],[27.8826,56.7255],[27.981,56.687],[27.9913,56.67],[27.9922,56.625],[27.9974,56.6038],[28.011,56.5876],[28.0287,56.5768],[28.1087,56.5552],[28.1261,56.5478],[28.1322,56.536],[28.1252,56.5271],[28.0992,56.5134],[28.0933,56.5016],[28.0535,56.5181],[27.9888,56.5233],[27.9448,56.5026],[27.9189,56.4819],[27.8852,56.4974],[27.8645,56.5285],[27.8127,56.5518],[27.7765,56.5414],[27.7558,56.5207],[27.7247,56.5337],[27.6911,56.5673],[27.6574,56.5673],[27.6031,56.5751],[27.5611,56.5759],[27.5615,56.5996],[27.5802,56.6194],[27.5927,56.6553],[27.6445,56.6864],[27.761,56.6916],[27.8024,56.6657],[27.8205,56.689],[27.8205,56.7278],[27.8438,56.7434],[27.8655,56.7427]]]}},{"type":"Feature","properties":{"id":"LVA-5747","name":"Dagdas","nameBn":"দাগদা পৌরসভা","type":"Municipality","bounds":[27.2406,55.9754,28.0775,56.2611],"center":[27.6246,56.1183]},"geometry":{"type":"Polygon","coordinates":[[[28.0511,56.1407],[28.0238,56.1296],[27.981,56.118],[27.9397,56.1131],[27.9271,56.1094],[27.9115,56.1002],[27.9015,56.0893],[27.8927,56.0771],[27.8807,56.0639],[27.8125,56.0345],[27.7812,56.0164],[27.777,55.9924],[27.7601,55.9754],[27.7247,55.9952],[27.6807,56.0081],[27.6548,56.0211],[27.6419,56.0159],[27.6445,55.9874],[27.6186,55.99],[27.572,55.9978],[27.4607,56.0366],[27.4141,56.0366],[27.3856,56.0211],[27.3675,56.0237],[27.3752,56.0573],[27.3701,56.0806],[27.3157,56.0806],[27.2639,56.0729],[27.2406,56.1117],[27.3079,56.1246],[27.339,56.1402],[27.3312,56.1609],[27.3002,56.1816],[27.2959,56.203],[27.3391,56.2103],[27.412,56.2072],[27.4207,56.2106],[27.4479,56.2094],[27.4407,56.2237],[27.4472,56.2299],[27.4669,56.2335],[27.4889,56.235],[27.509,56.2411],[27.5236,56.2482],[27.5281,56.2574],[27.535,56.2611],[27.5482,56.2482],[27.5516,56.2455],[27.5681,56.2423],[27.6516,56.2497],[27.6676,56.2402],[27.6871,56.2251],[27.7019,56.2195],[27.7225,56.2066],[27.7439,56.1998],[27.7785,56.1956],[27.8109,56.1963],[27.8224,56.1857],[27.8384,56.1823],[27.8529,56.1819],[27.8876,56.1866],[27.8985,56.1832],[27.9131,56.1837],[28.0013,56.2033],[28.0209,56.2096],[28.0314,56.2145],[28.0398,56.2157],[28.048,56.2144],[28.0527,56.2111],[28.0561,56.207],[28.0613,56.2035],[28.0651,56.2033],[28.0704,56.2085],[28.0775,56.1967],[28.0626,56.1821],[28.0437,56.158],[28.0473,56.1509],[28.0509,56.1411],[28.0511,56.1407]]]}},{"type":"Feature","properties":{"id":"LVA-1081","name":"Daugavpils","nameBn":"দাউগাভপিলস","type":"Municipality","bounds":[26.2269,55.667,26.9815,56.1969],"center":[26.589,56.043]},"geometry":{"type":"Polygon","coordinates":[[[26.5945,55.667],[26.5375,55.6695],[26.481,55.6783],[26.3423,55.7163],[26.2797,55.7432],[26.2269,55.7969],[26.2584,55.8049],[26.2915,55.8066],[26.3494,55.8099],[26.3362,55.8397],[26.2766,55.881],[26.3196,55.9075],[26.3031,55.9174],[26.2865,55.924],[26.2915,55.9406],[26.318,55.9505],[26.3378,55.9654],[26.3726,55.9538],[26.393,55.9777],[26.3766,55.9977],[26.3655,56.0217],[26.3696,56.0438],[26.357,56.0554],[26.3484,56.0732],[26.3453,56.0934],[26.3426,56.1079],[26.3407,56.1342],[26.3366,56.1494],[26.3283,56.1627],[26.3008,56.1833],[26.3354,56.1897],[26.3808,56.1969],[26.4166,56.1835],[26.4554,56.1804],[26.4845,56.1678],[26.5075,56.1323],[26.5408,56.1339],[26.5439,56.1421],[26.5566,56.1566],[26.5707,56.154],[26.5762,56.148],[26.6096,56.1322],[26.6206,56.1249],[26.6248,56.1211],[26.6479,56.1353],[26.6873,56.1255],[26.7004,56.1187],[26.7185,56.1113],[26.7482,56.1111],[26.7747,56.1151],[26.8073,56.1273],[26.8233,56.1295],[26.8368,56.1294],[26.8476,56.124],[26.8723,56.1272],[26.8885,56.1289],[26.8908,56.1051],[26.9311,56.0587],[26.9687,56.0602],[26.9519,56.041],[26.9536,56.0343],[26.9583,56.0271],[26.9694,56.0136],[26.9677,56.0078],[26.9327,56.0033],[26.9435,55.9668],[26.9471,55.9601],[26.9556,55.9503],[26.9445,55.9417],[26.9356,55.9322],[26.9546,55.9276],[26.9463,55.9113],[26.9378,55.9039],[26.9344,55.8928],[26.9342,55.8739],[26.978,55.8642],[26.9806,55.8554],[26.9815,55.8447],[26.98,55.8389],[26.9787,55.8271],[26.9791,55.8267],[26.9794,55.8263],[26.9578,55.8186],[26.9001,55.7787],[26.8428,55.7193],[26.8228,55.7061],[26.743,55.6829],[26.7201,55.6819],[26.6669,55.694],[26.6401,55.6956],[26.6156,55.688],[26.5945,55.667]],[[26.5184,55.8266],[26.5325,55.8322],[26.5564,55.8378],[26.5817,55.8406],[26.5971,55.8533],[26.6018,55.8737],[26.6167,55.8812],[26.6249,55.8889],[26.6319,55.8974],[26.6112,55.9039],[26.6168,55.9235],[26.6126,55.946],[26.6098,55.9587],[26.5949,55.9621],[26.5411,55.9271],[26.4719,55.9332],[26.4379,55.9146],[26.4493,55.9057],[26.4858,55.8929],[26.4875,55.8687],[26.4903,55.8533],[26.5044,55.8406],[26.5184,55.8266]]]}},{"type":"Feature","properties":{"id":"LVA-4850","name":"Daugavpils","nameBn":"দ গ ভুলস","type":"Republican City","bounds":[26.4379,55.8266,26.6319,55.9621],"center":[26.5517,55.8814]},"geometry":{"type":"Polygon","coordinates":[[[26.5949,55.9621],[26.6098,55.9587],[26.6126,55.946],[26.6168,55.9235],[26.6112,55.9039],[26.6319,55.8974],[26.6249,55.8889],[26.6167,55.8812],[26.6018,55.8737],[26.5971,55.8533],[26.5817,55.8406],[26.5564,55.8378],[26.5325,55.8322],[26.5184,55.8266],[26.5044,55.8406],[26.4903,55.8533],[26.4875,55.8687],[26.4858,55.8929],[26.4493,55.9057],[26.4379,55.9146],[26.4719,55.9332],[26.5411,55.9271],[26.5949,55.9621]]]}},{"type":"Feature","properties":{"id":"LVA-1082","name":"Dobele","nameBn":"ডোবেল পৌরসভা","type":"Municipality","bounds":[22.7767,56.4331,23.5253,56.8159],"center":[23.2005,56.6172]},"geometry":{"type":"Polygon","coordinates":[[[23.3972,56.7922],[23.4088,56.7924],[23.4517,56.7994],[23.4866,56.8159],[23.5055,56.8082],[23.5253,56.7637],[23.5029,56.7469],[23.4593,56.7346],[23.4365,56.7239],[23.4174,56.7068],[23.4427,56.6968],[23.463,56.6925],[23.4782,56.6848],[23.4815,56.6804],[23.4798,56.6768],[23.4843,56.6649],[23.4854,56.6603],[23.4761,56.6562],[23.4445,56.6416],[23.4382,56.6345],[23.4247,56.6221],[23.4129,56.616],[23.4059,56.6064],[23.4803,56.5995],[23.4772,56.5869],[23.4484,56.5791],[23.4368,56.5771],[23.4321,56.5708],[23.4345,56.5641],[23.4459,56.5564],[23.4587,56.5448],[23.4593,56.5298],[23.4475,56.5056],[23.4379,56.4993],[23.4151,56.4933],[23.3937,56.5189],[23.383,56.5457],[23.3562,56.5457],[23.3151,56.5135],[23.2739,56.4903],[23.2882,56.4689],[23.3097,56.4599],[23.2757,56.4545],[23.2149,56.4545],[23.172,56.451],[23.1488,56.4331],[23.1291,56.4456],[23.122,56.4706],[23.0898,56.4796],[23.0862,56.5243],[23.088,56.5457],[23.0666,56.5511],[23.0415,56.5779],[23.0219,56.5904],[22.9807,56.5779],[22.9611,56.6012],[22.9253,56.5886],[22.9307,56.569],[22.8967,56.5672],[22.8627,56.5529],[22.8484,56.5386],[22.8341,56.5404],[22.8234,56.5618],[22.7981,56.5683],[22.7919,56.579],[22.7886,56.5814],[22.7844,56.5858],[22.7787,56.5878],[22.777,56.5918],[22.7767,56.5966],[22.777,56.6014],[22.7809,56.6061],[22.7932,56.6073],[22.8172,56.6073],[22.8293,56.6105],[22.8408,56.6172],[22.8543,56.6309],[22.8593,56.6442],[22.8378,56.6585],[22.8287,56.6716],[22.8053,56.6784],[22.8001,56.696],[22.826,56.6981],[22.8752,56.709],[22.9034,56.7116],[22.9862,56.7108],[23.0287,56.6949],[23.0839,56.6906],[23.0993,56.6916],[23.1233,56.6988],[23.1717,56.6924],[23.1937,56.705],[23.2158,56.7111],[23.2723,56.7103],[23.2996,56.7154],[23.3252,56.7495],[23.315,56.7655],[23.3159,56.7742],[23.322,56.7821],[23.375,56.8008],[23.3895,56.794],[23.3972,56.7922]]]}},{"type":"Feature","properties":{"id":"LVA-5721","name":"Dundagas","nameBn":"দুন্দাগা পৌরসভা","type":"Municipality","bounds":[22.078,57.3979,22.6251,57.7597],"center":[22.4057,57.5837]},"geometry":{"type":"Polygon","coordinates":[[[22.1945,57.6576],[22.4837,57.7425],[22.5261,57.7497],[22.5491,57.7506],[22.5603,57.7528],[22.5726,57.7568],[22.5858,57.7597],[22.6003,57.758],[22.6104,57.7546],[22.6101,57.7535],[22.605,57.751],[22.6003,57.7438],[22.5908,57.7061],[22.5872,57.665],[22.568,57.6742],[22.5703,57.617],[22.6091,57.5782],[22.6114,57.5416],[22.6251,57.5027],[22.5474,57.4982],[22.504,57.4616],[22.4765,57.4136],[22.4239,57.4204],[22.3805,57.4113],[22.3485,57.4113],[22.3256,57.4341],[22.2822,57.4273],[22.2596,57.3979],[22.2449,57.4071],[22.1864,57.4016],[22.1517,57.4046],[22.078,57.4232],[22.1379,57.4375],[22.1667,57.451],[22.1774,57.4591],[22.1773,57.4651],[22.1745,57.4719],[22.1895,57.4764],[22.2038,57.4839],[22.2719,57.5072],[22.2742,57.5173],[22.2721,57.5491],[22.2685,57.5555],[22.259,57.5643],[22.2504,57.576],[22.2454,57.5883],[22.2471,57.5996],[22.2356,57.6197],[22.2238,57.6232],[22.2129,57.6209],[22.2064,57.6269],[22.1945,57.6576]]]}},{"type":"Feature","properties":{"id":"LVA-5720","name":"Durbes","nameBn":"দূর্বে পৌরসভা","type":"Municipality","bounds":[21.2541,56.503,21.6186,56.7568],"center":[21.4069,56.6142]},"geometry":{"type":"Polygon","coordinates":[[[21.2924,56.7568],[21.3159,56.7397],[21.3372,56.7184],[21.399,56.6928],[21.4033,56.6715],[21.431,56.6736],[21.4523,56.6459],[21.4907,56.6523],[21.5184,56.6523],[21.5717,56.6587],[21.608,56.6438],[21.6186,56.6139],[21.6186,56.5883],[21.5717,56.5606],[21.5291,56.5713],[21.4992,56.5521],[21.5291,56.5137],[21.4822,56.5116],[21.4737,56.5201],[21.4332,56.5457],[21.399,56.5585],[21.4076,56.5201],[21.3543,56.503],[21.3479,56.5436],[21.2562,56.5308],[21.2541,56.5883],[21.2818,56.6118],[21.2583,56.6566],[21.2882,56.6821],[21.2733,56.7077],[21.2605,56.7397],[21.2924,56.7568]]]}},{"type":"Feature","properties":{"id":"LVA-5759","name":"Engures","nameBn":"এঙ্গুরে পৌরসভা","type":"Municipality","bounds":[23.1005,56.9104,23.5786,57.3186],"center":[23.3222,57.0017]},"geometry":{"type":"Polygon","coordinates":[[[23.1602,57.3186],[23.1646,57.3137],[23.1746,57.2973],[23.1824,57.2777],[23.1902,57.2425],[23.1987,57.2242],[23.2136,57.2163],[23.2224,57.207],[23.2505,57.1144],[23.2609,57.0989],[23.2749,57.0927],[23.2927,57.0889],[23.3401,57.0586],[23.4229,57.0402],[23.5086,57.0312],[23.5208,57.0256],[23.5697,56.9863],[23.5786,56.9821],[23.5759,56.9805],[23.4998,56.9614],[23.4838,56.9497],[23.4734,56.9435],[23.4751,56.9407],[23.4772,56.9365],[23.442,56.9265],[23.3723,56.9104],[23.2775,56.9158],[23.2006,56.9301],[23.1488,56.9212],[23.1416,56.9355],[23.1774,56.9551],[23.1971,56.9677],[23.1685,56.9855],[23.1774,57.0124],[23.2132,57.0392],[23.231,57.066],[23.2042,57.1053],[23.1506,57.1232],[23.113,57.1375],[23.1005,57.1554],[23.1202,57.1715],[23.1327,57.209],[23.1291,57.243],[23.1128,57.2653],[23.1146,57.2934],[23.1208,57.3052],[23.128,57.3123],[23.1602,57.3186]]]}},{"type":"Feature","properties":{"id":"LVA-5786","name":"Erglu","nameBn":"ভাল্মিরা","type":"Municipality","bounds":[25.4836,56.7705,25.9533,56.9987],"center":[25.6656,56.8954]},"geometry":{"type":"Polygon","coordinates":[[[25.4882,56.9945],[25.5039,56.9948],[25.504,56.9948],[25.5172,56.9951],[25.5651,56.9821],[25.5823,56.9819],[25.6027,56.9844],[25.634,56.9947],[25.6385,56.9948],[25.6385,56.993],[25.637,56.9902],[25.6391,56.9845],[25.6336,56.9749],[25.6295,56.9631],[25.6973,56.9861],[25.7054,56.9937],[25.7271,56.9987],[25.7549,56.9933],[25.7695,56.9835],[25.7794,56.981],[25.7875,56.9817],[25.796,56.985],[25.8137,56.9868],[25.8226,56.985],[25.8297,56.9824],[25.8339,56.9797],[25.8375,56.9768],[25.8418,56.9738],[25.8449,56.9703],[25.8503,56.9664],[25.8541,56.9626],[25.8864,56.9642],[25.9204,56.9439],[25.9439,56.9329],[25.9533,56.9251],[25.947,56.9063],[25.9157,56.9063],[25.8906,56.9],[25.8593,56.9063],[25.8358,56.9],[25.8076,56.8953],[25.7748,56.8906],[25.7685,56.8797],[25.7482,56.8672],[25.7575,56.8515],[25.7655,56.8282],[25.7464,56.8259],[25.7397,56.8184],[25.7484,56.8147],[25.7488,56.8088],[25.7464,56.8011],[25.7343,56.7893],[25.7302,56.7823],[25.6922,56.7705],[25.6688,56.789],[25.6416,56.7921],[25.6052,56.8025],[25.5617,56.8026],[25.5054,56.8131],[25.5065,56.8267],[25.5048,56.8331],[25.5011,56.842],[25.4921,56.8462],[25.484,56.8538],[25.4849,56.857],[25.4836,56.8672],[25.5557,56.8739],[25.5341,56.885],[25.5277,56.8901],[25.5207,56.8942],[25.5159,56.8979],[25.5163,56.9032],[25.5192,56.9079],[25.524,56.9136],[25.5322,56.9214],[25.5316,56.9326],[25.5228,56.9435],[25.5169,56.9563],[25.5083,56.9645],[25.5077,56.9727],[25.4927,56.9813],[25.4882,56.9945]]]}},{"type":"Feature","properties":{"id":"LVA-5760","name":"Garkalnes","nameBn":"গারকালনে পৌরসভা","type":"Municipality","bounds":[24.1624,56.9444,24.5655,57.1059],"center":[24.3875,57.0221]},"geometry":{"type":"Polygon","coordinates":[[[24.3202,56.969],[24.3025,56.991],[24.2879,56.9999],[24.2744,57.0064],[24.2499,57.0126],[24.2244,57.0216],[24.1813,57.0479],[24.1624,57.0528],[24.232,57.0726],[24.2473,57.0601],[24.2612,57.042],[24.2904,57.0309],[24.321,57.0281],[24.3627,57.0573],[24.4072,57.0614],[24.4587,57.0726],[24.5018,57.0948],[24.5087,57.1059],[24.5143,57.0795],[24.5505,57.0837],[24.5655,57.06],[24.5461,57.061],[24.5211,57.0521],[24.5318,57.002],[24.4513,57.002],[24.4013,56.9949],[24.3959,56.9681],[24.3717,56.9444],[24.352,56.9569],[24.3202,56.969]]]}},{"type":"Feature","properties":{"id":"LVA-5716","name":"Grobinas","nameBn":"গ্রোবিনা পৌরসভা","type":"Municipality","bounds":[21.0206,56.3261,21.4374,56.6821],"center":[21.2507,56.4778]},"geometry":{"type":"Polygon","coordinates":[[[21.0632,56.494],[21.0584,56.5036],[21.0529,56.5111],[21.0727,56.5233],[21.1032,56.5328],[21.0938,56.5688],[21.0774,56.5628],[21.0672,56.6057],[21.0206,56.615],[21.0462,56.6562],[21.0579,56.6438],[21.1219,56.6352],[21.1539,56.6821],[21.2114,56.6459],[21.2583,56.6566],[21.2818,56.6118],[21.2541,56.5883],[21.2562,56.5308],[21.3479,56.5436],[21.3543,56.503],[21.3841,56.4903],[21.3862,56.4647],[21.4374,56.4071],[21.4161,56.3538],[21.3799,56.3282],[21.2626,56.3261],[21.2263,56.3517],[21.2114,56.4327],[21.1475,56.4306],[21.1283,56.4988],[21.0632,56.494]]]}},{"type":"Feature","properties":{"id":"LVA-1083","name":"Gulbene","nameBn":"গুল্বেন পৌরসভা","type":"Municipality","bounds":[26.0041,56.9484,27.1566,57.4065],"center":[26.5803,57.1723]},"geometry":{"type":"Polygon","coordinates":[[[26.1303,57.2765],[26.262,57.2819],[26.2666,57.2889],[26.265,57.3009],[26.2757,57.3083],[26.2803,57.3179],[26.2771,57.323],[26.2762,57.331],[26.3595,57.3225],[26.4235,57.3322],[26.43,57.3397],[26.43,57.346],[26.4242,57.347],[26.4111,57.3429],[26.4045,57.3422],[26.399,57.344],[26.3947,57.3471],[26.3939,57.3507],[26.397,57.3543],[26.4211,57.3579],[26.4331,57.3614],[26.4468,57.3692],[26.4747,57.3751],[26.4792,57.3824],[26.4806,57.3874],[26.4758,57.4051],[26.5202,57.4065],[26.5258,57.4019],[26.5311,57.3989],[26.5444,57.3956],[26.5677,57.3974],[26.5942,57.3913],[26.6181,57.3625],[26.6332,57.3503],[26.6776,57.3343],[26.6815,57.3237],[26.6822,57.32],[26.7148,57.3065],[26.7477,57.319],[26.7607,57.3217],[26.7902,57.3184],[26.8362,57.3153],[26.84,57.3163],[26.8455,57.3159],[26.8493,57.3153],[26.865,57.2995],[26.9055,57.3037],[26.9885,57.3044],[27.0208,57.2867],[27.0599,57.2728],[27.0669,57.2687],[27.0601,57.2632],[27.0486,57.2564],[27.0465,57.2534],[27.0459,57.2503],[27.0562,57.2487],[27.1566,57.2264],[27.1302,57.1996],[27.0912,57.1701],[27.065,57.1557],[27.0081,57.1145],[26.9952,57.1051],[26.9791,57.0956],[26.9532,57.0648],[26.9295,57.0498],[26.902,57.0393],[26.8605,57.018],[26.8684,57.0059],[26.8712,57.0026],[26.86,56.983],[26.7958,56.9891],[26.7815,56.9925],[26.7576,56.993],[26.7348,56.9882],[26.726,56.9826],[26.7038,56.9742],[26.6974,56.9735],[26.6911,56.9782],[26.6352,56.965],[26.6037,56.9536],[26.5682,56.9484],[26.5597,56.9789],[26.5443,57.0092],[26.5329,57.0253],[26.5126,57.0441],[26.4973,57.0558],[26.462,57.0613],[26.3694,57.0446],[26.3289,57.0719],[26.3213,57.0979],[26.2717,57.0871],[26.2152,57.0891],[26.1832,57.0826],[26.1168,57.0781],[26.1332,57.0971],[26.1399,57.1085],[26.1613,57.1288],[26.1658,57.1342],[26.1682,57.1434],[26.1317,57.172],[26.1025,57.2013],[26.0893,57.2099],[26.0761,57.2147],[26.0622,57.2172],[26.0134,57.2211],[26.0041,57.2438],[26.0085,57.2467],[26.0144,57.2499],[26.0491,57.25],[26.0586,57.2513],[26.0586,57.2653],[26.0758,57.2741],[26.1013,57.2782],[26.1303,57.2765]]]}},{"type":"Feature","properties":{"id":"LVA-5736","name":"Iecavas","nameBn":"লেকাভা পৌরসভা","type":"Municipality","bounds":[24.0067,56.501,24.3878,56.7037],"center":[24.2055,56.6132]},"geometry":{"type":"Polygon","coordinates":[[[24.2457,56.7037],[24.2578,56.7012],[24.2634,56.6904],[24.2747,56.684],[24.2946,56.6755],[24.3359,56.6636],[24.3554,56.6616],[24.3681,56.619],[24.3091,56.6119],[24.3216,56.5636],[24.3484,56.5654],[24.3878,56.5529],[24.3806,56.5296],[24.3449,56.5368],[24.3002,56.535],[24.2519,56.5189],[24.234,56.501],[24.1947,56.51],[24.1732,56.5171],[24.15,56.5243],[24.1053,56.5296],[24.0789,56.5355],[24.0884,56.5508],[24.1053,56.564],[24.1102,56.5749],[24.1067,56.5804],[24.0943,56.5818],[24.0816,56.5819],[24.0556,56.5857],[24.0409,56.5924],[24.0266,56.6027],[24.0265,56.6078],[24.03,56.6088],[24.0393,56.6088],[24.0491,56.611],[24.0575,56.6191],[24.0552,56.6238],[24.0519,56.628],[24.0503,56.6318],[24.051,56.6353],[24.0462,56.6378],[24.0364,56.6415],[24.01,56.6589],[24.0067,56.6648],[24.0089,56.6662],[24.0177,56.6627],[24.0235,56.6585],[24.0345,56.6595],[24.0421,56.6612],[24.0339,56.6882],[24.0871,56.6821],[24.118,56.6714],[24.131,56.6683],[24.1486,56.6681],[24.1602,56.6701],[24.1725,56.6785],[24.1737,56.6851],[24.1794,56.6904],[24.1847,56.6926],[24.1959,56.6915],[24.2091,56.6935],[24.2305,56.6994],[24.2457,56.7037]]]}},{"type":"Feature","properties":{"id":"LVA-5761","name":"Ikskiles","nameBn":"ইক্সকিলেস","type":"Municipality","bounds":[24.4356,56.8122,24.7364,56.9001],"center":[24.5695,56.8545]},"geometry":{"type":"Polygon","coordinates":[[[24.5127,56.8171],[24.5053,56.8185],[24.4759,56.8322],[24.4578,56.8375],[24.4522,56.8379],[24.444,56.8377],[24.4429,56.8453],[24.4476,56.8576],[24.4482,56.8655],[24.4445,56.8724],[24.4378,56.8782],[24.4356,56.884],[24.4398,56.8875],[24.4574,56.8868],[24.4693,56.8842],[24.4797,56.8805],[24.4856,56.8754],[24.4918,56.8716],[24.4999,56.8704],[24.5078,56.873],[24.5114,56.8779],[24.507,56.8965],[24.5202,56.9001],[24.5743,56.8867],[24.6933,56.8955],[24.7024,56.8747],[24.7364,56.8658],[24.7006,56.8389],[24.6667,56.8532],[24.6166,56.8246],[24.5877,56.8122],[24.5659,56.8164],[24.5256,56.8143],[24.5127,56.8171]]]}},{"type":"Feature","properties":{"id":"LVA-5749","name":"Ilukstes","nameBn":"ইলুক্সতে পৌরসভা","type":"Municipality","bounds":[25.7955,55.7969,26.393,56.1671],"center":[26.1768,55.9997]},"geometry":{"type":"Polygon","coordinates":[[[25.9613,55.9585],[25.8713,55.9921],[25.7955,56.0401],[25.7957,56.0402],[25.8106,56.0482],[25.8376,56.0581],[25.8446,56.0654],[25.8488,56.0749],[25.8598,56.0818],[25.8539,56.0887],[25.851,56.0931],[25.8381,56.1043],[25.8347,56.1096],[25.8313,56.1229],[25.916,56.0801],[25.9262,56.0707],[25.9418,56.0617],[25.9545,56.0629],[25.9822,56.0759],[25.9896,56.0805],[26.0077,56.0873],[26.0255,56.0794],[26.037,56.0686],[26.0463,56.0663],[26.0589,56.0677],[26.0794,56.0788],[26.0924,56.0896],[26.0976,56.096],[26.1086,56.1015],[26.1205,56.1007],[26.1293,56.0984],[26.1524,56.1092],[26.1531,56.1183],[26.1514,56.121],[26.139,56.1311],[26.2058,56.1636],[26.2197,56.166],[26.2434,56.1671],[26.2572,56.1621],[26.2822,56.1589],[26.305,56.1535],[26.3131,56.1504],[26.3175,56.1459],[26.3207,56.1415],[26.3186,56.135],[26.3151,56.1307],[26.3163,56.1227],[26.3453,56.0934],[26.3484,56.0732],[26.357,56.0554],[26.3696,56.0438],[26.3655,56.0217],[26.3766,55.9977],[26.393,55.9777],[26.3726,55.9538],[26.3378,55.9654],[26.318,55.9505],[26.2915,55.9406],[26.2865,55.924],[26.3031,55.9174],[26.3196,55.9075],[26.2766,55.881],[26.3362,55.8397],[26.3494,55.8099],[26.2915,55.8066],[26.2584,55.8049],[26.2269,55.7969],[26.2038,55.8274],[26.1786,55.8496],[26.0794,55.8981],[26.0176,55.9374],[25.9613,55.9585]]]}},{"type":"Feature","properties":{"id":"LVA-5762","name":"Incukalna","nameBn":"ইনকুকালন্স পৌরসভা","type":"Municipality","bounds":[24.5087,57.0592,24.7799,57.1477],"center":[24.635,57.0998]},"geometry":{"type":"Polygon","coordinates":[[[24.6301,57.061],[24.5801,57.0592],[24.5655,57.06],[24.5505,57.0837],[24.5143,57.0795],[24.5087,57.1059],[24.5532,57.124],[24.5685,57.1379],[24.6186,57.1324],[24.6659,57.1254],[24.7006,57.1379],[24.7368,57.1477],[24.773,57.1477],[24.7799,57.1352],[24.766,57.1157],[24.7493,57.099],[24.7591,57.0781],[24.7076,57.0628],[24.6784,57.0601],[24.6506,57.074],[24.6301,57.061]]]}},{"type":"Feature","properties":{"id":"LVA-5732","name":"Jaunjelgavas","nameBn":"জঞ্জেল্গাভা পৌরসভা","type":"Municipality","bounds":[24.95,56.4027,25.6072,56.6307],"center":[25.3016,56.5109]},"geometry":{"type":"Polygon","coordinates":[[[24.95,56.5786],[24.9689,56.5816],[25.0422,56.59],[25.0568,56.6013],[25.0495,56.612],[25.0802,56.6215],[25.1181,56.6244],[25.1386,56.6191],[25.1631,56.6129],[25.189,56.601],[25.2153,56.5889],[25.2354,56.5856],[25.2934,56.5911],[25.3302,56.5976],[25.3667,56.6144],[25.3984,56.6307],[25.4231,56.6273],[25.4648,56.6129],[25.4872,56.6135],[25.4955,56.6118],[25.4988,56.6024],[25.4936,56.5891],[25.509,56.5788],[25.5698,56.5767],[25.5603,56.5739],[25.5802,56.5692],[25.5995,56.5703],[25.6072,56.5677],[25.6058,56.562],[25.5987,56.5518],[25.576,56.5397],[25.5586,56.5107],[25.5661,56.4983],[25.58,56.4884],[25.5946,56.4671],[25.5907,56.4608],[25.5834,56.4586],[25.5738,56.4529],[25.5667,56.4476],[25.5478,56.4449],[25.5235,56.4448],[25.5054,56.4364],[25.4762,56.4189],[25.4556,56.4134],[25.3935,56.411],[25.3313,56.4213],[25.2962,56.4208],[25.2936,56.4079],[25.1333,56.4134],[25.0743,56.4027],[25.0511,56.4635],[25.0278,56.4599],[25.0135,56.4957],[24.9956,56.5511],[24.9563,56.5511],[24.95,56.5786]]]}},{"type":"Feature","properties":{"id":"LVA-5787","name":"Jaunpiebalgas","nameBn":"ভাল্মিরা","type":"Municipality","bounds":[25.7638,57.0768,26.1682,57.2211],"center":[26.0091,57.1448]},"geometry":{"type":"Polygon","coordinates":[[[26.0134,57.2211],[26.0622,57.2172],[26.0761,57.2147],[26.0893,57.2099],[26.1025,57.2013],[26.1317,57.172],[26.1682,57.1434],[26.1658,57.1342],[26.1613,57.1288],[26.1399,57.1085],[26.1332,57.0971],[26.1168,57.0781],[26.0896,57.0861],[26.077,57.0882],[26.065,57.0887],[26.0563,57.0844],[26.0529,57.0803],[26.0488,57.0768],[26.0384,57.0769],[26.0226,57.0795],[25.9497,57.1004],[25.9231,57.0974],[25.8812,57.0973],[25.8624,57.1208],[25.839,57.1208],[25.8045,57.1349],[25.7748,57.1537],[25.7638,57.1693],[25.7716,57.1991],[25.7983,57.2085],[25.8186,57.2069],[25.8499,57.1959],[25.8687,57.185],[25.8938,57.185],[25.9454,57.1912],[25.9893,57.2069],[26.0134,57.2211]]]}},{"type":"Feature","properties":{"id":"LVA-5763","name":"Jaunpils","nameBn":"জনপিলস পৌরসভা","type":"Municipality","bounds":[22.7877,56.6906,23.1233,56.8586],"center":[22.9132,56.7686]},"geometry":{"type":"Polygon","coordinates":[[[23.0839,56.6906],[23.0287,56.6949],[22.9862,56.7108],[22.9034,56.7116],[22.8752,56.709],[22.826,56.6981],[22.8184,56.7082],[22.8149,56.7111],[22.8144,56.7152],[22.8189,56.7178],[22.8248,56.7198],[22.8287,56.726],[22.8266,56.7337],[22.8206,56.7715],[22.7877,56.7968],[22.7889,56.8039],[22.8163,56.8139],[22.8467,56.8282],[22.8359,56.8497],[22.8753,56.8586],[22.9074,56.8532],[22.9432,56.855],[22.9235,56.8336],[22.9325,56.8103],[22.9754,56.8014],[23.0362,56.8068],[23.0558,56.7942],[23.0701,56.7603],[23.0934,56.7209],[23.1233,56.6988],[23.0993,56.6916],[23.0839,56.6906]]]}},{"type":"Feature","properties":{"id":"LVA-5725","name":"Jekabpils","nameBn":"ইয়াকাবপিলস","type":"Municipality","bounds":[25.6805,56.0663,26.3453,56.4953],"center":[25.9607,56.3227]},"geometry":{"type":"Polygon","coordinates":[[[26.0885,56.4064],[26.1089,56.4059],[26.1447,56.3892],[26.157,56.3803],[26.1608,56.3723],[26.1629,56.3633],[26.1638,56.3425],[26.167,56.3372],[26.1811,56.3208],[26.1843,56.3155],[26.1832,56.296],[26.1843,56.2909],[26.1869,56.2886],[26.1917,56.2854],[26.1962,56.2833],[26.1979,56.2841],[26.1977,56.2759],[26.1953,56.2688],[26.1924,56.2626],[26.1911,56.2574],[26.189,56.2347],[26.1935,56.2261],[26.2081,56.2227],[26.2194,56.2217],[26.2392,56.2174],[26.2494,56.2165],[26.2643,56.2108],[26.3008,56.1833],[26.3283,56.1627],[26.3366,56.1494],[26.3407,56.1342],[26.3426,56.1079],[26.3453,56.0934],[26.3163,56.1227],[26.3151,56.1307],[26.3186,56.135],[26.3207,56.1415],[26.3175,56.1459],[26.3131,56.1504],[26.305,56.1535],[26.2822,56.1589],[26.2572,56.1621],[26.2434,56.1671],[26.2197,56.166],[26.2058,56.1636],[26.139,56.1311],[26.1514,56.121],[26.1531,56.1183],[26.1524,56.1092],[26.1293,56.0984],[26.1205,56.1007],[26.1086,56.1015],[26.0976,56.096],[26.0924,56.0896],[26.0794,56.0788],[26.0589,56.0677],[26.0463,56.0663],[26.037,56.0686],[26.0255,56.0794],[26.0122,56.1084],[25.9855,56.1106],[25.9766,56.1284],[25.9766,56.1484],[25.9476,56.1573],[25.9053,56.1707],[25.8964,56.2019],[25.8764,56.2219],[25.8385,56.2263],[25.8007,56.2352],[25.7562,56.2308],[25.6938,56.2286],[25.6805,56.2931],[25.7339,56.2998],[25.7361,56.3287],[25.7339,56.351],[25.794,56.3599],[25.843,56.4133],[25.8096,56.4445],[25.8207,56.4868],[25.8452,56.4779],[25.8831,56.4757],[25.8766,56.4953],[25.9257,56.4838],[26.0432,56.4561],[26.0553,56.4514],[26.0641,56.4368],[26.0803,56.4179],[26.0885,56.4064]]]}},{"type":"Feature","properties":{"id":"LVA-1085","name":"Jekabpils","nameBn":"ইয়াকাবপিলস","type":"Republican City","bounds":[25.8207,56.4757,25.9254,56.5358],"center":[25.8619,56.5068]},"geometry":{"type":"Polygon","coordinates":[[[25.8207,56.4868],[25.8264,56.5272],[25.8541,56.5358],[25.8786,56.5358],[25.8897,56.5224],[25.9187,56.5291],[25.9254,56.5135],[25.8766,56.4953],[25.8831,56.4757],[25.8452,56.4779],[25.8207,56.4868]]]}},{"type":"Feature","properties":{"id":"LVA-1084","name":"Jelgava","nameBn":"জেলগাভা","type":"Municipality","bounds":[23.378,56.326,23.9923,56.8946],"center":[23.6461,56.4939]},"geometry":{"type":"Polygon","coordinates":[[[23.5176,56.3287],[23.4816,56.3301],[23.378,56.3546],[23.3783,56.3549],[23.3848,56.3607],[23.4202,56.3759],[23.4304,56.3779],[23.4424,56.3821],[23.45,56.3863],[23.4569,56.3916],[23.4624,56.398],[23.4621,56.4072],[23.4495,56.4219],[23.4394,56.4367],[23.4309,56.4452],[23.4188,56.4494],[23.4131,56.4594],[23.4154,56.4615],[23.4259,56.4689],[23.4278,56.4729],[23.4307,56.4776],[23.4151,56.4933],[23.4379,56.4993],[23.4475,56.5056],[23.4593,56.5298],[23.4587,56.5448],[23.4459,56.5564],[23.4345,56.5641],[23.4321,56.5708],[23.4368,56.5771],[23.4484,56.5791],[23.4772,56.5869],[23.4803,56.5995],[23.4059,56.6064],[23.4129,56.616],[23.4247,56.6221],[23.4382,56.6345],[23.4445,56.6416],[23.4761,56.6562],[23.4854,56.6603],[23.4843,56.6649],[23.4798,56.6768],[23.4815,56.6804],[23.4782,56.6848],[23.463,56.6925],[23.4427,56.6968],[23.4174,56.7068],[23.4365,56.7239],[23.4593,56.7346],[23.5029,56.7469],[23.5253,56.7637],[23.5055,56.8082],[23.4866,56.8159],[23.462,56.8842],[23.5068,56.8946],[23.5876,56.8912],[23.6008,56.8893],[23.6262,56.8892],[23.6695,56.8749],[23.7073,56.8521],[23.7184,56.836],[23.7341,56.822],[23.7696,56.8],[23.7597,56.7719],[23.7642,56.7683],[23.7563,56.7441],[23.7012,56.737],[23.7012,56.7209],[23.6708,56.7156],[23.6834,56.6977],[23.7102,56.7066],[23.7312,56.6905],[23.6838,56.6741],[23.6444,56.678],[23.618,56.6695],[23.6312,56.6503],[23.677,56.6299],[23.671,56.6015],[23.7076,56.5919],[23.739,56.6077],[23.7788,56.6176],[23.7698,56.6367],[23.7919,56.6469],[23.8282,56.628],[23.8657,56.6155],[23.9122,56.6083],[23.9408,56.5797],[23.9641,56.5547],[23.9694,56.5189],[23.9923,56.5025],[23.9627,56.4978],[23.9501,56.488],[23.9321,56.4828],[23.92,56.4727],[23.886,56.4661],[23.875,56.4629],[23.8617,56.4485],[23.8475,56.4388],[23.8407,56.4342],[23.841,56.4304],[23.8427,56.4274],[23.8502,56.4234],[23.8505,56.4185],[23.848,56.4118],[23.843,56.4018],[23.8387,56.397],[23.8367,56.3933],[23.8362,56.3879],[23.8739,56.3895],[23.8793,56.3843],[23.8736,56.3738],[23.8708,56.3672],[23.8687,56.3433],[23.871,56.3324],[23.8711,56.3321],[23.8581,56.3344],[23.825,56.3349],[23.7561,56.326],[23.725,56.3288],[23.7236,56.3321],[23.7248,56.3384],[23.7235,56.3458],[23.7151,56.3527],[23.7067,56.3544],[23.6794,56.3519],[23.6099,56.3538],[23.5777,56.3486],[23.5176,56.3287]]]}},{"type":"Feature","properties":{"id":"LVA-4849","name":"Jelgava","nameBn":"জেল্গাভা","type":"Republican City","bounds":[23.618,56.5919,23.8078,56.6905],"center":[23.7011,56.6457]},"geometry":{"type":"Polygon","coordinates":[[[23.6838,56.6741],[23.7312,56.6905],[23.7936,56.6815],[23.8078,56.6542],[23.7919,56.6469],[23.7698,56.6367],[23.7788,56.6176],[23.739,56.6077],[23.7076,56.5919],[23.671,56.6015],[23.677,56.6299],[23.6312,56.6503],[23.618,56.6695],[23.6444,56.678],[23.6838,56.6741]]]}},{"type":"Feature","properties":{"id":"LVA-5764","name":"Jurmala","nameBn":"জুমালা","type":"Republican City","bounds":[23.4734,56.923,23.9545,57.0063],"center":[23.7352,56.9608]},"geometry":{"type":"Polygon","coordinates":[[[23.5786,56.9821],[23.5851,56.9791],[23.632,56.9709],[23.6952,56.9673],[23.8661,56.9902],[23.9269,57.0063],[23.9287,57.0059],[23.9343,56.997],[23.9545,56.9914],[23.9372,56.973],[23.9033,56.9623],[23.8639,56.9551],[23.8014,56.9498],[23.7799,56.9569],[23.7674,56.9426],[23.7066,56.9319],[23.6726,56.9283],[23.6387,56.9283],[23.6136,56.9319],[23.5904,56.923],[23.5493,56.9248],[23.492,56.9346],[23.4772,56.9365],[23.4751,56.9407],[23.4734,56.9435],[23.4838,56.9497],[23.4998,56.9614],[23.5759,56.9805],[23.5786,56.9821]]]}},{"type":"Feature","properties":{"id":"LVA-5765","name":"Kandavas","nameBn":"কান্দাভা পৌরসভা","type":"Municipality","bounds":[22.4454,56.802,22.9557,57.1446],"center":[22.6964,56.9403]},"geometry":{"type":"Polygon","coordinates":[[[22.4549,56.9171],[22.4454,56.9385],[22.4559,56.9404],[22.4724,56.9825],[22.5082,57.0138],[22.5596,57.0084],[22.5914,57.0224],[22.6358,57.0158],[22.6495,57.0417],[22.6415,57.0947],[22.6696,57.0977],[22.7609,57.1123],[22.7933,57.126],[22.802,57.1313],[22.808,57.1366],[22.8313,57.1401],[22.9112,57.1372],[22.9309,57.1446],[22.9557,57.1268],[22.9414,57.1143],[22.9128,57.1035],[22.8967,57.0892],[22.8413,57.0785],[22.8556,57.0571],[22.8663,57.0374],[22.8788,57.0195],[22.8627,57.0106],[22.8306,57.007],[22.818,56.9748],[22.8306,56.9498],[22.8735,56.9248],[22.9164,56.9158],[22.9182,56.889],[22.9235,56.8747],[22.9432,56.855],[22.9074,56.8532],[22.8753,56.8586],[22.8359,56.8497],[22.8467,56.8282],[22.8163,56.8139],[22.7889,56.8039],[22.7188,56.802],[22.6791,56.8096],[22.642,56.8082],[22.6459,56.8164],[22.6343,56.8241],[22.5863,56.8372],[22.5276,56.8416],[22.4909,56.8515],[22.5005,56.863],[22.5066,56.8675],[22.5146,56.872],[22.519,56.8768],[22.5211,56.8846],[22.521,56.9003],[22.5244,56.9051],[22.5292,56.9088],[22.5266,56.913],[22.5119,56.9174],[22.4924,56.9201],[22.4549,56.9171]]]}},{"type":"Feature","properties":{"id":"LVA-5744","name":"Karsavas","nameBn":"কারসাভা পৌরসভা","type":"Municipality","bounds":[27.3399,56.6194,27.9189,56.8713],"center":[27.6287,56.7645]},"geometry":{"type":"Polygon","coordinates":[[[27.6444,56.8418],[27.6612,56.8393],[27.7441,56.8648],[27.7864,56.8713],[27.8308,56.8643],[27.8522,56.8543],[27.8915,56.8297],[27.9135,56.8201],[27.9189,56.8059],[27.9001,56.783],[27.8761,56.7594],[27.8655,56.7427],[27.8438,56.7434],[27.8205,56.7278],[27.8205,56.689],[27.8024,56.6657],[27.761,56.6916],[27.6445,56.6864],[27.5927,56.6553],[27.5802,56.6194],[27.5516,56.6367],[27.5416,56.6451],[27.5248,56.6518],[27.5124,56.6548],[27.5018,56.6558],[27.488,56.6533],[27.4764,56.6585],[27.472,56.6633],[27.4703,56.6742],[27.4803,56.6808],[27.4863,56.6934],[27.471,56.7408],[27.4555,56.7718],[27.4037,56.7848],[27.3399,56.7827],[27.3479,56.7843],[27.3448,56.8016],[27.3484,56.8072],[27.3481,56.8151],[27.3552,56.8216],[27.3625,56.8246],[27.3687,56.8245],[27.3713,56.822],[27.3766,56.8206],[27.3834,56.8214],[27.3949,56.828],[27.3909,56.8319],[27.3957,56.836],[27.4122,56.8453],[27.4278,56.8513],[27.4467,56.8527],[27.5181,56.858],[27.5299,56.8629],[27.5496,56.8669],[27.5616,56.8707],[27.5677,56.8673],[27.5718,56.8638],[27.5813,56.8576],[27.6008,56.8524],[27.615,56.845],[27.6372,56.8366],[27.6444,56.8418]]]}},{"type":"Feature","properties":{"id":"LVA-5766","name":"Keguma","nameBn":"কেগুমস পৌরসভা","type":"Municipality","bounds":[24.5127,56.5436,25.0568,56.8341],"center":[24.729,56.6541]},"geometry":{"type":"Polygon","coordinates":[[[24.5219,56.7136],[24.5255,56.7524],[24.5331,56.7592],[24.5376,56.7704],[24.537,56.7775],[24.523,56.7953],[24.5127,56.8171],[24.5256,56.8143],[24.5659,56.8164],[24.5877,56.8122],[24.5962,56.8064],[24.6184,56.7849],[24.6254,56.7831],[24.6458,56.7731],[24.6528,56.7675],[24.6611,56.7633],[24.6786,56.7602],[24.6975,56.7569],[24.7041,56.753],[24.7249,56.7364],[24.7611,56.7584],[24.7833,56.7807],[24.7789,56.8007],[24.8056,56.8074],[24.8167,56.8341],[24.8434,56.8274],[24.8857,56.8141],[24.9236,56.8007],[24.9036,56.7873],[24.8724,56.7673],[24.8524,56.7629],[24.8457,56.7384],[24.819,56.7295],[24.7998,56.7152],[24.8178,56.7119],[24.8346,56.7088],[24.8524,56.7017],[24.8682,56.6954],[24.8782,56.6825],[24.9052,56.6476],[24.9197,56.6402],[24.9381,56.6382],[24.9571,56.6319],[24.9751,56.6259],[24.9917,56.6204],[25.0243,56.6246],[25.0267,56.6201],[25.0194,56.6081],[25.0495,56.612],[25.0568,56.6013],[25.0422,56.59],[24.9689,56.5816],[24.95,56.5786],[24.7325,56.5442],[24.6571,56.5436],[24.6644,56.5568],[24.6713,56.5668],[24.6814,56.5713],[24.6972,56.5762],[24.6971,56.5789],[24.6912,56.5817],[24.6737,56.5865],[24.6661,56.5872],[24.6614,56.5883],[24.6603,56.5905],[24.663,56.594],[24.6625,56.5969],[24.6568,56.5998],[24.6299,56.6015],[24.6172,56.6072],[24.5997,56.6207],[24.5928,56.643],[24.5897,56.661],[24.6341,56.6769],[24.6009,56.707],[24.5561,56.707],[24.5219,56.7136]]]}},{"type":"Feature","properties":{"id":"LVA-5767","name":"Kekavas","nameBn":"কেকাভা পৌরসভা","type":"Municipality","bounds":[23.9963,56.71,24.5376,56.9024],"center":[24.2628,56.8054]},"geometry":{"type":"Polygon","coordinates":[[[24.1554,56.9024],[24.197,56.8821],[24.1768,56.8675],[24.1893,56.8514],[24.2179,56.8282],[24.259,56.8246],[24.3109,56.8246],[24.342,56.8511],[24.3862,56.8421],[24.4204,56.8398],[24.444,56.8377],[24.4522,56.8379],[24.4578,56.8375],[24.4759,56.8322],[24.5053,56.8185],[24.5127,56.8171],[24.523,56.7953],[24.537,56.7775],[24.5376,56.7704],[24.5331,56.7592],[24.5255,56.7524],[24.4664,56.7638],[24.4146,56.7764],[24.3466,56.7871],[24.2948,56.7889],[24.2537,56.7853],[24.2626,56.7621],[24.2698,56.746],[24.2537,56.7388],[24.2286,56.7513],[24.1947,56.7406],[24.1882,56.7179],[24.1456,56.7282],[24.0356,56.7209],[24.0081,56.71],[23.9982,56.7216],[23.9963,56.7305],[24.0044,56.7376],[24.0052,56.7621],[24.0356,56.7674],[24.0856,56.7621],[24.0874,56.7799],[24.1142,56.8014],[24.1232,56.8211],[24.1035,56.8354],[24.091,56.8461],[24.0881,56.8761],[24.0994,56.8785],[24.104,56.8836],[24.1123,56.8926],[24.1327,56.8984],[24.1554,56.9024]]]}},{"type":"Feature","properties":{"id":"LVA-5788","name":"Kocenu","nameBn":"ভাল্মিরা","type":"Municipality","bounds":[24.88,57.3851,25.4047,57.6735],"center":[25.2116,57.5415]},"geometry":{"type":"Polygon","coordinates":[[[24.9162,57.5558],[24.8949,57.5672],[24.88,57.583],[24.8814,57.6247],[24.9345,57.612],[24.9663,57.6284],[24.9915,57.6365],[25.0002,57.6359],[25.0057,57.6361],[25.0191,57.6381],[25.024,57.6374],[25.0276,57.6343],[25.033,57.6302],[25.0424,57.6258],[25.0616,57.624],[25.0678,57.6265],[25.0847,57.6298],[25.0833,57.6341],[25.0759,57.6387],[25.0633,57.6481],[25.0622,57.6524],[25.067,57.655],[25.0937,57.6531],[25.1219,57.6531],[25.1563,57.6625],[25.1892,57.6735],[25.1986,57.6547],[25.2252,57.6484],[25.2315,57.639],[25.2691,57.6155],[25.2784,57.5936],[25.3129,57.5858],[25.352,57.567],[25.3787,57.5498],[25.3724,57.5279],[25.3771,57.5091],[25.3787,57.484],[25.3927,57.4652],[25.3988,57.4412],[25.4047,57.435],[25.4025,57.4335],[25.3918,57.428],[25.3986,57.4111],[25.3971,57.4045],[25.3929,57.3982],[25.3932,57.3907],[25.3869,57.3861],[25.3573,57.3851],[25.349,57.3889],[25.3349,57.3973],[25.329,57.4034],[25.3228,57.4055],[25.3012,57.4037],[25.2728,57.4049],[25.2382,57.415],[25.2107,57.4167],[25.1969,57.4218],[25.1846,57.4301],[25.1597,57.4483],[25.1406,57.4618],[25.1409,57.475],[25.123,57.4949],[25.0978,57.488],[25.0796,57.5002],[25.0878,57.5037],[25.0871,57.5072],[25.0808,57.5108],[25.0667,57.5127],[25.0539,57.5118],[25.0478,57.5141],[25.047,57.5158],[25.0514,57.5183],[25.0514,57.5245],[25.0464,57.5354],[25.0223,57.5553],[25.0043,57.5622],[24.9843,57.5639],[24.933,57.5564],[24.9162,57.5558]]]}},{"type":"Feature","properties":{"id":"LVA-5729","name":"Kokneses","nameBn":"ককনিস পৌরসভা","type":"Municipality","bounds":[25.2571,56.5911,25.6922,56.8131],"center":[25.4447,56.7031]},"geometry":{"type":"Polygon","coordinates":[[[25.5054,56.8131],[25.5617,56.8026],[25.6052,56.8025],[25.6416,56.7921],[25.6688,56.789],[25.6922,56.7705],[25.656,56.7539],[25.6271,56.7629],[25.6003,56.7651],[25.5959,56.7517],[25.6159,56.7384],[25.6159,56.7161],[25.5692,56.7117],[25.5825,56.676],[25.5313,56.6426],[25.5202,56.6137],[25.4955,56.6118],[25.4872,56.6135],[25.4648,56.6129],[25.4231,56.6273],[25.3984,56.6307],[25.3667,56.6144],[25.3302,56.5976],[25.2934,56.5911],[25.2931,56.6315],[25.2931,56.676],[25.2784,56.6968],[25.2956,56.713],[25.2965,56.7163],[25.2981,56.7193],[25.2931,56.7234],[25.2571,56.7361],[25.2682,56.7452],[25.2953,56.7545],[25.326,56.758],[25.3561,56.7534],[25.3539,56.7593],[25.3535,56.7625],[25.3651,56.7628],[25.378,56.76],[25.3912,56.7613],[25.4374,56.7752],[25.5054,56.8131]]]}},{"type":"Feature","properties":{"id":"LVA-1064","name":"Kraslavas","nameBn":"ক্রাস্লাভা পৌরসভা","type":"Municipality","bounds":[26.9327,55.7872,27.7601,56.0806],"center":[27.3415,55.9319]},"geometry":{"type":"Polygon","coordinates":[[[27.7601,55.9754],[27.7444,55.9597],[27.645,55.9228],[27.6172,55.8786],[27.6101,55.831],[27.6015,55.8096],[27.5927,55.7942],[27.5646,55.7922],[27.4388,55.7987],[27.4059,55.8043],[27.3746,55.8148],[27.3496,55.8312],[27.3292,55.8176],[27.2824,55.7919],[27.263,55.7872],[27.2355,55.7958],[27.1732,55.8257],[27.1514,55.8325],[27.1108,55.8363],[26.9811,55.8269],[26.9794,55.8263],[26.9791,55.8267],[26.9787,55.8271],[26.98,55.8389],[26.9815,55.8447],[26.9806,55.8554],[26.978,55.8642],[26.9342,55.8739],[26.9344,55.8928],[26.9378,55.9039],[26.9463,55.9113],[26.9546,55.9276],[26.9356,55.9322],[26.9445,55.9417],[26.9556,55.9503],[26.9471,55.9601],[26.9435,55.9668],[26.9327,56.0033],[26.9677,56.0078],[26.9999,55.99],[27.0413,55.9823],[27.1034,55.9874],[27.1474,55.9849],[27.194,56.0107],[27.1889,56.0547],[27.2639,56.0729],[27.3157,56.0806],[27.3701,56.0806],[27.3752,56.0573],[27.3675,56.0237],[27.3856,56.0211],[27.4141,56.0366],[27.4607,56.0366],[27.572,55.9978],[27.6186,55.99],[27.6445,55.9874],[27.6419,56.0159],[27.6548,56.0211],[27.6807,56.0081],[27.7247,55.9952],[27.7601,55.9754]]]}},{"type":"Feature","properties":{"id":"LVA-5768","name":"Krimuldas","nameBn":"ক্রিমুলদা পৌরসভা","type":"Municipality","bounds":[24.6158,57.1254,24.9421,57.4105],"center":[24.7863,57.2798]},"geometry":{"type":"Polygon","coordinates":[[[24.8316,57.3955],[24.8543,57.3727],[24.8708,57.3506],[24.8788,57.3429],[24.881,57.3372],[24.9033,57.3277],[24.9029,57.3231],[24.9002,57.3189],[24.8894,57.3122],[24.8887,57.3092],[24.898,57.3026],[24.9151,57.2894],[24.9358,57.2783],[24.9421,57.2675],[24.9396,57.258],[24.9331,57.2462],[24.9235,57.236],[24.9004,57.2187],[24.8842,57.1991],[24.862,57.1894],[24.823,57.1824],[24.805,57.1657],[24.7966,57.1421],[24.7799,57.1352],[24.773,57.1477],[24.7368,57.1477],[24.7006,57.1379],[24.6659,57.1254],[24.6756,57.1491],[24.6742,57.1699],[24.6575,57.1797],[24.62,57.1769],[24.6158,57.2033],[24.6603,57.2103],[24.6816,57.2231],[24.7131,57.227],[24.7062,57.2422],[24.6854,57.2867],[24.6478,57.3006],[24.6367,57.3201],[24.684,57.3285],[24.702,57.3493],[24.6881,57.3896],[24.7479,57.4105],[24.7507,57.3966],[24.8316,57.3955]]]}},{"type":"Feature","properties":{"id":"LVA-5726","name":"Krustpils","nameBn":"ক্রাস্টপিলস পৌরসভা","type":"Municipality","bounds":[25.7481,56.4064,26.6278,56.6656],"center":[26.1972,56.5559]},"geometry":{"type":"Polygon","coordinates":[[[26.3626,56.4508],[26.3531,56.4745],[26.3233,56.4982],[26.3208,56.5069],[26.3157,56.512],[26.3092,56.5156],[26.2904,56.5179],[26.2572,56.512],[26.2328,56.4988],[26.1995,56.473],[26.1912,56.4579],[26.1534,56.4293],[26.0885,56.4064],[26.0803,56.4179],[26.0641,56.4368],[26.0553,56.4514],[26.0432,56.4561],[25.9257,56.4838],[25.8766,56.4953],[25.9254,56.5135],[25.9187,56.5291],[25.8897,56.5224],[25.8786,56.5358],[25.8541,56.5358],[25.8264,56.5272],[25.7997,56.5277],[25.7869,56.5303],[25.7692,56.5541],[25.7481,56.5664],[25.7561,56.592],[25.7569,56.6123],[25.7883,56.6093],[25.831,56.6132],[25.8833,56.6236],[25.9321,56.6378],[25.9836,56.6656],[26.0021,56.6397],[26.0229,56.6293],[26.04,56.6265],[26.0581,56.63],[26.0922,56.6439],[26.131,56.6539],[26.1565,56.6501],[26.17,56.645],[26.1911,56.6423],[26.2049,56.6353],[26.1982,56.6271],[26.2246,56.6099],[26.262,56.6166],[26.2813,56.6109],[26.2842,56.6058],[26.2913,56.5867],[26.3427,56.6038],[26.3508,56.61],[26.3756,56.6359],[26.4014,56.6339],[26.4845,56.6061],[26.5225,56.5999],[26.5938,56.5951],[26.5834,56.5635],[26.5866,56.5514],[26.5959,56.547],[26.6085,56.5447],[26.6278,56.5437],[26.5952,56.5066],[26.5938,56.5016],[26.5931,56.4966],[26.5973,56.4956],[26.597,56.4945],[26.5964,56.4888],[26.5595,56.4862],[26.5405,56.4897],[26.5291,56.4936],[26.499,56.4959],[26.4752,56.4941],[26.458,56.4889],[26.4456,56.4827],[26.4358,56.4759],[26.4124,56.4653],[26.3626,56.4508]]]}},{"type":"Feature","properties":{"id":"LVA-5709","name":"Kuldigas","nameBn":"কুলদিগা পৌরসভা","type":"Municipality","bounds":[21.4364,56.6879,22.5082,57.1779],"center":[21.9858,56.9626]},"geometry":{"type":"Polygon","coordinates":[[[21.526,56.842],[21.5158,56.844],[21.4931,56.8647],[21.4364,56.8676],[21.468,56.8789],[21.4737,56.8876],[21.4934,56.9038],[21.5186,56.9106],[21.5643,56.9106],[21.5849,56.9312],[21.6398,56.9335],[21.6649,56.9495],[21.7061,56.9563],[21.6923,56.9975],[21.6558,57.0089],[21.6329,57.034],[21.6398,57.0478],[21.6055,57.0615],[21.5738,57.0856],[21.593,57.0873],[21.6263,57.1041],[21.6414,57.1142],[21.6539,57.1162],[21.6641,57.1163],[21.6924,57.1142],[21.7116,57.1168],[21.767,57.1071],[21.7892,57.1041],[21.7898,57.0998],[21.7895,57.0953],[21.7831,57.0852],[21.8219,57.0853],[21.8399,57.093],[21.8499,57.0984],[21.8601,57.0993],[21.9366,57.0972],[21.952,57.0984],[21.9965,57.1074],[22.0153,57.1137],[22.0753,57.102],[22.0952,57.1016],[22.1727,57.1166],[22.1925,57.1246],[22.1943,57.1281],[22.1953,57.1321],[22.1951,57.1491],[22.1956,57.1534],[22.1964,57.1575],[22.1996,57.1661],[22.2064,57.1779],[22.2347,57.1705],[22.2418,57.1667],[22.2499,57.1553],[22.2628,57.145],[22.298,57.1288],[22.3276,57.1204],[22.3489,57.1101],[22.3542,57.1027],[22.363,57.0787],[22.3593,57.0565],[22.3596,57.0515],[22.3627,57.0424],[22.3726,57.0358],[22.3824,57.0197],[22.4127,57.0148],[22.48,57.0178],[22.5082,57.0138],[22.4724,56.9825],[22.4559,56.9404],[22.4454,56.9385],[22.4549,56.9171],[22.4434,56.9036],[22.4324,56.8985],[22.4178,56.8893],[22.3923,56.8859],[22.3487,56.8964],[22.3382,56.9041],[22.3385,56.908],[22.3357,56.913],[22.3284,56.9168],[22.3044,56.9197],[22.2902,56.9101],[22.2879,56.9058],[22.2674,56.8985],[22.264,56.8939],[22.2697,56.8881],[22.2879,56.8831],[22.2955,56.8833],[22.3039,56.8845],[22.3106,56.8838],[22.3203,56.8804],[22.3295,56.8748],[22.342,56.8642],[22.3413,56.8475],[22.3166,56.8437],[22.3057,56.8386],[22.2697,56.8297],[22.2511,56.8231],[22.2303,56.8091],[22.2049,56.7952],[22.1627,56.795],[22.113,56.8077],[22.0924,56.8237],[22.0307,56.8237],[21.9827,56.8214],[21.9347,56.7986],[21.9598,56.7323],[21.9301,56.7185],[21.8867,56.7208],[21.8409,56.7048],[21.823,56.6879],[21.8014,56.6906],[21.7761,56.6987],[21.7676,56.7048],[21.7718,56.713],[21.7705,56.723],[21.7628,56.732],[21.7612,56.7412],[21.7384,56.7641],[21.6801,56.7916],[21.6737,56.7906],[21.6517,56.7901],[21.6442,56.7912],[21.6297,56.7999],[21.6225,56.8114],[21.6103,56.8227],[21.6087,56.8329],[21.593,56.8451],[21.5667,56.8422],[21.526,56.842]]]}},{"type":"Feature","properties":{"id":"LVA-5769","name":"Lielvardes","nameBn":"লিয়েল্ভার্দে পৌরসভা","type":"Municipality","bounds":[24.7998,56.6204,25.0975,56.8096],"center":[24.9523,56.7332]},"geometry":{"type":"Polygon","coordinates":[[[25.0975,56.7372],[25.0287,56.7271],[25.0366,56.7208],[25.0361,56.7168],[25.0419,56.7131],[25.0466,56.7082],[25.0537,56.7061],[25.0552,56.7014],[25.0418,56.6942],[25.0327,56.6928],[25.0245,56.6905],[25.0195,56.6875],[25.0169,56.6815],[25.0174,56.6717],[25.0149,56.6409],[25.0212,56.6321],[25.0243,56.6246],[24.9917,56.6204],[24.9751,56.6259],[24.9571,56.6319],[24.9381,56.6382],[24.9197,56.6402],[24.9052,56.6476],[24.8782,56.6825],[24.8682,56.6954],[24.8524,56.7017],[24.8346,56.7088],[24.8178,56.7119],[24.7998,56.7152],[24.819,56.7295],[24.8457,56.7384],[24.8524,56.7629],[24.8724,56.7673],[24.9036,56.7873],[24.9236,56.8007],[24.9436,56.8096],[24.9681,56.7985],[25.006,56.794],[25.0416,56.7896],[25.0594,56.7695],[25.075,56.7539],[25.0975,56.7372]]]}},{"type":"Feature","properties":{"id":"LVA-4848","name":"Liepāja","nameBn":"লিপাজা","type":"Republican City","bounds":[20.9922,56.4459,21.1032,56.615],"center":[21.0399,56.5616]},"geometry":{"type":"MultiPolygon","coordinates":[[[[21.0054,56.4459],[21.0055,56.4655],[21.0106,56.4757],[21.0033,56.4926],[21.0005,56.5106],[21.0064,56.52],[21.0243,56.5105],[21.0305,56.5001],[21.0358,56.4739],[21.024,56.4714],[21.022,56.457],[21.0195,56.4471],[21.0054,56.4459]]],[[[21.0529,56.5111],[21.0481,56.5156],[21.0305,56.5242],[21.0195,56.5271],[21.0105,56.5278],[21.0031,56.53],[20.9963,56.5378],[20.9922,56.5489],[20.9951,56.5534],[21.0003,56.5577],[21.0105,56.5987],[21.0206,56.615],[21.0672,56.6057],[21.0774,56.5628],[21.0938,56.5688],[21.1032,56.5328],[21.0727,56.5233],[21.0529,56.5111]]]]}},{"type":"Feature","properties":{"id":"LVA-5789","name":"Ligatnes","nameBn":"ভাল্মিরা","type":"Municipality","bounds":[24.9004,57.1098,25.2127,57.2476],"center":[25.0726,57.1775]},"geometry":{"type":"Polygon","coordinates":[[[24.981,57.2382],[25.0483,57.2414],[25.0906,57.2476],[25.1047,57.2335],[25.1391,57.2335],[25.1595,57.2273],[25.172,57.2069],[25.1782,57.1819],[25.1892,57.1631],[25.2127,57.1458],[25.1955,57.1333],[25.1735,57.1177],[25.1375,57.1114],[25.1125,57.1098],[25.0671,57.1145],[25.0264,57.1192],[24.9874,57.1247],[24.984,57.1407],[24.9836,57.145],[24.9782,57.1587],[24.9757,57.1707],[24.9731,57.1778],[24.9674,57.185],[24.9344,57.2084],[24.9004,57.2187],[24.9235,57.236],[24.9331,57.2462],[24.981,57.2382]]]}},{"type":"Feature","properties":{"id":"LVA-1086","name":"Limbaži","nameBn":"লিম্বাজি পৌরসভা","type":"Municipality","bounds":[24.3949,57.2231,25.0878,57.7707],"center":[24.6925,57.5879]},"geometry":{"type":"Polygon","coordinates":[[[24.4048,57.3481],[24.3949,57.4],[24.4475,57.4077],[24.4865,57.4161],[24.5018,57.4272],[24.5115,57.4481],[24.5588,57.4522],[24.5783,57.4647],[24.5658,57.4745],[24.5491,57.4898],[24.5296,57.5218],[24.5532,57.5412],[24.4907,57.544],[24.4976,57.5551],[24.4781,57.5677],[24.4601,57.5649],[24.4336,57.5677],[24.435,57.5885],[24.4239,57.5899],[24.4267,57.6205],[24.4183,57.6706],[24.5157,57.6789],[24.5407,57.6664],[24.5644,57.6733],[24.5588,57.6886],[24.563,57.7178],[24.6089,57.7151],[24.5991,57.7526],[24.6492,57.7707],[24.6923,57.761],[24.7076,57.7498],[24.7479,57.7318],[24.7994,57.7331],[24.8286,57.7192],[24.8244,57.6998],[24.8314,57.6664],[24.8926,57.6525],[24.8814,57.6247],[24.88,57.583],[24.8949,57.5672],[24.9162,57.5558],[24.933,57.5564],[24.9843,57.5639],[25.0043,57.5622],[25.0223,57.5553],[25.0464,57.5354],[25.0514,57.5245],[25.0514,57.5183],[25.047,57.5158],[25.0478,57.5141],[25.0539,57.5118],[25.0667,57.5127],[25.0808,57.5108],[25.0871,57.5072],[25.0878,57.5037],[25.0796,57.5002],[25.0619,57.4982],[25.0532,57.4918],[25.0456,57.4828],[25.0126,57.4761],[25.0029,57.4675],[24.9888,57.4613],[24.9803,57.4529],[24.8869,57.4209],[24.8759,57.413],[24.8467,57.4122],[24.8127,57.419],[24.7995,57.4171],[24.8,57.4114],[24.8316,57.3955],[24.7507,57.3966],[24.7479,57.4105],[24.6881,57.3896],[24.702,57.3493],[24.684,57.3285],[24.6367,57.3201],[24.6478,57.3006],[24.6854,57.2867],[24.7062,57.2422],[24.7131,57.227],[24.6816,57.2231],[24.6433,57.2372],[24.6221,57.2656],[24.6015,57.279],[24.5891,57.2853],[24.5781,57.2888],[24.5754,57.2909],[24.5737,57.2957],[24.5663,57.31],[24.55,57.3163],[24.4722,57.2937],[24.4613,57.2948],[24.4502,57.2958],[24.4279,57.2914],[24.4268,57.2946],[24.4262,57.2988],[24.4302,57.3084],[24.4324,57.3202],[24.4293,57.3285],[24.4256,57.334],[24.4108,57.3447],[24.4052,57.3479],[24.4048,57.3481]]]}},{"type":"Feature","properties":{"id":"LVA-5750","name":"Livanu","nameBn":"লিভানি পৌরসভা","type":"Municipality","bounds":[26.0885,56.1833,26.6012,56.5179],"center":[26.324,56.3841]},"geometry":{"type":"Polygon","coordinates":[[[26.3354,56.1897],[26.3008,56.1833],[26.2643,56.2108],[26.2494,56.2165],[26.2392,56.2174],[26.2194,56.2217],[26.2081,56.2227],[26.1935,56.2261],[26.189,56.2347],[26.1911,56.2574],[26.1924,56.2626],[26.1953,56.2688],[26.1977,56.2759],[26.1979,56.2841],[26.1962,56.2833],[26.1917,56.2854],[26.1869,56.2886],[26.1843,56.2909],[26.1832,56.296],[26.1843,56.3155],[26.1811,56.3208],[26.167,56.3372],[26.1638,56.3425],[26.1629,56.3633],[26.1608,56.3723],[26.157,56.3803],[26.1447,56.3892],[26.1089,56.4059],[26.0885,56.4064],[26.1534,56.4293],[26.1912,56.4579],[26.1995,56.473],[26.2328,56.4988],[26.2572,56.512],[26.2904,56.5179],[26.3092,56.5156],[26.3157,56.512],[26.3208,56.5069],[26.3233,56.4982],[26.3531,56.4745],[26.3626,56.4508],[26.4124,56.4653],[26.4358,56.4759],[26.4456,56.4827],[26.458,56.4889],[26.4752,56.4941],[26.499,56.4959],[26.5291,56.4936],[26.5405,56.4897],[26.5371,56.4664],[26.5371,56.4457],[26.5599,56.4395],[26.5764,56.4333],[26.5412,56.3754],[26.4792,56.3919],[26.4606,56.3588],[26.5144,56.334],[26.5702,56.3216],[26.5909,56.3195],[26.6012,56.2823],[26.5619,56.2678],[26.5102,56.2678],[26.442,56.2658],[26.4027,56.2823],[26.38,56.3133],[26.3551,56.3113],[26.3531,56.2741],[26.2931,56.2844],[26.3117,56.2265],[26.3354,56.1897]]]}},{"type":"Feature","properties":{"id":"LVA-5790","name":"Lubanas","nameBn":"ভাল্মিরা","type":"Municipality","bounds":[26.4731,56.8014,26.9851,56.993],"center":[26.7126,56.9362]},"geometry":{"type":"Polygon","coordinates":[[[26.9851,56.8782],[26.9837,56.8708],[26.9808,56.8656],[26.9533,56.8467],[26.9334,56.8656],[26.9099,56.8734],[26.8848,56.8734],[26.8833,56.8859],[26.8613,56.9],[26.8379,56.9],[26.8003,56.8953],[26.7267,56.8906],[26.7126,56.9032],[26.6797,56.8844],[26.6735,56.8672],[26.6202,56.8327],[26.6093,56.8186],[26.578,56.8045],[26.5607,56.8092],[26.5357,56.8014],[26.5122,56.8124],[26.5169,56.8249],[26.5044,56.8327],[26.4731,56.8546],[26.5682,56.9484],[26.6037,56.9536],[26.6352,56.965],[26.6911,56.9782],[26.6974,56.9735],[26.7038,56.9742],[26.726,56.9826],[26.7348,56.9882],[26.7576,56.993],[26.7815,56.9925],[26.7958,56.9891],[26.86,56.983],[26.8698,56.9763],[26.8782,56.9784],[26.9026,56.978],[26.9119,56.9738],[26.9171,56.9693],[26.9148,56.9579],[26.9111,56.9477],[26.9114,56.9393],[26.924,56.9317],[26.9539,56.9207],[26.9625,56.9133],[26.9712,56.8909],[26.9851,56.8782]]]}},{"type":"Feature","properties":{"id":"LVA-1065","name":"Ludzas","nameBn":"লুদজা পৌরসভা","type":"Municipality","bounds":[27.486,56.1819,28.1679,56.5759],"center":[27.796,56.4059]},"geometry":{"type":"Polygon","coordinates":[[[28.0933,56.5016],[28.0965,56.492],[28.1045,56.4831],[28.1565,56.4462],[28.1643,56.438],[28.1679,56.4271],[28.1182,56.4224],[28.069,56.4224],[28.0224,56.4379],[27.9784,56.4327],[27.9914,56.4042],[28.0121,56.3835],[27.9914,56.3758],[27.9551,56.3783],[27.9137,56.355],[27.8775,56.3317],[27.8412,56.3214],[27.8645,56.2851],[27.9163,56.2851],[27.9318,56.3084],[28.0043,56.3317],[28.0431,56.3136],[28.0949,56.2981],[28.1208,56.2748],[28.0897,56.2385],[28.0704,56.2085],[28.0651,56.2033],[28.0613,56.2035],[28.0561,56.207],[28.0527,56.2111],[28.048,56.2144],[28.0398,56.2157],[28.0314,56.2145],[28.0209,56.2096],[28.0013,56.2033],[27.9131,56.1837],[27.8985,56.1832],[27.8876,56.1866],[27.8529,56.1819],[27.8384,56.1823],[27.8224,56.1857],[27.8109,56.1963],[27.7785,56.1956],[27.7439,56.1998],[27.7225,56.2066],[27.7019,56.2195],[27.6871,56.2251],[27.6676,56.2402],[27.6836,56.2473],[27.6926,56.2498],[27.7005,56.255],[27.6989,56.2581],[27.6943,56.2608],[27.6868,56.2629],[27.6868,56.2763],[27.7155,56.2985],[27.711,56.3111],[27.6989,56.322],[27.6902,56.3324],[27.6876,56.3473],[27.6896,56.3547],[27.6899,56.3606],[27.6704,56.3718],[27.6404,56.3788],[27.6224,56.3925],[27.624,56.4011],[27.6204,56.4072],[27.6218,56.4207],[27.608,56.4205],[27.6025,56.4186],[27.5965,56.419],[27.5911,56.4218],[27.5921,56.4244],[27.5897,56.4283],[27.5816,56.4336],[27.5717,56.4428],[27.5597,56.4571],[27.5594,56.4645],[27.5499,56.4786],[27.5087,56.4602],[27.4964,56.4779],[27.4955,56.488],[27.4871,56.4995],[27.486,56.5089],[27.4868,56.5149],[27.4938,56.5209],[27.5068,56.5281],[27.5251,56.5293],[27.5385,56.5315],[27.5512,56.5351],[27.5666,56.5417],[27.5743,56.557],[27.5611,56.5759],[27.6031,56.5751],[27.6574,56.5673],[27.6911,56.5673],[27.7247,56.5337],[27.7558,56.5207],[27.7765,56.5414],[27.8127,56.5518],[27.8645,56.5285],[27.8852,56.4974],[27.9189,56.4819],[27.9448,56.5026],[27.9888,56.5233],[28.0535,56.5181],[28.0933,56.5016]]]}},{"type":"Feature","properties":{"id":"LVA-1087","name":"Madona","nameBn":"ম্যাডোনা পৌরসভা","type":"Municipality","bounds":[25.7482,56.5867,26.9533,57.1004],"center":[26.2344,56.805]},"geometry":{"type":"Polygon","coordinates":[[[26.9533,56.8467],[26.944,56.8403],[26.9285,56.8311],[26.9075,56.818],[26.7829,56.7074],[26.7726,56.681],[26.7439,56.6965],[26.711,56.7075],[26.7079,56.7231],[26.6829,56.7215],[26.6484,56.7168],[26.6265,56.7043],[26.6077,56.6902],[26.5764,56.6918],[26.5357,56.6777],[26.3885,56.6777],[26.3756,56.6359],[26.3508,56.61],[26.3427,56.6038],[26.2913,56.5867],[26.2842,56.6058],[26.2813,56.6109],[26.262,56.6166],[26.2246,56.6099],[26.1982,56.6271],[26.2049,56.6353],[26.1911,56.6423],[26.17,56.645],[26.1565,56.6501],[26.131,56.6539],[26.0922,56.6439],[26.0581,56.63],[26.04,56.6265],[26.0229,56.6293],[26.0021,56.6397],[25.9836,56.6656],[25.9321,56.6378],[25.9298,56.6499],[25.9251,56.6543],[25.9163,56.659],[25.9138,56.6648],[25.9157,56.6689],[25.927,56.6715],[25.9333,56.6759],[25.9357,56.6816],[25.9068,56.6973],[25.8344,56.7123],[25.8255,56.7408],[25.8269,56.7493],[25.8373,56.7566],[25.8438,56.7644],[25.8508,56.7703],[25.8427,56.7892],[25.8277,56.801],[25.812,56.8018],[25.8063,56.8047],[25.7971,56.8118],[25.7858,56.8187],[25.7655,56.8282],[25.7575,56.8515],[25.7482,56.8672],[25.7685,56.8797],[25.7748,56.8906],[25.8076,56.8953],[25.8358,56.9],[25.8593,56.9063],[25.8906,56.9],[25.9157,56.9063],[25.947,56.9063],[25.9533,56.9251],[25.9439,56.9329],[25.9204,56.9439],[25.8864,56.9642],[25.9178,56.9752],[25.9208,56.9819],[25.9236,56.993],[25.92,57.0001],[25.9112,57.0068],[25.9043,57.014],[25.8957,57.0263],[25.8967,57.0376],[25.8995,57.0502],[25.9062,57.0614],[25.9076,57.07],[25.9231,57.0974],[25.9497,57.1004],[26.0226,57.0795],[26.0384,57.0769],[26.0488,57.0768],[26.0529,57.0803],[26.0563,57.0844],[26.065,57.0887],[26.077,57.0882],[26.0896,57.0861],[26.1168,57.0781],[26.1832,57.0826],[26.1865,57.0582],[26.1756,57.0347],[26.1771,57.0065],[26.1865,56.9846],[26.1725,56.9658],[26.1709,56.9533],[26.1818,56.9533],[26.2006,56.9517],[26.2226,56.9282],[26.2429,56.9298],[26.268,56.9313],[26.2867,56.9407],[26.3259,56.9313],[26.3588,56.9313],[26.3525,56.9486],[26.3744,56.9564],[26.3932,56.9705],[26.4057,56.9893],[26.3838,57.0049],[26.376,57.0316],[26.3694,57.0446],[26.462,57.0613],[26.4973,57.0558],[26.5126,57.0441],[26.5329,57.0253],[26.5443,57.0092],[26.5597,56.9789],[26.5682,56.9484],[26.4731,56.8546],[26.5044,56.8327],[26.5169,56.8249],[26.5122,56.8124],[26.5357,56.8014],[26.5607,56.8092],[26.578,56.8045],[26.6093,56.8186],[26.6202,56.8327],[26.6735,56.8672],[26.6797,56.8844],[26.7126,56.9032],[26.7267,56.8906],[26.8003,56.8953],[26.8379,56.9],[26.8613,56.9],[26.8833,56.8859],[26.8848,56.8734],[26.9099,56.8734],[26.9334,56.8656],[26.9533,56.8467]]]}},{"type":"Feature","properties":{"id":"LVA-5770","name":"Malpils","nameBn":"মাল্পিলস পৌরসভা","type":"Municipality","bounds":[24.8074,56.9215,25.1475,57.1046],"center":[24.9581,57.0017]},"geometry":{"type":"Polygon","coordinates":[[[24.984,57.0799],[24.9893,57.0606],[25.0107,57.0494],[25.0404,57.0379],[25.0481,57.0291],[25.0557,57.0249],[25.0632,57.0242],[25.0921,57.016],[25.1007,57.0098],[25.126,57.0016],[25.1475,56.9894],[25.1381,56.9801],[25.1426,56.9508],[25.0363,56.934],[25.0002,56.9396],[24.9766,56.9354],[24.9548,56.9406],[24.9383,56.9391],[24.9188,56.9346],[24.8905,56.9227],[24.8773,56.9215],[24.8403,56.926],[24.8074,56.9339],[24.8161,56.9663],[24.8178,56.9895],[24.8453,56.985],[24.8898,57.0114],[24.88,57.0378],[24.8884,57.0559],[24.8661,57.0934],[24.8787,57.1046],[24.8995,57.0879],[24.9357,57.0809],[24.984,57.0799]]]}},{"type":"Feature","properties":{"id":"LVA-5771","name":"Marupes","nameBn":"মারুপ পৌরসভা","type":"Municipality","bounds":[23.8228,56.8264,24.0663,56.9387],"center":[23.9438,56.8913]},"geometry":{"type":"Polygon","coordinates":[[[23.9427,56.9387],[23.9715,56.9332],[24.0024,56.9237],[24.0266,56.9196],[24.0403,56.91],[24.0621,56.8984],[24.0663,56.8861],[24.0356,56.8675],[24.0123,56.8514],[23.9676,56.8497],[23.8854,56.8425],[23.855,56.8264],[23.8443,56.8479],[23.8228,56.8836],[23.8568,56.8979],[23.8997,56.914],[23.9176,56.9283],[23.9427,56.9387]]]}},{"type":"Feature","properties":{"id":"LVA-5791","name":"Mazsalacas","nameBn":"ভাল্মিরা","type":"Municipality","bounds":[24.8274,57.7965,25.2503,58.0673],"center":[25.0276,57.9137]},"geometry":{"type":"Polygon","coordinates":[[[25.0349,58.0486],[25.0488,58.0562],[25.0706,58.0636],[25.0942,58.0673],[25.1094,58.0445],[25.1047,58.0258],[25.0953,58.0038],[25.1047,57.9819],[25.1328,57.9772],[25.1375,57.9569],[25.125,57.9506],[25.1344,57.9302],[25.1673,57.9146],[25.1955,57.9052],[25.2127,57.888],[25.2174,57.8723],[25.2471,57.852],[25.2503,57.8207],[25.2456,57.8003],[25.2236,57.805],[25.1579,57.8332],[25.1422,57.8441],[25.1125,57.8379],[25.1234,57.8269],[25.1328,57.8081],[25.1281,57.7987],[25.1125,57.8003],[25.0921,57.8128],[25.0608,57.8128],[25.0342,57.8144],[25.0175,57.7965],[25.0074,57.8014],[24.9657,57.8083],[24.9533,57.8001],[24.946,57.8175],[24.942,57.8186],[24.9383,57.8191],[24.9331,57.8176],[24.9262,57.8171],[24.9094,57.8207],[24.9011,57.8255],[24.8957,57.8312],[24.8934,57.8434],[24.8878,57.8585],[24.8852,57.8715],[24.8835,57.8838],[24.885,57.8891],[24.8819,57.893],[24.8734,57.898],[24.864,57.9003],[24.8423,57.9009],[24.8276,57.9801],[24.8274,57.9819],[24.8483,57.9921],[24.8725,58.0004],[24.9493,58.0064],[24.9748,58.0158],[25.0349,58.0486]]]}},{"type":"Feature","properties":{"id":"LVA-5723","name":"Mersraga","nameBn":"মার্সর্যাগস পৌরসভা","type":"Municipality","bounds":[22.9201,57.2385,23.1602,57.3945],"center":[23.0567,57.3317]},"geometry":{"type":"Polygon","coordinates":[[[23.0314,57.3945],[23.0833,57.3782],[23.1175,57.3739],[23.1302,57.3708],[23.1331,57.363],[23.1336,57.3531],[23.138,57.3432],[23.1602,57.3186],[23.128,57.3123],[23.1208,57.3052],[23.1146,57.2934],[23.1128,57.2653],[23.0804,57.2385],[23.0618,57.2581],[23.055,57.2832],[23.0184,57.2901],[22.9544,57.297],[22.9201,57.3335],[22.9681,57.3518],[23.0069,57.3678],[23.0314,57.3945]]]}},{"type":"Feature","properties":{"id":"LVA-5792","name":"Nauksenu","nameBn":"ভাল্মিরা","type":"Municipality","bounds":[25.2612,57.7893,25.7038,58.0082],"center":[25.4406,57.926]},"geometry":{"type":"Polygon","coordinates":[[[25.5518,57.9499],[25.5521,57.9488],[25.5529,57.9422],[25.5583,57.9342],[25.5794,57.9195],[25.6015,57.9122],[25.6251,57.9103],[25.6501,57.9114],[25.7038,57.9213],[25.6661,57.9144],[25.6605,57.8927],[25.6573,57.8786],[25.6534,57.8637],[25.6135,57.8661],[25.5828,57.8831],[25.5741,57.8808],[25.5659,57.8799],[25.5566,57.88],[25.5465,57.8769],[25.535,57.8744],[25.5223,57.8689],[25.5012,57.8682],[25.4695,57.8739],[25.4663,57.8598],[25.5111,57.841],[25.526,57.83],[25.5423,57.8207],[25.5554,57.8161],[25.5602,57.8076],[25.5551,57.7996],[25.5529,57.7924],[25.4945,57.7893],[25.4554,57.7893],[25.4522,57.816],[25.4178,57.816],[25.4068,57.8473],[25.3818,57.8833],[25.3583,57.8817],[25.3364,57.9036],[25.3004,57.9052],[25.2706,57.913],[25.2612,57.9381],[25.2784,57.9537],[25.3019,57.971],[25.327,57.9913],[25.3411,57.985],[25.3458,57.9663],[25.3708,57.9694],[25.4037,57.971],[25.4068,57.9913],[25.4197,58.0082],[25.4572,57.9841],[25.4966,57.9706],[25.532,57.9664],[25.5417,57.9628],[25.5503,57.9553],[25.5518,57.9499]]]}},{"type":"Feature","properties":{"id":"LVA-5724","name":"Neretas","nameBn":"নেরেটা পৌরসভা","type":"Municipality","bounds":[24.871,56.1599,25.4086,56.4957],"center":[25.1056,56.3246]},"geometry":{"type":"Polygon","coordinates":[[[25.3491,56.1599],[25.1092,56.1831],[25.0731,56.1978],[25.044,56.228],[25.0262,56.2602],[25.0165,56.2699],[24.9832,56.2905],[24.9732,56.3008],[24.9621,56.3193],[24.9363,56.3799],[24.9101,56.422],[24.8923,56.4387],[24.871,56.4426],[24.8776,56.4545],[24.9009,56.4599],[24.9116,56.4724],[24.9205,56.4867],[25.0135,56.4957],[25.0278,56.4599],[25.0511,56.4635],[25.0743,56.4027],[25.1333,56.4134],[25.2936,56.4079],[25.2982,56.3771],[25.2985,56.3656],[25.3021,56.3494],[25.2982,56.3425],[25.2962,56.3369],[25.2992,56.3342],[25.3054,56.3307],[25.3614,56.3348],[25.3703,56.3273],[25.3629,56.3227],[25.342,56.317],[25.3243,56.3093],[25.3109,56.2978],[25.3105,56.2874],[25.3375,56.2759],[25.3564,56.2616],[25.3722,56.2558],[25.4034,56.2316],[25.3955,56.2021],[25.4081,56.1825],[25.4086,56.1786],[25.4038,56.1755],[25.3718,56.1741],[25.3595,56.1682],[25.3495,56.1602],[25.3491,56.1599]]]}},{"type":"Feature","properties":{"id":"LVA-5717","name":"Nicas","nameBn":"নিকা পৌরসভা","type":"Municipality","bounds":[20.9686,56.1662,21.2263,56.4988],"center":[21.0871,56.3535]},"geometry":{"type":"Polygon","coordinates":[[[20.971,56.2597],[20.9802,56.2793],[20.9827,56.2908],[20.9827,56.3015],[20.9815,56.3105],[20.971,56.3498],[20.9686,56.3698],[20.9706,56.389],[20.979,56.4044],[20.9925,56.4179],[20.9984,56.4257],[21.0032,56.4348],[21.0054,56.4459],[21.0195,56.4471],[21.022,56.457],[21.024,56.4714],[21.0358,56.4739],[21.0447,56.4621],[21.0305,56.4484],[21.0374,56.4446],[21.0447,56.4422],[21.0447,56.428],[21.0447,56.4211],[21.0305,56.4081],[21.0534,56.39],[21.0618,56.387],[21.0702,56.3894],[21.0772,56.3952],[21.0798,56.4031],[21.0686,56.4241],[21.0667,56.4418],[21.0681,56.4588],[21.0721,56.4695],[21.0676,56.4764],[21.0632,56.494],[21.1283,56.4988],[21.1475,56.4306],[21.2114,56.4327],[21.2263,56.3517],[21.1794,56.3559],[21.1837,56.324],[21.1794,56.2877],[21.1645,56.2643],[21.1091,56.2195],[21.0856,56.228],[21.0835,56.1918],[21.0835,56.1662],[21.0558,56.1683],[21.0345,56.2664],[20.971,56.2597]]]}},{"type":"Feature","properties":{"id":"LVA-1088","name":"Ogre","nameBn":"ওগ্রে পৌরসভা","type":"Municipality","bounds":[24.5877,56.6968,25.5557,56.9945],"center":[25.1269,56.8577]},"geometry":{"type":"Polygon","coordinates":[[[25.4688,56.9884],[25.4726,56.989],[25.4882,56.9945],[25.4927,56.9813],[25.5077,56.9727],[25.5083,56.9645],[25.5169,56.9563],[25.5228,56.9435],[25.5316,56.9326],[25.5322,56.9214],[25.524,56.9136],[25.5192,56.9079],[25.5163,56.9032],[25.5159,56.8979],[25.5207,56.8942],[25.5277,56.8901],[25.5341,56.885],[25.5557,56.8739],[25.4836,56.8672],[25.4849,56.857],[25.484,56.8538],[25.4921,56.8462],[25.5011,56.842],[25.5048,56.8331],[25.5065,56.8267],[25.5054,56.8131],[25.4374,56.7752],[25.3912,56.7613],[25.378,56.76],[25.3651,56.7628],[25.3535,56.7625],[25.3539,56.7593],[25.3561,56.7534],[25.326,56.758],[25.2953,56.7545],[25.2682,56.7452],[25.2571,56.7361],[25.2931,56.7234],[25.2981,56.7193],[25.2965,56.7163],[25.2956,56.713],[25.2784,56.6968],[25.2177,56.7082],[25.2155,56.7052],[25.2005,56.6978],[25.1763,56.7033],[25.1535,56.7086],[25.149,56.7145],[25.0975,56.7372],[25.075,56.7539],[25.0594,56.7695],[25.0416,56.7896],[25.006,56.794],[24.9681,56.7985],[24.9436,56.8096],[24.9236,56.8007],[24.8857,56.8141],[24.8434,56.8274],[24.8167,56.8341],[24.8056,56.8074],[24.7789,56.8007],[24.7833,56.7807],[24.7611,56.7584],[24.7249,56.7364],[24.7041,56.753],[24.6975,56.7569],[24.6786,56.7602],[24.6611,56.7633],[24.6528,56.7675],[24.6458,56.7731],[24.6254,56.7831],[24.6184,56.7849],[24.5962,56.8064],[24.5877,56.8122],[24.6166,56.8246],[24.6667,56.8532],[24.7006,56.8389],[24.7364,56.8658],[24.7024,56.8747],[24.6933,56.8955],[24.7159,56.8971],[24.7381,56.9094],[24.7603,56.915],[24.8074,56.9339],[24.8403,56.926],[24.8773,56.9215],[24.8905,56.9227],[24.9188,56.9346],[24.9383,56.9391],[24.9548,56.9406],[24.9766,56.9354],[25.0002,56.9396],[25.0363,56.934],[25.1426,56.9508],[25.234,56.9343],[25.2517,56.9349],[25.2484,56.9371],[25.2467,56.9396],[25.2473,56.9427],[25.257,56.9472],[25.2618,56.9529],[25.2748,56.9585],[25.2841,56.9648],[25.3274,56.9772],[25.3437,56.9774],[25.3546,56.9736],[25.3617,56.9668],[25.3672,56.9596],[25.3703,56.953],[25.3716,56.948],[25.3722,56.9414],[25.3958,56.9373],[25.4267,56.9487],[25.4526,56.9696],[25.4502,56.9774],[25.4474,56.9819],[25.4469,56.9916],[25.4688,56.9884]]]}},{"type":"Feature","properties":{"id":"LVA-5772","name":"Olaines","nameBn":"ওলাইন পৌরসভা","type":"Municipality","bounds":[23.7563,56.6681,24.2305,56.8861],"center":[23.9561,56.789]},"geometry":{"type":"MultiPolygon","coordinates":[[[[24.0663,56.8861],[24.0708,56.8725],[24.0881,56.8761],[24.091,56.8461],[24.1035,56.8354],[24.1232,56.8211],[24.1142,56.8014],[24.0874,56.7799],[24.0856,56.7621],[24.0356,56.7674],[24.0052,56.7621],[24.0044,56.7376],[23.9963,56.7305],[23.9414,56.7286],[23.9352,56.7312],[23.925,56.7341],[23.9196,56.7421],[23.9129,56.7454],[23.9009,56.7458],[23.8283,56.7381],[23.8182,56.7355],[23.8112,56.7326],[23.8013,56.7295],[23.7839,56.7321],[23.7675,56.7379],[23.7563,56.7441],[23.7642,56.7683],[23.7597,56.7719],[23.7696,56.8],[23.7817,56.8211],[23.8246,56.8032],[23.855,56.8264],[23.8854,56.8425],[23.9676,56.8497],[24.0123,56.8514],[24.0356,56.8675],[24.0663,56.8861]]],[[[24.2305,56.6994],[24.2091,56.6935],[24.1959,56.6915],[24.1847,56.6926],[24.1794,56.6904],[24.1737,56.6851],[24.1725,56.6785],[24.1602,56.6701],[24.1486,56.6681],[24.131,56.6683],[24.118,56.6714],[24.0871,56.6821],[24.0339,56.6882],[24.0007,56.6956],[24.0081,56.71],[24.0356,56.7209],[24.1456,56.7282],[24.1882,56.7179],[24.2054,56.7138],[24.2305,56.6994]]]]}},{"type":"Feature","properties":{"id":"LVA-5737","name":"Ozolnieku","nameBn":"ওজলনিয়েকি পৌরসভা","type":"Municipality","bounds":[23.6708,56.5017,24.1102,56.7458],"center":[23.9479,56.6377]},"geometry":{"type":"Polygon","coordinates":[[[23.9963,56.7305],[23.9982,56.7216],[24.0081,56.71],[24.0007,56.6956],[24.0339,56.6882],[24.0421,56.6612],[24.0345,56.6595],[24.0235,56.6585],[24.0177,56.6627],[24.0089,56.6662],[24.0067,56.6648],[24.01,56.6589],[24.0364,56.6415],[24.0462,56.6378],[24.051,56.6353],[24.0503,56.6318],[24.0519,56.628],[24.0552,56.6238],[24.0575,56.6191],[24.0491,56.611],[24.0393,56.6088],[24.03,56.6088],[24.0265,56.6078],[24.0266,56.6027],[24.0409,56.5924],[24.0556,56.5857],[24.0816,56.5819],[24.0943,56.5818],[24.1067,56.5804],[24.1102,56.5749],[24.1053,56.564],[24.0884,56.5508],[24.0789,56.5355],[24.0809,56.5275],[24.0429,56.5028],[24.0317,56.5017],[24.0177,56.502],[23.9923,56.5025],[23.9694,56.5189],[23.9641,56.5547],[23.9408,56.5797],[23.9122,56.6083],[23.8657,56.6155],[23.8282,56.628],[23.7919,56.6469],[23.8078,56.6542],[23.7936,56.6815],[23.7312,56.6905],[23.7102,56.7066],[23.6834,56.6977],[23.6708,56.7156],[23.7012,56.7209],[23.7012,56.737],[23.7563,56.7441],[23.7675,56.7379],[23.7839,56.7321],[23.8013,56.7295],[23.8112,56.7326],[23.8182,56.7355],[23.8283,56.7381],[23.9009,56.7458],[23.9129,56.7454],[23.9196,56.7421],[23.925,56.7341],[23.9352,56.7312],[23.9414,56.7286],[23.9963,56.7305]]]}},{"type":"Feature","properties":{"id":"LVA-5793","name":"Pargaujas","nameBn":"ভাল্মিরা","type":"Municipality","bounds":[24.7995,57.2382,25.3869,57.5002],"center":[25.0767,57.3575]},"geometry":{"type":"Polygon","coordinates":[[[25.0796,57.5002],[25.0978,57.488],[25.123,57.4949],[25.1409,57.475],[25.1406,57.4618],[25.1597,57.4483],[25.1846,57.4301],[25.1969,57.4218],[25.2107,57.4167],[25.2382,57.415],[25.2728,57.4049],[25.3012,57.4037],[25.3228,57.4055],[25.329,57.4034],[25.3349,57.3973],[25.349,57.3889],[25.3573,57.3851],[25.3869,57.3861],[25.3771,57.3697],[25.3567,57.3572],[25.3192,57.3556],[25.2863,57.3603],[25.2456,57.3478],[25.2315,57.3306],[25.2315,57.2961],[25.2315,57.2852],[25.2064,57.2648],[25.1657,57.2633],[25.1313,57.2664],[25.0906,57.2476],[25.0483,57.2414],[24.981,57.2382],[24.9331,57.2462],[24.9396,57.258],[24.9421,57.2675],[24.9358,57.2783],[24.9151,57.2894],[24.898,57.3026],[24.8887,57.3092],[24.8894,57.3122],[24.9002,57.3189],[24.9029,57.3231],[24.9033,57.3277],[24.881,57.3372],[24.8788,57.3429],[24.8708,57.3506],[24.8543,57.3727],[24.8316,57.3955],[24.8,57.4114],[24.7995,57.4171],[24.8127,57.419],[24.8467,57.4122],[24.8759,57.413],[24.8869,57.4209],[24.9803,57.4529],[24.9888,57.4613],[25.0029,57.4675],[25.0126,57.4761],[25.0456,57.4828],[25.0532,57.4918],[25.0619,57.4982],[25.0796,57.5002]]]}},{"type":"Feature","properties":{"id":"LVA-5719","name":"Pavilostas","nameBn":"প্যাভিলোস্তা পৌরসভা","type":"Municipality","bounds":[21.0462,56.6352,21.4934,56.9736],"center":[21.2474,56.8115]},"geometry":{"type":"Polygon","coordinates":[[[21.0462,56.6562],[21.0584,56.6887],[21.0652,56.7743],[21.0612,56.7941],[21.0542,56.812],[21.0527,56.8289],[21.0652,56.8463],[21.1472,56.8764],[21.1567,56.8856],[21.2229,56.9077],[21.241,56.9183],[21.2776,56.9491],[21.2878,56.9555],[21.3001,56.9595],[21.3282,56.9736],[21.3318,56.9736],[21.3626,56.9667],[21.3848,56.9565],[21.3958,56.9424],[21.3915,56.9345],[21.3972,56.9294],[21.4061,56.9235],[21.4473,56.9121],[21.4934,56.9038],[21.4737,56.8876],[21.468,56.8789],[21.4364,56.8676],[21.4395,56.8399],[21.4097,56.8314],[21.3457,56.8207],[21.3202,56.8079],[21.3244,56.7589],[21.3159,56.7397],[21.2924,56.7568],[21.2605,56.7397],[21.2733,56.7077],[21.2882,56.6821],[21.2583,56.6566],[21.2114,56.6459],[21.1539,56.6821],[21.1219,56.6352],[21.0579,56.6438],[21.0462,56.6562]]]}},{"type":"Feature","properties":{"id":"LVA-5728","name":"Plavinu","nameBn":"প্লাভিনাস পৌরসভা","type":"Municipality","bounds":[25.4936,56.5763,25.9357,56.8282],"center":[25.731,56.6868]},"geometry":{"type":"Polygon","coordinates":[[[25.7655,56.8282],[25.7858,56.8187],[25.7971,56.8118],[25.8063,56.8047],[25.812,56.8018],[25.8277,56.801],[25.8427,56.7892],[25.8508,56.7703],[25.8438,56.7644],[25.8373,56.7566],[25.8269,56.7493],[25.8255,56.7408],[25.8344,56.7123],[25.9068,56.6973],[25.9357,56.6816],[25.9333,56.6759],[25.927,56.6715],[25.9157,56.6689],[25.9138,56.6648],[25.9163,56.659],[25.9251,56.6543],[25.9298,56.6499],[25.9321,56.6378],[25.8833,56.6236],[25.831,56.6132],[25.7883,56.6093],[25.7569,56.6123],[25.744,56.6173],[25.7113,56.6058],[25.6883,56.6008],[25.6467,56.5964],[25.6015,56.5789],[25.5794,56.5763],[25.5698,56.5767],[25.509,56.5788],[25.4936,56.5891],[25.4988,56.6024],[25.4955,56.6118],[25.5202,56.6137],[25.5313,56.6426],[25.5825,56.676],[25.5692,56.7117],[25.6159,56.7161],[25.6159,56.7384],[25.5959,56.7517],[25.6003,56.7651],[25.6271,56.7629],[25.656,56.7539],[25.6922,56.7705],[25.7302,56.7823],[25.7343,56.7893],[25.7464,56.8011],[25.7488,56.8088],[25.7484,56.8147],[25.7397,56.8184],[25.7464,56.8259],[25.7655,56.8282]]]}},{"type":"Feature","properties":{"id":"LVA-1089","name":"Preilu","nameBn":"প্রেইলি পৌরসভা","type":"Municipality","bounds":[26.4606,56.1111,26.8885,56.4498],"center":[26.696,56.2674]},"geometry":{"type":"Polygon","coordinates":[[[26.7482,56.1111],[26.7185,56.1113],[26.7004,56.1187],[26.6873,56.1255],[26.6479,56.1353],[26.6178,56.15],[26.6033,56.1665],[26.6467,56.1645],[26.6715,56.1769],[26.6736,56.2182],[26.6591,56.2596],[26.6405,56.2761],[26.6012,56.2823],[26.5909,56.3195],[26.5702,56.3216],[26.5144,56.334],[26.4606,56.3588],[26.4792,56.3919],[26.5412,56.3754],[26.5764,56.4333],[26.5909,56.4457],[26.624,56.4498],[26.686,56.4291],[26.7335,56.3961],[26.7108,56.3836],[26.6694,56.3692],[26.6508,56.3361],[26.6653,56.3216],[26.7025,56.3133],[26.7418,56.2906],[26.7832,56.2823],[26.8142,56.2534],[26.839,56.2141],[26.8349,56.1996],[26.8018,56.1851],[26.8266,56.1769],[26.8618,56.1624],[26.8824,56.1521],[26.8885,56.1289],[26.8723,56.1272],[26.8476,56.124],[26.8368,56.1294],[26.8233,56.1295],[26.8073,56.1273],[26.7747,56.1151],[26.7482,56.1111]]]}},{"type":"Feature","properties":{"id":"LVA-5715","name":"Priekules","nameBn":"প্রিকুলে পৌরসভা","type":"Municipality","bounds":[21.3543,56.2658,21.7508,56.5713],"center":[21.555,56.4189]},"geometry":{"type":"Polygon","coordinates":[[[21.7365,56.3237],[21.6845,56.3101],[21.596,56.3079],[21.5589,56.2973],[21.4855,56.2658],[21.4523,56.3026],[21.3799,56.3282],[21.4161,56.3538],[21.4374,56.4071],[21.3862,56.4647],[21.3841,56.4903],[21.3543,56.503],[21.4076,56.5201],[21.399,56.5585],[21.4332,56.5457],[21.4737,56.5201],[21.4822,56.5116],[21.5291,56.5137],[21.4992,56.5521],[21.5291,56.5713],[21.5717,56.5606],[21.5845,56.55],[21.6613,56.5606],[21.7124,56.55],[21.7082,56.5052],[21.7338,56.4988],[21.7338,56.4732],[21.6805,56.4647],[21.6847,56.4327],[21.6655,56.4178],[21.7018,56.3964],[21.7231,56.3815],[21.7508,56.3815],[21.7508,56.3687],[21.7252,56.3559],[21.7365,56.3237]]]}},{"type":"Feature","properties":{"id":"LVA-5794","name":"Priekulu","nameBn":"ভাল্মিরা","type":"Municipality","bounds":[25.2315,57.2085,25.6579,57.4686],"center":[25.4447,57.3657]},"geometry":{"type":"Polygon","coordinates":[[[25.6024,57.4686],[25.6579,57.4646],[25.6495,57.4402],[25.626,57.4057],[25.6057,57.3964],[25.6025,57.3776],[25.5759,57.3807],[25.5462,57.3776],[25.5117,57.3603],[25.5133,57.3463],[25.5337,57.3384],[25.5477,57.3212],[25.5556,57.3055],[25.5791,57.2961],[25.5978,57.2852],[25.601,57.2648],[25.5994,57.2476],[25.5759,57.2367],[25.5603,57.2226],[25.5462,57.2132],[25.5227,57.2085],[25.5008,57.2163],[25.5008,57.2492],[25.4898,57.2633],[25.4663,57.2774],[25.4272,57.2899],[25.3943,57.3024],[25.363,57.2961],[25.3317,57.2915],[25.3113,57.2961],[25.3239,57.3087],[25.3113,57.3134],[25.2738,57.3181],[25.255,57.3259],[25.2315,57.3306],[25.2456,57.3478],[25.2863,57.3603],[25.3192,57.3556],[25.3567,57.3572],[25.3771,57.3697],[25.3869,57.3861],[25.3932,57.3907],[25.3929,57.3982],[25.3971,57.4045],[25.3986,57.4111],[25.3918,57.428],[25.4025,57.4335],[25.4047,57.435],[25.3988,57.4412],[25.421,57.4475],[25.4745,57.4425],[25.5004,57.4501],[25.5094,57.447],[25.5194,57.4412],[25.5268,57.4382],[25.5476,57.4416],[25.5611,57.451],[25.6024,57.4686]]]}},{"type":"Feature","properties":{"id":"LVA-5799","name":"Raunas","nameBn":"ভাল্মিরা","type":"Municipality","bounds":[25.5117,57.185,26.0586,57.4646],"center":[25.641,57.3411]},"geometry":{"type":"MultiPolygon","coordinates":[[[[25.6579,57.4646],[25.6671,57.4525],[25.714,57.401],[25.7049,57.3838],[25.7222,57.3613],[25.7516,57.3377],[25.7533,57.3297],[25.7402,57.3264],[25.7366,57.3194],[25.7388,57.3131],[25.733,57.2966],[25.7369,57.2847],[25.7451,57.2751],[25.709,57.2664],[25.6699,57.2742],[25.6386,57.2648],[25.601,57.2648],[25.5978,57.2852],[25.5791,57.2961],[25.5556,57.3055],[25.5477,57.3212],[25.5337,57.3384],[25.5133,57.3463],[25.5117,57.3603],[25.5462,57.3776],[25.5759,57.3807],[25.6025,57.3776],[25.6057,57.3964],[25.626,57.4057],[25.6495,57.4402],[25.6579,57.4646]]],[[[25.9917,57.29],[26.013,57.2878],[26.0278,57.2816],[26.0437,57.28],[26.0586,57.2653],[26.0586,57.2513],[26.0491,57.25],[26.0144,57.2499],[26.0085,57.2467],[26.0041,57.2438],[26.0134,57.2211],[25.9893,57.2069],[25.9454,57.1912],[25.8938,57.185],[25.8687,57.185],[25.8499,57.1959],[25.8186,57.2069],[25.7983,57.2085],[25.7716,57.1991],[25.745,57.2132],[25.7528,57.2445],[25.7607,57.2554],[25.7699,57.2787],[25.8803,57.2863],[25.8913,57.2883],[25.9042,57.2884],[25.9107,57.2867],[25.9917,57.29]]]]}},{"type":"Feature","properties":{"id":"LVA-4851","name":"Rezekne","nameBn":"রেজেকনে","type":"Republican City","bounds":[27.2743,56.4749,27.3655,56.5608],"center":[27.3335,56.516]},"geometry":{"type":"Polygon","coordinates":[[[27.3402,56.5608],[27.3637,56.5552],[27.3655,56.5388],[27.361,56.5205],[27.3555,56.495],[27.3391,56.4749],[27.2846,56.4897],[27.2743,56.5155],[27.3101,56.5533],[27.3402,56.5608]]]}},{"type":"Feature","properties":{"id":"LVA-1066","name":"Rezeknes","nameBn":"রেজেকনে","type":"Municipality","bounds":[26.7726,56.1708,27.7155,56.8311],"center":[27.2633,56.3554]},"geometry":{"type":"Polygon","coordinates":[[[26.9285,56.8311],[26.9662,56.8096],[26.984,56.8059],[27.0176,56.8065],[27.0323,56.8013],[27.0579,56.8004],[27.0675,56.8053],[27.0956,56.8092],[27.1214,56.8106],[27.1332,56.8082],[27.1608,56.8114],[27.1861,56.7938],[27.2432,56.7892],[27.3399,56.7827],[27.4037,56.7848],[27.4555,56.7718],[27.471,56.7408],[27.4863,56.6934],[27.4803,56.6808],[27.4703,56.6742],[27.472,56.6633],[27.4764,56.6585],[27.488,56.6533],[27.5018,56.6558],[27.5124,56.6548],[27.5248,56.6518],[27.5416,56.6451],[27.5516,56.6367],[27.5802,56.6194],[27.5615,56.5996],[27.5611,56.5759],[27.5743,56.557],[27.5666,56.5417],[27.5512,56.5351],[27.5385,56.5315],[27.5251,56.5293],[27.5068,56.5281],[27.4938,56.5209],[27.4868,56.5149],[27.486,56.5089],[27.4871,56.4995],[27.4955,56.488],[27.4964,56.4779],[27.5087,56.4602],[27.5499,56.4786],[27.5594,56.4645],[27.5597,56.4571],[27.5717,56.4428],[27.5816,56.4336],[27.5897,56.4283],[27.5921,56.4244],[27.5911,56.4218],[27.5965,56.419],[27.6025,56.4186],[27.608,56.4205],[27.6218,56.4207],[27.6204,56.4072],[27.624,56.4011],[27.6224,56.3925],[27.6404,56.3788],[27.6704,56.3718],[27.6899,56.3606],[27.6896,56.3547],[27.6876,56.3473],[27.6902,56.3324],[27.6989,56.322],[27.711,56.3111],[27.7155,56.2985],[27.6868,56.2763],[27.6868,56.2629],[27.6943,56.2608],[27.6989,56.2581],[27.7005,56.255],[27.6926,56.2498],[27.6836,56.2473],[27.6676,56.2402],[27.6516,56.2497],[27.5681,56.2423],[27.5516,56.2455],[27.5482,56.2482],[27.535,56.2611],[27.5281,56.2574],[27.5236,56.2482],[27.509,56.2411],[27.4889,56.235],[27.4669,56.2335],[27.4472,56.2299],[27.4407,56.2237],[27.4479,56.2094],[27.4207,56.2106],[27.412,56.2072],[27.3391,56.2103],[27.2959,56.203],[27.173,56.2083],[27.1623,56.2108],[27.1508,56.2084],[27.1259,56.1958],[27.1024,56.1891],[27.0996,56.1864],[27.0976,56.182],[27.0982,56.1796],[27.1016,56.1708],[27.0776,56.1709],[27.0542,56.1733],[27.0441,56.176],[27.038,56.1801],[27.0346,56.1866],[27.0357,56.1981],[27.0343,56.2078],[27.0289,56.2154],[27.0157,56.2242],[27.0016,56.2306],[26.9972,56.2386],[26.9885,56.2479],[26.9862,56.2632],[26.9598,56.284],[26.9491,56.2978],[26.9465,56.3043],[26.9443,56.3129],[26.9508,56.3197],[26.9758,56.3201],[26.9911,56.3315],[26.9665,56.3591],[26.9518,56.3726],[26.8976,56.4113],[26.8999,56.4185],[26.91,56.4251],[26.9147,56.4334],[26.9254,56.4476],[26.9921,56.4508],[27.0335,56.4482],[27.0413,56.4664],[27.0076,56.5233],[27.0051,56.5621],[26.9818,56.5932],[26.9144,56.601],[26.8834,56.6372],[26.8523,56.6579],[26.8083,56.6657],[26.7726,56.681],[26.7829,56.7074],[26.9075,56.818],[26.9285,56.8311]],[[27.3391,56.4749],[27.3555,56.495],[27.361,56.5205],[27.3655,56.5388],[27.3637,56.5552],[27.3402,56.5608],[27.3101,56.5533],[27.2743,56.5155],[27.2846,56.4897],[27.3391,56.4749]]]}},{"type":"Feature","properties":{"id":"LVA-5752","name":"Riebinu","nameBn":"রিবিনি পৌরসভা","type":"Municipality","bounds":[26.5371,56.1242,27.038,56.5588],"center":[26.8189,56.3637]},"geometry":{"type":"Polygon","coordinates":[[[26.9254,56.4476],[26.9147,56.4334],[26.91,56.4251],[26.8999,56.4185],[26.8976,56.4113],[26.9518,56.3726],[26.9665,56.3591],[26.9911,56.3315],[26.9758,56.3201],[26.9508,56.3197],[26.9443,56.3129],[26.9465,56.3043],[26.9491,56.2978],[26.9598,56.284],[26.9862,56.2632],[26.9885,56.2479],[26.9972,56.2386],[27.0016,56.2306],[27.0157,56.2242],[27.0289,56.2154],[27.0343,56.2078],[27.0357,56.1981],[27.0346,56.1866],[27.038,56.1801],[26.9996,56.1706],[26.9682,56.1689],[26.9318,56.1573],[26.9202,56.1457],[26.9368,56.1358],[26.9285,56.1242],[26.8885,56.1289],[26.8824,56.1521],[26.8618,56.1624],[26.8266,56.1769],[26.8018,56.1851],[26.8349,56.1996],[26.839,56.2141],[26.8142,56.2534],[26.7832,56.2823],[26.7418,56.2906],[26.7025,56.3133],[26.6653,56.3216],[26.6508,56.3361],[26.6694,56.3692],[26.7108,56.3836],[26.7335,56.3961],[26.686,56.4291],[26.624,56.4498],[26.5909,56.4457],[26.5764,56.4333],[26.5599,56.4395],[26.5371,56.4457],[26.5371,56.4664],[26.5405,56.4897],[26.5595,56.4862],[26.5964,56.4888],[26.597,56.4945],[26.5973,56.4956],[26.5931,56.4966],[26.5938,56.5016],[26.5952,56.5066],[26.6278,56.5437],[26.7064,56.5461],[26.7223,56.5431],[26.7437,56.5588],[26.7711,56.5561],[26.8157,56.54],[26.8261,56.5242],[26.7755,56.512],[26.8009,56.5072],[26.8076,56.4985],[26.8203,56.4955],[26.8332,56.4948],[26.8473,56.4955],[26.8579,56.4925],[26.8659,56.4858],[26.9023,56.4792],[26.9527,56.4769],[26.9584,56.4611],[26.9498,56.4582],[26.9331,56.4549],[26.9254,56.4476]]]}},{"type":"Feature","properties":{"id":"LVA-1094","name":"Riga","nameBn":"রিগা","type":"Republican City","bounds":[23.9269,56.8725,24.3202,57.0887],"center":[24.1235,56.9878]},"geometry":{"type":"Polygon","coordinates":[[[23.9269,57.0063],[23.9529,57.0133],[23.9912,57.0312],[24.0093,57.0456],[24.022,57.059],[24.0357,57.069],[24.0746,57.0749],[24.113,57.0887],[24.1517,57.0556],[24.1624,57.0528],[24.1813,57.0479],[24.2244,57.0216],[24.2499,57.0126],[24.2744,57.0064],[24.2879,56.9999],[24.3025,56.991],[24.3202,56.969],[24.2991,56.9555],[24.2584,56.946],[24.2465,56.941],[24.2347,56.9304],[24.2367,56.9041],[24.2587,56.873],[24.197,56.8821],[24.1554,56.9024],[24.1327,56.8984],[24.1123,56.8926],[24.104,56.8836],[24.0994,56.8785],[24.0881,56.8761],[24.0708,56.8725],[24.0663,56.8861],[24.0621,56.8984],[24.0403,56.91],[24.0266,56.9196],[24.0024,56.9237],[23.9715,56.9332],[23.9427,56.9387],[23.9492,56.9468],[23.9886,56.9647],[23.9942,56.9732],[24.001,56.9793],[23.9928,56.9845],[23.9678,56.9877],[23.9545,56.9914],[23.9343,56.997],[23.9287,57.0059],[23.9269,57.0063]]]}},{"type":"Feature","properties":{"id":"LVA-5722","name":"Rojas","nameBn":"রোজা পৌরসভা","type":"Municipality","bounds":[22.568,57.3747,22.9946,57.6742],"center":[22.7688,57.4888]},"geometry":{"type":"Polygon","coordinates":[[[22.5872,57.665],[22.591,57.6448],[22.6008,57.6301],[22.6561,57.5858],[22.8789,57.4813],[22.9504,57.4328],[22.9946,57.4119],[22.9498,57.4021],[22.9338,57.377],[22.8949,57.3747],[22.8469,57.3884],[22.824,57.409],[22.7417,57.4593],[22.7052,57.4364],[22.6777,57.457],[22.6937,57.4822],[22.6251,57.5027],[22.6114,57.5416],[22.6091,57.5782],[22.5703,57.617],[22.568,57.6742],[22.5872,57.665]]]}},{"type":"Feature","properties":{"id":"LVA-5773","name":"Ropazu","nameBn":"রোপাজা পৌরসভা","type":"Municipality","bounds":[24.3717,56.8704,24.8178,57.061],"center":[24.5818,56.9649]},"geometry":{"type":"Polygon","coordinates":[[[24.8074,56.9339],[24.7603,56.915],[24.7381,56.9094],[24.7159,56.8971],[24.6933,56.8955],[24.5743,56.8867],[24.5202,56.9001],[24.507,56.8965],[24.5114,56.8779],[24.5078,56.873],[24.4999,56.8704],[24.4918,56.8716],[24.4856,56.8754],[24.4797,56.8805],[24.4693,56.8842],[24.4574,56.8868],[24.4289,56.9248],[24.4056,56.9265],[24.3717,56.9444],[24.3959,56.9681],[24.4013,56.9949],[24.4513,57.002],[24.5318,57.002],[24.5211,57.0521],[24.5461,57.061],[24.5655,57.06],[24.5801,57.0592],[24.6301,57.061],[24.6695,57.0128],[24.7267,56.9895],[24.7749,56.9984],[24.8178,56.9895],[24.8161,56.9663],[24.8074,56.9339]]]}},{"type":"Feature","properties":{"id":"LVA-5718","name":"Rucavas","nameBn":"রুকাভা পৌরসভা","type":"Municipality","bounds":[20.9691,56.0726,21.4855,56.3559],"center":[21.2115,56.2259]},"geometry":{"type":"Polygon","coordinates":[[[21.4855,56.2658],[21.4193,56.2374],[21.4037,56.2345],[21.3583,56.2332],[21.3276,56.2244],[21.2904,56.2069],[21.2549,56.1852],[21.2296,56.1632],[21.2126,56.131],[21.2054,56.1034],[21.1904,56.0845],[21.1502,56.0782],[21.0914,56.0779],[21.0534,56.0726],[21.0534,56.0729],[21.0526,56.0775],[21.0427,56.1146],[21.0288,56.1474],[20.9841,56.2104],[20.9734,56.232],[20.9691,56.2535],[20.971,56.2597],[21.0345,56.2664],[21.0558,56.1683],[21.0835,56.1662],[21.0835,56.1918],[21.0856,56.228],[21.1091,56.2195],[21.1645,56.2643],[21.1794,56.2877],[21.1837,56.324],[21.1794,56.3559],[21.2263,56.3517],[21.2626,56.3261],[21.3799,56.3282],[21.4523,56.3026],[21.4855,56.2658]]]}},{"type":"Feature","properties":{"id":"LVA-5741","name":"Rugaju","nameBn":"রুগাজি পৌরসভা","type":"Municipality","bounds":[26.86,56.8612,27.3323,57.1145],"center":[27.1093,56.9853]},"geometry":{"type":"Polygon","coordinates":[[[26.86,56.983],[26.8712,57.0026],[26.8684,57.0059],[26.8605,57.018],[26.902,57.0393],[26.9295,57.0498],[26.9532,57.0648],[26.9791,57.0956],[26.9952,57.1051],[27.0081,57.1145],[27.0498,57.1118],[27.0976,57.1141],[27.0976,57.0913],[27.1181,57.0845],[27.1478,57.089],[27.1979,57.0777],[27.2708,57.064],[27.305,57.0663],[27.3255,57.0617],[27.3141,57.0253],[27.289,57.0002],[27.2549,56.9934],[27.2617,56.9728],[27.2867,56.9728],[27.3141,56.9797],[27.3323,56.9364],[27.2913,56.9273],[27.2662,56.9159],[27.2252,56.8954],[27.2002,56.8612],[27.166,56.8612],[27.084,56.8749],[27.0361,56.884],[26.9851,56.8782],[26.9712,56.8909],[26.9625,56.9133],[26.9539,56.9207],[26.924,56.9317],[26.9114,56.9393],[26.9111,56.9477],[26.9148,56.9579],[26.9171,56.9693],[26.9119,56.9738],[26.9026,56.978],[26.8782,56.9784],[26.8698,56.9763],[26.86,56.983]]]}},{"type":"Feature","properties":{"id":"LVA-5796","name":"Rujienas","nameBn":"ভাল্মিরা","type":"Municipality","bounds":[25.0942,57.7784,25.4554,58.0751],"center":[25.2607,57.8851]},"geometry":{"type":"Polygon","coordinates":[[[25.2635,58.0751],[25.2817,58.0734],[25.2996,58.0656],[25.3064,58.0587],[25.3183,58.0406],[25.3246,58.0348],[25.3337,58.0318],[25.3399,58.0326],[25.3464,58.0344],[25.3565,58.0348],[25.3966,58.0232],[25.4197,58.0082],[25.4068,57.9913],[25.4037,57.971],[25.3708,57.9694],[25.3458,57.9663],[25.3411,57.985],[25.327,57.9913],[25.3019,57.971],[25.2784,57.9537],[25.2612,57.9381],[25.2706,57.913],[25.3004,57.9052],[25.3364,57.9036],[25.3583,57.8817],[25.3818,57.8833],[25.4068,57.8473],[25.4178,57.816],[25.4522,57.816],[25.4554,57.7893],[25.3787,57.7878],[25.3129,57.7831],[25.2706,57.7784],[25.2675,57.7956],[25.2456,57.8003],[25.2503,57.8207],[25.2471,57.852],[25.2174,57.8723],[25.2127,57.888],[25.1955,57.9052],[25.1673,57.9146],[25.1344,57.9302],[25.125,57.9506],[25.1375,57.9569],[25.1328,57.9772],[25.1047,57.9819],[25.0953,58.0038],[25.1047,58.0258],[25.1094,58.0445],[25.0942,58.0673],[25.141,58.068],[25.167,58.0587],[25.1807,58.0382],[25.1899,58.0135],[25.2021,57.992],[25.2168,57.9854],[25.2325,57.9854],[25.2645,57.9942],[25.2844,58.0081],[25.2776,58.0241],[25.2495,58.0512],[25.2507,58.0685],[25.2635,58.0751]]]}},{"type":"Feature","properties":{"id":"LVA-5738","name":"Rundales","nameBn":"রানডেল পৌরসভা","type":"Municipality","bounds":[23.8362,56.3124,24.1553,56.5025],"center":[23.9643,56.4087]},"geometry":{"type":"Polygon","coordinates":[[[23.9813,56.3124],[23.8711,56.3321],[23.871,56.3324],[23.8687,56.3433],[23.8708,56.3672],[23.8736,56.3738],[23.8793,56.3843],[23.8739,56.3895],[23.8362,56.3879],[23.8367,56.3933],[23.8387,56.397],[23.843,56.4018],[23.848,56.4118],[23.8505,56.4185],[23.8502,56.4234],[23.8427,56.4274],[23.841,56.4304],[23.8407,56.4342],[23.8475,56.4388],[23.8617,56.4485],[23.875,56.4629],[23.886,56.4661],[23.92,56.4727],[23.9321,56.4828],[23.9501,56.488],[23.9627,56.4978],[23.9923,56.5025],[24.0177,56.502],[24.0302,56.4778],[24.0356,56.4474],[24.0374,56.4259],[24.0642,56.4152],[24.1142,56.4009],[24.1553,56.3866],[24.1267,56.3687],[24.091,56.383],[24.0677,56.383],[24.0731,56.3634],[24.0409,56.3509],[24.0356,56.3312],[24.0087,56.3222],[23.9813,56.3124]]]}},{"type":"Feature","properties":{"id":"LVA-5774","name":"Salacgrivas","nameBn":"স্যালাকগ্রিভা পৌরসভা","type":"Municipality","bounds":[24.286,57.4,24.6492,57.9474],"center":[24.41,57.746]},"geometry":{"type":"Polygon","coordinates":[[[24.5539,57.9474],[24.5824,57.946],[24.588,57.9209],[24.5908,57.8945],[24.5741,57.882],[24.5977,57.8708],[24.6492,57.7707],[24.5991,57.7526],[24.6089,57.7151],[24.563,57.7178],[24.5588,57.6886],[24.5644,57.6733],[24.5407,57.6664],[24.5157,57.6789],[24.4183,57.6706],[24.4267,57.6205],[24.4239,57.5899],[24.435,57.5885],[24.4336,57.5677],[24.4601,57.5649],[24.4781,57.5677],[24.4976,57.5551],[24.4907,57.544],[24.5532,57.5412],[24.5296,57.5218],[24.5491,57.4898],[24.5658,57.4745],[24.5783,57.4647],[24.5588,57.4522],[24.5115,57.4481],[24.5018,57.4272],[24.4865,57.4161],[24.4475,57.4077],[24.3949,57.4],[24.3816,57.4694],[24.3799,57.5065],[24.3752,57.5286],[24.3645,57.5384],[24.3586,57.5504],[24.363,57.5766],[24.3748,57.6135],[24.363,57.6723],[24.3577,57.6855],[24.3137,57.725],[24.2996,57.7438],[24.2996,57.7619],[24.2888,57.8089],[24.286,57.8326],[24.2888,57.8453],[24.2962,57.8574],[24.3062,57.8682],[24.3497,57.8586],[24.3782,57.8594],[24.4015,57.8665],[24.4127,57.8766],[24.4291,57.9003],[24.4416,57.9081],[24.4813,57.9193],[24.5338,57.9451],[24.5539,57.9474]]]}},{"type":"Feature","properties":{"id":"LVA-5727","name":"Salas","nameBn":"সালা পৌরসভা","type":"Municipality","bounds":[25.5586,56.351,25.843,56.6173],"center":[25.7187,56.4905]},"geometry":{"type":"Polygon","coordinates":[[[25.744,56.6173],[25.7569,56.6123],[25.7561,56.592],[25.7481,56.5664],[25.7692,56.5541],[25.7869,56.5303],[25.7997,56.5277],[25.8264,56.5272],[25.8207,56.4868],[25.8096,56.4445],[25.843,56.4133],[25.794,56.3599],[25.7339,56.351],[25.7272,56.3688],[25.676,56.3666],[25.6582,56.3933],[25.636,56.4089],[25.6115,56.4312],[25.6159,56.4467],[25.5946,56.4671],[25.58,56.4884],[25.5661,56.4983],[25.5586,56.5107],[25.576,56.5397],[25.5987,56.5518],[25.6058,56.562],[25.6072,56.5677],[25.5995,56.5703],[25.5802,56.5692],[25.5603,56.5739],[25.5698,56.5767],[25.5794,56.5763],[25.6015,56.5789],[25.6467,56.5964],[25.6883,56.6008],[25.7113,56.6058],[25.744,56.6173]]]}},{"type":"Feature","properties":{"id":"LVA-5775","name":"Salaspils","nameBn":"সালাস্পিলস পৌরসভা","type":"Municipality","bounds":[24.1768,56.8246,24.4574,56.9304],"center":[24.365,56.8708]},"geometry":{"type":"Polygon","coordinates":[[[24.2587,56.873],[24.2367,56.9041],[24.2347,56.9304],[24.2966,56.9212],[24.3252,56.9158],[24.3359,56.8961],[24.3538,56.9104],[24.4056,56.9265],[24.4289,56.9248],[24.4574,56.8868],[24.4398,56.8875],[24.4356,56.884],[24.4378,56.8782],[24.4445,56.8724],[24.4482,56.8655],[24.4476,56.8576],[24.4429,56.8453],[24.444,56.8377],[24.4204,56.8398],[24.3862,56.8421],[24.342,56.8511],[24.3109,56.8246],[24.259,56.8246],[24.2179,56.8282],[24.1893,56.8514],[24.1768,56.8675],[24.197,56.8821],[24.2587,56.873]]]}},{"type":"Feature","properties":{"id":"LVA-1068","name":"Saldus","nameBn":"স্যালদুস পৌরসভা","type":"Municipality","bounds":[21.9456,56.3491,22.8596,56.9201],"center":[22.4024,56.6408]},"geometry":{"type":"Polygon","coordinates":[[[22.2149,56.3904],[22.1953,56.3949],[22.1582,56.4103],[22.1391,56.4157],[22.0941,56.4174],[21.9832,56.3884],[21.9827,56.3888],[21.9808,56.3904],[21.9456,56.4167],[21.9514,56.4211],[21.9616,56.4263],[21.9769,56.4291],[21.9878,56.4325],[21.9954,56.4393],[21.9895,56.4461],[21.9546,56.4706],[21.9576,56.4808],[21.954,56.4878],[21.9565,56.4936],[21.9667,56.5066],[21.9979,56.5059],[22.0097,56.508],[22.0243,56.5075],[22.0374,56.504],[22.056,56.5091],[22.0574,56.5233],[22.0491,56.5291],[22.0182,56.5426],[22.0117,56.5475],[22.0114,56.5551],[22.0606,56.5645],[22.1,56.5685],[22.1213,56.5763],[22.1261,56.5822],[22.1234,56.5876],[22.1186,56.5924],[22.1154,56.6038],[22.1125,56.6095],[22.1093,56.6136],[22.1119,56.6257],[22.1114,56.6467],[22.1035,56.6729],[22.1122,56.6829],[22.1255,56.6901],[22.156,56.7003],[22.167,56.7082],[22.174,56.716],[22.181,56.7285],[22.1889,56.7357],[22.1892,56.7418],[22.186,56.7481],[22.1745,56.7659],[22.1627,56.795],[22.2049,56.7952],[22.2303,56.8091],[22.2511,56.8231],[22.2697,56.8297],[22.3057,56.8386],[22.3166,56.8437],[22.3413,56.8475],[22.342,56.8642],[22.3295,56.8748],[22.3203,56.8804],[22.3106,56.8838],[22.3039,56.8845],[22.2955,56.8833],[22.2879,56.8831],[22.2697,56.8881],[22.264,56.8939],[22.2674,56.8985],[22.2879,56.9058],[22.2902,56.9101],[22.3044,56.9197],[22.3284,56.9168],[22.3357,56.913],[22.3385,56.908],[22.3382,56.9041],[22.3487,56.8964],[22.3923,56.8859],[22.4178,56.8893],[22.4324,56.8985],[22.4434,56.9036],[22.4549,56.9171],[22.4924,56.9201],[22.5119,56.9174],[22.5266,56.913],[22.5292,56.9088],[22.5244,56.9051],[22.521,56.9003],[22.5211,56.8846],[22.519,56.8768],[22.5146,56.872],[22.5066,56.8675],[22.5005,56.863],[22.4909,56.8515],[22.4628,56.8054],[22.4422,56.7711],[22.4605,56.7368],[22.488,56.7231],[22.4971,56.6842],[22.5017,56.6385],[22.536,56.6202],[22.5497,56.5791],[22.5748,56.5677],[22.6046,56.5997],[22.6549,56.6042],[22.6937,56.5882],[22.7121,56.5654],[22.7014,56.4933],[22.7413,56.4754],[22.7449,56.4681],[22.7482,56.4557],[22.7429,56.4493],[22.7366,56.4438],[22.7266,56.4245],[22.7675,56.4218],[22.786,56.4184],[22.8218,56.4027],[22.8585,56.3972],[22.8596,56.3971],[22.8229,56.3829],[22.6814,56.3503],[22.6663,56.3491],[22.6491,56.3531],[22.6047,56.3791],[22.5782,56.387],[22.5758,56.3877],[22.5117,56.396],[22.2149,56.3904]]]}},{"type":"Feature","properties":{"id":"LVA-5776","name":"Saulkrastu","nameBn":"সল্ক্রাস্তি পৌরসভা","type":"Municipality","bounds":[24.3308,57.1824,24.4879,57.3481],"center":[24.4305,57.2552]},"geometry":{"type":"Polygon","coordinates":[[[24.3308,57.1998],[24.3792,57.2302],[24.4006,57.2581],[24.4089,57.2982],[24.4055,57.3445],[24.4048,57.3481],[24.4052,57.3479],[24.4108,57.3447],[24.4256,57.334],[24.4293,57.3285],[24.4324,57.3202],[24.4302,57.3084],[24.4262,57.2988],[24.4268,57.2946],[24.4279,57.2914],[24.4502,57.2958],[24.4613,57.2948],[24.4767,57.27],[24.4879,57.2381],[24.4448,57.2353],[24.3724,57.1824],[24.3488,57.1838],[24.3308,57.1998]]]}},{"type":"Feature","properties":{"id":"LVA-5777","name":"Sejas","nameBn":"সেজা পৌরসভা","type":"Municipality","bounds":[24.3724,57.1059,24.6816,57.3163],"center":[24.5327,57.198]},"geometry":{"type":"Polygon","coordinates":[[[24.55,57.3163],[24.5663,57.31],[24.5737,57.2957],[24.5754,57.2909],[24.5781,57.2888],[24.5891,57.2853],[24.6015,57.279],[24.6221,57.2656],[24.6433,57.2372],[24.6816,57.2231],[24.6603,57.2103],[24.6158,57.2033],[24.62,57.1769],[24.6575,57.1797],[24.6742,57.1699],[24.6756,57.1491],[24.6659,57.1254],[24.6186,57.1324],[24.5685,57.1379],[24.5532,57.124],[24.5087,57.1059],[24.467,57.1824],[24.4253,57.181],[24.3947,57.1783],[24.3724,57.1824],[24.4448,57.2353],[24.4879,57.2381],[24.4767,57.27],[24.4613,57.2948],[24.4722,57.2937],[24.55,57.3163]]]}},{"type":"Feature","properties":{"id":"LVA-5778","name":"Siguldas","nameBn":"সিগুল্ডা পৌরসভা","type":"Municipality","bounds":[24.6301,56.985,25.1689,57.2187],"center":[24.8272,57.0998]},"geometry":{"type":"Polygon","coordinates":[[[25.1475,56.9894],[25.126,57.0016],[25.1007,57.0098],[25.0921,57.016],[25.0632,57.0242],[25.0557,57.0249],[25.0481,57.0291],[25.0404,57.0379],[25.0107,57.0494],[24.9893,57.0606],[24.984,57.0799],[24.9357,57.0809],[24.8995,57.0879],[24.8787,57.1046],[24.8661,57.0934],[24.8884,57.0559],[24.88,57.0378],[24.8898,57.0114],[24.8453,56.985],[24.8178,56.9895],[24.7749,56.9984],[24.7267,56.9895],[24.6695,57.0128],[24.6301,57.061],[24.6506,57.074],[24.6784,57.0601],[24.7076,57.0628],[24.7591,57.0781],[24.7493,57.099],[24.766,57.1157],[24.7799,57.1352],[24.7966,57.1421],[24.805,57.1657],[24.823,57.1824],[24.862,57.1894],[24.8842,57.1991],[24.9004,57.2187],[24.9344,57.2084],[24.9674,57.185],[24.9731,57.1778],[24.9757,57.1707],[24.9782,57.1587],[24.9836,57.145],[24.984,57.1407],[24.9874,57.1247],[25.0264,57.1192],[25.0671,57.1145],[25.1125,57.1098],[25.1375,57.0895],[25.1689,57.0676],[25.1328,57.0519],[25.1501,57.0331],[25.1689,57.0143],[25.1673,56.9987],[25.1475,56.9894]]]}},{"type":"Feature","properties":{"id":"LVA-5731","name":"Skriveru","nameBn":"স্ক্রিভারি পৌরসভা","type":"Municipality","bounds":[25.0149,56.6081,25.1818,56.7372],"center":[25.0971,56.6786]},"geometry":{"type":"Polygon","coordinates":[[[25.0975,56.7372],[25.149,56.7145],[25.1535,56.7086],[25.1763,56.7033],[25.1685,56.6805],[25.1818,56.6604],[25.1796,56.6404],[25.1386,56.6191],[25.1181,56.6244],[25.0802,56.6215],[25.0495,56.612],[25.0194,56.6081],[25.0267,56.6201],[25.0243,56.6246],[25.0212,56.6321],[25.0149,56.6409],[25.0174,56.6717],[25.0169,56.6815],[25.0195,56.6875],[25.0245,56.6905],[25.0327,56.6928],[25.0418,56.6942],[25.0552,56.7014],[25.0537,56.7061],[25.0466,56.7082],[25.0419,56.7131],[25.0361,56.7168],[25.0366,56.7208],[25.0287,56.7271],[25.0975,56.7372]]]}},{"type":"Feature","properties":{"id":"LVA-5712","name":"Skrundas","nameBn":"স্ক্রুন্ডা পৌরসভা","type":"Municipality","bounds":[21.7767,56.504,22.1892,56.8237],"center":[21.9901,56.6446]},"geometry":{"type":"Polygon","coordinates":[[[21.8661,56.5204],[21.8508,56.5211],[21.8331,56.524],[21.818,56.5308],[21.8075,56.5385],[21.7932,56.5544],[21.7954,56.5733],[21.7937,56.5834],[21.7952,56.5886],[21.7906,56.5971],[21.7777,56.6102],[21.7767,56.6137],[21.803,56.6228],[21.8138,56.6296],[21.8205,56.6392],[21.8244,56.6471],[21.8152,56.6619],[21.8093,56.6693],[21.823,56.6879],[21.8409,56.7048],[21.8867,56.7208],[21.9301,56.7185],[21.9598,56.7323],[21.9347,56.7986],[21.9827,56.8214],[22.0307,56.8237],[22.0924,56.8237],[22.113,56.8077],[22.1627,56.795],[22.1745,56.7659],[22.186,56.7481],[22.1892,56.7418],[22.1889,56.7357],[22.181,56.7285],[22.174,56.716],[22.167,56.7082],[22.156,56.7003],[22.1255,56.6901],[22.1122,56.6829],[22.1035,56.6729],[22.1114,56.6467],[22.1119,56.6257],[22.1093,56.6136],[22.1125,56.6095],[22.1154,56.6038],[22.1186,56.5924],[22.1234,56.5876],[22.1261,56.5822],[22.1213,56.5763],[22.1,56.5685],[22.0606,56.5645],[22.0114,56.5551],[22.0117,56.5475],[22.0182,56.5426],[22.0491,56.5291],[22.0574,56.5233],[22.056,56.5091],[22.0374,56.504],[22.0243,56.5075],[22.0097,56.508],[21.9979,56.5059],[21.9667,56.5066],[21.9569,56.5142],[21.9206,56.5069],[21.9124,56.5079],[21.9101,56.5121],[21.9084,56.5175],[21.9042,56.5215],[21.8935,56.523],[21.8661,56.5204]]]}},{"type":"Feature","properties":{"id":"LVA-5798","name":"Smiltenes","nameBn":"ভাল্মিরা","type":"Municipality","bounds":[25.6579,57.2653,26.326,57.5692],"center":[26.0091,57.4025]},"geometry":{"type":"Polygon","coordinates":[[[26.3115,57.4993],[26.311,57.4698],[26.326,57.4676],[26.3127,57.4587],[26.3045,57.4554],[26.2962,57.45],[26.2935,57.4427],[26.3008,57.439],[26.3086,57.4362],[26.3151,57.4331],[26.3189,57.429],[26.3205,57.4238],[26.3151,57.4181],[26.3127,57.4097],[26.3098,57.4022],[26.3028,57.3961],[26.2991,57.3895],[26.3014,57.3798],[26.302,57.3748],[26.2862,57.3658],[26.2775,57.3647],[26.2762,57.331],[26.2771,57.323],[26.2803,57.3179],[26.2757,57.3083],[26.265,57.3009],[26.2666,57.2889],[26.262,57.2819],[26.1303,57.2765],[26.1013,57.2782],[26.0758,57.2741],[26.0586,57.2653],[26.0437,57.28],[26.0278,57.2816],[26.013,57.2878],[25.9917,57.29],[25.9107,57.2867],[25.9042,57.2884],[25.8913,57.2883],[25.8803,57.2863],[25.7699,57.2787],[25.7543,57.2776],[25.7451,57.2751],[25.7369,57.2847],[25.733,57.2966],[25.7388,57.3131],[25.7366,57.3194],[25.7402,57.3264],[25.7533,57.3297],[25.7516,57.3377],[25.7222,57.3613],[25.7049,57.3838],[25.714,57.401],[25.6671,57.4525],[25.6579,57.4646],[25.6758,57.4727],[25.6801,57.4796],[25.7184,57.4966],[25.7763,57.4997],[25.8352,57.4935],[25.8963,57.4862],[25.9353,57.4764],[25.9597,57.496],[25.9597,57.5155],[25.9451,57.5301],[25.9768,57.5497],[26.0501,57.5594],[26.094,57.5594],[26.1234,57.5692],[26.1551,57.5472],[26.1844,57.5472],[26.2406,57.5424],[26.2454,57.5228],[26.2821,57.5253],[26.3016,57.5277],[26.3115,57.4993]]]}},{"type":"Feature","properties":{"id":"LVA-5780","name":"Stopinu","nameBn":"স্টপিনি পৌরসভা","type":"Municipality","bounds":[24.2347,56.8961,24.4056,56.969],"center":[24.3323,56.9362]},"geometry":{"type":"Polygon","coordinates":[[[24.2347,56.9304],[24.2465,56.941],[24.2584,56.946],[24.2991,56.9555],[24.3202,56.969],[24.352,56.9569],[24.3717,56.9444],[24.4056,56.9265],[24.3538,56.9104],[24.3359,56.8961],[24.3252,56.9158],[24.2966,56.9212],[24.2347,56.9304]]]}},{"type":"Feature","properties":{"id":"LVA-5795","name":"Strencu","nameBn":"ভাল্মিরা","type":"Municipality","bounds":[25.5099,57.4764,25.989,57.7524],"center":[25.7924,57.6356]},"geometry":{"type":"Polygon","coordinates":[[[25.7294,57.5701],[25.7106,57.5764],[25.7247,57.5889],[25.7074,57.603],[25.6949,57.6155],[25.6636,57.6187],[25.6307,57.6202],[25.5912,57.6141],[25.571,57.6195],[25.5333,57.6295],[25.5099,57.6462],[25.5302,57.6591],[25.601,57.6688],[25.601,57.697],[25.6119,57.7079],[25.6213,57.7189],[25.6714,57.7204],[25.6887,57.7377],[25.7351,57.7304],[25.8474,57.7524],[25.8279,57.706],[25.8572,57.7035],[25.8596,57.684],[25.989,57.6718],[25.9793,57.6498],[25.9597,57.6205],[25.9329,57.6083],[25.8767,57.6034],[25.9011,57.5887],[25.9036,57.5692],[25.8889,57.5497],[25.8963,57.5301],[25.9451,57.5301],[25.9597,57.5155],[25.9597,57.496],[25.9353,57.4764],[25.8963,57.4862],[25.8352,57.4935],[25.7763,57.4997],[25.8217,57.5247],[25.8092,57.5373],[25.779,57.5298],[25.7435,57.5341],[25.7341,57.5467],[25.7716,57.5482],[25.7826,57.5529],[25.7528,57.5701],[25.7294,57.5701]]]}},{"type":"Feature","properties":{"id":"LVA-1091","name":"Talsi","nameBn":"তালসি পৌরসভা","type":"Municipality","bounds":[22.1881,57.0084,23.0804,57.5027],"center":[22.6192,57.317]},"geometry":{"type":"Polygon","coordinates":[[[22.9946,57.4119],[23.0314,57.3945],[23.0069,57.3678],[22.9681,57.3518],[22.9201,57.3335],[22.9544,57.297],[23.0184,57.2901],[23.055,57.2832],[23.0618,57.2581],[23.0804,57.2385],[23.0399,57.2102],[22.9775,57.1871],[22.9673,57.1835],[22.9489,57.1679],[22.9467,57.1603],[22.9415,57.1525],[22.9309,57.1446],[22.9112,57.1372],[22.8313,57.1401],[22.808,57.1366],[22.802,57.1313],[22.7933,57.126],[22.7609,57.1123],[22.6696,57.0977],[22.6415,57.0947],[22.6495,57.0417],[22.6358,57.0158],[22.5914,57.0224],[22.5596,57.0084],[22.5082,57.0138],[22.48,57.0178],[22.4127,57.0148],[22.3824,57.0197],[22.3726,57.0358],[22.3627,57.0424],[22.3596,57.0515],[22.3593,57.0565],[22.363,57.0787],[22.3542,57.1027],[22.3489,57.1101],[22.3276,57.1204],[22.298,57.1288],[22.2628,57.145],[22.2499,57.1553],[22.2418,57.1667],[22.2347,57.1705],[22.2064,57.1779],[22.2041,57.1908],[22.1903,57.1953],[22.1881,57.1987],[22.194,57.2124],[22.2331,57.2434],[22.2738,57.265],[22.2971,57.2711],[22.3014,57.2765],[22.3042,57.2865],[22.3089,57.2889],[22.2949,57.3215],[22.286,57.3343],[22.286,57.3512],[22.2821,57.3814],[22.2767,57.3872],[22.2596,57.3979],[22.2822,57.4273],[22.3256,57.4341],[22.3485,57.4113],[22.3805,57.4113],[22.4239,57.4204],[22.4765,57.4136],[22.504,57.4616],[22.5474,57.4982],[22.6251,57.5027],[22.6937,57.4822],[22.6777,57.457],[22.7052,57.4364],[22.7417,57.4593],[22.824,57.409],[22.8469,57.3884],[22.8949,57.3747],[22.9338,57.377],[22.9498,57.4021],[22.9946,57.4119]]]}},{"type":"Feature","properties":{"id":"LVA-5739","name":"Tervetes","nameBn":"তারভেত পৌরসভা","type":"Municipality","bounds":[23.1184,56.3546,23.4624,56.5457],"center":[23.314,56.425]},"geometry":{"type":"Polygon","coordinates":[[[23.378,56.3546],[23.3106,56.3706],[23.2884,56.373],[23.1726,56.358],[23.1524,56.3902],[23.1184,56.4099],[23.1488,56.4331],[23.172,56.451],[23.2149,56.4545],[23.2757,56.4545],[23.3097,56.4599],[23.2882,56.4689],[23.2739,56.4903],[23.3151,56.5135],[23.3562,56.5457],[23.383,56.5457],[23.3937,56.5189],[23.4151,56.4933],[23.4307,56.4776],[23.4278,56.4729],[23.4259,56.4689],[23.4154,56.4615],[23.4131,56.4594],[23.4188,56.4494],[23.4309,56.4452],[23.4394,56.4367],[23.4495,56.4219],[23.4621,56.4072],[23.4624,56.398],[23.4569,56.3916],[23.45,56.3863],[23.4424,56.3821],[23.4304,56.3779],[23.4202,56.3759],[23.3848,56.3607],[23.3783,56.3549],[23.378,56.3546]]]}},{"type":"Feature","properties":{"id":"LVA-1092","name":"Tukums","nameBn":"টুকুমস পৌরসভা","type":"Municipality","bounds":[22.818,56.6924,23.5068,57.2653],"center":[23.0121,56.9505]},"geometry":{"type":"Polygon","coordinates":[[[23.492,56.9346],[23.5068,56.8946],[23.462,56.8842],[23.4866,56.8159],[23.4517,56.7994],[23.4088,56.7924],[23.3972,56.7922],[23.3895,56.794],[23.375,56.8008],[23.322,56.7821],[23.3159,56.7742],[23.315,56.7655],[23.3252,56.7495],[23.2996,56.7154],[23.2723,56.7103],[23.2158,56.7111],[23.1937,56.705],[23.1717,56.6924],[23.1233,56.6988],[23.0934,56.7209],[23.0701,56.7603],[23.0558,56.7942],[23.0362,56.8068],[22.9754,56.8014],[22.9325,56.8103],[22.9235,56.8336],[22.9432,56.855],[22.9235,56.8747],[22.9182,56.889],[22.9164,56.9158],[22.8735,56.9248],[22.8306,56.9498],[22.818,56.9748],[22.8306,57.007],[22.8627,57.0106],[22.8788,57.0195],[22.8663,57.0374],[22.8556,57.0571],[22.8413,57.0785],[22.8967,57.0892],[22.9128,57.1035],[22.9414,57.1143],[22.9557,57.1268],[22.9309,57.1446],[22.9415,57.1525],[22.9467,57.1603],[22.9489,57.1679],[22.9673,57.1835],[22.9775,57.1871],[23.0399,57.2102],[23.0804,57.2385],[23.1128,57.2653],[23.1291,57.243],[23.1327,57.209],[23.1202,57.1715],[23.1005,57.1554],[23.113,57.1375],[23.1506,57.1232],[23.2042,57.1053],[23.231,57.066],[23.2132,57.0392],[23.1774,57.0124],[23.1685,56.9855],[23.1971,56.9677],[23.1774,56.9551],[23.1416,56.9355],[23.1488,56.9212],[23.2006,56.9301],[23.2775,56.9158],[23.3723,56.9104],[23.442,56.9265],[23.4772,56.9365],[23.492,56.9346]]]}},{"type":"Feature","properties":{"id":"LVA-5713","name":"Vainodes","nameBn":"ভিনোদ পৌরসভা","type":"Municipality","bounds":[21.6655,56.3237,21.9954,56.5733],"center":[21.8331,56.432]},"geometry":{"type":"Polygon","coordinates":[[[21.9653,56.3837],[21.7365,56.3237],[21.7252,56.3559],[21.7508,56.3687],[21.7508,56.3815],[21.7231,56.3815],[21.7018,56.3964],[21.6655,56.4178],[21.6847,56.4327],[21.6805,56.4647],[21.7338,56.4732],[21.7338,56.4988],[21.7082,56.5052],[21.7124,56.55],[21.753,56.5627],[21.7954,56.5733],[21.7932,56.5544],[21.8075,56.5385],[21.818,56.5308],[21.8331,56.524],[21.8508,56.5211],[21.8661,56.5204],[21.8935,56.523],[21.9042,56.5215],[21.9084,56.5175],[21.9101,56.5121],[21.9124,56.5079],[21.9206,56.5069],[21.9569,56.5142],[21.9667,56.5066],[21.9565,56.4936],[21.954,56.4878],[21.9576,56.4808],[21.9546,56.4706],[21.9895,56.4461],[21.9954,56.4393],[21.9878,56.4325],[21.9769,56.4291],[21.9616,56.4263],[21.9514,56.4211],[21.9456,56.4167],[21.9808,56.3904],[21.9827,56.3888],[21.9832,56.3884],[21.9653,56.3837]]]}},{"type":"Feature","properties":{"id":"LVA-1077","name":"Valkas","nameBn":"ভালকাস","type":"Municipality","bounds":[25.4663,57.4993,26.3629,57.9234],"center":[26.0635,57.6587]},"geometry":{"type":"Polygon","coordinates":[[[25.715,57.9234],[25.7303,57.9231],[25.7454,57.9092],[25.7547,57.8889],[25.7675,57.8689],[25.7926,57.856],[26.0027,57.846],[26.0145,57.8428],[26.022,57.8379],[26.0253,57.8284],[26.0218,57.8224],[26.0161,57.8165],[26.0131,57.8073],[26.0161,57.7867],[26.0247,57.7744],[26.1352,57.7248],[26.1685,57.7041],[26.2632,57.6208],[26.2972,57.5991],[26.3386,57.5832],[26.3513,57.5802],[26.3526,57.5762],[26.357,57.5707],[26.3522,57.5609],[26.3457,57.5519],[26.3441,57.5424],[26.3412,57.5378],[26.3443,57.5332],[26.3498,57.5297],[26.3545,57.5228],[26.3626,57.5198],[26.3629,57.5156],[26.3618,57.5128],[26.3115,57.4993],[26.3016,57.5277],[26.2821,57.5253],[26.2454,57.5228],[26.2406,57.5424],[26.1844,57.5472],[26.1551,57.5472],[26.1234,57.5692],[26.094,57.5594],[26.0501,57.5594],[25.9768,57.5497],[25.9451,57.5301],[25.8963,57.5301],[25.8889,57.5497],[25.9036,57.5692],[25.9011,57.5887],[25.8767,57.6034],[25.9329,57.6083],[25.9597,57.6205],[25.9793,57.6498],[25.989,57.6718],[25.8596,57.684],[25.8572,57.7035],[25.8279,57.706],[25.8474,57.7524],[25.7351,57.7304],[25.6887,57.7377],[25.6605,57.7502],[25.6166,57.758],[25.5963,57.7737],[25.5648,57.7826],[25.5529,57.7924],[25.5551,57.7996],[25.5602,57.8076],[25.5554,57.8161],[25.5423,57.8207],[25.526,57.83],[25.5111,57.841],[25.4663,57.8598],[25.4695,57.8739],[25.5012,57.8682],[25.5223,57.8689],[25.535,57.8744],[25.5465,57.8769],[25.5566,57.88],[25.5659,57.8799],[25.5741,57.8808],[25.5828,57.8831],[25.6135,57.8661],[25.6534,57.8637],[25.6573,57.8786],[25.6605,57.8927],[25.6661,57.9144],[25.7038,57.9213],[25.715,57.9234]]]}},{"type":"Feature","properties":{"id":"LVA-1093","name":"Valmiera","nameBn":"ভাল্মিরা","type":"Republican City","bounds":[25.3724,57.5059,25.4569,57.5561],"center":[25.4161,57.5374]},"geometry":{"type":"Polygon","coordinates":[[[25.4569,57.5373],[25.4522,57.5153],[25.4319,57.5059],[25.3959,57.5091],[25.3771,57.5091],[25.3724,57.5279],[25.3787,57.5498],[25.4115,57.5561],[25.4397,57.5561],[25.4569,57.5373]]]}},{"type":"Feature","properties":{"id":"LVA-5800","name":"Varaklanu","nameBn":"ভাল্মিরা","type":"Municipality","bounds":[26.3756,56.5431,26.7924,56.7231],"center":[26.643,56.6336]},"geometry":{"type":"Polygon","coordinates":[[[26.7726,56.681],[26.7713,56.6775],[26.7775,56.6637],[26.7781,56.6559],[26.7809,56.645],[26.7772,56.6326],[26.7797,56.6215],[26.7885,56.6155],[26.7924,56.6103],[26.7888,56.6071],[26.7497,56.5958],[26.7365,56.5873],[26.7293,56.5783],[26.7437,56.5588],[26.7223,56.5431],[26.7064,56.5461],[26.6278,56.5437],[26.6085,56.5447],[26.5959,56.547],[26.5866,56.5514],[26.5834,56.5635],[26.5938,56.5951],[26.5225,56.5999],[26.4845,56.6061],[26.4014,56.6339],[26.3756,56.6359],[26.3885,56.6777],[26.5357,56.6777],[26.5764,56.6918],[26.6077,56.6902],[26.6265,56.7043],[26.6484,56.7168],[26.6829,56.7215],[26.7079,56.7231],[26.711,56.7075],[26.7439,56.6965],[26.7726,56.681]]]}},{"type":"Feature","properties":{"id":"LVA-5751","name":"Varkavas","nameBn":"ভারকাভা পৌরসভা","type":"Municipality","bounds":[26.2931,56.1211,26.6736,56.3133],"center":[26.5122,56.2165]},"geometry":{"type":"Polygon","coordinates":[[[26.5075,56.1323],[26.4845,56.1678],[26.4554,56.1804],[26.4166,56.1835],[26.3808,56.1969],[26.3354,56.1897],[26.3117,56.2265],[26.2931,56.2844],[26.3531,56.2741],[26.3551,56.3113],[26.38,56.3133],[26.4027,56.2823],[26.442,56.2658],[26.5102,56.2678],[26.5619,56.2678],[26.6012,56.2823],[26.6405,56.2761],[26.6591,56.2596],[26.6736,56.2182],[26.6715,56.1769],[26.6467,56.1645],[26.6033,56.1665],[26.6178,56.15],[26.6479,56.1353],[26.6248,56.1211],[26.6206,56.1249],[26.6096,56.1322],[26.5762,56.148],[26.5707,56.154],[26.5566,56.1566],[26.5439,56.1421],[26.5408,56.1339],[26.5075,56.1323]]]}},{"type":"Feature","properties":{"id":"LVA-5797","name":"Vecpiebalgas","nameBn":"ভাল্মিরা","type":"Municipality","bounds":[25.4929,56.9626,25.9236,57.2787],"center":[25.7024,57.108]},"geometry":{"type":"Polygon","coordinates":[[[25.7451,57.2751],[25.7543,57.2776],[25.7699,57.2787],[25.7607,57.2554],[25.7528,57.2445],[25.745,57.2132],[25.7716,57.1991],[25.7638,57.1693],[25.7748,57.1537],[25.8045,57.1349],[25.839,57.1208],[25.8624,57.1208],[25.8812,57.0973],[25.9231,57.0974],[25.9076,57.07],[25.9062,57.0614],[25.8995,57.0502],[25.8967,57.0376],[25.8957,57.0263],[25.9043,57.014],[25.9112,57.0068],[25.92,57.0001],[25.9236,56.993],[25.9208,56.9819],[25.9178,56.9752],[25.8864,56.9642],[25.8541,56.9626],[25.8503,56.9664],[25.8449,56.9703],[25.8418,56.9738],[25.8375,56.9768],[25.8339,56.9797],[25.8297,56.9824],[25.8226,56.985],[25.8137,56.9868],[25.796,56.985],[25.7875,56.9817],[25.7794,56.981],[25.7695,56.9835],[25.7549,56.9933],[25.7271,56.9987],[25.7054,56.9937],[25.6973,56.9861],[25.6295,56.9631],[25.6336,56.9749],[25.6391,56.9845],[25.637,56.9902],[25.6385,56.993],[25.6385,56.9948],[25.634,56.9947],[25.6027,56.9844],[25.5823,56.9819],[25.5651,56.9821],[25.5172,56.9951],[25.504,56.9948],[25.5102,57.0081],[25.4929,57.0269],[25.507,57.0362],[25.529,57.0206],[25.5477,57.0206],[25.5869,57.0503],[25.6166,57.066],[25.6182,57.0801],[25.5947,57.1098],[25.565,57.113],[25.5415,57.1224],[25.5634,57.1474],[25.5728,57.1709],[25.5759,57.2038],[25.5603,57.2226],[25.5759,57.2367],[25.5994,57.2476],[25.601,57.2648],[25.6386,57.2648],[25.6699,57.2742],[25.709,57.2664],[25.7451,57.2751]]]}},{"type":"Feature","properties":{"id":"LVA-5735","name":"Vecumnieku","nameBn":"ভুকুম্নিকি পৌরসভা","type":"Municipality","bounds":[24.3091,56.3097,25.0135,56.7136],"center":[24.6268,56.4823]},"geometry":{"type":"Polygon","coordinates":[[[24.871,56.4426],[24.8571,56.4354],[24.8534,56.4247],[24.8522,56.4137],[24.8459,56.4049],[24.8377,56.4039],[24.8156,56.4088],[24.8055,56.4085],[24.715,56.3863],[24.6786,56.3773],[24.6391,56.36],[24.5728,56.3098],[24.529,56.3222],[24.4807,56.3097],[24.4682,56.3312],[24.4915,56.3437],[24.5058,56.3616],[24.4521,56.3669],[24.4468,56.3812],[24.5147,56.3973],[24.5308,56.4099],[24.5129,56.4545],[24.4736,56.4832],[24.4378,56.4742],[24.4271,56.4939],[24.4003,56.51],[24.3806,56.5296],[24.3878,56.5529],[24.3484,56.5654],[24.3216,56.5636],[24.3091,56.6119],[24.3681,56.619],[24.3554,56.6616],[24.374,56.6596],[24.373,56.6663],[24.3761,56.6684],[24.3837,56.6709],[24.415,56.6743],[24.4279,56.6777],[24.4434,56.6842],[24.4824,56.7047],[24.5219,56.7136],[24.5561,56.707],[24.6009,56.707],[24.6341,56.6769],[24.5897,56.661],[24.5928,56.643],[24.5997,56.6207],[24.6172,56.6072],[24.6299,56.6015],[24.6568,56.5998],[24.6625,56.5969],[24.663,56.594],[24.6603,56.5905],[24.6614,56.5883],[24.6661,56.5872],[24.6737,56.5865],[24.6912,56.5817],[24.6971,56.5789],[24.6972,56.5762],[24.6814,56.5713],[24.6713,56.5668],[24.6644,56.5568],[24.6571,56.5436],[24.7325,56.5442],[24.95,56.5786],[24.9563,56.5511],[24.9956,56.5511],[25.0135,56.4957],[24.9205,56.4867],[24.9116,56.4724],[24.9009,56.4599],[24.8776,56.4545],[24.871,56.4426]]]}},{"type":"Feature","properties":{"id":"LVA-934","name":"Ventspils","nameBn":"ভেন্টস্পিলস","type":"Municipality","bounds":[21.3282,56.9424,22.3089,57.6576],"center":[21.8185,57.3367]},"geometry":{"type":"Polygon","coordinates":[[[21.3282,56.9736],[21.3601,56.9897],[21.3825,57.0089],[21.4016,57.0375],[21.4136,57.0732],[21.4148,57.1138],[21.4119,57.1245],[21.4011,57.1513],[21.4032,57.1621],[21.4126,57.1762],[21.4148,57.1849],[21.4126,57.2501],[21.4148,57.2709],[21.4214,57.2887],[21.4336,57.3065],[21.4495,57.32],[21.4666,57.3255],[21.4802,57.3336],[21.5115,57.3787],[21.5277,57.3582],[21.542,57.341],[21.5656,57.3422],[21.5917,57.3608],[21.6264,57.3546],[21.6215,57.3894],[21.6748,57.4009],[21.6423,57.457],[21.6326,57.4666],[21.6217,57.4732],[21.6992,57.5553],[21.7297,57.5738],[21.7717,57.5861],[21.9559,57.593],[21.9993,57.6003],[22.1945,57.6576],[22.2064,57.6269],[22.2129,57.6209],[22.2238,57.6232],[22.2356,57.6197],[22.2471,57.5996],[22.2454,57.5883],[22.2504,57.576],[22.259,57.5643],[22.2685,57.5555],[22.2721,57.5491],[22.2742,57.5173],[22.2719,57.5072],[22.2038,57.4839],[22.1895,57.4764],[22.1745,57.4719],[22.1773,57.4651],[22.1774,57.4591],[22.1667,57.451],[22.1379,57.4375],[22.078,57.4232],[22.1517,57.4046],[22.1864,57.4016],[22.2449,57.4071],[22.2596,57.3979],[22.2767,57.3872],[22.2821,57.3814],[22.286,57.3512],[22.286,57.3343],[22.2949,57.3215],[22.3089,57.2889],[22.3042,57.2865],[22.3014,57.2765],[22.2971,57.2711],[22.2738,57.265],[22.2331,57.2434],[22.194,57.2124],[22.1881,57.1987],[22.1903,57.1953],[22.2041,57.1908],[22.2064,57.1779],[22.1996,57.1661],[22.1964,57.1575],[22.1956,57.1534],[22.1951,57.1491],[22.1953,57.1321],[22.1943,57.1281],[22.1925,57.1246],[22.1727,57.1166],[22.0952,57.1016],[22.0753,57.102],[22.0153,57.1137],[21.9965,57.1074],[21.952,57.0984],[21.9366,57.0972],[21.8601,57.0993],[21.8499,57.0984],[21.8399,57.093],[21.8219,57.0853],[21.7831,57.0852],[21.7895,57.0953],[21.7898,57.0998],[21.7892,57.1041],[21.767,57.1071],[21.7116,57.1168],[21.6924,57.1142],[21.6641,57.1163],[21.6539,57.1162],[21.6414,57.1142],[21.6263,57.1041],[21.593,57.0873],[21.5738,57.0856],[21.539,57.0706],[21.5062,57.0756],[21.503,57.0583],[21.4892,57.051],[21.4849,57.0285],[21.4736,57.013],[21.4749,56.9864],[21.472,56.9714],[21.4543,56.9603],[21.4467,56.9497],[21.3958,56.9424],[21.3848,56.9565],[21.3626,56.9667],[21.3318,56.9736],[21.3282,56.9736]]]}},{"type":"Feature","properties":{"id":"LVA-4852","name":"Ventspils","nameBn":"ভেন্টস্পিলস","type":"Republican City","bounds":[21.5115,57.341,21.6748,57.4732],"center":[21.5869,57.396]},"geometry":{"type":"Polygon","coordinates":[[[21.5115,57.3787],[21.5178,57.3876],[21.5891,57.4388],[21.6217,57.4732],[21.6326,57.4666],[21.6423,57.457],[21.6748,57.4009],[21.6215,57.3894],[21.6264,57.3546],[21.5917,57.3608],[21.5656,57.3422],[21.542,57.341],[21.5277,57.3582],[21.5115,57.3787]]]}},{"type":"Feature","properties":{"id":"LVA-5733","name":"Viesites","nameBn":"ভিসাইত পৌরসভা","type":"Municipality","bounds":[25.2936,56.1411,25.7361,56.4671],"center":[25.5306,56.2901]},"geometry":{"type":"Polygon","coordinates":[[[25.4548,56.1496],[25.3491,56.1599],[25.3495,56.1602],[25.3595,56.1682],[25.3718,56.1741],[25.4038,56.1755],[25.4086,56.1786],[25.4081,56.1825],[25.3955,56.2021],[25.4034,56.2316],[25.3722,56.2558],[25.3564,56.2616],[25.3375,56.2759],[25.3105,56.2874],[25.3109,56.2978],[25.3243,56.3093],[25.342,56.317],[25.3629,56.3227],[25.3703,56.3273],[25.3614,56.3348],[25.3054,56.3307],[25.2992,56.3342],[25.2962,56.3369],[25.2982,56.3425],[25.3021,56.3494],[25.2985,56.3656],[25.2982,56.3771],[25.2936,56.4079],[25.2962,56.4208],[25.3313,56.4213],[25.3935,56.411],[25.4556,56.4134],[25.4762,56.4189],[25.5054,56.4364],[25.5235,56.4448],[25.5478,56.4449],[25.5667,56.4476],[25.5738,56.4529],[25.5834,56.4586],[25.5907,56.4608],[25.5946,56.4671],[25.6159,56.4467],[25.6115,56.4312],[25.636,56.4089],[25.6582,56.3933],[25.676,56.3666],[25.7272,56.3688],[25.7339,56.351],[25.7361,56.3287],[25.7339,56.2998],[25.6805,56.2931],[25.6938,56.2286],[25.6938,56.2085],[25.6738,56.184],[25.6497,56.1438],[25.59,56.1411],[25.5729,56.143],[25.5228,56.1566],[25.4548,56.1496]]]}},{"type":"Feature","properties":{"id":"LVA-5742","name":"Vilakas","nameBn":"ভিলাকা পৌরসভা","type":"Municipality","bounds":[27.4029,57.0184,27.8461,57.3564],"center":[27.6287,57.1775]},"geometry":{"type":"Polygon","coordinates":[[[27.6944,57.3564],[27.708,57.3481],[27.8091,57.3139],[27.8277,57.305],[27.8403,57.2906],[27.8461,57.2673],[27.8412,57.2112],[27.8339,57.1805],[27.8243,57.1591],[27.794,57.1434],[27.701,57.1188],[27.6822,57.1037],[27.6961,57.0855],[27.7221,57.078],[27.7455,57.068],[27.7507,57.0424],[27.7458,57.0315],[27.69,57.023],[27.6376,57.0184],[27.6308,57.0389],[27.5898,57.0435],[27.5533,57.0389],[27.5419,57.0777],[27.5146,57.0799],[27.4553,57.1141],[27.4029,57.1597],[27.4257,57.2121],[27.4462,57.244],[27.4871,57.2739],[27.5017,57.2648],[27.5189,57.2593],[27.5268,57.2599],[27.5556,57.2589],[27.5712,57.277],[27.5873,57.2826],[27.6002,57.2978],[27.6523,57.3137],[27.6623,57.3184],[27.6723,57.3202],[27.6819,57.3268],[27.6885,57.3326],[27.6944,57.3564]]]}},{"type":"Feature","properties":{"id":"LVA-5753","name":"Vilanu","nameBn":"ভিলানু","type":"Municipality","bounds":[26.7293,56.4476,27.0413,56.681],"center":[26.8884,56.5518]},"geometry":{"type":"Polygon","coordinates":[[[26.8332,56.4948],[26.8203,56.4955],[26.8076,56.4985],[26.8009,56.5072],[26.7755,56.512],[26.8261,56.5242],[26.8157,56.54],[26.7711,56.5561],[26.7437,56.5588],[26.7293,56.5783],[26.7365,56.5873],[26.7497,56.5958],[26.7888,56.6071],[26.7924,56.6103],[26.7885,56.6155],[26.7797,56.6215],[26.7772,56.6326],[26.7809,56.645],[26.7781,56.6559],[26.7775,56.6637],[26.7713,56.6775],[26.7726,56.681],[26.8083,56.6657],[26.8523,56.6579],[26.8834,56.6372],[26.9144,56.601],[26.9818,56.5932],[27.0051,56.5621],[27.0076,56.5233],[27.0413,56.4664],[27.0335,56.4482],[26.9921,56.4508],[26.9254,56.4476],[26.9331,56.4549],[26.9498,56.4582],[26.9584,56.4611],[26.9527,56.4769],[26.9023,56.4792],[26.8659,56.4858],[26.8579,56.4925],[26.8473,56.4955],[26.8332,56.4948]]]}},{"type":"Feature","properties":{"id":"LVA-5746","name":"Zilupes","nameBn":"জিলুপ পৌরসভা","type":"Municipality","bounds":[27.8412,56.1407,28.2173,56.4379],"center":[28.1072,56.3391]},"geometry":{"type":"Polygon","coordinates":[[[28.1679,56.4271],[28.1643,56.3928],[28.1671,56.3699],[28.1744,56.3496],[28.2148,56.2814],[28.2173,56.2707],[28.2153,56.256],[28.2094,56.2481],[28.2014,56.2417],[28.1931,56.231],[28.1844,56.2075],[28.1786,56.1839],[28.1691,56.1617],[28.1489,56.1424],[28.111,56.1568],[28.0682,56.1476],[28.0511,56.1407],[28.0509,56.1411],[28.0473,56.1509],[28.0437,56.158],[28.0626,56.1821],[28.0775,56.1967],[28.0704,56.2085],[28.0897,56.2385],[28.1208,56.2748],[28.0949,56.2981],[28.0431,56.3136],[28.0043,56.3317],[27.9318,56.3084],[27.9163,56.2851],[27.8645,56.2851],[27.8412,56.3214],[27.8775,56.3317],[27.9137,56.355],[27.9551,56.3783],[27.9914,56.3758],[28.0121,56.3835],[27.9914,56.4042],[27.9784,56.4327],[28.0224,56.4379],[28.069,56.4224],[28.1182,56.4224],[28.1679,56.4271]]]}},{"type":"Feature","properties":{"id":"LVA-5754","name":"Ādaži","nameBn":"আদাজি পৌরসভা","type":"Municipality","bounds":[24.2473,57.0281,24.5087,57.1838],"center":[24.3855,57.108]},"geometry":{"type":"Polygon","coordinates":[[[24.3488,57.1838],[24.3724,57.1824],[24.3947,57.1783],[24.4253,57.181],[24.467,57.1824],[24.5087,57.1059],[24.5018,57.0948],[24.4587,57.0726],[24.4072,57.0614],[24.3627,57.0573],[24.321,57.0281],[24.2904,57.0309],[24.2612,57.042],[24.2473,57.0601],[24.2584,57.0754],[24.2654,57.099],[24.321,57.1129],[24.3377,57.1282],[24.3419,57.163],[24.3488,57.1838]]]}}]}