{"type":"FeatureCollection","features":[{"type":"Feature","properties":{"id":"MDG-5860","name":"Alaotra-Mangoro","nameBn":"আলাওত্রা-মাঙ্গোরো","type":"Autonomous Province","bounds":[47.8499,-19.7956,48.9168,-16.2399],"center":[48.3868,-17.8014]},"geometry":{"type":"Polygon","coordinates":[[[47.8754,-19.5943],[47.8726,-19.575],[47.8727,-19.5513],[47.8744,-19.5429],[47.8766,-19.5364],[47.8904,-19.5141],[47.8974,-19.4999],[47.9,-19.4891],[47.9012,-19.4766],[47.9029,-19.47],[47.9059,-19.4651],[47.9194,-19.45],[47.9365,-19.4248],[47.9404,-19.4167],[47.9428,-19.4095],[47.9459,-19.3944],[47.9529,-19.3291],[47.9532,-19.3164],[47.9506,-19.2967],[47.9503,-19.2616],[47.9445,-19.2464],[47.9432,-19.2388],[47.9425,-19.229],[47.9442,-19.1997],[47.9436,-19.1914],[47.9419,-19.1864],[47.9095,-19.1258],[47.9073,-19.118],[47.9056,-19.1045],[47.906,-19.0964],[47.9074,-19.0895],[47.9242,-19.0575],[47.9289,-19.0446],[47.9303,-19.0345],[47.9304,-19.022],[47.9317,-19.015],[47.934,-19.0094],[47.9391,-19.0023],[47.9432,-18.995],[47.9473,-18.9853],[47.9489,-18.9753],[47.952,-18.9272],[47.9512,-18.9046],[47.954,-18.8708],[47.9534,-18.8648],[47.9459,-18.8373],[47.9425,-18.8132],[47.9402,-18.7361],[47.9529,-18.6694],[47.9863,-18.5784],[47.9903,-18.5609],[47.9911,-18.5481],[47.9902,-18.5354],[47.9984,-18.4517],[47.9975,-18.4158],[47.9989,-18.4069],[48.0001,-18.4013],[48.0018,-18.3982],[48.0074,-18.3908],[48.0237,-18.3773],[48.0277,-18.3721],[48.0326,-18.3635],[48.0336,-18.3564],[48.0335,-18.3498],[48.0321,-18.3446],[48.0298,-18.3399],[48.0216,-18.3269],[48.0198,-18.3198],[48.0189,-18.31],[48.0189,-18.2825],[48.0173,-18.2751],[48.002,-18.2494],[47.999,-18.2429],[47.9979,-18.234],[48.0001,-18.1723],[47.9998,-18.1702],[47.9987,-18.1671],[47.9956,-18.1497],[47.9948,-18.1301],[47.9965,-18.1189],[47.9989,-18.1095],[48.0026,-18.1005],[48.0027,-18.0942],[48.0016,-18.0895],[47.9958,-18.0798],[47.9917,-18.07],[47.9869,-18.0473],[47.9835,-18.0368],[47.9761,-18.0233],[47.9744,-18.0179],[47.9707,-17.9737],[47.9691,-17.9684],[47.9664,-17.9641],[47.9628,-17.9608],[47.9582,-17.9581],[47.9428,-17.9518],[47.934,-17.9464],[47.93,-17.9433],[47.9162,-17.9354],[47.9121,-17.9323],[47.909,-17.9266],[47.907,-17.9216],[47.9028,-17.9003],[47.9357,-17.8568],[47.9622,-17.8093],[47.9652,-17.7983],[47.9624,-17.7864],[47.9616,-17.7788],[47.9621,-17.7672],[47.9644,-17.7606],[47.9673,-17.7558],[47.9785,-17.7455],[47.9857,-17.7369],[47.9883,-17.7296],[47.9891,-17.7231],[47.9886,-17.7072],[47.9903,-17.694],[47.993,-17.6869],[47.9962,-17.682],[47.9995,-17.6796],[48.0021,-17.6782],[48.0065,-17.6766],[48.0114,-17.6753],[48.0175,-17.6748],[48.0234,-17.6756],[48.0302,-17.6753],[48.0375,-17.6732],[48.0491,-17.6631],[48.0541,-17.6558],[48.057,-17.6485],[48.0617,-17.6179],[48.0639,-17.5814],[48.0673,-17.5663],[48.0716,-17.5613],[48.0827,-17.5578],[48.0856,-17.5536],[48.0873,-17.5478],[48.0873,-17.5249],[48.09,-17.5116],[48.0935,-17.505],[48.0979,-17.5004],[48.1084,-17.493],[48.1149,-17.4868],[48.1162,-17.4814],[48.1154,-17.4687],[48.1179,-17.4588],[48.1185,-17.4523],[48.1172,-17.4468],[48.1129,-17.4444],[48.0941,-17.4424],[48.0895,-17.4389],[48.0864,-17.4333],[48.0846,-17.4237],[48.0858,-17.4173],[48.0884,-17.4124],[48.1016,-17.4023],[48.1072,-17.3958],[48.1106,-17.3876],[48.1204,-17.3455],[48.1231,-17.3376],[48.1262,-17.3319],[48.1359,-17.3225],[48.143,-17.3141],[48.1554,-17.2958],[48.1606,-17.2858],[48.1632,-17.2777],[48.1582,-17.2601],[48.1576,-17.2497],[48.1593,-17.2437],[48.1626,-17.2391],[48.1703,-17.2327],[48.1765,-17.2251],[48.198,-17.1871],[48.2026,-17.1735],[48.2042,-17.1637],[48.2023,-17.1584],[48.2001,-17.1537],[48.198,-17.1474],[48.1961,-17.1394],[48.195,-17.1261],[48.193,-17.1183],[48.1903,-17.1124],[48.1885,-17.1056],[48.1877,-17.0963],[48.1888,-17.0795],[48.1872,-17.0709],[48.184,-17.0654],[48.1788,-17.0632],[48.1664,-17.0615],[48.1533,-17.062],[48.1468,-17.0615],[48.1409,-17.0603],[48.1357,-17.0583],[48.1185,-17.0471],[48.1042,-17.0331],[48.0815,-17.0019],[48.0809,-16.9972],[48.0803,-16.9721],[48.0777,-16.963],[48.0735,-16.9565],[48.069,-16.9516],[48.0684,-16.9467],[48.0796,-16.9144],[48.0799,-16.9057],[48.0778,-16.8995],[48.0736,-16.8966],[48.0642,-16.8918],[48.0591,-16.8898],[48.0546,-16.8872],[48.0507,-16.884],[48.0479,-16.8799],[48.0434,-16.8703],[48.0405,-16.8661],[48.0369,-16.8626],[48.0329,-16.8596],[48.0283,-16.857],[48.0242,-16.853],[48.0207,-16.8475],[48.0178,-16.8298],[48.0158,-16.8237],[48.0131,-16.8194],[48.0097,-16.8158],[48.0024,-16.8104],[47.9975,-16.8057],[47.9945,-16.8024],[47.9922,-16.798],[47.9888,-16.7877],[47.9861,-16.7832],[47.983,-16.7793],[47.9796,-16.7758],[47.9734,-16.7679],[47.9585,-16.7544],[47.9528,-16.7461],[47.948,-16.7338],[47.9453,-16.7239],[47.9463,-16.7164],[47.9487,-16.7094],[47.9534,-16.7008],[47.9545,-16.6938],[47.9531,-16.6573],[47.9492,-16.6325],[47.9461,-16.6218],[47.9419,-16.612],[47.9269,-16.5851],[47.9253,-16.5799],[47.9169,-16.534],[47.9168,-16.5149],[47.9197,-16.491],[47.9213,-16.4849],[47.9281,-16.4694],[47.9301,-16.4626],[47.9382,-16.4028],[47.9383,-16.3937],[47.9368,-16.3813],[47.9294,-16.3467],[47.9294,-16.338],[47.9304,-16.3309],[47.9371,-16.3165],[47.943,-16.3083],[47.9503,-16.3015],[47.9628,-16.293],[47.9706,-16.2852],[47.9739,-16.278],[47.9747,-16.2713],[47.9744,-16.2591],[47.9768,-16.2537],[47.9809,-16.2517],[47.9857,-16.2533],[47.9942,-16.258],[47.9989,-16.2586],[48.002,-16.2583],[48.0063,-16.2566],[48.015,-16.2518],[48.0203,-16.2506],[48.0255,-16.2506],[48.0312,-16.2518],[48.0412,-16.2559],[48.0524,-16.2586],[48.0646,-16.2588],[48.0704,-16.2582],[48.0764,-16.2586],[48.0814,-16.2605],[48.0907,-16.2658],[48.0957,-16.2677],[48.1013,-16.2689],[48.1262,-16.2703],[48.1328,-16.27],[48.1382,-16.2686],[48.1433,-16.2667],[48.1482,-16.2643],[48.1533,-16.2625],[48.1711,-16.2591],[48.1764,-16.2571],[48.1902,-16.2498],[48.1954,-16.2479],[48.2435,-16.2399],[48.2558,-16.2411],[48.2616,-16.2425],[48.2676,-16.2428],[48.2737,-16.2424],[48.2845,-16.2404],[48.2898,-16.2411],[48.2946,-16.2431],[48.2989,-16.2458],[48.3103,-16.2556],[48.3258,-16.2751],[48.3295,-16.2784],[48.3427,-16.2865],[48.3502,-16.2933],[48.355,-16.2957],[48.3601,-16.2977],[48.3783,-16.3012],[48.3831,-16.3035],[48.3865,-16.3071],[48.3883,-16.3123],[48.3896,-16.3316],[48.3916,-16.3364],[48.3945,-16.3395],[48.399,-16.34],[48.4088,-16.337],[48.4152,-16.3367],[48.4278,-16.337],[48.4509,-16.3329],[48.4565,-16.3334],[48.4614,-16.3352],[48.4692,-16.3406],[48.4804,-16.3505],[48.508,-16.3859],[48.5256,-16.3967],[48.5356,-16.401],[48.5573,-16.4079],[48.5769,-16.4172],[48.5938,-16.4285],[48.6008,-16.4356],[48.6033,-16.4401],[48.6064,-16.4508],[48.6092,-16.4551],[48.6132,-16.4582],[48.622,-16.4635],[48.6256,-16.4666],[48.6278,-16.4706],[48.6299,-16.4855],[48.6321,-16.4903],[48.6377,-16.4987],[48.6401,-16.5033],[48.6414,-16.509],[48.6435,-16.5333],[48.6423,-16.5443],[48.643,-16.5499],[48.6447,-16.5548],[48.6475,-16.5591],[48.6508,-16.5628],[48.6619,-16.5729],[48.6641,-16.5774],[48.6653,-16.5827],[48.665,-16.5883],[48.6636,-16.5938],[48.6594,-16.6038],[48.6436,-16.6301],[48.6392,-16.6397],[48.6361,-16.6508],[48.6354,-16.6571],[48.6354,-16.67],[48.6377,-16.6815],[48.6413,-16.6921],[48.6504,-16.7106],[48.6824,-16.7566],[48.6861,-16.76],[48.6906,-16.7628],[48.6961,-16.7642],[48.702,-16.764],[48.7075,-16.7627],[48.7122,-16.7606],[48.721,-16.7552],[48.7291,-16.749],[48.7477,-16.7322],[48.8328,-16.6752],[48.8377,-16.6731],[48.8431,-16.6715],[48.849,-16.671],[48.8611,-16.6715],[48.8782,-16.6687],[48.8841,-16.6692],[48.9049,-16.6768],[48.9106,-16.6781],[48.9168,-16.6787],[48.8923,-16.788],[48.8923,-16.8757],[48.8296,-17.026],[48.8547,-17.1889],[48.8046,-17.3016],[48.8699,-17.3742],[48.8171,-17.5021],[48.7294,-17.5647],[48.7545,-17.6148],[48.8547,-17.6649],[48.8797,-17.7526],[48.8422,-17.8529],[48.7169,-17.8529],[48.6543,-17.8779],[48.7169,-17.9531],[48.8046,-18.0533],[48.8171,-18.1535],[48.6918,-18.2287],[48.5666,-18.2537],[48.529,-18.3915],[48.529,-18.592],[48.5791,-18.7423],[48.6668,-18.9678],[48.6668,-19.1557],[48.5791,-19.1808],[48.5666,-19.3311],[48.3912,-19.3812],[48.4288,-19.5691],[48.3411,-19.5691],[48.3035,-19.7946],[48.1406,-19.7821],[48.0655,-19.7195],[47.9903,-19.7696],[47.8499,-19.7956],[47.8592,-19.7722],[47.8619,-19.747],[47.8619,-19.7411],[47.8603,-19.7331],[47.8575,-19.7235],[47.8553,-19.7119],[47.8539,-19.6507],[47.855,-19.6392],[47.8584,-19.6323],[47.8699,-19.6174],[47.8738,-19.6084],[47.8754,-19.6009],[47.8754,-19.5943]]]}},{"type":"Feature","properties":{"id":"MDG-5861","name":"Amoron'i Mania","nameBn":"আমোরোনি মানিয়া","type":"Autonomous Province","bounds":[45.7673,-21.0474,47.7811,-19.8827],"center":[46.7822,-20.5449]},"geometry":{"type":"Polygon","coordinates":[[[45.7839,-19.8827],[45.806,-19.9046],[45.8315,-19.918],[45.8387,-19.9189],[45.8474,-19.9189],[45.8558,-19.9175],[45.862,-19.9145],[45.8718,-19.9078],[45.8789,-19.9073],[45.8861,-19.9096],[45.909,-19.9141],[45.9582,-19.935],[46.0228,-19.9384],[46.0294,-19.9424],[46.0424,-19.9544],[46.05,-19.9589],[46.0571,-19.959],[46.0753,-19.9559],[46.0842,-19.9589],[46.0952,-19.9733],[46.1005,-20.0084],[46.1084,-20.0244],[46.1253,-20.0341],[46.142,-20.036],[46.1548,-20.0415],[46.1599,-20.0619],[46.1627,-20.0837],[46.1701,-20.0828],[46.1941,-20.0551],[46.2187,-20.0388],[46.2279,-20.0299],[46.2357,-20.0135],[46.2484,-20.0241],[46.2784,-20.0387],[46.2896,-20.0477],[46.2965,-20.0619],[46.2979,-20.0781],[46.2919,-20.0912],[46.2766,-20.0961],[46.2845,-20.1086],[46.2946,-20.1327],[46.3039,-20.1439],[46.2801,-20.1572],[46.2761,-20.173],[46.2861,-20.1897],[46.3039,-20.206],[46.3442,-20.2319],[46.3671,-20.2425],[46.3865,-20.2469],[46.3994,-20.2439],[46.4233,-20.2303],[46.4349,-20.2264],[46.4472,-20.227],[46.4566,-20.2305],[46.4652,-20.2354],[46.4853,-20.2425],[46.5043,-20.2464],[46.5165,-20.2469],[46.5254,-20.2496],[46.531,-20.256],[46.5363,-20.2637],[46.5441,-20.2705],[46.5673,-20.2715],[46.5863,-20.2562],[46.603,-20.2394],[46.6192,-20.236],[46.686,-20.268],[46.708,-20.2742],[46.7323,-20.2721],[46.7489,-20.2629],[46.763,-20.2584],[46.78,-20.2705],[46.7994,-20.2799],[46.8192,-20.2731],[46.8357,-20.2626],[46.8451,-20.2606],[46.8703,-20.2591],[46.8759,-20.2567],[46.8799,-20.2536],[46.8836,-20.2502],[46.8901,-20.2424],[46.913,-20.2225],[46.944,-20.1895],[46.9528,-20.1769],[46.9562,-20.1731],[46.9695,-20.164],[46.9755,-20.1614],[46.9851,-20.16],[46.9913,-20.1612],[46.9963,-20.1633],[47.0074,-20.1701],[47.0264,-20.1784],[47.0345,-20.1795],[47.0411,-20.1787],[47.0714,-20.1661],[47.1175,-20.1638],[47.1254,-20.1623],[47.1451,-20.1535],[47.1622,-20.1503],[47.1797,-20.1501],[47.1889,-20.1487],[47.1943,-20.1451],[47.1957,-20.1397],[47.2008,-20.1097],[47.2014,-20.0916],[47.203,-20.0862],[47.2055,-20.0816],[47.2086,-20.0774],[47.2155,-20.0701],[47.2194,-20.0669],[47.2326,-20.0587],[47.2369,-20.0551],[47.2418,-20.052],[47.2489,-20.0497],[47.2547,-20.0505],[47.259,-20.0532],[47.262,-20.0574],[47.2649,-20.0628],[47.2691,-20.0681],[47.2767,-20.0739],[47.2833,-20.0754],[47.2885,-20.0739],[47.2922,-20.0705],[47.307,-20.0526],[47.3094,-20.0506],[47.3135,-20.0485],[47.3325,-20.0429],[47.3439,-20.0407],[47.3517,-20.0409],[47.3579,-20.0425],[47.3625,-20.0452],[47.3748,-20.0544],[47.3797,-20.0566],[47.4416,-20.0722],[47.452,-20.0731],[47.4593,-20.0717],[47.4632,-20.0684],[47.4662,-20.0642],[47.4683,-20.0592],[47.4714,-20.054],[47.4761,-20.0495],[47.4857,-20.0462],[47.4924,-20.0465],[47.4983,-20.0483],[47.5025,-20.0512],[47.5057,-20.0551],[47.5108,-20.0656],[47.5152,-20.0711],[47.5204,-20.0723],[47.5256,-20.0713],[47.5761,-20.0433],[47.5866,-20.0393],[47.6174,-20.0345],[47.623,-20.0327],[47.6272,-20.0298],[47.6411,-20.0152],[47.6459,-20.0113],[47.6521,-20.0086],[47.6621,-20.0064],[47.668,-20.0079],[47.6721,-20.0113],[47.6733,-20.0158],[47.6722,-20.0206],[47.6694,-20.0244],[47.6624,-20.0317],[47.6601,-20.036],[47.6592,-20.0407],[47.6606,-20.0453],[47.6637,-20.0489],[47.669,-20.0516],[47.6756,-20.0536],[47.6989,-20.0579],[47.704,-20.0599],[47.7087,-20.0625],[47.7124,-20.066],[47.7151,-20.0691],[47.7178,-20.0752],[47.7171,-20.1255],[47.7143,-20.1439],[47.7096,-20.1535],[47.6992,-20.182],[47.6828,-20.2462],[47.679,-20.2719],[47.6832,-20.3543],[47.6855,-20.363],[47.6885,-20.3671],[47.6921,-20.3706],[47.6949,-20.3749],[47.7011,-20.3898],[47.7045,-20.3935],[47.7084,-20.3966],[47.7245,-20.4024],[47.7293,-20.4049],[47.7337,-20.4078],[47.7442,-20.4186],[47.7481,-20.4217],[47.7573,-20.4271],[47.761,-20.4305],[47.7639,-20.4344],[47.7667,-20.4388],[47.7701,-20.4432],[47.7746,-20.4472],[47.7811,-20.4509],[47.6896,-20.5337],[47.6145,-20.5588],[47.6019,-20.6966],[47.5894,-20.7592],[47.5142,-20.7718],[47.4641,-20.8219],[47.4516,-20.9847],[47.3263,-20.9722],[47.2888,-20.9096],[47.2136,-20.8845],[47.0507,-20.9471],[46.9756,-21.0474],[46.8503,-21.0474],[46.7125,-20.9597],[46.6123,-20.8219],[46.5872,-20.7467],[46.4995,-20.7718],[46.4244,-20.7467],[46.3367,-20.7843],[46.249,-20.8595],[46.1738,-20.9346],[46.036,-20.9722],[45.9107,-21.0348],[45.7777,-21.0351],[45.7801,-21.03],[45.7817,-21.0249],[45.783,-21.0198],[45.7905,-20.9291],[45.7934,-20.9177],[45.7933,-20.9085],[45.7914,-20.896],[45.7844,-20.8723],[45.7819,-20.8598],[45.7814,-20.8504],[45.7826,-20.8383],[45.7822,-20.8262],[45.7829,-20.8204],[45.7892,-20.7915],[45.7911,-20.7864],[45.7965,-20.7774],[45.7988,-20.7726],[45.8005,-20.7671],[45.8024,-20.7478],[45.8036,-20.7417],[45.8058,-20.7366],[45.8094,-20.7329],[45.8143,-20.7307],[45.8339,-20.7286],[45.8395,-20.7268],[45.8435,-20.7237],[45.8465,-20.7195],[45.8476,-20.7137],[45.848,-20.7075],[45.844,-20.66],[45.8182,-20.5537],[45.8178,-20.5448],[45.8196,-20.5397],[45.8218,-20.5349],[45.8235,-20.5295],[45.8258,-20.5175],[45.8272,-20.4991],[45.8286,-20.4946],[45.83,-20.4914],[45.8398,-20.476],[45.8418,-20.4708],[45.8431,-20.4651],[45.8435,-20.4521],[45.8431,-20.4458],[45.8347,-20.4064],[45.8343,-20.4005],[45.835,-20.3944],[45.8381,-20.3835],[45.8423,-20.3735],[45.8438,-20.368],[45.8438,-20.36],[45.8425,-20.3504],[45.825,-20.2816],[45.8238,-20.2736],[45.8235,-20.2547],[45.8105,-20.2024],[45.8018,-20.1842],[45.7979,-20.1732],[45.796,-20.1651],[45.7962,-20.1504],[45.7956,-20.1404],[45.7926,-20.1323],[45.7864,-20.1217],[45.7848,-20.1145],[45.7851,-20.1083],[45.7866,-20.1028],[45.7872,-20.0969],[45.7866,-20.0782],[45.7872,-20.0718],[45.7889,-20.0664],[45.7917,-20.0621],[45.7954,-20.0586],[45.8038,-20.0529],[45.8078,-20.0497],[45.8105,-20.0451],[45.8114,-20.0393],[45.8095,-20.0252],[45.8103,-20.0191],[45.8145,-20.0079],[45.816,-20.0004],[45.815,-19.9949],[45.812,-19.9907],[45.8078,-19.9877],[45.7934,-19.9803],[45.785,-19.9744],[45.7801,-19.9701],[45.7752,-19.9643],[45.7689,-19.9542],[45.7673,-19.9466],[45.7681,-19.9406],[45.776,-19.9271],[45.778,-19.922],[45.7796,-19.9164],[45.7819,-19.8915],[45.7839,-19.8827]]]}},{"type":"Feature","properties":{"id":"MDG-5862","name":"Analamanga","nameBn":"আনালামাংগা","type":"Autonomous Province","bounds":[46.5908,-19.5943,48.0336,-17.7221],"center":[47.481,-18.4743]},"geometry":{"type":"Polygon","coordinates":[[[46.883,-17.7221],[46.8911,-17.7225],[46.8974,-17.7316],[46.9079,-17.7633],[46.9102,-17.7741],[46.9099,-17.7853],[46.906,-17.8062],[46.9102,-17.8147],[46.9215,-17.8194],[46.974,-17.8198],[47.0022,-17.8234],[47.0233,-17.8299],[47.0331,-17.8378],[47.0455,-17.852],[47.0546,-17.849],[47.0607,-17.8418],[47.0713,-17.8231],[47.0773,-17.8152],[47.093,-17.8025],[47.1023,-17.7973],[47.113,-17.7937],[47.151,-17.7887],[47.1614,-17.785],[47.1948,-17.7611],[47.2061,-17.7556],[47.2211,-17.7514],[47.2468,-17.7491],[47.2697,-17.7493],[47.296,-17.7536],[47.3387,-17.7675],[47.358,-17.7764],[47.3678,-17.784],[47.3675,-17.7922],[47.3679,-17.8005],[47.3696,-17.8109],[47.3771,-17.8305],[47.3831,-17.8385],[47.3909,-17.8449],[47.4201,-17.8589],[47.4286,-17.865],[47.4351,-17.8727],[47.4401,-17.882],[47.4488,-17.8913],[47.4644,-17.8981],[47.4925,-17.9057],[47.5351,-17.9116],[47.5687,-17.9068],[47.5826,-17.9115],[47.5895,-17.9197],[47.6012,-17.9392],[47.6106,-17.9473],[47.635,-17.9499],[47.6741,-17.9481],[47.8175,-17.9226],[47.8466,-17.9124],[47.9028,-17.9003],[47.907,-17.9216],[47.909,-17.9266],[47.9121,-17.9323],[47.9162,-17.9354],[47.93,-17.9433],[47.934,-17.9464],[47.9428,-17.9518],[47.9582,-17.9581],[47.9628,-17.9608],[47.9664,-17.9641],[47.9691,-17.9684],[47.9707,-17.9737],[47.9744,-18.0179],[47.9761,-18.0233],[47.9835,-18.0368],[47.9869,-18.0473],[47.9917,-18.07],[47.9958,-18.0798],[48.0016,-18.0895],[48.0027,-18.0942],[48.0026,-18.1005],[47.9989,-18.1095],[47.9965,-18.1189],[47.9948,-18.1301],[47.9956,-18.1497],[47.9987,-18.1671],[47.9998,-18.1702],[48.0001,-18.1723],[47.9979,-18.234],[47.999,-18.2429],[48.002,-18.2494],[48.0173,-18.2751],[48.0189,-18.2825],[48.0189,-18.31],[48.0198,-18.3198],[48.0216,-18.3269],[48.0298,-18.3399],[48.0321,-18.3446],[48.0335,-18.3498],[48.0336,-18.3564],[48.0326,-18.3635],[48.0277,-18.3721],[48.0237,-18.3773],[48.0074,-18.3908],[48.0018,-18.3982],[48.0001,-18.4013],[47.9989,-18.4069],[47.9975,-18.4158],[47.9984,-18.4517],[47.9902,-18.5354],[47.9911,-18.5481],[47.9903,-18.5609],[47.9863,-18.5784],[47.9529,-18.6694],[47.9402,-18.7361],[47.9425,-18.8132],[47.9459,-18.8373],[47.9534,-18.8648],[47.954,-18.8708],[47.9512,-18.9046],[47.952,-18.9272],[47.9489,-18.9753],[47.9473,-18.9853],[47.9432,-18.995],[47.9391,-19.0023],[47.934,-19.0094],[47.9317,-19.015],[47.9304,-19.022],[47.9303,-19.0345],[47.9289,-19.0446],[47.9242,-19.0575],[47.9074,-19.0895],[47.906,-19.0964],[47.9056,-19.1045],[47.9073,-19.118],[47.9095,-19.1258],[47.9419,-19.1864],[47.9436,-19.1914],[47.9442,-19.1997],[47.9425,-19.229],[47.9432,-19.2388],[47.9445,-19.2464],[47.9503,-19.2616],[47.9506,-19.2967],[47.9532,-19.3164],[47.9529,-19.3291],[47.9459,-19.3944],[47.9428,-19.4095],[47.9404,-19.4167],[47.9365,-19.4248],[47.9194,-19.45],[47.9059,-19.4651],[47.9029,-19.47],[47.9012,-19.4766],[47.9,-19.4891],[47.8974,-19.4999],[47.8904,-19.5141],[47.8766,-19.5364],[47.8744,-19.5429],[47.8727,-19.5513],[47.8726,-19.575],[47.8754,-19.5943],[47.7397,-19.494],[47.5644,-19.4188],[47.5644,-19.2935],[47.5894,-19.1557],[47.4767,-19.1557],[47.4266,-18.9929],[47.3194,-18.8211],[47.3062,-18.7922],[47.2778,-18.7818],[47.2468,-18.7621],[47.1769,-18.7477],[47.1306,-18.7367],[47.1118,-18.7114],[47.0709,-18.6904],[47.0392,-18.6463],[47.0264,-18.5995],[46.9923,-18.5711],[46.975,-18.5409],[46.944,-18.4017],[46.8431,-18.3084],[46.7102,-18.1342],[46.6231,-17.9142],[46.5908,-17.7448],[46.6571,-17.74],[46.7168,-17.7252],[46.7323,-17.7235],[46.7533,-17.7246],[46.7903,-17.7313],[46.8315,-17.7334],[46.8448,-17.7307],[46.8607,-17.7229],[46.8731,-17.7235],[46.883,-17.7221]]]}},{"type":"Feature","properties":{"id":"MDG-5863","name":"Analanjirofo","nameBn":"আনালাঞ্জিরোফো","type":"Autonomous Province","bounds":[48.7294,-17.7526,50.1309,-14.9405],"center":[49.5586,-16.5763]},"geometry":{"type":"MultiPolygon","coordinates":[[[[50.1309,-15.9194],[50.1067,-15.9225],[50.0575,-15.881],[50.0389,-15.8595],[50.0315,-15.8298],[50.0267,-15.7785],[50.0247,-15.7712],[50.0127,-15.7665],[49.9985,-15.7556],[49.9855,-15.7424],[49.9769,-15.7314],[49.9702,-15.718],[49.965,-15.7022],[49.9622,-15.6855],[49.9627,-15.6694],[49.9681,-15.653],[49.9746,-15.6397],[49.9758,-15.6266],[49.9661,-15.6114],[49.9597,-15.6056],[49.9539,-15.6026],[49.9475,-15.6013],[49.9387,-15.601],[49.9341,-15.5979],[49.9056,-15.5616],[49.9031,-15.5488],[49.9085,-15.5178],[49.909,-15.5003],[49.9011,-15.4496],[49.9025,-15.4436],[49.9061,-15.4378],[49.9074,-15.4309],[49.9011,-15.4223],[49.8963,-15.4207],[49.8776,-15.4189],[49.8514,-15.4321],[49.815,-15.436],[49.7503,-15.436],[49.7178,-15.4467],[49.6955,-15.4665],[49.6384,-15.5446],[49.6394,-15.5705],[49.661,-15.6277],[49.6621,-15.6418],[49.661,-15.6557],[49.6506,-15.683],[49.648,-15.683],[49.6546,-15.6955],[49.6662,-15.7062],[49.6773,-15.7193],[49.6853,-15.7529],[49.6995,-15.7857],[49.7063,-15.8362],[49.7163,-15.8674],[49.7311,-15.8942],[49.7337,-15.9057],[49.7305,-15.9225],[49.7232,-15.9394],[49.6926,-15.9915],[49.6836,-16.0203],[49.6831,-16.0536],[49.6898,-16.0868],[49.7026,-16.115],[49.7288,-16.1394],[49.794,-16.162],[49.8228,-16.1799],[49.8457,-16.2121],[49.8499,-16.2408],[49.8286,-16.3344],[49.8269,-16.3733],[49.8324,-16.408],[49.8504,-16.4229],[49.8606,-16.4294],[49.8631,-16.4445],[49.8592,-16.4831],[49.855,-16.4975],[49.854,-16.5051],[49.854,-16.5396],[49.8495,-16.5524],[49.7966,-16.641],[49.7678,-16.6734],[49.7232,-16.7081],[49.7249,-16.754],[49.7321,-16.7751],[49.7473,-16.7968],[49.7683,-16.8156],[49.7899,-16.8264],[49.8137,-16.8302],[49.8403,-16.8276],[49.8101,-16.8439],[49.7783,-16.8556],[49.7197,-16.864],[49.6948,-16.8771],[49.6445,-16.8815],[49.6245,-16.8857],[49.6084,-16.8966],[49.5957,-16.912],[49.529,-17.0417],[49.4824,-17.1676],[49.4313,-17.2839],[49.4214,-17.3552],[49.426,-17.3702],[49.4562,-17.4172],[49.475,-17.5137],[49.3307,-17.5271],[49.2932,-17.6023],[49.2932,-17.6775],[49.1679,-17.715],[49.0175,-17.7276],[48.8797,-17.7526],[48.8547,-17.6649],[48.7545,-17.6148],[48.7294,-17.5647],[48.8171,-17.5021],[48.8699,-17.3742],[48.8046,-17.3016],[48.8547,-17.1889],[48.8296,-17.026],[48.8923,-16.8757],[48.8923,-16.788],[48.9168,-16.6787],[48.966,-16.6702],[48.9732,-16.6678],[48.9821,-16.6632],[48.9858,-16.6586],[48.9861,-16.6534],[48.9839,-16.6492],[48.9744,-16.6376],[48.9691,-16.6289],[48.968,-16.6228],[48.9682,-16.6159],[48.9716,-16.6063],[48.9765,-16.5999],[48.9825,-16.5939],[48.992,-16.5864],[49.0002,-16.578],[49.0044,-16.5711],[49.0148,-16.547],[49.0275,-16.5263],[49.0325,-16.515],[49.0351,-16.5057],[49.0344,-16.4922],[49.0353,-16.4838],[49.0393,-16.4715],[49.0444,-16.4661],[49.0505,-16.4635],[49.0567,-16.4632],[49.0624,-16.4621],[49.068,-16.4605],[49.1074,-16.4413],[49.1276,-16.4262],[49.1429,-16.404],[49.1458,-16.3973],[49.1471,-16.392],[49.1482,-16.3809],[49.1529,-16.3695],[49.2123,-16.2645],[49.217,-16.2531],[49.2191,-16.2439],[49.2182,-16.2382],[49.2167,-16.2327],[49.2105,-16.2186],[49.21,-16.2134],[49.2109,-16.2019],[49.2106,-16.1959],[49.2095,-16.1901],[49.2074,-16.1854],[49.2041,-16.1815],[49.1999,-16.1787],[49.1893,-16.1747],[49.1779,-16.1721],[49.1383,-16.1702],[49.1073,-16.1653],[49.0138,-16.1232],[49.0098,-16.1203],[49.0062,-16.1168],[49.0045,-16.1107],[49.0058,-16.1021],[49.0197,-16.0705],[49.0287,-16.0355],[49.029,-16.0332],[49.039,-16.0039],[49.0461,-15.9896],[49.052,-15.9819],[49.0767,-15.9564],[49.0908,-15.938],[49.1039,-15.9131],[49.1063,-15.9044],[49.1071,-15.8975],[49.106,-15.8854],[49.0941,-15.8281],[49.0875,-15.807],[49.079,-15.7879],[49.0734,-15.7792],[49.061,-15.7636],[49.0585,-15.759],[49.057,-15.7537],[49.0564,-15.7477],[49.0564,-15.7413],[49.0582,-15.7294],[49.0706,-15.6858],[49.0875,-15.5631],[49.0875,-15.557],[49.0868,-15.5516],[49.085,-15.5466],[49.083,-15.5418],[49.081,-15.5356],[49.0799,-15.528],[49.0815,-15.5152],[49.0843,-15.5083],[49.0875,-15.5028],[49.1039,-15.4886],[49.1146,-15.4757],[49.1192,-15.4674],[49.1214,-15.4602],[49.1208,-15.4555],[49.1184,-15.4524],[49.1146,-15.4524],[49.1051,-15.4553],[49.0998,-15.4555],[49.0952,-15.4537],[49.0908,-15.4512],[49.0866,-15.4481],[49.0821,-15.4461],[49.0767,-15.4457],[49.0664,-15.4484],[49.0604,-15.4491],[49.0539,-15.449],[49.048,-15.4477],[49.0427,-15.4459],[49.0381,-15.4435],[49.034,-15.4405],[49.0309,-15.4366],[49.0261,-15.4276],[49.0245,-15.4221],[49.0234,-15.4164],[49.0222,-15.4038],[49.0205,-15.3985],[49.0155,-15.3896],[49.0137,-15.3831],[49.0137,-15.3748],[49.0163,-15.3612],[49.0202,-15.3547],[49.0248,-15.3504],[49.0363,-15.3476],[49.0621,-15.3445],[49.0734,-15.3416],[49.0792,-15.3407],[49.0852,-15.3407],[49.0966,-15.3423],[49.1028,-15.3424],[49.1087,-15.3414],[49.1141,-15.3398],[49.1423,-15.3258],[49.1641,-15.3193],[49.1737,-15.3149],[49.1782,-15.311],[49.1827,-15.306],[49.1884,-15.2981],[49.1929,-15.2933],[49.1975,-15.2895],[49.2064,-15.2841],[49.2114,-15.282],[49.2167,-15.2803],[49.2226,-15.2792],[49.2289,-15.2789],[49.2418,-15.2803],[49.2494,-15.2798],[49.2581,-15.2776],[49.2857,-15.2602],[49.2964,-15.2563],[49.3018,-15.2535],[49.311,-15.244],[49.3152,-15.2405],[49.3202,-15.2386],[49.3256,-15.2376],[49.3313,-15.238],[49.3478,-15.2429],[49.3538,-15.2435],[49.3606,-15.2419],[49.3682,-15.2362],[49.3726,-15.2308],[49.3757,-15.2254],[49.3794,-15.2151],[49.3802,-15.2091],[49.3805,-15.2027],[49.3798,-15.1967],[49.3782,-15.1913],[49.3757,-15.1867],[49.3699,-15.1788],[49.3678,-15.1741],[49.367,-15.1681],[49.367,-15.161],[49.3678,-15.1524],[49.3709,-15.1474],[49.3754,-15.1447],[49.381,-15.1444],[49.3861,-15.1456],[49.4015,-15.1514],[49.4136,-15.1537],[49.4266,-15.1542],[49.4338,-15.1528],[49.4403,-15.15],[49.4486,-15.1446],[49.4527,-15.139],[49.4555,-15.1332],[49.4578,-15.1146],[49.4572,-15.1019],[49.4562,-15.0961],[49.4547,-15.0914],[49.4519,-15.0848],[49.451,-15.0801],[49.451,-15.0738],[49.4525,-15.0664],[49.4612,-15.044],[49.4627,-15.0386],[49.4641,-15.0262],[49.4635,-15.0138],[49.4572,-14.9919],[49.4569,-14.9851],[49.457,-14.9773],[49.4595,-14.9665],[49.4631,-14.9613],[49.468,-14.959],[49.4727,-14.9602],[49.4772,-14.9625],[49.5002,-14.9783],[49.5033,-14.9799],[49.5076,-14.9816],[49.5132,-14.983],[49.5192,-14.9839],[49.5254,-14.9841],[49.5321,-14.9815],[49.5386,-14.9759],[49.5562,-14.9513],[49.5599,-14.9481],[49.5642,-14.9453],[49.569,-14.9431],[49.5785,-14.9405],[49.5859,-14.9411],[49.646,-14.9925],[49.6659,-15.0154],[49.6746,-15.0302],[49.6969,-15.0606],[49.7087,-15.0721],[49.7182,-15.0773],[49.7236,-15.0758],[49.8052,-15.0438],[49.81,-15.0415],[49.8205,-15.0409],[49.8355,-15.0423],[49.8845,-15.0514],[49.8957,-15.0517],[49.901,-15.0499],[49.9158,-15.0418],[49.9219,-15.0395],[49.9312,-15.0381],[49.937,-15.0395],[49.9421,-15.0419],[49.946,-15.0449],[49.953,-15.0521],[49.9719,-15.089],[50.0383,-15.1729],[50.0411,-15.1788],[50.0417,-15.1844],[50.0398,-15.189],[50.0366,-15.1926],[50.0325,-15.1957],[50.0282,-15.1982],[50.0025,-15.209],[49.9963,-15.2126],[49.9928,-15.2153],[49.9892,-15.2186],[49.9829,-15.226],[49.9846,-15.2342],[49.9908,-15.2457],[50.0116,-15.2692],[50.0198,-15.2814],[50.0243,-15.291],[50.0235,-15.2967],[50.0217,-15.3017],[50.011,-15.3188],[50.0088,-15.3237],[50.004,-15.347],[50.0031,-15.3593],[50.0035,-15.3653],[50.0045,-15.3711],[50.0094,-15.3812],[50.0452,-15.4343],[50.0499,-15.4442],[50.0501,-15.4504],[50.049,-15.4561],[50.0476,-15.4615],[50.0293,-15.5061],[50.0279,-15.5117],[50.0271,-15.5177],[50.028,-15.543],[50.0276,-15.5491],[50.0175,-15.5877],[50.0173,-15.5941],[50.0186,-15.6017],[50.0349,-15.6397],[50.048,-15.6798],[50.0517,-15.7109],[50.0552,-15.7268],[50.0606,-15.741],[50.0661,-15.7507],[50.0752,-15.7636],[50.0789,-15.7718],[50.0808,-15.7794],[50.0831,-15.7978],[50.1221,-15.9144],[50.1285,-15.9196],[50.1309,-15.9194]]],[[[49.9558,-16.7797],[49.9595,-16.7653],[49.9612,-16.7496],[49.9646,-16.7341],[49.9732,-16.7211],[49.9854,-16.7118],[50.0241,-16.6904],[50.0199,-16.7145],[49.9837,-16.7867],[49.9574,-16.864],[49.9085,-16.967],[49.8728,-17.0131],[49.8445,-17.0722],[49.8262,-17.0944],[49.8174,-17.0672],[49.8225,-17.0413],[49.8465,-16.9914],[49.8508,-16.9777],[49.853,-16.9648],[49.854,-16.9368],[49.8573,-16.9197],[49.8656,-16.9063],[49.8882,-16.8815],[49.9558,-16.7797]]]]}},{"type":"Feature","properties":{"id":"MDG-5864","name":"Androy","nameBn":"আন্ড্রোয়","type":"Autonomous Province","bounds":[44.7278,-25.5986,46.2376,-23.8845],"center":[45.5069,-24.8192]},"geometry":{"type":"Polygon","coordinates":[[[46.2376,-25.1982],[46.0397,-25.2778],[45.9141,-25.3373],[45.7742,-25.4081],[45.674,-25.4944],[45.655,-25.507],[45.634,-25.5148],[45.6116,-25.5165],[45.5612,-25.56],[45.4922,-25.5737],[45.2077,-25.5849],[45.1924,-25.5881],[45.1777,-25.5943],[45.1626,-25.5986],[45.1455,-25.5954],[45.1361,-25.5842],[45.1266,-25.5458],[45.1182,-25.5296],[45.0877,-25.5082],[44.981,-25.4719],[44.951,-25.4518],[44.938,-25.4382],[44.9255,-25.4078],[44.9087,-25.3937],[44.8347,-25.344],[44.7673,-25.3144],[44.7278,-25.3036],[44.777,-25.1497],[44.9524,-25.0119],[45.0902,-24.8867],[45.1278,-24.7363],[45.1027,-24.561],[45.1027,-24.4357],[45.1528,-24.3229],[45.1779,-24.135],[45.228,-23.9972],[45.2906,-23.922],[45.4785,-23.8845],[45.5182,-24.0092],[45.6351,-24.0039],[45.7729,-24.0414],[45.8481,-24.1041],[45.798,-24.2544],[45.8481,-24.3672],[45.9608,-24.4549],[45.9608,-24.5676],[45.9233,-24.7054],[45.9483,-24.8056],[45.9483,-24.956],[46.1487,-25.0562],[46.2376,-25.1982]]]}},{"type":"Feature","properties":{"id":"MDG-5865","name":"Anosy","nameBn":"আনোসি","type":"Autonomous Province","bounds":[45.2754,-25.1982,47.4281,-22.6731],"center":[46.2904,-24.22]},"geometry":{"type":"Polygon","coordinates":[[[47.4281,-24.1248],[47.3708,-24.2701],[47.363,-24.2765],[47.3509,-24.2729],[47.3296,-24.2636],[47.3247,-24.2696],[47.3384,-24.3243],[47.3123,-24.4859],[47.2284,-24.6804],[47.2034,-24.7165],[47.2005,-24.7314],[47.2012,-24.7625],[47.1941,-24.7783],[47.1428,-24.8141],[47.1289,-24.8449],[47.1375,-24.9093],[47.1262,-24.9343],[47.1159,-24.923],[47.1091,-24.9098],[47.1057,-24.895],[47.1056,-24.8792],[47.0969,-24.8933],[47.096,-24.9079],[47.0983,-24.9234],[47.0988,-24.9406],[47.0946,-24.9601],[47.0872,-24.9684],[47.0579,-24.9787],[47.0409,-24.9885],[47.0127,-25.0125],[46.9647,-25.0657],[46.9548,-25.071],[46.9515,-25.0667],[46.9412,-25.0442],[46.9295,-25.0427],[46.9266,-25.0437],[46.9258,-25.0466],[46.8674,-25.0852],[46.8455,-25.1039],[46.8347,-25.1108],[46.8055,-25.1212],[46.7941,-25.1279],[46.78,-25.1458],[46.7698,-25.1535],[46.7617,-25.153],[46.7518,-25.1495],[46.7415,-25.1496],[46.7317,-25.1603],[46.7222,-25.1667],[46.6537,-25.1839],[46.638,-25.1834],[46.6047,-25.1746],[46.5022,-25.1618],[46.3866,-25.1648],[46.2376,-25.1982],[46.1487,-25.0562],[45.9483,-24.956],[45.9483,-24.8056],[45.9233,-24.7054],[45.9608,-24.5676],[45.9608,-24.4549],[45.8481,-24.3672],[45.798,-24.2544],[45.8481,-24.1041],[45.7729,-24.0414],[45.6351,-24.0039],[45.5182,-24.0092],[45.4785,-23.8845],[45.5286,-23.7091],[45.466,-23.5838],[45.2781,-23.5963],[45.2754,-23.4756],[45.396,-23.2932],[45.3587,-23.1153],[45.3589,-23.1152],[45.3645,-23.1044],[45.3792,-23.084],[45.3785,-23.0004],[45.3995,-22.8792],[45.4152,-22.8601],[45.6112,-22.7557],[45.8021,-22.6835],[45.8506,-22.674],[45.8647,-22.6731],[45.9292,-22.6788],[45.972,-22.6776],[45.9955,-22.6838],[46.0694,-22.7262],[46.0919,-22.7459],[46.1085,-22.7424],[46.1306,-22.7591],[46.2026,-22.8016],[46.2082,-22.8078],[46.2274,-22.8344],[46.284,-22.9516],[46.2874,-22.9615],[46.2969,-22.9779],[46.2994,-22.9837],[46.3018,-22.9949],[46.3036,-23.0005],[46.3045,-23.0023],[46.3233,-23.0288],[46.3261,-23.035],[46.3276,-23.0404],[46.3362,-23.057],[46.3472,-23.073],[46.3643,-23.104],[46.3668,-23.1102],[46.3703,-23.1235],[46.3744,-23.1289],[46.3801,-23.1339],[46.4511,-23.1694],[46.4607,-23.1756],[46.4679,-23.1844],[46.4724,-23.1989],[46.4782,-23.2461],[46.4777,-23.2548],[46.4745,-23.2639],[46.4644,-23.2815],[46.4613,-23.2914],[46.4613,-23.302],[46.4642,-23.3119],[46.4684,-23.3216],[46.4741,-23.342],[46.4743,-23.3523],[46.4714,-23.3618],[46.4667,-23.3706],[46.4634,-23.3797],[46.4585,-23.3983],[46.4529,-23.4062],[46.4448,-23.4125],[46.4265,-23.4229],[46.4197,-23.4293],[46.4167,-23.4378],[46.4189,-23.448],[46.424,-23.4607],[46.4282,-23.4819],[46.4329,-23.4923],[46.4521,-23.5181],[46.4659,-23.5331],[46.4737,-23.5445],[46.4887,-23.5808],[46.4982,-23.5978],[46.5011,-23.6108],[46.5025,-23.6211],[46.5019,-23.6289],[46.5002,-23.6375],[46.498,-23.6423],[46.4929,-23.6489],[46.4859,-23.6548],[46.472,-23.6695],[46.4665,-23.6781],[46.453,-23.7074],[46.4318,-23.743],[46.4153,-23.7828],[46.4127,-23.7926],[46.4119,-23.801],[46.4164,-23.8112],[46.4259,-23.8239],[46.463,-23.8521],[46.4847,-23.865],[46.4927,-23.8713],[46.499,-23.8794],[46.5083,-23.8984],[46.514,-23.907],[46.5216,-23.9136],[46.5311,-23.9188],[46.5415,-23.9231],[46.5978,-23.9357],[46.673,-23.9612],[46.7094,-23.983],[46.716,-23.9891],[46.7199,-23.9954],[46.7208,-23.9994],[46.7179,-24.0178],[46.721,-24.0265],[46.7323,-24.0424],[46.7361,-24.0523],[46.7428,-24.0853],[46.7521,-24.0933],[46.7691,-24.0972],[46.8247,-24.0987],[46.8437,-24.1046],[46.854,-24.1113],[46.8624,-24.1187],[46.8694,-24.126],[46.8991,-24.1671],[46.9032,-24.1762],[46.9045,-24.1866],[46.9023,-24.1967],[46.8942,-24.2168],[46.8897,-24.2378],[46.8892,-24.2552],[46.8909,-24.2658],[46.8945,-24.2754],[46.9021,-24.2831],[46.9133,-24.2876],[46.9314,-24.2875],[46.9457,-24.2854],[46.9744,-24.277],[46.9915,-24.2686],[46.9995,-24.2637],[47.007,-24.2569],[47.0118,-24.2488],[47.0207,-24.2294],[47.0263,-24.2206],[47.0397,-24.2054],[47.0453,-24.197],[47.0481,-24.1871],[47.047,-24.1767],[47.0432,-24.1673],[47.0273,-24.1408],[47.0187,-24.1217],[47.0156,-24.1111],[47.0135,-24.1003],[47.0137,-24.0891],[47.0166,-24.0787],[47.0236,-24.0713],[47.0342,-24.0686],[47.0635,-24.0779],[47.077,-24.0801],[47.1043,-24.0726],[47.1139,-24.067],[47.1196,-24.0603],[47.1215,-24.0529],[47.1213,-24.0447],[47.1151,-24.0143],[47.1155,-23.9886],[47.1223,-23.9824],[47.1369,-23.9808],[47.2081,-23.9994],[47.2221,-24.006],[47.248,-24.0225],[47.3762,-24.0873],[47.4263,-24.1241],[47.4281,-24.1248]]]}},{"type":"Feature","properties":{"id":"MDG-5866","name":"Atsimo-Andrefana","nameBn":"আতসিমো-আন্দ্রেফানা","type":"Autonomous Province","bounds":[43.2229,-25.3036,45.7905,-20.9291],"center":[44.4011,-23.3142]},"geometry":{"type":"Polygon","coordinates":[[[44.7278,-25.3036],[44.6221,-25.2897],[44.5169,-25.2844],[44.3695,-25.2568],[44.3511,-25.2475],[44.3362,-25.2089],[44.3037,-25.1754],[44.2964,-25.1535],[44.3158,-25.1609],[44.3332,-25.1751],[44.364,-25.2078],[44.384,-25.2209],[44.4009,-25.2214],[44.4094,-25.2105],[44.405,-25.1882],[44.389,-25.191],[44.3753,-25.1838],[44.3498,-25.1603],[44.3333,-25.1503],[44.318,-25.1442],[44.3019,-25.1412],[44.2827,-25.1404],[44.2476,-25.1272],[44.1872,-25.067],[44.1517,-25.0505],[44.1199,-25.0507],[44.1086,-25.048],[44.0288,-24.999],[44.0173,-24.9772],[44.0109,-24.8986],[44.001,-24.8654],[43.9285,-24.7746],[43.9183,-24.742],[43.928,-24.6524],[43.9183,-24.6191],[43.9082,-24.6021],[43.8654,-24.5592],[43.8605,-24.5556],[43.8555,-24.5512],[43.8501,-24.5434],[43.8473,-24.5344],[43.8442,-24.5139],[43.8399,-24.5058],[43.8067,-24.4793],[43.7372,-24.4357],[43.7067,-24.4062],[43.6729,-24.3349],[43.6563,-24.1853],[43.6696,-24.0133],[43.6521,-23.9164],[43.6541,-23.9069],[43.6629,-23.8884],[43.6652,-23.8786],[43.6641,-23.8671],[43.6521,-23.8376],[43.6437,-23.7978],[43.6372,-23.7797],[43.6248,-23.7619],[43.639,-23.7413],[43.637,-23.6705],[43.6416,-23.6389],[43.6637,-23.6194],[43.731,-23.5921],[43.7483,-23.5701],[43.7464,-23.5539],[43.7329,-23.5278],[43.7346,-23.5092],[43.75,-23.4957],[43.7546,-23.4889],[43.7608,-23.4721],[43.7612,-23.4638],[43.758,-23.454],[43.7472,-23.4402],[43.7206,-23.4196],[43.7014,-23.3954],[43.6589,-23.3578],[43.6521,-23.3541],[43.6458,-23.3532],[43.639,-23.3515],[43.631,-23.3448],[43.6286,-23.3393],[43.6248,-23.3168],[43.6143,-23.282],[43.61,-23.1923],[43.5969,-23.1176],[43.5832,-23.0759],[43.5559,-23.0483],[43.4876,-23.0016],[43.4767,-22.9871],[43.4603,-22.9557],[43.4461,-22.9431],[43.4277,-22.9306],[43.3934,-22.8951],[43.3726,-22.8648],[43.3612,-22.8432],[43.3567,-22.8297],[43.3513,-22.7885],[43.3387,-22.7613],[43.3335,-22.7091],[43.3216,-22.6808],[43.3157,-22.6453],[43.3108,-22.6367],[43.2972,-22.6197],[43.2918,-22.6108],[43.2849,-22.5875],[43.2844,-22.5641],[43.2883,-22.518],[43.278,-22.4259],[43.264,-22.3777],[43.2402,-22.3323],[43.24,-22.3224],[43.2409,-22.3122],[43.2406,-22.3027],[43.2339,-22.278],[43.2229,-22.2548],[43.2254,-22.2338],[43.2468,-22.2184],[43.2741,-22.216],[43.2952,-22.2345],[43.3018,-22.2188],[43.3001,-22.2018],[43.2961,-22.1842],[43.2952,-22.1661],[43.2609,-22.1656],[43.2472,-22.1256],[43.2468,-22.0351],[43.249,-22.024],[43.2588,-22.0041],[43.261,-21.9938],[43.261,-21.97],[43.2627,-21.9599],[43.2666,-21.9552],[43.2713,-21.9518],[43.2747,-21.9464],[43.2766,-21.9459],[43.2809,-21.9444],[43.2855,-21.942],[43.2883,-21.9389],[43.2809,-21.9117],[43.2825,-21.8984],[43.2869,-21.8863],[43.2936,-21.8749],[43.3021,-21.8644],[43.3138,-21.8788],[43.3153,-21.8958],[43.3088,-21.9321],[43.3293,-21.905],[43.3332,-21.8582],[43.3316,-21.8075],[43.3362,-21.7688],[43.3473,-21.7503],[43.4143,-21.6749],[43.4315,-21.6623],[43.4507,-21.6598],[43.4727,-21.6721],[43.4727,-21.4052],[43.4802,-21.3803],[43.5012,-21.3342],[43.5075,-21.3095],[43.5153,-21.3266],[43.5233,-21.3268],[43.5422,-21.3095],[43.5422,-21.3158],[43.5571,-21.3303],[43.5928,-21.3527],[43.6043,-21.3636],[43.6089,-21.3763],[43.6173,-21.4282],[43.627,-21.4413],[43.6697,-21.4638],[43.6795,-21.4765],[43.6838,-21.4921],[43.6939,-21.5097],[43.7135,-21.5342],[43.7412,-21.5536],[43.7482,-21.5628],[43.7511,-21.5727],[43.7522,-21.5937],[43.7545,-21.6037],[43.7727,-21.6366],[43.7793,-21.6524],[43.7818,-21.6755],[43.7892,-21.6983],[43.8222,-21.7236],[43.8296,-21.7372],[43.8329,-21.7504],[43.8407,-21.7679],[43.8569,-21.7956],[43.8811,-21.82],[43.8862,-21.8298],[43.8904,-21.8522],[43.8948,-21.861],[43.9067,-21.8696],[43.9194,-21.8725],[43.9325,-21.874],[43.9463,-21.8775],[43.9532,-21.8818],[43.9649,-21.8928],[43.9736,-21.898],[43.9959,-21.9027],[44.0166,-21.8996],[44.0527,-21.8911],[44.0689,-21.8852],[44.0935,-21.8534],[44.1108,-21.8378],[44.1412,-21.821],[44.1777,-21.8073],[44.215,-21.8054],[44.248,-21.8234],[44.2641,-21.8525],[44.2734,-21.853],[44.293,-21.8337],[44.3019,-21.8187],[44.3062,-21.8177],[44.3163,-21.8234],[44.3219,-21.8307],[44.3306,-21.8576],[44.3606,-21.8403],[44.3936,-21.8322],[44.4705,-21.8296],[44.5208,-21.8071],[44.5567,-21.7987],[44.5793,-21.7824],[44.6026,-21.7709],[44.6956,-21.6362],[44.6956,-21.3856],[44.7457,-21.2729],[44.8835,-21.2854],[44.9461,-21.348],[45.0589,-21.3606],[45.134,-21.2854],[45.2342,-21.1726],[45.4472,-21.0975],[45.5725,-20.9722],[45.6727,-20.9471],[45.7905,-20.9291],[45.783,-21.0198],[45.7817,-21.0249],[45.7801,-21.03],[45.7777,-21.0351],[45.7645,-21.058],[45.758,-21.0663],[45.7465,-21.0762],[45.7434,-21.0799],[45.7417,-21.0848],[45.7414,-21.0908],[45.7605,-21.1921],[45.7614,-21.2044],[45.7586,-21.2294],[45.7569,-21.2349],[45.7544,-21.2397],[45.7517,-21.244],[45.7478,-21.2473],[45.7428,-21.2496],[45.7371,-21.2511],[45.7178,-21.253],[45.7127,-21.2551],[45.708,-21.2576],[45.7029,-21.2597],[45.6915,-21.262],[45.6781,-21.2697],[45.6681,-21.2737],[45.6643,-21.277],[45.6615,-21.2816],[45.6581,-21.2854],[45.6526,-21.2873],[45.6468,-21.2885],[45.6415,-21.2904],[45.6375,-21.2936],[45.6344,-21.2976],[45.6319,-21.3022],[45.6278,-21.3125],[45.6249,-21.3168],[45.6209,-21.3197],[45.6095,-21.3224],[45.6047,-21.3249],[45.601,-21.3283],[45.5982,-21.3327],[45.5969,-21.3381],[45.5982,-21.3559],[45.5976,-21.362],[45.5962,-21.3677],[45.594,-21.3727],[45.5914,-21.377],[45.5538,-21.4184],[45.5515,-21.4229],[45.5505,-21.4286],[45.5513,-21.4342],[45.5576,-21.4614],[45.558,-21.4745],[45.5574,-21.4807],[45.5516,-21.5028],[45.5513,-21.5083],[45.5522,-21.5138],[45.5689,-21.5798],[45.5695,-21.5859],[45.5692,-21.5916],[45.5681,-21.5971],[45.5656,-21.6017],[45.5619,-21.6051],[45.5423,-21.6139],[45.5397,-21.6174],[45.5392,-21.6214],[45.5394,-21.6249],[45.5417,-21.6349],[45.5431,-21.6459],[45.542,-21.651],[45.5397,-21.6556],[45.536,-21.6591],[45.5316,-21.6618],[45.5265,-21.6638],[45.515,-21.6668],[45.5026,-21.6688],[45.4683,-21.6694],[45.4624,-21.6704],[45.457,-21.6722],[45.4523,-21.6746],[45.4481,-21.6776],[45.4447,-21.6814],[45.4418,-21.6856],[45.4394,-21.6904],[45.4376,-21.6958],[45.4148,-21.8223],[45.412,-21.8267],[45.4084,-21.8305],[45.4038,-21.833],[45.3985,-21.8349],[45.387,-21.8377],[45.3817,-21.8396],[45.3769,-21.8421],[45.3735,-21.8458],[45.3705,-21.8499],[45.3687,-21.8551],[45.3656,-21.8664],[45.3634,-21.8714],[45.3597,-21.8748],[45.3549,-21.8772],[45.3138,-21.8862],[45.2718,-21.8862],[45.2594,-21.8879],[45.2491,-21.891],[45.2449,-21.8938],[45.2373,-21.9005],[45.2343,-21.9047],[45.2318,-21.9092],[45.2356,-21.9196],[45.2436,-21.9336],[45.2655,-21.9622],[45.2803,-21.9855],[45.2857,-22.0004],[45.2889,-22.0071],[45.2916,-22.0141],[45.3007,-22.0589],[45.3009,-22.0646],[45.3,-22.0702],[45.2956,-22.0802],[45.2939,-22.0855],[45.2931,-22.0912],[45.2956,-22.0994],[45.3006,-22.1091],[45.3124,-22.1271],[45.3164,-22.1377],[45.3178,-22.1461],[45.3161,-22.1514],[45.3136,-22.1561],[45.3102,-22.1599],[45.2945,-22.1726],[45.293,-22.1785],[45.2942,-22.1868],[45.2995,-22.2005],[45.3009,-22.2094],[45.301,-22.217],[45.2976,-22.2278],[45.2947,-22.2319],[45.2902,-22.2344],[45.2776,-22.2353],[45.2715,-22.2364],[45.2673,-22.2395],[45.2647,-22.244],[45.2601,-22.2607],[45.2556,-22.2704],[45.2539,-22.2758],[45.252,-22.2882],[45.2515,-22.3014],[45.252,-22.3085],[45.2535,-22.3161],[45.2591,-22.3328],[45.2602,-22.339],[45.2588,-22.344],[45.2559,-22.3478],[45.2515,-22.3507],[45.2356,-22.3562],[45.2312,-22.359],[45.2281,-22.3631],[45.2199,-22.3829],[45.2193,-22.3886],[45.2211,-22.3995],[45.2215,-22.4047],[45.2199,-22.4096],[45.2164,-22.4133],[45.2123,-22.4163],[45.1971,-22.4227],[45.1744,-22.4289],[45.164,-22.4329],[45.1597,-22.436],[45.1562,-22.4403],[45.1545,-22.4458],[45.1535,-22.4518],[45.1517,-22.457],[45.1491,-22.4618],[45.146,-22.466],[45.1424,-22.4697],[45.1362,-22.4779],[45.0937,-22.5504],[45.0864,-22.5722],[45.0843,-22.5844],[45.0819,-22.6108],[45.0787,-22.6223],[45.0739,-22.6318],[45.0456,-22.668],[45.0431,-22.6727],[45.0411,-22.6778],[45.04,-22.6835],[45.0402,-22.6896],[45.041,-22.6961],[45.0499,-22.7199],[45.051,-22.7255],[45.0516,-22.7316],[45.0515,-22.7379],[45.0503,-22.7437],[45.0436,-22.7578],[45.042,-22.7622],[45.0414,-22.7659],[45.0405,-22.7798],[45.0394,-22.7845],[45.0379,-22.7892],[45.0354,-22.794],[45.0293,-22.8028],[45.0251,-22.8129],[45.0144,-22.8521],[45.0062,-22.8724],[45.0056,-22.8786],[45.0061,-22.8852],[45.009,-22.9002],[45.0096,-22.9136],[45.0106,-22.9202],[45.0124,-22.9264],[45.0158,-22.9334],[45.0191,-22.9383],[45.0237,-22.9482],[45.0253,-22.9534],[45.0281,-22.9717],[45.0296,-22.978],[45.0324,-22.9852],[45.0352,-22.99],[45.038,-22.9943],[45.0408,-22.9974],[45.0492,-23.0052],[45.0591,-23.0165],[45.0888,-23.0443],[45.0945,-23.0478],[45.1024,-23.0509],[45.1176,-23.0534],[45.1273,-23.0537],[45.1668,-23.049],[45.173,-23.0491],[45.1918,-23.0519],[45.1982,-23.0517],[45.215,-23.048],[45.2206,-23.049],[45.2255,-23.052],[45.2284,-23.059],[45.2318,-23.071],[45.2373,-23.08],[45.2405,-23.0839],[45.2456,-23.0926],[45.2501,-23.109],[45.252,-23.1139],[45.2562,-23.1181],[45.2621,-23.1212],[45.2735,-23.1223],[45.2956,-23.1208],[45.3086,-23.1223],[45.3265,-23.1268],[45.3332,-23.127],[45.3395,-23.1263],[45.3453,-23.1249],[45.3587,-23.1153],[45.396,-23.2932],[45.2754,-23.4756],[45.2781,-23.5963],[45.466,-23.5838],[45.5286,-23.7091],[45.4785,-23.8845],[45.2906,-23.922],[45.228,-23.9972],[45.1779,-24.135],[45.1528,-24.3229],[45.1027,-24.4357],[45.1027,-24.561],[45.1278,-24.7363],[45.0902,-24.8867],[44.9524,-25.0119],[44.777,-25.1497],[44.7278,-25.3036]]]}},{"type":"Feature","properties":{"id":"MDG-5867","name":"Atsimo-Atsinanana","nameBn":"আতসিমো-আতসিনানানা","type":"Autonomous Province","bounds":[46.4119,-24.2876,47.8825,-22.1748],"center":[47.3774,-23.3142]},"geometry":{"type":"Polygon","coordinates":[[[47.8825,-22.5956],[47.8587,-22.746],[47.8394,-22.8066],[47.8338,-22.901],[47.8,-23.0121],[47.7624,-23.1101],[47.738,-23.2555],[47.6195,-23.5906],[47.6079,-23.5768],[47.6022,-23.5654],[47.5965,-23.5632],[47.5855,-23.5769],[47.575,-23.5987],[47.5819,-23.6046],[47.5983,-23.6061],[47.6161,-23.6144],[47.6201,-23.6404],[47.5687,-23.8526],[47.5143,-23.987],[47.4968,-24.0164],[47.4898,-24.0226],[47.4739,-24.0322],[47.4688,-24.0363],[47.4666,-24.0363],[47.4562,-24.0398],[47.4551,-24.04],[47.4485,-24.0451],[47.4505,-24.048],[47.4548,-24.0512],[47.4551,-24.0567],[47.4548,-24.0593],[47.4483,-24.0846],[47.4308,-24.1179],[47.4281,-24.1248],[47.4263,-24.1241],[47.3762,-24.0873],[47.248,-24.0225],[47.2221,-24.006],[47.2081,-23.9994],[47.1369,-23.9808],[47.1223,-23.9824],[47.1155,-23.9886],[47.1151,-24.0143],[47.1213,-24.0447],[47.1215,-24.0529],[47.1196,-24.0603],[47.1139,-24.067],[47.1043,-24.0726],[47.077,-24.0801],[47.0635,-24.0779],[47.0342,-24.0686],[47.0236,-24.0713],[47.0166,-24.0787],[47.0137,-24.0891],[47.0135,-24.1003],[47.0156,-24.1111],[47.0187,-24.1217],[47.0273,-24.1408],[47.0432,-24.1673],[47.047,-24.1767],[47.0481,-24.1871],[47.0453,-24.197],[47.0397,-24.2054],[47.0263,-24.2206],[47.0207,-24.2294],[47.0118,-24.2488],[47.007,-24.2569],[46.9995,-24.2637],[46.9915,-24.2686],[46.9744,-24.277],[46.9457,-24.2854],[46.9314,-24.2875],[46.9133,-24.2876],[46.9021,-24.2831],[46.8945,-24.2754],[46.8909,-24.2658],[46.8892,-24.2552],[46.8897,-24.2378],[46.8942,-24.2168],[46.9023,-24.1967],[46.9045,-24.1866],[46.9032,-24.1762],[46.8991,-24.1671],[46.8694,-24.126],[46.8624,-24.1187],[46.854,-24.1113],[46.8437,-24.1046],[46.8247,-24.0987],[46.7691,-24.0972],[46.7521,-24.0933],[46.7428,-24.0853],[46.7361,-24.0523],[46.7323,-24.0424],[46.721,-24.0265],[46.7179,-24.0178],[46.7208,-23.9994],[46.7199,-23.9954],[46.716,-23.9891],[46.7094,-23.983],[46.673,-23.9612],[46.5978,-23.9357],[46.5415,-23.9231],[46.5311,-23.9188],[46.5216,-23.9136],[46.514,-23.907],[46.5083,-23.8984],[46.499,-23.8794],[46.4927,-23.8713],[46.4847,-23.865],[46.463,-23.8521],[46.4259,-23.8239],[46.4164,-23.8112],[46.4119,-23.801],[46.4127,-23.7926],[46.4153,-23.7828],[46.4318,-23.743],[46.453,-23.7074],[46.4665,-23.6781],[46.472,-23.6695],[46.4859,-23.6548],[46.6749,-23.7032],[46.7626,-23.6907],[46.8378,-23.6155],[46.8628,-23.4276],[46.8378,-23.2146],[46.8127,-23.0643],[46.8252,-23.0017],[46.9129,-22.9891],[47.0257,-23.0392],[47.1259,-23.1019],[47.2011,-23.1019],[47.2011,-23.0267],[47.2011,-22.9014],[47.1885,-22.7511],[47.1008,-22.5883],[47.0382,-22.3628],[46.9881,-22.2751],[47.0633,-22.1748],[47.1134,-22.25],[47.2762,-22.3252],[47.3639,-22.3377],[47.4015,-22.3001],[47.4892,-22.3502],[47.5268,-22.463],[47.6521,-22.5131],[47.7773,-22.5131],[47.8825,-22.5956]]]}},{"type":"Feature","properties":{"id":"MDG-5868","name":"Atsinanana","nameBn":"আতসিনানানা","type":"Autonomous Province","bounds":[47.679,-20.4528,49.5096,-17.5137],"center":[48.9044,-18.9143]},"geometry":{"type":"Polygon","coordinates":[[[49.475,-17.5137],[49.5041,-17.663],[49.5096,-17.7277],[49.4977,-17.7968],[49.4627,-17.9157],[49.4139,-18.0671],[49.4126,-18.0846],[49.4139,-18.1018],[49.418,-18.1155],[49.4226,-18.1227],[49.4338,-18.1355],[49.4385,-18.1428],[49.4408,-18.1542],[49.4347,-18.1599],[49.4246,-18.1638],[49.4146,-18.1701],[49.3841,-18.2255],[49.3592,-18.424],[49.3522,-18.4368],[49.3333,-18.4596],[49.3259,-18.4719],[49.3019,-18.5401],[49.2432,-18.6568],[49.1912,-18.8425],[49.1135,-19.0125],[49.0769,-19.0656],[48.9858,-19.3788],[48.8596,-19.6847],[48.8255,-19.8422],[48.8233,-19.8655],[48.8237,-19.9028],[48.7914,-19.9931],[48.785,-19.9807],[48.7727,-19.9645],[48.7595,-19.9555],[48.7505,-19.9658],[48.7546,-19.9773],[48.779,-20.0092],[48.7845,-20.0243],[48.7817,-20.0372],[48.6992,-20.1999],[48.6418,-20.3454],[48.6162,-20.4198],[48.6079,-20.4161],[48.5256,-20.3948],[48.4547,-20.3953],[48.4046,-20.3847],[48.3969,-20.3812],[48.388,-20.3728],[48.3846,-20.3658],[48.3834,-20.3586],[48.384,-20.3522],[48.384,-20.3394],[48.3828,-20.3337],[48.3786,-20.3239],[48.3755,-20.3198],[48.3705,-20.3157],[48.3534,-20.3045],[48.3477,-20.2995],[48.3415,-20.2959],[48.3351,-20.2941],[48.3244,-20.2949],[48.2932,-20.3028],[48.2867,-20.3035],[48.2797,-20.3036],[48.2693,-20.301],[48.2572,-20.2962],[48.2352,-20.284],[48.2177,-20.2717],[48.2142,-20.268],[48.1932,-20.2329],[48.19,-20.2289],[48.1863,-20.2256],[48.1812,-20.223],[48.175,-20.2216],[48.166,-20.2219],[48.1592,-20.223],[48.1533,-20.225],[48.1488,-20.2278],[48.1451,-20.2311],[48.1423,-20.2351],[48.1402,-20.2395],[48.1402,-20.2448],[48.142,-20.2496],[48.1474,-20.258],[48.1489,-20.2623],[48.148,-20.2666],[48.1416,-20.2739],[48.1387,-20.2781],[48.1366,-20.2831],[48.1347,-20.2942],[48.1326,-20.299],[48.1225,-20.3102],[48.1197,-20.3145],[48.1163,-20.3253],[48.1154,-20.3314],[48.1137,-20.3367],[48.0831,-20.3843],[48.0797,-20.3949],[48.0787,-20.4005],[48.0793,-20.4062],[48.0806,-20.4115],[48.0875,-20.4252],[48.0876,-20.4302],[48.0856,-20.4344],[48.0822,-20.4379],[48.0775,-20.4405],[48.0721,-20.4421],[48.0657,-20.4423],[48.0569,-20.4387],[48.046,-20.4325],[48.0268,-20.4177],[48.0086,-20.4068],[48.0032,-20.4058],[47.9939,-20.4055],[47.9817,-20.4067],[47.9698,-20.4093],[47.9645,-20.4114],[47.9512,-20.4195],[47.9399,-20.4296],[47.9352,-20.4321],[47.9297,-20.4336],[47.9232,-20.4343],[47.9165,-20.4342],[47.9099,-20.4335],[47.8975,-20.431],[47.8845,-20.4296],[47.878,-20.43],[47.8718,-20.4309],[47.8662,-20.4327],[47.8612,-20.4347],[47.8432,-20.446],[47.8379,-20.448],[47.832,-20.4491],[47.8058,-20.4505],[47.794,-20.4528],[47.7875,-20.4527],[47.7811,-20.4509],[47.7746,-20.4472],[47.7701,-20.4432],[47.7667,-20.4388],[47.7639,-20.4344],[47.761,-20.4305],[47.7573,-20.4271],[47.7481,-20.4217],[47.7442,-20.4186],[47.7337,-20.4078],[47.7293,-20.4049],[47.7245,-20.4024],[47.7084,-20.3966],[47.7045,-20.3935],[47.7011,-20.3898],[47.6949,-20.3749],[47.6921,-20.3706],[47.6885,-20.3671],[47.6855,-20.363],[47.6832,-20.3543],[47.679,-20.2719],[47.6828,-20.2462],[47.6992,-20.182],[47.7096,-20.1535],[47.7143,-20.1439],[47.7171,-20.1255],[47.7178,-20.0752],[47.722,-20.0281],[47.7265,-20.0111],[47.7539,-19.9644],[47.7576,-19.9539],[47.7598,-19.9451],[47.7596,-19.9103],[47.7613,-19.9028],[47.7636,-19.897],[47.7692,-19.8883],[47.7723,-19.8844],[47.7798,-19.8775],[47.7968,-19.8659],[47.812,-19.8527],[47.8189,-19.8453],[47.8499,-19.7956],[47.9903,-19.7696],[48.0655,-19.7195],[48.1406,-19.7821],[48.3035,-19.7946],[48.3411,-19.5691],[48.4288,-19.5691],[48.3912,-19.3812],[48.5666,-19.3311],[48.5791,-19.1808],[48.6668,-19.1557],[48.6668,-18.9678],[48.5791,-18.7423],[48.529,-18.592],[48.529,-18.3915],[48.5666,-18.2537],[48.6918,-18.2287],[48.8171,-18.1535],[48.8046,-18.0533],[48.7169,-17.9531],[48.6543,-17.8779],[48.7169,-17.8529],[48.8422,-17.8529],[48.8797,-17.7526],[49.0175,-17.7276],[49.1679,-17.715],[49.2932,-17.6775],[49.2932,-17.6023],[49.3307,-17.5271],[49.475,-17.5137]]]}},{"type":"Feature","properties":{"id":"MDG-5869","name":"Betsiboka","nameBn":"বেতসিবোকা","type":"Autonomous Province","bounds":[45.4848,-17.9499,48.2042,-16.2994],"center":[47.1963,-17.232]},"geometry":{"type":"Polygon","coordinates":[[[47.0455,-17.852],[47.0331,-17.8378],[47.0233,-17.8299],[47.0022,-17.8234],[46.974,-17.8198],[46.9215,-17.8194],[46.9102,-17.8147],[46.906,-17.8062],[46.9099,-17.7853],[46.9102,-17.7741],[46.9079,-17.7633],[46.8974,-17.7316],[46.8911,-17.7225],[46.883,-17.7221],[46.8731,-17.7235],[46.8607,-17.7229],[46.8448,-17.7307],[46.8315,-17.7334],[46.7903,-17.7313],[46.7533,-17.7246],[46.7323,-17.7235],[46.7168,-17.7252],[46.6571,-17.74],[46.5908,-17.7448],[46.5752,-17.7429],[46.5619,-17.7395],[46.5511,-17.7341],[46.5435,-17.7372],[46.5295,-17.75],[46.5108,-17.7599],[46.4938,-17.7713],[46.4847,-17.7756],[46.465,-17.7799],[46.4552,-17.7833],[46.4462,-17.7878],[46.4333,-17.7924],[46.4167,-17.7958],[46.3886,-17.7984],[46.3737,-17.8031],[46.3643,-17.8105],[46.3604,-17.8189],[46.3534,-17.8254],[46.3435,-17.8295],[46.3165,-17.8363],[46.2956,-17.8392],[46.2819,-17.8435],[46.2498,-17.862],[46.2402,-17.8664],[46.2296,-17.8666],[46.2168,-17.8652],[46.2065,-17.8698],[46.1961,-17.8755],[46.1759,-17.8819],[46.1633,-17.8814],[46.1568,-17.8751],[46.156,-17.8558],[46.1503,-17.8473],[46.1428,-17.8479],[46.1222,-17.8569],[46.1062,-17.8602],[46.0933,-17.8594],[46.0825,-17.8558],[46.0713,-17.8503],[46.0576,-17.845],[46.0187,-17.8374],[46.0079,-17.833],[46.0015,-17.828],[45.9906,-17.8174],[45.9824,-17.8129],[45.97,-17.8106],[45.9233,-17.7025],[45.8481,-17.6274],[45.8356,-17.5522],[45.8857,-17.5021],[45.8731,-17.4269],[45.7855,-17.4144],[45.6727,-17.4269],[45.585,-17.4269],[45.5474,-17.3267],[45.4848,-17.0761],[45.4973,-16.9759],[45.6852,-16.9383],[45.798,-16.9885],[46.0109,-16.9885],[46.0485,-17.0511],[46.1237,-17.1513],[46.2364,-17.239],[46.2991,-17.2014],[46.3492,-17.0887],[46.4118,-17.0511],[46.4745,-16.9759],[46.5872,-16.9509],[46.6624,-16.7755],[46.7045,-16.6094],[46.8378,-16.5876],[46.9881,-16.575],[47.1134,-16.5876],[47.2261,-16.6377],[47.3138,-16.6753],[47.3514,-16.6252],[47.3013,-16.55],[47.1885,-16.4623],[47.2637,-16.3871],[47.3389,-16.2994],[47.4266,-16.3496],[47.5142,-16.3997],[47.627,-16.3997],[47.6771,-16.4372],[47.7648,-16.4748],[47.9168,-16.5149],[47.9169,-16.534],[47.9253,-16.5799],[47.9269,-16.5851],[47.9419,-16.612],[47.9461,-16.6218],[47.9492,-16.6325],[47.9531,-16.6573],[47.9545,-16.6938],[47.9534,-16.7008],[47.9487,-16.7094],[47.9463,-16.7164],[47.9453,-16.7239],[47.948,-16.7338],[47.9528,-16.7461],[47.9585,-16.7544],[47.9734,-16.7679],[47.9796,-16.7758],[47.983,-16.7793],[47.9861,-16.7832],[47.9888,-16.7877],[47.9922,-16.798],[47.9945,-16.8024],[47.9975,-16.8057],[48.0024,-16.8104],[48.0097,-16.8158],[48.0131,-16.8194],[48.0158,-16.8237],[48.0178,-16.8298],[48.0207,-16.8475],[48.0242,-16.853],[48.0283,-16.857],[48.0329,-16.8596],[48.0369,-16.8626],[48.0405,-16.8661],[48.0434,-16.8703],[48.0479,-16.8799],[48.0507,-16.884],[48.0546,-16.8872],[48.0591,-16.8898],[48.0642,-16.8918],[48.0736,-16.8966],[48.0778,-16.8995],[48.0799,-16.9057],[48.0796,-16.9144],[48.0684,-16.9467],[48.069,-16.9516],[48.0735,-16.9565],[48.0777,-16.963],[48.0803,-16.9721],[48.0809,-16.9972],[48.0815,-17.0019],[48.1042,-17.0331],[48.1185,-17.0471],[48.1357,-17.0583],[48.1409,-17.0603],[48.1468,-17.0615],[48.1533,-17.062],[48.1664,-17.0615],[48.1788,-17.0632],[48.184,-17.0654],[48.1872,-17.0709],[48.1888,-17.0795],[48.1877,-17.0963],[48.1885,-17.1056],[48.1903,-17.1124],[48.193,-17.1183],[48.195,-17.1261],[48.1961,-17.1394],[48.198,-17.1474],[48.2001,-17.1537],[48.2023,-17.1584],[48.2042,-17.1637],[48.2026,-17.1735],[48.198,-17.1871],[48.1765,-17.2251],[48.1703,-17.2327],[48.1626,-17.2391],[48.1593,-17.2437],[48.1576,-17.2497],[48.1582,-17.2601],[48.1632,-17.2777],[48.1606,-17.2858],[48.1554,-17.2958],[48.143,-17.3141],[48.1359,-17.3225],[48.1262,-17.3319],[48.1231,-17.3376],[48.1204,-17.3455],[48.1106,-17.3876],[48.1072,-17.3958],[48.1016,-17.4023],[48.0884,-17.4124],[48.0858,-17.4173],[48.0846,-17.4237],[48.0864,-17.4333],[48.0895,-17.4389],[48.0941,-17.4424],[48.1129,-17.4444],[48.1172,-17.4468],[48.1185,-17.4523],[48.1179,-17.4588],[48.1154,-17.4687],[48.1162,-17.4814],[48.1149,-17.4868],[48.1084,-17.493],[48.0979,-17.5004],[48.0935,-17.505],[48.09,-17.5116],[48.0873,-17.5249],[48.0873,-17.5478],[48.0856,-17.5536],[48.0827,-17.5578],[48.0716,-17.5613],[48.0673,-17.5663],[48.0639,-17.5814],[48.0617,-17.6179],[48.057,-17.6485],[48.0541,-17.6558],[48.0491,-17.6631],[48.0375,-17.6732],[48.0302,-17.6753],[48.0234,-17.6756],[48.0175,-17.6748],[48.0114,-17.6753],[48.0065,-17.6766],[48.0021,-17.6782],[47.9995,-17.6796],[47.9962,-17.682],[47.993,-17.6869],[47.9903,-17.694],[47.9886,-17.7072],[47.9891,-17.7231],[47.9883,-17.7296],[47.9857,-17.7369],[47.9785,-17.7455],[47.9673,-17.7558],[47.9644,-17.7606],[47.9621,-17.7672],[47.9616,-17.7788],[47.9624,-17.7864],[47.9652,-17.7983],[47.9622,-17.8093],[47.9357,-17.8568],[47.9028,-17.9003],[47.8466,-17.9124],[47.8175,-17.9226],[47.6741,-17.9481],[47.635,-17.9499],[47.6106,-17.9473],[47.6012,-17.9392],[47.5895,-17.9197],[47.5826,-17.9115],[47.5687,-17.9068],[47.5351,-17.9116],[47.4925,-17.9057],[47.4644,-17.8981],[47.4488,-17.8913],[47.4401,-17.882],[47.4351,-17.8727],[47.4286,-17.865],[47.4201,-17.8589],[47.3909,-17.8449],[47.3831,-17.8385],[47.3771,-17.8305],[47.3696,-17.8109],[47.3679,-17.8005],[47.3675,-17.7922],[47.3678,-17.784],[47.358,-17.7764],[47.3387,-17.7675],[47.296,-17.7536],[47.2697,-17.7493],[47.2468,-17.7491],[47.2211,-17.7514],[47.2061,-17.7556],[47.1948,-17.7611],[47.1614,-17.785],[47.151,-17.7887],[47.113,-17.7937],[47.1023,-17.7973],[47.093,-17.8025],[47.0773,-17.8152],[47.0713,-17.8231],[47.0607,-17.8418],[47.0546,-17.849],[47.0455,-17.852]]]}},{"type":"Feature","properties":{"id":"MDG-5870","name":"Boeny","nameBn":"বোয়েনি","type":"Autonomous Province","bounds":[44.8778,-17.239,47.3514,-15.1951],"center":[46.3149,-16.3187]},"geometry":{"type":"Polygon","coordinates":[[[44.8778,-16.2092],[44.884,-16.1995],[44.8914,-16.1912],[44.9053,-16.1833],[44.9191,-16.1796],[44.9479,-16.1752],[44.9611,-16.1696],[44.953,-16.1628],[45.0112,-16.136],[45.0402,-16.1181],[45.0598,-16.0939],[45.0939,-16.0388],[45.1164,-16.0117],[45.1387,-15.9909],[45.1658,-15.9755],[45.2273,-15.9499],[45.2664,-15.9239],[45.2734,-15.9301],[45.2757,-15.9446],[45.2772,-15.9763],[45.2947,-16.0319],[45.2957,-16.0368],[45.2962,-16.0461],[45.2957,-16.0532],[45.2901,-16.0734],[45.2887,-16.0904],[45.2904,-16.1034],[45.2979,-16.112],[45.3137,-16.115],[45.3289,-16.1101],[45.3389,-16.0992],[45.3473,-16.0864],[45.3581,-16.0768],[45.3921,-16.0644],[45.4063,-16.0549],[45.4129,-16.0392],[45.4104,-16.0305],[45.3908,-16.0234],[45.3789,-16.0114],[45.3708,-15.9946],[45.3703,-15.9819],[45.3794,-15.9738],[45.5427,-15.9567],[45.5497,-15.9547],[45.557,-15.9513],[45.5701,-15.943],[45.5775,-15.971],[45.5851,-15.9814],[45.5889,-15.9838],[45.5903,-15.9876],[45.5906,-16.0017],[45.5798,-16.0307],[45.5804,-16.0408],[45.5979,-16.0324],[45.6047,-16.0519],[45.6121,-16.0496],[45.6218,-16.0324],[45.6116,-15.9809],[45.6146,-15.9698],[45.6305,-15.9543],[45.6384,-15.943],[45.6375,-15.9405],[45.6384,-15.9152],[45.6404,-15.9064],[45.6438,-15.899],[45.6463,-15.8912],[45.6458,-15.881],[45.6379,-15.8683],[45.6272,-15.8596],[45.6214,-15.8508],[45.6287,-15.837],[45.6609,-15.8038],[45.6939,-15.7831],[45.7043,-15.7825],[45.7209,-15.7888],[45.7358,-15.7926],[45.7512,-15.7926],[45.7659,-15.7942],[45.802,-15.8166],[45.8245,-15.8134],[45.8854,-15.779],[45.898,-15.7746],[45.9115,-15.7721],[45.9269,-15.7712],[45.9486,-15.7742],[45.9561,-15.783],[45.9543,-15.8161],[45.9551,-15.8318],[45.9588,-15.8399],[45.967,-15.8437],[45.9815,-15.8469],[45.9899,-15.8476],[46.0073,-15.8463],[46.0158,-15.8469],[46.043,-15.8611],[46.0661,-15.8619],[46.0661,-15.8557],[46.0563,-15.8434],[46.0498,-15.8263],[46.054,-15.8156],[46.0632,-15.8069],[46.0708,-15.7961],[46.071,-15.7786],[46.0469,-15.7906],[46.0234,-15.8082],[46.0099,-15.8144],[46.0158,-15.7922],[46.0303,-15.7695],[46.051,-15.7487],[46.0745,-15.7309],[46.0975,-15.7171],[46.1203,-15.7082],[46.1442,-15.7037],[46.1939,-15.7035],[46.219,-15.7067],[46.2306,-15.7107],[46.2355,-15.7175],[46.2356,-15.7292],[46.237,-15.7397],[46.241,-15.7493],[46.249,-15.7581],[46.2375,-15.7761],[46.2328,-15.7921],[46.2258,-15.8063],[46.2074,-15.8195],[46.2292,-15.8368],[46.2451,-15.8525],[46.2578,-15.8708],[46.293,-15.9407],[46.3091,-15.9596],[46.3311,-15.9772],[46.332,-15.9675],[46.3313,-15.9547],[46.3322,-15.9428],[46.3379,-15.9362],[46.346,-15.9387],[46.3572,-15.9577],[46.3651,-15.9636],[46.3849,-15.9592],[46.3933,-15.9418],[46.3926,-15.9201],[46.3856,-15.9021],[46.412,-15.8997],[46.4312,-15.9177],[46.4485,-15.9415],[46.4688,-15.9567],[46.4792,-15.9489],[46.4683,-15.9225],[46.4443,-15.881],[46.4246,-15.8725],[46.3831,-15.8349],[46.3582,-15.8263],[46.326,-15.8282],[46.3172,-15.8263],[46.299,-15.8157],[46.3008,-15.809],[46.3127,-15.8025],[46.3247,-15.7922],[46.3512,-15.752],[46.3556,-15.7325],[46.3447,-15.7171],[46.3338,-15.7159],[46.3201,-15.7177],[46.3086,-15.7177],[46.3037,-15.7102],[46.307,-15.694],[46.3215,-15.6667],[46.3327,-15.6301],[46.3516,-15.6109],[46.3962,-15.5766],[46.4592,-15.5077],[46.4824,-15.4911],[46.4841,-15.4963],[46.4863,-15.5004],[46.4881,-15.5051],[46.4886,-15.5117],[46.4998,-15.5055],[46.5269,-15.4806],[46.5693,-15.4506],[46.5812,-15.4397],[46.6047,-15.4242],[46.6314,-15.4216],[46.6577,-15.4221],[46.6804,-15.4155],[46.6672,-15.4068],[46.6362,-15.3985],[46.6326,-15.3888],[46.6433,-15.378],[46.7009,-15.3644],[46.804,-15.2919],[46.8794,-15.225],[46.9216,-15.2131],[46.9495,-15.1984],[46.965,-15.1951],[46.9714,-15.1984],[46.9745,-15.2061],[46.9758,-15.2154],[46.9756,-15.2418],[46.9772,-15.2472],[46.9894,-15.2721],[46.9973,-15.2822],[47.0081,-15.2907],[47.0237,-15.2994],[47.0579,-15.3131],[47.0747,-15.324],[47.0749,-15.3364],[47.065,-15.3494],[47.0498,-15.3748],[47.0374,-15.385],[47.0218,-15.395],[47.0116,-15.4055],[46.9671,-15.4923],[46.9551,-15.526],[46.9583,-15.5496],[46.969,-15.5519],[46.9764,-15.5379],[46.9855,-15.505],[46.9972,-15.4947],[47.0155,-15.4889],[47.051,-15.4838],[47.085,-15.4714],[47.1165,-15.4552],[47.1476,-15.4465],[47.1134,-15.6355],[47.151,-15.7983],[47.1885,-16.0113],[47.2637,-16.1241],[47.3263,-16.2117],[47.3389,-16.2994],[47.2637,-16.3871],[47.1885,-16.4623],[47.3013,-16.55],[47.3514,-16.6252],[47.3138,-16.6753],[47.2261,-16.6377],[47.1134,-16.5876],[46.9881,-16.575],[46.8378,-16.5876],[46.7045,-16.6094],[46.6624,-16.7755],[46.5872,-16.9509],[46.4745,-16.9759],[46.4118,-17.0511],[46.3492,-17.0887],[46.2991,-17.2014],[46.2364,-17.239],[46.1237,-17.1513],[46.0485,-17.0511],[46.0109,-16.9885],[45.798,-16.9885],[45.6852,-16.9383],[45.4973,-16.9759],[45.4472,-16.8882],[45.347,-16.8632],[45.2593,-16.763],[45.2468,-16.6753],[45.1465,-16.6252],[45.0213,-16.5249],[44.9586,-16.4122],[44.9461,-16.2869],[44.8778,-16.2092]]]}},{"type":"Feature","properties":{"id":"MDG-5871","name":"Bongolava","nameBn":"বোংগোলাভা","type":"Autonomous Province","bounds":[45.4989,-19.4689,47.1306,-17.7341],"center":[46.1092,-18.6296]},"geometry":{"type":"Polygon","coordinates":[[[46.5511,-17.7341],[46.5619,-17.7395],[46.5752,-17.7429],[46.5908,-17.7448],[46.6231,-17.9142],[46.7102,-18.1342],[46.8431,-18.3084],[46.944,-18.4017],[46.975,-18.5409],[46.9923,-18.5711],[47.0264,-18.5995],[47.0392,-18.6463],[47.0709,-18.6904],[47.1118,-18.7114],[47.1306,-18.7367],[46.9255,-18.7172],[46.7626,-18.7047],[46.6624,-18.7172],[46.5622,-18.8049],[46.512,-18.9803],[46.4118,-19.1307],[46.2615,-19.306],[46.1613,-19.4438],[45.9859,-19.4689],[45.8075,-19.4522],[45.8088,-19.4474],[45.8109,-19.4449],[45.814,-19.4431],[45.8292,-19.4382],[45.8334,-19.4355],[45.8364,-19.4313],[45.8374,-19.4232],[45.8367,-19.3937],[45.8405,-19.3692],[45.8395,-19.3387],[45.8381,-19.3292],[45.8359,-19.3201],[45.826,-19.2924],[45.8224,-19.2757],[45.8133,-19.2568],[45.8112,-19.25],[45.8106,-19.2392],[45.8083,-19.2321],[45.8012,-19.226],[45.795,-19.2253],[45.7891,-19.2262],[45.7726,-19.2311],[45.7628,-19.2354],[45.7492,-19.2431],[45.7442,-19.2451],[45.7386,-19.2461],[45.7331,-19.2453],[45.7282,-19.2431],[45.7239,-19.2402],[45.7167,-19.2333],[45.707,-19.2218],[45.687,-19.2059],[45.6804,-19.1983],[45.6777,-19.1941],[45.668,-19.1758],[45.6561,-19.1596],[45.6455,-19.149],[45.643,-19.1434],[45.6416,-19.136],[45.6433,-19.1234],[45.6455,-19.1158],[45.6505,-19.1048],[45.6512,-19.0989],[45.65,-19.0923],[45.6446,-19.0848],[45.639,-19.0811],[45.6165,-19.074],[45.6115,-19.0685],[45.607,-19.0603],[45.6013,-19.0428],[45.5965,-19.0346],[45.5921,-19.0287],[45.574,-19.0181],[45.57,-19.0149],[45.5666,-19.0111],[45.5642,-19.0071],[45.5467,-18.9616],[45.5388,-18.9486],[45.5353,-18.9449],[45.5313,-18.9418],[45.5267,-18.9393],[45.5102,-18.9338],[45.5053,-18.9315],[45.5023,-18.9261],[45.5019,-18.9177],[45.5067,-18.9012],[45.5105,-18.8925],[45.52,-18.8775],[45.5225,-18.8729],[45.524,-18.8664],[45.5243,-18.8583],[45.518,-18.8301],[45.5161,-18.8251],[45.5102,-18.8035],[45.5056,-18.7539],[45.5029,-18.7427],[45.4994,-18.7325],[45.4989,-18.7267],[45.5004,-18.72],[45.506,-18.7121],[45.5157,-18.7037],[45.5237,-18.6977],[45.5406,-18.6791],[45.5436,-18.6749],[45.5515,-18.6614],[45.5551,-18.6578],[45.5589,-18.6545],[45.5728,-18.6471],[45.5766,-18.6439],[45.5797,-18.6398],[45.5845,-18.6305],[45.5873,-18.6264],[45.5909,-18.6227],[45.5948,-18.6194],[45.6121,-18.6083],[45.6161,-18.605],[45.6195,-18.6014],[45.6223,-18.594],[45.6288,-18.5423],[45.6149,-18.4221],[45.6143,-18.3894],[45.6155,-18.3835],[45.6177,-18.3785],[45.6209,-18.3744],[45.632,-18.3634],[45.6317,-18.3561],[45.6275,-18.3447],[45.599,-18.3021],[45.5914,-18.2942],[45.5748,-18.2877],[45.5838,-18.2775],[45.5875,-18.2711],[45.5906,-18.2632],[45.5952,-18.2542],[45.6011,-18.2466],[45.6155,-18.2327],[45.624,-18.2275],[45.6342,-18.2256],[45.6488,-18.2293],[45.6604,-18.2336],[45.6708,-18.2388],[45.678,-18.2453],[45.6846,-18.2503],[45.6921,-18.2503],[45.7,-18.2468],[45.7091,-18.2438],[45.722,-18.2463],[45.7611,-18.2585],[45.7703,-18.2595],[45.8081,-18.2321],[45.814,-18.2233],[45.816,-18.2137],[45.8122,-18.1811],[45.8133,-18.1704],[45.8168,-18.1582],[45.8229,-18.1477],[45.8488,-18.12],[45.8555,-18.1107],[45.8606,-18.1015],[45.8645,-18.0921],[45.8673,-18.0719],[45.8806,-18.023],[45.8879,-18.0062],[45.8937,-17.9981],[45.9225,-17.9704],[45.9265,-17.9618],[45.9292,-17.9426],[45.9313,-17.9331],[45.9471,-17.8969],[45.9494,-17.8879],[45.9492,-17.8788],[45.947,-17.8602],[45.9478,-17.8507],[45.9509,-17.8405],[45.9554,-17.8295],[45.9619,-17.8197],[45.97,-17.8106],[45.9824,-17.8129],[45.9906,-17.8174],[46.0015,-17.828],[46.0079,-17.833],[46.0187,-17.8374],[46.0576,-17.845],[46.0713,-17.8503],[46.0825,-17.8558],[46.0933,-17.8594],[46.1062,-17.8602],[46.1222,-17.8569],[46.1428,-17.8479],[46.1503,-17.8473],[46.156,-17.8558],[46.1568,-17.8751],[46.1633,-17.8814],[46.1759,-17.8819],[46.1961,-17.8755],[46.2065,-17.8698],[46.2168,-17.8652],[46.2296,-17.8666],[46.2402,-17.8664],[46.2498,-17.862],[46.2819,-17.8435],[46.2956,-17.8392],[46.3165,-17.8363],[46.3435,-17.8295],[46.3534,-17.8254],[46.3604,-17.8189],[46.3643,-17.8105],[46.3737,-17.8031],[46.3886,-17.7984],[46.4167,-17.7958],[46.4333,-17.7924],[46.4462,-17.7878],[46.4552,-17.7833],[46.465,-17.7799],[46.4847,-17.7756],[46.4938,-17.7713],[46.5108,-17.7599],[46.5295,-17.75],[46.5435,-17.7372],[46.5511,-17.7341]]]}},{"type":"Feature","properties":{"id":"MDG-5872","name":"Diana","nameBn":"দিয়ানা","type":"Autonomous Province","bounds":[47.8758,-14.2454,49.6355,-11.9436],"center":[49.08,-13.5916]},"geometry":{"type":"MultiPolygon","coordinates":[[[[48.0311,-14.0636],[47.9997,-14.0532],[47.9776,-14.038],[47.9411,-14.0041],[48.0171,-13.9654],[48.0171,-13.9528],[47.969,-13.9221],[47.9287,-13.9063],[47.9175,-13.8976],[47.8913,-13.8497],[47.8758,-13.7843],[47.8838,-13.7284],[47.9275,-13.7092],[47.9168,-13.6938],[47.9046,-13.6881],[47.8952,-13.679],[47.8932,-13.654],[47.8963,-13.633],[47.9043,-13.6032],[47.9178,-13.5826],[47.938,-13.5891],[47.953,-13.5903],[47.9612,-13.5655],[47.9656,-13.5208],[47.9741,-13.5131],[47.9849,-13.5068],[47.9954,-13.5068],[48.0031,-13.5173],[47.9989,-13.5236],[47.9888,-13.5319],[47.9826,-13.5431],[47.9895,-13.5584],[47.9951,-13.5554],[48.0049,-13.5534],[48.0105,-13.5515],[48.0051,-13.5637],[48.0073,-13.5748],[48.0153,-13.5802],[48.0271,-13.5751],[48.031,-13.5668],[48.0313,-13.558],[48.0353,-13.55],[48.051,-13.5441],[48.0326,-13.5246],[48.0313,-13.5172],[48.0684,-13.5173],[48.0837,-13.5287],[48.0906,-13.5543],[48.0942,-13.5818],[48.0994,-13.5994],[48.1271,-13.587],[48.1424,-13.5954],[48.1501,-13.6159],[48.1546,-13.6403],[48.1719,-13.6856],[48.1745,-13.7024],[48.1745,-13.7092],[48.1753,-13.716],[48.1784,-13.7214],[48.194,-13.727],[48.1917,-13.7346],[48.1813,-13.7468],[48.1924,-13.7669],[48.2185,-13.7858],[48.2482,-13.8],[48.2704,-13.8054],[48.2987,-13.7983],[48.3274,-13.78],[48.3412,-13.7555],[48.3246,-13.7297],[48.3316,-13.7141],[48.332,-13.6614],[48.3377,-13.6452],[48.356,-13.613],[48.3595,-13.5994],[48.3377,-13.5641],[48.3333,-13.5463],[48.3527,-13.5379],[48.3643,-13.5436],[48.3936,-13.5857],[48.3987,-13.5672],[48.4074,-13.5492],[48.4177,-13.5343],[48.4276,-13.5242],[48.4404,-13.5196],[48.4592,-13.5165],[48.4777,-13.5157],[48.4898,-13.5173],[48.4895,-13.5124],[48.4901,-13.502],[48.4898,-13.497],[48.5129,-13.5168],[48.5247,-13.523],[48.5342,-13.5208],[48.532,-13.512],[48.5145,-13.477],[48.5066,-13.4492],[48.489,-13.4265],[48.4823,-13.4151],[48.4793,-13.4016],[48.4787,-13.3878],[48.4823,-13.3604],[48.4979,-13.3639],[48.507,-13.3731],[48.514,-13.3845],[48.5239,-13.3946],[48.5244,-13.4109],[48.5427,-13.4229],[48.5957,-13.4435],[48.605,-13.4455],[48.615,-13.444],[48.627,-13.4387],[48.6394,-13.4357],[48.652,-13.4377],[48.6638,-13.4411],[48.6747,-13.4423],[48.7109,-13.4323],[48.7474,-13.4116],[48.7801,-13.3839],[48.805,-13.353],[48.7876,-13.3331],[48.8019,-13.3046],[48.8392,-13.2604],[48.8359,-13.2481],[48.8213,-13.2249],[48.8181,-13.2092],[48.8187,-13.1764],[48.821,-13.1596],[48.8435,-13.0808],[48.8568,-13.053],[48.8845,-13.0165],[48.8923,-13.0011],[48.8982,-12.985],[48.9006,-12.9724],[48.9055,-12.9611],[48.9172,-12.9462],[48.9308,-12.9334],[48.9417,-12.9284],[48.9373,-12.9031],[48.9531,-12.8385],[48.9553,-12.8117],[48.9496,-12.7989],[48.9295,-12.7755],[48.9212,-12.7634],[48.9147,-12.7496],[48.9108,-12.7384],[48.9056,-12.6935],[48.9019,-12.6824],[48.887,-12.6608],[48.8807,-12.657],[48.8753,-12.6585],[48.8703,-12.6576],[48.8659,-12.6472],[48.8662,-12.6371],[48.8711,-12.6313],[48.8767,-12.6264],[48.8801,-12.6193],[48.8794,-12.611],[48.8737,-12.5988],[48.8733,-12.592],[48.8845,-12.5675],[48.887,-12.5646],[48.8794,-12.5527],[48.8679,-12.5514],[48.8539,-12.5568],[48.8392,-12.5646],[48.8387,-12.5353],[48.8298,-12.5185],[48.7976,-12.4895],[48.7821,-12.4488],[48.7737,-12.4352],[48.7708,-12.4548],[48.73,-12.435],[48.742,-12.4254],[48.7596,-12.3981],[48.7708,-12.3971],[48.7829,-12.4026],[48.7936,-12.4057],[48.8185,-12.407],[48.8527,-12.4138],[48.8739,-12.4317],[48.9041,-12.4889],[48.9151,-12.4948],[48.9307,-12.4902],[48.9458,-12.4799],[48.9553,-12.4692],[48.9595,-12.4542],[48.9622,-12.4008],[48.9644,-12.395],[48.9758,-12.3735],[48.9758,-12.3683],[48.974,-12.3542],[48.9758,-12.3461],[48.9846,-12.3334],[48.9974,-12.3237],[49.0116,-12.32],[49.0242,-12.3258],[49.0308,-12.3079],[49.0412,-12.2994],[49.0534,-12.2919],[49.0652,-12.2773],[49.0799,-12.2952],[49.0929,-12.2815],[49.1057,-12.257],[49.1198,-12.2426],[49.1362,-12.2561],[49.1512,-12.2507],[49.1626,-12.2345],[49.1682,-12.2159],[49.167,-12.2082],[49.1636,-12.2009],[49.1607,-12.1928],[49.1614,-12.1817],[49.1668,-12.1706],[49.1745,-12.1643],[49.1825,-12.1598],[49.1892,-12.1537],[49.1991,-12.152],[49.2015,-12.1467],[49.1955,-12.1334],[49.1869,-12.1236],[49.1802,-12.122],[49.1726,-12.1227],[49.1614,-12.1196],[49.1564,-12.1153],[49.1531,-12.1095],[49.1488,-12.1034],[49.1409,-12.0986],[49.1299,-12.0968],[49.093,-12.0986],[49.1065,-12.0803],[49.1467,-12.0676],[49.1614,-12.0507],[49.1765,-12.0611],[49.2092,-12.1061],[49.216,-12.0986],[49.2234,-12.1061],[49.2245,-12.0867],[49.2168,-12.065],[49.202,-12.0481],[49.1819,-12.0439],[49.1858,-12.0338],[49.1921,-12.027],[49.1985,-12.0216],[49.2029,-12.0167],[49.2131,-12.0123],[49.216,-12.0097],[49.2147,-12.0065],[49.2113,-12.0004],[49.2095,-11.9933],[49.2126,-11.9859],[49.2425,-11.9537],[49.26,-11.9436],[49.2781,-11.9477],[49.2883,-11.9548],[49.3159,-11.9859],[49.3226,-12.0001],[49.3228,-12.0289],[49.3294,-12.0408],[49.3491,-12.0662],[49.3517,-12.0905],[49.349,-12.1164],[49.353,-12.1463],[49.3709,-12.1833],[49.3731,-12.1982],[49.3672,-12.1987],[49.3294,-12.1572],[49.3202,-12.1554],[49.3128,-12.164],[49.3059,-12.1755],[49.2985,-12.1817],[49.2849,-12.1784],[49.2737,-12.1677],[49.2663,-12.1536],[49.2638,-12.1402],[49.2532,-12.1452],[49.2453,-12.1531],[49.24,-12.1629],[49.2371,-12.1742],[49.2492,-12.1803],[49.2463,-12.1921],[49.2297,-12.2221],[49.2448,-12.2218],[49.2654,-12.2248],[49.2837,-12.2309],[49.2918,-12.2394],[49.2883,-12.246],[49.2739,-12.2581],[49.2713,-12.2636],[49.273,-12.2722],[49.2764,-12.2813],[49.2815,-12.2848],[49.2883,-12.2773],[49.299,-12.2594],[49.3071,-12.2551],[49.3152,-12.2621],[49.3259,-12.2773],[49.3245,-12.2824],[49.3201,-12.2892],[49.3195,-12.2952],[49.3294,-12.2978],[49.3494,-12.2985],[49.3591,-12.2968],[49.3669,-12.2916],[49.3726,-12.2743],[49.3584,-12.2462],[49.3631,-12.2328],[49.3814,-12.2228],[49.3928,-12.2297],[49.4217,-12.2743],[49.4246,-12.2859],[49.4251,-12.2975],[49.4282,-12.3115],[49.4378,-12.3269],[49.448,-12.3381],[49.4554,-12.3515],[49.4562,-12.3735],[49.4629,-12.3604],[49.4715,-12.352],[49.4824,-12.3474],[49.4966,-12.3461],[49.5117,-12.3487],[49.5179,-12.3543],[49.5221,-12.3619],[49.5394,-12.3782],[49.5452,-12.3907],[49.5457,-12.402],[49.5381,-12.407],[49.5242,-12.4037],[49.5121,-12.3984],[49.501,-12.3974],[49.4904,-12.407],[49.5148,-12.4269],[49.5277,-12.4426],[49.5391,-12.4441],[49.5586,-12.4207],[49.5864,-12.482],[49.5928,-12.5032],[49.595,-12.5297],[49.5925,-12.5427],[49.5828,-12.5408],[49.5747,-12.5297],[49.5718,-12.5173],[49.5721,-12.4895],[49.5661,-12.5167],[49.5809,-12.5737],[49.5755,-12.5958],[49.5676,-12.6062],[49.5632,-12.6168],[49.5625,-12.6279],[49.5654,-12.6398],[49.5747,-12.6567],[49.5818,-12.6555],[49.5894,-12.6485],[49.6003,-12.6472],[49.6152,-12.657],[49.6355,-12.6746],[49.5437,-12.7667],[49.456,-12.8544],[49.3934,-12.9421],[49.4685,-12.9546],[49.4811,-13.0298],[49.431,-13.1175],[49.4184,-13.2928],[49.3558,-13.3555],[49.4184,-13.5559],[49.3683,-13.7564],[49.3433,-13.8315],[49.3307,-13.9192],[49.2305,-13.9443],[49.1804,-14.1071],[49.0969,-14.1955],[49.092,-14.1948],[49.039,-14.1655],[49.0329,-14.1632],[49.0267,-14.1614],[49.0083,-14.1589],[49.0017,-14.1569],[48.9957,-14.1538],[48.9847,-14.1465],[48.9775,-14.1437],[48.9708,-14.1434],[48.9563,-14.1496],[48.9445,-14.1519],[48.9395,-14.1539],[48.9352,-14.1566],[48.9315,-14.1599],[48.9052,-14.1968],[48.9015,-14.2001],[48.897,-14.2025],[48.8767,-14.2102],[48.8509,-14.2265],[48.8438,-14.2335],[48.8411,-14.2377],[48.8376,-14.2417],[48.8334,-14.2447],[48.8269,-14.2454],[48.8231,-14.2428],[48.8207,-14.2383],[48.8187,-14.226],[48.8159,-14.2206],[48.7943,-14.1887],[48.7876,-14.184],[48.7811,-14.1826],[48.7764,-14.1848],[48.7685,-14.1909],[48.7637,-14.1929],[48.7577,-14.1936],[48.7454,-14.1936],[48.7396,-14.1946],[48.7244,-14.2004],[48.719,-14.2018],[48.7133,-14.2025],[48.7072,-14.2022],[48.7021,-14.2004],[48.6967,-14.1975],[48.6344,-14.1503],[48.6293,-14.1472],[48.5977,-14.1371],[48.586,-14.1317],[48.58,-14.1271],[48.5423,-14.0855],[48.5311,-14.0771],[48.5222,-14.0735],[48.5171,-14.0751],[48.5125,-14.0776],[48.5084,-14.0804],[48.497,-14.09],[48.4884,-14.0955],[48.4599,-14.1089],[48.4437,-14.114],[48.4192,-14.1174],[48.4038,-14.1232],[48.3983,-14.1246],[48.3887,-14.1234],[48.3764,-14.1201],[48.3526,-14.1084],[48.3405,-14.1004],[48.323,-14.0852],[48.3176,-14.0815],[48.2793,-14.061],[48.2731,-14.0563],[48.2477,-14.023],[48.2352,-14.0095],[48.2294,-14.0077],[48.2248,-14.0089],[48.2212,-14.0122],[48.215,-14.0199],[48.2097,-14.0227],[48.2029,-14.0241],[48.1911,-14.0222],[48.1852,-14.0187],[48.1815,-14.0139],[48.1802,-14.0088],[48.1792,-14.0011],[48.1792,-13.9895],[48.184,-13.9665],[48.1861,-13.9618],[48.1891,-13.9577],[48.2132,-13.9397],[48.2251,-13.9236],[48.2276,-13.9193],[48.2439,-13.9005],[48.2496,-13.8922],[48.252,-13.8876],[48.2538,-13.882],[48.2541,-13.8758],[48.2517,-13.8678],[48.247,-13.865],[48.2418,-13.865],[48.2369,-13.867],[48.2274,-13.8717],[48.1941,-13.8949],[48.1553,-13.912],[48.1466,-13.9173],[48.1273,-13.9332],[48.1231,-13.9359],[48.0843,-13.9531],[48.0803,-13.956],[48.0775,-13.9598],[48.0766,-13.9649],[48.0777,-13.9699],[48.0811,-13.98],[48.0824,-13.9855],[48.0825,-13.991],[48.0814,-13.9956],[48.0797,-13.9987],[48.0786,-14.0002],[48.0746,-14.0042],[48.0707,-14.0066],[48.0659,-14.0088],[48.0436,-14.0147],[48.0406,-14.0181],[48.0406,-14.0232],[48.0513,-14.0385],[48.0521,-14.0439],[48.0499,-14.0478],[48.0422,-14.0545],[48.0388,-14.0569],[48.0315,-14.0633],[48.0312,-14.0635],[48.0311,-14.0636]]],[[[48.332,-13.3604],[48.3394,-13.3683],[48.3533,-13.3774],[48.365,-13.388],[48.3662,-13.4006],[48.3595,-13.408],[48.3496,-13.4124],[48.3386,-13.4145],[48.3284,-13.4151],[48.3235,-13.4128],[48.3202,-13.4079],[48.3184,-13.403],[48.3184,-13.4006],[48.3123,-13.4018],[48.298,-13.4081],[48.2617,-13.4024],[48.2493,-13.3969],[48.2358,-13.3871],[48.229,-13.3871],[48.229,-13.4006],[48.2246,-13.4005],[48.2219,-13.3986],[48.2195,-13.3963],[48.216,-13.3946],[48.2063,-13.3826],[48.1997,-13.3615],[48.195,-13.3188],[48.1989,-13.2994],[48.2044,-13.2823],[48.2039,-13.2698],[48.1887,-13.2643],[48.1989,-13.2511],[48.2136,-13.2553],[48.2293,-13.2623],[48.2428,-13.2568],[48.2495,-13.263],[48.259,-13.2673],[48.2692,-13.2683],[48.2769,-13.2643],[48.2782,-13.2565],[48.2733,-13.249],[48.2671,-13.2411],[48.2638,-13.2331],[48.2647,-13.2126],[48.2693,-13.2011],[48.2804,-13.1964],[48.301,-13.1954],[48.3184,-13.2003],[48.3264,-13.2128],[48.3254,-13.2296],[48.315,-13.2468],[48.3237,-13.2519],[48.3338,-13.2724],[48.3412,-13.2947],[48.3421,-13.3053],[48.3542,-13.3123],[48.3488,-13.3288],[48.3377,-13.3473],[48.332,-13.3604]]]]}},{"type":"Feature","properties":{"id":"MDG-5873","name":"Haute Matsiatra","nameBn":"হাউটে মাতসিয়াত্রা","type":"Autonomous Province","bounds":[45.515,-22.2751,47.4516,-20.7467],"center":[46.5733,-21.4423]},"geometry":{"type":"Polygon","coordinates":[[[45.7604,-21.774],[45.6727,-21.7614],[45.515,-21.6668],[45.5265,-21.6638],[45.5316,-21.6618],[45.536,-21.6591],[45.5397,-21.6556],[45.542,-21.651],[45.5431,-21.6459],[45.5417,-21.6349],[45.5394,-21.6249],[45.5392,-21.6214],[45.5397,-21.6174],[45.5423,-21.6139],[45.5619,-21.6051],[45.5656,-21.6017],[45.5681,-21.5971],[45.5692,-21.5916],[45.5695,-21.5859],[45.5689,-21.5798],[45.5522,-21.5138],[45.5513,-21.5083],[45.5516,-21.5028],[45.5574,-21.4807],[45.558,-21.4745],[45.5576,-21.4614],[45.5513,-21.4342],[45.5505,-21.4286],[45.5515,-21.4229],[45.5538,-21.4184],[45.5914,-21.377],[45.594,-21.3727],[45.5962,-21.3677],[45.5976,-21.362],[45.5982,-21.3559],[45.5969,-21.3381],[45.5982,-21.3327],[45.601,-21.3283],[45.6047,-21.3249],[45.6095,-21.3224],[45.6209,-21.3197],[45.6249,-21.3168],[45.6278,-21.3125],[45.6319,-21.3022],[45.6344,-21.2976],[45.6375,-21.2936],[45.6415,-21.2904],[45.6468,-21.2885],[45.6526,-21.2873],[45.6581,-21.2854],[45.6615,-21.2816],[45.6643,-21.277],[45.6681,-21.2737],[45.6781,-21.2697],[45.6915,-21.262],[45.7029,-21.2597],[45.708,-21.2576],[45.7127,-21.2551],[45.7178,-21.253],[45.7371,-21.2511],[45.7428,-21.2496],[45.7478,-21.2473],[45.7517,-21.244],[45.7544,-21.2397],[45.7569,-21.2349],[45.7586,-21.2294],[45.7614,-21.2044],[45.7605,-21.1921],[45.7414,-21.0908],[45.7417,-21.0848],[45.7434,-21.0799],[45.7465,-21.0762],[45.758,-21.0663],[45.7645,-21.058],[45.7777,-21.0351],[45.9107,-21.0348],[46.036,-20.9722],[46.1738,-20.9346],[46.249,-20.8595],[46.3367,-20.7843],[46.4244,-20.7467],[46.4995,-20.7718],[46.5872,-20.7467],[46.6123,-20.8219],[46.7125,-20.9597],[46.8503,-21.0474],[46.9756,-21.0474],[47.0507,-20.9471],[47.2136,-20.8845],[47.2888,-20.9096],[47.3263,-20.9722],[47.4516,-20.9847],[47.414,-21.1726],[47.3639,-21.2854],[47.389,-21.3606],[47.4266,-21.4482],[47.3639,-21.7364],[47.3263,-21.8867],[47.2888,-21.9619],[47.3263,-22.037],[47.176,-22.1122],[47.0633,-22.1748],[46.9881,-22.2751],[46.8628,-22.225],[46.7626,-22.225],[46.6373,-22.225],[46.5371,-22.2124],[46.4619,-22.1247],[46.4369,-21.9995],[46.3993,-21.9118],[46.2239,-21.8241],[46.036,-21.774],[45.8857,-21.7614],[45.7604,-21.774]]]}},{"type":"Feature","properties":{"id":"MDG-5874","name":"Ihorombe","nameBn":"ইহোরোম্বে","type":"Autonomous Province","bounds":[45.0056,-23.7032,47.2011,-21.6668],"center":[46.2128,-22.4083]},"geometry":{"type":"Polygon","coordinates":[[[46.9881,-22.2751],[47.0382,-22.3628],[47.1008,-22.5883],[47.1885,-22.7511],[47.2011,-22.9014],[47.2011,-23.0267],[47.2011,-23.1019],[47.1259,-23.1019],[47.0257,-23.0392],[46.9129,-22.9891],[46.8252,-23.0017],[46.8127,-23.0643],[46.8378,-23.2146],[46.8628,-23.4276],[46.8378,-23.6155],[46.7626,-23.6907],[46.6749,-23.7032],[46.4859,-23.6548],[46.4929,-23.6489],[46.498,-23.6423],[46.5002,-23.6375],[46.5019,-23.6289],[46.5025,-23.6211],[46.5011,-23.6108],[46.4982,-23.5978],[46.4887,-23.5808],[46.4737,-23.5445],[46.4659,-23.5331],[46.4521,-23.5181],[46.4329,-23.4923],[46.4282,-23.4819],[46.424,-23.4607],[46.4189,-23.448],[46.4167,-23.4378],[46.4197,-23.4293],[46.4265,-23.4229],[46.4448,-23.4125],[46.4529,-23.4062],[46.4585,-23.3983],[46.4634,-23.3797],[46.4667,-23.3706],[46.4714,-23.3618],[46.4743,-23.3523],[46.4741,-23.342],[46.4684,-23.3216],[46.4642,-23.3119],[46.4613,-23.302],[46.4613,-23.2914],[46.4644,-23.2815],[46.4745,-23.2639],[46.4777,-23.2548],[46.4782,-23.2461],[46.4724,-23.1989],[46.4679,-23.1844],[46.4607,-23.1756],[46.4511,-23.1694],[46.3801,-23.1339],[46.3744,-23.1289],[46.3703,-23.1235],[46.3668,-23.1102],[46.3643,-23.104],[46.3472,-23.073],[46.3362,-23.057],[46.3276,-23.0404],[46.3261,-23.035],[46.3233,-23.0288],[46.3045,-23.0023],[46.3036,-23.0005],[46.3018,-22.9949],[46.2994,-22.9837],[46.2969,-22.9779],[46.2874,-22.9615],[46.284,-22.9516],[46.2274,-22.8344],[46.2082,-22.8078],[46.2026,-22.8016],[46.1306,-22.7591],[46.1085,-22.7424],[46.0919,-22.7459],[46.0694,-22.7262],[45.9955,-22.6838],[45.972,-22.6776],[45.9292,-22.6788],[45.8647,-22.6731],[45.8506,-22.674],[45.8021,-22.6835],[45.6112,-22.7557],[45.4152,-22.8601],[45.3995,-22.8792],[45.3785,-23.0004],[45.3792,-23.084],[45.3645,-23.1044],[45.3589,-23.1152],[45.3587,-23.1153],[45.3453,-23.1249],[45.3395,-23.1263],[45.3332,-23.127],[45.3265,-23.1268],[45.3086,-23.1223],[45.2956,-23.1208],[45.2735,-23.1223],[45.2621,-23.1212],[45.2562,-23.1181],[45.252,-23.1139],[45.2501,-23.109],[45.2456,-23.0926],[45.2405,-23.0839],[45.2373,-23.08],[45.2318,-23.071],[45.2284,-23.059],[45.2255,-23.052],[45.2206,-23.049],[45.215,-23.048],[45.1982,-23.0517],[45.1918,-23.0519],[45.173,-23.0491],[45.1668,-23.049],[45.1273,-23.0537],[45.1176,-23.0534],[45.1024,-23.0509],[45.0945,-23.0478],[45.0888,-23.0443],[45.0591,-23.0165],[45.0492,-23.0052],[45.0408,-22.9974],[45.038,-22.9943],[45.0352,-22.99],[45.0324,-22.9852],[45.0296,-22.978],[45.0281,-22.9717],[45.0253,-22.9534],[45.0237,-22.9482],[45.0191,-22.9383],[45.0158,-22.9334],[45.0124,-22.9264],[45.0106,-22.9202],[45.0096,-22.9136],[45.009,-22.9002],[45.0061,-22.8852],[45.0056,-22.8786],[45.0062,-22.8724],[45.0144,-22.8521],[45.0251,-22.8129],[45.0293,-22.8028],[45.0354,-22.794],[45.0379,-22.7892],[45.0394,-22.7845],[45.0405,-22.7798],[45.0414,-22.7659],[45.042,-22.7622],[45.0436,-22.7578],[45.0503,-22.7437],[45.0515,-22.7379],[45.0516,-22.7316],[45.051,-22.7255],[45.0499,-22.7199],[45.041,-22.6961],[45.0402,-22.6896],[45.04,-22.6835],[45.0411,-22.6778],[45.0431,-22.6727],[45.0456,-22.668],[45.0739,-22.6318],[45.0787,-22.6223],[45.0819,-22.6108],[45.0843,-22.5844],[45.0864,-22.5722],[45.0937,-22.5504],[45.1362,-22.4779],[45.1424,-22.4697],[45.146,-22.466],[45.1491,-22.4618],[45.1517,-22.457],[45.1535,-22.4518],[45.1545,-22.4458],[45.1562,-22.4403],[45.1597,-22.436],[45.164,-22.4329],[45.1744,-22.4289],[45.1971,-22.4227],[45.2123,-22.4163],[45.2164,-22.4133],[45.2199,-22.4096],[45.2215,-22.4047],[45.2211,-22.3995],[45.2193,-22.3886],[45.2199,-22.3829],[45.2281,-22.3631],[45.2312,-22.359],[45.2356,-22.3562],[45.2515,-22.3507],[45.2559,-22.3478],[45.2588,-22.344],[45.2602,-22.339],[45.2591,-22.3328],[45.2535,-22.3161],[45.252,-22.3085],[45.2515,-22.3014],[45.252,-22.2882],[45.2539,-22.2758],[45.2556,-22.2704],[45.2601,-22.2607],[45.2647,-22.244],[45.2673,-22.2395],[45.2715,-22.2364],[45.2776,-22.2353],[45.2902,-22.2344],[45.2947,-22.2319],[45.2976,-22.2278],[45.301,-22.217],[45.3009,-22.2094],[45.2995,-22.2005],[45.2942,-22.1868],[45.293,-22.1785],[45.2945,-22.1726],[45.3102,-22.1599],[45.3136,-22.1561],[45.3161,-22.1514],[45.3178,-22.1461],[45.3164,-22.1377],[45.3124,-22.1271],[45.3006,-22.1091],[45.2956,-22.0994],[45.2931,-22.0912],[45.2939,-22.0855],[45.2956,-22.0802],[45.3,-22.0702],[45.3009,-22.0646],[45.3007,-22.0589],[45.2916,-22.0141],[45.2889,-22.0071],[45.2857,-22.0004],[45.2803,-21.9855],[45.2655,-21.9622],[45.2436,-21.9336],[45.2356,-21.9196],[45.2318,-21.9092],[45.2343,-21.9047],[45.2373,-21.9005],[45.2449,-21.8938],[45.2491,-21.891],[45.2594,-21.8879],[45.2718,-21.8862],[45.3138,-21.8862],[45.3549,-21.8772],[45.3597,-21.8748],[45.3634,-21.8714],[45.3656,-21.8664],[45.3687,-21.8551],[45.3705,-21.8499],[45.3735,-21.8458],[45.3769,-21.8421],[45.3817,-21.8396],[45.387,-21.8377],[45.3985,-21.8349],[45.4038,-21.833],[45.4084,-21.8305],[45.412,-21.8267],[45.4148,-21.8223],[45.4376,-21.6958],[45.4394,-21.6904],[45.4418,-21.6856],[45.4447,-21.6814],[45.4481,-21.6776],[45.4523,-21.6746],[45.457,-21.6722],[45.4624,-21.6704],[45.4683,-21.6694],[45.5026,-21.6688],[45.515,-21.6668],[45.6727,-21.7614],[45.7604,-21.774],[45.8857,-21.7614],[46.036,-21.774],[46.2239,-21.8241],[46.3993,-21.9118],[46.4369,-21.9995],[46.4619,-22.1247],[46.5371,-22.2124],[46.6373,-22.225],[46.7626,-22.225],[46.8628,-22.225],[46.9881,-22.2751]]]}},{"type":"Feature","properties":{"id":"MDG-5875","name":"Itasy","nameBn":"ইতাসি","type":"Autonomous Province","bounds":[46.1613,-19.4438,47.4767,-18.7047],"center":[46.7662,-18.9938]},"geometry":{"type":"Polygon","coordinates":[[[47.1306,-18.7367],[47.1769,-18.7477],[47.2468,-18.7621],[47.2778,-18.7818],[47.3062,-18.7922],[47.3194,-18.8211],[47.4266,-18.9929],[47.4767,-19.1557],[47.4391,-19.2559],[47.3389,-19.3186],[47.2011,-19.3186],[47.0633,-19.2935],[47.0257,-19.2434],[46.9129,-19.2309],[46.7877,-19.2559],[46.6624,-19.3311],[46.5747,-19.4188],[46.4995,-19.4313],[46.3993,-19.4063],[46.1613,-19.4438],[46.2615,-19.306],[46.4118,-19.1307],[46.512,-18.9803],[46.5622,-18.8049],[46.6624,-18.7172],[46.7626,-18.7047],[46.9255,-18.7172],[47.1306,-18.7367]]]}},{"type":"Feature","properties":{"id":"MDG-5876","name":"Melaky","nameBn":"মেলাকি","type":"Autonomous Province","bounds":[43.9236,-19.3084,45.97,-16.1765],"center":[44.8928,-17.6203]},"geometry":{"type":"Polygon","coordinates":[[[44.2718,-19.1461],[44.2518,-19.1213],[44.2344,-19.0888],[44.2276,-19.0546],[44.2344,-18.9963],[44.2479,-18.9651],[44.2479,-18.9037],[44.2471,-18.9013],[44.2428,-18.894],[44.2417,-18.8901],[44.2435,-18.8832],[44.252,-18.8752],[44.2547,-18.8697],[44.2609,-18.8449],[44.2616,-18.8351],[44.2573,-18.8039],[44.2334,-18.7341],[44.1859,-18.6108],[44.1144,-18.5159],[44.0497,-18.4265],[44.0418,-18.3969],[44.0418,-18.198],[44.0026,-18.0037],[44.001,-17.9379],[44.0306,-17.8139],[44.0357,-17.7695],[44.0303,-17.7546],[44.0064,-17.7331],[43.9924,-17.6874],[43.9292,-17.6017],[43.9236,-17.5776],[43.924,-17.5465],[43.9326,-17.485],[43.9431,-17.4557],[43.9942,-17.3757],[44.0121,-17.3341],[44.0183,-17.3312],[44.0301,-17.337],[44.0365,-17.3295],[44.0457,-17.3006],[44.1218,-17.1866],[44.1382,-17.1705],[44.1455,-17.1559],[44.1486,-17.1418],[44.1517,-17.0944],[44.1797,-17.0951],[44.2041,-17.0569],[44.238,-16.971],[44.245,-16.9605],[44.2722,-16.9334],[44.2776,-16.925],[44.2858,-16.9023],[44.293,-16.8922],[44.3093,-16.8743],[44.3213,-16.8556],[44.3405,-16.8139],[44.3667,-16.7768],[44.4016,-16.7398],[44.4307,-16.7004],[44.4398,-16.6555],[44.4343,-16.6362],[44.4162,-16.5935],[44.4118,-16.573],[44.4168,-16.5489],[44.4285,-16.5377],[44.4388,-16.5426],[44.4398,-16.567],[44.4556,-16.5409],[44.4634,-16.5134],[44.4629,-16.4854],[44.4534,-16.4577],[44.4158,-16.403],[44.4006,-16.3728],[44.3982,-16.3404],[44.4026,-16.3278],[44.4104,-16.3136],[44.4198,-16.3],[44.4292,-16.2897],[44.436,-16.279],[44.4385,-16.2657],[44.4414,-16.2094],[44.4447,-16.1957],[44.4528,-16.1867],[44.4694,-16.1822],[44.5027,-16.1821],[44.537,-16.1765],[44.7551,-16.197],[44.7821,-16.1909],[44.7944,-16.1917],[44.8187,-16.2111],[44.8362,-16.2206],[44.8543,-16.2254],[44.8683,-16.2209],[44.8778,-16.2092],[44.9461,-16.2869],[44.9586,-16.4122],[45.0213,-16.5249],[45.1465,-16.6252],[45.2468,-16.6753],[45.2593,-16.763],[45.347,-16.8632],[45.4472,-16.8882],[45.4973,-16.9759],[45.4848,-17.0761],[45.5474,-17.3267],[45.585,-17.4269],[45.6727,-17.4269],[45.7855,-17.4144],[45.8731,-17.4269],[45.8857,-17.5021],[45.8356,-17.5522],[45.8481,-17.6274],[45.9233,-17.7025],[45.97,-17.8106],[45.9619,-17.8197],[45.9554,-17.8295],[45.9509,-17.8405],[45.9478,-17.8507],[45.947,-17.8602],[45.9492,-17.8788],[45.9494,-17.8879],[45.9471,-17.8969],[45.9313,-17.9331],[45.9292,-17.9426],[45.9265,-17.9618],[45.9225,-17.9704],[45.8937,-17.9981],[45.8879,-18.0062],[45.8806,-18.023],[45.8673,-18.0719],[45.8645,-18.0921],[45.8606,-18.1015],[45.8555,-18.1107],[45.8488,-18.12],[45.8229,-18.1477],[45.8168,-18.1582],[45.8133,-18.1704],[45.8122,-18.1811],[45.816,-18.2137],[45.814,-18.2233],[45.8081,-18.2321],[45.7703,-18.2595],[45.7611,-18.2585],[45.722,-18.2463],[45.7091,-18.2438],[45.7,-18.2468],[45.6921,-18.2503],[45.6846,-18.2503],[45.678,-18.2453],[45.6708,-18.2388],[45.6604,-18.2336],[45.6488,-18.2293],[45.6342,-18.2256],[45.624,-18.2275],[45.6155,-18.2327],[45.6011,-18.2466],[45.5952,-18.2542],[45.5906,-18.2632],[45.5875,-18.2711],[45.5838,-18.2775],[45.5748,-18.2877],[45.5549,-18.2913],[45.5498,-18.2968],[45.5437,-18.3017],[45.5346,-18.3107],[45.5253,-18.3144],[45.516,-18.3134],[45.5095,-18.3068],[45.5046,-18.2985],[45.5016,-18.2895],[45.4961,-18.2816],[45.4877,-18.2748],[45.4678,-18.2661],[45.4573,-18.266],[45.4503,-18.268],[45.445,-18.2746],[45.4382,-18.2808],[45.4177,-18.2935],[45.4033,-18.2997],[45.3904,-18.2976],[45.3012,-18.2604],[45.2911,-18.2548],[45.2757,-18.242],[45.2647,-18.2345],[45.2511,-18.227],[45.2263,-18.2179],[45.2118,-18.215],[45.1982,-18.2148],[45.1601,-18.2319],[45.1409,-18.2431],[45.1274,-18.2471],[45.1179,-18.2441],[45.1105,-18.2375],[45.1027,-18.2288],[45.0923,-18.2211],[45.061,-18.2068],[45.0372,-18.1904],[45.0287,-18.1923],[45.0213,-18.198],[45.0141,-18.205],[45.0009,-18.2144],[44.9961,-18.2187],[44.9843,-18.2325],[44.9694,-18.2462],[44.9629,-18.2539],[44.9572,-18.2622],[44.948,-18.2709],[44.9353,-18.2788],[44.9102,-18.2858],[44.8842,-18.2989],[44.8445,-18.331],[44.8382,-18.3389],[44.8215,-18.3645],[44.8172,-18.373],[44.8164,-18.3826],[44.8201,-18.3912],[44.8253,-18.3998],[44.8613,-18.4487],[44.865,-18.4576],[44.8704,-18.4753],[44.8748,-18.4841],[44.8976,-18.5174],[44.9024,-18.5264],[44.9061,-18.5363],[44.9272,-18.6311],[44.9348,-18.6491],[44.9354,-18.6692],[44.9378,-18.6792],[44.9426,-18.688],[44.9561,-18.7031],[44.9606,-18.7116],[44.962,-18.7219],[44.9586,-18.7338],[44.9597,-18.7439],[44.9732,-18.7703],[44.9943,-18.7888],[44.9992,-18.7941],[45.0028,-18.7996],[45.0064,-18.8081],[45.0134,-18.8415],[45.0126,-18.8553],[45.0089,-18.8706],[44.9978,-18.8922],[44.9927,-18.9066],[44.9918,-18.9191],[44.9944,-18.9281],[44.9981,-18.9358],[45.0025,-18.9391],[45.0092,-18.9423],[45.0171,-18.9451],[45.0222,-18.9527],[45.0261,-18.9623],[45.0284,-18.9735],[45.0351,-18.9917],[45.0456,-19.0389],[45.0493,-19.0491],[45.0541,-19.0586],[45.0576,-19.0692],[45.0584,-19.0813],[45.0544,-19.0963],[45.0476,-19.109],[45.0368,-19.1246],[45.0338,-19.1369],[45.0352,-19.1466],[45.0383,-19.1549],[45.0451,-19.1672],[45.0513,-19.1739],[45.0588,-19.1804],[45.1013,-19.2096],[45.1089,-19.2167],[45.1141,-19.2249],[45.1141,-19.2362],[45.1074,-19.2427],[45.0973,-19.2464],[45.0765,-19.2473],[45.0538,-19.2512],[45.0388,-19.2594],[45.0273,-19.2606],[45.0179,-19.258],[45.0093,-19.2543],[44.9832,-19.2476],[44.9637,-19.2399],[44.9528,-19.2391],[44.9415,-19.2417],[44.9295,-19.2461],[44.9153,-19.2539],[44.9067,-19.2655],[44.8984,-19.2816],[44.8867,-19.2931],[44.8749,-19.2991],[44.8411,-19.3081],[44.8294,-19.3084],[44.8178,-19.3066],[44.795,-19.3004],[44.7849,-19.2957],[44.7666,-19.2848],[44.7371,-19.2726],[44.7268,-19.2727],[44.7073,-19.2775],[44.699,-19.2766],[44.6816,-19.2675],[44.6644,-19.2688],[44.6519,-19.2685],[44.6298,-19.2639],[44.6019,-19.2671],[44.5888,-19.2663],[44.5654,-19.2608],[44.5558,-19.256],[44.5486,-19.2491],[44.5073,-19.1923],[44.4943,-19.1778],[44.4873,-19.1726],[44.4811,-19.1695],[44.4736,-19.1667],[44.4643,-19.1646],[44.4549,-19.1638],[44.4434,-19.1641],[44.4317,-19.1657],[44.4107,-19.1723],[44.4007,-19.1746],[44.3917,-19.1744],[44.3704,-19.1692],[44.3363,-19.1652],[44.2943,-19.1502],[44.2722,-19.1461],[44.2718,-19.1461]]]}},{"type":"Feature","properties":{"id":"MDG-5878","name":"Menabe","nameBn":"মেনাবে","type":"Autonomous Province","bounds":[43.5422,-21.9027,45.8586,-18.1904],"center":[45.0481,-20.3119]},"geometry":{"type":"Polygon","coordinates":[[[43.5422,-21.3095],[43.5696,-21.296],[43.5828,-21.2778],[43.5869,-21.2748],[43.6426,-21.2761],[43.68,-21.266],[43.6987,-21.2704],[43.7165,-21.2778],[43.7346,-21.2817],[43.7595,-21.2727],[43.7886,-21.2512],[43.8128,-21.2243],[43.8228,-21.1994],[43.8279,-21.17],[43.8638,-21.0763],[43.9015,-20.8829],[43.9646,-20.7673],[43.9856,-20.748],[44.0183,-20.7404],[44.0364,-20.7255],[44.0903,-20.6305],[44.1028,-20.5901],[44.1121,-20.5427],[44.1258,-20.4983],[44.1517,-20.466],[44.1519,-20.475],[44.1535,-20.4811],[44.1585,-20.4933],[44.1829,-20.4389],[44.1968,-20.4216],[44.2407,-20.3893],[44.2547,-20.3761],[44.2513,-20.3439],[44.2612,-20.3075],[44.3342,-20.1696],[44.3557,-20.1381],[44.4154,-20.0832],[44.439,-20.0554],[44.4578,-20.0236],[44.4739,-19.9863],[44.479,-19.9557],[44.4793,-19.9128],[44.4719,-19.8795],[44.4534,-19.877],[44.4446,-19.8492],[44.4398,-19.8422],[44.4326,-19.8383],[44.4183,-19.8376],[44.4118,-19.8354],[44.3983,-19.8242],[44.385,-19.8087],[44.3748,-19.7912],[44.3709,-19.774],[44.3748,-19.7605],[44.3939,-19.7262],[44.4016,-19.7156],[44.4097,-19.7014],[44.4129,-19.6847],[44.4118,-19.6505],[44.4095,-19.6403],[44.4059,-19.6313],[44.4036,-19.6218],[44.405,-19.6101],[44.4097,-19.6056],[44.4271,-19.5951],[44.433,-19.589],[44.438,-19.5702],[44.4404,-19.5549],[44.4484,-19.5444],[44.4705,-19.5406],[44.4837,-19.5232],[44.4797,-19.484],[44.4596,-19.4177],[44.4447,-19.3858],[44.4255,-19.3562],[44.3781,-19.3126],[44.3709,-19.301],[44.363,-19.2682],[44.344,-19.2355],[44.2718,-19.1461],[44.2722,-19.1461],[44.2943,-19.1502],[44.3363,-19.1652],[44.3704,-19.1692],[44.3917,-19.1744],[44.4007,-19.1746],[44.4107,-19.1723],[44.4317,-19.1657],[44.4434,-19.1641],[44.4549,-19.1638],[44.4643,-19.1646],[44.4736,-19.1667],[44.4811,-19.1695],[44.4873,-19.1726],[44.4943,-19.1778],[44.5073,-19.1923],[44.5486,-19.2491],[44.5558,-19.256],[44.5654,-19.2608],[44.5888,-19.2663],[44.6019,-19.2671],[44.6298,-19.2639],[44.6519,-19.2685],[44.6644,-19.2688],[44.6816,-19.2675],[44.699,-19.2766],[44.7073,-19.2775],[44.7268,-19.2727],[44.7371,-19.2726],[44.7666,-19.2848],[44.7849,-19.2957],[44.795,-19.3004],[44.8178,-19.3066],[44.8294,-19.3084],[44.8411,-19.3081],[44.8749,-19.2991],[44.8867,-19.2931],[44.8984,-19.2816],[44.9067,-19.2655],[44.9153,-19.2539],[44.9295,-19.2461],[44.9415,-19.2417],[44.9528,-19.2391],[44.9637,-19.2399],[44.9832,-19.2476],[45.0093,-19.2543],[45.0179,-19.258],[45.0273,-19.2606],[45.0388,-19.2594],[45.0538,-19.2512],[45.0765,-19.2473],[45.0973,-19.2464],[45.1074,-19.2427],[45.1141,-19.2362],[45.1141,-19.2249],[45.1089,-19.2167],[45.1013,-19.2096],[45.0588,-19.1804],[45.0513,-19.1739],[45.0451,-19.1672],[45.0383,-19.1549],[45.0352,-19.1466],[45.0338,-19.1369],[45.0368,-19.1246],[45.0476,-19.109],[45.0544,-19.0963],[45.0584,-19.0813],[45.0576,-19.0692],[45.0541,-19.0586],[45.0493,-19.0491],[45.0456,-19.0389],[45.0351,-18.9917],[45.0284,-18.9735],[45.0261,-18.9623],[45.0222,-18.9527],[45.0171,-18.9451],[45.0092,-18.9423],[45.0025,-18.9391],[44.9981,-18.9358],[44.9944,-18.9281],[44.9918,-18.9191],[44.9927,-18.9066],[44.9978,-18.8922],[45.0089,-18.8706],[45.0126,-18.8553],[45.0134,-18.8415],[45.0064,-18.8081],[45.0028,-18.7996],[44.9992,-18.7941],[44.9943,-18.7888],[44.9732,-18.7703],[44.9597,-18.7439],[44.9586,-18.7338],[44.962,-18.7219],[44.9606,-18.7116],[44.9561,-18.7031],[44.9426,-18.688],[44.9378,-18.6792],[44.9354,-18.6692],[44.9348,-18.6491],[44.9272,-18.6311],[44.9061,-18.5363],[44.9024,-18.5264],[44.8976,-18.5174],[44.8748,-18.4841],[44.8704,-18.4753],[44.865,-18.4576],[44.8613,-18.4487],[44.8253,-18.3998],[44.8201,-18.3912],[44.8164,-18.3826],[44.8172,-18.373],[44.8215,-18.3645],[44.8382,-18.3389],[44.8445,-18.331],[44.8842,-18.2989],[44.9102,-18.2858],[44.9353,-18.2788],[44.948,-18.2709],[44.9572,-18.2622],[44.9629,-18.2539],[44.9694,-18.2462],[44.9843,-18.2325],[44.9961,-18.2187],[45.0009,-18.2144],[45.0141,-18.205],[45.0213,-18.198],[45.0287,-18.1923],[45.0372,-18.1904],[45.061,-18.2068],[45.0923,-18.2211],[45.1027,-18.2288],[45.1105,-18.2375],[45.1179,-18.2441],[45.1274,-18.2471],[45.1409,-18.2431],[45.1601,-18.2319],[45.1982,-18.2148],[45.2118,-18.215],[45.2263,-18.2179],[45.2511,-18.227],[45.2647,-18.2345],[45.2757,-18.242],[45.2911,-18.2548],[45.3012,-18.2604],[45.3904,-18.2976],[45.4033,-18.2997],[45.4177,-18.2935],[45.4382,-18.2808],[45.445,-18.2746],[45.4503,-18.268],[45.4573,-18.266],[45.4678,-18.2661],[45.4877,-18.2748],[45.4961,-18.2816],[45.5016,-18.2895],[45.5046,-18.2985],[45.5095,-18.3068],[45.516,-18.3134],[45.5253,-18.3144],[45.5346,-18.3107],[45.5437,-18.3017],[45.5498,-18.2968],[45.5549,-18.2913],[45.5748,-18.2877],[45.5914,-18.2942],[45.599,-18.3021],[45.6275,-18.3447],[45.6317,-18.3561],[45.632,-18.3634],[45.6209,-18.3744],[45.6177,-18.3785],[45.6155,-18.3835],[45.6143,-18.3894],[45.6149,-18.4221],[45.6288,-18.5423],[45.6223,-18.594],[45.6195,-18.6014],[45.6161,-18.605],[45.6121,-18.6083],[45.5948,-18.6194],[45.5909,-18.6227],[45.5873,-18.6264],[45.5845,-18.6305],[45.5797,-18.6398],[45.5766,-18.6439],[45.5728,-18.6471],[45.5589,-18.6545],[45.5551,-18.6578],[45.5515,-18.6614],[45.5436,-18.6749],[45.5406,-18.6791],[45.5237,-18.6977],[45.5157,-18.7037],[45.506,-18.7121],[45.5004,-18.72],[45.4989,-18.7267],[45.4994,-18.7325],[45.5029,-18.7427],[45.5056,-18.7539],[45.5102,-18.8035],[45.5161,-18.8251],[45.518,-18.8301],[45.5243,-18.8583],[45.524,-18.8664],[45.5225,-18.8729],[45.52,-18.8775],[45.5105,-18.8925],[45.5067,-18.9012],[45.5019,-18.9177],[45.5023,-18.9261],[45.5053,-18.9315],[45.5102,-18.9338],[45.5267,-18.9393],[45.5313,-18.9418],[45.5353,-18.9449],[45.5388,-18.9486],[45.5467,-18.9616],[45.5642,-19.0071],[45.5666,-19.0111],[45.57,-19.0149],[45.574,-19.0181],[45.5921,-19.0287],[45.5965,-19.0346],[45.6013,-19.0428],[45.607,-19.0603],[45.6115,-19.0685],[45.6165,-19.074],[45.639,-19.0811],[45.6446,-19.0848],[45.65,-19.0923],[45.6512,-19.0989],[45.6505,-19.1048],[45.6455,-19.1158],[45.6433,-19.1234],[45.6416,-19.136],[45.643,-19.1434],[45.6455,-19.149],[45.6561,-19.1596],[45.668,-19.1758],[45.6777,-19.1941],[45.6804,-19.1983],[45.687,-19.2059],[45.707,-19.2218],[45.7167,-19.2333],[45.7239,-19.2402],[45.7282,-19.2431],[45.7331,-19.2453],[45.7386,-19.2461],[45.7442,-19.2451],[45.7492,-19.2431],[45.7628,-19.2354],[45.7726,-19.2311],[45.7891,-19.2262],[45.795,-19.2253],[45.8012,-19.226],[45.8083,-19.2321],[45.8106,-19.2392],[45.8112,-19.25],[45.8133,-19.2568],[45.8224,-19.2757],[45.826,-19.2924],[45.8359,-19.3201],[45.8381,-19.3292],[45.8395,-19.3387],[45.8405,-19.3692],[45.8367,-19.3937],[45.8374,-19.4232],[45.8364,-19.4313],[45.8334,-19.4355],[45.8292,-19.4382],[45.814,-19.4431],[45.8109,-19.4449],[45.8088,-19.4474],[45.8075,-19.4522],[45.8095,-19.507],[45.8091,-19.5134],[45.8072,-19.5186],[45.8041,-19.5245],[45.8015,-19.5321],[45.7998,-19.5458],[45.8004,-19.5539],[45.8029,-19.5599],[45.8064,-19.5635],[45.8103,-19.5698],[45.8143,-19.5788],[45.824,-19.6145],[45.8457,-19.6634],[45.8479,-19.6746],[45.8493,-19.6897],[45.8513,-19.7],[45.8576,-19.7216],[45.8586,-19.7292],[45.8553,-19.7679],[45.8536,-19.7734],[45.8514,-19.7784],[45.8459,-19.787],[45.8386,-19.7939],[45.8305,-19.8002],[45.8236,-19.8072],[45.8193,-19.8162],[45.8178,-19.8216],[45.815,-19.8401],[45.8133,-19.8456],[45.8081,-19.8547],[45.7839,-19.8827],[45.7819,-19.8915],[45.7796,-19.9164],[45.778,-19.922],[45.776,-19.9271],[45.7681,-19.9406],[45.7673,-19.9466],[45.7689,-19.9542],[45.7752,-19.9643],[45.7801,-19.9701],[45.785,-19.9744],[45.7934,-19.9803],[45.8078,-19.9877],[45.812,-19.9907],[45.815,-19.9949],[45.816,-20.0004],[45.8145,-20.0079],[45.8103,-20.0191],[45.8095,-20.0252],[45.8114,-20.0393],[45.8105,-20.0451],[45.8078,-20.0497],[45.8038,-20.0529],[45.7954,-20.0586],[45.7917,-20.0621],[45.7889,-20.0664],[45.7872,-20.0718],[45.7866,-20.0782],[45.7872,-20.0969],[45.7866,-20.1028],[45.7851,-20.1083],[45.7848,-20.1145],[45.7864,-20.1217],[45.7926,-20.1323],[45.7956,-20.1404],[45.7962,-20.1504],[45.796,-20.1651],[45.7979,-20.1732],[45.8018,-20.1842],[45.8105,-20.2024],[45.8235,-20.2547],[45.8238,-20.2736],[45.825,-20.2816],[45.8425,-20.3504],[45.8438,-20.36],[45.8438,-20.368],[45.8423,-20.3735],[45.8381,-20.3835],[45.835,-20.3944],[45.8343,-20.4005],[45.8347,-20.4064],[45.8431,-20.4458],[45.8435,-20.4521],[45.8431,-20.4651],[45.8418,-20.4708],[45.8398,-20.476],[45.83,-20.4914],[45.8286,-20.4946],[45.8272,-20.4991],[45.8258,-20.5175],[45.8235,-20.5295],[45.8218,-20.5349],[45.8196,-20.5397],[45.8178,-20.5448],[45.8182,-20.5537],[45.844,-20.66],[45.848,-20.7075],[45.8476,-20.7137],[45.8465,-20.7195],[45.8435,-20.7237],[45.8395,-20.7268],[45.8339,-20.7286],[45.8143,-20.7307],[45.8094,-20.7329],[45.8058,-20.7366],[45.8036,-20.7417],[45.8024,-20.7478],[45.8005,-20.7671],[45.7988,-20.7726],[45.7965,-20.7774],[45.7911,-20.7864],[45.7892,-20.7915],[45.7829,-20.8204],[45.7822,-20.8262],[45.7826,-20.8383],[45.7814,-20.8504],[45.7819,-20.8598],[45.7844,-20.8723],[45.7914,-20.896],[45.7933,-20.9085],[45.7934,-20.9177],[45.7905,-20.9291],[45.6727,-20.9471],[45.5725,-20.9722],[45.4472,-21.0975],[45.2342,-21.1726],[45.134,-21.2854],[45.0589,-21.3606],[44.9461,-21.348],[44.8835,-21.2854],[44.7457,-21.2729],[44.6956,-21.3856],[44.6956,-21.6362],[44.6026,-21.7709],[44.5793,-21.7824],[44.5567,-21.7987],[44.5208,-21.8071],[44.4705,-21.8296],[44.3936,-21.8322],[44.3606,-21.8403],[44.3306,-21.8576],[44.3219,-21.8307],[44.3163,-21.8234],[44.3062,-21.8177],[44.3019,-21.8187],[44.293,-21.8337],[44.2734,-21.853],[44.2641,-21.8525],[44.248,-21.8234],[44.215,-21.8054],[44.1777,-21.8073],[44.1412,-21.821],[44.1108,-21.8378],[44.0935,-21.8534],[44.0689,-21.8852],[44.0527,-21.8911],[44.0166,-21.8996],[43.9959,-21.9027],[43.9736,-21.898],[43.9649,-21.8928],[43.9532,-21.8818],[43.9463,-21.8775],[43.9325,-21.874],[43.9194,-21.8725],[43.9067,-21.8696],[43.8948,-21.861],[43.8904,-21.8522],[43.8862,-21.8298],[43.8811,-21.82],[43.8569,-21.7956],[43.8407,-21.7679],[43.8329,-21.7504],[43.8296,-21.7372],[43.8222,-21.7236],[43.7892,-21.6983],[43.7818,-21.6755],[43.7793,-21.6524],[43.7727,-21.6366],[43.7545,-21.6037],[43.7522,-21.5937],[43.7511,-21.5727],[43.7482,-21.5628],[43.7412,-21.5536],[43.7135,-21.5342],[43.6939,-21.5097],[43.6838,-21.4921],[43.6795,-21.4765],[43.6697,-21.4638],[43.627,-21.4413],[43.6173,-21.4282],[43.6089,-21.3763],[43.6043,-21.3636],[43.5928,-21.3527],[43.5571,-21.3303],[43.5422,-21.3158],[43.5422,-21.3095]]]}},{"type":"Feature","properties":{"id":"MDG-5879","name":"Sava","nameBn":"সাভা","type":"Autonomous Province","bounds":[49.0969,-15.9846,50.5039,-12.6746],"center":[49.8621,-14.3074]},"geometry":{"type":"Polygon","coordinates":[[[49.6355,-12.6746],[49.6533,-12.6948],[49.661,-12.7121],[49.6633,-12.7249],[49.6731,-12.7463],[49.6753,-12.7571],[49.6727,-12.77],[49.6598,-12.7919],[49.6548,-12.8049],[49.6637,-12.8002],[49.6726,-12.7984],[49.681,-12.7997],[49.6888,-12.8049],[49.6948,-12.7937],[49.7014,-12.7853],[49.707,-12.7761],[49.7122,-12.7486],[49.7195,-12.7399],[49.7305,-12.7381],[49.7442,-12.7434],[49.7394,-12.7534],[49.7367,-12.7571],[49.7503,-12.7605],[49.7637,-12.767],[49.7756,-12.7755],[49.8005,-12.7983],[49.8049,-12.8049],[49.8005,-12.8302],[49.8019,-12.8393],[49.8147,-12.8658],[49.8241,-12.8762],[49.8367,-12.8805],[49.8504,-12.8797],[49.8643,-12.8805],[49.8738,-12.8884],[49.8745,-12.9085],[49.8674,-12.9138],[49.8563,-12.9169],[49.8526,-12.9244],[49.867,-12.9421],[49.8805,-12.9494],[49.8941,-12.9537],[49.9045,-12.9623],[49.9085,-12.9827],[49.9138,-12.9972],[49.9369,-13.0241],[49.9421,-13.0339],[49.9441,-13.0875],[49.9353,-13.1681],[49.9363,-13.1833],[49.9411,-13.2035],[49.9421,-13.2195],[49.946,-13.2321],[49.9732,-13.2711],[49.9762,-13.2885],[49.9727,-13.3313],[49.9769,-13.3461],[49.9905,-13.3539],[50.0026,-13.3504],[50.0137,-13.3448],[50.0241,-13.3461],[50.0329,-13.3605],[50.0317,-13.378],[50.0241,-13.4116],[50.0261,-13.4384],[50.0405,-13.497],[50.052,-13.5242],[50.0564,-13.5296],[50.0684,-13.5388],[50.0725,-13.5441],[50.0739,-13.5519],[50.0721,-13.57],[50.0725,-13.5783],[50.0764,-13.5991],[50.0794,-13.6061],[50.0819,-13.61],[50.0852,-13.6121],[50.0891,-13.6134],[50.0933,-13.6137],[50.0993,-13.6152],[50.1003,-13.6192],[50.1001,-13.6247],[50.1033,-13.6305],[50.1055,-13.6417],[50.0974,-13.6757],[50.1033,-13.6918],[50.1108,-13.7031],[50.134,-13.7502],[50.1429,-13.7831],[50.1535,-13.9825],[50.1735,-14.0568],[50.1763,-14.0856],[50.1753,-14.1212],[50.166,-14.1491],[50.1633,-14.1671],[50.1619,-14.2023],[50.1642,-14.2231],[50.1711,-14.2348],[50.1961,-14.2573],[50.2129,-14.2872],[50.2136,-14.3159],[50.2012,-14.3927],[50.1916,-14.4236],[50.1892,-14.4391],[50.1909,-14.4566],[50.2035,-14.5043],[50.2108,-14.6152],[50.238,-14.6696],[50.2409,-14.706],[50.2323,-14.7382],[50.2097,-14.7507],[50.2189,-14.7629],[50.2456,-14.7761],[50.2575,-14.7848],[50.2653,-14.7978],[50.2717,-14.8154],[50.2837,-14.8792],[50.3552,-15.0331],[50.3735,-15.0605],[50.422,-15.1181],[50.4321,-15.1342],[50.4404,-15.1681],[50.451,-15.1785],[50.4641,-15.1858],[50.4766,-15.1951],[50.49,-15.2195],[50.4983,-15.252],[50.5039,-15.3162],[50.5029,-15.3222],[50.4971,-15.3381],[50.4876,-15.3536],[50.4872,-15.3605],[50.4894,-15.3676],[50.4909,-15.3776],[50.4896,-15.3847],[50.48,-15.4086],[50.478,-15.4186],[50.48,-15.4285],[50.4827,-15.4372],[50.4834,-15.4435],[50.4792,-15.4513],[50.4671,-15.4636],[50.4629,-15.4701],[50.4561,-15.505],[50.4382,-15.5549],[50.4363,-15.5734],[50.4299,-15.6003],[50.341,-15.7636],[50.3332,-15.7922],[50.3433,-15.798],[50.3368,-15.8113],[50.2644,-15.9021],[50.2415,-15.9583],[50.2302,-15.971],[50.214,-15.975],[50.1981,-15.9728],[50.1829,-15.9733],[50.1681,-15.9846],[50.148,-15.9353],[50.1309,-15.9194],[50.1285,-15.9196],[50.1221,-15.9144],[50.0831,-15.7978],[50.0808,-15.7794],[50.0789,-15.7718],[50.0752,-15.7636],[50.0661,-15.7507],[50.0606,-15.741],[50.0552,-15.7268],[50.0517,-15.7109],[50.048,-15.6798],[50.0349,-15.6397],[50.0186,-15.6017],[50.0173,-15.5941],[50.0175,-15.5877],[50.0276,-15.5491],[50.028,-15.543],[50.0271,-15.5177],[50.0279,-15.5117],[50.0293,-15.5061],[50.0476,-15.4615],[50.049,-15.4561],[50.0501,-15.4504],[50.0499,-15.4442],[50.0452,-15.4343],[50.0094,-15.3812],[50.0045,-15.3711],[50.0035,-15.3653],[50.0031,-15.3593],[50.004,-15.347],[50.0088,-15.3237],[50.011,-15.3188],[50.0217,-15.3017],[50.0235,-15.2967],[50.0243,-15.291],[50.0198,-15.2814],[50.0116,-15.2692],[49.9908,-15.2457],[49.9846,-15.2342],[49.9829,-15.226],[49.9892,-15.2186],[49.9928,-15.2153],[49.9963,-15.2126],[50.0025,-15.209],[50.0282,-15.1982],[50.0325,-15.1957],[50.0366,-15.1926],[50.0398,-15.189],[50.0417,-15.1844],[50.0411,-15.1788],[50.0383,-15.1729],[49.9719,-15.089],[49.953,-15.0521],[49.946,-15.0449],[49.9421,-15.0419],[49.937,-15.0395],[49.9312,-15.0381],[49.9219,-15.0395],[49.9158,-15.0418],[49.901,-15.0499],[49.8957,-15.0517],[49.8845,-15.0514],[49.8355,-15.0423],[49.8205,-15.0409],[49.81,-15.0415],[49.8052,-15.0438],[49.7236,-15.0758],[49.7182,-15.0773],[49.7087,-15.0721],[49.6969,-15.0606],[49.6746,-15.0302],[49.6659,-15.0154],[49.646,-14.9925],[49.5859,-14.9411],[49.5756,-14.9067],[49.5687,-14.8939],[49.5202,-14.8309],[49.511,-14.8254],[49.502,-14.8215],[49.4916,-14.8147],[49.4814,-14.8053],[49.4765,-14.7985],[49.4731,-14.7923],[49.4538,-14.7431],[49.4524,-14.7378],[49.4528,-14.733],[49.4558,-14.7229],[49.4565,-14.7175],[49.4559,-14.7123],[49.4545,-14.7073],[49.4184,-14.6275],[49.4122,-14.6175],[49.4029,-14.6073],[49.3844,-14.5822],[49.3673,-14.5677],[49.3645,-14.5622],[49.3644,-14.5566],[49.3662,-14.5516],[49.3714,-14.5428],[49.3745,-14.5388],[49.3819,-14.5324],[49.3943,-14.5238],[49.3976,-14.5192],[49.3996,-14.5134],[49.3993,-14.5038],[49.397,-14.4981],[49.3939,-14.4933],[49.3791,-14.4798],[49.3752,-14.4768],[49.3605,-14.4701],[49.3561,-14.4674],[49.3451,-14.4577],[49.3408,-14.4549],[49.3309,-14.4506],[49.3202,-14.4471],[49.3154,-14.4449],[49.2947,-14.4272],[49.2761,-14.4037],[49.2635,-14.3799],[49.2598,-14.3747],[49.256,-14.3713],[49.2269,-14.3513],[49.1918,-14.3162],[49.1642,-14.2968],[49.1597,-14.2899],[49.1544,-14.2789],[49.149,-14.2726],[49.1409,-14.2658],[49.1363,-14.261],[49.1332,-14.2559],[49.1209,-14.2166],[49.1132,-14.2001],[49.107,-14.1954],[49.1015,-14.1941],[49.0969,-14.1955],[49.1804,-14.1071],[49.2305,-13.9443],[49.3307,-13.9192],[49.3433,-13.8315],[49.3683,-13.7564],[49.4184,-13.5559],[49.3558,-13.3555],[49.4184,-13.2928],[49.431,-13.1175],[49.4811,-13.0298],[49.4685,-12.9546],[49.3934,-12.9421],[49.456,-12.8544],[49.5437,-12.7667],[49.6355,-12.6746]]]}},{"type":"Feature","properties":{"id":"MDG-5880","name":"Sofia","nameBn":"সোফিয়া","type":"Autonomous Province","bounds":[47.0559,-16.7642,49.5859,-13.865],"center":[48.4645,-15.2909]},"geometry":{"type":"Polygon","coordinates":[[[47.1476,-15.4465],[47.18,-15.4571],[47.2163,-15.4438],[47.2321,-15.4333],[47.2354,-15.4155],[47.2315,-15.4098],[47.2249,-15.4083],[47.2168,-15.4076],[47.208,-15.4052],[47.1995,-15.4002],[47.1958,-15.3957],[47.179,-15.3655],[47.1652,-15.302],[47.1655,-15.2957],[47.1623,-15.2927],[47.1497,-15.2919],[47.1408,-15.2936],[47.1118,-15.3062],[47.1091,-15.2936],[47.1104,-15.2822],[47.1199,-15.2579],[47.1063,-15.2597],[47.0954,-15.2594],[47.0879,-15.2547],[47.0817,-15.2343],[47.0647,-15.2248],[47.0579,-15.2162],[47.0559,-15.1936],[47.0647,-15.1721],[47.092,-15.1349],[47.1253,-15.1062],[47.1683,-15.0787],[47.2057,-15.0466],[47.2274,-14.9875],[47.2414,-14.9697],[47.2918,-14.9234],[47.3128,-14.9116],[47.3353,-14.9041],[47.3589,-14.9015],[47.3718,-14.8906],[47.3748,-14.8673],[47.3683,-14.8466],[47.3521,-14.8435],[47.3411,-14.8525],[47.3352,-14.8686],[47.3241,-14.8743],[47.3086,-14.8752],[47.2992,-14.8696],[47.2837,-14.8469],[47.2899,-14.8469],[47.32,-14.8002],[47.4448,-14.6716],[47.4588,-14.6616],[47.4653,-14.6655],[47.4692,-14.6765],[47.4756,-14.6887],[47.4961,-14.7116],[47.4974,-14.7221],[47.493,-14.7834],[47.4968,-14.7985],[47.501,-14.8024],[47.5076,-14.8046],[47.5139,-14.8092],[47.5171,-14.8196],[47.5145,-14.8224],[47.5034,-14.8469],[47.446,-14.9122],[47.4308,-14.9357],[47.4207,-14.9656],[47.4104,-15.0878],[47.4137,-15.0999],[47.4277,-15.1076],[47.4396,-15.1052],[47.4724,-15.0876],[47.4824,-15.0803],[47.5005,-15.053],[47.5099,-15.0251],[47.523,-14.9987],[47.5513,-14.9767],[47.5625,-14.985],[47.5659,-14.9758],[47.565,-14.95],[47.5706,-14.9333],[47.6421,-14.8004],[47.6475,-14.7713],[47.6519,-14.7589],[47.6844,-14.7265],[47.6873,-14.7182],[47.6872,-14.7001],[47.6909,-14.6925],[47.6986,-14.6867],[47.7157,-14.6786],[47.7214,-14.675],[47.7439,-14.6496],[47.7529,-14.6349],[47.7567,-14.621],[47.7637,-14.6057],[47.7785,-14.5976],[47.7927,-14.5876],[47.7971,-14.5663],[47.8396,-14.6242],[47.8591,-14.6408],[47.8722,-14.6459],[47.9036,-14.6544],[47.9144,-14.662],[47.9196,-14.674],[47.9185,-14.6972],[47.9207,-14.7097],[47.9352,-14.6938],[47.9363,-14.6716],[47.9281,-14.6513],[47.9144,-14.6408],[47.9421,-14.6192],[47.9686,-14.6222],[47.9885,-14.6432],[47.9963,-14.6754],[47.9948,-14.7433],[48.0003,-14.7623],[48.0169,-14.7371],[48.0225,-14.7077],[48.0221,-14.6666],[48.013,-14.6301],[47.9929,-14.6142],[47.9795,-14.6098],[47.967,-14.5993],[47.9448,-14.5763],[47.926,-14.5665],[47.911,-14.5688],[47.8796,-14.5868],[47.8667,-14.592],[47.8538,-14.5945],[47.84,-14.5914],[47.825,-14.5794],[47.8169,-14.5654],[47.8107,-14.5509],[47.8039,-14.5456],[47.7756,-14.5836],[47.7629,-14.5954],[47.7529,-14.6005],[47.7468,-14.5927],[47.7261,-14.5566],[47.7214,-14.5453],[47.7234,-14.5413],[47.7336,-14.5313],[47.7356,-14.5248],[47.7337,-14.5152],[47.7298,-14.5095],[47.7254,-14.5048],[47.7083,-14.4701],[47.7088,-14.4641],[47.7129,-14.4609],[47.7147,-14.4579],[47.7034,-14.4494],[47.7015,-14.4464],[47.7031,-14.4033],[47.7095,-14.3696],[47.7219,-14.3381],[47.7424,-14.3126],[47.7663,-14.2985],[47.7737,-14.2903],[47.7765,-14.2743],[47.7778,-14.2446],[47.782,-14.2338],[47.7909,-14.2232],[47.8145,-14.216],[47.861,-14.2488],[47.8936,-14.247],[47.9069,-14.2436],[47.9268,-14.2463],[47.9348,-14.2436],[47.9435,-14.2325],[47.9499,-14.2162],[47.9539,-14.199],[47.9553,-14.1852],[47.9517,-14.1624],[47.9417,-14.1349],[47.9265,-14.111],[47.907,-14.0997],[47.9201,-14.086],[47.9416,-14.0919],[47.9827,-14.1208],[47.9907,-14.1249],[47.9994,-14.1282],[48.0075,-14.1326],[48.0137,-14.1406],[48.015,-14.1536],[48.0086,-14.1632],[48.0003,-14.1725],[47.9963,-14.1852],[47.993,-14.2107],[47.9785,-14.2624],[47.9753,-14.2883],[47.9751,-14.2973],[47.9766,-14.3129],[47.9828,-14.3254],[47.9963,-14.3256],[48.0029,-14.3176],[48.0034,-14.3062],[48.0021,-14.2945],[48.0031,-14.2853],[48.0109,-14.2791],[48.0238,-14.2712],[48.0339,-14.2624],[48.0339,-14.2538],[48.0261,-14.2449],[48.0183,-14.2335],[48.0125,-14.2211],[48.0105,-14.2096],[48.0178,-14.1876],[48.0448,-14.1516],[48.051,-14.1303],[48.051,-14.1071],[48.0482,-14.0841],[48.0393,-14.0663],[48.0311,-14.0636],[48.0312,-14.0635],[48.0315,-14.0633],[48.0388,-14.0569],[48.0422,-14.0545],[48.0499,-14.0478],[48.0521,-14.0439],[48.0513,-14.0385],[48.0406,-14.0232],[48.0406,-14.0181],[48.0436,-14.0147],[48.0659,-14.0088],[48.0707,-14.0066],[48.0746,-14.0042],[48.0786,-14.0002],[48.0797,-13.9987],[48.0814,-13.9956],[48.0825,-13.991],[48.0824,-13.9855],[48.0811,-13.98],[48.0777,-13.9699],[48.0766,-13.9649],[48.0775,-13.9598],[48.0803,-13.956],[48.0843,-13.9531],[48.1231,-13.9359],[48.1273,-13.9332],[48.1466,-13.9173],[48.1553,-13.912],[48.1941,-13.8949],[48.2274,-13.8717],[48.2369,-13.867],[48.2418,-13.865],[48.247,-13.865],[48.2517,-13.8678],[48.2541,-13.8758],[48.2538,-13.882],[48.252,-13.8876],[48.2496,-13.8922],[48.2439,-13.9005],[48.2276,-13.9193],[48.2251,-13.9236],[48.2132,-13.9397],[48.1891,-13.9577],[48.1861,-13.9618],[48.184,-13.9665],[48.1792,-13.9895],[48.1792,-14.0011],[48.1802,-14.0088],[48.1815,-14.0139],[48.1852,-14.0187],[48.1911,-14.0222],[48.2029,-14.0241],[48.2097,-14.0227],[48.215,-14.0199],[48.2212,-14.0122],[48.2248,-14.0089],[48.2294,-14.0077],[48.2352,-14.0095],[48.2477,-14.023],[48.2731,-14.0563],[48.2793,-14.061],[48.3176,-14.0815],[48.323,-14.0852],[48.3405,-14.1004],[48.3526,-14.1084],[48.3764,-14.1201],[48.3887,-14.1234],[48.3983,-14.1246],[48.4038,-14.1232],[48.4192,-14.1174],[48.4437,-14.114],[48.4599,-14.1089],[48.4884,-14.0955],[48.497,-14.09],[48.5084,-14.0804],[48.5125,-14.0776],[48.5171,-14.0751],[48.5222,-14.0735],[48.5311,-14.0771],[48.5423,-14.0855],[48.58,-14.1271],[48.586,-14.1317],[48.5977,-14.1371],[48.6293,-14.1472],[48.6344,-14.1503],[48.6967,-14.1975],[48.7021,-14.2004],[48.7072,-14.2022],[48.7133,-14.2025],[48.719,-14.2018],[48.7244,-14.2004],[48.7396,-14.1946],[48.7454,-14.1936],[48.7577,-14.1936],[48.7637,-14.1929],[48.7685,-14.1909],[48.7764,-14.1848],[48.7811,-14.1826],[48.7876,-14.184],[48.7943,-14.1887],[48.8159,-14.2206],[48.8187,-14.226],[48.8207,-14.2383],[48.8231,-14.2428],[48.8269,-14.2454],[48.8334,-14.2447],[48.8376,-14.2417],[48.8411,-14.2377],[48.8438,-14.2335],[48.8509,-14.2265],[48.8767,-14.2102],[48.897,-14.2025],[48.9015,-14.2001],[48.9052,-14.1968],[48.9315,-14.1599],[48.9352,-14.1566],[48.9395,-14.1539],[48.9445,-14.1519],[48.9563,-14.1496],[48.9708,-14.1434],[48.9775,-14.1437],[48.9847,-14.1465],[48.9957,-14.1538],[49.0017,-14.1569],[49.0083,-14.1589],[49.0267,-14.1614],[49.0329,-14.1632],[49.039,-14.1655],[49.092,-14.1948],[49.0969,-14.1955],[49.1015,-14.1941],[49.107,-14.1954],[49.1132,-14.2001],[49.1209,-14.2166],[49.1332,-14.2559],[49.1363,-14.261],[49.1409,-14.2658],[49.149,-14.2726],[49.1544,-14.2789],[49.1597,-14.2899],[49.1642,-14.2968],[49.1918,-14.3162],[49.2269,-14.3513],[49.256,-14.3713],[49.2598,-14.3747],[49.2635,-14.3799],[49.2761,-14.4037],[49.2947,-14.4272],[49.3154,-14.4449],[49.3202,-14.4471],[49.3309,-14.4506],[49.3408,-14.4549],[49.3451,-14.4577],[49.3561,-14.4674],[49.3605,-14.4701],[49.3752,-14.4768],[49.3791,-14.4798],[49.3939,-14.4933],[49.397,-14.4981],[49.3993,-14.5038],[49.3996,-14.5134],[49.3976,-14.5192],[49.3943,-14.5238],[49.3819,-14.5324],[49.3745,-14.5388],[49.3714,-14.5428],[49.3662,-14.5516],[49.3644,-14.5566],[49.3645,-14.5622],[49.3673,-14.5677],[49.3844,-14.5822],[49.4029,-14.6073],[49.4122,-14.6175],[49.4184,-14.6275],[49.4545,-14.7073],[49.4559,-14.7123],[49.4565,-14.7175],[49.4558,-14.7229],[49.4528,-14.733],[49.4524,-14.7378],[49.4538,-14.7431],[49.4731,-14.7923],[49.4765,-14.7985],[49.4814,-14.8053],[49.4916,-14.8147],[49.502,-14.8215],[49.511,-14.8254],[49.5202,-14.8309],[49.5687,-14.8939],[49.5756,-14.9067],[49.5859,-14.9411],[49.5785,-14.9405],[49.569,-14.9431],[49.5642,-14.9453],[49.5599,-14.9481],[49.5562,-14.9513],[49.5386,-14.9759],[49.5321,-14.9815],[49.5254,-14.9841],[49.5192,-14.9839],[49.5132,-14.983],[49.5076,-14.9816],[49.5033,-14.9799],[49.5002,-14.9783],[49.4772,-14.9625],[49.4727,-14.9602],[49.468,-14.959],[49.4631,-14.9613],[49.4595,-14.9665],[49.457,-14.9773],[49.4569,-14.9851],[49.4572,-14.9919],[49.4635,-15.0138],[49.4641,-15.0262],[49.4627,-15.0386],[49.4612,-15.044],[49.4525,-15.0664],[49.451,-15.0738],[49.451,-15.0801],[49.4519,-15.0848],[49.4547,-15.0914],[49.4562,-15.0961],[49.4572,-15.1019],[49.4578,-15.1146],[49.4555,-15.1332],[49.4527,-15.139],[49.4486,-15.1446],[49.4403,-15.15],[49.4338,-15.1528],[49.4266,-15.1542],[49.4136,-15.1537],[49.4015,-15.1514],[49.3861,-15.1456],[49.381,-15.1444],[49.3754,-15.1447],[49.3709,-15.1474],[49.3678,-15.1524],[49.367,-15.161],[49.367,-15.1681],[49.3678,-15.1741],[49.3699,-15.1788],[49.3757,-15.1867],[49.3782,-15.1913],[49.3798,-15.1967],[49.3805,-15.2027],[49.3802,-15.2091],[49.3794,-15.2151],[49.3757,-15.2254],[49.3726,-15.2308],[49.3682,-15.2362],[49.3606,-15.2419],[49.3538,-15.2435],[49.3478,-15.2429],[49.3313,-15.238],[49.3256,-15.2376],[49.3202,-15.2386],[49.3152,-15.2405],[49.311,-15.244],[49.3018,-15.2535],[49.2964,-15.2563],[49.2857,-15.2602],[49.2581,-15.2776],[49.2494,-15.2798],[49.2418,-15.2803],[49.2289,-15.2789],[49.2226,-15.2792],[49.2167,-15.2803],[49.2114,-15.282],[49.2064,-15.2841],[49.1975,-15.2895],[49.1929,-15.2933],[49.1884,-15.2981],[49.1827,-15.306],[49.1782,-15.311],[49.1737,-15.3149],[49.1641,-15.3193],[49.1423,-15.3258],[49.1141,-15.3398],[49.1087,-15.3414],[49.1028,-15.3424],[49.0966,-15.3423],[49.0852,-15.3407],[49.0792,-15.3407],[49.0734,-15.3416],[49.0621,-15.3445],[49.0363,-15.3476],[49.0248,-15.3504],[49.0202,-15.3547],[49.0163,-15.3612],[49.0137,-15.3748],[49.0137,-15.3831],[49.0155,-15.3896],[49.0205,-15.3985],[49.0222,-15.4038],[49.0234,-15.4164],[49.0245,-15.4221],[49.0261,-15.4276],[49.0309,-15.4366],[49.034,-15.4405],[49.0381,-15.4435],[49.0427,-15.4459],[49.048,-15.4477],[49.0539,-15.449],[49.0604,-15.4491],[49.0664,-15.4484],[49.0767,-15.4457],[49.0821,-15.4461],[49.0866,-15.4481],[49.0908,-15.4512],[49.0952,-15.4537],[49.0998,-15.4555],[49.1051,-15.4553],[49.1146,-15.4524],[49.1184,-15.4524],[49.1208,-15.4555],[49.1214,-15.4602],[49.1192,-15.4674],[49.1146,-15.4757],[49.1039,-15.4886],[49.0875,-15.5028],[49.0843,-15.5083],[49.0815,-15.5152],[49.0799,-15.528],[49.081,-15.5356],[49.083,-15.5418],[49.085,-15.5466],[49.0868,-15.5516],[49.0875,-15.557],[49.0875,-15.5631],[49.0706,-15.6858],[49.0582,-15.7294],[49.0564,-15.7413],[49.0564,-15.7477],[49.057,-15.7537],[49.0585,-15.759],[49.061,-15.7636],[49.0734,-15.7792],[49.079,-15.7879],[49.0875,-15.807],[49.0941,-15.8281],[49.106,-15.8854],[49.1071,-15.8975],[49.1063,-15.9044],[49.1039,-15.9131],[49.0908,-15.938],[49.0767,-15.9564],[49.052,-15.9819],[49.0461,-15.9896],[49.039,-16.0039],[49.029,-16.0332],[49.0287,-16.0355],[49.0197,-16.0705],[49.0058,-16.1021],[49.0045,-16.1107],[49.0062,-16.1168],[49.0098,-16.1203],[49.0138,-16.1232],[49.1073,-16.1653],[49.1383,-16.1702],[49.1779,-16.1721],[49.1893,-16.1747],[49.1999,-16.1787],[49.2041,-16.1815],[49.2074,-16.1854],[49.2095,-16.1901],[49.2106,-16.1959],[49.2109,-16.2019],[49.21,-16.2134],[49.2105,-16.2186],[49.2167,-16.2327],[49.2182,-16.2382],[49.2191,-16.2439],[49.217,-16.2531],[49.2123,-16.2645],[49.1529,-16.3695],[49.1482,-16.3809],[49.1471,-16.392],[49.1458,-16.3973],[49.1429,-16.404],[49.1276,-16.4262],[49.1074,-16.4413],[49.068,-16.4605],[49.0624,-16.4621],[49.0567,-16.4632],[49.0505,-16.4635],[49.0444,-16.4661],[49.0393,-16.4715],[49.0353,-16.4838],[49.0344,-16.4922],[49.0351,-16.5057],[49.0325,-16.515],[49.0275,-16.5263],[49.0148,-16.547],[49.0044,-16.5711],[49.0002,-16.578],[48.992,-16.5864],[48.9825,-16.5939],[48.9765,-16.5999],[48.9716,-16.6063],[48.9682,-16.6159],[48.968,-16.6228],[48.9691,-16.6289],[48.9744,-16.6376],[48.9839,-16.6492],[48.9861,-16.6534],[48.9858,-16.6586],[48.9821,-16.6632],[48.9732,-16.6678],[48.966,-16.6702],[48.9168,-16.6787],[48.9106,-16.6781],[48.9049,-16.6768],[48.8841,-16.6692],[48.8782,-16.6687],[48.8611,-16.6715],[48.849,-16.671],[48.8431,-16.6715],[48.8377,-16.6731],[48.8328,-16.6752],[48.7477,-16.7322],[48.7291,-16.749],[48.721,-16.7552],[48.7122,-16.7606],[48.7075,-16.7627],[48.702,-16.764],[48.6961,-16.7642],[48.6906,-16.7628],[48.6861,-16.76],[48.6824,-16.7566],[48.6504,-16.7106],[48.6413,-16.6921],[48.6377,-16.6815],[48.6354,-16.67],[48.6354,-16.6571],[48.6361,-16.6508],[48.6392,-16.6397],[48.6436,-16.6301],[48.6594,-16.6038],[48.6636,-16.5938],[48.665,-16.5883],[48.6653,-16.5827],[48.6641,-16.5774],[48.6619,-16.5729],[48.6508,-16.5628],[48.6475,-16.5591],[48.6447,-16.5548],[48.643,-16.5499],[48.6423,-16.5443],[48.6435,-16.5333],[48.6414,-16.509],[48.6401,-16.5033],[48.6377,-16.4987],[48.6321,-16.4903],[48.6299,-16.4855],[48.6278,-16.4706],[48.6256,-16.4666],[48.622,-16.4635],[48.6132,-16.4582],[48.6092,-16.4551],[48.6064,-16.4508],[48.6033,-16.4401],[48.6008,-16.4356],[48.5938,-16.4285],[48.5769,-16.4172],[48.5573,-16.4079],[48.5356,-16.401],[48.5256,-16.3967],[48.508,-16.3859],[48.4804,-16.3505],[48.4692,-16.3406],[48.4614,-16.3352],[48.4565,-16.3334],[48.4509,-16.3329],[48.4278,-16.337],[48.4152,-16.3367],[48.4088,-16.337],[48.399,-16.34],[48.3945,-16.3395],[48.3916,-16.3364],[48.3896,-16.3316],[48.3883,-16.3123],[48.3865,-16.3071],[48.3831,-16.3035],[48.3783,-16.3012],[48.3601,-16.2977],[48.355,-16.2957],[48.3502,-16.2933],[48.3427,-16.2865],[48.3295,-16.2784],[48.3258,-16.2751],[48.3103,-16.2556],[48.2989,-16.2458],[48.2946,-16.2431],[48.2898,-16.2411],[48.2845,-16.2404],[48.2737,-16.2424],[48.2676,-16.2428],[48.2616,-16.2425],[48.2558,-16.2411],[48.2435,-16.2399],[48.1954,-16.2479],[48.1902,-16.2498],[48.1764,-16.2571],[48.1711,-16.2591],[48.1533,-16.2625],[48.1482,-16.2643],[48.1433,-16.2667],[48.1382,-16.2686],[48.1328,-16.27],[48.1262,-16.2703],[48.1013,-16.2689],[48.0957,-16.2677],[48.0907,-16.2658],[48.0814,-16.2605],[48.0764,-16.2586],[48.0704,-16.2582],[48.0646,-16.2588],[48.0524,-16.2586],[48.0412,-16.2559],[48.0312,-16.2518],[48.0255,-16.2506],[48.0203,-16.2506],[48.015,-16.2518],[48.0063,-16.2566],[48.002,-16.2583],[47.9989,-16.2586],[47.9942,-16.258],[47.9857,-16.2533],[47.9809,-16.2517],[47.9768,-16.2537],[47.9744,-16.2591],[47.9747,-16.2713],[47.9739,-16.278],[47.9706,-16.2852],[47.9628,-16.293],[47.9503,-16.3015],[47.943,-16.3083],[47.9371,-16.3165],[47.9304,-16.3309],[47.9294,-16.338],[47.9294,-16.3467],[47.9368,-16.3813],[47.9383,-16.3937],[47.9382,-16.4028],[47.9301,-16.4626],[47.9281,-16.4694],[47.9213,-16.4849],[47.9197,-16.491],[47.9168,-16.5149],[47.7648,-16.4748],[47.6771,-16.4372],[47.627,-16.3997],[47.5142,-16.3997],[47.4266,-16.3496],[47.3389,-16.2994],[47.3263,-16.2117],[47.2637,-16.1241],[47.1885,-16.0113],[47.151,-15.7983],[47.1134,-15.6355],[47.1476,-15.4465]]]}},{"type":"Feature","properties":{"id":"MDG-5881","name":"Vakinankaratra","nameBn":"ভাকিনঙ্করত্র","type":"Autonomous Province","bounds":[45.7839,-20.2799,47.8754,-19.1557],"center":[46.8857,-19.7425]},"geometry":{"type":"Polygon","coordinates":[[[45.7839,-19.8827],[45.8081,-19.8547],[45.8133,-19.8456],[45.815,-19.8401],[45.8178,-19.8216],[45.8193,-19.8162],[45.8236,-19.8072],[45.8305,-19.8002],[45.8386,-19.7939],[45.8459,-19.787],[45.8514,-19.7784],[45.8536,-19.7734],[45.8553,-19.7679],[45.8586,-19.7292],[45.8576,-19.7216],[45.8513,-19.7],[45.8493,-19.6897],[45.8479,-19.6746],[45.8457,-19.6634],[45.824,-19.6145],[45.8143,-19.5788],[45.8103,-19.5698],[45.8064,-19.5635],[45.8029,-19.5599],[45.8004,-19.5539],[45.7998,-19.5458],[45.8015,-19.5321],[45.8041,-19.5245],[45.8072,-19.5186],[45.8091,-19.5134],[45.8095,-19.507],[45.8075,-19.4522],[45.9859,-19.4689],[46.1613,-19.4438],[46.3993,-19.4063],[46.4995,-19.4313],[46.5747,-19.4188],[46.6624,-19.3311],[46.7877,-19.2559],[46.9129,-19.2309],[47.0257,-19.2434],[47.0633,-19.2935],[47.2011,-19.3186],[47.3389,-19.3186],[47.4391,-19.2559],[47.4767,-19.1557],[47.5894,-19.1557],[47.5644,-19.2935],[47.5644,-19.4188],[47.7397,-19.494],[47.8754,-19.5943],[47.8754,-19.6009],[47.8738,-19.6084],[47.8699,-19.6174],[47.8584,-19.6323],[47.855,-19.6392],[47.8539,-19.6507],[47.8553,-19.7119],[47.8575,-19.7235],[47.8603,-19.7331],[47.8619,-19.7411],[47.8619,-19.747],[47.8592,-19.7722],[47.8499,-19.7956],[47.8189,-19.8453],[47.812,-19.8527],[47.7968,-19.8659],[47.7798,-19.8775],[47.7723,-19.8844],[47.7692,-19.8883],[47.7636,-19.897],[47.7613,-19.9028],[47.7596,-19.9103],[47.7598,-19.9451],[47.7576,-19.9539],[47.7539,-19.9644],[47.7265,-20.0111],[47.722,-20.0281],[47.7178,-20.0752],[47.7151,-20.0691],[47.7124,-20.066],[47.7087,-20.0625],[47.704,-20.0599],[47.6989,-20.0579],[47.6756,-20.0536],[47.669,-20.0516],[47.6637,-20.0489],[47.6606,-20.0453],[47.6592,-20.0407],[47.6601,-20.036],[47.6624,-20.0317],[47.6694,-20.0244],[47.6722,-20.0206],[47.6733,-20.0158],[47.6721,-20.0113],[47.668,-20.0079],[47.6621,-20.0064],[47.6521,-20.0086],[47.6459,-20.0113],[47.6411,-20.0152],[47.6272,-20.0298],[47.623,-20.0327],[47.6174,-20.0345],[47.5866,-20.0393],[47.5761,-20.0433],[47.5256,-20.0713],[47.5204,-20.0723],[47.5152,-20.0711],[47.5108,-20.0656],[47.5057,-20.0551],[47.5025,-20.0512],[47.4983,-20.0483],[47.4924,-20.0465],[47.4857,-20.0462],[47.4761,-20.0495],[47.4714,-20.054],[47.4683,-20.0592],[47.4662,-20.0642],[47.4632,-20.0684],[47.4593,-20.0717],[47.452,-20.0731],[47.4416,-20.0722],[47.3797,-20.0566],[47.3748,-20.0544],[47.3625,-20.0452],[47.3579,-20.0425],[47.3517,-20.0409],[47.3439,-20.0407],[47.3325,-20.0429],[47.3135,-20.0485],[47.3094,-20.0506],[47.307,-20.0526],[47.2922,-20.0705],[47.2885,-20.0739],[47.2833,-20.0754],[47.2767,-20.0739],[47.2691,-20.0681],[47.2649,-20.0628],[47.262,-20.0574],[47.259,-20.0532],[47.2547,-20.0505],[47.2489,-20.0497],[47.2418,-20.052],[47.2369,-20.0551],[47.2326,-20.0587],[47.2194,-20.0669],[47.2155,-20.0701],[47.2086,-20.0774],[47.2055,-20.0816],[47.203,-20.0862],[47.2014,-20.0916],[47.2008,-20.1097],[47.1957,-20.1397],[47.1943,-20.1451],[47.1889,-20.1487],[47.1797,-20.1501],[47.1622,-20.1503],[47.1451,-20.1535],[47.1254,-20.1623],[47.1175,-20.1638],[47.0714,-20.1661],[47.0411,-20.1787],[47.0345,-20.1795],[47.0264,-20.1784],[47.0074,-20.1701],[46.9963,-20.1633],[46.9913,-20.1612],[46.9851,-20.16],[46.9755,-20.1614],[46.9695,-20.164],[46.9562,-20.1731],[46.9528,-20.1769],[46.944,-20.1895],[46.913,-20.2225],[46.8901,-20.2424],[46.8836,-20.2502],[46.8799,-20.2536],[46.8759,-20.2567],[46.8703,-20.2591],[46.8451,-20.2606],[46.8357,-20.2626],[46.8192,-20.2731],[46.7994,-20.2799],[46.78,-20.2705],[46.763,-20.2584],[46.7489,-20.2629],[46.7323,-20.2721],[46.708,-20.2742],[46.686,-20.268],[46.6192,-20.236],[46.603,-20.2394],[46.5863,-20.2562],[46.5673,-20.2715],[46.5441,-20.2705],[46.5363,-20.2637],[46.531,-20.256],[46.5254,-20.2496],[46.5165,-20.2469],[46.5043,-20.2464],[46.4853,-20.2425],[46.4652,-20.2354],[46.4566,-20.2305],[46.4472,-20.227],[46.4349,-20.2264],[46.4233,-20.2303],[46.3994,-20.2439],[46.3865,-20.2469],[46.3671,-20.2425],[46.3442,-20.2319],[46.3039,-20.206],[46.2861,-20.1897],[46.2761,-20.173],[46.2801,-20.1572],[46.3039,-20.1439],[46.2946,-20.1327],[46.2845,-20.1086],[46.2766,-20.0961],[46.2919,-20.0912],[46.2979,-20.0781],[46.2965,-20.0619],[46.2896,-20.0477],[46.2784,-20.0387],[46.2484,-20.0241],[46.2357,-20.0135],[46.2279,-20.0299],[46.2187,-20.0388],[46.1941,-20.0551],[46.1701,-20.0828],[46.1627,-20.0837],[46.1599,-20.0619],[46.1548,-20.0415],[46.142,-20.036],[46.1253,-20.0341],[46.1084,-20.0244],[46.1005,-20.0084],[46.0952,-19.9733],[46.0842,-19.9589],[46.0753,-19.9559],[46.0571,-19.959],[46.05,-19.9589],[46.0424,-19.9544],[46.0294,-19.9424],[46.0228,-19.9384],[45.9582,-19.935],[45.909,-19.9141],[45.8861,-19.9096],[45.8789,-19.9073],[45.8718,-19.9078],[45.862,-19.9145],[45.8558,-19.9175],[45.8474,-19.9189],[45.8387,-19.9189],[45.8315,-19.918],[45.806,-19.9046],[45.7839,-19.8827]]]}},{"type":"Feature","properties":{"id":"MDG-5882","name":"Vatovavy-Fitovinany","nameBn":"ভেতভেভি-ফিতভিনানি","type":"Autonomous Province","bounds":[47.0633,-22.5956,48.6162,-20.2216],"center":[47.921,-21.399]},"geometry":{"type":"Polygon","coordinates":[[[48.6162,-20.4198],[48.5623,-20.5771],[48.4624,-20.9322],[48.4518,-20.9483],[48.4385,-20.964],[48.4302,-20.9792],[48.4344,-20.9936],[48.4475,-20.9809],[48.4549,-20.9846],[48.4574,-20.9978],[48.4556,-21.0141],[48.4491,-21.0289],[48.4313,-21.0585],[48.4276,-21.0759],[48.4242,-21.11],[48.4148,-21.144],[48.3786,-21.2239],[48.375,-21.2376],[48.3731,-21.268],[48.3567,-21.3537],[48.3421,-21.3898],[48.3281,-21.4146],[48.2018,-21.7962],[48.0746,-22.0722],[47.9474,-22.3482],[47.9336,-22.4142],[47.9006,-22.4811],[47.8825,-22.5956],[47.7773,-22.5131],[47.6521,-22.5131],[47.5268,-22.463],[47.4892,-22.3502],[47.4015,-22.3001],[47.3639,-22.3377],[47.2762,-22.3252],[47.1134,-22.25],[47.0633,-22.1748],[47.176,-22.1122],[47.3263,-22.037],[47.2888,-21.9619],[47.3263,-21.8867],[47.3639,-21.7364],[47.4266,-21.4482],[47.389,-21.3606],[47.3639,-21.2854],[47.414,-21.1726],[47.4516,-20.9847],[47.4641,-20.8219],[47.5142,-20.7718],[47.5894,-20.7592],[47.6019,-20.6966],[47.6145,-20.5588],[47.6896,-20.5337],[47.7811,-20.4509],[47.7875,-20.4527],[47.794,-20.4528],[47.8058,-20.4505],[47.832,-20.4491],[47.8379,-20.448],[47.8432,-20.446],[47.8612,-20.4347],[47.8662,-20.4327],[47.8718,-20.4309],[47.878,-20.43],[47.8845,-20.4296],[47.8975,-20.431],[47.9099,-20.4335],[47.9165,-20.4342],[47.9232,-20.4343],[47.9297,-20.4336],[47.9352,-20.4321],[47.9399,-20.4296],[47.9512,-20.4195],[47.9645,-20.4114],[47.9698,-20.4093],[47.9817,-20.4067],[47.9939,-20.4055],[48.0032,-20.4058],[48.0086,-20.4068],[48.0268,-20.4177],[48.046,-20.4325],[48.0569,-20.4387],[48.0657,-20.4423],[48.0721,-20.4421],[48.0775,-20.4405],[48.0822,-20.4379],[48.0856,-20.4344],[48.0876,-20.4302],[48.0875,-20.4252],[48.0806,-20.4115],[48.0793,-20.4062],[48.0787,-20.4005],[48.0797,-20.3949],[48.0831,-20.3843],[48.1137,-20.3367],[48.1154,-20.3314],[48.1163,-20.3253],[48.1197,-20.3145],[48.1225,-20.3102],[48.1326,-20.299],[48.1347,-20.2942],[48.1366,-20.2831],[48.1387,-20.2781],[48.1416,-20.2739],[48.148,-20.2666],[48.1489,-20.2623],[48.1474,-20.258],[48.142,-20.2496],[48.1402,-20.2448],[48.1402,-20.2395],[48.1423,-20.2351],[48.1451,-20.2311],[48.1488,-20.2278],[48.1533,-20.225],[48.1592,-20.223],[48.166,-20.2219],[48.175,-20.2216],[48.1812,-20.223],[48.1863,-20.2256],[48.19,-20.2289],[48.1932,-20.2329],[48.2142,-20.268],[48.2177,-20.2717],[48.2352,-20.284],[48.2572,-20.2962],[48.2693,-20.301],[48.2797,-20.3036],[48.2867,-20.3035],[48.2932,-20.3028],[48.3244,-20.2949],[48.3351,-20.2941],[48.3415,-20.2959],[48.3477,-20.2995],[48.3534,-20.3045],[48.3705,-20.3157],[48.3755,-20.3198],[48.3786,-20.3239],[48.3828,-20.3337],[48.384,-20.3394],[48.384,-20.3522],[48.3834,-20.3586],[48.3846,-20.3658],[48.388,-20.3728],[48.3969,-20.3812],[48.4046,-20.3847],[48.4547,-20.3953],[48.5256,-20.3948],[48.6079,-20.4161],[48.6162,-20.4198]]]}}]}