{"type":"FeatureCollection","features":[{"type":"Feature","properties":{"id":"SRB-125","name":"Borski","nameBn":"বোর জেলা","type":"District","bounds":[21.7724,43.8756,22.7652,44.7337],"center":[22.2686,44.3824]},"geometry":{"type":"Polygon","coordinates":[[[22.6916,44.2284],[22.6488,44.214],[22.64,44.2073],[22.6248,44.1894],[22.6086,44.1759],[22.6062,44.1746],[22.6049,44.1685],[22.606,44.1631],[22.608,44.16],[22.6094,44.1599],[22.5991,44.1303],[22.5971,44.1191],[22.5981,44.1093],[22.6046,44.0882],[22.6047,44.0794],[22.593,44.0639],[22.5752,44.0614],[22.5546,44.0624],[22.5342,44.0572],[22.5226,44.0447],[22.5149,44.0303],[22.5037,44.0199],[22.4814,44.0194],[22.4659,44.0176],[22.4661,44.0179],[22.4665,44.0185],[22.465,44.0226],[22.4642,44.0242],[22.4631,44.0257],[22.4607,44.0273],[22.4558,44.0293],[22.4539,44.0304],[22.4529,44.032],[22.4525,44.034],[22.4527,44.036],[22.4533,44.0389],[22.4534,44.041],[22.453,44.0431],[22.45,44.0496],[22.4489,44.0532],[22.4486,44.0552],[22.4487,44.0567],[22.4493,44.058],[22.4504,44.0591],[22.452,44.0601],[22.4555,44.0616],[22.4622,44.0638],[22.4647,44.0653],[22.4662,44.0664],[22.4717,44.0723],[22.4764,44.076],[22.4793,44.0789],[22.4815,44.0816],[22.4833,44.0849],[22.4838,44.0863],[22.4837,44.0883],[22.4828,44.09],[22.4779,44.0971],[22.4739,44.104],[22.4712,44.1071],[22.4692,44.1085],[22.4673,44.1092],[22.4653,44.1097],[22.4528,44.111],[22.4425,44.1131],[22.4323,44.1154],[22.4257,44.1175],[22.4238,44.1184],[22.422,44.1195],[22.4207,44.1209],[22.4163,44.1278],[22.4128,44.1311],[22.4102,44.1328],[22.3992,44.1384],[22.3966,44.1395],[22.3918,44.1408],[22.3845,44.1414],[22.3769,44.1416],[22.3694,44.1414],[22.3658,44.1412],[22.3623,44.1406],[22.3584,44.1395],[22.3544,44.1379],[22.3519,44.1364],[22.3465,44.1319],[22.344,44.1309],[22.3412,44.1302],[22.3382,44.13],[22.3352,44.1301],[22.3322,44.1305],[22.3209,44.1334],[22.3174,44.1339],[22.2987,44.135],[22.2952,44.1356],[22.2875,44.1378],[22.2847,44.138],[22.2807,44.1379],[22.2778,44.138],[22.2755,44.1384],[22.2733,44.1391],[22.2705,44.1404],[22.2678,44.1419],[22.2534,44.1518],[22.244,44.1575],[22.2384,44.1625],[22.2327,44.1686],[22.2299,44.1652],[22.2278,44.1621],[22.2254,44.157],[22.2239,44.1521],[22.2228,44.1499],[22.2212,44.1477],[22.2155,44.1417],[22.2127,44.1378],[22.2115,44.1365],[22.2079,44.1337],[22.2044,44.1319],[22.202,44.1304],[22.2007,44.1292],[22.1929,44.1198],[22.1918,44.118],[22.1914,44.1155],[22.1922,44.1131],[22.1938,44.1113],[22.1953,44.1101],[22.1994,44.1076],[22.2068,44.1048],[22.2098,44.1035],[22.2121,44.1021],[22.214,44.1005],[22.2154,44.0988],[22.2166,44.0961],[22.2171,44.0904],[22.2168,44.0814],[22.2159,44.0744],[22.2158,44.0731],[22.2162,44.0716],[22.2171,44.0702],[22.2236,44.065],[22.2252,44.0629],[22.2261,44.0609],[22.2281,44.0544],[22.2291,44.0528],[22.2303,44.0514],[22.2373,44.0457],[22.2389,44.044],[22.24,44.0419],[22.2401,44.0394],[22.2399,44.0373],[22.2384,44.0322],[22.238,44.03],[22.2379,44.0278],[22.2383,44.0256],[22.2391,44.0226],[22.2394,44.0204],[22.2393,44.0182],[22.2387,44.0162],[22.237,44.0135],[22.2354,44.0117],[22.2334,44.0103],[22.2315,44.0097],[22.2295,44.0092],[22.2234,44.0084],[22.2185,44.0074],[22.2148,44.006],[22.2132,44.0051],[22.2116,44.0035],[22.2106,44.0015],[22.2088,43.995],[22.2078,43.9929],[22.206,43.9906],[22.2037,43.9885],[22.1961,43.9823],[22.1939,43.9801],[22.1906,43.9754],[22.188,43.969],[22.1862,43.9662],[22.1847,43.9642],[22.1827,43.9621],[22.1758,43.9561],[22.1739,43.954],[22.1708,43.948],[22.1672,43.942],[22.1666,43.94],[22.1665,43.9379],[22.1684,43.93],[22.1684,43.9242],[22.1678,43.9215],[22.1657,43.9163],[22.1648,43.9142],[22.1619,43.9094],[22.1605,43.9076],[22.1588,43.906],[22.1571,43.9052],[22.1446,43.901],[22.1366,43.8994],[22.1347,43.8989],[22.1325,43.8977],[22.1315,43.8965],[22.1298,43.8933],[22.1257,43.8868],[22.1245,43.8846],[22.1232,43.8812],[22.1217,43.8756],[22.1175,43.8777],[22.111,43.8813],[22.1036,43.8866],[22.1011,43.8876],[22.0954,43.8891],[22.0776,43.8947],[22.072,43.8962],[22.0667,43.8984],[22.0626,43.9005],[22.0612,43.9015],[22.0598,43.9033],[22.0588,43.9053],[22.0574,43.9119],[22.056,43.9158],[22.055,43.9173],[22.0516,43.9211],[22.0508,43.9226],[22.0504,43.9241],[22.0502,43.9288],[22.0495,43.9308],[22.048,43.933],[22.0417,43.9392],[22.04,43.9415],[22.0374,43.9478],[22.0363,43.9497],[22.0346,43.9513],[22.0328,43.952],[22.0309,43.9525],[22.028,43.9528],[22.025,43.953],[22.0199,43.9527],[22.018,43.9522],[22.0159,43.9508],[22.0103,43.9435],[22.0085,43.9415],[22.0051,43.9384],[22.0035,43.9374],[22.0009,43.9365],[21.9979,43.9365],[21.9881,43.939],[21.9859,43.9397],[21.9839,43.9406],[21.9784,43.9434],[21.9739,43.9448],[21.97,43.9454],[21.9619,43.9461],[21.958,43.9466],[21.9556,43.9471],[21.9533,43.9478],[21.9504,43.9492],[21.9422,43.9532],[21.9405,43.9542],[21.9386,43.9558],[21.9318,43.9622],[21.9262,43.9664],[21.9225,43.9683],[21.9138,43.9709],[21.9117,43.9722],[21.9108,43.9734],[21.909,43.9766],[21.9056,43.9805],[21.8996,43.986],[21.8975,43.9874],[21.8956,43.9881],[21.8936,43.9886],[21.8846,43.9901],[21.8776,43.9918],[21.8736,43.9925],[21.8708,43.9925],[21.8638,43.9913],[21.8498,43.9876],[21.8459,43.987],[21.8419,43.9869],[21.8378,43.987],[21.8338,43.9875],[21.8314,43.988],[21.829,43.9887],[21.8212,43.9919],[21.8165,43.993],[21.8135,43.9932],[21.8105,43.9929],[21.8064,43.9918],[21.7989,43.9892],[21.7956,43.9886],[21.7932,43.9886],[21.7906,43.9888],[21.7782,43.9911],[21.7724,43.9918],[21.7729,44.0036],[21.7738,44.0079],[21.7746,44.0098],[21.7764,44.0119],[21.7787,44.0136],[21.7829,44.0159],[21.7842,44.017],[21.7854,44.0187],[21.786,44.0207],[21.7863,44.0234],[21.7871,44.0319],[21.7883,44.0347],[21.7901,44.0361],[21.7918,44.0367],[21.7966,44.0377],[21.8011,44.039],[21.8039,44.0403],[21.8063,44.0418],[21.8085,44.0436],[21.81,44.0455],[21.8106,44.0475],[21.8107,44.0504],[21.8112,44.0527],[21.8118,44.0543],[21.8178,44.0656],[21.8193,44.0655],[21.8223,44.0658],[21.8243,44.0661],[21.8334,44.0685],[21.8366,44.0688],[21.8398,44.0687],[21.8473,44.0679],[21.8504,44.068],[21.8526,44.0683],[21.8546,44.0688],[21.8573,44.0701],[21.8605,44.0723],[21.8673,44.0784],[21.8698,44.0801],[21.8805,44.086],[21.8852,44.0882],[21.8913,44.0907],[21.8981,44.0931],[21.903,44.0946],[21.9051,44.095],[21.9088,44.0956],[21.9127,44.0958],[21.933,44.0957],[21.9409,44.0959],[21.9446,44.0964],[21.9469,44.097],[21.949,44.0979],[21.9507,44.099],[21.9536,44.1015],[21.9588,44.1071],[21.9603,44.1089],[21.9608,44.1101],[21.9603,44.1121],[21.9589,44.1139],[21.9518,44.1191],[21.9506,44.1206],[21.9496,44.1222],[21.9488,44.1248],[21.9475,44.1331],[21.9467,44.1357],[21.9448,44.1394],[21.9443,44.1411],[21.9445,44.1425],[21.9454,44.1438],[21.9474,44.1455],[21.9525,44.1487],[21.9548,44.1506],[21.957,44.1533],[21.9578,44.1554],[21.958,44.1577],[21.9578,44.1599],[21.9567,44.1632],[21.9559,44.1683],[21.9554,44.1779],[21.9561,44.1827],[21.9577,44.1878],[21.9582,44.1903],[21.9583,44.1928],[21.9581,44.1952],[21.9567,44.199],[21.9529,44.2055],[21.9513,44.209],[21.9508,44.2104],[21.9508,44.2124],[21.9514,44.2139],[21.9524,44.2153],[21.9561,44.2191],[21.9568,44.2204],[21.9571,44.2217],[21.957,44.2231],[21.9557,44.2249],[21.9542,44.226],[21.9525,44.2269],[21.9489,44.2279],[21.9461,44.2279],[21.9442,44.2275],[21.9401,44.2262],[21.938,44.2252],[21.9354,44.2236],[21.9332,44.2218],[21.9262,44.2151],[21.9224,44.2121],[21.9201,44.2105],[21.9177,44.2095],[21.916,44.2093],[21.9142,44.2095],[21.9119,44.2106],[21.9092,44.2126],[21.9054,44.2162],[21.8985,44.2201],[21.8972,44.2211],[21.8961,44.2228],[21.8955,44.2248],[21.8956,44.2292],[21.8971,44.2344],[21.8978,44.2372],[21.8979,44.24],[21.8977,44.2428],[21.897,44.2454],[21.8954,44.2489],[21.8951,44.2505],[21.8954,44.2534],[21.8967,44.2582],[21.8966,44.2602],[21.894,44.2678],[21.8939,44.2699],[21.8944,44.2749],[21.894,44.2769],[21.8916,44.2819],[21.8892,44.2849],[21.8797,44.2924],[21.8762,44.2944],[21.8717,44.2958],[21.8657,44.2969],[21.8617,44.2981],[21.8565,44.3014],[21.854,44.3024],[21.8511,44.3031],[21.8481,44.3033],[21.8449,44.3033],[21.8417,44.3029],[21.8273,44.2998],[21.8157,44.2981],[21.8129,44.3033],[21.8078,44.3109],[21.8071,44.3131],[21.8072,44.3152],[21.8084,44.3173],[21.8117,44.3213],[21.8129,44.3233],[21.8134,44.3254],[21.813,44.3274],[21.8114,44.3301],[21.8085,44.3329],[21.7994,44.3383],[21.7977,44.3395],[21.7964,44.3409],[21.7955,44.3425],[21.7947,44.345],[21.7943,44.3505],[21.7948,44.3559],[21.7956,44.3585],[21.7974,44.3612],[21.7997,44.3638],[21.8022,44.3652],[21.8091,44.3679],[21.8116,44.3694],[21.8137,44.3712],[21.8152,44.3731],[21.8169,44.3759],[21.8177,44.3785],[21.8186,44.3895],[21.8194,44.3921],[21.8203,44.3937],[21.8215,44.3951],[21.8231,44.3962],[21.8269,44.3979],[21.8289,44.3984],[21.8318,44.3988],[21.8349,44.3988],[21.8379,44.3983],[21.8474,44.3954],[21.8492,44.395],[21.8521,44.3952],[21.854,44.3958],[21.8558,44.3967],[21.8571,44.3979],[21.8582,44.3993],[21.8632,44.4075],[21.8642,44.4088],[21.8663,44.4104],[21.8696,44.4123],[21.8719,44.414],[21.8743,44.4165],[21.877,44.4204],[21.8782,44.4217],[21.882,44.4245],[21.8847,44.4258],[21.8869,44.4264],[21.8892,44.4267],[21.8922,44.4267],[21.8997,44.4257],[21.903,44.4255],[21.9094,44.4255],[21.9125,44.4257],[21.9146,44.4261],[21.9163,44.4268],[21.9182,44.4282],[21.9196,44.4301],[21.9238,44.4376],[21.9246,44.4397],[21.9247,44.4418],[21.9238,44.4446],[21.9221,44.4489],[21.9176,44.4568],[21.917,44.459],[21.9167,44.4612],[21.9169,44.4635],[21.9175,44.4657],[21.9182,44.4673],[21.9193,44.4688],[21.9233,44.4727],[21.9244,44.4742],[21.9253,44.4759],[21.9271,44.4826],[21.9286,44.4864],[21.9298,44.488],[21.9335,44.4918],[21.9344,44.4933],[21.9348,44.4948],[21.9349,44.4998],[21.9354,44.5029],[21.935,44.5061],[21.9338,44.5088],[21.9322,44.5113],[21.9298,44.5144],[21.9327,44.5168],[21.9356,44.5184],[21.9383,44.5196],[21.9437,44.5211],[21.95,44.5216],[21.9518,44.522],[21.9534,44.5226],[21.9548,44.524],[21.9555,44.5258],[21.9557,44.5304],[21.9561,44.5323],[21.9579,44.5349],[21.9614,44.5385],[21.9702,44.5462],[21.9784,44.5517],[21.9879,44.5592],[22.0014,44.5694],[22.017,44.5812],[22.0358,44.5893],[22.0362,44.5895],[22.0398,44.5769],[22.0452,44.5692],[22.0557,44.5621],[22.0671,44.5572],[22.0763,44.5507],[22.087,44.5218],[22.1043,44.5096],[22.1266,44.5027],[22.1482,44.5009],[22.1721,44.5053],[22.1851,44.5151],[22.299,44.6617],[22.3049,44.6774],[22.3197,44.6853],[22.3611,44.6921],[22.3807,44.7005],[22.4155,44.7278],[22.4261,44.7337],[22.4505,44.733],[22.4689,44.7302],[22.4837,44.724],[22.5533,44.6692],[22.5875,44.6494],[22.6212,44.6374],[22.7001,44.6306],[22.7147,44.6231],[22.7652,44.5828],[22.7593,44.5647],[22.7417,44.5519],[22.7194,44.5444],[22.7001,44.5418],[22.6785,44.5456],[22.6422,44.5631],[22.6212,44.5692],[22.6003,44.5698],[22.5805,44.5655],[22.5656,44.5554],[22.5598,44.5388],[22.5567,44.5215],[22.5484,44.5117],[22.5355,44.5075],[22.5004,44.5064],[22.4911,44.5042],[22.4841,44.4998],[22.4798,44.4904],[22.4772,44.477],[22.477,44.464],[22.48,44.4558],[22.501,44.4419],[22.5054,44.435],[22.5064,44.4275],[22.504,44.4117],[22.5051,44.4041],[22.5227,44.3751],[22.5494,44.349],[22.5828,44.3284],[22.6212,44.3159],[22.6625,44.3117],[22.6815,44.3053],[22.6895,44.2917],[22.6854,44.2437],[22.6907,44.2289],[22.6916,44.2284]]]}},{"type":"Feature","properties":{"id":"SRB-279","name":"Branicevski","nameBn":"ব্রানিকেভো জেলা","type":"District","bounds":[21.0368,44.0655,22.0362,44.8267],"center":[21.5363,44.4632]},"geometry":{"type":"Polygon","coordinates":[[[21.3598,44.8267],[21.3606,44.8264],[21.3786,44.8166],[21.3959,44.7902],[21.4122,44.7848],[21.4972,44.778],[21.5584,44.7817],[21.578,44.7777],[21.5956,44.766],[21.6043,44.75],[21.6103,44.7319],[21.6197,44.7139],[21.6563,44.6877],[21.7052,44.6771],[21.7568,44.6773],[21.8017,44.6839],[21.8383,44.6952],[21.8554,44.6985],[21.872,44.696],[21.9624,44.6623],[21.9943,44.6586],[22.0043,44.6515],[22.0322,44.6033],[22.0342,44.5962],[22.0362,44.5895],[22.0358,44.5893],[22.017,44.5812],[22.0014,44.5694],[21.9879,44.5592],[21.9784,44.5517],[21.9702,44.5462],[21.9614,44.5385],[21.9579,44.5349],[21.9561,44.5323],[21.9557,44.5304],[21.9555,44.5258],[21.9548,44.524],[21.9534,44.5226],[21.9518,44.522],[21.95,44.5216],[21.9437,44.5211],[21.9383,44.5196],[21.9356,44.5184],[21.9327,44.5168],[21.9298,44.5144],[21.9322,44.5113],[21.9338,44.5088],[21.935,44.5061],[21.9354,44.5029],[21.9349,44.4998],[21.9348,44.4948],[21.9344,44.4933],[21.9335,44.4918],[21.9298,44.488],[21.9286,44.4864],[21.9271,44.4826],[21.9253,44.4759],[21.9244,44.4742],[21.9233,44.4727],[21.9193,44.4688],[21.9182,44.4673],[21.9175,44.4657],[21.9169,44.4635],[21.9167,44.4612],[21.917,44.459],[21.9176,44.4568],[21.9221,44.4489],[21.9238,44.4446],[21.9247,44.4418],[21.9246,44.4397],[21.9238,44.4376],[21.9196,44.4301],[21.9182,44.4282],[21.9163,44.4268],[21.9146,44.4261],[21.9125,44.4257],[21.9094,44.4255],[21.903,44.4255],[21.8997,44.4257],[21.8922,44.4267],[21.8892,44.4267],[21.8869,44.4264],[21.8847,44.4258],[21.882,44.4245],[21.8782,44.4217],[21.877,44.4204],[21.8743,44.4165],[21.8719,44.414],[21.8696,44.4123],[21.8663,44.4104],[21.8642,44.4088],[21.8632,44.4075],[21.8582,44.3993],[21.8571,44.3979],[21.8558,44.3967],[21.854,44.3958],[21.8521,44.3952],[21.8492,44.395],[21.8474,44.3954],[21.8379,44.3983],[21.8349,44.3988],[21.8318,44.3988],[21.8289,44.3984],[21.8269,44.3979],[21.8231,44.3962],[21.8215,44.3951],[21.8203,44.3937],[21.8194,44.3921],[21.8186,44.3895],[21.8177,44.3785],[21.8169,44.3759],[21.8152,44.3731],[21.8137,44.3712],[21.8116,44.3694],[21.8091,44.3679],[21.8022,44.3652],[21.7997,44.3638],[21.7974,44.3612],[21.7956,44.3585],[21.7948,44.3559],[21.7943,44.3505],[21.7947,44.345],[21.7955,44.3425],[21.7964,44.3409],[21.7977,44.3395],[21.7994,44.3383],[21.8085,44.3329],[21.8114,44.3301],[21.813,44.3274],[21.8134,44.3254],[21.8129,44.3233],[21.8117,44.3213],[21.8084,44.3173],[21.8072,44.3152],[21.8071,44.3131],[21.8078,44.3109],[21.8129,44.3033],[21.8157,44.2981],[21.8273,44.2998],[21.8417,44.3029],[21.8449,44.3033],[21.8481,44.3033],[21.8511,44.3031],[21.854,44.3024],[21.8565,44.3014],[21.8617,44.2981],[21.8657,44.2969],[21.8717,44.2958],[21.8762,44.2944],[21.8797,44.2924],[21.8892,44.2849],[21.8916,44.2819],[21.894,44.2769],[21.8944,44.2749],[21.8939,44.2699],[21.894,44.2678],[21.8966,44.2602],[21.8967,44.2582],[21.8954,44.2534],[21.8951,44.2505],[21.8954,44.2489],[21.897,44.2454],[21.8977,44.2428],[21.8979,44.24],[21.8978,44.2372],[21.8971,44.2344],[21.8956,44.2292],[21.8955,44.2248],[21.8961,44.2228],[21.8972,44.2211],[21.8985,44.2201],[21.9054,44.2162],[21.9092,44.2126],[21.9119,44.2106],[21.9142,44.2095],[21.916,44.2093],[21.9177,44.2095],[21.9201,44.2105],[21.9224,44.2121],[21.9262,44.2151],[21.9332,44.2218],[21.9354,44.2236],[21.938,44.2252],[21.9401,44.2262],[21.9442,44.2275],[21.9461,44.2279],[21.9489,44.2279],[21.9525,44.2269],[21.9542,44.226],[21.9557,44.2249],[21.957,44.2231],[21.9571,44.2217],[21.9568,44.2204],[21.9561,44.2191],[21.9524,44.2153],[21.9514,44.2139],[21.9508,44.2124],[21.9508,44.2104],[21.9513,44.209],[21.9529,44.2055],[21.9567,44.199],[21.9581,44.1952],[21.9583,44.1928],[21.9582,44.1903],[21.9577,44.1878],[21.9561,44.1827],[21.9554,44.1779],[21.9559,44.1683],[21.9567,44.1632],[21.9578,44.1599],[21.958,44.1577],[21.9578,44.1554],[21.957,44.1533],[21.9548,44.1506],[21.9525,44.1487],[21.9474,44.1455],[21.9454,44.1438],[21.9445,44.1425],[21.9443,44.1411],[21.9448,44.1394],[21.9467,44.1357],[21.9475,44.1331],[21.9488,44.1248],[21.9496,44.1222],[21.9506,44.1206],[21.9518,44.1191],[21.9589,44.1139],[21.9603,44.1121],[21.9608,44.1101],[21.9603,44.1089],[21.9588,44.1071],[21.9536,44.1015],[21.9507,44.099],[21.949,44.0979],[21.9469,44.097],[21.9446,44.0964],[21.9409,44.0959],[21.933,44.0957],[21.9127,44.0958],[21.9088,44.0956],[21.9051,44.095],[21.903,44.0946],[21.8981,44.0931],[21.8913,44.0907],[21.8852,44.0882],[21.8805,44.086],[21.8698,44.0801],[21.8673,44.0784],[21.8605,44.0723],[21.8573,44.0701],[21.8546,44.0688],[21.8526,44.0683],[21.8504,44.068],[21.8473,44.0679],[21.8398,44.0687],[21.8366,44.0688],[21.8334,44.0685],[21.8243,44.0661],[21.8223,44.0658],[21.8193,44.0655],[21.8178,44.0656],[21.809,44.0693],[21.7985,44.0746],[21.7955,44.0751],[21.7924,44.0748],[21.7809,44.0712],[21.778,44.0705],[21.7751,44.0703],[21.7731,44.0705],[21.7683,44.0715],[21.7617,44.0737],[21.7563,44.0763],[21.7503,44.0815],[21.7451,44.0865],[21.743,44.088],[21.7412,44.0887],[21.7363,44.0897],[21.7262,44.0908],[21.7233,44.0907],[21.7211,44.0903],[21.719,44.0896],[21.7116,44.0857],[21.7056,44.0835],[21.7027,44.0828],[21.6977,44.0823],[21.6936,44.0826],[21.6881,44.0845],[21.6802,44.0863],[21.6782,44.0871],[21.6759,44.0885],[21.674,44.0902],[21.6731,44.0914],[21.6708,44.0988],[21.6696,44.1005],[21.668,44.102],[21.6567,44.1084],[21.6537,44.1097],[21.6491,44.1112],[21.6441,44.1124],[21.6389,44.1131],[21.6358,44.1132],[21.6284,44.1125],[21.6223,44.1123],[21.6193,44.1127],[21.6081,44.1152],[21.604,44.1156],[21.6001,44.1155],[21.5962,44.1149],[21.5908,44.113],[21.5881,44.1125],[21.5868,44.1125],[21.5841,44.1129],[21.5813,44.1137],[21.5709,44.1172],[21.5631,44.1181],[21.5583,44.1192],[21.5546,44.1209],[21.5531,44.1222],[21.5521,44.1237],[21.5511,44.1271],[21.5481,44.1335],[21.5465,44.1394],[21.5457,44.1407],[21.5439,44.1424],[21.5407,44.1442],[21.5344,44.1466],[21.5319,44.1482],[21.5293,44.1505],[21.5248,44.155],[21.5211,44.1574],[21.5137,44.1616],[21.4999,44.1706],[21.493,44.1774],[21.4878,44.1817],[21.4818,44.1799],[21.4755,44.179],[21.47,44.1785],[21.4676,44.1786],[21.4653,44.179],[21.4633,44.1796],[21.4562,44.1829],[21.4536,44.1845],[21.4474,44.19],[21.4449,44.1916],[21.4428,44.1925],[21.4388,44.194],[21.4368,44.1945],[21.434,44.1947],[21.414,44.1933],[21.41,44.1927],[21.4076,44.1921],[21.4052,44.1913],[21.4024,44.1898],[21.4001,44.1879],[21.3987,44.1866],[21.3963,44.183],[21.3948,44.1814],[21.3937,44.1808],[21.3814,44.181],[21.3776,44.1809],[21.3694,44.18],[21.3662,44.18],[21.3632,44.1804],[21.3612,44.1809],[21.3575,44.1825],[21.3559,44.1836],[21.3543,44.1859],[21.354,44.1877],[21.3548,44.1893],[21.3598,44.1942],[21.3616,44.1965],[21.3646,44.2029],[21.3682,44.2085],[21.3686,44.2105],[21.3683,44.2125],[21.3674,44.2142],[21.366,44.2156],[21.3637,44.2169],[21.3616,44.2174],[21.3532,44.2182],[21.3504,44.2188],[21.3467,44.2204],[21.3445,44.222],[21.3411,44.2267],[21.3358,44.2327],[21.3345,44.2348],[21.334,44.2368],[21.334,44.239],[21.3347,44.2419],[21.3348,44.244],[21.3344,44.2461],[21.3329,44.249],[21.3306,44.2521],[21.3284,44.2542],[21.3259,44.256],[21.3149,44.2619],[21.2927,44.2757],[21.2882,44.2671],[21.285,44.2622],[21.2836,44.2597],[21.2808,44.2517],[21.2788,44.2488],[21.2761,44.2458],[21.2682,44.2395],[21.2669,44.2387],[21.2652,44.2384],[21.2634,44.2384],[21.2605,44.239],[21.2529,44.2421],[21.2505,44.2428],[21.2448,44.2438],[21.2349,44.2447],[21.2318,44.2452],[21.2295,44.2458],[21.2275,44.2466],[21.2257,44.2477],[21.2216,44.2507],[21.2175,44.2548],[21.2162,44.2569],[21.2153,44.2591],[21.2135,44.2654],[21.2123,44.2671],[21.211,44.2681],[21.1992,44.2742],[21.1896,44.2785],[21.1869,44.2794],[21.1839,44.2801],[21.1742,44.281],[21.1711,44.2815],[21.1684,44.2823],[21.1664,44.2832],[21.1623,44.286],[21.1596,44.2873],[21.1561,44.2882],[21.1523,44.2886],[21.1474,44.2886],[21.134,44.2866],[21.1199,44.2923],[21.1199,44.2991],[21.1267,44.2991],[21.1267,44.3053],[21.1199,44.3053],[21.1199,44.3127],[21.1375,44.3117],[21.1452,44.3173],[21.1419,44.3257],[21.1267,44.3326],[21.1316,44.3452],[21.127,44.3512],[21.1189,44.3549],[21.1131,44.3605],[21.1102,44.371],[21.1113,44.3765],[21.115,44.3826],[21.1199,44.3947],[21.1242,44.4111],[21.1312,44.4258],[21.1463,44.4352],[21.1745,44.4356],[21.1712,44.4431],[21.1654,44.4485],[21.1572,44.4525],[21.1472,44.4561],[21.1547,44.4766],[21.1623,44.4725],[21.1652,44.4727],[21.1678,44.4748],[21.1745,44.4766],[21.1692,44.4785],[21.1661,44.4807],[21.1623,44.4827],[21.1547,44.4841],[21.1589,44.4998],[21.1609,44.5045],[21.1547,44.5045],[21.1471,44.5007],[21.1426,44.5102],[21.1353,44.5219],[21.1199,44.525],[21.1199,44.5319],[21.1339,44.5413],[21.1406,44.5514],[21.1404,44.5637],[21.1336,44.5796],[21.1256,44.5926],[21.1177,44.5988],[21.1056,44.6007],[21.0852,44.6007],[21.0878,44.6198],[21.0663,44.644],[21.079,44.6554],[21.0738,44.6604],[21.0592,44.6709],[21.051,44.6752],[21.053,44.6799],[21.0563,44.6918],[21.0584,44.6963],[21.0474,44.6975],[21.0403,44.7026],[21.0371,44.7115],[21.0368,44.722],[21.0779,44.7265],[21.1028,44.7407],[21.1123,44.7448],[21.1257,44.7456],[21.1509,44.7441],[21.1638,44.7478],[21.1723,44.7569],[21.1795,44.7681],[21.1888,44.7782],[21.2225,44.7967],[21.2695,44.8137],[21.3191,44.8251],[21.3598,44.8267]]]}},{"type":"Feature","properties":{"id":"SRB-836","name":"Grad Beograd","nameBn":"বেলগ্রেড","type":"City","bounds":[19.9612,44.2405,20.8391,45.0821],"center":[20.4001,44.6408]},"geometry":{"type":"Polygon","coordinates":[[[19.9734,44.6412],[20.0066,44.6617],[20.0272,44.6789],[20.0455,44.6903],[20.0941,44.7082],[20.0982,44.72],[20.1008,44.7234],[20.1031,44.729],[20.1035,44.7304],[20.1034,44.7324],[20.1026,44.7342],[20.0973,44.7391],[20.0969,44.7401],[20.0975,44.7416],[20.0988,44.7425],[20.1047,44.7453],[20.1062,44.7462],[20.1077,44.7478],[20.1086,44.7498],[20.1104,44.7546],[20.1104,44.7565],[20.1097,44.7584],[20.1082,44.7599],[20.1065,44.7607],[20.0986,44.7625],[20.0915,44.7647],[20.0877,44.7665],[20.084,44.7687],[20.0827,44.7702],[20.0818,44.7718],[20.0809,44.7746],[20.0807,44.7775],[20.0809,44.7804],[20.0818,44.7831],[20.0826,44.7845],[20.0852,44.7876],[20.0872,44.789],[20.0889,44.7896],[20.091,44.7898],[20.0938,44.7898],[20.0978,44.7895],[20.1008,44.7896],[20.1078,44.7911],[20.1145,44.7934],[20.1182,44.7951],[20.1217,44.7974],[20.1229,44.7988],[20.1238,44.8004],[20.1245,44.8029],[20.1251,44.8138],[20.1255,44.8165],[20.1265,44.819],[20.1279,44.8212],[20.1315,44.8254],[20.133,44.8276],[20.1339,44.8299],[20.1346,44.8372],[20.136,44.8442],[20.147,44.8601],[20.1501,44.8654],[20.1533,44.8753],[20.1537,44.8775],[20.1541,44.8834],[20.1544,44.8849],[20.155,44.8864],[20.1568,44.8882],[20.1613,44.891],[20.1636,44.8921],[20.1657,44.8927],[20.168,44.893],[20.171,44.893],[20.1792,44.892],[20.1872,44.8916],[20.195,44.8918],[20.1981,44.8922],[20.2008,44.8929],[20.2027,44.8938],[20.2156,44.9011],[20.2233,44.9063],[20.2299,44.9095],[20.236,44.9129],[20.2388,44.9142],[20.2431,44.9151],[20.2463,44.9153],[20.2585,44.9155],[20.2809,44.9193],[20.3247,44.9292],[20.3189,44.9344],[20.3032,44.9547],[20.2907,44.9775],[20.2981,44.9775],[20.304,44.9939],[20.3333,45.0105],[20.3569,45.0345],[20.3459,45.0731],[20.339,45.0803],[20.3516,45.0821],[20.3596,45.0817],[20.3634,45.0811],[20.3678,45.0797],[20.3726,45.0778],[20.376,45.0762],[20.3847,45.0712],[20.3938,45.0667],[20.3952,45.0652],[20.3959,45.0632],[20.396,45.0611],[20.3955,45.0591],[20.3927,45.0548],[20.3918,45.0527],[20.3918,45.0502],[20.3924,45.0481],[20.3966,45.0401],[20.3974,45.0373],[20.3985,45.0314],[20.3994,45.0287],[20.4012,45.0257],[20.404,45.0224],[20.4078,45.0194],[20.4105,45.0177],[20.4243,45.0105],[20.4313,45.0071],[20.4403,45.0021],[20.4426,45.0004],[20.4443,44.9984],[20.4454,44.9964],[20.4469,44.9919],[20.4479,44.9898],[20.4499,44.9874],[20.4522,44.9851],[20.4579,44.9808],[20.4672,44.9745],[20.4725,44.9717],[20.4755,44.9706],[20.4782,44.9701],[20.4814,44.9697],[20.4907,44.9693],[20.4918,44.969],[20.4939,44.9679],[20.4959,44.9664],[20.4974,44.9648],[20.4984,44.963],[20.4989,44.9607],[20.4988,44.9583],[20.4979,44.9528],[20.4981,44.9505],[20.4988,44.9484],[20.5001,44.9464],[20.5049,44.9408],[20.5073,44.9386],[20.5127,44.9344],[20.5214,44.9284],[20.527,44.9254],[20.5316,44.9237],[20.5441,44.9199],[20.5543,44.9157],[20.5592,44.9143],[20.5679,44.9124],[20.5703,44.9116],[20.5732,44.9103],[20.5787,44.9068],[20.5866,44.9009],[20.593,44.8948],[20.5979,44.8907],[20.6001,44.8886],[20.6017,44.8864],[20.6023,44.8843],[20.6023,44.8822],[20.6017,44.8801],[20.6003,44.878],[20.5966,44.874],[20.595,44.858],[20.6237,44.8546],[20.6364,44.8494],[20.6386,44.8374],[20.6282,44.7886],[20.6279,44.777],[20.6333,44.7652],[20.6445,44.7558],[20.672,44.744],[20.6848,44.7335],[20.7203,44.6962],[20.742,44.6792],[20.7636,44.6684],[20.7948,44.6647],[20.7782,44.6329],[20.775,44.63],[20.7729,44.6277],[20.7714,44.6252],[20.7709,44.621],[20.771,44.6187],[20.7715,44.6163],[20.7725,44.6142],[20.7742,44.6122],[20.7814,44.6067],[20.7838,44.6036],[20.7853,44.6001],[20.7857,44.597],[20.7852,44.5949],[20.7837,44.5932],[20.7819,44.5916],[20.7808,44.59],[20.7807,44.5892],[20.7815,44.5876],[20.7833,44.586],[20.7856,44.5845],[20.7883,44.5832],[20.7952,44.5808],[20.7977,44.5793],[20.7992,44.5781],[20.8004,44.5768],[20.8017,44.5748],[20.8057,44.5678],[20.8067,44.565],[20.8064,44.5632],[20.8049,44.5615],[20.8027,44.56],[20.8006,44.5592],[20.7982,44.5587],[20.7885,44.5574],[20.786,44.5569],[20.7836,44.5562],[20.7756,44.5529],[20.7648,44.5499],[20.762,44.5488],[20.7594,44.547],[20.7529,44.5417],[20.7511,44.5405],[20.7411,44.5357],[20.7371,44.533],[20.7502,44.5226],[20.7565,44.5157],[20.7579,44.5135],[20.7585,44.5117],[20.7586,44.5043],[20.7591,44.5022],[20.7621,44.4975],[20.7641,44.496],[20.7661,44.4954],[20.7714,44.4944],[20.7791,44.492],[20.7877,44.4881],[20.8044,44.474],[20.8165,44.4675],[20.819,44.4658],[20.8211,44.464],[20.8247,44.4592],[20.8269,44.455],[20.8311,44.4485],[20.8365,44.443],[20.8376,44.4415],[20.8383,44.4399],[20.8389,44.4376],[20.8391,44.4354],[20.8388,44.4333],[20.8381,44.4311],[20.8365,44.4289],[20.8242,44.4187],[20.8218,44.4171],[20.8191,44.4159],[20.8173,44.4155],[20.8147,44.4154],[20.8118,44.416],[20.7935,44.4223],[20.7914,44.4228],[20.7875,44.4234],[20.7835,44.4236],[20.7796,44.4234],[20.7759,44.4228],[20.7695,44.4208],[20.76,44.4183],[20.7584,44.4175],[20.7567,44.416],[20.7558,44.414],[20.7551,44.4114],[20.754,44.4031],[20.7529,44.4006],[20.7512,44.3987],[20.7489,44.397],[20.7402,44.3919],[20.7353,44.3884],[20.733,44.3863],[20.7315,44.3841],[20.731,44.382],[20.7315,44.3785],[20.7324,44.3765],[20.7338,44.3743],[20.7369,44.3702],[20.7422,44.3642],[20.7525,44.3546],[20.7554,44.3524],[20.7579,44.3511],[20.7599,44.3507],[20.762,44.3506],[20.7649,44.3509],[20.7729,44.353],[20.776,44.3534],[20.779,44.3533],[20.7813,44.3529],[20.7835,44.3523],[20.7859,44.351],[20.7874,44.3492],[20.7879,44.3474],[20.7877,44.346],[20.787,44.3448],[20.785,44.3432],[20.779,44.3398],[20.7706,44.3339],[20.7676,44.3312],[20.7667,44.3299],[20.7658,44.3272],[20.7655,44.3245],[20.7658,44.3216],[20.7668,44.3189],[20.7692,44.3152],[20.7706,44.3125],[20.7717,44.3082],[20.772,44.305],[20.772,44.2978],[20.7574,44.3054],[20.7504,44.3096],[20.7486,44.3109],[20.7471,44.3124],[20.7428,44.3171],[20.7389,44.32],[20.7361,44.3214],[20.7314,44.3227],[20.7282,44.3231],[20.7182,44.3238],[20.7125,44.3247],[20.7102,44.3254],[20.7071,44.3268],[20.6985,44.3321],[20.6945,44.3336],[20.6905,44.3347],[20.6876,44.3349],[20.6846,44.3347],[20.6776,44.3329],[20.664,44.3279],[20.6498,44.3218],[20.641,44.3299],[20.636,44.3338],[20.6341,44.3348],[20.6272,44.3367],[20.6247,44.338],[20.623,44.3398],[20.6222,44.3413],[20.6219,44.3428],[20.6221,44.3478],[20.6205,44.3557],[20.6197,44.3643],[20.6191,44.367],[20.6181,44.369],[20.6165,44.3707],[20.6149,44.3717],[20.6113,44.373],[20.6094,44.3734],[20.6065,44.3737],[20.6036,44.3734],[20.6003,44.3725],[20.5955,44.3705],[20.5889,44.3681],[20.573,44.3639],[20.565,44.3611],[20.5527,44.3587],[20.5462,44.3564],[20.5431,44.3556],[20.5404,44.3555],[20.5385,44.3558],[20.5366,44.3565],[20.5349,44.3575],[20.5336,44.3588],[20.5327,44.3603],[20.5319,44.363],[20.5316,44.3659],[20.5321,44.372],[20.5329,44.3751],[20.5365,44.3829],[20.5379,44.3857],[20.5216,44.3913],[20.5094,44.3968],[20.506,44.3978],[20.5011,44.3984],[20.4978,44.3985],[20.4877,44.398],[20.4857,44.3983],[20.4838,44.3989],[20.4772,44.4038],[20.4693,44.4078],[20.4665,44.4094],[20.4563,44.4162],[20.4539,44.4171],[20.4513,44.4179],[20.4484,44.4183],[20.4422,44.4189],[20.4333,44.4128],[20.427,44.4082],[20.4242,44.4065],[20.4219,44.4056],[20.4196,44.4049],[20.4135,44.4038],[20.4114,44.4032],[20.4095,44.4026],[20.4074,44.4011],[20.403,44.3969],[20.3989,44.3925],[20.3973,44.3906],[20.3967,44.3893],[20.3965,44.3884],[20.397,44.3862],[20.3985,44.3834],[20.3996,44.3821],[20.4054,44.3781],[20.4127,44.3726],[20.4155,44.3712],[20.4195,44.3696],[20.422,44.3682],[20.427,44.3638],[20.4312,44.3603],[20.4328,44.3582],[20.4333,44.357],[20.4333,44.3561],[20.4325,44.3546],[20.4312,44.3531],[20.4232,44.3479],[20.4196,44.345],[20.4182,44.3438],[20.4115,44.3358],[20.4089,44.3331],[20.4041,44.3293],[20.4015,44.3269],[20.4003,44.3247],[20.4001,44.3237],[20.4001,44.3201],[20.4006,44.3127],[20.4006,44.3102],[20.4001,44.3081],[20.399,44.3062],[20.3974,44.3045],[20.3924,44.2998],[20.3895,44.2955],[20.3891,44.2943],[20.3844,44.2925],[20.3779,44.2908],[20.3744,44.2904],[20.3709,44.2903],[20.3632,44.2908],[20.3602,44.2907],[20.3581,44.2902],[20.3561,44.2894],[20.3529,44.287],[20.3506,44.2844],[20.3493,44.2824],[20.3465,44.2776],[20.3449,44.2727],[20.3442,44.2712],[20.3431,44.2699],[20.3416,44.2687],[20.3331,44.2632],[20.3316,44.2618],[20.3288,44.2585],[20.3267,44.2566],[20.3242,44.255],[20.318,44.2523],[20.3133,44.251],[20.3094,44.2505],[20.3073,44.2507],[20.3053,44.2513],[20.2979,44.2551],[20.294,44.2564],[20.2921,44.2567],[20.2901,44.2566],[20.2883,44.2562],[20.2862,44.2549],[20.2848,44.2533],[20.2844,44.2514],[20.2849,44.2464],[20.2847,44.2444],[20.2839,44.2425],[20.2824,44.2411],[20.2809,44.2406],[20.2791,44.2405],[20.2753,44.2409],[20.2692,44.242],[20.2645,44.2434],[20.2616,44.2448],[20.2592,44.2467],[20.2568,44.2493],[20.2513,44.2584],[20.2488,44.2615],[20.2463,44.2633],[20.2407,44.2667],[20.2267,44.2762],[20.2204,44.2799],[20.2163,44.2819],[20.2129,44.2844],[20.2103,44.2867],[20.2057,44.2919],[20.199,44.3005],[20.1923,44.3081],[20.188,44.3158],[20.1871,44.3179],[20.187,44.3199],[20.1881,44.3233],[20.1899,44.3261],[20.1915,44.328],[20.1936,44.3302],[20.2005,44.3363],[20.2021,44.3384],[20.2027,44.3404],[20.2026,44.3426],[20.2019,44.3446],[20.2006,44.3463],[20.1988,44.348],[20.1935,44.3521],[20.1923,44.3536],[20.1915,44.3551],[20.191,44.3572],[20.191,44.3593],[20.1915,44.3608],[20.1922,44.3621],[20.1941,44.3638],[20.1974,44.3659],[20.1992,44.3674],[20.2,44.3691],[20.1993,44.374],[20.1997,44.3753],[20.2006,44.3766],[20.2037,44.3788],[20.2111,44.3828],[20.2135,44.3844],[20.2153,44.3863],[20.2167,44.3882],[20.2193,44.3932],[20.2217,44.3997],[20.2258,44.4077],[20.2265,44.4103],[20.2268,44.4129],[20.2268,44.4183],[20.226,44.4233],[20.2249,44.4256],[20.2215,44.43],[20.2205,44.4319],[20.2202,44.4342],[20.2212,44.4382],[20.2254,44.4459],[20.2261,44.448],[20.2264,44.4494],[20.2263,44.4515],[20.2237,44.4588],[20.2214,44.4684],[20.2176,44.4787],[20.2142,44.4819],[20.2113,44.4842],[20.208,44.4863],[20.2009,44.4897],[20.1991,44.4909],[20.1978,44.4922],[20.1968,44.4936],[20.1964,44.4958],[20.1999,44.5069],[20.2001,44.5083],[20.1998,44.5103],[20.1984,44.5127],[20.1942,44.5172],[20.1925,44.5196],[20.1917,44.5216],[20.1902,44.5279],[20.1903,44.5328],[20.19,44.5349],[20.1894,44.5363],[20.1873,44.5396],[20.1861,44.5407],[20.1847,44.5418],[20.1824,44.5429],[20.1807,44.5432],[20.179,44.5431],[20.1766,44.5423],[20.1753,44.5413],[20.1727,44.5384],[20.1704,44.5349],[20.1694,44.5281],[20.1679,44.5253],[20.1655,44.5224],[20.1611,44.5186],[20.1583,44.5156],[20.1563,44.5128],[20.154,44.5087],[20.1516,44.5058],[20.148,44.5035],[20.1444,44.5017],[20.1302,44.4956],[20.1278,44.4952],[20.1254,44.4957],[20.1233,44.4971],[20.1215,44.499],[20.1155,44.5071],[20.1098,44.5128],[20.1089,44.5142],[20.1058,44.5204],[20.104,44.5224],[20.1014,44.524],[20.0994,44.5248],[20.0951,44.526],[20.0899,44.5263],[20.0818,44.5259],[20.0778,44.5256],[20.0741,44.5247],[20.0703,44.5231],[20.0671,44.521],[20.065,44.5191],[20.0606,44.513],[20.0593,44.5118],[20.0569,44.5102],[20.0531,44.5089],[20.0475,44.5075],[20.0447,44.5072],[20.0434,44.5072],[20.0407,44.5079],[20.0351,44.51],[20.0241,44.5129],[20.022,44.5137],[20.0163,44.5165],[20.0141,44.5173],[20.0117,44.5179],[20.0078,44.5185],[19.9997,44.5193],[19.9959,44.52],[19.9939,44.5206],[19.99,44.5223],[19.9882,44.5234],[19.986,44.5252],[19.9837,44.5279],[19.9817,44.5297],[19.9761,44.5331],[19.9741,44.5347],[19.9723,44.5364],[19.9696,44.5398],[19.9674,44.5435],[19.9662,44.5466],[19.9662,44.549],[19.9674,44.5547],[19.9678,44.5575],[19.9702,44.5593],[19.9708,44.5598],[19.971,44.56],[19.9711,44.5603],[19.9711,44.5609],[19.9711,44.5648],[19.971,44.5758],[19.9702,44.5809],[19.9693,44.5832],[19.9683,44.5846],[19.9634,44.5894],[19.9618,44.5915],[19.9612,44.5928],[19.9612,44.5937],[19.962,44.5958],[19.9681,44.6027],[19.9686,44.604],[19.9686,44.6054],[19.9673,44.6098],[19.9734,44.6412]]]}},{"type":"Feature","properties":{"id":"SRB-843","name":"Jablanicki","nameBn":"জাব্লানিকা জেলা","type":"District","bounds":[21.3787,42.6722,22.5448,43.1634],"center":[21.9611,42.964]},"geometry":{"type":"Polygon","coordinates":[[[22.5448,42.8717],[22.5445,42.8714],[22.5376,42.8683],[22.5198,42.8704],[22.506,42.8701],[22.4971,42.8644],[22.4814,42.8467],[22.4709,42.8401],[22.4455,42.8302],[22.4368,42.8243],[22.4304,42.8171],[22.4295,42.8168],[22.4193,42.8142],[22.4171,42.8133],[22.4114,42.8104],[22.4069,42.8088],[22.3999,42.807],[22.3889,42.8058],[22.387,42.8053],[22.3849,42.804],[22.3807,42.7997],[22.3753,42.7955],[22.3715,42.7917],[22.3661,42.7855],[22.3634,42.7831],[22.361,42.7815],[22.3503,42.7768],[22.3454,42.773],[22.3429,42.7717],[22.3399,42.7705],[22.3367,42.7697],[22.3336,42.7692],[22.324,42.7681],[22.3194,42.7669],[22.3165,42.7656],[22.3139,42.7641],[22.3086,42.7603],[22.3021,42.7538],[22.2914,42.7474],[22.2897,42.7466],[22.2868,42.7459],[22.2835,42.7458],[22.2807,42.7461],[22.278,42.7467],[22.2733,42.7481],[22.2702,42.7487],[22.2676,42.7487],[22.2659,42.7483],[22.2598,42.7464],[22.2581,42.7463],[22.2563,42.7465],[22.2539,42.7475],[22.2498,42.7497],[22.2459,42.7513],[22.2346,42.7539],[22.232,42.7548],[22.2273,42.7573],[22.2238,42.7596],[22.2224,42.7609],[22.2185,42.7662],[22.2166,42.7678],[22.2149,42.7686],[22.2128,42.7692],[22.2049,42.7711],[22.196,42.7746],[22.1776,42.7848],[22.1745,42.7872],[22.1735,42.7885],[22.173,42.79],[22.1728,42.7915],[22.1736,42.797],[22.1731,42.7988],[22.1714,42.8003],[22.1696,42.801],[22.1675,42.8015],[22.1637,42.802],[22.1597,42.8021],[22.1557,42.802],[22.1519,42.8016],[22.1498,42.8012],[22.148,42.8005],[22.146,42.7991],[22.14,42.7922],[22.1379,42.7907],[22.1361,42.7902],[22.1327,42.7898],[22.1226,42.7901],[22.1186,42.7904],[22.1149,42.7909],[22.1127,42.7915],[22.111,42.7924],[22.1096,42.7936],[22.109,42.7951],[22.109,42.7959],[22.1101,42.7978],[22.116,42.8037],[22.1173,42.8057],[22.1176,42.8071],[22.1174,42.8084],[22.1162,42.8103],[22.1102,42.8179],[22.1082,42.8193],[22.1065,42.8199],[22.1045,42.8204],[22.0973,42.821],[22.086,42.8208],[22.0824,42.8205],[22.0789,42.8199],[22.0728,42.8177],[22.0656,42.8136],[22.0635,42.8127],[22.0547,42.8095],[22.0411,42.8051],[22.0311,42.8032],[22.0282,42.8032],[22.026,42.8036],[22.0238,42.8042],[22.0211,42.8055],[22.0164,42.8086],[22.0083,42.8154],[22.0057,42.8168],[22.0035,42.8176],[22.0013,42.8181],[21.9983,42.8184],[21.9955,42.8183],[21.9934,42.818],[21.9917,42.8174],[21.9897,42.816],[21.9872,42.8129],[21.9864,42.8115],[21.9856,42.8089],[21.9844,42.8007],[21.9835,42.7982],[21.9819,42.7961],[21.9796,42.7945],[21.9729,42.7912],[21.9671,42.789],[21.9639,42.7883],[21.9443,42.7848],[21.9401,42.7853],[21.9367,42.7856],[21.9304,42.7853],[21.9193,42.7835],[21.9113,42.7816],[21.9091,42.7813],[21.9069,42.7813],[21.9017,42.7816],[21.8916,42.7827],[21.8888,42.7826],[21.8849,42.7818],[21.8754,42.7792],[21.8716,42.7783],[21.8688,42.7781],[21.8649,42.7783],[21.8622,42.7781],[21.8516,42.776],[21.8488,42.7759],[21.8449,42.776],[21.8421,42.7759],[21.8401,42.7756],[21.8228,42.7714],[21.8206,42.7707],[21.8178,42.7693],[21.8133,42.7662],[21.8117,42.7646],[21.8107,42.7629],[21.8105,42.761],[21.8109,42.7595],[21.8117,42.7581],[21.8148,42.7546],[21.8154,42.7529],[21.8146,42.7513],[21.8132,42.7505],[21.8072,42.7484],[21.8056,42.7477],[21.8037,42.7462],[21.8007,42.7427],[21.7986,42.7409],[21.7961,42.7394],[21.7894,42.7367],[21.7878,42.7358],[21.7866,42.7347],[21.7853,42.7327],[21.7849,42.7304],[21.785,42.7228],[21.7854,42.715],[21.7863,42.7073],[21.7859,42.7058],[21.7851,42.7045],[21.782,42.7021],[21.7722,42.696],[21.769,42.6945],[21.7607,42.6916],[21.7576,42.6903],[21.7547,42.6885],[21.7443,42.6794],[21.7387,42.6822],[21.7089,42.6872],[21.6874,42.6868],[21.6441,42.6723],[21.6294,42.6722],[21.6127,42.6804],[21.5805,42.7102],[21.5652,42.7202],[21.5425,42.7258],[21.4795,42.7323],[21.4418,42.7361],[21.4178,42.7356],[21.4055,42.7353],[21.3887,42.739],[21.3787,42.7441],[21.3792,42.747],[21.3839,42.75],[21.3871,42.755],[21.3906,42.7704],[21.4041,42.804],[21.4083,42.8207],[21.4084,42.8417],[21.4324,42.858],[21.4327,42.8596],[21.4373,42.8686],[21.4377,42.8708],[21.4377,42.876],[21.4383,42.8779],[21.44,42.8803],[21.447,42.8869],[21.4485,42.8892],[21.4489,42.8911],[21.448,42.895],[21.448,42.897],[21.4492,42.9031],[21.449,42.905],[21.4479,42.909],[21.448,42.9104],[21.4485,42.9117],[21.4501,42.9135],[21.453,42.9155],[21.4563,42.9173],[21.4608,42.9193],[21.4625,42.9203],[21.4639,42.9215],[21.4664,42.9248],[21.4681,42.9266],[21.4733,42.9313],[21.4741,42.9325],[21.4746,42.9344],[21.4743,42.9364],[21.4731,42.9384],[21.4682,42.9445],[21.4671,42.9464],[21.4649,42.9519],[21.4639,42.9532],[21.4592,42.9569],[21.4577,42.9586],[21.4544,42.9646],[21.4513,42.9697],[21.4505,42.9718],[21.4504,42.9732],[21.4508,42.9745],[21.452,42.9755],[21.4537,42.9764],[21.4667,42.9803],[21.4755,42.9831],[21.5018,42.9956],[21.5071,42.9985],[21.5127,43.0025],[21.515,43.0048],[21.5206,43.0111],[21.5226,43.013],[21.525,43.0146],[21.5356,43.0204],[21.5381,43.0216],[21.5426,43.0233],[21.5466,43.0246],[21.5505,43.0251],[21.5545,43.0254],[21.588,43.0253],[21.592,43.0255],[21.596,43.0259],[21.5984,43.0264],[21.6007,43.0271],[21.6036,43.0284],[21.6125,43.0336],[21.6212,43.0381],[21.6248,43.0403],[21.6264,43.0415],[21.6277,43.0429],[21.6306,43.0485],[21.6317,43.05],[21.633,43.0513],[21.6346,43.0524],[21.6381,43.0539],[21.64,43.0542],[21.6426,43.0543],[21.6444,43.0539],[21.6487,43.0524],[21.6553,43.0489],[21.657,43.0484],[21.6582,43.0483],[21.66,43.0485],[21.6618,43.049],[21.6659,43.0504],[21.674,43.0526],[21.6834,43.0548],[21.6848,43.057],[21.6882,43.0604],[21.6927,43.0636],[21.6986,43.0673],[21.7048,43.0728],[21.7089,43.0758],[21.7117,43.0774],[21.7235,43.0829],[21.7348,43.087],[21.7418,43.0891],[21.747,43.0902],[21.757,43.0911],[21.7605,43.0916],[21.7716,43.0942],[21.7749,43.0956],[21.794,43.107],[21.8009,43.112],[21.8072,43.1175],[21.8139,43.1225],[21.8149,43.1245],[21.8148,43.1256],[21.814,43.1275],[21.8111,43.1315],[21.8055,43.1378],[21.8223,43.139],[21.8303,43.1392],[21.8493,43.1393],[21.8529,43.1396],[21.8563,43.1401],[21.8633,43.142],[21.8701,43.1443],[21.8783,43.148],[21.8926,43.1536],[21.9045,43.1634],[21.9368,43.1331],[21.9478,43.1386],[21.9558,43.1393],[21.9597,43.1399],[21.9632,43.1408],[21.9664,43.142],[21.9689,43.1433],[21.9798,43.1499],[21.9826,43.1511],[21.9848,43.1518],[21.987,43.1522],[21.9899,43.1523],[21.9918,43.152],[21.9936,43.1514],[21.9957,43.15],[22.0,43.1456],[22.0017,43.1444],[22.0059,43.1421],[22.0082,43.1411],[22.0107,43.1404],[22.0135,43.1403],[22.0156,43.1406],[22.0176,43.1411],[22.0226,43.1436],[22.0251,43.1442],[22.0267,43.1442],[22.028,43.1438],[22.0292,43.1426],[22.0318,43.1371],[22.034,43.1345],[22.0362,43.1327],[22.0389,43.1312],[22.046,43.1284],[22.0483,43.1272],[22.0505,43.1258],[22.0523,43.1242],[22.0561,43.1204],[22.0611,43.1161],[22.0661,43.1111],[22.0753,43.1038],[22.0776,43.1022],[22.0841,43.0992],[22.0892,43.0961],[22.0913,43.0952],[22.0984,43.0928],[22.1004,43.0918],[22.1055,43.0886],[22.109,43.0867],[22.1135,43.0853],[22.122,43.0834],[22.1243,43.0826],[22.1272,43.0813],[22.1326,43.078],[22.138,43.0741],[22.1405,43.072],[22.1496,43.0633],[22.1552,43.0587],[22.1614,43.0591],[22.1687,43.0601],[22.172,43.0603],[22.1752,43.06],[22.1823,43.0579],[22.1874,43.0559],[22.19,43.0551],[22.1929,43.0547],[22.1959,43.0547],[22.2127,43.0568],[22.215,43.0575],[22.2172,43.0584],[22.2198,43.0601],[22.2264,43.0662],[22.234,43.074],[22.2405,43.0691],[22.2469,43.0653],[22.257,43.0585],[22.2582,43.0569],[22.2583,43.0562],[22.2578,43.0551],[22.2568,43.0542],[22.2496,43.0495],[22.2452,43.0452],[22.243,43.0437],[22.2412,43.043],[22.2334,43.0411],[22.2308,43.0402],[22.2242,43.0373],[22.2224,43.0363],[22.2204,43.0347],[22.2181,43.0321],[22.216,43.0302],[22.2024,43.0222],[22.2011,43.0206],[22.2005,43.0187],[22.2008,43.0169],[22.2021,43.0149],[22.2044,43.0132],[22.2072,43.0117],[22.2152,43.0078],[22.2178,43.0067],[22.2227,43.0055],[22.2347,43.0043],[22.2385,43.0036],[22.2423,43.0022],[22.2451,43.0008],[22.2475,42.9992],[22.252,42.9949],[22.2556,42.9929],[22.2583,42.9918],[22.261,42.9911],[22.2637,42.991],[22.2696,42.992],[22.2733,42.9925],[22.2773,42.9926],[22.2813,42.9925],[22.2851,42.992],[22.2892,42.991],[22.2987,42.9878],[22.3185,42.9805],[22.326,42.9771],[22.3347,42.9737],[22.3402,42.9703],[22.3427,42.9692],[22.3455,42.9686],[22.3475,42.9685],[22.3554,42.9688],[22.3584,42.9686],[22.3614,42.9682],[22.3639,42.9674],[22.3763,42.9626],[22.3791,42.9613],[22.39,42.956],[22.3951,42.9527],[22.3978,42.9502],[22.3994,42.9484],[22.4007,42.9464],[22.4016,42.9445],[22.4014,42.9426],[22.4002,42.9407],[22.3984,42.939],[22.3959,42.9374],[22.3931,42.936],[22.3883,42.9345],[22.377,42.9322],[22.3592,42.9295],[22.3668,42.9245],[22.3774,42.9188],[22.3801,42.9176],[22.3834,42.9164],[22.3896,42.9144],[22.3932,42.9128],[22.3947,42.9119],[22.3964,42.9103],[22.3997,42.9045],[22.4012,42.9028],[22.4063,42.8994],[22.41,42.8958],[22.4138,42.8932],[22.4194,42.8909],[22.4263,42.8886],[22.4283,42.8877],[22.4337,42.8848],[22.4358,42.884],[22.438,42.8835],[22.4473,42.8821],[22.4502,42.8815],[22.4582,42.879],[22.4617,42.8784],[22.4654,42.8781],[22.473,42.8781],[22.4767,42.8783],[22.4885,42.88],[22.4963,42.8801],[22.5002,42.8799],[22.5041,42.8793],[22.5119,42.8769],[22.5156,42.876],[22.523,42.8746],[22.5275,42.874],[22.5441,42.8718],[22.5448,42.8717]]]}},{"type":"Feature","properties":{"id":"SRB-1059","name":"Južno-Backi","nameBn":"সাউথ বাক্কা জেলা","type":"District","bounds":[18.9755,45.1382,20.3186,45.7752],"center":[19.647,45.3888]},"geometry":{"type":"Polygon","coordinates":[[[19.0023,45.4437],[18.9971,45.4555],[18.9964,45.4738],[19.0096,45.4987],[19.0179,45.4978],[19.0178,45.4966],[19.0176,45.4945],[19.0178,45.4929],[19.0192,45.4909],[19.0249,45.4873],[19.0297,45.4836],[19.0322,45.4822],[19.0341,45.4817],[19.0361,45.4816],[19.0389,45.4823],[19.0462,45.4871],[19.0483,45.4879],[19.0505,45.4885],[19.0535,45.4887],[19.0565,45.4885],[19.0588,45.488],[19.0609,45.4871],[19.0697,45.4814],[19.0792,45.4769],[19.0819,45.476],[19.0848,45.4756],[19.0918,45.4758],[19.0946,45.4756],[19.0966,45.4751],[19.0983,45.4742],[19.0996,45.473],[19.1006,45.4715],[19.1031,45.465],[19.104,45.4634],[19.1053,45.4619],[19.107,45.4607],[19.1109,45.4588],[19.1129,45.4582],[19.1163,45.4575],[19.1238,45.457],[19.1353,45.4572],[19.139,45.4576],[19.1425,45.4583],[19.149,45.4607],[19.1522,45.4616],[19.155,45.4617],[19.1569,45.4615],[19.1596,45.4609],[19.1775,45.4541],[19.1814,45.4521],[19.1842,45.4494],[19.1859,45.4467],[19.1863,45.4446],[19.1863,45.4418],[19.1867,45.4398],[19.1873,45.4384],[19.1895,45.4359],[19.191,45.4349],[19.1928,45.4343],[19.1947,45.4341],[19.1971,45.4344],[19.2023,45.4358],[19.206,45.4364],[19.218,45.4373],[19.2218,45.438],[19.2288,45.4401],[19.234,45.442],[19.2367,45.4428],[19.2397,45.4431],[19.2427,45.443],[19.2469,45.4425],[19.2498,45.4424],[19.2526,45.4427],[19.2545,45.4433],[19.2561,45.4441],[19.2572,45.4453],[19.2577,45.4466],[19.2583,45.4513],[19.2597,45.4541],[19.2611,45.456],[19.263,45.4577],[19.2653,45.4589],[19.2681,45.4593],[19.271,45.4589],[19.2744,45.4571],[19.2841,45.4493],[19.2883,45.4442],[19.2904,45.4422],[19.2931,45.4407],[19.2974,45.4393],[19.2993,45.439],[19.3022,45.4392],[19.3054,45.44],[19.3119,45.4424],[19.3154,45.4431],[19.3192,45.4435],[19.327,45.4437],[19.3351,45.4434],[19.3391,45.443],[19.346,45.4419],[19.3643,45.4384],[19.365,45.4411],[19.3678,45.4479],[19.3683,45.4499],[19.3684,45.4524],[19.3678,45.4548],[19.3661,45.4579],[19.3646,45.46],[19.3589,45.4661],[19.3576,45.4682],[19.3571,45.4702],[19.3574,45.4753],[19.357,45.4774],[19.3554,45.4828],[19.3551,45.4851],[19.3552,45.4897],[19.3558,45.4917],[19.357,45.4935],[19.3584,45.4944],[19.3707,45.5003],[19.388,45.5062],[19.3942,45.5074],[19.3994,45.5079],[19.3991,45.5195],[19.3985,45.5212],[19.3963,45.524],[19.3959,45.5249],[19.3945,45.5357],[19.412,45.5398],[19.421,45.5415],[19.4231,45.5422],[19.426,45.5436],[19.4321,45.5471],[19.4362,45.5485],[19.4401,45.5493],[19.4429,45.5492],[19.4449,45.5488],[19.4497,45.5474],[19.4625,45.5418],[19.4645,45.5407],[19.4715,45.536],[19.4733,45.5352],[19.4755,45.5345],[19.4778,45.5341],[19.4807,45.5341],[19.4828,45.5345],[19.4876,45.5359],[19.498,45.5406],[19.5035,45.5435],[19.5052,45.5447],[19.5066,45.5461],[19.5102,45.5513],[19.5154,45.5568],[19.5165,45.5584],[19.5172,45.5601],[19.5178,45.5624],[19.5188,45.5695],[19.5195,45.5717],[19.5212,45.5746],[19.5227,45.5765],[19.5247,45.5781],[19.5272,45.5794],[19.5293,45.58],[19.5316,45.5802],[19.5421,45.5795],[19.5486,45.5799],[19.5556,45.5814],[19.5576,45.582],[19.5593,45.5829],[19.5609,45.5845],[19.5619,45.5865],[19.5625,45.5892],[19.5632,45.5978],[19.5641,45.6036],[19.5638,45.6056],[19.5632,45.607],[19.5601,45.6115],[19.5572,45.617],[19.5566,45.6185],[19.5564,45.6206],[19.5568,45.6227],[19.5579,45.6246],[19.5625,45.6301],[19.5646,45.6322],[19.5723,45.6374],[19.5736,45.6389],[19.5746,45.6406],[19.5774,45.6476],[19.5865,45.66],[19.6,45.6546],[19.6084,45.6515],[19.6138,45.6487],[19.6227,45.6431],[19.6256,45.6416],[19.6301,45.6396],[19.6343,45.6382],[19.6436,45.6364],[19.651,45.6346],[19.6541,45.6338],[19.6583,45.6322],[19.6616,45.6307],[19.6765,45.6234],[19.6842,45.6189],[19.6991,45.6213],[19.7048,45.6224],[19.7073,45.6232],[19.7096,45.624],[19.7154,45.6271],[19.7176,45.6281],[19.7249,45.6304],[19.7316,45.633],[19.7354,45.635],[19.737,45.6362],[19.7382,45.6376],[19.7389,45.6392],[19.7394,45.6414],[19.7393,45.6437],[19.7389,45.6459],[19.7377,45.649],[19.7366,45.6546],[19.7364,45.6602],[19.7366,45.663],[19.7372,45.6656],[19.7404,45.6731],[19.7437,45.6781],[19.7475,45.6825],[19.7533,45.6884],[19.7547,45.6909],[19.7556,45.6936],[19.7566,45.6998],[19.7539,45.7018],[19.7522,45.7035],[19.7511,45.7052],[19.751,45.7069],[19.7517,45.7084],[19.7554,45.7125],[19.7587,45.7175],[19.7594,45.7206],[19.7594,45.7238],[19.7586,45.7269],[19.7547,45.7327],[19.7498,45.7415],[19.7674,45.7494],[19.7726,45.7508],[19.7822,45.7526],[19.7905,45.7552],[19.794,45.7558],[19.7976,45.7561],[19.8127,45.7562],[19.8201,45.7565],[19.8236,45.7571],[19.8318,45.7598],[19.8429,45.762],[19.8462,45.7634],[19.8557,45.7698],[19.859,45.7716],[19.8606,45.7722],[19.8747,45.7729],[19.8789,45.7733],[19.8855,45.7745],[19.8932,45.7752],[19.9049,45.7752],[19.9124,45.7747],[19.9159,45.7742],[19.9274,45.7711],[19.9311,45.7705],[19.9466,45.7696],[19.9503,45.769],[19.9617,45.7659],[19.9712,45.7642],[19.976,45.7627],[19.9875,45.7569],[19.9924,45.7556],[19.9962,45.7551],[20.0041,45.7547],[20.0526,45.7544],[20.0603,45.7537],[20.0709,45.7518],[20.0739,45.7511],[20.0781,45.7496],[20.0825,45.7477],[20.0853,45.7461],[20.0893,45.743],[20.0945,45.738],[20.0989,45.7346],[20.1043,45.7312],[20.1111,45.7275],[20.1125,45.7262],[20.1142,45.7243],[20.1033,45.7223],[20.092,45.7174],[20.0999,45.6952],[20.1049,45.6746],[20.1019,45.6531],[20.0858,45.628],[20.0641,45.6103],[20.0629,45.6034],[20.0821,45.6007],[20.1113,45.6019],[20.1217,45.5983],[20.1262,45.587],[20.122,45.5816],[20.1126,45.5742],[20.1031,45.5639],[20.0989,45.5492],[20.103,45.5376],[20.113,45.5272],[20.2065,45.4656],[20.2298,45.443],[20.2019,45.3952],[20.2143,45.3796],[20.2483,45.3556],[20.264,45.3406],[20.2536,45.3342],[20.2471,45.3247],[20.242,45.3146],[20.2361,45.3064],[20.2524,45.287],[20.3014,45.2585],[20.3118,45.2341],[20.3186,45.2092],[20.3165,45.1957],[20.2888,45.1837],[20.2837,45.1695],[20.2815,45.1536],[20.2778,45.141],[20.257,45.1567],[20.2224,45.1755],[20.185,45.185],[20.0648,45.1755],[20.0423,45.1778],[19.9856,45.1898],[19.9739,45.1747],[19.9728,45.1737],[19.9722,45.1725],[19.9724,45.1711],[19.9732,45.1698],[19.9751,45.1681],[19.9795,45.1649],[19.9809,45.1634],[19.9815,45.1619],[19.9811,45.1608],[19.9803,45.1598],[19.978,45.1582],[19.9734,45.1558],[19.9642,45.1514],[19.961,45.15],[19.9577,45.1489],[19.9542,45.148],[19.9409,45.1465],[19.9363,45.1456],[19.9297,45.1446],[19.9126,45.1426],[19.9057,45.143],[19.904,45.1434],[19.8997,45.1448],[19.898,45.1452],[19.8838,45.1456],[19.8681,45.1464],[19.866,45.147],[19.8623,45.1475],[19.8533,45.1479],[19.8361,45.1481],[19.8197,45.1481],[19.8118,45.1478],[19.8081,45.1472],[19.7991,45.1453],[19.7973,45.1451],[19.7953,45.1454],[19.7936,45.146],[19.792,45.1471],[19.7838,45.157],[19.7731,45.1671],[19.7633,45.1603],[19.758,45.1569],[19.7554,45.1555],[19.7527,45.1545],[19.7495,45.1539],[19.7362,45.1532],[19.7331,45.1526],[19.7305,45.1517],[19.7252,45.1494],[19.7181,45.147],[19.6988,45.1417],[19.6407,45.1421],[19.6284,45.142],[19.6244,45.1417],[19.6206,45.1413],[19.6061,45.1383],[19.6031,45.1382],[19.6001,45.1384],[19.5898,45.1405],[19.5754,45.1442],[19.5649,45.1464],[19.5611,45.147],[19.5491,45.1477],[19.5452,45.1482],[19.5428,45.1488],[19.5386,45.1505],[19.5316,45.155],[19.5294,45.1559],[19.527,45.1566],[19.5238,45.1572],[19.5171,45.1582],[19.5147,45.1588],[19.5125,45.1596],[19.5097,45.1613],[19.5049,45.1653],[19.504,45.1657],[19.481,45.1673],[19.4766,45.1678],[19.4742,45.1685],[19.472,45.1694],[19.4669,45.1728],[19.4647,45.1737],[19.4624,45.1741],[19.4609,45.1741],[19.4573,45.1736],[19.4523,45.1721],[19.4501,45.1712],[19.4483,45.17],[19.4471,45.1684],[19.4467,45.1666],[19.4474,45.1644],[19.4481,45.1636],[19.4366,45.1518],[19.4348,45.1501],[19.4324,45.1482],[19.4311,45.1474],[19.4305,45.147],[19.4297,45.1467],[19.4289,45.1463],[19.428,45.1461],[19.4272,45.1461],[19.4263,45.1462],[19.4255,45.1464],[19.4238,45.1469],[19.4186,45.1488],[19.4178,45.1492],[19.4171,45.1496],[19.4165,45.1501],[19.416,45.1507],[19.4142,45.1531],[19.4132,45.1542],[19.4126,45.1548],[19.4113,45.1558],[19.4086,45.1575],[19.4073,45.1585],[19.4001,45.1656],[19.3939,45.1716],[19.4054,45.1797],[19.4078,45.2031],[19.3973,45.2233],[19.3781,45.2296],[19.2898,45.2363],[19.2599,45.243],[19.1972,45.2649],[19.1585,45.2762],[19.1041,45.2987],[19.0988,45.3199],[19.0962,45.3291],[19.083,45.3392],[19.0672,45.3434],[19.0529,45.3454],[19.0302,45.3451],[19.0142,45.3534],[19.0075,45.3595],[18.9964,45.3621],[18.9957,45.3623],[18.9775,45.3712],[18.9755,45.3911],[18.9974,45.3998],[19.0226,45.4024],[19.0313,45.4162],[19.0164,45.4336],[19.0023,45.4437]]]}},{"type":"Feature","properties":{"id":"SRB-1060","name":"Južno-Banatski","nameBn":"সাউথ বানাত জেলা","type":"District","bounds":[20.3918,44.6609,21.5391,45.3215],"center":[20.9652,45.0065]},"geometry":{"type":"Polygon","coordinates":[[[21.0167,45.3215],[21.064,45.3063],[21.0743,45.3005],[21.0828,45.2937],[21.0916,45.2881],[21.1033,45.2861],[21.1131,45.2893],[21.1292,45.3019],[21.1394,45.3037],[21.1556,45.2952],[21.1897,45.2596],[21.2061,45.2459],[21.2393,45.2294],[21.2571,45.2241],[21.2993,45.2232],[21.4055,45.1997],[21.4338,45.1888],[21.4594,45.174],[21.4844,45.1527],[21.4933,45.1451],[21.4978,45.1319],[21.4941,45.1193],[21.4815,45.1116],[21.469,45.111],[21.4586,45.1073],[21.45,45.101],[21.4424,45.0929],[21.4438,45.0915],[21.4444,45.0853],[21.4444,45.0779],[21.4438,45.0729],[21.441,45.0687],[21.4325,45.0615],[21.4295,45.0573],[21.4256,45.0432],[21.4251,45.0362],[21.4219,45.0314],[21.4093,45.024],[21.3988,45.0214],[21.3733,45.0201],[21.3634,45.0165],[21.3561,45.0086],[21.3514,44.9982],[21.3535,44.9898],[21.367,44.9873],[21.3839,44.9867],[21.387,44.9815],[21.3846,44.9749],[21.3852,44.9695],[21.4084,44.9583],[21.4565,44.9523],[21.4815,44.9436],[21.5163,44.9339],[21.531,44.9246],[21.5391,44.9085],[21.5363,44.8893],[21.5221,44.8808],[21.4815,44.8726],[21.4534,44.8696],[21.3953,44.8716],[21.3685,44.8649],[21.3555,44.8566],[21.3464,44.8456],[21.3428,44.8319],[21.3598,44.8267],[21.3191,44.8251],[21.2695,44.8137],[21.2225,44.7967],[21.1888,44.7782],[21.1795,44.7681],[21.1723,44.7569],[21.1638,44.7478],[21.1509,44.7441],[21.1257,44.7456],[21.1123,44.7448],[21.1028,44.7407],[21.0779,44.7265],[21.0368,44.722],[20.9896,44.7168],[20.8832,44.6727],[20.8265,44.6609],[20.7948,44.6647],[20.7636,44.6684],[20.742,44.6792],[20.7203,44.6962],[20.6848,44.7335],[20.672,44.744],[20.6445,44.7558],[20.6333,44.7652],[20.6279,44.777],[20.6282,44.7886],[20.6386,44.8374],[20.6364,44.8494],[20.6237,44.8546],[20.595,44.858],[20.5966,44.874],[20.6003,44.878],[20.6017,44.8801],[20.6023,44.8822],[20.6023,44.8843],[20.6017,44.8864],[20.6001,44.8886],[20.5979,44.8907],[20.593,44.8948],[20.5866,44.9009],[20.5787,44.9068],[20.5732,44.9103],[20.5703,44.9116],[20.5679,44.9124],[20.5592,44.9143],[20.5543,44.9157],[20.5441,44.9199],[20.5316,44.9237],[20.527,44.9254],[20.5214,44.9284],[20.5127,44.9344],[20.5073,44.9386],[20.5049,44.9408],[20.5001,44.9464],[20.4988,44.9484],[20.4981,44.9505],[20.4979,44.9528],[20.4988,44.9583],[20.4989,44.9607],[20.4984,44.963],[20.4974,44.9648],[20.4959,44.9664],[20.4939,44.9679],[20.4918,44.969],[20.4907,44.9693],[20.4814,44.9697],[20.4782,44.9701],[20.4755,44.9706],[20.4725,44.9717],[20.4672,44.9745],[20.4579,44.9808],[20.4522,44.9851],[20.4499,44.9874],[20.4479,44.9898],[20.4469,44.9919],[20.4454,44.9964],[20.4443,44.9984],[20.4426,45.0004],[20.4403,45.0021],[20.4313,45.0071],[20.4243,45.0105],[20.4105,45.0177],[20.4078,45.0194],[20.404,45.0224],[20.4012,45.0257],[20.3994,45.0287],[20.3985,45.0314],[20.3974,45.0373],[20.3966,45.0401],[20.3924,45.0481],[20.3918,45.0502],[20.3918,45.0527],[20.3927,45.0548],[20.3955,45.0591],[20.396,45.0611],[20.3959,45.0632],[20.3952,45.0652],[20.4009,45.0747],[20.4089,45.08],[20.4136,45.0846],[20.4205,45.0878],[20.4227,45.0894],[20.4321,45.0993],[20.4335,45.1013],[20.4342,45.1034],[20.4345,45.1054],[20.4345,45.1074],[20.4339,45.1094],[20.4311,45.1123],[20.4299,45.1138],[20.43,45.1157],[20.4319,45.1182],[20.4362,45.122],[20.4384,45.1233],[20.4402,45.1241],[20.4472,45.1259],[20.4492,45.1266],[20.4517,45.128],[20.4542,45.1303],[20.4553,45.132],[20.4561,45.1342],[20.4558,45.1363],[20.4544,45.138],[20.4495,45.1424],[20.4443,45.1481],[20.4432,45.15],[20.4432,45.1508],[20.4442,45.1531],[20.4463,45.1555],[20.4549,45.1634],[20.4569,45.1659],[20.459,45.1697],[20.4628,45.1755],[20.4657,45.1794],[20.4752,45.1887],[20.4769,45.191],[20.4795,45.1978],[20.4805,45.1998],[20.4821,45.2015],[20.4839,45.2027],[20.4861,45.2035],[20.4879,45.2038],[20.4896,45.2035],[20.4918,45.2026],[20.4928,45.2014],[20.4934,45.2001],[20.494,45.1955],[20.4949,45.194],[20.496,45.1928],[20.4977,45.1919],[20.4997,45.1913],[20.5026,45.191],[20.5054,45.1912],[20.5076,45.1917],[20.5097,45.1924],[20.5134,45.1943],[20.5169,45.1956],[20.5189,45.1958],[20.5209,45.1957],[20.5237,45.1948],[20.5324,45.1896],[20.5366,45.1882],[20.5399,45.188],[20.5427,45.1887],[20.5451,45.1902],[20.5473,45.192],[20.5506,45.1955],[20.5517,45.1973],[20.5536,45.2041],[20.5574,45.2118],[20.5586,45.2137],[20.5603,45.2154],[20.5637,45.2171],[20.5675,45.2184],[20.5734,45.2192],[20.5755,45.2192],[20.5784,45.2189],[20.5814,45.2181],[20.5951,45.2128],[20.5987,45.2121],[20.6025,45.2117],[20.6141,45.211],[20.6177,45.2105],[20.6248,45.2085],[20.6386,45.2035],[20.6472,45.2001],[20.6531,45.1969],[20.6592,45.1923],[20.6622,45.1905],[20.6809,45.1822],[20.6835,45.182],[20.6863,45.181],[20.6886,45.1794],[20.6906,45.1773],[20.6953,45.1715],[20.7055,45.161],[20.7128,45.1553],[20.7144,45.1542],[20.7168,45.1532],[20.7187,45.1531],[20.7207,45.1533],[20.7224,45.1539],[20.726,45.1556],[20.7276,45.1568],[20.7288,45.1582],[20.7297,45.1598],[20.7325,45.1688],[20.7356,45.1746],[20.7362,45.1767],[20.7363,45.1816],[20.7369,45.1831],[20.7378,45.1844],[20.7391,45.1857],[20.7439,45.1888],[20.7466,45.1902],[20.7484,45.1909],[20.7504,45.1914],[20.7574,45.1925],[20.7593,45.1931],[20.7631,45.1947],[20.7649,45.1958],[20.7663,45.1971],[20.7703,45.2025],[20.7723,45.2041],[20.7741,45.205],[20.7822,45.207],[20.7966,45.2099],[20.8,45.2115],[20.8048,45.2148],[20.8064,45.2162],[20.8094,45.2196],[20.8123,45.2223],[20.8242,45.2308],[20.828,45.233],[20.843,45.2392],[20.83,45.2461],[20.818,45.2532],[20.8168,45.2543],[20.8162,45.2554],[20.8163,45.2567],[20.8172,45.258],[20.8193,45.2594],[20.8222,45.2604],[20.8387,45.2642],[20.8456,45.2665],[20.8482,45.2677],[20.8576,45.2723],[20.8686,45.2787],[20.8822,45.2859],[20.9034,45.2967],[20.9082,45.2988],[20.9146,45.301],[20.9181,45.3015],[20.9218,45.3017],[20.9369,45.302],[20.9406,45.3022],[20.9442,45.3027],[20.9555,45.3056],[20.9593,45.3061],[20.9672,45.3063],[20.9711,45.306],[20.9749,45.3054],[20.9831,45.3031],[20.9862,45.3029],[21.0069,45.3057],[21.0079,45.3071],[21.0137,45.3132],[21.0164,45.3207],[21.0167,45.3215]]]}},{"type":"Feature","properties":{"id":"SRB-837","name":"Kolubarski","nameBn":"কুলোবারা জেলা","type":"District","bounds":[19.4257,44.0522,20.4241,44.5648],"center":[19.9249,44.3209]},"geometry":{"type":"Polygon","coordinates":[[[19.7256,44.107],[19.7212,44.1079],[19.7183,44.1091],[19.7156,44.1107],[19.7091,44.1162],[19.7063,44.1181],[19.7044,44.119],[19.7001,44.1205],[19.6956,44.1215],[19.6895,44.1226],[19.6875,44.1227],[19.6755,44.1251],[19.6729,44.1259],[19.6711,44.1268],[19.6642,44.1317],[19.6593,44.1374],[19.6582,44.1382],[19.6563,44.1389],[19.6481,44.1405],[19.6381,44.1439],[19.636,44.1445],[19.6336,44.1449],[19.6308,44.145],[19.6269,44.1448],[19.6182,44.1437],[19.6143,44.1451],[19.6114,44.1468],[19.6094,44.1489],[19.6064,44.1534],[19.6027,44.1585],[19.5989,44.1621],[19.5953,44.1651],[19.5936,44.1662],[19.5915,44.1671],[19.5893,44.1677],[19.5844,44.1685],[19.5825,44.1691],[19.5815,44.1697],[19.5806,44.1705],[19.5798,44.1719],[19.5779,44.178],[19.5751,44.185],[19.5749,44.1865],[19.575,44.1875],[19.5758,44.1888],[19.5767,44.1893],[19.5689,44.1983],[19.5614,44.2063],[19.5591,44.2083],[19.5563,44.2098],[19.554,44.2106],[19.544,44.2137],[19.541,44.2151],[19.5336,44.2201],[19.5318,44.2211],[19.5299,44.2217],[19.5279,44.222],[19.5192,44.2213],[19.5163,44.2214],[19.5143,44.2217],[19.5095,44.2231],[19.5055,44.2248],[19.5035,44.2259],[19.4986,44.2295],[19.496,44.2311],[19.4932,44.2322],[19.4902,44.233],[19.4765,44.2352],[19.4674,44.2361],[19.4642,44.2365],[19.4574,44.2393],[19.447,44.2422],[19.4417,44.2444],[19.4295,44.2511],[19.4257,44.2541],[19.4278,44.2572],[19.4293,44.26],[19.4303,44.2628],[19.4308,44.2659],[19.4302,44.2719],[19.4304,44.2734],[19.4311,44.2748],[19.4329,44.2766],[19.4344,44.2776],[19.4439,44.2826],[19.4455,44.2838],[19.4468,44.2853],[19.4476,44.2868],[19.4484,44.289],[19.4493,44.2935],[19.4507,44.2973],[19.4518,44.2989],[19.4558,44.3028],[19.4598,44.3076],[19.4619,44.3094],[19.4646,44.3107],[19.4669,44.3115],[19.4693,44.312],[19.4789,44.3133],[19.4837,44.3147],[19.4865,44.316],[19.4888,44.3177],[19.4911,44.3202],[19.492,44.3223],[19.4922,44.3245],[19.4921,44.3268],[19.4914,44.3289],[19.4884,44.334],[19.4839,44.3396],[19.4816,44.3436],[19.4803,44.3454],[19.4786,44.3466],[19.477,44.3471],[19.4751,44.3471],[19.4647,44.3453],[19.4626,44.3453],[19.4607,44.3457],[19.4579,44.3468],[19.4563,44.3477],[19.4533,44.3501],[19.4521,44.3514],[19.4497,44.3548],[19.4491,44.3563],[19.4487,44.3584],[19.449,44.3605],[19.4497,44.3619],[19.452,44.3651],[19.454,44.3667],[19.4565,44.3679],[19.4586,44.3685],[19.4609,44.3686],[19.4699,44.3678],[19.4727,44.368],[19.4768,44.3691],[19.4787,44.37],[19.4818,44.3724],[19.4842,44.3751],[19.491,44.3847],[19.4938,44.3896],[19.4973,44.3992],[19.4984,44.4027],[19.4983,44.4098],[19.4988,44.4119],[19.4999,44.4139],[19.5028,44.4177],[19.5035,44.4195],[19.5035,44.4204],[19.5027,44.4218],[19.5012,44.4231],[19.4993,44.424],[19.4913,44.4262],[19.4892,44.427],[19.4873,44.4279],[19.4859,44.4291],[19.4849,44.4304],[19.4845,44.4317],[19.4845,44.4325],[19.4853,44.4341],[19.4866,44.4355],[19.4903,44.4375],[19.4942,44.4389],[19.4973,44.4395],[19.5036,44.4401],[19.509,44.4402],[19.5121,44.4399],[19.5183,44.4387],[19.5213,44.4386],[19.5247,44.439],[19.528,44.4399],[19.5344,44.4423],[19.5395,44.4437],[19.5487,44.4448],[19.561,44.4457],[19.574,44.4389],[19.5759,44.4376],[19.5772,44.4361],[19.5802,44.43],[19.5813,44.4286],[19.5843,44.4261],[19.588,44.4241],[19.5904,44.4233],[19.5929,44.4228],[19.5958,44.4225],[19.6018,44.4223],[19.608,44.4226],[19.6111,44.423],[19.6139,44.4238],[19.6163,44.4249],[19.6183,44.4265],[19.6288,44.4306],[19.6322,44.4318],[19.638,44.4333],[19.6499,44.4347],[19.653,44.4352],[19.6644,44.4381],[19.6675,44.4386],[19.674,44.4388],[19.6772,44.4385],[19.6803,44.4381],[19.6874,44.436],[19.7031,44.4305],[19.7131,44.4277],[19.7338,44.4208],[19.7461,44.4177],[19.7547,44.4159],[19.7571,44.4151],[19.7601,44.4137],[19.7626,44.412],[19.7654,44.4094],[19.7728,44.4016],[19.774,44.3996],[19.7742,44.3975],[19.7735,44.3928],[19.7736,44.3914],[19.7741,44.3902],[19.776,44.3889],[19.78,44.3881],[19.7874,44.3877],[19.8231,44.3876],[19.8269,44.3877],[19.8328,44.3882],[19.8348,44.3887],[19.8371,44.39],[19.8381,44.3912],[19.84,44.3949],[19.8416,44.3971],[19.8464,44.4024],[19.8498,44.4056],[19.8399,44.4154],[19.8311,44.4229],[19.8286,44.4253],[19.8272,44.4277],[19.8272,44.4296],[19.8284,44.4315],[19.8302,44.4333],[19.8326,44.4349],[19.8354,44.4363],[19.8399,44.4376],[19.842,44.4379],[19.845,44.4379],[19.85,44.437],[19.8551,44.4355],[19.8575,44.4351],[19.8593,44.4353],[19.8609,44.4359],[19.8622,44.4369],[19.8631,44.4383],[19.8638,44.4406],[19.8641,44.4432],[19.8641,44.4486],[19.8637,44.454],[19.8632,44.4566],[19.8616,44.4606],[19.8566,44.469],[19.856,44.4716],[19.8563,44.473],[19.8572,44.4743],[19.8586,44.4755],[19.8655,44.4796],[19.8673,44.4807],[19.8689,44.4822],[19.8699,44.4839],[19.8702,44.4848],[19.8702,44.4883],[19.8697,44.4905],[19.8689,44.4926],[19.868,44.4939],[19.8629,44.4986],[19.8609,44.5009],[19.8579,44.5058],[19.8573,44.5079],[19.8575,44.5134],[19.8573,44.5154],[19.8566,44.5175],[19.855,44.5197],[19.853,44.5217],[19.8499,44.524],[19.8526,44.531],[19.8549,44.5352],[19.8568,44.5374],[19.859,44.5395],[19.8635,44.543],[19.8657,44.5444],[19.8677,44.5451],[19.8747,44.5468],[19.8768,44.5475],[19.8812,44.55],[19.8899,44.5556],[19.8926,44.5571],[19.8955,44.5584],[19.8977,44.5591],[19.9001,44.5595],[19.9031,44.5596],[19.9062,44.5592],[19.9102,44.558],[19.9147,44.5561],[19.9217,44.5522],[19.9243,44.551],[19.9269,44.5506],[19.9285,44.5508],[19.9355,44.5538],[19.9481,44.5569],[19.9511,44.558],[19.9609,44.5624],[19.9641,44.5647],[19.9643,44.5647],[19.9649,44.5648],[19.966,44.5648],[19.9711,44.5648],[19.9711,44.5609],[19.9711,44.5603],[19.971,44.56],[19.9708,44.5598],[19.9702,44.5593],[19.9678,44.5575],[19.9674,44.5547],[19.9662,44.549],[19.9662,44.5466],[19.9674,44.5435],[19.9696,44.5398],[19.9723,44.5364],[19.9741,44.5347],[19.9761,44.5331],[19.9817,44.5297],[19.9837,44.5279],[19.986,44.5252],[19.9882,44.5234],[19.99,44.5223],[19.9939,44.5206],[19.9959,44.52],[19.9997,44.5193],[20.0078,44.5185],[20.0117,44.5179],[20.0141,44.5173],[20.0163,44.5165],[20.022,44.5137],[20.0241,44.5129],[20.0351,44.51],[20.0407,44.5079],[20.0434,44.5072],[20.0447,44.5072],[20.0475,44.5075],[20.0531,44.5089],[20.0569,44.5102],[20.0593,44.5118],[20.0606,44.513],[20.065,44.5191],[20.0671,44.521],[20.0703,44.5231],[20.0741,44.5247],[20.0778,44.5256],[20.0818,44.5259],[20.0899,44.5263],[20.0951,44.526],[20.0994,44.5248],[20.1014,44.524],[20.104,44.5224],[20.1058,44.5204],[20.1089,44.5142],[20.1098,44.5128],[20.1155,44.5071],[20.1215,44.499],[20.1233,44.4971],[20.1254,44.4957],[20.1278,44.4952],[20.1302,44.4956],[20.1444,44.5017],[20.148,44.5035],[20.1516,44.5058],[20.154,44.5087],[20.1563,44.5128],[20.1583,44.5156],[20.1611,44.5186],[20.1655,44.5224],[20.1679,44.5253],[20.1694,44.5281],[20.1704,44.5349],[20.1727,44.5384],[20.1753,44.5413],[20.1766,44.5423],[20.179,44.5431],[20.1807,44.5432],[20.1824,44.5429],[20.1847,44.5418],[20.1861,44.5407],[20.1873,44.5396],[20.1894,44.5363],[20.19,44.5349],[20.1903,44.5328],[20.1902,44.5279],[20.1917,44.5216],[20.1925,44.5196],[20.1942,44.5172],[20.1984,44.5127],[20.1998,44.5103],[20.2001,44.5083],[20.1999,44.5069],[20.1964,44.4958],[20.1968,44.4936],[20.1978,44.4922],[20.1991,44.4909],[20.2009,44.4897],[20.208,44.4863],[20.2113,44.4842],[20.2142,44.4819],[20.2176,44.4787],[20.2214,44.4684],[20.2237,44.4588],[20.2263,44.4515],[20.2264,44.4494],[20.2261,44.448],[20.2254,44.4459],[20.2212,44.4382],[20.2202,44.4342],[20.2205,44.4319],[20.2215,44.43],[20.2249,44.4256],[20.226,44.4233],[20.2268,44.4183],[20.2268,44.4129],[20.2265,44.4103],[20.2258,44.4077],[20.2217,44.3997],[20.2193,44.3932],[20.2167,44.3882],[20.2153,44.3863],[20.2135,44.3844],[20.2111,44.3828],[20.2037,44.3788],[20.2006,44.3766],[20.1997,44.3753],[20.1993,44.374],[20.2,44.3691],[20.1992,44.3674],[20.1974,44.3659],[20.1941,44.3638],[20.1922,44.3621],[20.1915,44.3608],[20.191,44.3593],[20.191,44.3572],[20.1915,44.3551],[20.1923,44.3536],[20.1935,44.3521],[20.1988,44.348],[20.2006,44.3463],[20.2019,44.3446],[20.2026,44.3426],[20.2027,44.3404],[20.2021,44.3384],[20.2005,44.3363],[20.1936,44.3302],[20.1915,44.328],[20.1899,44.3261],[20.1881,44.3233],[20.187,44.3199],[20.1871,44.3179],[20.188,44.3158],[20.1923,44.3081],[20.199,44.3005],[20.2057,44.2919],[20.2103,44.2867],[20.2129,44.2844],[20.2163,44.2819],[20.2204,44.2799],[20.2267,44.2762],[20.2407,44.2667],[20.2463,44.2633],[20.2488,44.2615],[20.2513,44.2584],[20.2568,44.2493],[20.2592,44.2467],[20.2616,44.2448],[20.2645,44.2434],[20.2692,44.242],[20.2753,44.2409],[20.2791,44.2405],[20.2809,44.2406],[20.2824,44.2411],[20.2839,44.2425],[20.2847,44.2444],[20.2849,44.2464],[20.2844,44.2514],[20.2848,44.2533],[20.2862,44.2549],[20.2883,44.2562],[20.2901,44.2566],[20.2921,44.2567],[20.294,44.2564],[20.2979,44.2551],[20.3053,44.2513],[20.3073,44.2507],[20.3094,44.2505],[20.3133,44.251],[20.318,44.2523],[20.3242,44.255],[20.3267,44.2566],[20.3288,44.2585],[20.3316,44.2618],[20.3331,44.2632],[20.3416,44.2687],[20.3431,44.2699],[20.3442,44.2712],[20.3449,44.2727],[20.3465,44.2776],[20.3493,44.2824],[20.3506,44.2844],[20.3529,44.287],[20.3561,44.2894],[20.3581,44.2902],[20.3602,44.2907],[20.3632,44.2908],[20.3709,44.2903],[20.3744,44.2904],[20.3779,44.2908],[20.3844,44.2925],[20.3891,44.2943],[20.4005,44.2928],[20.4025,44.2924],[20.4062,44.2912],[20.409,44.2899],[20.4114,44.2884],[20.4134,44.2867],[20.4146,44.2854],[20.4154,44.2841],[20.4157,44.2821],[20.4147,44.2769],[20.4145,44.2747],[20.4148,44.27],[20.4154,44.2678],[20.4161,44.2663],[20.4203,44.2598],[20.4232,44.2544],[20.4238,44.2524],[20.4241,44.248],[20.4231,44.2418],[20.4177,44.2365],[20.4106,44.2288],[20.4089,44.2269],[20.4053,44.2219],[20.4025,44.2168],[20.4003,44.208],[20.3992,44.2061],[20.3975,44.2046],[20.3958,44.2039],[20.3938,44.2035],[20.3848,44.2025],[20.3828,44.2021],[20.381,44.2014],[20.3791,44.2],[20.3778,44.1981],[20.376,44.1947],[20.3751,44.1911],[20.375,44.1888],[20.376,44.1837],[20.3758,44.1816],[20.3747,44.1789],[20.3734,44.177],[20.3722,44.1759],[20.3709,44.1749],[20.3685,44.1737],[20.3665,44.1733],[20.3645,44.1732],[20.3574,44.1738],[20.3542,44.1737],[20.3512,44.1733],[20.3486,44.1725],[20.346,44.1714],[20.3396,44.1682],[20.3376,44.1665],[20.3363,44.1647],[20.3359,44.1628],[20.3371,44.158],[20.3373,44.1551],[20.3368,44.1537],[20.3351,44.152],[20.3306,44.1486],[20.328,44.1472],[20.3161,44.144],[20.3082,44.1407],[20.3008,44.138],[20.2984,44.1368],[20.2962,44.1354],[20.293,44.1326],[20.292,44.1312],[20.291,44.1291],[20.2895,44.1249],[20.2885,44.1229],[20.2868,44.1214],[20.2851,44.1207],[20.2831,44.1203],[20.2797,44.1199],[20.2609,44.1198],[20.2572,44.1197],[20.2536,44.1192],[20.2489,44.118],[20.2396,44.1143],[20.2363,44.1133],[20.2292,44.1116],[20.2262,44.1115],[20.2233,44.1117],[20.2124,44.1139],[20.2096,44.114],[20.2076,44.1137],[20.1986,44.1118],[20.1956,44.1115],[20.1925,44.1115],[20.1821,44.1125],[20.1789,44.1123],[20.1765,44.1119],[20.1743,44.1113],[20.1714,44.1099],[20.1674,44.1071],[20.1625,44.1019],[20.1604,44.1005],[20.1583,44.0998],[20.1561,44.0995],[20.1518,44.0995],[20.1505,44.0998],[20.1291,44.0967],[20.127,44.0962],[20.1252,44.0954],[20.1236,44.0938],[20.1227,44.0918],[20.1226,44.0897],[20.123,44.0874],[20.1275,44.0774],[20.1277,44.0761],[20.1274,44.0749],[20.1263,44.0742],[20.1246,44.0737],[20.1228,44.0736],[20.1207,44.0738],[20.1176,44.0746],[20.1097,44.0779],[20.1073,44.0787],[20.1048,44.0793],[20.0952,44.081],[20.0832,44.0841],[20.0792,44.0847],[20.0749,44.085],[20.062,44.0853],[20.0473,44.0918],[20.0444,44.0929],[20.0387,44.0957],[20.0367,44.0965],[20.0326,44.0971],[20.0212,44.0974],[20.019,44.0977],[20.0168,44.0982],[20.0139,44.0997],[20.0124,44.1011],[20.0095,44.1042],[19.9965,44.097],[19.995,44.0961],[19.9922,44.0943],[19.9914,44.0938],[19.9898,44.0932],[19.9873,44.0923],[19.9857,44.0916],[19.985,44.0912],[19.9844,44.0907],[19.9839,44.0902],[19.983,44.089],[19.9819,44.0872],[19.9811,44.0859],[19.9803,44.0839],[19.9778,44.0756],[19.9738,44.0764],[19.9666,44.0773],[19.954,44.0784],[19.9508,44.0793],[19.949,44.0802],[19.9443,44.0832],[19.9419,44.0844],[19.9345,44.087],[19.9279,44.0901],[19.9201,44.0921],[19.9181,44.0929],[19.9164,44.094],[19.9117,44.0974],[19.9078,44.101],[19.9061,44.1029],[19.905,44.1048],[19.9039,44.1073],[19.904,44.1086],[19.9045,44.1099],[19.9061,44.1114],[19.9087,44.1134],[19.91,44.1151],[19.9105,44.1169],[19.9104,44.1187],[19.9095,44.1203],[19.9082,44.1212],[19.9014,44.1247],[19.8962,44.127],[19.8938,44.1277],[19.8873,44.1288],[19.8674,44.1303],[19.8647,44.1301],[19.8627,44.1296],[19.861,44.1288],[19.8597,44.1276],[19.8588,44.1262],[19.8566,44.12],[19.8555,44.118],[19.8539,44.1165],[19.8523,44.1157],[19.8503,44.1152],[19.8448,44.114],[19.841,44.1128],[19.8389,44.1114],[19.8329,44.1064],[19.8314,44.1055],[19.8289,44.105],[19.8264,44.1053],[19.8192,44.1086],[19.8121,44.1113],[19.8084,44.1136],[19.8021,44.1187],[19.8003,44.1198],[19.7982,44.1207],[19.796,44.1213],[19.7929,44.1216],[19.7898,44.1216],[19.7867,44.1213],[19.7826,44.1202],[19.7783,44.1185],[19.7757,44.117],[19.7745,44.116],[19.7738,44.1149],[19.7736,44.1136],[19.7739,44.1124],[19.775,44.1112],[19.7765,44.11],[19.782,44.1065],[19.787,44.104],[19.7911,44.1023],[19.7939,44.1008],[19.797,44.0982],[19.7993,44.0955],[19.8064,44.0835],[19.81,44.0738],[19.8111,44.0684],[19.8112,44.0629],[19.8109,44.0602],[19.8101,44.0577],[19.8092,44.0562],[19.8079,44.0549],[19.8063,44.0539],[19.8043,44.0531],[19.8023,44.0526],[19.7994,44.0522],[19.7932,44.0523],[19.785,44.0529],[19.7812,44.0535],[19.7791,44.0542],[19.7772,44.0551],[19.7759,44.0563],[19.7743,44.0588],[19.7741,44.0602],[19.7743,44.0615],[19.7761,44.0653],[19.7761,44.0675],[19.7756,44.0694],[19.774,44.0721],[19.7708,44.0757],[19.7634,44.0813],[19.7621,44.0827],[19.7602,44.0855],[19.7583,44.0898],[19.7555,44.0932],[19.7525,44.0956],[19.7464,44.0996],[19.7413,44.1045],[19.7397,44.1056],[19.7379,44.1065],[19.7343,44.1075],[19.7256,44.107]]]}},{"type":"Feature","properties":{"id":"SRB-838","name":"Macvanski","nameBn":"ম্যাকভা জেলা","type":"District","bounds":[19.1072,44.0912,20.0101,44.9419],"center":[19.4948,44.5988]},"geometry":{"type":"Polygon","coordinates":[[[19.2637,44.2702],[19.2495,44.2707],[19.2407,44.2727],[19.22,44.2802],[19.1772,44.287],[19.157,44.2936],[19.1389,44.3093],[19.1167,44.3437],[19.1089,44.3636],[19.1072,44.3827],[19.1158,44.4036],[19.1296,44.4162],[19.1414,44.4308],[19.1434,44.4582],[19.1273,44.5026],[19.1299,44.5183],[19.1653,44.5267],[19.1731,44.5314],[19.1796,44.5383],[19.1853,44.5462],[19.1873,44.5533],[19.1863,44.5693],[19.1883,44.576],[19.1933,44.5806],[19.2041,44.5851],[19.2087,44.5884],[19.2557,44.6456],[19.2701,44.6756],[19.2776,44.6849],[19.2883,44.693],[19.3084,44.7051],[19.318,44.7155],[19.3284,44.734],[19.3637,44.8546],[19.3678,44.8593],[19.3731,44.8603],[19.3766,44.863],[19.3757,44.8731],[19.3728,44.8814],[19.3687,44.8871],[19.3628,44.8911],[19.357,44.8959],[19.359,44.9011],[19.3412,44.9097],[19.3249,44.9223],[19.3406,44.9215],[19.3716,44.9139],[19.3864,44.9154],[19.3975,44.9235],[19.3957,44.9318],[19.4061,44.9416],[19.4082,44.9419],[19.4113,44.9419],[19.4145,44.9416],[19.4193,44.9403],[19.4221,44.9392],[19.4336,44.9332],[19.439,44.9297],[19.4429,44.9263],[19.4444,44.9245],[19.4475,44.9182],[19.4515,44.9119],[19.4544,44.9056],[19.4563,44.9036],[19.4588,44.9019],[19.4609,44.9011],[19.465,44.8998],[19.4669,44.8996],[19.4691,44.8997],[19.4713,44.9002],[19.4739,44.9014],[19.4779,44.9042],[19.4826,44.9087],[19.4866,44.9117],[19.4892,44.9134],[19.4934,44.9153],[19.4963,44.9163],[19.4992,44.9169],[19.5006,44.9169],[19.5036,44.9164],[19.506,44.9153],[19.5084,44.914],[19.5176,44.9078],[19.5203,44.9062],[19.5265,44.904],[19.5317,44.9029],[19.5414,44.9019],[19.549,44.9008],[19.5521,44.9005],[19.5552,44.9006],[19.5583,44.9009],[19.5624,44.9019],[19.5721,44.9052],[19.5895,44.9115],[19.5966,44.9135],[19.6003,44.914],[19.6043,44.9142],[19.6124,44.9143],[19.6334,44.9139],[19.6414,44.9132],[19.6447,44.9127],[19.6735,44.9345],[19.6831,44.9319],[19.7002,44.9297],[19.7221,44.921],[19.749,44.9184],[19.7569,44.9154],[19.7587,44.9049],[19.7533,44.8921],[19.71,44.8302],[19.7006,44.8076],[19.705,44.7888],[19.7113,44.7801],[19.7154,44.772],[19.7203,44.7645],[19.729,44.7578],[19.7453,44.7522],[19.7966,44.7516],[19.8463,44.7335],[19.8728,44.7197],[19.8897,44.7069],[19.914,44.6954],[19.9826,44.6959],[20.0101,44.6889],[19.9896,44.6786],[19.9308,44.6593],[19.9207,44.6479],[19.9404,44.6318],[19.9734,44.6412],[19.9673,44.6098],[19.9686,44.6054],[19.9686,44.604],[19.9681,44.6027],[19.962,44.5958],[19.9612,44.5937],[19.9612,44.5928],[19.9618,44.5915],[19.9634,44.5894],[19.9683,44.5846],[19.9693,44.5832],[19.9702,44.5809],[19.971,44.5758],[19.9711,44.5648],[19.966,44.5648],[19.9649,44.5648],[19.9643,44.5647],[19.9641,44.5647],[19.9609,44.5624],[19.9511,44.558],[19.9481,44.5569],[19.9355,44.5538],[19.9285,44.5508],[19.9269,44.5506],[19.9243,44.551],[19.9217,44.5522],[19.9147,44.5561],[19.9102,44.558],[19.9062,44.5592],[19.9031,44.5596],[19.9001,44.5595],[19.8977,44.5591],[19.8955,44.5584],[19.8926,44.5571],[19.8899,44.5556],[19.8812,44.55],[19.8768,44.5475],[19.8747,44.5468],[19.8677,44.5451],[19.8657,44.5444],[19.8635,44.543],[19.859,44.5395],[19.8568,44.5374],[19.8549,44.5352],[19.8526,44.531],[19.8499,44.524],[19.853,44.5217],[19.855,44.5197],[19.8566,44.5175],[19.8573,44.5154],[19.8575,44.5134],[19.8573,44.5079],[19.8579,44.5058],[19.8609,44.5009],[19.8629,44.4986],[19.868,44.4939],[19.8689,44.4926],[19.8697,44.4905],[19.8702,44.4883],[19.8702,44.4848],[19.8699,44.4839],[19.8689,44.4822],[19.8673,44.4807],[19.8655,44.4796],[19.8586,44.4755],[19.8572,44.4743],[19.8563,44.473],[19.856,44.4716],[19.8566,44.469],[19.8616,44.4606],[19.8632,44.4566],[19.8637,44.454],[19.8641,44.4486],[19.8641,44.4432],[19.8638,44.4406],[19.8631,44.4383],[19.8622,44.4369],[19.8609,44.4359],[19.8593,44.4353],[19.8575,44.4351],[19.8551,44.4355],[19.85,44.437],[19.845,44.4379],[19.842,44.4379],[19.8399,44.4376],[19.8354,44.4363],[19.8326,44.4349],[19.8302,44.4333],[19.8284,44.4315],[19.8272,44.4296],[19.8272,44.4277],[19.8286,44.4253],[19.8311,44.4229],[19.8399,44.4154],[19.8498,44.4056],[19.8464,44.4024],[19.8416,44.3971],[19.84,44.3949],[19.8381,44.3912],[19.8371,44.39],[19.8348,44.3887],[19.8328,44.3882],[19.8269,44.3877],[19.8231,44.3876],[19.7874,44.3877],[19.78,44.3881],[19.776,44.3889],[19.7741,44.3902],[19.7736,44.3914],[19.7735,44.3928],[19.7742,44.3975],[19.774,44.3996],[19.7728,44.4016],[19.7654,44.4094],[19.7626,44.412],[19.7601,44.4137],[19.7571,44.4151],[19.7547,44.4159],[19.7461,44.4177],[19.7338,44.4208],[19.7131,44.4277],[19.7031,44.4305],[19.6874,44.436],[19.6803,44.4381],[19.6772,44.4385],[19.674,44.4388],[19.6675,44.4386],[19.6644,44.4381],[19.653,44.4352],[19.6499,44.4347],[19.638,44.4333],[19.6322,44.4318],[19.6288,44.4306],[19.6183,44.4265],[19.6163,44.4249],[19.6139,44.4238],[19.6111,44.423],[19.608,44.4226],[19.6018,44.4223],[19.5958,44.4225],[19.5929,44.4228],[19.5904,44.4233],[19.588,44.4241],[19.5843,44.4261],[19.5813,44.4286],[19.5802,44.43],[19.5772,44.4361],[19.5759,44.4376],[19.574,44.4389],[19.561,44.4457],[19.5487,44.4448],[19.5395,44.4437],[19.5344,44.4423],[19.528,44.4399],[19.5247,44.439],[19.5213,44.4386],[19.5183,44.4387],[19.5121,44.4399],[19.509,44.4402],[19.5036,44.4401],[19.4973,44.4395],[19.4942,44.4389],[19.4903,44.4375],[19.4866,44.4355],[19.4853,44.4341],[19.4845,44.4325],[19.4845,44.4317],[19.4849,44.4304],[19.4859,44.4291],[19.4873,44.4279],[19.4892,44.427],[19.4913,44.4262],[19.4993,44.424],[19.5012,44.4231],[19.5027,44.4218],[19.5035,44.4204],[19.5035,44.4195],[19.5028,44.4177],[19.4999,44.4139],[19.4988,44.4119],[19.4983,44.4098],[19.4984,44.4027],[19.4973,44.3992],[19.4938,44.3896],[19.491,44.3847],[19.4842,44.3751],[19.4818,44.3724],[19.4787,44.37],[19.4768,44.3691],[19.4727,44.368],[19.4699,44.3678],[19.4609,44.3686],[19.4586,44.3685],[19.4565,44.3679],[19.454,44.3667],[19.452,44.3651],[19.4497,44.3619],[19.449,44.3605],[19.4487,44.3584],[19.4491,44.3563],[19.4497,44.3548],[19.4521,44.3514],[19.4533,44.3501],[19.4563,44.3477],[19.4579,44.3468],[19.4607,44.3457],[19.4626,44.3453],[19.4647,44.3453],[19.4751,44.3471],[19.477,44.3471],[19.4786,44.3466],[19.4803,44.3454],[19.4816,44.3436],[19.4839,44.3396],[19.4884,44.334],[19.4914,44.3289],[19.4921,44.3268],[19.4922,44.3245],[19.492,44.3223],[19.4911,44.3202],[19.4888,44.3177],[19.4865,44.316],[19.4837,44.3147],[19.4789,44.3133],[19.4693,44.312],[19.4669,44.3115],[19.4646,44.3107],[19.4619,44.3094],[19.4598,44.3076],[19.4558,44.3028],[19.4518,44.2989],[19.4507,44.2973],[19.4493,44.2935],[19.4484,44.289],[19.4476,44.2868],[19.4468,44.2853],[19.4455,44.2838],[19.4439,44.2826],[19.4344,44.2776],[19.4329,44.2766],[19.4311,44.2748],[19.4304,44.2734],[19.4302,44.2719],[19.4308,44.2659],[19.4303,44.2628],[19.4293,44.26],[19.4278,44.2572],[19.4257,44.2541],[19.4295,44.2511],[19.4417,44.2444],[19.447,44.2422],[19.4574,44.2393],[19.4642,44.2365],[19.4674,44.2361],[19.4765,44.2352],[19.4902,44.233],[19.4932,44.2322],[19.496,44.2311],[19.4986,44.2295],[19.5035,44.2259],[19.5055,44.2248],[19.5095,44.2231],[19.5143,44.2217],[19.5163,44.2214],[19.5192,44.2213],[19.5279,44.222],[19.5299,44.2217],[19.5318,44.2211],[19.5336,44.2201],[19.541,44.2151],[19.544,44.2137],[19.554,44.2106],[19.5563,44.2098],[19.5591,44.2083],[19.5614,44.2063],[19.5689,44.1983],[19.5767,44.1893],[19.5758,44.1888],[19.575,44.1875],[19.5749,44.1865],[19.5751,44.185],[19.5779,44.178],[19.5798,44.1719],[19.5806,44.1705],[19.5815,44.1697],[19.5825,44.1691],[19.5844,44.1685],[19.5893,44.1677],[19.5915,44.1671],[19.5936,44.1662],[19.5953,44.1651],[19.5989,44.1621],[19.6027,44.1585],[19.6064,44.1534],[19.6094,44.1489],[19.6114,44.1468],[19.6143,44.1451],[19.6182,44.1437],[19.6188,44.1404],[19.6186,44.1378],[19.6176,44.1354],[19.6127,44.1292],[19.6093,44.1233],[19.6074,44.1214],[19.605,44.1199],[19.6029,44.1191],[19.5987,44.1181],[19.5958,44.118],[19.5908,44.1188],[19.5866,44.1199],[19.5786,44.1214],[19.5766,44.1217],[19.5738,44.1216],[19.5712,44.121],[19.5613,44.1177],[19.5593,44.1171],[19.5502,44.1154],[19.548,44.1147],[19.546,44.1138],[19.5429,44.1113],[19.5405,44.1087],[19.5322,44.0973],[19.5295,44.095],[19.5271,44.0935],[19.5229,44.0924],[19.5162,44.0912],[19.4982,44.1102],[19.4827,44.1207],[19.4764,44.127],[19.4742,44.1449],[19.4657,44.1528],[19.4597,44.1527],[19.4485,44.1444],[19.4426,44.1432],[19.4355,44.1461],[19.4249,44.1538],[19.3812,44.1771],[19.3624,44.1912],[19.3561,44.204],[19.354,44.2243],[19.3416,44.2458],[19.3243,44.264],[19.3074,44.2742],[19.2959,44.2758],[19.2637,44.2702]]]}},{"type":"Feature","properties":{"id":"SRB-829","name":"Moravicki","nameBn":"মোরাভিকাজেলা","type":"District","bounds":[19.8936,43.2598,20.6369,44.2418],"center":[20.2653,43.7127]},"geometry":{"type":"Polygon","coordinates":[[[20.6208,43.8592],[20.5966,43.8469],[20.5938,43.8452],[20.5854,43.8378],[20.5811,43.8348],[20.5755,43.8316],[20.5735,43.8299],[20.5711,43.8273],[20.5691,43.8255],[20.5605,43.8207],[20.5591,43.8198],[20.5578,43.8181],[20.5574,43.8162],[20.5578,43.8143],[20.5591,43.8123],[20.5625,43.8084],[20.5639,43.8063],[20.5645,43.8043],[20.5644,43.8023],[20.5638,43.8008],[20.5627,43.7993],[20.5613,43.7981],[20.5462,43.7878],[20.5419,43.7861],[20.5364,43.7845],[20.5331,43.7828],[20.5311,43.7812],[20.5303,43.78],[20.5288,43.776],[20.528,43.7747],[20.5239,43.7707],[20.5233,43.7699],[20.5228,43.7677],[20.5236,43.7644],[20.5284,43.7569],[20.5301,43.7535],[20.5306,43.7521],[20.5304,43.7502],[20.5294,43.7484],[20.5259,43.7452],[20.5234,43.7435],[20.5186,43.7411],[20.5144,43.7394],[20.5095,43.738],[20.5055,43.7372],[20.5027,43.7372],[20.494,43.7389],[20.492,43.7391],[20.4892,43.739],[20.4874,43.7387],[20.4834,43.7373],[20.476,43.7336],[20.4739,43.7327],[20.4685,43.7316],[20.459,43.7304],[20.452,43.7285],[20.4498,43.7276],[20.4478,43.7266],[20.4462,43.7253],[20.4435,43.7224],[20.4425,43.7208],[20.4386,43.7122],[20.4367,43.7094],[20.4544,43.7025],[20.4569,43.7012],[20.4588,43.6996],[20.4602,43.6979],[20.4609,43.6958],[20.4608,43.6937],[20.4596,43.688],[20.4594,43.6825],[20.4596,43.6798],[20.461,43.6756],[20.4659,43.6657],[20.4663,43.6636],[20.4661,43.6599],[20.4651,43.6555],[20.4616,43.6484],[20.4601,43.6468],[20.4582,43.6456],[20.4554,43.6445],[20.4519,43.6442],[20.4482,43.6446],[20.4462,43.6452],[20.4432,43.6466],[20.4415,43.6476],[20.4369,43.6515],[20.4345,43.653],[20.432,43.6539],[20.4302,43.654],[20.4286,43.6537],[20.4264,43.6525],[20.4221,43.6484],[20.4204,43.6474],[20.4172,43.646],[20.4135,43.6449],[20.4098,43.6447],[20.4063,43.645],[20.3979,43.6474],[20.3951,43.6477],[20.3922,43.6475],[20.3901,43.6471],[20.388,43.6464],[20.3854,43.6448],[20.3813,43.642],[20.3772,43.6397],[20.3665,43.6356],[20.3605,43.6329],[20.3584,43.6314],[20.3574,43.6296],[20.3573,43.6288],[20.3578,43.6276],[20.3635,43.6191],[20.3663,43.6158],[20.3681,43.614],[20.3711,43.6119],[20.3728,43.6101],[20.3734,43.6084],[20.3733,43.6066],[20.3724,43.605],[20.3706,43.6035],[20.3692,43.6029],[20.368,43.5998],[20.3666,43.5943],[20.3664,43.5912],[20.3665,43.5883],[20.3677,43.5824],[20.3678,43.5802],[20.3673,43.5781],[20.3661,43.5763],[20.3573,43.5654],[20.3542,43.5592],[20.3527,43.5574],[20.3489,43.5541],[20.3436,43.551],[20.3249,43.543],[20.3153,43.5395],[20.3095,43.5371],[20.3077,43.5362],[20.3059,43.5348],[20.3053,43.5332],[20.3058,43.5322],[20.3074,43.5307],[20.3128,43.5266],[20.3169,43.5217],[20.3188,43.52],[20.3266,43.5152],[20.3378,43.5073],[20.3403,43.5057],[20.3431,43.5046],[20.3481,43.5034],[20.35,43.5028],[20.3523,43.5014],[20.3536,43.5003],[20.3548,43.4992],[20.3575,43.4954],[20.36,43.4928],[20.3623,43.4909],[20.3703,43.4859],[20.3835,43.474],[20.3856,43.4709],[20.3875,43.4668],[20.3887,43.4648],[20.3904,43.4629],[20.3927,43.4612],[20.3986,43.4574],[20.4004,43.4558],[20.4019,43.454],[20.403,43.4515],[20.4034,43.4487],[20.4033,43.4459],[20.4027,43.4432],[20.4009,43.4373],[20.3997,43.4318],[20.3987,43.4291],[20.3957,43.4247],[20.3948,43.4226],[20.3947,43.4217],[20.3951,43.42],[20.3966,43.4166],[20.3973,43.4124],[20.398,43.4102],[20.4,43.4078],[20.404,43.4043],[20.4054,43.4022],[20.4057,43.4002],[20.4053,43.3983],[20.4039,43.3962],[20.3979,43.3901],[20.3966,43.388],[20.3964,43.3861],[20.3978,43.3834],[20.3994,43.3815],[20.4016,43.38],[20.4037,43.3792],[20.4109,43.3774],[20.4121,43.377],[20.4124,43.3767],[20.4124,43.3754],[20.4115,43.3729],[20.409,43.3669],[20.4089,43.3633],[20.4096,43.3611],[20.4106,43.3596],[20.414,43.3563],[20.4188,43.353],[20.4207,43.3513],[20.4214,43.3501],[20.4214,43.3488],[20.421,43.3478],[20.42,43.3468],[20.4174,43.345],[20.4147,43.3421],[20.414,43.3409],[20.4136,43.3391],[20.4137,43.3354],[20.4127,43.3335],[20.4116,43.3325],[20.4093,43.3313],[20.4076,43.3307],[20.4058,43.3303],[20.3972,43.3304],[20.3951,43.3302],[20.3925,43.3294],[20.3902,43.3284],[20.388,43.3271],[20.3841,43.324],[20.3827,43.3222],[20.3787,43.3148],[20.3734,43.3093],[20.369,43.3029],[20.3662,43.3003],[20.3612,43.2966],[20.3594,43.2957],[20.3503,43.2924],[20.345,43.2894],[20.3385,43.2864],[20.337,43.2855],[20.3358,43.2844],[20.3345,43.2824],[20.3336,43.2754],[20.3283,43.2607],[20.3262,43.26],[20.3233,43.2598],[20.3211,43.26],[20.3189,43.2605],[20.3163,43.2619],[20.3132,43.2639],[20.3106,43.2651],[20.3025,43.2674],[20.3004,43.2684],[20.2979,43.2701],[20.2932,43.2737],[20.2871,43.2769],[20.2851,43.2788],[20.2817,43.2841],[20.2778,43.289],[20.2674,43.2985],[20.2669,43.3023],[20.266,43.3046],[20.2644,43.3067],[20.2591,43.3107],[20.2564,43.3132],[20.2541,43.3148],[20.2522,43.3155],[20.2447,43.3175],[20.2419,43.3179],[20.2407,43.3178],[20.238,43.3172],[20.2325,43.3151],[20.2289,43.3143],[20.2173,43.3128],[20.2061,43.31],[20.2023,43.3094],[20.1982,43.3092],[20.1816,43.309],[20.1776,43.3087],[20.1738,43.308],[20.166,43.3052],[20.1591,43.3031],[20.1554,43.3026],[20.1437,43.3019],[20.1377,43.3012],[20.1355,43.3006],[20.128,43.2973],[20.1256,43.2965],[20.1236,43.2963],[20.1216,43.2965],[20.119,43.2974],[20.1173,43.2984],[20.1096,43.3046],[20.1069,43.3061],[20.1004,43.309],[20.096,43.3119],[20.0933,43.3144],[20.0919,43.3163],[20.0905,43.3191],[20.0903,43.321],[20.0905,43.3224],[20.0912,43.3237],[20.093,43.3253],[20.0957,43.3272],[20.097,43.3289],[20.0977,43.3308],[20.0978,43.3329],[20.0972,43.3348],[20.0958,43.3368],[20.0873,43.3444],[20.0857,43.3463],[20.0835,43.3515],[20.0787,43.3574],[20.0775,43.3593],[20.077,43.3612],[20.0768,43.3639],[20.0763,43.3658],[20.075,43.3677],[20.0651,43.3774],[20.0573,43.3835],[20.0549,43.3856],[20.0531,43.3879],[20.052,43.39],[20.0496,43.3964],[20.0482,43.3983],[20.0433,43.4035],[20.0357,43.4105],[20.0283,43.4194],[20.029,43.4197],[20.0293,43.4205],[20.0282,43.4218],[20.0239,43.4253],[20.0221,43.4273],[20.0183,43.4323],[20.0118,43.4424],[20.0111,43.445],[20.0108,43.4478],[20.011,43.4506],[20.0132,43.4582],[20.0131,43.4604],[20.0121,43.4625],[20.0111,43.4637],[20.007,43.4668],[20.0056,43.4686],[20.0047,43.4706],[20.0029,43.4789],[20.0018,43.4816],[19.9995,43.484],[19.9972,43.4856],[19.9953,43.4863],[19.986,43.4884],[19.9784,43.4891],[19.9669,43.4894],[19.9635,43.4898],[19.9614,43.4902],[19.9597,43.4909],[19.958,43.4924],[19.9568,43.4943],[19.9552,43.4984],[19.9541,43.5003],[19.9525,43.5019],[19.951,43.5028],[19.942,43.5064],[19.9386,43.5073],[19.9347,43.5079],[19.9265,43.5085],[19.9225,43.509],[19.9177,43.5103],[19.9148,43.5116],[19.9095,43.5148],[19.905,43.5185],[19.9032,43.5205],[19.8997,43.5266],[19.8946,43.5328],[19.8937,43.5348],[19.8936,43.5366],[19.8947,43.5386],[19.8967,43.5403],[19.8991,43.5419],[19.9066,43.5451],[19.9084,43.5461],[19.9098,43.5473],[19.9108,43.5487],[19.9113,43.5499],[19.9113,43.5522],[19.9107,43.5541],[19.9074,43.5598],[19.9068,43.5614],[19.9063,43.5637],[19.9065,43.5668],[19.907,43.5697],[19.9088,43.5758],[19.9252,43.5685],[19.9391,43.5605],[19.9458,43.5558],[19.9496,43.5542],[19.9536,43.5534],[19.9567,43.5538],[19.9661,43.5566],[19.9736,43.5585],[19.9753,43.5593],[19.977,43.5608],[19.9809,43.5674],[19.9966,43.5803],[19.9984,43.5815],[20.0004,43.5825],[20.0077,43.5848],[20.0128,43.5871],[20.0184,43.5905],[20.0328,43.6007],[20.0384,43.6041],[20.0412,43.6052],[20.0434,43.6058],[20.0457,43.606],[20.0485,43.6058],[20.0511,43.6051],[20.0563,43.6032],[20.061,43.6018],[20.063,43.6014],[20.0659,43.6013],[20.07,43.6019],[20.0752,43.6032],[20.0774,43.6041],[20.0801,43.6055],[20.0825,43.6071],[20.0844,43.6089],[20.0857,43.6108],[20.086,43.6127],[20.0849,43.6169],[20.0848,43.619],[20.0857,43.625],[20.0858,43.6379],[20.0834,43.6403],[20.0828,43.6411],[20.0825,43.6415],[20.0823,43.6423],[20.0823,43.6433],[20.0823,43.6441],[20.0824,43.6445],[20.0827,43.6448],[20.0831,43.645],[20.0843,43.6451],[20.0874,43.645],[20.0885,43.645],[20.089,43.6449],[20.0892,43.6448],[20.0924,43.6426],[20.0975,43.6417],[20.1005,43.6418],[20.1075,43.6437],[20.1104,43.6438],[20.1241,43.6421],[20.1294,43.6411],[20.1323,43.6404],[20.1353,43.6392],[20.1452,43.6345],[20.1508,43.6325],[20.1537,43.6319],[20.1559,43.6319],[20.158,43.6324],[20.1607,43.6336],[20.163,43.6352],[20.1644,43.6366],[20.1656,43.638],[20.1667,43.6403],[20.1685,43.6458],[20.1697,43.648],[20.171,43.65],[20.173,43.6523],[20.1738,43.6535],[20.1749,43.6561],[20.175,43.6579],[20.1748,43.6596],[20.1741,43.6614],[20.173,43.663],[20.1694,43.6656],[20.1587,43.6715],[20.1564,43.6733],[20.1546,43.675],[20.1536,43.6769],[20.1535,43.6778],[20.1542,43.6798],[20.1552,43.681],[20.1593,43.6847],[20.1605,43.6862],[20.1615,43.6877],[20.1643,43.694],[20.1681,43.6995],[20.1689,43.7015],[20.1693,43.7043],[20.169,43.7057],[20.1667,43.7096],[20.1662,43.711],[20.1657,43.7179],[20.1654,43.7193],[20.1647,43.7206],[20.1628,43.7219],[20.1494,43.7261],[20.1434,43.7286],[20.1359,43.7328],[20.1291,43.7358],[20.127,43.737],[20.1253,43.7385],[20.1241,43.74],[20.1236,43.7418],[20.1238,43.7465],[20.1218,43.751],[20.1214,43.753],[20.1217,43.7567],[20.1227,43.7621],[20.1226,43.7645],[20.1219,43.7669],[20.1192,43.7737],[20.1191,43.7747],[20.1196,43.7768],[20.1208,43.7792],[20.122,43.7807],[20.1242,43.7828],[20.1276,43.7849],[20.1296,43.7867],[20.1302,43.7881],[20.1305,43.7895],[20.1301,43.7916],[20.1286,43.7943],[20.1259,43.7975],[20.122,43.8003],[20.1154,43.8035],[20.1134,43.8049],[20.1065,43.8122],[20.1052,43.814],[20.1049,43.8149],[20.1053,43.8181],[20.1063,43.8209],[20.1067,43.8231],[20.1068,43.8252],[20.1063,43.8273],[20.1054,43.8292],[20.1038,43.8308],[20.1022,43.8316],[20.0954,43.8338],[20.0935,43.8348],[20.0904,43.8373],[20.0884,43.84],[20.0877,43.8421],[20.0876,43.8442],[20.0879,43.8464],[20.0899,43.8515],[20.0919,43.8552],[20.0932,43.8567],[20.1004,43.8619],[20.1022,43.8639],[20.1048,43.8679],[20.1059,43.8692],[20.1096,43.8721],[20.1123,43.8732],[20.1145,43.8737],[20.1168,43.8739],[20.1282,43.8732],[20.136,43.8734],[20.1437,43.8745],[20.1556,43.877],[20.1393,43.8825],[20.1283,43.8855],[20.1163,43.8905],[20.1105,43.8945],[20.1012,43.8999],[20.0995,43.901],[20.0891,43.9117],[20.0877,43.9138],[20.0871,43.9158],[20.0871,43.9178],[20.0874,43.9192],[20.0883,43.9205],[20.0903,43.922],[20.0967,43.9251],[20.0984,43.9263],[20.1016,43.9293],[20.1031,43.931],[20.1041,43.9328],[20.1042,43.9349],[20.103,43.9375],[20.0995,43.9432],[20.0962,43.9499],[20.0917,43.9501],[20.0872,43.9511],[20.0708,43.9587],[20.068,43.9603],[20.0659,43.962],[20.0645,43.9639],[20.0643,43.9658],[20.0646,43.9673],[20.0654,43.9687],[20.0685,43.9723],[20.069,43.9735],[20.069,43.9748],[20.0678,43.9762],[20.0664,43.9769],[20.0583,43.9789],[20.0564,43.9801],[20.0558,43.9812],[20.0557,43.9824],[20.056,43.9836],[20.0594,43.9917],[20.0604,43.9933],[20.0617,43.9947],[20.0689,44.0001],[20.071,44.0019],[20.0739,44.0057],[20.0747,44.0077],[20.0746,44.0096],[20.0734,44.0115],[20.0716,44.0134],[20.0692,44.0152],[20.0606,44.02],[20.0582,44.0217],[20.0565,44.0235],[20.0556,44.0254],[20.0553,44.0267],[20.0553,44.0276],[20.0563,44.0297],[20.0573,44.0309],[20.0614,44.0344],[20.0625,44.0358],[20.063,44.0374],[20.0624,44.0399],[20.0596,44.0449],[20.0591,44.047],[20.059,44.0492],[20.0595,44.0513],[20.0624,44.0561],[20.0691,44.0629],[20.0707,44.0653],[20.0711,44.0674],[20.0701,44.0711],[20.0637,44.0818],[20.062,44.0853],[20.0749,44.085],[20.0792,44.0847],[20.0832,44.0841],[20.0952,44.081],[20.1048,44.0793],[20.1073,44.0787],[20.1097,44.0779],[20.1176,44.0746],[20.1207,44.0738],[20.1228,44.0736],[20.1246,44.0737],[20.1263,44.0742],[20.1274,44.0749],[20.1277,44.0761],[20.1275,44.0774],[20.123,44.0874],[20.1226,44.0897],[20.1227,44.0918],[20.1236,44.0938],[20.1252,44.0954],[20.127,44.0962],[20.1291,44.0967],[20.1505,44.0998],[20.1518,44.0995],[20.1561,44.0995],[20.1583,44.0998],[20.1604,44.1005],[20.1625,44.1019],[20.1674,44.1071],[20.1714,44.1099],[20.1743,44.1113],[20.1765,44.1119],[20.1789,44.1123],[20.1821,44.1125],[20.1925,44.1115],[20.1956,44.1115],[20.1986,44.1118],[20.2076,44.1137],[20.2096,44.114],[20.2124,44.1139],[20.2233,44.1117],[20.2262,44.1115],[20.2292,44.1116],[20.2363,44.1133],[20.2396,44.1143],[20.2489,44.118],[20.2536,44.1192],[20.2572,44.1197],[20.2609,44.1198],[20.2797,44.1199],[20.2831,44.1203],[20.2851,44.1207],[20.2868,44.1214],[20.2885,44.1229],[20.2895,44.1249],[20.291,44.1291],[20.292,44.1312],[20.293,44.1326],[20.2962,44.1354],[20.2984,44.1368],[20.3008,44.138],[20.3082,44.1407],[20.3161,44.144],[20.328,44.1472],[20.3306,44.1486],[20.3351,44.152],[20.3368,44.1537],[20.3373,44.1551],[20.3371,44.158],[20.3359,44.1628],[20.3363,44.1647],[20.3376,44.1665],[20.3396,44.1682],[20.346,44.1714],[20.3486,44.1725],[20.3512,44.1733],[20.3542,44.1737],[20.3574,44.1738],[20.3645,44.1732],[20.3665,44.1733],[20.3685,44.1737],[20.3709,44.1749],[20.3722,44.1759],[20.3734,44.177],[20.3747,44.1789],[20.3758,44.1816],[20.376,44.1837],[20.375,44.1888],[20.3751,44.1911],[20.376,44.1947],[20.3778,44.1981],[20.3791,44.2],[20.381,44.2014],[20.3828,44.2021],[20.3848,44.2025],[20.3938,44.2035],[20.3958,44.2039],[20.3975,44.2046],[20.3992,44.2061],[20.4003,44.208],[20.4025,44.2168],[20.4053,44.2219],[20.4089,44.2269],[20.4106,44.2288],[20.4177,44.2365],[20.4231,44.2418],[20.4271,44.2372],[20.4346,44.2302],[20.4356,44.2286],[20.4362,44.2269],[20.4362,44.2248],[20.4357,44.2233],[20.4325,44.2161],[20.4322,44.2137],[20.4342,44.2074],[20.4359,44.2007],[20.4387,44.1932],[20.4404,44.1896],[20.4426,44.186],[20.4462,44.181],[20.4479,44.1791],[20.4502,44.1776],[20.4531,44.1767],[20.4568,44.1762],[20.4619,44.1761],[20.4623,44.1749],[20.4625,44.1726],[20.4622,44.1698],[20.4599,44.1621],[20.4597,44.1599],[20.4603,44.1578],[20.4619,44.1558],[20.4645,44.1544],[20.4667,44.1536],[20.4692,44.1531],[20.4724,44.1528],[20.4823,44.1521],[20.4855,44.1517],[20.4884,44.1511],[20.491,44.15],[20.4966,44.1456],[20.4991,44.144],[20.506,44.141],[20.5119,44.1378],[20.5134,44.1367],[20.5149,44.135],[20.5159,44.1329],[20.5178,44.1242],[20.5186,44.1225],[20.5203,44.1202],[20.5288,44.1135],[20.5323,44.1104],[20.5349,44.1052],[20.5383,44.0999],[20.5393,44.0971],[20.5399,44.0914],[20.5391,44.0814],[20.5393,44.0805],[20.5402,44.0789],[20.5416,44.0775],[20.544,44.0759],[20.5476,44.0743],[20.5534,44.0726],[20.5578,44.0711],[20.5653,44.0669],[20.5713,44.0643],[20.5781,44.0619],[20.5902,44.0579],[20.5954,44.0556],[20.5981,44.0541],[20.6042,44.0502],[20.6063,44.0484],[20.608,44.0466],[20.6104,44.0424],[20.6119,44.0406],[20.6143,44.0389],[20.621,44.0349],[20.6235,44.033],[20.6369,44.0202],[20.633,44.018],[20.6279,44.0144],[20.6243,44.0108],[20.6217,44.0068],[20.6202,44.0054],[20.6186,44.0048],[20.6168,44.0046],[20.6151,44.0049],[20.6133,44.0055],[20.6105,44.0067],[20.6077,44.0083],[20.6026,44.0114],[20.6009,44.012],[20.599,44.0123],[20.5973,44.0122],[20.595,44.0113],[20.5939,44.0101],[20.5932,44.0088],[20.5927,44.0043],[20.5922,44.0028],[20.5912,44.0015],[20.588,43.9993],[20.5803,43.9953],[20.5752,43.992],[20.5724,43.9896],[20.5688,43.9849],[20.5663,43.9801],[20.566,43.9779],[20.5662,43.9758],[20.5669,43.9729],[20.5669,43.9708],[20.5665,43.9688],[20.565,43.9668],[20.5627,43.9651],[20.554,43.9605],[20.5449,43.9545],[20.5415,43.9527],[20.5377,43.9511],[20.5262,43.9469],[20.5281,43.9448],[20.5315,43.942],[20.5361,43.9392],[20.5402,43.9373],[20.5424,43.9356],[20.5434,43.9342],[20.5444,43.9304],[20.5448,43.9198],[20.5451,43.9188],[20.5461,43.9171],[20.5477,43.9156],[20.5531,43.9124],[20.5608,43.9086],[20.5655,43.9072],[20.5717,43.906],[20.5765,43.9046],[20.5792,43.9032],[20.5833,43.9004],[20.588,43.8955],[20.5911,43.8919],[20.5943,43.8864],[20.5967,43.8829],[20.6012,43.8773],[20.6041,43.8721],[20.6061,43.8699],[20.6139,43.8644],[20.6208,43.8592]]]}},{"type":"Feature","properties":{"id":"SRB-830","name":"Nišavski","nameBn":"নিসাবা জেলা","type":"District","bounds":[21.4659,43.0547,22.3515,43.8029],"center":[21.9087,43.3388]},"geometry":{"type":"Polygon","coordinates":[[[21.4933,43.3474],[21.4901,43.3474],[21.4873,43.3483],[21.4851,43.3499],[21.4794,43.3566],[21.4694,43.3678],[21.4739,43.3693],[21.4816,43.3714],[21.4925,43.3735],[21.4949,43.3741],[21.4971,43.3749],[21.5027,43.3778],[21.5048,43.3786],[21.5116,43.3807],[21.5132,43.3815],[21.5148,43.3831],[21.5159,43.385],[21.5175,43.3891],[21.5186,43.3911],[21.5201,43.3929],[21.5308,43.3991],[21.5331,43.4003],[21.5356,43.4012],[21.5377,43.4017],[21.54,43.4018],[21.5486,43.4013],[21.5499,43.4014],[21.5526,43.4023],[21.5548,43.4038],[21.5641,43.4135],[21.5656,43.4156],[21.5665,43.4177],[21.5669,43.4199],[21.5668,43.4244],[21.5662,43.4266],[21.5653,43.4282],[21.5641,43.4297],[21.5583,43.4349],[21.5557,43.4377],[21.5532,43.441],[21.5515,43.4439],[21.5494,43.4504],[21.5484,43.4524],[21.5436,43.4583],[21.5426,43.4603],[21.5426,43.4622],[21.5434,43.4639],[21.5469,43.4693],[21.5482,43.472],[21.5483,43.474],[21.5456,43.4837],[21.5459,43.4856],[21.547,43.4873],[21.5486,43.4888],[21.5539,43.4927],[21.5552,43.494],[21.5589,43.4991],[21.5644,43.5043],[21.5655,43.5058],[21.5663,43.5074],[21.567,43.5096],[21.5672,43.5119],[21.567,43.5164],[21.5663,43.5185],[21.5654,43.5201],[21.5642,43.5215],[21.5625,43.5228],[21.5535,43.5281],[21.5476,43.5337],[21.5425,43.537],[21.5403,43.5387],[21.5389,43.5407],[21.5383,43.5427],[21.5384,43.5447],[21.5388,43.5475],[21.5386,43.5495],[21.538,43.5509],[21.5369,43.5522],[21.5346,43.5537],[21.5289,43.556],[21.5252,43.558],[21.5235,43.5592],[21.5222,43.5605],[21.5212,43.5621],[21.5204,43.5644],[21.5194,43.5683],[21.5182,43.5711],[21.5166,43.5738],[21.514,43.5771],[21.5075,43.5784],[21.5035,43.5801],[21.5005,43.5809],[21.4959,43.5828],[21.481,43.5863],[21.4808,43.5872],[21.4787,43.5917],[21.4782,43.5939],[21.4788,43.5956],[21.4802,43.5972],[21.4819,43.5984],[21.491,43.6035],[21.4898,43.6138],[21.4916,43.6193],[21.4945,43.6228],[21.4985,43.6252],[21.5035,43.6275],[21.4979,43.6291],[21.4944,43.6311],[21.4901,43.6329],[21.4824,43.6337],[21.487,43.6447],[21.4866,43.6536],[21.4825,43.6613],[21.4762,43.6685],[21.47,43.6685],[21.4718,43.6846],[21.4725,43.686],[21.4736,43.6873],[21.4751,43.6882],[21.477,43.6888],[21.4787,43.6891],[21.4814,43.6891],[21.489,43.6874],[21.4918,43.6874],[21.4947,43.688],[21.4998,43.6898],[21.5019,43.6908],[21.5045,43.6923],[21.5066,43.694],[21.5078,43.6953],[21.5086,43.6966],[21.5089,43.6985],[21.5065,43.7079],[21.5036,43.7153],[21.5026,43.7173],[21.5013,43.7189],[21.4994,43.7203],[21.4965,43.7215],[21.4936,43.7221],[21.4873,43.7229],[21.4842,43.7235],[21.4803,43.7249],[21.4783,43.7259],[21.4766,43.727],[21.4753,43.7284],[21.4743,43.73],[21.4735,43.7326],[21.4724,43.7382],[21.4715,43.7411],[21.4701,43.7438],[21.4684,43.7464],[21.4659,43.7494],[21.4783,43.7571],[21.4846,43.7605],[21.4873,43.7616],[21.4932,43.7635],[21.4971,43.765],[21.5013,43.7669],[21.5066,43.77],[21.5087,43.7708],[21.5169,43.7728],[21.521,43.7744],[21.5302,43.7806],[21.5329,43.7821],[21.5399,43.7848],[21.5424,43.7861],[21.5451,43.7882],[21.5473,43.7895],[21.5492,43.7901],[21.5544,43.7908],[21.5639,43.7916],[21.5669,43.7921],[21.575,43.7946],[21.578,43.7951],[21.5812,43.7953],[21.5875,43.795],[21.5905,43.7944],[21.5986,43.7918],[21.6016,43.7912],[21.6079,43.7909],[21.6111,43.7911],[21.6142,43.7916],[21.6224,43.7944],[21.6328,43.7972],[21.6394,43.7998],[21.646,43.8029],[21.6621,43.7861],[21.6642,43.7841],[21.667,43.7825],[21.6797,43.7771],[21.6839,43.7746],[21.6866,43.7724],[21.6928,43.7661],[21.7039,43.7563],[21.694,43.7499],[21.6913,43.7489],[21.6828,43.7473],[21.6808,43.7466],[21.6781,43.7451],[21.6767,43.7439],[21.6756,43.7428],[21.6739,43.7397],[21.6736,43.7384],[21.674,43.7371],[21.675,43.7359],[21.6765,43.735],[21.6785,43.7342],[21.6857,43.7317],[21.6885,43.7303],[21.6907,43.7284],[21.6948,43.7236],[21.699,43.7198],[21.6999,43.7183],[21.7005,43.7167],[21.7005,43.7147],[21.6998,43.7131],[21.6988,43.7117],[21.6954,43.7093],[21.6906,43.7065],[21.6857,43.7039],[21.6838,43.7026],[21.683,43.7014],[21.6828,43.7],[21.6833,43.6986],[21.6839,43.698],[21.686,43.6923],[21.6874,43.6864],[21.6882,43.6704],[21.6886,43.6678],[21.6896,43.6654],[21.6912,43.6633],[21.6981,43.6581],[21.6993,43.6566],[21.7002,43.655],[21.7009,43.6529],[21.7022,43.6462],[21.7032,43.6441],[21.7049,43.6418],[21.7146,43.6334],[21.7166,43.6312],[21.7194,43.6273],[21.7219,43.6248],[21.7242,43.6229],[21.7336,43.618],[21.7382,43.615],[21.7424,43.6118],[21.7441,43.6101],[21.7473,43.6064],[21.7499,43.6028],[21.7505,43.6007],[21.7506,43.5985],[21.7498,43.5935],[21.7499,43.5916],[21.7505,43.5901],[21.7515,43.5887],[21.7548,43.5864],[21.7636,43.5819],[21.7684,43.5785],[21.771,43.5769],[21.773,43.5761],[21.7752,43.5755],[21.7783,43.5752],[21.7814,43.5752],[21.7844,43.5755],[21.7926,43.5767],[21.8118,43.5778],[21.8139,43.5775],[21.8159,43.5769],[21.823,43.5731],[21.8277,43.571],[21.8306,43.5702],[21.8334,43.57],[21.8354,43.5702],[21.8382,43.5706],[21.847,43.5729],[21.849,43.5733],[21.8518,43.5733],[21.8587,43.572],[21.8631,43.5705],[21.8658,43.5691],[21.8678,43.5672],[21.8712,43.5625],[21.8774,43.5505],[21.8796,43.544],[21.8835,43.5376],[21.8848,43.5361],[21.8873,43.5343],[21.8994,43.5272],[21.9031,43.5248],[21.9045,43.5234],[21.9101,43.5163],[21.9127,43.5136],[21.9276,43.5151],[21.934,43.5162],[21.9408,43.5184],[21.9482,43.5215],[21.9507,43.5223],[21.9529,43.5227],[21.955,43.5226],[21.9575,43.522],[21.965,43.5187],[21.9672,43.5182],[21.9725,43.5177],[21.9757,43.5179],[21.9787,43.5183],[21.9825,43.5196],[21.9844,43.5205],[21.9859,43.5216],[21.9871,43.5233],[21.9871,43.5245],[21.9866,43.5256],[21.9854,43.5266],[21.9837,43.5275],[21.9767,43.5302],[21.9742,43.5313],[21.972,43.5327],[21.9641,43.5393],[21.9537,43.5465],[21.9522,43.5478],[21.9513,43.5491],[21.9506,43.5505],[21.9501,43.5551],[21.9488,43.5592],[21.9489,43.5611],[21.952,43.5685],[21.953,43.5697],[21.9551,43.571],[21.9591,43.572],[21.9671,43.5728],[21.9704,43.5727],[21.9737,43.572],[21.9773,43.57],[21.993,43.5579],[21.9925,43.5572],[21.9925,43.5558],[21.9938,43.5535],[21.996,43.5511],[21.9987,43.5489],[22.0035,43.5457],[22.0132,43.5413],[22.0182,43.538],[22.0232,43.5354],[22.0249,43.5339],[22.0256,43.5326],[22.0259,43.5311],[22.0261,43.5279],[22.0258,43.5265],[22.0252,43.5251],[22.0226,43.5217],[22.0223,43.5206],[22.0223,43.5198],[22.0229,43.5187],[22.0246,43.5171],[22.0301,43.5133],[22.0349,43.5096],[22.0397,43.5065],[22.0414,43.5049],[22.042,43.5034],[22.0399,43.4997],[22.0398,43.4989],[22.0399,43.4977],[22.0405,43.496],[22.0425,43.4936],[22.0447,43.4919],[22.0474,43.4905],[22.0518,43.4893],[22.0537,43.4891],[22.0565,43.4892],[22.0597,43.49],[22.0662,43.4922],[22.0691,43.4926],[22.0722,43.4928],[22.0773,43.4923],[22.0855,43.4909],[22.0885,43.4902],[22.0945,43.4879],[22.1018,43.4839],[22.104,43.4831],[22.1062,43.4824],[22.1151,43.4806],[22.1189,43.4791],[22.1228,43.4771],[22.1316,43.4704],[22.1344,43.4689],[22.1407,43.4663],[22.1427,43.4657],[22.1528,43.4631],[22.1661,43.4609],[22.1692,43.4606],[22.1723,43.4606],[22.1753,43.4609],[22.1877,43.4632],[22.1897,43.4638],[22.1987,43.4681],[22.2007,43.4687],[22.2059,43.4691],[22.209,43.469],[22.212,43.4685],[22.22,43.4658],[22.2312,43.4629],[22.2346,43.4616],[22.2378,43.4601],[22.2397,43.4589],[22.2412,43.4575],[22.2423,43.4556],[22.2427,43.4538],[22.2425,43.4529],[22.2425,43.4505],[22.2473,43.4504],[22.2509,43.45],[22.2544,43.449],[22.2573,43.4475],[22.2683,43.4393],[22.2709,43.4383],[22.2724,43.4382],[22.2748,43.4388],[22.2769,43.4402],[22.2783,43.4415],[22.2831,43.447],[22.2868,43.4525],[22.2906,43.4565],[22.2922,43.4577],[22.294,43.4586],[22.296,43.4592],[22.2978,43.4595],[22.3005,43.4594],[22.3035,43.4585],[22.3116,43.4546],[22.3154,43.4524],[22.3222,43.448],[22.3266,43.4464],[22.3326,43.4449],[22.3371,43.4434],[22.3399,43.4421],[22.3423,43.4405],[22.345,43.4381],[22.3485,43.4334],[22.3509,43.4278],[22.3515,43.4242],[22.3508,43.4207],[22.3487,43.415],[22.3477,43.413],[22.3461,43.4107],[22.3415,43.4061],[22.3407,43.4047],[22.34,43.4027],[22.3398,43.4006],[22.34,43.3984],[22.3408,43.3945],[22.3408,43.3921],[22.3399,43.39],[22.337,43.386],[22.3364,43.3848],[22.3365,43.3829],[22.3373,43.3824],[22.3387,43.3702],[22.339,43.3647],[22.3387,43.3631],[22.3381,43.3617],[22.3349,43.3579],[22.3337,43.3556],[22.3332,43.3536],[22.3333,43.3516],[22.3343,43.3466],[22.3343,43.3444],[22.3338,43.3423],[22.3301,43.3345],[22.3283,43.3281],[22.3271,43.3265],[22.3254,43.3252],[22.3236,43.3243],[22.3215,43.3236],[22.3113,43.3215],[22.3075,43.3211],[22.3035,43.3209],[22.2831,43.3207],[22.2753,43.3201],[22.2679,43.319],[22.2615,43.3189],[22.2584,43.3191],[22.2554,43.3195],[22.2494,43.3213],[22.2475,43.3221],[22.2415,43.3254],[22.2388,43.3267],[22.2345,43.3277],[22.2252,43.329],[22.2206,43.3303],[22.2177,43.3316],[22.2088,43.3367],[22.206,43.3381],[22.2013,43.3394],[22.1982,43.3398],[22.1885,43.3406],[22.1781,43.3424],[22.1698,43.3435],[22.1678,43.3437],[22.1649,43.3437],[22.1607,43.3428],[22.1498,43.3399],[22.1374,43.3369],[22.1401,43.327],[22.1418,43.3152],[22.1427,43.3125],[22.1464,43.3046],[22.1468,43.3024],[22.1469,43.3003],[22.1459,43.2953],[22.146,43.2933],[22.1466,43.2914],[22.1481,43.2895],[22.1504,43.288],[22.1543,43.286],[22.1615,43.2829],[22.1634,43.2815],[22.1641,43.2803],[22.1644,43.2788],[22.1647,43.2741],[22.1651,43.2728],[22.1669,43.2691],[22.167,43.2682],[22.1664,43.2664],[22.1644,43.2628],[22.163,43.2611],[22.1612,43.2599],[22.1596,43.2594],[22.1577,43.2593],[22.1512,43.2594],[22.1484,43.259],[22.1451,43.2576],[22.1431,43.2561],[22.1422,43.2549],[22.1405,43.2514],[22.1394,43.2498],[22.1378,43.2483],[22.1325,43.2445],[22.131,43.243],[22.1299,43.2413],[22.1296,43.2395],[22.1319,43.2321],[22.1317,43.2302],[22.1307,43.2282],[22.1255,43.2223],[22.1192,43.2125],[22.1136,43.2029],[22.1351,43.196],[22.1372,43.195],[22.146,43.1894],[22.1552,43.185],[22.1579,43.1841],[22.1608,43.1835],[22.1699,43.182],[22.1721,43.1813],[22.1741,43.1805],[22.1775,43.1782],[22.1844,43.1726],[22.1915,43.1679],[22.1965,43.165],[22.1993,43.1639],[22.2015,43.1632],[22.2037,43.1628],[22.2065,43.1626],[22.2103,43.1627],[22.2121,43.1625],[22.2138,43.162],[22.2156,43.1607],[22.2212,43.1549],[22.2233,43.153],[22.2259,43.1514],[22.23,43.1497],[22.2341,43.1484],[22.2378,43.1479],[22.2418,43.1478],[22.2458,43.148],[22.2496,43.1486],[22.256,43.1508],[22.2591,43.1514],[22.2605,43.1515],[22.2635,43.151],[22.2662,43.15],[22.2689,43.1487],[22.2752,43.145],[22.2764,43.1441],[22.2774,43.1426],[22.2775,43.141],[22.2754,43.1368],[22.2755,43.1361],[22.2765,43.1347],[22.28,43.1319],[22.2818,43.1301],[22.2956,43.1099],[22.2856,43.1058],[22.2692,43.0996],[22.264,43.0965],[22.2611,43.0952],[22.2535,43.093],[22.2466,43.0907],[22.2408,43.0879],[22.2391,43.0867],[22.2377,43.0852],[22.2367,43.0835],[22.2339,43.0757],[22.234,43.074],[22.2264,43.0662],[22.2198,43.0601],[22.2172,43.0584],[22.215,43.0575],[22.2127,43.0568],[22.1959,43.0547],[22.1929,43.0547],[22.19,43.0551],[22.1874,43.0559],[22.1823,43.0579],[22.1752,43.06],[22.172,43.0603],[22.1687,43.0601],[22.1614,43.0591],[22.1552,43.0587],[22.1496,43.0633],[22.1405,43.072],[22.138,43.0741],[22.1326,43.078],[22.1272,43.0813],[22.1243,43.0826],[22.122,43.0834],[22.1135,43.0853],[22.109,43.0867],[22.1055,43.0886],[22.1004,43.0918],[22.0984,43.0928],[22.0913,43.0952],[22.0892,43.0961],[22.0841,43.0992],[22.0776,43.1022],[22.0753,43.1038],[22.0661,43.1111],[22.0611,43.1161],[22.0561,43.1204],[22.0523,43.1242],[22.0505,43.1258],[22.0483,43.1272],[22.046,43.1284],[22.0389,43.1312],[22.0362,43.1327],[22.034,43.1345],[22.0318,43.1371],[22.0292,43.1426],[22.028,43.1438],[22.0267,43.1442],[22.0251,43.1442],[22.0226,43.1436],[22.0176,43.1411],[22.0156,43.1406],[22.0135,43.1403],[22.0107,43.1404],[22.0082,43.1411],[22.0059,43.1421],[22.0017,43.1444],[22.0,43.1456],[21.9957,43.15],[21.9936,43.1514],[21.9918,43.152],[21.9899,43.1523],[21.987,43.1522],[21.9848,43.1518],[21.9826,43.1511],[21.9798,43.1499],[21.9689,43.1433],[21.9664,43.142],[21.9632,43.1408],[21.9597,43.1399],[21.9558,43.1393],[21.9478,43.1386],[21.9368,43.1331],[21.9045,43.1634],[21.8926,43.1536],[21.8783,43.148],[21.8701,43.1443],[21.8633,43.142],[21.8563,43.1401],[21.8529,43.1396],[21.8493,43.1393],[21.8303,43.1392],[21.8223,43.139],[21.8055,43.1378],[21.8043,43.1377],[21.8018,43.1382],[21.7992,43.139],[21.7967,43.1402],[21.7942,43.142],[21.7926,43.1441],[21.7922,43.146],[21.7927,43.1479],[21.7941,43.1495],[21.7956,43.1503],[21.8014,43.1528],[21.8028,43.1537],[21.8043,43.1553],[21.8047,43.1565],[21.8045,43.1578],[21.8039,43.1589],[21.797,43.1652],[21.7892,43.1743],[21.7867,43.1767],[21.7753,43.1856],[21.773,43.188],[21.7688,43.1929],[21.7632,43.1972],[21.7619,43.1989],[21.7611,43.2009],[21.761,43.2029],[21.7614,43.2049],[21.7622,43.2064],[21.7635,43.2078],[21.767,43.2101],[21.7747,43.214],[21.777,43.2155],[21.7788,43.2172],[21.7795,43.2184],[21.7796,43.2202],[21.7786,43.222],[21.7737,43.2271],[21.7719,43.2296],[21.7707,43.2324],[21.7659,43.2466],[21.7631,43.2452],[21.7605,43.2446],[21.7581,43.2443],[21.7557,43.2443],[21.7534,43.2446],[21.7437,43.2464],[21.7406,43.2465],[21.7376,43.2464],[21.7316,43.2454],[21.7289,43.2456],[21.7252,43.2467],[21.7234,43.2477],[21.7219,43.2489],[21.7191,43.2521],[21.7171,43.254],[21.7146,43.2553],[21.7117,43.256],[21.7098,43.256],[21.708,43.2557],[21.7056,43.2544],[21.7025,43.2513],[21.7017,43.2499],[21.7007,43.2474],[21.7003,43.2448],[21.6995,43.2366],[21.6981,43.231],[21.6978,43.2288],[21.6978,43.2266],[21.6983,43.2244],[21.7002,43.2193],[21.7012,43.2159],[21.7013,43.2145],[21.701,43.2131],[21.7002,43.2118],[21.6989,43.2107],[21.6974,43.2098],[21.695,43.2087],[21.6934,43.2085],[21.6906,43.2088],[21.6883,43.2097],[21.6859,43.2109],[21.6755,43.2174],[21.6657,43.2216],[21.6623,43.2237],[21.6587,43.2263],[21.655,43.2282],[21.6525,43.2289],[21.6487,43.2298],[21.6361,43.2314],[21.6351,43.2312],[21.6329,43.2313],[21.6291,43.2319],[21.6261,43.2329],[21.6232,43.2342],[21.6183,43.2367],[21.6164,43.238],[21.6149,43.2394],[21.6125,43.243],[21.611,43.2459],[21.6106,43.2481],[21.6107,43.2502],[21.6113,43.2523],[21.6121,43.2537],[21.6146,43.257],[21.6167,43.2589],[21.6229,43.2627],[21.6253,43.2649],[21.626,43.2662],[21.626,43.2676],[21.6249,43.2693],[21.623,43.271],[21.6215,43.2719],[21.6196,43.2726],[21.6167,43.2733],[21.6074,43.2746],[21.6052,43.2752],[21.6032,43.2761],[21.6016,43.2773],[21.5989,43.2799],[21.5979,43.2812],[21.5958,43.2853],[21.5936,43.2883],[21.5894,43.292],[21.5881,43.2936],[21.5871,43.2953],[21.586,43.3001],[21.5846,43.3035],[21.5835,43.305],[21.5796,43.3087],[21.5787,43.3102],[21.5781,43.3117],[21.5781,43.3137],[21.5787,43.3153],[21.5797,43.3167],[21.5837,43.3205],[21.5862,43.3235],[21.5895,43.3283],[21.5923,43.3334],[21.5928,43.3358],[21.5939,43.3492],[21.577,43.3446],[21.5703,43.343],[21.5666,43.3425],[21.5591,43.3421],[21.5479,43.3422],[21.5407,43.3427],[21.5373,43.3433],[21.5294,43.346],[21.5265,43.3467],[21.5161,43.3486],[21.513,43.349],[21.5098,43.3491],[21.5034,43.3489],[21.4933,43.3474]]]}},{"type":"Feature","properties":{"id":"SRB-841","name":"Pcinjski","nameBn":"পিচিঞ্জা জেলা","type":"District","bounds":[21.5149,42.2349,22.5365,42.821],"center":[22.0252,42.5543]},"geometry":{"type":"Polygon","coordinates":[[[22.345,42.3134],[22.3253,42.3143],[22.3076,42.3193],[22.2916,42.3284],[22.2769,42.3412],[22.274,42.3485],[22.2733,42.3655],[22.2689,42.3703],[22.2598,42.3691],[22.2334,42.3489],[22.1381,42.3191],[22.0955,42.3058],[22.0609,42.3011],[22.0454,42.3024],[22.0276,42.304],[21.995,42.3126],[21.9415,42.3331],[21.929,42.3351],[21.9183,42.3313],[21.8844,42.3095],[21.8774,42.3082],[21.8374,42.3086],[21.8172,42.3051],[21.7195,42.261],[21.7065,42.2551],[21.692,42.242],[21.6769,42.2349],[21.6597,42.2356],[21.6247,42.2428],[21.575,42.242],[21.5641,42.2463],[21.5539,42.274],[21.5149,42.3178],[21.516,42.3419],[21.5373,42.3586],[21.5966,42.3721],[21.6174,42.3866],[21.6219,42.4022],[21.6169,42.4339],[21.619,42.4492],[21.6279,42.4604],[21.6679,42.4901],[21.7177,42.5512],[21.7277,42.5741],[21.7268,42.5779],[21.7197,42.5867],[21.7183,42.591],[21.7202,42.5939],[21.727,42.5964],[21.7288,42.5983],[21.7301,42.601],[21.7356,42.6213],[21.7347,42.6242],[21.7445,42.6296],[21.7565,42.6336],[21.7671,42.6387],[21.7728,42.6475],[21.7644,42.6696],[21.7443,42.6794],[21.7547,42.6885],[21.7576,42.6903],[21.7607,42.6916],[21.769,42.6945],[21.7722,42.696],[21.782,42.7021],[21.7851,42.7045],[21.7859,42.7058],[21.7863,42.7073],[21.7854,42.715],[21.785,42.7228],[21.7849,42.7304],[21.7853,42.7327],[21.7866,42.7347],[21.7878,42.7358],[21.7894,42.7367],[21.7961,42.7394],[21.7986,42.7409],[21.8007,42.7427],[21.8037,42.7462],[21.8056,42.7477],[21.8072,42.7484],[21.8132,42.7505],[21.8146,42.7513],[21.8154,42.7529],[21.8148,42.7546],[21.8117,42.7581],[21.8109,42.7595],[21.8105,42.761],[21.8107,42.7629],[21.8117,42.7646],[21.8133,42.7662],[21.8178,42.7693],[21.8206,42.7707],[21.8228,42.7714],[21.8401,42.7756],[21.8421,42.7759],[21.8449,42.776],[21.8488,42.7759],[21.8516,42.776],[21.8622,42.7781],[21.8649,42.7783],[21.8688,42.7781],[21.8716,42.7783],[21.8754,42.7792],[21.8849,42.7818],[21.8888,42.7826],[21.8916,42.7827],[21.9017,42.7816],[21.9069,42.7813],[21.9091,42.7813],[21.9113,42.7816],[21.9193,42.7835],[21.9304,42.7853],[21.9367,42.7856],[21.9401,42.7853],[21.9443,42.7848],[21.9639,42.7883],[21.9671,42.789],[21.9729,42.7912],[21.9796,42.7945],[21.9819,42.7961],[21.9835,42.7982],[21.9844,42.8007],[21.9856,42.8089],[21.9864,42.8115],[21.9872,42.8129],[21.9897,42.816],[21.9917,42.8174],[21.9934,42.818],[21.9955,42.8183],[21.9983,42.8184],[22.0013,42.8181],[22.0035,42.8176],[22.0057,42.8168],[22.0083,42.8154],[22.0164,42.8086],[22.0211,42.8055],[22.0238,42.8042],[22.026,42.8036],[22.0282,42.8032],[22.0311,42.8032],[22.0411,42.8051],[22.0547,42.8095],[22.0635,42.8127],[22.0656,42.8136],[22.0728,42.8177],[22.0789,42.8199],[22.0824,42.8205],[22.086,42.8208],[22.0973,42.821],[22.1045,42.8204],[22.1065,42.8199],[22.1082,42.8193],[22.1102,42.8179],[22.1162,42.8103],[22.1174,42.8084],[22.1176,42.8071],[22.1173,42.8057],[22.116,42.8037],[22.1101,42.7978],[22.109,42.7959],[22.109,42.7951],[22.1096,42.7936],[22.111,42.7924],[22.1127,42.7915],[22.1149,42.7909],[22.1186,42.7904],[22.1226,42.7901],[22.1327,42.7898],[22.1361,42.7902],[22.1379,42.7907],[22.14,42.7922],[22.146,42.7991],[22.148,42.8005],[22.1498,42.8012],[22.1519,42.8016],[22.1557,42.802],[22.1597,42.8021],[22.1637,42.802],[22.1675,42.8015],[22.1696,42.801],[22.1714,42.8003],[22.1731,42.7988],[22.1736,42.797],[22.1728,42.7915],[22.173,42.79],[22.1735,42.7885],[22.1745,42.7872],[22.1776,42.7848],[22.196,42.7746],[22.2049,42.7711],[22.2128,42.7692],[22.2149,42.7686],[22.2166,42.7678],[22.2185,42.7662],[22.2224,42.7609],[22.2238,42.7596],[22.2273,42.7573],[22.232,42.7548],[22.2346,42.7539],[22.2459,42.7513],[22.2498,42.7497],[22.2539,42.7475],[22.2563,42.7465],[22.2581,42.7463],[22.2598,42.7464],[22.2659,42.7483],[22.2676,42.7487],[22.2702,42.7487],[22.2733,42.7481],[22.278,42.7467],[22.2807,42.7461],[22.2835,42.7458],[22.2868,42.7459],[22.2897,42.7466],[22.2914,42.7474],[22.3021,42.7538],[22.3086,42.7603],[22.3139,42.7641],[22.3165,42.7656],[22.3194,42.7669],[22.324,42.7681],[22.3336,42.7692],[22.3367,42.7697],[22.3399,42.7705],[22.3429,42.7717],[22.3454,42.773],[22.3503,42.7768],[22.361,42.7815],[22.3634,42.7831],[22.3661,42.7855],[22.3715,42.7917],[22.3753,42.7955],[22.3807,42.7997],[22.3849,42.804],[22.387,42.8053],[22.3889,42.8058],[22.3999,42.807],[22.4069,42.8088],[22.4114,42.8104],[22.4171,42.8133],[22.4193,42.8142],[22.4295,42.8168],[22.4304,42.8171],[22.4274,42.8136],[22.4258,42.8098],[22.4294,42.8061],[22.4531,42.7636],[22.4666,42.7485],[22.4814,42.7398],[22.4826,42.7368],[22.4829,42.7338],[22.4826,42.7307],[22.4814,42.7277],[22.4681,42.7183],[22.4421,42.6817],[22.4492,42.668],[22.4446,42.6433],[22.4413,42.6329],[22.4288,42.5928],[22.4253,42.5729],[22.4297,42.5714],[22.4814,42.5356],[22.5121,42.5192],[22.5249,42.5077],[22.5325,42.4936],[22.5325,42.4934],[22.5365,42.4784],[22.5331,42.4576],[22.5195,42.4209],[22.5088,42.4049],[22.4976,42.3992],[22.4851,42.3972],[22.4698,42.3917],[22.4544,42.3768],[22.4385,42.3401],[22.424,42.3259],[22.4058,42.3216],[22.3641,42.321],[22.345,42.3134]]]}},{"type":"Feature","properties":{"id":"SRB-121","name":"Pirotski","nameBn":"পিরট জেলা","type":"District","bounds":[22.1136,42.8717,22.9846,43.4013],"center":[22.5488,43.1029]},"geometry":{"type":"Polygon","coordinates":[[[22.6589,43.4013],[22.6647,43.3967],[22.6742,43.3941],[22.6932,43.3949],[22.7029,43.394],[22.7194,43.3887],[22.7243,43.3861],[22.733,43.3815],[22.8045,43.329],[22.8171,43.3155],[22.8208,43.3075],[22.8239,43.2893],[22.827,43.2814],[22.8332,43.2746],[22.8573,43.2569],[22.8838,43.2306],[22.8978,43.2203],[22.9155,43.2122],[22.9647,43.2044],[22.9814,43.199],[22.9829,43.1873],[22.9846,43.1746],[22.974,43.1412],[22.9556,43.1083],[22.9353,43.0856],[22.9271,43.0811],[22.9102,43.0753],[22.9017,43.0697],[22.8967,43.0627],[22.8895,43.0444],[22.8842,43.0367],[22.8423,43.0075],[22.829,42.9937],[22.829,42.9935],[22.8289,42.9934],[22.8288,42.9934],[22.8158,42.9897],[22.7881,42.9849],[22.7764,42.9797],[22.7694,42.9713],[22.7632,42.9586],[22.7455,42.9101],[22.7396,42.8989],[22.7388,42.8974],[22.727,42.8869],[22.6966,42.8774],[22.6662,42.8719],[22.5909,42.8869],[22.5636,42.8843],[22.55,42.8774],[22.5448,42.8717],[22.5441,42.8718],[22.5275,42.874],[22.523,42.8746],[22.5156,42.876],[22.5119,42.8769],[22.5041,42.8793],[22.5002,42.8799],[22.4963,42.8801],[22.4885,42.88],[22.4767,42.8783],[22.473,42.8781],[22.4654,42.8781],[22.4617,42.8784],[22.4582,42.879],[22.4502,42.8815],[22.4473,42.8821],[22.438,42.8835],[22.4358,42.884],[22.4337,42.8848],[22.4283,42.8877],[22.4263,42.8886],[22.4194,42.8909],[22.4138,42.8932],[22.41,42.8958],[22.4063,42.8994],[22.4012,42.9028],[22.3997,42.9045],[22.3964,42.9103],[22.3947,42.9119],[22.3932,42.9128],[22.3896,42.9144],[22.3834,42.9164],[22.3801,42.9176],[22.3774,42.9188],[22.3668,42.9245],[22.3592,42.9295],[22.377,42.9322],[22.3883,42.9345],[22.3931,42.936],[22.3959,42.9374],[22.3984,42.939],[22.4002,42.9407],[22.4014,42.9426],[22.4016,42.9445],[22.4007,42.9464],[22.3994,42.9484],[22.3978,42.9502],[22.3951,42.9527],[22.39,42.956],[22.3791,42.9613],[22.3763,42.9626],[22.3639,42.9674],[22.3614,42.9682],[22.3584,42.9686],[22.3554,42.9688],[22.3475,42.9685],[22.3455,42.9686],[22.3427,42.9692],[22.3402,42.9703],[22.3347,42.9737],[22.326,42.9771],[22.3185,42.9805],[22.2987,42.9878],[22.2892,42.991],[22.2851,42.992],[22.2813,42.9925],[22.2773,42.9926],[22.2733,42.9925],[22.2696,42.992],[22.2637,42.991],[22.261,42.9911],[22.2583,42.9918],[22.2556,42.9929],[22.252,42.9949],[22.2475,42.9992],[22.2451,43.0008],[22.2423,43.0022],[22.2385,43.0036],[22.2347,43.0043],[22.2227,43.0055],[22.2178,43.0067],[22.2152,43.0078],[22.2072,43.0117],[22.2044,43.0132],[22.2021,43.0149],[22.2008,43.0169],[22.2005,43.0187],[22.2011,43.0206],[22.2024,43.0222],[22.216,43.0302],[22.2181,43.0321],[22.2204,43.0347],[22.2224,43.0363],[22.2242,43.0373],[22.2308,43.0402],[22.2334,43.0411],[22.2412,43.043],[22.243,43.0437],[22.2452,43.0452],[22.2496,43.0495],[22.2568,43.0542],[22.2578,43.0551],[22.2583,43.0562],[22.2582,43.0569],[22.257,43.0585],[22.2469,43.0653],[22.2405,43.0691],[22.234,43.074],[22.2339,43.0757],[22.2367,43.0835],[22.2377,43.0852],[22.2391,43.0867],[22.2408,43.0879],[22.2466,43.0907],[22.2535,43.093],[22.2611,43.0952],[22.264,43.0965],[22.2692,43.0996],[22.2856,43.1058],[22.2956,43.1099],[22.2818,43.1301],[22.28,43.1319],[22.2765,43.1347],[22.2755,43.1361],[22.2754,43.1368],[22.2775,43.141],[22.2774,43.1426],[22.2764,43.1441],[22.2752,43.145],[22.2689,43.1487],[22.2662,43.15],[22.2635,43.151],[22.2605,43.1515],[22.2591,43.1514],[22.256,43.1508],[22.2496,43.1486],[22.2458,43.148],[22.2418,43.1478],[22.2378,43.1479],[22.2341,43.1484],[22.23,43.1497],[22.2259,43.1514],[22.2233,43.153],[22.2212,43.1549],[22.2156,43.1607],[22.2138,43.162],[22.2121,43.1625],[22.2103,43.1627],[22.2065,43.1626],[22.2037,43.1628],[22.2015,43.1632],[22.1993,43.1639],[22.1965,43.165],[22.1915,43.1679],[22.1844,43.1726],[22.1775,43.1782],[22.1741,43.1805],[22.1721,43.1813],[22.1699,43.182],[22.1608,43.1835],[22.1579,43.1841],[22.1552,43.185],[22.146,43.1894],[22.1372,43.195],[22.1351,43.196],[22.1136,43.2029],[22.1192,43.2125],[22.1255,43.2223],[22.1307,43.2282],[22.1317,43.2302],[22.1319,43.2321],[22.1296,43.2395],[22.1299,43.2413],[22.131,43.243],[22.1325,43.2445],[22.1378,43.2483],[22.1394,43.2498],[22.1405,43.2514],[22.1422,43.2549],[22.1431,43.2561],[22.1451,43.2576],[22.1484,43.259],[22.1512,43.2594],[22.1577,43.2593],[22.1596,43.2594],[22.1612,43.2599],[22.163,43.2611],[22.1644,43.2628],[22.1664,43.2664],[22.167,43.2682],[22.1669,43.2691],[22.1651,43.2728],[22.1647,43.2741],[22.1644,43.2788],[22.1641,43.2803],[22.1634,43.2815],[22.1615,43.2829],[22.1543,43.286],[22.1504,43.288],[22.1481,43.2895],[22.1466,43.2914],[22.146,43.2933],[22.1459,43.2953],[22.1469,43.3003],[22.1468,43.3024],[22.1464,43.3046],[22.1427,43.3125],[22.1418,43.3152],[22.1401,43.327],[22.1374,43.3369],[22.1498,43.3399],[22.1607,43.3428],[22.1649,43.3437],[22.1678,43.3437],[22.1698,43.3435],[22.1781,43.3424],[22.1885,43.3406],[22.1982,43.3398],[22.2013,43.3394],[22.206,43.3381],[22.2088,43.3367],[22.2177,43.3316],[22.2206,43.3303],[22.2252,43.329],[22.2345,43.3277],[22.2388,43.3267],[22.2415,43.3254],[22.2475,43.3221],[22.2494,43.3213],[22.2554,43.3195],[22.2584,43.3191],[22.2615,43.3189],[22.2679,43.319],[22.2753,43.3201],[22.2831,43.3207],[22.3035,43.3209],[22.3075,43.3211],[22.3113,43.3215],[22.3215,43.3236],[22.3236,43.3243],[22.3254,43.3252],[22.3271,43.3265],[22.3283,43.3281],[22.3301,43.3345],[22.3338,43.3423],[22.3343,43.3444],[22.3343,43.3466],[22.3333,43.3516],[22.3332,43.3536],[22.3337,43.3556],[22.3349,43.3579],[22.3381,43.3617],[22.3387,43.3631],[22.339,43.3647],[22.3387,43.3702],[22.3373,43.3824],[22.3599,43.376],[22.3621,43.375],[22.3675,43.3717],[22.3711,43.3698],[22.3756,43.3683],[22.3841,43.3663],[22.3942,43.3627],[22.3987,43.3618],[22.4016,43.3618],[22.4074,43.3626],[22.4102,43.3626],[22.4143,43.3616],[22.4163,43.3608],[22.4216,43.3576],[22.445,43.3447],[22.4461,43.3453],[22.4486,43.3461],[22.4517,43.3466],[22.4613,43.3463],[22.4646,43.3465],[22.4668,43.3468],[22.4689,43.3474],[22.4715,43.3489],[22.4743,43.3512],[22.4779,43.3559],[22.4829,43.3646],[22.4843,43.366],[22.4857,43.3666],[22.4873,43.3669],[22.4899,43.3669],[22.4914,43.3663],[22.4928,43.3655],[22.4956,43.3629],[22.4978,43.3602],[22.5025,43.3535],[22.5051,43.3506],[22.5154,43.3439],[22.5208,43.3381],[22.5246,43.3354],[22.5329,43.3326],[22.5394,43.3298],[22.5414,43.3293],[22.5517,43.3288],[22.5547,43.3284],[22.5724,43.3254],[22.5752,43.3252],[22.5772,43.3254],[22.5789,43.3257],[22.5807,43.3268],[22.5811,43.328],[22.5811,43.3294],[22.5806,43.3313],[22.5777,43.3374],[22.5774,43.3388],[22.5776,43.3407],[22.579,43.343],[22.5812,43.3452],[22.5867,43.3493],[22.6016,43.36],[22.6058,43.3618],[22.6177,43.3655],[22.6198,43.3664],[22.6224,43.3678],[22.6246,43.3695],[22.6299,43.3747],[22.6343,43.3796],[22.6385,43.3838],[22.6435,43.3875],[22.6508,43.3939],[22.6518,43.3945],[22.6589,43.4012],[22.6589,43.4013]]]}},{"type":"Feature","properties":{"id":"SRB-831","name":"Podunavski","nameBn":"পোডুনাভজে জেলা","type":"District","bounds":[20.731,44.1833,21.1745,44.722],"center":[20.9527,44.4765]},"geometry":{"type":"Polygon","coordinates":[[[20.7948,44.6647],[20.8265,44.6609],[20.8832,44.6727],[20.9896,44.7168],[21.0368,44.722],[21.0371,44.7115],[21.0403,44.7026],[21.0474,44.6975],[21.0584,44.6963],[21.0563,44.6918],[21.053,44.6799],[21.051,44.6752],[21.0592,44.6709],[21.0738,44.6604],[21.079,44.6554],[21.0663,44.644],[21.0878,44.6198],[21.0852,44.6007],[21.1056,44.6007],[21.1177,44.5988],[21.1256,44.5926],[21.1336,44.5796],[21.1404,44.5637],[21.1406,44.5514],[21.1339,44.5413],[21.1199,44.5319],[21.1199,44.525],[21.1353,44.5219],[21.1426,44.5102],[21.1471,44.5007],[21.1547,44.5045],[21.1609,44.5045],[21.1589,44.4998],[21.1547,44.4841],[21.1623,44.4827],[21.1661,44.4807],[21.1692,44.4785],[21.1745,44.4766],[21.1678,44.4748],[21.1652,44.4727],[21.1623,44.4725],[21.1547,44.4766],[21.1472,44.4561],[21.1572,44.4525],[21.1654,44.4485],[21.1712,44.4431],[21.1745,44.4356],[21.1463,44.4352],[21.1312,44.4258],[21.1242,44.4111],[21.1199,44.3947],[21.115,44.3826],[21.1113,44.3765],[21.1102,44.371],[21.1131,44.3605],[21.1189,44.3549],[21.127,44.3512],[21.1316,44.3452],[21.1267,44.3326],[21.1419,44.3257],[21.1452,44.3173],[21.1375,44.3117],[21.1199,44.3127],[21.1199,44.3053],[21.1267,44.3053],[21.1267,44.2991],[21.1199,44.2991],[21.1199,44.2923],[21.134,44.2866],[21.1523,44.263],[21.1683,44.2581],[21.1683,44.2507],[21.1472,44.2439],[21.1472,44.237],[21.1518,44.232],[21.1534,44.2294],[21.1519,44.2256],[21.1472,44.2171],[21.1502,44.2148],[21.1513,44.2142],[21.1523,44.2132],[21.1547,44.2097],[21.1336,44.2097],[21.1547,44.1954],[21.1442,44.193],[21.1393,44.1855],[21.1392,44.1833],[21.1329,44.1861],[21.1276,44.1901],[21.126,44.191],[21.1226,44.1925],[21.1173,44.1939],[21.1138,44.1944],[21.1036,44.1952],[21.1004,44.1957],[21.0981,44.1963],[21.096,44.1972],[21.0908,44.2003],[21.0886,44.2013],[21.0863,44.2018],[21.0849,44.2018],[21.0822,44.2013],[21.0743,44.1992],[21.0722,44.1988],[21.069,44.1987],[21.0613,44.1995],[21.0515,44.1999],[21.0413,44.2051],[21.0202,44.2148],[21.0154,44.2161],[21.0057,44.2172],[21.0026,44.2178],[20.9963,44.22],[20.9923,44.222],[20.9857,44.2267],[20.9795,44.2301],[20.9775,44.2319],[20.976,44.2341],[20.9752,44.2363],[20.9739,44.2468],[20.9739,44.259],[20.9546,44.2521],[20.9499,44.2507],[20.9419,44.2493],[20.9339,44.2469],[20.9302,44.2463],[20.9187,44.2453],[20.9149,44.2447],[20.9069,44.2423],[20.904,44.2419],[20.901,44.2419],[20.8989,44.2421],[20.8968,44.2426],[20.8914,44.2452],[20.8884,44.2463],[20.8861,44.2469],[20.8838,44.2472],[20.8809,44.2474],[20.8769,44.2472],[20.8741,44.2474],[20.8719,44.2478],[20.87,44.2486],[20.8682,44.2497],[20.8634,44.2532],[20.858,44.2565],[20.8536,44.2583],[20.8495,44.2597],[20.8464,44.2601],[20.8431,44.2602],[20.8398,44.26],[20.8285,44.2584],[20.8163,44.2576],[20.816,44.2638],[20.8156,44.2666],[20.8136,44.2728],[20.8139,44.2747],[20.8148,44.2764],[20.8163,44.278],[20.8209,44.2816],[20.8232,44.284],[20.8237,44.2853],[20.8237,44.2867],[20.823,44.2878],[20.822,44.2889],[20.8195,44.2903],[20.8164,44.2915],[20.8093,44.2936],[20.8061,44.2942],[20.7913,44.2966],[20.772,44.2978],[20.772,44.305],[20.7717,44.3082],[20.7706,44.3125],[20.7692,44.3152],[20.7668,44.3189],[20.7658,44.3216],[20.7655,44.3245],[20.7658,44.3272],[20.7667,44.3299],[20.7676,44.3312],[20.7706,44.3339],[20.779,44.3398],[20.785,44.3432],[20.787,44.3448],[20.7877,44.346],[20.7879,44.3474],[20.7874,44.3492],[20.7859,44.351],[20.7835,44.3523],[20.7813,44.3529],[20.779,44.3533],[20.776,44.3534],[20.7729,44.353],[20.7649,44.3509],[20.762,44.3506],[20.7599,44.3507],[20.7579,44.3511],[20.7554,44.3524],[20.7525,44.3546],[20.7422,44.3642],[20.7369,44.3702],[20.7338,44.3743],[20.7324,44.3765],[20.7315,44.3785],[20.731,44.382],[20.7315,44.3841],[20.733,44.3863],[20.7353,44.3884],[20.7402,44.3919],[20.7489,44.397],[20.7512,44.3987],[20.7529,44.4006],[20.754,44.4031],[20.7551,44.4114],[20.7558,44.414],[20.7567,44.416],[20.7584,44.4175],[20.76,44.4183],[20.7695,44.4208],[20.7759,44.4228],[20.7796,44.4234],[20.7835,44.4236],[20.7875,44.4234],[20.7914,44.4228],[20.7935,44.4223],[20.8118,44.416],[20.8147,44.4154],[20.8173,44.4155],[20.8191,44.4159],[20.8218,44.4171],[20.8242,44.4187],[20.8365,44.4289],[20.8381,44.4311],[20.8388,44.4333],[20.8391,44.4354],[20.8389,44.4376],[20.8383,44.4399],[20.8376,44.4415],[20.8365,44.443],[20.8311,44.4485],[20.8269,44.455],[20.8247,44.4592],[20.8211,44.464],[20.819,44.4658],[20.8165,44.4675],[20.8044,44.474],[20.7877,44.4881],[20.7791,44.492],[20.7714,44.4944],[20.7661,44.4954],[20.7641,44.496],[20.7621,44.4975],[20.7591,44.5022],[20.7586,44.5043],[20.7585,44.5117],[20.7579,44.5135],[20.7565,44.5157],[20.7502,44.5226],[20.7371,44.533],[20.7411,44.5357],[20.7511,44.5405],[20.7529,44.5417],[20.7594,44.547],[20.762,44.5488],[20.7648,44.5499],[20.7756,44.5529],[20.7836,44.5562],[20.786,44.5569],[20.7885,44.5574],[20.7982,44.5587],[20.8006,44.5592],[20.8027,44.56],[20.8049,44.5615],[20.8064,44.5632],[20.8067,44.565],[20.8057,44.5678],[20.8017,44.5748],[20.8004,44.5768],[20.7992,44.5781],[20.7977,44.5793],[20.7952,44.5808],[20.7883,44.5832],[20.7856,44.5845],[20.7833,44.586],[20.7815,44.5876],[20.7807,44.5892],[20.7808,44.59],[20.7819,44.5916],[20.7837,44.5932],[20.7852,44.5949],[20.7857,44.597],[20.7853,44.6001],[20.7838,44.6036],[20.7814,44.6067],[20.7742,44.6122],[20.7725,44.6142],[20.7715,44.6163],[20.771,44.6187],[20.7709,44.621],[20.7714,44.6252],[20.7729,44.6277],[20.775,44.63],[20.7782,44.6329],[20.7948,44.6647]]]}},{"type":"Feature","properties":{"id":"SRB-833","name":"Pomoravski","nameBn":"রাসিনা জেলা","type":"District","bounds":[20.7603,43.1388,21.5672,43.8409],"center":[21.1638,43.5211]},"geometry":{"type":"Polygon","coordinates":[[[20.8647,43.2173],[20.8551,43.2314],[20.8485,43.2381],[20.8384,43.2459],[20.8194,43.2574],[20.8097,43.2596],[20.8097,43.2597],[20.8098,43.2644],[20.8081,43.2718],[20.8081,43.274],[20.8095,43.2813],[20.8093,43.2835],[20.8088,43.2856],[20.8052,43.2933],[20.8049,43.2953],[20.8052,43.2974],[20.8058,43.2987],[20.8075,43.3013],[20.8087,43.3025],[20.811,43.3039],[20.8145,43.3055],[20.8168,43.307],[20.8182,43.3083],[20.8192,43.3098],[20.8214,43.3138],[20.8238,43.3167],[20.8311,43.3218],[20.8331,43.3238],[20.8365,43.3282],[20.8381,43.3319],[20.8379,43.3336],[20.8372,43.3347],[20.8336,43.3383],[20.8319,43.3405],[20.8309,43.3431],[20.829,43.3527],[20.8289,43.354],[20.8293,43.3559],[20.8316,43.3597],[20.8325,43.3616],[20.8326,43.3625],[20.8304,43.3713],[20.8291,43.383],[20.8204,43.3851],[20.8181,43.3855],[20.8147,43.3856],[20.8121,43.3853],[20.8096,43.3847],[20.8014,43.3819],[20.7981,43.3812],[20.796,43.3812],[20.7938,43.3814],[20.7911,43.3821],[20.7827,43.3853],[20.7748,43.3879],[20.7731,43.3887],[20.7714,43.3903],[20.7701,43.3922],[20.7673,43.3979],[20.7661,43.3994],[20.7623,43.4029],[20.7615,43.404],[20.7611,43.4051],[20.7617,43.4069],[20.7634,43.4086],[20.7693,43.413],[20.7703,43.4143],[20.771,43.4158],[20.7712,43.4178],[20.7701,43.4222],[20.7701,43.4244],[20.7715,43.4292],[20.7746,43.4379],[20.7767,43.4471],[20.7777,43.4494],[20.7821,43.456],[20.7824,43.4578],[20.7819,43.4596],[20.7766,43.4658],[20.7759,43.4676],[20.7759,43.469],[20.7765,43.4704],[20.7797,43.4741],[20.7806,43.4755],[20.7812,43.4771],[20.7813,43.4791],[20.7808,43.4811],[20.7793,43.4833],[20.7728,43.4896],[20.7709,43.4919],[20.766,43.5016],[20.7625,43.5065],[20.7603,43.5092],[20.7684,43.5118],[20.7727,43.5127],[20.7748,43.5128],[20.7771,43.5126],[20.7791,43.512],[20.7809,43.511],[20.787,43.5062],[20.7887,43.5052],[20.7906,43.5045],[20.7927,43.5042],[20.7946,43.5042],[20.806,43.505],[20.8113,43.5058],[20.8133,43.5065],[20.8159,43.5079],[20.8225,43.5134],[20.8246,43.5147],[20.8269,43.5155],[20.8288,43.5158],[20.8309,43.5156],[20.8336,43.5148],[20.8362,43.5133],[20.8443,43.5074],[20.8467,43.5056],[20.8508,43.5008],[20.8528,43.499],[20.8545,43.4981],[20.8601,43.4958],[20.867,43.4938],[20.8704,43.4933],[20.8777,43.4929],[20.8889,43.4929],[20.8962,43.4933],[20.8996,43.4938],[20.9107,43.4963],[20.9187,43.4967],[20.922,43.4974],[20.9323,43.5015],[20.9452,43.506],[20.9301,43.5192],[20.9282,43.5215],[20.925,43.5272],[20.9201,43.5324],[20.9193,43.5339],[20.919,43.5354],[20.9193,43.5402],[20.9188,43.5446],[20.9159,43.5541],[20.9149,43.5562],[20.9134,43.5583],[20.9096,43.5623],[20.9081,43.5643],[20.9071,43.5669],[20.9066,43.5696],[20.9065,43.5723],[20.9068,43.5751],[20.9075,43.5777],[20.9082,43.5791],[20.9113,43.584],[20.9153,43.5885],[20.9193,43.5913],[20.922,43.5928],[20.9342,43.598],[20.9368,43.5995],[20.9432,43.6044],[20.9483,43.6076],[20.9504,43.6093],[20.9515,43.6112],[20.9514,43.613],[20.9502,43.6149],[20.9482,43.6166],[20.9397,43.6223],[20.9371,43.6237],[20.9351,43.6244],[20.927,43.626],[20.9249,43.6267],[20.923,43.6276],[20.9213,43.6289],[20.9201,43.6304],[20.9188,43.6347],[20.9178,43.6366],[20.9162,43.6383],[20.9139,43.6396],[20.9119,43.6403],[20.9098,43.6406],[20.9026,43.6405],[20.8993,43.6408],[20.8781,43.6445],[20.8824,43.6494],[20.8867,43.6551],[20.8896,43.658],[20.8947,43.6616],[20.9005,43.6649],[20.9057,43.6683],[20.9148,43.6728],[20.9162,43.6738],[20.9173,43.6753],[20.9174,43.6771],[20.9167,43.6788],[20.9146,43.6825],[20.9137,43.6849],[20.9129,43.6901],[20.9128,43.6954],[20.9134,43.7007],[20.9143,43.7032],[20.9158,43.7054],[20.9195,43.7098],[20.9208,43.7121],[20.9213,43.7144],[20.9212,43.7168],[20.9203,43.7189],[20.9195,43.72],[20.9171,43.7224],[20.9165,43.7232],[20.9163,43.7236],[20.9161,43.7245],[20.916,43.7253],[20.9161,43.7262],[20.9162,43.7266],[20.9164,43.7269],[20.9168,43.727],[20.9181,43.7272],[20.9211,43.7271],[20.9223,43.7271],[20.9227,43.727],[20.923,43.7269],[20.9262,43.7247],[20.9276,43.7247],[20.9299,43.7246],[20.9309,43.7244],[20.9336,43.7239],[20.9345,43.7239],[20.9352,43.7241],[20.9359,43.7245],[20.9372,43.7254],[20.9391,43.7272],[20.9396,43.7275],[20.9405,43.7277],[20.9413,43.7278],[20.9432,43.7279],[20.957,43.7282],[20.9596,43.7269],[20.9653,43.725],[20.9711,43.7236],[20.9739,43.7233],[20.975,43.7234],[20.9767,43.724],[20.9807,43.7262],[20.9857,43.728],[20.9883,43.7285],[20.9896,43.7284],[20.9922,43.7279],[20.9977,43.7259],[21.0013,43.725],[21.009,43.724],[21.0128,43.7232],[21.0209,43.7207],[21.0244,43.7201],[21.0281,43.7198],[21.0432,43.7193],[21.049,43.7186],[21.0511,43.718],[21.0601,43.7137],[21.0644,43.7128],[21.0682,43.7125],[21.0761,43.7124],[21.0799,43.7126],[21.0877,43.7134],[21.0906,43.7133],[21.0927,43.7129],[21.0947,43.7122],[21.1006,43.7088],[21.1102,43.7051],[21.1126,43.7039],[21.1176,43.6998],[21.1215,43.6977],[21.1255,43.696],[21.1389,43.691],[21.1481,43.687],[21.1398,43.7049],[21.1377,43.7106],[21.137,43.7138],[21.1368,43.7191],[21.1355,43.7242],[21.1352,43.7264],[21.1353,43.7285],[21.1363,43.7321],[21.1387,43.7364],[21.139,43.7383],[21.1385,43.7432],[21.1387,43.7452],[21.1396,43.747],[21.1411,43.7483],[21.1426,43.7488],[21.1444,43.7489],[21.1542,43.7473],[21.1572,43.7464],[21.16,43.7452],[21.1675,43.74],[21.1695,43.7391],[21.1717,43.7385],[21.1744,43.738],[21.1778,43.738],[21.1801,43.7386],[21.1823,43.7397],[21.1906,43.7453],[21.2029,43.7513],[21.2056,43.7529],[21.2102,43.7563],[21.2154,43.7615],[21.2179,43.7627],[21.2199,43.7633],[21.2281,43.7647],[21.2302,43.7653],[21.2364,43.7677],[21.2389,43.7692],[21.2406,43.7712],[21.2415,43.7733],[21.2428,43.78],[21.2435,43.7822],[21.2475,43.7901],[21.2482,43.7927],[21.2486,43.7953],[21.2487,43.8008],[21.2481,43.8064],[21.2473,43.8092],[21.2419,43.8207],[21.2554,43.8259],[21.2562,43.8263],[21.2569,43.8266],[21.2575,43.8272],[21.2579,43.8278],[21.2583,43.8291],[21.2606,43.8409],[21.2691,43.837],[21.2726,43.8351],[21.2752,43.8334],[21.2765,43.832],[21.2773,43.8306],[21.2777,43.8293],[21.2776,43.8285],[21.2746,43.8239],[21.274,43.8225],[21.2736,43.8205],[21.2738,43.8185],[21.2749,43.8133],[21.2747,43.8088],[21.2741,43.8067],[21.2714,43.8018],[21.2672,43.7951],[21.2664,43.7932],[21.2666,43.791],[21.2677,43.787],[21.2677,43.7849],[21.2672,43.7828],[21.2654,43.7797],[21.2617,43.7759],[21.2609,43.7744],[21.2604,43.7729],[21.2606,43.7709],[21.2613,43.7696],[21.2624,43.7683],[21.2645,43.7665],[21.2672,43.765],[21.2693,43.764],[21.2755,43.7619],[21.2805,43.761],[21.2834,43.7612],[21.2895,43.7624],[21.3018,43.7643],[21.32,43.7697],[21.3343,43.772],[21.3377,43.7722],[21.3412,43.772],[21.3445,43.7716],[21.3494,43.7704],[21.3509,43.7714],[21.3744,43.7709],[21.3669,43.7647],[21.378,43.7286],[21.384,43.7237],[21.4001,43.7227],[21.4081,43.724],[21.4111,43.725],[21.4181,43.7291],[21.4214,43.7306],[21.4302,43.7338],[21.4355,43.735],[21.4375,43.7356],[21.4446,43.7398],[21.446,43.7404],[21.4479,43.7408],[21.45,43.7409],[21.4539,43.7406],[21.4561,43.7409],[21.4583,43.7417],[21.4603,43.7431],[21.4622,43.745],[21.4659,43.7494],[21.4684,43.7464],[21.4701,43.7438],[21.4715,43.7411],[21.4724,43.7382],[21.4735,43.7326],[21.4743,43.73],[21.4753,43.7284],[21.4766,43.727],[21.4783,43.7259],[21.4803,43.7249],[21.4842,43.7235],[21.4873,43.7229],[21.4936,43.7221],[21.4965,43.7215],[21.4994,43.7203],[21.5013,43.7189],[21.5026,43.7173],[21.5036,43.7153],[21.5065,43.7079],[21.5089,43.6985],[21.5086,43.6966],[21.5078,43.6953],[21.5066,43.694],[21.5045,43.6923],[21.5019,43.6908],[21.4998,43.6898],[21.4947,43.688],[21.4918,43.6874],[21.489,43.6874],[21.4814,43.6891],[21.4787,43.6891],[21.477,43.6888],[21.4751,43.6882],[21.4736,43.6873],[21.4725,43.686],[21.4718,43.6846],[21.47,43.6685],[21.4762,43.6685],[21.4825,43.6613],[21.4866,43.6536],[21.487,43.6447],[21.4824,43.6337],[21.4901,43.6329],[21.4944,43.6311],[21.4979,43.6291],[21.5035,43.6275],[21.4985,43.6252],[21.4945,43.6228],[21.4916,43.6193],[21.4898,43.6138],[21.491,43.6035],[21.4819,43.5984],[21.4802,43.5972],[21.4788,43.5956],[21.4782,43.5939],[21.4787,43.5917],[21.4808,43.5872],[21.481,43.5863],[21.4959,43.5828],[21.5005,43.5809],[21.5035,43.5801],[21.5075,43.5784],[21.514,43.5771],[21.5166,43.5738],[21.5182,43.5711],[21.5194,43.5683],[21.5204,43.5644],[21.5212,43.5621],[21.5222,43.5605],[21.5235,43.5592],[21.5252,43.558],[21.5289,43.556],[21.5346,43.5537],[21.5369,43.5522],[21.538,43.5509],[21.5386,43.5495],[21.5388,43.5475],[21.5384,43.5447],[21.5383,43.5427],[21.5389,43.5407],[21.5403,43.5387],[21.5425,43.537],[21.5476,43.5337],[21.5535,43.5281],[21.5625,43.5228],[21.5642,43.5215],[21.5654,43.5201],[21.5663,43.5185],[21.567,43.5164],[21.5672,43.5119],[21.567,43.5096],[21.5663,43.5074],[21.5655,43.5058],[21.5644,43.5043],[21.5589,43.4991],[21.5552,43.494],[21.5539,43.4927],[21.5486,43.4888],[21.547,43.4873],[21.5459,43.4856],[21.5456,43.4837],[21.5483,43.474],[21.5482,43.472],[21.5469,43.4693],[21.5434,43.4639],[21.5426,43.4622],[21.5426,43.4603],[21.5436,43.4583],[21.5484,43.4524],[21.5494,43.4504],[21.5515,43.4439],[21.5532,43.441],[21.5557,43.4377],[21.5583,43.4349],[21.5641,43.4297],[21.5653,43.4282],[21.5662,43.4266],[21.5668,43.4244],[21.5669,43.4199],[21.5665,43.4177],[21.5656,43.4156],[21.5641,43.4135],[21.5548,43.4038],[21.5526,43.4023],[21.5499,43.4014],[21.5486,43.4013],[21.54,43.4018],[21.5377,43.4017],[21.5356,43.4012],[21.5331,43.4003],[21.5308,43.3991],[21.5201,43.3929],[21.5186,43.3911],[21.5175,43.3891],[21.5159,43.385],[21.5148,43.3831],[21.5132,43.3815],[21.5116,43.3807],[21.5048,43.3786],[21.5027,43.3778],[21.4971,43.3749],[21.4949,43.3741],[21.4925,43.3735],[21.4816,43.3714],[21.4739,43.3693],[21.4694,43.3678],[21.4634,43.3667],[21.4601,43.3663],[21.4533,43.3662],[21.4502,43.3664],[21.4472,43.3668],[21.44,43.3688],[21.434,43.3708],[21.4308,43.3722],[21.4297,43.373],[21.4286,43.3742],[21.4251,43.38],[21.4231,43.3818],[21.4205,43.3832],[21.4183,43.384],[21.4159,43.3846],[21.4126,43.3848],[21.4094,43.3847],[21.4065,43.3841],[21.4043,43.3829],[21.4038,43.3816],[21.4041,43.3808],[21.3991,43.3807],[21.3908,43.3801],[21.3846,43.3793],[21.3789,43.3779],[21.3762,43.3776],[21.374,43.3777],[21.37,43.3787],[21.3624,43.382],[21.3574,43.3835],[21.3444,43.3863],[21.3424,43.3866],[21.3397,43.3867],[21.337,43.3863],[21.3353,43.3857],[21.3291,43.383],[21.3252,43.3818],[21.3218,43.3813],[21.3182,43.381],[21.3032,43.3803],[21.2976,43.3793],[21.2928,43.3779],[21.289,43.3765],[21.2687,43.3674],[21.25,43.3603],[21.246,43.3594],[21.2353,43.3586],[21.2214,43.356],[21.2128,43.3539],[21.2126,43.3532],[21.2113,43.3519],[21.209,43.3504],[21.2048,43.3484],[21.202,43.3467],[21.1998,43.3446],[21.1982,43.3424],[21.1975,43.3407],[21.1972,43.339],[21.1975,43.3369],[21.2002,43.3314],[21.2004,43.3294],[21.1992,43.3244],[21.1984,43.3224],[21.1973,43.3204],[21.1958,43.3188],[21.1939,43.3173],[21.1916,43.3161],[21.1849,43.3131],[21.1781,43.3086],[21.1687,43.3037],[21.1653,43.3014],[21.164,43.3],[21.1631,43.2985],[21.161,43.2921],[21.1601,43.29],[21.1587,43.2882],[21.1534,43.283],[21.1525,43.2818],[21.1519,43.2803],[21.1517,43.2788],[21.1516,43.273],[21.1514,43.2709],[21.1507,43.269],[21.1496,43.2674],[21.1477,43.2663],[21.1428,43.2645],[21.1404,43.263],[21.1388,43.2612],[21.1361,43.257],[21.1341,43.2548],[21.1318,43.2531],[21.1304,43.2525],[21.1227,43.2501],[21.1168,43.2477],[21.1121,43.2456],[21.1063,43.2423],[21.1019,43.2405],[21.095,43.2382],[21.0879,43.2363],[21.0842,43.2358],[21.0803,43.2356],[21.0725,43.2359],[21.0689,43.2366],[21.0663,43.2374],[21.0596,43.2403],[21.058,43.2411],[21.0561,43.2425],[21.0536,43.2469],[21.0527,43.2481],[21.0514,43.2491],[21.0498,43.2498],[21.0438,43.2518],[21.0377,43.2546],[21.0361,43.255],[21.0337,43.255],[21.032,43.2546],[21.0242,43.251],[21.0166,43.2488],[21.0119,43.248],[21.0086,43.248],[21.0012,43.2499],[20.9967,43.2514],[20.9889,43.2546],[20.9874,43.255],[20.9845,43.2549],[20.98,43.2538],[20.9716,43.2522],[20.968,43.2511],[20.9662,43.2496],[20.9655,43.2477],[20.9659,43.2452],[20.9671,43.2418],[20.967,43.2399],[20.9658,43.2377],[20.9603,43.2317],[20.9511,43.2246],[20.949,43.2216],[20.9483,43.2191],[20.9479,43.2138],[20.9484,43.2084],[20.9507,43.1999],[20.9519,43.1881],[20.9524,43.1852],[20.9534,43.1826],[20.9553,43.1794],[20.9557,43.1781],[20.9555,43.1764],[20.9549,43.1753],[20.9471,43.1685],[20.945,43.1671],[20.9431,43.1664],[20.9358,43.1642],[20.9326,43.1624],[20.9305,43.1606],[20.9261,43.1549],[20.9204,43.1499],[20.915,43.1419],[20.9125,43.1388],[20.8386,43.1705],[20.832,43.1786],[20.8361,43.1794],[20.8391,43.1925],[20.8406,43.207],[20.84,43.2121],[20.8515,43.2198],[20.8616,43.2175],[20.8647,43.2173]]]}},{"type":"Feature","properties":{"id":"SRB-832","name":"Pomoravski","nameBn":"পমোরাভস্কি","type":"District","bounds":[20.9084,43.687,21.8178,44.2886],"center":[21.3631,43.9757]},"geometry":{"type":"Polygon","coordinates":[[[20.957,43.7282],[20.9429,43.7401],[20.9384,43.7453],[20.9358,43.7478],[20.9333,43.7495],[20.9281,43.7523],[20.9266,43.7533],[20.9247,43.7552],[20.9234,43.7582],[20.9229,43.7607],[20.9224,43.7689],[20.9221,43.7716],[20.9214,43.7742],[20.9196,43.7773],[20.9157,43.7813],[20.9138,43.7844],[20.9124,43.789],[20.91,43.7947],[20.9095,43.797],[20.9084,43.8074],[20.9134,43.8074],[20.9218,43.8069],[20.9257,43.8064],[20.9324,43.8048],[20.9343,43.8045],[20.9355,43.8046],[20.938,43.8054],[20.9399,43.807],[20.9409,43.8085],[20.9432,43.8144],[20.945,43.818],[20.9474,43.8208],[20.9507,43.8234],[20.9563,43.8263],[20.9657,43.8305],[20.9704,43.8319],[20.9793,43.8325],[20.9825,43.8333],[20.9915,43.8371],[20.997,43.8402],[21.0001,43.8429],[21.0044,43.8472],[21.0071,43.8496],[21.0094,43.8512],[21.0127,43.8531],[21.0147,43.8547],[21.0161,43.8576],[21.0166,43.8601],[21.0166,43.8656],[21.016,43.8682],[21.015,43.8707],[21.0086,43.8781],[21.0046,43.8818],[21.0026,43.8847],[20.9998,43.892],[21.0,43.8939],[21.0011,43.8958],[21.0029,43.8976],[21.0068,43.9004],[21.0098,43.9018],[21.0172,43.9045],[21.0232,43.9072],[21.0256,43.9079],[21.0282,43.9083],[21.0316,43.9083],[21.0339,43.9081],[21.0382,43.9072],[21.0437,43.9056],[21.0452,43.9109],[21.0454,43.9152],[21.0449,43.9177],[21.041,43.9282],[21.0409,43.9296],[21.0413,43.9308],[21.0431,43.9321],[21.0495,43.9341],[21.0521,43.9351],[21.0587,43.9387],[21.0603,43.9399],[21.0615,43.9412],[21.0623,43.9428],[21.0626,43.9449],[21.0624,43.9469],[21.0617,43.9485],[21.0607,43.95],[21.0557,43.9554],[21.0536,43.9591],[21.052,43.9612],[21.0502,43.9629],[21.0429,43.9686],[21.0417,43.97],[21.041,43.9716],[21.0407,43.9736],[21.041,43.9756],[21.0422,43.9777],[21.0441,43.9795],[21.0465,43.9807],[21.0515,43.9824],[21.0534,43.9833],[21.0619,43.9897],[21.0644,43.9912],[21.0672,43.9921],[21.0686,43.9922],[21.0736,43.9922],[21.0819,43.9918],[21.0849,43.992],[21.0888,43.993],[21.0906,43.9937],[21.0925,43.9952],[21.094,43.997],[21.0956,43.9997],[21.0962,44.0018],[21.0964,44.004],[21.096,44.009],[21.0963,44.011],[21.0975,44.013],[21.1008,44.017],[21.1022,44.019],[21.103,44.0211],[21.1032,44.0233],[21.1031,44.0254],[21.1024,44.0275],[21.1009,44.0298],[21.0892,44.0396],[21.0869,44.041],[21.0828,44.0423],[21.0542,44.0474],[21.0681,44.0571],[21.082,44.0645],[21.0865,44.0663],[21.0906,44.0676],[21.0998,44.0692],[21.11,44.0717],[21.1138,44.0732],[21.1166,44.0746],[21.1189,44.0762],[21.1237,44.0807],[21.1327,44.0862],[21.1343,44.0875],[21.1357,44.0891],[21.1366,44.0908],[21.1373,44.0929],[21.1391,44.1029],[21.1261,44.1144],[21.1246,44.1162],[21.1235,44.1182],[21.123,44.1208],[21.1235,44.1233],[21.1245,44.1254],[21.1285,44.1316],[21.1291,44.1331],[21.1293,44.1352],[21.1433,44.1534],[21.1404,44.1619],[21.1384,44.1746],[21.1392,44.1833],[21.1393,44.1855],[21.1442,44.193],[21.1547,44.1954],[21.1336,44.2097],[21.1547,44.2097],[21.1523,44.2132],[21.1513,44.2142],[21.1502,44.2148],[21.1472,44.2171],[21.1519,44.2256],[21.1534,44.2294],[21.1518,44.232],[21.1472,44.237],[21.1472,44.2439],[21.1683,44.2507],[21.1683,44.2581],[21.1523,44.263],[21.134,44.2866],[21.1474,44.2886],[21.1523,44.2886],[21.1561,44.2882],[21.1596,44.2873],[21.1623,44.286],[21.1664,44.2832],[21.1684,44.2823],[21.1711,44.2815],[21.1742,44.281],[21.1839,44.2801],[21.1869,44.2794],[21.1896,44.2785],[21.1992,44.2742],[21.211,44.2681],[21.2123,44.2671],[21.2135,44.2654],[21.2153,44.2591],[21.2162,44.2569],[21.2175,44.2548],[21.2216,44.2507],[21.2257,44.2477],[21.2275,44.2466],[21.2295,44.2458],[21.2318,44.2452],[21.2349,44.2447],[21.2448,44.2438],[21.2505,44.2428],[21.2529,44.2421],[21.2605,44.239],[21.2634,44.2384],[21.2652,44.2384],[21.2669,44.2387],[21.2682,44.2395],[21.2761,44.2458],[21.2788,44.2488],[21.2808,44.2517],[21.2836,44.2597],[21.285,44.2622],[21.2882,44.2671],[21.2927,44.2757],[21.3149,44.2619],[21.3259,44.256],[21.3284,44.2542],[21.3306,44.2521],[21.3329,44.249],[21.3344,44.2461],[21.3348,44.244],[21.3347,44.2419],[21.334,44.239],[21.334,44.2368],[21.3345,44.2348],[21.3358,44.2327],[21.3411,44.2267],[21.3445,44.222],[21.3467,44.2204],[21.3504,44.2188],[21.3532,44.2182],[21.3616,44.2174],[21.3637,44.2169],[21.366,44.2156],[21.3674,44.2142],[21.3683,44.2125],[21.3686,44.2105],[21.3682,44.2085],[21.3646,44.2029],[21.3616,44.1965],[21.3598,44.1942],[21.3548,44.1893],[21.354,44.1877],[21.3543,44.1859],[21.3559,44.1836],[21.3575,44.1825],[21.3612,44.1809],[21.3632,44.1804],[21.3662,44.18],[21.3694,44.18],[21.3776,44.1809],[21.3814,44.181],[21.3937,44.1808],[21.3948,44.1814],[21.3963,44.183],[21.3987,44.1866],[21.4001,44.1879],[21.4024,44.1898],[21.4052,44.1913],[21.4076,44.1921],[21.41,44.1927],[21.414,44.1933],[21.434,44.1947],[21.4368,44.1945],[21.4388,44.194],[21.4428,44.1925],[21.4449,44.1916],[21.4474,44.19],[21.4536,44.1845],[21.4562,44.1829],[21.4633,44.1796],[21.4653,44.179],[21.4676,44.1786],[21.47,44.1785],[21.4755,44.179],[21.4818,44.1799],[21.4878,44.1817],[21.493,44.1774],[21.4999,44.1706],[21.5137,44.1616],[21.5211,44.1574],[21.5248,44.155],[21.5293,44.1505],[21.5319,44.1482],[21.5344,44.1466],[21.5407,44.1442],[21.5439,44.1424],[21.5457,44.1407],[21.5465,44.1394],[21.5481,44.1335],[21.5511,44.1271],[21.5521,44.1237],[21.5531,44.1222],[21.5546,44.1209],[21.5583,44.1192],[21.5631,44.1181],[21.5709,44.1172],[21.5813,44.1137],[21.5841,44.1129],[21.5868,44.1125],[21.5881,44.1125],[21.5908,44.113],[21.5962,44.1149],[21.6001,44.1155],[21.604,44.1156],[21.6081,44.1152],[21.6193,44.1127],[21.6223,44.1123],[21.6284,44.1125],[21.6358,44.1132],[21.6389,44.1131],[21.6441,44.1124],[21.6491,44.1112],[21.6537,44.1097],[21.6567,44.1084],[21.668,44.102],[21.6696,44.1005],[21.6708,44.0988],[21.6731,44.0914],[21.674,44.0902],[21.6759,44.0885],[21.6782,44.0871],[21.6802,44.0863],[21.6881,44.0845],[21.6936,44.0826],[21.6977,44.0823],[21.7027,44.0828],[21.7056,44.0835],[21.7116,44.0857],[21.719,44.0896],[21.7211,44.0903],[21.7233,44.0907],[21.7262,44.0908],[21.7363,44.0897],[21.7412,44.0887],[21.743,44.088],[21.7451,44.0865],[21.7503,44.0815],[21.7563,44.0763],[21.7617,44.0737],[21.7683,44.0715],[21.7731,44.0705],[21.7751,44.0703],[21.778,44.0705],[21.7809,44.0712],[21.7924,44.0748],[21.7955,44.0751],[21.7985,44.0746],[21.809,44.0693],[21.8178,44.0656],[21.8118,44.0543],[21.8112,44.0527],[21.8107,44.0504],[21.8106,44.0475],[21.81,44.0455],[21.8085,44.0436],[21.8063,44.0418],[21.8039,44.0403],[21.8011,44.039],[21.7966,44.0377],[21.7918,44.0367],[21.7901,44.0361],[21.7883,44.0347],[21.7871,44.0319],[21.7863,44.0234],[21.786,44.0207],[21.7854,44.0187],[21.7842,44.017],[21.7829,44.0159],[21.7787,44.0136],[21.7764,44.0119],[21.7746,44.0098],[21.7738,44.0079],[21.7729,44.0036],[21.7724,43.9918],[21.7712,43.9915],[21.7707,43.9911],[21.7699,43.9894],[21.7704,43.9872],[21.7748,43.9813],[21.7765,43.9778],[21.7768,43.9763],[21.7767,43.9743],[21.7762,43.9728],[21.775,43.9709],[21.7732,43.9691],[21.7708,43.9674],[21.7593,43.9613],[21.7543,43.9572],[21.7484,43.9535],[21.7463,43.9518],[21.7453,43.9505],[21.7448,43.949],[21.744,43.9442],[21.743,43.9419],[21.7414,43.9395],[21.7393,43.9372],[21.7367,43.9351],[21.726,43.9268],[21.7253,43.9264],[21.7241,43.9246],[21.724,43.9222],[21.7251,43.9201],[21.7298,43.9147],[21.7305,43.9134],[21.7307,43.9114],[21.7303,43.91],[21.7288,43.9079],[21.724,43.9032],[21.7225,43.9022],[21.72,43.901],[21.7181,43.9006],[21.7094,43.9003],[21.7055,43.8995],[21.7026,43.8987],[21.6948,43.8958],[21.685,43.8928],[21.6804,43.8911],[21.6767,43.8892],[21.6751,43.8881],[21.6728,43.8855],[21.6697,43.88],[21.6688,43.8775],[21.6685,43.8721],[21.6689,43.8694],[21.6698,43.8668],[21.6715,43.8645],[21.6728,43.8632],[21.6837,43.8555],[21.6863,43.8535],[21.6884,43.8515],[21.6896,43.8494],[21.6895,43.8477],[21.6883,43.8459],[21.6864,43.8443],[21.6808,43.8406],[21.6791,43.8391],[21.6779,43.8374],[21.6773,43.8356],[21.6769,43.8309],[21.6763,43.8293],[21.6753,43.8279],[21.662,43.8158],[21.6521,43.8099],[21.6502,43.8085],[21.6474,43.8056],[21.646,43.8029],[21.6394,43.7998],[21.6328,43.7972],[21.6224,43.7944],[21.6142,43.7916],[21.6111,43.7911],[21.6079,43.7909],[21.6016,43.7912],[21.5986,43.7918],[21.5905,43.7944],[21.5875,43.795],[21.5812,43.7953],[21.578,43.7951],[21.575,43.7946],[21.5669,43.7921],[21.5639,43.7916],[21.5544,43.7908],[21.5492,43.7901],[21.5473,43.7895],[21.5451,43.7882],[21.5424,43.7861],[21.5399,43.7848],[21.5329,43.7821],[21.5302,43.7806],[21.521,43.7744],[21.5169,43.7728],[21.5087,43.7708],[21.5066,43.77],[21.5013,43.7669],[21.4971,43.765],[21.4932,43.7635],[21.4873,43.7616],[21.4846,43.7605],[21.4783,43.7571],[21.4659,43.7494],[21.4622,43.745],[21.4603,43.7431],[21.4583,43.7417],[21.4561,43.7409],[21.4539,43.7406],[21.45,43.7409],[21.4479,43.7408],[21.446,43.7404],[21.4446,43.7398],[21.4375,43.7356],[21.4355,43.735],[21.4302,43.7338],[21.4214,43.7306],[21.4181,43.7291],[21.4111,43.725],[21.4081,43.724],[21.4001,43.7227],[21.384,43.7237],[21.378,43.7286],[21.3669,43.7647],[21.3744,43.7709],[21.3509,43.7714],[21.3494,43.7704],[21.3445,43.7716],[21.3412,43.772],[21.3377,43.7722],[21.3343,43.772],[21.32,43.7697],[21.3018,43.7643],[21.2895,43.7624],[21.2834,43.7612],[21.2805,43.761],[21.2755,43.7619],[21.2693,43.764],[21.2672,43.765],[21.2645,43.7665],[21.2624,43.7683],[21.2613,43.7696],[21.2606,43.7709],[21.2604,43.7729],[21.2609,43.7744],[21.2617,43.7759],[21.2654,43.7797],[21.2672,43.7828],[21.2677,43.7849],[21.2677,43.787],[21.2666,43.791],[21.2664,43.7932],[21.2672,43.7951],[21.2714,43.8018],[21.2741,43.8067],[21.2747,43.8088],[21.2749,43.8133],[21.2738,43.8185],[21.2736,43.8205],[21.274,43.8225],[21.2746,43.8239],[21.2776,43.8285],[21.2777,43.8293],[21.2773,43.8306],[21.2765,43.832],[21.2752,43.8334],[21.2726,43.8351],[21.2691,43.837],[21.2606,43.8409],[21.2583,43.8291],[21.2579,43.8278],[21.2575,43.8272],[21.2569,43.8266],[21.2562,43.8263],[21.2554,43.8259],[21.2419,43.8207],[21.2473,43.8092],[21.2481,43.8064],[21.2487,43.8008],[21.2486,43.7953],[21.2482,43.7927],[21.2475,43.7901],[21.2435,43.7822],[21.2428,43.78],[21.2415,43.7733],[21.2406,43.7712],[21.2389,43.7692],[21.2364,43.7677],[21.2302,43.7653],[21.2281,43.7647],[21.2199,43.7633],[21.2179,43.7627],[21.2154,43.7615],[21.2102,43.7563],[21.2056,43.7529],[21.2029,43.7513],[21.1906,43.7453],[21.1823,43.7397],[21.1801,43.7386],[21.1778,43.738],[21.1744,43.738],[21.1717,43.7385],[21.1695,43.7391],[21.1675,43.74],[21.16,43.7452],[21.1572,43.7464],[21.1542,43.7473],[21.1444,43.7489],[21.1426,43.7488],[21.1411,43.7483],[21.1396,43.747],[21.1387,43.7452],[21.1385,43.7432],[21.139,43.7383],[21.1387,43.7364],[21.1363,43.7321],[21.1353,43.7285],[21.1352,43.7264],[21.1355,43.7242],[21.1368,43.7191],[21.137,43.7138],[21.1377,43.7106],[21.1398,43.7049],[21.1481,43.687],[21.1389,43.691],[21.1255,43.696],[21.1215,43.6977],[21.1176,43.6998],[21.1126,43.7039],[21.1102,43.7051],[21.1006,43.7088],[21.0947,43.7122],[21.0927,43.7129],[21.0906,43.7133],[21.0877,43.7134],[21.0799,43.7126],[21.0761,43.7124],[21.0682,43.7125],[21.0644,43.7128],[21.0601,43.7137],[21.0511,43.718],[21.049,43.7186],[21.0432,43.7193],[21.0281,43.7198],[21.0244,43.7201],[21.0209,43.7207],[21.0128,43.7232],[21.009,43.724],[21.0013,43.725],[20.9977,43.7259],[20.9922,43.7279],[20.9896,43.7284],[20.9883,43.7285],[20.9857,43.728],[20.9807,43.7262],[20.9767,43.724],[20.975,43.7234],[20.9739,43.7233],[20.9711,43.7236],[20.9653,43.725],[20.9596,43.7269],[20.957,43.7282]]]}},{"type":"Feature","properties":{"id":"SRB-834","name":"Raški","nameBn":"রাস্কা জেলা","type":"District","bounds":[20.0544,42.8274,20.957,43.8592],"center":[20.5783,43.3811]},"geometry":{"type":"Polygon","coordinates":[[[20.8097,43.2596],[20.7944,43.2631],[20.7695,43.2608],[20.7453,43.2529],[20.667,43.2097],[20.6449,43.2033],[20.6123,43.2023],[20.604,43.198],[20.5975,43.185],[20.6001,43.1738],[20.6121,43.1549],[20.6206,43.1333],[20.6261,43.1237],[20.6321,43.1173],[20.6409,43.1153],[20.6517,43.1163],[20.6618,43.1159],[20.6692,43.1098],[20.6649,43.0854],[20.6438,43.0523],[20.6173,43.0221],[20.5964,43.0071],[20.5843,43.0069],[20.5728,43.0093],[20.5624,43.0095],[20.5534,43.0026],[20.5439,42.9872],[20.5384,42.9807],[20.5305,42.9752],[20.5111,42.9702],[20.4935,42.9702],[20.4764,42.9664],[20.4595,42.95],[20.451,42.922],[20.4667,42.9095],[20.4889,42.8992],[20.4944,42.8875],[20.4988,42.8779],[20.4763,42.8555],[20.428,42.8406],[20.3454,42.8274],[20.3552,42.8662],[20.3536,42.891],[20.3371,42.907],[20.2756,42.9299],[20.2232,42.9577],[20.1946,42.9668],[20.1409,42.9708],[20.1295,42.9736],[20.1169,42.9767],[20.0563,43.0208],[20.0544,43.0222],[20.0584,43.0256],[20.0602,43.0279],[20.0612,43.0304],[20.0624,43.0385],[20.0631,43.0411],[20.0691,43.0529],[20.0713,43.056],[20.0752,43.0597],[20.0764,43.0612],[20.0801,43.0683],[20.084,43.0734],[20.0905,43.0805],[20.0957,43.0856],[20.0979,43.0873],[20.1005,43.0888],[20.1026,43.0897],[20.1111,43.0923],[20.1171,43.0947],[20.1203,43.0957],[20.125,43.0964],[20.1279,43.0963],[20.1339,43.0954],[20.1366,43.0954],[20.1384,43.0958],[20.1403,43.0965],[20.1419,43.0974],[20.143,43.0987],[20.1438,43.1001],[20.1442,43.1021],[20.144,43.1042],[20.1432,43.1064],[20.14,43.1109],[20.1389,43.113],[20.1389,43.1149],[20.1399,43.1168],[20.1417,43.1186],[20.1436,43.1201],[20.1513,43.1247],[20.153,43.1263],[20.156,43.13],[20.1579,43.1319],[20.1656,43.1392],[20.1676,43.1404],[20.1693,43.1408],[20.1713,43.1409],[20.1827,43.14],[20.1948,43.1396],[20.2069,43.1396],[20.2108,43.1398],[20.2145,43.1403],[20.219,43.1417],[20.2243,43.1445],[20.2264,43.1454],[20.2361,43.1485],[20.244,43.1518],[20.2463,43.1525],[20.2521,43.1534],[20.2653,43.1545],[20.2821,43.1569],[20.2786,43.16],[20.2762,43.1626],[20.274,43.1653],[20.2714,43.1693],[20.2695,43.1714],[20.2672,43.1731],[20.2646,43.1741],[20.2589,43.1757],[20.2561,43.177],[20.2485,43.1819],[20.2464,43.1827],[20.2442,43.1834],[20.2382,43.1847],[20.2338,43.1861],[20.2312,43.1875],[20.2293,43.1895],[20.2261,43.1955],[20.2236,43.198],[20.2212,43.1996],[20.2185,43.201],[20.2164,43.2019],[20.2093,43.2039],[20.2076,43.2047],[20.2059,43.2063],[20.2047,43.2082],[20.2016,43.2165],[20.2012,43.2185],[20.2013,43.2194],[20.2021,43.221],[20.2034,43.2224],[20.2051,43.2236],[20.2117,43.2273],[20.2184,43.2306],[20.2277,43.2356],[20.2314,43.2378],[20.2329,43.2393],[20.2341,43.2419],[20.2348,43.2516],[20.2354,43.2544],[20.2394,43.2622],[20.2419,43.2683],[20.2459,43.2743],[20.249,43.2802],[20.2601,43.2915],[20.2674,43.2985],[20.2778,43.289],[20.2817,43.2841],[20.2851,43.2788],[20.2871,43.2769],[20.2932,43.2737],[20.2979,43.2701],[20.3004,43.2684],[20.3025,43.2674],[20.3106,43.2651],[20.3132,43.2639],[20.3163,43.2619],[20.3189,43.2605],[20.3211,43.26],[20.3233,43.2598],[20.3262,43.26],[20.3283,43.2607],[20.3336,43.2754],[20.3345,43.2824],[20.3358,43.2844],[20.337,43.2855],[20.3385,43.2864],[20.345,43.2894],[20.3503,43.2924],[20.3594,43.2957],[20.3612,43.2966],[20.3662,43.3003],[20.369,43.3029],[20.3734,43.3093],[20.3787,43.3148],[20.3827,43.3222],[20.3841,43.324],[20.388,43.3271],[20.3902,43.3284],[20.3925,43.3294],[20.3951,43.3302],[20.3972,43.3304],[20.4058,43.3303],[20.4076,43.3307],[20.4093,43.3313],[20.4116,43.3325],[20.4127,43.3335],[20.4137,43.3354],[20.4136,43.3391],[20.414,43.3409],[20.4147,43.3421],[20.4174,43.345],[20.42,43.3468],[20.421,43.3478],[20.4214,43.3488],[20.4214,43.3501],[20.4207,43.3513],[20.4188,43.353],[20.414,43.3563],[20.4106,43.3596],[20.4096,43.3611],[20.4089,43.3633],[20.409,43.3669],[20.4115,43.3729],[20.4124,43.3754],[20.4124,43.3767],[20.4121,43.377],[20.4109,43.3774],[20.4037,43.3792],[20.4016,43.38],[20.3994,43.3815],[20.3978,43.3834],[20.3964,43.3861],[20.3966,43.388],[20.3979,43.3901],[20.4039,43.3962],[20.4053,43.3983],[20.4057,43.4002],[20.4054,43.4022],[20.404,43.4043],[20.4,43.4078],[20.398,43.4102],[20.3973,43.4124],[20.3966,43.4166],[20.3951,43.42],[20.3947,43.4217],[20.3948,43.4226],[20.3957,43.4247],[20.3987,43.4291],[20.3997,43.4318],[20.4009,43.4373],[20.4027,43.4432],[20.4033,43.4459],[20.4034,43.4487],[20.403,43.4515],[20.4019,43.454],[20.4004,43.4558],[20.3986,43.4574],[20.3927,43.4612],[20.3904,43.4629],[20.3887,43.4648],[20.3875,43.4668],[20.3856,43.4709],[20.3835,43.474],[20.3703,43.4859],[20.3623,43.4909],[20.36,43.4928],[20.3575,43.4954],[20.3548,43.4992],[20.3536,43.5003],[20.3523,43.5014],[20.35,43.5028],[20.3481,43.5034],[20.3431,43.5046],[20.3403,43.5057],[20.3378,43.5073],[20.3266,43.5152],[20.3188,43.52],[20.3169,43.5217],[20.3128,43.5266],[20.3074,43.5307],[20.3058,43.5322],[20.3053,43.5332],[20.3059,43.5348],[20.3077,43.5362],[20.3095,43.5371],[20.3153,43.5395],[20.3249,43.543],[20.3436,43.551],[20.3489,43.5541],[20.3527,43.5574],[20.3542,43.5592],[20.3573,43.5654],[20.3661,43.5763],[20.3673,43.5781],[20.3678,43.5802],[20.3677,43.5824],[20.3665,43.5883],[20.3664,43.5912],[20.3666,43.5943],[20.368,43.5998],[20.3692,43.6029],[20.3706,43.6035],[20.3724,43.605],[20.3733,43.6066],[20.3734,43.6084],[20.3728,43.6101],[20.3711,43.6119],[20.3681,43.614],[20.3663,43.6158],[20.3635,43.6191],[20.3578,43.6276],[20.3573,43.6288],[20.3574,43.6296],[20.3584,43.6314],[20.3605,43.6329],[20.3665,43.6356],[20.3772,43.6397],[20.3813,43.642],[20.3854,43.6448],[20.388,43.6464],[20.3901,43.6471],[20.3922,43.6475],[20.3951,43.6477],[20.3979,43.6474],[20.4063,43.645],[20.4098,43.6447],[20.4135,43.6449],[20.4172,43.646],[20.4204,43.6474],[20.4221,43.6484],[20.4264,43.6525],[20.4286,43.6537],[20.4302,43.654],[20.432,43.6539],[20.4345,43.653],[20.4369,43.6515],[20.4415,43.6476],[20.4432,43.6466],[20.4462,43.6452],[20.4482,43.6446],[20.4519,43.6442],[20.4554,43.6445],[20.4582,43.6456],[20.4601,43.6468],[20.4616,43.6484],[20.4651,43.6555],[20.4661,43.6599],[20.4663,43.6636],[20.4659,43.6657],[20.461,43.6756],[20.4596,43.6798],[20.4594,43.6825],[20.4596,43.688],[20.4608,43.6937],[20.4609,43.6958],[20.4602,43.6979],[20.4588,43.6996],[20.4569,43.7012],[20.4544,43.7025],[20.4367,43.7094],[20.4386,43.7122],[20.4425,43.7208],[20.4435,43.7224],[20.4462,43.7253],[20.4478,43.7266],[20.4498,43.7276],[20.452,43.7285],[20.459,43.7304],[20.4685,43.7316],[20.4739,43.7327],[20.476,43.7336],[20.4834,43.7373],[20.4874,43.7387],[20.4892,43.739],[20.492,43.7391],[20.494,43.7389],[20.5027,43.7372],[20.5055,43.7372],[20.5095,43.738],[20.5144,43.7394],[20.5186,43.7411],[20.5234,43.7435],[20.5259,43.7452],[20.5294,43.7484],[20.5304,43.7502],[20.5306,43.7521],[20.5301,43.7535],[20.5284,43.7569],[20.5236,43.7644],[20.5228,43.7677],[20.5233,43.7699],[20.5239,43.7707],[20.528,43.7747],[20.5288,43.776],[20.5303,43.78],[20.5311,43.7812],[20.5331,43.7828],[20.5364,43.7845],[20.5419,43.7861],[20.5462,43.7878],[20.5613,43.7981],[20.5627,43.7993],[20.5638,43.8008],[20.5644,43.8023],[20.5645,43.8043],[20.5639,43.8063],[20.5625,43.8084],[20.5591,43.8123],[20.5578,43.8143],[20.5574,43.8162],[20.5578,43.8181],[20.5591,43.8198],[20.5605,43.8207],[20.5691,43.8255],[20.5711,43.8273],[20.5735,43.8299],[20.5755,43.8316],[20.5811,43.8348],[20.5854,43.8378],[20.5938,43.8452],[20.5966,43.8469],[20.6208,43.8592],[20.6265,43.8544],[20.6332,43.8476],[20.6364,43.845],[20.6419,43.8416],[20.6545,43.8356],[20.6571,43.8341],[20.6593,43.8323],[20.6614,43.8297],[20.662,43.8277],[20.6621,43.8257],[20.6617,43.8229],[20.6619,43.8209],[20.6625,43.8193],[20.6635,43.8179],[20.6685,43.814],[20.6721,43.8106],[20.6762,43.8049],[20.6856,43.7938],[20.6884,43.79],[20.6901,43.7884],[20.6922,43.787],[20.6945,43.7858],[20.7017,43.783],[20.7046,43.7816],[20.7099,43.7783],[20.7129,43.777],[20.7177,43.7758],[20.7215,43.7753],[20.7253,43.7751],[20.7331,43.7752],[20.7369,43.7755],[20.7404,43.7762],[20.7457,43.7782],[20.7603,43.785],[20.7673,43.7875],[20.769,43.7882],[20.7702,43.7893],[20.7708,43.7905],[20.7709,43.7919],[20.7694,43.7988],[20.7701,43.806],[20.7692,43.8079],[20.768,43.8091],[20.7607,43.8141],[20.7592,43.8161],[20.7588,43.818],[20.7592,43.8199],[20.7606,43.8217],[20.7631,43.8231],[20.7652,43.8239],[20.7762,43.8263],[20.7786,43.827],[20.7867,43.8302],[20.789,43.8309],[20.7915,43.8314],[20.7954,43.8318],[20.7993,43.8319],[20.8072,43.8316],[20.8185,43.8298],[20.8331,43.8284],[20.835,43.8283],[20.8369,43.8284],[20.8386,43.8289],[20.8406,43.8301],[20.8464,43.8356],[20.8481,43.8369],[20.8499,43.838],[20.8537,43.8396],[20.8557,43.8401],[20.8585,43.8402],[20.8607,43.84],[20.8628,43.8394],[20.8655,43.8381],[20.8675,43.8362],[20.87,43.833],[20.8713,43.8317],[20.8738,43.8303],[20.879,43.829],[20.8942,43.8266],[20.8943,43.8259],[20.8945,43.8253],[20.8948,43.8248],[20.8953,43.8243],[20.8969,43.8231],[20.8974,43.8226],[20.8981,43.8215],[20.8986,43.8203],[20.8988,43.8197],[20.899,43.8168],[20.8992,43.8161],[20.8995,43.8155],[20.8998,43.8149],[20.9004,43.8144],[20.9009,43.8139],[20.9016,43.8136],[20.9031,43.813],[20.9038,43.8127],[20.9045,43.8122],[20.9056,43.811],[20.9084,43.8074],[20.9095,43.797],[20.91,43.7947],[20.9124,43.789],[20.9138,43.7844],[20.9157,43.7813],[20.9196,43.7773],[20.9214,43.7742],[20.9221,43.7716],[20.9224,43.7689],[20.9229,43.7607],[20.9234,43.7582],[20.9247,43.7552],[20.9266,43.7533],[20.9281,43.7523],[20.9333,43.7495],[20.9358,43.7478],[20.9384,43.7453],[20.9429,43.7401],[20.957,43.7282],[20.9432,43.7279],[20.9413,43.7278],[20.9405,43.7277],[20.9396,43.7275],[20.9391,43.7272],[20.9372,43.7254],[20.9359,43.7245],[20.9352,43.7241],[20.9345,43.7239],[20.9336,43.7239],[20.9309,43.7244],[20.9299,43.7246],[20.9276,43.7247],[20.9262,43.7247],[20.923,43.7269],[20.9227,43.727],[20.9223,43.7271],[20.9211,43.7271],[20.9181,43.7272],[20.9168,43.727],[20.9164,43.7269],[20.9162,43.7266],[20.9161,43.7262],[20.916,43.7253],[20.9161,43.7245],[20.9163,43.7236],[20.9165,43.7232],[20.9171,43.7224],[20.9195,43.72],[20.9203,43.7189],[20.9212,43.7168],[20.9213,43.7144],[20.9208,43.7121],[20.9195,43.7098],[20.9158,43.7054],[20.9143,43.7032],[20.9134,43.7007],[20.9128,43.6954],[20.9129,43.6901],[20.9137,43.6849],[20.9146,43.6825],[20.9167,43.6788],[20.9174,43.6771],[20.9173,43.6753],[20.9162,43.6738],[20.9148,43.6728],[20.9057,43.6683],[20.9005,43.6649],[20.8947,43.6616],[20.8896,43.658],[20.8867,43.6551],[20.8824,43.6494],[20.8781,43.6445],[20.8993,43.6408],[20.9026,43.6405],[20.9098,43.6406],[20.9119,43.6403],[20.9139,43.6396],[20.9162,43.6383],[20.9178,43.6366],[20.9188,43.6347],[20.9201,43.6304],[20.9213,43.6289],[20.923,43.6276],[20.9249,43.6267],[20.927,43.626],[20.9351,43.6244],[20.9371,43.6237],[20.9397,43.6223],[20.9482,43.6166],[20.9502,43.6149],[20.9514,43.613],[20.9515,43.6112],[20.9504,43.6093],[20.9483,43.6076],[20.9432,43.6044],[20.9368,43.5995],[20.9342,43.598],[20.922,43.5928],[20.9193,43.5913],[20.9153,43.5885],[20.9113,43.584],[20.9082,43.5791],[20.9075,43.5777],[20.9068,43.5751],[20.9065,43.5723],[20.9066,43.5696],[20.9071,43.5669],[20.9081,43.5643],[20.9096,43.5623],[20.9134,43.5583],[20.9149,43.5562],[20.9159,43.5541],[20.9188,43.5446],[20.9193,43.5402],[20.919,43.5354],[20.9193,43.5339],[20.9201,43.5324],[20.925,43.5272],[20.9282,43.5215],[20.9301,43.5192],[20.9452,43.506],[20.9323,43.5015],[20.922,43.4974],[20.9187,43.4967],[20.9107,43.4963],[20.8996,43.4938],[20.8962,43.4933],[20.8889,43.4929],[20.8777,43.4929],[20.8704,43.4933],[20.867,43.4938],[20.8601,43.4958],[20.8545,43.4981],[20.8528,43.499],[20.8508,43.5008],[20.8467,43.5056],[20.8443,43.5074],[20.8362,43.5133],[20.8336,43.5148],[20.8309,43.5156],[20.8288,43.5158],[20.8269,43.5155],[20.8246,43.5147],[20.8225,43.5134],[20.8159,43.5079],[20.8133,43.5065],[20.8113,43.5058],[20.806,43.505],[20.7946,43.5042],[20.7927,43.5042],[20.7906,43.5045],[20.7887,43.5052],[20.787,43.5062],[20.7809,43.511],[20.7791,43.512],[20.7771,43.5126],[20.7748,43.5128],[20.7727,43.5127],[20.7684,43.5118],[20.7603,43.5092],[20.7625,43.5065],[20.766,43.5016],[20.7709,43.4919],[20.7728,43.4896],[20.7793,43.4833],[20.7808,43.4811],[20.7813,43.4791],[20.7812,43.4771],[20.7806,43.4755],[20.7797,43.4741],[20.7765,43.4704],[20.7759,43.469],[20.7759,43.4676],[20.7766,43.4658],[20.7819,43.4596],[20.7824,43.4578],[20.7821,43.456],[20.7777,43.4494],[20.7767,43.4471],[20.7746,43.4379],[20.7715,43.4292],[20.7701,43.4244],[20.7701,43.4222],[20.7712,43.4178],[20.771,43.4158],[20.7703,43.4143],[20.7693,43.413],[20.7634,43.4086],[20.7617,43.4069],[20.7611,43.4051],[20.7615,43.404],[20.7623,43.4029],[20.7661,43.3994],[20.7673,43.3979],[20.7701,43.3922],[20.7714,43.3903],[20.7731,43.3887],[20.7748,43.3879],[20.7827,43.3853],[20.7911,43.3821],[20.7938,43.3814],[20.796,43.3812],[20.7981,43.3812],[20.8014,43.3819],[20.8096,43.3847],[20.8121,43.3853],[20.8147,43.3856],[20.8181,43.3855],[20.8204,43.3851],[20.8291,43.383],[20.8304,43.3713],[20.8326,43.3625],[20.8325,43.3616],[20.8316,43.3597],[20.8293,43.3559],[20.8289,43.354],[20.829,43.3527],[20.8309,43.3431],[20.8319,43.3405],[20.8336,43.3383],[20.8372,43.3347],[20.8379,43.3336],[20.8381,43.3319],[20.8365,43.3282],[20.8331,43.3238],[20.8311,43.3218],[20.8238,43.3167],[20.8214,43.3138],[20.8192,43.3098],[20.8182,43.3083],[20.8168,43.307],[20.8145,43.3055],[20.811,43.3039],[20.8087,43.3025],[20.8075,43.3013],[20.8058,43.2987],[20.8052,43.2974],[20.8049,43.2953],[20.8052,43.2933],[20.8088,43.2856],[20.8093,43.2835],[20.8095,43.2813],[20.8081,43.274],[20.8081,43.2718],[20.8098,43.2644],[20.8097,43.2597],[20.8097,43.2596]]]}},{"type":"Feature","properties":{"id":"SRB-274","name":"Severno-Backi","nameBn":"নর্থ বাক্কা জেলা","type":"District","bounds":[19.2983,45.6189,19.8804,46.1739],"center":[19.5801,45.9326]},"geometry":{"type":"Polygon","coordinates":[[[19.7119,46.1587],[19.773,46.1316],[19.7904,46.1291],[19.8736,46.153],[19.8751,46.1522],[19.8767,46.1508],[19.8791,46.148],[19.8799,46.1465],[19.8804,46.1444],[19.8802,46.1423],[19.8777,46.1373],[19.8751,46.1343],[19.8689,46.1305],[19.8595,46.1256],[19.8569,46.124],[19.8546,46.1222],[19.8523,46.1195],[19.8515,46.1174],[19.8514,46.1152],[19.8517,46.1129],[19.8549,46.1029],[19.8559,46.1007],[19.8593,46.0949],[19.8598,46.0928],[19.8597,46.0907],[19.8582,46.0863],[19.8579,46.0842],[19.858,46.077],[19.8575,46.0713],[19.8565,46.0687],[19.8499,46.0602],[19.8488,46.0574],[19.8475,46.0517],[19.8464,46.049],[19.844,46.0464],[19.8417,46.0446],[19.839,46.0432],[19.8305,46.04],[19.8279,46.0384],[19.825,46.0361],[19.8212,46.0324],[19.8183,46.0287],[19.8158,46.0246],[19.8142,46.0228],[19.8088,46.0176],[19.8079,46.0163],[19.8076,46.0154],[19.8066,46.0097],[19.8029,46.0039],[19.8025,46.002],[19.8026,45.9972],[19.8021,45.9951],[19.7994,45.9895],[19.7992,45.9874],[19.8013,45.9757],[19.8032,45.9696],[19.8039,45.9649],[19.8038,45.9625],[19.8033,45.9602],[19.7998,45.9513],[19.7995,45.9485],[19.8003,45.9417],[19.8023,45.9386],[19.8036,45.936],[19.8062,45.9287],[19.8075,45.9255],[19.8078,45.9233],[19.8073,45.9213],[19.8066,45.9203],[19.8056,45.9196],[19.8032,45.9186],[19.7976,45.9171],[19.7949,45.9157],[19.7888,45.912],[19.7846,45.9103],[19.7782,45.9073],[19.772,45.9049],[19.7649,45.9024],[19.7858,45.8808],[19.7924,45.8732],[19.7938,45.8712],[19.7962,45.8645],[19.7973,45.8624],[19.7991,45.8601],[19.8056,45.8538],[19.807,45.8516],[19.8073,45.8496],[19.8064,45.842],[19.8066,45.8372],[19.8072,45.835],[19.808,45.8334],[19.8098,45.8305],[19.8109,45.8292],[19.8132,45.8277],[19.8154,45.8272],[19.8178,45.8271],[19.8239,45.8271],[19.8346,45.8279],[19.8452,45.8079],[19.8488,45.8034],[19.855,45.7981],[19.8561,45.7966],[19.8568,45.795],[19.8568,45.7928],[19.8556,45.7874],[19.8556,45.785],[19.8562,45.7825],[19.8596,45.7757],[19.8606,45.7722],[19.859,45.7716],[19.8557,45.7698],[19.8462,45.7634],[19.8429,45.762],[19.8318,45.7598],[19.8236,45.7571],[19.8201,45.7565],[19.8127,45.7562],[19.7976,45.7561],[19.794,45.7558],[19.7905,45.7552],[19.7822,45.7526],[19.7726,45.7508],[19.7674,45.7494],[19.7498,45.7415],[19.7547,45.7327],[19.7586,45.7269],[19.7594,45.7238],[19.7594,45.7206],[19.7587,45.7175],[19.7554,45.7125],[19.7517,45.7084],[19.751,45.7069],[19.7511,45.7052],[19.7522,45.7035],[19.7539,45.7018],[19.7566,45.6998],[19.7556,45.6936],[19.7547,45.6909],[19.7533,45.6884],[19.7475,45.6825],[19.7437,45.6781],[19.7404,45.6731],[19.7372,45.6656],[19.7366,45.663],[19.7364,45.6602],[19.7366,45.6546],[19.7377,45.649],[19.7389,45.6459],[19.7393,45.6437],[19.7394,45.6414],[19.7389,45.6392],[19.7382,45.6376],[19.737,45.6362],[19.7354,45.635],[19.7316,45.633],[19.7249,45.6304],[19.7176,45.6281],[19.7154,45.6271],[19.7096,45.624],[19.7073,45.6232],[19.7048,45.6224],[19.6991,45.6213],[19.6842,45.6189],[19.6765,45.6234],[19.6616,45.6307],[19.6583,45.6322],[19.6541,45.6338],[19.651,45.6346],[19.6436,45.6364],[19.6343,45.6382],[19.6301,45.6396],[19.6256,45.6416],[19.6227,45.6431],[19.6138,45.6487],[19.6084,45.6515],[19.6,45.6546],[19.5865,45.66],[19.5993,45.6662],[19.6085,45.6699],[19.6107,45.6715],[19.612,45.6738],[19.6121,45.6764],[19.6114,45.6785],[19.6106,45.6799],[19.605,45.6857],[19.6016,45.6912],[19.599,45.6941],[19.5952,45.6963],[19.5913,45.6978],[19.5792,45.7002],[19.5741,45.7021],[19.5628,45.708],[19.5604,45.7098],[19.5584,45.7117],[19.5571,45.7138],[19.5557,45.7174],[19.5554,45.7188],[19.5556,45.7209],[19.557,45.7231],[19.5592,45.7253],[19.5618,45.7274],[19.5736,45.7365],[19.5776,45.7405],[19.5739,45.7424],[19.5673,45.7453],[19.5579,45.7484],[19.5534,45.7504],[19.542,45.7588],[19.5366,45.7623],[19.5336,45.7637],[19.5313,45.7644],[19.5289,45.7649],[19.5257,45.7651],[19.5225,45.7649],[19.5201,45.7644],[19.5178,45.7637],[19.5149,45.7624],[19.5122,45.7607],[19.508,45.7574],[19.5025,45.7518],[19.5004,45.7501],[19.4957,45.747],[19.4929,45.7458],[19.4908,45.7454],[19.4886,45.7453],[19.4866,45.7456],[19.4826,45.7469],[19.4806,45.7479],[19.4752,45.7512],[19.4651,45.7558],[19.4566,45.7606],[19.4422,45.7677],[19.4399,45.7694],[19.4384,45.7714],[19.438,45.7733],[19.438,45.7782],[19.4373,45.7803],[19.436,45.7821],[19.4343,45.7838],[19.4293,45.788],[19.4283,45.7894],[19.4278,45.791],[19.4279,45.7929],[19.4314,45.7999],[19.4313,45.8019],[19.4299,45.8044],[19.4276,45.8068],[19.4214,45.8126],[19.4194,45.8149],[19.4188,45.816],[19.4088,45.8227],[19.4056,45.8252],[19.3992,45.8311],[19.3949,45.8342],[19.3898,45.8368],[19.3784,45.8414],[19.3746,45.8437],[19.3658,45.8508],[19.3595,45.8569],[19.3547,45.8611],[19.3525,45.8632],[19.351,45.8654],[19.3503,45.8675],[19.3503,45.8697],[19.3512,45.8749],[19.351,45.8771],[19.3506,45.8793],[19.3487,45.8838],[19.3483,45.8859],[19.349,45.8933],[19.3485,45.9032],[19.3478,45.9087],[19.3463,45.9129],[19.3426,45.9196],[19.3394,45.9261],[19.3338,45.9325],[19.3323,45.9346],[19.3314,45.9368],[19.331,45.9391],[19.3311,45.9414],[19.3317,45.9437],[19.3332,45.9466],[19.3355,45.9495],[19.3379,45.9513],[19.3416,45.9534],[19.344,45.9554],[19.3452,45.9568],[19.3461,45.9582],[19.3465,45.9596],[19.3466,45.961],[19.3461,45.9617],[19.3391,45.9756],[19.3387,45.978],[19.339,45.9803],[19.3411,45.9869],[19.3412,45.9881],[19.3408,45.9894],[19.3398,45.9905],[19.3383,45.9913],[19.3364,45.9918],[19.3282,45.9922],[19.3265,45.9927],[19.3246,45.9941],[19.3177,46.0023],[19.3161,46.0046],[19.3137,46.01],[19.312,46.012],[19.3097,46.0137],[19.303,46.0178],[19.3006,46.0199],[19.2983,46.0221],[19.307,46.0266],[19.3252,46.0295],[19.3622,46.0296],[19.3789,46.0337],[19.3891,46.0415],[19.3966,46.0516],[19.4047,46.0602],[19.4172,46.0643],[19.4283,46.0655],[19.4369,46.068],[19.4537,46.0776],[19.4609,46.0845],[19.4659,46.092],[19.473,46.0987],[19.4993,46.1086],[19.4967,46.1169],[19.4893,46.126],[19.4875,46.1342],[19.502,46.1456],[19.5252,46.1564],[19.5499,46.1642],[19.5684,46.1664],[19.5897,46.166],[19.6478,46.1739],[19.6693,46.1731],[19.6901,46.1684],[19.7119,46.1587]]]}},{"type":"Feature","properties":{"id":"SRB-275","name":"Severno-Banatski","nameBn":"নর্থ বানাট জেলা","type":"District","bounds":[19.7649,45.5984,20.6445,46.1635],"center":[20.2047,45.9589]},"geometry":{"type":"Polygon","coordinates":[[[19.9291,46.1635],[19.9931,46.1594],[20.035,46.143],[20.0634,46.1453],[20.0886,46.1541],[20.0984,46.155],[20.1148,46.1522],[20.1201,46.1492],[20.1304,46.1394],[20.138,46.1365],[20.1454,46.1371],[20.1705,46.1455],[20.1885,46.1404],[20.2428,46.1081],[20.3057,46.0536],[20.3177,46.0386],[20.3386,45.9928],[20.3539,45.9767],[20.371,45.9678],[20.4103,45.9556],[20.4291,45.9467],[20.4817,45.9127],[20.4999,45.9067],[20.538,45.9037],[20.5567,45.8984],[20.5721,45.8877],[20.6053,45.8461],[20.6123,45.8415],[20.6297,45.8333],[20.6367,45.827],[20.6401,45.8187],[20.6423,45.7983],[20.6435,45.7951],[20.6432,45.7949],[20.642,45.7937],[20.64,45.7923],[20.6378,45.7911],[20.6329,45.7892],[20.6312,45.7882],[20.6307,45.7871],[20.6307,45.7859],[20.6317,45.7839],[20.6343,45.7815],[20.6391,45.7778],[20.6415,45.7746],[20.644,45.7688],[20.6445,45.7673],[20.6445,45.7653],[20.6438,45.7633],[20.6424,45.7616],[20.6319,45.7557],[20.6288,45.7529],[20.6266,45.7502],[20.623,45.7429],[20.6197,45.733],[20.6191,45.7301],[20.6188,45.7241],[20.6189,45.7179],[20.6194,45.7119],[20.6203,45.7063],[20.6199,45.7044],[20.6185,45.703],[20.6169,45.7023],[20.615,45.7019],[20.6113,45.7014],[20.6031,45.701],[20.5946,45.7],[20.5881,45.6996],[20.5849,45.6999],[20.5818,45.7004],[20.5776,45.7016],[20.5677,45.7048],[20.5635,45.7059],[20.5605,45.7063],[20.5575,45.7063],[20.5554,45.706],[20.5535,45.7054],[20.551,45.704],[20.5446,45.6991],[20.5364,45.6942],[20.5315,45.6899],[20.5292,45.6887],[20.5238,45.6866],[20.5122,45.6816],[20.5083,45.6788],[20.5063,45.6763],[20.5038,45.6695],[20.5007,45.6648],[20.4998,45.6628],[20.4981,45.6572],[20.4979,45.6558],[20.4982,45.6538],[20.4994,45.6517],[20.5044,45.6455],[20.507,45.6389],[20.509,45.6355],[20.5159,45.6294],[20.517,45.628],[20.5191,45.6238],[20.5209,45.6212],[20.5233,45.6186],[20.5291,45.6131],[20.5165,45.6104],[20.511,45.6097],[20.5038,45.6096],[20.5004,45.6098],[20.4972,45.6103],[20.4856,45.6134],[20.482,45.614],[20.4783,45.6143],[20.4706,45.6145],[20.4434,45.6148],[20.4319,45.6145],[20.4282,45.6141],[20.4234,45.6129],[20.4154,45.6095],[20.4129,45.6088],[20.4072,45.6078],[20.3968,45.6065],[20.3904,45.6049],[20.3782,45.6014],[20.3715,45.6],[20.3668,45.5987],[20.3646,45.5984],[20.3624,45.5984],[20.3602,45.5987],[20.3513,45.6012],[20.3485,45.6025],[20.3469,45.6037],[20.3425,45.6087],[20.3414,45.6095],[20.3395,45.6102],[20.3295,45.6119],[20.3236,45.6137],[20.3251,45.6165],[20.3271,45.6213],[20.329,45.6298],[20.3301,45.6319],[20.3319,45.6335],[20.3337,45.6342],[20.3359,45.6346],[20.3457,45.6352],[20.348,45.6355],[20.3501,45.6361],[20.3526,45.6375],[20.3539,45.6387],[20.3548,45.6401],[20.3553,45.6422],[20.3548,45.6444],[20.3528,45.6474],[20.3492,45.6509],[20.3434,45.6546],[20.3362,45.6558],[20.331,45.6622],[20.3318,45.6705],[20.3363,45.675],[20.347,45.6802],[20.3485,45.6804],[20.3494,45.6794],[20.3495,45.6775],[20.3486,45.6733],[20.3456,45.6705],[20.3439,45.6681],[20.3437,45.6651],[20.3447,45.6622],[20.3488,45.6598],[20.3505,45.6592],[20.3549,45.6602],[20.3629,45.6624],[20.3657,45.6638],[20.3708,45.6676],[20.3754,45.6695],[20.3774,45.6706],[20.3816,45.6751],[20.3839,45.6762],[20.3865,45.6765],[20.389,45.6762],[20.3941,45.6749],[20.3971,45.6745],[20.4001,45.6746],[20.4024,45.6749],[20.4045,45.6756],[20.4068,45.6769],[20.4082,45.6788],[20.4087,45.6807],[20.4086,45.6857],[20.4093,45.6878],[20.4108,45.6898],[20.4152,45.6936],[20.4218,45.698],[20.4236,45.6996],[20.4241,45.7007],[20.4236,45.7025],[20.4218,45.7041],[20.4167,45.7074],[20.4115,45.7112],[20.4079,45.7132],[20.4057,45.7141],[20.4013,45.7152],[20.3983,45.7155],[20.3913,45.7155],[20.3901,45.7157],[20.3874,45.7167],[20.3853,45.7184],[20.3839,45.7206],[20.3818,45.7272],[20.3809,45.7293],[20.3778,45.7333],[20.372,45.7387],[20.3706,45.7405],[20.3666,45.7484],[20.363,45.7528],[20.3598,45.7577],[20.357,45.7667],[20.353,45.775],[20.3522,45.7779],[20.3513,45.7838],[20.3506,45.7866],[20.3496,45.7885],[20.348,45.7898],[20.3464,45.7903],[20.3446,45.7904],[20.3408,45.7898],[20.3351,45.7884],[20.3288,45.7861],[20.3257,45.7854],[20.3244,45.7854],[20.3217,45.786],[20.3162,45.7882],[20.3134,45.7889],[20.3054,45.7904],[20.3033,45.7907],[20.3003,45.7908],[20.2866,45.7893],[20.2791,45.7881],[20.2669,45.787],[20.2548,45.7853],[20.247,45.785],[20.231,45.7851],[20.223,45.7852],[20.2152,45.7856],[20.203,45.7874],[20.1814,45.7884],[20.1768,45.7889],[20.1729,45.7897],[20.1648,45.7918],[20.1593,45.7883],[20.1574,45.7869],[20.1453,45.7801],[20.1467,45.7652],[20.1537,45.7553],[20.1617,45.7491],[20.1622,45.7425],[20.1467,45.7316],[20.1349,45.7281],[20.1142,45.7243],[20.1125,45.7262],[20.1111,45.7275],[20.1043,45.7312],[20.0989,45.7346],[20.0945,45.738],[20.0893,45.743],[20.0853,45.7461],[20.0825,45.7477],[20.0781,45.7496],[20.0739,45.7511],[20.0709,45.7518],[20.0603,45.7537],[20.0526,45.7544],[20.0041,45.7547],[19.9962,45.7551],[19.9924,45.7556],[19.9875,45.7569],[19.976,45.7627],[19.9712,45.7642],[19.9617,45.7659],[19.9503,45.769],[19.9466,45.7696],[19.9311,45.7705],[19.9274,45.7711],[19.9159,45.7742],[19.9124,45.7747],[19.9049,45.7752],[19.8932,45.7752],[19.8855,45.7745],[19.8789,45.7733],[19.8747,45.7729],[19.8606,45.7722],[19.8596,45.7757],[19.8562,45.7825],[19.8556,45.785],[19.8556,45.7874],[19.8568,45.7928],[19.8568,45.795],[19.8561,45.7966],[19.855,45.7981],[19.8488,45.8034],[19.8452,45.8079],[19.8346,45.8279],[19.8239,45.8271],[19.8178,45.8271],[19.8154,45.8272],[19.8132,45.8277],[19.8109,45.8292],[19.8098,45.8305],[19.808,45.8334],[19.8072,45.835],[19.8066,45.8372],[19.8064,45.842],[19.8073,45.8496],[19.807,45.8516],[19.8056,45.8538],[19.7991,45.8601],[19.7973,45.8624],[19.7962,45.8645],[19.7938,45.8712],[19.7924,45.8732],[19.7858,45.8808],[19.7649,45.9024],[19.772,45.9049],[19.7782,45.9073],[19.7846,45.9103],[19.7888,45.912],[19.7949,45.9157],[19.7976,45.9171],[19.8032,45.9186],[19.8056,45.9196],[19.8066,45.9203],[19.8073,45.9213],[19.8078,45.9233],[19.8075,45.9255],[19.8062,45.9287],[19.8036,45.936],[19.8023,45.9386],[19.8003,45.9417],[19.7995,45.9485],[19.7998,45.9513],[19.8033,45.9602],[19.8038,45.9625],[19.8039,45.9649],[19.8032,45.9696],[19.8013,45.9757],[19.7992,45.9874],[19.7994,45.9895],[19.8021,45.9951],[19.8026,45.9972],[19.8025,46.002],[19.8029,46.0039],[19.8066,46.0097],[19.8076,46.0154],[19.8079,46.0163],[19.8088,46.0176],[19.8142,46.0228],[19.8158,46.0246],[19.8183,46.0287],[19.8212,46.0324],[19.825,46.0361],[19.8279,46.0384],[19.8305,46.04],[19.839,46.0432],[19.8417,46.0446],[19.844,46.0464],[19.8464,46.049],[19.8475,46.0517],[19.8488,46.0574],[19.8499,46.0602],[19.8565,46.0687],[19.8575,46.0713],[19.858,46.077],[19.8579,46.0842],[19.8582,46.0863],[19.8597,46.0907],[19.8598,46.0928],[19.8593,46.0949],[19.8559,46.1007],[19.8549,46.1029],[19.8517,46.1129],[19.8514,46.1152],[19.8515,46.1174],[19.8523,46.1195],[19.8546,46.1222],[19.8569,46.124],[19.8595,46.1256],[19.8689,46.1305],[19.8751,46.1343],[19.8777,46.1373],[19.8802,46.1423],[19.8804,46.1444],[19.8799,46.1465],[19.8791,46.148],[19.8767,46.1508],[19.8751,46.1522],[19.8736,46.153],[19.8889,46.1574],[19.9291,46.1635]]]}},{"type":"Feature","properties":{"id":"SRB-1061","name":"Srednje-Banatski","nameBn":"সেন্ট্রাল বানাট জেলা","type":"District","bounds":[20.0629,45.0652,21.0167,45.7951],"center":[20.5398,45.4421]},"geometry":{"type":"Polygon","coordinates":[[[20.6435,45.7951],[20.6459,45.7887],[20.6556,45.7773],[20.6786,45.7566],[20.6881,45.7431],[20.7001,45.7354],[20.7134,45.7333],[20.7268,45.7362],[20.7394,45.7434],[20.7453,45.755],[20.7541,45.7636],[20.7652,45.7668],[20.7775,45.7623],[20.7857,45.7526],[20.7855,45.7434],[20.7816,45.734],[20.7791,45.7237],[20.78,45.6717],[20.7773,45.6575],[20.7732,45.6489],[20.7622,45.6306],[20.7544,45.6056],[20.758,45.5893],[20.7874,45.5537],[20.8002,45.5305],[20.7976,45.5165],[20.7832,45.5061],[20.7607,45.4933],[20.7671,45.4793],[20.7816,45.4726],[20.7995,45.4685],[20.816,45.4629],[20.8304,45.4525],[20.863,45.4187],[20.9276,45.3775],[20.9662,45.3416],[20.9815,45.3328],[21.0167,45.3215],[21.0164,45.3207],[21.0137,45.3132],[21.0079,45.3071],[21.0069,45.3057],[20.9862,45.3029],[20.9831,45.3031],[20.9749,45.3054],[20.9711,45.306],[20.9672,45.3063],[20.9593,45.3061],[20.9555,45.3056],[20.9442,45.3027],[20.9406,45.3022],[20.9369,45.302],[20.9218,45.3017],[20.9181,45.3015],[20.9146,45.301],[20.9082,45.2988],[20.9034,45.2967],[20.8822,45.2859],[20.8686,45.2787],[20.8576,45.2723],[20.8482,45.2677],[20.8456,45.2665],[20.8387,45.2642],[20.8222,45.2604],[20.8193,45.2594],[20.8172,45.258],[20.8163,45.2567],[20.8162,45.2554],[20.8168,45.2543],[20.818,45.2532],[20.83,45.2461],[20.843,45.2392],[20.828,45.233],[20.8242,45.2308],[20.8123,45.2223],[20.8094,45.2196],[20.8064,45.2162],[20.8048,45.2148],[20.8,45.2115],[20.7966,45.2099],[20.7822,45.207],[20.7741,45.205],[20.7723,45.2041],[20.7703,45.2025],[20.7663,45.1971],[20.7649,45.1958],[20.7631,45.1947],[20.7593,45.1931],[20.7574,45.1925],[20.7504,45.1914],[20.7484,45.1909],[20.7466,45.1902],[20.7439,45.1888],[20.7391,45.1857],[20.7378,45.1844],[20.7369,45.1831],[20.7363,45.1816],[20.7362,45.1767],[20.7356,45.1746],[20.7325,45.1688],[20.7297,45.1598],[20.7288,45.1582],[20.7276,45.1568],[20.726,45.1556],[20.7224,45.1539],[20.7207,45.1533],[20.7187,45.1531],[20.7168,45.1532],[20.7144,45.1542],[20.7128,45.1553],[20.7055,45.161],[20.6953,45.1715],[20.6906,45.1773],[20.6886,45.1794],[20.6863,45.181],[20.6835,45.182],[20.6809,45.1822],[20.6622,45.1905],[20.6592,45.1923],[20.6531,45.1969],[20.6472,45.2001],[20.6386,45.2035],[20.6248,45.2085],[20.6177,45.2105],[20.6141,45.211],[20.6025,45.2117],[20.5987,45.2121],[20.5951,45.2128],[20.5814,45.2181],[20.5784,45.2189],[20.5755,45.2192],[20.5734,45.2192],[20.5675,45.2184],[20.5637,45.2171],[20.5603,45.2154],[20.5586,45.2137],[20.5574,45.2118],[20.5536,45.2041],[20.5517,45.1973],[20.5506,45.1955],[20.5473,45.192],[20.5451,45.1902],[20.5427,45.1887],[20.5399,45.188],[20.5366,45.1882],[20.5324,45.1896],[20.5237,45.1948],[20.5209,45.1957],[20.5189,45.1958],[20.5169,45.1956],[20.5134,45.1943],[20.5097,45.1924],[20.5076,45.1917],[20.5054,45.1912],[20.5026,45.191],[20.4997,45.1913],[20.4977,45.1919],[20.496,45.1928],[20.4949,45.194],[20.494,45.1955],[20.4934,45.2001],[20.4928,45.2014],[20.4918,45.2026],[20.4896,45.2035],[20.4879,45.2038],[20.4861,45.2035],[20.4839,45.2027],[20.4821,45.2015],[20.4805,45.1998],[20.4795,45.1978],[20.4769,45.191],[20.4752,45.1887],[20.4657,45.1794],[20.4628,45.1755],[20.459,45.1697],[20.4569,45.1659],[20.4549,45.1634],[20.4463,45.1555],[20.4442,45.1531],[20.4432,45.1508],[20.4432,45.15],[20.4443,45.1481],[20.4495,45.1424],[20.4544,45.138],[20.4558,45.1363],[20.4561,45.1342],[20.4553,45.132],[20.4542,45.1303],[20.4517,45.128],[20.4492,45.1266],[20.4472,45.1259],[20.4402,45.1241],[20.4384,45.1233],[20.4362,45.122],[20.4319,45.1182],[20.43,45.1157],[20.4299,45.1138],[20.4311,45.1123],[20.4339,45.1094],[20.4345,45.1074],[20.4345,45.1054],[20.4342,45.1034],[20.4335,45.1013],[20.4321,45.0993],[20.4227,45.0894],[20.4205,45.0878],[20.4136,45.0846],[20.4089,45.08],[20.4009,45.0747],[20.3952,45.0652],[20.3938,45.0667],[20.3847,45.0712],[20.376,45.0762],[20.3726,45.0778],[20.3678,45.0797],[20.3634,45.0811],[20.3596,45.0817],[20.3516,45.0821],[20.339,45.0803],[20.2895,45.1322],[20.2778,45.141],[20.2815,45.1536],[20.2837,45.1695],[20.2888,45.1837],[20.3165,45.1957],[20.3186,45.2092],[20.3118,45.2341],[20.3014,45.2585],[20.2524,45.287],[20.2361,45.3064],[20.242,45.3146],[20.2471,45.3247],[20.2536,45.3342],[20.264,45.3406],[20.2483,45.3556],[20.2143,45.3796],[20.2019,45.3952],[20.2298,45.443],[20.2065,45.4656],[20.113,45.5272],[20.103,45.5376],[20.0989,45.5492],[20.1031,45.5639],[20.1126,45.5742],[20.122,45.5816],[20.1262,45.587],[20.1217,45.5983],[20.1113,45.6019],[20.0821,45.6007],[20.0629,45.6034],[20.0641,45.6103],[20.0858,45.628],[20.1019,45.6531],[20.1049,45.6746],[20.0999,45.6952],[20.092,45.7174],[20.1033,45.7223],[20.1142,45.7243],[20.1349,45.7281],[20.1467,45.7316],[20.1622,45.7425],[20.1617,45.7491],[20.1537,45.7553],[20.1467,45.7652],[20.1453,45.7801],[20.1574,45.7869],[20.1593,45.7883],[20.1648,45.7918],[20.1729,45.7897],[20.1768,45.7889],[20.1814,45.7884],[20.203,45.7874],[20.2152,45.7856],[20.223,45.7852],[20.231,45.7851],[20.247,45.785],[20.2548,45.7853],[20.2669,45.787],[20.2791,45.7881],[20.2866,45.7893],[20.3003,45.7908],[20.3033,45.7907],[20.3054,45.7904],[20.3134,45.7889],[20.3162,45.7882],[20.3217,45.786],[20.3244,45.7854],[20.3257,45.7854],[20.3288,45.7861],[20.3351,45.7884],[20.3408,45.7898],[20.3446,45.7904],[20.3464,45.7903],[20.348,45.7898],[20.3496,45.7885],[20.3506,45.7866],[20.3513,45.7838],[20.3522,45.7779],[20.353,45.775],[20.357,45.7667],[20.3598,45.7577],[20.363,45.7528],[20.3666,45.7484],[20.3706,45.7405],[20.372,45.7387],[20.3778,45.7333],[20.3809,45.7293],[20.3818,45.7272],[20.3839,45.7206],[20.3853,45.7184],[20.3874,45.7167],[20.3901,45.7157],[20.3913,45.7155],[20.3983,45.7155],[20.4013,45.7152],[20.4057,45.7141],[20.4079,45.7132],[20.4115,45.7112],[20.4167,45.7074],[20.4218,45.7041],[20.4236,45.7025],[20.4241,45.7007],[20.4236,45.6996],[20.4218,45.698],[20.4152,45.6936],[20.4108,45.6898],[20.4093,45.6878],[20.4086,45.6857],[20.4087,45.6807],[20.4082,45.6788],[20.4068,45.6769],[20.4045,45.6756],[20.4024,45.6749],[20.4001,45.6746],[20.3971,45.6745],[20.3941,45.6749],[20.389,45.6762],[20.3865,45.6765],[20.3839,45.6762],[20.3816,45.6751],[20.3774,45.6706],[20.3754,45.6695],[20.3708,45.6676],[20.3657,45.6638],[20.3629,45.6624],[20.3549,45.6602],[20.3505,45.6592],[20.3488,45.6598],[20.3447,45.6622],[20.3437,45.6651],[20.3439,45.6681],[20.3456,45.6705],[20.3486,45.6733],[20.3495,45.6775],[20.3494,45.6794],[20.3485,45.6804],[20.347,45.6802],[20.3363,45.675],[20.3318,45.6705],[20.331,45.6622],[20.3362,45.6558],[20.3434,45.6546],[20.3492,45.6509],[20.3528,45.6474],[20.3548,45.6444],[20.3553,45.6422],[20.3548,45.6401],[20.3539,45.6387],[20.3526,45.6375],[20.3501,45.6361],[20.348,45.6355],[20.3457,45.6352],[20.3359,45.6346],[20.3337,45.6342],[20.3319,45.6335],[20.3301,45.6319],[20.329,45.6298],[20.3271,45.6213],[20.3251,45.6165],[20.3236,45.6137],[20.3295,45.6119],[20.3395,45.6102],[20.3414,45.6095],[20.3425,45.6087],[20.3469,45.6037],[20.3485,45.6025],[20.3513,45.6012],[20.3602,45.5987],[20.3624,45.5984],[20.3646,45.5984],[20.3668,45.5987],[20.3715,45.6],[20.3782,45.6014],[20.3904,45.6049],[20.3968,45.6065],[20.4072,45.6078],[20.4129,45.6088],[20.4154,45.6095],[20.4234,45.6129],[20.4282,45.6141],[20.4319,45.6145],[20.4434,45.6148],[20.4706,45.6145],[20.4783,45.6143],[20.482,45.614],[20.4856,45.6134],[20.4972,45.6103],[20.5004,45.6098],[20.5038,45.6096],[20.511,45.6097],[20.5165,45.6104],[20.5291,45.6131],[20.5233,45.6186],[20.5209,45.6212],[20.5191,45.6238],[20.517,45.628],[20.5159,45.6294],[20.509,45.6355],[20.507,45.6389],[20.5044,45.6455],[20.4994,45.6517],[20.4982,45.6538],[20.4979,45.6558],[20.4981,45.6572],[20.4998,45.6628],[20.5007,45.6648],[20.5038,45.6695],[20.5063,45.6763],[20.5083,45.6788],[20.5122,45.6816],[20.5238,45.6866],[20.5292,45.6887],[20.5315,45.6899],[20.5364,45.6942],[20.5446,45.6991],[20.551,45.704],[20.5535,45.7054],[20.5554,45.706],[20.5575,45.7063],[20.5605,45.7063],[20.5635,45.7059],[20.5677,45.7048],[20.5776,45.7016],[20.5818,45.7004],[20.5849,45.6999],[20.5881,45.6996],[20.5946,45.7],[20.6031,45.701],[20.6113,45.7014],[20.615,45.7019],[20.6169,45.7023],[20.6185,45.703],[20.6199,45.7044],[20.6203,45.7063],[20.6194,45.7119],[20.6189,45.7179],[20.6188,45.7241],[20.6191,45.7301],[20.6197,45.733],[20.623,45.7429],[20.6266,45.7502],[20.6288,45.7529],[20.6319,45.7557],[20.6424,45.7616],[20.6438,45.7633],[20.6445,45.7653],[20.6445,45.7673],[20.644,45.7688],[20.6415,45.7746],[20.6391,45.7778],[20.6343,45.7815],[20.6317,45.7839],[20.6307,45.7859],[20.6307,45.7871],[20.6312,45.7882],[20.6329,45.7892],[20.6378,45.7911],[20.64,45.7923],[20.642,45.7937],[20.6432,45.7949],[20.6435,45.7951]]]}},{"type":"Feature","properties":{"id":"SRB-281","name":"Sremski","nameBn":"স্রেম জেলা","type":"District","bounds":[18.9914,44.6318,20.3569,45.1995],"center":[19.6739,45.0381]},"geometry":{"type":"Polygon","coordinates":[[[19.2019,44.9084],[19.1969,44.9132],[19.1932,44.9215],[19.1869,44.9275],[19.1743,44.9254],[19.0846,44.879],[19.0684,44.8748],[19.0478,44.8727],[19.0158,44.8656],[18.9943,44.8948],[18.9914,44.9149],[19.0184,44.9257],[19.0319,44.9226],[19.0521,44.907],[19.0667,44.9057],[19.0787,44.9109],[19.0879,44.9193],[19.1036,44.9382],[19.1131,44.9424],[19.1245,44.9459],[19.1317,44.9532],[19.1276,44.9684],[19.1186,44.9755],[19.0981,44.97],[19.0872,44.9771],[19.0852,44.9873],[19.0885,44.9995],[19.0932,45.0115],[19.0954,45.0209],[19.0943,45.0314],[19.086,45.0609],[19.0823,45.0849],[19.0792,45.0946],[19.0715,45.1071],[19.0641,45.1136],[19.0542,45.1206],[19.0462,45.1284],[19.0449,45.1372],[19.0601,45.1469],[19.1161,45.1429],[19.1377,45.146],[19.1417,45.1622],[19.1288,45.1811],[19.1219,45.1958],[19.1439,45.1995],[19.1558,45.195],[19.1746,45.1758],[19.1853,45.168],[19.2045,45.1629],[19.2259,45.1619],[19.2678,45.1658],[19.2728,45.1684],[19.2758,45.1729],[19.2795,45.1772],[19.2867,45.1795],[19.2914,45.1777],[19.2994,45.169],[19.3043,45.1665],[19.3907,45.1693],[19.3939,45.1716],[19.4001,45.1656],[19.4073,45.1585],[19.4086,45.1575],[19.4113,45.1558],[19.4126,45.1548],[19.4132,45.1542],[19.4142,45.1531],[19.416,45.1507],[19.4165,45.1501],[19.4171,45.1496],[19.4178,45.1492],[19.4186,45.1488],[19.4238,45.1469],[19.4255,45.1464],[19.4263,45.1462],[19.4272,45.1461],[19.428,45.1461],[19.4289,45.1463],[19.4297,45.1467],[19.4305,45.147],[19.4311,45.1474],[19.4324,45.1482],[19.4348,45.1501],[19.4366,45.1518],[19.4481,45.1636],[19.4474,45.1644],[19.4467,45.1666],[19.4471,45.1684],[19.4483,45.17],[19.4501,45.1712],[19.4523,45.1721],[19.4573,45.1736],[19.4609,45.1741],[19.4624,45.1741],[19.4647,45.1737],[19.4669,45.1728],[19.472,45.1694],[19.4742,45.1685],[19.4766,45.1678],[19.481,45.1673],[19.504,45.1657],[19.5049,45.1653],[19.5097,45.1613],[19.5125,45.1596],[19.5147,45.1588],[19.5171,45.1582],[19.5238,45.1572],[19.527,45.1566],[19.5294,45.1559],[19.5316,45.155],[19.5386,45.1505],[19.5428,45.1488],[19.5452,45.1482],[19.5491,45.1477],[19.5611,45.147],[19.5649,45.1464],[19.5754,45.1442],[19.5898,45.1405],[19.6001,45.1384],[19.6031,45.1382],[19.6061,45.1383],[19.6206,45.1413],[19.6244,45.1417],[19.6284,45.142],[19.6407,45.1421],[19.6988,45.1417],[19.7181,45.147],[19.7252,45.1494],[19.7305,45.1517],[19.7331,45.1526],[19.7362,45.1532],[19.7495,45.1539],[19.7527,45.1545],[19.7554,45.1555],[19.758,45.1569],[19.7633,45.1603],[19.7731,45.1671],[19.7838,45.157],[19.792,45.1471],[19.7936,45.146],[19.7953,45.1454],[19.7973,45.1451],[19.7991,45.1453],[19.8081,45.1472],[19.8118,45.1478],[19.8197,45.1481],[19.8361,45.1481],[19.8533,45.1479],[19.8623,45.1475],[19.866,45.147],[19.8681,45.1464],[19.8838,45.1456],[19.898,45.1452],[19.8997,45.1448],[19.904,45.1434],[19.9057,45.143],[19.9126,45.1426],[19.9297,45.1446],[19.9363,45.1456],[19.9409,45.1465],[19.9542,45.148],[19.9577,45.1489],[19.961,45.15],[19.9642,45.1514],[19.9734,45.1558],[19.978,45.1582],[19.9803,45.1598],[19.9811,45.1608],[19.9815,45.1619],[19.9809,45.1634],[19.9795,45.1649],[19.9751,45.1681],[19.9732,45.1698],[19.9724,45.1711],[19.9722,45.1725],[19.9728,45.1737],[19.9739,45.1747],[19.9856,45.1898],[20.0423,45.1778],[20.0648,45.1755],[20.185,45.185],[20.2224,45.1755],[20.257,45.1567],[20.2778,45.141],[20.2895,45.1322],[20.339,45.0803],[20.3459,45.0731],[20.3569,45.0345],[20.3333,45.0105],[20.304,44.9939],[20.2981,44.9775],[20.2907,44.9775],[20.3032,44.9547],[20.3189,44.9344],[20.3247,44.9292],[20.2809,44.9193],[20.2585,44.9155],[20.2463,44.9153],[20.2431,44.9151],[20.2388,44.9142],[20.236,44.9129],[20.2299,44.9095],[20.2233,44.9063],[20.2156,44.9011],[20.2027,44.8938],[20.2008,44.8929],[20.1981,44.8922],[20.195,44.8918],[20.1872,44.8916],[20.1792,44.892],[20.171,44.893],[20.168,44.893],[20.1657,44.8927],[20.1636,44.8921],[20.1613,44.891],[20.1568,44.8882],[20.155,44.8864],[20.1544,44.8849],[20.1541,44.8834],[20.1537,44.8775],[20.1533,44.8753],[20.1501,44.8654],[20.147,44.8601],[20.136,44.8442],[20.1346,44.8372],[20.1339,44.8299],[20.133,44.8276],[20.1315,44.8254],[20.1279,44.8212],[20.1265,44.819],[20.1255,44.8165],[20.1251,44.8138],[20.1245,44.8029],[20.1238,44.8004],[20.1229,44.7988],[20.1217,44.7974],[20.1182,44.7951],[20.1145,44.7934],[20.1078,44.7911],[20.1008,44.7896],[20.0978,44.7895],[20.0938,44.7898],[20.091,44.7898],[20.0889,44.7896],[20.0872,44.789],[20.0852,44.7876],[20.0826,44.7845],[20.0818,44.7831],[20.0809,44.7804],[20.0807,44.7775],[20.0809,44.7746],[20.0818,44.7718],[20.0827,44.7702],[20.084,44.7687],[20.0877,44.7665],[20.0915,44.7647],[20.0986,44.7625],[20.1065,44.7607],[20.1082,44.7599],[20.1097,44.7584],[20.1104,44.7565],[20.1104,44.7546],[20.1086,44.7498],[20.1077,44.7478],[20.1062,44.7462],[20.1047,44.7453],[20.0988,44.7425],[20.0975,44.7416],[20.0969,44.7401],[20.0973,44.7391],[20.1026,44.7342],[20.1034,44.7324],[20.1035,44.7304],[20.1031,44.729],[20.1008,44.7234],[20.0982,44.72],[20.0941,44.7082],[20.0455,44.6903],[20.0272,44.6789],[20.0066,44.6617],[19.9734,44.6412],[19.9404,44.6318],[19.9207,44.6479],[19.9308,44.6593],[19.9896,44.6786],[20.0101,44.6889],[19.9826,44.6959],[19.914,44.6954],[19.8897,44.7069],[19.8728,44.7197],[19.8463,44.7335],[19.7966,44.7516],[19.7453,44.7522],[19.729,44.7578],[19.7203,44.7645],[19.7154,44.772],[19.7113,44.7801],[19.705,44.7888],[19.7006,44.8076],[19.71,44.8302],[19.7533,44.8921],[19.7587,44.9049],[19.7569,44.9154],[19.749,44.9184],[19.7221,44.921],[19.7002,44.9297],[19.6831,44.9319],[19.6735,44.9345],[19.6447,44.9127],[19.6414,44.9132],[19.6334,44.9139],[19.6124,44.9143],[19.6043,44.9142],[19.6003,44.914],[19.5966,44.9135],[19.5895,44.9115],[19.5721,44.9052],[19.5624,44.9019],[19.5583,44.9009],[19.5552,44.9006],[19.5521,44.9005],[19.549,44.9008],[19.5414,44.9019],[19.5317,44.9029],[19.5265,44.904],[19.5203,44.9062],[19.5176,44.9078],[19.5084,44.914],[19.506,44.9153],[19.5036,44.9164],[19.5006,44.9169],[19.4992,44.9169],[19.4963,44.9163],[19.4934,44.9153],[19.4892,44.9134],[19.4866,44.9117],[19.4826,44.9087],[19.4779,44.9042],[19.4739,44.9014],[19.4713,44.9002],[19.4691,44.8997],[19.4669,44.8996],[19.465,44.8998],[19.4609,44.9011],[19.4588,44.9019],[19.4563,44.9036],[19.4544,44.9056],[19.4515,44.9119],[19.4475,44.9182],[19.4444,44.9245],[19.4429,44.9263],[19.439,44.9297],[19.4336,44.9332],[19.4221,44.9392],[19.4193,44.9403],[19.4145,44.9416],[19.4113,44.9419],[19.4082,44.9419],[19.4061,44.9416],[19.3957,44.9318],[19.3975,44.9235],[19.3864,44.9154],[19.3716,44.9139],[19.3406,44.9215],[19.3249,44.9223],[19.3412,44.9097],[19.359,44.9011],[19.357,44.8959],[19.3532,44.899],[19.353,44.8981],[19.3503,44.897],[19.3401,44.8962],[19.3302,44.8987],[19.3102,44.9124],[19.3013,44.9124],[19.293,44.9094],[19.2838,44.9084],[19.2395,44.9151],[19.2296,44.9137],[19.2119,44.9084],[19.2019,44.9084]]]}},{"type":"Feature","properties":{"id":"SRB-835","name":"Toplicki","nameBn":"টপ্লিকা জেলা","type":"District","bounds":[20.9125,42.8417,21.8149,43.3867],"center":[21.3637,43.1198]},"geometry":{"type":"Polygon","coordinates":[[[20.9934,43.1041],[20.9125,43.1388],[20.915,43.1419],[20.9204,43.1499],[20.9261,43.1549],[20.9305,43.1606],[20.9326,43.1624],[20.9358,43.1642],[20.9431,43.1664],[20.945,43.1671],[20.9471,43.1685],[20.9549,43.1753],[20.9555,43.1764],[20.9557,43.1781],[20.9553,43.1794],[20.9534,43.1826],[20.9524,43.1852],[20.9519,43.1881],[20.9507,43.1999],[20.9484,43.2084],[20.9479,43.2138],[20.9483,43.2191],[20.949,43.2216],[20.9511,43.2246],[20.9603,43.2317],[20.9658,43.2377],[20.967,43.2399],[20.9671,43.2418],[20.9659,43.2452],[20.9655,43.2477],[20.9662,43.2496],[20.968,43.2511],[20.9716,43.2522],[20.98,43.2538],[20.9845,43.2549],[20.9874,43.255],[20.9889,43.2546],[20.9967,43.2514],[21.0012,43.2499],[21.0086,43.248],[21.0119,43.248],[21.0166,43.2488],[21.0242,43.251],[21.032,43.2546],[21.0337,43.255],[21.0361,43.255],[21.0377,43.2546],[21.0438,43.2518],[21.0498,43.2498],[21.0514,43.2491],[21.0527,43.2481],[21.0536,43.2469],[21.0561,43.2425],[21.058,43.2411],[21.0596,43.2403],[21.0663,43.2374],[21.0689,43.2366],[21.0725,43.2359],[21.0803,43.2356],[21.0842,43.2358],[21.0879,43.2363],[21.095,43.2382],[21.1019,43.2405],[21.1063,43.2423],[21.1121,43.2456],[21.1168,43.2477],[21.1227,43.2501],[21.1304,43.2525],[21.1318,43.2531],[21.1341,43.2548],[21.1361,43.257],[21.1388,43.2612],[21.1404,43.263],[21.1428,43.2645],[21.1477,43.2663],[21.1496,43.2674],[21.1507,43.269],[21.1514,43.2709],[21.1516,43.273],[21.1517,43.2788],[21.1519,43.2803],[21.1525,43.2818],[21.1534,43.283],[21.1587,43.2882],[21.1601,43.29],[21.161,43.2921],[21.1631,43.2985],[21.164,43.3],[21.1653,43.3014],[21.1687,43.3037],[21.1781,43.3086],[21.1849,43.3131],[21.1916,43.3161],[21.1939,43.3173],[21.1958,43.3188],[21.1973,43.3204],[21.1984,43.3224],[21.1992,43.3244],[21.2004,43.3294],[21.2002,43.3314],[21.1975,43.3369],[21.1972,43.339],[21.1975,43.3407],[21.1982,43.3424],[21.1998,43.3446],[21.202,43.3467],[21.2048,43.3484],[21.209,43.3504],[21.2113,43.3519],[21.2126,43.3532],[21.2128,43.3539],[21.2214,43.356],[21.2353,43.3586],[21.246,43.3594],[21.25,43.3603],[21.2687,43.3674],[21.289,43.3765],[21.2928,43.3779],[21.2976,43.3793],[21.3032,43.3803],[21.3182,43.381],[21.3218,43.3813],[21.3252,43.3818],[21.3291,43.383],[21.3353,43.3857],[21.337,43.3863],[21.3397,43.3867],[21.3424,43.3866],[21.3444,43.3863],[21.3574,43.3835],[21.3624,43.382],[21.37,43.3787],[21.374,43.3777],[21.3762,43.3776],[21.3789,43.3779],[21.3846,43.3793],[21.3908,43.3801],[21.3991,43.3807],[21.4041,43.3808],[21.4038,43.3816],[21.4043,43.3829],[21.4065,43.3841],[21.4094,43.3847],[21.4126,43.3848],[21.4159,43.3846],[21.4183,43.384],[21.4205,43.3832],[21.4231,43.3818],[21.4251,43.38],[21.4286,43.3742],[21.4297,43.373],[21.4308,43.3722],[21.434,43.3708],[21.44,43.3688],[21.4472,43.3668],[21.4502,43.3664],[21.4533,43.3662],[21.4601,43.3663],[21.4634,43.3667],[21.4694,43.3678],[21.4794,43.3566],[21.4851,43.3499],[21.4873,43.3483],[21.4901,43.3474],[21.4933,43.3474],[21.5034,43.3489],[21.5098,43.3491],[21.513,43.349],[21.5161,43.3486],[21.5265,43.3467],[21.5294,43.346],[21.5373,43.3433],[21.5407,43.3427],[21.5479,43.3422],[21.5591,43.3421],[21.5666,43.3425],[21.5703,43.343],[21.577,43.3446],[21.5939,43.3492],[21.5928,43.3358],[21.5923,43.3334],[21.5895,43.3283],[21.5862,43.3235],[21.5837,43.3205],[21.5797,43.3167],[21.5787,43.3153],[21.5781,43.3137],[21.5781,43.3117],[21.5787,43.3102],[21.5796,43.3087],[21.5835,43.305],[21.5846,43.3035],[21.586,43.3001],[21.5871,43.2953],[21.5881,43.2936],[21.5894,43.292],[21.5936,43.2883],[21.5958,43.2853],[21.5979,43.2812],[21.5989,43.2799],[21.6016,43.2773],[21.6032,43.2761],[21.6052,43.2752],[21.6074,43.2746],[21.6167,43.2733],[21.6196,43.2726],[21.6215,43.2719],[21.623,43.271],[21.6249,43.2693],[21.626,43.2676],[21.626,43.2662],[21.6253,43.2649],[21.6229,43.2627],[21.6167,43.2589],[21.6146,43.257],[21.6121,43.2537],[21.6113,43.2523],[21.6107,43.2502],[21.6106,43.2481],[21.611,43.2459],[21.6125,43.243],[21.6149,43.2394],[21.6164,43.238],[21.6183,43.2367],[21.6232,43.2342],[21.6261,43.2329],[21.6291,43.2319],[21.6329,43.2313],[21.6351,43.2312],[21.6361,43.2314],[21.6487,43.2298],[21.6525,43.2289],[21.655,43.2282],[21.6587,43.2263],[21.6623,43.2237],[21.6657,43.2216],[21.6755,43.2174],[21.6859,43.2109],[21.6883,43.2097],[21.6906,43.2088],[21.6934,43.2085],[21.695,43.2087],[21.6974,43.2098],[21.6989,43.2107],[21.7002,43.2118],[21.701,43.2131],[21.7013,43.2145],[21.7012,43.2159],[21.7002,43.2193],[21.6983,43.2244],[21.6978,43.2266],[21.6978,43.2288],[21.6981,43.231],[21.6995,43.2366],[21.7003,43.2448],[21.7007,43.2474],[21.7017,43.2499],[21.7025,43.2513],[21.7056,43.2544],[21.708,43.2557],[21.7098,43.256],[21.7117,43.256],[21.7146,43.2553],[21.7171,43.254],[21.7191,43.2521],[21.7219,43.2489],[21.7234,43.2477],[21.7252,43.2467],[21.7289,43.2456],[21.7316,43.2454],[21.7376,43.2464],[21.7406,43.2465],[21.7437,43.2464],[21.7534,43.2446],[21.7557,43.2443],[21.7581,43.2443],[21.7605,43.2446],[21.7631,43.2452],[21.7659,43.2466],[21.7707,43.2324],[21.7719,43.2296],[21.7737,43.2271],[21.7786,43.222],[21.7796,43.2202],[21.7795,43.2184],[21.7788,43.2172],[21.777,43.2155],[21.7747,43.214],[21.767,43.2101],[21.7635,43.2078],[21.7622,43.2064],[21.7614,43.2049],[21.761,43.2029],[21.7611,43.2009],[21.7619,43.1989],[21.7632,43.1972],[21.7688,43.1929],[21.773,43.188],[21.7753,43.1856],[21.7867,43.1767],[21.7892,43.1743],[21.797,43.1652],[21.8039,43.1589],[21.8045,43.1578],[21.8047,43.1565],[21.8043,43.1553],[21.8028,43.1537],[21.8014,43.1528],[21.7956,43.1503],[21.7941,43.1495],[21.7927,43.1479],[21.7922,43.146],[21.7926,43.1441],[21.7942,43.142],[21.7967,43.1402],[21.7992,43.139],[21.8018,43.1382],[21.8043,43.1377],[21.8055,43.1378],[21.8111,43.1315],[21.814,43.1275],[21.8148,43.1256],[21.8149,43.1245],[21.8139,43.1225],[21.8072,43.1175],[21.8009,43.112],[21.794,43.107],[21.7749,43.0956],[21.7716,43.0942],[21.7605,43.0916],[21.757,43.0911],[21.747,43.0902],[21.7418,43.0891],[21.7348,43.087],[21.7235,43.0829],[21.7117,43.0774],[21.7089,43.0758],[21.7048,43.0728],[21.6986,43.0673],[21.6927,43.0636],[21.6882,43.0604],[21.6848,43.057],[21.6834,43.0548],[21.674,43.0526],[21.6659,43.0504],[21.6618,43.049],[21.66,43.0485],[21.6582,43.0483],[21.657,43.0484],[21.6553,43.0489],[21.6487,43.0524],[21.6444,43.0539],[21.6426,43.0543],[21.64,43.0542],[21.6381,43.0539],[21.6346,43.0524],[21.633,43.0513],[21.6317,43.05],[21.6306,43.0485],[21.6277,43.0429],[21.6264,43.0415],[21.6248,43.0403],[21.6212,43.0381],[21.6125,43.0336],[21.6036,43.0284],[21.6007,43.0271],[21.5984,43.0264],[21.596,43.0259],[21.592,43.0255],[21.588,43.0253],[21.5545,43.0254],[21.5505,43.0251],[21.5466,43.0246],[21.5426,43.0233],[21.5381,43.0216],[21.5356,43.0204],[21.525,43.0146],[21.5226,43.013],[21.5206,43.0111],[21.515,43.0048],[21.5127,43.0025],[21.5071,42.9985],[21.5018,42.9956],[21.4755,42.9831],[21.4667,42.9803],[21.4537,42.9764],[21.452,42.9755],[21.4508,42.9745],[21.4504,42.9732],[21.4505,42.9718],[21.4513,42.9697],[21.4544,42.9646],[21.4577,42.9586],[21.4592,42.9569],[21.4639,42.9532],[21.4649,42.9519],[21.4671,42.9464],[21.4682,42.9445],[21.4731,42.9384],[21.4743,42.9364],[21.4746,42.9344],[21.4741,42.9325],[21.4733,42.9313],[21.4681,42.9266],[21.4664,42.9248],[21.4639,42.9215],[21.4625,42.9203],[21.4608,42.9193],[21.4563,42.9173],[21.453,42.9155],[21.4501,42.9135],[21.4485,42.9117],[21.448,42.9104],[21.4479,42.909],[21.449,42.905],[21.4492,42.9031],[21.448,42.897],[21.448,42.895],[21.4489,42.8911],[21.4485,42.8892],[21.447,42.8869],[21.44,42.8803],[21.4383,42.8779],[21.4377,42.876],[21.4377,42.8708],[21.4373,42.8686],[21.4327,42.8596],[21.4324,42.858],[21.4084,42.8417],[21.4084,42.847],[21.3989,42.8546],[21.3788,42.8553],[21.3467,42.8608],[21.3364,42.8655],[21.317,42.8776],[21.3063,42.8824],[21.295,42.8844],[21.2716,42.8843],[21.2605,42.8866],[21.2324,42.9109],[21.2267,42.9425],[21.2253,42.9736],[21.2098,42.9959],[21.1931,42.9979],[21.1794,42.9906],[21.1654,42.9851],[21.1479,42.9926],[21.1393,43.0058],[21.124,43.0583],[21.1085,43.0816],[21.0926,43.0907],[21.0258,43.0934],[21.0052,43.0991],[20.9934,43.1041]]]}},{"type":"Feature","properties":{"id":"SRB-844","name":"Zajecarski","nameBn":"জাজেকার জেলা","type":"District","bounds":[21.646,43.3252,22.6589,44.1686],"center":[22.1524,43.6834]},"geometry":{"type":"Polygon","coordinates":[[[22.4659,44.0176],[22.4343,44.014],[22.4118,44.0069],[22.3996,43.9933],[22.3973,43.9809],[22.3968,43.9519],[22.3945,43.9363],[22.3919,43.9319],[22.382,43.9186],[22.379,43.9135],[22.3771,43.8835],[22.3676,43.8528],[22.3547,43.8297],[22.3495,43.8079],[22.3626,43.7808],[22.3885,43.7583],[22.3896,43.7505],[22.3858,43.7338],[22.3861,43.7255],[22.3905,43.7124],[22.3969,43.6994],[22.4049,43.6872],[22.414,43.6767],[22.4265,43.6682],[22.4559,43.6564],[22.4663,43.6491],[22.4729,43.6359],[22.4738,43.613],[22.4814,43.6006],[22.4818,43.6],[22.482,43.5995],[22.4818,43.5989],[22.4814,43.5985],[22.4781,43.5949],[22.4771,43.5913],[22.4781,43.5876],[22.4814,43.5841],[22.4827,43.5817],[22.4831,43.5793],[22.4827,43.5767],[22.4814,43.5741],[22.4787,43.5692],[22.4776,43.5642],[22.4785,43.5592],[22.4906,43.5409],[22.5094,43.4933],[22.5189,43.4742],[22.5326,43.4648],[22.5658,43.4533],[22.5727,43.4481],[22.5868,43.4344],[22.5963,43.4292],[22.6069,43.4274],[22.6285,43.4283],[22.6378,43.4264],[22.6454,43.4203],[22.6565,43.4032],[22.6589,43.4013],[22.6589,43.4012],[22.6518,43.3945],[22.6508,43.3939],[22.6435,43.3875],[22.6385,43.3838],[22.6343,43.3796],[22.6299,43.3747],[22.6246,43.3695],[22.6224,43.3678],[22.6198,43.3664],[22.6177,43.3655],[22.6058,43.3618],[22.6016,43.36],[22.5867,43.3493],[22.5812,43.3452],[22.579,43.343],[22.5776,43.3407],[22.5774,43.3388],[22.5777,43.3374],[22.5806,43.3313],[22.5811,43.3294],[22.5811,43.328],[22.5807,43.3268],[22.5789,43.3257],[22.5772,43.3254],[22.5752,43.3252],[22.5724,43.3254],[22.5547,43.3284],[22.5517,43.3288],[22.5414,43.3293],[22.5394,43.3298],[22.5329,43.3326],[22.5246,43.3354],[22.5208,43.3381],[22.5154,43.3439],[22.5051,43.3506],[22.5025,43.3535],[22.4978,43.3602],[22.4956,43.3629],[22.4928,43.3655],[22.4914,43.3663],[22.4899,43.3669],[22.4873,43.3669],[22.4857,43.3666],[22.4843,43.366],[22.4829,43.3646],[22.4779,43.3559],[22.4743,43.3512],[22.4715,43.3489],[22.4689,43.3474],[22.4668,43.3468],[22.4646,43.3465],[22.4613,43.3463],[22.4517,43.3466],[22.4486,43.3461],[22.4461,43.3453],[22.445,43.3447],[22.4216,43.3576],[22.4163,43.3608],[22.4143,43.3616],[22.4102,43.3626],[22.4074,43.3626],[22.4016,43.3618],[22.3987,43.3618],[22.3942,43.3627],[22.3841,43.3663],[22.3756,43.3683],[22.3711,43.3698],[22.3675,43.3717],[22.3621,43.375],[22.3599,43.376],[22.3373,43.3824],[22.3365,43.3829],[22.3364,43.3848],[22.337,43.386],[22.3399,43.39],[22.3408,43.3921],[22.3408,43.3945],[22.34,43.3984],[22.3398,43.4006],[22.34,43.4027],[22.3407,43.4047],[22.3415,43.4061],[22.3461,43.4107],[22.3477,43.413],[22.3487,43.415],[22.3508,43.4207],[22.3515,43.4242],[22.3509,43.4278],[22.3485,43.4334],[22.345,43.4381],[22.3423,43.4405],[22.3399,43.4421],[22.3371,43.4434],[22.3326,43.4449],[22.3266,43.4464],[22.3222,43.448],[22.3154,43.4524],[22.3116,43.4546],[22.3035,43.4585],[22.3005,43.4594],[22.2978,43.4595],[22.296,43.4592],[22.294,43.4586],[22.2922,43.4577],[22.2906,43.4565],[22.2868,43.4525],[22.2831,43.447],[22.2783,43.4415],[22.2769,43.4402],[22.2748,43.4388],[22.2724,43.4382],[22.2709,43.4383],[22.2683,43.4393],[22.2573,43.4475],[22.2544,43.449],[22.2509,43.45],[22.2473,43.4504],[22.2425,43.4505],[22.2425,43.4529],[22.2427,43.4538],[22.2423,43.4556],[22.2412,43.4575],[22.2397,43.4589],[22.2378,43.4601],[22.2346,43.4616],[22.2312,43.4629],[22.22,43.4658],[22.212,43.4685],[22.209,43.469],[22.2059,43.4691],[22.2007,43.4687],[22.1987,43.4681],[22.1897,43.4638],[22.1877,43.4632],[22.1753,43.4609],[22.1723,43.4606],[22.1692,43.4606],[22.1661,43.4609],[22.1528,43.4631],[22.1427,43.4657],[22.1407,43.4663],[22.1344,43.4689],[22.1316,43.4704],[22.1228,43.4771],[22.1189,43.4791],[22.1151,43.4806],[22.1062,43.4824],[22.104,43.4831],[22.1018,43.4839],[22.0945,43.4879],[22.0885,43.4902],[22.0855,43.4909],[22.0773,43.4923],[22.0722,43.4928],[22.0691,43.4926],[22.0662,43.4922],[22.0597,43.49],[22.0565,43.4892],[22.0537,43.4891],[22.0518,43.4893],[22.0474,43.4905],[22.0447,43.4919],[22.0425,43.4936],[22.0405,43.496],[22.0399,43.4977],[22.0398,43.4989],[22.0399,43.4997],[22.042,43.5034],[22.0414,43.5049],[22.0397,43.5065],[22.0349,43.5096],[22.0301,43.5133],[22.0246,43.5171],[22.0229,43.5187],[22.0223,43.5198],[22.0223,43.5206],[22.0226,43.5217],[22.0252,43.5251],[22.0258,43.5265],[22.0261,43.5279],[22.0259,43.5311],[22.0256,43.5326],[22.0249,43.5339],[22.0232,43.5354],[22.0182,43.538],[22.0132,43.5413],[22.0035,43.5457],[21.9987,43.5489],[21.996,43.5511],[21.9938,43.5535],[21.9925,43.5558],[21.9925,43.5572],[21.993,43.5579],[21.9773,43.57],[21.9737,43.572],[21.9704,43.5727],[21.9671,43.5728],[21.9591,43.572],[21.9551,43.571],[21.953,43.5697],[21.952,43.5685],[21.9489,43.5611],[21.9488,43.5592],[21.9501,43.5551],[21.9506,43.5505],[21.9513,43.5491],[21.9522,43.5478],[21.9537,43.5465],[21.9641,43.5393],[21.972,43.5327],[21.9742,43.5313],[21.9767,43.5302],[21.9837,43.5275],[21.9854,43.5266],[21.9866,43.5256],[21.9871,43.5245],[21.9871,43.5233],[21.9859,43.5216],[21.9844,43.5205],[21.9825,43.5196],[21.9787,43.5183],[21.9757,43.5179],[21.9725,43.5177],[21.9672,43.5182],[21.965,43.5187],[21.9575,43.522],[21.955,43.5226],[21.9529,43.5227],[21.9507,43.5223],[21.9482,43.5215],[21.9408,43.5184],[21.934,43.5162],[21.9276,43.5151],[21.9127,43.5136],[21.9101,43.5163],[21.9045,43.5234],[21.9031,43.5248],[21.8994,43.5272],[21.8873,43.5343],[21.8848,43.5361],[21.8835,43.5376],[21.8796,43.544],[21.8774,43.5505],[21.8712,43.5625],[21.8678,43.5672],[21.8658,43.5691],[21.8631,43.5705],[21.8587,43.572],[21.8518,43.5733],[21.849,43.5733],[21.847,43.5729],[21.8382,43.5706],[21.8354,43.5702],[21.8334,43.57],[21.8306,43.5702],[21.8277,43.571],[21.823,43.5731],[21.8159,43.5769],[21.8139,43.5775],[21.8118,43.5778],[21.7926,43.5767],[21.7844,43.5755],[21.7814,43.5752],[21.7783,43.5752],[21.7752,43.5755],[21.773,43.5761],[21.771,43.5769],[21.7684,43.5785],[21.7636,43.5819],[21.7548,43.5864],[21.7515,43.5887],[21.7505,43.5901],[21.7499,43.5916],[21.7498,43.5935],[21.7506,43.5985],[21.7505,43.6007],[21.7499,43.6028],[21.7473,43.6064],[21.7441,43.6101],[21.7424,43.6118],[21.7382,43.615],[21.7336,43.618],[21.7242,43.6229],[21.7219,43.6248],[21.7194,43.6273],[21.7166,43.6312],[21.7146,43.6334],[21.7049,43.6418],[21.7032,43.6441],[21.7022,43.6462],[21.7009,43.6529],[21.7002,43.655],[21.6993,43.6566],[21.6981,43.6581],[21.6912,43.6633],[21.6896,43.6654],[21.6886,43.6678],[21.6882,43.6704],[21.6874,43.6864],[21.686,43.6923],[21.6839,43.698],[21.6833,43.6986],[21.6828,43.7],[21.683,43.7014],[21.6838,43.7026],[21.6857,43.7039],[21.6906,43.7065],[21.6954,43.7093],[21.6988,43.7117],[21.6998,43.7131],[21.7005,43.7147],[21.7005,43.7167],[21.6999,43.7183],[21.699,43.7198],[21.6948,43.7236],[21.6907,43.7284],[21.6885,43.7303],[21.6857,43.7317],[21.6785,43.7342],[21.6765,43.735],[21.675,43.7359],[21.674,43.7371],[21.6736,43.7384],[21.6739,43.7397],[21.6756,43.7428],[21.6767,43.7439],[21.6781,43.7451],[21.6808,43.7466],[21.6828,43.7473],[21.6913,43.7489],[21.694,43.7499],[21.7039,43.7563],[21.6928,43.7661],[21.6866,43.7724],[21.6839,43.7746],[21.6797,43.7771],[21.667,43.7825],[21.6642,43.7841],[21.6621,43.7861],[21.646,43.8029],[21.6474,43.8056],[21.6502,43.8085],[21.6521,43.8099],[21.662,43.8158],[21.6753,43.8279],[21.6763,43.8293],[21.6769,43.8309],[21.6773,43.8356],[21.6779,43.8374],[21.6791,43.8391],[21.6808,43.8406],[21.6864,43.8443],[21.6883,43.8459],[21.6895,43.8477],[21.6896,43.8494],[21.6884,43.8515],[21.6863,43.8535],[21.6837,43.8555],[21.6728,43.8632],[21.6715,43.8645],[21.6698,43.8668],[21.6689,43.8694],[21.6685,43.8721],[21.6688,43.8775],[21.6697,43.88],[21.6728,43.8855],[21.6751,43.8881],[21.6767,43.8892],[21.6804,43.8911],[21.685,43.8928],[21.6948,43.8958],[21.7026,43.8987],[21.7055,43.8995],[21.7094,43.9003],[21.7181,43.9006],[21.72,43.901],[21.7225,43.9022],[21.724,43.9032],[21.7288,43.9079],[21.7303,43.91],[21.7307,43.9114],[21.7305,43.9134],[21.7298,43.9147],[21.7251,43.9201],[21.724,43.9222],[21.7241,43.9246],[21.7253,43.9264],[21.726,43.9268],[21.7367,43.9351],[21.7393,43.9372],[21.7414,43.9395],[21.743,43.9419],[21.744,43.9442],[21.7448,43.949],[21.7453,43.9505],[21.7463,43.9518],[21.7484,43.9535],[21.7543,43.9572],[21.7593,43.9613],[21.7708,43.9674],[21.7732,43.9691],[21.775,43.9709],[21.7762,43.9728],[21.7767,43.9743],[21.7768,43.9763],[21.7765,43.9778],[21.7748,43.9813],[21.7704,43.9872],[21.7699,43.9894],[21.7707,43.9911],[21.7712,43.9915],[21.7724,43.9918],[21.7782,43.9911],[21.7906,43.9888],[21.7932,43.9886],[21.7956,43.9886],[21.7989,43.9892],[21.8064,43.9918],[21.8105,43.9929],[21.8135,43.9932],[21.8165,43.993],[21.8212,43.9919],[21.829,43.9887],[21.8314,43.988],[21.8338,43.9875],[21.8378,43.987],[21.8419,43.9869],[21.8459,43.987],[21.8498,43.9876],[21.8638,43.9913],[21.8708,43.9925],[21.8736,43.9925],[21.8776,43.9918],[21.8846,43.9901],[21.8936,43.9886],[21.8956,43.9881],[21.8975,43.9874],[21.8996,43.986],[21.9056,43.9805],[21.909,43.9766],[21.9108,43.9734],[21.9117,43.9722],[21.9138,43.9709],[21.9225,43.9683],[21.9262,43.9664],[21.9318,43.9622],[21.9386,43.9558],[21.9405,43.9542],[21.9422,43.9532],[21.9504,43.9492],[21.9533,43.9478],[21.9556,43.9471],[21.958,43.9466],[21.9619,43.9461],[21.97,43.9454],[21.9739,43.9448],[21.9784,43.9434],[21.9839,43.9406],[21.9859,43.9397],[21.9881,43.939],[21.9979,43.9365],[22.0009,43.9365],[22.0035,43.9374],[22.0051,43.9384],[22.0085,43.9415],[22.0103,43.9435],[22.0159,43.9508],[22.018,43.9522],[22.0199,43.9527],[22.025,43.953],[22.028,43.9528],[22.0309,43.9525],[22.0328,43.952],[22.0346,43.9513],[22.0363,43.9497],[22.0374,43.9478],[22.04,43.9415],[22.0417,43.9392],[22.048,43.933],[22.0495,43.9308],[22.0502,43.9288],[22.0504,43.9241],[22.0508,43.9226],[22.0516,43.9211],[22.055,43.9173],[22.056,43.9158],[22.0574,43.9119],[22.0588,43.9053],[22.0598,43.9033],[22.0612,43.9015],[22.0626,43.9005],[22.0667,43.8984],[22.072,43.8962],[22.0776,43.8947],[22.0954,43.8891],[22.1011,43.8876],[22.1036,43.8866],[22.111,43.8813],[22.1175,43.8777],[22.1217,43.8756],[22.1232,43.8812],[22.1245,43.8846],[22.1257,43.8868],[22.1298,43.8933],[22.1315,43.8965],[22.1325,43.8977],[22.1347,43.8989],[22.1366,43.8994],[22.1446,43.901],[22.1571,43.9052],[22.1588,43.906],[22.1605,43.9076],[22.1619,43.9094],[22.1648,43.9142],[22.1657,43.9163],[22.1678,43.9215],[22.1684,43.9242],[22.1684,43.93],[22.1665,43.9379],[22.1666,43.94],[22.1672,43.942],[22.1708,43.948],[22.1739,43.954],[22.1758,43.9561],[22.1827,43.9621],[22.1847,43.9642],[22.1862,43.9662],[22.188,43.969],[22.1906,43.9754],[22.1939,43.9801],[22.1961,43.9823],[22.2037,43.9885],[22.206,43.9906],[22.2078,43.9929],[22.2088,43.995],[22.2106,44.0015],[22.2116,44.0035],[22.2132,44.0051],[22.2148,44.006],[22.2185,44.0074],[22.2234,44.0084],[22.2295,44.0092],[22.2315,44.0097],[22.2334,44.0103],[22.2354,44.0117],[22.237,44.0135],[22.2387,44.0162],[22.2393,44.0182],[22.2394,44.0204],[22.2391,44.0226],[22.2383,44.0256],[22.2379,44.0278],[22.238,44.03],[22.2384,44.0322],[22.2399,44.0373],[22.2401,44.0394],[22.24,44.0419],[22.2389,44.044],[22.2373,44.0457],[22.2303,44.0514],[22.2291,44.0528],[22.2281,44.0544],[22.2261,44.0609],[22.2252,44.0629],[22.2236,44.065],[22.2171,44.0702],[22.2162,44.0716],[22.2158,44.0731],[22.2159,44.0744],[22.2168,44.0814],[22.2171,44.0904],[22.2166,44.0961],[22.2154,44.0988],[22.214,44.1005],[22.2121,44.1021],[22.2098,44.1035],[22.2068,44.1048],[22.1994,44.1076],[22.1953,44.1101],[22.1938,44.1113],[22.1922,44.1131],[22.1914,44.1155],[22.1918,44.118],[22.1929,44.1198],[22.2007,44.1292],[22.202,44.1304],[22.2044,44.1319],[22.2079,44.1337],[22.2115,44.1365],[22.2127,44.1378],[22.2155,44.1417],[22.2212,44.1477],[22.2228,44.1499],[22.2239,44.1521],[22.2254,44.157],[22.2278,44.1621],[22.2299,44.1652],[22.2327,44.1686],[22.2384,44.1625],[22.244,44.1575],[22.2534,44.1518],[22.2678,44.1419],[22.2705,44.1404],[22.2733,44.1391],[22.2755,44.1384],[22.2778,44.138],[22.2807,44.1379],[22.2847,44.138],[22.2875,44.1378],[22.2952,44.1356],[22.2987,44.135],[22.3174,44.1339],[22.3209,44.1334],[22.3322,44.1305],[22.3352,44.1301],[22.3382,44.13],[22.3412,44.1302],[22.344,44.1309],[22.3465,44.1319],[22.3519,44.1364],[22.3544,44.1379],[22.3584,44.1395],[22.3623,44.1406],[22.3658,44.1412],[22.3694,44.1414],[22.3769,44.1416],[22.3845,44.1414],[22.3918,44.1408],[22.3966,44.1395],[22.3992,44.1384],[22.4102,44.1328],[22.4128,44.1311],[22.4163,44.1278],[22.4207,44.1209],[22.422,44.1195],[22.4238,44.1184],[22.4257,44.1175],[22.4323,44.1154],[22.4425,44.1131],[22.4528,44.111],[22.4653,44.1097],[22.4673,44.1092],[22.4692,44.1085],[22.4712,44.1071],[22.4739,44.104],[22.4779,44.0971],[22.4828,44.09],[22.4837,44.0883],[22.4838,44.0863],[22.4833,44.0849],[22.4815,44.0816],[22.4793,44.0789],[22.4764,44.076],[22.4717,44.0723],[22.4662,44.0664],[22.4647,44.0653],[22.4622,44.0638],[22.4555,44.0616],[22.452,44.0601],[22.4504,44.0591],[22.4493,44.058],[22.4487,44.0567],[22.4486,44.0552],[22.4489,44.0532],[22.45,44.0496],[22.453,44.0431],[22.4534,44.041],[22.4533,44.0389],[22.4527,44.036],[22.4525,44.034],[22.4529,44.032],[22.4539,44.0304],[22.4558,44.0293],[22.4607,44.0273],[22.4631,44.0257],[22.4642,44.0242],[22.465,44.0226],[22.4665,44.0185],[22.4661,44.0179],[22.4659,44.0176]]]}},{"type":"Feature","properties":{"id":"SRB-273","name":"Zapadno-Backi","nameBn":"ওয়েস্ট বাক্কা জেলা","type":"District","bounds":[18.845,45.4341,19.6121,46.0221],"center":[19.2283,45.7092]},"geometry":{"type":"Polygon","coordinates":[[[19.2357,45.9777],[19.2635,45.9814],[19.2748,45.9916],[19.2795,46.0038],[19.2869,46.0162],[19.2983,46.0221],[19.3006,46.0199],[19.303,46.0178],[19.3097,46.0137],[19.312,46.012],[19.3137,46.01],[19.3161,46.0046],[19.3177,46.0023],[19.3246,45.9941],[19.3265,45.9927],[19.3282,45.9922],[19.3364,45.9918],[19.3383,45.9913],[19.3398,45.9905],[19.3408,45.9894],[19.3412,45.9881],[19.3411,45.9869],[19.339,45.9803],[19.3387,45.978],[19.3391,45.9756],[19.3461,45.9617],[19.3466,45.961],[19.3465,45.9596],[19.3461,45.9582],[19.3452,45.9568],[19.344,45.9554],[19.3416,45.9534],[19.3379,45.9513],[19.3355,45.9495],[19.3332,45.9466],[19.3317,45.9437],[19.3311,45.9414],[19.331,45.9391],[19.3314,45.9368],[19.3323,45.9346],[19.3338,45.9325],[19.3394,45.9261],[19.3426,45.9196],[19.3463,45.9129],[19.3478,45.9087],[19.3485,45.9032],[19.349,45.8933],[19.3483,45.8859],[19.3487,45.8838],[19.3506,45.8793],[19.351,45.8771],[19.3512,45.8749],[19.3503,45.8697],[19.3503,45.8675],[19.351,45.8654],[19.3525,45.8632],[19.3547,45.8611],[19.3595,45.8569],[19.3658,45.8508],[19.3746,45.8437],[19.3784,45.8414],[19.3898,45.8368],[19.3949,45.8342],[19.3992,45.8311],[19.4056,45.8252],[19.4088,45.8227],[19.4188,45.816],[19.4194,45.8149],[19.4214,45.8126],[19.4276,45.8068],[19.4299,45.8044],[19.4313,45.8019],[19.4314,45.7999],[19.4279,45.7929],[19.4278,45.791],[19.4283,45.7894],[19.4293,45.788],[19.4343,45.7838],[19.436,45.7821],[19.4373,45.7803],[19.438,45.7782],[19.438,45.7733],[19.4384,45.7714],[19.4399,45.7694],[19.4422,45.7677],[19.4566,45.7606],[19.4651,45.7558],[19.4752,45.7512],[19.4806,45.7479],[19.4826,45.7469],[19.4866,45.7456],[19.4886,45.7453],[19.4908,45.7454],[19.4929,45.7458],[19.4957,45.747],[19.5004,45.7501],[19.5025,45.7518],[19.508,45.7574],[19.5122,45.7607],[19.5149,45.7624],[19.5178,45.7637],[19.5201,45.7644],[19.5225,45.7649],[19.5257,45.7651],[19.5289,45.7649],[19.5313,45.7644],[19.5336,45.7637],[19.5366,45.7623],[19.542,45.7588],[19.5534,45.7504],[19.5579,45.7484],[19.5673,45.7453],[19.5739,45.7424],[19.5776,45.7405],[19.5736,45.7365],[19.5618,45.7274],[19.5592,45.7253],[19.557,45.7231],[19.5556,45.7209],[19.5554,45.7188],[19.5557,45.7174],[19.5571,45.7138],[19.5584,45.7117],[19.5604,45.7098],[19.5628,45.708],[19.5741,45.7021],[19.5792,45.7002],[19.5913,45.6978],[19.5952,45.6963],[19.599,45.6941],[19.6016,45.6912],[19.605,45.6857],[19.6106,45.6799],[19.6114,45.6785],[19.6121,45.6764],[19.612,45.6738],[19.6107,45.6715],[19.6085,45.6699],[19.5993,45.6662],[19.5865,45.66],[19.5774,45.6476],[19.5746,45.6406],[19.5736,45.6389],[19.5723,45.6374],[19.5646,45.6322],[19.5625,45.6301],[19.5579,45.6246],[19.5568,45.6227],[19.5564,45.6206],[19.5566,45.6185],[19.5572,45.617],[19.5601,45.6115],[19.5632,45.607],[19.5638,45.6056],[19.5641,45.6036],[19.5632,45.5978],[19.5625,45.5892],[19.5619,45.5865],[19.5609,45.5845],[19.5593,45.5829],[19.5576,45.582],[19.5556,45.5814],[19.5486,45.5799],[19.5421,45.5795],[19.5316,45.5802],[19.5293,45.58],[19.5272,45.5794],[19.5247,45.5781],[19.5227,45.5765],[19.5212,45.5746],[19.5195,45.5717],[19.5188,45.5695],[19.5178,45.5624],[19.5172,45.5601],[19.5165,45.5584],[19.5154,45.5568],[19.5102,45.5513],[19.5066,45.5461],[19.5052,45.5447],[19.5035,45.5435],[19.498,45.5406],[19.4876,45.5359],[19.4828,45.5345],[19.4807,45.5341],[19.4778,45.5341],[19.4755,45.5345],[19.4733,45.5352],[19.4715,45.536],[19.4645,45.5407],[19.4625,45.5418],[19.4497,45.5474],[19.4449,45.5488],[19.4429,45.5492],[19.4401,45.5493],[19.4362,45.5485],[19.4321,45.5471],[19.426,45.5436],[19.4231,45.5422],[19.421,45.5415],[19.412,45.5398],[19.3945,45.5357],[19.3959,45.5249],[19.3963,45.524],[19.3985,45.5212],[19.3991,45.5195],[19.3994,45.5079],[19.3942,45.5074],[19.388,45.5062],[19.3707,45.5003],[19.3584,45.4944],[19.357,45.4935],[19.3558,45.4917],[19.3552,45.4897],[19.3551,45.4851],[19.3554,45.4828],[19.357,45.4774],[19.3574,45.4753],[19.3571,45.4702],[19.3576,45.4682],[19.3589,45.4661],[19.3646,45.46],[19.3661,45.4579],[19.3678,45.4548],[19.3684,45.4524],[19.3683,45.4499],[19.3678,45.4479],[19.365,45.4411],[19.3643,45.4384],[19.346,45.4419],[19.3391,45.443],[19.3351,45.4434],[19.327,45.4437],[19.3192,45.4435],[19.3154,45.4431],[19.3119,45.4424],[19.3054,45.44],[19.3022,45.4392],[19.2993,45.439],[19.2974,45.4393],[19.2931,45.4407],[19.2904,45.4422],[19.2883,45.4442],[19.2841,45.4493],[19.2744,45.4571],[19.271,45.4589],[19.2681,45.4593],[19.2653,45.4589],[19.263,45.4577],[19.2611,45.456],[19.2597,45.4541],[19.2583,45.4513],[19.2577,45.4466],[19.2572,45.4453],[19.2561,45.4441],[19.2545,45.4433],[19.2526,45.4427],[19.2498,45.4424],[19.2469,45.4425],[19.2427,45.443],[19.2397,45.4431],[19.2367,45.4428],[19.234,45.442],[19.2288,45.4401],[19.2218,45.438],[19.218,45.4373],[19.206,45.4364],[19.2023,45.4358],[19.1971,45.4344],[19.1947,45.4341],[19.1928,45.4343],[19.191,45.4349],[19.1895,45.4359],[19.1873,45.4384],[19.1867,45.4398],[19.1863,45.4418],[19.1863,45.4446],[19.1859,45.4467],[19.1842,45.4494],[19.1814,45.4521],[19.1775,45.4541],[19.1596,45.4609],[19.1569,45.4615],[19.155,45.4617],[19.1522,45.4616],[19.149,45.4607],[19.1425,45.4583],[19.139,45.4576],[19.1353,45.4572],[19.1238,45.457],[19.1163,45.4575],[19.1129,45.4582],[19.1109,45.4588],[19.107,45.4607],[19.1053,45.4619],[19.104,45.4634],[19.1031,45.465],[19.1006,45.4715],[19.0996,45.473],[19.0983,45.4742],[19.0966,45.4751],[19.0946,45.4756],[19.0918,45.4758],[19.0848,45.4756],[19.0819,45.476],[19.0792,45.4769],[19.0697,45.4814],[19.0609,45.4871],[19.0588,45.488],[19.0565,45.4885],[19.0535,45.4887],[19.0505,45.4885],[19.0483,45.4879],[19.0462,45.4871],[19.0389,45.4823],[19.0361,45.4816],[19.0341,45.4817],[19.0322,45.4822],[19.0297,45.4836],[19.0249,45.4873],[19.0192,45.4909],[19.0178,45.4929],[19.0176,45.4945],[19.0178,45.4966],[19.0179,45.4978],[19.0772,45.4916],[19.1063,45.5116],[19.0951,45.5261],[19.0823,45.5312],[19.0678,45.5334],[19.051,45.5389],[19.0409,45.545],[19.0365,45.5495],[19.0334,45.5546],[19.0272,45.5626],[19.0181,45.5674],[19.0092,45.5655],[19.0006,45.5612],[18.9832,45.5547],[18.9731,45.5463],[18.9602,45.5391],[18.9417,45.5389],[18.932,45.5455],[18.9121,45.5682],[18.9036,45.5731],[18.907,45.5817],[18.9082,45.6004],[18.9124,45.6192],[18.9245,45.6277],[18.9354,45.6334],[18.9629,45.6601],[18.9685,45.6687],[18.9627,45.6831],[18.9481,45.692],[18.9311,45.6989],[18.9173,45.7066],[18.909,45.7194],[18.9048,45.7498],[18.9002,45.7649],[18.8711,45.79],[18.864,45.7985],[18.8487,45.8096],[18.845,45.8157],[18.8467,45.82],[18.8504,45.8242],[18.8524,45.8301],[18.8553,45.8574],[18.8871,45.8595],[18.8998,45.8614],[18.907,45.868],[18.904,45.8757],[18.8935,45.8839],[18.8729,45.8952],[18.882,45.9026],[18.8898,45.9079],[18.907,45.9157],[18.9013,45.9312],[18.9627,45.9279],[18.9818,45.9218],[18.9875,45.9238],[18.9887,45.927],[18.9865,45.9313],[18.9788,45.9398],[18.9777,45.9435],[18.9787,45.9472],[18.9818,45.9508],[19.0056,45.9626],[19.0309,45.96],[19.0486,45.9634],[19.0497,45.9931],[19.0654,46.012],[19.0885,46.0188],[19.111,46.013],[19.1258,45.9933],[19.1258,45.9931],[19.148,45.9841],[19.2357,45.9777]]]}},{"type":"Feature","properties":{"id":"SRB-1505","name":"Zlatiborski","nameBn":"জাতিবোর জেলা","type":"District","bounds":[19.1752,43.0222,20.2821,44.145],"center":[19.7284,43.6263]},"geometry":{"type":"Polygon","coordinates":[[[19.5478,43.2188],[19.5124,43.2406],[19.5023,43.2519],[19.4851,43.2801],[19.4731,43.2933],[19.414,43.3384],[19.3723,43.3842],[19.3556,43.3931],[19.2184,43.4382],[19.1922,43.4545],[19.1759,43.4809],[19.1752,43.5096],[19.1953,43.5328],[19.2175,43.5328],[19.2295,43.5497],[19.2389,43.5721],[19.2527,43.5886],[19.2637,43.591],[19.2892,43.5879],[19.3009,43.5883],[19.3127,43.5932],[19.3358,43.6065],[19.3466,43.6088],[19.3634,43.6016],[19.3804,43.5856],[19.3946,43.5665],[19.4029,43.5496],[19.4107,43.5408],[19.4193,43.5493],[19.4318,43.5711],[19.4439,43.5719],[19.4817,43.5608],[19.4896,43.5644],[19.4918,43.5686],[19.489,43.5732],[19.4817,43.5781],[19.4769,43.5887],[19.4756,43.6026],[19.4775,43.617],[19.4817,43.6289],[19.5074,43.6472],[19.5057,43.6736],[19.4817,43.7292],[19.4617,43.7621],[19.3595,43.8422],[19.3059,43.9047],[19.2754,43.9333],[19.241,43.9524],[19.2293,43.9577],[19.2407,43.9657],[19.2429,43.9728],[19.2381,43.9854],[19.238,43.9925],[19.2435,44.002],[19.2521,44.0075],[19.2728,44.0124],[19.2873,44.013],[19.3006,44.0095],[19.3259,43.9966],[19.3517,43.9791],[19.3646,43.9733],[19.3791,43.9739],[19.394,43.9771],[19.4471,43.9798],[19.5041,43.9757],[19.5286,43.9772],[19.5522,43.9834],[19.5934,44.0056],[19.6104,44.0193],[19.6189,44.0357],[19.6114,44.0545],[19.5989,44.0626],[19.5899,44.0603],[19.5838,44.0543],[19.5802,44.0515],[19.5709,44.0569],[19.5546,44.0713],[19.522,44.085],[19.5162,44.0912],[19.5229,44.0924],[19.5271,44.0935],[19.5295,44.095],[19.5322,44.0973],[19.5405,44.1087],[19.5429,44.1113],[19.546,44.1138],[19.548,44.1147],[19.5502,44.1154],[19.5593,44.1171],[19.5613,44.1177],[19.5712,44.121],[19.5738,44.1216],[19.5766,44.1217],[19.5786,44.1214],[19.5866,44.1199],[19.5908,44.1188],[19.5958,44.118],[19.5987,44.1181],[19.6029,44.1191],[19.605,44.1199],[19.6074,44.1214],[19.6093,44.1233],[19.6127,44.1292],[19.6176,44.1354],[19.6186,44.1378],[19.6188,44.1404],[19.6182,44.1437],[19.6269,44.1448],[19.6308,44.145],[19.6336,44.1449],[19.636,44.1445],[19.6381,44.1439],[19.6481,44.1405],[19.6563,44.1389],[19.6582,44.1382],[19.6593,44.1374],[19.6642,44.1317],[19.6711,44.1268],[19.6729,44.1259],[19.6755,44.1251],[19.6875,44.1227],[19.6895,44.1226],[19.6956,44.1215],[19.7001,44.1205],[19.7044,44.119],[19.7063,44.1181],[19.7091,44.1162],[19.7156,44.1107],[19.7183,44.1091],[19.7212,44.1079],[19.7256,44.107],[19.7343,44.1075],[19.7379,44.1065],[19.7397,44.1056],[19.7413,44.1045],[19.7464,44.0996],[19.7525,44.0956],[19.7555,44.0932],[19.7583,44.0898],[19.7602,44.0855],[19.7621,44.0827],[19.7634,44.0813],[19.7708,44.0757],[19.774,44.0721],[19.7756,44.0694],[19.7761,44.0675],[19.7761,44.0653],[19.7743,44.0615],[19.7741,44.0602],[19.7743,44.0588],[19.7759,44.0563],[19.7772,44.0551],[19.7791,44.0542],[19.7812,44.0535],[19.785,44.0529],[19.7932,44.0523],[19.7994,44.0522],[19.8023,44.0526],[19.8043,44.0531],[19.8063,44.0539],[19.8079,44.0549],[19.8092,44.0562],[19.8101,44.0577],[19.8109,44.0602],[19.8112,44.0629],[19.8111,44.0684],[19.81,44.0738],[19.8064,44.0835],[19.7993,44.0955],[19.797,44.0982],[19.7939,44.1008],[19.7911,44.1023],[19.787,44.104],[19.782,44.1065],[19.7765,44.11],[19.775,44.1112],[19.7739,44.1124],[19.7736,44.1136],[19.7738,44.1149],[19.7745,44.116],[19.7757,44.117],[19.7783,44.1185],[19.7826,44.1202],[19.7867,44.1213],[19.7898,44.1216],[19.7929,44.1216],[19.796,44.1213],[19.7982,44.1207],[19.8003,44.1198],[19.8021,44.1187],[19.8084,44.1136],[19.8121,44.1113],[19.8192,44.1086],[19.8264,44.1053],[19.8289,44.105],[19.8314,44.1055],[19.8329,44.1064],[19.8389,44.1114],[19.841,44.1128],[19.8448,44.114],[19.8503,44.1152],[19.8523,44.1157],[19.8539,44.1165],[19.8555,44.118],[19.8566,44.12],[19.8588,44.1262],[19.8597,44.1276],[19.861,44.1288],[19.8627,44.1296],[19.8647,44.1301],[19.8674,44.1303],[19.8873,44.1288],[19.8938,44.1277],[19.8962,44.127],[19.9014,44.1247],[19.9082,44.1212],[19.9095,44.1203],[19.9104,44.1187],[19.9105,44.1169],[19.91,44.1151],[19.9087,44.1134],[19.9061,44.1114],[19.9045,44.1099],[19.904,44.1086],[19.9039,44.1073],[19.905,44.1048],[19.9061,44.1029],[19.9078,44.101],[19.9117,44.0974],[19.9164,44.094],[19.9181,44.0929],[19.9201,44.0921],[19.9279,44.0901],[19.9345,44.087],[19.9419,44.0844],[19.9443,44.0832],[19.949,44.0802],[19.9508,44.0793],[19.954,44.0784],[19.9666,44.0773],[19.9738,44.0764],[19.9778,44.0756],[19.9803,44.0839],[19.9811,44.0859],[19.9819,44.0872],[19.983,44.089],[19.9839,44.0902],[19.9844,44.0907],[19.985,44.0912],[19.9857,44.0916],[19.9873,44.0923],[19.9898,44.0932],[19.9914,44.0938],[19.9922,44.0943],[19.995,44.0961],[19.9965,44.097],[20.0095,44.1042],[20.0124,44.1011],[20.0139,44.0997],[20.0168,44.0982],[20.019,44.0977],[20.0212,44.0974],[20.0326,44.0971],[20.0367,44.0965],[20.0387,44.0957],[20.0444,44.0929],[20.0473,44.0918],[20.062,44.0853],[20.0637,44.0818],[20.0701,44.0711],[20.0711,44.0674],[20.0707,44.0653],[20.0691,44.0629],[20.0624,44.0561],[20.0595,44.0513],[20.059,44.0492],[20.0591,44.047],[20.0596,44.0449],[20.0624,44.0399],[20.063,44.0374],[20.0625,44.0358],[20.0614,44.0344],[20.0573,44.0309],[20.0563,44.0297],[20.0553,44.0276],[20.0553,44.0267],[20.0556,44.0254],[20.0565,44.0235],[20.0582,44.0217],[20.0606,44.02],[20.0692,44.0152],[20.0716,44.0134],[20.0734,44.0115],[20.0746,44.0096],[20.0747,44.0077],[20.0739,44.0057],[20.071,44.0019],[20.0689,44.0001],[20.0617,43.9947],[20.0604,43.9933],[20.0594,43.9917],[20.056,43.9836],[20.0557,43.9824],[20.0558,43.9812],[20.0564,43.9801],[20.0583,43.9789],[20.0664,43.9769],[20.0678,43.9762],[20.069,43.9748],[20.069,43.9735],[20.0685,43.9723],[20.0654,43.9687],[20.0646,43.9673],[20.0643,43.9658],[20.0645,43.9639],[20.0659,43.962],[20.068,43.9603],[20.0708,43.9587],[20.0872,43.9511],[20.0917,43.9501],[20.0962,43.9499],[20.0995,43.9432],[20.103,43.9375],[20.1042,43.9349],[20.1041,43.9328],[20.1031,43.931],[20.1016,43.9293],[20.0984,43.9263],[20.0967,43.9251],[20.0903,43.922],[20.0883,43.9205],[20.0874,43.9192],[20.0871,43.9178],[20.0871,43.9158],[20.0877,43.9138],[20.0891,43.9117],[20.0995,43.901],[20.1012,43.8999],[20.1105,43.8945],[20.1163,43.8905],[20.1283,43.8855],[20.1393,43.8825],[20.1556,43.877],[20.1437,43.8745],[20.136,43.8734],[20.1282,43.8732],[20.1168,43.8739],[20.1145,43.8737],[20.1123,43.8732],[20.1096,43.8721],[20.1059,43.8692],[20.1048,43.8679],[20.1022,43.8639],[20.1004,43.8619],[20.0932,43.8567],[20.0919,43.8552],[20.0899,43.8515],[20.0879,43.8464],[20.0876,43.8442],[20.0877,43.8421],[20.0884,43.84],[20.0904,43.8373],[20.0935,43.8348],[20.0954,43.8338],[20.1022,43.8316],[20.1038,43.8308],[20.1054,43.8292],[20.1063,43.8273],[20.1068,43.8252],[20.1067,43.8231],[20.1063,43.8209],[20.1053,43.8181],[20.1049,43.8149],[20.1052,43.814],[20.1065,43.8122],[20.1134,43.8049],[20.1154,43.8035],[20.122,43.8003],[20.1259,43.7975],[20.1286,43.7943],[20.1301,43.7916],[20.1305,43.7895],[20.1302,43.7881],[20.1296,43.7867],[20.1276,43.7849],[20.1242,43.7828],[20.122,43.7807],[20.1208,43.7792],[20.1196,43.7768],[20.1191,43.7747],[20.1192,43.7737],[20.1219,43.7669],[20.1226,43.7645],[20.1227,43.7621],[20.1217,43.7567],[20.1214,43.753],[20.1218,43.751],[20.1238,43.7465],[20.1236,43.7418],[20.1241,43.74],[20.1253,43.7385],[20.127,43.737],[20.1291,43.7358],[20.1359,43.7328],[20.1434,43.7286],[20.1494,43.7261],[20.1628,43.7219],[20.1647,43.7206],[20.1654,43.7193],[20.1657,43.7179],[20.1662,43.711],[20.1667,43.7096],[20.169,43.7057],[20.1693,43.7043],[20.1689,43.7015],[20.1681,43.6995],[20.1643,43.694],[20.1615,43.6877],[20.1605,43.6862],[20.1593,43.6847],[20.1552,43.681],[20.1542,43.6798],[20.1535,43.6778],[20.1536,43.6769],[20.1546,43.675],[20.1564,43.6733],[20.1587,43.6715],[20.1694,43.6656],[20.173,43.663],[20.1741,43.6614],[20.1748,43.6596],[20.175,43.6579],[20.1749,43.6561],[20.1738,43.6535],[20.173,43.6523],[20.171,43.65],[20.1697,43.648],[20.1685,43.6458],[20.1667,43.6403],[20.1656,43.638],[20.1644,43.6366],[20.163,43.6352],[20.1607,43.6336],[20.158,43.6324],[20.1559,43.6319],[20.1537,43.6319],[20.1508,43.6325],[20.1452,43.6345],[20.1353,43.6392],[20.1323,43.6404],[20.1294,43.6411],[20.1241,43.6421],[20.1104,43.6438],[20.1075,43.6437],[20.1005,43.6418],[20.0975,43.6417],[20.0924,43.6426],[20.0892,43.6448],[20.089,43.6449],[20.0885,43.645],[20.0874,43.645],[20.0843,43.6451],[20.0831,43.645],[20.0827,43.6448],[20.0824,43.6445],[20.0823,43.6441],[20.0823,43.6433],[20.0823,43.6423],[20.0825,43.6415],[20.0828,43.6411],[20.0834,43.6403],[20.0858,43.6379],[20.0857,43.625],[20.0848,43.619],[20.0849,43.6169],[20.086,43.6127],[20.0857,43.6108],[20.0844,43.6089],[20.0825,43.6071],[20.0801,43.6055],[20.0774,43.6041],[20.0752,43.6032],[20.07,43.6019],[20.0659,43.6013],[20.063,43.6014],[20.061,43.6018],[20.0563,43.6032],[20.0511,43.6051],[20.0485,43.6058],[20.0457,43.606],[20.0434,43.6058],[20.0412,43.6052],[20.0384,43.6041],[20.0328,43.6007],[20.0184,43.5905],[20.0128,43.5871],[20.0077,43.5848],[20.0004,43.5825],[19.9984,43.5815],[19.9966,43.5803],[19.9809,43.5674],[19.977,43.5608],[19.9753,43.5593],[19.9736,43.5585],[19.9661,43.5566],[19.9567,43.5538],[19.9536,43.5534],[19.9496,43.5542],[19.9458,43.5558],[19.9391,43.5605],[19.9252,43.5685],[19.9088,43.5758],[19.907,43.5697],[19.9065,43.5668],[19.9063,43.5637],[19.9068,43.5614],[19.9074,43.5598],[19.9107,43.5541],[19.9113,43.5522],[19.9113,43.5499],[19.9108,43.5487],[19.9098,43.5473],[19.9084,43.5461],[19.9066,43.5451],[19.8991,43.5419],[19.8967,43.5403],[19.8947,43.5386],[19.8936,43.5366],[19.8937,43.5348],[19.8946,43.5328],[19.8997,43.5266],[19.9032,43.5205],[19.905,43.5185],[19.9095,43.5148],[19.9148,43.5116],[19.9177,43.5103],[19.9225,43.509],[19.9265,43.5085],[19.9347,43.5079],[19.9386,43.5073],[19.942,43.5064],[19.951,43.5028],[19.9525,43.5019],[19.9541,43.5003],[19.9552,43.4984],[19.9568,43.4943],[19.958,43.4924],[19.9597,43.4909],[19.9614,43.4902],[19.9635,43.4898],[19.9669,43.4894],[19.9784,43.4891],[19.986,43.4884],[19.9953,43.4863],[19.9972,43.4856],[19.9995,43.484],[20.0018,43.4816],[20.0029,43.4789],[20.0047,43.4706],[20.0056,43.4686],[20.007,43.4668],[20.0111,43.4637],[20.0121,43.4625],[20.0131,43.4604],[20.0132,43.4582],[20.011,43.4506],[20.0108,43.4478],[20.0111,43.445],[20.0118,43.4424],[20.0183,43.4323],[20.0221,43.4273],[20.0239,43.4253],[20.0282,43.4218],[20.0293,43.4205],[20.029,43.4197],[20.0283,43.4194],[20.0357,43.4105],[20.0433,43.4035],[20.0482,43.3983],[20.0496,43.3964],[20.052,43.39],[20.0531,43.3879],[20.0549,43.3856],[20.0573,43.3835],[20.0651,43.3774],[20.075,43.3677],[20.0763,43.3658],[20.0768,43.3639],[20.077,43.3612],[20.0775,43.3593],[20.0787,43.3574],[20.0835,43.3515],[20.0857,43.3463],[20.0873,43.3444],[20.0958,43.3368],[20.0972,43.3348],[20.0978,43.3329],[20.0977,43.3308],[20.097,43.3289],[20.0957,43.3272],[20.093,43.3253],[20.0912,43.3237],[20.0905,43.3224],[20.0903,43.321],[20.0905,43.3191],[20.0919,43.3163],[20.0933,43.3144],[20.096,43.3119],[20.1004,43.309],[20.1069,43.3061],[20.1096,43.3046],[20.1173,43.2984],[20.119,43.2974],[20.1216,43.2965],[20.1236,43.2963],[20.1256,43.2965],[20.128,43.2973],[20.1355,43.3006],[20.1377,43.3012],[20.1437,43.3019],[20.1554,43.3026],[20.1591,43.3031],[20.166,43.3052],[20.1738,43.308],[20.1776,43.3087],[20.1816,43.309],[20.1982,43.3092],[20.2023,43.3094],[20.2061,43.31],[20.2173,43.3128],[20.2289,43.3143],[20.2325,43.3151],[20.238,43.3172],[20.2407,43.3178],[20.2419,43.3179],[20.2447,43.3175],[20.2522,43.3155],[20.2541,43.3148],[20.2564,43.3132],[20.2591,43.3107],[20.2644,43.3067],[20.266,43.3046],[20.2669,43.3023],[20.2674,43.2985],[20.2601,43.2915],[20.249,43.2802],[20.2459,43.2743],[20.2419,43.2683],[20.2394,43.2622],[20.2354,43.2544],[20.2348,43.2516],[20.2341,43.2419],[20.2329,43.2393],[20.2314,43.2378],[20.2277,43.2356],[20.2184,43.2306],[20.2117,43.2273],[20.2051,43.2236],[20.2034,43.2224],[20.2021,43.221],[20.2013,43.2194],[20.2012,43.2185],[20.2016,43.2165],[20.2047,43.2082],[20.2059,43.2063],[20.2076,43.2047],[20.2093,43.2039],[20.2164,43.2019],[20.2185,43.201],[20.2212,43.1996],[20.2236,43.198],[20.2261,43.1955],[20.2293,43.1895],[20.2312,43.1875],[20.2338,43.1861],[20.2382,43.1847],[20.2442,43.1834],[20.2464,43.1827],[20.2485,43.1819],[20.2561,43.177],[20.2589,43.1757],[20.2646,43.1741],[20.2672,43.1731],[20.2695,43.1714],[20.2714,43.1693],[20.274,43.1653],[20.2762,43.1626],[20.2786,43.16],[20.2821,43.1569],[20.2653,43.1545],[20.2521,43.1534],[20.2463,43.1525],[20.244,43.1518],[20.2361,43.1485],[20.2264,43.1454],[20.2243,43.1445],[20.219,43.1417],[20.2145,43.1403],[20.2108,43.1398],[20.2069,43.1396],[20.1948,43.1396],[20.1827,43.14],[20.1713,43.1409],[20.1693,43.1408],[20.1676,43.1404],[20.1656,43.1392],[20.1579,43.1319],[20.156,43.13],[20.153,43.1263],[20.1513,43.1247],[20.1436,43.1201],[20.1417,43.1186],[20.1399,43.1168],[20.1389,43.1149],[20.1389,43.113],[20.14,43.1109],[20.1432,43.1064],[20.144,43.1042],[20.1442,43.1021],[20.1438,43.1001],[20.143,43.0987],[20.1419,43.0974],[20.1403,43.0965],[20.1384,43.0958],[20.1366,43.0954],[20.1339,43.0954],[20.1279,43.0963],[20.125,43.0964],[20.1203,43.0957],[20.1171,43.0947],[20.1111,43.0923],[20.1026,43.0897],[20.1005,43.0888],[20.0979,43.0873],[20.0957,43.0856],[20.0905,43.0805],[20.084,43.0734],[20.0801,43.0683],[20.0764,43.0612],[20.0752,43.0597],[20.0713,43.056],[20.0691,43.0529],[20.0631,43.0411],[20.0624,43.0385],[20.0612,43.0304],[20.0602,43.0279],[20.0584,43.0256],[20.0544,43.0222],[20.0199,43.0473],[19.9597,43.0786],[19.9498,43.0859],[19.9423,43.0956],[19.9366,43.1059],[19.9291,43.1139],[19.9166,43.1171],[19.9071,43.1133],[19.8838,43.0957],[19.8722,43.0904],[19.8383,43.0884],[19.8051,43.09],[19.7818,43.0965],[19.7612,43.1087],[19.7428,43.1265],[19.7136,43.1656],[19.7055,43.1662],[19.6973,43.1602],[19.6846,43.1567],[19.663,43.1585],[19.6187,43.1682],[19.5981,43.1762],[19.5809,43.1878],[19.5499,43.2175],[19.5478,43.2188]]]}},{"type":"Feature","properties":{"id":"SRB-839","name":"Šumadijski","nameBn":"সোমাডিজা জেলা","type":"District","bounds":[20.3891,43.7751,21.1433,44.4189],"center":[20.8116,44.0985]},"geometry":{"type":"Polygon","coordinates":[[[20.7253,43.7751],[20.7215,43.7753],[20.7177,43.7758],[20.7129,43.777],[20.7099,43.7783],[20.7046,43.7816],[20.7017,43.783],[20.6945,43.7858],[20.6922,43.787],[20.6901,43.7884],[20.6884,43.79],[20.6856,43.7938],[20.6762,43.8049],[20.6721,43.8106],[20.6685,43.814],[20.6635,43.8179],[20.6625,43.8193],[20.6619,43.8209],[20.6617,43.8229],[20.6621,43.8257],[20.662,43.8277],[20.6614,43.8297],[20.6593,43.8323],[20.6571,43.8341],[20.6545,43.8356],[20.6419,43.8416],[20.6364,43.845],[20.6332,43.8476],[20.6265,43.8544],[20.6208,43.8592],[20.6139,43.8644],[20.6061,43.8699],[20.6041,43.8721],[20.6012,43.8773],[20.5967,43.8829],[20.5943,43.8864],[20.5911,43.8919],[20.588,43.8955],[20.5833,43.9004],[20.5792,43.9032],[20.5765,43.9046],[20.5717,43.906],[20.5655,43.9072],[20.5608,43.9086],[20.5531,43.9124],[20.5477,43.9156],[20.5461,43.9171],[20.5451,43.9188],[20.5448,43.9198],[20.5444,43.9304],[20.5434,43.9342],[20.5424,43.9356],[20.5402,43.9373],[20.5361,43.9392],[20.5315,43.942],[20.5281,43.9448],[20.5262,43.9469],[20.5377,43.9511],[20.5415,43.9527],[20.5449,43.9545],[20.554,43.9605],[20.5627,43.9651],[20.565,43.9668],[20.5665,43.9688],[20.5669,43.9708],[20.5669,43.9729],[20.5662,43.9758],[20.566,43.9779],[20.5663,43.9801],[20.5688,43.9849],[20.5724,43.9896],[20.5752,43.992],[20.5803,43.9953],[20.588,43.9993],[20.5912,44.0015],[20.5922,44.0028],[20.5927,44.0043],[20.5932,44.0088],[20.5939,44.0101],[20.595,44.0113],[20.5973,44.0122],[20.599,44.0123],[20.6009,44.012],[20.6026,44.0114],[20.6077,44.0083],[20.6105,44.0067],[20.6133,44.0055],[20.6151,44.0049],[20.6168,44.0046],[20.6186,44.0048],[20.6202,44.0054],[20.6217,44.0068],[20.6243,44.0108],[20.6279,44.0144],[20.633,44.018],[20.6369,44.0202],[20.6235,44.033],[20.621,44.0349],[20.6143,44.0389],[20.6119,44.0406],[20.6104,44.0424],[20.608,44.0466],[20.6063,44.0484],[20.6042,44.0502],[20.5981,44.0541],[20.5954,44.0556],[20.5902,44.0579],[20.5781,44.0619],[20.5713,44.0643],[20.5653,44.0669],[20.5578,44.0711],[20.5534,44.0726],[20.5476,44.0743],[20.544,44.0759],[20.5416,44.0775],[20.5402,44.0789],[20.5393,44.0805],[20.5391,44.0814],[20.5399,44.0914],[20.5393,44.0971],[20.5383,44.0999],[20.5349,44.1052],[20.5323,44.1104],[20.5288,44.1135],[20.5203,44.1202],[20.5186,44.1225],[20.5178,44.1242],[20.5159,44.1329],[20.5149,44.135],[20.5134,44.1367],[20.5119,44.1378],[20.506,44.141],[20.4991,44.144],[20.4966,44.1456],[20.491,44.15],[20.4884,44.1511],[20.4855,44.1517],[20.4823,44.1521],[20.4724,44.1528],[20.4692,44.1531],[20.4667,44.1536],[20.4645,44.1544],[20.4619,44.1558],[20.4603,44.1578],[20.4597,44.1599],[20.4599,44.1621],[20.4622,44.1698],[20.4625,44.1726],[20.4623,44.1749],[20.4619,44.1761],[20.4568,44.1762],[20.4531,44.1767],[20.4502,44.1776],[20.4479,44.1791],[20.4462,44.181],[20.4426,44.186],[20.4404,44.1896],[20.4387,44.1932],[20.4359,44.2007],[20.4342,44.2074],[20.4322,44.2137],[20.4325,44.2161],[20.4357,44.2233],[20.4362,44.2248],[20.4362,44.2269],[20.4356,44.2286],[20.4346,44.2302],[20.4271,44.2372],[20.4231,44.2418],[20.4241,44.248],[20.4238,44.2524],[20.4232,44.2544],[20.4203,44.2598],[20.4161,44.2663],[20.4154,44.2678],[20.4148,44.27],[20.4145,44.2747],[20.4147,44.2769],[20.4157,44.2821],[20.4154,44.2841],[20.4146,44.2854],[20.4134,44.2867],[20.4114,44.2884],[20.409,44.2899],[20.4062,44.2912],[20.4025,44.2924],[20.4005,44.2928],[20.3891,44.2943],[20.3895,44.2955],[20.3924,44.2998],[20.3974,44.3045],[20.399,44.3062],[20.4001,44.3081],[20.4006,44.3102],[20.4006,44.3127],[20.4001,44.3201],[20.4001,44.3237],[20.4003,44.3247],[20.4015,44.3269],[20.4041,44.3293],[20.4089,44.3331],[20.4115,44.3358],[20.4182,44.3438],[20.4196,44.345],[20.4232,44.3479],[20.4312,44.3531],[20.4325,44.3546],[20.4333,44.3561],[20.4333,44.357],[20.4328,44.3582],[20.4312,44.3603],[20.427,44.3638],[20.422,44.3682],[20.4195,44.3696],[20.4155,44.3712],[20.4127,44.3726],[20.4054,44.3781],[20.3996,44.3821],[20.3985,44.3834],[20.397,44.3862],[20.3965,44.3884],[20.3967,44.3893],[20.3973,44.3906],[20.3989,44.3925],[20.403,44.3969],[20.4074,44.4011],[20.4095,44.4026],[20.4114,44.4032],[20.4135,44.4038],[20.4196,44.4049],[20.4219,44.4056],[20.4242,44.4065],[20.427,44.4082],[20.4333,44.4128],[20.4422,44.4189],[20.4484,44.4183],[20.4513,44.4179],[20.4539,44.4171],[20.4563,44.4162],[20.4665,44.4094],[20.4693,44.4078],[20.4772,44.4038],[20.4838,44.3989],[20.4857,44.3983],[20.4877,44.398],[20.4978,44.3985],[20.5011,44.3984],[20.506,44.3978],[20.5094,44.3968],[20.5216,44.3913],[20.5379,44.3857],[20.5365,44.3829],[20.5329,44.3751],[20.5321,44.372],[20.5316,44.3659],[20.5319,44.363],[20.5327,44.3603],[20.5336,44.3588],[20.5349,44.3575],[20.5366,44.3565],[20.5385,44.3558],[20.5404,44.3555],[20.5431,44.3556],[20.5462,44.3564],[20.5527,44.3587],[20.565,44.3611],[20.573,44.3639],[20.5889,44.3681],[20.5955,44.3705],[20.6003,44.3725],[20.6036,44.3734],[20.6065,44.3737],[20.6094,44.3734],[20.6113,44.373],[20.6149,44.3717],[20.6165,44.3707],[20.6181,44.369],[20.6191,44.367],[20.6197,44.3643],[20.6205,44.3557],[20.6221,44.3478],[20.6219,44.3428],[20.6222,44.3413],[20.623,44.3398],[20.6247,44.338],[20.6272,44.3367],[20.6341,44.3348],[20.636,44.3338],[20.641,44.3299],[20.6498,44.3218],[20.664,44.3279],[20.6776,44.3329],[20.6846,44.3347],[20.6876,44.3349],[20.6905,44.3347],[20.6945,44.3336],[20.6985,44.3321],[20.7071,44.3268],[20.7102,44.3254],[20.7125,44.3247],[20.7182,44.3238],[20.7282,44.3231],[20.7314,44.3227],[20.7361,44.3214],[20.7389,44.32],[20.7428,44.3171],[20.7471,44.3124],[20.7486,44.3109],[20.7504,44.3096],[20.7574,44.3054],[20.772,44.2978],[20.7913,44.2966],[20.8061,44.2942],[20.8093,44.2936],[20.8164,44.2915],[20.8195,44.2903],[20.822,44.2889],[20.823,44.2878],[20.8237,44.2867],[20.8237,44.2853],[20.8232,44.284],[20.8209,44.2816],[20.8163,44.278],[20.8148,44.2764],[20.8139,44.2747],[20.8136,44.2728],[20.8156,44.2666],[20.816,44.2638],[20.8163,44.2576],[20.8285,44.2584],[20.8398,44.26],[20.8431,44.2602],[20.8464,44.2601],[20.8495,44.2597],[20.8536,44.2583],[20.858,44.2565],[20.8634,44.2532],[20.8682,44.2497],[20.87,44.2486],[20.8719,44.2478],[20.8741,44.2474],[20.8769,44.2472],[20.8809,44.2474],[20.8838,44.2472],[20.8861,44.2469],[20.8884,44.2463],[20.8914,44.2452],[20.8968,44.2426],[20.8989,44.2421],[20.901,44.2419],[20.904,44.2419],[20.9069,44.2423],[20.9149,44.2447],[20.9187,44.2453],[20.9302,44.2463],[20.9339,44.2469],[20.9419,44.2493],[20.9499,44.2507],[20.9546,44.2521],[20.9739,44.259],[20.9739,44.2468],[20.9752,44.2363],[20.976,44.2341],[20.9775,44.2319],[20.9795,44.2301],[20.9857,44.2267],[20.9923,44.222],[20.9963,44.22],[21.0026,44.2178],[21.0057,44.2172],[21.0154,44.2161],[21.0202,44.2148],[21.0413,44.2051],[21.0515,44.1999],[21.0613,44.1995],[21.069,44.1987],[21.0722,44.1988],[21.0743,44.1992],[21.0822,44.2013],[21.0849,44.2018],[21.0863,44.2018],[21.0886,44.2013],[21.0908,44.2003],[21.096,44.1972],[21.0981,44.1963],[21.1004,44.1957],[21.1036,44.1952],[21.1138,44.1944],[21.1173,44.1939],[21.1226,44.1925],[21.126,44.191],[21.1276,44.1901],[21.1329,44.1861],[21.1392,44.1833],[21.1384,44.1746],[21.1404,44.1619],[21.1433,44.1534],[21.1293,44.1352],[21.1291,44.1331],[21.1285,44.1316],[21.1245,44.1254],[21.1235,44.1233],[21.123,44.1208],[21.1235,44.1182],[21.1246,44.1162],[21.1261,44.1144],[21.1391,44.1029],[21.1373,44.0929],[21.1366,44.0908],[21.1357,44.0891],[21.1343,44.0875],[21.1327,44.0862],[21.1237,44.0807],[21.1189,44.0762],[21.1166,44.0746],[21.1138,44.0732],[21.11,44.0717],[21.0998,44.0692],[21.0906,44.0676],[21.0865,44.0663],[21.082,44.0645],[21.0681,44.0571],[21.0542,44.0474],[21.0828,44.0423],[21.0869,44.041],[21.0892,44.0396],[21.1009,44.0298],[21.1024,44.0275],[21.1031,44.0254],[21.1032,44.0233],[21.103,44.0211],[21.1022,44.019],[21.1008,44.017],[21.0975,44.013],[21.0963,44.011],[21.096,44.009],[21.0964,44.004],[21.0962,44.0018],[21.0956,43.9997],[21.094,43.997],[21.0925,43.9952],[21.0906,43.9937],[21.0888,43.993],[21.0849,43.992],[21.0819,43.9918],[21.0736,43.9922],[21.0686,43.9922],[21.0672,43.9921],[21.0644,43.9912],[21.0619,43.9897],[21.0534,43.9833],[21.0515,43.9824],[21.0465,43.9807],[21.0441,43.9795],[21.0422,43.9777],[21.041,43.9756],[21.0407,43.9736],[21.041,43.9716],[21.0417,43.97],[21.0429,43.9686],[21.0502,43.9629],[21.052,43.9612],[21.0536,43.9591],[21.0557,43.9554],[21.0607,43.95],[21.0617,43.9485],[21.0624,43.9469],[21.0626,43.9449],[21.0623,43.9428],[21.0615,43.9412],[21.0603,43.9399],[21.0587,43.9387],[21.0521,43.9351],[21.0495,43.9341],[21.0431,43.9321],[21.0413,43.9308],[21.0409,43.9296],[21.041,43.9282],[21.0449,43.9177],[21.0454,43.9152],[21.0452,43.9109],[21.0437,43.9056],[21.0382,43.9072],[21.0339,43.9081],[21.0316,43.9083],[21.0282,43.9083],[21.0256,43.9079],[21.0232,43.9072],[21.0172,43.9045],[21.0098,43.9018],[21.0068,43.9004],[21.0029,43.8976],[21.0011,43.8958],[21.0,43.8939],[20.9998,43.892],[21.0026,43.8847],[21.0046,43.8818],[21.0086,43.8781],[21.015,43.8707],[21.016,43.8682],[21.0166,43.8656],[21.0166,43.8601],[21.0161,43.8576],[21.0147,43.8547],[21.0127,43.8531],[21.0094,43.8512],[21.0071,43.8496],[21.0044,43.8472],[21.0001,43.8429],[20.997,43.8402],[20.9915,43.8371],[20.9825,43.8333],[20.9793,43.8325],[20.9704,43.8319],[20.9657,43.8305],[20.9563,43.8263],[20.9507,43.8234],[20.9474,43.8208],[20.945,43.818],[20.9432,43.8144],[20.9409,43.8085],[20.9399,43.807],[20.938,43.8054],[20.9355,43.8046],[20.9343,43.8045],[20.9324,43.8048],[20.9257,43.8064],[20.9218,43.8069],[20.9134,43.8074],[20.9084,43.8074],[20.9056,43.811],[20.9045,43.8122],[20.9038,43.8127],[20.9031,43.813],[20.9016,43.8136],[20.9009,43.8139],[20.9004,43.8144],[20.8998,43.8149],[20.8995,43.8155],[20.8992,43.8161],[20.899,43.8168],[20.8988,43.8197],[20.8986,43.8203],[20.8981,43.8215],[20.8974,43.8226],[20.8969,43.8231],[20.8953,43.8243],[20.8948,43.8248],[20.8945,43.8253],[20.8943,43.8259],[20.8942,43.8266],[20.879,43.829],[20.8738,43.8303],[20.8713,43.8317],[20.87,43.833],[20.8675,43.8362],[20.8655,43.8381],[20.8628,43.8394],[20.8607,43.84],[20.8585,43.8402],[20.8557,43.8401],[20.8537,43.8396],[20.8499,43.838],[20.8481,43.8369],[20.8464,43.8356],[20.8406,43.8301],[20.8386,43.8289],[20.8369,43.8284],[20.835,43.8283],[20.8331,43.8284],[20.8185,43.8298],[20.8072,43.8316],[20.7993,43.8319],[20.7954,43.8318],[20.7915,43.8314],[20.789,43.8309],[20.7867,43.8302],[20.7786,43.827],[20.7762,43.8263],[20.7652,43.8239],[20.7631,43.8231],[20.7606,43.8217],[20.7592,43.8199],[20.7588,43.818],[20.7592,43.8161],[20.7607,43.8141],[20.768,43.8091],[20.7692,43.8079],[20.7701,43.806],[20.7694,43.7988],[20.7709,43.7919],[20.7708,43.7905],[20.7702,43.7893],[20.769,43.7882],[20.7673,43.7875],[20.7603,43.785],[20.7457,43.7782],[20.7404,43.7762],[20.7369,43.7755],[20.7331,43.7752],[20.7253,43.7751]]]}}]}