{"type":"FeatureCollection","features":[{"type":"Feature","properties":{"id":"VNM-498","name":"An Giang","nameBn":"আন জাং","type":"Province","bounds":[104.7244,10.1996,105.583,10.9469],"center":[105.154,10.5736]},"geometry":{"type":"Polygon","coordinates":[[[105.0779,10.9469],[105.0837,10.9426],[105.0861,10.9295],[105.0975,10.9143],[105.1118,10.9096],[105.2091,10.8916],[105.2158,10.8453],[105.2198,10.8303],[105.2276,10.8168],[105.2415,10.8059],[105.2463,10.7864],[105.2475,10.7795],[105.2854,10.7385],[105.2892,10.73],[105.2913,10.7214],[105.2919,10.7142],[105.2938,10.7076],[105.3003,10.7041],[105.3057,10.7021],[105.347,10.7041],[105.3693,10.7027],[105.3773,10.6689],[105.3784,10.658],[105.3754,10.6275],[105.3783,10.6122],[105.3872,10.5992],[105.4033,10.587],[105.5043,10.5376],[105.5149,10.5298],[105.5242,10.5205],[105.5321,10.5092],[105.5502,10.4744],[105.558,10.464],[105.5666,10.4564],[105.583,10.4465],[105.5341,10.4028],[105.4991,10.3421],[105.4944,10.3337],[105.492,10.3092],[105.4734,10.2753],[105.4674,10.2724],[105.4596,10.2708],[105.4511,10.2744],[105.4421,10.2762],[105.43,10.2735],[105.4191,10.2656],[105.3893,10.2382],[105.3775,10.2331],[105.3684,10.234],[105.3608,10.2416],[105.3426,10.2643],[105.3331,10.2728],[105.3203,10.2769],[105.3145,10.2744],[105.3102,10.2612],[105.3031,10.2535],[105.2857,10.248],[105.2749,10.2419],[105.2656,10.2347],[105.2415,10.1996],[104.8877,10.3825],[104.7244,10.5213],[104.7738,10.5153],[104.8188,10.5172],[104.8544,10.5313],[104.8785,10.556],[104.9197,10.618],[104.9314,10.6307],[104.9443,10.6416],[105.0425,10.6908],[105.0667,10.7139],[105.0662,10.7464],[105.0305,10.8116],[105.0148,10.8492],[105.0114,10.8838],[105.0179,10.8996],[105.0291,10.9141],[105.0385,10.9226],[105.0428,10.9264],[105.0558,10.9355],[105.0779,10.9469]]]}},{"type":"Feature","properties":{"id":"VNM-495","name":"Bà Rịa - Vũng Tàu","nameBn":"বা রিয়া ভুং তাও","type":"Province","bounds":[106.9915,10.3232,107.5865,10.8015],"center":[107.143,10.3969]},"geometry":{"type":"MultiPolygon","coordinates":[[[[107.172,10.4646],[107.2026,10.4381],[107.2112,10.4256],[107.2056,10.4282],[107.2028,10.4289],[107.2007,10.4299],[107.197,10.4331],[107.1902,10.4331],[107.1878,10.4206],[107.1805,10.4154],[107.1731,10.4111],[107.1659,10.3911],[107.1567,10.3855],[107.1355,10.3785],[107.1216,10.3659],[107.1006,10.3352],[107.0872,10.3232],[107.0737,10.3726],[107.0794,10.391],[107.1199,10.4013],[107.1497,10.4166],[107.156,10.4225],[107.1567,10.4328],[107.1594,10.4456],[107.1642,10.4573],[107.172,10.4646]]],[[[107.0025,10.6249],[107.0025,10.6171],[107.0148,10.6112],[107.0251,10.6039],[107.0227,10.5876],[107.0114,10.5628],[107.0144,10.5555],[107.0213,10.5501],[107.0269,10.5442],[107.0256,10.5355],[107.0191,10.5339],[107.0098,10.539],[106.9978,10.5491],[107.0051,10.556],[106.9915,10.5703],[106.9915,10.5765],[106.9963,10.5852],[106.9982,10.5972],[106.9978,10.6249],[107.0025,10.6249]]],[[[107.0202,10.5119],[107.0256,10.515],[107.0327,10.5259],[107.0342,10.5359],[107.0319,10.6075],[107.029,10.6138],[107.0158,10.6278],[107.0114,10.6379],[107.0147,10.6355],[107.0256,10.631],[107.0253,10.6353],[107.0256,10.6353],[107.0322,10.6363],[107.0405,10.6368],[107.1167,10.6651],[107.1334,10.6752],[107.1436,10.6862],[107.1455,10.6959],[107.1464,10.7055],[107.1457,10.7152],[107.1462,10.7217],[107.151,10.7277],[107.241,10.7694],[107.2545,10.7738],[107.2666,10.7744],[107.281,10.7689],[107.2888,10.759],[107.2923,10.747],[107.2896,10.734],[107.2894,10.7202],[107.2917,10.7077],[107.3001,10.6964],[107.3127,10.6874],[107.3267,10.6827],[107.3425,10.6837],[107.3583,10.6913],[107.4234,10.7705],[107.446,10.793],[107.4579,10.8015],[107.4725,10.8012],[107.4827,10.7984],[107.5166,10.7561],[107.5791,10.6144],[107.5865,10.5735],[107.5806,10.5703],[107.5705,10.5622],[107.5442,10.5362],[107.5391,10.5256],[107.5305,10.5129],[107.5114,10.5017],[107.4475,10.4733],[107.4295,10.4685],[107.3846,10.4628],[107.345,10.4504],[107.3342,10.4536],[107.326,10.4424],[107.2966,10.4157],[107.272,10.3785],[107.2544,10.3789],[107.2163,10.4016],[107.1902,10.4052],[107.195,10.414],[107.2031,10.4172],[107.2117,10.4194],[107.2175,10.4256],[107.217,10.4345],[107.2119,10.4435],[107.2054,10.4507],[107.2005,10.4536],[107.1956,10.457],[107.176,10.4774],[107.1712,10.4765],[107.1609,10.4765],[107.1494,10.4779],[107.1418,10.4809],[107.1418,10.4666],[107.1355,10.4666],[107.1227,10.4802],[107.1028,10.4899],[107.0818,10.4916],[107.0661,10.4809],[107.0598,10.4809],[107.0627,10.4896],[107.0632,10.4951],[107.0598,10.5082],[107.0505,10.4885],[107.0432,10.4798],[107.0319,10.4741],[107.0262,10.4931],[107.0256,10.5014],[107.0202,10.5119]]]]}},{"type":"Feature","properties":{"id":"VNM-483","name":"Bình Dương","nameBn":"বিহ্ন ডুওং","type":"Province","bounds":[106.3414,10.8746,106.9758,11.5533],"center":[106.659,11.1382]},"geometry":{"type":"Polygon","coordinates":[[[106.5919,11.0338],[106.5834,11.0377],[106.5741,11.0494],[106.5313,11.1206],[106.5224,11.1306],[106.5137,11.1358],[106.4983,11.1368],[106.4862,11.1361],[106.4296,11.1242],[106.4214,11.1564],[106.4082,11.1718],[106.3916,11.1839],[106.3852,11.1898],[106.3813,11.1963],[106.3789,11.2039],[106.3772,11.2126],[106.3736,11.2215],[106.3696,11.2289],[106.3638,11.2369],[106.3523,11.2579],[106.3467,11.2727],[106.343,11.2892],[106.3414,11.305],[106.3433,11.3444],[106.3469,11.3638],[106.3529,11.3814],[106.3789,11.4372],[106.3869,11.4488],[106.4027,11.4641],[106.412,11.4716],[106.4308,11.4933],[106.4643,11.5533],[106.4811,11.5388],[106.4954,11.5288],[106.5064,11.5183],[106.5144,11.5085],[106.5178,11.5006],[106.5199,11.4892],[106.5212,11.4854],[106.5247,11.4818],[106.5303,11.4795],[106.5429,11.4773],[106.557,11.4733],[106.5722,11.4664],[106.6012,11.4492],[106.6125,11.4401],[106.6191,11.4314],[106.6197,11.4243],[106.6181,11.4042],[106.6147,11.3879],[106.6139,11.3792],[106.615,11.3697],[106.6183,11.3612],[106.6289,11.3484],[106.6323,11.3413],[106.6332,11.3261],[106.6383,11.3196],[106.6476,11.3168],[106.6668,11.319],[106.6776,11.3253],[106.6838,11.3347],[106.6859,11.3466],[106.6889,11.3567],[106.6962,11.3608],[106.706,11.3587],[106.7212,11.3457],[106.7254,11.3373],[106.7246,11.33],[106.7148,11.3185],[106.7129,11.3117],[106.7182,11.3069],[106.7294,11.3052],[106.7535,11.3122],[106.7649,11.321],[106.773,11.3294],[106.7776,11.3354],[106.7913,11.3353],[106.812,11.3296],[106.8847,11.2998],[106.9329,11.2851],[106.9648,11.2836],[106.9339,11.2147],[106.9311,11.1984],[106.9353,11.1882],[106.9441,11.1821],[106.9539,11.1707],[106.964,11.1531],[106.9746,11.1224],[106.9758,11.1072],[106.9725,11.0951],[106.9547,11.064],[106.9124,11.0295],[106.9021,11.026],[106.8905,11.0253],[106.8782,11.0273],[106.8655,11.0334],[106.8549,11.0413],[106.8459,11.0496],[106.8374,11.0541],[106.8273,11.0555],[106.8143,11.0523],[106.8007,11.0458],[106.7875,11.0347],[106.784,11.0259],[106.7852,11.0169],[106.7875,11.0076],[106.7866,10.9887],[106.7875,10.9807],[106.7913,10.972],[106.7973,10.9614],[106.806,10.9499],[106.8169,10.9387],[106.8262,10.9269],[106.8323,10.9173],[106.836,10.8878],[106.7994,10.8945],[106.7875,10.8917],[106.7499,10.8784],[106.7346,10.8746],[106.7218,10.8754],[106.7123,10.881],[106.6993,10.9012],[106.6737,10.9338],[106.6538,10.9662],[106.6191,11.0102],[106.6178,11.0184],[106.618,11.0257],[106.6161,11.031],[106.6111,11.0343],[106.5919,11.0338]]]}},{"type":"Feature","properties":{"id":"VNM-484","name":"Bình Phước","nameBn":"বিন পো","type":"Province","bounds":[106.394,11.2836,107.4003,12.3106],"center":[106.897,11.6805]},"geometry":{"type":"Polygon","coordinates":[[[106.8793,12.0627],[106.9163,12.0669],[106.9534,12.0811],[106.9777,12.0972],[107.046,12.1644],[107.0776,12.2028],[107.1042,12.2212],[107.1162,12.2321],[107.1229,12.2462],[107.1525,12.277],[107.2119,12.3057],[107.2278,12.3106],[107.2289,12.2997],[107.2473,12.0653],[107.2581,12.0201],[107.273,11.995],[107.3296,11.9571],[107.3454,11.9409],[107.3597,11.9182],[107.367,11.8963],[107.3738,11.8505],[107.3801,11.8334],[107.3881,11.8193],[107.3966,11.8073],[107.4002,11.7975],[107.4003,11.7854],[107.3904,11.7518],[107.3276,11.7178],[107.3176,11.7084],[107.3039,11.6926],[107.2844,11.6549],[107.2806,11.64],[107.2816,11.6279],[107.2968,11.6088],[107.3036,11.5955],[107.3074,11.5857],[107.3085,11.5662],[107.234,11.5283],[107.1403,11.4994],[107.1192,11.4879],[107.1043,11.4754],[107.0956,11.4595],[107.09,11.4465],[107.0866,11.4338],[107.0852,11.4163],[107.0838,11.409],[107.0802,11.4027],[107.0673,11.3871],[107.0571,11.368],[107.0466,11.3542],[107.0257,11.3332],[107.0095,11.3218],[107.0013,11.314],[106.9977,11.3085],[106.9933,11.2999],[106.9873,11.2945],[106.9648,11.2836],[106.9329,11.2851],[106.8847,11.2998],[106.812,11.3296],[106.7913,11.3353],[106.7776,11.3354],[106.773,11.3294],[106.7649,11.321],[106.7535,11.3122],[106.7294,11.3052],[106.7182,11.3069],[106.7129,11.3117],[106.7148,11.3185],[106.7246,11.33],[106.7254,11.3373],[106.7212,11.3457],[106.706,11.3587],[106.6962,11.3608],[106.6889,11.3567],[106.6859,11.3466],[106.6838,11.3347],[106.6776,11.3253],[106.6668,11.319],[106.6476,11.3168],[106.6383,11.3196],[106.6332,11.3261],[106.6323,11.3413],[106.6289,11.3484],[106.6183,11.3612],[106.615,11.3697],[106.6139,11.3792],[106.6147,11.3879],[106.6181,11.4042],[106.6197,11.4243],[106.6191,11.4314],[106.6125,11.4401],[106.6012,11.4492],[106.5722,11.4664],[106.557,11.4733],[106.5429,11.4773],[106.5303,11.4795],[106.5247,11.4818],[106.5212,11.4854],[106.5199,11.4892],[106.5178,11.5006],[106.5144,11.5085],[106.5064,11.5183],[106.4954,11.5288],[106.4811,11.5388],[106.4643,11.5533],[106.4751,11.5561],[106.4797,11.5568],[106.4853,11.5583],[106.4893,11.5612],[106.49,11.5735],[106.487,11.5926],[106.4714,11.6536],[106.4603,11.6695],[106.4346,11.6784],[106.4261,11.7005],[106.3989,11.7463],[106.3978,11.7621],[106.4031,11.7759],[106.4114,11.7892],[106.4183,11.8034],[106.4196,11.812],[106.4203,11.831],[106.4214,11.8376],[106.4362,11.8612],[106.4388,11.8637],[106.4331,11.8884],[106.4035,11.9429],[106.3954,11.9658],[106.394,11.9698],[106.4175,11.9759],[106.4291,11.9768],[106.4421,11.9749],[106.4511,11.9685],[106.4551,11.9597],[106.4605,11.9529],[106.4737,11.9521],[106.5045,11.9734],[106.5524,11.9728],[106.6386,11.9611],[106.6306,11.9762],[106.6805,11.9651],[106.7016,11.9708],[106.7211,11.9964],[106.7328,12.0289],[106.7492,12.0523],[106.772,12.0658],[106.7906,12.0674],[106.803,12.0685],[106.8793,12.0627]]]}},{"type":"Feature","properties":{"id":"VNM-496","name":"Bình Thuận","nameBn":"হাবিহ্ন থুয়ান","type":"Province","bounds":[107.4309,10.5029,108.9662,11.564],"center":[108.232,11.1284]},"geometry":{"type":"MultiPolygon","coordinates":[[[[108.906,11.3234],[108.8897,11.3306],[108.8739,11.3339],[108.8561,11.334],[108.8381,11.3308],[108.8213,11.3237],[108.7879,11.3007],[108.7752,11.2885],[108.7661,11.2759],[108.7578,11.2578],[108.7456,11.2071],[108.738,11.1897],[108.7293,11.1815],[108.7175,11.1792],[108.7005,11.1791],[108.6904,11.1815],[108.6692,11.1912],[108.6563,11.1928],[108.6463,11.1905],[108.626,11.1818],[108.6152,11.1791],[108.5774,11.1791],[108.5716,11.176],[108.5594,11.1624],[108.5313,11.1533],[108.514,11.1387],[108.5003,11.1208],[108.4917,11.1047],[108.4819,11.064],[108.4723,11.0532],[108.447,11.0495],[108.4391,11.0467],[108.4036,11.029],[108.3931,11.0271],[108.3763,11.0263],[108.3688,11.0228],[108.3628,11.0097],[108.3499,10.9639],[108.345,10.9538],[108.3252,10.9516],[108.3154,10.9443],[108.3001,10.9128],[108.2937,10.9128],[108.2853,10.9433],[108.2586,10.9518],[108.135,10.9277],[108.1065,10.9182],[108.0945,10.902],[108.0891,10.892],[108.0657,10.868],[108.0603,10.8542],[108.0571,10.8421],[108.043,10.8139],[108.0354,10.7728],[107.9983,10.6994],[107.9915,10.6994],[107.9806,10.7058],[107.9363,10.7187],[107.9194,10.7211],[107.8982,10.72],[107.8823,10.717],[107.8239,10.6924],[107.7822,10.6578],[107.7683,10.6502],[107.7313,10.6379],[107.6663,10.6037],[107.6445,10.6007],[107.6213,10.5926],[107.5865,10.5735],[107.5791,10.6144],[107.5166,10.7561],[107.563,10.8018],[107.5775,10.8227],[107.5908,10.8509],[107.5923,10.8811],[107.5884,10.9118],[107.5786,10.9402],[107.5692,10.9603],[107.5574,10.9797],[107.545,10.9921],[107.5313,11.0001],[107.515,11.0015],[107.4977,10.9994],[107.477,11.0014],[107.4598,11.0088],[107.4415,11.0228],[107.4309,11.0381],[107.437,11.0523],[107.4534,11.0781],[107.4618,11.095],[107.4658,11.1216],[107.477,11.1491],[107.4964,11.1825],[107.5064,11.2104],[107.5115,11.2209],[107.5341,11.257],[107.5482,11.2892],[107.5698,11.3272],[107.5802,11.3417],[107.59,11.3523],[107.5973,11.3576],[107.6019,11.3601],[107.6095,11.3617],[107.6567,11.3448],[107.6913,11.3284],[107.7268,11.3195],[107.7563,11.3149],[108.0102,11.3015],[108.0319,11.2943],[108.0459,11.2837],[108.0526,11.271],[108.0549,11.2583],[108.0557,11.2435],[108.0541,11.2251],[108.0526,11.2175],[108.0529,11.211],[108.0571,11.2051],[108.066,11.2034],[108.0783,11.2073],[108.0926,11.2187],[108.1183,11.2543],[108.1318,11.2694],[108.1526,11.2815],[108.1774,11.2885],[108.22,11.295],[108.2505,11.3065],[108.2805,11.3224],[108.3055,11.3398],[108.3249,11.3563],[108.3357,11.3687],[108.3387,11.3793],[108.3362,11.3898],[108.3213,11.4155],[108.3154,11.4314],[108.3137,11.449],[108.3147,11.4669],[108.319,11.4828],[108.3271,11.495],[108.3412,11.5079],[108.3657,11.5197],[108.3865,11.5238],[108.5137,11.5277],[108.5353,11.5252],[108.564,11.5106],[108.5804,11.5052],[108.5914,11.5095],[108.5995,11.5208],[108.6113,11.5502],[108.6202,11.564],[108.6669,11.5628],[108.6827,11.5563],[108.697,11.5478],[108.7049,11.5367],[108.7087,11.5248],[108.7124,11.4973],[108.7152,11.4863],[108.7215,11.4766],[108.731,11.4718],[108.7562,11.4653],[108.7629,11.4586],[108.7654,11.448],[108.7679,11.4196],[108.7719,11.4078],[108.7786,11.402],[108.7893,11.4006],[108.8207,11.4029],[108.8405,11.3996],[108.8679,11.388],[108.8863,11.3714],[108.8988,11.3521],[108.9037,11.3379],[108.9059,11.3235],[108.906,11.3234]]],[[[108.9426,10.5519],[108.959,10.5375],[108.9662,10.5176],[108.9608,10.5029],[108.9402,10.5042],[108.9302,10.5146],[108.926,10.5302],[108.9295,10.5448],[108.9426,10.5519]]]]}},{"type":"Feature","properties":{"id":"VNM-485","name":"Bình Định","nameBn":"বিহ্ন দিহ্ন","type":"Province","bounds":[108.6347,13.5378,109.3074,14.683],"center":[108.971,14.1075]},"geometry":{"type":"Polygon","coordinates":[[[109.0773,14.6725],[109.0818,14.6064],[109.0871,14.5961],[109.0882,14.5893],[109.0861,14.5853],[109.0767,14.5857],[109.0711,14.5751],[109.0645,14.5704],[109.061,14.5637],[109.0671,14.5507],[109.0736,14.5705],[109.0745,14.5786],[109.1082,14.4887],[109.1257,14.4654],[109.1302,14.4516],[109.1292,14.3974],[109.1312,14.3834],[109.1365,14.3668],[109.1497,14.3384],[109.1814,14.3048],[109.1906,14.2912],[109.1946,14.2775],[109.2012,14.236],[109.1909,14.2205],[109.2053,14.1861],[109.239,14.133],[109.2202,14.1352],[109.2127,14.1447],[109.2078,14.157],[109.1975,14.1678],[109.1745,14.1721],[109.1726,14.1566],[109.1841,14.1363],[109.2151,14.1196],[109.2254,14.104],[109.2527,14.0326],[109.2664,13.9207],[109.2752,13.9067],[109.3016,13.8858],[109.3074,13.8764],[109.3005,13.7978],[109.304,13.7593],[109.2957,13.7556],[109.2698,13.7556],[109.2674,13.7663],[109.2732,13.8245],[109.2595,13.874],[109.2515,13.8909],[109.239,13.8798],[109.2362,13.8696],[109.2322,13.832],[109.2219,13.8132],[109.2207,13.8061],[109.2322,13.8109],[109.2395,13.7877],[109.2461,13.7796],[109.259,13.7773],[109.2478,13.7654],[109.2354,13.7561],[109.2262,13.7436],[109.2248,13.7221],[109.2368,13.6996],[109.2371,13.6986],[109.2345,13.697],[109.2113,13.6848],[109.1631,13.6733],[109.1439,13.659],[109.0807,13.5871],[109.0623,13.5742],[108.9778,13.5426],[108.9436,13.5378],[108.9097,13.5378],[108.8256,13.5575],[108.8217,13.6649],[108.8076,13.7468],[108.7986,13.7748],[108.7738,13.8205],[108.728,13.8817],[108.7158,13.907],[108.7121,13.9301],[108.7139,13.956],[108.7179,13.9769],[108.7189,13.9954],[108.715,14.0085],[108.7053,14.0223],[108.6754,14.0555],[108.6591,14.0775],[108.6436,14.1094],[108.6355,14.1525],[108.6347,14.2175],[108.6757,14.3737],[108.6871,14.4572],[108.683,14.5268],[108.6669,14.596],[108.7121,14.6223],[108.7448,14.6364],[108.7921,14.6664],[108.8142,14.6733],[108.8625,14.6795],[108.9788,14.673],[109.0331,14.6818],[109.0504,14.683],[109.0714,14.6776],[109.0773,14.6725]]]}},{"type":"Feature","properties":{"id":"VNM-506","name":"Bạc Liêu","nameBn":"বাক লিও","type":"Province","bounds":[105.2784,9.008,105.8683,9.6104],"center":[105.573,9.3394]},"geometry":{"type":"Polygon","coordinates":[[[105.8683,9.2547],[105.7599,9.2109],[105.5387,9.1293],[105.5142,9.1086],[105.4702,9.062],[105.4436,9.0415],[105.433,9.0283],[105.4286,9.0107],[105.426,9.008],[105.4202,9.0332],[105.4139,9.0439],[105.398,9.0582],[105.3639,9.0685],[105.351,9.0738],[105.3406,9.0855],[105.3311,9.1025],[105.3172,9.1544],[105.3172,9.1738],[105.3181,9.1834],[105.3167,9.1911],[105.311,9.1963],[105.3054,9.1978],[105.2992,9.1984],[105.2931,9.1983],[105.288,9.2002],[105.2833,9.2052],[105.2811,9.2164],[105.281,9.2362],[105.2929,9.2614],[105.3038,9.278],[105.3133,9.2896],[105.3169,9.2972],[105.315,9.304],[105.3057,9.3136],[105.2948,9.3222],[105.2872,9.3307],[105.2866,9.3386],[105.2947,9.3506],[105.3026,9.358],[105.3051,9.3668],[105.3048,9.3722],[105.2799,9.4058],[105.2948,9.4135],[105.2978,9.4198],[105.2988,9.4251],[105.296,9.4301],[105.2826,9.4467],[105.2784,9.4595],[105.282,9.4712],[105.3006,9.4982],[105.3102,9.5155],[105.3074,9.535],[105.2925,9.5875],[105.296,9.6003],[105.3065,9.6054],[105.3243,9.6028],[105.3923,9.5868],[105.4626,9.5875],[105.5338,9.5994],[105.5693,9.6104],[105.5776,9.4593],[105.5864,9.4402],[105.5997,9.418],[105.6256,9.4143],[105.6353,9.411],[105.6565,9.396],[105.6717,9.3895],[105.6924,9.3839],[105.736,9.3799],[105.751,9.3821],[105.7729,9.3923],[105.7859,9.3941],[105.8018,9.3907],[105.823,9.378],[105.8334,9.3638],[105.8683,9.2547]]]}},{"type":"Feature","properties":{"id":"VNM-470","name":"Bắc Giang","nameBn":"বাক গিয়াং","type":"Province","bounds":[105.9208,21.1341,107.0653,21.6329],"center":[106.493,21.3512]},"geometry":{"type":"Polygon","coordinates":[[[107.0653,21.3605],[107.0146,21.3352],[107.0075,21.3274],[106.9986,21.3147],[106.9877,21.2517],[106.9806,21.2306],[106.9724,21.2116],[106.9635,21.1983],[106.9479,21.1897],[106.924,21.1835],[106.8773,21.1775],[106.8244,21.1622],[106.7592,21.1617],[106.5458,21.1937],[106.5296,21.2074],[106.5137,21.2173],[106.4879,21.228],[106.4577,21.2327],[106.4222,21.231],[106.3858,21.2228],[106.3523,21.2053],[106.3295,21.188],[106.298,21.1341],[106.2806,21.1431],[106.2631,21.1609],[106.2509,21.1681],[106.2276,21.1779],[106.2142,21.1814],[106.1031,21.1983],[106.0848,21.2046],[106.0716,21.2068],[106.0466,21.2064],[106.0288,21.2119],[105.945,21.2475],[105.9461,21.2658],[105.9408,21.2885],[105.9208,21.3281],[105.9711,21.4088],[105.9804,21.413],[105.9906,21.4135],[106.0024,21.4117],[106.0189,21.4123],[106.0355,21.4195],[106.0514,21.434],[106.0671,21.4614],[106.0722,21.482],[106.0719,21.5026],[106.04,21.6088],[106.0387,21.6202],[106.0415,21.6284],[106.0504,21.6327],[106.0666,21.6329],[106.127,21.6257],[106.1438,21.621],[106.1553,21.611],[106.1613,21.6026],[106.1675,21.5708],[106.1584,21.5457],[106.1598,21.5309],[106.1655,21.5171],[106.178,21.5082],[106.1967,21.5022],[106.2291,21.4985],[106.2605,21.491],[106.2919,21.4775],[106.3529,21.4239],[106.3734,21.4146],[106.3987,21.4111],[106.4358,21.4176],[106.46,21.4308],[106.478,21.4483],[106.4901,21.4696],[106.5221,21.5449],[106.5402,21.5684],[106.5593,21.5866],[106.5804,21.5991],[106.6053,21.6061],[106.631,21.6096],[106.6587,21.6074],[106.6821,21.5986],[106.7187,21.5617],[106.7323,21.5509],[106.7477,21.5493],[106.7584,21.5549],[106.7811,21.5747],[106.7949,21.5844],[106.8113,21.5927],[106.8279,21.5972],[106.8394,21.5932],[106.8451,21.5801],[106.8485,21.5633],[106.8577,21.541],[106.8726,21.5169],[106.8991,21.4819],[106.9094,21.4608],[106.922,21.445],[106.9443,21.4369],[106.9651,21.4381],[106.9833,21.4433],[106.9968,21.4456],[107.0068,21.4418],[107.0137,21.4264],[107.0138,21.3965],[107.0185,21.3845],[107.0241,21.3762],[107.0653,21.3605]]]}},{"type":"Feature","properties":{"id":"VNM-463","name":"Bắc Ninh","nameBn":"ব্যাক নিহ্ন","type":"Province","bounds":[105.9177,20.9855,106.3158,21.2475],"center":[106.117,21.098]},"geometry":{"type":"Polygon","coordinates":[[[106.1522,20.9978],[106.0766,21.0018],[106.0228,20.9977],[106.0047,20.9913],[106.0128,21.0169],[106.0136,21.0311],[106.0103,21.0457],[105.9983,21.0628],[105.9841,21.0743],[105.9515,21.0956],[105.9391,21.1089],[105.929,21.1274],[105.922,21.1505],[105.9186,21.1722],[105.9177,21.1918],[105.921,21.2087],[105.9248,21.2217],[105.945,21.2475],[106.0288,21.2119],[106.0466,21.2064],[106.0716,21.2068],[106.0848,21.2046],[106.1031,21.1983],[106.2142,21.1814],[106.2276,21.1779],[106.2509,21.1681],[106.2631,21.1609],[106.2806,21.1431],[106.298,21.1341],[106.3143,21.0712],[106.3158,21.0505],[106.3135,21.0309],[106.3068,21.0133],[106.295,21.0005],[106.2783,20.9907],[106.2492,20.9865],[106.2265,20.9855],[106.1522,20.9978]]]}},{"type":"Feature","properties":{"id":"VNM-504","name":"Bến Tre","nameBn":"বেন ত্রে","type":"Province","bounds":[105.9549,9.817,106.7991,10.339],"center":[106.496,10.171]},"geometry":{"type":"MultiPolygon","coordinates":[[[[106.4224,10.317],[106.4803,10.2808],[106.7209,10.1997],[106.7262,10.1965],[106.7424,10.1824],[106.7483,10.1792],[106.7536,10.1771],[106.7583,10.1723],[106.7651,10.1677],[106.7756,10.1655],[106.7857,10.1649],[106.7931,10.1625],[106.7976,10.1572],[106.7991,10.1481],[106.7971,10.1254],[106.7913,10.1102],[106.7371,10.0541],[106.7209,10.0449],[106.7041,10.0489],[106.7092,10.0566],[106.7103,10.0659],[106.7083,10.0753],[106.7041,10.0836],[106.6966,10.0836],[106.6921,10.0666],[106.6898,10.0626],[106.6768,10.0492],[106.6712,10.041],[106.6687,10.0324],[106.6725,10.0295],[106.6795,10.021],[106.6841,10.012],[106.6795,10.008],[106.6642,10.0061],[106.6608,10.0015],[106.661,9.9949],[106.654,9.985],[106.6515,9.9775],[106.6489,9.9744],[106.6449,9.9734],[106.6074,9.9748],[106.5911,9.9808],[106.5769,9.991],[106.563,10.0045],[106.5479,10.0154],[106.4981,10.0358],[106.4689,10.059],[106.4434,10.0895],[106.3599,10.2207],[106.3312,10.2495],[106.292,10.2617],[106.2974,10.2559],[106.3027,10.2533],[106.3079,10.2514],[106.3379,10.2281],[106.3494,10.2148],[106.3582,10.1766],[106.3685,10.1559],[106.4617,10.0357],[106.4844,10.0153],[106.5615,9.9792],[106.6143,9.939],[106.6706,9.9094],[106.6864,9.9055],[106.6963,9.8966],[106.6932,9.8764],[106.6825,9.8551],[106.6687,9.8428],[106.6687,9.8502],[106.6751,9.8576],[106.6764,9.8668],[106.6741,9.8761],[106.6687,9.8837],[106.6626,9.8837],[106.6579,9.8486],[106.6379,9.826],[106.6113,9.817],[106.5868,9.8229],[106.5633,9.8418],[106.5044,9.9055],[106.4797,9.924],[106.395,9.9744],[106.1449,10.2286],[106.1365,10.2346],[106.1273,10.2394],[106.1213,10.2407],[106.1182,10.2381],[106.1007,10.2491],[106.073,10.2606],[105.9846,10.2842],[105.9549,10.2885],[105.9559,10.3007],[105.9732,10.3133],[105.9877,10.3187],[106.0034,10.3211],[106.0191,10.3212],[106.0349,10.3188],[106.083,10.3011],[106.1072,10.2963],[106.1393,10.2964],[106.1582,10.2981],[106.2039,10.3155],[106.2283,10.3185],[106.2793,10.3172],[106.2924,10.3196],[106.3423,10.3374],[106.3543,10.339],[106.3665,10.3386],[106.3789,10.3363],[106.4125,10.3231],[106.4224,10.317]]],[[[106.4981,9.8912],[106.531,9.858],[106.5441,9.838],[106.5357,9.8292],[106.521,9.8377],[106.4968,9.8752],[106.4685,9.8903],[106.4224,9.9328],[106.4224,9.939],[106.4269,9.9361],[106.4429,9.9328],[106.486,9.9027],[106.4981,9.8912]]]]}},{"type":"Feature","properties":{"id":"VNM-499","name":"Can Tho","nameBn":"কান থো","type":"Province","bounds":[105.2415,10.0436,105.9158,10.4465],"center":[105.685,10.2421]},"geometry":{"type":"Polygon","coordinates":[[[105.4228,10.0436],[105.3507,10.1189],[105.3241,10.1419],[105.2729,10.1745],[105.2415,10.1996],[105.2656,10.2347],[105.2749,10.2419],[105.2857,10.248],[105.3031,10.2535],[105.3102,10.2612],[105.3145,10.2744],[105.3203,10.2769],[105.3331,10.2728],[105.3426,10.2643],[105.3608,10.2416],[105.3684,10.234],[105.3775,10.2331],[105.3893,10.2382],[105.4191,10.2656],[105.43,10.2735],[105.4421,10.2762],[105.4511,10.2744],[105.4596,10.2708],[105.4674,10.2724],[105.4734,10.2753],[105.492,10.3092],[105.4944,10.3337],[105.4991,10.3421],[105.5341,10.4028],[105.583,10.4465],[105.6317,10.4171],[105.6451,10.4133],[105.6863,10.4108],[105.6998,10.4079],[105.7116,10.4023],[105.7218,10.3947],[105.7667,10.3444],[105.7824,10.3308],[105.7999,10.3198],[105.8478,10.3017],[105.849,10.3014],[105.8758,10.2671],[105.882,10.2413],[105.8829,10.2389],[105.8848,10.2374],[105.894,10.2345],[105.9003,10.2313],[105.906,10.2268],[105.9112,10.2215],[105.9146,10.214],[105.9158,10.2046],[105.9146,10.1875],[105.9094,10.1718],[105.901,10.1601],[105.8814,10.1464],[105.8679,10.1407],[105.8503,10.1386],[105.819,10.1431],[105.7923,10.1517],[105.7683,10.1629],[105.7377,10.1834],[105.7275,10.1856],[105.7164,10.182],[105.7079,10.1745],[105.7043,10.167],[105.7071,10.1569],[105.7087,10.1431],[105.6922,10.1232],[105.6301,10.1017],[105.5244,10.0789],[105.4228,10.0436]]]}},{"type":"Feature","properties":{"id":"VNM-511","name":"Cao Bằng","nameBn":"কাও ব্যাং","type":"Province","bounds":[105.2959,22.3755,106.7987,23.099],"center":[106.047,22.7595]},"geometry":{"type":"Polygon","coordinates":[[[105.5352,23.099],[105.5353,23.0941],[105.5397,23.0755],[105.5516,23.0597],[105.566,23.0541],[105.6368,23.0513],[105.665,23.0434],[105.6903,23.044],[105.7007,23.0378],[105.7197,23.0196],[105.7316,23.0142],[105.7432,23.0108],[105.7547,23.0057],[105.7658,22.9955],[105.7658,22.9953],[105.766,22.9952],[105.7661,22.9952],[105.7794,22.9761],[105.8357,22.9172],[105.8539,22.9047],[105.8623,22.9078],[105.8666,22.9151],[105.8701,22.9231],[105.876,22.9283],[105.8866,22.9298],[105.9037,22.9255],[105.9132,22.9244],[105.9448,22.9277],[105.9612,22.9324],[105.974,22.9399],[105.99,22.9706],[105.9992,22.9754],[106.0776,22.981],[106.1321,22.975],[106.17,22.966],[106.2024,22.947],[106.223,22.9124],[106.2271,22.8756],[106.234,22.8639],[106.2554,22.8547],[106.2766,22.851],[106.2964,22.8511],[106.3157,22.8538],[106.458,22.889],[106.4737,22.8971],[106.478,22.9196],[106.4878,22.9254],[106.5012,22.9217],[106.5169,22.9154],[106.567,22.9038],[106.5817,22.8953],[106.5917,22.8809],[106.5992,22.865],[106.6104,22.8529],[106.6327,22.8496],[106.6399,22.8534],[106.6479,22.867],[106.6568,22.87],[106.6675,22.8675],[106.6744,22.8615],[106.6851,22.8482],[106.7149,22.8261],[106.731,22.8001],[106.7304,22.7976],[106.7451,22.7972],[106.7684,22.7992],[106.7898,22.7972],[106.7987,22.7844],[106.7915,22.7721],[106.7585,22.7542],[106.7466,22.7443],[106.7396,22.7268],[106.7355,22.6954],[106.7266,22.6773],[106.7051,22.6461],[106.6977,22.6309],[106.6802,22.5795],[106.6679,22.5691],[106.6463,22.5688],[106.6301,22.5801],[106.6195,22.5973],[106.6076,22.61],[106.588,22.6078],[106.5771,22.5953],[106.5688,22.5746],[106.5459,22.4725],[106.5414,22.4643],[106.5303,22.4493],[106.5269,22.4383],[106.5269,22.4278],[106.533,22.4034],[106.533,22.4034],[106.5296,22.4005],[106.4966,22.384],[106.4759,22.379],[106.4533,22.3762],[106.4264,22.3755],[106.3986,22.3781],[106.3696,22.3885],[106.2862,22.4409],[106.2721,22.4454],[106.258,22.4462],[106.2405,22.4412],[106.2257,22.4349],[106.193,22.4067],[106.1621,22.4088],[106.1467,22.4197],[106.1377,22.4318],[106.1351,22.4452],[106.136,22.47],[106.1325,22.4801],[106.1247,22.4873],[106.1151,22.4944],[106.109,22.5019],[106.1075,22.511],[106.1082,22.5204],[106.1079,22.5306],[106.0983,22.5385],[106.0823,22.5423],[106.0482,22.5402],[105.9964,22.5254],[105.9843,22.5193],[105.975,22.5128],[105.9657,22.5076],[105.9405,22.4985],[105.9255,22.4904],[105.9096,22.4799],[105.895,22.4747],[105.8801,22.4721],[105.8615,22.475],[105.8431,22.4817],[105.8151,22.5053],[105.8038,22.5255],[105.7976,22.5459],[105.7939,22.5633],[105.7881,22.5786],[105.771,22.6054],[105.7653,22.6173],[105.7616,22.6308],[105.7611,22.6444],[105.7636,22.6579],[105.7745,22.685],[105.7776,22.6968],[105.7774,22.7065],[105.7738,22.7137],[105.7678,22.7177],[105.737,22.7244],[105.7249,22.7241],[105.7091,22.7193],[105.693,22.7111],[105.6485,22.6779],[105.6129,22.6323],[105.5676,22.5922],[105.5197,22.663],[105.4894,22.7303],[105.4745,22.7517],[105.4519,22.7748],[105.3028,22.8546],[105.2959,22.8657],[105.3018,22.8763],[105.3591,22.9141],[105.3774,22.9323],[105.3929,22.9506],[105.4137,22.9816],[105.4232,22.9925],[105.4329,23.0008],[105.4432,23.005],[105.4547,23.0055],[105.4663,23.0028],[105.4781,23.0012],[105.4885,23.0084],[105.4976,23.0244],[105.5101,23.0868],[105.5135,23.0912],[105.5173,23.0944],[105.5215,23.0965],[105.5352,23.099]]]}},{"type":"Feature","properties":{"id":"VNM-507","name":"Cà Mau","nameBn":"ক্যা মাউ","type":"Province","bounds":[104.7202,8.5656,105.426,9.5344],"center":[105.073,9.0555]},"geometry":{"type":"Polygon","coordinates":[[[105.426,9.008],[105.4133,9.0047],[105.4082,9.0006],[105.4074,8.9959],[105.4089,8.9848],[105.4082,8.98],[105.334,8.8397],[105.3151,8.8122],[105.2932,8.7879],[105.2588,8.7605],[105.2168,8.7545],[105.184,8.7409],[105.1544,8.7059],[105.1264,8.6601],[105.1015,8.6343],[105.0347,8.6162],[104.8562,8.5656],[104.8328,8.5692],[104.8269,8.5727],[104.822,8.5771],[104.8148,8.5811],[104.7522,8.5908],[104.7285,8.5995],[104.7229,8.6027],[104.7202,8.6138],[104.728,8.6164],[104.7401,8.612],[104.7593,8.6156],[104.8084,8.6477],[104.8191,8.654],[104.8281,8.6566],[104.8351,8.6605],[104.839,8.671],[104.8342,8.681],[104.8237,8.6862],[104.8195,8.6909],[104.8328,8.6989],[104.8456,8.6981],[104.9116,8.6852],[104.9258,8.6884],[104.9424,8.6964],[104.9564,8.7074],[104.9631,8.7194],[104.9393,8.7081],[104.9075,8.6996],[104.8761,8.6992],[104.8533,8.7126],[104.8484,8.7236],[104.8528,8.7292],[104.8643,8.7318],[104.8806,8.7336],[104.9048,8.7336],[104.9121,8.7353],[104.929,8.7473],[104.929,8.7535],[104.9191,8.7705],[104.9163,8.7905],[104.9216,8.8093],[104.8579,8.7814],[104.8167,8.7713],[104.7917,8.7841],[104.7746,8.8179],[104.7854,8.8561],[104.7962,8.8912],[104.8117,8.937],[104.8086,8.9753],[104.8071,9.0456],[104.811,9.1326],[104.8191,9.1929],[104.8255,9.34],[104.8261,9.401],[104.8328,9.5145],[104.8341,9.5344],[104.8344,9.5343],[104.8349,9.534],[104.8731,9.5078],[104.8779,9.5061],[104.886,9.5065],[104.9134,9.5204],[104.9362,9.517],[104.9478,9.5182],[104.9559,9.5208],[104.9609,9.5261],[104.9694,9.5299],[104.9798,9.529],[104.9958,9.5255],[105.0239,9.5283],[105.0408,9.5224],[105.0878,9.4927],[105.2405,9.4169],[105.2799,9.4058],[105.3048,9.3722],[105.3051,9.3668],[105.3026,9.358],[105.2947,9.3506],[105.2866,9.3386],[105.2872,9.3307],[105.2948,9.3222],[105.3057,9.3136],[105.315,9.304],[105.3169,9.2972],[105.3133,9.2896],[105.3038,9.278],[105.2929,9.2614],[105.281,9.2362],[105.2811,9.2164],[105.2833,9.2052],[105.288,9.2002],[105.2931,9.1983],[105.2992,9.1984],[105.3054,9.1978],[105.311,9.1963],[105.3167,9.1911],[105.3181,9.1834],[105.3172,9.1738],[105.3172,9.1544],[105.3311,9.1025],[105.3406,9.0855],[105.351,9.0738],[105.3639,9.0685],[105.398,9.0582],[105.4139,9.0439],[105.4202,9.0332],[105.426,9.008]]]}},{"type":"Feature","properties":{"id":"VNM-478","name":"Gia Lai","nameBn":"জিয়া লিয়া","type":"Region","bounds":[107.4354,12.9962,108.8767,14.6406],"center":[108.156,13.8493]},"geometry":{"type":"Polygon","coordinates":[[[107.5616,13.262],[107.5749,13.2936],[107.607,13.3698],[107.6105,13.4004],[107.6043,13.4985],[107.5969,13.5351],[107.5143,13.6926],[107.4967,13.717],[107.4738,13.7416],[107.4718,13.7461],[107.4623,13.7612],[107.4432,13.7835],[107.4382,13.7985],[107.4385,13.809],[107.445,13.8304],[107.4462,13.8394],[107.4354,13.8697],[107.4398,13.8865],[107.4453,13.8978],[107.448,13.9093],[107.446,13.9216],[107.4671,13.9326],[107.5321,13.9764],[107.5717,14.0112],[107.6085,14.05],[107.6298,14.0846],[107.6429,14.1127],[107.6583,14.1381],[107.6809,14.1589],[107.72,14.1856],[107.7872,14.2159],[108.1532,14.33],[108.2606,14.3789],[108.3364,14.4307],[108.3826,14.4737],[108.411,14.5161],[108.4227,14.5451],[108.4262,14.5658],[108.4249,14.5786],[108.4215,14.5871],[108.4102,14.6033],[108.408,14.6111],[108.4094,14.6201],[108.4164,14.6245],[108.4262,14.6266],[108.44,14.6261],[108.4526,14.623],[108.4748,14.6125],[108.4831,14.6095],[108.4939,14.6092],[108.6182,14.6406],[108.6669,14.596],[108.683,14.5268],[108.6871,14.4572],[108.6757,14.3737],[108.6347,14.2175],[108.6355,14.1525],[108.6436,14.1094],[108.6591,14.0775],[108.6754,14.0555],[108.7053,14.0223],[108.715,14.0085],[108.7189,13.9954],[108.7179,13.9769],[108.7139,13.956],[108.7121,13.9301],[108.7158,13.907],[108.728,13.8817],[108.7738,13.8205],[108.7986,13.7748],[108.8076,13.7468],[108.8217,13.6649],[108.8256,13.5575],[108.8217,13.4305],[108.8248,13.4087],[108.8314,13.3898],[108.8486,13.3546],[108.8539,13.3364],[108.8548,13.3186],[108.8528,13.2983],[108.8535,13.2806],[108.8571,13.2659],[108.8725,13.2392],[108.8767,13.2255],[108.8748,13.2113],[108.865,13.1944],[108.845,13.1746],[108.8124,13.1508],[108.7291,13.1057],[108.7074,13.0899],[108.6878,13.0713],[108.6655,13.039],[108.6608,12.9962],[108.5146,13.0327],[108.4721,13.0739],[108.4342,13.2018],[108.4228,13.2277],[108.4095,13.2514],[108.3874,13.2789],[108.3645,13.2949],[108.1075,13.3842],[108.0693,13.3885],[108.0484,13.3875],[108.0309,13.3837],[107.963,13.3527],[107.9459,13.3477],[107.9284,13.3453],[107.8019,13.3494],[107.6809,13.3329],[107.671,13.3296],[107.6621,13.3241],[107.6215,13.2932],[107.5921,13.2769],[107.5616,13.262]]]}},{"type":"Feature","properties":{"id":"VNM-462","name":"Ha Noi","nameBn":"হ্যানয়","type":"Province","bounds":[105.2821,20.5683,106.0136,21.3731],"center":[105.872,21.1306]},"geometry":{"type":"Polygon","coordinates":[[[105.7858,20.5683],[105.7543,20.6007],[105.7382,20.6093],[105.7195,20.6166],[105.7051,20.6204],[105.6913,20.6273],[105.6798,20.6377],[105.6633,20.661],[105.6536,20.6801],[105.6399,20.7223],[105.6297,20.7421],[105.6128,20.7616],[105.5315,20.814],[105.516,20.8286],[105.5073,20.8464],[105.5057,20.8625],[105.5092,20.8785],[105.5313,20.9162],[105.5335,20.9271],[105.5321,20.9398],[105.5271,20.9545],[105.518,20.9709],[105.5045,20.9872],[105.4863,21.0005],[105.4646,21.0114],[105.4371,21.0186],[105.376,21.0226],[105.3079,21.0119],[105.291,21.0382],[105.2849,21.0544],[105.2868,21.0756],[105.3023,21.1044],[105.306,21.1267],[105.3007,21.1413],[105.29,21.155],[105.2821,21.1707],[105.2849,21.1915],[105.3031,21.2095],[105.3266,21.221],[105.3432,21.2382],[105.3402,21.2735],[105.343,21.2798],[105.3486,21.2922],[105.3538,21.3014],[105.3738,21.309],[105.3953,21.3116],[105.4147,21.3072],[105.4263,21.2921],[105.4294,21.2764],[105.4342,21.2526],[105.44,21.236],[105.4558,21.2086],[105.4655,21.1968],[105.4775,21.1859],[105.4945,21.1737],[105.5039,21.1696],[105.5142,21.1675],[105.6567,21.1605],[105.6702,21.1576],[105.7088,21.1368],[105.7385,21.114],[105.7492,21.1093],[105.7627,21.105],[105.7614,21.1213],[105.7782,21.157],[105.7799,21.1791],[105.7664,21.2631],[105.7743,21.328],[105.7721,21.3625],[105.785,21.3707],[105.7918,21.3723],[105.805,21.3731],[105.8484,21.3636],[105.8952,21.3339],[105.9208,21.3281],[105.9408,21.2885],[105.9461,21.2658],[105.945,21.2475],[105.9248,21.2217],[105.921,21.2087],[105.9177,21.1918],[105.9186,21.1722],[105.922,21.1505],[105.929,21.1274],[105.9391,21.1089],[105.9515,21.0956],[105.9841,21.0743],[105.9983,21.0628],[106.0103,21.0457],[106.0136,21.0311],[106.0128,21.0169],[106.0047,20.9913],[105.9332,20.9795],[105.9239,20.9745],[105.9124,20.9659],[105.9039,20.9474],[105.9023,20.9396],[105.8989,20.9309],[105.8953,20.9144],[105.8964,20.9073],[105.9013,20.9021],[105.9106,20.8978],[105.9247,20.8867],[105.9239,20.8722],[105.9167,20.8559],[105.9117,20.8397],[105.9115,20.8298],[105.9124,20.8195],[105.9151,20.8096],[105.9203,20.8013],[105.9286,20.7959],[105.9476,20.7912],[105.9561,20.7868],[105.9647,20.771],[105.9685,20.7318],[105.9813,20.7172],[105.9909,20.7142],[106.0072,20.7132],[105.9872,20.6875],[105.9765,20.681],[105.9546,20.6749],[105.9211,20.6785],[105.8659,20.6567],[105.8499,20.6567],[105.8385,20.6595],[105.8322,20.6634],[105.8255,20.6603],[105.8171,20.6474],[105.8095,20.6216],[105.7858,20.5683]]]}},{"type":"Feature","properties":{"id":"VNM-474","name":"Ha Tinh","nameBn":"হা তিহ্ন","type":"Region","bounds":[105.08,17.9084,106.5186,18.759],"center":[105.799,18.3563]},"geometry":{"type":"Polygon","coordinates":[[[105.1521,18.5968],[105.1621,18.5982],[105.1695,18.6149],[105.1695,18.6183],[105.1955,18.6193],[105.2743,18.6258],[105.3854,18.5923],[105.4123,18.5875],[105.437,18.589],[105.46,18.5943],[105.5035,18.5971],[105.6146,18.5827],[105.6198,18.5826],[105.6325,18.5815],[105.6394,18.5769],[105.6618,18.5702],[105.6809,18.5773],[105.6958,18.6014],[105.6933,18.6008],[105.6907,18.607],[105.689,18.6155],[105.689,18.6219],[105.6933,18.6258],[105.7002,18.6275],[105.7066,18.6305],[105.7094,18.639],[105.7147,18.6478],[105.7268,18.6545],[105.7507,18.6628],[105.77,18.6716],[105.7699,18.6951],[105.7668,18.7556],[105.7644,18.759],[105.7835,18.7473],[105.7897,18.7187],[105.7909,18.6897],[105.7952,18.6765],[105.802,18.6654],[105.8259,18.5939],[105.8792,18.5109],[105.9153,18.4731],[105.9495,18.471],[105.9522,18.4524],[105.9588,18.4326],[105.9678,18.4147],[105.9773,18.4021],[106.0005,18.3854],[106.0081,18.3785],[106.0457,18.3323],[106.0982,18.29],[106.1101,18.2755],[106.1122,18.2629],[106.0934,18.2587],[106.1033,18.2515],[106.1201,18.2548],[106.1418,18.2618],[106.1658,18.2656],[106.1812,18.2597],[106.2337,18.2209],[106.2406,18.2171],[106.2622,18.2095],[106.2708,18.2041],[106.2988,18.1693],[106.3323,18.1452],[106.346,18.1327],[106.354,18.1147],[106.3467,18.1147],[106.3369,18.1207],[106.3241,18.1181],[106.3125,18.1102],[106.3063,18.1005],[106.3193,18.0942],[106.3237,18.0974],[106.3274,18.0988],[106.3403,18.1005],[106.3345,18.0886],[106.3364,18.079],[106.3467,18.0595],[106.3469,18.0718],[106.3499,18.0836],[106.3545,18.0937],[106.3602,18.1005],[106.3708,18.1056],[106.3773,18.1035],[106.3841,18.0998],[106.395,18.1005],[106.4035,18.1062],[106.4224,18.1284],[106.4348,18.1235],[106.4334,18.1133],[106.4224,18.0942],[106.4277,18.0729],[106.439,18.052],[106.5186,17.957],[106.5101,17.9562],[106.4668,17.9656],[106.386,17.9729],[106.35,17.9674],[106.3321,17.9546],[106.321,17.9399],[106.3111,17.9235],[106.3009,17.913],[106.2785,17.9084],[106.2468,17.91],[106.1387,17.9289],[106.0768,17.9467],[106.0626,17.9556],[106.0583,17.9633],[106.0584,17.9718],[106.0603,17.9817],[106.0593,17.9946],[106.0536,18.0085],[106.0431,18.024],[106.0285,18.0386],[106.0099,18.0509],[105.9867,18.0607],[105.9272,18.0708],[105.8916,18.0695],[105.86,18.0639],[105.8209,18.0485],[105.7558,18.0303],[105.7366,18.0229],[105.7105,18.0001],[105.6823,17.9813],[105.6331,17.9736],[105.6034,17.9692],[105.5898,17.9956],[105.5898,17.9958],[105.5661,18.0083],[105.5593,18.0153],[105.5556,18.0252],[105.5519,18.0479],[105.5465,18.059],[105.5381,18.0667],[105.5207,18.0759],[105.5125,18.0828],[105.4961,18.1181],[105.492,18.1211],[105.4806,18.1236],[105.476,18.1273],[105.4768,18.1296],[105.4791,18.1335],[105.4812,18.1387],[105.4809,18.1448],[105.4728,18.172],[105.4667,18.181],[105.4514,18.1927],[105.4314,18.2005],[105.41,18.2019],[105.392,18.1942],[105.3861,18.1849],[105.3816,18.1628],[105.3775,18.1557],[105.3683,18.15],[105.3655,18.151],[105.3633,18.1552],[105.3559,18.1587],[105.3401,18.1626],[105.3219,18.1701],[105.3056,18.1811],[105.2951,18.1956],[105.2944,18.207],[105.3008,18.2309],[105.2993,18.242],[105.2925,18.2527],[105.288,18.2534],[105.2831,18.2502],[105.2569,18.2475],[105.2465,18.2464],[105.2359,18.2495],[105.2293,18.2553],[105.2205,18.2708],[105.2147,18.2779],[105.1662,18.3068],[105.1567,18.3198],[105.156,18.3406],[105.1622,18.3539],[105.1629,18.366],[105.1454,18.3832],[105.114,18.4051],[105.0908,18.4265],[105.08,18.4544],[105.0852,18.4958],[105.1005,18.5512],[105.1136,18.5808],[105.1281,18.5989],[105.1403,18.6005],[105.1521,18.5968]]]}},{"type":"Feature","properties":{"id":"VNM-505","name":"Hau Giang","nameBn":"হাু গিয়াং","type":"Region","bounds":[105.3616,9.5868,105.9021,10.1232],"center":[105.663,9.8435]},"geometry":{"type":"Polygon","coordinates":[[[105.8385,10.0048],[105.8381,10.005],[105.819,10.008],[105.8384,9.9794],[105.9021,9.9167],[105.8322,9.7548],[105.83,9.7427],[105.8294,9.7302],[105.8263,9.7237],[105.8204,9.7192],[105.8075,9.7169],[105.793,9.7124],[105.6741,9.6409],[105.5693,9.6104],[105.5338,9.5994],[105.4626,9.5875],[105.3923,9.5868],[105.3932,9.6426],[105.3769,9.6644],[105.3665,9.6729],[105.3616,9.6835],[105.3676,9.7019],[105.3885,9.7273],[105.504,9.8343],[105.5194,9.8577],[105.5262,9.8818],[105.5285,9.9079],[105.5281,9.929],[105.5257,9.9408],[105.5189,9.9522],[105.4891,9.9798],[105.4689,9.9954],[105.4228,10.0436],[105.5244,10.0789],[105.6301,10.1017],[105.6922,10.1232],[105.7092,10.1086],[105.7795,10.0642],[105.8112,10.0369],[105.8185,10.0289],[105.8382,10.0051],[105.8385,10.0048],[105.8385,10.0048]]]}},{"type":"Feature","properties":{"id":"VNM-512","name":"Hà Giang","nameBn":"হা জিয়াং","type":"Province","bounds":[104.3616,22.1677,105.5676,23.3663],"center":[104.965,22.7655]},"geometry":{"type":"Polygon","coordinates":[[[105.2937,23.3663],[105.3122,23.3658],[105.3201,23.3543],[105.3244,23.3367],[105.3323,23.318],[105.344,23.3042],[105.3596,23.2916],[105.3757,23.2815],[105.3895,23.2754],[105.3991,23.2749],[105.4067,23.2775],[105.4145,23.2785],[105.4259,23.2732],[105.4309,23.2678],[105.444,23.2452],[105.444,23.2451],[105.4643,23.206],[105.4739,23.1945],[105.5172,23.1677],[105.5213,23.1631],[105.5283,23.1555],[105.5348,23.1363],[105.5352,23.099],[105.5215,23.0965],[105.5173,23.0944],[105.5135,23.0912],[105.5101,23.0868],[105.4976,23.0244],[105.4885,23.0084],[105.4781,23.0012],[105.4663,23.0028],[105.4547,23.0055],[105.4432,23.005],[105.4329,23.0008],[105.4232,22.9925],[105.4137,22.9816],[105.3929,22.9506],[105.3774,22.9323],[105.3591,22.9141],[105.3018,22.8763],[105.2959,22.8657],[105.3028,22.8546],[105.4519,22.7748],[105.4745,22.7517],[105.4894,22.7303],[105.5197,22.663],[105.5676,22.5922],[105.5004,22.5809],[105.4067,22.5967],[105.3436,22.601],[105.2351,22.6389],[105.1966,22.6478],[105.1796,22.6453],[105.1704,22.6367],[105.1646,22.6049],[105.1598,22.5879],[105.1353,22.5257],[105.1248,22.5091],[105.0957,22.4781],[105.0827,22.4598],[105.0731,22.4414],[105.066,22.4226],[105.0489,22.357],[105.0408,22.346],[105.032,22.3422],[105.0209,22.3426],[104.9921,22.3531],[104.9761,22.3557],[104.9573,22.3535],[104.9457,22.3447],[104.9401,22.3324],[104.9387,22.3182],[104.9389,22.3045],[104.9382,22.2918],[104.9345,22.2799],[104.9292,22.268],[104.8889,22.2098],[104.8483,22.1702],[104.8197,22.1677],[104.7964,22.1719],[104.7702,22.1814],[104.7488,22.2005],[104.7235,22.2386],[104.708,22.2539],[104.6895,22.2644],[104.6683,22.2684],[104.6509,22.2686],[104.6285,22.2579],[104.6116,22.2371],[104.6046,22.2327],[104.5986,22.2339],[104.5939,22.2401],[104.5919,22.2535],[104.5934,22.267],[104.6015,22.2981],[104.6013,22.3147],[104.5947,22.3317],[104.5798,22.3499],[104.5654,22.3619],[104.5503,22.3709],[104.5168,22.3857],[104.4825,22.4052],[104.4709,22.4187],[104.4657,22.4373],[104.4661,22.4667],[104.4637,22.4813],[104.4583,22.4999],[104.4455,22.526],[104.4402,22.5535],[104.442,22.5665],[104.4499,22.5717],[104.4687,22.572],[104.4755,22.5729],[104.4794,22.5766],[104.4787,22.5829],[104.4725,22.5934],[104.4359,22.6352],[104.4297,22.6438],[104.4223,22.6513],[104.4117,22.6566],[104.381,22.6621],[104.37,22.6684],[104.3646,22.6743],[104.3616,22.6868],[104.3619,22.6925],[104.449,22.7452],[104.4686,22.7649],[104.5333,22.8144],[104.5512,22.8328],[104.5535,22.836],[104.5624,22.8344],[104.5627,22.8298],[104.5612,22.8244],[104.5647,22.82],[104.5705,22.8163],[104.5745,22.8123],[104.5792,22.8089],[104.5884,22.8069],[104.5943,22.809],[104.6044,22.8202],[104.6098,22.823],[104.629,22.8208],[104.6627,22.8109],[104.6832,22.8122],[104.7008,22.8182],[104.7153,22.8271],[104.7282,22.8391],[104.7629,22.8847],[104.7742,22.8962],[104.8236,22.9241],[104.8279,22.9342],[104.827,22.9543],[104.7979,23.0856],[104.8115,23.0962],[104.8359,23.0998],[104.8613,23.1196],[104.8655,23.1335],[104.8668,23.1495],[104.8701,23.1635],[104.8809,23.1717],[104.8948,23.1703],[104.921,23.1558],[104.9351,23.1543],[104.9452,23.1598],[104.9814,23.1904],[105.0157,23.2068],[105.0466,23.2268],[105.0611,23.2325],[105.1424,23.2538],[105.1459,23.2567],[105.1478,23.2609],[105.1504,23.2648],[105.1556,23.2669],[105.1584,23.2658],[105.1658,23.2606],[105.169,23.2594],[105.1766,23.2578],[105.1824,23.2544],[105.1896,23.2522],[105.2009,23.254],[105.2175,23.2654],[105.2239,23.2817],[105.2277,23.3006],[105.2359,23.3198],[105.2455,23.3302],[105.2801,23.3588],[105.2937,23.3663]]]}},{"type":"Feature","properties":{"id":"VNM-467","name":"Hà Nam","nameBn":"হ্য নাম","type":"Province","bounds":[105.7858,20.3368,106.1845,20.7132],"center":[105.985,20.5569]},"geometry":{"type":"Polygon","coordinates":[[[105.9512,20.3368],[105.9022,20.3626],[105.8609,20.3946],[105.8413,20.4195],[105.8091,20.4929],[105.7858,20.5683],[105.8095,20.6216],[105.8171,20.6474],[105.8255,20.6603],[105.8322,20.6634],[105.8385,20.6595],[105.8499,20.6567],[105.8659,20.6567],[105.9211,20.6785],[105.9546,20.6749],[105.9765,20.681],[105.9872,20.6875],[106.0072,20.7132],[106.0202,20.7125],[106.0302,20.7081],[106.033,20.7019],[106.0313,20.694],[106.0275,20.6846],[106.0252,20.6737],[106.027,20.6633],[106.0316,20.6535],[106.0538,20.6224],[106.0597,20.6166],[106.0765,20.6151],[106.1124,20.6316],[106.1253,20.6251],[106.128,20.6169],[106.1303,20.5888],[106.1367,20.5752],[106.1585,20.558],[106.1678,20.5464],[106.1723,20.5327],[106.1777,20.5038],[106.1845,20.4909],[106.1545,20.4877],[106.1394,20.489],[106.103,20.4832],[106.0884,20.4855],[106.0709,20.4833],[106.0561,20.4739],[106.04,20.4465],[106.0335,20.4266],[106.0263,20.4128],[106.014,20.4054],[106.0049,20.4049],[105.9991,20.4087],[105.9926,20.4243],[105.987,20.4279],[105.979,20.4263],[105.9689,20.419],[105.9524,20.3908],[105.9512,20.3368]]]}},{"type":"Feature","properties":{"id":"VNM-459","name":"Hòa Bình","nameBn":"হোয়া বিহ্ন","type":"Province","bounds":[104.8383,20.321,105.8413,21.1014],"center":[105.34,20.7292]},"geometry":{"type":"Polygon","coordinates":[[[105.8413,20.4195],[105.8064,20.424],[105.7704,20.4412],[105.7594,20.4415],[105.747,20.4378],[105.7135,20.4196],[105.706,20.4133],[105.7046,20.4072],[105.7063,20.3984],[105.7119,20.3839],[105.7161,20.3672],[105.7178,20.35],[105.7156,20.3353],[105.7074,20.3255],[105.695,20.321],[105.6745,20.3243],[105.6559,20.3343],[105.6016,20.3763],[105.5859,20.3846],[105.5727,20.3865],[105.5627,20.3856],[105.5426,20.3671],[105.5163,20.3675],[105.4913,20.3737],[105.4554,20.3859],[105.3088,20.4563],[105.2131,20.5187],[105.1969,20.5334],[105.1648,20.5769],[105.1521,20.5865],[105.138,20.5908],[105.1153,20.5875],[105.086,20.5761],[105.0667,20.5754],[104.9392,20.5909],[104.9198,20.5976],[104.874,20.6193],[104.8429,20.6257],[104.8383,20.6551],[104.8397,20.6967],[104.8475,20.7174],[104.8574,20.7279],[104.8704,20.7329],[104.8865,20.7342],[104.9739,20.7299],[104.9944,20.7329],[105.0135,20.7391],[105.0329,20.7496],[105.0478,20.7629],[105.0523,20.7685],[105.0771,20.7722],[105.0813,20.7831],[105.0888,20.7928],[105.0931,20.7943],[105.0909,20.8074],[105.0867,20.8132],[105.0137,20.8604],[105.0044,20.8731],[104.9967,20.8771],[104.9135,20.9638],[104.9036,20.9903],[104.8918,21.0087],[104.8801,21.0225],[104.8807,21.039],[104.88,21.046],[104.8817,21.0615],[104.9086,21.1014],[104.9201,21.0726],[104.928,21.0646],[104.9423,21.0536],[105.042,21.0086],[105.1153,20.9499],[105.1381,20.9405],[105.1593,20.9367],[105.1941,20.9388],[105.2109,20.9382],[105.296,20.9155],[105.3159,20.9145],[105.3327,20.9188],[105.3328,20.9564],[105.3299,20.9814],[105.3231,20.9923],[105.3158,20.9998],[105.3079,21.0119],[105.376,21.0226],[105.4371,21.0186],[105.4646,21.0114],[105.4863,21.0005],[105.5045,20.9872],[105.518,20.9709],[105.5271,20.9545],[105.5321,20.9398],[105.5335,20.9271],[105.5313,20.9162],[105.5092,20.8785],[105.5057,20.8625],[105.5073,20.8464],[105.516,20.8286],[105.5315,20.814],[105.6128,20.7616],[105.6297,20.7421],[105.6399,20.7223],[105.6536,20.6801],[105.6633,20.661],[105.6798,20.6377],[105.6913,20.6273],[105.7051,20.6204],[105.7195,20.6166],[105.7382,20.6093],[105.7543,20.6007],[105.7858,20.5683],[105.8091,20.4929],[105.8413,20.4195]]]}},{"type":"Feature","properties":{"id":"VNM-460","name":"Hải Dương","nameBn":"হাই দুওং","type":"Province","bounds":[106.122,20.6959,106.6053,21.2327],"center":[106.364,20.9613]},"geometry":{"type":"Polygon","coordinates":[[[106.4172,20.7193],[106.2574,20.6959],[106.1916,20.7601],[106.1698,20.7731],[106.1384,20.796],[106.1266,20.8135],[106.122,20.8328],[106.1257,20.8512],[106.1325,20.8704],[106.1596,20.9262],[106.1522,20.9978],[106.2265,20.9855],[106.2492,20.9865],[106.2783,20.9907],[106.295,21.0005],[106.3068,21.0133],[106.3135,21.0309],[106.3158,21.0505],[106.3143,21.0712],[106.298,21.1341],[106.3295,21.188],[106.3523,21.2053],[106.3858,21.2228],[106.4222,21.231],[106.4577,21.2327],[106.4879,21.228],[106.5137,21.2173],[106.5296,21.2074],[106.5458,21.1937],[106.5333,21.1728],[106.5162,21.1499],[106.5056,21.1388],[106.4948,21.13],[106.4827,21.1235],[106.4569,21.1151],[106.4464,21.1076],[106.4408,21.0988],[106.4394,21.0864],[106.4406,21.0742],[106.4445,21.0644],[106.4569,21.0575],[106.4783,21.0526],[106.5776,21.0418],[106.6053,21.0254],[106.5934,20.9841],[106.593,20.9735],[106.5868,20.9638],[106.5739,20.9584],[106.5565,20.9557],[106.5444,20.9482],[106.5361,20.9362],[106.5333,20.9164],[106.5358,20.9014],[106.5348,20.8884],[106.5282,20.8786],[106.5101,20.8699],[106.4966,20.8605],[106.4907,20.8443],[106.496,20.8316],[106.5064,20.8219],[106.5181,20.8147],[106.5407,20.804],[106.5432,20.7949],[106.5356,20.7823],[106.4805,20.7334],[106.4693,20.7259],[106.4605,20.7212],[106.4172,20.7193]]]}},{"type":"Feature","properties":{"id":"VNM-4600","name":"Hải Phòng","nameBn":"হাইফোং","type":"Province","bounds":[106.4172,20.6007,106.8059,21.0254],"center":[106.635,20.79]},"geometry":{"type":"Polygon","coordinates":[[[106.6507,21.018],[106.6527,21.0175],[106.683,21.0058],[106.683,20.9997],[106.6763,21.0019],[106.6558,21.0058],[106.6558,20.9997],[106.6655,20.9905],[106.6691,20.98],[106.6711,20.9691],[106.6763,20.9587],[106.6867,20.9527],[106.7119,20.9516],[106.7337,20.9422],[106.7461,20.9423],[106.7551,20.9385],[106.7588,20.9208],[106.7567,20.9079],[106.7472,20.8947],[106.7445,20.883],[106.7383,20.883],[106.7178,20.9035],[106.7,20.8828],[106.7075,20.8708],[106.7269,20.8614],[106.7445,20.8489],[106.7529,20.8258],[106.7492,20.8043],[106.7366,20.795],[106.7178,20.8078],[106.7246,20.79],[106.7385,20.7697],[106.7556,20.7512],[106.7725,20.739],[106.7786,20.7464],[106.7888,20.7305],[106.8059,20.6776],[106.7852,20.6923],[106.7761,20.7011],[106.7725,20.708],[106.7671,20.7134],[106.7556,20.7093],[106.7449,20.702],[106.7415,20.698],[106.7327,20.6966],[106.7256,20.6938],[106.717,20.6913],[106.7041,20.6911],[106.6755,20.6986],[106.6626,20.698],[106.6626,20.6911],[106.6875,20.6813],[106.7029,20.6716],[106.7031,20.6597],[106.683,20.6434],[106.6697,20.6365],[106.6541,20.6308],[106.6375,20.6281],[106.6209,20.6298],[106.6123,20.6355],[106.5982,20.6551],[106.5868,20.6633],[106.5926,20.6481],[106.5936,20.6467],[106.5908,20.6475],[106.5823,20.644],[106.5615,20.64],[106.5553,20.6379],[106.551,20.6341],[106.5486,20.6297],[106.5469,20.6239],[106.5438,20.6181],[106.5373,20.6124],[106.5288,20.6087],[106.52,20.6073],[106.4948,20.6079],[106.4883,20.6065],[106.4757,20.6016],[106.469,20.6007],[106.4599,20.6093],[106.4487,20.6282],[106.431,20.6708],[106.4172,20.7193],[106.4605,20.7212],[106.4693,20.7259],[106.4805,20.7334],[106.5356,20.7823],[106.5432,20.7949],[106.5407,20.804],[106.5181,20.8147],[106.5064,20.8219],[106.496,20.8316],[106.4907,20.8443],[106.4966,20.8605],[106.5101,20.8699],[106.5282,20.8786],[106.5348,20.8884],[106.5358,20.9014],[106.5333,20.9164],[106.5361,20.9362],[106.5444,20.9482],[106.5565,20.9557],[106.5739,20.9584],[106.5868,20.9638],[106.593,20.9735],[106.5934,20.9841],[106.6053,21.0254],[106.6438,21.0176],[106.6507,21.018]]]}},{"type":"Feature","properties":{"id":"VNM-501","name":"Hồ Chí Minh city","nameBn":"হো চি মিন সিটি","type":"City|Municipality|Thanh Pho","bounds":[106.3637,10.371,107.0256,11.1368],"center":[106.926,10.409]},"geometry":{"type":"MultiPolygon","coordinates":[[[[106.9363,10.4393],[106.9578,10.4256],[106.9689,10.4164],[106.9773,10.4052],[106.9285,10.3935],[106.9085,10.3847],[106.8953,10.371],[106.888,10.371],[106.888,10.3892],[106.8831,10.403],[106.8775,10.4144],[106.8743,10.4256],[106.877,10.4438],[106.8923,10.4653],[106.8953,10.4809],[106.888,10.4809],[106.888,10.4666],[106.8794,10.4901],[106.8884,10.5049],[106.9067,10.5143],[106.9275,10.5212],[106.9481,10.507],[106.9434,10.4766],[106.922,10.4256],[106.9295,10.4256],[106.9363,10.4393]]],[[[106.9089,10.5324],[106.9031,10.5219],[106.8899,10.5255],[106.8757,10.5351],[106.8674,10.543],[106.866,10.546],[106.856,10.5617],[106.8538,10.5628],[106.856,10.5718],[106.8652,10.5798],[106.8674,10.587],[106.8713,10.6077],[106.8679,10.6171],[106.8538,10.6249],[106.8538,10.631],[106.8648,10.634],[106.8777,10.6356],[106.888,10.6345],[106.8897,10.6273],[106.9129,10.612],[106.9178,10.6037],[106.9222,10.6013],[106.927,10.5994],[106.9295,10.5976],[106.9302,10.5901],[106.9274,10.5861],[106.9238,10.5836],[106.922,10.5802],[106.9246,10.5692],[106.9289,10.5583],[106.9297,10.5491],[106.922,10.543],[106.9168,10.5463],[106.911,10.556],[106.9021,10.5765],[106.8953,10.5765],[106.8978,10.564],[106.907,10.5457],[106.9089,10.5324]]],[[[106.9841,10.5669],[106.992,10.5401],[107.0114,10.5219],[107.0036,10.5178],[106.9944,10.5129],[106.9722,10.4743],[106.9636,10.4666],[106.9572,10.4717],[106.9587,10.4805],[106.9627,10.491],[106.9636,10.5014],[106.9593,10.5119],[106.9546,10.5165],[106.949,10.5206],[106.9431,10.5293],[106.9378,10.5487],[106.9382,10.5666],[106.9431,10.6007],[106.8906,10.6446],[106.8816,10.6522],[106.8678,10.6452],[106.8486,10.6356],[106.8286,10.6303],[106.8196,10.6413],[106.8142,10.6522],[106.8013,10.6669],[106.7935,10.6735],[106.7858,10.6801],[106.7725,10.6863],[106.7682,10.6847],[106.7673,10.6843],[106.7476,10.6737],[106.7415,10.6693],[106.7368,10.6581],[106.7437,10.6515],[106.7537,10.6468],[106.7588,10.6413],[106.761,10.6315],[106.7725,10.6037],[106.7691,10.5923],[106.7639,10.5867],[106.7578,10.5827],[106.752,10.5765],[106.7461,10.5604],[106.7441,10.5522],[106.7388,10.5612],[106.739,10.5702],[106.7432,10.5999],[106.7437,10.618],[106.7373,10.6318],[106.7247,10.6437],[106.7108,10.6515],[106.6974,10.6546],[106.6872,10.6534],[106.6776,10.6484],[106.6682,10.6416],[106.6585,10.6369],[106.6453,10.639],[106.6351,10.6468],[106.6218,10.6607],[106.6107,10.6685],[106.5662,10.6869],[106.523,10.7098],[106.5045,10.7232],[106.4949,10.736],[106.4968,10.7489],[106.5036,10.7657],[106.5225,10.8024],[106.5268,10.8256],[106.5247,10.851],[106.5117,10.8856],[106.496,10.9068],[106.4769,10.925],[106.4588,10.9368],[106.4358,10.9487],[106.3965,10.9636],[106.3637,10.9821],[106.3913,11.01],[106.4003,11.0236],[106.4117,11.0456],[106.4186,11.065],[106.4296,11.1242],[106.4862,11.1361],[106.4983,11.1368],[106.5137,11.1358],[106.5224,11.1306],[106.5313,11.1206],[106.5741,11.0494],[106.5834,11.0377],[106.5919,11.0338],[106.6111,11.0343],[106.6161,11.031],[106.618,11.0257],[106.6178,11.0184],[106.6191,11.0102],[106.6538,10.9662],[106.6737,10.9338],[106.6993,10.9012],[106.7123,10.881],[106.7218,10.8754],[106.7346,10.8746],[106.7499,10.8784],[106.7875,10.8917],[106.7994,10.8945],[106.836,10.8878],[106.8529,10.865],[106.8807,10.8137],[106.885,10.797],[106.8853,10.7882],[106.8843,10.7821],[106.8829,10.7796],[106.8812,10.7775],[106.8802,10.7756],[106.8802,10.773],[106.8815,10.7658],[106.8816,10.7638],[106.8812,10.7625],[106.8798,10.7615],[106.8777,10.7608],[106.8748,10.7609],[106.8704,10.7622],[106.8635,10.766],[106.8558,10.7692],[106.8484,10.7713],[106.8389,10.7718],[106.829,10.7709],[106.8205,10.7685],[106.8134,10.7654],[106.8084,10.7623],[106.7994,10.7547],[106.7963,10.7531],[106.7938,10.7526],[106.7897,10.7537],[106.754,10.7727],[106.7511,10.7725],[106.7474,10.7697],[106.7514,10.7578],[106.753,10.735],[106.7564,10.7221],[106.7561,10.7174],[106.757,10.7054],[106.7654,10.7013],[106.7764,10.6984],[106.7856,10.6949],[106.7949,10.6909],[106.807,10.6845],[106.8186,10.6735],[106.8365,10.6608],[106.8544,10.6579],[106.8659,10.6637],[106.8792,10.6701],[106.8925,10.6701],[106.9023,10.662],[106.9139,10.6533],[106.9272,10.6406],[106.9451,10.6256],[106.9641,10.6054],[106.9715,10.5842],[106.9841,10.5669]]],[[[107.0256,10.5014],[107.011,10.4941],[107.0036,10.4886],[106.9978,10.4809],[106.9915,10.4809],[106.9944,10.4966],[107.0042,10.5047],[107.0142,10.5087],[107.016,10.5094],[107.0202,10.5119],[107.0256,10.5014]]],[[[106.8743,10.4604],[106.8581,10.4643],[106.8445,10.4699],[106.8323,10.4724],[106.8196,10.4666],[106.8252,10.4639],[106.8267,10.4638],[106.8281,10.4652],[106.8333,10.4666],[106.8486,10.4525],[106.8596,10.4318],[106.8589,10.4131],[106.8401,10.4052],[106.8164,10.4147],[106.7917,10.4372],[106.7707,10.4643],[106.7588,10.4877],[106.7551,10.5036],[106.7547,10.5156],[106.7588,10.543],[106.7575,10.5435],[106.7551,10.5505],[106.752,10.5666],[106.7554,10.5696],[106.7721,10.5723],[106.7786,10.5765],[106.7859,10.6014],[106.7788,10.6245],[106.752,10.6658],[106.7747,10.6661],[106.7842,10.6629],[106.7931,10.6544],[106.8023,10.6397],[106.8081,10.6336],[106.8353,10.626],[106.8478,10.6138],[106.8538,10.5984],[106.8538,10.5839],[106.8467,10.5775],[106.8421,10.5707],[106.8401,10.5594],[106.8425,10.5551],[106.8535,10.539],[106.8574,10.5355],[106.8677,10.529],[106.8718,10.5152],[106.8644,10.503],[106.8401,10.5014],[106.8401,10.4945],[106.856,10.4938],[106.8639,10.487],[106.8743,10.4666],[106.8743,10.4604]]]]}},{"type":"Feature","properties":{"id":"VNM-479","name":"Khánh Hòa","nameBn":"খান হোয়া","type":"Province","bounds":[108.6646,11.7864,109.4724,12.8533],"center":[109.359,12.6049]},"geometry":{"type":"MultiPolygon","coordinates":[[[[109.3284,12.2213],[109.3363,12.218],[109.3421,12.2132],[109.3462,12.2074],[109.3489,12.2008],[109.3444,12.197],[109.3335,12.1896],[109.3284,12.1872],[109.323,12.1938],[109.3166,12.1975],[109.3091,12.1977],[109.3005,12.194],[109.3034,12.1919],[109.3047,12.192],[109.3057,12.1914],[109.3074,12.1872],[109.2876,12.189],[109.2693,12.1987],[109.2546,12.2111],[109.2453,12.2213],[109.2453,12.2281],[109.252,12.226],[109.2664,12.2235],[109.2732,12.2213],[109.2728,12.2248],[109.2732,12.2355],[109.2915,12.2283],[109.3284,12.2213]]],[[[109.3846,12.834],[109.3777,12.8324],[109.3688,12.8246],[109.3755,12.8164],[109.3765,12.8043],[109.3757,12.7904],[109.3762,12.7762],[109.4207,12.6913],[109.4362,12.6742],[109.4513,12.6738],[109.4695,12.6603],[109.4724,12.6564],[109.47,12.6486],[109.4641,12.6459],[109.4573,12.6441],[109.4513,12.639],[109.449,12.6241],[109.4524,12.5832],[109.4513,12.5707],[109.4403,12.5646],[109.4299,12.5759],[109.4172,12.6055],[109.4133,12.6103],[109.4089,12.6131],[109.4051,12.618],[109.4035,12.6288],[109.4066,12.6307],[109.4241,12.6464],[109.4241,12.6527],[109.4035,12.6874],[109.4016,12.678],[109.396,12.6731],[109.3874,12.6719],[109.3762,12.6738],[109.3801,12.6649],[109.3815,12.6564],[109.3801,12.6479],[109.3762,12.639],[109.3704,12.6491],[109.3635,12.6562],[109.3543,12.6601],[109.3421,12.6601],[109.3601,12.6853],[109.3626,12.6905],[109.3669,12.6934],[109.3762,12.6969],[109.3856,12.7025],[109.3899,12.7116],[109.3864,12.7275],[109.3689,12.7502],[109.3626,12.7625],[109.3626,12.7929],[109.3589,12.7973],[109.3478,12.7948],[109.3444,12.7886],[109.3431,12.7807],[109.3384,12.7731],[109.304,12.7509],[109.2942,12.742],[109.2695,12.7123],[109.2554,12.6991],[109.2422,12.6936],[109.2336,12.6871],[109.2049,12.6464],[109.2046,12.6369],[109.208,12.598],[109.2005,12.5913],[109.2013,12.5759],[109.2049,12.5597],[109.2049,12.5502],[109.2078,12.5492],[109.2102,12.5493],[109.2116,12.548],[109.2112,12.5434],[109.2185,12.5434],[109.2219,12.5536],[109.2236,12.5653],[109.2279,12.5745],[109.239,12.5776],[109.239,12.5837],[109.2322,12.5837],[109.2322,12.5913],[109.249,12.5855],[109.2471,12.572],[109.2378,12.5554],[109.2322,12.5404],[109.2372,12.5223],[109.2494,12.5095],[109.2983,12.478],[109.3036,12.4696],[109.2935,12.449],[109.2943,12.439],[109.2985,12.4308],[109.304,12.4274],[109.3187,12.4222],[109.3367,12.4101],[109.346,12.3963],[109.3346,12.3857],[109.3421,12.3789],[109.3346,12.3721],[109.3225,12.3861],[109.3157,12.3769],[109.3091,12.3601],[109.2974,12.351],[109.2824,12.3559],[109.2722,12.3677],[109.259,12.3926],[109.2155,12.4402],[109.1851,12.4589],[109.1565,12.4547],[109.1614,12.4488],[109.1668,12.438],[109.1702,12.4335],[109.1598,12.4379],[109.1565,12.4404],[109.1497,12.4404],[109.1546,12.4269],[109.1704,12.4104],[109.1769,12.3994],[109.1963,12.4028],[109.2066,12.3872],[109.2105,12.3632],[109.2112,12.3414],[109.2141,12.3329],[109.2212,12.3225],[109.2293,12.3137],[109.242,12.3054],[109.2422,12.2966],[109.2363,12.2911],[109.2248,12.2964],[109.2185,12.2964],[109.2147,12.2898],[109.2049,12.2629],[109.1824,12.2726],[109.1769,12.2765],[109.1825,12.2678],[109.1916,12.2604],[109.2112,12.2486],[109.2048,12.2334],[109.209,12.2217],[109.2176,12.2115],[109.2248,12.2008],[109.1985,12.208],[109.1882,12.2058],[109.1843,12.194],[109.1909,12.2002],[109.1906,12.2008],[109.2044,12.1938],[109.2096,12.186],[109.2112,12.1728],[109.2131,12.166],[109.2127,12.1627],[109.2142,12.1586],[109.2217,12.1496],[109.2268,12.1379],[109.2227,12.1291],[109.2112,12.1182],[109.21,12.1097],[109.2139,12.0681],[109.2206,12.0506],[109.2492,11.9974],[109.2583,11.9868],[109.2868,11.9674],[109.2868,11.9612],[109.2835,11.9435],[109.2835,11.9401],[109.2664,11.9265],[109.2659,11.9099],[109.2708,11.895],[109.2808,11.8839],[109.2942,11.8786],[109.2942,11.8712],[109.2778,11.8648],[109.2614,11.8657],[109.2476,11.873],[109.239,11.8854],[109.2356,11.8834],[109.2283,11.8808],[109.2248,11.8786],[109.2166,11.9088],[109.2227,11.9816],[109.2112,12.0158],[109.2185,12.0158],[109.1958,12.0749],[109.1862,12.1177],[109.1768,12.1295],[109.1633,12.112],[109.176,12.0886],[109.1807,12.0847],[109.1821,12.081],[109.1769,12.053],[109.1824,12.0429],[109.2058,12.0216],[109.2112,12.0056],[109.2082,11.9766],[109.1987,11.9481],[109.1818,11.9217],[109.1565,11.8991],[109.1372,11.8961],[109.1258,11.8636],[109.1316,11.83],[109.1633,11.824],[109.1682,11.8332],[109.1829,11.853],[109.1979,11.8695],[109.2049,11.8681],[109.2009,11.8538],[109.1941,11.8411],[109.1929,11.8275],[109.2049,11.8104],[109.2039,11.7887],[109.1979,11.7875],[109.183,11.7864],[109.1703,11.7869],[109.1339,11.7925],[109.1141,11.798],[109.0986,11.8073],[109.086,11.8194],[109.0739,11.841],[109.0661,11.8733],[109.0602,11.8867],[109.0504,11.898],[109.0334,11.9077],[108.9704,11.9263],[108.9049,11.9365],[108.891,11.9431],[108.8779,11.9542],[108.8676,11.9759],[108.8616,11.9928],[108.8427,12.033],[108.8201,12.1016],[108.8098,12.1243],[108.7923,12.1455],[108.7777,12.1581],[108.7192,12.1811],[108.7071,12.2708],[108.6943,12.2983],[108.6815,12.303],[108.6683,12.3691],[108.6646,12.4124],[108.6667,12.4485],[108.6712,12.469],[108.6766,12.4788],[108.683,12.4838],[108.6908,12.4844],[108.713,12.4801],[108.7195,12.4801],[108.727,12.482],[108.7451,12.4913],[108.7559,12.4954],[108.7665,12.497],[108.7766,12.4965],[108.7867,12.4932],[108.8226,12.4736],[108.8349,12.4704],[108.848,12.4754],[108.8545,12.4847],[108.8647,12.5181],[108.8749,12.5411],[108.879,12.5556],[108.8793,12.5666],[108.8751,12.5749],[108.8734,12.5897],[108.8746,12.6095],[108.8893,12.6516],[108.8982,12.6699],[108.9068,12.6814],[108.9153,12.6858],[108.923,12.6882],[108.9325,12.6891],[108.953,12.6889],[108.9623,12.691],[108.9704,12.6955],[109.0373,12.7527],[109.0739,12.7541],[109.0886,12.761],[109.1036,12.7728],[109.1324,12.8078],[109.1549,12.8278],[109.1752,12.8392],[109.1957,12.8468],[109.2154,12.8504],[109.2359,12.8513],[109.2772,12.8491],[109.3221,12.8533],[109.3427,12.8531],[109.3611,12.849],[109.3723,12.8436],[109.3846,12.834]]],[[[109.3934,12.6019],[109.4011,12.5828],[109.405,12.5708],[109.4002,12.5579],[109.384,12.5631],[109.3474,12.5882],[109.3416,12.5963],[109.3355,12.6033],[109.3233,12.6064],[109.312,12.6143],[109.3203,12.628],[109.3462,12.631],[109.3689,12.6278],[109.3831,12.6237],[109.3904,12.6135],[109.3934,12.6019]]]]}},{"type":"Feature","properties":{"id":"VNM-502","name":"Kiên Giang","nameBn":"কিয়েন গিয়াং","type":"Province","bounds":[103.846,9.4058,105.5285,10.5334],"center":[105.284,9.8596]},"geometry":{"type":"MultiPolygon","coordinates":[[[[104.6255,10.5334],[104.7006,10.5242],[104.7244,10.5213],[104.8877,10.3825],[105.2415,10.1996],[105.2729,10.1745],[105.3241,10.1419],[105.3507,10.1189],[105.4228,10.0436],[105.4689,9.9954],[105.4891,9.9798],[105.5189,9.9522],[105.5257,9.9408],[105.5281,9.929],[105.5285,9.9079],[105.5262,9.8818],[105.5194,9.8577],[105.504,9.8343],[105.3885,9.7273],[105.3676,9.7019],[105.3616,9.6835],[105.3665,9.6729],[105.3769,9.6644],[105.3932,9.6426],[105.3923,9.5868],[105.3243,9.6028],[105.3065,9.6054],[105.296,9.6003],[105.2925,9.5875],[105.3074,9.535],[105.3102,9.5155],[105.3006,9.4982],[105.282,9.4712],[105.2784,9.4595],[105.2826,9.4467],[105.296,9.4301],[105.2988,9.4251],[105.2978,9.4198],[105.2948,9.4135],[105.2799,9.4058],[105.2405,9.4169],[105.0878,9.4927],[105.0408,9.5224],[105.0239,9.5283],[104.9958,9.5255],[104.9798,9.529],[104.9694,9.5299],[104.9609,9.5261],[104.9559,9.5208],[104.9478,9.5182],[104.9362,9.517],[104.9134,9.5204],[104.886,9.5065],[104.8779,9.5061],[104.8731,9.5078],[104.8349,9.534],[104.8344,9.5343],[104.8341,9.5344],[104.8356,9.5562],[104.8566,9.738],[104.8723,9.793],[104.8928,9.8511],[104.9394,9.8496],[104.97,9.8537],[104.9769,9.8712],[104.9933,9.8881],[105.0549,9.9334],[105.0767,9.9434],[105.0867,9.9359],[105.0894,9.9199],[105.1133,9.8571],[105.1131,9.871],[105.1071,9.9086],[105.1071,9.9527],[105.1004,9.9741],[105.0877,9.9967],[105.0427,10.0551],[105.0033,10.0921],[104.9837,10.1035],[104.9639,10.1059],[104.9243,10.0963],[104.9011,10.0973],[104.8689,10.1161],[104.8454,10.1472],[104.8255,10.1809],[104.8049,10.2071],[104.772,10.2266],[104.7385,10.2314],[104.7074,10.2223],[104.6813,10.1997],[104.6779,10.1901],[104.6781,10.1813],[104.6756,10.1749],[104.6646,10.1723],[104.6584,10.168],[104.6541,10.1488],[104.6509,10.1445],[104.616,10.1464],[104.613,10.1445],[104.6077,10.1535],[104.6097,10.16],[104.6135,10.1674],[104.613,10.1792],[104.6087,10.1857],[104.5955,10.2009],[104.5925,10.2103],[104.5925,10.2375],[104.5889,10.2609],[104.5794,10.2748],[104.5515,10.2959],[104.5474,10.2895],[104.5462,10.2867],[104.5454,10.2822],[104.5374,10.2822],[104.5359,10.3096],[104.5259,10.3288],[104.5038,10.3574],[104.499,10.3706],[104.502,10.373],[104.5091,10.3727],[104.5174,10.3785],[104.5251,10.3898],[104.53,10.3996],[104.5305,10.4091],[104.5249,10.4194],[104.5174,10.4194],[104.5095,10.404],[104.499,10.3918],[104.4858,10.3833],[104.4696,10.3785],[104.4536,10.3798],[104.4531,10.3907],[104.4558,10.4072],[104.4513,10.4197],[104.4696,10.4158],[104.4837,10.418],[104.4943,10.4277],[104.536,10.488],[104.5443,10.5038],[104.554,10.5183],[104.5668,10.5281],[104.5825,10.5315],[104.6255,10.5334]]],[[[104.082,10.371],[104.0855,10.3539],[104.0855,10.2481],[104.0466,10.1511],[104.0335,10.096],[104.0513,10.0693],[104.044,10.0482],[104.0442,10.0361],[104.048,10.0253],[104.0513,10.008],[104.0348,10.0168],[104.0309,10.0216],[104.0106,10.0305],[103.9972,10.0745],[103.9837,10.1588],[103.957,10.2338],[103.9372,10.2661],[103.9085,10.289],[103.8703,10.3081],[103.8574,10.3209],[103.8495,10.3605],[103.846,10.3713],[103.8513,10.3742],[103.9142,10.3652],[103.9338,10.3664],[103.9421,10.3747],[103.9443,10.3795],[103.9551,10.395],[103.9592,10.3983],[103.9681,10.4023],[103.9714,10.4119],[103.973,10.4233],[103.9762,10.4331],[103.9834,10.4422],[103.9932,10.4501],[104.0047,10.451],[104.0171,10.4393],[104.0098,10.4461],[104.082,10.371]]]]}},{"type":"Feature","properties":{"id":"VNM-486","name":"Kon Tum","nameBn":"কন্ তুম","type":"Province","bounds":[107.3199,13.9216,108.6182,15.4101],"center":[107.969,14.7451]},"geometry":{"type":"Polygon","coordinates":[[[107.4238,14.419],[107.4431,14.4237],[107.4557,14.4339],[107.4647,14.449],[107.4767,14.4752],[107.4804,14.4889],[107.4814,14.496],[107.4857,14.5095],[107.5001,14.5298],[107.5053,14.541],[107.5064,14.5569],[107.5026,14.5866],[107.504,14.6021],[107.5273,14.6528],[107.5324,14.6779],[107.5204,14.7046],[107.5223,14.7187],[107.5147,14.7282],[107.5044,14.7363],[107.4981,14.7459],[107.5093,14.7586],[107.5043,14.7732],[107.4943,14.7888],[107.4909,14.8042],[107.4988,14.8177],[107.5406,14.8568],[107.5553,14.8762],[107.5582,14.8867],[107.5496,14.8953],[107.4895,14.9403],[107.4738,14.9482],[107.4619,14.9568],[107.4539,14.9679],[107.4499,14.9811],[107.4514,14.9959],[107.4447,15.0118],[107.4456,15.0254],[107.4551,15.0341],[107.4738,15.0358],[107.5024,15.044],[107.519,15.0488],[107.5352,15.0504],[107.5626,15.0458],[107.578,15.0472],[107.5891,15.0582],[107.59,15.0689],[107.5808,15.0869],[107.5805,15.0968],[107.585,15.1043],[107.5992,15.1148],[107.6054,15.1206],[107.6158,15.1355],[107.6213,15.1545],[107.6236,15.1872],[107.6273,15.1965],[107.6367,15.2051],[107.6426,15.2025],[107.6475,15.1977],[107.654,15.1996],[107.6568,15.2057],[107.6644,15.2532],[107.6641,15.2686],[107.6576,15.2824],[107.6431,15.2979],[107.5985,15.3306],[107.5866,15.3434],[107.5799,15.3612],[107.5777,15.3996],[107.5764,15.4031],[107.6026,15.4101],[107.6323,15.4046],[107.6497,15.3989],[107.6893,15.3712],[107.7017,15.3564],[107.7098,15.3416],[107.7137,15.3277],[107.7165,15.3141],[107.7215,15.3048],[107.7295,15.3],[107.7607,15.2996],[107.7767,15.296],[107.7973,15.282],[107.8118,15.2685],[107.8376,15.2392],[107.8505,15.2277],[107.8622,15.222],[107.8803,15.2214],[107.9124,15.2283],[107.9292,15.2301],[107.9486,15.2263],[107.9724,15.2161],[108.0062,15.1944],[108.0625,15.1465],[108.0702,15.1351],[108.0743,15.1213],[108.074,15.1049],[108.0688,15.0699],[108.0695,15.0522],[108.075,15.0386],[108.0968,15.0158],[108.1052,15.0027],[108.1179,14.9746],[108.1278,14.9631],[108.1385,14.9565],[108.1526,14.9577],[108.1682,14.9658],[108.19,14.9872],[108.1986,15.0032],[108.2006,15.0182],[108.1965,15.0425],[108.1958,15.0563],[108.2029,15.0639],[108.2163,15.0656],[108.2653,15.0515],[108.2966,15.0481],[108.3351,15.0124],[108.3511,15.0014],[108.3925,14.9643],[108.429,14.894],[108.4422,14.8775],[108.4648,14.8573],[108.4831,14.8455],[108.5016,14.8383],[108.5347,14.8306],[108.5487,14.8256],[108.5602,14.811],[108.5722,14.7841],[108.596,14.6958],[108.6182,14.6406],[108.4939,14.6092],[108.4831,14.6095],[108.4748,14.6125],[108.4526,14.623],[108.44,14.6261],[108.4262,14.6266],[108.4164,14.6245],[108.4094,14.6201],[108.408,14.6111],[108.4102,14.6033],[108.4215,14.5871],[108.4249,14.5786],[108.4262,14.5658],[108.4227,14.5451],[108.411,14.5161],[108.3826,14.4737],[108.3364,14.4307],[108.2606,14.3789],[108.1532,14.33],[107.7872,14.2159],[107.72,14.1856],[107.6809,14.1589],[107.6583,14.1381],[107.6429,14.1127],[107.6298,14.0846],[107.6085,14.05],[107.5717,14.0112],[107.5321,13.9764],[107.4671,13.9326],[107.446,13.9216],[107.4452,13.9266],[107.431,13.956],[107.4301,13.9652],[107.4314,13.9747],[107.4307,13.9845],[107.4245,13.9941],[107.409,13.9999],[107.3716,13.9963],[107.3546,14.0024],[107.3431,14.0206],[107.3435,14.0409],[107.3469,14.0617],[107.3447,14.0813],[107.3336,14.0985],[107.3242,14.1081],[107.3199,14.1198],[107.3247,14.1439],[107.3586,14.2386],[107.3636,14.2738],[107.3638,14.2832],[107.3609,14.2933],[107.3521,14.3126],[107.3499,14.3216],[107.3518,14.342],[107.359,14.3603],[107.3794,14.3955],[107.3823,14.4046],[107.3838,14.4136],[107.3869,14.4219],[107.3949,14.4291],[107.4078,14.433],[107.4136,14.4287],[107.4173,14.4221],[107.4238,14.419]]]}},{"type":"Feature","properties":{"id":"VNM-453","name":"Lai Chau","nameBn":"লাই চাউ প্রদেশ","type":"Province","bounds":[102.3246,21.8869,103.8018,22.7904],"center":[103.255,22.3502]},"geometry":{"type":"Polygon","coordinates":[[[103.5036,22.5814],[103.5143,22.5874],[103.5462,22.6314],[103.5509,22.6408],[103.5499,22.6487],[103.5715,22.6316],[103.6022,22.5787],[103.6096,22.5559],[103.6134,22.5337],[103.6102,22.5171],[103.6,22.5051],[103.5881,22.494],[103.578,22.4825],[103.5769,22.4674],[103.5879,22.4519],[103.6131,22.4336],[103.6336,22.4233],[103.6528,22.4177],[103.6699,22.4171],[103.6865,22.4201],[103.7032,22.4247],[103.7242,22.4254],[103.7473,22.4198],[103.7792,22.3994],[103.7942,22.3815],[103.8018,22.3632],[103.8004,22.3454],[103.7937,22.327],[103.7717,22.2879],[103.7262,22.236],[103.7136,22.2245],[103.6995,22.2154],[103.6492,22.2016],[103.6343,22.1921],[103.6221,22.1801],[103.6012,22.1509],[103.5926,22.1346],[103.5859,22.1183],[103.5694,22.0336],[103.5406,21.9991],[103.5356,21.9828],[103.5358,21.9634],[103.5504,21.8869],[103.544,21.8931],[103.4975,21.9678],[103.4927,21.9723],[103.484,21.9745],[103.4653,21.9855],[103.4617,21.9903],[103.4609,22.0116],[103.4583,22.0313],[103.4522,22.0484],[103.4412,22.0616],[103.4165,22.0814],[103.4097,22.0958],[103.407,22.12],[103.4001,22.1363],[103.3832,22.15],[103.3609,22.1581],[103.3388,22.1579],[103.324,22.1495],[103.2665,22.0816],[103.2631,22.076],[103.2661,22.0692],[103.2734,22.0628],[103.2809,22.0575],[103.2842,22.0543],[103.2644,22.048],[103.1773,22.088],[103.1401,22.0856],[103.0958,22.1222],[103.0667,22.14],[103.0403,22.1477],[102.9519,22.1362],[102.9347,22.1374],[102.9224,22.1557],[102.9165,22.1807],[102.9084,22.2029],[102.8897,22.2125],[102.8604,22.2054],[102.8455,22.2054],[102.8373,22.2192],[102.8285,22.2283],[102.8255,22.233],[102.8255,22.2603],[102.8176,22.2971],[102.8003,22.3309],[102.7768,22.3604],[102.7372,22.3929],[102.7014,22.4144],[102.6629,22.4237],[102.6449,22.4362],[102.5776,22.5073],[102.5683,22.5245],[102.5606,22.5284],[102.5513,22.5311],[102.537,22.5417],[102.5232,22.562],[102.5086,22.5668],[102.458,22.562],[102.4018,22.5745],[102.3792,22.5756],[102.3246,22.5651],[102.3769,22.6156],[102.3843,22.6289],[102.3825,22.6308],[102.3786,22.6391],[102.3727,22.6458],[102.3633,22.6514],[102.3563,22.6587],[102.3559,22.6699],[102.3627,22.6774],[102.3732,22.6784],[102.3846,22.6777],[102.395,22.6805],[102.4073,22.6934],[102.4152,22.7098],[102.4256,22.7452],[102.4256,22.7453],[102.4427,22.7652],[102.4678,22.7686],[102.4943,22.7604],[102.5158,22.7452],[102.5263,22.726],[102.5289,22.7078],[102.5358,22.6958],[102.5584,22.6949],[102.5658,22.6995],[102.5704,22.7071],[102.5762,22.7138],[102.5867,22.7161],[102.5912,22.7126],[102.6061,22.6967],[102.6125,22.6916],[102.6323,22.685],[102.6722,22.6784],[102.6927,22.6705],[102.7519,22.6253],[102.7712,22.6178],[102.8134,22.6087],[102.8318,22.5997],[102.8452,22.5852],[102.8531,22.5684],[102.8593,22.5505],[102.8937,22.4874],[102.9026,22.4772],[102.9196,22.4692],[102.9565,22.4597],[102.9891,22.4376],[103.0089,22.4303],[103.029,22.4302],[103.0451,22.4405],[103.0491,22.4568],[103.0449,22.4729],[103.0442,22.4865],[103.0583,22.4955],[103.0744,22.4982],[103.0913,22.5051],[103.142,22.5378],[103.1457,22.5455],[103.1447,22.5558],[103.1326,22.5698],[103.13,22.578],[103.1417,22.607],[103.1685,22.6265],[103.2284,22.6558],[103.2449,22.6687],[103.2525,22.6786],[103.27,22.7233],[103.3096,22.7879],[103.3216,22.7904],[103.3442,22.783],[103.3571,22.776],[103.3688,22.7671],[103.3789,22.7568],[103.3875,22.7452],[103.4017,22.7378],[103.404,22.7239],[103.4023,22.7065],[103.4043,22.6888],[103.4109,22.6747],[103.4475,22.6183],[103.4731,22.5916],[103.4854,22.5841],[103.5036,22.5814]]]}},{"type":"Feature","properties":{"id":"VNM-503","name":"Long An","nameBn":"লং আন","type":"Province","bounds":[105.5236,10.4138,106.7441,11.0246],"center":[106.134,10.6869]},"geometry":{"type":"Polygon","coordinates":[[[105.7261,11.0184],[105.7529,11.0156],[105.7697,10.9965],[105.7874,10.966],[105.8214,10.9197],[105.8286,10.9045],[105.84,10.8697],[105.8475,10.8554],[105.861,10.8393],[105.8787,10.8281],[105.8994,10.8284],[105.9087,10.8384],[105.9205,10.8582],[105.9298,10.8801],[105.9313,10.8964],[105.9647,10.8696],[105.974,10.8588],[105.9926,10.8378],[106.0179,10.8198],[106.0457,10.8059],[106.0722,10.7969],[106.1288,10.7914],[106.1551,10.7848],[106.1773,10.7669],[106.1516,10.863],[106.1269,10.909],[106.1218,10.9252],[106.1234,10.9274],[106.1247,10.9532],[106.1225,10.9555],[106.1282,10.9657],[106.1314,10.9693],[106.1491,10.9713],[106.1704,10.9706],[106.1784,10.9639],[106.1886,10.9615],[106.2024,10.9607],[106.2849,10.9856],[106.2926,10.9916],[106.2952,10.9991],[106.2937,11.0081],[106.2935,11.0162],[106.2963,11.0226],[106.3028,11.0246],[106.316,11.0199],[106.3288,11.0124],[106.3637,10.9821],[106.3965,10.9636],[106.4358,10.9487],[106.4588,10.9368],[106.4769,10.925],[106.496,10.9068],[106.5117,10.8856],[106.5247,10.851],[106.5268,10.8256],[106.5225,10.8024],[106.5036,10.7657],[106.4968,10.7489],[106.4949,10.736],[106.5045,10.7232],[106.523,10.7098],[106.5662,10.6869],[106.6107,10.6685],[106.6218,10.6607],[106.6351,10.6468],[106.6453,10.639],[106.6585,10.6369],[106.6682,10.6416],[106.6776,10.6484],[106.6872,10.6534],[106.6974,10.6546],[106.7108,10.6515],[106.7247,10.6437],[106.7373,10.6318],[106.7437,10.618],[106.7432,10.5999],[106.739,10.5702],[106.7388,10.5612],[106.7441,10.5522],[106.741,10.54],[106.7334,10.5224],[106.7209,10.515],[106.6888,10.5036],[106.6724,10.5042],[106.6626,10.5219],[106.6558,10.5219],[106.6592,10.5071],[106.6624,10.5011],[106.6687,10.4945],[106.6577,10.4921],[106.6465,10.4866],[106.638,10.479],[106.6304,10.4587],[106.6201,10.4526],[106.6068,10.4477],[106.5942,10.4393],[106.5949,10.456],[106.5921,10.4687],[106.5872,10.4788],[106.5799,10.4877],[106.5819,10.4528],[106.5868,10.4387],[106.5974,10.4331],[106.6154,10.4366],[106.6076,10.4248],[106.5847,10.4144],[106.5418,10.4138],[106.5123,10.4171],[106.4662,10.4139],[106.4522,10.4164],[106.4431,10.4232],[106.4409,10.4324],[106.4442,10.4528],[106.4439,10.4621],[106.4406,10.4718],[106.4308,10.4797],[106.4153,10.4861],[106.3872,10.4906],[106.3697,10.4976],[106.3559,10.5068],[106.3142,10.5654],[106.3012,10.5763],[106.2883,10.583],[106.271,10.5864],[106.1664,10.5923],[106.1458,10.5899],[106.1273,10.5798],[106.1093,10.5564],[106.0989,10.5486],[106.0784,10.5439],[106.0508,10.5435],[106.0022,10.5513],[105.9627,10.5535],[105.923,10.5671],[105.866,10.6079],[105.6534,10.8059],[105.5904,10.8798],[105.5754,10.8945],[105.5484,10.9112],[105.5375,10.9197],[105.5302,10.9274],[105.5273,10.9329],[105.5245,10.9459],[105.5236,10.9513],[105.6172,10.9708],[105.6322,10.974],[105.6549,10.9843],[105.6738,10.9963],[105.674,10.9964],[105.6973,11.0102],[105.7261,11.0184]]]}},{"type":"Feature","properties":{"id":"VNM-5483","name":"Lào Cai","nameBn":"লাও কায়","type":"Province","bounds":[103.5446,21.7092,104.6482,22.825],"center":[104.096,22.3559]},"geometry":{"type":"Polygon","coordinates":[[[104.3402,22.6864],[104.3555,22.6886],[104.3619,22.6925],[104.3616,22.6868],[104.3646,22.6743],[104.37,22.6684],[104.381,22.6621],[104.4117,22.6566],[104.4223,22.6513],[104.4297,22.6438],[104.4359,22.6352],[104.4725,22.5934],[104.4787,22.5829],[104.4794,22.5766],[104.4755,22.5729],[104.4687,22.572],[104.4499,22.5717],[104.442,22.5665],[104.4402,22.5535],[104.4455,22.526],[104.4583,22.4999],[104.4637,22.4813],[104.4661,22.4667],[104.4657,22.4373],[104.4709,22.4187],[104.4825,22.4052],[104.5168,22.3857],[104.5503,22.3709],[104.5654,22.3619],[104.5798,22.3499],[104.5947,22.3317],[104.6013,22.3147],[104.6015,22.2981],[104.5934,22.267],[104.5919,22.2535],[104.5939,22.2401],[104.5986,22.2339],[104.6046,22.2327],[104.6116,22.2371],[104.6285,22.2579],[104.6318,22.2274],[104.6457,22.1972],[104.6482,22.183],[104.6454,22.1724],[104.6367,22.1665],[104.6234,22.1626],[104.6088,22.1539],[104.5942,22.1393],[104.5781,22.1138],[104.5654,22.1],[104.5545,22.0957],[104.5419,22.0996],[104.4743,22.1434],[104.453,22.1488],[104.4307,22.148],[104.3989,22.1348],[104.3848,22.1174],[104.381,22.0997],[104.3886,22.0793],[104.431,22.0098],[104.4406,21.989],[104.4439,21.9708],[104.4431,21.9537],[104.4361,21.9341],[104.4252,21.9181],[104.4107,21.9053],[104.3942,21.8986],[104.3748,21.8996],[104.3508,21.9064],[104.2679,21.942],[104.2426,21.956],[104.2322,21.9602],[104.2235,21.958],[104.2209,21.9504],[104.2223,21.9388],[104.2215,21.9246],[104.2167,21.9093],[104.2058,21.8922],[104.197,21.8871],[104.188,21.889],[104.1779,21.8971],[104.1654,21.9051],[104.15,21.9114],[104.1321,21.9149],[104.0901,21.9179],[104.0693,21.9216],[104.0518,21.9284],[104.0336,21.9395],[104.0054,21.9655],[103.9942,21.9728],[103.9839,21.9742],[103.9773,21.9683],[103.9594,21.9268],[103.9388,21.8959],[103.9217,21.8784],[103.9143,21.8686],[103.9115,21.8611],[103.9133,21.854],[103.9463,21.8053],[103.9524,21.7924],[103.9537,21.7797],[103.9505,21.7661],[103.9376,21.7388],[103.9253,21.7198],[103.896,21.7121],[103.8779,21.7092],[103.8565,21.7159],[103.8348,21.733],[103.711,21.8612],[103.6917,21.8944],[103.648,22.004],[103.6349,22.0242],[103.6184,22.0365],[103.6055,22.042],[103.5694,22.0336],[103.5859,22.1183],[103.5926,22.1346],[103.6012,22.1509],[103.6221,22.1801],[103.6343,22.1921],[103.6492,22.2016],[103.6995,22.2154],[103.7136,22.2245],[103.7262,22.236],[103.7717,22.2879],[103.7937,22.327],[103.8004,22.3454],[103.8018,22.3632],[103.7942,22.3815],[103.7792,22.3994],[103.7473,22.4198],[103.7242,22.4254],[103.7032,22.4247],[103.6865,22.4201],[103.6699,22.4171],[103.6528,22.4177],[103.6336,22.4233],[103.6131,22.4336],[103.5879,22.4519],[103.5769,22.4674],[103.578,22.4825],[103.5881,22.494],[103.6,22.5051],[103.6102,22.5171],[103.6134,22.5337],[103.6096,22.5559],[103.6022,22.5787],[103.5715,22.6316],[103.5499,22.6487],[103.5446,22.691],[103.5471,22.7007],[103.5683,22.725],[103.5768,22.7408],[103.5825,22.7558],[103.59,22.768],[103.6038,22.776],[103.6469,22.799],[103.6585,22.7932],[103.7264,22.7163],[103.7942,22.6594],[103.8053,22.6474],[103.8097,22.6387],[103.8297,22.6092],[103.8363,22.6028],[103.8442,22.5993],[103.8668,22.5754],[103.8727,22.5736],[103.8887,22.5718],[103.8946,22.5692],[103.9028,22.5586],[103.917,22.5333],[103.9254,22.5282],[103.9407,22.5247],[103.9509,22.5165],[103.9595,22.5071],[103.974,22.5153],[103.9854,22.5272],[103.9874,22.5402],[103.9856,22.5545],[103.9856,22.5703],[103.9901,22.5853],[104.0034,22.615],[104.0075,22.6302],[104.0139,22.691],[104.0238,22.7192],[104.0447,22.7452],[104.054,22.7538],[104.066,22.774],[104.0733,22.7827],[104.0869,22.7916],[104.0991,22.7946],[104.1282,22.7968],[104.2133,22.825],[104.2412,22.8244],[104.2331,22.8048],[104.2288,22.7834],[104.2297,22.7619],[104.2368,22.7421],[104.2495,22.7283],[104.3044,22.7047],[104.3252,22.6925],[104.3402,22.6864]]]}},{"type":"Feature","properties":{"id":"VNM-480","name":"Lâm Đồng","nameBn":"লাম ডং","type":"Province","bounds":[107.2806,11.2034,108.7192,12.303],"center":[108,11.5362]},"geometry":{"type":"Polygon","coordinates":[[[108.7192,12.1811],[108.7038,12.1663],[108.6948,12.1553],[108.6867,12.1404],[108.6833,12.1229],[108.6856,12.1028],[108.6903,12.0853],[108.6928,12.0635],[108.6813,11.9732],[108.6374,11.8392],[108.6397,11.8089],[108.6477,11.7909],[108.6574,11.7782],[108.6748,11.7611],[108.6807,11.7523],[108.6847,11.7423],[108.6833,11.7271],[108.6759,11.7077],[108.6548,11.68],[108.6192,11.6498],[108.6101,11.6401],[108.607,11.6257],[108.607,11.6144],[108.6202,11.564],[108.6113,11.5502],[108.5995,11.5208],[108.5914,11.5095],[108.5804,11.5052],[108.564,11.5106],[108.5353,11.5252],[108.5137,11.5277],[108.3865,11.5238],[108.3657,11.5197],[108.3412,11.5079],[108.3271,11.495],[108.319,11.4828],[108.3147,11.4669],[108.3137,11.449],[108.3154,11.4314],[108.3213,11.4155],[108.3362,11.3898],[108.3387,11.3793],[108.3357,11.3687],[108.3249,11.3563],[108.3055,11.3398],[108.2805,11.3224],[108.2505,11.3065],[108.22,11.295],[108.1774,11.2885],[108.1526,11.2815],[108.1318,11.2694],[108.1183,11.2543],[108.0926,11.2187],[108.0783,11.2073],[108.066,11.2034],[108.0571,11.2051],[108.0529,11.211],[108.0526,11.2175],[108.0541,11.2251],[108.0557,11.2435],[108.0549,11.2583],[108.0526,11.271],[108.0459,11.2837],[108.0319,11.2943],[108.0102,11.3015],[107.7563,11.3149],[107.7268,11.3195],[107.6913,11.3284],[107.6567,11.3448],[107.6095,11.3617],[107.5268,11.4025],[107.4835,11.4078],[107.4682,11.4071],[107.4567,11.4104],[107.4489,11.4172],[107.4436,11.431],[107.4432,11.4412],[107.4455,11.4496],[107.4497,11.4552],[107.459,11.4638],[107.4619,11.4682],[107.4629,11.4736],[107.4588,11.4825],[107.4488,11.4906],[107.428,11.4978],[107.4092,11.5021],[107.398,11.506],[107.3916,11.514],[107.3906,11.5215],[107.3915,11.5401],[107.3912,11.5467],[107.39,11.5518],[107.3876,11.5564],[107.3825,11.5595],[107.3748,11.561],[107.3468,11.5603],[107.3085,11.5662],[107.3074,11.5857],[107.3036,11.5955],[107.2968,11.6088],[107.2816,11.6279],[107.2806,11.64],[107.2844,11.6549],[107.3039,11.6926],[107.3176,11.7084],[107.3276,11.7178],[107.3904,11.7518],[107.4207,11.7441],[107.4313,11.7434],[107.4435,11.7444],[107.4652,11.7495],[107.4764,11.7545],[107.4897,11.7651],[107.5022,11.7731],[107.519,11.7782],[107.5498,11.7823],[107.5634,11.7869],[107.6221,11.8254],[107.6758,11.8731],[107.6818,11.8823],[107.6874,11.8971],[107.693,11.903],[107.702,11.9069],[107.7183,11.9096],[107.7285,11.9086],[107.7358,11.906],[107.7392,11.9011],[107.7406,11.8959],[107.7423,11.8811],[107.7437,11.875],[107.7462,11.8697],[107.7492,11.8658],[107.7523,11.8626],[107.7648,11.8538],[107.7717,11.85],[107.7788,11.8487],[107.7859,11.8489],[107.8201,11.8545],[107.8353,11.8589],[107.8644,11.8635],[107.8744,11.864],[107.8848,11.8618],[107.8933,11.8576],[107.8994,11.8515],[107.9026,11.8435],[107.9031,11.834],[107.9022,11.8229],[107.9032,11.8103],[107.9076,11.7998],[107.9149,11.7932],[107.9266,11.7914],[107.9597,11.7966],[107.9708,11.7951],[107.978,11.7908],[107.983,11.7848],[107.9868,11.7789],[107.9928,11.7735],[107.9979,11.7696],[108.0085,11.7736],[108.0244,11.786],[108.06,11.8216],[108.0795,11.8505],[108.0891,11.8786],[108.0872,11.8961],[108.0928,11.9224],[108.0879,11.9402],[108.0815,11.945],[108.0723,11.9482],[108.0642,11.9535],[108.0606,11.9644],[108.0567,11.9718],[108.0327,11.9954],[108.0231,12.0078],[108.0201,12.0151],[108.0179,12.0404],[108.0142,12.0461],[108.0078,12.0494],[107.9986,12.0569],[107.9894,12.0641],[107.9855,12.0647],[107.9847,12.0674],[107.9849,12.0811],[107.9868,12.0914],[107.9957,12.1141],[107.9986,12.1257],[108.0054,12.1257],[108.0142,12.1211],[108.0245,12.1281],[108.0375,12.139],[108.0538,12.1462],[108.0948,12.1403],[108.1139,12.1434],[108.1176,12.1519],[108.128,12.1592],[108.1385,12.1671],[108.1483,12.1712],[108.1627,12.1716],[108.1914,12.1651],[108.2127,12.1642],[108.2223,12.1615],[108.2301,12.1576],[108.2361,12.1558],[108.2425,12.157],[108.2484,12.1635],[108.251,12.1799],[108.2538,12.1883],[108.2625,12.1975],[108.2772,12.207],[108.3072,12.2217],[108.3226,12.2327],[108.3364,12.2395],[108.3494,12.241],[108.3915,12.2338],[108.4091,12.2354],[108.4261,12.2439],[108.4843,12.2926],[108.4995,12.2986],[108.5157,12.3003],[108.5364,12.2951],[108.5859,12.2745],[108.6035,12.2714],[108.6233,12.2743],[108.6389,12.2786],[108.6815,12.303],[108.6943,12.2983],[108.7071,12.2708],[108.7192,12.1811]]]}},{"type":"Feature","properties":{"id":"VNM-454","name":"Lạng Sơn","nameBn":"ল্যাং সন","type":"Province","bounds":[106.114,21.3605,107.3336,22.4462],"center":[106.724,21.7826]},"geometry":{"type":"Polygon","coordinates":[[[106.533,22.4034],[106.5345,22.3975],[106.5365,22.3605],[106.5418,22.3451],[106.5553,22.332],[106.5775,22.3246],[106.6173,22.3228],[106.6338,22.3094],[106.6397,22.2967],[106.6629,22.2233],[106.6605,22.2134],[106.6518,22.2056],[106.6397,22.1909],[106.6424,22.1761],[106.6487,22.1651],[106.6561,22.1551],[106.6613,22.1436],[106.6615,22.1363],[106.6584,22.1201],[106.6587,22.1119],[106.6613,22.1066],[106.6701,22.0966],[106.6722,22.0925],[106.673,22.0661],[106.6679,22.0427],[106.6482,21.9955],[106.6481,21.987],[106.6496,21.9776],[106.6531,21.9689],[106.6589,21.9628],[106.6746,21.9622],[106.6897,21.9729],[106.7224,22.007],[106.7288,22.0083],[106.7426,22.0039],[106.7483,21.9999],[106.7562,21.9895],[106.761,21.9851],[106.7815,21.975],[106.7991,21.9726],[106.8405,21.9736],[106.8648,21.9681],[106.8769,21.9573],[106.8854,21.9433],[106.8988,21.9278],[106.9204,21.917],[106.9377,21.92],[106.9538,21.929],[106.9712,21.9358],[106.9919,21.9354],[107.0094,21.9274],[107.0202,21.9129],[107.0211,21.8923],[107.0118,21.8756],[106.9975,21.8608],[106.9871,21.8448],[106.9891,21.8242],[107.0029,21.8106],[107.0237,21.8041],[107.0658,21.7958],[107.0948,21.779],[107.1724,21.7151],[107.2121,21.7052],[107.2439,21.7152],[107.2727,21.7183],[107.3032,21.6887],[107.3297,21.616],[107.3336,21.6125],[107.2416,21.556],[107.2331,21.5443],[107.2245,21.5278],[107.2464,21.4868],[107.2491,21.4717],[107.2489,21.4565],[107.2423,21.437],[107.2317,21.422],[107.2148,21.4067],[107.191,21.3933],[107.1274,21.3701],[107.1007,21.364],[107.0653,21.3605],[107.0241,21.3762],[107.0185,21.3845],[107.0138,21.3965],[107.0137,21.4264],[107.0068,21.4418],[106.9968,21.4456],[106.9833,21.4433],[106.9651,21.4381],[106.9443,21.4369],[106.922,21.445],[106.9094,21.4608],[106.8991,21.4819],[106.8726,21.5169],[106.8577,21.541],[106.8485,21.5633],[106.8451,21.5801],[106.8394,21.5932],[106.8279,21.5972],[106.8113,21.5927],[106.7949,21.5844],[106.7811,21.5747],[106.7584,21.5549],[106.7477,21.5493],[106.7323,21.5509],[106.7187,21.5617],[106.6821,21.5986],[106.6587,21.6074],[106.631,21.6096],[106.6053,21.6061],[106.5804,21.5991],[106.5593,21.5866],[106.5402,21.5684],[106.5221,21.5449],[106.4901,21.4696],[106.478,21.4483],[106.46,21.4308],[106.4358,21.4176],[106.3987,21.4111],[106.3734,21.4146],[106.3529,21.4239],[106.2919,21.4775],[106.2605,21.491],[106.2291,21.4985],[106.1967,21.5022],[106.178,21.5082],[106.1655,21.5171],[106.1598,21.5309],[106.1584,21.5457],[106.1675,21.5708],[106.2082,21.6313],[106.2308,21.6573],[106.255,21.6772],[106.2567,21.6849],[106.2533,21.6951],[106.1814,21.7854],[106.1681,21.7957],[106.1563,21.801],[106.1481,21.802],[106.1419,21.8053],[106.1384,21.812],[106.1385,21.8336],[106.1365,21.8459],[106.1248,21.8717],[106.1177,21.8981],[106.114,21.9481],[106.1192,22.0353],[106.1235,22.0543],[106.1328,22.0688],[106.143,22.0768],[106.1632,22.087],[106.1732,22.0936],[106.1823,22.102],[106.1904,22.1118],[106.2405,22.1982],[106.2578,22.25],[106.26,22.2621],[106.2581,22.2722],[106.2523,22.2824],[106.2272,22.308],[106.2203,22.3208],[106.2107,22.3705],[106.193,22.4067],[106.2257,22.4349],[106.2405,22.4412],[106.258,22.4462],[106.2721,22.4454],[106.2862,22.4409],[106.3696,22.3885],[106.3986,22.3781],[106.4264,22.3755],[106.4533,22.3762],[106.4759,22.379],[106.4966,22.384],[106.5296,22.4005],[106.533,22.4034],[106.533,22.4034]]]}},{"type":"Feature","properties":{"id":"VNM-468","name":"Nam Định","nameBn":"নাম দিহ্ন","type":"Province","bounds":[105.9512,19.965,106.5723,20.4909],"center":[106.254,20.2343]},"geometry":{"type":"Polygon","coordinates":[[[106.5029,20.3005],[106.5049,20.2974],[106.513,20.2944],[106.5205,20.2984],[106.5247,20.3083],[106.5485,20.2914],[106.5527,20.2865],[106.556,20.2777],[106.5663,20.2611],[106.5723,20.2467],[106.5696,20.232],[106.5543,20.2247],[106.541,20.2261],[106.5293,20.2224],[106.5049,20.217],[106.4732,20.2152],[106.4602,20.212],[106.395,20.2046],[106.395,20.212],[106.4019,20.212],[106.4019,20.2182],[106.3947,20.2175],[106.3901,20.2163],[106.3807,20.212],[106.3807,20.2046],[106.388,20.1975],[106.3811,20.1921],[106.3602,20.1841],[106.3533,20.1768],[106.3403,20.15],[106.3055,20.1086],[106.2837,20.0946],[106.2593,20.0613],[106.2362,20.048],[106.2119,20.0212],[106.197,20.0128],[106.2064,20.035],[106.2107,20.0401],[106.2033,20.0475],[106.196,20.0334],[106.1841,20.0036],[106.176,19.9923],[106.1609,19.9841],[106.124,19.975],[106.1071,19.965],[106.1014,19.98],[106.1045,19.9959],[106.1108,20.0134],[106.1145,20.0333],[106.1525,20.1267],[106.1623,20.1737],[106.1618,20.1899],[106.1594,20.2046],[106.1551,20.2176],[106.1494,20.2254],[106.1424,20.2296],[106.1343,20.2311],[106.1186,20.2325],[106.1126,20.2349],[106.1075,20.239],[106.1022,20.2459],[106.0978,20.2502],[106.094,20.2524],[106.0887,20.2524],[106.0823,20.2508],[106.0749,20.2474],[106.0666,20.2424],[106.0573,20.2396],[106.0483,20.2411],[106.0291,20.2593],[106.0199,20.264],[105.9915,20.2668],[105.9771,20.2714],[105.9638,20.2826],[105.9542,20.3101],[105.9512,20.3368],[105.9524,20.3908],[105.9689,20.419],[105.979,20.4263],[105.987,20.4279],[105.9926,20.4243],[105.9991,20.4087],[106.0049,20.4049],[106.014,20.4054],[106.0263,20.4128],[106.0335,20.4266],[106.04,20.4465],[106.0561,20.4739],[106.0709,20.4833],[106.0884,20.4855],[106.103,20.4832],[106.1394,20.489],[106.1545,20.4877],[106.1845,20.4909],[106.1896,20.4865],[106.1956,20.4843],[106.2019,20.4826],[106.2083,20.4801],[106.2147,20.4749],[106.2178,20.4686],[106.2181,20.4613],[106.2142,20.4387],[106.2141,20.4244],[106.2196,20.4137],[106.234,20.4097],[106.2617,20.411],[106.2723,20.4062],[106.2795,20.3926],[106.28,20.3785],[106.2749,20.3675],[106.2683,20.3569],[106.2642,20.3441],[106.2676,20.3316],[106.2783,20.3296],[106.2915,20.3343],[106.3024,20.3415],[106.323,20.3608],[106.3345,20.3657],[106.3494,20.3645],[106.3549,20.3556],[106.3865,20.3405],[106.3948,20.333],[106.4098,20.3164],[106.4502,20.2873],[106.4553,20.2845],[106.4621,20.2833],[106.4749,20.2832],[106.4811,20.2842],[106.4872,20.2865],[106.4927,20.2903],[106.5013,20.2996],[106.5029,20.3005]]]}},{"type":"Feature","properties":{"id":"VNM-475","name":"Nghệ An","nameBn":"নেহেয়ান","type":"Province","bounds":[103.8484,18.5702,105.8062,19.9924],"center":[104.827,19.3548]},"geometry":{"type":"Polygon","coordinates":[[[104.9225,19.9822],[104.9357,19.9842],[104.9457,19.9924],[104.9629,19.9884],[105.0144,19.9697],[105.063,19.9415],[105.0925,19.9308],[105.1518,19.9149],[105.1691,19.9045],[105.1796,19.891],[105.1796,19.8782],[105.1725,19.8655],[105.1477,19.8412],[105.14,19.8275],[105.1361,19.8111],[105.1382,19.7868],[105.1466,19.7579],[105.1681,19.714],[105.1901,19.6875],[105.2474,19.6388],[105.2622,19.62],[105.2706,19.5988],[105.2726,19.5781],[105.2706,19.5368],[105.2717,19.5194],[105.277,19.5142],[105.2857,19.5166],[105.3075,19.538],[105.3174,19.5459],[105.3289,19.5496],[105.3424,19.5482],[105.3568,19.5403],[105.3706,19.5251],[105.4009,19.484],[105.4161,19.4732],[105.4363,19.4691],[105.4837,19.4738],[105.5068,19.4703],[105.5344,19.4542],[105.551,19.4358],[105.5766,19.3971],[105.5864,19.3879],[105.5976,19.3816],[105.612,19.3756],[105.6322,19.3622],[105.687,19.3095],[105.7,19.3025],[105.7636,19.2939],[105.8062,19.2743],[105.8054,19.2723],[105.7975,19.2673],[105.7886,19.2668],[105.781,19.2649],[105.7723,19.236],[105.7595,19.2353],[105.7458,19.2372],[105.7434,19.2319],[105.7312,19.1702],[105.7298,19.1339],[105.7371,19.1085],[105.7118,19.0966],[105.702,19.0905],[105.6956,19.0811],[105.6683,19.0895],[105.6438,19.0654],[105.6248,19.0285],[105.6143,18.9986],[105.6133,18.9855],[105.6187,18.9763],[105.6211,18.9678],[105.6222,18.9545],[105.6296,18.9223],[105.6348,18.9098],[105.6483,18.8927],[105.6699,18.8749],[105.6945,18.8608],[105.7166,18.8546],[105.7166,18.8483],[105.7029,18.8341],[105.6987,18.843],[105.6929,18.8496],[105.6849,18.8535],[105.6751,18.8546],[105.6858,18.8313],[105.6887,18.8266],[105.6953,18.8247],[105.7127,18.8263],[105.7201,18.8236],[105.741,18.8016],[105.752,18.7863],[105.7576,18.772],[105.7427,18.7308],[105.7471,18.7243],[105.7561,18.716],[105.7577,18.697],[105.7547,18.6763],[105.7507,18.6628],[105.7268,18.6545],[105.7147,18.6478],[105.7094,18.639],[105.7066,18.6305],[105.7002,18.6275],[105.6933,18.6258],[105.689,18.6219],[105.689,18.6155],[105.6907,18.607],[105.6933,18.6008],[105.6958,18.6014],[105.6809,18.5773],[105.6618,18.5702],[105.6394,18.5769],[105.6325,18.5815],[105.6198,18.5826],[105.6146,18.5827],[105.5035,18.5971],[105.46,18.5943],[105.437,18.589],[105.4123,18.5875],[105.3854,18.5923],[105.2743,18.6258],[105.1955,18.6193],[105.1695,18.6183],[105.1695,18.6306],[105.1629,18.639],[105.1411,18.6531],[105.1127,18.6983],[105.1003,18.7021],[105.0887,18.7006],[105.077,18.6975],[105.0646,18.6966],[105.0403,18.705],[104.9902,18.733],[104.9738,18.7361],[104.9569,18.7317],[104.9372,18.7312],[104.9197,18.7356],[104.9092,18.7457],[104.8994,18.7706],[104.8729,18.778],[104.8154,18.7737],[104.8016,18.7751],[104.7629,18.7865],[104.722,18.792],[104.7103,18.7961],[104.7025,18.8025],[104.6908,18.8193],[104.6856,18.8248],[104.6757,18.8282],[104.6563,18.8297],[104.6462,18.8325],[104.6312,18.8424],[104.604,18.8687],[104.5897,18.8791],[104.5561,18.8965],[104.5443,18.9068],[104.5099,18.9564],[104.4977,18.968],[104.4809,18.9777],[104.4621,18.9824],[104.4311,18.9793],[104.4132,18.9831],[104.4007,18.9923],[104.372,19.0336],[104.3552,19.0479],[104.3391,19.0552],[104.322,19.0605],[104.3029,19.0687],[104.2873,19.0805],[104.2743,19.0935],[104.2599,19.1041],[104.2596,19.1041],[104.2396,19.1089],[104.2106,19.1007],[104.2018,19.1092],[104.2017,19.1271],[104.1981,19.1469],[104.1878,19.1566],[104.1477,19.1829],[104.0367,19.2302],[104.0162,19.2349],[103.9952,19.2338],[103.974,19.2253],[103.9728,19.2253],[103.9431,19.2456],[103.918,19.2582],[103.9109,19.263],[103.9059,19.27],[103.8927,19.2939],[103.8767,19.2958],[103.8585,19.2953],[103.8484,19.2999],[103.8567,19.3172],[103.87,19.3269],[103.9059,19.3418],[103.9213,19.3528],[103.941,19.3814],[103.9528,19.391],[103.974,19.3957],[103.9967,19.4069],[104.0204,19.415],[104.0351,19.4167],[104.0383,19.4129],[104.0388,19.4134],[104.0465,19.4275],[104.0499,19.4375],[104.054,19.4606],[104.0605,19.4713],[104.0705,19.477],[104.0813,19.4793],[104.09,19.4837],[104.0941,19.4955],[104.094,19.4956],[104.0825,19.5093],[104.0793,19.5257],[104.078,19.5429],[104.0716,19.5591],[104.0602,19.5682],[104.0289,19.586],[104.0174,19.6004],[103.9977,19.6525],[103.9952,19.6649],[104.001,19.6807],[104.0103,19.6846],[104.0217,19.6814],[104.0697,19.658],[104.0887,19.6519],[104.1092,19.6549],[104.1172,19.661],[104.1245,19.6759],[104.1312,19.6824],[104.1363,19.6875],[104.1582,19.6877],[104.2002,19.6986],[104.229,19.706],[104.2421,19.6952],[104.277,19.6839],[104.2953,19.6549],[104.3419,19.683],[104.36,19.6875],[104.3801,19.6853],[104.3917,19.6768],[104.4013,19.6644],[104.4154,19.6508],[104.4238,19.6458],[104.4491,19.6352],[104.5058,19.6028],[104.5228,19.5994],[104.5462,19.6019],[104.5548,19.6054],[104.5702,19.6153],[104.5792,19.618],[104.5878,19.616],[104.605,19.6065],[104.6143,19.6074],[104.6231,19.6181],[104.6548,19.698],[104.663,19.7112],[104.676,19.7247],[104.6917,19.7355],[104.7042,19.7387],[104.7178,19.7402],[104.7367,19.7457],[104.7607,19.7665],[104.7852,19.7769],[104.805,19.7909],[104.8151,19.8224],[104.8169,19.839],[104.8166,19.8481],[104.8092,19.8537],[104.7903,19.8597],[104.7607,19.8615],[104.7555,19.867],[104.7618,19.8855],[104.7807,19.9081],[104.8353,19.9389],[104.8579,19.9552],[104.8672,19.9691],[104.869,19.9777],[104.8738,19.9827],[104.8929,19.9855],[104.9225,19.9822]]]}},{"type":"Feature","properties":{"id":"VNM-466","name":"Ninh Bình","nameBn":"নিহ্ন বিহ্ন","type":"Province","bounds":[105.5426,19.965,106.1623,20.4415],"center":[105.852,20.2722]},"geometry":{"type":"Polygon","coordinates":[[[106.1145,20.0333],[106.1071,20.0333],[106.104,20.0172],[106.0889,19.9739],[106.0835,19.965],[106.0689,19.9685],[106.0527,19.9773],[106.0391,19.9884],[106.0342,19.9957],[106.0342,19.9961],[106.0345,20.0001],[106.059,20.0176],[106.0645,20.0227],[106.0684,20.0278],[106.0706,20.0337],[106.0702,20.0411],[106.0675,20.0508],[106.06,20.0602],[106.0499,20.067],[106.0338,20.0703],[105.9998,20.0733],[105.9826,20.0782],[105.9644,20.0884],[105.9445,20.1032],[105.9189,20.1189],[105.8618,20.1344],[105.8195,20.1556],[105.7549,20.1966],[105.5426,20.3671],[105.5627,20.3856],[105.5727,20.3865],[105.5859,20.3846],[105.6016,20.3763],[105.6559,20.3343],[105.6745,20.3243],[105.695,20.321],[105.7074,20.3255],[105.7156,20.3353],[105.7178,20.35],[105.7161,20.3672],[105.7119,20.3839],[105.7063,20.3984],[105.7046,20.4072],[105.706,20.4133],[105.7135,20.4196],[105.747,20.4378],[105.7594,20.4415],[105.7704,20.4412],[105.8064,20.424],[105.8413,20.4195],[105.8609,20.3946],[105.9022,20.3626],[105.9512,20.3368],[105.9542,20.3101],[105.9638,20.2826],[105.9771,20.2714],[105.9915,20.2668],[106.0199,20.264],[106.0291,20.2593],[106.0483,20.2411],[106.0573,20.2396],[106.0666,20.2424],[106.0749,20.2474],[106.0823,20.2508],[106.0887,20.2524],[106.094,20.2524],[106.0978,20.2502],[106.1022,20.2459],[106.1075,20.239],[106.1126,20.2349],[106.1186,20.2325],[106.1343,20.2311],[106.1424,20.2296],[106.1494,20.2254],[106.1551,20.2176],[106.1594,20.2046],[106.1618,20.1899],[106.1623,20.1737],[106.1525,20.1267],[106.1145,20.0333]]]}},{"type":"Feature","properties":{"id":"VNM-481","name":"Ninh Thuận","nameBn":"নিহ্ন থুয়ান","type":"Province","bounds":[108.607,11.3101,109.2429,12.1811],"center":[108.925,11.6242]},"geometry":{"type":"Polygon","coordinates":[[[109.2039,11.7887],[109.2036,11.7846],[109.2429,11.7357],[109.2322,11.7142],[109.2248,11.7216],[109.2178,11.7141],[109.209,11.6937],[109.1913,11.6719],[109.1888,11.6632],[109.1883,11.6533],[109.1843,11.6385],[109.1786,11.6317],[109.1604,11.6164],[109.1565,11.6083],[109.1541,11.597],[109.1483,11.5861],[109.136,11.5702],[109.1292,11.5702],[109.1172,11.5803],[109.1025,11.581],[109.0857,11.5798],[109.0671,11.5838],[109.0557,11.5966],[109.0481,11.6313],[109.0435,11.6385],[109.0203,11.6328],[109.0217,11.6203],[109.0332,11.6077],[109.0404,11.6015],[109.0383,11.5877],[109.0347,11.5741],[109.034,11.5596],[109.0404,11.5429],[109.0193,11.5423],[109.0125,11.5429],[109.0278,11.5175],[109.0283,11.4743],[109.0193,11.4063],[109.0225,11.3676],[109.0181,11.3559],[109.0056,11.3437],[108.9807,11.3237],[108.9661,11.3148],[108.9517,11.3101],[108.9334,11.3112],[108.906,11.3234],[108.9059,11.3235],[108.9037,11.3379],[108.8988,11.3521],[108.8863,11.3714],[108.8679,11.388],[108.8405,11.3996],[108.8207,11.4029],[108.7893,11.4006],[108.7786,11.402],[108.7719,11.4078],[108.7679,11.4196],[108.7654,11.448],[108.7629,11.4586],[108.7562,11.4653],[108.731,11.4718],[108.7215,11.4766],[108.7152,11.4863],[108.7124,11.4973],[108.7087,11.5248],[108.7049,11.5367],[108.697,11.5478],[108.6827,11.5563],[108.6669,11.5628],[108.6202,11.564],[108.607,11.6144],[108.607,11.6257],[108.6101,11.6401],[108.6192,11.6498],[108.6548,11.68],[108.6759,11.7077],[108.6833,11.7271],[108.6847,11.7423],[108.6807,11.7523],[108.6748,11.7611],[108.6574,11.7782],[108.6477,11.7909],[108.6397,11.8089],[108.6374,11.8392],[108.6813,11.9732],[108.6928,12.0635],[108.6903,12.0853],[108.6856,12.1028],[108.6833,12.1229],[108.6867,12.1404],[108.6948,12.1553],[108.7038,12.1663],[108.7192,12.1811],[108.7777,12.1581],[108.7923,12.1455],[108.8098,12.1243],[108.8201,12.1016],[108.8427,12.033],[108.8616,11.9928],[108.8676,11.9759],[108.8779,11.9542],[108.891,11.9431],[108.9049,11.9365],[108.9704,11.9263],[109.0334,11.9077],[109.0504,11.898],[109.0602,11.8867],[109.0661,11.8733],[109.0739,11.841],[109.086,11.8194],[109.0986,11.8073],[109.1141,11.798],[109.1339,11.7925],[109.1703,11.7869],[109.183,11.7864],[109.1979,11.7875],[109.2039,11.7887]]]}},{"type":"Feature","properties":{"id":"VNM-469","name":"Phú Thọ","nameBn":"ফু থ","type":"Province","bounds":[104.8285,20.9145,105.4578,21.7039],"center":[105.143,21.3127]},"geometry":{"type":"Polygon","coordinates":[[[105.3174,21.5141],[105.3437,21.4347],[105.3521,21.4265],[105.3641,21.417],[105.3752,21.4159],[105.3922,21.4088],[105.4008,21.3981],[105.4191,21.3617],[105.4516,21.3239],[105.4575,21.3117],[105.4578,21.3004],[105.4516,21.2914],[105.4462,21.2859],[105.4362,21.2803],[105.4294,21.2764],[105.4263,21.2921],[105.4147,21.3072],[105.3953,21.3116],[105.3738,21.309],[105.3538,21.3014],[105.3486,21.2922],[105.343,21.2798],[105.3402,21.2735],[105.3432,21.2382],[105.3266,21.221],[105.3031,21.2095],[105.2849,21.1915],[105.2821,21.1707],[105.29,21.155],[105.3007,21.1413],[105.306,21.1267],[105.3023,21.1044],[105.2868,21.0756],[105.2849,21.0544],[105.291,21.0382],[105.3079,21.0119],[105.3158,20.9998],[105.3231,20.9923],[105.3299,20.9814],[105.3328,20.9564],[105.3327,20.9188],[105.3159,20.9145],[105.296,20.9155],[105.2109,20.9382],[105.1941,20.9388],[105.1593,20.9367],[105.1381,20.9405],[105.1153,20.9499],[105.042,21.0086],[104.9423,21.0536],[104.928,21.0646],[104.9201,21.0726],[104.9086,21.1014],[104.8951,21.1168],[104.8782,21.1296],[104.8736,21.1376],[104.8717,21.149],[104.8757,21.2043],[104.8658,21.2502],[104.8285,21.3296],[104.8951,21.3654],[104.9078,21.3791],[104.9193,21.3979],[104.9179,21.4204],[104.8955,21.4852],[104.8881,21.523],[104.89,21.5671],[104.903,21.596],[104.9219,21.6206],[104.9466,21.6403],[104.9715,21.6522],[104.9983,21.6608],[105.0528,21.6724],[105.0722,21.6787],[105.1118,21.7039],[105.1758,21.6669],[105.2332,21.6187],[105.2787,21.5695],[105.3174,21.5141]]]}},{"type":"Feature","properties":{"id":"VNM-482","name":"Phú Yên","nameBn":"ফু ইয়েন","type":"Province","bounds":[108.6608,12.7527,109.4673,13.6986],"center":[109.064,13.1647]},"geometry":{"type":"Polygon","coordinates":[[[109.2371,13.6986],[109.239,13.6914],[109.239,13.6638],[109.2414,13.644],[109.2476,13.6227],[109.2572,13.6056],[109.2698,13.5986],[109.2705,13.5942],[109.2825,13.5852],[109.2957,13.5777],[109.3005,13.5781],[109.3039,13.5688],[109.3035,13.5622],[109.2981,13.5585],[109.2868,13.5576],[109.2868,13.5508],[109.2912,13.5466],[109.2927,13.5435],[109.2942,13.5303],[109.2857,13.539],[109.2634,13.5771],[109.2529,13.6016],[109.2261,13.6319],[109.2185,13.647],[109.2112,13.647],[109.2101,13.6308],[109.2156,13.6237],[109.2241,13.6195],[109.2322,13.6122],[109.2372,13.6014],[109.2412,13.5815],[109.2453,13.5712],[109.2583,13.5598],[109.2674,13.5547],[109.2664,13.5487],[109.2625,13.5439],[109.259,13.5446],[109.2659,13.5339],[109.2868,13.5092],[109.2942,13.5092],[109.298,13.5147],[109.3018,13.5175],[109.3142,13.5229],[109.3108,13.5131],[109.3023,13.5015],[109.3005,13.4927],[109.3037,13.4799],[109.3122,13.4716],[109.3233,13.4698],[109.3346,13.4757],[109.3397,13.4655],[109.3313,13.4521],[109.3346,13.4409],[109.325,13.4223],[109.3185,13.4138],[109.3074,13.4068],[109.2992,13.4175],[109.2775,13.4216],[109.2732,13.4311],[109.2781,13.4379],[109.2886,13.4422],[109.2982,13.4484],[109.3005,13.4614],[109.2944,13.4682],[109.2625,13.4893],[109.2529,13.4887],[109.2451,13.4852],[109.2385,13.4768],[109.2322,13.4614],[109.2376,13.4532],[109.2351,13.4454],[109.2346,13.4371],[109.2453,13.4272],[109.2376,13.4201],[109.2341,13.4101],[109.2322,13.3931],[109.2494,13.3847],[109.2664,13.3618],[109.28,13.3528],[109.291,13.3631],[109.2993,13.3647],[109.3074,13.3528],[109.3088,13.3415],[109.3057,13.3339],[109.298,13.3303],[109.2868,13.331],[109.2868,13.3249],[109.2918,13.3204],[109.2943,13.3146],[109.2951,13.3073],[109.2942,13.2976],[109.2893,13.3012],[109.2781,13.3069],[109.2732,13.3106],[109.2686,13.3018],[109.2664,13.3012],[109.259,13.2976],[109.2726,13.2633],[109.2815,13.249],[109.2942,13.2355],[109.2927,13.2668],[109.2962,13.2789],[109.3074,13.2839],[109.3074,13.2901],[109.303,13.2978],[109.3037,13.3032],[109.308,13.3038],[109.3142,13.2976],[109.3181,13.2889],[109.3201,13.2795],[109.3211,13.259],[109.3189,13.2514],[109.3074,13.2287],[109.3076,13.2187],[109.3142,13.1979],[109.3118,13.1817],[109.307,13.1663],[109.3042,13.1506],[109.3074,13.133],[109.3156,13.1195],[109.3254,13.1069],[109.3314,13.0936],[109.3284,13.0847],[109.3412,13.0766],[109.3495,13.0683],[109.3701,13.0318],[109.3967,13.0028],[109.4164,12.9717],[109.4583,12.9241],[109.465,12.9133],[109.4673,12.8977],[109.4663,12.879],[109.4629,12.8621],[109.4582,12.8519],[109.4536,12.8499],[109.4359,12.8449],[109.4309,12.8451],[109.4284,12.8521],[109.4336,12.8568],[109.4408,12.8607],[109.4445,12.8649],[109.4468,12.869],[109.45,12.8732],[109.449,12.8767],[109.4382,12.8786],[109.4172,12.8649],[109.4141,12.8598],[109.4079,12.8441],[109.4035,12.8382],[109.3953,12.8349],[109.3866,12.8344],[109.3846,12.834],[109.3723,12.8436],[109.3611,12.849],[109.3427,12.8531],[109.3221,12.8533],[109.2772,12.8491],[109.2359,12.8513],[109.2154,12.8504],[109.1957,12.8468],[109.1752,12.8392],[109.1549,12.8278],[109.1324,12.8078],[109.1036,12.7728],[109.0886,12.761],[109.0739,12.7541],[109.0373,12.7527],[108.9687,12.7804],[108.886,12.7991],[108.8616,12.807],[108.8177,12.8284],[108.7597,12.8644],[108.7392,12.8804],[108.7254,12.8956],[108.6608,12.9962],[108.6655,13.039],[108.6878,13.0713],[108.7074,13.0899],[108.7291,13.1057],[108.8124,13.1508],[108.845,13.1746],[108.865,13.1944],[108.8748,13.2113],[108.8767,13.2255],[108.8725,13.2392],[108.8571,13.2659],[108.8535,13.2806],[108.8528,13.2983],[108.8548,13.3186],[108.8539,13.3364],[108.8486,13.3546],[108.8314,13.3898],[108.8248,13.4087],[108.8217,13.4305],[108.8256,13.5575],[108.9097,13.5378],[108.9436,13.5378],[108.9778,13.5426],[109.0623,13.5742],[109.0807,13.5871],[109.1439,13.659],[109.1631,13.6733],[109.2113,13.6848],[109.2345,13.697],[109.2371,13.6986]]]}},{"type":"Feature","properties":{"id":"VNM-487","name":"Quàng Nam","nameBn":"কুয়াং নাম","type":"Province","bounds":[107.1488,14.9565,108.7616,16.0934],"center":[107.955,15.6535]},"geometry":{"type":"Polygon","coordinates":[[[107.2272,15.8533],[107.2357,15.8555],[107.3051,15.8991],[107.3229,15.9059],[107.3611,15.9123],[107.3755,15.9191],[107.3906,15.9358],[107.418,15.9836],[107.4327,15.9959],[107.4447,16.01],[107.4436,16.0189],[107.4367,16.0269],[107.4321,16.0383],[107.4333,16.0555],[107.4604,16.0593],[107.5068,16.06],[107.5763,16.0543],[107.5971,16.0562],[107.6126,16.0637],[107.6407,16.0834],[107.6623,16.0914],[107.677,16.0882],[107.6879,16.0773],[107.709,16.0344],[107.7217,16.0169],[107.7299,16.0141],[107.7382,16.0177],[107.7577,16.0428],[107.7844,16.071],[107.8025,16.0843],[107.8217,16.0925],[107.8353,16.0934],[107.8562,16.0876],[107.9339,16.0794],[107.9885,16.0899],[108.0009,16.09],[108.0069,16.0861],[108.0089,16.054],[108.0102,16.046],[108.0124,16.0381],[108.0125,16.0325],[108.0113,16.0257],[108.0109,16.0165],[108.0159,16.0027],[108.0337,15.9863],[108.0553,15.9781],[108.0812,15.9754],[108.1014,15.9769],[108.1834,15.9973],[108.1917,15.9978],[108.2817,15.99],[108.2823,15.9901],[108.2937,15.9696],[108.3059,15.9552],[108.3587,15.9154],[108.3743,15.9083],[108.3882,15.8984],[108.3962,15.8808],[108.3853,15.8789],[108.3771,15.8742],[108.3752,15.8695],[108.3825,15.8672],[108.3884,15.8706],[108.3954,15.8773],[108.4027,15.8824],[108.4099,15.8808],[108.4148,15.8674],[108.4241,15.8057],[108.4553,15.747],[108.6187,15.5292],[108.6463,15.5139],[108.6834,15.5178],[108.6745,15.4894],[108.6677,15.4827],[108.6563,15.4966],[108.6445,15.4931],[108.6294,15.4865],[108.6209,15.4748],[108.6289,15.4557],[108.6525,15.4388],[108.6685,15.4478],[108.6909,15.4904],[108.6971,15.4904],[108.7026,15.4699],[108.7039,15.4451],[108.7095,15.4377],[108.7334,15.4179],[108.7388,15.4113],[108.7435,15.4073],[108.7616,15.3966],[108.7591,15.3959],[108.7353,15.3918],[108.6931,15.3886],[108.666,15.3833],[108.5341,15.337],[108.4856,15.3252],[108.386,15.3159],[108.3714,15.3127],[108.3581,15.3058],[108.3455,15.2954],[108.3364,15.2849],[108.3233,15.257],[108.3129,15.2413],[108.2876,15.2124],[108.2788,15.1967],[108.2762,15.1781],[108.2803,15.16],[108.294,15.1398],[108.3218,15.111],[108.326,15.0965],[108.3265,15.0864],[108.2966,15.0481],[108.2653,15.0515],[108.2163,15.0656],[108.2029,15.0639],[108.1958,15.0563],[108.1965,15.0425],[108.2006,15.0182],[108.1986,15.0032],[108.19,14.9872],[108.1682,14.9658],[108.1526,14.9577],[108.1385,14.9565],[108.1278,14.9631],[108.1179,14.9746],[108.1052,15.0027],[108.0968,15.0158],[108.075,15.0386],[108.0695,15.0522],[108.0688,15.0699],[108.074,15.1049],[108.0743,15.1213],[108.0702,15.1351],[108.0625,15.1465],[108.0062,15.1944],[107.9724,15.2161],[107.9486,15.2263],[107.9292,15.2301],[107.9124,15.2283],[107.8803,15.2214],[107.8622,15.222],[107.8505,15.2277],[107.8376,15.2392],[107.8118,15.2685],[107.7973,15.282],[107.7767,15.296],[107.7607,15.2996],[107.7295,15.3],[107.7215,15.3048],[107.7165,15.3141],[107.7137,15.3277],[107.7098,15.3416],[107.7017,15.3564],[107.6893,15.3712],[107.6497,15.3989],[107.6323,15.4046],[107.6026,15.4101],[107.5764,15.4031],[107.5732,15.4112],[107.5556,15.4158],[107.5126,15.4094],[107.4939,15.42],[107.4896,15.4379],[107.4902,15.4615],[107.4875,15.4814],[107.4738,15.4883],[107.4665,15.4844],[107.4608,15.4844],[107.4565,15.4883],[107.4534,15.4959],[107.4479,15.5081],[107.443,15.5092],[107.438,15.5056],[107.4321,15.5039],[107.4122,15.5088],[107.4051,15.5086],[107.395,15.5015],[107.3887,15.4925],[107.3816,15.4885],[107.3693,15.4961],[107.3164,15.5887],[107.3036,15.5997],[107.2654,15.6187],[107.2487,15.6311],[107.2391,15.6451],[107.2346,15.6609],[107.23,15.7024],[107.2257,15.7168],[107.2153,15.7275],[107.1603,15.7587],[107.1488,15.7735],[107.1502,15.7943],[107.1752,15.8485],[107.1863,15.8594],[107.1986,15.8621],[107.2088,15.8591],[107.2181,15.8548],[107.2272,15.8533]]]}},{"type":"Feature","properties":{"id":"VNM-476","name":"Quảng Bình","nameBn":"কুয়াং বিন প্রদেশ","type":"Province","bounds":[105.5942,16.9506,107.0075,18.0708],"center":[106.357,17.4691]},"geometry":{"type":"Polygon","coordinates":[[[105.9322,17.4957],[105.9111,17.5168],[105.846,17.598],[105.8199,17.6216],[105.7874,17.6421],[105.7353,17.664],[105.7231,17.6735],[105.7138,17.6895],[105.7012,17.7276],[105.692,17.7441],[105.6698,17.7731],[105.644,17.8201],[105.6052,17.8543],[105.5942,17.8881],[105.606,17.9641],[105.6034,17.9692],[105.6331,17.9736],[105.6823,17.9813],[105.7105,18.0001],[105.7366,18.0229],[105.7558,18.0303],[105.8209,18.0485],[105.86,18.0639],[105.8916,18.0695],[105.9272,18.0708],[105.9867,18.0607],[106.0099,18.0509],[106.0285,18.0386],[106.0431,18.024],[106.0536,18.0085],[106.0593,17.9946],[106.0603,17.9817],[106.0584,17.9718],[106.0583,17.9633],[106.0626,17.9556],[106.0768,17.9467],[106.1387,17.9289],[106.2468,17.91],[106.2785,17.9084],[106.3009,17.913],[106.3111,17.9235],[106.321,17.9399],[106.3321,17.9546],[106.35,17.9674],[106.386,17.9729],[106.4668,17.9656],[106.5101,17.9562],[106.5186,17.957],[106.5247,17.9496],[106.5247,17.9434],[106.5041,17.9306],[106.4844,17.9155],[106.4743,17.9029],[106.4661,17.8902],[106.4551,17.8818],[106.436,17.882],[106.436,17.8745],[106.447,17.8721],[106.451,17.8657],[106.4495,17.8566],[106.4429,17.8466],[106.4518,17.8282],[106.4607,17.7994],[106.4701,17.7482],[106.4751,17.737],[106.4954,17.718],[106.4981,17.7106],[106.4895,17.7026],[106.4785,17.7035],[106.4487,17.716],[106.4356,17.7394],[106.4258,17.7448],[106.4107,17.747],[106.3745,17.7653],[106.3067,17.7719],[106.292,17.7783],[106.2852,17.7721],[106.2995,17.7623],[106.3228,17.7535],[106.3469,17.7472],[106.3806,17.7434],[106.4292,17.7311],[106.4292,17.7237],[106.4224,17.7237],[106.4026,17.7315],[106.3831,17.7192],[106.3796,17.6988],[106.4087,17.6828],[106.403,17.6948],[106.4002,17.6992],[106.395,17.7032],[106.4175,17.713],[106.45,17.7086],[106.4823,17.6964],[106.5044,17.6828],[106.5149,17.6699],[106.5391,17.6275],[106.5659,17.598],[106.6148,17.5187],[106.626,17.4866],[106.6346,17.4704],[106.6384,17.4689],[106.6582,17.4538],[106.6592,17.4499],[106.6636,17.4473],[106.6763,17.4295],[106.7639,17.3355],[106.9466,17.2054],[107.0075,17.1622],[107.0013,17.1579],[106.9026,17.1005],[106.883,17.0799],[106.8568,17.0451],[106.8428,17.0159],[106.8298,16.9953],[106.8169,16.9788],[106.786,16.9663],[106.7491,16.9613],[106.5882,16.9722],[106.5579,16.9593],[106.5336,16.9506],[106.5334,16.9727],[106.5245,16.9892],[106.4968,16.9639],[106.4737,16.9707],[106.4565,16.9736],[106.4372,16.9805],[106.4203,16.9887],[106.4114,16.9957],[106.4114,16.9958],[106.4088,17.0054],[106.404,17.0146],[106.3871,17.0472],[106.3879,17.0517],[106.3944,17.0622],[106.3949,17.068],[106.3846,17.0854],[106.3365,17.1286],[106.3064,17.1765],[106.3008,17.1916],[106.3017,17.202],[106.3098,17.2179],[106.3105,17.2271],[106.307,17.233],[106.2931,17.2469],[106.288,17.2538],[106.2857,17.266],[106.2867,17.2766],[106.2846,17.2848],[106.2726,17.2899],[106.26,17.2892],[106.2548,17.2832],[106.2524,17.2746],[106.2479,17.2662],[106.2334,17.252],[106.2218,17.2449],[106.2073,17.2463],[106.1854,17.2574],[106.0193,17.3945],[105.9323,17.4957],[105.9322,17.4957]]]}},{"type":"Feature","properties":{"id":"VNM-488","name":"Quảng Ngãi","nameBn":"কুয়াং গাই","type":"Province","bounds":[108.2762,14.596,109.0951,15.429],"center":[108.686,14.9971]},"geometry":{"type":"Polygon","coordinates":[[[108.7616,15.3966],[108.766,15.3939],[108.773,15.3868],[108.7746,15.3751],[108.7733,15.3632],[108.7736,15.3513],[108.7798,15.3396],[108.7761,15.3345],[108.7747,15.3314],[108.773,15.3253],[108.7798,15.3253],[108.7813,15.331],[108.7871,15.3459],[108.7941,15.3447],[108.8023,15.3443],[108.8213,15.3459],[108.8213,15.3527],[108.7962,15.3564],[108.7886,15.3742],[108.7956,15.3951],[108.8145,15.4079],[108.8145,15.4147],[108.8084,15.4177],[108.8057,15.4206],[108.8001,15.429],[108.808,15.4252],[108.8147,15.4236],[108.8208,15.4247],[108.8275,15.429],[108.8327,15.4139],[108.839,15.3743],[108.8455,15.3663],[108.8533,15.3626],[108.8775,15.344],[108.8828,15.3362],[108.881,15.2991],[108.8866,15.2862],[108.9121,15.2635],[108.9243,15.2564],[108.9321,15.254],[108.9455,15.2529],[108.9517,15.2502],[108.9436,15.2369],[108.933,15.2272],[108.9198,15.2221],[108.9033,15.2229],[108.9033,15.2155],[108.9133,15.2164],[108.9196,15.2152],[108.9229,15.2108],[108.9243,15.2018],[108.91,15.2093],[108.9054,15.1979],[108.9024,15.1686],[108.8977,15.154],[108.8816,15.1606],[108.8682,15.1597],[108.8625,15.1525],[108.8698,15.1404],[108.876,15.1404],[108.8841,15.1439],[108.8923,15.1413],[108.8975,15.1332],[108.8977,15.1199],[108.9033,15.1199],[108.9038,15.1282],[108.9053,15.1343],[108.91,15.1466],[108.9192,15.0578],[108.9426,14.9796],[109.0056,14.8388],[108.9855,14.8366],[108.9902,14.8306],[109.0125,14.822],[109.0168,14.8131],[109.037,14.7836],[109.0435,14.7773],[109.0808,14.7295],[109.0861,14.7153],[109.0951,14.6674],[109.0867,14.6713],[109.0806,14.6775],[109.0764,14.6856],[109.0773,14.6725],[109.0714,14.6776],[109.0504,14.683],[109.0331,14.6818],[108.9788,14.673],[108.8625,14.6795],[108.8142,14.6733],[108.7921,14.6664],[108.7448,14.6364],[108.7121,14.6223],[108.6669,14.596],[108.6182,14.6406],[108.596,14.6958],[108.5722,14.7841],[108.5602,14.811],[108.5487,14.8256],[108.5347,14.8306],[108.5016,14.8383],[108.4831,14.8455],[108.4648,14.8573],[108.4422,14.8775],[108.429,14.894],[108.3925,14.9643],[108.3511,15.0014],[108.3351,15.0124],[108.2966,15.0481],[108.3265,15.0864],[108.326,15.0965],[108.3218,15.111],[108.294,15.1398],[108.2803,15.16],[108.2762,15.1781],[108.2788,15.1967],[108.2876,15.2124],[108.3129,15.2413],[108.3233,15.257],[108.3364,15.2849],[108.3455,15.2954],[108.3581,15.3058],[108.3714,15.3127],[108.386,15.3159],[108.4856,15.3252],[108.5341,15.337],[108.666,15.3833],[108.6931,15.3886],[108.7353,15.3918],[108.7591,15.3959],[108.7616,15.3966]]]}},{"type":"Feature","properties":{"id":"VNM-429","name":"Quảng Ninh","nameBn":"কুয়াং নিন","type":"Province","bounds":[106.4394,20.7042,107.9983,21.6582],"center":[107.181,21.223]},"geometry":{"type":"MultiPolygon","coordinates":[[[[107.3336,21.6125],[107.3482,21.5994],[107.3829,21.6189],[107.41,21.6454],[107.426,21.6521],[107.4459,21.6469],[107.457,21.6315],[107.461,21.5964],[107.4738,21.5906],[107.4912,21.5841],[107.5013,21.5815],[107.5099,21.5818],[107.5183,21.5874],[107.5265,21.6033],[107.5331,21.6087],[107.551,21.6108],[107.5928,21.6056],[107.6132,21.6056],[107.6719,21.6176],[107.6903,21.6247],[107.7294,21.652],[107.7448,21.6575],[107.7601,21.6582],[107.7779,21.656],[107.8116,21.6478],[107.8324,21.6394],[107.8399,21.6299],[107.8445,21.6175],[107.8555,21.6003],[107.8677,21.5892],[107.8961,21.5694],[107.931,21.5342],[107.9442,21.5308],[107.9912,21.4857],[107.97,21.4758],[107.9486,21.455],[107.9297,21.4426],[107.916,21.4584],[107.9163,21.4682],[107.9212,21.4748],[107.927,21.4793],[107.9297,21.4829],[107.9286,21.4905],[107.926,21.4959],[107.9234,21.4999],[107.9222,21.5031],[107.9187,21.5175],[107.9097,21.5265],[107.8967,21.5316],[107.8819,21.5341],[107.8838,21.5268],[107.8827,21.5225],[107.8751,21.5136],[107.8684,21.5136],[107.8628,21.5302],[107.856,21.5209],[107.8479,21.4931],[107.8359,21.4883],[107.8289,21.4949],[107.8259,21.509],[107.8267,21.5267],[107.8206,21.5267],[107.813,21.5205],[107.813,21.5136],[107.8174,21.5093],[107.8189,21.5063],[107.8206,21.4931],[107.813,21.4931],[107.8069,21.5068],[107.8001,21.4993],[107.7962,21.5195],[107.7835,21.5243],[107.7669,21.5202],[107.7522,21.5136],[107.7522,21.5068],[107.7683,21.5069],[107.7804,21.5031],[107.7886,21.4945],[107.7926,21.4801],[107.7789,21.4857],[107.7811,21.4792],[107.7839,21.4649],[107.7864,21.4584],[107.7756,21.4586],[107.7676,21.4557],[107.7618,21.4508],[107.7586,21.4447],[107.7652,21.4385],[107.7485,21.4112],[107.7303,21.4118],[107.7214,21.4109],[107.7174,21.4075],[107.7115,21.3989],[107.6981,21.3984],[107.6842,21.4033],[107.6765,21.4112],[107.669,21.4112],[107.666,21.4068],[107.6629,21.4038],[107.6629,21.3975],[107.6694,21.3854],[107.6634,21.3781],[107.6502,21.3769],[107.635,21.3832],[107.6373,21.3778],[107.6372,21.3754],[107.6378,21.3737],[107.6423,21.3703],[107.6423,21.3628],[107.6341,21.3586],[107.6312,21.3545],[107.6339,21.3494],[107.6423,21.3423],[107.6358,21.3414],[107.6213,21.3355],[107.6253,21.3337],[107.6267,21.3339],[107.6272,21.3332],[107.6288,21.3287],[107.6241,21.3307],[107.6082,21.3355],[107.6035,21.3105],[107.5992,21.2988],[107.5906,21.2939],[107.5737,21.2947],[107.5623,21.298],[107.554,21.3045],[107.5469,21.315],[107.5426,21.3266],[107.5404,21.3373],[107.5352,21.3454],[107.5223,21.3485],[107.522,21.3443],[107.526,21.3344],[107.5288,21.3232],[107.5252,21.315],[107.5252,21.3076],[107.5374,21.3019],[107.5266,21.2988],[107.5045,21.2984],[107.4841,21.3013],[107.4818,21.3013],[107.4722,21.3037],[107.4617,21.3093],[107.4568,21.3183],[107.4509,21.3205],[107.4153,21.3287],[107.409,21.315],[107.416,21.3085],[107.4431,21.2939],[107.4431,21.2877],[107.4236,21.2796],[107.3916,21.2804],[107.3674,21.2734],[107.3674,21.2666],[107.3733,21.259],[107.3709,21.2534],[107.3648,21.2476],[107.3606,21.2392],[107.3589,21.2031],[107.3543,21.1915],[107.3621,21.1856],[107.3707,21.1816],[107.3796,21.181],[107.3884,21.1846],[107.3823,21.1398],[107.3755,21.1162],[107.3606,21.1021],[107.3663,21.0935],[107.3674,21.0879],[107.3635,21.0844],[107.3543,21.0822],[107.3582,21.0673],[107.3604,21.0524],[107.3644,21.0404],[107.3743,21.0338],[107.3743,21.0276],[107.3577,21.0152],[107.3477,21.01],[107.3338,21.0058],[107.311,21.0053],[107.2923,21.0046],[107.2796,20.9997],[107.2664,21.0043],[107.2453,21.0031],[107.2241,20.9982],[107.2112,20.9923],[107.2163,20.9902],[107.2196,20.9882],[107.2238,20.9866],[107.2311,20.986],[107.2311,20.9792],[107.2149,20.9752],[107.1934,20.9527],[107.197,20.9376],[107.1819,20.9368],[107.1709,20.9336],[107.1609,20.9324],[107.1492,20.9376],[107.1492,20.9308],[107.1338,20.9448],[107.085,20.9514],[107.0661,20.9587],[107.0661,20.9649],[107.0952,21.0005],[107.1492,21.0338],[107.1492,21.0406],[107.136,21.0397],[107.1231,21.0373],[107.1112,21.0331],[107.1013,21.0276],[107.0969,21.0211],[107.0954,21.0141],[107.0925,21.0082],[107.0838,21.0058],[107.0798,21.0091],[107.0811,21.0163],[107.0847,21.0237],[107.0872,21.0276],[107.0828,21.0302],[107.0824,21.031],[107.0803,21.0338],[107.0723,21.0171],[107.0632,21.0093],[107.0576,21.0139],[107.0598,21.0338],[107.053,21.0338],[107.0535,21.023],[107.0525,21.0137],[107.0501,21.0059],[107.0462,20.9997],[107.0469,21.014],[107.0446,21.0251],[107.0379,21.0322],[107.0256,21.0338],[107.0256,21.0276],[107.0291,21.0246],[107.0347,21.0178],[107.0393,21.0134],[107.0361,21.013],[107.0256,21.0134],[107.0393,20.9997],[107.0252,20.9998],[107.0156,21.0043],[106.9978,21.0202],[106.9955,21.0064],[107.0208,20.9864],[107.0256,20.9724],[107.0168,20.9577],[107.001,20.9511],[106.9821,20.9499],[106.9636,20.9512],[106.947,20.9543],[106.9319,20.9594],[106.9192,20.9658],[106.9089,20.9724],[106.8846,20.9932],[106.8734,20.9971],[106.8674,20.986],[106.8635,20.9916],[106.8602,20.9931],[106.8538,20.9923],[106.8828,20.9605],[106.8953,20.9512],[106.9164,20.9411],[106.922,20.9376],[106.9261,20.931],[106.9282,20.9228],[106.9324,20.9152],[106.9431,20.9103],[106.9431,20.9035],[106.9172,20.904],[106.9017,20.9079],[106.8914,20.918],[106.8816,20.9376],[106.8743,20.9376],[106.8755,20.9287],[106.8784,20.9212],[106.8823,20.9151],[106.888,20.9103],[106.8679,20.8827],[106.8599,20.8894],[106.8522,20.91],[106.8333,20.924],[106.8367,20.9291],[106.8355,20.9306],[106.8333,20.9376],[106.8264,20.9376],[106.806,20.9321],[106.7832,20.9426],[106.7725,20.9574],[106.7888,20.9649],[106.8069,20.966],[106.8169,20.9695],[106.8206,20.976],[106.8196,20.986],[106.8128,20.9906],[106.8024,20.9952],[106.7987,21.0019],[106.8122,21.0134],[106.8057,21.0198],[106.7981,21.0248],[106.7893,21.0275],[106.7786,21.0276],[106.7808,21.0241],[106.7832,21.0167],[106.7854,21.0134],[106.7624,21.0153],[106.7461,21.0246],[106.7308,21.0299],[106.7103,21.0202],[106.7103,21.0134],[106.7178,21.0134],[106.7178,21.0058],[106.6803,21.0205],[106.6587,21.0248],[106.6421,21.0202],[106.6507,21.018],[106.6438,21.0176],[106.6053,21.0254],[106.5776,21.0418],[106.4783,21.0526],[106.4569,21.0575],[106.4445,21.0644],[106.4406,21.0742],[106.4394,21.0864],[106.4408,21.0988],[106.4464,21.1076],[106.4569,21.1151],[106.4827,21.1235],[106.4948,21.13],[106.5056,21.1388],[106.5162,21.1499],[106.5333,21.1728],[106.5458,21.1937],[106.7592,21.1617],[106.8244,21.1622],[106.8773,21.1775],[106.924,21.1835],[106.9479,21.1897],[106.9635,21.1983],[106.9724,21.2116],[106.9806,21.2306],[106.9877,21.2517],[106.9986,21.3147],[107.0075,21.3274],[107.0146,21.3352],[107.0653,21.3605],[107.1007,21.364],[107.1274,21.3701],[107.191,21.3933],[107.2148,21.4067],[107.2317,21.422],[107.2423,21.437],[107.2489,21.4565],[107.2491,21.4717],[107.2464,21.4868],[107.2245,21.5278],[107.2331,21.5443],[107.2416,21.556],[107.3336,21.6125]]],[[[107.0803,20.8004],[107.0852,20.7972],[107.0881,20.7944],[107.094,20.7874],[107.0822,20.7894],[107.075,20.796],[107.0661,20.8141],[107.0625,20.8056],[107.0628,20.7983],[107.0667,20.7921],[107.0735,20.7874],[107.0735,20.7806],[107.0603,20.7759],[107.0505,20.7759],[107.0418,20.7799],[107.0319,20.7874],[107.0369,20.7663],[107.0674,20.7497],[107.0735,20.7322],[107.0661,20.7322],[107.0661,20.739],[107.0598,20.739],[107.055,20.7217],[107.0462,20.7042],[107.0462,20.726],[107.0388,20.7235],[107.0359,20.7217],[107.0319,20.7185],[107.0319,20.726],[107.0256,20.7185],[107.0213,20.7236],[107.0182,20.726],[107.0182,20.7322],[107.0393,20.7322],[107.0393,20.739],[107.0353,20.7412],[107.0344,20.7422],[107.0342,20.7434],[107.0319,20.7464],[107.0256,20.7464],[107.0256,20.739],[107.0182,20.739],[107.0148,20.7436],[107.0086,20.7489],[107.0051,20.7532],[106.9978,20.7532],[107.0023,20.7425],[107.0051,20.739],[107.0051,20.7322],[106.9851,20.7453],[106.9624,20.775],[106.95,20.7874],[106.9211,20.8046],[106.9099,20.8185],[106.9129,20.8369],[106.9363,20.8447],[106.9431,20.8489],[106.9468,20.8555],[106.9465,20.8629],[106.9481,20.8703],[106.9574,20.8768],[106.95,20.8693],[106.9636,20.8561],[106.9945,20.8518],[107.0051,20.842],[107.0114,20.842],[107.0125,20.8588],[107.0227,20.8622],[107.036,20.8574],[107.0462,20.8489],[107.0462,20.842],[107.043,20.8314],[107.0549,20.8239],[107.071,20.8203],[107.0803,20.8215],[107.0872,20.8215],[107.091,20.8148],[107.0955,20.809],[107.1008,20.8043],[107.1077,20.8004],[107.0868,20.8051],[107.0803,20.8078],[107.0803,20.8004]]],[[[106.8401,20.8799],[106.8456,20.866],[106.8816,20.8215],[106.8865,20.7961],[106.8735,20.7895],[106.8562,20.7929],[106.8475,20.7973],[106.8425,20.8136],[106.8225,20.8535],[106.8196,20.8768],[106.8142,20.8681],[106.8127,20.8593],[106.8146,20.8505],[106.8196,20.842],[106.8122,20.842],[106.7993,20.8497],[106.7839,20.8524],[106.7707,20.8586],[106.7656,20.8768],[106.7736,20.905],[106.7854,20.9308],[106.8246,20.9152],[106.8359,20.9024],[106.8401,20.8799]]],[[[107.5254,20.9103],[107.5496,20.9561],[107.5532,20.9724],[107.5564,20.9692],[107.558,20.9661],[107.5594,20.9587],[107.5535,20.9359],[107.5452,20.9191],[107.4978,20.8532],[107.4917,20.842],[107.4846,20.8217],[107.4772,20.8145],[107.4639,20.8141],[107.4802,20.8495],[107.4819,20.8654],[107.4707,20.8768],[107.4707,20.883],[107.4915,20.8838],[107.5056,20.8874],[107.5161,20.8957],[107.5254,20.9103]]],[[[107.7451,21.0202],[107.7581,21.0166],[107.7928,20.9923],[107.7928,20.986],[107.7824,20.9899],[107.7791,20.9923],[107.773,20.9923],[107.778,20.9726],[107.7708,20.9572],[107.7561,20.9457],[107.7383,20.9376],[107.7572,20.971],[107.7588,20.9826],[107.7534,20.9887],[107.7434,20.9941],[107.7376,21.0032],[107.7451,21.0202]]],[[[107.5327,21.0202],[107.5464,21.0349],[107.5523,21.0382],[107.5584,21.0347],[107.5545,21.0216],[107.5391,20.986],[107.5288,20.9509],[107.5222,20.9364],[107.5117,20.924],[107.4976,20.9163],[107.4815,20.9125],[107.457,20.9103],[107.4121,20.8995],[107.395,20.8973],[107.395,20.9035],[107.4243,20.9154],[107.4512,20.93],[107.4743,20.9467],[107.4917,20.9649],[107.489,20.9761],[107.4924,20.9914],[107.5047,21.0202],[107.509,21.0174],[107.5198,21.0134],[107.5226,21.0223],[107.5327,21.0406],[107.5327,21.0202]]],[[[107.6213,21.116],[107.6283,21.1202],[107.6321,21.1188],[107.6318,21.112],[107.596,21.0391],[107.5896,21.0081],[107.5796,20.9831],[107.5594,20.986],[107.5701,20.9899],[107.5715,20.9962],[107.5689,21.005],[107.5669,21.0167],[107.5701,21.0267],[107.5842,21.0397],[107.5874,21.0509],[107.589,21.0733],[107.5911,21.0818],[107.5942,21.0891],[107.5979,21.094],[107.6213,21.116]]],[[[107.5806,21.212],[107.6032,21.2193],[107.6062,21.2174],[107.6016,21.2051],[107.5903,21.1931],[107.5574,21.1718],[107.5471,21.1567],[107.5391,21.1567],[107.5242,21.16],[107.5042,21.1397],[107.4707,21.0959],[107.4596,21.0902],[107.4353,21.0814],[107.4229,21.0748],[107.3887,21.0475],[107.3729,21.0596],[107.3796,21.0819],[107.3943,21.1068],[107.4025,21.1266],[107.4045,21.1381],[107.4134,21.1663],[107.4183,21.1967],[107.4251,21.1968],[107.4324,21.1885],[107.4353,21.1893],[107.4364,21.1977],[107.4412,21.2033],[107.4502,21.2051],[107.4458,21.2121],[107.4448,21.2275],[107.4465,21.2532],[107.4491,21.2653],[107.4517,21.2715],[107.4553,21.2757],[107.4592,21.2772],[107.4631,21.2774],[107.4671,21.2765],[107.4714,21.2745],[107.4816,21.2668],[107.5047,21.2392],[107.5114,21.2348],[107.5181,21.2336],[107.5232,21.2309],[107.5254,21.2222],[107.5256,21.214],[107.5266,21.208],[107.529,21.2033],[107.5327,21.1989],[107.5391,21.1989],[107.5459,21.2027],[107.5806,21.212]]],[[[107.8135,21.3605],[107.8156,21.3581],[107.8182,21.3541],[107.8193,21.3502],[107.8171,21.3485],[107.8093,21.3472],[107.7114,21.3076],[107.7144,21.3101],[107.7258,21.3235],[107.7839,21.3563],[107.8003,21.3625],[107.8135,21.3605]]],[[[107.8687,21.3901],[107.9983,21.4038],[107.9983,21.3975],[107.9595,21.3738],[107.9442,21.3681],[107.9362,21.3764],[107.9299,21.3764],[107.9224,21.3726],[107.8543,21.3504],[107.8412,21.3485],[107.8436,21.3588],[107.8482,21.3703],[107.8535,21.3603],[107.855,21.3559],[107.8594,21.3641],[107.8652,21.3701],[107.8728,21.3742],[107.8522,21.3753],[107.8269,21.3703],[107.8269,21.3764],[107.8601,21.3862],[107.8687,21.3901]]],[[[107.3696,20.8259],[107.3812,20.8189],[107.3845,20.8128],[107.3836,20.7993],[107.3802,20.7976],[107.3753,20.8039],[107.3689,20.8072],[107.3608,20.8059],[107.3503,20.8109],[107.3421,20.8284],[107.3411,20.8426],[107.345,20.8425],[107.3571,20.8293],[107.3696,20.8259]]],[[[107.3822,20.8879],[107.3923,20.8847],[107.3952,20.8786],[107.3928,20.8746],[107.3899,20.8718],[107.3899,20.8695],[107.39,20.8674],[107.3879,20.865],[107.3745,20.8593],[107.3677,20.8584],[107.3611,20.8597],[107.3542,20.8647],[107.3435,20.8773],[107.3406,20.8754],[107.3355,20.8769],[107.3325,20.8833],[107.3338,20.8883],[107.3392,20.8904],[107.346,20.8882],[107.3513,20.8859],[107.3555,20.8871],[107.366,20.8884],[107.3822,20.8879]]],[[[107.8257,21.025],[107.8421,21.0356],[107.8563,21.0333],[107.8528,21.0199],[107.8444,21.0119],[107.8274,20.9891],[107.8177,20.9883],[107.8166,21.0058],[107.8257,21.025]]]]}},{"type":"Feature","properties":{"id":"VNM-489","name":"Quảng Trị","nameBn":"কুয়াং ত্রি","type":"Province","bounds":[106.5336,16.2908,107.4116,17.1622],"center":[106.973,16.7204]},"geometry":{"type":"Polygon","coordinates":[[[106.6929,16.4279],[106.6707,16.4444],[106.6552,16.4708],[106.6412,16.5104],[106.6397,16.5218],[106.6443,16.5753],[106.6402,16.5866],[106.6249,16.5935],[106.6116,16.5946],[106.5914,16.6025],[106.5724,16.6136],[106.5498,16.6378],[106.5407,16.6591],[106.5351,16.6835],[106.5336,16.9506],[106.5579,16.9593],[106.5882,16.9722],[106.7491,16.9613],[106.786,16.9663],[106.8169,16.9788],[106.8298,16.9953],[106.8428,17.0159],[106.8568,17.0451],[106.883,17.0799],[106.9026,17.1005],[107.0013,17.1579],[107.0075,17.1622],[107.1118,17.0883],[107.1272,17.0598],[107.1213,17.0185],[107.1326,17.0098],[107.1865,16.9344],[107.2007,16.9263],[107.2039,16.9193],[107.2007,16.9143],[107.1936,16.9111],[107.1865,16.9066],[107.1834,16.8981],[107.1774,16.8939],[107.1418,16.8746],[107.1418,16.8677],[107.1672,16.8676],[107.179,16.8695],[107.1902,16.8746],[107.1914,16.8792],[107.19,16.8862],[107.1895,16.8923],[107.2075,16.905],[107.2165,16.9079],[107.2234,16.9014],[107.2293,16.8922],[107.2345,16.8876],[107.2493,16.88],[107.3787,16.7734],[107.4116,16.75],[107.4072,16.7409],[107.3384,16.6467],[107.3091,16.6196],[107.2879,16.6063],[107.2688,16.6001],[107.1741,16.5875],[107.1296,16.5741],[107.1146,16.5643],[107.1083,16.5534],[107.1107,16.5347],[107.119,16.516],[107.1305,16.5],[107.1417,16.4893],[107.1609,16.4764],[107.1668,16.4712],[107.167,16.4641],[107.1619,16.4539],[107.1257,16.4125],[107.0815,16.3746],[107.0689,16.3571],[107.0626,16.3439],[107.0677,16.2976],[107.068,16.2911],[107.068,16.2908],[107.0534,16.2952],[107.0143,16.2994],[106.9802,16.2983],[106.9673,16.2999],[106.9566,16.3071],[106.9541,16.3138],[106.9507,16.3363],[106.946,16.3461],[106.9395,16.3517],[106.915,16.3647],[106.8977,16.3785],[106.8884,16.3909],[106.8763,16.418],[106.8728,16.4173],[106.8665,16.414],[106.8599,16.4118],[106.8559,16.4147],[106.8559,16.4203],[106.8582,16.4246],[106.8614,16.4279],[106.8626,16.4306],[106.8668,16.4639],[106.8641,16.5041],[106.8467,16.5301],[106.8229,16.531],[106.8014,16.4961],[106.7973,16.4795],[106.7861,16.4691],[106.7591,16.4525],[106.7546,16.4443],[106.7544,16.4366],[106.7525,16.429],[106.7515,16.4283],[106.7424,16.4215],[106.7325,16.4176],[106.7257,16.4171],[106.7226,16.4216],[106.7227,16.4325],[106.6929,16.4279]]]}},{"type":"Feature","properties":{"id":"VNM-455","name":"Son La","nameBn":"সন লা","type":"Region","bounds":[103.2242,20.5741,105.0931,22.042],"center":[104.159,21.3011]},"geometry":{"type":"Polygon","coordinates":[[[104.2211,20.892],[104.2175,20.897],[104.2071,20.9176],[104.2013,20.9254],[104.1939,20.9299],[104.1654,20.9398],[104.1548,20.9413],[104.1321,20.9417],[104.1226,20.9432],[104.1142,20.947],[104.0992,20.9577],[104.0923,20.9612],[104.0567,20.9588],[104.0106,20.9081],[103.974,20.9023],[103.9623,20.9027],[103.9522,20.9003],[103.9321,20.8918],[103.8586,20.8696],[103.8505,20.8648],[103.8358,20.8523],[103.8268,20.8477],[103.8167,20.8469],[103.7964,20.8495],[103.7853,20.846],[103.7756,20.8349],[103.7652,20.8163],[103.7567,20.796],[103.753,20.7799],[103.7552,20.7594],[103.7586,20.7497],[103.7546,20.7429],[103.7344,20.7309],[103.722,20.7268],[103.7134,20.7258],[103.7072,20.7218],[103.7024,20.7087],[103.7036,20.6993],[103.7138,20.6798],[103.7143,20.6717],[103.7085,20.6668],[103.6976,20.6615],[103.6854,20.6577],[103.6763,20.6565],[103.6654,20.6583],[103.6611,20.6608],[103.6579,20.6647],[103.636,20.6828],[103.5974,20.7224],[103.5779,20.7329],[103.5161,20.7453],[103.5161,20.7455],[103.506,20.746],[103.4973,20.7483],[103.4894,20.7525],[103.4816,20.7579],[103.4709,20.7709],[103.4526,20.8043],[103.4404,20.8157],[103.4266,20.8207],[103.4213,20.8181],[103.4183,20.8118],[103.4112,20.8056],[103.3909,20.7948],[103.3891,20.7943],[103.3638,20.7876],[103.3583,20.7877],[103.3477,20.7891],[103.3198,20.7979],[103.2634,20.8264],[103.2471,20.8307],[103.2381,20.8299],[103.2258,20.8264],[103.2258,20.8267],[103.2258,20.8298],[103.2242,20.8575],[103.2283,20.8905],[103.2404,20.9279],[103.2441,20.9634],[103.2486,20.9775],[103.2576,20.9889],[103.279,21.0013],[103.2877,21.011],[103.2915,21.0249],[103.2903,21.0434],[103.2867,21.0589],[103.2855,21.07],[103.2877,21.078],[103.295,21.0831],[103.3054,21.084],[103.3184,21.0809],[103.3311,21.0738],[103.3454,21.0631],[103.3618,21.0558],[103.3799,21.0525],[103.3997,21.0524],[103.4171,21.0549],[103.431,21.0615],[103.4377,21.0728],[103.436,21.0931],[103.4214,21.1303],[103.4186,21.1459],[103.4213,21.1601],[103.4403,21.1998],[103.4472,21.2282],[103.4498,21.2666],[103.4464,21.2895],[103.439,21.3051],[103.4019,21.3323],[103.3951,21.3424],[103.393,21.3535],[103.3963,21.3672],[103.3934,21.3773],[103.3872,21.3826],[103.3799,21.3874],[103.3763,21.3954],[103.3778,21.4061],[103.3859,21.4187],[103.3969,21.4275],[103.4357,21.4434],[103.4455,21.4525],[103.454,21.4653],[103.4591,21.4878],[103.4663,21.505],[103.4808,21.5243],[103.5261,21.5611],[103.5462,21.5848],[103.5616,21.6105],[103.5687,21.6423],[103.5693,21.674],[103.557,21.7535],[103.5504,21.8869],[103.5358,21.9634],[103.5356,21.9828],[103.5406,21.9991],[103.5694,22.0336],[103.6055,22.042],[103.6184,22.0365],[103.6349,22.0242],[103.648,22.004],[103.6917,21.8944],[103.711,21.8612],[103.8348,21.733],[103.8565,21.7159],[103.8779,21.7092],[103.896,21.7121],[103.9253,21.7198],[104.0164,21.6852],[104.1698,21.6593],[104.2038,21.6607],[104.2321,21.6697],[104.2704,21.6995],[104.288,21.708],[104.3072,21.7097],[104.3267,21.6999],[104.3422,21.6848],[104.3498,21.671],[104.3495,21.6536],[104.3284,21.5997],[104.3177,21.5636],[104.3118,21.5253],[104.311,21.4955],[104.3163,21.4684],[104.3284,21.4442],[104.3571,21.4164],[104.4459,21.3679],[104.4697,21.3623],[104.4909,21.3657],[104.5582,21.4045],[104.5823,21.4132],[104.6037,21.4134],[104.6252,21.4059],[104.6527,21.3904],[104.6736,21.3826],[104.6906,21.3814],[104.721,21.3909],[104.7356,21.391],[104.7478,21.3841],[104.7579,21.3693],[104.7661,21.3529],[104.7794,21.3348],[104.7955,21.3278],[104.8099,21.3259],[104.8285,21.3296],[104.8658,21.2502],[104.8757,21.2043],[104.8717,21.149],[104.8736,21.1376],[104.8782,21.1296],[104.8951,21.1168],[104.9086,21.1014],[104.8817,21.0615],[104.88,21.046],[104.8807,21.039],[104.8801,21.0225],[104.8918,21.0087],[104.9036,20.9903],[104.9135,20.9638],[104.9967,20.8771],[105.0044,20.8731],[105.0137,20.8604],[105.0867,20.8132],[105.0909,20.8074],[105.0931,20.7943],[105.0888,20.7928],[105.0813,20.7831],[105.0771,20.7722],[105.0523,20.7685],[105.0478,20.7629],[105.0329,20.7496],[105.0135,20.7391],[104.9944,20.7329],[104.9739,20.7299],[104.8865,20.7342],[104.8704,20.7329],[104.8574,20.7279],[104.8475,20.7174],[104.8397,20.6967],[104.8383,20.6551],[104.8429,20.6257],[104.8101,20.5904],[104.7952,20.5824],[104.7763,20.575],[104.7598,20.5741],[104.744,20.5776],[104.7277,20.5853],[104.6919,20.6105],[104.6765,20.6242],[104.6431,20.6423],[104.6141,20.6426],[104.6152,20.6465],[104.6007,20.6605],[104.5439,20.6787],[104.4923,20.7021],[104.4757,20.7182],[104.4662,20.7496],[104.4526,20.7636],[104.4322,20.7658],[104.4093,20.7652],[104.3891,20.771],[104.3817,20.7784],[104.3734,20.7957],[104.368,20.8031],[104.3603,20.8081],[104.3447,20.8137],[104.3363,20.819],[104.3232,20.8339],[104.3072,20.8646],[104.2953,20.8798],[104.2879,20.8858],[104.2789,20.8915],[104.2691,20.8962],[104.26,20.8989],[104.2506,20.8983],[104.228,20.8923],[104.2211,20.892]]]}},{"type":"Feature","properties":{"id":"VNM-508","name":"Sóc Trăng","nameBn":"সখ তাং","type":"Province","bounds":[105.5693,8.6511,106.6687,9.9167],"center":[105.9,9.5614]},"geometry":{"type":"MultiPolygon","coordinates":[[[[106.2107,9.6209],[106.2234,9.6085],[106.2793,9.5957],[106.292,9.5864],[106.2907,9.5614],[106.2844,9.5437],[106.27,9.5345],[106.2442,9.535],[106.2442,9.5412],[106.2492,9.5601],[106.2341,9.5814],[106.2124,9.5998],[106.197,9.6101],[106.1896,9.6038],[106.2046,9.5853],[106.2214,9.5725],[106.2266,9.5652],[106.207,9.5629],[106.1966,9.5717],[106.1624,9.6243],[106.1374,9.6544],[106.126,9.6724],[106.1213,9.6892],[106.1177,9.7109],[106.1087,9.7266],[106.0872,9.7546],[106.0934,9.7609],[106.0957,9.7558],[106.099,9.7527],[106.1071,9.7472],[106.1554,9.6789],[106.2034,9.6321],[106.2107,9.6209]]],[[[105.9021,9.9167],[106.0735,9.748],[106.0798,9.7308],[106.0835,9.7131],[106.0929,9.6929],[106.197,9.5412],[106.2036,9.5268],[106.2078,9.5115],[106.2107,9.47],[106.2058,9.4573],[106.1692,9.4182],[106.1789,9.4084],[106.1878,9.4045],[106.1946,9.399],[106.197,9.3847],[106.1934,9.3693],[106.1839,9.3622],[106.1554,9.3568],[106.0182,9.3153],[105.8683,9.2547],[105.8334,9.3638],[105.823,9.378],[105.8018,9.3907],[105.7859,9.3941],[105.7729,9.3923],[105.751,9.3821],[105.736,9.3799],[105.6924,9.3839],[105.6717,9.3895],[105.6565,9.396],[105.6353,9.411],[105.6256,9.4143],[105.5997,9.418],[105.5864,9.4402],[105.5776,9.4593],[105.5693,9.6104],[105.6741,9.6409],[105.793,9.7124],[105.8075,9.7169],[105.8204,9.7192],[105.8263,9.7237],[105.8294,9.7302],[105.83,9.7427],[105.8322,9.7548],[105.9021,9.9167]]],[[[106.6626,8.7398],[106.6392,8.7375],[106.6395,8.7265],[106.6497,8.7119],[106.6558,8.6989],[106.6431,8.7038],[106.6326,8.7033],[106.6226,8.7005],[106.6111,8.6989],[106.6023,8.6947],[106.6004,8.685],[106.6011,8.6737],[106.6004,8.6647],[106.6013,8.6601],[106.603,8.6557],[106.5993,8.6524],[106.5833,8.6511],[106.5784,8.6555],[106.5628,8.6757],[106.5596,8.6818],[106.571,8.706],[106.598,8.7323],[106.6306,8.7546],[106.6584,8.7667],[106.6626,8.7651],[106.666,8.7632],[106.6682,8.7597],[106.6687,8.7535],[106.6659,8.7529],[106.6558,8.7535],[106.6608,8.7474],[106.6618,8.7445],[106.6626,8.7398]]]]}},{"type":"Feature","properties":{"id":"VNM-456","name":"Thanh Hóa","nameBn":"থাহ্ন হোয়া","type":"Province","bounds":[104.3598,19.2743,106.0706,20.6426],"center":[105.215,20.0917]},"geometry":{"type":"Polygon","coordinates":[[[104.4958,20.5119],[104.5207,20.5193],[104.5426,20.5357],[104.6072,20.6191],[104.6141,20.6426],[104.6431,20.6423],[104.6765,20.6242],[104.6919,20.6105],[104.7277,20.5853],[104.744,20.5776],[104.7598,20.5741],[104.7763,20.575],[104.7952,20.5824],[104.8101,20.5904],[104.8429,20.6257],[104.874,20.6193],[104.9198,20.5976],[104.9392,20.5909],[105.0667,20.5754],[105.086,20.5761],[105.1153,20.5875],[105.138,20.5908],[105.1521,20.5865],[105.1648,20.5769],[105.1969,20.5334],[105.2131,20.5187],[105.3088,20.4563],[105.4554,20.3859],[105.4913,20.3737],[105.5163,20.3675],[105.5426,20.3671],[105.7549,20.1966],[105.8195,20.1556],[105.8618,20.1344],[105.9189,20.1189],[105.9445,20.1032],[105.9644,20.0884],[105.9826,20.0782],[105.9998,20.0733],[106.0338,20.0703],[106.0499,20.067],[106.06,20.0602],[106.0675,20.0508],[106.0702,20.0411],[106.0706,20.0337],[106.0684,20.0278],[106.0645,20.0227],[106.059,20.0176],[106.0345,20.0001],[106.0342,19.9961],[106.0342,19.9957],[106.0319,19.9992],[106.0252,19.9992],[106.0198,19.986],[106.0083,19.9735],[105.9644,19.9353],[105.9556,19.9255],[105.9495,19.9103],[105.9495,19.9008],[105.9566,19.8852],[105.9568,19.8756],[105.9358,19.8483],[105.9321,19.8334],[105.9323,19.8054],[105.9289,19.7936],[105.9258,19.7974],[105.9153,19.8073],[105.9089,19.7969],[105.8947,19.7873],[105.8674,19.7732],[105.8737,19.7657],[105.887,19.7716],[105.9155,19.7745],[105.9289,19.78],[105.9233,19.7668],[105.9054,19.7438],[105.9016,19.7282],[105.8953,19.7213],[105.8811,19.7222],[105.867,19.7211],[105.8606,19.708],[105.856,19.6916],[105.8335,19.6581],[105.8259,19.6422],[105.8241,19.6266],[105.8239,19.5989],[105.819,19.5876],[105.8176,19.61],[105.8039,19.613],[105.7909,19.6035],[105.7918,19.5876],[105.7957,19.5946],[105.803,19.6029],[105.8054,19.6087],[105.8106,19.5996],[105.8132,19.5897],[105.8137,19.579],[105.8147,19.5744],[105.819,19.5739],[105.8193,19.5367],[105.8081,19.4608],[105.8128,19.4232],[105.7986,19.4306],[105.7849,19.4033],[105.7713,19.4095],[105.7713,19.4033],[105.7826,19.3944],[105.7869,19.383],[105.7918,19.3549],[105.8101,19.3215],[105.8128,19.307],[105.7918,19.3207],[105.7942,19.3109],[105.7986,19.2996],[105.8059,19.3022],[105.8108,19.2996],[105.8088,19.2802],[105.8062,19.2743],[105.7636,19.2939],[105.7,19.3025],[105.687,19.3095],[105.6322,19.3622],[105.612,19.3756],[105.5976,19.3816],[105.5864,19.3879],[105.5766,19.3971],[105.551,19.4358],[105.5344,19.4542],[105.5068,19.4703],[105.4837,19.4738],[105.4363,19.4691],[105.4161,19.4732],[105.4009,19.484],[105.3706,19.5251],[105.3568,19.5403],[105.3424,19.5482],[105.3289,19.5496],[105.3174,19.5459],[105.3075,19.538],[105.2857,19.5166],[105.277,19.5142],[105.2717,19.5194],[105.2706,19.5368],[105.2726,19.5781],[105.2706,19.5988],[105.2622,19.62],[105.2474,19.6388],[105.1901,19.6875],[105.1681,19.714],[105.1466,19.7579],[105.1382,19.7868],[105.1361,19.8111],[105.14,19.8275],[105.1477,19.8412],[105.1725,19.8655],[105.1796,19.8782],[105.1796,19.891],[105.1691,19.9045],[105.1518,19.9149],[105.0925,19.9308],[105.063,19.9415],[105.0144,19.9697],[104.9629,19.9884],[104.9457,19.9924],[104.9495,19.9955],[104.9532,20.0093],[104.9515,20.0215],[104.9483,20.0337],[104.9464,20.0522],[104.9437,20.0609],[104.944,20.0671],[104.9475,20.0695],[104.9612,20.0721],[104.9644,20.0761],[104.9569,20.0918],[104.9184,20.1157],[104.9049,20.1346],[104.9034,20.1571],[104.909,20.1678],[104.908,20.1753],[104.8192,20.221],[104.7788,20.219],[104.7336,20.2048],[104.6908,20.1965],[104.6571,20.2127],[104.653,20.2258],[104.652,20.2461],[104.6535,20.2665],[104.6574,20.2796],[104.6658,20.2857],[104.6741,20.2853],[104.6819,20.2875],[104.6886,20.301],[104.6893,20.31],[104.6877,20.3217],[104.6846,20.333],[104.6809,20.341],[104.6664,20.3518],[104.6284,20.3658],[104.6123,20.3767],[104.5894,20.4068],[104.5755,20.4141],[104.4324,20.4111],[104.3915,20.4207],[104.3598,20.4397],[104.3664,20.4585],[104.4237,20.4954],[104.4238,20.4954],[104.445,20.5346],[104.4697,20.5162],[104.4958,20.5119]]]}},{"type":"Feature","properties":{"id":"VNM-471","name":"Thái Bình","nameBn":"তাই বিন","type":"Province","bounds":[106.1124,20.2642,106.6284,20.7193],"center":[106.371,20.5303]},"geometry":{"type":"Polygon","coordinates":[[[106.5936,20.6467],[106.5994,20.6384],[106.6143,20.6223],[106.6194,20.6186],[106.624,20.6188],[106.6272,20.6166],[106.6284,20.6059],[106.6275,20.6001],[106.6248,20.5946],[106.6213,20.5904],[106.6047,20.5844],[106.5825,20.5652],[106.5186,20.541],[106.5361,20.5316],[106.5506,20.5324],[106.5799,20.5472],[106.5799,20.541],[106.5677,20.5249],[106.5749,20.5107],[106.5845,20.496],[106.5799,20.4783],[106.5737,20.4771],[106.5454,20.4676],[106.5425,20.4653],[106.537,20.4621],[106.5298,20.4544],[106.5232,20.4452],[106.5186,20.4373],[106.5247,20.4373],[106.5381,20.4462],[106.5617,20.4551],[106.5842,20.4578],[106.5942,20.4482],[106.5906,20.4047],[106.5842,20.3818],[106.5731,20.3685],[106.568,20.3781],[106.5664,20.3827],[106.5667,20.3789],[106.5657,20.3765],[106.5633,20.3755],[106.5596,20.3759],[106.5776,20.359],[106.5798,20.3502],[106.5838,20.338],[106.5855,20.3223],[106.5885,20.3033],[106.5926,20.2754],[106.5817,20.2642],[106.5596,20.2865],[106.55,20.299],[106.537,20.3091],[106.5217,20.3135],[106.5044,20.3083],[106.4981,20.3083],[106.5029,20.3005],[106.5013,20.2996],[106.4927,20.2903],[106.4872,20.2865],[106.4811,20.2842],[106.4749,20.2832],[106.4621,20.2833],[106.4553,20.2845],[106.4502,20.2873],[106.4098,20.3164],[106.3948,20.333],[106.3865,20.3405],[106.3549,20.3556],[106.3494,20.3645],[106.3345,20.3657],[106.323,20.3608],[106.3024,20.3415],[106.2915,20.3343],[106.2783,20.3296],[106.2676,20.3316],[106.2642,20.3441],[106.2683,20.3569],[106.2749,20.3675],[106.28,20.3785],[106.2795,20.3926],[106.2723,20.4062],[106.2617,20.411],[106.234,20.4097],[106.2196,20.4137],[106.2141,20.4244],[106.2142,20.4387],[106.2181,20.4613],[106.2178,20.4686],[106.2147,20.4749],[106.2083,20.4801],[106.2019,20.4826],[106.1956,20.4843],[106.1896,20.4865],[106.1845,20.4909],[106.1777,20.5038],[106.1723,20.5327],[106.1678,20.5464],[106.1585,20.558],[106.1367,20.5752],[106.1303,20.5888],[106.128,20.6169],[106.1253,20.6251],[106.1124,20.6316],[106.1129,20.6496],[106.1247,20.6595],[106.1387,20.6668],[106.1536,20.6688],[106.2065,20.6672],[106.2215,20.6727],[106.2334,20.6785],[106.2574,20.6959],[106.4172,20.7193],[106.431,20.6708],[106.4487,20.6282],[106.4599,20.6093],[106.469,20.6007],[106.4757,20.6016],[106.4883,20.6065],[106.4948,20.6079],[106.52,20.6073],[106.5288,20.6087],[106.5373,20.6124],[106.5438,20.6181],[106.5469,20.6239],[106.5486,20.6297],[106.551,20.6341],[106.5553,20.6379],[106.5615,20.64],[106.5823,20.644],[106.5908,20.6475],[106.5936,20.6467]]]}},{"type":"Feature","properties":{"id":"VNM-452","name":"Thái Nguyên","nameBn":"তৈইয়ূআন","type":"Province","bounds":[105.518,21.3281,106.2567,22.0331],"center":[105.887,21.5812]},"geometry":{"type":"Polygon","coordinates":[[[105.5777,21.5438],[105.5552,21.5571],[105.5457,21.5671],[105.5371,21.5787],[105.5223,21.6076],[105.5183,21.6355],[105.518,21.6718],[105.5344,21.8668],[105.5498,21.9122],[105.5575,21.9509],[105.5844,21.957],[105.608,21.9901],[105.6269,22.0104],[105.6451,22.0195],[105.6837,22.0307],[105.6998,22.0331],[105.7172,22.0303],[105.7349,22.0197],[105.7521,22.005],[105.7653,21.9905],[105.7729,21.9778],[105.7757,21.9657],[105.7762,21.9556],[105.7779,21.945],[105.7813,21.935],[105.7836,21.9248],[105.7834,21.912],[105.7799,21.8976],[105.7789,21.8819],[105.7841,21.8579],[105.7853,21.8378],[105.7871,21.8277],[105.7951,21.807],[105.7976,21.7965],[105.8007,21.7877],[105.8069,21.78],[105.8137,21.7793],[105.8207,21.784],[105.8264,21.7934],[105.832,21.8043],[105.8392,21.8142],[105.8505,21.8196],[105.8651,21.8217],[105.8829,21.8225],[105.8994,21.826],[105.9155,21.8347],[105.9629,21.8717],[105.9782,21.8795],[106.0015,21.8878],[106.0078,21.8933],[106.019,21.9122],[106.0262,21.9214],[106.0359,21.928],[106.051,21.9337],[106.0623,21.9393],[106.114,21.9481],[106.1177,21.8981],[106.1248,21.8717],[106.1365,21.8459],[106.1385,21.8336],[106.1384,21.812],[106.1419,21.8053],[106.1481,21.802],[106.1563,21.801],[106.1681,21.7957],[106.1814,21.7854],[106.2533,21.6951],[106.2567,21.6849],[106.255,21.6772],[106.2308,21.6573],[106.2082,21.6313],[106.1675,21.5708],[106.1613,21.6026],[106.1553,21.611],[106.1438,21.621],[106.127,21.6257],[106.0666,21.6329],[106.0504,21.6327],[106.0415,21.6284],[106.0387,21.6202],[106.04,21.6088],[106.0719,21.5026],[106.0722,21.482],[106.0671,21.4614],[106.0514,21.434],[106.0355,21.4195],[106.0189,21.4123],[106.0024,21.4117],[105.9906,21.4135],[105.9804,21.413],[105.9711,21.4088],[105.9208,21.3281],[105.8952,21.3339],[105.8484,21.3636],[105.805,21.3731],[105.7918,21.3723],[105.785,21.3707],[105.7721,21.3625],[105.7642,21.3849],[105.7558,21.4005],[105.74,21.4176],[105.6361,21.4889],[105.5777,21.5438]]]}},{"type":"Feature","properties":{"id":"VNM-490","name":"Thừa Thiên - Huế","nameBn":"থুুয়া থিয়েন-হু","type":"Province","bounds":[107.0626,16.0141,108.2044,16.75],"center":[107.634,16.312]},"geometry":{"type":"Polygon","coordinates":[[[107.136,16.1848],[107.1333,16.1882],[107.1275,16.201],[107.1169,16.2546],[107.1083,16.2675],[107.0891,16.2811],[107.0706,16.29],[107.068,16.2908],[107.068,16.2911],[107.0677,16.2976],[107.0626,16.3439],[107.0689,16.3571],[107.0815,16.3746],[107.1257,16.4125],[107.1619,16.4539],[107.167,16.4641],[107.1668,16.4712],[107.1609,16.4764],[107.1417,16.4893],[107.1305,16.5],[107.119,16.516],[107.1107,16.5347],[107.1083,16.5534],[107.1146,16.5643],[107.1296,16.5741],[107.1741,16.5875],[107.2688,16.6001],[107.2879,16.6063],[107.3091,16.6196],[107.3384,16.6467],[107.4072,16.7409],[107.4116,16.75],[107.4978,16.689],[107.6047,16.5957],[107.6353,16.5872],[107.6353,16.5798],[107.596,16.5905],[107.4736,16.6531],[107.4434,16.648],[107.5198,16.6064],[107.544,16.6006],[107.5549,16.5966],[107.564,16.5827],[107.5746,16.58],[107.5862,16.5817],[107.5942,16.5872],[107.6016,16.5766],[107.6111,16.5693],[107.6353,16.5593],[107.6353,16.5518],[107.6245,16.5571],[107.6216,16.5593],[107.6146,16.5593],[107.6125,16.5559],[107.6108,16.5526],[107.6084,16.545],[107.6231,16.5444],[107.6367,16.5459],[107.6631,16.5518],[107.657,16.5455],[107.6526,16.5387],[107.6497,16.5309],[107.6489,16.5214],[107.6526,16.5224],[107.6598,16.5131],[107.6653,16.5019],[107.6631,16.4972],[107.6729,16.4973],[107.678,16.5014],[107.6817,16.5077],[107.6867,16.5146],[107.6971,16.5201],[107.7031,16.5144],[107.7072,16.5045],[107.7114,16.4972],[107.7495,16.4722],[107.7588,16.4631],[107.7817,16.4276],[107.8,16.4157],[107.8216,16.3875],[107.8412,16.3798],[107.8389,16.3769],[107.8335,16.3742],[107.8269,16.3737],[107.8205,16.3765],[107.8142,16.3812],[107.8069,16.3854],[107.7966,16.3874],[107.7944,16.3792],[107.8071,16.3227],[107.8123,16.3132],[107.8241,16.3048],[107.8482,16.2917],[107.855,16.2917],[107.864,16.2978],[107.8726,16.2959],[107.8789,16.2886],[107.8822,16.2781],[107.8914,16.2842],[107.8965,16.2781],[107.9331,16.3054],[107.9375,16.3121],[107.9309,16.3434],[107.9299,16.3532],[107.9452,16.3568],[107.9904,16.3248],[108.012,16.319],[108.0205,16.3252],[108.0252,16.3344],[108.031,16.3427],[108.043,16.3464],[108.0438,16.3399],[108.0535,16.3054],[108.0618,16.2882],[108.0945,16.2365],[108.0659,16.2572],[108.052,16.2621],[108.0461,16.2474],[108.054,16.236],[108.072,16.2289],[108.0907,16.2269],[108.1013,16.2303],[108.1082,16.2303],[108.1263,16.2225],[108.1512,16.217],[108.1787,16.2147],[108.2044,16.2167],[108.2001,16.2116],[108.1992,16.2113],[108.1328,16.2016],[108.0842,16.2076],[108.0419,16.2209],[108.0223,16.2231],[107.9727,16.2206],[107.9531,16.2159],[107.9362,16.2023],[107.9208,16.1796],[107.8859,16.1125],[107.8562,16.0876],[107.8353,16.0934],[107.8217,16.0925],[107.8025,16.0843],[107.7844,16.071],[107.7577,16.0428],[107.7382,16.0177],[107.7299,16.0141],[107.7217,16.0169],[107.709,16.0344],[107.6879,16.0773],[107.677,16.0882],[107.6623,16.0914],[107.6407,16.0834],[107.6126,16.0637],[107.5971,16.0562],[107.5763,16.0543],[107.5068,16.06],[107.4604,16.0593],[107.4333,16.0555],[107.4334,16.0574],[107.4356,16.0688],[107.431,16.0737],[107.4115,16.0731],[107.3559,16.0593],[107.3269,16.0561],[107.299,16.0642],[107.2759,16.084],[107.2388,16.1298],[107.2128,16.1467],[107.1972,16.151],[107.1832,16.1532],[107.1697,16.1569],[107.1544,16.166],[107.142,16.177],[107.136,16.1848]]]}},{"type":"Feature","properties":{"id":"VNM-4834","name":"Tiền Giang","nameBn":"তিয়েন গিয়াং","type":"Province","bounds":[105.8393,10.2265,106.7954,10.5923],"center":[106.217,10.4581]},"geometry":{"type":"MultiPolygon","coordinates":[[[[106.7241,10.2686],[106.7468,10.2632],[106.7555,10.2576],[106.7588,10.2444],[106.7525,10.2361],[106.7383,10.2292],[106.7241,10.2265],[106.7178,10.231],[106.7093,10.2436],[106.69,10.2518],[106.5596,10.2754],[106.5117,10.2959],[106.5271,10.2971],[106.5609,10.2829],[106.5879,10.2769],[106.7028,10.2756],[106.7241,10.2686]]],[[[106.6154,10.4366],[106.6301,10.4458],[106.6414,10.4589],[106.6489,10.4741],[106.6558,10.4741],[106.6607,10.4601],[106.6629,10.4439],[106.6702,10.4326],[106.6898,10.4331],[106.698,10.441],[106.7136,10.4681],[106.7241,10.4741],[106.7411,10.468],[106.7517,10.4535],[106.7598,10.4363],[106.7691,10.4225],[106.782,10.4078],[106.7881,10.3931],[106.7954,10.3068],[106.7908,10.2849],[106.7756,10.2754],[106.756,10.2772],[106.7041,10.289],[106.5983,10.2885],[106.5252,10.3026],[106.4876,10.3027],[106.468,10.3073],[106.4523,10.3161],[106.4377,10.3218],[106.4224,10.317],[106.4125,10.3231],[106.3789,10.3363],[106.3665,10.3386],[106.3543,10.339],[106.3423,10.3374],[106.2924,10.3196],[106.2793,10.3172],[106.2283,10.3185],[106.2039,10.3155],[106.1582,10.2981],[106.1393,10.2964],[106.1072,10.2963],[106.083,10.3011],[106.0349,10.3188],[106.0191,10.3212],[106.0034,10.3211],[105.9877,10.3187],[105.9732,10.3133],[105.9559,10.3007],[105.9549,10.2885],[105.8979,10.2903],[105.849,10.3014],[105.845,10.3065],[105.8393,10.3441],[105.8426,10.3525],[105.8484,10.3618],[105.858,10.3682],[105.9486,10.4807],[105.9579,10.5039],[105.963,10.5213],[105.9627,10.5535],[106.0022,10.5513],[106.0508,10.5435],[106.0784,10.5439],[106.0989,10.5486],[106.1093,10.5564],[106.1273,10.5798],[106.1458,10.5899],[106.1664,10.5923],[106.271,10.5864],[106.2883,10.583],[106.3012,10.5763],[106.3142,10.5654],[106.3559,10.5068],[106.3697,10.4976],[106.3872,10.4906],[106.4153,10.4861],[106.4308,10.4797],[106.4406,10.4718],[106.4439,10.4621],[106.4442,10.4528],[106.4409,10.4324],[106.4431,10.4232],[106.4522,10.4164],[106.4662,10.4139],[106.5123,10.4171],[106.5418,10.4138],[106.5847,10.4144],[106.6076,10.4248],[106.6154,10.4366]]]]}},{"type":"Feature","properties":{"id":"VNM-509","name":"Trà Vinh","nameBn":"ত্রা ভিহ্ন","type":"Province","bounds":[105.9966,9.5412,106.5806,10.0775],"center":[106.289,9.8282]},"geometry":{"type":"Polygon","coordinates":[[[106.2464,10.0775],[106.2832,10.0507],[106.292,10.0421],[106.2982,10.0333],[106.3067,10.0167],[106.3125,10.008],[106.3636,9.9601],[106.3693,9.9569],[106.3889,9.9328],[106.4758,9.8618],[106.501,9.8341],[106.5186,9.8018],[106.5275,9.7622],[106.5379,9.7512],[106.563,9.7472],[106.575,9.7391],[106.5798,9.7204],[106.5806,9.6997],[106.5755,9.6486],[106.5632,9.6143],[106.5437,9.585],[106.5186,9.5629],[106.4972,9.55],[106.4849,9.5471],[106.4735,9.552],[106.4644,9.5548],[106.4539,9.5505],[106.4395,9.5412],[106.3982,9.5421],[106.385,9.5483],[106.3372,9.5847],[106.2503,9.6312],[106.0647,9.8043],[105.9966,9.8886],[105.9968,9.8887],[106.062,9.9261],[106.0968,9.9394],[106.1263,9.9426],[106.1326,9.9458],[106.1373,9.9503],[106.1385,9.9549],[106.1382,9.9599],[106.1338,9.9736],[106.1322,9.9808],[106.1315,9.987],[106.134,9.9937],[106.1413,10.0005],[106.177,10.0146],[106.1877,10.0219],[106.193,10.031],[106.1969,10.0416],[106.2055,10.0558],[106.2151,10.0649],[106.2356,10.0741],[106.2464,10.0775]]]}},{"type":"Feature","properties":{"id":"VNM-457","name":"Tuyên Quang","nameBn":"তুয়েন কুয়াং","type":"Province","bounds":[104.8483,21.4955,105.6107,22.6478],"center":[105.229,22.131]},"geometry":{"type":"Polygon","coordinates":[[[105.1118,21.7039],[105.0977,21.717],[105.0905,21.7294],[105.0855,21.7501],[105.0888,21.7663],[105.1001,21.7952],[105.0934,21.8145],[105.0764,21.8375],[105.01,21.906],[104.9969,21.924],[104.9983,21.9742],[104.9927,21.9907],[104.9826,22.0074],[104.962,22.0264],[104.9204,22.0529],[104.8838,22.0894],[104.8483,22.1702],[104.8889,22.2098],[104.9292,22.268],[104.9345,22.2799],[104.9382,22.2918],[104.9389,22.3045],[104.9387,22.3182],[104.9401,22.3324],[104.9457,22.3447],[104.9573,22.3535],[104.9761,22.3557],[104.9921,22.3531],[105.0209,22.3426],[105.032,22.3422],[105.0408,22.346],[105.0489,22.357],[105.066,22.4226],[105.0731,22.4414],[105.0827,22.4598],[105.0957,22.4781],[105.1248,22.5091],[105.1353,22.5257],[105.1598,22.5879],[105.1646,22.6049],[105.1704,22.6367],[105.1796,22.6453],[105.1966,22.6478],[105.2351,22.6389],[105.3436,22.601],[105.4067,22.5967],[105.5004,22.5809],[105.5676,22.5922],[105.5859,22.5652],[105.5966,22.5437],[105.607,22.5176],[105.6107,22.4919],[105.6093,22.47],[105.6004,22.4468],[105.5887,22.4295],[105.5529,22.3901],[105.5198,22.3403],[105.5089,22.3186],[105.4998,22.2952],[105.4947,22.2686],[105.4886,22.1544],[105.495,22.1012],[105.5007,22.0775],[105.5096,22.0559],[105.5457,21.9961],[105.5575,21.9509],[105.5498,21.9122],[105.5344,21.8668],[105.518,21.6718],[105.5183,21.6355],[105.5223,21.6076],[105.5371,21.5787],[105.5457,21.5671],[105.5552,21.5571],[105.5777,21.5438],[105.555,21.5283],[105.5388,21.5205],[105.4894,21.5029],[105.4604,21.4972],[105.3931,21.4955],[105.3174,21.5141],[105.2787,21.5695],[105.2332,21.6187],[105.1758,21.6669],[105.1118,21.7039]]]}},{"type":"Feature","properties":{"id":"VNM-444","name":"Tây Ninh","nameBn":"তায় নিহ্ন","type":"Province","bounds":[105.7904,10.9607,106.49,11.7705],"center":[106.14,11.4121]},"geometry":{"type":"Polygon","coordinates":[[[106.4128,11.6618],[106.4258,11.6621],[106.435,11.6773],[106.4346,11.6784],[106.4603,11.6695],[106.4714,11.6536],[106.487,11.5926],[106.49,11.5735],[106.4893,11.5612],[106.4853,11.5583],[106.4797,11.5568],[106.4751,11.5561],[106.4643,11.5533],[106.4308,11.4933],[106.412,11.4716],[106.4027,11.4641],[106.3869,11.4488],[106.3789,11.4372],[106.3529,11.3814],[106.3469,11.3638],[106.3433,11.3444],[106.3414,11.305],[106.343,11.2892],[106.3467,11.2727],[106.3523,11.2579],[106.3638,11.2369],[106.3696,11.2289],[106.3736,11.2215],[106.3772,11.2126],[106.3789,11.2039],[106.3813,11.1963],[106.3852,11.1898],[106.3916,11.1839],[106.4082,11.1718],[106.4214,11.1564],[106.4296,11.1242],[106.4186,11.065],[106.4117,11.0456],[106.4003,11.0236],[106.3913,11.01],[106.3637,10.9821],[106.3288,11.0124],[106.316,11.0199],[106.3028,11.0246],[106.2963,11.0226],[106.2935,11.0162],[106.2937,11.0081],[106.2952,10.9991],[106.2926,10.9916],[106.2849,10.9856],[106.2024,10.9607],[106.1886,10.9615],[106.1784,10.9639],[106.1704,10.9706],[106.1808,10.9703],[106.1879,10.9763],[106.1766,10.9962],[106.1603,11.0535],[106.1487,11.0707],[106.1309,11.0842],[106.1135,11.0869],[106.0981,11.0779],[106.0866,11.0563],[106.0765,11.077],[106.0631,11.0933],[106.0281,11.1227],[106.0131,11.1393],[105.9888,11.177],[105.974,11.1904],[105.9204,11.2033],[105.8999,11.2186],[105.8894,11.2462],[105.8894,11.2464],[105.8867,11.2679],[105.8735,11.2759],[105.8572,11.28],[105.8444,11.2899],[105.8434,11.3041],[105.86,11.3793],[105.871,11.4133],[105.8738,11.4282],[105.8722,11.4435],[105.8567,11.4963],[105.8588,11.5223],[105.8578,11.5356],[105.8532,11.5469],[105.8421,11.555],[105.8155,11.5598],[105.8033,11.5662],[105.7932,11.5829],[105.7904,11.5874],[105.7934,11.6073],[105.8049,11.6249],[105.818,11.639],[105.821,11.6415],[105.8409,11.6582],[105.8579,11.6616],[105.9055,11.6443],[105.9341,11.6429],[105.9462,11.6571],[105.9553,11.678],[105.9831,11.7067],[105.9888,11.719],[105.9913,11.7325],[105.9921,11.7463],[106.0154,11.7705],[106.0612,11.7629],[106.1132,11.7471],[106.1546,11.7463],[106.2236,11.725],[106.2432,11.7146],[106.2508,11.7061],[106.2651,11.684],[106.2741,11.6768],[106.2873,11.6746],[106.3437,11.6891],[106.3543,11.6901],[106.3642,11.6885],[106.3781,11.6838],[106.4001,11.6685],[106.4128,11.6618]]]}},{"type":"Feature","properties":{"id":"VNM-510","name":"Vĩnh Long","nameBn":"ভিন লং","type":"Province","bounds":[105.6922,9.8886,106.2464,10.3014],"center":[105.969,10.1042]},"geometry":{"type":"Polygon","coordinates":[[[105.9966,9.8886],[105.9705,9.9208],[105.9329,9.9554],[105.9041,9.9765],[105.8695,9.9853],[105.8385,10.0048],[105.8385,10.0048],[105.8382,10.0051],[105.8185,10.0289],[105.8112,10.0369],[105.7795,10.0642],[105.7092,10.1086],[105.6922,10.1232],[105.7087,10.1431],[105.7071,10.1569],[105.7043,10.167],[105.7079,10.1745],[105.7164,10.182],[105.7275,10.1856],[105.7377,10.1834],[105.7683,10.1629],[105.7923,10.1517],[105.819,10.1431],[105.8503,10.1386],[105.8679,10.1407],[105.8814,10.1464],[105.901,10.1601],[105.9094,10.1718],[105.9146,10.1875],[105.9158,10.2046],[105.9146,10.214],[105.9112,10.2215],[105.906,10.2268],[105.9003,10.2313],[105.894,10.2345],[105.8848,10.2374],[105.8829,10.2389],[105.882,10.2413],[105.8758,10.2671],[105.849,10.3014],[105.8979,10.2903],[105.9549,10.2885],[105.9846,10.2842],[106.073,10.2606],[106.1007,10.2491],[106.1182,10.2381],[106.1133,10.2343],[106.1178,10.2292],[106.1275,10.2248],[106.135,10.2202],[106.1579,10.1954],[106.166,10.1811],[106.1729,10.1475],[106.1821,10.133],[106.1934,10.1203],[106.2151,10.1003],[106.2464,10.0775],[106.2356,10.0741],[106.2151,10.0649],[106.2055,10.0558],[106.1969,10.0416],[106.193,10.031],[106.1877,10.0219],[106.177,10.0146],[106.1413,10.0005],[106.134,9.9937],[106.1315,9.987],[106.1322,9.9808],[106.1338,9.9736],[106.1382,9.9599],[106.1385,9.9549],[106.1373,9.9503],[106.1326,9.9458],[106.1263,9.9426],[106.0968,9.9394],[106.062,9.9261],[105.9968,9.8887],[105.9966,9.8886]]]}},{"type":"Feature","properties":{"id":"VNM-464","name":"Vĩnh Phúc","nameBn":"ভিহ্ন ফুক","type":"Province","bounds":[105.3174,21.105,105.7799,21.5438],"center":[105.549,21.3455]},"geometry":{"type":"Polygon","coordinates":[[[105.4294,21.2764],[105.4362,21.2803],[105.4462,21.2859],[105.4516,21.2914],[105.4578,21.3004],[105.4575,21.3117],[105.4516,21.3239],[105.4191,21.3617],[105.4008,21.3981],[105.3922,21.4088],[105.3752,21.4159],[105.3641,21.417],[105.3521,21.4265],[105.3437,21.4347],[105.3174,21.5141],[105.3931,21.4955],[105.4604,21.4972],[105.4894,21.5029],[105.5388,21.5205],[105.555,21.5283],[105.5777,21.5438],[105.6361,21.4889],[105.74,21.4176],[105.7558,21.4005],[105.7642,21.3849],[105.7721,21.3625],[105.7743,21.328],[105.7664,21.2631],[105.7799,21.1791],[105.7782,21.157],[105.7614,21.1213],[105.7627,21.105],[105.7492,21.1093],[105.7385,21.114],[105.7088,21.1368],[105.6702,21.1576],[105.6567,21.1605],[105.5142,21.1675],[105.5039,21.1696],[105.4945,21.1737],[105.4775,21.1859],[105.4655,21.1968],[105.4558,21.2086],[105.44,21.236],[105.4342,21.2526],[105.4294,21.2764]]]}},{"type":"Feature","properties":{"id":"VNM-458","name":"Yên Bái","nameBn":"ইয়েন বাই","type":"Province","bounds":[103.9115,21.3259,105.1118,22.2686],"center":[104.512,21.7484]},"geometry":{"type":"Polygon","coordinates":[[[104.8483,22.1702],[104.8838,22.0894],[104.9204,22.0529],[104.962,22.0264],[104.9826,22.0074],[104.9927,21.9907],[104.9983,21.9742],[104.9969,21.924],[105.01,21.906],[105.0764,21.8375],[105.0934,21.8145],[105.1001,21.7952],[105.0888,21.7663],[105.0855,21.7501],[105.0905,21.7294],[105.0977,21.717],[105.1118,21.7039],[105.0722,21.6787],[105.0528,21.6724],[104.9983,21.6608],[104.9715,21.6522],[104.9466,21.6403],[104.9219,21.6206],[104.903,21.596],[104.89,21.5671],[104.8881,21.523],[104.8955,21.4852],[104.9179,21.4204],[104.9193,21.3979],[104.9078,21.3791],[104.8951,21.3654],[104.8285,21.3296],[104.8099,21.3259],[104.7955,21.3278],[104.7794,21.3348],[104.7661,21.3529],[104.7579,21.3693],[104.7478,21.3841],[104.7356,21.391],[104.721,21.3909],[104.6906,21.3814],[104.6736,21.3826],[104.6527,21.3904],[104.6252,21.4059],[104.6037,21.4134],[104.5823,21.4132],[104.5582,21.4045],[104.4909,21.3657],[104.4697,21.3623],[104.4459,21.3679],[104.3571,21.4164],[104.3284,21.4442],[104.3163,21.4684],[104.311,21.4955],[104.3118,21.5253],[104.3177,21.5636],[104.3284,21.5997],[104.3495,21.6536],[104.3498,21.671],[104.3422,21.6848],[104.3267,21.6999],[104.3072,21.7097],[104.288,21.708],[104.2704,21.6995],[104.2321,21.6697],[104.2038,21.6607],[104.1698,21.6593],[104.0164,21.6852],[103.9253,21.7198],[103.9376,21.7388],[103.9505,21.7661],[103.9537,21.7797],[103.9524,21.7924],[103.9463,21.8053],[103.9133,21.854],[103.9115,21.8611],[103.9143,21.8686],[103.9217,21.8784],[103.9388,21.8959],[103.9594,21.9268],[103.9773,21.9683],[103.9839,21.9742],[103.9942,21.9728],[104.0054,21.9655],[104.0336,21.9395],[104.0518,21.9284],[104.0693,21.9216],[104.0901,21.9179],[104.1321,21.9149],[104.15,21.9114],[104.1654,21.9051],[104.1779,21.8971],[104.188,21.889],[104.197,21.8871],[104.2058,21.8922],[104.2167,21.9093],[104.2215,21.9246],[104.2223,21.9388],[104.2209,21.9504],[104.2235,21.958],[104.2322,21.9602],[104.2426,21.956],[104.2679,21.942],[104.3508,21.9064],[104.3748,21.8996],[104.3942,21.8986],[104.4107,21.9053],[104.4252,21.9181],[104.4361,21.9341],[104.4431,21.9537],[104.4439,21.9708],[104.4406,21.989],[104.431,22.0098],[104.3886,22.0793],[104.381,22.0997],[104.3848,22.1174],[104.3989,22.1348],[104.4307,22.148],[104.453,22.1488],[104.4743,22.1434],[104.5419,22.0996],[104.5545,22.0957],[104.5654,22.1],[104.5781,22.1138],[104.5942,22.1393],[104.6088,22.1539],[104.6234,22.1626],[104.6367,22.1665],[104.6454,22.1724],[104.6482,22.183],[104.6457,22.1972],[104.6318,22.2274],[104.6285,22.2579],[104.6509,22.2686],[104.6683,22.2684],[104.6895,22.2644],[104.708,22.2539],[104.7235,22.2386],[104.7488,22.2005],[104.7702,22.1814],[104.7964,22.1719],[104.8197,22.1677],[104.8483,22.1702]]]}},{"type":"Feature","properties":{"id":"VNM-500","name":"Ðong Tháp","nameBn":"দোং থাপ প্রদেশ","type":"Province","bounds":[105.2091,10.3014,105.963,10.963],"center":[105.586,10.6644]},"geometry":{"type":"Polygon","coordinates":[[[105.4739,10.9409],[105.5236,10.9513],[105.5245,10.9459],[105.5273,10.9329],[105.5302,10.9274],[105.5375,10.9197],[105.5484,10.9112],[105.5754,10.8945],[105.5904,10.8798],[105.6534,10.8059],[105.866,10.6079],[105.923,10.5671],[105.9627,10.5535],[105.963,10.5213],[105.9579,10.5039],[105.9486,10.4807],[105.858,10.3682],[105.8484,10.3618],[105.8426,10.3525],[105.8393,10.3441],[105.845,10.3065],[105.849,10.3014],[105.8478,10.3017],[105.7999,10.3198],[105.7824,10.3308],[105.7667,10.3444],[105.7218,10.3947],[105.7116,10.4023],[105.6998,10.4079],[105.6863,10.4108],[105.6451,10.4133],[105.6317,10.4171],[105.583,10.4465],[105.5666,10.4564],[105.558,10.464],[105.5502,10.4744],[105.5321,10.5092],[105.5242,10.5205],[105.5149,10.5298],[105.5043,10.5376],[105.4033,10.587],[105.3872,10.5992],[105.3783,10.6122],[105.3754,10.6275],[105.3784,10.658],[105.3773,10.6689],[105.3693,10.7027],[105.347,10.7041],[105.3057,10.7021],[105.3003,10.7041],[105.2938,10.7076],[105.2919,10.7142],[105.2913,10.7214],[105.2892,10.73],[105.2854,10.7385],[105.2475,10.7795],[105.2463,10.7864],[105.2415,10.8059],[105.2276,10.8168],[105.2198,10.8303],[105.2158,10.8453],[105.2091,10.8916],[105.2533,10.8835],[105.2687,10.8737],[105.303,10.844],[105.3179,10.8388],[105.3275,10.8483],[105.3573,10.908],[105.3979,10.9546],[105.4105,10.963],[105.415,10.9607],[105.4434,10.953],[105.4658,10.9418],[105.4739,10.9409]]]}},{"type":"Feature","properties":{"id":"VNM-450","name":"Điện Biên","nameBn":"দিয়েন বিয়েন","type":"Province","bounds":[102.1187,20.8244,103.5693,22.5756],"center":[103.226,21.7487]},"geometry":{"type":"Polygon","coordinates":[[[102.6535,21.6563],[102.6507,21.6578],[102.6433,21.668],[102.6368,21.6836],[102.6319,21.7063],[102.6298,21.7291],[102.6346,21.7878],[102.6251,21.8286],[102.591,21.9014],[102.5602,21.9254],[102.5159,21.9392],[102.4781,21.9576],[102.4664,21.9954],[102.4673,21.9992],[102.4691,22.0028],[102.4712,22.006],[102.4741,22.0089],[102.4829,22.0214],[102.4676,22.034],[102.4426,22.0474],[102.4222,22.0622],[102.4152,22.0735],[102.4054,22.0983],[102.3988,22.1089],[102.3894,22.1171],[102.3581,22.1347],[102.2864,22.2],[102.2262,22.2284],[102.207,22.2454],[102.2006,22.2655],[102.1862,22.2784],[102.1689,22.2896],[102.1544,22.3047],[102.1528,22.3108],[102.1561,22.3227],[102.1561,22.3281],[102.1529,22.3325],[102.1442,22.3386],[102.1414,22.3422],[102.1314,22.3737],[102.1254,22.3836],[102.1187,22.3975],[102.1288,22.4109],[102.147,22.4211],[102.1645,22.4255],[102.1866,22.4211],[102.2036,22.4125],[102.218,22.4107],[102.2313,22.4263],[102.2366,22.4434],[102.2425,22.4772],[102.2525,22.4955],[102.3246,22.5651],[102.3792,22.5756],[102.4018,22.5745],[102.458,22.562],[102.5086,22.5668],[102.5232,22.562],[102.537,22.5417],[102.5513,22.5311],[102.5606,22.5284],[102.5683,22.5245],[102.5776,22.5073],[102.6449,22.4362],[102.6629,22.4237],[102.7014,22.4144],[102.7372,22.3929],[102.7768,22.3604],[102.8003,22.3309],[102.8176,22.2971],[102.8255,22.2603],[102.8255,22.233],[102.8285,22.2283],[102.8373,22.2192],[102.8455,22.2054],[102.8604,22.2054],[102.8897,22.2125],[102.9084,22.2029],[102.9165,22.1807],[102.9224,22.1557],[102.9347,22.1374],[102.9519,22.1362],[103.0403,22.1477],[103.0667,22.14],[103.0958,22.1222],[103.1401,22.0856],[103.1773,22.088],[103.2644,22.048],[103.2842,22.0543],[103.2809,22.0575],[103.2734,22.0628],[103.2661,22.0692],[103.2631,22.076],[103.2665,22.0816],[103.324,22.1495],[103.3388,22.1579],[103.3609,22.1581],[103.3832,22.15],[103.4001,22.1363],[103.407,22.12],[103.4097,22.0958],[103.4165,22.0814],[103.4412,22.0616],[103.4522,22.0484],[103.4583,22.0313],[103.4609,22.0116],[103.4617,21.9903],[103.4653,21.9855],[103.484,21.9745],[103.4927,21.9723],[103.4975,21.9678],[103.544,21.8931],[103.5504,21.8869],[103.557,21.7535],[103.5693,21.674],[103.5687,21.6423],[103.5616,21.6105],[103.5462,21.5848],[103.5261,21.5611],[103.4808,21.5243],[103.4663,21.505],[103.4591,21.4878],[103.454,21.4653],[103.4455,21.4525],[103.4357,21.4434],[103.3969,21.4275],[103.3859,21.4187],[103.3778,21.4061],[103.3763,21.3954],[103.3799,21.3874],[103.3872,21.3826],[103.3934,21.3773],[103.3963,21.3672],[103.393,21.3535],[103.3951,21.3424],[103.4019,21.3323],[103.439,21.3051],[103.4464,21.2895],[103.4498,21.2666],[103.4472,21.2282],[103.4403,21.1998],[103.4213,21.1601],[103.4186,21.1459],[103.4214,21.1303],[103.436,21.0931],[103.4377,21.0728],[103.431,21.0615],[103.4171,21.0549],[103.3997,21.0524],[103.3799,21.0525],[103.3618,21.0558],[103.3454,21.0631],[103.3311,21.0738],[103.3184,21.0809],[103.3054,21.084],[103.295,21.0831],[103.2877,21.078],[103.2855,21.07],[103.2867,21.0589],[103.2903,21.0434],[103.2915,21.0249],[103.2877,21.011],[103.279,21.0013],[103.2576,20.9889],[103.2486,20.9775],[103.2441,20.9634],[103.2404,20.9279],[103.2283,20.8905],[103.2242,20.8575],[103.2258,20.8298],[103.2258,20.8267],[103.2258,20.8264],[103.2186,20.8244],[103.2069,20.8246],[103.1971,20.8278],[103.1837,20.8371],[103.1752,20.8412],[103.1651,20.8437],[103.147,20.846],[103.1364,20.8505],[103.13,20.8549],[103.1153,20.8684],[103.0867,20.902],[103.0682,20.9313],[103.0371,20.9955],[103.0145,21.0405],[102.9992,21.0574],[102.9741,21.0677],[102.9595,21.0658],[102.9516,21.069],[102.9468,21.0759],[102.9422,21.0849],[102.9353,21.1024],[102.9259,21.1406],[102.9256,21.1417],[102.9144,21.1584],[102.9042,21.1642],[102.8959,21.1645],[102.8891,21.1664],[102.883,21.1764],[102.883,21.1861],[102.8918,21.206],[102.893,21.2151],[102.8879,21.2269],[102.8781,21.2376],[102.8651,21.2462],[102.8502,21.2517],[102.8282,21.2525],[102.8092,21.2506],[102.8013,21.2548],[102.8128,21.2739],[102.8292,21.2859],[102.863,21.2938],[102.8752,21.3053],[102.8788,21.3222],[102.8796,21.3679],[102.8838,21.3884],[102.9168,21.4386],[102.918,21.4501],[102.9042,21.4527],[102.8848,21.4441],[102.8648,21.4322],[102.8497,21.4254],[102.895,21.4953],[102.9166,21.5136],[102.9541,21.5573],[102.9741,21.5753],[102.9749,21.5782],[102.9753,21.581],[102.9749,21.5839],[102.9741,21.5867],[102.9641,21.6086],[102.9608,21.6328],[102.9618,21.7015],[102.9599,21.713],[102.956,21.7239],[102.9478,21.7371],[102.9426,21.739],[102.937,21.7351],[102.8645,21.7057],[102.8472,21.7045],[102.8351,21.7165],[102.8319,21.7358],[102.8349,21.7756],[102.8265,21.8213],[102.8067,21.8361],[102.7892,21.8203],[102.7867,21.7399],[102.7747,21.7079],[102.7522,21.6809],[102.7212,21.6617],[102.7103,21.6593],[102.6574,21.6584],[102.6535,21.6563]]]}},{"type":"Feature","properties":{"id":"VNM-491","name":"Đà Nẵng","nameBn":"ডানাং","type":"City|Municipality|Thanh Pho","bounds":[107.8562,15.9754,108.3484,16.2231],"center":[108.102,16.0912]},"geometry":{"type":"Polygon","coordinates":[[[108.2001,16.2116],[108.1892,16.1985],[108.1545,16.1708],[108.1423,16.1484],[108.1428,16.1194],[108.1599,16.1037],[108.182,16.0914],[108.1975,16.072],[108.2131,16.0868],[108.221,16.0916],[108.2283,16.0897],[108.2367,16.0551],[108.2385,16.0522],[108.2332,16.0371],[108.2229,16.0229],[108.2101,16.0113],[108.1975,16.0037],[108.2163,16.0095],[108.2346,16.0194],[108.2498,16.0233],[108.259,16.0106],[108.2492,16.0619],[108.242,16.0758],[108.2409,16.0905],[108.2477,16.1087],[108.2473,16.1232],[108.2249,16.1273],[108.2249,16.1347],[108.2328,16.1403],[108.2386,16.1467],[108.2427,16.154],[108.2454,16.162],[108.2527,16.1589],[108.2542,16.1566],[108.2549,16.157],[108.259,16.162],[108.2658,16.162],[108.2746,16.1535],[108.2863,16.1445],[108.3005,16.1375],[108.3174,16.1347],[108.3182,16.1396],[108.3245,16.1489],[108.3314,16.1553],[108.3347,16.1515],[108.3366,16.1478],[108.3484,16.1347],[108.3372,16.1254],[108.3262,16.119],[108.3176,16.1118],[108.3142,16.0999],[108.3049,16.1072],[108.2796,16.102],[108.2658,16.1074],[108.2586,16.071],[108.2653,16.0316],[108.2791,15.9957],[108.2823,15.9901],[108.2817,15.99],[108.1917,15.9978],[108.1834,15.9973],[108.1014,15.9769],[108.0812,15.9754],[108.0553,15.9781],[108.0337,15.9863],[108.0159,16.0027],[108.0109,16.0165],[108.0113,16.0257],[108.0125,16.0325],[108.0124,16.0381],[108.0102,16.046],[108.0089,16.054],[108.0069,16.0861],[108.0009,16.09],[107.9885,16.0899],[107.9339,16.0794],[107.8562,16.0876],[107.8859,16.1125],[107.9208,16.1796],[107.9362,16.2023],[107.9531,16.2159],[107.9727,16.2206],[108.0223,16.2231],[108.0419,16.2209],[108.0842,16.2076],[108.1328,16.2016],[108.1992,16.2113],[108.2001,16.2116]]]}},{"type":"Feature","properties":{"id":"VNM-451","name":"Đông Bắc","nameBn":"উত্তর-পূর্ব ভিয়েতনাম","type":"Region","bounds":[105.4886,21.7793,106.26,22.7244],"center":[105.874,22.1476]},"geometry":{"type":"Polygon","coordinates":[[[105.5575,21.9509],[105.5457,21.9961],[105.5096,22.0559],[105.5007,22.0775],[105.495,22.1012],[105.4886,22.1544],[105.4947,22.2686],[105.4998,22.2952],[105.5089,22.3186],[105.5198,22.3403],[105.5529,22.3901],[105.5887,22.4295],[105.6004,22.4468],[105.6093,22.47],[105.6107,22.4919],[105.607,22.5176],[105.5966,22.5437],[105.5859,22.5652],[105.5676,22.5922],[105.6129,22.6323],[105.6485,22.6779],[105.693,22.7111],[105.7091,22.7193],[105.7249,22.7241],[105.737,22.7244],[105.7678,22.7177],[105.7738,22.7137],[105.7774,22.7065],[105.7776,22.6968],[105.7745,22.685],[105.7636,22.6579],[105.7611,22.6444],[105.7616,22.6308],[105.7653,22.6173],[105.771,22.6054],[105.7881,22.5786],[105.7939,22.5633],[105.7976,22.5459],[105.8038,22.5255],[105.8151,22.5053],[105.8431,22.4817],[105.8615,22.475],[105.8801,22.4721],[105.895,22.4747],[105.9096,22.4799],[105.9255,22.4904],[105.9405,22.4985],[105.9657,22.5076],[105.975,22.5128],[105.9843,22.5193],[105.9964,22.5254],[106.0482,22.5402],[106.0823,22.5423],[106.0983,22.5385],[106.1079,22.5306],[106.1082,22.5204],[106.1075,22.511],[106.109,22.5019],[106.1151,22.4944],[106.1247,22.4873],[106.1325,22.4801],[106.136,22.47],[106.1351,22.4452],[106.1377,22.4318],[106.1467,22.4197],[106.1621,22.4088],[106.193,22.4067],[106.2107,22.3705],[106.2203,22.3208],[106.2272,22.308],[106.2523,22.2824],[106.2581,22.2722],[106.26,22.2621],[106.2578,22.25],[106.2405,22.1982],[106.1904,22.1118],[106.1823,22.102],[106.1732,22.0936],[106.1632,22.087],[106.143,22.0768],[106.1328,22.0688],[106.1235,22.0543],[106.1192,22.0353],[106.114,21.9481],[106.0623,21.9393],[106.051,21.9337],[106.0359,21.928],[106.0262,21.9214],[106.019,21.9122],[106.0078,21.8933],[106.0015,21.8878],[105.9782,21.8795],[105.9629,21.8717],[105.9155,21.8347],[105.8994,21.826],[105.8829,21.8225],[105.8651,21.8217],[105.8505,21.8196],[105.8392,21.8142],[105.832,21.8043],[105.8264,21.7934],[105.8207,21.784],[105.8137,21.7793],[105.8069,21.78],[105.8007,21.7877],[105.7976,21.7965],[105.7951,21.807],[105.7871,21.8277],[105.7853,21.8378],[105.7841,21.8579],[105.7789,21.8819],[105.7799,21.8976],[105.7834,21.912],[105.7836,21.9248],[105.7813,21.935],[105.7779,21.945],[105.7762,21.9556],[105.7757,21.9657],[105.7729,21.9778],[105.7653,21.9905],[105.7521,22.005],[105.7349,22.0197],[105.7172,22.0303],[105.6998,22.0331],[105.6837,22.0307],[105.6451,22.0195],[105.6269,22.0104],[105.608,21.9901],[105.5844,21.957],[105.5575,21.9509]]]}},{"type":"Feature","properties":{"id":"VNM-497","name":"Đông Nam Bộ","nameBn":"দং নাম বো","type":"Region","bounds":[106.7474,10.5669,107.6095,11.5662],"center":[107.178,11.1258]},"geometry":{"type":"Polygon","coordinates":[[[106.9978,10.6249],[106.9915,10.6249],[106.9849,10.5968],[106.9841,10.5669],[106.9715,10.5842],[106.9641,10.6054],[106.9451,10.6256],[106.9272,10.6406],[106.9139,10.6533],[106.9023,10.662],[106.8925,10.6701],[106.8792,10.6701],[106.8659,10.6637],[106.8544,10.6579],[106.8365,10.6608],[106.8186,10.6735],[106.807,10.6845],[106.7949,10.6909],[106.7856,10.6949],[106.7764,10.6984],[106.7654,10.7013],[106.757,10.7054],[106.7561,10.7174],[106.7564,10.7221],[106.753,10.735],[106.7514,10.7578],[106.7474,10.7697],[106.7511,10.7725],[106.754,10.7727],[106.7897,10.7537],[106.7938,10.7526],[106.7963,10.7531],[106.7994,10.7547],[106.8084,10.7623],[106.8134,10.7654],[106.8205,10.7685],[106.829,10.7709],[106.8389,10.7718],[106.8484,10.7713],[106.8558,10.7692],[106.8635,10.766],[106.8704,10.7622],[106.8748,10.7609],[106.8777,10.7608],[106.8798,10.7615],[106.8812,10.7625],[106.8816,10.7638],[106.8815,10.7658],[106.8802,10.773],[106.8802,10.7756],[106.8812,10.7775],[106.8829,10.7796],[106.8843,10.7821],[106.8853,10.7882],[106.885,10.797],[106.8807,10.8137],[106.8529,10.865],[106.836,10.8878],[106.8323,10.9173],[106.8262,10.9269],[106.8169,10.9387],[106.806,10.9499],[106.7973,10.9614],[106.7913,10.972],[106.7875,10.9807],[106.7866,10.9887],[106.7875,11.0076],[106.7852,11.0169],[106.784,11.0259],[106.7875,11.0347],[106.8007,11.0458],[106.8143,11.0523],[106.8273,11.0555],[106.8374,11.0541],[106.8459,11.0496],[106.8549,11.0413],[106.8655,11.0334],[106.8782,11.0273],[106.8905,11.0253],[106.9021,11.026],[106.9124,11.0295],[106.9547,11.064],[106.9725,11.0951],[106.9758,11.1072],[106.9746,11.1224],[106.964,11.1531],[106.9539,11.1707],[106.9441,11.1821],[106.9353,11.1882],[106.9311,11.1984],[106.9339,11.2147],[106.9648,11.2836],[106.9873,11.2945],[106.9933,11.2999],[106.9977,11.3085],[107.0013,11.314],[107.0095,11.3218],[107.0257,11.3332],[107.0466,11.3542],[107.0571,11.368],[107.0673,11.3871],[107.0802,11.4027],[107.0838,11.409],[107.0852,11.4163],[107.0866,11.4338],[107.09,11.4465],[107.0956,11.4595],[107.1043,11.4754],[107.1192,11.4879],[107.1403,11.4994],[107.234,11.5283],[107.3085,11.5662],[107.3468,11.5603],[107.3748,11.561],[107.3825,11.5595],[107.3876,11.5564],[107.39,11.5518],[107.3912,11.5467],[107.3915,11.5401],[107.3906,11.5215],[107.3916,11.514],[107.398,11.506],[107.4092,11.5021],[107.428,11.4978],[107.4488,11.4906],[107.4588,11.4825],[107.4629,11.4736],[107.4619,11.4682],[107.459,11.4638],[107.4497,11.4552],[107.4455,11.4496],[107.4432,11.4412],[107.4436,11.431],[107.4489,11.4172],[107.4567,11.4104],[107.4682,11.4071],[107.4835,11.4078],[107.5268,11.4025],[107.6095,11.3617],[107.6019,11.3601],[107.5973,11.3576],[107.59,11.3523],[107.5802,11.3417],[107.5698,11.3272],[107.5482,11.2892],[107.5341,11.257],[107.5115,11.2209],[107.5064,11.2104],[107.4964,11.1825],[107.477,11.1491],[107.4658,11.1216],[107.4618,11.095],[107.4534,11.0781],[107.437,11.0523],[107.4309,11.0381],[107.4415,11.0228],[107.4598,11.0088],[107.477,11.0014],[107.4977,10.9994],[107.515,11.0015],[107.5313,11.0001],[107.545,10.9921],[107.5574,10.9797],[107.5692,10.9603],[107.5786,10.9402],[107.5884,10.9118],[107.5923,10.8811],[107.5908,10.8509],[107.5775,10.8227],[107.563,10.8018],[107.5166,10.7561],[107.4827,10.7984],[107.4725,10.8012],[107.4579,10.8015],[107.446,10.793],[107.4234,10.7705],[107.3583,10.6913],[107.3425,10.6837],[107.3267,10.6827],[107.3127,10.6874],[107.3001,10.6964],[107.2917,10.7077],[107.2894,10.7202],[107.2896,10.734],[107.2923,10.747],[107.2888,10.759],[107.281,10.7689],[107.2666,10.7744],[107.2545,10.7738],[107.241,10.7694],[107.151,10.7277],[107.1462,10.7217],[107.1457,10.7152],[107.1464,10.7055],[107.1455,10.6959],[107.1436,10.6862],[107.1334,10.6752],[107.1167,10.6651],[107.0405,10.6368],[107.0322,10.6363],[107.0256,10.6353],[107.0253,10.6353],[107.0237,10.6563],[107.0132,10.6727],[106.9841,10.6994],[106.9797,10.6848],[106.9901,10.6736],[107.0042,10.6643],[107.0114,10.6553],[107.0026,10.6304],[107.0025,10.6249],[106.9978,10.6249]]]}},{"type":"Feature","properties":{"id":"VNM-477","name":"Đắk Lắk","nameBn":"ডাক লাক","type":"Region","bounds":[107.4604,12.1519,109.0373,13.3885],"center":[108.133,12.7691]},"geometry":{"type":"Polygon","coordinates":[[[107.5401,12.7167],[107.5378,12.7466],[107.5386,12.7734],[107.5359,12.7996],[107.5224,12.8275],[107.4943,12.8588],[107.4874,12.8706],[107.4833,12.8856],[107.4796,12.9159],[107.4684,12.9411],[107.4661,12.9522],[107.4678,12.963],[107.4738,12.9729],[107.4789,12.9769],[107.4814,12.9823],[107.4811,12.9888],[107.4786,12.9961],[107.463,13.0073],[107.4604,13.0216],[107.5616,13.262],[107.5921,13.2769],[107.6215,13.2932],[107.6621,13.3241],[107.671,13.3296],[107.6809,13.3329],[107.8019,13.3494],[107.9284,13.3453],[107.9459,13.3477],[107.963,13.3527],[108.0309,13.3837],[108.0484,13.3875],[108.0693,13.3885],[108.1075,13.3842],[108.3645,13.2949],[108.3874,13.2789],[108.4095,13.2514],[108.4228,13.2277],[108.4342,13.2018],[108.4721,13.0739],[108.5146,13.0327],[108.6608,12.9962],[108.7254,12.8956],[108.7392,12.8804],[108.7597,12.8644],[108.8177,12.8284],[108.8616,12.807],[108.886,12.7991],[108.9687,12.7804],[109.0373,12.7527],[108.9704,12.6955],[108.9623,12.691],[108.953,12.6889],[108.9325,12.6891],[108.923,12.6882],[108.9153,12.6858],[108.9068,12.6814],[108.8982,12.6699],[108.8893,12.6516],[108.8746,12.6095],[108.8734,12.5897],[108.8751,12.5749],[108.8793,12.5666],[108.879,12.5556],[108.8749,12.5411],[108.8647,12.5181],[108.8545,12.4847],[108.848,12.4754],[108.8349,12.4704],[108.8226,12.4736],[108.7867,12.4932],[108.7766,12.4965],[108.7665,12.497],[108.7559,12.4954],[108.7451,12.4913],[108.727,12.482],[108.7195,12.4801],[108.713,12.4801],[108.6908,12.4844],[108.683,12.4838],[108.6766,12.4788],[108.6712,12.469],[108.6667,12.4485],[108.6646,12.4124],[108.6683,12.3691],[108.6815,12.303],[108.6389,12.2786],[108.6233,12.2743],[108.6035,12.2714],[108.5859,12.2745],[108.5364,12.2951],[108.5157,12.3003],[108.4995,12.2986],[108.4843,12.2926],[108.4261,12.2439],[108.4091,12.2354],[108.3915,12.2338],[108.3494,12.241],[108.3364,12.2395],[108.3226,12.2327],[108.3072,12.2217],[108.2772,12.207],[108.2625,12.1975],[108.2538,12.1883],[108.251,12.1799],[108.2484,12.1635],[108.2425,12.157],[108.2361,12.1558],[108.2301,12.1576],[108.2223,12.1615],[108.2127,12.1642],[108.1914,12.1651],[108.1627,12.1716],[108.1483,12.1712],[108.1385,12.1671],[108.128,12.1592],[108.1176,12.1519],[108.1218,12.1629],[108.1236,12.1713],[108.1272,12.1804],[108.1299,12.1902],[108.1287,12.2008],[108.1244,12.2048],[108.1013,12.2213],[108.0835,12.252],[108.0766,12.2642],[108.0579,12.274],[108.0464,12.2908],[108.0296,12.2983],[108.0102,12.3025],[107.9949,12.3038],[107.9788,12.3071],[107.9671,12.3153],[107.9412,12.3538],[107.9348,12.3701],[107.9312,12.3884],[107.9299,12.41],[107.9353,12.425],[107.9483,12.4363],[107.964,12.4404],[107.9778,12.4335],[107.988,12.4459],[108.0005,12.467],[108.0059,12.4868],[107.9949,12.4956],[107.9893,12.4987],[107.9763,12.5124],[107.9225,12.5297],[107.9102,12.5379],[107.908,12.5441],[107.9089,12.5571],[107.9116,12.5662],[107.8743,12.5922],[107.8636,12.6833],[107.8422,12.7207],[107.6655,12.7207],[107.5401,12.7167]]]}},{"type":"Feature","properties":{"id":"VNM-4835","name":"Đắk Nông","nameBn":"ডাক নোং","type":"Region","bounds":[107.2278,11.7434,108.1299,12.7207],"center":[107.66,12.1425]},"geometry":{"type":"Polygon","coordinates":[[[107.393,12.2528],[107.4159,12.2541],[107.4496,12.299],[107.4738,12.3154],[107.4996,12.3258],[107.5143,12.3438],[107.5223,12.3666],[107.5273,12.3911],[107.5567,12.4727],[107.5568,12.4961],[107.5567,12.4962],[107.5496,12.5092],[107.5518,12.5201],[107.558,12.5309],[107.5634,12.5436],[107.567,12.5739],[107.5651,12.6064],[107.5401,12.7167],[107.6655,12.7207],[107.8422,12.7207],[107.8636,12.6833],[107.8743,12.5922],[107.9116,12.5662],[107.9089,12.5571],[107.908,12.5441],[107.9102,12.5379],[107.9225,12.5297],[107.9763,12.5124],[107.9893,12.4987],[107.9949,12.4956],[108.0059,12.4868],[108.0005,12.467],[107.988,12.4459],[107.9778,12.4335],[107.964,12.4404],[107.9483,12.4363],[107.9353,12.425],[107.9299,12.41],[107.9312,12.3884],[107.9348,12.3701],[107.9412,12.3538],[107.9671,12.3153],[107.9788,12.3071],[107.9949,12.3038],[108.0102,12.3025],[108.0296,12.2983],[108.0464,12.2908],[108.0579,12.274],[108.0766,12.2642],[108.0835,12.252],[108.1013,12.2213],[108.1244,12.2048],[108.1287,12.2008],[108.1299,12.1902],[108.1272,12.1804],[108.1236,12.1713],[108.1218,12.1629],[108.1176,12.1519],[108.1139,12.1434],[108.0948,12.1403],[108.0538,12.1462],[108.0375,12.139],[108.0245,12.1281],[108.0142,12.1211],[108.0054,12.1257],[107.9986,12.1257],[107.9957,12.1141],[107.9868,12.0914],[107.9849,12.0811],[107.9847,12.0674],[107.9855,12.0647],[107.9894,12.0641],[107.9986,12.0569],[108.0078,12.0494],[108.0142,12.0461],[108.0179,12.0404],[108.0201,12.0151],[108.0231,12.0078],[108.0327,11.9954],[108.0567,11.9718],[108.0606,11.9644],[108.0642,11.9535],[108.0723,11.9482],[108.0815,11.945],[108.0879,11.9402],[108.0928,11.9224],[108.0872,11.8961],[108.0891,11.8786],[108.0795,11.8505],[108.06,11.8216],[108.0244,11.786],[108.0085,11.7736],[107.9979,11.7696],[107.9928,11.7735],[107.9868,11.7789],[107.983,11.7848],[107.978,11.7908],[107.9708,11.7951],[107.9597,11.7966],[107.9266,11.7914],[107.9149,11.7932],[107.9076,11.7998],[107.9032,11.8103],[107.9022,11.8229],[107.9031,11.834],[107.9026,11.8435],[107.8994,11.8515],[107.8933,11.8576],[107.8848,11.8618],[107.8744,11.864],[107.8644,11.8635],[107.8353,11.8589],[107.8201,11.8545],[107.7859,11.8489],[107.7788,11.8487],[107.7717,11.85],[107.7648,11.8538],[107.7523,11.8626],[107.7492,11.8658],[107.7462,11.8697],[107.7437,11.875],[107.7423,11.8811],[107.7406,11.8959],[107.7392,11.9011],[107.7358,11.906],[107.7285,11.9086],[107.7183,11.9096],[107.702,11.9069],[107.693,11.903],[107.6874,11.8971],[107.6818,11.8823],[107.6758,11.8731],[107.6221,11.8254],[107.5634,11.7869],[107.5498,11.7823],[107.519,11.7782],[107.5022,11.7731],[107.4897,11.7651],[107.4764,11.7545],[107.4652,11.7495],[107.4435,11.7444],[107.4313,11.7434],[107.4207,11.7441],[107.3904,11.7518],[107.4003,11.7854],[107.4002,11.7975],[107.3966,11.8073],[107.3881,11.8193],[107.3801,11.8334],[107.3738,11.8505],[107.367,11.8963],[107.3597,11.9182],[107.3454,11.9409],[107.3296,11.9571],[107.273,11.995],[107.2581,12.0201],[107.2473,12.0653],[107.2289,12.2997],[107.2278,12.3106],[107.2762,12.3254],[107.3202,12.3292],[107.3438,12.3151],[107.3738,12.2694],[107.393,12.2528]]]}},{"type":"Feature","properties":{"id":"VNM-461","name":"Đồng Bằng Sông Hồng","nameBn":"দং ব্যাং সং হং","type":"Region","bounds":[105.8953,20.6151,106.2574,21.0018],"center":[106.076,20.8085]},"geometry":{"type":"Polygon","coordinates":[[[106.2574,20.6959],[106.2334,20.6785],[106.2215,20.6727],[106.2065,20.6672],[106.1536,20.6688],[106.1387,20.6668],[106.1247,20.6595],[106.1129,20.6496],[106.1124,20.6316],[106.0765,20.6151],[106.0597,20.6166],[106.0538,20.6224],[106.0316,20.6535],[106.027,20.6633],[106.0252,20.6737],[106.0275,20.6846],[106.0313,20.694],[106.033,20.7019],[106.0302,20.7081],[106.0202,20.7125],[106.0072,20.7132],[105.9909,20.7142],[105.9813,20.7172],[105.9685,20.7318],[105.9647,20.771],[105.9561,20.7868],[105.9476,20.7912],[105.9286,20.7959],[105.9203,20.8013],[105.9151,20.8096],[105.9124,20.8195],[105.9115,20.8298],[105.9117,20.8397],[105.9167,20.8559],[105.9239,20.8722],[105.9247,20.8867],[105.9106,20.8978],[105.9013,20.9021],[105.8964,20.9073],[105.8953,20.9144],[105.8989,20.9309],[105.9023,20.9396],[105.9039,20.9474],[105.9124,20.9659],[105.9239,20.9745],[105.9332,20.9795],[106.0047,20.9913],[106.0228,20.9977],[106.0766,21.0018],[106.1522,20.9978],[106.1596,20.9262],[106.1325,20.8704],[106.1257,20.8512],[106.122,20.8328],[106.1266,20.8135],[106.1384,20.796],[106.1698,20.7731],[106.1916,20.7601],[106.2574,20.6959]]]}}]}