{"type":"FeatureCollection","features":[{"type":"Feature","properties":{"id":"AGO-1877","name":"Bengo","nameBn":"বেনগো প্রদেশ","type":"Province","bounds":[13.0941,-10.439,14.7183,-7.6198],"center":[13.907,-8.9995]},"geometry":{"type":"Polygon","coordinates":[[[13.371,-8.5816],[13.3654,-8.5668],[13.3521,-8.4997],[13.3421,-8.4675],[13.3555,-8.4646],[13.365,-8.4659],[13.3726,-8.4645],[13.3799,-8.4538],[13.3826,-8.444],[13.3836,-8.3687],[13.3789,-8.3471],[13.3694,-8.3235],[13.2769,-8.1789],[13.2649,-8.1697],[13.2508,-8.1244],[13.2424,-8.1072],[13.2345,-8.096],[13.2225,-8.0696],[13.2155,-8.0592],[13.198,-8.0216],[13.1893,-7.9758],[13.1229,-7.8574],[13.0941,-7.7928],[13.0958,-7.7927],[13.1014,-7.7918],[13.1496,-7.7861],[13.1754,-7.7793],[13.1942,-7.7718],[13.2032,-7.767],[13.2111,-7.7614],[13.2172,-7.7558],[13.2429,-7.7366],[13.2475,-7.7362],[13.2516,-7.7373],[13.2573,-7.741],[13.2621,-7.7435],[13.2683,-7.7452],[13.2778,-7.7466],[13.2836,-7.7449],[13.2876,-7.742],[13.2895,-7.7378],[13.2905,-7.734],[13.2927,-7.7295],[13.2969,-7.7241],[13.3085,-7.7155],[13.3205,-7.71],[13.3441,-7.702],[13.3819,-7.6941],[13.3927,-7.6938],[13.4004,-7.695],[13.4097,-7.6996],[13.4277,-7.7165],[13.4317,-7.7193],[13.4454,-7.7265],[13.4493,-7.7297],[13.4569,-7.7327],[13.4679,-7.7351],[13.4919,-7.7356],[13.5039,-7.7345],[13.619,-7.7011],[13.6262,-7.6978],[13.6335,-7.6912],[13.64,-7.6866],[13.649,-7.6813],[13.6692,-7.6742],[13.6827,-7.6728],[13.717,-7.6728],[13.7266,-7.6707],[13.7339,-7.668],[13.7374,-7.6645],[13.7415,-7.6616],[13.7458,-7.6591],[13.7604,-7.6531],[13.7681,-7.647],[13.7717,-7.6437],[13.7766,-7.6409],[13.8007,-7.6313],[13.8093,-7.6265],[13.817,-7.6198],[13.8897,-7.6292],[14.0929,-7.6331],[14.1249,-7.6418],[14.146,-7.6596],[14.1601,-7.6811],[14.2304,-7.748],[14.2888,-7.8197],[14.312,-7.8402],[14.3406,-7.8582],[14.4183,-7.8929],[14.4484,-7.9019],[14.4719,-7.9064],[14.505,-7.9058],[14.6464,-7.876],[14.6941,-7.8892],[14.7085,-7.9047],[14.7183,-7.9271],[14.7105,-8.0899],[14.7029,-8.1123],[14.6602,-8.1797],[14.6481,-8.2063],[14.6394,-8.2341],[14.6357,-8.2761],[14.639,-8.3134],[14.6618,-8.3985],[14.6351,-8.4089],[14.6249,-8.4169],[14.6207,-8.4192],[14.6158,-8.419],[14.6107,-8.4154],[14.6064,-8.4078],[14.6042,-8.4051],[14.6003,-8.4028],[14.5954,-8.4012],[14.5539,-8.393],[14.548,-8.3924],[14.5221,-8.3924],[14.5102,-8.3911],[14.5015,-8.3909],[14.4582,-8.3943],[14.4526,-8.3938],[14.4312,-8.3875],[14.4191,-8.3855],[14.393,-8.3851],[14.3772,-8.388],[14.3453,-8.4028],[14.3012,-8.4306],[14.2631,-8.4672],[14.2608,-8.4971],[14.2617,-8.5059],[14.2686,-8.5221],[14.284,-8.5443],[14.3102,-8.5684],[14.3345,-8.5979],[14.3691,-8.6954],[14.3732,-8.7181],[14.3711,-8.7413],[14.3637,-8.7632],[14.3513,-8.7844],[14.3342,-8.8045],[14.313,-8.8228],[14.279,-8.8412],[14.2351,-8.8581],[14.1206,-8.8898],[14.0863,-8.9171],[14.0804,-8.9368],[14.0841,-8.9508],[14.0996,-8.9652],[14.1337,-8.9904],[14.1412,-8.9989],[14.1432,-9.0096],[14.1418,-9.0286],[14.1288,-9.0551],[14.109,-9.071],[14.0881,-9.082],[14.074,-9.0965],[14.0742,-9.1142],[14.0983,-9.13],[14.1503,-9.1452],[14.1682,-9.1589],[14.1764,-9.1784],[14.1715,-9.1992],[14.1695,-9.2166],[14.184,-9.2412],[14.2003,-9.2655],[14.1992,-9.2736],[14.1935,-9.2921],[14.1607,-9.3316],[14.1488,-9.3531],[14.1254,-9.43],[14.0845,-9.5256],[14.0948,-9.5251],[14.1237,-9.5499],[14.1463,-9.609],[14.1615,-9.6281],[14.1779,-9.6335],[14.2029,-9.6333],[14.2268,-9.6298],[14.2397,-9.625],[14.2495,-9.6289],[14.2684,-9.6425],[14.2707,-9.6455],[14.2735,-9.6508],[14.2784,-9.6742],[14.2847,-9.6796],[14.3183,-9.6872],[14.3254,-9.6898],[14.3324,-9.6904],[14.3666,-9.6796],[14.3896,-9.6817],[14.4113,-9.6875],[14.4305,-9.6962],[14.4458,-9.7069],[14.4731,-9.7349],[14.4814,-9.7417],[14.5073,-9.7553],[14.5142,-9.7604],[14.5311,-9.7789],[14.5383,-9.7817],[14.5456,-9.7777],[14.5525,-9.772],[14.5588,-9.769],[14.5652,-9.7692],[14.5749,-9.8489],[14.5769,-9.921],[14.5746,-9.956],[14.5661,-9.9821],[14.5522,-10.0013],[14.5398,-10.0287],[14.5426,-10.0525],[14.5623,-10.1065],[14.5696,-10.142],[14.5606,-10.1667],[14.5545,-10.191],[14.5558,-10.2127],[14.5681,-10.2362],[14.5831,-10.2521],[14.6124,-10.2777],[14.6179,-10.3226],[14.614,-10.342],[14.6061,-10.3666],[14.5789,-10.4102],[14.55,-10.439],[14.4829,-10.4088],[14.4393,-10.3687],[14.4207,-10.3469],[14.3954,-10.3246],[14.3204,-10.2907],[14.2899,-10.2823],[14.2613,-10.2771],[14.2385,-10.2755],[14.2152,-10.2764],[14.1919,-10.2828],[14.168,-10.2935],[14.1446,-10.3068],[14.0813,-10.3614],[14.0436,-10.3815],[14.0239,-10.3998],[14.0175,-10.4026],[14.0081,-10.4054],[14.0026,-10.405],[13.999,-10.4037],[13.9951,-10.4004],[13.9899,-10.394],[13.9801,-10.3863],[13.9652,-10.379],[13.9371,-10.3708],[13.9184,-10.3689],[13.9029,-10.3696],[13.8442,-10.3783],[13.8324,-10.3777],[13.8248,-10.3738],[13.821,-10.3685],[13.8116,-10.3625],[13.8017,-10.3607],[13.7712,-10.3608],[13.7568,-10.3577],[13.7289,-10.3474],[13.7219,-10.3473],[13.7195,-10.3498],[13.7208,-10.3537],[13.7213,-10.3578],[13.7191,-10.362],[13.7093,-10.3648],[13.7034,-10.3639],[13.6989,-10.3608],[13.6913,-10.3455],[13.661,-10.3055],[13.6552,-10.2958],[13.6493,-10.2878],[13.6376,-10.2783],[13.5906,-10.2521],[13.5807,-10.2492],[13.5688,-10.2478],[13.5627,-10.2455],[13.559,-10.2415],[13.5553,-10.235],[13.5492,-10.2271],[13.5345,-10.2164],[13.5228,-10.2121],[13.5143,-10.2112],[13.509,-10.2129],[13.505,-10.2159],[13.5019,-10.2197],[13.4892,-10.249],[13.4891,-10.2493],[13.4551,-10.2018],[13.4426,-10.1794],[13.4312,-10.1305],[13.4153,-10.11],[13.3767,-10.0707],[13.3174,-9.9763],[13.3198,-9.9616],[13.3291,-9.9475],[13.3352,-9.9267],[13.3272,-9.886],[13.3054,-9.8425],[13.278,-9.8017],[13.1986,-9.7087],[13.1912,-9.69],[13.1961,-9.6728],[13.2186,-9.6492],[13.2254,-9.6313],[13.2239,-9.6142],[13.2178,-9.5942],[13.2096,-9.5774],[13.2014,-9.5705],[13.2024,-9.559],[13.1699,-9.4664],[13.1683,-9.4474],[13.1707,-9.4025],[13.1665,-9.3871],[13.1477,-9.3521],[13.1434,-9.3303],[13.1436,-9.3302],[13.1767,-9.3157],[13.1845,-9.3097],[13.2052,-9.278],[13.2227,-9.2406],[13.2452,-9.2034],[13.2808,-9.1725],[13.3052,-9.1617],[13.3226,-9.1605],[13.3596,-9.1657],[13.3825,-9.1634],[13.397,-9.1589],[13.4108,-9.1561],[13.4316,-9.1589],[13.4747,-9.1717],[13.4829,-9.15],[13.5042,-8.9704],[13.5417,-8.9217],[13.5712,-8.868],[13.5914,-8.8508],[13.609,-8.8429],[13.6373,-8.8357],[13.6407,-8.804],[13.6332,-8.7571],[13.6161,-8.6939],[13.6026,-8.6673],[13.5846,-8.649],[13.5646,-8.6427],[13.5451,-8.6493],[13.5286,-8.6492],[13.5171,-8.6472],[13.4699,-8.6104],[13.4477,-8.5979],[13.4286,-8.5901],[13.3713,-8.5816],[13.371,-8.5816]]]}},{"type":"Feature","properties":{"id":"AGO-1887","name":"Benguela","nameBn":"বেঙ্গুএলা প্রদেশ","type":"Province","bounds":[12.5127,-13.8741,15.1108,-11.7487],"center":[13.8119,-12.7993]},"geometry":{"type":"Polygon","coordinates":[[[12.5334,-13.567],[12.5339,-13.5652],[12.5236,-13.5512],[12.5221,-13.5442],[12.5239,-13.54],[12.5265,-13.5362],[12.527,-13.5045],[12.5246,-13.4894],[12.5149,-13.4576],[12.5127,-13.4421],[12.5153,-13.426],[12.5221,-13.4106],[12.533,-13.399],[12.5472,-13.3946],[12.568,-13.3923],[12.5755,-13.3859],[12.5808,-13.3753],[12.5947,-13.3604],[12.6111,-13.352],[12.6242,-13.3492],[12.6345,-13.3434],[12.6424,-13.3256],[12.6432,-13.3163],[12.6409,-13.3089],[12.6379,-13.302],[12.6362,-13.2946],[12.6384,-13.288],[12.6477,-13.2781],[12.6501,-13.2711],[12.6565,-13.2556],[12.6851,-13.2408],[12.6916,-13.2294],[12.6941,-13.2184],[12.7,-13.2179],[12.7068,-13.2214],[12.7121,-13.2226],[12.7306,-13.2105],[12.7318,-13.2089],[12.7498,-13.2013],[12.7615,-13.193],[12.8272,-13.1098],[12.8557,-13.0895],[12.866,-13.0787],[12.8831,-13.052],[12.9448,-12.9824],[12.9587,-12.9555],[12.9588,-12.9291],[12.9495,-12.9021],[12.9348,-12.8738],[12.9275,-12.8421],[12.9395,-12.8167],[12.9857,-12.7701],[13.0096,-12.7565],[13.075,-12.695],[13.1011,-12.6814],[13.1092,-12.6745],[13.1265,-12.6445],[13.1328,-12.6367],[13.1616,-12.6113],[13.1786,-12.6017],[13.198,-12.5994],[13.1989,-12.6036],[13.221,-12.6072],[13.2328,-12.6131],[13.2644,-12.5826],[13.2769,-12.5783],[13.2943,-12.5811],[13.3115,-12.5945],[13.3284,-12.5994],[13.364,-12.5927],[13.3929,-12.5704],[13.4377,-12.5237],[13.4597,-12.5073],[13.4692,-12.4948],[13.473,-12.4791],[13.4749,-12.4378],[13.479,-12.4191],[13.4866,-12.4008],[13.5056,-12.3714],[13.5686,-12.3115],[13.5755,-12.3115],[13.5755,-12.3183],[13.565,-12.322],[13.5583,-12.3283],[13.5568,-12.3366],[13.5618,-12.3461],[13.5775,-12.331],[13.5975,-12.2988],[13.6302,-12.2634],[13.6398,-12.2487],[13.6636,-12.1696],[13.6934,-12.1103],[13.7051,-12.0781],[13.7152,-12.0084],[13.7225,-11.9928],[13.737,-11.9777],[13.7488,-11.9612],[13.7586,-11.9425],[13.7664,-11.9205],[13.7825,-11.8209],[13.7922,-11.7909],[13.7946,-11.7702],[13.7926,-11.7487],[13.7927,-11.7487],[13.7928,-11.7487],[13.8423,-11.763],[13.8687,-11.7668],[13.8929,-11.7673],[13.9764,-11.7819],[14.0346,-11.7743],[14.0559,-11.7783],[14.0759,-11.7877],[14.087,-11.8061],[14.0963,-11.8541],[14.103,-11.8761],[14.1176,-11.8946],[14.1632,-11.9217],[14.1881,-11.9426],[14.2362,-12.0015],[14.2984,-11.956],[14.347,-11.8906],[14.3674,-11.8734],[14.4144,-11.8446],[14.4386,-11.8357],[14.464,-11.8332],[14.483,-11.8354],[14.517,-11.8598],[14.6132,-11.987],[14.6407,-12.0413],[14.6711,-12.0822],[14.7312,-12.1001],[14.7645,-12.0981],[14.8073,-12.0846],[14.8308,-12.084],[14.8545,-12.0906],[14.9454,-12.1371],[14.9624,-12.1527],[14.9721,-12.1712],[14.978,-12.188],[15.0,-12.2024],[15.0212,-12.206],[15.0168,-12.3307],[15.0198,-12.351],[15.0502,-12.448],[15.0505,-12.4712],[15.0693,-12.516],[15.0509,-12.5424],[15.0078,-12.5471],[14.9731,-12.556],[14.9504,-12.5658],[14.9259,-12.58],[14.9065,-12.5948],[14.8897,-12.6204],[14.8413,-12.6481],[14.8211,-12.6643],[14.8066,-12.685],[14.8101,-12.7318],[14.8084,-12.7572],[14.812,-12.7846],[14.839,-12.8571],[14.8499,-12.9057],[14.882,-12.967],[14.9036,-12.9981],[14.9087,-13.0111],[14.9228,-13.0737],[14.9273,-13.1257],[14.92,-13.1456],[14.916,-13.1628],[14.9127,-13.1863],[14.9194,-13.2099],[14.9301,-13.2349],[14.9621,-13.2854],[14.9855,-13.3084],[15.0379,-13.3447],[15.0696,-13.38],[15.1108,-13.4029],[15.0882,-13.4755],[14.9788,-13.5238],[14.9568,-13.5235],[14.9127,-13.5174],[14.8629,-13.5504],[14.8241,-13.5923],[14.8002,-13.6118],[14.7768,-13.6245],[14.6792,-13.6581],[14.6393,-13.6575],[14.5586,-13.6249],[14.52,-13.6091],[14.5068,-13.6064],[14.4762,-13.6143],[14.4739,-13.6398],[14.4698,-13.657],[14.454,-13.6771],[14.3851,-13.8122],[14.3541,-13.8552],[14.3019,-13.8741],[14.0822,-13.8472],[14.0473,-13.8489],[14.0226,-13.8442],[13.9736,-13.8261],[13.9572,-13.8249],[13.9325,-13.8271],[13.8583,-13.8452],[13.81,-13.8444],[13.7786,-13.8406],[13.7512,-13.8338],[13.7283,-13.8226],[13.6965,-13.8136],[13.6713,-13.8112],[13.5647,-13.8469],[13.5334,-13.8495],[13.5183,-13.846],[13.4811,-13.8332],[13.4505,-13.8269],[13.4015,-13.8319],[13.3821,-13.8221],[13.3695,-13.8038],[13.3428,-13.7571],[13.3068,-13.7105],[13.2935,-13.6871],[13.2876,-13.6646],[13.2901,-13.6415],[13.3019,-13.5962],[13.3006,-13.5789],[13.2865,-13.5621],[13.1011,-13.5217],[13.0748,-13.5255],[13.0596,-13.5391],[13.0446,-13.5555],[13.027,-13.5649],[12.9192,-13.6069],[12.8911,-13.6124],[12.8675,-13.6064],[12.8243,-13.5765],[12.7535,-13.566],[12.7043,-13.5512],[12.6132,-13.5341],[12.5851,-13.5374],[12.566,-13.5455],[12.5335,-13.5669],[12.5334,-13.567]]]}},{"type":"Feature","properties":{"id":"AGO-1886","name":"Bié","nameBn":"বিই প্রদেশ","type":"Province","bounds":[15.7482,-14.3116,19.236,-10.5742],"center":[17.4921,-12.7997]},"geometry":{"type":"Polygon","coordinates":[[[16.6116,-10.5742],[16.6272,-10.5822],[16.6387,-10.5914],[16.6208,-10.604],[16.6138,-10.611],[16.6107,-10.6187],[16.6135,-10.6331],[16.6212,-10.6389],[16.6307,-10.6415],[16.6387,-10.646],[16.6564,-10.6777],[16.6654,-10.6876],[16.6762,-10.6919],[16.7033,-10.692],[16.715,-10.6944],[16.7261,-10.7042],[16.7548,-10.7491],[16.7669,-10.76],[16.7862,-10.7689],[16.8088,-10.7711],[16.8305,-10.7621],[16.8476,-10.7652],[16.8884,-10.75],[16.9096,-10.7587],[16.9258,-10.7662],[17.0313,-10.7962],[17.0471,-10.8056],[17.0663,-10.8204],[17.0926,-10.8332],[17.1045,-10.8229],[17.1137,-10.8106],[17.1321,-10.8173],[17.1503,-10.8087],[17.1608,-10.8167],[17.1725,-10.8515],[17.185,-10.8482],[17.1994,-10.8533],[17.2143,-10.8609],[17.2277,-10.8651],[17.2812,-10.8577],[17.2898,-10.8617],[17.3006,-10.8801],[17.353,-10.9112],[17.3717,-10.9272],[17.377,-10.9435],[17.3758,-10.9783],[17.3786,-10.9955],[17.3889,-11.0113],[17.4149,-11.0363],[17.4255,-11.0695],[17.4489,-11.1025],[17.4543,-11.1224],[17.4526,-11.1571],[17.4466,-11.1707],[17.4338,-11.1811],[17.4264,-11.1736],[17.401,-11.1908],[17.392,-11.2093],[17.3987,-11.2254],[17.4201,-11.2357],[17.4366,-11.2364],[17.4463,-11.2348],[17.453,-11.2386],[17.4605,-11.2562],[17.4582,-11.2755],[17.4586,-11.2889],[17.4642,-11.2999],[17.4777,-11.3172],[17.515,-11.3784],[17.5191,-11.3958],[17.516,-11.4017],[17.5152,-11.409],[17.5157,-11.4237],[17.5129,-11.4298],[17.5064,-11.4349],[17.4921,-11.4436],[17.4885,-11.4517],[17.4904,-11.4759],[17.4884,-11.4889],[17.5003,-11.482],[17.5161,-11.4764],[17.5285,-11.4786],[17.53,-11.4951],[17.5233,-11.5016],[17.4972,-11.5114],[17.4884,-11.5162],[17.478,-11.5389],[17.4815,-11.5627],[17.5086,-11.621],[17.5112,-11.6325],[17.5111,-11.6441],[17.5089,-11.6602],[17.5039,-11.6777],[17.5006,-11.684],[17.5048,-11.6871],[17.5723,-11.7187],[17.5878,-11.7262],[17.616,-11.7196],[17.6336,-11.715],[17.6504,-11.7086],[17.6974,-11.6703],[17.7212,-11.6545],[17.8165,-11.5559],[17.8349,-11.5309],[17.8434,-11.5002],[17.8416,-11.4299],[17.8289,-11.3624],[17.8586,-11.3887],[17.8725,-11.3968],[17.879,-11.4033],[17.8816,-11.4075],[17.8838,-11.4123],[17.8909,-11.433],[17.8988,-11.4455],[17.903,-11.4543],[17.9043,-11.4584],[17.9046,-11.4605],[17.9004,-11.4955],[17.9009,-11.501],[17.9015,-11.5043],[17.9053,-11.5128],[17.9081,-11.5169],[17.9115,-11.5204],[17.9156,-11.5233],[17.9201,-11.5257],[17.9255,-11.5272],[17.931,-11.5279],[17.9446,-11.5282],[17.9491,-11.529],[17.958,-11.529],[17.9652,-11.5276],[17.9885,-11.5211],[18.0017,-11.5192],[18.0054,-11.5201],[18.0079,-11.5214],[18.0113,-11.5234],[18.0151,-11.5261],[18.0186,-11.5294],[18.0214,-11.5335],[18.0234,-11.5376],[18.0248,-11.5417],[18.0279,-11.5479],[18.033,-11.5527],[18.036,-11.5548],[18.04,-11.5567],[18.0475,-11.5562],[18.0576,-11.5533],[18.0753,-11.5449],[18.0856,-11.5421],[18.0937,-11.5416],[18.1028,-11.5446],[18.106,-11.5452],[18.1299,-11.5476],[18.146,-11.5524],[18.1529,-11.5528],[18.1606,-11.5524],[18.1712,-11.5497],[18.1805,-11.5483],[18.2557,-11.5285],[18.2812,-11.5271],[18.3318,-11.5382],[18.3808,-11.5413],[18.4056,-11.5404],[18.4279,-11.5336],[18.4475,-11.5213],[18.515,-11.4533],[18.5352,-11.4394],[18.5876,-11.4127],[18.693,-11.3741],[18.7436,-11.364],[18.767,-11.3637],[18.8109,-11.3693],[18.828,-11.3635],[18.8369,-11.3476],[18.8338,-11.3272],[18.8327,-11.3065],[18.8288,-11.2911],[18.8218,-11.2772],[18.814,-11.2688],[18.8055,-11.2621],[18.7968,-11.2562],[18.7756,-11.2328],[18.7755,-11.2144],[18.7844,-11.1949],[18.79,-11.1674],[18.7836,-11.1413],[18.7554,-11.0909],[18.7484,-11.0638],[18.7513,-11.0359],[18.7639,-10.9887],[18.7627,-10.9613],[18.9735,-11.0941],[19.0207,-11.1297],[19.0679,-11.1785],[19.0901,-11.197],[19.1142,-11.2068],[19.168,-11.2182],[19.201,-11.2295],[19.2212,-11.2479],[19.2349,-11.2705],[19.236,-11.2937],[19.2145,-11.3427],[19.2075,-11.3679],[19.1973,-11.392],[19.1897,-11.4315],[19.1886,-11.456],[19.1661,-11.4601],[19.1504,-11.4725],[19.1366,-11.4861],[19.0995,-11.5339],[19.0892,-11.5556],[19.0828,-11.5786],[19.0757,-11.6283],[19.0642,-11.6588],[19.0457,-11.6792],[19.0265,-11.6891],[18.9945,-11.6924],[18.9779,-11.6961],[18.9664,-11.7069],[18.965,-11.7262],[18.9697,-11.7473],[18.9607,-11.7747],[18.9422,-11.7888],[18.9164,-11.8046],[18.9036,-11.8227],[18.8797,-11.87],[18.8575,-11.9],[18.8476,-11.9267],[18.848,-11.953],[18.8663,-11.9921],[18.8697,-12.002],[18.869,-12.0137],[18.8626,-12.0377],[18.8491,-12.0598],[18.8081,-12.1069],[18.8004,-12.1129],[18.7737,-12.1278],[18.7408,-12.1601],[18.7255,-12.1789],[18.7222,-12.1911],[18.7225,-12.2021],[18.7282,-12.2134],[18.7324,-12.2269],[18.7264,-12.2457],[18.7107,-12.2623],[18.6574,-12.2918],[18.6238,-12.3199],[18.5954,-12.339],[18.5415,-12.3616],[18.5186,-12.3771],[18.4327,-12.46],[18.4168,-12.4963],[18.4197,-12.5233],[18.4132,-12.5411],[18.4004,-12.5631],[18.3838,-12.5858],[18.3204,-12.654],[18.3089,-12.68],[18.3068,-12.7005],[18.2992,-12.7301],[18.282,-12.7499],[18.1843,-12.8288],[18.1605,-12.8417],[18.1544,-12.8624],[18.1586,-12.8839],[18.176,-12.9342],[18.1712,-12.9641],[18.1365,-13.0091],[18.12,-13.0373],[18.1045,-13.0529],[18.078,-13.0693],[18.059,-13.0865],[18.0587,-13.105],[18.0409,-13.1504],[18.0458,-13.173],[18.0689,-13.2306],[18.0768,-13.2737],[18.0712,-13.2999],[18.0531,-13.3164],[18.0089,-13.3347],[17.9954,-13.3418],[17.9764,-13.355],[17.9597,-13.3726],[17.9473,-13.3943],[17.9508,-13.4176],[17.9592,-13.4415],[17.9637,-13.4658],[17.9491,-13.5075],[17.9452,-13.5248],[17.9491,-13.5405],[17.9531,-13.5724],[17.9418,-13.6106],[17.9252,-13.6472],[17.8931,-13.6746],[17.8085,-13.694],[17.7973,-13.7138],[17.7977,-13.7351],[17.8051,-13.7599],[17.807,-13.8512],[17.8048,-13.861],[17.8,-13.8702],[17.7787,-13.8988],[17.7707,-13.9076],[17.7635,-13.9132],[17.7582,-13.9148],[17.7511,-13.9192],[17.7426,-13.9259],[17.7278,-13.941],[17.7126,-13.9521],[17.7011,-13.9558],[17.6963,-13.958],[17.6917,-13.9606],[17.6479,-13.9907],[17.6414,-13.9936],[17.6369,-13.9951],[17.6313,-13.9956],[17.607,-13.9927],[17.6009,-13.9931],[17.5955,-13.9939],[17.5551,-14.0106],[17.5505,-14.0117],[17.5446,-14.0121],[17.5197,-14.0088],[17.5129,-14.0084],[17.5042,-14.0097],[17.4945,-14.0128],[17.4788,-14.0202],[17.471,-14.0253],[17.4654,-14.0301],[17.4352,-14.0753],[17.4031,-14.1112],[17.3964,-14.1169],[17.3551,-14.1436],[17.3501,-14.1484],[17.348,-14.1527],[17.3461,-14.1576],[17.3442,-14.1695],[17.3467,-14.2057],[17.3461,-14.2146],[17.3453,-14.2197],[17.3421,-14.2302],[17.3377,-14.2399],[17.3081,-14.2803],[17.3068,-14.2848],[17.3068,-14.2876],[17.3078,-14.2919],[17.3093,-14.2958],[17.3177,-14.3094],[17.3008,-14.3116],[17.2831,-14.3092],[17.2585,-14.3019],[17.2319,-14.2894],[17.1725,-14.2486],[17.1388,-14.2348],[17.0859,-14.2032],[17.0423,-14.1654],[17.0322,-14.1438],[17.0202,-14.0962],[17.0119,-14.0736],[16.9804,-14.0242],[16.9653,-14.0071],[16.9534,-13.9984],[16.931,-13.991],[16.908,-13.9897],[16.8795,-13.9998],[16.8704,-14.006],[16.8522,-14.0151],[16.8303,-14.0233],[16.8075,-14.0202],[16.7881,-14.0118],[16.7546,-13.9898],[16.7338,-13.9813],[16.707,-13.9775],[16.6745,-13.9855],[16.6413,-13.9995],[16.5966,-14.0038],[16.5041,-13.9999],[16.4938,-14.0016],[16.4736,-14.0103],[16.4769,-13.8463],[16.475,-13.8415],[16.4722,-13.8308],[16.4713,-13.8249],[16.4717,-13.8176],[16.4733,-13.8095],[16.4779,-13.7981],[16.4868,-13.7822],[16.4888,-13.7759],[16.4908,-13.766],[16.4914,-13.7486],[16.4981,-13.7213],[16.5015,-13.7121],[16.5049,-13.6957],[16.5066,-13.6903],[16.5186,-13.6669],[16.5203,-13.6615],[16.5327,-13.55],[16.5326,-13.5395],[16.522,-13.454],[16.5172,-13.432],[16.5173,-13.4117],[16.5262,-13.3563],[16.5389,-13.2728],[16.5378,-13.2183],[16.5329,-13.1894],[16.5346,-13.178],[16.5381,-13.1688],[16.5388,-13.1625],[16.5377,-13.1534],[16.5186,-13.0641],[16.5107,-12.9354],[16.5085,-12.907],[16.5093,-12.8872],[16.5037,-12.8584],[16.5013,-12.8098],[16.5054,-12.759],[16.5052,-12.7549],[16.5029,-12.7515],[16.459,-12.7362],[16.4114,-12.7127],[16.389,-12.6966],[16.3689,-12.6762],[16.3528,-12.6442],[16.3176,-12.6013],[16.306,-12.5795],[16.3032,-12.5535],[16.308,-12.5379],[16.3245,-12.5227],[16.3563,-12.5031],[16.3634,-12.4964],[16.3712,-12.484],[16.3772,-12.4633],[16.382,-12.4356],[16.3826,-12.4071],[16.3795,-12.3791],[16.3645,-12.3476],[16.3541,-12.3175],[16.3409,-12.2988],[16.3375,-12.2881],[16.3375,-12.2769],[16.3401,-12.266],[16.3421,-12.2611],[16.3448,-12.2561],[16.351,-12.2496],[16.3609,-12.2411],[16.3885,-12.2227],[16.4068,-12.2128],[16.4649,-12.1663],[16.4796,-12.1512],[16.5072,-12.1071],[16.5103,-12.0839],[16.519,-12.0551],[16.5319,-12.0374],[16.5623,-11.9918],[16.5763,-11.9745],[16.5789,-11.9696],[16.5828,-11.9419],[16.5814,-11.9296],[16.5757,-11.9081],[16.5705,-11.8995],[16.5628,-11.8907],[16.5465,-11.8758],[16.5381,-11.8658],[16.4868,-11.8239],[16.4807,-11.816],[16.4798,-11.8103],[16.4795,-11.7978],[16.4745,-11.7688],[16.4703,-11.7591],[16.4677,-11.7547],[16.4577,-11.7465],[16.4061,-11.7108],[16.394,-11.6988],[16.3878,-11.6899],[16.3837,-11.6821],[16.3749,-11.6732],[16.3528,-11.656],[16.3355,-11.6345],[16.3217,-11.6212],[16.3173,-11.6152],[16.3145,-11.6099],[16.3069,-11.5617],[16.3069,-11.5538],[16.3063,-11.5477],[16.3045,-11.5391],[16.3,-11.5293],[16.2923,-11.503],[16.2819,-11.497],[16.2626,-11.488],[16.2123,-11.4841],[16.1753,-11.4722],[16.0554,-11.4495],[15.9991,-11.4693],[15.9839,-11.4776],[15.9416,-11.4827],[15.9048,-11.4879],[15.8735,-11.4849],[15.8287,-11.4761],[15.7482,-11.4437],[15.7722,-11.3966],[15.7875,-11.3459],[15.7858,-11.2768],[15.8119,-11.247],[15.8729,-11.1588],[15.8928,-11.122],[15.9105,-11.0796],[15.9511,-10.9468],[16.0048,-10.9827],[16.0236,-10.9908],[16.0481,-10.9919],[16.1078,-10.9868],[16.1428,-10.9948],[16.158,-11.0011],[16.1696,-11.0036],[16.1868,-11.0032],[16.2065,-10.9941],[16.2237,-10.9747],[16.281,-10.8801],[16.3003,-10.8567],[16.3245,-10.8346],[16.3608,-10.8115],[16.417,-10.7832],[16.4421,-10.7666],[16.4656,-10.7468],[16.5044,-10.6972],[16.5253,-10.6867],[16.5487,-10.6808],[16.5519,-10.6792],[16.5575,-10.6734],[16.5838,-10.6353],[16.5872,-10.6283],[16.5872,-10.624],[16.5845,-10.6155],[16.5817,-10.6099],[16.5797,-10.6041],[16.5814,-10.5968],[16.5835,-10.5912],[16.6116,-10.5742]]]}},{"type":"Feature","properties":{"id":"AGO-1885","name":"Cabinda","nameBn":"কাবিনডা প্রদেশ","type":"Province","bounds":[12.0096,-5.7634,13.0737,-4.3912],"center":[12.543,-4.8015]},"geometry":{"type":"Polygon","coordinates":[[[12.7827,-4.4001],[12.8011,-4.41],[12.8148,-4.4129],[12.8303,-4.4097],[12.8423,-4.4043],[12.8543,-4.4031],[12.8699,-4.412],[12.8845,-4.4321],[12.9024,-4.4802],[12.922,-4.5023],[12.9616,-4.5338],[13.0272,-4.6122],[13.0737,-4.6353],[13.0653,-4.664],[13.0296,-4.6769],[12.8332,-4.7227],[12.8029,-4.7398],[12.7862,-4.7584],[12.7748,-4.7795],[12.7683,-4.8019],[12.7662,-4.8252],[12.7569,-4.8373],[12.712,-4.8633],[12.697,-4.8756],[12.6883,-4.897],[12.6862,-4.9128],[12.6789,-4.9243],[12.6544,-4.9326],[12.6159,-4.9355],[12.607,-4.9422],[12.604,-4.9626],[12.5877,-5.0003],[12.5504,-5.0242],[12.4665,-5.0531],[12.4581,-5.0542],[12.4507,-5.0531],[12.4444,-5.0551],[12.4394,-5.0648],[12.4389,-5.0733],[12.4408,-5.084],[12.4447,-5.0935],[12.4504,-5.0988],[12.512,-5.1205],[12.5241,-5.1291],[12.5307,-5.1627],[12.5277,-5.2395],[12.5244,-5.3247],[12.5197,-5.4442],[12.515,-5.5688],[12.5125,-5.6337],[12.509,-5.7263],[12.4355,-5.7255],[12.3444,-5.7246],[12.259,-5.7367],[12.2105,-5.7634],[12.2103,-5.7631],[12.1618,-5.6812],[12.1472,-5.6179],[12.1702,-5.5546],[12.1824,-5.5432],[12.1934,-5.5406],[12.2048,-5.5398],[12.2186,-5.5341],[12.2283,-5.5237],[12.2322,-5.5109],[12.2322,-5.4796],[12.2293,-5.4669],[12.2141,-5.4312],[12.1964,-5.3961],[12.1714,-5.3291],[12.1721,-5.3021],[12.1323,-5.2325],[12.1246,-5.1848],[12.0697,-5.1198],[12.0231,-5.046],[12.0233,-5.0353],[12.0352,-5.0385],[12.0548,-5.0424],[12.0678,-5.0463],[12.0743,-5.0521],[12.0809,-5.0755],[12.1005,-5.08],[12.1168,-5.0696],[12.1273,-5.0534],[12.1286,-5.0397],[12.1377,-5.0345],[12.1371,-5.015],[12.1325,-5.0059],[12.1233,-5.0027],[12.1129,-5.002],[12.1051,-5.0131],[12.1031,-5.0274],[12.1037,-5.0488],[12.0979,-5.054],[12.0907,-5.0508],[12.0861,-5.0306],[12.0796,-5.0202],[12.0718,-5.0176],[12.0665,-5.0267],[12.0567,-5.0274],[12.045,-5.0209],[12.0306,-5.0229],[12.0096,-5.0196],[12.0181,-5.0086],[12.1308,-4.9129],[12.1572,-4.8706],[12.1876,-4.768],[12.1922,-4.7635],[12.2041,-4.7635],[12.2135,-4.7692],[12.2226,-4.7806],[12.2352,-4.804],[12.2441,-4.7963],[12.2586,-4.7908],[12.2738,-4.7871],[12.3077,-4.7836],[12.3219,-4.7782],[12.3324,-4.7659],[12.3741,-4.6832],[12.3789,-4.6623],[12.3776,-4.6194],[12.387,-4.6055],[12.4141,-4.6089],[12.4291,-4.6075],[12.4972,-4.5853],[12.6081,-4.565],[12.6238,-4.5593],[12.6349,-4.5477],[12.6566,-4.5074],[12.6705,-4.4914],[12.6869,-4.4783],[12.7049,-4.468],[12.7185,-4.4519],[12.7265,-4.428],[12.7379,-4.405],[12.7617,-4.3912],[12.7754,-4.3962],[12.7827,-4.4001]]]}},{"type":"Feature","properties":{"id":"AGO-1888","name":"Cuando Cubango","nameBn":"কুয়ান্ডু কুবাং প্রদেশ","type":"Province","bounds":[16.4618,-18.0314,23.3823,-13.5724],"center":[19.9218,-16.311]},"geometry":{"type":"Polygon","coordinates":[[[21.9838,-16.1659],[22.0104,-16.1981],[22.0452,-16.2523],[22.0199,-16.2531],[22.0117,-16.2523],[22.0224,-16.2663],[22.026,-16.279],[22.0277,-16.2917],[22.0322,-16.3063],[22.0366,-16.3122],[22.0486,-16.3224],[22.052,-16.3268],[22.0537,-16.3365],[22.0542,-16.3586],[22.0558,-16.3646],[22.0891,-16.372],[22.1056,-16.3794],[22.1036,-16.3919],[22.0943,-16.4047],[22.086,-16.4223],[22.0807,-16.441],[22.0799,-16.4578],[22.0846,-16.4702],[22.1017,-16.498],[22.1073,-16.5123],[22.1066,-16.526],[22.104,-16.5367],[22.1081,-16.5439],[22.1273,-16.5464],[22.1381,-16.5526],[22.1425,-16.5671],[22.1451,-16.5841],[22.1517,-16.5977],[22.2377,-16.6655],[22.2513,-16.67],[22.259,-16.6692],[22.2741,-16.6636],[22.2837,-16.6614],[22.2874,-16.6583],[22.2908,-16.6564],[22.2956,-16.6592],[22.3031,-16.6669],[22.307,-16.6692],[22.3337,-16.6737],[22.3435,-16.6832],[22.3501,-16.6963],[22.3658,-16.7169],[22.3726,-16.7288],[22.378,-16.7348],[22.3836,-16.7375],[22.3996,-16.7404],[22.4089,-16.7458],[22.4166,-16.7545],[22.4891,-16.8654],[22.4997,-16.8935],[22.5085,-16.9062],[22.5229,-16.9147],[22.5545,-16.9242],[22.5672,-16.9369],[22.5693,-16.945],[22.5692,-16.9624],[22.5734,-16.971],[22.5793,-16.9753],[22.592,-16.9754],[22.6517,-16.9987],[22.6656,-17.0086],[22.7105,-17.0554],[22.7307,-17.0816],[22.7448,-17.1083],[22.7559,-17.1549],[22.7652,-17.1696],[22.7783,-17.1804],[22.8094,-17.1964],[22.8492,-17.231],[22.8762,-17.2481],[22.9365,-17.2733],[22.9842,-17.2858],[22.9986,-17.2938],[23.0404,-17.3371],[23.0464,-17.3484],[23.0541,-17.3753],[23.073,-17.4051],[23.0976,-17.4322],[23.1215,-17.4509],[23.1657,-17.4674],[23.1762,-17.4782],[23.1791,-17.4942],[23.1769,-17.5098],[23.1775,-17.524],[23.1897,-17.5366],[23.207,-17.5412],[23.2242,-17.5393],[23.2413,-17.5351],[23.2584,-17.5328],[23.2908,-17.5354],[23.3054,-17.5395],[23.3202,-17.5464],[23.3406,-17.5607],[23.3594,-17.5829],[23.3823,-17.601],[23.3751,-17.6154],[23.376,-17.6282],[23.3817,-17.6411],[23.298,-17.6569],[23.0939,-17.6954],[22.8898,-17.7341],[22.6857,-17.7728],[22.4814,-17.8114],[22.2305,-17.8576],[21.9795,-17.9038],[21.7285,-17.9499],[21.4776,-17.9961],[21.4055,-18.0093],[21.3868,-18.0145],[21.3812,-18.0126],[21.3648,-17.992],[21.3351,-17.978],[21.2781,-17.9585],[21.2327,-17.9345],[21.2166,-17.9306],[21.1758,-17.9332],[21.1613,-17.9306],[21.1431,-17.9337],[21.1261,-17.9411],[21.1094,-17.945],[21.0931,-17.9381],[21.0007,-17.9621],[20.9865,-17.9658],[20.9083,-17.9861],[20.8945,-18.0126],[20.8616,-18.0188],[20.8319,-18.0293],[20.8062,-18.0314],[20.7846,-18.0126],[20.7544,-17.9979],[20.7375,-17.9935],[20.7299,-18.0024],[20.7225,-18.0065],[20.7062,-18.0038],[20.6896,-17.997],[20.6822,-17.9886],[20.6663,-17.9802],[20.6301,-17.9769],[20.5907,-17.9788],[20.5655,-17.9852],[20.5529,-17.9791],[20.5239,-17.9585],[20.4895,-17.9421],[20.4795,-17.9344],[20.4601,-17.9137],[20.4375,-17.8945],[20.4126,-17.8841],[20.3868,-17.8903],[20.3477,-17.8589],[20.3362,-17.8549],[20.3028,-17.8608],[20.2889,-17.8616],[20.2782,-17.8549],[20.2434,-17.8828],[20.2199,-17.8734],[20.1931,-17.8721],[20.1692,-17.8781],[20.1546,-17.8903],[20.1471,-17.8828],[20.133,-17.8888],[20.1199,-17.8907],[20.0926,-17.8903],[20.0343,-17.8959],[20.0245,-17.8946],[19.9895,-17.8828],[19.952,-17.8623],[19.794,-17.8623],[19.7877,-17.8665],[19.776,-17.8851],[19.771,-17.8903],[19.7552,-17.8891],[19.7321,-17.8821],[19.7113,-17.873],[19.7022,-17.8657],[19.6932,-17.8477],[19.6726,-17.8427],[19.6498,-17.845],[19.5928,-17.8573],[19.4213,-17.8594],[19.2624,-17.8139],[19.2466,-17.804],[19.2019,-17.8071],[19.1721,-17.8012],[19.1608,-17.8009],[19.1393,-17.8053],[19.1051,-17.8182],[19.0206,-17.8223],[18.89,-17.7993],[18.8008,-17.7566],[18.762,-17.7477],[18.7482,-17.7363],[18.7283,-17.7109],[18.6709,-17.6531],[18.6613,-17.6467],[18.6428,-17.638],[18.6333,-17.6289],[18.6279,-17.6199],[18.6229,-17.6022],[18.6197,-17.5948],[18.5675,-17.5533],[18.5541,-17.5464],[18.5509,-17.5353],[18.5166,-17.4713],[18.4928,-17.4645],[18.4899,-17.4624],[18.4881,-17.4521],[18.4717,-17.4143],[18.4652,-17.4092],[18.4586,-17.4053],[18.455,-17.396],[18.4536,-17.3899],[18.4457,-17.3893],[18.3923,-17.3893],[18.1357,-17.3892],[18.0005,-17.3891],[17.8791,-17.3891],[17.6226,-17.389],[17.3661,-17.389],[17.279,-17.3889],[17.279,-17.3887],[17.2825,-17.2203],[17.2355,-17.0028],[17.2263,-16.9014],[17.2274,-16.8358],[17.2352,-16.7706],[17.2466,-16.7358],[17.2899,-16.6406],[17.3101,-16.5576],[17.3734,-16.483],[17.391,-16.4536],[17.4026,-16.4254],[17.4175,-16.3655],[17.413,-16.2438],[17.3868,-16.0509],[17.3835,-15.9248],[17.3751,-15.8941],[17.3591,-15.8645],[17.3427,-15.8462],[17.2961,-15.806],[17.1672,-15.5824],[17.1405,-15.5586],[17.0854,-15.5216],[17.0731,-15.5071],[17.0674,-15.498],[17.0545,-15.4502],[17.0496,-15.4529],[17.0413,-15.456],[17.0359,-15.457],[17.0287,-15.4495],[17.0202,-15.427],[17.0117,-15.4222],[16.9904,-15.4228],[16.9793,-15.4219],[16.9704,-15.4162],[16.9326,-15.3827],[16.9244,-15.3777],[16.913,-15.3738],[16.913,-15.3676],[16.917,-15.3647],[16.9218,-15.3583],[16.9267,-15.3539],[16.9171,-15.3488],[16.8923,-15.3321],[16.882,-15.3226],[16.855,-15.3061],[16.8453,-15.3034],[16.8454,-15.2968],[16.8516,-15.2851],[16.8473,-15.2578],[16.8396,-15.248],[16.8069,-15.2401],[16.7921,-15.2303],[16.7801,-15.2179],[16.7752,-15.2062],[16.7777,-15.1941],[16.7816,-15.1822],[16.7815,-15.1732],[16.7721,-15.1696],[16.759,-15.1678],[16.748,-15.1631],[16.7046,-15.1137],[16.696,-15.0972],[16.6933,-15.0802],[16.6969,-15.0737],[16.7117,-15.0627],[16.715,-15.056],[16.7138,-15.0528],[16.711,-15.0512],[16.7082,-15.0486],[16.7038,-15.0304],[16.6967,-15.0206],[16.6897,-15.0131],[16.6865,-15.0079],[16.6816,-14.9977],[16.6592,-14.9708],[16.6523,-14.9561],[16.6508,-14.9337],[16.6598,-14.8776],[16.6558,-14.8538],[16.6454,-14.8334],[16.6067,-14.7856],[16.6037,-14.7769],[16.6073,-14.768],[16.611,-14.7615],[16.6213,-14.737],[16.6326,-14.7344],[16.6298,-14.7284],[16.62,-14.7215],[16.6107,-14.7165],[16.6014,-14.7136],[16.5698,-14.7097],[16.5748,-14.7044],[16.5835,-14.6886],[16.5575,-14.6842],[16.5331,-14.6695],[16.5131,-14.6491],[16.5064,-14.6374],[16.5027,-14.6288],[16.5023,-14.6268],[16.5026,-14.543],[16.504,-14.5281],[16.5062,-14.5193],[16.5058,-14.5017],[16.5026,-14.479],[16.5023,-14.467],[16.5031,-14.4579],[16.5046,-14.4517],[16.5052,-14.4426],[16.5046,-14.4288],[16.4973,-14.4033],[16.4814,-14.372],[16.477,-14.3585],[16.4618,-14.2682],[16.4622,-14.2619],[16.4635,-14.2564],[16.4664,-14.2524],[16.4706,-14.2499],[16.4751,-14.2483],[16.4778,-14.2463],[16.4801,-14.2435],[16.482,-14.2392],[16.4882,-14.1819],[16.4951,-14.1574],[16.4965,-14.1469],[16.4941,-14.1352],[16.48,-14.0924],[16.4773,-14.0788],[16.4772,-14.069],[16.4826,-14.0589],[16.4848,-14.0524],[16.4848,-14.04],[16.4835,-14.033],[16.4736,-14.0103],[16.4938,-14.0016],[16.5041,-13.9999],[16.5966,-14.0038],[16.6413,-13.9995],[16.6745,-13.9855],[16.707,-13.9775],[16.7338,-13.9813],[16.7546,-13.9898],[16.7881,-14.0118],[16.8075,-14.0202],[16.8303,-14.0233],[16.8522,-14.0151],[16.8704,-14.006],[16.8795,-13.9998],[16.908,-13.9897],[16.931,-13.991],[16.9534,-13.9984],[16.9653,-14.0071],[16.9804,-14.0242],[17.0119,-14.0736],[17.0202,-14.0962],[17.0322,-14.1438],[17.0423,-14.1654],[17.0859,-14.2032],[17.1388,-14.2348],[17.1725,-14.2486],[17.2319,-14.2894],[17.2585,-14.3019],[17.2831,-14.3092],[17.3008,-14.3116],[17.3177,-14.3094],[17.3093,-14.2958],[17.3078,-14.2919],[17.3068,-14.2876],[17.3068,-14.2848],[17.3081,-14.2803],[17.3377,-14.2399],[17.3421,-14.2302],[17.3453,-14.2197],[17.3461,-14.2146],[17.3467,-14.2057],[17.3442,-14.1695],[17.3461,-14.1576],[17.348,-14.1527],[17.3501,-14.1484],[17.3551,-14.1436],[17.3964,-14.1169],[17.4031,-14.1112],[17.4352,-14.0753],[17.4654,-14.0301],[17.471,-14.0253],[17.4788,-14.0202],[17.4945,-14.0128],[17.5042,-14.0097],[17.5129,-14.0084],[17.5197,-14.0088],[17.5446,-14.0121],[17.5505,-14.0117],[17.5551,-14.0106],[17.5955,-13.9939],[17.6009,-13.9931],[17.607,-13.9927],[17.6313,-13.9956],[17.6369,-13.9951],[17.6414,-13.9936],[17.6479,-13.9907],[17.6917,-13.9606],[17.6963,-13.958],[17.7011,-13.9558],[17.7126,-13.9521],[17.7278,-13.941],[17.7426,-13.9259],[17.7511,-13.9192],[17.7582,-13.9148],[17.7635,-13.9132],[17.7707,-13.9076],[17.7787,-13.8988],[17.8,-13.8702],[17.8048,-13.861],[17.807,-13.8512],[17.8051,-13.7599],[17.7977,-13.7351],[17.7973,-13.7138],[17.8085,-13.694],[17.8931,-13.6746],[17.9252,-13.6472],[17.9418,-13.6106],[17.9531,-13.5724],[17.9845,-13.5835],[18.2159,-13.7087],[18.2477,-13.7164],[18.275,-13.717],[18.2975,-13.7132],[18.3327,-13.7199],[18.4606,-13.7779],[18.5,-13.7914],[18.5322,-13.7977],[18.5549,-13.8066],[18.6181,-13.8565],[18.6274,-13.8616],[18.6365,-13.8632],[18.6443,-13.866],[18.6561,-13.8774],[18.666,-13.8978],[18.6708,-13.9023],[18.7026,-13.922],[18.7137,-13.9327],[18.7275,-13.9493],[18.7326,-13.9575],[18.7343,-13.9614],[18.7349,-13.9635],[18.7348,-13.9761],[18.7361,-13.9816],[18.7386,-13.9861],[18.7481,-13.9968],[18.7507,-14.0005],[18.7571,-14.0164],[18.7603,-14.0216],[18.7647,-14.0269],[18.7717,-14.0336],[18.7793,-14.0432],[18.7872,-14.0575],[18.7884,-14.0624],[18.7884,-14.0677],[18.7863,-14.0725],[18.781,-14.0817],[18.7793,-14.0869],[18.7795,-14.0926],[18.781,-14.0976],[18.7864,-14.1064],[18.7919,-14.1221],[18.7965,-14.131],[18.7976,-14.1359],[18.797,-14.1467],[18.7976,-14.1524],[18.7996,-14.1568],[18.8053,-14.1653],[18.8063,-14.17],[18.805,-14.1751],[18.8027,-14.1796],[18.8007,-14.1847],[18.7996,-14.1896],[18.8002,-14.1949],[18.8029,-14.2049],[18.8041,-14.222],[18.8063,-14.2268],[18.8123,-14.2353],[18.8151,-14.2398],[18.8191,-14.2499],[18.8204,-14.2555],[18.8239,-14.2652],[18.8389,-14.2839],[18.846,-14.3069],[18.8483,-14.3113],[18.8562,-14.3196],[18.8623,-14.3243],[18.8662,-14.3286],[18.869,-14.3335],[18.8697,-14.3392],[18.87,-14.3445],[18.8716,-14.3494],[18.8752,-14.3545],[18.8873,-14.369],[18.8895,-14.3753],[18.8923,-14.3789],[18.8972,-14.3837],[18.9093,-14.3879],[18.9236,-14.396],[18.9341,-14.3996],[18.9474,-14.3988],[19.0175,-14.3742],[19.0511,-14.3717],[19.0905,-14.3744],[19.1588,-14.3896],[19.1786,-14.3806],[19.1849,-14.365],[19.1737,-14.3203],[19.1737,-14.2995],[19.1796,-14.2802],[19.1978,-14.2658],[19.2219,-14.2533],[19.2499,-14.2513],[19.2822,-14.259],[19.3279,-14.2789],[19.4146,-14.296],[19.4963,-14.2857],[19.5278,-14.2897],[19.5447,-14.3084],[19.5539,-14.3216],[19.5614,-14.3348],[19.5694,-14.3453],[19.595,-14.365],[19.6049,-14.3745],[19.6125,-14.3857],[19.6202,-14.4049],[19.627,-14.4329],[19.6324,-14.444],[19.6405,-14.4555],[19.6558,-14.4701],[19.672,-14.4937],[19.6742,-14.499],[19.6822,-14.5298],[19.6884,-14.5401],[19.6977,-14.5494],[19.7261,-14.5682],[19.7356,-14.5776],[19.7431,-14.5911],[19.7511,-14.6017],[19.7645,-14.6112],[19.7764,-14.622],[19.7887,-14.6378],[19.8236,-14.6746],[19.8799,-14.7184],[19.8892,-14.7318],[19.8976,-14.7411],[19.9144,-14.7495],[19.9252,-14.7645],[19.9477,-14.7707],[19.9826,-14.7939],[20.009,-14.8315],[20.0193,-14.8411],[20.0486,-14.862],[20.0571,-14.8703],[20.0635,-14.8777],[20.0772,-14.8966],[20.0823,-14.9023],[20.0877,-14.9061],[20.1651,-14.9476],[20.2151,-14.9628],[20.2359,-14.9723],[20.25,-14.981],[20.2557,-14.9837],[20.2623,-14.9851],[20.2711,-14.9854],[20.3056,-14.9809],[20.3416,-14.9821],[20.3839,-14.9887],[20.3896,-14.9902],[20.4001,-14.9909],[20.4186,-14.9955],[20.433,-14.9925],[20.4464,-14.9869],[20.4621,-14.984],[20.5344,-14.984],[20.5437,-14.9854],[20.5493,-14.9875],[20.5542,-14.9868],[20.5689,-14.975],[20.5905,-14.9657],[20.5993,-14.9635],[20.6084,-14.964],[20.6271,-14.9691],[20.6369,-14.9704],[20.6443,-14.968],[20.6588,-14.958],[20.6676,-14.9561],[20.6827,-14.9602],[20.7302,-14.9875],[20.7669,-14.9994],[20.787,-15.0031],[20.8048,-15.0045],[20.8201,-14.9987],[20.8276,-14.9878],[20.8376,-14.9819],[20.86,-14.9909],[20.8907,-15.0155],[20.9072,-15.0186],[20.9276,-15.0045],[20.9374,-15.0189],[20.9487,-15.0318],[20.9521,-15.0455],[20.9565,-15.0514],[20.96,-15.0514],[20.964,-15.0502],[20.9692,-15.0523],[21.0525,-15.1396],[21.0733,-15.1716],[21.0991,-15.1997],[21.1064,-15.2162],[21.1217,-15.2085],[21.131,-15.2075],[21.1382,-15.2128],[21.1474,-15.2236],[21.1492,-15.2324],[21.1555,-15.2495],[21.1672,-15.2613],[21.1852,-15.254],[21.2108,-15.2496],[21.2348,-15.2742],[21.2647,-15.3329],[21.2651,-15.3401],[21.2622,-15.3456],[21.2604,-15.3517],[21.2647,-15.3608],[21.2913,-15.3813],[21.3232,-15.3951],[21.3346,-15.4058],[21.3391,-15.4256],[21.3454,-15.4224],[21.3602,-15.4198],[21.3774,-15.4228],[21.391,-15.4362],[21.4111,-15.4813],[21.4149,-15.498],[21.4218,-15.5593],[21.4362,-15.5797],[21.4698,-15.5873],[21.48,-15.5937],[21.4983,-15.6257],[21.518,-15.6529],[21.5231,-15.6663],[21.531,-15.6972],[21.5396,-15.7136],[21.5607,-15.7354],[21.5725,-15.7512],[21.5794,-15.767],[21.589,-15.8023],[21.5961,-15.8194],[21.6223,-15.8453],[21.6517,-15.8482],[21.6819,-15.8455],[21.7097,-15.8542],[21.7199,-15.8697],[21.7195,-15.8828],[21.7236,-15.8918],[21.7473,-15.8952],[21.7554,-15.9037],[21.7743,-15.9439],[21.7797,-15.9641],[21.7839,-15.97],[21.803,-15.9901],[21.8061,-15.9954],[21.8312,-16.0587],[21.8407,-16.0733],[21.8537,-16.0829],[21.9086,-16.1043],[21.9393,-16.1233],[21.967,-16.1456],[21.9838,-16.1659]]]}},{"type":"Feature","properties":{"id":"AGO-1878","name":"Cuanza Norte","nameBn":"কুয়াঞ্জা নর্টে প্রদেশ","type":"Province","bounds":[14.074,-9.7817,15.8176,-7.9341],"center":[14.9458,-9.6988]},"geometry":{"type":"Polygon","coordinates":[[[15.4079,-7.9341],[15.4276,-7.9589],[15.4262,-7.9813],[15.4188,-8.0037],[15.4209,-8.0291],[15.4416,-8.0477],[15.4753,-8.0558],[15.5116,-8.0568],[15.5401,-8.0542],[15.5631,-8.0472],[15.6039,-8.0242],[15.6253,-8.0151],[15.6707,-8.0084],[15.6956,-8.0083],[15.7161,-8.0113],[15.7211,-8.0139],[15.7452,-8.0333],[15.76,-8.0484],[15.7634,-8.0536],[15.7624,-8.0557],[15.747,-8.0653],[15.7462,-8.0831],[15.7575,-8.0987],[15.7784,-8.1025],[15.7973,-8.12],[15.8019,-8.1685],[15.8005,-8.2115],[15.799,-8.2578],[15.809,-8.3098],[15.8132,-8.3661],[15.8176,-8.3828],[15.8161,-8.4028],[15.7988,-8.4195],[15.6977,-8.4543],[15.6795,-8.4641],[15.6747,-8.4794],[15.6741,-8.4929],[15.6676,-8.513],[15.6295,-8.5682],[15.6169,-8.6016],[15.624,-8.6212],[15.6392,-8.6467],[15.6605,-8.6622],[15.705,-8.6808],[15.7185,-8.6996],[15.7224,-8.7207],[15.7152,-8.7434],[15.694,-8.7886],[15.665,-8.8811],[15.6504,-8.9727],[15.6408,-9.0073],[15.6388,-9.0255],[15.6391,-9.0537],[15.6425,-9.0851],[15.6378,-9.1516],[15.6274,-9.1616],[15.6206,-9.1657],[15.6063,-9.1719],[15.567,-9.1776],[15.528,-9.1781],[15.5171,-9.1747],[15.4987,-9.1636],[15.4886,-9.1602],[15.4752,-9.1626],[15.4627,-9.1707],[15.4506,-9.1806],[15.4384,-9.188],[15.4298,-9.1894],[15.4124,-9.1889],[15.4041,-9.1908],[15.3948,-9.1971],[15.3798,-9.2133],[15.3708,-9.2202],[15.3497,-9.2268],[15.3069,-9.2278],[15.2856,-9.2326],[15.2589,-9.2609],[15.2468,-9.3016],[15.2309,-9.3382],[15.1929,-9.3542],[15.1495,-9.3507],[15.1346,-9.3516],[15.1206,-9.3552],[15.1108,-9.3724],[15.1621,-9.4179],[15.1737,-9.4591],[15.1495,-9.4896],[15.1202,-9.5268],[15.1233,-9.5439],[15.1456,-9.5888],[15.1526,-9.6154],[15.1554,-9.6496],[15.1475,-9.6759],[15.1341,-9.6958],[15.1094,-9.7237],[15.1,-9.7206],[15.0857,-9.7196],[15.076,-9.7168],[14.9957,-9.683],[14.9661,-9.6771],[14.9561,-9.6733],[14.9485,-9.6735],[14.9454,-9.683],[14.9495,-9.7042],[14.946,-9.7125],[14.9318,-9.7206],[14.8533,-9.7138],[14.8171,-9.7239],[14.812,-9.724],[14.8001,-9.7316],[14.7897,-9.7301],[14.7795,-9.7264],[14.7679,-9.7274],[14.7609,-9.733],[14.7535,-9.7486],[14.7475,-9.7553],[14.7401,-9.7587],[14.6342,-9.7752],[14.6232,-9.7743],[14.6021,-9.7699],[14.5652,-9.7692],[14.5588,-9.769],[14.5525,-9.772],[14.5456,-9.7777],[14.5383,-9.7817],[14.5311,-9.7789],[14.5142,-9.7604],[14.5073,-9.7553],[14.4814,-9.7417],[14.4731,-9.7349],[14.4458,-9.7069],[14.4305,-9.6962],[14.4113,-9.6875],[14.3896,-9.6817],[14.3666,-9.6796],[14.3324,-9.6904],[14.3254,-9.6898],[14.3183,-9.6872],[14.2847,-9.6796],[14.2784,-9.6742],[14.2735,-9.6508],[14.2707,-9.6455],[14.2684,-9.6425],[14.2495,-9.6289],[14.2397,-9.625],[14.2268,-9.6298],[14.2029,-9.6333],[14.1779,-9.6335],[14.1615,-9.6281],[14.1463,-9.609],[14.1237,-9.5499],[14.0948,-9.5251],[14.0845,-9.5256],[14.1254,-9.43],[14.1488,-9.3531],[14.1607,-9.3316],[14.1935,-9.2921],[14.1992,-9.2736],[14.2003,-9.2655],[14.184,-9.2412],[14.1695,-9.2166],[14.1715,-9.1992],[14.1764,-9.1784],[14.1682,-9.1589],[14.1503,-9.1452],[14.0983,-9.13],[14.0742,-9.1142],[14.074,-9.0965],[14.0881,-9.082],[14.109,-9.071],[14.1288,-9.0551],[14.1418,-9.0286],[14.1432,-9.0096],[14.1412,-8.9989],[14.1337,-8.9904],[14.0996,-8.9652],[14.0841,-8.9508],[14.0804,-8.9368],[14.0863,-8.9171],[14.1206,-8.8898],[14.2351,-8.8581],[14.279,-8.8412],[14.313,-8.8228],[14.3342,-8.8045],[14.3513,-8.7844],[14.3637,-8.7632],[14.3711,-8.7413],[14.3732,-8.7181],[14.3691,-8.6954],[14.3345,-8.5979],[14.3102,-8.5684],[14.284,-8.5443],[14.2686,-8.5221],[14.2617,-8.5059],[14.2608,-8.4971],[14.2631,-8.4672],[14.3012,-8.4306],[14.3453,-8.4028],[14.3772,-8.388],[14.393,-8.3851],[14.4191,-8.3855],[14.4312,-8.3875],[14.4526,-8.3938],[14.4582,-8.3943],[14.5015,-8.3909],[14.5102,-8.3911],[14.5221,-8.3924],[14.548,-8.3924],[14.5539,-8.393],[14.5954,-8.4012],[14.6003,-8.4028],[14.6042,-8.4051],[14.6064,-8.4078],[14.6107,-8.4154],[14.6158,-8.419],[14.6207,-8.4192],[14.6249,-8.4169],[14.6351,-8.4089],[14.6618,-8.3985],[14.6905,-8.3926],[14.7041,-8.3944],[14.7285,-8.4015],[14.7603,-8.4072],[14.7732,-8.4082],[14.7892,-8.405],[14.8159,-8.3961],[14.8204,-8.3932],[14.827,-8.3875],[14.8295,-8.3843],[14.8454,-8.3672],[14.859,-8.3542],[14.8651,-8.3443],[14.8756,-8.3134],[14.882,-8.3041],[14.89,-8.2957],[14.9043,-8.2835],[14.913,-8.2783],[14.9205,-8.2753],[14.9262,-8.2753],[14.931,-8.2769],[14.9403,-8.2815],[14.9462,-8.2826],[14.9537,-8.2822],[14.9597,-8.2832],[14.9698,-8.2871],[14.9788,-8.2919],[14.9827,-8.2949],[14.9859,-8.2987],[14.9887,-8.3026],[14.9923,-8.306],[14.9974,-8.3095],[15.0038,-8.3119],[15.0147,-8.3137],[15.0216,-8.3129],[15.0296,-8.3099],[15.0523,-8.2962],[15.0613,-8.2927],[15.0698,-8.291],[15.0887,-8.2916],[15.0943,-8.2929],[15.1054,-8.297],[15.1127,-8.2978],[15.1169,-8.2953],[15.1197,-8.2909],[15.1234,-8.2737],[15.1256,-8.2676],[15.1289,-8.2618],[15.1357,-8.2552],[15.1422,-8.2527],[15.1512,-8.2525],[15.1563,-8.2505],[15.1594,-8.2478],[15.1611,-8.241],[15.1676,-8.2298],[15.1695,-8.2292],[15.1741,-8.2286],[15.1788,-8.2287],[15.1832,-8.2268],[15.186,-8.2222],[15.1903,-8.2084],[15.1936,-8.2038],[15.1978,-8.195],[15.2012,-8.1811],[15.2043,-8.1479],[15.2094,-8.1243],[15.2164,-8.1156],[15.2218,-8.1071],[15.2224,-8.1008],[15.221,-8.0932],[15.214,-8.0813],[15.2086,-8.0754],[15.2033,-8.0719],[15.1984,-8.0722],[15.1889,-8.0753],[15.1841,-8.0756],[15.1818,-8.0698],[15.1821,-8.0596],[15.1885,-8.0376],[15.1967,-8.0195],[15.1995,-8.0152],[15.2009,-8.0013],[15.1925,-7.9698],[15.2159,-7.9538],[15.2814,-7.9383],[15.39,-7.9348],[15.4079,-7.9341]]]}},{"type":"Feature","properties":{"id":"AGO-1879","name":"Cuanza Sul","nameBn":"কুয়ানজা সুল","type":"Province","bounds":[13.4891,-12.206,16.6116,-9.6733],"center":[15.0504,-10.9232]},"geometry":{"type":"Polygon","coordinates":[[[13.7926,-11.7487],[13.7777,-11.5891],[13.7819,-11.4811],[13.786,-11.4583],[13.7946,-11.4406],[13.7866,-11.4316],[13.7874,-11.4203],[13.7918,-11.408],[13.7946,-11.3959],[13.7942,-11.3415],[13.7953,-11.3322],[13.8001,-11.3214],[13.819,-11.2956],[13.8216,-11.2836],[13.8218,-11.2563],[13.8465,-11.1137],[13.8474,-11.0554],[13.8485,-10.9821],[13.8434,-10.9457],[13.8286,-10.9137],[13.7393,-10.7834],[13.7315,-10.7643],[13.7311,-10.7472],[13.7394,-10.7302],[13.7698,-10.6943],[13.7717,-10.6779],[13.765,-10.662],[13.7529,-10.6462],[13.7114,-10.6121],[13.7051,-10.602],[13.7009,-10.5909],[13.6061,-10.4782],[13.5423,-10.4267],[13.5276,-10.4065],[13.5226,-10.3878],[13.5208,-10.3202],[13.5173,-10.2984],[13.509,-10.277],[13.4891,-10.2493],[13.4892,-10.249],[13.5019,-10.2197],[13.505,-10.2159],[13.509,-10.2129],[13.5143,-10.2112],[13.5228,-10.2121],[13.5345,-10.2164],[13.5492,-10.2271],[13.5553,-10.235],[13.559,-10.2415],[13.5627,-10.2455],[13.5688,-10.2478],[13.5807,-10.2492],[13.5906,-10.2521],[13.6376,-10.2783],[13.6493,-10.2878],[13.6552,-10.2958],[13.661,-10.3055],[13.6913,-10.3455],[13.6989,-10.3608],[13.7034,-10.3639],[13.7093,-10.3648],[13.7191,-10.362],[13.7213,-10.3578],[13.7208,-10.3537],[13.7195,-10.3498],[13.7219,-10.3473],[13.7289,-10.3474],[13.7568,-10.3577],[13.7712,-10.3608],[13.8017,-10.3607],[13.8116,-10.3625],[13.821,-10.3685],[13.8248,-10.3738],[13.8324,-10.3777],[13.8442,-10.3783],[13.9029,-10.3696],[13.9184,-10.3689],[13.9371,-10.3708],[13.9652,-10.379],[13.9801,-10.3863],[13.9899,-10.394],[13.9951,-10.4004],[13.999,-10.4037],[14.0026,-10.405],[14.0081,-10.4054],[14.0175,-10.4026],[14.0239,-10.3998],[14.0436,-10.3815],[14.0813,-10.3614],[14.1446,-10.3068],[14.168,-10.2935],[14.1919,-10.2828],[14.2152,-10.2764],[14.2385,-10.2755],[14.2613,-10.2771],[14.2899,-10.2823],[14.3204,-10.2907],[14.3954,-10.3246],[14.4207,-10.3469],[14.4393,-10.3687],[14.4829,-10.4088],[14.55,-10.439],[14.5789,-10.4102],[14.6061,-10.3666],[14.614,-10.342],[14.6179,-10.3226],[14.6124,-10.2777],[14.5831,-10.2521],[14.5681,-10.2362],[14.5558,-10.2127],[14.5545,-10.191],[14.5606,-10.1667],[14.5696,-10.142],[14.5623,-10.1065],[14.5426,-10.0525],[14.5398,-10.0287],[14.5522,-10.0013],[14.5661,-9.9821],[14.5746,-9.956],[14.5769,-9.921],[14.5749,-9.8489],[14.5652,-9.7692],[14.6021,-9.7699],[14.6232,-9.7743],[14.6342,-9.7752],[14.7401,-9.7587],[14.7475,-9.7553],[14.7535,-9.7486],[14.7609,-9.733],[14.7679,-9.7274],[14.7795,-9.7264],[14.7897,-9.7301],[14.8001,-9.7316],[14.812,-9.724],[14.8171,-9.7239],[14.8533,-9.7138],[14.9318,-9.7206],[14.946,-9.7125],[14.9495,-9.7042],[14.9454,-9.683],[14.9485,-9.6735],[14.9561,-9.6733],[14.9661,-9.6771],[14.9957,-9.683],[15.076,-9.7168],[15.0857,-9.7196],[15.1,-9.7206],[15.1094,-9.7237],[15.1115,-9.7379],[15.13,-9.7435],[15.1352,-9.7494],[15.1392,-9.7563],[15.1447,-9.7615],[15.1518,-9.7635],[15.1703,-9.7659],[15.1788,-9.769],[15.1848,-9.7751],[15.1976,-9.7926],[15.203,-9.7963],[15.2246,-9.7957],[15.236,-9.7966],[15.2409,-9.7997],[15.2498,-9.7966],[15.2699,-9.7999],[15.291,-9.8073],[15.303,-9.8168],[15.3185,-9.8096],[15.333,-9.8109],[15.3478,-9.8152],[15.3638,-9.8168],[15.3776,-9.8138],[15.4001,-9.805],[15.4768,-9.7963],[15.4837,-9.7975],[15.4987,-9.8027],[15.5078,-9.8031],[15.5096,-9.8011],[15.5125,-9.7966],[15.5163,-9.792],[15.5208,-9.7895],[15.5447,-9.7903],[15.5636,-9.7955],[15.5809,-9.7969],[15.6111,-9.7813],[15.6232,-9.7827],[15.645,-9.7895],[15.6645,-9.7908],[15.7582,-9.7827],[15.7737,-9.7785],[15.786,-9.768],[15.7955,-9.7545],[15.8026,-9.7411],[15.8053,-9.7307],[15.8059,-9.722],[15.809,-9.716],[15.8197,-9.7138],[15.8277,-9.7159],[15.8415,-9.7252],[15.8473,-9.7274],[15.8673,-9.729],[15.899,-9.7349],[15.9181,-9.7349],[15.9299,-9.7327],[15.9402,-9.729],[15.9491,-9.7239],[15.9565,-9.7172],[15.9659,-9.7123],[15.9731,-9.7165],[15.9789,-9.7236],[15.9839,-9.7274],[15.9963,-9.7254],[16.0051,-9.7215],[16.0144,-9.7189],[16.0279,-9.7206],[16.0354,-9.724],[16.0558,-9.7411],[16.0686,-9.7306],[16.0824,-9.7318],[16.0992,-9.7375],[16.121,-9.7411],[16.1633,-9.7432],[16.1821,-9.7492],[16.1999,-9.7615],[16.2095,-9.7728],[16.2183,-9.7878],[16.2247,-9.8062],[16.2272,-9.827],[16.2326,-9.8432],[16.2446,-9.8573],[16.2565,-9.8683],[16.2619,-9.8751],[16.2666,-9.8786],[16.2888,-9.8828],[16.296,-9.8851],[16.3048,-9.8928],[16.3079,-9.899],[16.3171,-9.9631],[16.3256,-9.9813],[16.3404,-9.9887],[16.378,-10.1389],[16.3665,-10.1488],[16.3505,-10.1567],[16.3363,-10.1686],[16.3302,-10.1901],[16.332,-10.2316],[16.336,-10.2492],[16.3438,-10.263],[16.3496,-10.2697],[16.3548,-10.2736],[16.3623,-10.2755],[16.3749,-10.2761],[16.3853,-10.2783],[16.3924,-10.2829],[16.3975,-10.2876],[16.4025,-10.2898],[16.4463,-10.3444],[16.4467,-10.3547],[16.4401,-10.3891],[16.4422,-10.4024],[16.448,-10.4077],[16.4556,-10.4105],[16.4703,-10.4215],[16.4947,-10.4337],[16.5529,-10.5056],[16.5561,-10.5123],[16.5615,-10.5185],[16.5849,-10.5364],[16.5965,-10.5621],[16.6039,-10.5677],[16.6116,-10.5742],[16.5835,-10.5912],[16.5814,-10.5968],[16.5797,-10.6041],[16.5817,-10.6099],[16.5845,-10.6155],[16.5872,-10.624],[16.5872,-10.6283],[16.5838,-10.6353],[16.5575,-10.6734],[16.5519,-10.6792],[16.5487,-10.6808],[16.5253,-10.6867],[16.5044,-10.6972],[16.4656,-10.7468],[16.4421,-10.7666],[16.417,-10.7832],[16.3608,-10.8115],[16.3245,-10.8346],[16.3003,-10.8567],[16.281,-10.8801],[16.2237,-10.9747],[16.2065,-10.9941],[16.1868,-11.0032],[16.1696,-11.0036],[16.158,-11.0011],[16.1428,-10.9948],[16.1078,-10.9868],[16.0481,-10.9919],[16.0236,-10.9908],[16.0048,-10.9827],[15.9511,-10.9468],[15.9105,-11.0796],[15.8928,-11.122],[15.8729,-11.1588],[15.8119,-11.247],[15.7858,-11.2768],[15.7875,-11.3459],[15.7722,-11.3966],[15.7482,-11.4437],[15.7211,-11.4669],[15.6198,-11.493],[15.5432,-11.5058],[15.5154,-11.5147],[15.4811,-11.531],[15.4034,-11.5579],[15.3663,-11.594],[15.3509,-11.6615],[15.3756,-11.7007],[15.3801,-11.7194],[15.3802,-11.7282],[15.3819,-11.7418],[15.3846,-11.749],[15.3891,-11.7546],[15.3946,-11.7583],[15.4013,-11.7643],[15.4031,-11.7699],[15.4024,-11.7752],[15.4002,-11.7798],[15.3973,-11.784],[15.3925,-11.7931],[15.3909,-11.7983],[15.3903,-11.8042],[15.3906,-11.8232],[15.3903,-11.8289],[15.3881,-11.8333],[15.3843,-11.8363],[15.3791,-11.8387],[15.3743,-11.8416],[15.3703,-11.8466],[15.3706,-11.8513],[15.3726,-11.8558],[15.3795,-11.8641],[15.3832,-11.8697],[15.3835,-11.8751],[15.3798,-11.8858],[15.3785,-11.8935],[15.3726,-11.9136],[15.37,-11.9395],[15.3719,-11.9503],[15.3742,-11.9555],[15.3826,-11.9669],[15.3338,-11.9662],[15.3113,-11.9697],[15.2941,-11.9817],[15.2809,-11.9936],[15.2716,-11.9994],[15.2581,-12.0042],[15.2286,-12.01],[15.1164,-12.0489],[15.089,-12.0738],[15.0698,-12.097],[15.0212,-12.206],[15.0,-12.2024],[14.978,-12.188],[14.9721,-12.1712],[14.9624,-12.1527],[14.9454,-12.1371],[14.8545,-12.0906],[14.8308,-12.084],[14.8073,-12.0846],[14.7645,-12.0981],[14.7312,-12.1001],[14.6711,-12.0822],[14.6407,-12.0413],[14.6132,-11.987],[14.517,-11.8598],[14.483,-11.8354],[14.464,-11.8332],[14.4386,-11.8357],[14.4144,-11.8446],[14.3674,-11.8734],[14.347,-11.8906],[14.2984,-11.956],[14.2362,-12.0015],[14.1881,-11.9426],[14.1632,-11.9217],[14.1176,-11.8946],[14.103,-11.8761],[14.0963,-11.8541],[14.087,-11.8061],[14.0759,-11.7877],[14.0559,-11.7783],[14.0346,-11.7743],[13.9764,-11.7819],[13.8929,-11.7673],[13.8687,-11.7668],[13.8423,-11.763],[13.7928,-11.7487],[13.7927,-11.7487],[13.7926,-11.7487]]]}},{"type":"Feature","properties":{"id":"AGO-1889","name":"Cunene","nameBn":"কুনেনে প্রদেশ","type":"Province","bounds":[13.1445,-17.4236,17.4175,-15.1507],"center":[15.281,-16.6271]},"geometry":{"type":"Polygon","coordinates":[[[13.9806,-17.4236],[13.9573,-17.4191],[13.9427,-17.4082],[13.8969,-17.3491],[13.8844,-17.3385],[13.7904,-17.2881],[13.6941,-17.2366],[13.6065,-17.1674],[13.5213,-17.1219],[13.5309,-17.0933],[13.5223,-17.0769],[13.5078,-17.0635],[13.4947,-17.024],[13.4798,-17.0103],[13.4589,-17.0018],[13.4351,-16.999],[13.4172,-16.9937],[13.382,-16.9704],[13.3637,-16.9642],[13.3459,-16.9687],[13.3459,-16.9685],[13.3331,-16.9201],[13.3048,-16.8718],[13.197,-16.7653],[13.1547,-16.714],[13.1445,-16.6872],[13.1468,-16.6621],[13.1594,-16.6416],[13.1793,-16.6235],[13.201,-16.6114],[13.2232,-16.5925],[13.2392,-16.5681],[13.2475,-16.5354],[13.2437,-16.5136],[13.2381,-16.5021],[13.231,-16.4951],[13.2213,-16.4876],[13.2018,-16.4672],[13.2179,-16.4448],[13.2243,-16.433],[13.2271,-16.4288],[13.232,-16.4254],[13.2384,-16.4226],[13.2497,-16.4207],[13.2592,-16.4181],[13.2682,-16.4141],[13.2879,-16.3904],[13.2938,-16.3861],[13.305,-16.3824],[13.3118,-16.3815],[13.3189,-16.3799],[13.325,-16.3764],[13.338,-16.3553],[13.3414,-16.3573],[13.3441,-16.3608],[13.3472,-16.3639],[13.3515,-16.364],[13.3566,-16.3618],[13.3889,-16.3427],[13.4156,-16.3211],[13.4809,-16.2482],[13.5447,-16.3028],[13.568,-16.3284],[13.6159,-16.3665],[13.639,-16.3657],[13.6997,-16.343],[13.7377,-16.3241],[13.766,-16.3034],[13.788,-16.2816],[13.8665,-16.1846],[13.8946,-16.1561],[13.9224,-16.1476],[13.9465,-16.1538],[13.9665,-16.1707],[13.9831,-16.1874],[13.9981,-16.197],[14.0118,-16.1993],[14.0307,-16.1935],[14.0516,-16.1775],[14.0847,-16.1364],[14.1016,-16.1199],[14.1175,-16.1125],[14.1644,-16.1021],[14.2538,-16.0714],[14.3581,-16.015],[14.377,-16.0017],[14.4956,-15.8785],[14.508,-15.8685],[14.5269,-15.857],[14.5715,-15.8598],[14.5946,-15.8638],[14.6413,-15.8625],[14.6653,-15.8591],[14.7117,-15.8637],[14.8488,-15.8963],[14.9602,-15.9318],[15.0031,-15.9608],[15.0167,-15.9763],[15.0285,-15.9992],[15.0395,-16.0424],[15.1276,-16.058],[15.1479,-16.0525],[15.1684,-16.0386],[15.195,-15.9932],[15.2474,-15.9316],[15.331,-15.7683],[15.3779,-15.7108],[15.4591,-15.5712],[15.5394,-15.4849],[15.6124,-15.4431],[15.6406,-15.4345],[15.7106,-15.3998],[15.7399,-15.393],[15.8226,-15.3857],[15.8352,-15.3862],[15.8687,-15.3973],[15.892,-15.4028],[16.0624,-15.4047],[16.103,-15.3954],[16.135,-15.3923],[16.2123,-15.3935],[16.2341,-15.3809],[16.3547,-15.2473],[16.3772,-15.2154],[16.4266,-15.187],[16.5173,-15.1558],[16.553,-15.1507],[16.5839,-15.1519],[16.6323,-15.1606],[16.748,-15.1631],[16.759,-15.1678],[16.7721,-15.1696],[16.7815,-15.1732],[16.7816,-15.1822],[16.7777,-15.1941],[16.7752,-15.2062],[16.7801,-15.2179],[16.7921,-15.2303],[16.8069,-15.2401],[16.8396,-15.248],[16.8473,-15.2578],[16.8516,-15.2851],[16.8454,-15.2968],[16.8453,-15.3034],[16.855,-15.3061],[16.882,-15.3226],[16.8923,-15.3321],[16.9171,-15.3488],[16.9267,-15.3539],[16.9218,-15.3583],[16.917,-15.3647],[16.913,-15.3676],[16.913,-15.3738],[16.9244,-15.3777],[16.9326,-15.3827],[16.9704,-15.4162],[16.9793,-15.4219],[16.9904,-15.4228],[17.0117,-15.4222],[17.0202,-15.427],[17.0287,-15.4495],[17.0359,-15.457],[17.0413,-15.456],[17.0496,-15.4529],[17.0545,-15.4502],[17.0674,-15.498],[17.0731,-15.5071],[17.0854,-15.5216],[17.1405,-15.5586],[17.1672,-15.5824],[17.2961,-15.806],[17.3427,-15.8462],[17.3591,-15.8645],[17.3751,-15.8941],[17.3835,-15.9248],[17.3868,-16.0509],[17.413,-16.2438],[17.4175,-16.3655],[17.4026,-16.4254],[17.391,-16.4536],[17.3734,-16.483],[17.3101,-16.5576],[17.2899,-16.6406],[17.2466,-16.7358],[17.2352,-16.7706],[17.2274,-16.8358],[17.2263,-16.9014],[17.2355,-17.0028],[17.2825,-17.2203],[17.279,-17.3887],[17.279,-17.3889],[17.1095,-17.3889],[16.8529,-17.3888],[16.5963,-17.3888],[16.3398,-17.3887],[16.0834,-17.3887],[15.8268,-17.3887],[15.5702,-17.3885],[15.5591,-17.3885],[15.3137,-17.3884],[15.0572,-17.3883],[14.8006,-17.3883],[14.5439,-17.3882],[14.2874,-17.3881],[14.2191,-17.3881],[14.2188,-17.3881],[14.2074,-17.388],[14.2065,-17.3931],[14.1971,-17.4129],[14.175,-17.4162],[14.1307,-17.4092],[14.1239,-17.4116],[14.1082,-17.4205],[14.0973,-17.4236],[14.0854,-17.4236],[14.0691,-17.4186],[14.0474,-17.416],[14.0291,-17.4105],[14.0179,-17.4092],[14.0089,-17.4115],[13.993,-17.4213],[13.9806,-17.4236]]]}},{"type":"Feature","properties":{"id":"AGO-1890","name":"Huambo","nameBn":"হুয়াম্বো প্রদেশ","type":"Province","bounds":[14.8066,-13.7641,16.5828,-11.4437],"center":[15.6947,-12.5587]},"geometry":{"type":"Polygon","coordinates":[[[15.7482,-11.4437],[15.8287,-11.4761],[15.8735,-11.4849],[15.9048,-11.4879],[15.9416,-11.4827],[15.9839,-11.4776],[15.9991,-11.4693],[16.0554,-11.4495],[16.1753,-11.4722],[16.2123,-11.4841],[16.2626,-11.488],[16.2819,-11.497],[16.2923,-11.503],[16.3,-11.5293],[16.3045,-11.5391],[16.3063,-11.5477],[16.3069,-11.5538],[16.3069,-11.5617],[16.3145,-11.6099],[16.3173,-11.6152],[16.3217,-11.6212],[16.3355,-11.6345],[16.3528,-11.656],[16.3749,-11.6732],[16.3837,-11.6821],[16.3878,-11.6899],[16.394,-11.6988],[16.4061,-11.7108],[16.4577,-11.7465],[16.4677,-11.7547],[16.4703,-11.7591],[16.4745,-11.7688],[16.4795,-11.7978],[16.4798,-11.8103],[16.4807,-11.816],[16.4868,-11.8239],[16.5381,-11.8658],[16.5465,-11.8758],[16.5628,-11.8907],[16.5705,-11.8995],[16.5757,-11.9081],[16.5814,-11.9296],[16.5828,-11.9419],[16.5789,-11.9696],[16.5763,-11.9745],[16.5623,-11.9918],[16.5319,-12.0374],[16.519,-12.0551],[16.5103,-12.0839],[16.5072,-12.1071],[16.4796,-12.1512],[16.4649,-12.1663],[16.4068,-12.2128],[16.3885,-12.2227],[16.3609,-12.2411],[16.351,-12.2496],[16.3448,-12.2561],[16.3421,-12.2611],[16.3401,-12.266],[16.3375,-12.2769],[16.3375,-12.2881],[16.3409,-12.2988],[16.3541,-12.3175],[16.3645,-12.3476],[16.3795,-12.3791],[16.3826,-12.4071],[16.382,-12.4356],[16.3772,-12.4633],[16.3712,-12.484],[16.3634,-12.4964],[16.3563,-12.5031],[16.3245,-12.5227],[16.308,-12.5379],[16.3032,-12.5535],[16.306,-12.5795],[16.3176,-12.6013],[16.3528,-12.6442],[16.3689,-12.6762],[16.389,-12.6966],[16.4114,-12.7127],[16.459,-12.7362],[16.5029,-12.7515],[16.5052,-12.7549],[16.5054,-12.759],[16.5013,-12.8098],[16.5037,-12.8584],[16.5093,-12.8872],[16.5085,-12.907],[16.5107,-12.9354],[16.5186,-13.0641],[16.5377,-13.1534],[16.5388,-13.1625],[16.5381,-13.1688],[16.5346,-13.178],[16.5329,-13.1894],[16.5378,-13.2183],[16.5389,-13.2728],[16.5262,-13.3563],[16.4602,-13.3664],[16.4303,-13.3605],[16.3916,-13.3519],[16.3048,-13.3487],[16.2734,-13.3396],[16.243,-13.341],[16.2161,-13.3519],[16.1952,-13.3675],[16.1504,-13.426],[16.1361,-13.4378],[16.0971,-13.4448],[16.074,-13.4442],[16.0503,-13.4351],[16.0107,-13.4034],[15.9969,-13.3961],[15.9772,-13.3963],[15.9604,-13.4002],[15.9156,-13.4365],[15.746,-13.6157],[15.6636,-13.6606],[15.6304,-13.7019],[15.613,-13.7199],[15.5342,-13.7641],[15.5198,-13.7622],[15.5093,-13.7541],[15.5053,-13.7347],[15.5054,-13.6858],[15.5031,-13.6642],[15.4949,-13.6446],[15.4772,-13.6375],[15.4559,-13.6347],[15.41,-13.6336],[15.3902,-13.622],[15.3777,-13.6002],[15.3629,-13.4798],[15.3548,-13.4557],[15.342,-13.4271],[15.3127,-13.3899],[15.2852,-13.3881],[15.1562,-13.4138],[15.1108,-13.4029],[15.0696,-13.38],[15.0379,-13.3447],[14.9855,-13.3084],[14.9621,-13.2854],[14.9301,-13.2349],[14.9194,-13.2099],[14.9127,-13.1863],[14.916,-13.1628],[14.92,-13.1456],[14.9273,-13.1257],[14.9228,-13.0737],[14.9087,-13.0111],[14.9036,-12.9981],[14.882,-12.967],[14.8499,-12.9057],[14.839,-12.8571],[14.812,-12.7846],[14.8084,-12.7572],[14.8101,-12.7318],[14.8066,-12.685],[14.8211,-12.6643],[14.8413,-12.6481],[14.8897,-12.6204],[14.9065,-12.5948],[14.9259,-12.58],[14.9504,-12.5658],[14.9731,-12.556],[15.0078,-12.5471],[15.0509,-12.5424],[15.0693,-12.516],[15.0505,-12.4712],[15.0502,-12.448],[15.0198,-12.351],[15.0168,-12.3307],[15.0212,-12.206],[15.0698,-12.097],[15.089,-12.0738],[15.1164,-12.0489],[15.2286,-12.01],[15.2581,-12.0042],[15.2716,-11.9994],[15.2809,-11.9936],[15.2941,-11.9817],[15.3113,-11.9697],[15.3338,-11.9662],[15.3826,-11.9669],[15.3742,-11.9555],[15.3719,-11.9503],[15.37,-11.9395],[15.3726,-11.9136],[15.3785,-11.8935],[15.3798,-11.8858],[15.3835,-11.8751],[15.3832,-11.8697],[15.3795,-11.8641],[15.3726,-11.8558],[15.3706,-11.8513],[15.3703,-11.8466],[15.3743,-11.8416],[15.3791,-11.8387],[15.3843,-11.8363],[15.3881,-11.8333],[15.3903,-11.8289],[15.3906,-11.8232],[15.3903,-11.8042],[15.3909,-11.7983],[15.3925,-11.7931],[15.3973,-11.784],[15.4002,-11.7798],[15.4024,-11.7752],[15.4031,-11.7699],[15.4013,-11.7643],[15.3946,-11.7583],[15.3891,-11.7546],[15.3846,-11.749],[15.3819,-11.7418],[15.3802,-11.7282],[15.3801,-11.7194],[15.3756,-11.7007],[15.3509,-11.6615],[15.3663,-11.594],[15.4034,-11.5579],[15.4811,-11.531],[15.5154,-11.5147],[15.5432,-11.5058],[15.6198,-11.493],[15.7211,-11.4669],[15.7482,-11.4437]]]}},{"type":"Feature","properties":{"id":"AGO-1891","name":"Huíla","nameBn":"ইলা প্রদেশ","type":"Province","bounds":[13.2207,-16.3665,16.748,-13.3396],"center":[14.9844,-14.7348]},"geometry":{"type":"Polygon","coordinates":[[[16.5262,-13.3563],[16.5173,-13.4117],[16.5172,-13.432],[16.522,-13.454],[16.5326,-13.5395],[16.5327,-13.55],[16.5203,-13.6615],[16.5186,-13.6669],[16.5066,-13.6903],[16.5049,-13.6957],[16.5015,-13.7121],[16.4981,-13.7213],[16.4914,-13.7486],[16.4908,-13.766],[16.4888,-13.7759],[16.4868,-13.7822],[16.4779,-13.7981],[16.4733,-13.8095],[16.4717,-13.8176],[16.4713,-13.8249],[16.4722,-13.8308],[16.475,-13.8415],[16.4769,-13.8463],[16.4736,-14.0103],[16.4835,-14.033],[16.4848,-14.04],[16.4848,-14.0524],[16.4826,-14.0589],[16.4772,-14.069],[16.4773,-14.0788],[16.48,-14.0924],[16.4941,-14.1352],[16.4965,-14.1469],[16.4951,-14.1574],[16.4882,-14.1819],[16.482,-14.2392],[16.4801,-14.2435],[16.4778,-14.2463],[16.4751,-14.2483],[16.4706,-14.2499],[16.4664,-14.2524],[16.4635,-14.2564],[16.4622,-14.2619],[16.4618,-14.2682],[16.477,-14.3585],[16.4814,-14.372],[16.4973,-14.4033],[16.5046,-14.4288],[16.5052,-14.4426],[16.5046,-14.4517],[16.5031,-14.4579],[16.5023,-14.467],[16.5026,-14.479],[16.5058,-14.5017],[16.5062,-14.5193],[16.504,-14.5281],[16.5026,-14.543],[16.5023,-14.6268],[16.5027,-14.6288],[16.5064,-14.6374],[16.5131,-14.6491],[16.5331,-14.6695],[16.5575,-14.6842],[16.5835,-14.6886],[16.5748,-14.7044],[16.5698,-14.7097],[16.6014,-14.7136],[16.6107,-14.7165],[16.62,-14.7215],[16.6298,-14.7284],[16.6326,-14.7344],[16.6213,-14.737],[16.611,-14.7615],[16.6073,-14.768],[16.6037,-14.7769],[16.6067,-14.7856],[16.6454,-14.8334],[16.6558,-14.8538],[16.6598,-14.8776],[16.6508,-14.9337],[16.6523,-14.9561],[16.6592,-14.9708],[16.6816,-14.9977],[16.6865,-15.0079],[16.6897,-15.0131],[16.6967,-15.0206],[16.7038,-15.0304],[16.7082,-15.0486],[16.711,-15.0512],[16.7138,-15.0528],[16.715,-15.056],[16.7117,-15.0627],[16.6969,-15.0737],[16.6933,-15.0802],[16.696,-15.0972],[16.7046,-15.1137],[16.748,-15.1631],[16.6323,-15.1606],[16.5839,-15.1519],[16.553,-15.1507],[16.5173,-15.1558],[16.4266,-15.187],[16.3772,-15.2154],[16.3547,-15.2473],[16.2341,-15.3809],[16.2123,-15.3935],[16.135,-15.3923],[16.103,-15.3954],[16.0624,-15.4047],[15.892,-15.4028],[15.8687,-15.3973],[15.8352,-15.3862],[15.8226,-15.3857],[15.7399,-15.393],[15.7106,-15.3998],[15.6406,-15.4345],[15.6124,-15.4431],[15.5394,-15.4849],[15.4591,-15.5712],[15.3779,-15.7108],[15.331,-15.7683],[15.2474,-15.9316],[15.195,-15.9932],[15.1684,-16.0386],[15.1479,-16.0525],[15.1276,-16.058],[15.0395,-16.0424],[15.0285,-15.9992],[15.0167,-15.9763],[15.0031,-15.9608],[14.9602,-15.9318],[14.8488,-15.8963],[14.7117,-15.8637],[14.6653,-15.8591],[14.6413,-15.8625],[14.5946,-15.8638],[14.5715,-15.8598],[14.5269,-15.857],[14.508,-15.8685],[14.4956,-15.8785],[14.377,-16.0017],[14.3581,-16.015],[14.2538,-16.0714],[14.1644,-16.1021],[14.1175,-16.1125],[14.1016,-16.1199],[14.0847,-16.1364],[14.0516,-16.1775],[14.0307,-16.1935],[14.0118,-16.1993],[13.9981,-16.197],[13.9831,-16.1874],[13.9665,-16.1707],[13.9465,-16.1538],[13.9224,-16.1476],[13.8946,-16.1561],[13.8665,-16.1846],[13.788,-16.2816],[13.766,-16.3034],[13.7377,-16.3241],[13.6997,-16.343],[13.639,-16.3657],[13.6159,-16.3665],[13.568,-16.3284],[13.5447,-16.3028],[13.4809,-16.2482],[13.5002,-16.2366],[13.5039,-16.2335],[13.5101,-16.2268],[13.5269,-16.1855],[13.5222,-16.1535],[13.4977,-16.0933],[13.4938,-16.0717],[13.4949,-16.0485],[13.5025,-16.019],[13.5115,-15.9942],[13.5805,-15.872],[13.5886,-15.8466],[13.5898,-15.8202],[13.5509,-15.7335],[13.5458,-15.5309],[13.5115,-15.478],[13.4775,-15.4623],[13.4566,-15.4468],[13.4381,-15.4284],[13.4263,-15.4044],[13.421,-15.3442],[13.4156,-15.3243],[13.399,-15.3096],[13.3769,-15.3182],[13.3545,-15.3331],[13.3334,-15.3334],[13.3169,-15.3181],[13.3112,-15.2956],[13.3012,-15.2734],[13.2814,-15.2645],[13.2361,-15.2607],[13.2212,-15.2471],[13.2207,-15.2293],[13.2358,-15.2125],[13.2733,-15.1913],[13.2822,-15.1771],[13.2819,-15.1605],[13.2418,-15.0952],[13.2421,-15.0749],[13.2482,-15.0608],[13.2721,-15.024],[13.2738,-15.0076],[13.2666,-14.9352],[13.2775,-14.9078],[13.2966,-14.8864],[13.3191,-14.876],[13.3371,-14.8713],[13.358,-14.8552],[13.5428,-14.7302],[13.5712,-14.702],[13.5903,-14.6762],[13.6105,-14.6295],[13.617,-14.6064],[13.6192,-14.583],[13.6307,-14.5281],[13.6811,-14.438],[13.6658,-14.2774],[13.648,-14.2583],[13.6291,-14.248],[13.6093,-14.2231],[13.6049,-14.2038],[13.6114,-14.1694],[13.5849,-14.0823],[13.5979,-14.0263],[13.6142,-13.9972],[13.6189,-13.984],[13.6246,-13.9573],[13.6187,-13.9346],[13.6046,-13.9141],[13.5878,-13.8966],[13.5784,-13.8801],[13.5647,-13.8469],[13.6713,-13.8112],[13.6965,-13.8136],[13.7283,-13.8226],[13.7512,-13.8338],[13.7786,-13.8406],[13.81,-13.8444],[13.8583,-13.8452],[13.9325,-13.8271],[13.9572,-13.8249],[13.9736,-13.8261],[14.0226,-13.8442],[14.0473,-13.8489],[14.0822,-13.8472],[14.3019,-13.8741],[14.3541,-13.8552],[14.3851,-13.8122],[14.454,-13.6771],[14.4698,-13.657],[14.4739,-13.6398],[14.4762,-13.6143],[14.5068,-13.6064],[14.52,-13.6091],[14.5586,-13.6249],[14.6393,-13.6575],[14.6792,-13.6581],[14.7768,-13.6245],[14.8002,-13.6118],[14.8241,-13.5923],[14.8629,-13.5504],[14.9127,-13.5174],[14.9568,-13.5235],[14.9788,-13.5238],[15.0882,-13.4755],[15.1108,-13.4029],[15.1562,-13.4138],[15.2852,-13.3881],[15.3127,-13.3899],[15.342,-13.4271],[15.3548,-13.4557],[15.3629,-13.4798],[15.3777,-13.6002],[15.3902,-13.622],[15.41,-13.6336],[15.4559,-13.6347],[15.4772,-13.6375],[15.4949,-13.6446],[15.5031,-13.6642],[15.5054,-13.6858],[15.5053,-13.7347],[15.5093,-13.7541],[15.5198,-13.7622],[15.5342,-13.7641],[15.613,-13.7199],[15.6304,-13.7019],[15.6636,-13.6606],[15.746,-13.6157],[15.9156,-13.4365],[15.9604,-13.4002],[15.9772,-13.3963],[15.9969,-13.3961],[16.0107,-13.4034],[16.0503,-13.4351],[16.074,-13.4442],[16.0971,-13.4448],[16.1361,-13.4378],[16.1504,-13.426],[16.1952,-13.3675],[16.2161,-13.3519],[16.243,-13.341],[16.2734,-13.3396],[16.3048,-13.3487],[16.3916,-13.3519],[16.4303,-13.3605],[16.4602,-13.3664],[16.5262,-13.3563]]]}},{"type":"Feature","properties":{"id":"AGO-1880","name":"Luanda","nameBn":"লুয়ান্ডা প্রদেশ","type":"Province","bounds":[12.9924,-9.3303,13.6407,-8.5816],"center":[13.3166,-8.9594]},"geometry":{"type":"Polygon","coordinates":[[[13.1434,-9.3303],[13.1206,-9.3131],[13.0454,-9.1891],[13.0169,-9.1228],[12.9963,-9.0938],[12.9924,-9.038],[13.0303,-8.9596],[13.0864,-8.8923],[13.1366,-8.871],[13.1148,-8.9029],[13.0428,-8.9625],[13.0068,-9.0456],[13.0002,-9.072],[13.013,-9.0838],[13.0234,-9.075],[13.0796,-8.9806],[13.0819,-8.9705],[13.0869,-8.9597],[13.0989,-8.9565],[13.1125,-8.9561],[13.1229,-8.9542],[13.1375,-8.9409],[13.1483,-8.908],[13.1604,-8.888],[13.1856,-8.8616],[13.1912,-8.8505],[13.1921,-8.8395],[13.1906,-8.8161],[13.1946,-8.8061],[13.2241,-8.7739],[13.2415,-8.7607],[13.2595,-8.7548],[13.2097,-8.8043],[13.198,-8.8232],[13.2122,-8.8149],[13.2454,-8.8001],[13.2637,-8.7883],[13.2717,-8.7866],[13.278,-8.7825],[13.2805,-8.7717],[13.281,-8.7647],[13.283,-8.7595],[13.2871,-8.756],[13.2942,-8.7548],[13.3561,-8.7636],[13.3801,-8.7551],[13.3933,-8.7043],[13.4081,-8.6669],[13.4109,-8.652],[13.4061,-8.6371],[13.3767,-8.5966],[13.371,-8.5816],[13.3713,-8.5816],[13.4286,-8.5901],[13.4477,-8.5979],[13.4699,-8.6104],[13.5171,-8.6472],[13.5286,-8.6492],[13.5451,-8.6493],[13.5646,-8.6427],[13.5846,-8.649],[13.6026,-8.6673],[13.6161,-8.6939],[13.6332,-8.7571],[13.6407,-8.804],[13.6373,-8.8357],[13.609,-8.8429],[13.5914,-8.8508],[13.5712,-8.868],[13.5417,-8.9217],[13.5042,-8.9704],[13.4829,-9.15],[13.4747,-9.1717],[13.4316,-9.1589],[13.4108,-9.1561],[13.397,-9.1589],[13.3825,-9.1634],[13.3596,-9.1657],[13.3226,-9.1605],[13.3052,-9.1617],[13.2808,-9.1725],[13.2452,-9.2034],[13.2227,-9.2406],[13.2052,-9.278],[13.1845,-9.3097],[13.1767,-9.3157],[13.1436,-9.3302],[13.1434,-9.3303]]]}},{"type":"Feature","properties":{"id":"AGO-1874","name":"Lunda Norte","nameBn":"লুন্ডা নর্টে প্রদেশ","type":"Province","bounds":[17.3334,-10.4164,21.9206,-6.916],"center":[19.6268,-8.4722]},"geometry":{"type":"Polygon","coordinates":[[[20.6115,-6.916],[20.5881,-6.9768],[20.5609,-7.0478],[20.5454,-7.0886],[20.5245,-7.1431],[20.5183,-7.1897],[20.5194,-7.2372],[20.5205,-7.2864],[20.567,-7.2862],[20.6398,-7.286],[20.7126,-7.2859],[20.7852,-7.2855],[20.858,-7.2853],[20.9307,-7.2852],[21.0035,-7.2849],[21.0763,-7.2847],[21.1489,-7.2846],[21.2218,-7.2844],[21.2943,-7.2842],[21.3671,-7.284],[21.44,-7.2838],[21.5126,-7.2836],[21.5855,-7.2834],[21.6582,-7.2832],[21.7309,-7.283],[21.7645,-7.2828],[21.785,-7.2834],[21.7846,-7.2869],[21.7883,-7.2918],[21.7948,-7.294],[21.8025,-7.2989],[21.8088,-7.3064],[21.8314,-7.3542],[21.8369,-7.3606],[21.8424,-7.3699],[21.8399,-7.3782],[21.835,-7.3853],[21.8329,-7.3908],[21.8387,-7.402],[21.8457,-7.4091],[21.8516,-7.4165],[21.8541,-7.4289],[21.853,-7.435],[21.8478,-7.4441],[21.8467,-7.4491],[21.8489,-7.4548],[21.8586,-7.464],[21.8609,-7.4698],[21.8591,-7.4826],[21.85,-7.5029],[21.8467,-7.5143],[21.8459,-7.5268],[21.8482,-7.533],[21.8515,-7.5385],[21.8541,-7.5484],[21.8541,-7.586],[21.8508,-7.5936],[21.8362,-7.6083],[21.8329,-7.6142],[21.831,-7.6328],[21.8266,-7.6456],[21.8196,-7.6655],[21.8079,-7.6994],[21.7951,-7.7363],[21.7872,-7.7586],[21.7762,-7.7903],[21.7705,-7.8068],[21.7646,-7.8507],[21.7709,-7.8765],[21.7721,-7.8882],[21.7688,-7.8999],[21.7544,-7.9196],[21.7511,-7.9292],[21.7539,-7.9973],[21.7585,-8.0151],[21.7682,-8.0232],[21.7996,-8.0409],[21.8063,-8.0524],[21.8085,-8.0767],[21.8151,-8.0968],[21.826,-8.1144],[21.8512,-8.1435],[21.8573,-8.1569],[21.8602,-8.1738],[21.8625,-8.2164],[21.8732,-8.2641],[21.8814,-8.2821],[21.9106,-8.3105],[21.9206,-8.329],[21.9131,-8.333],[21.9126,-8.3329],[21.9092,-8.3321],[21.8538,-8.3647],[21.8382,-8.3852],[21.8171,-8.4072],[21.795,-8.4237],[21.7142,-8.4376],[21.654,-8.4582],[21.6211,-8.4753],[21.5995,-8.4926],[21.5929,-8.5005],[21.587,-8.5097],[21.5719,-8.5258],[21.5522,-8.5416],[21.4236,-8.5726],[21.3559,-8.5732],[21.3038,-8.5631],[21.2583,-8.5593],[21.2018,-8.5714],[21.1804,-8.5718],[21.153,-8.5755],[21.0997,-8.5962],[21.0729,-8.6036],[21.0288,-8.6088],[21.0105,-8.6144],[20.9804,-8.6289],[20.9404,-8.6576],[20.9101,-8.6953],[20.8373,-8.7456],[20.7873,-8.8057],[20.7549,-8.8589],[20.7449,-8.8828],[20.7301,-8.9324],[20.7166,-8.9591],[20.6944,-8.9848],[20.6511,-9.0079],[20.5822,-9.0308],[20.4274,-9.1003],[20.4136,-9.1115],[20.4027,-9.1306],[20.3932,-9.1521],[20.3789,-9.1971],[20.3692,-9.2185],[20.3498,-9.2372],[20.3184,-9.2507],[20.2638,-9.2605],[20.2309,-9.272],[20.1879,-9.299],[20.0345,-9.4265],[20.0126,-9.4456],[20.0023,-9.4565],[19.9919,-9.4701],[19.9845,-9.4967],[19.958,-9.6949],[19.9511,-9.7194],[19.94,-9.7463],[19.9079,-9.7949],[19.8639,-9.8431],[19.7977,-9.8848],[19.6566,-9.9182],[19.622,-9.9465],[19.5976,-9.9619],[19.5665,-9.9778],[19.4721,-9.9934],[19.4347,-10.0124],[19.3953,-10.0462],[19.3444,-10.0801],[19.2725,-10.1022],[19.2496,-10.1128],[19.2182,-10.1339],[19.1679,-10.1782],[19.1436,-10.1949],[19.1171,-10.2087],[19.0474,-10.2328],[18.9474,-10.2455],[18.922,-10.2511],[18.8946,-10.2607],[18.8635,-10.282],[18.8188,-10.3263],[18.7934,-10.3469],[18.7059,-10.3888],[18.6323,-10.4035],[18.4513,-10.3947],[18.4697,-10.4023],[18.4402,-10.4098],[18.4222,-10.4164],[18.3963,-10.4103],[18.3726,-10.3998],[18.2724,-10.3311],[18.2202,-10.287],[18.1991,-10.2623],[18.1847,-10.2367],[18.1768,-10.2128],[18.1795,-10.1893],[18.1972,-10.1465],[18.2081,-10.1274],[18.2244,-10.1127],[18.25,-10.0703],[18.2597,-10.0467],[18.2579,-10.0261],[18.2463,-10.0108],[18.2354,-10.0027],[17.8066,-9.8418],[17.7134,-9.8068],[17.6841,-9.8049],[17.6459,-9.7985],[17.6281,-9.7838],[17.6197,-9.7644],[17.6156,-9.7415],[17.5902,-9.701],[17.5702,-9.6891],[17.5283,-9.6758],[17.5094,-9.6716],[17.4982,-9.6647],[17.4853,-9.6519],[17.4761,-9.6341],[17.4622,-9.6172],[17.4251,-9.5949],[17.4136,-9.5773],[17.4103,-9.5342],[17.4071,-9.5158],[17.4035,-9.5037],[17.3889,-9.4779],[17.3708,-9.4519],[17.3384,-9.3793],[17.3334,-9.3528],[17.3365,-9.3279],[17.3534,-9.3066],[17.3756,-9.2907],[17.4009,-9.2785],[17.5199,-9.2375],[17.5368,-9.2289],[17.5516,-9.2093],[17.5641,-9.1633],[17.5851,-9.1098],[17.5874,-9.0759],[17.5688,-8.9806],[17.568,-8.9532],[17.5697,-8.933],[17.5753,-8.9043],[17.5913,-8.8293],[17.5946,-8.6557],[17.5868,-8.5975],[17.5714,-8.5671],[17.5525,-8.5382],[17.5382,-8.5104],[17.5287,-8.4736],[17.5273,-8.4457],[17.5325,-8.4192],[17.5423,-8.3962],[17.5556,-8.3776],[17.5621,-8.3651],[17.5764,-8.3488],[17.5662,-8.3372],[17.5559,-8.3131],[17.551,-8.2872],[17.5533,-8.162],[17.5297,-8.1442],[17.5221,-8.1331],[17.5262,-8.1211],[17.5337,-8.1096],[17.535,-8.0989],[17.5344,-8.0878],[17.5362,-8.0757],[17.5362,-8.0754],[17.5365,-8.076],[17.5443,-8.0848],[17.6002,-8.0985],[17.6284,-8.098],[17.7133,-8.0683],[17.7433,-8.0707],[17.7772,-8.0833],[17.7895,-8.0818],[17.8518,-8.0478],[17.868,-8.0445],[17.9014,-8.0481],[17.9308,-8.0621],[17.9819,-8.1053],[18.0085,-8.1112],[18.0982,-8.1093],[18.0917,-8.0842],[18.0929,-8.0564],[18.1022,-8.0333],[18.1204,-8.0225],[18.1358,-8.0185],[18.1766,-7.9992],[18.1927,-7.9969],[18.2673,-7.9998],[18.3162,-8.0017],[18.3536,-8.0159],[18.3666,-8.0168],[18.382,-8.0123],[18.4039,-8.0006],[18.4205,-7.9983],[18.4818,-7.9973],[18.4879,-7.9983],[18.5076,-7.9975],[18.5023,-7.9601],[18.5043,-7.9407],[18.5165,-7.9322],[18.5887,-7.9323],[18.6669,-7.9323],[18.7385,-7.9323],[18.7473,-7.9378],[18.7521,-7.9659],[18.7583,-7.9782],[18.7738,-8.002],[18.818,-8.002],[18.9454,-8.002],[19.0731,-8.002],[19.2006,-8.002],[19.3283,-8.002],[19.3555,-8.002],[19.334,-7.9243],[19.3309,-7.8986],[19.3338,-7.8673],[19.3485,-7.8215],[19.358,-7.7916],[19.3778,-7.7301],[19.3814,-7.7039],[19.381,-7.6797],[19.3732,-7.6538],[19.3618,-7.627],[19.3537,-7.6003],[19.3556,-7.5741],[19.4247,-7.5797],[19.4439,-7.5752],[19.4583,-7.5603],[19.4687,-7.5211],[19.4824,-7.5035],[19.4831,-7.5029],[19.4839,-7.5024],[19.4847,-7.502],[19.5132,-7.4794],[19.5138,-7.4484],[19.4872,-7.382],[19.4795,-7.3477],[19.4764,-7.3159],[19.4872,-7.1539],[19.497,-7.1217],[19.5086,-7.1032],[19.5362,-7.0684],[19.5426,-7.0523],[19.5402,-7.0416],[19.5218,-7.0019],[19.574,-7.0019],[19.6161,-7.0019],[19.6581,-7.0019],[19.7,-7.0019],[19.742,-7.0019],[19.784,-7.0019],[19.8261,-7.0019],[19.8681,-7.0019],[19.91,-7.0019],[19.9521,-7.0019],[19.9631,-7.0019],[19.9941,-7.0019],[20.0361,-7.0019],[20.0782,-7.0019],[20.1201,-7.0019],[20.1621,-7.0019],[20.2041,-7.0019],[20.2462,-7.0019],[20.2943,-7.0019],[20.2942,-6.9875],[20.2986,-6.9545],[20.3032,-6.9401],[20.3112,-6.9251],[20.3195,-6.9185],[20.3311,-6.9168],[20.3837,-6.9167],[20.4673,-6.9164],[20.5537,-6.9162],[20.6115,-6.916]]]}},{"type":"Feature","properties":{"id":"AGO-1875","name":"Lunda Sul","nameBn":"লুন্ডা সুল প্রদেশ","type":"Province","bounds":[18.4513,-11.4748,22.3134,-8.3321],"center":[20.3821,-10.2341]},"geometry":{"type":"Polygon","coordinates":[[[21.9131,-8.333],[21.9053,-8.3373],[21.8999,-8.3488],[21.9115,-8.3743],[21.936,-8.413],[21.9439,-8.4559],[21.94,-8.4999],[21.9162,-8.5768],[21.9213,-8.5786],[21.9244,-8.5808],[21.9284,-8.5825],[21.936,-8.5831],[21.9178,-8.6152],[21.9069,-8.6455],[21.8951,-8.7187],[21.8848,-8.7823],[21.8778,-8.7892],[21.8701,-8.8223],[21.8599,-8.8464],[21.8517,-8.9259],[21.8541,-8.9778],[21.8397,-9.0924],[21.8519,-9.1929],[21.8516,-9.2338],[21.8411,-9.2758],[21.8102,-9.3381],[21.8038,-9.373],[21.7933,-9.3935],[21.792,-9.4061],[21.7962,-9.4171],[21.8132,-9.4375],[21.8199,-9.4477],[21.8322,-9.4884],[21.8437,-9.5762],[21.8541,-9.6178],[21.8789,-9.6571],[21.9424,-9.7229],[21.9565,-9.7618],[21.9627,-9.7585],[21.9782,-9.7522],[21.9844,-9.7488],[21.9863,-9.7811],[21.9984,-9.8091],[22.0558,-9.8754],[22.0658,-9.881],[22.0728,-9.8789],[22.0799,-9.8716],[22.091,-9.8771],[22.1076,-9.8914],[22.1463,-9.9157],[22.1599,-9.9315],[22.1676,-9.9537],[22.1756,-9.989],[22.1961,-10.0436],[22.2049,-10.0858],[22.2097,-10.0982],[22.2028,-10.1306],[22.2211,-10.1762],[22.2457,-10.2212],[22.2635,-10.2682],[22.2869,-10.3091],[22.2955,-10.3393],[22.3101,-10.357],[22.3134,-10.3686],[22.3123,-10.3799],[22.3071,-10.3996],[22.306,-10.4098],[22.3011,-10.4249],[22.2787,-10.461],[22.2718,-10.4817],[22.274,-10.503],[22.284,-10.5165],[22.2964,-10.5297],[22.306,-10.5507],[22.3095,-10.5929],[22.3086,-10.6125],[22.3082,-10.6126],[22.3081,-10.6127],[22.2713,-10.6256],[22.2408,-10.6269],[22.2315,-10.6254],[22.2244,-10.6234],[22.2198,-10.6213],[22.2033,-10.6099],[22.1979,-10.607],[22.1915,-10.6043],[22.1385,-10.5906],[22.1287,-10.5901],[22.1083,-10.5917],[22.0998,-10.5909],[22.0921,-10.5887],[22.0863,-10.5889],[22.0822,-10.5911],[22.0756,-10.5983],[22.068,-10.6048],[22.0649,-10.6086],[22.0483,-10.6135],[21.8837,-10.629],[21.823,-10.626],[21.8059,-10.6277],[21.7949,-10.6304],[21.7881,-10.6376],[21.782,-10.6452],[21.7645,-10.6761],[21.7533,-10.7065],[21.7496,-10.7371],[21.7437,-10.752],[21.7423,-10.7574],[21.742,-10.7704],[21.7455,-10.8079],[21.7454,-10.8143],[21.7418,-10.8215],[21.7351,-10.829],[21.7054,-10.851],[21.6948,-10.8618],[21.674,-10.888],[21.6718,-10.8925],[21.6709,-10.8979],[21.6714,-10.9102],[21.6709,-10.9165],[21.6697,-10.9219],[21.6676,-10.927],[21.6649,-10.9379],[21.6641,-10.9702],[21.663,-10.9759],[21.6607,-10.9805],[21.6543,-10.9881],[21.652,-10.992],[21.6504,-10.9962],[21.65,-10.9991],[21.65,-11.0013],[21.6503,-11.0051],[21.6528,-11.015],[21.6545,-11.0202],[21.657,-11.0246],[21.6599,-11.0287],[21.6669,-11.0355],[21.6698,-11.0394],[21.6715,-11.0443],[21.6725,-11.0496],[21.6746,-11.0544],[21.6782,-11.0579],[21.6827,-11.0599],[21.6933,-11.0606],[21.6972,-11.0621],[21.6976,-11.0656],[21.6947,-11.0749],[21.6939,-11.0805],[21.6945,-11.0864],[21.6961,-11.0915],[21.6978,-11.0951],[21.7018,-11.0999],[21.6962,-11.1325],[21.6856,-11.1406],[21.6805,-11.1417],[21.6545,-11.1514],[21.6411,-11.1589],[21.5938,-11.1797],[21.5848,-11.1817],[21.5587,-11.1816],[21.5431,-11.1788],[21.5392,-11.1763],[21.5356,-11.1726],[21.5327,-11.1687],[21.5276,-11.1668],[21.5238,-11.1688],[21.5187,-11.1725],[21.5129,-11.1727],[21.4974,-11.1707],[21.4923,-11.1727],[21.4886,-11.1762],[21.486,-11.181],[21.4838,-11.1862],[21.4756,-11.1975],[21.4708,-11.2026],[21.4063,-11.214],[21.3902,-11.2248],[21.384,-11.2278],[21.3422,-11.2374],[21.2903,-11.2632],[21.2668,-11.2695],[21.2356,-11.2746],[21.2248,-11.2783],[21.2186,-11.2818],[21.2177,-11.284],[21.2184,-11.2869],[21.2204,-11.2892],[21.2209,-11.2907],[21.2204,-11.2925],[21.2056,-11.3143],[21.1973,-11.3224],[21.1922,-11.3261],[21.1809,-11.3316],[21.1751,-11.3361],[21.1708,-11.3404],[21.1683,-11.3448],[21.159,-11.3577],[21.1568,-11.3615],[21.1548,-11.3661],[21.1511,-11.371],[21.1461,-11.3756],[21.137,-11.3803],[21.1328,-11.3834],[21.1277,-11.3852],[21.1214,-11.3865],[21.0986,-11.3848],[21.0917,-11.3851],[21.0803,-11.393],[21.062,-11.4016],[21.0341,-11.4189],[21.0305,-11.4251],[21.0296,-11.4311],[21.0312,-11.4366],[21.0395,-11.4539],[21.0386,-11.4612],[21.0392,-11.4652],[21.0381,-11.4686],[21.0355,-11.4716],[20.9906,-11.4748],[20.9061,-11.4702],[20.8884,-11.4676],[20.8781,-11.4637],[20.8688,-11.4615],[20.8541,-11.4619],[20.8406,-11.4604],[20.8251,-11.4571],[20.7839,-11.443],[20.7708,-11.4411],[20.7546,-11.4422],[20.7473,-11.4435],[20.7343,-11.4371],[20.7309,-11.427],[20.7284,-11.4235],[20.7181,-11.4123],[20.7121,-11.4106],[20.7042,-11.4106],[20.6822,-11.4134],[20.6724,-11.4104],[20.6668,-11.4075],[20.6369,-11.3877],[20.6297,-11.3846],[20.5825,-11.3722],[20.5737,-11.3683],[20.5684,-11.3654],[20.5653,-11.3617],[20.5613,-11.3518],[20.5578,-11.3479],[20.5521,-11.3459],[20.5451,-11.3457],[20.5338,-11.3472],[20.5254,-11.3474],[20.5031,-11.3408],[20.5,-11.3396],[20.4967,-11.3377],[20.4936,-11.3348],[20.4897,-11.3317],[20.4811,-11.3266],[20.4772,-11.3234],[20.469,-11.3116],[20.4663,-11.3088],[20.4642,-11.3071],[20.4606,-11.3049],[20.4426,-11.2967],[20.4317,-11.2885],[20.4291,-11.2871],[20.4201,-11.2838],[20.4072,-11.2766],[20.4007,-11.2758],[20.393,-11.2767],[20.382,-11.2813],[20.37,-11.2899],[20.365,-11.2911],[20.3589,-11.291],[20.3413,-11.2837],[20.3358,-11.2823],[20.3181,-11.2801],[20.3135,-11.2779],[20.3097,-11.2746],[20.3071,-11.2712],[20.3026,-11.2637],[20.3006,-11.2614],[20.2966,-11.2583],[20.2908,-11.2552],[20.2619,-11.245],[20.2443,-11.2418],[20.2359,-11.2382],[20.23,-11.2344],[20.2264,-11.231],[20.2222,-11.2283],[20.2176,-11.2261],[20.201,-11.2209],[20.1966,-11.2183],[20.1931,-11.2149],[20.1901,-11.2109],[20.1845,-11.2087],[20.1768,-11.209],[20.1619,-11.2153],[20.155,-11.2207],[20.1501,-11.226],[20.1473,-11.23],[20.1403,-11.237],[20.1318,-11.2492],[20.1212,-11.2594],[20.115,-11.267],[20.1122,-11.2712],[20.1089,-11.2749],[20.1052,-11.278],[20.095,-11.285],[20.0905,-11.2856],[20.0686,-11.2817],[20.0619,-11.2791],[20.0569,-11.2766],[20.0531,-11.274],[20.0411,-11.2695],[20.0368,-11.2662],[20.0328,-11.2625],[20.0266,-11.2606],[20.0165,-11.2603],[19.9981,-11.264],[19.9678,-11.2622],[19.962,-11.2634],[19.9564,-11.2678],[19.9527,-11.2722],[19.9502,-11.2772],[19.9468,-11.2871],[19.9446,-11.2908],[19.9431,-11.293],[19.94,-11.2955],[19.9365,-11.2978],[19.9297,-11.3009],[19.9238,-11.3016],[19.9155,-11.3012],[19.9007,-11.2973],[19.8938,-11.2932],[19.8892,-11.2882],[19.8836,-11.2741],[19.8818,-11.271],[19.8797,-11.2685],[19.8751,-11.266],[19.8686,-11.2636],[19.8568,-11.2617],[19.8455,-11.2555],[19.8422,-11.2526],[19.8354,-11.2538],[19.8278,-11.2588],[19.7968,-11.2869],[19.7906,-11.2912],[19.785,-11.2942],[19.7473,-11.3057],[19.7304,-11.3085],[19.7235,-11.308],[19.7145,-11.3061],[19.6648,-11.2846],[19.6242,-11.256],[19.6082,-11.2546],[19.5679,-11.2636],[19.555,-11.2781],[19.5509,-11.2878],[19.5498,-11.2941],[19.5488,-11.2968],[19.5463,-11.2998],[19.5416,-11.3099],[19.5393,-11.3137],[19.5077,-11.34],[19.5026,-11.3459],[19.4977,-11.3504],[19.4741,-11.3673],[19.4633,-11.3777],[19.4558,-11.3826],[19.4,-11.4109],[19.3924,-11.4129],[19.3823,-11.4143],[19.3367,-11.4136],[19.3309,-11.4126],[19.3262,-11.4103],[19.3176,-11.4052],[19.3121,-11.4036],[19.3061,-11.4027],[19.2926,-11.4027],[19.2811,-11.4036],[19.2761,-11.4058],[19.2705,-11.4093],[19.257,-11.4227],[19.2513,-11.431],[19.2367,-11.44],[19.1886,-11.456],[19.1897,-11.4315],[19.1973,-11.392],[19.2075,-11.3679],[19.2145,-11.3427],[19.236,-11.2937],[19.2349,-11.2705],[19.2212,-11.2479],[19.201,-11.2295],[19.168,-11.2182],[19.1142,-11.2068],[19.0901,-11.197],[19.0679,-11.1785],[19.0207,-11.1297],[18.9735,-11.0941],[18.7627,-10.9613],[18.754,-10.9352],[18.7412,-10.9137],[18.7253,-10.8956],[18.7074,-10.8792],[18.6707,-10.8464],[18.6539,-10.8269],[18.6398,-10.8037],[18.6287,-10.776],[18.6229,-10.7498],[18.6193,-10.6944],[18.6163,-10.6883],[18.6106,-10.6853],[18.6068,-10.6816],[18.6088,-10.6734],[18.6154,-10.6665],[18.621,-10.6692],[18.6265,-10.674],[18.633,-10.674],[18.6516,-10.6648],[18.6521,-10.6583],[18.6398,-10.646],[18.6447,-10.6446],[18.6538,-10.6406],[18.6603,-10.6398],[18.6565,-10.6297],[18.6581,-10.622],[18.6641,-10.6161],[18.6739,-10.6119],[18.6678,-10.6091],[18.6534,-10.5982],[18.658,-10.5953],[18.6629,-10.5887],[18.6671,-10.5846],[18.6536,-10.5819],[18.6443,-10.5748],[18.6395,-10.564],[18.6398,-10.5504],[18.6261,-10.5641],[18.6038,-10.5539],[18.5932,-10.5462],[18.5845,-10.5362],[18.5783,-10.5436],[18.5711,-10.531],[18.5538,-10.5151],[18.5476,-10.4852],[18.5345,-10.4689],[18.5299,-10.4542],[18.5175,-10.4546],[18.4977,-10.4463],[18.4821,-10.4474],[18.4909,-10.4315],[18.4958,-10.4263],[18.4697,-10.4023],[18.4513,-10.3947],[18.6323,-10.4035],[18.7059,-10.3888],[18.7934,-10.3469],[18.8188,-10.3263],[18.8635,-10.282],[18.8946,-10.2607],[18.922,-10.2511],[18.9474,-10.2455],[19.0474,-10.2328],[19.1171,-10.2087],[19.1436,-10.1949],[19.1679,-10.1782],[19.2182,-10.1339],[19.2496,-10.1128],[19.2725,-10.1022],[19.3444,-10.0801],[19.3953,-10.0462],[19.4347,-10.0124],[19.4721,-9.9934],[19.5665,-9.9778],[19.5976,-9.9619],[19.622,-9.9465],[19.6566,-9.9182],[19.7977,-9.8848],[19.8639,-9.8431],[19.9079,-9.7949],[19.94,-9.7463],[19.9511,-9.7194],[19.958,-9.6949],[19.9845,-9.4967],[19.9919,-9.4701],[20.0023,-9.4565],[20.0126,-9.4456],[20.0345,-9.4265],[20.1879,-9.299],[20.2309,-9.272],[20.2638,-9.2605],[20.3184,-9.2507],[20.3498,-9.2372],[20.3692,-9.2185],[20.3789,-9.1971],[20.3932,-9.1521],[20.4027,-9.1306],[20.4136,-9.1115],[20.4274,-9.1003],[20.5822,-9.0308],[20.6511,-9.0079],[20.6944,-8.9848],[20.7166,-8.9591],[20.7301,-8.9324],[20.7449,-8.8828],[20.7549,-8.8589],[20.7873,-8.8057],[20.8373,-8.7456],[20.9101,-8.6953],[20.9404,-8.6576],[20.9804,-8.6289],[21.0105,-8.6144],[21.0288,-8.6088],[21.0729,-8.6036],[21.0997,-8.5962],[21.153,-8.5755],[21.1804,-8.5718],[21.2018,-8.5714],[21.2583,-8.5593],[21.3038,-8.5631],[21.3559,-8.5732],[21.4236,-8.5726],[21.5522,-8.5416],[21.5719,-8.5258],[21.587,-8.5097],[21.5929,-8.5005],[21.5995,-8.4926],[21.6211,-8.4753],[21.654,-8.4582],[21.7142,-8.4376],[21.795,-8.4237],[21.8171,-8.4072],[21.8382,-8.3852],[21.8538,-8.3647],[21.9092,-8.3321],[21.9126,-8.3329],[21.9131,-8.333]]]}},{"type":"Feature","properties":{"id":"AGO-1876","name":"Malanje","nameBn":"মালাঞ্জি প্রদেশ","type":"Province","bounds":[15.1094,-11.7262,18.8369,-7.3216],"center":[16.9731,-9.1474]},"geometry":{"type":"Polygon","coordinates":[[[17.0979,-7.3783],[17.0981,-7.4023],[17.104,-7.4161],[17.1182,-7.4255],[17.1262,-7.4114],[17.1322,-7.4096],[17.1382,-7.4137],[17.1462,-7.418],[17.1675,-7.4235],[17.1766,-7.4282],[17.1803,-7.4354],[17.1749,-7.4416],[17.1631,-7.4455],[17.1515,-7.4512],[17.1462,-7.4631],[17.1485,-7.4726],[17.155,-7.4791],[17.1634,-7.4852],[17.1728,-7.4938],[17.1863,-7.5163],[17.2029,-7.5643],[17.2178,-7.586],[17.2666,-7.6104],[17.2864,-7.6252],[17.2827,-7.644],[17.2875,-7.6602],[17.2865,-7.6837],[17.2889,-7.6995],[17.3038,-7.6924],[17.306,-7.7001],[17.3081,-7.7019],[17.3081,-7.7024],[17.3038,-7.7067],[17.3204,-7.7136],[17.3206,-7.7224],[17.3142,-7.7318],[17.3106,-7.7408],[17.316,-7.7536],[17.3341,-7.7697],[17.3379,-7.7786],[17.3424,-7.784],[17.3655,-7.7873],[17.3754,-7.7923],[17.377,-7.8017],[17.3761,-7.8141],[17.381,-7.8232],[17.4,-7.8234],[17.4,-7.8302],[17.3907,-7.8392],[17.3976,-7.8414],[17.4109,-7.8415],[17.4206,-7.8439],[17.4236,-7.8551],[17.423,-7.8679],[17.4264,-7.8755],[17.4409,-7.8711],[17.4524,-7.884],[17.4487,-7.8929],[17.4394,-7.9022],[17.4341,-7.9158],[17.4378,-7.9224],[17.4468,-7.9289],[17.4683,-7.9395],[17.4636,-7.9469],[17.463,-7.9498],[17.4652,-7.9526],[17.4683,-7.9599],[17.4711,-7.9556],[17.4772,-7.9505],[17.4819,-7.9457],[17.491,-7.9775],[17.4962,-7.9872],[17.5064,-7.9965],[17.5284,-8.0078],[17.5365,-8.0151],[17.54,-8.0321],[17.5284,-8.0606],[17.5362,-8.0754],[17.5362,-8.0757],[17.5344,-8.0878],[17.535,-8.0989],[17.5337,-8.1096],[17.5262,-8.1211],[17.5221,-8.1331],[17.5297,-8.1442],[17.5533,-8.162],[17.551,-8.2872],[17.5559,-8.3131],[17.5662,-8.3372],[17.5764,-8.3488],[17.5621,-8.3651],[17.5556,-8.3776],[17.5423,-8.3962],[17.5325,-8.4192],[17.5273,-8.4457],[17.5287,-8.4736],[17.5382,-8.5104],[17.5525,-8.5382],[17.5714,-8.5671],[17.5868,-8.5975],[17.5946,-8.6557],[17.5913,-8.8293],[17.5753,-8.9043],[17.5697,-8.933],[17.568,-8.9532],[17.5688,-8.9806],[17.5874,-9.0759],[17.5851,-9.1098],[17.5641,-9.1633],[17.5516,-9.2093],[17.5368,-9.2289],[17.5199,-9.2375],[17.4009,-9.2785],[17.3756,-9.2907],[17.3534,-9.3066],[17.3365,-9.3279],[17.3334,-9.3528],[17.3384,-9.3793],[17.3708,-9.4519],[17.3889,-9.4779],[17.4035,-9.5037],[17.4071,-9.5158],[17.4103,-9.5342],[17.4136,-9.5773],[17.4251,-9.5949],[17.4622,-9.6172],[17.4761,-9.6341],[17.4853,-9.6519],[17.4982,-9.6647],[17.5094,-9.6716],[17.5283,-9.6758],[17.5702,-9.6891],[17.5902,-9.701],[17.6156,-9.7415],[17.6197,-9.7644],[17.6281,-9.7838],[17.6459,-9.7985],[17.6841,-9.8049],[17.7134,-9.8068],[17.8066,-9.8418],[18.2354,-10.0027],[18.2463,-10.0108],[18.2579,-10.0261],[18.2597,-10.0467],[18.25,-10.0703],[18.2244,-10.1127],[18.2081,-10.1274],[18.1972,-10.1465],[18.1795,-10.1893],[18.1768,-10.2128],[18.1847,-10.2367],[18.1991,-10.2623],[18.2202,-10.287],[18.2724,-10.3311],[18.3726,-10.3998],[18.3963,-10.4103],[18.4222,-10.4164],[18.4402,-10.4098],[18.4697,-10.4023],[18.4958,-10.4263],[18.4909,-10.4315],[18.4821,-10.4474],[18.4977,-10.4463],[18.5175,-10.4546],[18.5299,-10.4542],[18.5345,-10.4689],[18.5476,-10.4852],[18.5538,-10.5151],[18.5711,-10.531],[18.5783,-10.5436],[18.5845,-10.5362],[18.5932,-10.5462],[18.6038,-10.5539],[18.6261,-10.5641],[18.6398,-10.5504],[18.6395,-10.564],[18.6443,-10.5748],[18.6536,-10.5819],[18.6671,-10.5846],[18.6629,-10.5887],[18.658,-10.5953],[18.6534,-10.5982],[18.6678,-10.6091],[18.6739,-10.6119],[18.6641,-10.6161],[18.6581,-10.622],[18.6565,-10.6297],[18.6603,-10.6398],[18.6538,-10.6406],[18.6447,-10.6446],[18.6398,-10.646],[18.6521,-10.6583],[18.6516,-10.6648],[18.633,-10.674],[18.6265,-10.674],[18.621,-10.6692],[18.6154,-10.6665],[18.6088,-10.6734],[18.6068,-10.6816],[18.6106,-10.6853],[18.6163,-10.6883],[18.6193,-10.6944],[18.6229,-10.7498],[18.6287,-10.776],[18.6398,-10.8037],[18.6539,-10.8269],[18.6707,-10.8464],[18.7074,-10.8792],[18.7253,-10.8956],[18.7412,-10.9137],[18.754,-10.9352],[18.7627,-10.9613],[18.7639,-10.9887],[18.7513,-11.0359],[18.7484,-11.0638],[18.7554,-11.0909],[18.7836,-11.1413],[18.79,-11.1674],[18.7844,-11.1949],[18.7755,-11.2144],[18.7756,-11.2328],[18.7968,-11.2562],[18.8055,-11.2621],[18.814,-11.2688],[18.8218,-11.2772],[18.8288,-11.2911],[18.8327,-11.3065],[18.8338,-11.3272],[18.8369,-11.3476],[18.828,-11.3635],[18.8109,-11.3693],[18.767,-11.3637],[18.7436,-11.364],[18.693,-11.3741],[18.5876,-11.4127],[18.5352,-11.4394],[18.515,-11.4533],[18.4475,-11.5213],[18.4279,-11.5336],[18.4056,-11.5404],[18.3808,-11.5413],[18.3318,-11.5382],[18.2812,-11.5271],[18.2557,-11.5285],[18.1805,-11.5483],[18.1712,-11.5497],[18.1606,-11.5524],[18.1529,-11.5528],[18.146,-11.5524],[18.1299,-11.5476],[18.106,-11.5452],[18.1028,-11.5446],[18.0937,-11.5416],[18.0856,-11.5421],[18.0753,-11.5449],[18.0576,-11.5533],[18.0475,-11.5562],[18.04,-11.5567],[18.036,-11.5548],[18.033,-11.5527],[18.0279,-11.5479],[18.0248,-11.5417],[18.0234,-11.5376],[18.0214,-11.5335],[18.0186,-11.5294],[18.0151,-11.5261],[18.0113,-11.5234],[18.0079,-11.5214],[18.0054,-11.5201],[18.0017,-11.5192],[17.9885,-11.5211],[17.9652,-11.5276],[17.958,-11.529],[17.9491,-11.529],[17.9446,-11.5282],[17.931,-11.5279],[17.9255,-11.5272],[17.9201,-11.5257],[17.9156,-11.5233],[17.9115,-11.5204],[17.9081,-11.5169],[17.9053,-11.5128],[17.9015,-11.5043],[17.9009,-11.501],[17.9004,-11.4955],[17.9046,-11.4605],[17.9043,-11.4584],[17.903,-11.4543],[17.8988,-11.4455],[17.8909,-11.433],[17.8838,-11.4123],[17.8816,-11.4075],[17.879,-11.4033],[17.8725,-11.3968],[17.8586,-11.3887],[17.8289,-11.3624],[17.8416,-11.4299],[17.8434,-11.5002],[17.8349,-11.5309],[17.8165,-11.5559],[17.7212,-11.6545],[17.6974,-11.6703],[17.6504,-11.7086],[17.6336,-11.715],[17.616,-11.7196],[17.5878,-11.7262],[17.5723,-11.7187],[17.5048,-11.6871],[17.5006,-11.684],[17.5039,-11.6777],[17.5089,-11.6602],[17.5111,-11.6441],[17.5112,-11.6325],[17.5086,-11.621],[17.4815,-11.5627],[17.478,-11.5389],[17.4884,-11.5162],[17.4972,-11.5114],[17.5233,-11.5016],[17.53,-11.4951],[17.5285,-11.4786],[17.5161,-11.4764],[17.5003,-11.482],[17.4884,-11.4889],[17.4904,-11.4759],[17.4885,-11.4517],[17.4921,-11.4436],[17.5064,-11.4349],[17.5129,-11.4298],[17.5157,-11.4237],[17.5152,-11.409],[17.516,-11.4017],[17.5191,-11.3958],[17.515,-11.3784],[17.4777,-11.3172],[17.4642,-11.2999],[17.4586,-11.2889],[17.4582,-11.2755],[17.4605,-11.2562],[17.453,-11.2386],[17.4463,-11.2348],[17.4366,-11.2364],[17.4201,-11.2357],[17.3987,-11.2254],[17.392,-11.2093],[17.401,-11.1908],[17.4264,-11.1736],[17.4338,-11.1811],[17.4466,-11.1707],[17.4526,-11.1571],[17.4543,-11.1224],[17.4489,-11.1025],[17.4255,-11.0695],[17.4149,-11.0363],[17.3889,-11.0113],[17.3786,-10.9955],[17.3758,-10.9783],[17.377,-10.9435],[17.3717,-10.9272],[17.353,-10.9112],[17.3006,-10.8801],[17.2898,-10.8617],[17.2812,-10.8577],[17.2277,-10.8651],[17.2143,-10.8609],[17.1994,-10.8533],[17.185,-10.8482],[17.1725,-10.8515],[17.1608,-10.8167],[17.1503,-10.8087],[17.1321,-10.8173],[17.1137,-10.8106],[17.1045,-10.8229],[17.0926,-10.8332],[17.0663,-10.8204],[17.0471,-10.8056],[17.0313,-10.7962],[16.9258,-10.7662],[16.9096,-10.7587],[16.8884,-10.75],[16.8476,-10.7652],[16.8305,-10.7621],[16.8088,-10.7711],[16.7862,-10.7689],[16.7669,-10.76],[16.7548,-10.7491],[16.7261,-10.7042],[16.715,-10.6944],[16.7033,-10.692],[16.6762,-10.6919],[16.6654,-10.6876],[16.6564,-10.6777],[16.6387,-10.646],[16.6307,-10.6415],[16.6212,-10.6389],[16.6135,-10.6331],[16.6107,-10.6187],[16.6138,-10.611],[16.6208,-10.604],[16.6387,-10.5914],[16.6272,-10.5822],[16.6116,-10.5742],[16.6039,-10.5677],[16.5965,-10.5621],[16.5849,-10.5364],[16.5615,-10.5185],[16.5561,-10.5123],[16.5529,-10.5056],[16.4947,-10.4337],[16.4703,-10.4215],[16.4556,-10.4105],[16.448,-10.4077],[16.4422,-10.4024],[16.4401,-10.3891],[16.4467,-10.3547],[16.4463,-10.3444],[16.4025,-10.2898],[16.3975,-10.2876],[16.3924,-10.2829],[16.3853,-10.2783],[16.3749,-10.2761],[16.3623,-10.2755],[16.3548,-10.2736],[16.3496,-10.2697],[16.3438,-10.263],[16.336,-10.2492],[16.332,-10.2316],[16.3302,-10.1901],[16.3363,-10.1686],[16.3505,-10.1567],[16.3665,-10.1488],[16.378,-10.1389],[16.3404,-9.9887],[16.3256,-9.9813],[16.3171,-9.9631],[16.3079,-9.899],[16.3048,-9.8928],[16.296,-9.8851],[16.2888,-9.8828],[16.2666,-9.8786],[16.2619,-9.8751],[16.2565,-9.8683],[16.2446,-9.8573],[16.2326,-9.8432],[16.2272,-9.827],[16.2247,-9.8062],[16.2183,-9.7878],[16.2095,-9.7728],[16.1999,-9.7615],[16.1821,-9.7492],[16.1633,-9.7432],[16.121,-9.7411],[16.0992,-9.7375],[16.0824,-9.7318],[16.0686,-9.7306],[16.0558,-9.7411],[16.0354,-9.724],[16.0279,-9.7206],[16.0144,-9.7189],[16.0051,-9.7215],[15.9963,-9.7254],[15.9839,-9.7274],[15.9789,-9.7236],[15.9731,-9.7165],[15.9659,-9.7123],[15.9565,-9.7172],[15.9491,-9.7239],[15.9402,-9.729],[15.9299,-9.7327],[15.9181,-9.7349],[15.899,-9.7349],[15.8673,-9.729],[15.8473,-9.7274],[15.8415,-9.7252],[15.8277,-9.7159],[15.8197,-9.7138],[15.809,-9.716],[15.8059,-9.722],[15.8053,-9.7307],[15.8026,-9.7411],[15.7955,-9.7545],[15.786,-9.768],[15.7737,-9.7785],[15.7582,-9.7827],[15.6645,-9.7908],[15.645,-9.7895],[15.6232,-9.7827],[15.6111,-9.7813],[15.5809,-9.7969],[15.5636,-9.7955],[15.5447,-9.7903],[15.5208,-9.7895],[15.5163,-9.792],[15.5125,-9.7966],[15.5096,-9.8011],[15.5078,-9.8031],[15.4987,-9.8027],[15.4837,-9.7975],[15.4768,-9.7963],[15.4001,-9.805],[15.3776,-9.8138],[15.3638,-9.8168],[15.3478,-9.8152],[15.333,-9.8109],[15.3185,-9.8096],[15.303,-9.8168],[15.291,-9.8073],[15.2699,-9.7999],[15.2498,-9.7966],[15.2409,-9.7997],[15.236,-9.7966],[15.2246,-9.7957],[15.203,-9.7963],[15.1976,-9.7926],[15.1848,-9.7751],[15.1788,-9.769],[15.1703,-9.7659],[15.1518,-9.7635],[15.1447,-9.7615],[15.1392,-9.7563],[15.1352,-9.7494],[15.13,-9.7435],[15.1115,-9.7379],[15.1094,-9.7237],[15.1341,-9.6958],[15.1475,-9.6759],[15.1554,-9.6496],[15.1526,-9.6154],[15.1456,-9.5888],[15.1233,-9.5439],[15.1202,-9.5268],[15.1495,-9.4896],[15.1737,-9.4591],[15.1621,-9.4179],[15.1108,-9.3724],[15.1206,-9.3552],[15.1346,-9.3516],[15.1495,-9.3507],[15.1929,-9.3542],[15.2309,-9.3382],[15.2468,-9.3016],[15.2589,-9.2609],[15.2856,-9.2326],[15.3069,-9.2278],[15.3497,-9.2268],[15.3708,-9.2202],[15.3798,-9.2133],[15.3948,-9.1971],[15.4041,-9.1908],[15.4124,-9.1889],[15.4298,-9.1894],[15.4384,-9.188],[15.4506,-9.1806],[15.4627,-9.1707],[15.4752,-9.1626],[15.4886,-9.1602],[15.4987,-9.1636],[15.5171,-9.1747],[15.528,-9.1781],[15.567,-9.1776],[15.6063,-9.1719],[15.6206,-9.1657],[15.6274,-9.1616],[15.6378,-9.1516],[15.6425,-9.0851],[15.6391,-9.0537],[15.6388,-9.0255],[15.6408,-9.0073],[15.6504,-8.9727],[15.665,-8.8811],[15.694,-8.7886],[15.7152,-8.7434],[15.7224,-8.7207],[15.7185,-8.6996],[15.705,-8.6808],[15.6605,-8.6622],[15.6392,-8.6467],[15.624,-8.6212],[15.6169,-8.6016],[15.6295,-8.5682],[15.6676,-8.513],[15.6741,-8.4929],[15.6747,-8.4794],[15.6795,-8.4641],[15.6977,-8.4543],[15.7988,-8.4195],[15.8161,-8.4028],[15.8176,-8.3828],[15.8132,-8.3661],[15.809,-8.3098],[15.799,-8.2578],[15.8005,-8.2115],[15.8633,-8.221],[15.889,-8.2199],[15.919,-8.213],[15.9544,-8.192],[16.032,-8.1665],[16.049,-8.1576],[16.092,-8.1152],[16.1091,-8.0257],[16.1269,-7.9889],[16.1329,-7.9718],[16.1353,-7.9504],[16.1341,-7.9265],[16.1258,-7.8765],[16.0636,-7.6846],[16.0585,-7.6605],[16.0627,-7.6356],[16.075,-7.6116],[16.1094,-7.591],[16.1395,-7.5826],[16.1921,-7.578],[16.2194,-7.5686],[16.2821,-7.5237],[16.3457,-7.434],[16.413,-7.388],[16.5684,-7.3252],[16.5898,-7.3216],[16.6066,-7.3243],[16.6272,-7.3326],[16.6466,-7.3483],[16.6607,-7.3694],[16.6829,-7.417],[16.7811,-7.552],[16.8019,-7.5718],[16.8237,-7.5869],[16.8455,-7.5964],[16.8676,-7.6007],[16.8907,-7.6009],[16.9136,-7.5957],[16.9357,-7.5838],[16.956,-7.5621],[16.969,-7.5327],[16.9741,-7.5109],[16.9776,-7.4738],[16.9813,-7.455],[16.992,-7.4364],[17.0033,-7.4236],[17.0412,-7.3974],[17.0954,-7.379],[17.0975,-7.3784],[17.0979,-7.3783]]]}},{"type":"Feature","properties":{"id":"AGO-1892","name":"Moxico","nameBn":"মক্সিকো প্রদেশ","type":"Province","bounds":[17.9452,-16.1659,24.0617,-10.5887],"center":[21.0033,-13.281]},"geometry":{"type":"Polygon","coordinates":[[[21.9804,-13.6948],[21.9804,-13.755],[21.9805,-13.9056],[21.9806,-14.0564],[21.9807,-14.2069],[21.9808,-14.3576],[21.9809,-14.5084],[21.981,-14.6591],[21.9811,-14.8098],[21.9812,-14.9605],[21.9813,-15.1112],[21.9814,-15.2619],[21.9815,-15.4125],[21.9815,-15.4523],[21.9815,-15.4735],[21.9815,-15.5038],[21.9815,-15.5478],[21.9814,-15.6499],[21.9812,-15.752],[21.9809,-15.854],[21.9808,-15.9561],[21.9806,-16.0012],[21.9815,-16.004],[21.9815,-16.0675],[21.9815,-16.1282],[21.9815,-16.1443],[21.9838,-16.1659],[21.967,-16.1456],[21.9393,-16.1233],[21.9086,-16.1043],[21.8537,-16.0829],[21.8407,-16.0733],[21.8312,-16.0587],[21.8061,-15.9954],[21.803,-15.9901],[21.7839,-15.97],[21.7797,-15.9641],[21.7743,-15.9439],[21.7554,-15.9037],[21.7473,-15.8952],[21.7236,-15.8918],[21.7195,-15.8828],[21.7199,-15.8697],[21.7097,-15.8542],[21.6819,-15.8455],[21.6517,-15.8482],[21.6223,-15.8453],[21.5961,-15.8194],[21.589,-15.8023],[21.5794,-15.767],[21.5725,-15.7512],[21.5607,-15.7354],[21.5396,-15.7136],[21.531,-15.6972],[21.5231,-15.6663],[21.518,-15.6529],[21.4983,-15.6257],[21.48,-15.5937],[21.4698,-15.5873],[21.4362,-15.5797],[21.4218,-15.5593],[21.4149,-15.498],[21.4111,-15.4813],[21.391,-15.4362],[21.3774,-15.4228],[21.3602,-15.4198],[21.3454,-15.4224],[21.3391,-15.4256],[21.3346,-15.4058],[21.3232,-15.3951],[21.2913,-15.3813],[21.2647,-15.3608],[21.2604,-15.3517],[21.2622,-15.3456],[21.2651,-15.3401],[21.2647,-15.3329],[21.2348,-15.2742],[21.2108,-15.2496],[21.1852,-15.254],[21.1672,-15.2613],[21.1555,-15.2495],[21.1492,-15.2324],[21.1474,-15.2236],[21.1382,-15.2128],[21.131,-15.2075],[21.1217,-15.2085],[21.1064,-15.2162],[21.0991,-15.1997],[21.0733,-15.1716],[21.0525,-15.1396],[20.9692,-15.0523],[20.964,-15.0502],[20.96,-15.0514],[20.9565,-15.0514],[20.9521,-15.0455],[20.9487,-15.0318],[20.9374,-15.0189],[20.9276,-15.0045],[20.9072,-15.0186],[20.8907,-15.0155],[20.86,-14.9909],[20.8376,-14.9819],[20.8276,-14.9878],[20.8201,-14.9987],[20.8048,-15.0045],[20.787,-15.0031],[20.7669,-14.9994],[20.7302,-14.9875],[20.6827,-14.9602],[20.6676,-14.9561],[20.6588,-14.958],[20.6443,-14.968],[20.6369,-14.9704],[20.6271,-14.9691],[20.6084,-14.964],[20.5993,-14.9635],[20.5905,-14.9657],[20.5689,-14.975],[20.5542,-14.9868],[20.5493,-14.9875],[20.5437,-14.9854],[20.5344,-14.984],[20.4621,-14.984],[20.4464,-14.9869],[20.433,-14.9925],[20.4186,-14.9955],[20.4001,-14.9909],[20.3896,-14.9902],[20.3839,-14.9887],[20.3416,-14.9821],[20.3056,-14.9809],[20.2711,-14.9854],[20.2623,-14.9851],[20.2557,-14.9837],[20.25,-14.981],[20.2359,-14.9723],[20.2151,-14.9628],[20.1651,-14.9476],[20.0877,-14.9061],[20.0823,-14.9023],[20.0772,-14.8966],[20.0635,-14.8777],[20.0571,-14.8703],[20.0486,-14.862],[20.0193,-14.8411],[20.009,-14.8315],[19.9826,-14.7939],[19.9477,-14.7707],[19.9252,-14.7645],[19.9144,-14.7495],[19.8976,-14.7411],[19.8892,-14.7318],[19.8799,-14.7184],[19.8236,-14.6746],[19.7887,-14.6378],[19.7764,-14.622],[19.7645,-14.6112],[19.7511,-14.6017],[19.7431,-14.5911],[19.7356,-14.5776],[19.7261,-14.5682],[19.6977,-14.5494],[19.6884,-14.5401],[19.6822,-14.5298],[19.6742,-14.499],[19.672,-14.4937],[19.6558,-14.4701],[19.6405,-14.4555],[19.6324,-14.444],[19.627,-14.4329],[19.6202,-14.4049],[19.6125,-14.3857],[19.6049,-14.3745],[19.595,-14.365],[19.5694,-14.3453],[19.5614,-14.3348],[19.5539,-14.3216],[19.5447,-14.3084],[19.5278,-14.2897],[19.4963,-14.2857],[19.4146,-14.296],[19.3279,-14.2789],[19.2822,-14.259],[19.2499,-14.2513],[19.2219,-14.2533],[19.1978,-14.2658],[19.1796,-14.2802],[19.1737,-14.2995],[19.1737,-14.3203],[19.1849,-14.365],[19.1786,-14.3806],[19.1588,-14.3896],[19.0905,-14.3744],[19.0511,-14.3717],[19.0175,-14.3742],[18.9474,-14.3988],[18.9341,-14.3996],[18.9236,-14.396],[18.9093,-14.3879],[18.8972,-14.3837],[18.8923,-14.3789],[18.8895,-14.3753],[18.8873,-14.369],[18.8752,-14.3545],[18.8716,-14.3494],[18.87,-14.3445],[18.8697,-14.3392],[18.869,-14.3335],[18.8662,-14.3286],[18.8623,-14.3243],[18.8562,-14.3196],[18.8483,-14.3113],[18.846,-14.3069],[18.8389,-14.2839],[18.8239,-14.2652],[18.8204,-14.2555],[18.8191,-14.2499],[18.8151,-14.2398],[18.8123,-14.2353],[18.8063,-14.2268],[18.8041,-14.222],[18.8029,-14.2049],[18.8002,-14.1949],[18.7996,-14.1896],[18.8007,-14.1847],[18.8027,-14.1796],[18.805,-14.1751],[18.8063,-14.17],[18.8053,-14.1653],[18.7996,-14.1568],[18.7976,-14.1524],[18.797,-14.1467],[18.7976,-14.1359],[18.7965,-14.131],[18.7919,-14.1221],[18.7864,-14.1064],[18.781,-14.0976],[18.7795,-14.0926],[18.7793,-14.0869],[18.781,-14.0817],[18.7863,-14.0725],[18.7884,-14.0677],[18.7884,-14.0624],[18.7872,-14.0575],[18.7793,-14.0432],[18.7717,-14.0336],[18.7647,-14.0269],[18.7603,-14.0216],[18.7571,-14.0164],[18.7507,-14.0005],[18.7481,-13.9968],[18.7386,-13.9861],[18.7361,-13.9816],[18.7348,-13.9761],[18.7349,-13.9635],[18.7343,-13.9614],[18.7326,-13.9575],[18.7275,-13.9493],[18.7137,-13.9327],[18.7026,-13.922],[18.6708,-13.9023],[18.666,-13.8978],[18.6561,-13.8774],[18.6443,-13.866],[18.6365,-13.8632],[18.6274,-13.8616],[18.6181,-13.8565],[18.5549,-13.8066],[18.5322,-13.7977],[18.5,-13.7914],[18.4606,-13.7779],[18.3327,-13.7199],[18.2975,-13.7132],[18.275,-13.717],[18.2477,-13.7164],[18.2159,-13.7087],[17.9845,-13.5835],[17.9531,-13.5724],[17.9491,-13.5405],[17.9452,-13.5248],[17.9491,-13.5075],[17.9637,-13.4658],[17.9592,-13.4415],[17.9508,-13.4176],[17.9473,-13.3943],[17.9597,-13.3726],[17.9764,-13.355],[17.9954,-13.3418],[18.0089,-13.3347],[18.0531,-13.3164],[18.0712,-13.2999],[18.0768,-13.2737],[18.0689,-13.2306],[18.0458,-13.173],[18.0409,-13.1504],[18.0587,-13.105],[18.059,-13.0865],[18.078,-13.0693],[18.1045,-13.0529],[18.12,-13.0373],[18.1365,-13.0091],[18.1712,-12.9641],[18.176,-12.9342],[18.1586,-12.8839],[18.1544,-12.8624],[18.1605,-12.8417],[18.1843,-12.8288],[18.282,-12.7499],[18.2992,-12.7301],[18.3068,-12.7005],[18.3089,-12.68],[18.3204,-12.654],[18.3838,-12.5858],[18.4004,-12.5631],[18.4132,-12.5411],[18.4197,-12.5233],[18.4168,-12.4963],[18.4327,-12.46],[18.5186,-12.3771],[18.5415,-12.3616],[18.5954,-12.339],[18.6238,-12.3199],[18.6574,-12.2918],[18.7107,-12.2623],[18.7264,-12.2457],[18.7324,-12.2269],[18.7282,-12.2134],[18.7225,-12.2021],[18.7222,-12.1911],[18.7255,-12.1789],[18.7408,-12.1601],[18.7737,-12.1278],[18.8004,-12.1129],[18.8081,-12.1069],[18.8491,-12.0598],[18.8626,-12.0377],[18.869,-12.0137],[18.8697,-12.002],[18.8663,-11.9921],[18.848,-11.953],[18.8476,-11.9267],[18.8575,-11.9],[18.8797,-11.87],[18.9036,-11.8227],[18.9164,-11.8046],[18.9422,-11.7888],[18.9607,-11.7747],[18.9697,-11.7473],[18.965,-11.7262],[18.9664,-11.7069],[18.9779,-11.6961],[18.9945,-11.6924],[19.0265,-11.6891],[19.0457,-11.6792],[19.0642,-11.6588],[19.0757,-11.6283],[19.0828,-11.5786],[19.0892,-11.5556],[19.0995,-11.5339],[19.1366,-11.4861],[19.1504,-11.4725],[19.1661,-11.4601],[19.1886,-11.456],[19.2367,-11.44],[19.2513,-11.431],[19.257,-11.4227],[19.2705,-11.4093],[19.2761,-11.4058],[19.2811,-11.4036],[19.2926,-11.4027],[19.3061,-11.4027],[19.3121,-11.4036],[19.3176,-11.4052],[19.3262,-11.4103],[19.3309,-11.4126],[19.3367,-11.4136],[19.3823,-11.4143],[19.3924,-11.4129],[19.4,-11.4109],[19.4558,-11.3826],[19.4633,-11.3777],[19.4741,-11.3673],[19.4977,-11.3504],[19.5026,-11.3459],[19.5077,-11.34],[19.5393,-11.3137],[19.5416,-11.3099],[19.5463,-11.2998],[19.5488,-11.2968],[19.5498,-11.2941],[19.5509,-11.2878],[19.555,-11.2781],[19.5679,-11.2636],[19.6082,-11.2546],[19.6242,-11.256],[19.6648,-11.2846],[19.7145,-11.3061],[19.7235,-11.308],[19.7304,-11.3085],[19.7473,-11.3057],[19.785,-11.2942],[19.7906,-11.2912],[19.7968,-11.2869],[19.8278,-11.2588],[19.8354,-11.2538],[19.8422,-11.2526],[19.8455,-11.2555],[19.8568,-11.2617],[19.8686,-11.2636],[19.8751,-11.266],[19.8797,-11.2685],[19.8818,-11.271],[19.8836,-11.2741],[19.8892,-11.2882],[19.8938,-11.2932],[19.9007,-11.2973],[19.9155,-11.3012],[19.9238,-11.3016],[19.9297,-11.3009],[19.9365,-11.2978],[19.94,-11.2955],[19.9431,-11.293],[19.9446,-11.2908],[19.9468,-11.2871],[19.9502,-11.2772],[19.9527,-11.2722],[19.9564,-11.2678],[19.962,-11.2634],[19.9678,-11.2622],[19.9981,-11.264],[20.0165,-11.2603],[20.0266,-11.2606],[20.0328,-11.2625],[20.0368,-11.2662],[20.0411,-11.2695],[20.0531,-11.274],[20.0569,-11.2766],[20.0619,-11.2791],[20.0686,-11.2817],[20.0905,-11.2856],[20.095,-11.285],[20.1052,-11.278],[20.1089,-11.2749],[20.1122,-11.2712],[20.115,-11.267],[20.1212,-11.2594],[20.1318,-11.2492],[20.1403,-11.237],[20.1473,-11.23],[20.1501,-11.226],[20.155,-11.2207],[20.1619,-11.2153],[20.1768,-11.209],[20.1845,-11.2087],[20.1901,-11.2109],[20.1931,-11.2149],[20.1966,-11.2183],[20.201,-11.2209],[20.2176,-11.2261],[20.2222,-11.2283],[20.2264,-11.231],[20.23,-11.2344],[20.2359,-11.2382],[20.2443,-11.2418],[20.2619,-11.245],[20.2908,-11.2552],[20.2966,-11.2583],[20.3006,-11.2614],[20.3026,-11.2637],[20.3071,-11.2712],[20.3097,-11.2746],[20.3135,-11.2779],[20.3181,-11.2801],[20.3358,-11.2823],[20.3413,-11.2837],[20.3589,-11.291],[20.365,-11.2911],[20.37,-11.2899],[20.382,-11.2813],[20.393,-11.2767],[20.4007,-11.2758],[20.4072,-11.2766],[20.4201,-11.2838],[20.4291,-11.2871],[20.4317,-11.2885],[20.4426,-11.2967],[20.4606,-11.3049],[20.4642,-11.3071],[20.4663,-11.3088],[20.469,-11.3116],[20.4772,-11.3234],[20.4811,-11.3266],[20.4897,-11.3317],[20.4936,-11.3348],[20.4967,-11.3377],[20.5,-11.3396],[20.5031,-11.3408],[20.5254,-11.3474],[20.5338,-11.3472],[20.5451,-11.3457],[20.5521,-11.3459],[20.5578,-11.3479],[20.5613,-11.3518],[20.5653,-11.3617],[20.5684,-11.3654],[20.5737,-11.3683],[20.5825,-11.3722],[20.6297,-11.3846],[20.6369,-11.3877],[20.6668,-11.4075],[20.6724,-11.4104],[20.6822,-11.4134],[20.7042,-11.4106],[20.7121,-11.4106],[20.7181,-11.4123],[20.7284,-11.4235],[20.7309,-11.427],[20.7343,-11.4371],[20.7473,-11.4435],[20.7546,-11.4422],[20.7708,-11.4411],[20.7839,-11.443],[20.8251,-11.4571],[20.8406,-11.4604],[20.8541,-11.4619],[20.8688,-11.4615],[20.8781,-11.4637],[20.8884,-11.4676],[20.9061,-11.4702],[20.9906,-11.4748],[21.0355,-11.4716],[21.0381,-11.4686],[21.0392,-11.4652],[21.0386,-11.4612],[21.0395,-11.4539],[21.0312,-11.4366],[21.0296,-11.4311],[21.0305,-11.4251],[21.0341,-11.4189],[21.062,-11.4016],[21.0803,-11.393],[21.0917,-11.3851],[21.0986,-11.3848],[21.1214,-11.3865],[21.1277,-11.3852],[21.1328,-11.3834],[21.137,-11.3803],[21.1461,-11.3756],[21.1511,-11.371],[21.1548,-11.3661],[21.1568,-11.3615],[21.159,-11.3577],[21.1683,-11.3448],[21.1708,-11.3404],[21.1751,-11.3361],[21.1809,-11.3316],[21.1922,-11.3261],[21.1973,-11.3224],[21.2056,-11.3143],[21.2204,-11.2925],[21.2209,-11.2907],[21.2204,-11.2892],[21.2184,-11.2869],[21.2177,-11.284],[21.2186,-11.2818],[21.2248,-11.2783],[21.2356,-11.2746],[21.2668,-11.2695],[21.2903,-11.2632],[21.3422,-11.2374],[21.384,-11.2278],[21.3902,-11.2248],[21.4063,-11.214],[21.4708,-11.2026],[21.4756,-11.1975],[21.4838,-11.1862],[21.486,-11.181],[21.4886,-11.1762],[21.4923,-11.1727],[21.4974,-11.1707],[21.5129,-11.1727],[21.5187,-11.1725],[21.5238,-11.1688],[21.5276,-11.1668],[21.5327,-11.1687],[21.5356,-11.1726],[21.5392,-11.1763],[21.5431,-11.1788],[21.5587,-11.1816],[21.5848,-11.1817],[21.5938,-11.1797],[21.6411,-11.1589],[21.6545,-11.1514],[21.6805,-11.1417],[21.6856,-11.1406],[21.6962,-11.1325],[21.7018,-11.0999],[21.6978,-11.0951],[21.6961,-11.0915],[21.6945,-11.0864],[21.6939,-11.0805],[21.6947,-11.0749],[21.6976,-11.0656],[21.6972,-11.0621],[21.6933,-11.0606],[21.6827,-11.0599],[21.6782,-11.0579],[21.6746,-11.0544],[21.6725,-11.0496],[21.6715,-11.0443],[21.6698,-11.0394],[21.6669,-11.0355],[21.6599,-11.0287],[21.657,-11.0246],[21.6545,-11.0202],[21.6528,-11.015],[21.6503,-11.0051],[21.65,-11.0013],[21.65,-10.9991],[21.6504,-10.9962],[21.652,-10.992],[21.6543,-10.9881],[21.6607,-10.9805],[21.663,-10.9759],[21.6641,-10.9702],[21.6649,-10.9379],[21.6676,-10.927],[21.6697,-10.9219],[21.6709,-10.9165],[21.6714,-10.9102],[21.6709,-10.8979],[21.6718,-10.8925],[21.674,-10.888],[21.6948,-10.8618],[21.7054,-10.851],[21.7351,-10.829],[21.7418,-10.8215],[21.7454,-10.8143],[21.7455,-10.8079],[21.742,-10.7704],[21.7423,-10.7574],[21.7437,-10.752],[21.7496,-10.7371],[21.7533,-10.7065],[21.7645,-10.6761],[21.782,-10.6452],[21.7881,-10.6376],[21.7949,-10.6304],[21.8059,-10.6277],[21.823,-10.626],[21.8837,-10.629],[22.0483,-10.6135],[22.0649,-10.6086],[22.068,-10.6048],[22.0756,-10.5983],[22.0822,-10.5911],[22.0863,-10.5889],[22.0921,-10.5887],[22.0998,-10.5909],[22.1083,-10.5917],[22.1287,-10.5901],[22.1385,-10.5906],[22.1915,-10.6043],[22.1979,-10.607],[22.2033,-10.6099],[22.2198,-10.6213],[22.2244,-10.6234],[22.2315,-10.6254],[22.2408,-10.6269],[22.2713,-10.6256],[22.3081,-10.6127],[22.3082,-10.6126],[22.3086,-10.6125],[22.3076,-10.6336],[22.3101,-10.6688],[22.3264,-10.6946],[22.321,-10.7007],[22.3195,-10.7038],[22.3224,-10.7422],[22.3195,-10.7613],[22.3097,-10.7698],[22.2907,-10.7727],[22.2659,-10.7799],[22.224,-10.7971],[22.206,-10.8099],[22.1828,-10.8304],[22.1655,-10.8524],[22.1657,-10.8688],[22.1748,-10.8843],[22.1961,-10.9542],[22.1961,-10.9923],[22.1993,-10.9974],[22.214,-11.0079],[22.2172,-11.0128],[22.2206,-11.03],[22.2373,-11.0594],[22.2438,-11.0783],[22.2555,-11.1666],[22.252,-11.2086],[22.2376,-11.2495],[22.2631,-11.2482],[22.2818,-11.2367],[22.3257,-11.1903],[22.3403,-11.1802],[22.4403,-11.1469],[22.4694,-11.1224],[22.501,-11.0424],[22.5376,-11.0372],[22.6136,-11.0675],[22.6509,-11.0823],[22.689,-11.093],[22.7277,-11.0968],[22.7642,-11.0905],[22.7853,-11.0785],[22.8069,-11.0631],[22.8292,-11.0521],[22.8531,-11.0531],[22.8736,-11.0637],[22.9112,-11.0883],[22.9311,-11.0968],[22.9696,-11.1025],[23.0143,-11.1025],[23.1147,-11.0855],[23.1968,-11.0719],[23.3065,-11.0117],[23.3733,-10.9751],[23.4154,-10.9633],[23.456,-10.961],[23.4948,-10.9643],[23.557,-10.9813],[23.6416,-11.0045],[23.6749,-11.007],[23.7141,-11.0039],[23.7523,-11.0082],[23.7937,-11.0211],[23.8337,-11.0285],[23.8674,-11.0164],[23.8741,-11.0069],[23.8818,-10.9845],[23.8878,-10.9744],[23.8973,-10.9665],[23.9186,-10.9541],[23.928,-10.9454],[23.9361,-10.9252],[23.9406,-10.9016],[23.9486,-10.8815],[23.9675,-10.8723],[23.9743,-10.9214],[23.9806,-10.9383],[24.0,-10.9678],[24.0037,-10.9825],[23.9973,-11.0017],[23.9937,-11.0196],[23.9945,-11.075],[23.9901,-11.1135],[23.9958,-11.1274],[24.0153,-11.1305],[24.0112,-11.2729],[24.017,-11.2984],[24.0611,-11.395],[24.0617,-11.407],[24.0521,-11.4205],[24.0208,-11.4446],[24.0099,-11.4595],[24.0076,-11.4705],[24.0072,-11.4831],[24.0098,-11.5072],[24.0097,-11.5234],[24.0054,-11.5352],[23.9777,-11.5773],[23.9599,-11.6172],[23.9546,-11.6369],[23.9546,-11.6622],[23.9623,-11.6816],[23.9727,-11.7006],[23.9813,-11.7248],[23.9855,-11.7995],[23.9902,-11.8241],[23.9885,-11.8342],[23.967,-11.8829],[23.961,-12.0117],[23.9543,-12.1519],[23.9596,-12.1967],[23.9813,-12.2277],[24.0066,-12.2537],[24.0169,-12.2789],[24.021,-12.34],[24.0308,-12.3851],[24.028,-12.4021],[24.0199,-12.4192],[23.9861,-12.4677],[23.9408,-12.5328],[23.9287,-12.5616],[23.9107,-12.6313],[23.8917,-12.7051],[23.8723,-12.7501],[23.8657,-12.7897],[23.8747,-12.8217],[23.8951,-12.8498],[23.9496,-12.9046],[23.9718,-12.9334],[23.9889,-12.9651],[24.0006,-13.0015],[23.9683,-13.0015],[23.8442,-13.0015],[23.7198,-13.0015],[23.5956,-13.0015],[23.4713,-13.0015],[23.3469,-13.0015],[23.2227,-13.0015],[23.0984,-13.0015],[22.974,-13.0015],[22.8498,-13.0015],[22.7255,-13.0015],[22.6012,-13.0015],[22.477,-13.0015],[22.3528,-13.0015],[22.2285,-13.0015],[22.1042,-13.0015],[21.9799,-13.0015],[21.98,-13.1522],[21.9801,-13.3027],[21.9802,-13.4535],[21.9803,-13.6042],[21.9804,-13.6948]]]}},{"type":"Feature","properties":{"id":"AGO-1893","name":"Namibe","nameBn":"নামিবে প্রদেশ","type":"Province","bounds":[11.6694,-17.2659,13.6811,-13.5217],"center":[12.6525,-15.8249]},"geometry":{"type":"MultiPolygon","coordinates":[[[[13.1849,-16.9642],[13.1663,-16.9511],[13.1445,-16.9524],[13.1218,-16.9598],[13.0143,-16.9779],[12.9617,-17.0074],[12.9305,-17.0142],[12.911,-17.0235],[12.8872,-17.0298],[12.8823,-17.0395],[12.8805,-17.0508],[12.8764,-17.0598],[12.8677,-17.0656],[12.8499,-17.0708],[12.8423,-17.074],[12.8331,-17.0818],[12.8249,-17.0964],[12.8183,-17.1048],[12.7843,-17.1151],[12.7399,-17.1355],[12.7047,-17.1643],[12.6859,-17.1736],[12.6607,-17.1771],[12.6362,-17.1852],[12.5915,-17.2226],[12.5672,-17.2346],[12.5546,-17.2356],[12.5192,-17.2278],[12.4605,-17.2231],[12.4417,-17.217],[12.4179,-17.2034],[12.4076,-17.2041],[12.394,-17.2147],[12.3795,-17.2204],[12.3147,-17.2181],[12.2426,-17.2248],[12.2393,-17.2207],[12.2365,-17.2113],[12.2318,-17.2019],[12.2223,-17.1977],[12.2117,-17.1952],[12.2005,-17.1893],[12.1907,-17.1826],[12.1851,-17.1771],[12.1811,-17.1692],[12.1795,-17.1616],[12.1771,-17.1548],[12.1707,-17.1492],[12.1615,-17.1463],[12.1567,-17.1491],[12.1513,-17.1536],[12.1399,-17.156],[12.1056,-17.1461],[12.0953,-17.1397],[12.0881,-17.1392],[12.0822,-17.1413],[12.0752,-17.143],[12.0289,-17.149],[11.983,-17.1619],[11.9421,-17.1805],[11.895,-17.2146],[11.8539,-17.2334],[11.8355,-17.2454],[11.8296,-17.2535],[11.8275,-17.2601],[11.8224,-17.2644],[11.8076,-17.2659],[11.7969,-17.2638],[11.7795,-17.2549],[11.7662,-17.2528],[11.7661,-17.2527],[11.7661,-17.2453],[11.758,-17.2392],[11.7528,-17.2292],[11.7507,-17.2169],[11.7518,-17.2037],[11.7586,-17.1652],[11.7593,-17.033],[11.7721,-16.947],[11.78,-16.8695],[11.7681,-16.7985],[11.7681,-16.7683],[11.7859,-16.7635],[11.7909,-16.8061],[11.8037,-16.824],[11.8205,-16.7815],[11.8176,-16.7047],[11.8231,-16.679],[11.8138,-16.5839],[11.822,-16.4791],[11.7791,-16.0999],[11.7798,-16.0803],[11.7845,-16.0641],[11.807,-16.0188],[11.7844,-15.9726],[11.7366,-15.9002],[11.7355,-15.8571],[11.7518,-15.7991],[11.7635,-15.79],[11.7847,-15.7773],[11.8049,-15.7692],[11.8138,-15.775],[11.8184,-15.7924],[11.8298,-15.7978],[11.8442,-15.7936],[11.8947,-15.7467],[11.9033,-15.7314],[11.9065,-15.718],[11.9075,-15.69],[11.9102,-15.6762],[11.9305,-15.6524],[11.992,-15.6173],[12.0051,-15.5943],[12.0085,-15.5654],[12.0285,-15.4902],[12.0404,-15.4633],[12.03,-15.4369],[12.0335,-15.4074],[12.0466,-15.3507],[12.0564,-15.2331],[12.0618,-15.2179],[12.0706,-15.2047],[12.105,-15.1728],[12.1125,-15.171],[12.1278,-15.179],[12.136,-15.179],[12.1453,-15.1686],[12.1497,-15.152],[12.1489,-15.1342],[12.1428,-15.1207],[12.1279,-15.1134],[12.1174,-15.1166],[12.1125,-15.1152],[12.115,-15.0939],[12.1248,-15.0622],[12.1511,-15.002],[12.1565,-14.9671],[12.1605,-14.9535],[12.1701,-14.9425],[12.1814,-14.9323],[12.1906,-14.9221],[12.1961,-14.9085],[12.2053,-14.8536],[12.2054,-14.8404],[12.2078,-14.8333],[12.2152,-14.8242],[12.2219,-14.824],[12.2285,-14.8259],[12.2356,-14.823],[12.2443,-14.81],[12.2528,-14.7823],[12.2727,-14.7506],[12.2723,-14.7328],[12.2681,-14.7148],[12.2664,-14.6961],[12.2687,-14.6835],[12.2766,-14.6607],[12.2927,-14.5875],[12.299,-14.5076],[12.3039,-14.4941],[12.3197,-14.4687],[12.3313,-14.4335],[12.3421,-14.3671],[12.3454,-14.303],[12.3421,-14.2704],[12.3316,-14.2367],[12.3242,-14.2206],[12.3221,-14.2131],[12.3211,-14.2027],[12.3197,-14.1974],[12.3152,-14.1879],[12.3142,-14.1822],[12.3156,-14.175],[12.319,-14.1754],[12.3236,-14.1775],[12.3322,-14.1734],[12.3442,-14.1713],[12.3489,-14.1686],[12.353,-14.1609],[12.3552,-14.1518],[12.3558,-14.1423],[12.3552,-14.1337],[12.3472,-14.1199],[12.335,-14.1064],[12.3288,-14.0922],[12.3447,-14.0668],[12.3498,-14.0455],[12.3699,-14.0219],[12.3745,-14.0076],[12.3773,-13.9924],[12.3831,-13.9773],[12.3999,-13.9516],[12.4028,-13.9413],[12.4041,-13.9063],[12.4072,-13.8906],[12.4155,-13.8786],[12.4393,-13.8713],[12.4451,-13.8661],[12.4505,-13.8625],[12.4582,-13.8639],[12.4719,-13.8744],[12.4784,-13.878],[12.4857,-13.8771],[12.5025,-13.8552],[12.509,-13.8196],[12.5163,-13.7151],[12.5127,-13.6168],[12.5159,-13.6049],[12.5301,-13.5787],[12.5334,-13.567],[12.5335,-13.5669],[12.566,-13.5455],[12.5851,-13.5374],[12.6132,-13.5341],[12.7043,-13.5512],[12.7535,-13.566],[12.8243,-13.5765],[12.8675,-13.6064],[12.8911,-13.6124],[12.9192,-13.6069],[13.027,-13.5649],[13.0446,-13.5555],[13.0596,-13.5391],[13.0748,-13.5255],[13.1011,-13.5217],[13.2865,-13.5621],[13.3006,-13.5789],[13.3019,-13.5962],[13.2901,-13.6415],[13.2876,-13.6646],[13.2935,-13.6871],[13.3068,-13.7105],[13.3428,-13.7571],[13.3695,-13.8038],[13.3821,-13.8221],[13.4015,-13.8319],[13.4505,-13.8269],[13.4811,-13.8332],[13.5183,-13.846],[13.5334,-13.8495],[13.5647,-13.8469],[13.5784,-13.8801],[13.5878,-13.8966],[13.6046,-13.9141],[13.6187,-13.9346],[13.6246,-13.9573],[13.6189,-13.984],[13.6142,-13.9972],[13.5979,-14.0263],[13.5849,-14.0823],[13.6114,-14.1694],[13.6049,-14.2038],[13.6093,-14.2231],[13.6291,-14.248],[13.648,-14.2583],[13.6658,-14.2774],[13.6811,-14.438],[13.6307,-14.5281],[13.6192,-14.583],[13.617,-14.6064],[13.6105,-14.6295],[13.5903,-14.6762],[13.5712,-14.702],[13.5428,-14.7302],[13.358,-14.8552],[13.3371,-14.8713],[13.3191,-14.876],[13.2966,-14.8864],[13.2775,-14.9078],[13.2666,-14.9352],[13.2738,-15.0076],[13.2721,-15.024],[13.2482,-15.0608],[13.2421,-15.0749],[13.2418,-15.0952],[13.2819,-15.1605],[13.2822,-15.1771],[13.2733,-15.1913],[13.2358,-15.2125],[13.2207,-15.2293],[13.2212,-15.2471],[13.2361,-15.2607],[13.2814,-15.2645],[13.3012,-15.2734],[13.3112,-15.2956],[13.3169,-15.3181],[13.3334,-15.3334],[13.3545,-15.3331],[13.3769,-15.3182],[13.399,-15.3096],[13.4156,-15.3243],[13.421,-15.3442],[13.4263,-15.4044],[13.4381,-15.4284],[13.4566,-15.4468],[13.4775,-15.4623],[13.5115,-15.478],[13.5458,-15.5309],[13.5509,-15.7335],[13.5898,-15.8202],[13.5886,-15.8466],[13.5805,-15.872],[13.5115,-15.9942],[13.5025,-16.019],[13.4949,-16.0485],[13.4938,-16.0717],[13.4977,-16.0933],[13.5222,-16.1535],[13.5269,-16.1855],[13.5101,-16.2268],[13.5039,-16.2335],[13.5002,-16.2366],[13.4809,-16.2482],[13.4156,-16.3211],[13.3889,-16.3427],[13.3566,-16.3618],[13.3515,-16.364],[13.3472,-16.3639],[13.3441,-16.3608],[13.3414,-16.3573],[13.338,-16.3553],[13.325,-16.3764],[13.3189,-16.3799],[13.3118,-16.3815],[13.305,-16.3824],[13.2938,-16.3861],[13.2879,-16.3904],[13.2682,-16.4141],[13.2592,-16.4181],[13.2497,-16.4207],[13.2384,-16.4226],[13.232,-16.4254],[13.2271,-16.4288],[13.2243,-16.433],[13.2179,-16.4448],[13.2018,-16.4672],[13.2213,-16.4876],[13.231,-16.4951],[13.2381,-16.5021],[13.2437,-16.5136],[13.2475,-16.5354],[13.2392,-16.5681],[13.2232,-16.5925],[13.201,-16.6114],[13.1793,-16.6235],[13.1594,-16.6416],[13.1468,-16.6621],[13.1445,-16.6872],[13.1547,-16.714],[13.197,-16.7653],[13.3048,-16.8718],[13.3331,-16.9201],[13.3459,-16.9685],[13.3459,-16.9687],[13.3215,-16.9749],[13.3152,-16.9744],[13.3084,-16.9702],[13.293,-16.9738],[13.2675,-16.9854],[13.2675,-16.9779],[13.2572,-16.9816],[13.2453,-16.9813],[13.2228,-16.9779],[13.2121,-16.9728],[13.2055,-16.963],[13.1981,-16.9574],[13.1849,-16.9642]]],[[[11.7258,-16.6184],[11.7267,-16.6566],[11.7375,-16.6926],[11.7385,-16.7058],[11.7158,-16.685],[11.702,-16.6557],[11.6694,-16.5572],[11.6714,-16.5297],[11.6812,-16.5174],[11.702,-16.5004],[11.7197,-16.5061],[11.7215,-16.5554],[11.7258,-16.5773],[11.7258,-16.6184]]]]}},{"type":"Feature","properties":{"id":"AGO-1881","name":"Uíge","nameBn":"উগে প্রদেশ","type":"Province","bounds":[13.7975,-8.4082,17.0979,-5.8546],"center":[15.4475,-6.959]},"geometry":{"type":"Polygon","coordinates":[[[16.3157,-5.8546],[16.3413,-5.8598],[16.3585,-5.8702],[16.3743,-5.8828],[16.3961,-5.8941],[16.4125,-5.8968],[16.4275,-5.8946],[16.4595,-5.8852],[16.4793,-5.8822],[16.4973,-5.8828],[16.5151,-5.8871],[16.5529,-5.9024],[16.5603,-5.9064],[16.5974,-5.9247],[16.5941,-5.9332],[16.5806,-5.949],[16.5807,-5.9554],[16.5903,-5.968],[16.5953,-5.9785],[16.5972,-5.9878],[16.6012,-6.0506],[16.6043,-6.0619],[16.6101,-6.0612],[16.6195,-6.0566],[16.6284,-6.0553],[16.6322,-6.0653],[16.6111,-6.0898],[16.631,-6.0917],[16.643,-6.1007],[16.6601,-6.124],[16.6718,-6.1302],[16.6851,-6.1343],[16.6959,-6.1409],[16.7004,-6.1544],[16.7179,-6.1741],[16.7268,-6.1892],[16.7244,-6.2024],[16.7173,-6.2151],[16.7148,-6.2316],[16.7154,-6.3048],[16.7169,-6.3133],[16.7201,-6.3226],[16.7223,-6.3324],[16.721,-6.3424],[16.7153,-6.346],[16.7061,-6.3467],[16.6974,-6.3498],[16.6936,-6.3598],[16.693,-6.3984],[16.6947,-6.4022],[16.7004,-6.4113],[16.707,-6.4154],[16.7136,-6.414],[16.7189,-6.4153],[16.721,-6.4283],[16.7152,-6.4414],[16.7061,-6.4552],[16.7061,-6.465],[16.7278,-6.466],[16.7213,-6.4805],[16.7217,-6.4918],[16.728,-6.5011],[16.7383,-6.5106],[16.7473,-6.522],[16.7468,-6.5316],[16.7345,-6.5524],[16.7308,-6.5698],[16.734,-6.5861],[16.7487,-6.6195],[16.753,-6.6372],[16.7559,-6.6741],[16.7604,-6.692],[16.7681,-6.7083],[16.8231,-6.7851],[16.8269,-6.7998],[16.8286,-6.8144],[16.8329,-6.8278],[16.8445,-6.8384],[16.8553,-6.8422],[16.8794,-6.8446],[16.8908,-6.8471],[16.915,-6.8641],[16.927,-6.8886],[16.9345,-6.9457],[16.9321,-6.9499],[16.9286,-6.9593],[16.9287,-6.9687],[16.9376,-6.973],[16.9491,-6.9754],[16.9553,-6.9815],[16.9593,-6.9894],[16.9646,-6.9972],[16.9732,-7.0148],[16.9693,-7.0304],[16.9623,-7.0474],[16.9612,-7.0692],[16.9291,-7.0607],[16.9271,-7.0857],[16.9475,-7.1511],[16.9457,-7.2046],[16.9508,-7.2132],[16.9605,-7.2191],[16.9728,-7.2322],[16.9891,-7.2549],[16.9917,-7.2706],[16.9917,-7.2861],[16.9961,-7.298],[17.0229,-7.306],[17.0567,-7.3299],[17.0825,-7.3423],[17.0934,-7.3523],[17.0978,-7.3674],[17.0979,-7.3783],[17.0975,-7.3784],[17.0954,-7.379],[17.0412,-7.3974],[17.0033,-7.4236],[16.992,-7.4364],[16.9813,-7.455],[16.9776,-7.4738],[16.9741,-7.5109],[16.969,-7.5327],[16.956,-7.5621],[16.9357,-7.5838],[16.9136,-7.5957],[16.8907,-7.6009],[16.8676,-7.6007],[16.8455,-7.5964],[16.8237,-7.5869],[16.8019,-7.5718],[16.7811,-7.552],[16.6829,-7.417],[16.6607,-7.3694],[16.6466,-7.3483],[16.6272,-7.3326],[16.6066,-7.3243],[16.5898,-7.3216],[16.5684,-7.3252],[16.413,-7.388],[16.3457,-7.434],[16.2821,-7.5237],[16.2194,-7.5686],[16.1921,-7.578],[16.1395,-7.5826],[16.1094,-7.591],[16.075,-7.6116],[16.0627,-7.6356],[16.0585,-7.6605],[16.0636,-7.6846],[16.1258,-7.8765],[16.1341,-7.9265],[16.1353,-7.9504],[16.1329,-7.9718],[16.1269,-7.9889],[16.1091,-8.0257],[16.092,-8.1152],[16.049,-8.1576],[16.032,-8.1665],[15.9544,-8.192],[15.919,-8.213],[15.889,-8.2199],[15.8633,-8.221],[15.8005,-8.2115],[15.8019,-8.1685],[15.7973,-8.12],[15.7784,-8.1025],[15.7575,-8.0987],[15.7462,-8.0831],[15.747,-8.0653],[15.7624,-8.0557],[15.7634,-8.0536],[15.76,-8.0484],[15.7452,-8.0333],[15.7211,-8.0139],[15.7161,-8.0113],[15.6956,-8.0083],[15.6707,-8.0084],[15.6253,-8.0151],[15.6039,-8.0242],[15.5631,-8.0472],[15.5401,-8.0542],[15.5116,-8.0568],[15.4753,-8.0558],[15.4416,-8.0477],[15.4209,-8.0291],[15.4188,-8.0037],[15.4262,-7.9813],[15.4276,-7.9589],[15.4079,-7.9341],[15.39,-7.9348],[15.2814,-7.9383],[15.2159,-7.9538],[15.1925,-7.9698],[15.2009,-8.0013],[15.1995,-8.0152],[15.1967,-8.0195],[15.1885,-8.0376],[15.1821,-8.0596],[15.1818,-8.0698],[15.1841,-8.0756],[15.1889,-8.0753],[15.1984,-8.0722],[15.2033,-8.0719],[15.2086,-8.0754],[15.214,-8.0813],[15.221,-8.0932],[15.2224,-8.1008],[15.2218,-8.1071],[15.2164,-8.1156],[15.2094,-8.1243],[15.2043,-8.1479],[15.2012,-8.1811],[15.1978,-8.195],[15.1936,-8.2038],[15.1903,-8.2084],[15.186,-8.2222],[15.1832,-8.2268],[15.1788,-8.2287],[15.1741,-8.2286],[15.1695,-8.2292],[15.1676,-8.2298],[15.1611,-8.241],[15.1594,-8.2478],[15.1563,-8.2505],[15.1512,-8.2525],[15.1422,-8.2527],[15.1357,-8.2552],[15.1289,-8.2618],[15.1256,-8.2676],[15.1234,-8.2737],[15.1197,-8.2909],[15.1169,-8.2953],[15.1127,-8.2978],[15.1054,-8.297],[15.0943,-8.2929],[15.0887,-8.2916],[15.0698,-8.291],[15.0613,-8.2927],[15.0523,-8.2962],[15.0296,-8.3099],[15.0216,-8.3129],[15.0147,-8.3137],[15.0038,-8.3119],[14.9974,-8.3095],[14.9923,-8.306],[14.9887,-8.3026],[14.9859,-8.2987],[14.9827,-8.2949],[14.9788,-8.2919],[14.9698,-8.2871],[14.9597,-8.2832],[14.9537,-8.2822],[14.9462,-8.2826],[14.9403,-8.2815],[14.931,-8.2769],[14.9262,-8.2753],[14.9205,-8.2753],[14.913,-8.2783],[14.9043,-8.2835],[14.89,-8.2957],[14.882,-8.3041],[14.8756,-8.3134],[14.8651,-8.3443],[14.859,-8.3542],[14.8454,-8.3672],[14.8295,-8.3843],[14.827,-8.3875],[14.8204,-8.3932],[14.8159,-8.3961],[14.7892,-8.405],[14.7732,-8.4082],[14.7603,-8.4072],[14.7285,-8.4015],[14.7041,-8.3944],[14.6905,-8.3926],[14.6618,-8.3985],[14.639,-8.3134],[14.6357,-8.2761],[14.6394,-8.2341],[14.6481,-8.2063],[14.6602,-8.1797],[14.7029,-8.1123],[14.7105,-8.0899],[14.7183,-7.9271],[14.7085,-7.9047],[14.6941,-7.8892],[14.6464,-7.876],[14.505,-7.9058],[14.4719,-7.9064],[14.4484,-7.9019],[14.4183,-7.8929],[14.3406,-7.8582],[14.312,-7.8402],[14.2888,-7.8197],[14.2304,-7.748],[14.1601,-7.6811],[14.146,-7.6596],[14.1249,-7.6418],[14.0929,-7.6331],[13.8897,-7.6292],[13.817,-7.6198],[13.8363,-7.5672],[13.8467,-7.5534],[13.8679,-7.5461],[13.8733,-7.5452],[13.8943,-7.5459],[13.9066,-7.5429],[13.9134,-7.5397],[13.9185,-7.5361],[13.9346,-7.5189],[13.9411,-7.5104],[13.9531,-7.5071],[13.9567,-7.4999],[13.9565,-7.4955],[13.9553,-7.4846],[13.9445,-7.4686],[13.9094,-7.4339],[13.8934,-7.4106],[13.8651,-7.3495],[13.8653,-7.3145],[13.8746,-7.2877],[13.9229,-7.2172],[13.9241,-7.1958],[13.9106,-7.1777],[13.8915,-7.1618],[13.8704,-7.1383],[13.8527,-7.1093],[13.8265,-7.0344],[13.7975,-6.9795],[13.8162,-6.9691],[13.843,-6.9642],[13.8513,-6.9635],[13.8571,-6.9636],[13.8673,-6.9649],[13.9207,-6.9647],[13.9337,-6.9629],[13.9417,-6.9603],[13.9527,-6.9498],[13.9582,-6.9417],[13.9623,-6.9374],[13.9682,-6.9333],[13.9837,-6.9255],[13.9877,-6.9224],[13.9955,-6.9109],[13.9983,-6.9077],[14.0116,-6.8988],[14.0451,-6.8829],[14.0867,-6.8719],[14.1427,-6.8574],[14.2315,-6.8141],[14.241,-6.8064],[14.251,-6.7746],[14.2551,-6.7659],[14.2588,-6.7602],[14.2679,-6.7498],[14.2707,-6.7458],[14.2729,-6.7402],[14.2793,-6.7301],[14.2908,-6.715],[14.3311,-6.6854],[14.3408,-6.6803],[14.3457,-6.6785],[14.3513,-6.6773],[14.357,-6.6771],[14.3682,-6.679],[14.3742,-6.6791],[14.3857,-6.6782],[14.3918,-6.6786],[14.4095,-6.6817],[14.4163,-6.682],[14.4241,-6.6817],[14.4884,-6.6574],[14.494,-6.6545],[14.4984,-6.6514],[14.5194,-6.6205],[14.5341,-6.6032],[14.6118,-6.603],[14.6715,-6.5918],[14.7114,-6.5781],[14.7737,-6.5476],[14.7883,-6.5367],[14.7937,-6.5192],[14.8046,-6.497],[14.8448,-6.442],[14.8471,-6.4373],[14.8906,-6.3714],[14.8953,-6.3666],[14.9192,-6.349],[14.9248,-6.3436],[14.9613,-6.2941],[14.9676,-6.2633],[14.9481,-6.2465],[14.9005,-6.1955],[14.8882,-6.1622],[14.864,-6.0654],[14.8505,-6.0323],[14.7774,-5.9232],[14.7597,-5.8805],[14.7972,-5.8798],[14.8884,-5.8783],[14.9796,-5.8767],[15.0708,-5.8753],[15.1621,-5.8737],[15.2534,-5.8722],[15.3445,-5.8708],[15.4358,-5.8692],[15.527,-5.8678],[15.6183,-5.8662],[15.7096,-5.8648],[15.8007,-5.8632],[15.8921,-5.8617],[15.9832,-5.8601],[16.0745,-5.8586],[16.1009,-5.8581],[16.1657,-5.857],[16.257,-5.8556],[16.3157,-5.8546]]]}},{"type":"Feature","properties":{"id":"AGO-1882","name":"Zaire","nameBn":"জেইরে প্রদেশ","type":"Province","bounds":[12.2751,-7.7928,14.9676,-5.8416],"center":[13.6096,-6.783]},"geometry":{"type":"Polygon","coordinates":[[[13.9436,-5.8416],[13.9823,-5.8533],[14.0063,-5.8669],[14.0212,-5.8725],[14.1401,-5.8635],[14.1631,-5.8661],[14.2222,-5.887],[14.2418,-5.8896],[14.3461,-5.8915],[14.4367,-5.8934],[14.4821,-5.8855],[14.5457,-5.9017],[14.5766,-5.9047],[14.7037,-5.8814],[14.7597,-5.8805],[14.7774,-5.9232],[14.8505,-6.0323],[14.864,-6.0654],[14.8882,-6.1622],[14.9005,-6.1955],[14.9481,-6.2465],[14.9676,-6.2633],[14.9613,-6.2941],[14.9248,-6.3436],[14.9192,-6.349],[14.8953,-6.3666],[14.8906,-6.3714],[14.8471,-6.4373],[14.8448,-6.442],[14.8046,-6.497],[14.7937,-6.5192],[14.7883,-6.5367],[14.7737,-6.5476],[14.7114,-6.5781],[14.6715,-6.5918],[14.6118,-6.603],[14.5341,-6.6032],[14.5194,-6.6205],[14.4984,-6.6514],[14.494,-6.6545],[14.4884,-6.6574],[14.4241,-6.6817],[14.4163,-6.682],[14.4095,-6.6817],[14.3918,-6.6786],[14.3857,-6.6782],[14.3742,-6.6791],[14.3682,-6.679],[14.357,-6.6771],[14.3513,-6.6773],[14.3457,-6.6785],[14.3408,-6.6803],[14.3311,-6.6854],[14.2908,-6.715],[14.2793,-6.7301],[14.2729,-6.7402],[14.2707,-6.7458],[14.2679,-6.7498],[14.2588,-6.7602],[14.2551,-6.7659],[14.251,-6.7746],[14.241,-6.8064],[14.2315,-6.8141],[14.1427,-6.8574],[14.0867,-6.8719],[14.0451,-6.8829],[14.0116,-6.8988],[13.9983,-6.9077],[13.9955,-6.9109],[13.9877,-6.9224],[13.9837,-6.9255],[13.9682,-6.9333],[13.9623,-6.9374],[13.9582,-6.9417],[13.9527,-6.9498],[13.9417,-6.9603],[13.9337,-6.9629],[13.9207,-6.9647],[13.8673,-6.9649],[13.8571,-6.9636],[13.8513,-6.9635],[13.843,-6.9642],[13.8162,-6.9691],[13.7975,-6.9795],[13.8265,-7.0344],[13.8527,-7.1093],[13.8704,-7.1383],[13.8915,-7.1618],[13.9106,-7.1777],[13.9241,-7.1958],[13.9229,-7.2172],[13.8746,-7.2877],[13.8653,-7.3145],[13.8651,-7.3495],[13.8934,-7.4106],[13.9094,-7.4339],[13.9445,-7.4686],[13.9553,-7.4846],[13.9565,-7.4955],[13.9567,-7.4999],[13.9531,-7.5071],[13.9411,-7.5104],[13.9346,-7.5189],[13.9185,-7.5361],[13.9134,-7.5397],[13.9066,-7.5429],[13.8943,-7.5459],[13.8733,-7.5452],[13.8679,-7.5461],[13.8467,-7.5534],[13.8363,-7.5672],[13.817,-7.6198],[13.8093,-7.6265],[13.8007,-7.6313],[13.7766,-7.6409],[13.7717,-7.6437],[13.7681,-7.647],[13.7604,-7.6531],[13.7458,-7.6591],[13.7415,-7.6616],[13.7374,-7.6645],[13.7339,-7.668],[13.7266,-7.6707],[13.717,-7.6728],[13.6827,-7.6728],[13.6692,-7.6742],[13.649,-7.6813],[13.64,-7.6866],[13.6335,-7.6912],[13.6262,-7.6978],[13.619,-7.7011],[13.5039,-7.7345],[13.4919,-7.7356],[13.4679,-7.7351],[13.4569,-7.7327],[13.4493,-7.7297],[13.4454,-7.7265],[13.4317,-7.7193],[13.4277,-7.7165],[13.4097,-7.6996],[13.4004,-7.695],[13.3927,-7.6938],[13.3819,-7.6941],[13.3441,-7.702],[13.3205,-7.71],[13.3085,-7.7155],[13.2969,-7.7241],[13.2927,-7.7295],[13.2905,-7.734],[13.2895,-7.7378],[13.2876,-7.742],[13.2836,-7.7449],[13.2778,-7.7466],[13.2683,-7.7452],[13.2621,-7.7435],[13.2573,-7.741],[13.2516,-7.7373],[13.2475,-7.7362],[13.2429,-7.7366],[13.2172,-7.7558],[13.2111,-7.7614],[13.2032,-7.767],[13.1942,-7.7718],[13.1754,-7.7793],[13.1496,-7.7861],[13.1014,-7.7918],[13.0958,-7.7927],[13.0941,-7.7928],[12.9863,-7.5507],[12.9393,-7.436],[12.9115,-7.3351],[12.8839,-7.3058],[12.8691,-7.289],[12.85,-7.2659],[12.8552,-7.2313],[12.8499,-7.2051],[12.8333,-7.0058],[12.8234,-6.9752],[12.8213,-6.9592],[12.8197,-6.954],[12.8167,-6.9504],[12.8152,-6.947],[12.8179,-6.9422],[12.8246,-6.9343],[12.8275,-6.9291],[12.8299,-6.9189],[12.8328,-6.9158],[12.8335,-6.9123],[12.8288,-6.9046],[12.7996,-6.9233],[12.7796,-6.9147],[12.7069,-6.8142],[12.6204,-6.7348],[12.5506,-6.6326],[12.4582,-6.4658],[12.422,-6.381],[12.3956,-6.3245],[12.3688,-6.2877],[12.3445,-6.2541],[12.3191,-6.2201],[12.2794,-6.1477],[12.2751,-6.1148],[12.2903,-6.0966],[12.3127,-6.0905],[12.3336,-6.0784],[12.327,-6.0938],[12.3248,-6.1224],[12.3469,-6.1201],[12.3822,-6.1102],[12.433,-6.109],[12.4969,-6.0946],[12.5278,-6.0748],[12.5498,-6.0671],[12.5806,-6.0627],[12.6328,-6.0344],[12.6455,-6.029],[12.6698,-6.0297],[12.6908,-6.0374],[12.7161,-6.045],[12.7425,-6.0494],[12.7712,-6.0417],[12.8174,-6.0317],[12.8615,-6.0163],[12.8824,-6.001],[12.9276,-5.9812],[12.9463,-5.956],[12.9661,-5.9319],[12.9727,-5.9132],[12.9859,-5.9011],[13.0111,-5.8956],[13.0299,-5.8934],[13.0464,-5.8857],[13.064,-5.8878],[13.1006,-5.8912],[13.1118,-5.8902],[13.1292,-5.8836],[13.1697,-5.8617],[13.1838,-5.8565],[13.1839,-5.8564],[13.1849,-5.8564],[13.2693,-5.8635],[13.311,-5.874],[13.3425,-5.8906],[13.3536,-5.8826],[13.3738,-5.8609],[13.3805,-5.8564],[13.4133,-5.857],[13.4932,-5.8585],[13.5227,-5.8675],[13.5348,-5.867],[13.5531,-5.8594],[13.5626,-5.8574],[13.6415,-5.8658],[13.8071,-5.8525],[13.9436,-5.8416]]]}}]}