{"type":"FeatureCollection","features":[{"type":"Feature","properties":{"id":"BFA-2803","name":"Balé","nameBn":"বেইল প্রদেশ","type":"Province","bounds":[-3.6127,11.2334,-2.5249,12.0997],"center":[-3.0688,11.8279]},"geometry":{"type":"Polygon","coordinates":[[[-2.9194,12.053],[-2.9163,12.0413],[-2.9089,12.0327],[-2.8921,12.022],[-2.8872,12.0112],[-2.8853,12.0083],[-2.8811,12.0077],[-2.8684,12.0093],[-2.8648,12.0083],[-2.8597,11.9958],[-2.8603,11.9859],[-2.8631,11.9762],[-2.8648,11.9643],[-2.867,11.9575],[-2.8763,11.9396],[-2.8785,11.9301],[-2.858,11.9059],[-2.8408,11.8932],[-2.831,11.8815],[-2.8319,11.8675],[-2.871,11.8203],[-2.8757,11.8115],[-2.8863,11.8118],[-2.898,11.8155],[-2.9058,11.8165],[-2.9237,11.7976],[-2.9148,11.78],[-2.8902,11.767],[-2.8614,11.7619],[-2.8013,11.7629],[-2.7731,11.7526],[-2.7612,11.7247],[-2.762,11.7193],[-2.7044,11.6338],[-2.6863,11.6127],[-2.6801,11.6099],[-2.6766,11.6026],[-2.6705,11.5814],[-2.6659,11.5163],[-2.6518,11.5013],[-2.6236,11.48],[-2.5428,11.43],[-2.5253,11.4109],[-2.5249,11.389],[-2.5386,11.3738],[-2.556,11.365],[-2.5818,11.3607],[-2.6006,11.3416],[-2.6239,11.3233],[-2.6595,11.3242],[-2.6896,11.3282],[-2.7163,11.3348],[-2.7431,11.3246],[-2.7674,11.301],[-2.7826,11.2817],[-2.8002,11.2429],[-2.8042,11.2334],[-2.824,11.2402],[-2.8679,11.2412],[-2.8784,11.2506],[-2.8692,11.272],[-2.8586,11.2877],[-2.8437,11.3101],[-2.8417,11.3219],[-2.8437,11.3544],[-2.8416,11.3656],[-2.8322,11.3845],[-2.8301,11.3954],[-2.8284,11.4301],[-2.8301,11.4404],[-2.835,11.4497],[-2.8478,11.4655],[-2.8505,11.4739],[-2.8339,11.4892],[-2.8301,11.4944],[-2.8286,11.5039],[-2.8293,11.519],[-2.8488,11.5333],[-2.8627,11.541],[-2.8741,11.5407],[-2.8787,11.531],[-2.8858,11.5241],[-2.8991,11.528],[-2.9157,11.5392],[-2.9297,11.5432],[-2.9431,11.5383],[-2.9618,11.534],[-2.9805,11.5405],[-2.9992,11.5572],[-3.0256,11.5714],[-3.05,11.5739],[-3.064,11.57],[-3.0757,11.5633],[-3.1082,11.5368],[-3.1308,11.5235],[-3.1543,11.5167],[-3.1768,11.5044],[-3.197,11.4834],[-3.2144,11.4775],[-3.2302,11.4856],[-3.2511,11.4682],[-3.2771,11.4594],[-3.2977,11.4797],[-3.3046,11.5026],[-3.3039,11.5393],[-3.3098,11.5462],[-3.3289,11.5519],[-3.352,11.5552],[-3.3669,11.5646],[-3.3802,11.5793],[-3.4127,11.5879],[-3.4199,11.6003],[-3.3983,11.6577],[-3.3918,11.6708],[-3.3962,11.6784],[-3.4139,11.6877],[-3.4463,11.7004],[-3.5084,11.7115],[-3.5451,11.729],[-3.5871,11.757],[-3.5893,11.7702],[-3.5977,11.7873],[-3.6091,11.7958],[-3.6127,11.8078],[-3.5979,11.8369],[-3.5951,11.8595],[-3.5857,11.8757],[-3.5734,11.888],[-3.5569,11.896],[-3.528,11.8996],[-3.5088,11.9121],[-3.4952,11.9243],[-3.4869,11.9416],[-3.4923,11.9653],[-3.4901,11.9768],[-3.4067,11.9906],[-3.3822,11.9887],[-3.3731,11.9841],[-3.3571,11.9881],[-3.2994,11.9587],[-3.291,11.9329],[-3.2913,11.9045],[-3.272,11.8875],[-3.244,11.8839],[-3.2236,11.8987],[-3.1958,11.9066],[-3.1355,11.8752],[-3.1113,11.8784],[-3.0938,11.8898],[-3.0959,11.9091],[-3.1042,11.938],[-3.1229,11.955],[-3.1599,11.958],[-3.1812,11.9691],[-3.1918,11.9912],[-3.2163,12.0115],[-3.2287,12.0293],[-3.2265,12.0812],[-3.2091,12.0944],[-3.18,12.0997],[-3.1288,12.0743],[-3.0992,12.0792],[-3.0714,12.0888],[-3.0596,12.0878],[-3.0565,12.0708],[-3.0432,12.0514],[-3.0326,12.044],[-3.0209,12.0374],[-2.986,12.0291],[-2.9501,12.0324],[-2.9309,12.0431],[-2.9194,12.053]]]}},{"type":"Feature","properties":{"id":"BFA-2811","name":"Bam","nameBn":"বাম প্রদেশ","type":"Province","bounds":[-1.8787,12.994,-1.2769,13.9027],"center":[-1.5778,13.4455]},"geometry":{"type":"Polygon","coordinates":[[[-1.6439,13.0294],[-1.6573,13.0372],[-1.6765,13.0579],[-1.6945,13.0835],[-1.735,13.1159],[-1.742,13.1224],[-1.7401,13.1343],[-1.7269,13.1517],[-1.7199,13.1721],[-1.7205,13.2023],[-1.7298,13.2284],[-1.7464,13.2593],[-1.7711,13.276],[-1.7944,13.2775],[-1.8012,13.2955],[-1.8239,13.3193],[-1.8401,13.3406],[-1.8426,13.3642],[-1.8393,13.464],[-1.878,13.5418],[-1.8787,13.5639],[-1.8678,13.6058],[-1.833,13.6344],[-1.7925,13.6555],[-1.755,13.6661],[-1.7308,13.6817],[-1.7311,13.7088],[-1.7412,13.7239],[-1.747,13.7293],[-1.6969,13.8256],[-1.6564,13.8571],[-1.6159,13.8614],[-1.5348,13.9027],[-1.5233,13.881],[-1.5106,13.8328],[-1.4731,13.7919],[-1.4183,13.7678],[-1.3667,13.7562],[-1.337,13.7449],[-1.3331,13.739],[-1.2984,13.6838],[-1.289,13.6501],[-1.3065,13.6072],[-1.3216,13.5784],[-1.3358,13.562],[-1.3348,13.5383],[-1.3212,13.4939],[-1.3323,13.4552],[-1.3582,13.4233],[-1.3395,13.3835],[-1.3027,13.3416],[-1.2769,13.2868],[-1.2823,13.2589],[-1.2988,13.2291],[-1.3028,13.2045],[-1.2959,13.1615],[-1.2993,13.1354],[-1.334,13.14],[-1.3759,13.1405],[-1.431,13.1302],[-1.488,13.11],[-1.5217,13.0779],[-1.5237,13.047],[-1.5039,13.0139],[-1.5025,12.994],[-1.5114,12.9958],[-1.557,12.9971],[-1.573,13.0049],[-1.5893,13.0232],[-1.5967,13.0232],[-1.602,13.0187],[-1.6088,13.0157],[-1.6147,13.0173],[-1.6172,13.0263],[-1.6208,13.0346],[-1.6291,13.0344],[-1.6439,13.0294]]]}},{"type":"Feature","properties":{"id":"BFA-2801","name":"Banwa","nameBn":"বানওয়া প্রদেশ","type":"Province","bounds":[-4.6527,11.7169,-3.5637,12.739],"center":[-4.1085,12.1648]},"geometry":{"type":"Polygon","coordinates":[[[-4.2972,12.7121],[-4.2763,12.7147],[-4.2576,12.7209],[-4.2455,12.7289],[-4.2237,12.7103],[-4.207,12.7119],[-4.1925,12.703],[-4.1759,12.6878],[-4.1555,12.679],[-4.1545,12.6624],[-4.1676,12.6518],[-4.1773,12.637],[-4.1738,12.6185],[-4.1749,12.5813],[-4.1797,12.5618],[-4.1774,12.5462],[-4.1613,12.5224],[-4.1518,12.4803],[-4.1496,12.4421],[-4.131,12.4142],[-4.0882,12.3831],[-4.0646,12.3763],[-4.0325,12.3868],[-4.0087,12.4016],[-3.9961,12.4138],[-3.9912,12.4246],[-3.9923,12.4327],[-3.9926,12.4405],[-3.9882,12.4592],[-3.9641,12.4945],[-3.9572,12.518],[-3.9423,12.5341],[-3.9115,12.5414],[-3.8753,12.5391],[-3.8446,12.5323],[-3.8207,12.5294],[-3.772,12.5369],[-3.6961,12.5343],[-3.6573,12.5239],[-3.595,12.4926],[-3.5637,12.4818],[-3.5657,12.4707],[-3.5747,12.4471],[-3.5774,12.4335],[-3.5747,12.4108],[-3.5778,12.4015],[-3.591,12.3925],[-3.5987,12.4013],[-3.6064,12.4034],[-3.6141,12.4044],[-3.622,12.4099],[-3.6354,12.4251],[-3.6395,12.4269],[-3.6456,12.4273],[-3.6576,12.423],[-3.696,12.4012],[-3.7071,12.3925],[-3.7419,12.3379],[-3.7546,12.2984],[-3.7644,12.2779],[-3.7788,12.269],[-3.8134,12.2604],[-3.8234,12.2372],[-3.8169,12.1629],[-3.8216,12.1481],[-3.8336,12.1335],[-3.8502,12.1225],[-3.8685,12.1182],[-3.8728,12.1086],[-3.8757,12.0899],[-3.8809,12.0769],[-3.8921,12.0847],[-3.8995,12.0847],[-3.9043,12.0731],[-3.9077,12.0518],[-3.9112,12.0508],[-3.9154,12.0517],[-3.9194,12.0493],[-3.9405,12.0158],[-3.9349,12.0118],[-3.9323,12.0076],[-3.9268,11.9953],[-3.9428,11.9894],[-3.9518,11.9745],[-3.9534,11.9563],[-3.9473,11.94],[-3.9631,11.9393],[-3.9718,11.9451],[-3.9787,11.9458],[-3.981,11.9327],[-3.9957,11.9269],[-4.0112,11.9252],[-4.0237,11.9336],[-4.0402,11.9424],[-4.0652,11.9484],[-4.0869,11.9445],[-4.1003,11.9347],[-4.116,11.9288],[-4.1407,11.9263],[-4.167,11.927],[-4.1915,11.9299],[-4.2113,11.9249],[-4.2383,11.9002],[-4.2688,11.8335],[-4.274,11.8175],[-4.2818,11.7832],[-4.2926,11.7614],[-4.3084,11.7421],[-4.3288,11.7302],[-4.349,11.7276],[-4.3842,11.7425],[-4.4026,11.7364],[-4.4154,11.7286],[-4.4317,11.7219],[-4.4494,11.7169],[-4.4685,11.7186],[-4.4874,11.7373],[-4.4908,11.7616],[-4.4859,11.7784],[-4.4587,11.8419],[-4.452,11.8711],[-4.4484,11.9025],[-4.4478,11.9253],[-4.4448,11.9454],[-4.4368,11.9655],[-4.4316,11.9845],[-4.4388,11.9963],[-4.4578,11.9978],[-4.4708,12.0029],[-4.4708,12.0216],[-4.4657,12.0456],[-4.4655,12.0638],[-4.4748,12.0738],[-4.4891,12.0808],[-4.5043,12.0823],[-4.5336,12.0605],[-4.5521,12.0583],[-4.5728,12.0599],[-4.5967,12.0547],[-4.621,12.0518],[-4.6388,12.0608],[-4.6452,12.0675],[-4.6527,12.0716],[-4.6487,12.082],[-4.6467,12.098],[-4.6361,12.1176],[-4.6003,12.1376],[-4.5702,12.1389],[-4.5605,12.1495],[-4.5855,12.1972],[-4.4974,12.2687],[-4.4935,12.2728],[-4.4923,12.2788],[-4.494,12.2901],[-4.4905,12.3058],[-4.4907,12.3138],[-4.4882,12.3207],[-4.4772,12.3273],[-4.4625,12.3282],[-4.4527,12.3203],[-4.4448,12.3094],[-4.4358,12.3017],[-4.4061,12.3075],[-4.4154,12.3503],[-4.4516,12.4353],[-4.4437,12.4594],[-4.4266,12.4797],[-4.4076,12.4979],[-4.3934,12.5164],[-4.3869,12.5302],[-4.3872,12.534],[-4.3926,12.5374],[-4.4014,12.5504],[-4.4225,12.5972],[-4.4391,12.6133],[-4.4825,12.6463],[-4.4913,12.6628],[-4.4853,12.7147],[-4.4817,12.7174],[-4.4749,12.7158],[-4.4644,12.7173],[-4.4643,12.7173],[-4.4353,12.7284],[-4.402,12.7366],[-4.3689,12.739],[-4.3394,12.7328],[-4.3109,12.716],[-4.2972,12.7121]]]}},{"type":"Feature","properties":{"id":"BFA-2814","name":"Bazéga","nameBn":"বাজেঙ্গা প্রদেশ","type":"Province","bounds":[-2.0418,11.5841,-0.888,12.1945],"center":[-1.4649,11.9332]},"geometry":{"type":"Polygon","coordinates":[[[-1.0623,12.1837],[-1.0579,12.1719],[-1.0484,12.1625],[-1.0388,12.1551],[-1.0344,12.1495],[-1.0282,12.1045],[-1.0249,12.0933],[-1.0225,12.0877],[-1.0139,12.0772],[-0.996,12.0597],[-0.9881,12.0404],[-0.9598,12.0077],[-0.9463,11.9953],[-0.9338,11.9863],[-0.9261,11.982],[-0.9197,11.9773],[-0.8985,11.9503],[-0.8932,11.9387],[-0.891,11.9233],[-0.8934,11.8947],[-0.888,11.8859],[-0.9383,11.8783],[-1.0029,11.8993],[-1.0445,11.9199],[-1.073,11.9263],[-1.1246,11.9104],[-1.1907,11.8665],[-1.2258,11.8322],[-1.2381,11.808],[-1.3191,11.6788],[-1.3477,11.5841],[-1.3517,11.5898],[-1.4277,11.6261],[-1.4551,11.6573],[-1.4673,11.6768],[-1.4832,11.6904],[-1.551,11.7226],[-1.5675,11.7391],[-1.586,11.7535],[-1.6098,11.7647],[-1.635,11.7726],[-1.6588,11.7929],[-1.6829,11.8178],[-1.7036,11.8345],[-1.7889,11.9264],[-1.8129,11.9387],[-1.8388,11.9332],[-1.867,11.9142],[-1.9041,11.9127],[-1.9404,11.9144],[-1.9574,11.904],[-1.969,11.9049],[-2.0042,11.9545],[-2.0418,11.9817],[-2.0277,11.9995],[-2.0127,12.0148],[-1.9765,12.043],[-1.964,12.0763],[-1.9585,12.1023],[-1.9367,12.1106],[-1.9222,12.1268],[-1.8943,12.1431],[-1.8703,12.1449],[-1.8213,12.0932],[-1.8039,12.0814],[-1.774,12.0779],[-1.7658,12.0779],[-1.7454,12.07],[-1.7278,12.0571],[-1.7146,12.0572],[-1.6797,12.0913],[-1.6595,12.0969],[-1.6386,12.1051],[-1.6133,12.1231],[-1.589,12.1314],[-1.5696,12.1423],[-1.5555,12.1663],[-1.54,12.1827],[-1.5156,12.192],[-1.497,12.1945],[-1.4828,12.1919],[-1.4723,12.1925],[-1.4594,12.1944],[-1.4423,12.1812],[-1.4229,12.1236],[-1.4117,12.1093],[-1.394,12.1094],[-1.3731,12.1222],[-1.352,12.1315],[-1.3264,12.1396],[-1.3055,12.141],[-1.2808,12.1235],[-1.2643,12.1291],[-1.2363,12.1429],[-1.1927,12.15],[-1.152,12.1501],[-1.1318,12.1533],[-1.1063,12.1639],[-1.0762,12.1701],[-1.0623,12.1837]]]}},{"type":"Feature","properties":{"id":"BFA-2832","name":"Bougouriba","nameBn":"বৌগৌরিবা প্রদেশ","type":"Province","bounds":[-3.7942,10.5926,-3.0528,11.1959],"center":[-3.4235,10.8979]},"geometry":{"type":"Polygon","coordinates":[[[-3.3244,11.1622],[-3.3027,11.1712],[-3.2813,11.1792],[-3.2508,11.1873],[-3.1963,11.1959],[-3.1567,11.191],[-3.1194,11.1787],[-3.116,11.155],[-3.1235,11.1222],[-3.1324,11.1019],[-3.1302,11.0811],[-3.1224,11.0604],[-3.1291,11.0346],[-3.1422,11.0095],[-3.145,10.9899],[-3.1488,10.9739],[-3.1554,10.9624],[-3.169,10.9245],[-3.1593,10.8756],[-3.1913,10.8637],[-3.1997,10.8444],[-3.1873,10.8357],[-3.1815,10.8241],[-3.1891,10.8036],[-3.1911,10.7836],[-3.1791,10.7774],[-3.1689,10.7901],[-3.1401,10.7932],[-3.1013,10.7915],[-3.0882,10.7879],[-3.079,10.7775],[-3.0758,10.7639],[-3.0682,10.7537],[-3.0548,10.7475],[-3.0528,10.7406],[-3.0572,10.735],[-3.0695,10.7292],[-3.088,10.7234],[-3.1292,10.6983],[-3.1986,10.638],[-3.2316,10.6259],[-3.2506,10.6218],[-3.2709,10.6146],[-3.2979,10.5986],[-3.3179,10.5926],[-3.3548,10.6246],[-3.3735,10.6368],[-3.3963,10.6473],[-3.426,10.649],[-3.4754,10.6316],[-3.4956,10.6298],[-3.5085,10.6331],[-3.5265,10.6453],[-3.5585,10.6585],[-3.5983,10.6634],[-3.64,10.6583],[-3.6945,10.6441],[-3.7126,10.6655],[-3.7238,10.674],[-3.7624,10.6784],[-3.7784,10.6838],[-3.7897,10.6947],[-3.7942,10.7075],[-3.7929,10.7185],[-3.789,10.7275],[-3.78,10.7354],[-3.7599,10.7395],[-3.7031,10.7384],[-3.6891,10.7465],[-3.6927,10.7667],[-3.7014,10.7883],[-3.7167,10.8039],[-3.726,10.8186],[-3.7258,10.8271],[-3.7218,10.8483],[-3.7145,10.8559],[-3.7038,10.8559],[-3.6923,10.8535],[-3.675,10.8667],[-3.6597,10.8684],[-3.6536,10.877],[-3.6578,10.8904],[-3.6551,10.9049],[-3.6437,10.929],[-3.6344,10.9366],[-3.6287,10.9382],[-3.6235,10.9391],[-3.615,10.9436],[-3.5861,10.9721],[-3.579,11.0005],[-3.583,11.009],[-3.5917,11.0178],[-3.5966,11.0288],[-3.5926,11.0364],[-3.5824,11.0412],[-3.5733,11.0473],[-3.567,11.0563],[-3.5614,11.0673],[-3.5549,11.0759],[-3.5364,11.0783],[-3.5245,11.089],[-3.5029,11.1246],[-3.4925,11.1306],[-3.4747,11.1325],[-3.4556,11.1433],[-3.4465,11.1623],[-3.418,11.1434],[-3.3843,11.1488],[-3.3616,11.1631],[-3.3424,11.1643],[-3.3244,11.1622]]]}},{"type":"Feature","properties":{"id":"BFA-2826","name":"Boulgou","nameBn":"বুল্গো","type":"Province","bounds":[-0.9239,10.908,0.0506,11.9898],"center":[-0.4367,11.4767]},"geometry":{"type":"Polygon","coordinates":[[[-0.1151,11.1247],[-0.1661,11.135],[-0.3017,11.1629],[-0.3045,11.1468],[-0.3005,11.1374],[-0.2983,11.1284],[-0.3061,11.1135],[-0.3188,11.1014],[-0.3689,11.0652],[-0.3869,11.0864],[-0.4059,11.1015],[-0.4252,11.1015],[-0.4444,11.0774],[-0.449,11.0629],[-0.4513,11.0402],[-0.4567,11.0296],[-0.4685,11.0201],[-0.4948,11.0078],[-0.5042,10.9964],[-0.5042,10.9962],[-0.5067,10.9937],[-0.5097,10.9914],[-0.513,10.9897],[-0.5165,10.9886],[-0.5554,10.99],[-0.5762,10.9878],[-0.5906,10.9824],[-0.5998,10.9658],[-0.6071,10.9412],[-0.6172,10.9186],[-0.6348,10.908],[-0.6828,10.9536],[-0.6798,10.9606],[-0.6723,10.9685],[-0.668,10.9765],[-0.6739,10.9835],[-0.6832,10.9843],[-0.6902,10.9818],[-0.6947,10.9827],[-0.696,10.994],[-0.703,10.9942],[-0.703,10.9943],[-0.7058,11.0268],[-0.6958,11.0443],[-0.6906,11.0595],[-0.697,11.0789],[-0.7153,11.0937],[-0.7316,11.1109],[-0.7436,11.1358],[-0.7665,11.1716],[-0.7769,11.1965],[-0.7696,11.203],[-0.7554,11.2213],[-0.7473,11.252],[-0.7354,11.2732],[-0.7081,11.2868],[-0.6727,11.3162],[-0.6347,11.339],[-0.6065,11.3661],[-0.5773,11.3777],[-0.5474,11.367],[-0.5463,11.385],[-0.5488,11.4124],[-0.5328,11.4482],[-0.551,11.4783],[-0.5621,11.4882],[-0.5965,11.5037],[-0.6068,11.5121],[-0.6259,11.5211],[-0.7023,11.5394],[-0.7202,11.5365],[-0.7222,11.5376],[-0.7455,11.5212],[-0.7901,11.5464],[-0.8367,11.564],[-0.8678,11.5856],[-0.9239,11.6695],[-0.9103,11.7078],[-0.8823,11.7439],[-0.8571,11.7585],[-0.7985,11.8377],[-0.7476,11.8415],[-0.6947,11.8574],[-0.6555,11.8956],[-0.6385,11.9237],[-0.6182,11.9507],[-0.5967,11.9734],[-0.5677,11.9842],[-0.5124,11.9898],[-0.4727,11.9869],[-0.4645,11.9875],[-0.4632,11.9771],[-0.4629,11.9515],[-0.4702,11.9272],[-0.4602,11.8963],[-0.4294,11.856],[-0.3812,11.8211],[-0.2787,11.7963],[-0.2529,11.7934],[-0.219,11.8471],[-0.1293,11.919],[-0.1155,11.9242],[-0.1103,11.9229],[-0.0965,11.9195],[-0.075,11.9102],[-0.0648,11.8764],[-0.0321,11.8541],[0.0148,11.8445],[0.0391,11.805],[0.0483,11.7654],[0.0497,11.75],[0.0506,11.7401],[0.0481,11.7248],[0.0354,11.7192],[0.0187,11.7189],[-0.0215,11.7237],[-0.0383,11.7157],[-0.0713,11.6877],[-0.0905,11.649],[-0.1085,11.632],[-0.1228,11.6158],[-0.1461,11.5663],[-0.1379,11.5446],[-0.121,11.5226],[-0.126,11.5074],[-0.1324,11.4938],[-0.1326,11.4782],[-0.1369,11.4438],[-0.149,11.4296],[-0.1584,11.4158],[-0.1524,11.4002],[-0.1552,11.3845],[-0.1677,11.37],[-0.166,11.3488],[-0.1537,11.3387],[-0.1367,11.3377],[-0.1175,11.3327],[-0.1008,11.3355],[-0.084,11.3428],[-0.0648,11.347],[-0.0365,11.3486],[-0.009,11.3386],[0.0055,11.3228],[0.0047,11.3084],[-0.0058,11.294],[-0.0162,11.2833],[-0.0306,11.2716],[-0.0409,11.2578],[-0.0456,11.2432],[-0.053,11.2275],[-0.064,11.2156],[-0.0809,11.2107],[-0.0896,11.2014],[-0.0899,11.1868],[-0.1034,11.1599],[-0.113,11.1324],[-0.1151,11.1247]]]}},{"type":"Feature","properties":{"id":"BFA-2812","name":"Boulkiemdé","nameBn":"বুল্কিমডি প্রদেশ","type":"Province","bounds":[-2.4815,11.9019,-1.7899,12.708],"center":[-2.1357,12.3143]},"geometry":{"type":"Polygon","coordinates":[[[-2.2813,12.5913],[-2.2942,12.6109],[-2.3057,12.6352],[-2.3103,12.6481],[-2.2977,12.6555],[-2.2902,12.6591],[-2.2722,12.6716],[-2.2409,12.6822],[-2.1775,12.6976],[-2.1479,12.6985],[-2.0873,12.692],[-2.0698,12.699],[-2.0576,12.708],[-2.0091,12.7076],[-1.987,12.697],[-1.9722,12.672],[-1.9532,12.6689],[-1.9411,12.6773],[-1.9363,12.6727],[-1.9273,12.6623],[-1.9271,12.6416],[-1.9226,12.621],[-1.8976,12.6115],[-1.8637,12.6025],[-1.8293,12.5871],[-1.8064,12.5594],[-1.7966,12.5244],[-1.7899,12.4731],[-1.8021,12.4574],[-1.8422,12.4406],[-1.8719,12.4353],[-1.8948,12.449],[-1.9217,12.4607],[-1.9485,12.4626],[-1.9856,12.4614],[-2.0059,12.4454],[-2.0193,12.4229],[-2.0326,12.3932],[-2.0433,12.3546],[-2.0658,12.3208],[-2.0777,12.2975],[-2.0587,12.2787],[-2.0264,12.268],[-1.9926,12.2837],[-1.9533,12.3126],[-1.9171,12.3329],[-1.8792,12.3414],[-1.8397,12.344],[-1.8207,12.3426],[-1.8121,12.3336],[-1.8155,12.3137],[-1.8147,12.2949],[-1.7971,12.2773],[-1.7926,12.259],[-1.7934,12.2389],[-1.7977,12.2227],[-1.8087,12.2094],[-1.8316,12.1917],[-1.8587,12.1638],[-1.8703,12.1449],[-1.8943,12.1431],[-1.9222,12.1268],[-1.9367,12.1106],[-1.9585,12.1023],[-1.964,12.0763],[-1.9765,12.043],[-2.0127,12.0148],[-2.0277,11.9995],[-2.0418,11.9817],[-2.0442,11.9766],[-2.0647,11.9623],[-2.0975,11.945],[-2.1851,11.9138],[-2.2244,11.9077],[-2.2396,11.9095],[-2.2533,11.9019],[-2.2564,11.9132],[-2.2458,11.9387],[-2.2403,11.965],[-2.2712,11.9664],[-2.3138,11.9459],[-2.3461,11.9387],[-2.3687,11.951],[-2.4125,11.9902],[-2.4442,11.9944],[-2.4706,12.0038],[-2.4812,12.0386],[-2.4815,12.0601],[-2.4732,12.0655],[-2.4532,12.0823],[-2.4317,12.1082],[-2.4501,12.133],[-2.4757,12.1555],[-2.4612,12.174],[-2.4209,12.1957],[-2.3961,12.2251],[-2.3957,12.2871],[-2.4105,12.3984],[-2.4189,12.4086],[-2.4241,12.4265],[-2.4153,12.445],[-2.3831,12.4483],[-2.3488,12.4648],[-2.3258,12.4906],[-2.2594,12.5331],[-2.2358,12.5704],[-2.2222,12.6124],[-2.2339,12.6312],[-2.2569,12.6153],[-2.2696,12.5949],[-2.2813,12.5913]]]}},{"type":"Feature","properties":{"id":"BFA-2828","name":"Ganzourgou","nameBn":"গাঞ্জুরগু প্রদেশ","type":"Province","bounds":[-1.1162,11.8377,-0.4211,12.6794],"center":[-0.7686,12.2052]},"geometry":{"type":"Polygon","coordinates":[[[-0.6137,12.5058],[-0.6127,12.4998],[-0.6045,12.4692],[-0.5618,12.4443],[-0.5282,12.4165],[-0.5132,12.3873],[-0.5071,12.3625],[-0.5169,12.3241],[-0.4903,12.2571],[-0.4847,12.2276],[-0.4774,12.2062],[-0.4229,12.1535],[-0.4298,12.1401],[-0.4211,12.0454],[-0.4365,12.0074],[-0.4555,11.9881],[-0.4645,11.9875],[-0.4727,11.9869],[-0.5124,11.9898],[-0.5677,11.9842],[-0.5967,11.9734],[-0.6182,11.9507],[-0.6385,11.9237],[-0.6555,11.8956],[-0.6947,11.8574],[-0.7476,11.8415],[-0.7985,11.8377],[-0.8092,11.8403],[-0.8189,11.8473],[-0.8261,11.8571],[-0.8329,11.8822],[-0.843,11.8832],[-0.8564,11.8792],[-0.8705,11.8786],[-0.888,11.8859],[-0.8934,11.8947],[-0.891,11.9233],[-0.8932,11.9387],[-0.8985,11.9503],[-0.9197,11.9773],[-0.9261,11.982],[-0.9338,11.9863],[-0.9463,11.9953],[-0.9598,12.0077],[-0.9881,12.0404],[-0.996,12.0597],[-1.0139,12.0772],[-1.0225,12.0877],[-1.0249,12.0933],[-1.0282,12.1045],[-1.0344,12.1495],[-1.0388,12.1551],[-1.0484,12.1625],[-1.0579,12.1719],[-1.0623,12.1837],[-1.0621,12.2049],[-1.064,12.2123],[-1.0692,12.2212],[-1.0754,12.2257],[-1.0829,12.2273],[-1.0905,12.231],[-1.0971,12.2417],[-1.0978,12.2598],[-1.0975,12.2628],[-1.0957,12.2852],[-1.0968,12.3077],[-1.107,12.3174],[-1.115,12.3212],[-1.1162,12.3304],[-1.1108,12.351],[-1.1105,12.3559],[-1.1118,12.3674],[-1.1108,12.3721],[-1.1057,12.3762],[-1.0992,12.3773],[-1.0933,12.3774],[-1.0897,12.3789],[-1.0697,12.4145],[-1.0601,12.4477],[-1.0671,12.4757],[-1.08,12.4843],[-1.0565,12.4875],[-1.0362,12.4921],[-1.0124,12.5232],[-0.9792,12.5244],[-0.9407,12.4857],[-0.9103,12.4662],[-0.8779,12.47],[-0.8493,12.4834],[-0.8398,12.5055],[-0.84,12.5242],[-0.816,12.5372],[-0.7767,12.5631],[-0.7442,12.5925],[-0.7447,12.6159],[-0.7501,12.6505],[-0.7353,12.6747],[-0.6968,12.6794],[-0.6726,12.6763],[-0.6607,12.6747],[-0.635,12.6448],[-0.616,12.5951],[-0.6165,12.5232],[-0.6137,12.5058]]]}},{"type":"Feature","properties":{"id":"BFA-2874","name":"Gnagna","nameBn":"গুনাগা প্রদেশ","type":"Province","bounds":[-0.366,12.2307,0.5965,13.5782],"center":[0.1153,12.9057]},"geometry":{"type":"Polygon","coordinates":[[[-0.0846,12.2307],[-0.1522,12.2505],[-0.1835,12.2729],[-0.1775,12.3142],[-0.147,12.3537],[-0.1452,12.388],[-0.1835,12.4142],[-0.2239,12.4367],[-0.2346,12.4772],[-0.2074,12.5605],[-0.1966,12.6042],[-0.1974,12.6425],[-0.21,12.6789],[-0.2173,12.6951],[-0.2222,12.7093],[-0.1989,12.7879],[-0.2378,12.8159],[-0.2823,12.8398],[-0.3048,12.8547],[-0.3223,12.8806],[-0.3364,12.9144],[-0.3417,12.9318],[-0.3586,12.9645],[-0.366,12.9908],[-0.3604,13.0782],[-0.3386,13.1257],[-0.3105,13.163],[-0.3019,13.191],[-0.3139,13.2281],[-0.3043,13.2669],[-0.2803,13.3166],[-0.2762,13.3567],[-0.2904,13.3824],[-0.2945,13.4158],[-0.2661,13.4507],[-0.23,13.4717],[-0.222,13.4884],[-0.2263,13.4966],[-0.2094,13.5121],[-0.1886,13.5479],[-0.1719,13.5714],[-0.1376,13.5704],[-0.0943,13.5574],[-0.0581,13.5419],[-0.0149,13.5483],[0.0138,13.5616],[0.0615,13.5782],[0.0655,13.5604],[0.0692,13.5274],[0.0696,13.4997],[0.0885,13.4863],[0.1215,13.4484],[0.1503,13.3856],[0.1838,13.3404],[0.2462,13.2825],[0.2572,13.2469],[0.302,13.2084],[0.4325,13.1676],[0.4539,13.14],[0.4837,13.114],[0.5107,13.0859],[0.5455,13.0412],[0.5847,13.0016],[0.5965,12.9722],[0.5882,12.9564],[0.5744,12.954],[0.5689,12.953],[0.5596,12.9489],[0.5548,12.9409],[0.5552,12.9303],[0.5589,12.9141],[0.5488,12.9014],[0.5298,12.896],[0.5129,12.8868],[0.495,12.8743],[0.4736,12.8632],[0.45,12.868],[0.4226,12.8696],[0.3928,12.8775],[0.3613,12.891],[0.3372,12.895],[0.3152,12.9091],[0.2879,12.9118],[0.279,12.9008],[0.2821,12.8795],[0.2758,12.8488],[0.2548,12.8241],[0.2473,12.8098],[0.2732,12.7842],[0.3011,12.7341],[0.3211,12.5703],[0.349,12.4675],[0.349,12.4439],[0.2952,12.4001],[0.253,12.373],[0.1465,12.3713],[0.0694,12.3331],[0.0369,12.3364],[0.0094,12.3278],[-0.0178,12.2936],[-0.0754,12.2412],[-0.0846,12.2307]]]}},{"type":"Feature","properties":{"id":"BFA-2184","name":"Gourma","nameBn":"গুরমা প্রদেশ","type":"Province","bounds":[-0.1103,11.6597,1.3311,12.7737],"center":[0.6104,12.0677]},"geometry":{"type":"Polygon","coordinates":[[[-0.1103,11.9229],[-0.106,11.9403],[-0.1099,11.9699],[-0.1055,12.0058],[-0.0825,12.0486],[-0.0522,12.0682],[-0.0196,12.0783],[0.0092,12.0923],[0.0306,12.0979],[0.0277,12.1248],[-0.0152,12.165],[-0.0379,12.1909],[-0.0703,12.2142],[-0.0846,12.2307],[-0.0754,12.2412],[-0.0178,12.2936],[0.0094,12.3278],[0.0369,12.3364],[0.0694,12.3331],[0.1465,12.3713],[0.253,12.373],[0.2952,12.4001],[0.349,12.4439],[0.3592,12.4468],[0.3793,12.4558],[0.4556,12.5059],[0.4792,12.513],[0.5946,12.4398],[0.6084,12.4235],[0.6542,12.3295],[0.6772,12.3163],[0.6928,12.3281],[0.6994,12.3368],[0.7108,12.3397],[0.7245,12.3392],[0.7349,12.3483],[0.7425,12.3647],[0.7533,12.3738],[0.7605,12.3812],[0.7603,12.3945],[0.7626,12.4071],[0.7755,12.4136],[0.782,12.4211],[0.7821,12.4311],[0.8011,12.4355],[0.8078,12.4492],[0.8259,12.4682],[0.8276,12.4916],[0.8328,12.5048],[0.839,12.504],[0.8469,12.5022],[0.8542,12.5064],[0.8534,12.524],[0.856,12.5439],[0.8714,12.5799],[0.8808,12.5907],[0.8958,12.597],[0.9183,12.6013],[0.9396,12.6026],[0.9592,12.6086],[0.9755,12.6271],[0.9865,12.6502],[0.9993,12.6654],[1.012,12.6699],[1.0269,12.6733],[1.0445,12.6725],[1.0612,12.6644],[1.0754,12.6605],[1.0814,12.6595],[1.089,12.6576],[1.1037,12.6557],[1.1185,12.6653],[1.1303,12.6817],[1.1343,12.7004],[1.1421,12.7134],[1.1514,12.7225],[1.1528,12.7374],[1.1564,12.75],[1.169,12.7552],[1.2007,12.7598],[1.2416,12.7697],[1.2619,12.7712],[1.2688,12.7737],[1.264,12.7559],[1.2687,12.731],[1.28,12.7008],[1.2726,12.6685],[1.2643,12.6462],[1.2427,12.5551],[1.2197,12.5155],[1.1998,12.4715],[1.2003,12.4175],[1.2186,12.3174],[1.2121,12.2733],[1.2007,12.2302],[1.2237,12.1782],[1.2671,12.1555],[1.3028,12.1494],[1.3311,12.1393],[1.3302,12.1084],[1.304,11.9445],[1.3042,11.8929],[1.2941,11.8445],[1.2794,11.8075],[1.2678,11.765],[1.2459,11.727],[1.2299,11.7165],[1.2203,11.7278],[1.2044,11.7385],[1.1937,11.7379],[1.1863,11.7435],[1.1764,11.7451],[1.1643,11.7397],[1.1595,11.7476],[1.1598,11.7634],[1.1523,11.7695],[1.1386,11.7768],[1.1238,11.7916],[1.1131,11.8067],[1.1101,11.8241],[1.1032,11.8335],[1.0895,11.8324],[1.0561,11.8343],[1.0438,11.8391],[1.032,11.8528],[1.0254,11.8687],[1.0138,11.8793],[0.9936,11.8824],[0.9805,11.8931],[0.9694,11.9],[0.9412,11.9018],[0.9083,11.9067],[0.8874,11.9163],[0.8638,11.9181],[0.804,11.872],[0.7601,11.845],[0.7474,11.8354],[0.7227,11.8103],[0.7149,11.7818],[0.7201,11.7564],[0.6965,11.7374],[0.605,11.7147],[0.5703,11.6996],[0.5402,11.6751],[0.5294,11.6597],[0.4476,11.6612],[0.4258,11.6649],[0.3157,11.7394],[0.2858,11.7492],[0.2237,11.7466],[0.1915,11.7615],[0.1732,11.7765],[0.1562,11.7751],[0.1019,11.7852],[0.0863,11.7805],[0.0817,11.7541],[0.0735,11.7472],[0.0581,11.7481],[0.0497,11.75],[0.0483,11.7654],[0.0391,11.805],[0.0148,11.8445],[-0.0321,11.8541],[-0.0648,11.8764],[-0.075,11.9102],[-0.0965,11.9195],[-0.1103,11.9229]]]}},{"type":"Feature","properties":{"id":"BFA-2799","name":"Houet","nameBn":"হুয়েত প্রদেশ","type":"Province","bounds":[-4.7938,10.6869,-3.5861,12.0823],"center":[-4.19,11.3355]},"geometry":{"type":"Polygon","coordinates":[[[-4.6837,12.0591],[-4.6736,12.0597],[-4.6537,12.0691],[-4.6527,12.0716],[-4.6452,12.0675],[-4.6388,12.0608],[-4.621,12.0518],[-4.5967,12.0547],[-4.5728,12.0599],[-4.5521,12.0583],[-4.5336,12.0605],[-4.5043,12.0823],[-4.4891,12.0808],[-4.4748,12.0738],[-4.4655,12.0638],[-4.4657,12.0456],[-4.4708,12.0216],[-4.4708,12.0029],[-4.4578,11.9978],[-4.4388,11.9963],[-4.4316,11.9845],[-4.4368,11.9655],[-4.4448,11.9454],[-4.4478,11.9253],[-4.4484,11.9025],[-4.452,11.8711],[-4.4587,11.8419],[-4.4859,11.7784],[-4.4908,11.7616],[-4.4874,11.7373],[-4.4685,11.7186],[-4.4494,11.7169],[-4.4317,11.7219],[-4.4154,11.7286],[-4.4026,11.7364],[-4.3842,11.7425],[-4.349,11.7276],[-4.3288,11.7302],[-4.3084,11.7421],[-4.2926,11.7614],[-4.2818,11.7832],[-4.274,11.8175],[-4.2688,11.8335],[-4.2383,11.9002],[-4.2113,11.9249],[-4.1915,11.9299],[-4.167,11.927],[-4.1407,11.9263],[-4.116,11.9288],[-4.1003,11.9347],[-4.0869,11.9445],[-4.0652,11.9484],[-4.0402,11.9424],[-4.0237,11.9336],[-4.0112,11.9252],[-3.9957,11.9269],[-3.981,11.9327],[-3.9765,11.9276],[-3.9673,11.9234],[-3.96,11.9189],[-3.9533,11.8897],[-3.9542,11.8768],[-3.9581,11.8594],[-3.9543,11.8502],[-3.949,11.8511],[-3.9552,11.8337],[-3.9626,11.8035],[-3.9578,11.7357],[-3.9907,11.6377],[-3.9867,11.604],[-3.9798,11.5727],[-3.9696,11.5401],[-3.9532,11.5129],[-3.9353,11.4928],[-3.9154,11.4775],[-3.9064,11.4664],[-3.8948,11.4184],[-3.8901,11.3807],[-3.8714,11.3621],[-3.8491,11.3594],[-3.85,11.3312],[-3.8817,11.199],[-3.8756,11.1645],[-3.8595,11.1416],[-3.8308,11.1422],[-3.8015,11.1476],[-3.7973,11.1444],[-3.7901,11.1398],[-3.763,11.0968],[-3.742,11.0704],[-3.7203,11.051],[-3.7008,11.0364],[-3.642,10.98],[-3.6249,10.9688],[-3.6016,10.9698],[-3.5861,10.9721],[-3.615,10.9436],[-3.6235,10.9391],[-3.6287,10.9382],[-3.6344,10.9366],[-3.6437,10.929],[-3.6551,10.9049],[-3.6578,10.8904],[-3.6536,10.877],[-3.6597,10.8684],[-3.675,10.8667],[-3.6923,10.8535],[-3.7038,10.8559],[-3.7145,10.8559],[-3.7218,10.8483],[-3.7258,10.8271],[-3.7685,10.8266],[-3.7854,10.82],[-3.7973,10.806],[-3.8089,10.7872],[-3.8437,10.7533],[-3.8462,10.7341],[-3.8504,10.717],[-3.8641,10.7076],[-3.8975,10.6969],[-3.912,10.6885],[-3.9302,10.6869],[-3.951,10.7085],[-4.0089,10.7191],[-4.0314,10.7263],[-4.0452,10.7345],[-4.0583,10.7468],[-4.0813,10.7727],[-4.0904,10.7777],[-4.1023,10.7763],[-4.1313,10.7632],[-4.1734,10.7495],[-4.1984,10.7372],[-4.2076,10.7298],[-4.2618,10.7005],[-4.2777,10.6999],[-4.287,10.7093],[-4.2934,10.7208],[-4.3021,10.7283],[-4.3607,10.7462],[-4.387,10.7482],[-4.4019,10.7544],[-4.4137,10.7715],[-4.4387,10.8357],[-4.46,10.859],[-4.4846,10.8679],[-4.5063,10.87],[-4.5305,10.87],[-4.5562,10.8608],[-4.5838,10.8433],[-4.6021,10.8262],[-4.61,10.816],[-4.6624,10.7778],[-4.6819,10.7762],[-4.7043,10.7884],[-4.7318,10.7976],[-4.7495,10.8054],[-4.7603,10.8224],[-4.7881,10.8569],[-4.7938,10.8709],[-4.7889,10.876],[-4.7771,10.9018],[-4.763,10.9179],[-4.756,10.9338],[-4.7617,10.9532],[-4.7652,10.9757],[-4.7581,10.9933],[-4.7353,11.0036],[-4.709,11.0091],[-4.695,11.0214],[-4.6771,11.0314],[-4.6563,11.0347],[-4.6503,11.0449],[-4.6474,11.0582],[-4.6459,11.0729],[-4.6492,11.0912],[-4.6582,11.111],[-4.6752,11.1309],[-4.6893,11.1538],[-4.7011,11.1681],[-4.764,11.2105],[-4.776,11.2116],[-4.782,11.2171],[-4.7885,11.2314],[-4.7938,11.2477],[-4.7871,11.2708],[-4.762,11.318],[-4.7578,11.3401],[-4.7559,11.3626],[-4.7436,11.386],[-4.7302,11.3985],[-4.6598,11.4472],[-4.6492,11.4408],[-4.6382,11.4176],[-4.6295,11.4125],[-4.6183,11.4113],[-4.6033,11.4168],[-4.5823,11.4344],[-4.5682,11.4534],[-4.5596,11.4677],[-4.5497,11.4923],[-4.5466,11.5203],[-4.5496,11.5406],[-4.5628,11.5623],[-4.5796,11.5837],[-4.5917,11.6104],[-4.5985,11.6404],[-4.5965,11.6584],[-4.591,11.6849],[-4.6039,11.6938],[-4.6292,11.6987],[-4.6568,11.6986],[-4.6711,11.705],[-4.6683,11.7213],[-4.6643,11.7357],[-4.6543,11.7455],[-4.638,11.7502],[-4.626,11.7599],[-4.6256,11.772],[-4.6317,11.7828],[-4.6336,11.7996],[-4.6321,11.844],[-4.6211,11.8939],[-4.6234,11.9238],[-4.6376,11.9829],[-4.6504,11.9985],[-4.7009,12.0272],[-4.7177,12.0346],[-4.7323,12.0373],[-4.7251,12.0501],[-4.7146,12.059],[-4.704,12.0615],[-4.6837,12.0591]]]}},{"type":"Feature","properties":{"id":"BFA-2833","name":"Ioba","nameBn":"ইয়োবের প্রদেশ","type":"Province","bounds":[-3.3027,10.698,-2.6367,11.35],"center":[-2.9697,11.0116]},"geometry":{"type":"Polygon","coordinates":[[[-2.7288,10.9861],[-2.7507,10.9858],[-2.7511,10.9965],[-2.8373,10.998],[-2.8359,10.9922],[-2.8387,10.9851],[-2.8327,10.966],[-2.8218,10.9483],[-2.8158,10.9292],[-2.8214,10.9063],[-2.8349,10.8916],[-2.8508,10.8795],[-2.8642,10.8643],[-2.8716,10.8434],[-2.8827,10.7971],[-2.8995,10.77],[-2.9031,10.7471],[-2.9086,10.7377],[-2.9193,10.7272],[-2.9223,10.7212],[-2.92,10.7111],[-2.9204,10.7108],[-2.9343,10.7018],[-2.9482,10.6984],[-2.9704,10.698],[-2.9812,10.7077],[-2.9876,10.7238],[-3.0044,10.7427],[-3.0293,10.7446],[-3.0528,10.7406],[-3.0548,10.7475],[-3.0682,10.7537],[-3.0758,10.7639],[-3.079,10.7775],[-3.0882,10.7879],[-3.1013,10.7915],[-3.1401,10.7932],[-3.1689,10.7901],[-3.1791,10.7774],[-3.1911,10.7836],[-3.1891,10.8036],[-3.1815,10.8241],[-3.1873,10.8357],[-3.1997,10.8444],[-3.1913,10.8637],[-3.1593,10.8756],[-3.169,10.9245],[-3.1554,10.9624],[-3.1488,10.9739],[-3.145,10.9899],[-3.1422,11.0095],[-3.1291,11.0346],[-3.1224,11.0604],[-3.1302,11.0811],[-3.1324,11.1019],[-3.1235,11.1222],[-3.116,11.155],[-3.1194,11.1787],[-3.1567,11.191],[-3.1963,11.1959],[-3.2508,11.1873],[-3.2813,11.1792],[-3.3027,11.1712],[-3.2987,11.1817],[-3.2901,11.2294],[-3.2834,11.2461],[-3.2701,11.2654],[-3.2285,11.3151],[-3.1982,11.3384],[-3.1571,11.35],[-3.1313,11.3396],[-3.1155,11.3257],[-3.0836,11.3301],[-3.0429,11.3429],[-3.0052,11.3405],[-2.9788,11.3271],[-2.9379,11.3188],[-2.9011,11.306],[-2.8676,11.2908],[-2.8586,11.2877],[-2.8692,11.272],[-2.8784,11.2506],[-2.8679,11.2412],[-2.824,11.2402],[-2.8042,11.2334],[-2.7959,11.2176],[-2.7881,11.159],[-2.7891,11.1388],[-2.7791,11.1367],[-2.7676,11.1439],[-2.7553,11.1497],[-2.7334,11.1864],[-2.7145,11.1844],[-2.6674,11.1501],[-2.6482,11.1321],[-2.6367,11.1103],[-2.6402,11.0889],[-2.6462,11.0702],[-2.6534,11.0555],[-2.6664,11.0505],[-2.7003,11.0499],[-2.7141,11.0403],[-2.7227,11.0245],[-2.7274,11.0077],[-2.7284,10.9965],[-2.7288,10.9862],[-2.7288,10.9861]]]}},{"type":"Feature","properties":{"id":"BFA-2815","name":"Kadiogo","nameBn":"কাডিওগো প্রদেশ","type":"Province","bounds":[-1.8703,12.0571,-1.0621,12.6731],"center":[-1.4662,12.3267]},"geometry":{"type":"Polygon","coordinates":[[[-1.0978,12.2598],[-1.0971,12.2417],[-1.0905,12.231],[-1.0829,12.2273],[-1.0754,12.2257],[-1.0692,12.2212],[-1.064,12.2123],[-1.0621,12.2049],[-1.0623,12.1837],[-1.0762,12.1701],[-1.1063,12.1639],[-1.1318,12.1533],[-1.152,12.1501],[-1.1927,12.15],[-1.2363,12.1429],[-1.2643,12.1291],[-1.2808,12.1235],[-1.3055,12.141],[-1.3264,12.1396],[-1.352,12.1315],[-1.3731,12.1222],[-1.394,12.1094],[-1.4117,12.1093],[-1.4229,12.1236],[-1.4423,12.1812],[-1.4594,12.1944],[-1.4723,12.1925],[-1.4828,12.1919],[-1.497,12.1945],[-1.5156,12.192],[-1.54,12.1827],[-1.5555,12.1663],[-1.5696,12.1423],[-1.589,12.1314],[-1.6133,12.1231],[-1.6386,12.1051],[-1.6595,12.0969],[-1.6797,12.0913],[-1.7146,12.0572],[-1.7278,12.0571],[-1.7454,12.07],[-1.7658,12.0779],[-1.774,12.0779],[-1.8039,12.0814],[-1.8213,12.0932],[-1.8703,12.1449],[-1.8587,12.1638],[-1.8316,12.1917],[-1.8087,12.2094],[-1.7977,12.2227],[-1.7934,12.2389],[-1.7926,12.259],[-1.7971,12.2773],[-1.8147,12.2949],[-1.8155,12.3137],[-1.8121,12.3336],[-1.8207,12.3426],[-1.8122,12.3486],[-1.7718,12.3685],[-1.7101,12.3861],[-1.6809,12.3979],[-1.6844,12.4159],[-1.7227,12.5466],[-1.7208,12.5632],[-1.7084,12.5699],[-1.6885,12.5764],[-1.6583,12.581],[-1.6427,12.5815],[-1.6209,12.5931],[-1.614,12.6164],[-1.6104,12.6396],[-1.6016,12.6619],[-1.5957,12.6731],[-1.586,12.6658],[-1.5701,12.6471],[-1.5568,12.6235],[-1.556,12.6029],[-1.5666,12.5839],[-1.5706,12.5596],[-1.5649,12.5395],[-1.5481,12.5356],[-1.5211,12.5438],[-1.4981,12.5582],[-1.4837,12.5654],[-1.4666,12.5444],[-1.4538,12.5322],[-1.4499,12.5131],[-1.456,12.4978],[-1.4739,12.4715],[-1.4767,12.466],[-1.4722,12.4597],[-1.3957,12.4643],[-1.3757,12.4716],[-1.3541,12.4922],[-1.3386,12.4981],[-1.3257,12.5014],[-1.3146,12.4967],[-1.2704,12.4865],[-1.257,12.4649],[-1.2485,12.4375],[-1.2499,12.4117],[-1.2681,12.3689],[-1.2706,12.3505],[-1.2699,12.3345],[-1.2566,12.3323],[-1.2284,12.3176],[-1.2044,12.2889],[-1.1901,12.287],[-1.1235,12.2541],[-1.0978,12.2598]]]}},{"type":"Feature","properties":{"id":"BFA-2875","name":"Komondjari","nameBn":"কমন্দারি প্রদেশ","type":"Province","bounds":[0.2473,12.3163,1.3048,13.0858],"center":[0.776,12.6971]},"geometry":{"type":"Polygon","coordinates":[[[0.9717,13.0858],[0.9718,13.0673],[0.9746,13.0483],[0.9835,13.0324],[1.0123,13.0169],[1.0838,13.011],[1.114,12.9962],[1.1709,12.9492],[1.2308,12.8998],[1.3048,12.8385],[1.3047,12.8382],[1.2688,12.7737],[1.2619,12.7712],[1.2416,12.7697],[1.2007,12.7598],[1.169,12.7552],[1.1564,12.75],[1.1528,12.7374],[1.1514,12.7225],[1.1421,12.7134],[1.1343,12.7004],[1.1303,12.6817],[1.1185,12.6653],[1.1037,12.6557],[1.089,12.6576],[1.0814,12.6595],[1.0754,12.6605],[1.0612,12.6644],[1.0445,12.6725],[1.0269,12.6733],[1.012,12.6699],[0.9993,12.6654],[0.9865,12.6502],[0.9755,12.6271],[0.9592,12.6086],[0.9396,12.6026],[0.9183,12.6013],[0.8958,12.597],[0.8808,12.5907],[0.8714,12.5799],[0.856,12.5439],[0.8534,12.524],[0.8542,12.5064],[0.8469,12.5022],[0.839,12.504],[0.8328,12.5048],[0.8276,12.4916],[0.8259,12.4682],[0.8078,12.4492],[0.8011,12.4355],[0.7821,12.4311],[0.782,12.4211],[0.7755,12.4136],[0.7626,12.4071],[0.7603,12.3945],[0.7605,12.3812],[0.7533,12.3738],[0.7425,12.3647],[0.7349,12.3483],[0.7245,12.3392],[0.7108,12.3397],[0.6994,12.3368],[0.6928,12.3281],[0.6772,12.3163],[0.6542,12.3295],[0.6084,12.4235],[0.5946,12.4398],[0.4792,12.513],[0.4556,12.5059],[0.3793,12.4558],[0.3592,12.4468],[0.349,12.4439],[0.349,12.4675],[0.3211,12.5703],[0.3011,12.7341],[0.2732,12.7842],[0.2473,12.8098],[0.2548,12.8241],[0.2758,12.8488],[0.2821,12.8795],[0.279,12.9008],[0.2879,12.9118],[0.3152,12.9091],[0.3372,12.895],[0.3613,12.891],[0.3928,12.8775],[0.4226,12.8696],[0.45,12.868],[0.4736,12.8632],[0.495,12.8743],[0.5129,12.8868],[0.5298,12.896],[0.5488,12.9014],[0.5589,12.9141],[0.5552,12.9303],[0.5548,12.9409],[0.5596,12.9489],[0.5689,12.953],[0.5744,12.954],[0.59,12.9497],[0.6144,12.9555],[0.6381,12.9702],[0.6651,12.964],[0.6992,12.9752],[0.7245,12.9654],[0.7536,12.9629],[0.7773,12.9812],[0.7965,13.002],[0.8229,13.0007],[0.842,13.0129],[0.8614,13.0294],[0.9524,13.0781],[0.971,13.0855],[0.9717,13.0858]]]}},{"type":"Feature","properties":{"id":"BFA-2836","name":"Komoé","nameBn":"কোমোয় প্রদেশ","type":"Province","bounds":[-5.146,9.583,-3.6891,10.8902],"center":[-4.4176,10.2156]},"geometry":{"type":"Polygon","coordinates":[[[-5.1049,10.2069],[-5.1171,10.208],[-5.1182,10.2125],[-5.1144,10.2183],[-5.1118,10.2237],[-5.1118,10.2787],[-5.1192,10.2935],[-5.1199,10.294],[-5.0937,10.3137],[-5.0942,10.3334],[-5.0895,10.3495],[-5.0796,10.3652],[-5.0773,10.3779],[-5.0837,10.4127],[-5.0829,10.4296],[-5.0895,10.4494],[-5.1057,10.4677],[-5.1103,10.5093],[-5.1311,10.5205],[-5.146,10.5359],[-5.1361,10.5582],[-5.1244,10.579],[-5.1143,10.5733],[-5.0919,10.5707],[-5.0617,10.5811],[-5.0331,10.5871],[-5.0137,10.5929],[-4.9978,10.5873],[-4.985,10.5856],[-4.9736,10.603],[-4.9583,10.6332],[-4.9519,10.6516],[-4.9472,10.6708],[-4.9491,10.7074],[-4.9579,10.7392],[-4.9508,10.7611],[-4.9486,10.7826],[-4.9656,10.7961],[-4.9814,10.7927],[-4.9969,10.7996],[-5.023,10.8054],[-5.0508,10.8168],[-5.0619,10.8322],[-5.0093,10.8525],[-4.9648,10.8885],[-4.9449,10.8902],[-4.9009,10.8826],[-4.815,10.8832],[-4.8015,10.8781],[-4.7938,10.8709],[-4.7881,10.8569],[-4.7603,10.8224],[-4.7495,10.8054],[-4.7318,10.7976],[-4.7043,10.7884],[-4.6819,10.7762],[-4.6624,10.7778],[-4.61,10.816],[-4.6021,10.8262],[-4.5838,10.8433],[-4.5562,10.8608],[-4.5305,10.87],[-4.5063,10.87],[-4.4846,10.8679],[-4.46,10.859],[-4.4387,10.8357],[-4.4137,10.7715],[-4.4019,10.7544],[-4.387,10.7482],[-4.3607,10.7462],[-4.3021,10.7283],[-4.2934,10.7208],[-4.287,10.7093],[-4.2777,10.6999],[-4.2618,10.7005],[-4.2076,10.7298],[-4.1984,10.7372],[-4.1734,10.7495],[-4.1313,10.7632],[-4.1023,10.7763],[-4.0904,10.7777],[-4.0813,10.7727],[-4.0583,10.7468],[-4.0452,10.7345],[-4.0314,10.7263],[-4.0089,10.7191],[-3.951,10.7085],[-3.9302,10.6869],[-3.912,10.6885],[-3.8975,10.6969],[-3.8641,10.7076],[-3.8504,10.717],[-3.8462,10.7341],[-3.8437,10.7533],[-3.8089,10.7872],[-3.7973,10.806],[-3.7854,10.82],[-3.7685,10.8266],[-3.7258,10.8271],[-3.726,10.8186],[-3.7167,10.8039],[-3.7014,10.7883],[-3.6927,10.7667],[-3.6891,10.7465],[-3.7031,10.7384],[-3.7599,10.7395],[-3.78,10.7354],[-3.789,10.7275],[-3.7929,10.7185],[-3.7942,10.7075],[-3.7897,10.6947],[-3.7784,10.6838],[-3.7624,10.6784],[-3.7238,10.674],[-3.7126,10.6655],[-3.6945,10.6441],[-3.6934,10.6368],[-3.6949,10.62],[-3.6976,10.6104],[-3.6995,10.5994],[-3.7013,10.5121],[-3.6974,10.484],[-3.698,10.4675],[-3.7025,10.4635],[-3.711,10.4572],[-3.7213,10.4458],[-3.7283,10.4242],[-3.739,10.4007],[-3.7676,10.365],[-3.7723,10.3574],[-3.7774,10.3506],[-3.7772,10.3341],[-3.7689,10.3193],[-3.7647,10.3056],[-3.758,10.2718],[-3.7512,10.2542],[-3.7491,10.2372],[-3.756,10.2196],[-3.7877,10.1761],[-3.8059,10.1374],[-3.8172,10.1236],[-3.8496,10.1064],[-3.8925,10.0934],[-3.9159,10.094],[-3.9455,10.1006],[-3.9677,10.0995],[-3.9761,10.0837],[-3.9872,10.0519],[-3.9904,10.0379],[-3.9813,10.0119],[-3.9237,9.9662],[-3.8939,9.9349],[-3.8912,9.9155],[-3.8915,9.8996],[-3.8916,9.8942],[-3.8916,9.8939],[-3.9101,9.8885],[-3.9477,9.8644],[-3.9692,9.859],[-3.984,9.8512],[-3.9883,9.8348],[-3.9946,9.8208],[-4.0267,9.8203],[-4.035,9.8176],[-4.0503,9.8103],[-4.0514,9.8076],[-4.0517,9.8023],[-4.0537,9.7976],[-4.0599,9.7963],[-4.0657,9.7981],[-4.0762,9.8038],[-4.133,9.8204],[-4.1503,9.8183],[-4.1683,9.8048],[-4.197,9.765],[-4.2154,9.7549],[-4.2531,9.7501],[-4.2703,9.7439],[-4.2836,9.732],[-4.2792,9.7311],[-4.2675,9.7273],[-4.2978,9.6958],[-4.3033,9.6867],[-4.3035,9.6779],[-4.3005,9.6543],[-4.303,9.6417],[-4.3159,9.6166],[-4.3225,9.609],[-4.3225,9.6089],[-4.3497,9.62],[-4.365,9.6242],[-4.368,9.6084],[-4.3678,9.592],[-4.3712,9.583],[-4.3849,9.5894],[-4.3916,9.6003],[-4.4002,9.6331],[-4.4091,9.6477],[-4.4334,9.6535],[-4.4692,9.6518],[-4.5017,9.655],[-4.5159,9.6757],[-4.5136,9.694],[-4.5038,9.7199],[-4.5016,9.7371],[-4.504,9.742],[-4.51,9.7451],[-4.5178,9.7466],[-4.5359,9.7466],[-4.5391,9.7447],[-4.5399,9.7408],[-4.5431,9.734],[-4.548,9.7203],[-4.5484,9.7068],[-4.5522,9.6965],[-4.5667,9.6924],[-4.5783,9.6965],[-4.5927,9.7178],[-4.604,9.7272],[-4.6169,9.7139],[-4.6287,9.7077],[-4.6411,9.706],[-4.6558,9.7061],[-4.6547,9.7035],[-4.6583,9.6976],[-4.6648,9.6909],[-4.6729,9.6856],[-4.6811,9.6821],[-4.6818,9.6828],[-4.6815,9.6867],[-4.6866,9.6924],[-4.7001,9.6979],[-4.7055,9.7021],[-4.7076,9.7098],[-4.7091,9.7203],[-4.7128,9.7268],[-4.7244,9.7371],[-4.73,9.7442],[-4.7333,9.7496],[-4.7383,9.7532],[-4.7486,9.7545],[-4.7586,9.7533],[-4.7621,9.7499],[-4.7605,9.7453],[-4.7548,9.7402],[-4.77,9.7374],[-4.7832,9.7584],[-4.7964,9.7545],[-4.7993,9.7625],[-4.8012,9.7665],[-4.8101,9.7743],[-4.8101,9.7818],[-4.8004,9.7811],[-4.7919,9.7823],[-4.7759,9.788],[-4.7854,9.8048],[-4.7903,9.8275],[-4.7985,9.8425],[-4.8176,9.8365],[-4.8243,9.857],[-4.8385,9.8695],[-4.8583,9.8757],[-4.8817,9.8774],[-4.8901,9.8795],[-4.8935,9.8842],[-4.898,9.8889],[-4.9094,9.8911],[-4.9171,9.8865],[-4.9224,9.8775],[-4.928,9.8709],[-4.9367,9.874],[-4.9661,9.901],[-4.9673,9.9124],[-4.9529,9.9534],[-4.9548,9.9597],[-4.9657,9.9831],[-4.9769,9.9976],[-4.9814,10.0077],[-4.9602,10.0085],[-4.9564,10.022],[-4.9633,10.0403],[-4.9745,10.0555],[-4.9866,10.0633],[-4.9998,10.0695],[-5.0105,10.0791],[-5.0156,10.0971],[-5.0255,10.0887],[-5.0372,10.0838],[-5.0483,10.0854],[-5.0565,10.0971],[-5.0429,10.1033],[-5.0494,10.1054],[-5.0551,10.108],[-5.0617,10.1101],[-5.0701,10.1102],[-5.061,10.1185],[-5.0376,10.1265],[-5.0395,10.1343],[-5.0647,10.1508],[-5.0707,10.161],[-5.064,10.179],[-5.0907,10.1779],[-5.0902,10.1888],[-5.0816,10.2069],[-5.0844,10.2274],[-5.0873,10.2208],[-5.0919,10.2143],[-5.0978,10.2093],[-5.1049,10.2069]]]}},{"type":"Feature","properties":{"id":"BFA-2183","name":"Kompienga","nameBn":"কম্পিয়েঙ্গা প্রদেশ","type":"Province","bounds":[0.3748,10.9332,1.4232,11.9181],"center":[0.8989,11.4519]},"geometry":{"type":"Polygon","coordinates":[[[1.4232,11.4537],[1.4111,11.4498],[1.3981,11.4403],[1.3898,11.4284],[1.3886,11.42],[1.3981,11.3987],[1.3817,11.3887],[1.359,11.3789],[1.3391,11.3661],[1.3304,11.3472],[1.3362,11.33],[1.3459,11.3163],[1.3479,11.3035],[1.3304,11.2888],[1.3235,11.2971],[1.3163,11.2999],[1.3093,11.2971],[1.3025,11.2888],[1.2962,11.2996],[1.2845,11.3127],[1.2733,11.3182],[1.2684,11.3062],[1.2705,11.2983],[1.2804,11.2887],[1.2826,11.2789],[1.2811,11.2711],[1.2684,11.2479],[1.2352,11.2635],[1.219,11.268],[1.2001,11.269],[1.1914,11.267],[1.1862,11.2639],[1.1809,11.2614],[1.1722,11.2615],[1.1735,11.2666],[1.166,11.278],[1.1563,11.2855],[1.1459,11.2699],[1.1356,11.2601],[1.1306,11.2476],[1.1493,11.2172],[1.1532,11.1832],[1.1584,11.1659],[1.1481,11.1695],[1.1281,11.1789],[1.1175,11.179],[1.113,11.1739],[1.1062,11.1557],[1.1004,11.1516],[1.0675,11.1443],[1.0623,11.1421],[1.0633,11.127],[1.067,11.1283],[1.0734,11.1339],[1.0828,11.1318],[1.0839,11.1277],[1.0821,11.1153],[1.0828,11.1107],[1.0856,11.1087],[1.0952,11.1044],[1.097,11.1045],[1.0991,11.0926],[1.0993,11.0813],[1.1009,11.0704],[1.1073,11.0598],[1.1186,11.0482],[1.1175,11.0322],[1.1142,11.0277],[1.1068,11.0344],[1.0997,11.0444],[1.097,11.0493],[1.0869,11.0527],[1.0561,11.0561],[1.0522,11.055],[1.0413,11.0496],[1.035,11.0493],[1.0332,11.0516],[1.028,11.0613],[1.0251,11.0635],[1.0197,11.0657],[1.0146,11.0704],[1.0079,11.0751],[0.986,11.0785],[0.9814,11.0801],[0.9769,11.0784],[0.9703,11.0695],[0.9644,11.0574],[0.9559,11.0447],[0.9524,11.0424],[0.9513,11.0323],[0.9518,11.0211],[0.9553,11.012],[0.9633,11.0083],[0.9691,11.0029],[0.97,10.9912],[0.9675,10.9795],[0.9633,10.9741],[0.9454,10.9743],[0.932,10.9761],[0.9015,10.9927],[0.7716,10.9904],[0.6753,10.9885],[0.6126,10.9766],[0.4876,10.9332],[0.4997,10.9757],[0.4836,10.9797],[0.4871,10.9837],[0.4886,10.9878],[0.4893,10.9919],[0.4906,10.9964],[0.4901,10.9995],[0.4888,11.0018],[0.4866,11.0032],[0.3748,11.0258],[0.3776,11.0339],[0.4156,11.1133],[0.4297,11.1267],[0.4433,11.1206],[0.4546,11.1042],[0.4708,11.0855],[0.4882,11.0807],[0.4978,11.0942],[0.4994,11.122],[0.5052,11.1478],[0.5172,11.1659],[0.5545,11.2079],[0.5545,11.2191],[0.5531,11.2291],[0.5582,11.2453],[0.5534,11.263],[0.5439,11.2782],[0.5343,11.3214],[0.5403,11.3406],[0.5655,11.3573],[0.5762,11.3843],[0.5712,11.4047],[0.5602,11.4348],[0.539,11.4722],[0.5317,11.4961],[0.5278,11.5654],[0.523,11.5916],[0.5294,11.6597],[0.5402,11.6751],[0.5703,11.6996],[0.605,11.7147],[0.6965,11.7374],[0.7201,11.7564],[0.7149,11.7818],[0.7227,11.8103],[0.7474,11.8354],[0.7601,11.845],[0.804,11.872],[0.8638,11.9181],[0.8874,11.9163],[0.9083,11.9067],[0.9412,11.9018],[0.9694,11.9],[0.9805,11.8931],[0.9936,11.8824],[1.0138,11.8793],[1.0254,11.8687],[1.032,11.8528],[1.0438,11.8391],[1.0561,11.8343],[1.0895,11.8324],[1.1032,11.8335],[1.1101,11.8241],[1.1131,11.8067],[1.1238,11.7916],[1.1386,11.7768],[1.1523,11.7695],[1.1598,11.7634],[1.1595,11.7476],[1.1643,11.7397],[1.1764,11.7451],[1.1863,11.7435],[1.1937,11.7379],[1.2044,11.7385],[1.2203,11.7278],[1.2299,11.7165],[1.2374,11.7006],[1.2328,11.6151],[1.2622,11.5727],[1.3393,11.5236],[1.4109,11.4664],[1.4217,11.4552],[1.423,11.454],[1.4232,11.4537]]]}},{"type":"Feature","properties":{"id":"BFA-2802","name":"Kossi","nameBn":"কোসি প্রদেশ","type":"Province","bounds":[-4.3511,12.3763,-3.4262,13.4999],"center":[-3.8889,12.9587]},"geometry":{"type":"Polygon","coordinates":[[[-3.9777,13.4999],[-3.9741,13.4989],[-3.9703,13.4962],[-3.9655,13.4892],[-3.9645,13.4878],[-3.9593,13.4679],[-3.9561,13.4617],[-3.9475,13.4582],[-3.9234,13.4538],[-3.918,13.4511],[-3.9186,13.4403],[-3.9255,13.4363],[-3.9349,13.4349],[-3.9427,13.4319],[-3.963,13.4132],[-3.9716,13.4083],[-3.984,13.3965],[-3.9716,13.3868],[-3.9484,13.3808],[-3.9288,13.3803],[-3.9089,13.382],[-3.8926,13.3789],[-3.8581,13.3655],[-3.8171,13.3547],[-3.7986,13.3471],[-3.7244,13.2888],[-3.6787,13.2617],[-3.5969,13.1994],[-3.5898,13.1974],[-3.5766,13.1993],[-3.57,13.1968],[-3.5539,13.1803],[-3.545,13.1745],[-3.5385,13.1734],[-3.5161,13.1739],[-3.4739,13.1676],[-3.4689,13.16],[-3.4689,13.1454],[-3.4768,13.0717],[-3.4623,13.0076],[-3.4722,12.9506],[-3.4608,12.8417],[-3.4483,12.8125],[-3.4326,12.7926],[-3.4262,12.7865],[-3.4293,12.7497],[-3.443,12.7484],[-3.4554,12.7447],[-3.4607,12.7386],[-3.4644,12.7238],[-3.4729,12.722],[-3.4911,12.7289],[-3.5187,12.7289],[-3.522,12.7257],[-3.5228,12.7184],[-3.5249,12.7111],[-3.541,12.7036],[-3.5404,12.6942],[-3.5323,12.6848],[-3.5187,12.6805],[-3.5135,12.6746],[-3.5166,12.6611],[-3.5231,12.647],[-3.5283,12.6389],[-3.5218,12.6293],[-3.5247,12.6227],[-3.5313,12.6175],[-3.5358,12.6116],[-3.5353,12.6007],[-3.5328,12.5917],[-3.5354,12.5857],[-3.5402,12.5784],[-3.5358,12.5775],[-3.5358,12.5707],[-3.5482,12.5646],[-3.5492,12.5536],[-3.5426,12.5263],[-3.5459,12.5147],[-3.5604,12.5005],[-3.5637,12.4818],[-3.595,12.4926],[-3.6573,12.5239],[-3.6961,12.5343],[-3.772,12.5369],[-3.8207,12.5294],[-3.8446,12.5323],[-3.8753,12.5391],[-3.9115,12.5414],[-3.9423,12.5341],[-3.9572,12.518],[-3.9641,12.4945],[-3.9882,12.4592],[-3.9926,12.4405],[-3.9923,12.4327],[-3.9912,12.4246],[-3.9961,12.4138],[-4.0087,12.4016],[-4.0325,12.3868],[-4.0646,12.3763],[-4.0882,12.3831],[-4.131,12.4142],[-4.1496,12.4421],[-4.1518,12.4803],[-4.1613,12.5224],[-4.1774,12.5462],[-4.1797,12.5618],[-4.1749,12.5813],[-4.1738,12.6185],[-4.1773,12.637],[-4.1676,12.6518],[-4.1545,12.6624],[-4.1555,12.679],[-4.1759,12.6878],[-4.1925,12.703],[-4.207,12.7119],[-4.2237,12.7103],[-4.2455,12.7289],[-4.244,12.7299],[-4.2341,12.7424],[-4.2133,12.8072],[-4.2119,12.8192],[-4.2246,12.8645],[-4.2213,12.9213],[-4.2293,12.949],[-4.2478,12.9719],[-4.2769,12.9962],[-4.2897,13.0135],[-4.3164,13.0709],[-4.3454,13.0971],[-4.3511,13.1061],[-4.3511,13.1183],[-4.3459,13.1271],[-4.3396,13.1353],[-4.327,13.1686],[-4.3102,13.1756],[-4.2462,13.1725],[-4.2348,13.1756],[-4.2278,13.1844],[-4.23,13.1931],[-4.2512,13.2048],[-4.2581,13.2141],[-4.2535,13.2291],[-4.2388,13.2468],[-4.2207,13.2628],[-4.2055,13.273],[-4.1958,13.2747],[-4.1865,13.2728],[-4.1769,13.2724],[-4.166,13.2782],[-4.1471,13.2996],[-4.1316,13.3238],[-4.1147,13.3645],[-4.1043,13.3827],[-4.0875,13.398],[-4.0793,13.4021],[-4.0525,13.409],[-4.0435,13.4145],[-4.0282,13.4315],[-4.016,13.4358],[-4.0054,13.4395],[-3.9902,13.4491],[-3.9769,13.4606],[-3.9716,13.47],[-3.9795,13.4754],[-3.9922,13.4762],[-3.998,13.4805],[-3.9845,13.4961],[-3.9813,13.499],[-3.9777,13.4999]]]}},{"type":"Feature","properties":{"id":"BFA-2827","name":"Koulpélogo","nameBn":"কুল্পেলঙ্গ প্রদেশ","type":"Province","bounds":[-0.1677,11.0258,0.5762,11.7852],"center":[0.2043,11.4079]},"geometry":{"type":"Polygon","coordinates":[[[0.3748,11.0258],[0.2876,11.0434],[0.0596,11.0894],[-0.0631,11.1142],[-0.1151,11.1247],[-0.113,11.1324],[-0.1034,11.1599],[-0.0899,11.1868],[-0.0896,11.2014],[-0.0809,11.2107],[-0.064,11.2156],[-0.053,11.2275],[-0.0456,11.2432],[-0.0409,11.2578],[-0.0306,11.2716],[-0.0162,11.2833],[-0.0058,11.294],[0.0047,11.3084],[0.0055,11.3228],[-0.009,11.3386],[-0.0365,11.3486],[-0.0648,11.347],[-0.084,11.3428],[-0.1008,11.3355],[-0.1175,11.3327],[-0.1367,11.3377],[-0.1537,11.3387],[-0.166,11.3488],[-0.1677,11.37],[-0.1552,11.3845],[-0.1524,11.4002],[-0.1584,11.4158],[-0.149,11.4296],[-0.1369,11.4438],[-0.1326,11.4782],[-0.1324,11.4938],[-0.126,11.5074],[-0.121,11.5226],[-0.1379,11.5446],[-0.1461,11.5663],[-0.1228,11.6158],[-0.1085,11.632],[-0.0905,11.649],[-0.0713,11.6877],[-0.0383,11.7157],[-0.0215,11.7237],[0.0187,11.7189],[0.0354,11.7192],[0.0481,11.7248],[0.0506,11.7401],[0.0497,11.75],[0.0581,11.7481],[0.0735,11.7472],[0.0817,11.7541],[0.0863,11.7805],[0.1019,11.7852],[0.1562,11.7751],[0.1732,11.7765],[0.1915,11.7615],[0.2237,11.7466],[0.2858,11.7492],[0.3157,11.7394],[0.4258,11.6649],[0.4476,11.6612],[0.5294,11.6597],[0.523,11.5916],[0.5278,11.5654],[0.5317,11.4961],[0.539,11.4722],[0.5602,11.4348],[0.5712,11.4047],[0.5762,11.3843],[0.5655,11.3573],[0.5403,11.3406],[0.5343,11.3214],[0.5439,11.2782],[0.5534,11.263],[0.5582,11.2453],[0.5531,11.2291],[0.5545,11.2191],[0.5545,11.2079],[0.5172,11.1659],[0.5052,11.1478],[0.4994,11.122],[0.4978,11.0942],[0.4882,11.0807],[0.4708,11.0855],[0.4546,11.1042],[0.4433,11.1206],[0.4297,11.1267],[0.4156,11.1133],[0.3776,11.0339],[0.3748,11.0258]]]}},{"type":"Feature","properties":{"id":"BFA-2829","name":"Kouritenga","nameBn":"কুরিটেঙ্গা প্রদেশ","type":"Province","bounds":[-0.6137,11.7934,0.0306,12.5605],"center":[-0.2915,12.1587]},"geometry":{"type":"Polygon","coordinates":[[[-0.4645,11.9875],[-0.4555,11.9881],[-0.4365,12.0074],[-0.4211,12.0454],[-0.4298,12.1401],[-0.4229,12.1535],[-0.4774,12.2062],[-0.4847,12.2276],[-0.4903,12.2571],[-0.5169,12.3241],[-0.5071,12.3625],[-0.5132,12.3873],[-0.5282,12.4165],[-0.5618,12.4443],[-0.6045,12.4692],[-0.6127,12.4998],[-0.6137,12.5058],[-0.603,12.5049],[-0.4376,12.4667],[-0.3891,12.4689],[-0.2074,12.5605],[-0.2346,12.4772],[-0.2239,12.4367],[-0.1835,12.4142],[-0.1452,12.388],[-0.147,12.3537],[-0.1775,12.3142],[-0.1835,12.2729],[-0.1522,12.2505],[-0.0846,12.2307],[-0.0703,12.2142],[-0.0379,12.1909],[-0.0152,12.165],[0.0277,12.1248],[0.0306,12.0979],[0.0092,12.0923],[-0.0196,12.0783],[-0.0522,12.0682],[-0.0825,12.0486],[-0.1055,12.0058],[-0.1099,11.9699],[-0.106,11.9403],[-0.1103,11.9229],[-0.1155,11.9242],[-0.1293,11.919],[-0.219,11.8471],[-0.2529,11.7934],[-0.2787,11.7963],[-0.3812,11.8211],[-0.4294,11.856],[-0.4602,11.8963],[-0.4702,11.9272],[-0.4629,11.9515],[-0.4632,11.9771],[-0.4645,11.9875]]]}},{"type":"Feature","properties":{"id":"BFA-2813","name":"Kourwéogo","nameBn":"কুরওয়েওগো প্রদেশ","type":"Province","bounds":[-2.0777,12.268,-1.5957,12.9007],"center":[-1.8367,12.3933]},"geometry":{"type":"Polygon","coordinates":[[[-1.8719,12.4353],[-1.8422,12.4406],[-1.8021,12.4574],[-1.7899,12.4731],[-1.7966,12.5244],[-1.8064,12.5594],[-1.8293,12.5871],[-1.8637,12.6025],[-1.8976,12.6115],[-1.9226,12.621],[-1.9271,12.6416],[-1.9273,12.6623],[-1.9363,12.6727],[-1.9411,12.6773],[-1.95,12.6913],[-1.9639,12.7238],[-1.961,12.7609],[-1.9407,12.797],[-1.8609,12.8699],[-1.7315,12.9007],[-1.7052,12.8775],[-1.6944,12.8736],[-1.6805,12.8723],[-1.6644,12.8648],[-1.6606,12.8422],[-1.6637,12.8125],[-1.6547,12.7558],[-1.6485,12.7376],[-1.637,12.7282],[-1.6042,12.721],[-1.5963,12.7039],[-1.5957,12.6731],[-1.6016,12.6619],[-1.6104,12.6396],[-1.614,12.6164],[-1.6209,12.5931],[-1.6427,12.5815],[-1.6583,12.581],[-1.6885,12.5764],[-1.7084,12.5699],[-1.7208,12.5632],[-1.7227,12.5466],[-1.6844,12.4159],[-1.6809,12.3979],[-1.7101,12.3861],[-1.7718,12.3685],[-1.8122,12.3486],[-1.8207,12.3426],[-1.8397,12.344],[-1.8792,12.3414],[-1.9171,12.3329],[-1.9533,12.3126],[-1.9926,12.2837],[-2.0264,12.268],[-2.0587,12.2787],[-2.0777,12.2975],[-2.0658,12.3208],[-2.0433,12.3546],[-2.0326,12.3932],[-2.0193,12.4229],[-2.0059,12.4454],[-1.9856,12.4614],[-1.9485,12.4626],[-1.9217,12.4607],[-1.8948,12.449],[-1.8719,12.4353]]]}},{"type":"Feature","properties":{"id":"BFA-2800","name":"Kénédougou","nameBn":"কােনেদগৌ প্রদেশ","type":"Province","bounds":[-5.5073,10.8101,-4.5466,12.0373],"center":[-5.0273,11.4128]},"geometry":{"type":"Polygon","coordinates":[[[-4.8068,11.9963],[-4.7895,12.0018],[-4.7613,12.0066],[-4.7469,12.0151],[-4.739,12.0252],[-4.7323,12.0373],[-4.7177,12.0346],[-4.7009,12.0272],[-4.6504,11.9985],[-4.6376,11.9829],[-4.6234,11.9238],[-4.6211,11.8939],[-4.6321,11.844],[-4.6336,11.7996],[-4.6317,11.7828],[-4.6256,11.772],[-4.626,11.7599],[-4.638,11.7502],[-4.6543,11.7455],[-4.6643,11.7357],[-4.6683,11.7213],[-4.6711,11.705],[-4.6568,11.6986],[-4.6292,11.6987],[-4.6039,11.6938],[-4.591,11.6849],[-4.5965,11.6584],[-4.5985,11.6404],[-4.5917,11.6104],[-4.5796,11.5837],[-4.5628,11.5623],[-4.5496,11.5406],[-4.5466,11.5203],[-4.5497,11.4923],[-4.5596,11.4677],[-4.5682,11.4534],[-4.5823,11.4344],[-4.6033,11.4168],[-4.6183,11.4113],[-4.6295,11.4125],[-4.6382,11.4176],[-4.6492,11.4408],[-4.6598,11.4472],[-4.7302,11.3985],[-4.7436,11.386],[-4.7559,11.3626],[-4.7578,11.3401],[-4.762,11.318],[-4.7871,11.2708],[-4.7938,11.2477],[-4.7885,11.2314],[-4.782,11.2171],[-4.776,11.2116],[-4.764,11.2105],[-4.7011,11.1681],[-4.6893,11.1538],[-4.6752,11.1309],[-4.6582,11.111],[-4.6492,11.0912],[-4.6459,11.0729],[-4.6474,11.0582],[-4.6503,11.0449],[-4.6563,11.0347],[-4.6771,11.0314],[-4.695,11.0214],[-4.709,11.0091],[-4.7353,11.0036],[-4.7581,10.9933],[-4.7652,10.9757],[-4.7617,10.9532],[-4.756,10.9338],[-4.763,10.9179],[-4.7771,10.9018],[-4.7889,10.876],[-4.7938,10.8709],[-4.8015,10.8781],[-4.815,10.8832],[-4.9009,10.8826],[-4.9449,10.8902],[-4.9648,10.8885],[-5.0093,10.8525],[-5.0619,10.8322],[-5.0881,10.8317],[-5.1397,10.8182],[-5.1576,10.8113],[-5.1867,10.8101],[-5.2032,10.8247],[-5.2444,10.87],[-5.2567,10.8904],[-5.2679,10.9164],[-5.2807,10.9369],[-5.3789,11.0251],[-5.408,11.0411],[-5.4958,11.0485],[-5.5056,11.048],[-5.5073,11.0569],[-5.5042,11.0727],[-5.4898,11.0821],[-5.3901,11.0947],[-5.373,11.0998],[-5.3563,11.1069],[-5.3325,11.1216],[-5.3223,11.1355],[-5.3162,11.1763],[-5.3067,11.1994],[-5.2753,11.2307],[-5.2629,11.2516],[-5.2609,11.2677],[-5.2679,11.372],[-5.2635,11.3902],[-5.2482,11.4032],[-5.2264,11.4135],[-5.2183,11.4222],[-5.2192,11.4351],[-5.2246,11.458],[-5.2247,11.5408],[-5.2339,11.576],[-5.2695,11.6041],[-5.2807,11.6058],[-5.291,11.6045],[-5.3,11.6064],[-5.3076,11.6176],[-5.3078,11.629],[-5.3023,11.6399],[-5.2948,11.6503],[-5.2893,11.6604],[-5.2807,11.6995],[-5.2786,11.7215],[-5.2795,11.739],[-5.2871,11.7589],[-5.299,11.7727],[-5.3148,11.7825],[-5.3343,11.7908],[-5.3447,11.7939],[-5.3533,11.7945],[-5.3706,11.7911],[-5.3745,11.7952],[-5.4004,11.8102],[-5.406,11.8123],[-5.4122,11.8236],[-5.4124,11.8285],[-5.4059,11.8304],[-5.3923,11.8324],[-5.3879,11.8308],[-5.3756,11.8222],[-5.3699,11.8202],[-5.3646,11.8218],[-5.3571,11.8296],[-5.3538,11.8317],[-5.319,11.8374],[-5.3148,11.8393],[-5.3111,11.8429],[-5.3065,11.846],[-5.3002,11.8464],[-5.2934,11.8432],[-5.288,11.8391],[-5.2825,11.8364],[-5.2752,11.8374],[-5.2682,11.8431],[-5.2482,11.8704],[-5.2095,11.9015],[-5.1829,11.9309],[-5.1678,11.9437],[-5.137,11.9531],[-5.1039,11.9728],[-5.0893,11.9793],[-5.0738,11.9805],[-5.0343,11.9793],[-5.016,11.9813],[-5.0047,11.9807],[-4.9942,11.9832],[-4.9845,11.9886],[-4.9755,11.9963],[-4.9538,12.0051],[-4.9321,12.0031],[-4.9107,11.9981],[-4.89,11.9979],[-4.8472,12.0131],[-4.8262,12.0127],[-4.8068,11.9963]]]}},{"type":"Feature","properties":{"id":"BFA-2822","name":"Loroum","nameBn":"লোরুম প্রদেশ","type":"Province","bounds":[-2.6763,13.517,-1.7308,14.2809],"center":[-2.0709,13.8724]},"geometry":{"type":"Polygon","coordinates":[[[-2.1198,14.1488],[-2.1043,14.1512],[-2.085,14.1597],[-2.0398,14.1027],[-2.0085,14.0863],[-1.9237,14.026],[-1.8638,13.9941],[-1.8647,13.9772],[-1.8732,13.9378],[-1.8706,13.8982],[-1.8149,13.7993],[-1.7831,13.7631],[-1.747,13.7293],[-1.7412,13.7239],[-1.7311,13.7088],[-1.7308,13.6817],[-1.755,13.6661],[-1.7925,13.6555],[-1.833,13.6344],[-1.8678,13.6058],[-1.8787,13.5639],[-1.878,13.5418],[-1.9209,13.5314],[-1.9524,13.5286],[-2.0045,13.517],[-2.0285,13.5228],[-2.0577,13.5257],[-2.0943,13.5232],[-2.1156,13.528],[-2.1486,13.6593],[-2.1791,13.7466],[-2.1866,13.7573],[-2.2074,13.8002],[-2.2061,13.8334],[-2.1986,13.8649],[-2.2176,13.8824],[-2.2479,13.8915],[-2.2647,13.9162],[-2.2709,13.9698],[-2.2866,13.9773],[-2.31,13.9847],[-2.3533,14.0276],[-2.3864,14.0428],[-2.4198,14.0435],[-2.444,14.0297],[-2.4614,14.0137],[-2.4713,13.9983],[-2.4856,13.995],[-2.5031,14.0004],[-2.5187,13.9943],[-2.5313,13.9839],[-2.5461,13.9842],[-2.5685,13.991],[-2.578,13.9993],[-2.5767,14.0203],[-2.5865,14.0461],[-2.6224,14.0929],[-2.6763,14.1417],[-2.6198,14.2036],[-2.5974,14.2223],[-2.5161,14.2679],[-2.4617,14.2809],[-2.3856,14.2647],[-2.1519,14.1561],[-2.1198,14.1488]]]}},{"type":"Feature","properties":{"id":"BFA-2835","name":"Léraba","nameBn":"লিরাবা প্রদেশ","type":"Province","bounds":[-5.5226,10.2913,-4.9472,11.0485],"center":[-5.2352,10.5879]},"geometry":{"type":"Polygon","coordinates":[[[-5.3655,10.2957],[-5.3857,10.2965],[-5.4025,10.3006],[-5.4162,10.3075],[-5.427,10.3169],[-5.4301,10.3229],[-5.4335,10.3319],[-5.4378,10.34],[-5.4438,10.3435],[-5.453,10.3439],[-5.4599,10.3452],[-5.4742,10.3503],[-5.4753,10.3677],[-5.4875,10.3929],[-5.5051,10.4156],[-5.5226,10.4255],[-5.5171,10.44],[-5.509,10.4909],[-5.5052,10.4992],[-5.4817,10.5353],[-5.4681,10.5878],[-5.4711,10.5974],[-5.4786,10.6042],[-5.4774,10.6196],[-5.4705,10.6356],[-5.4606,10.6446],[-5.4759,10.6504],[-5.4772,10.6588],[-5.4821,10.6752],[-5.4826,10.6842],[-5.4731,10.7379],[-5.468,10.7527],[-5.4612,10.76],[-5.453,10.764],[-5.4465,10.7687],[-5.445,10.7786],[-5.4453,10.787],[-5.4314,10.8447],[-5.4351,10.8569],[-5.447,10.878],[-5.4656,10.9479],[-5.4791,10.9755],[-5.5018,10.9702],[-5.4956,10.9962],[-5.5056,11.048],[-5.4958,11.0485],[-5.408,11.0411],[-5.3789,11.0251],[-5.2807,10.9369],[-5.2679,10.9164],[-5.2567,10.8904],[-5.2444,10.87],[-5.2032,10.8247],[-5.1867,10.8101],[-5.1576,10.8113],[-5.1397,10.8182],[-5.0881,10.8317],[-5.0619,10.8322],[-5.0508,10.8168],[-5.023,10.8054],[-4.9969,10.7996],[-4.9814,10.7927],[-4.9656,10.7961],[-4.9486,10.7826],[-4.9508,10.7611],[-4.9579,10.7392],[-4.9491,10.7074],[-4.9472,10.6708],[-4.9519,10.6516],[-4.9583,10.6332],[-4.9736,10.603],[-4.985,10.5856],[-4.9978,10.5873],[-5.0137,10.5929],[-5.0331,10.5871],[-5.0617,10.5811],[-5.0919,10.5707],[-5.1143,10.5733],[-5.1244,10.579],[-5.1361,10.5582],[-5.146,10.5359],[-5.1311,10.5205],[-5.1103,10.5093],[-5.1057,10.4677],[-5.0895,10.4494],[-5.0829,10.4296],[-5.0837,10.4127],[-5.0773,10.3779],[-5.0796,10.3652],[-5.0895,10.3495],[-5.0942,10.3334],[-5.0937,10.3137],[-5.1199,10.294],[-5.1357,10.3043],[-5.1521,10.3056],[-5.1595,10.2923],[-5.1684,10.2913],[-5.2176,10.3199],[-5.2336,10.3157],[-5.2798,10.3224],[-5.2966,10.323],[-5.3041,10.3184],[-5.3092,10.3115],[-5.3155,10.3053],[-5.3271,10.3026],[-5.3385,10.3022],[-5.3438,10.3031],[-5.3482,10.306],[-5.3533,10.3083],[-5.3571,10.3044],[-5.3608,10.2988],[-5.3655,10.2957]]]}},{"type":"Feature","properties":{"id":"BFA-2804","name":"Mou Houn","nameBn":"মৌহুন","type":"Province","bounds":[-3.981,11.7186,-2.7925,12.7497],"center":[-3.3868,12.3486]},"geometry":{"type":"Polygon","coordinates":[[[-2.8406,12.3669],[-2.8366,12.3588],[-2.8375,12.3392],[-2.869,12.3217],[-2.8815,12.3011],[-2.8873,12.2775],[-2.8819,12.2594],[-2.8441,12.2299],[-2.8308,12.2135],[-2.8239,12.1871],[-2.8234,12.1719],[-2.8166,12.15],[-2.8057,12.1304],[-2.7925,12.1151],[-2.7928,12.109],[-2.8007,12.0846],[-2.8027,12.0741],[-2.8079,12.0643],[-2.8194,12.0662],[-2.875,12.0995],[-2.8964,12.1038],[-2.9058,12.0878],[-2.9079,12.0823],[-2.9173,12.0642],[-2.9194,12.053],[-2.9309,12.0431],[-2.9501,12.0324],[-2.986,12.0291],[-3.0209,12.0374],[-3.0326,12.044],[-3.0432,12.0514],[-3.0565,12.0708],[-3.0596,12.0878],[-3.0714,12.0888],[-3.0992,12.0792],[-3.1288,12.0743],[-3.18,12.0997],[-3.2091,12.0944],[-3.2265,12.0812],[-3.2287,12.0293],[-3.2163,12.0115],[-3.1918,11.9912],[-3.1812,11.9691],[-3.1599,11.958],[-3.1229,11.955],[-3.1042,11.938],[-3.0959,11.9091],[-3.0938,11.8898],[-3.1113,11.8784],[-3.1355,11.8752],[-3.1958,11.9066],[-3.2236,11.8987],[-3.244,11.8839],[-3.272,11.8875],[-3.2913,11.9045],[-3.291,11.9329],[-3.2994,11.9587],[-3.3571,11.9881],[-3.3731,11.9841],[-3.3822,11.9887],[-3.4067,11.9906],[-3.4901,11.9768],[-3.4923,11.9653],[-3.4869,11.9416],[-3.4952,11.9243],[-3.5088,11.9121],[-3.528,11.8996],[-3.5569,11.896],[-3.5734,11.888],[-3.5857,11.8757],[-3.5951,11.8595],[-3.5979,11.8369],[-3.6127,11.8078],[-3.6091,11.7958],[-3.5977,11.7873],[-3.5893,11.7702],[-3.5871,11.757],[-3.597,11.7552],[-3.6595,11.7519],[-3.6782,11.7474],[-3.699,11.7374],[-3.7179,11.7245],[-3.7324,11.7186],[-3.7511,11.72],[-3.7731,11.7237],[-3.7877,11.7318],[-3.8022,11.7422],[-3.8208,11.7531],[-3.8427,11.7629],[-3.8597,11.7673],[-3.8722,11.7727],[-3.8763,11.7847],[-3.8735,11.7984],[-3.878,11.8073],[-3.8962,11.8156],[-3.9123,11.827],[-3.9153,11.8372],[-3.9193,11.8463],[-3.9435,11.8481],[-3.949,11.8511],[-3.9543,11.8502],[-3.9581,11.8594],[-3.9542,11.8768],[-3.9533,11.8897],[-3.96,11.9189],[-3.9673,11.9234],[-3.9765,11.9276],[-3.981,11.9327],[-3.9787,11.9458],[-3.9718,11.9451],[-3.9631,11.9393],[-3.9473,11.94],[-3.9534,11.9563],[-3.9518,11.9745],[-3.9428,11.9894],[-3.9268,11.9953],[-3.9323,12.0076],[-3.9349,12.0118],[-3.9405,12.0158],[-3.9194,12.0493],[-3.9154,12.0517],[-3.9112,12.0508],[-3.9077,12.0518],[-3.9043,12.0731],[-3.8995,12.0847],[-3.8921,12.0847],[-3.8809,12.0769],[-3.8757,12.0899],[-3.8728,12.1086],[-3.8685,12.1182],[-3.8502,12.1225],[-3.8336,12.1335],[-3.8216,12.1481],[-3.8169,12.1629],[-3.8234,12.2372],[-3.8134,12.2604],[-3.7788,12.269],[-3.7644,12.2779],[-3.7546,12.2984],[-3.7419,12.3379],[-3.7071,12.3925],[-3.696,12.4012],[-3.6576,12.423],[-3.6456,12.4273],[-3.6395,12.4269],[-3.6354,12.4251],[-3.622,12.4099],[-3.6141,12.4044],[-3.6064,12.4034],[-3.5987,12.4013],[-3.591,12.3925],[-3.5778,12.4015],[-3.5747,12.4108],[-3.5774,12.4335],[-3.5747,12.4471],[-3.5657,12.4707],[-3.5637,12.4818],[-3.5604,12.5005],[-3.5459,12.5147],[-3.5426,12.5263],[-3.5492,12.5536],[-3.5482,12.5646],[-3.5358,12.5707],[-3.5358,12.5775],[-3.5402,12.5784],[-3.5354,12.5857],[-3.5328,12.5917],[-3.5353,12.6007],[-3.5358,12.6116],[-3.5313,12.6175],[-3.5247,12.6227],[-3.5218,12.6293],[-3.5283,12.6389],[-3.5231,12.647],[-3.5166,12.6611],[-3.5135,12.6746],[-3.5187,12.6805],[-3.5323,12.6848],[-3.5404,12.6942],[-3.541,12.7036],[-3.5249,12.7111],[-3.5228,12.7184],[-3.522,12.7257],[-3.5187,12.7289],[-3.4911,12.7289],[-3.4729,12.722],[-3.4644,12.7238],[-3.4607,12.7386],[-3.4554,12.7447],[-3.443,12.7484],[-3.4293,12.7497],[-3.4197,12.7488],[-3.4069,12.744],[-3.4004,12.7399],[-3.3968,12.7334],[-3.3869,12.7083],[-3.3606,12.6638],[-3.3612,12.6535],[-3.3719,12.6389],[-3.3648,12.6347],[-3.3634,12.6359],[-3.3583,12.6389],[-3.3498,12.632],[-3.3406,12.6312],[-3.3334,12.6369],[-3.3264,12.6641],[-3.3164,12.6723],[-3.2894,12.6805],[-3.2582,12.6862],[-3.2487,12.6768],[-3.2546,12.5806],[-3.2466,12.5346],[-3.2484,12.5297],[-3.2395,12.5248],[-3.2278,12.5254],[-3.204,12.5297],[-3.1892,12.527],[-3.1818,12.5201],[-3.1761,12.511],[-3.1665,12.5018],[-3.159,12.5092],[-3.118,12.4403],[-3.1038,12.4335],[-3.1021,12.4306],[-3.0993,12.4224],[-3.0976,12.4199],[-3.085,12.4102],[-3.0777,12.4073],[-3.0666,12.4062],[-3.0523,12.4008],[-3.0115,12.3774],[-2.9912,12.3721],[-2.9801,12.3676],[-2.9624,12.3496],[-2.9567,12.3479],[-2.9485,12.3536],[-2.9342,12.3603],[-2.9263,12.3652],[-2.9032,12.3854],[-2.8864,12.3932],[-2.8648,12.3925],[-2.8472,12.3798],[-2.8406,12.3669]]]}},{"type":"Feature","properties":{"id":"BFA-2830","name":"Nahouri","nameBn":"নাহৌরি প্রদেশ","type":"Province","bounds":[-1.645,10.9662,-0.6906,11.5348],"center":[-1.1678,11.2028]},"geometry":{"type":"Polygon","coordinates":[[[-1.1076,10.9943],[-1.2281,10.9955],[-1.3553,10.9967],[-1.3803,11.0013],[-1.4136,11.014],[-1.4138,11.0274],[-1.4249,11.0473],[-1.4447,11.0435],[-1.4608,11.0524],[-1.4636,11.0678],[-1.4689,11.0779],[-1.5067,11.0759],[-1.5497,11.0919],[-1.5637,11.0997],[-1.5775,11.1051],[-1.5938,11.1146],[-1.6129,11.1301],[-1.6386,11.1411],[-1.645,11.1608],[-1.6291,11.1856],[-1.615,11.2036],[-1.6094,11.2293],[-1.5994,11.2559],[-1.5889,11.2712],[-1.5891,11.3122],[-1.5881,11.3224],[-1.5667,11.3494],[-1.5503,11.3568],[-1.5347,11.354],[-1.5128,11.3627],[-1.4698,11.4119],[-1.4428,11.4314],[-1.4198,11.4401],[-1.3992,11.4506],[-1.3834,11.4619],[-1.37,11.4744],[-1.3515,11.4969],[-1.3138,11.5348],[-1.3019,11.5287],[-1.2842,11.5034],[-1.2736,11.476],[-1.2465,11.4706],[-1.2136,11.4713],[-1.1936,11.4453],[-1.1762,11.4162],[-1.1571,11.4032],[-1.1253,11.3959],[-1.1005,11.3809],[-1.0656,11.3418],[-1.0432,11.3281],[-1.014,11.3372],[-0.9843,11.331],[-0.9727,11.3099],[-0.9728,11.2826],[-0.9588,11.2752],[-0.9381,11.2618],[-0.92,11.2338],[-0.9043,11.2226],[-0.8789,11.1949],[-0.8186,11.1669],[-0.792,11.1767],[-0.7769,11.1965],[-0.7665,11.1716],[-0.7436,11.1358],[-0.7316,11.1109],[-0.7153,11.0937],[-0.697,11.0789],[-0.6906,11.0595],[-0.6958,11.0443],[-0.7058,11.0268],[-0.703,10.9943],[-0.703,10.9942],[-0.817,10.9962],[-0.817,10.9965],[-0.8221,11.0036],[-0.8278,11.0058],[-0.8337,11.0034],[-0.8394,10.9965],[-0.8608,10.9929],[-0.8832,10.9686],[-0.9006,10.9662],[-0.8939,10.9799],[-0.9044,10.9795],[-0.9095,10.9827],[-0.9165,10.9962],[-0.924,11.0014],[-0.9325,11.0031],[-1.0703,11.0139],[-1.0987,11.0096],[-1.1076,10.9943]]]}},{"type":"Feature","properties":{"id":"BFA-2824","name":"Namentenga","nameBn":"নামেনটেঙ্গা প্রদেশ","type":"Province","bounds":[-0.8114,12.4667,-0.1966,13.9226],"center":[-0.504,13.1697]},"geometry":{"type":"Polygon","coordinates":[[[-0.6137,12.5058],[-0.6165,12.5232],[-0.616,12.5951],[-0.635,12.6448],[-0.6607,12.6747],[-0.6726,12.6763],[-0.6757,12.7386],[-0.7011,12.7912],[-0.7467,12.8407],[-0.7838,12.8987],[-0.8061,12.9531],[-0.8114,12.9818],[-0.8053,12.9949],[-0.7895,13.0003],[-0.7212,12.9601],[-0.6933,12.9663],[-0.6813,12.9855],[-0.6758,13.0225],[-0.6828,13.0822],[-0.6764,13.1442],[-0.6562,13.2015],[-0.65,13.2547],[-0.6607,13.3098],[-0.6761,13.3609],[-0.6884,13.4303],[-0.7071,13.4468],[-0.7237,13.4761],[-0.7486,13.5846],[-0.7503,13.6416],[-0.7379,13.6739],[-0.7146,13.6909],[-0.6928,13.6988],[-0.6727,13.7324],[-0.662,13.7981],[-0.6672,13.8519],[-0.6567,13.885],[-0.6083,13.9226],[-0.5906,13.917],[-0.5517,13.899],[-0.5236,13.8781],[-0.4665,13.8177],[-0.4518,13.7854],[-0.4447,13.7394],[-0.4223,13.7054],[-0.3953,13.6835],[-0.3683,13.6514],[-0.3287,13.6309],[-0.263,13.6277],[-0.2196,13.6165],[-0.2224,13.5887],[-0.2401,13.5614],[-0.2454,13.5316],[-0.2263,13.4966],[-0.222,13.4884],[-0.23,13.4717],[-0.2661,13.4507],[-0.2945,13.4158],[-0.2904,13.3824],[-0.2762,13.3567],[-0.2803,13.3166],[-0.3043,13.2669],[-0.3139,13.2281],[-0.3019,13.191],[-0.3105,13.163],[-0.3386,13.1257],[-0.3604,13.0782],[-0.366,12.9908],[-0.3586,12.9645],[-0.3417,12.9318],[-0.3364,12.9144],[-0.3223,12.8806],[-0.3048,12.8547],[-0.2823,12.8398],[-0.2378,12.8159],[-0.1989,12.7879],[-0.2222,12.7093],[-0.2173,12.6951],[-0.21,12.6789],[-0.1974,12.6425],[-0.1966,12.6042],[-0.2074,12.5605],[-0.3891,12.4689],[-0.4376,12.4667],[-0.603,12.5049],[-0.6137,12.5058]]]}},{"type":"Feature","properties":{"id":"BFA-2807","name":"Nayala","nameBn":"নায়ালা প্রদেশ","type":"Province","bounds":[-3.4293,12.3479,-2.6371,12.9994],"center":[-3.0332,12.6594]},"geometry":{"type":"Polygon","coordinates":[[[-2.6371,12.7362],[-2.6661,12.693],[-2.6908,12.6738],[-2.7179,12.6572],[-2.7335,12.6413],[-2.7477,12.6219],[-2.7513,12.5918],[-2.7405,12.5601],[-2.7277,12.5341],[-2.7204,12.5116],[-2.7643,12.4348],[-2.8406,12.3669],[-2.8472,12.3798],[-2.8648,12.3925],[-2.8864,12.3932],[-2.9032,12.3854],[-2.9263,12.3652],[-2.9342,12.3603],[-2.9485,12.3536],[-2.9567,12.3479],[-2.9624,12.3496],[-2.9801,12.3676],[-2.9912,12.3721],[-3.0115,12.3774],[-3.0523,12.4008],[-3.0666,12.4062],[-3.0777,12.4073],[-3.085,12.4102],[-3.0976,12.4199],[-3.0993,12.4224],[-3.1021,12.4306],[-3.1038,12.4335],[-3.118,12.4403],[-3.159,12.5092],[-3.1665,12.5018],[-3.1761,12.511],[-3.1818,12.5201],[-3.1892,12.527],[-3.204,12.5297],[-3.2278,12.5254],[-3.2395,12.5248],[-3.2484,12.5297],[-3.2466,12.5346],[-3.2546,12.5806],[-3.2487,12.6768],[-3.2582,12.6862],[-3.2894,12.6805],[-3.3164,12.6723],[-3.3264,12.6641],[-3.3334,12.6369],[-3.3406,12.6312],[-3.3498,12.632],[-3.3583,12.6389],[-3.3634,12.6359],[-3.3648,12.6347],[-3.3719,12.6389],[-3.3612,12.6535],[-3.3606,12.6638],[-3.3869,12.7083],[-3.3968,12.7334],[-3.4004,12.7399],[-3.4069,12.744],[-3.4197,12.7488],[-3.4293,12.7497],[-3.4262,12.7865],[-3.4173,12.7945],[-3.4037,12.813],[-3.3971,12.8598],[-3.3875,12.8787],[-3.367,12.898],[-3.3115,12.9279],[-3.3017,12.9416],[-3.2979,12.963],[-3.2737,12.9828],[-3.1915,12.9994],[-3.1765,12.9896],[-3.1624,12.9651],[-3.1469,12.9467],[-3.1285,12.9442],[-3.1054,12.9483],[-3.0828,12.9493],[-3.0585,12.9414],[-3.0377,12.9276],[-3.0217,12.9319],[-3.0016,12.9531],[-2.9704,12.9537],[-2.9382,12.9341],[-2.9153,12.917],[-2.889,12.9043],[-2.8583,12.8974],[-2.8239,12.8947],[-2.7958,12.8999],[-2.7649,12.9301],[-2.7399,12.9354],[-2.7246,12.9338],[-2.6902,12.927],[-2.6965,12.907],[-2.7096,12.8404],[-2.7108,12.8084],[-2.7003,12.7979],[-2.6707,12.7742],[-2.6371,12.7362]]]}},{"type":"Feature","properties":{"id":"BFA-5989","name":"Noumbiel","nameBn":"নুম্বিল প্রদেশ","type":"Province","bounds":[-3.2076,9.3919,-2.6892,10.1102],"center":[-3.3401,10.251]},"geometry":{"type":"Polygon","coordinates":[[[-3.0591,9.7186],[-3.0771,9.7194],[-3.0946,9.7339],[-3.1044,9.7571],[-3.1169,9.8053],[-3.1369,9.8295],[-3.1601,9.8347],[-3.1826,9.8352],[-3.2,9.8454],[-3.2044,9.8654],[-3.2022,9.889],[-3.2026,9.9082],[-3.2076,9.9628],[-3.1811,10.0041],[-3.1841,10.0542],[-3.1546,10.0778],[-3.1015,10.0748],[-3.0514,10.0748],[-3.0219,10.0424],[-2.9806,10.01],[-2.9393,10.0041],[-2.9187,10.0188],[-2.9099,10.0689],[-2.8922,10.1014],[-2.8627,10.1102],[-2.8303,10.1014],[-2.7885,10.0924],[-2.7885,10.0388],[-2.7836,10.0185],[-2.7609,9.9848],[-2.7544,9.9668],[-2.7556,9.9412],[-2.7649,9.8958],[-2.7605,9.8705],[-2.7368,9.8326],[-2.7339,9.8228],[-2.7403,9.8126],[-2.7748,9.7743],[-2.7916,9.7409],[-2.7953,9.72],[-2.7885,9.6993],[-2.7803,9.6902],[-2.7748,9.6893],[-2.7693,9.6899],[-2.7605,9.6856],[-2.7555,9.6775],[-2.7542,9.6684],[-2.751,9.6592],[-2.7434,9.6533],[-2.7402,9.6508],[-2.7529,9.6399],[-2.7615,9.6253],[-2.7665,9.6089],[-2.768,9.5928],[-2.7663,9.5765],[-2.7611,9.5662],[-2.7253,9.5339],[-2.6892,9.4887],[-2.7205,9.4592],[-2.7449,9.4081],[-2.7637,9.3919],[-2.7876,9.3937],[-2.8104,9.4111],[-2.9102,9.5427],[-2.9599,9.6386],[-2.9778,9.6852],[-2.99,9.7084],[-3.0057,9.7242],[-3.0246,9.7286],[-3.0591,9.7186]]]}},{"type":"Feature","properties":{"id":"BFA-2816","name":"Oubritenga","nameBn":"ইউব্রিটেঙ্গা প্রদেশ","type":"Province","bounds":[-1.7315,12.2541,-0.8398,12.9277],"center":[-1.2856,12.6477]},"geometry":{"type":"Polygon","coordinates":[[[-0.9103,12.4662],[-0.9407,12.4857],[-0.9792,12.5244],[-1.0124,12.5232],[-1.0362,12.4921],[-1.0565,12.4875],[-1.08,12.4843],[-1.0671,12.4757],[-1.0601,12.4477],[-1.0697,12.4145],[-1.0897,12.3789],[-1.0933,12.3774],[-1.0992,12.3773],[-1.1057,12.3762],[-1.1108,12.3721],[-1.1118,12.3674],[-1.1105,12.3559],[-1.1108,12.351],[-1.1162,12.3304],[-1.115,12.3212],[-1.107,12.3174],[-1.0968,12.3077],[-1.0957,12.2852],[-1.0975,12.2628],[-1.0978,12.2598],[-1.1235,12.2541],[-1.1901,12.287],[-1.2044,12.2889],[-1.2284,12.3176],[-1.2566,12.3323],[-1.2699,12.3345],[-1.2706,12.3505],[-1.2681,12.3689],[-1.2499,12.4117],[-1.2485,12.4375],[-1.257,12.4649],[-1.2704,12.4865],[-1.3146,12.4967],[-1.3257,12.5014],[-1.3386,12.4981],[-1.3541,12.4922],[-1.3757,12.4716],[-1.3957,12.4643],[-1.4722,12.4597],[-1.4767,12.466],[-1.4739,12.4715],[-1.456,12.4978],[-1.4499,12.5131],[-1.4538,12.5322],[-1.4666,12.5444],[-1.4837,12.5654],[-1.4981,12.5582],[-1.5211,12.5438],[-1.5481,12.5356],[-1.5649,12.5395],[-1.5706,12.5596],[-1.5666,12.5839],[-1.556,12.6029],[-1.5568,12.6235],[-1.5701,12.6471],[-1.586,12.6658],[-1.5957,12.6731],[-1.5963,12.7039],[-1.6042,12.721],[-1.637,12.7282],[-1.6485,12.7376],[-1.6547,12.7558],[-1.6637,12.8125],[-1.6606,12.8422],[-1.6644,12.8648],[-1.6805,12.8723],[-1.6944,12.8736],[-1.7052,12.8775],[-1.7315,12.9007],[-1.6647,12.9277],[-1.627,12.9252],[-1.5859,12.9054],[-1.5589,12.8999],[-1.5526,12.9041],[-1.5361,12.8954],[-1.5096,12.8779],[-1.4857,12.8652],[-1.4596,12.8669],[-1.4241,12.8654],[-1.3898,12.8582],[-1.3722,12.858],[-1.3608,12.8432],[-1.3483,12.8234],[-1.317,12.8129],[-1.2666,12.8009],[-1.2175,12.7774],[-1.1717,12.7433],[-1.1505,12.7079],[-1.1517,12.6973],[-1.1483,12.6942],[-1.1409,12.6919],[-1.1337,12.6864],[-1.1306,12.6737],[-1.1367,12.6642],[-1.1478,12.6542],[-1.1537,12.6434],[-1.1443,12.6321],[-1.1322,12.6304],[-1.1262,12.6391],[-1.1241,12.652],[-1.1238,12.6632],[-1.1204,12.6688],[-1.1124,12.6732],[-1.1024,12.6743],[-1.0934,12.67],[-1.0912,12.6649],[-1.0736,12.6639],[-1.0303,12.6657],[-0.9869,12.6432],[-0.9206,12.5619],[-0.8697,12.5309],[-0.84,12.5242],[-0.8398,12.5055],[-0.8493,12.4834],[-0.8779,12.47],[-0.9103,12.4662]]]}},{"type":"Feature","properties":{"id":"BFA-2805","name":"Oudalan","nameBn":"ওউদালান প্রদেশ","type":"Province","bounds":[-1.0431,14.1426,0.2208,15.0799],"center":[-0.4116,14.5769]},"geometry":{"type":"Polygon","coordinates":[[[-0.4679,15.0799],[-0.4586,15.0755],[-0.4356,15.0152],[-0.4257,15.0026],[-0.3977,15.0021],[-0.3615,15.0177],[-0.2992,15.0547],[-0.2367,15.0656],[-0.167,15.0497],[-0.0334,14.9959],[-0.0332,14.9959],[0.2185,14.911],[0.2208,14.8882],[0.2119,14.8748],[0.198,14.8638],[0.1858,14.8482],[0.1841,14.8196],[0.2131,14.7616],[0.2197,14.7312],[0.1529,14.5467],[0.1588,14.4961],[0.1887,14.4477],[0.2024,14.4355],[0.2022,14.4353],[0.1798,14.4097],[0.1599,14.4001],[0.1424,14.3989],[0.1114,14.3198],[0.0882,14.2957],[0.0679,14.2634],[-0.001,14.1852],[-0.0301,14.1775],[-0.0731,14.1875],[-0.1244,14.1881],[-0.17,14.1805],[-0.2081,14.1889],[-0.2474,14.1935],[-0.3181,14.1599],[-0.5037,14.1429],[-0.5669,14.1426],[-0.5851,14.1489],[-0.6121,14.176],[-0.626,14.219],[-0.6353,14.3253],[-0.6479,14.3376],[-0.6638,14.3501],[-0.6867,14.3759],[-0.7116,14.4205],[-0.7848,14.4898],[-0.7856,14.5137],[-0.796,14.5423],[-0.821,14.5859],[-0.8838,14.6716],[-0.9152,14.6912],[-0.9634,14.7542],[-1.0219,14.7966],[-1.0431,14.8181],[-0.8364,14.996],[-0.8362,14.9961],[-0.7828,15.0484],[-0.7713,15.0566],[-0.7529,15.0697],[-0.7197,15.0785],[-0.5003,15.0797],[-0.4679,15.0799]]]}},{"type":"Feature","properties":{"id":"BFA-2817","name":"Passoré","nameBn":"প্যাসেরে প্রদেশ","type":"Province","bounds":[-2.7108,12.6157,-1.5025,13.1415],"center":[-2.1066,12.8734]},"geometry":{"type":"Polygon","coordinates":[[[-2.4766,12.7006],[-2.5066,12.7045],[-2.511,12.7265],[-2.5014,12.7516],[-2.4865,12.7744],[-2.4913,12.7995],[-2.5104,12.8132],[-2.5234,12.8142],[-2.535,12.8117],[-2.5552,12.796],[-2.5689,12.7833],[-2.5981,12.761],[-2.6371,12.7362],[-2.6707,12.7742],[-2.7003,12.7979],[-2.7108,12.8084],[-2.7096,12.8404],[-2.6965,12.907],[-2.6902,12.927],[-2.6877,12.9345],[-2.6856,12.9563],[-2.6859,12.9705],[-2.6646,12.9655],[-2.6182,12.9619],[-2.565,12.9633],[-2.5279,12.9582],[-2.4929,12.9613],[-2.4461,12.9702],[-2.4177,12.9784],[-2.3699,13.0292],[-2.3309,13.0517],[-2.2365,13.0913],[-2.2015,13.0834],[-2.161,13.0661],[-2.129,13.0643],[-2.103,13.0508],[-2.0902,13.0294],[-2.0778,13.0322],[-2.0182,13.0294],[-2.0052,13.0384],[-1.9929,13.0567],[-1.9796,13.0709],[-1.9636,13.0675],[-1.9455,13.0612],[-1.9218,13.0662],[-1.9049,13.11],[-1.895,13.1269],[-1.8703,13.1415],[-1.8468,13.1282],[-1.8295,13.0979],[-1.7778,13.1041],[-1.742,13.1224],[-1.735,13.1159],[-1.6945,13.0835],[-1.6765,13.0579],[-1.6573,13.0372],[-1.6439,13.0294],[-1.6291,13.0344],[-1.6208,13.0346],[-1.6172,13.0263],[-1.6147,13.0173],[-1.6088,13.0157],[-1.602,13.0187],[-1.5967,13.0232],[-1.5893,13.0232],[-1.573,13.0049],[-1.557,12.9971],[-1.5114,12.9958],[-1.5025,12.994],[-1.5308,12.9494],[-1.5427,12.911],[-1.5526,12.9041],[-1.5589,12.8999],[-1.5859,12.9054],[-1.627,12.9252],[-1.6647,12.9277],[-1.7315,12.9007],[-1.8609,12.8699],[-1.9407,12.797],[-1.961,12.7609],[-1.9639,12.7238],[-1.95,12.6913],[-1.9411,12.6773],[-1.9532,12.6689],[-1.9722,12.672],[-1.987,12.697],[-2.0091,12.7076],[-2.0576,12.708],[-2.0698,12.699],[-2.0873,12.692],[-2.1479,12.6985],[-2.1775,12.6976],[-2.2409,12.6822],[-2.2722,12.6716],[-2.2902,12.6591],[-2.2977,12.6555],[-2.3103,12.6481],[-2.3157,12.649],[-2.3628,12.6334],[-2.3799,12.6299],[-2.4052,12.6221],[-2.4372,12.6157],[-2.4507,12.6182],[-2.4575,12.6346],[-2.4436,12.6608],[-2.4187,12.6816],[-2.4112,12.6967],[-2.4334,12.7033],[-2.4766,12.7006]]]}},{"type":"Feature","properties":{"id":"BFA-2837","name":"Poni","nameBn":"পনি প্রদেশ","type":"Province","bounds":[-3.9904,9.8411,-2.7544,10.7446],"center":[-3.3401,10.251]},"geometry":{"type":"Polygon","coordinates":[[[-3.6063,9.9182],[-3.6233,9.9217],[-3.634,9.9292],[-3.6405,9.9374],[-3.6482,9.9446],[-3.6617,9.9489],[-3.665,9.9466],[-3.6743,9.9353],[-3.6796,9.9322],[-3.6859,9.9335],[-3.699,9.9408],[-3.7065,9.9418],[-3.755,9.9359],[-3.7696,9.9313],[-3.7797,9.9247],[-3.7958,9.9077],[-3.8043,9.9014],[-3.8235,9.8957],[-3.8897,9.8945],[-3.8916,9.8939],[-3.8916,9.8942],[-3.8915,9.8996],[-3.8912,9.9155],[-3.8939,9.9349],[-3.9237,9.9662],[-3.9813,10.0119],[-3.9904,10.0379],[-3.9872,10.0519],[-3.9761,10.0837],[-3.9677,10.0995],[-3.9455,10.1006],[-3.9159,10.094],[-3.8925,10.0934],[-3.8496,10.1064],[-3.8172,10.1236],[-3.8059,10.1374],[-3.7877,10.1761],[-3.756,10.2196],[-3.7491,10.2372],[-3.7512,10.2542],[-3.758,10.2718],[-3.7647,10.3056],[-3.7689,10.3193],[-3.7772,10.3341],[-3.7774,10.3506],[-3.7723,10.3574],[-3.7676,10.365],[-3.739,10.4007],[-3.7283,10.4242],[-3.7213,10.4458],[-3.711,10.4572],[-3.7025,10.4635],[-3.698,10.4675],[-3.6974,10.484],[-3.7013,10.5121],[-3.6995,10.5994],[-3.6976,10.6104],[-3.6949,10.62],[-3.6934,10.6368],[-3.6945,10.6441],[-3.64,10.6583],[-3.5983,10.6634],[-3.5585,10.6585],[-3.5265,10.6453],[-3.5085,10.6331],[-3.4956,10.6298],[-3.4754,10.6316],[-3.426,10.649],[-3.3963,10.6473],[-3.3735,10.6368],[-3.3548,10.6246],[-3.3179,10.5926],[-3.2979,10.5986],[-3.2709,10.6146],[-3.2506,10.6218],[-3.2316,10.6259],[-3.1986,10.638],[-3.1292,10.6983],[-3.088,10.7234],[-3.0695,10.7292],[-3.0572,10.735],[-3.0528,10.7406],[-3.0293,10.7446],[-3.0044,10.7427],[-2.9876,10.7238],[-2.9812,10.7077],[-2.9704,10.698],[-2.9482,10.6984],[-2.9343,10.7018],[-2.9204,10.7108],[-2.92,10.7111],[-2.9189,10.7066],[-2.9169,10.7066],[-2.9126,10.7058],[-2.908,10.7036],[-2.9051,10.6992],[-2.9051,10.6927],[-2.9073,10.6883],[-2.9102,10.6845],[-2.9163,10.6681],[-2.9297,10.6442],[-2.9325,10.6343],[-2.9283,10.6152],[-2.8983,10.5626],[-2.8959,10.5528],[-2.8942,10.5314],[-2.8915,10.5217],[-2.8869,10.5158],[-2.8734,10.5025],[-2.8704,10.4978],[-2.8674,10.4782],[-2.8596,10.4656],[-2.8244,10.435],[-2.8121,10.4288],[-2.7959,10.4261],[-2.7714,10.4255],[-2.7676,10.4212],[-2.7719,10.4118],[-2.781,10.4024],[-2.792,10.3982],[-2.8049,10.3971],[-2.8146,10.3937],[-2.8223,10.3876],[-2.8295,10.3783],[-2.8363,10.3637],[-2.8413,10.3433],[-2.8413,10.3223],[-2.8332,10.306],[-2.8244,10.3022],[-2.8142,10.3011],[-2.8057,10.299],[-2.8021,10.2923],[-2.7997,10.2809],[-2.7932,10.2785],[-2.7845,10.2788],[-2.7748,10.2752],[-2.7649,10.2691],[-2.7584,10.2661],[-2.7549,10.2608],[-2.7544,10.248],[-2.7577,10.2346],[-2.7651,10.2258],[-2.7854,10.2101],[-2.7985,10.1895],[-2.7989,10.1696],[-2.7885,10.1244],[-2.7885,10.0924],[-2.8303,10.1014],[-2.8627,10.1102],[-2.8922,10.1014],[-2.9099,10.0689],[-2.9187,10.0188],[-2.9393,10.0041],[-2.9806,10.01],[-3.0219,10.0424],[-3.0514,10.0748],[-3.1015,10.0748],[-3.1546,10.0778],[-3.1841,10.0542],[-3.1811,10.0041],[-3.2076,9.9628],[-3.2026,9.9082],[-3.2148,9.9156],[-3.2302,9.9047],[-3.2641,9.8571],[-3.2779,9.8435],[-3.3017,9.8411],[-3.3118,9.8541],[-3.3136,9.8746],[-3.3127,9.8945],[-3.3172,9.9013],[-3.3275,9.8973],[-3.3392,9.8901],[-3.3483,9.887],[-3.359,9.8925],[-3.3766,9.9085],[-3.3892,9.9132],[-3.5465,9.9261],[-3.6063,9.9182]]]}},{"type":"Feature","properties":{"id":"BFA-2819","name":"Sanguié","nameBn":"সাঙ্গুই প্রদেশ","type":"Province","bounds":[-2.9237,11.6099,-2.2222,12.8142],"center":[-2.573,12.2508]},"geometry":{"type":"Polygon","coordinates":[[[-2.8811,12.0077],[-2.8853,12.0083],[-2.8872,12.0112],[-2.8921,12.022],[-2.9089,12.0327],[-2.9163,12.0413],[-2.9194,12.053],[-2.9173,12.0642],[-2.9079,12.0823],[-2.9058,12.0878],[-2.8964,12.1038],[-2.875,12.0995],[-2.8194,12.0662],[-2.8079,12.0643],[-2.8027,12.0741],[-2.8007,12.0846],[-2.7928,12.109],[-2.7925,12.1151],[-2.8057,12.1304],[-2.8166,12.15],[-2.8234,12.1719],[-2.8239,12.1871],[-2.8308,12.2135],[-2.8441,12.2299],[-2.8819,12.2594],[-2.8873,12.2775],[-2.8815,12.3011],[-2.869,12.3217],[-2.8375,12.3392],[-2.8366,12.3588],[-2.8406,12.3669],[-2.7643,12.4348],[-2.7204,12.5116],[-2.7277,12.5341],[-2.7405,12.5601],[-2.7513,12.5918],[-2.7477,12.6219],[-2.7335,12.6413],[-2.7179,12.6572],[-2.6908,12.6738],[-2.6661,12.693],[-2.6371,12.7362],[-2.5981,12.761],[-2.5689,12.7833],[-2.5552,12.796],[-2.535,12.8117],[-2.5234,12.8142],[-2.5104,12.8132],[-2.4913,12.7995],[-2.4865,12.7744],[-2.5014,12.7516],[-2.511,12.7265],[-2.5066,12.7045],[-2.4766,12.7006],[-2.4334,12.7033],[-2.4112,12.6967],[-2.4187,12.6816],[-2.4436,12.6608],[-2.4575,12.6346],[-2.4507,12.6182],[-2.4372,12.6157],[-2.4052,12.6221],[-2.3799,12.6299],[-2.3628,12.6334],[-2.3157,12.649],[-2.3103,12.6481],[-2.3057,12.6352],[-2.2942,12.6109],[-2.2813,12.5913],[-2.2696,12.5949],[-2.2569,12.6153],[-2.2339,12.6312],[-2.2222,12.6124],[-2.2358,12.5704],[-2.2594,12.5331],[-2.3258,12.4906],[-2.3488,12.4648],[-2.3831,12.4483],[-2.4153,12.445],[-2.4241,12.4265],[-2.4189,12.4086],[-2.4105,12.3984],[-2.3957,12.2871],[-2.3961,12.2251],[-2.4209,12.1957],[-2.4612,12.174],[-2.4757,12.1555],[-2.4501,12.133],[-2.4317,12.1082],[-2.4532,12.0823],[-2.4732,12.0655],[-2.4815,12.0601],[-2.4812,12.0386],[-2.4706,12.0038],[-2.4442,11.9944],[-2.4125,11.9902],[-2.3687,11.951],[-2.3461,11.9387],[-2.3138,11.9459],[-2.2712,11.9664],[-2.2403,11.965],[-2.2458,11.9387],[-2.2564,11.9132],[-2.2533,11.9019],[-2.2792,11.8974],[-2.3496,11.877],[-2.3819,11.873],[-2.4183,11.8617],[-2.5117,11.8094],[-2.5364,11.7906],[-2.5547,11.7611],[-2.572,11.7257],[-2.5816,11.6855],[-2.5821,11.6355],[-2.5935,11.6118],[-2.6584,11.613],[-2.6801,11.6099],[-2.6863,11.6127],[-2.7044,11.6338],[-2.762,11.7193],[-2.7612,11.7247],[-2.7731,11.7526],[-2.8013,11.7629],[-2.8614,11.7619],[-2.8902,11.767],[-2.9148,11.78],[-2.9237,11.7976],[-2.9058,11.8165],[-2.898,11.8155],[-2.8863,11.8118],[-2.8757,11.8115],[-2.871,11.8203],[-2.8319,11.8675],[-2.831,11.8815],[-2.8408,11.8932],[-2.858,11.9059],[-2.8785,11.9301],[-2.8763,11.9396],[-2.867,11.9575],[-2.8648,11.9643],[-2.8631,11.9762],[-2.8603,11.9859],[-2.8597,11.9958],[-2.8648,12.0083],[-2.8684,12.0093],[-2.8811,12.0077]]]}},{"type":"Feature","properties":{"id":"BFA-2825","name":"Sanmatenga","nameBn":"স্যান্মাটেঙ্গা প্রদেশ","type":"Province","bounds":[-1.5526,12.5242,-0.6083,13.9709],"center":[-1.0804,13.227]},"geometry":{"type":"Polygon","coordinates":[[[-0.6726,12.6763],[-0.6968,12.6794],[-0.7353,12.6747],[-0.7501,12.6505],[-0.7447,12.6159],[-0.7442,12.5925],[-0.7767,12.5631],[-0.816,12.5372],[-0.84,12.5242],[-0.8697,12.5309],[-0.9206,12.5619],[-0.9869,12.6432],[-1.0303,12.6657],[-1.0736,12.6639],[-1.0912,12.6649],[-1.0934,12.67],[-1.1024,12.6743],[-1.1124,12.6732],[-1.1204,12.6688],[-1.1238,12.6632],[-1.1241,12.652],[-1.1262,12.6391],[-1.1322,12.6304],[-1.1443,12.6321],[-1.1537,12.6434],[-1.1478,12.6542],[-1.1367,12.6642],[-1.1306,12.6737],[-1.1337,12.6864],[-1.1409,12.6919],[-1.1483,12.6942],[-1.1517,12.6973],[-1.1505,12.7079],[-1.1717,12.7433],[-1.2175,12.7774],[-1.2666,12.8009],[-1.317,12.8129],[-1.3483,12.8234],[-1.3608,12.8432],[-1.3722,12.858],[-1.3898,12.8582],[-1.4241,12.8654],[-1.4596,12.8669],[-1.4857,12.8652],[-1.5096,12.8779],[-1.5361,12.8954],[-1.5526,12.9041],[-1.5427,12.911],[-1.5308,12.9494],[-1.5025,12.994],[-1.5039,13.0139],[-1.5237,13.047],[-1.5217,13.0779],[-1.488,13.11],[-1.431,13.1302],[-1.3759,13.1405],[-1.334,13.14],[-1.2993,13.1354],[-1.2959,13.1615],[-1.3028,13.2045],[-1.2988,13.2291],[-1.2823,13.2589],[-1.2769,13.2868],[-1.3027,13.3416],[-1.3395,13.3835],[-1.3582,13.4233],[-1.3323,13.4552],[-1.3212,13.4939],[-1.3348,13.5383],[-1.3358,13.562],[-1.3216,13.5784],[-1.3065,13.6072],[-1.289,13.6501],[-1.2984,13.6838],[-1.3331,13.739],[-1.2915,13.7422],[-1.2482,13.7537],[-1.2035,13.7608],[-1.1519,13.7614],[-1.0763,13.7914],[-1.052,13.7875],[-0.9808,13.8225],[-0.8519,13.8513],[-0.7106,13.9213],[-0.6581,13.9701],[-0.642,13.9709],[-0.6384,13.9622],[-0.6288,13.9442],[-0.6156,13.9288],[-0.6083,13.9226],[-0.6567,13.885],[-0.6672,13.8519],[-0.662,13.7981],[-0.6727,13.7324],[-0.6928,13.6988],[-0.7146,13.6909],[-0.7379,13.6739],[-0.7503,13.6416],[-0.7486,13.5846],[-0.7237,13.4761],[-0.7071,13.4468],[-0.6884,13.4303],[-0.6761,13.3609],[-0.6607,13.3098],[-0.65,13.2547],[-0.6562,13.2015],[-0.6764,13.1442],[-0.6828,13.0822],[-0.6758,13.0225],[-0.6813,12.9855],[-0.6933,12.9663],[-0.7212,12.9601],[-0.7895,13.0003],[-0.8053,12.9949],[-0.8114,12.9818],[-0.8061,12.9531],[-0.7838,12.8987],[-0.7467,12.8407],[-0.7011,12.7912],[-0.6757,12.7386],[-0.6726,12.6763]]]}},{"type":"Feature","properties":{"id":"BFA-2820","name":"Sissili","nameBn":"সিসিলি প্রদেশ","type":"Province","bounds":[-2.8042,10.9861,-1.4136,11.9095],"center":[-2.1089,11.1806]},"geometry":{"type":"Polygon","coordinates":[[[-1.4136,11.014],[-1.4236,11.0179],[-1.4361,11.0227],[-1.5624,11.0266],[-1.5798,11.0212],[-1.587,11.0037],[-1.5987,10.9971],[-1.7541,10.9956],[-1.9729,10.9935],[-2.1979,10.9913],[-2.4398,10.9889],[-2.635,10.987],[-2.7288,10.9861],[-2.7288,10.9862],[-2.7284,10.9965],[-2.7274,11.0077],[-2.7227,11.0245],[-2.7141,11.0403],[-2.7003,11.0499],[-2.6664,11.0505],[-2.6534,11.0555],[-2.6462,11.0702],[-2.6402,11.0889],[-2.6367,11.1103],[-2.6482,11.1321],[-2.6674,11.1501],[-2.7145,11.1844],[-2.7334,11.1864],[-2.7553,11.1497],[-2.7676,11.1439],[-2.7791,11.1367],[-2.7891,11.1388],[-2.7881,11.159],[-2.7959,11.2176],[-2.8042,11.2334],[-2.8002,11.2429],[-2.7826,11.2817],[-2.7674,11.301],[-2.7431,11.3246],[-2.7163,11.3348],[-2.6896,11.3282],[-2.6595,11.3242],[-2.6239,11.3233],[-2.6006,11.3416],[-2.5818,11.3607],[-2.556,11.365],[-2.5386,11.3738],[-2.5249,11.389],[-2.5253,11.4109],[-2.5428,11.43],[-2.6236,11.48],[-2.6518,11.5013],[-2.6659,11.5163],[-2.6705,11.5814],[-2.6766,11.6026],[-2.6801,11.6099],[-2.6584,11.613],[-2.5935,11.6118],[-2.5821,11.6355],[-2.5816,11.6855],[-2.572,11.7257],[-2.5547,11.7611],[-2.5364,11.7906],[-2.5117,11.8094],[-2.4183,11.8617],[-2.3819,11.873],[-2.3496,11.877],[-2.2792,11.8974],[-2.2533,11.9019],[-2.2396,11.9095],[-2.2314,11.8766],[-2.2253,11.8242],[-2.2305,11.8116],[-2.2316,11.7945],[-2.222,11.7707],[-2.2203,11.7479],[-2.2232,11.7263],[-2.2443,11.7157],[-2.2863,11.7165],[-2.3231,11.7234],[-2.3401,11.7204],[-2.35,11.6035],[-2.3488,11.5727],[-2.3356,11.5453],[-2.311,11.5254],[-2.2858,11.5164],[-2.2369,11.5187],[-2.2108,11.5161],[-2.1906,11.5042],[-2.1719,11.4878],[-2.1605,11.4758],[-2.1597,11.4711],[-2.1589,11.4575],[-2.1526,11.4298],[-2.137,11.4013],[-2.1176,11.3765],[-2.0971,11.3588],[-2.0774,11.3466],[-2.0543,11.3382],[-2.0422,11.322],[-2.0378,11.3042],[-2.0213,11.2938],[-2.0012,11.2881],[-1.9849,11.2866],[-1.9748,11.2928],[-1.9628,11.3165],[-1.9485,11.3334],[-1.9183,11.3587],[-1.8708,11.3462],[-1.8624,11.3371],[-1.8583,11.3206],[-1.8482,11.3076],[-1.8311,11.2908],[-1.8054,11.288],[-1.7873,11.2965],[-1.771,11.3063],[-1.743,11.3281],[-1.7229,11.3527],[-1.6962,11.3669],[-1.6778,11.3685],[-1.6625,11.3684],[-1.6362,11.363],[-1.6252,11.3492],[-1.6203,11.3382],[-1.5881,11.3224],[-1.5891,11.3122],[-1.5889,11.2712],[-1.5994,11.2559],[-1.6094,11.2293],[-1.615,11.2036],[-1.6291,11.1856],[-1.645,11.1608],[-1.6386,11.1411],[-1.6129,11.1301],[-1.5938,11.1146],[-1.5775,11.1051],[-1.5637,11.0997],[-1.5497,11.0919],[-1.5067,11.0759],[-1.4689,11.0779],[-1.4636,11.0678],[-1.4608,11.0524],[-1.4447,11.0435],[-1.4249,11.0473],[-1.4138,11.0274],[-1.4136,11.014]]]}},{"type":"Feature","properties":{"id":"BFA-2806","name":"Soum","nameBn":"সোয়াম","type":"Province","bounds":[-2.085,13.7293,-0.5508,14.8181],"center":[-1.318,14.2352]},"geometry":{"type":"Polygon","coordinates":[[[-1.837,14.4796],[-1.7667,14.4832],[-1.6969,14.4961],[-1.3503,14.715],[-1.3077,14.7347],[-1.1167,14.7804],[-1.0786,14.7964],[-1.0433,14.8179],[-1.0431,14.8181],[-1.0219,14.7966],[-0.9634,14.7542],[-0.9152,14.6912],[-0.8838,14.6716],[-0.821,14.5859],[-0.796,14.5423],[-0.7856,14.5137],[-0.7848,14.4898],[-0.7116,14.4205],[-0.6867,14.3759],[-0.6638,14.3501],[-0.6479,14.3376],[-0.6353,14.3253],[-0.626,14.219],[-0.6121,14.176],[-0.5851,14.1489],[-0.5669,14.1426],[-0.558,14.1275],[-0.5508,14.0924],[-0.5577,14.0479],[-0.571,14.0086],[-0.598,13.9831],[-0.6296,13.9716],[-0.642,13.9709],[-0.6581,13.9701],[-0.7106,13.9213],[-0.8519,13.8513],[-0.9808,13.8225],[-1.052,13.7875],[-1.0763,13.7914],[-1.1519,13.7614],[-1.2035,13.7608],[-1.2482,13.7537],[-1.2915,13.7422],[-1.3331,13.739],[-1.337,13.7449],[-1.3667,13.7562],[-1.4183,13.7678],[-1.4731,13.7919],[-1.5106,13.8328],[-1.5233,13.881],[-1.5348,13.9027],[-1.6159,13.8614],[-1.6564,13.8571],[-1.6969,13.8256],[-1.747,13.7293],[-1.7831,13.7631],[-1.8149,13.7993],[-1.8706,13.8982],[-1.8732,13.9378],[-1.8647,13.9772],[-1.8638,13.9941],[-1.9237,14.026],[-2.0085,14.0863],[-2.0398,14.1027],[-2.085,14.1597],[-2.0359,14.1812],[-2.0273,14.1881],[-2.0234,14.1986],[-2.005,14.4442],[-1.9971,14.4707],[-1.967,14.4837],[-1.9191,14.4859],[-1.837,14.4796]]]}},{"type":"Feature","properties":{"id":"BFA-2808","name":"Sourou","nameBn":"সৌরু প্রদেশ","type":"Province","bounds":[-3.4768,12.7865,-2.4426,13.717],"center":[-2.9597,13.2875]},"geometry":{"type":"Polygon","coordinates":[[[-2.9723,13.6245],[-2.965,13.6257],[-2.9305,13.6385],[-2.9287,13.6362],[-2.9222,13.6263],[-2.9011,13.5992],[-2.8597,13.5578],[-2.8254,13.5414],[-2.7313,13.5202],[-2.7076,13.5069],[-2.6975,13.4857],[-2.6812,13.4716],[-2.6594,13.4669],[-2.6404,13.4579],[-2.6319,13.448],[-2.6286,13.4257],[-2.6288,13.4073],[-2.6243,13.3608],[-2.5976,13.3142],[-2.5906,13.2931],[-2.569,13.279],[-2.5422,13.2661],[-2.5158,13.2647],[-2.4917,13.2701],[-2.4618,13.2648],[-2.4426,13.2531],[-2.4526,13.2247],[-2.4969,13.1652],[-2.5277,13.1138],[-2.549,13.0906],[-2.5837,13.0818],[-2.6162,13.0829],[-2.6609,13.0902],[-2.6829,13.0858],[-2.6958,13.0582],[-2.6961,13.0196],[-2.6859,12.9705],[-2.6856,12.9563],[-2.6877,12.9345],[-2.6902,12.927],[-2.7246,12.9338],[-2.7399,12.9354],[-2.7649,12.9301],[-2.7958,12.8999],[-2.8239,12.8947],[-2.8583,12.8974],[-2.889,12.9043],[-2.9153,12.917],[-2.9382,12.9341],[-2.9704,12.9537],[-3.0016,12.9531],[-3.0217,12.9319],[-3.0377,12.9276],[-3.0585,12.9414],[-3.0828,12.9493],[-3.1054,12.9483],[-3.1285,12.9442],[-3.1469,12.9467],[-3.1624,12.9651],[-3.1765,12.9896],[-3.1915,12.9994],[-3.2737,12.9828],[-3.2979,12.963],[-3.3017,12.9416],[-3.3115,12.9279],[-3.367,12.898],[-3.3875,12.8787],[-3.3971,12.8598],[-3.4037,12.813],[-3.4173,12.7945],[-3.4262,12.7865],[-3.4326,12.7926],[-3.4483,12.8125],[-3.4608,12.8417],[-3.4722,12.9506],[-3.4623,13.0076],[-3.4768,13.0717],[-3.4689,13.1454],[-3.4689,13.16],[-3.4739,13.1676],[-3.4616,13.1658],[-3.4495,13.1688],[-3.4395,13.1849],[-3.4406,13.2028],[-3.4523,13.2375],[-3.4485,13.2658],[-3.4265,13.2742],[-3.2624,13.2839],[-3.2486,13.2928],[-3.284,13.5422],[-3.2692,13.5791],[-3.2639,13.6027],[-3.2597,13.6583],[-3.2663,13.6823],[-3.287,13.6978],[-3.2671,13.717],[-3.2404,13.708],[-3.1958,13.6749],[-3.1679,13.6721],[-3.146,13.6767],[-3.1251,13.6773],[-3.1,13.6627],[-3.0822,13.6462],[-3.0773,13.6368],[-3.0745,13.6221],[-3.0675,13.6068],[-3.056,13.6108],[-3.0386,13.6296],[-3.027,13.6353],[-3.0191,13.6375],[-2.9948,13.635],[-2.9864,13.6321],[-2.9793,13.6276],[-2.9723,13.6245]]]}},{"type":"Feature","properties":{"id":"BFA-2876","name":"Séno","nameBn":"সেনো প্রদেশ","type":"Province","bounds":[-0.642,13.4966,0.4999,14.4355],"center":[-0.0711,13.8673]},"geometry":{"type":"Polygon","coordinates":[[[0.2024,14.4355],[0.3464,14.3076],[0.3888,14.2516],[0.3916,14.2459],[0.3906,14.2376],[0.3811,14.2257],[0.3774,14.2166],[0.3722,14.1856],[0.3674,14.1738],[0.3435,14.1375],[0.3392,14.1258],[0.3436,14.1143],[0.3563,14.0957],[0.3625,14.0889],[0.3687,14.0842],[0.3742,14.0789],[0.3785,14.0704],[0.3773,14.0639],[0.3691,14.0479],[0.3692,14.0391],[0.3784,14.0288],[0.3914,14.0226],[0.4019,14.0138],[0.4039,13.9961],[0.4119,13.9784],[0.4284,13.9675],[0.4459,13.9586],[0.4567,13.9468],[0.4563,13.9381],[0.4481,13.9201],[0.4486,13.9096],[0.4548,13.9024],[0.4757,13.8889],[0.4835,13.8803],[0.492,13.8618],[0.4999,13.851],[0.4997,13.8506],[0.4942,13.8388],[0.4853,13.8287],[0.4682,13.813],[0.4452,13.8016],[0.4002,13.8001],[0.3877,13.7843],[0.3759,13.7621],[0.3585,13.7496],[0.3134,13.7481],[0.2687,13.7315],[0.2542,13.7131],[0.2472,13.6986],[0.2419,13.6844],[0.2215,13.669],[0.1955,13.6657],[0.1779,13.6559],[0.1659,13.6424],[0.1514,13.6295],[0.1294,13.6185],[0.1166,13.6145],[0.1065,13.6103],[0.0896,13.6002],[0.0615,13.5782],[0.0138,13.5616],[-0.0149,13.5483],[-0.0581,13.5419],[-0.0943,13.5574],[-0.1376,13.5704],[-0.1719,13.5714],[-0.1886,13.5479],[-0.2094,13.5121],[-0.2263,13.4966],[-0.2454,13.5316],[-0.2401,13.5614],[-0.2224,13.5887],[-0.2196,13.6165],[-0.263,13.6277],[-0.3287,13.6309],[-0.3683,13.6514],[-0.3953,13.6835],[-0.4223,13.7054],[-0.4447,13.7394],[-0.4518,13.7854],[-0.4665,13.8177],[-0.5236,13.8781],[-0.5517,13.899],[-0.5906,13.917],[-0.6083,13.9226],[-0.6156,13.9288],[-0.6288,13.9442],[-0.6384,13.9622],[-0.642,13.9709],[-0.6296,13.9716],[-0.598,13.9831],[-0.571,14.0086],[-0.5577,14.0479],[-0.5508,14.0924],[-0.558,14.1275],[-0.5669,14.1426],[-0.5037,14.1429],[-0.3181,14.1599],[-0.2474,14.1935],[-0.2081,14.1889],[-0.17,14.1805],[-0.1244,14.1881],[-0.0731,14.1875],[-0.0301,14.1775],[-0.001,14.1852],[0.0679,14.2634],[0.0882,14.2957],[0.1114,14.3198],[0.1424,14.3989],[0.1599,14.4001],[0.1798,14.4097],[0.2022,14.4353],[0.2024,14.4355]]]}},{"type":"Feature","properties":{"id":"BFA-2878","name":"Tapoa","nameBn":"তাপোয়া প্রদেশ","type":"Province","bounds":[1.1998,11.3887,2.3902,12.8385],"center":[1.7947,12.0191]},"geometry":{"type":"Polygon","coordinates":[[[2.3902,11.8965],[2.3541,11.7998],[2.34,11.7739],[2.3016,11.7315],[2.2908,11.7032],[2.2902,11.6857],[2.2911,11.6748],[2.2874,11.6653],[2.2736,11.6521],[2.2201,11.6225],[2.147,11.5637],[2.0154,11.4316],[2.0108,11.4269],[1.9834,11.414],[1.948,11.4167],[1.9058,11.4328],[1.8798,11.4449],[1.8676,11.4466],[1.858,11.4403],[1.8406,11.4455],[1.8215,11.4416],[1.7822,11.426],[1.7633,11.4247],[1.7191,11.4278],[1.7035,11.4229],[1.6844,11.4139],[1.6382,11.4042],[1.6211,11.3953],[1.6016,11.3887],[1.5806,11.4271],[1.5632,11.426],[1.565,11.4326],[1.5673,11.4467],[1.5693,11.4533],[1.4753,11.4608],[1.456,11.4647],[1.4396,11.4738],[1.4338,11.4594],[1.4236,11.4539],[1.4232,11.4537],[1.423,11.454],[1.4217,11.4552],[1.4109,11.4664],[1.3393,11.5236],[1.2622,11.5727],[1.2328,11.6151],[1.2374,11.7006],[1.2299,11.7165],[1.2459,11.727],[1.2678,11.765],[1.2794,11.8075],[1.2941,11.8445],[1.3042,11.8929],[1.304,11.9445],[1.3302,12.1084],[1.3311,12.1393],[1.3028,12.1494],[1.2671,12.1555],[1.2237,12.1782],[1.2007,12.2302],[1.2121,12.2733],[1.2186,12.3174],[1.2003,12.4175],[1.1998,12.4715],[1.2197,12.5155],[1.2427,12.5551],[1.2643,12.6462],[1.2726,12.6685],[1.28,12.7008],[1.2687,12.731],[1.264,12.7559],[1.2688,12.7737],[1.3047,12.8382],[1.3048,12.8385],[1.3306,12.8172],[1.412,12.7499],[1.4671,12.7044],[1.5359,12.6475],[1.5639,12.6321],[1.597,12.6237],[1.6995,12.6149],[1.8261,12.6042],[1.8437,12.6061],[1.8607,12.6171],[1.8727,12.6342],[1.8832,12.654],[1.9002,12.6785],[1.907,12.6918],[1.9114,12.6966],[1.9196,12.6983],[1.9266,12.695],[1.9345,12.6935],[1.9455,12.7008],[1.9625,12.7191],[1.9717,12.7242],[2.0689,12.7163],[2.109,12.7056],[2.1352,12.6756],[2.141,12.6561],[2.1448,12.6508],[2.1555,12.64],[2.166,12.6317],[2.1843,12.6206],[2.1933,12.6095],[2.2,12.5959],[2.2032,12.5833],[2.2109,12.5231],[2.2157,12.5103],[2.2239,12.4948],[2.2296,12.4871],[2.2423,12.4735],[2.2463,12.4659],[2.2463,12.4617],[2.2431,12.4512],[2.243,12.4462],[2.245,12.4242],[2.2379,12.4135],[2.2233,12.4097],[2.1638,12.4048],[2.1588,12.4057],[2.148,12.4108],[2.145,12.4117],[2.1387,12.4083],[2.1315,12.3985],[2.1269,12.3951],[2.0693,12.3833],[2.0542,12.3709],[2.0518,12.3419],[2.0709,12.3069],[2.1138,12.248],[2.1885,12.1455],[2.2588,12.0488],[2.3381,11.9401],[2.3902,11.8965]]]}},{"type":"Feature","properties":{"id":"BFA-2834","name":"Tuy","nameBn":"তুয় প্রদেশ","type":"Province","bounds":[-3.9907,10.9688,-2.8284,11.8511],"center":[-3.4095,11.3659]},"geometry":{"type":"Polygon","coordinates":[[[-3.5871,11.757],[-3.5451,11.729],[-3.5084,11.7115],[-3.4463,11.7004],[-3.4139,11.6877],[-3.3962,11.6784],[-3.3918,11.6708],[-3.3983,11.6577],[-3.4199,11.6003],[-3.4127,11.5879],[-3.3802,11.5793],[-3.3669,11.5646],[-3.352,11.5552],[-3.3289,11.5519],[-3.3098,11.5462],[-3.3039,11.5393],[-3.3046,11.5026],[-3.2977,11.4797],[-3.2771,11.4594],[-3.2511,11.4682],[-3.2302,11.4856],[-3.2144,11.4775],[-3.197,11.4834],[-3.1768,11.5044],[-3.1543,11.5167],[-3.1308,11.5235],[-3.1082,11.5368],[-3.0757,11.5633],[-3.064,11.57],[-3.05,11.5739],[-3.0256,11.5714],[-2.9992,11.5572],[-2.9805,11.5405],[-2.9618,11.534],[-2.9431,11.5383],[-2.9297,11.5432],[-2.9157,11.5392],[-2.8991,11.528],[-2.8858,11.5241],[-2.8787,11.531],[-2.8741,11.5407],[-2.8627,11.541],[-2.8488,11.5333],[-2.8293,11.519],[-2.8286,11.5039],[-2.8301,11.4944],[-2.8339,11.4892],[-2.8505,11.4739],[-2.8478,11.4655],[-2.835,11.4497],[-2.8301,11.4404],[-2.8284,11.4301],[-2.8301,11.3954],[-2.8322,11.3845],[-2.8416,11.3656],[-2.8437,11.3544],[-2.8417,11.3219],[-2.8437,11.3101],[-2.8586,11.2877],[-2.8676,11.2908],[-2.9011,11.306],[-2.9379,11.3188],[-2.9788,11.3271],[-3.0052,11.3405],[-3.0429,11.3429],[-3.0836,11.3301],[-3.1155,11.3257],[-3.1313,11.3396],[-3.1571,11.35],[-3.1982,11.3384],[-3.2285,11.3151],[-3.2701,11.2654],[-3.2834,11.2461],[-3.2901,11.2294],[-3.2987,11.1817],[-3.3027,11.1712],[-3.3244,11.1622],[-3.3424,11.1643],[-3.3616,11.1631],[-3.3843,11.1488],[-3.418,11.1434],[-3.4465,11.1623],[-3.4556,11.1433],[-3.4747,11.1325],[-3.4925,11.1306],[-3.5029,11.1246],[-3.5245,11.089],[-3.5364,11.0783],[-3.5549,11.0759],[-3.5614,11.0673],[-3.567,11.0563],[-3.5733,11.0473],[-3.5824,11.0412],[-3.5926,11.0364],[-3.5966,11.0288],[-3.5917,11.0178],[-3.583,11.009],[-3.579,11.0005],[-3.5861,10.9721],[-3.6016,10.9698],[-3.6249,10.9688],[-3.642,10.98],[-3.7008,11.0364],[-3.7203,11.051],[-3.742,11.0704],[-3.763,11.0968],[-3.7901,11.1398],[-3.7973,11.1444],[-3.8015,11.1476],[-3.8308,11.1422],[-3.8595,11.1416],[-3.8756,11.1645],[-3.8817,11.199],[-3.85,11.3312],[-3.8491,11.3594],[-3.8714,11.3621],[-3.8901,11.3807],[-3.8948,11.4184],[-3.9064,11.4664],[-3.9154,11.4775],[-3.9353,11.4928],[-3.9532,11.5129],[-3.9696,11.5401],[-3.9798,11.5727],[-3.9867,11.604],[-3.9907,11.6377],[-3.9578,11.7357],[-3.9626,11.8035],[-3.9552,11.8337],[-3.949,11.8511],[-3.9435,11.8481],[-3.9193,11.8463],[-3.9153,11.8372],[-3.9123,11.827],[-3.8962,11.8156],[-3.878,11.8073],[-3.8735,11.7984],[-3.8763,11.7847],[-3.8722,11.7727],[-3.8597,11.7673],[-3.8427,11.7629],[-3.8208,11.7531],[-3.8022,11.7422],[-3.7877,11.7318],[-3.7731,11.7237],[-3.7511,11.72],[-3.7324,11.7186],[-3.7179,11.7245],[-3.699,11.7374],[-3.6782,11.7474],[-3.6595,11.7519],[-3.597,11.7552],[-3.5871,11.757]]]}},{"type":"Feature","properties":{"id":"BFA-2877","name":"Yagha","nameBn":"ইয়াঘা প্রদেশ","type":"Province","bounds":[0.0615,12.9497,1.2687,13.851],"center":[0.6648,13.3228]},"geometry":{"type":"Polygon","coordinates":[[[0.4999,13.851],[0.5041,13.8454],[0.5193,13.8316],[0.553,13.81],[0.5632,13.7968],[0.5745,13.785],[0.5937,13.7781],[0.6005,13.7687],[0.5945,13.7499],[0.5848,13.729],[0.5805,13.7138],[0.5943,13.6889],[0.6207,13.68],[0.7534,13.6841],[0.7635,13.682],[0.7664,13.6751],[0.7662,13.667],[0.767,13.6609],[0.7663,13.6572],[0.7629,13.653],[0.7637,13.6464],[0.7757,13.6353],[0.7953,13.626],[0.8131,13.625],[0.8507,13.6286],[0.8969,13.6149],[0.951,13.5832],[0.9914,13.5411],[0.9966,13.4961],[1.0153,13.4657],[1.0482,13.4419],[1.1572,13.3926],[1.175,13.3869],[1.2174,13.3818],[1.2343,13.3776],[1.2496,13.3671],[1.2687,13.3461],[1.2415,13.3355],[1.2221,13.3446],[1.2057,13.3589],[1.1877,13.3641],[1.1824,13.3587],[1.1776,13.3476],[1.1676,13.3134],[1.1607,13.3113],[1.1385,13.3204],[1.0847,13.3336],[1.0047,13.3648],[0.9835,13.3684],[0.9704,13.3283],[0.9708,13.2435],[0.9713,13.1494],[0.9717,13.0858],[0.971,13.0855],[0.9524,13.0781],[0.8614,13.0294],[0.842,13.0129],[0.8229,13.0007],[0.7965,13.002],[0.7773,12.9812],[0.7536,12.9629],[0.7245,12.9654],[0.6992,12.9752],[0.6651,12.964],[0.6381,12.9702],[0.6144,12.9555],[0.59,12.9497],[0.5744,12.954],[0.5882,12.9564],[0.5965,12.9722],[0.5847,13.0016],[0.5455,13.0412],[0.5107,13.0859],[0.4837,13.114],[0.4539,13.14],[0.4325,13.1676],[0.302,13.2084],[0.2572,13.2469],[0.2462,13.2825],[0.1838,13.3404],[0.1503,13.3856],[0.1215,13.4484],[0.0885,13.4863],[0.0696,13.4997],[0.0692,13.5274],[0.0655,13.5604],[0.0615,13.5782],[0.0896,13.6002],[0.1065,13.6103],[0.1166,13.6145],[0.1294,13.6185],[0.1514,13.6295],[0.1659,13.6424],[0.1779,13.6559],[0.1955,13.6657],[0.2215,13.669],[0.2419,13.6844],[0.2472,13.6986],[0.2542,13.7131],[0.2687,13.7315],[0.3134,13.7481],[0.3585,13.7496],[0.3759,13.7621],[0.3877,13.7843],[0.4002,13.8001],[0.4452,13.8016],[0.4682,13.813],[0.4853,13.8287],[0.4942,13.8388],[0.4997,13.8506],[0.4999,13.851]]]}},{"type":"Feature","properties":{"id":"BFA-2823","name":"Yatenga","nameBn":"ইয়াটেঙ্গা প্রদেশ","type":"Province","bounds":[-2.9305,13.0294,-1.7199,14.1417],"center":[-2.3253,13.6813]},"geometry":{"type":"Polygon","coordinates":[[[-2.8673,14.0005],[-2.8409,14.043],[-2.6932,14.1232],[-2.6763,14.1417],[-2.6224,14.0929],[-2.5865,14.0461],[-2.5767,14.0203],[-2.578,13.9993],[-2.5685,13.991],[-2.5461,13.9842],[-2.5313,13.9839],[-2.5187,13.9943],[-2.5031,14.0004],[-2.4856,13.995],[-2.4713,13.9983],[-2.4614,14.0137],[-2.444,14.0297],[-2.4198,14.0435],[-2.3864,14.0428],[-2.3533,14.0276],[-2.31,13.9847],[-2.2866,13.9773],[-2.2709,13.9698],[-2.2647,13.9162],[-2.2479,13.8915],[-2.2176,13.8824],[-2.1986,13.8649],[-2.2061,13.8334],[-2.2074,13.8002],[-2.1866,13.7573],[-2.1791,13.7466],[-2.1486,13.6593],[-2.1156,13.528],[-2.0943,13.5232],[-2.0577,13.5257],[-2.0285,13.5228],[-2.0045,13.517],[-1.9524,13.5286],[-1.9209,13.5314],[-1.878,13.5418],[-1.8393,13.464],[-1.8426,13.3642],[-1.8401,13.3406],[-1.8239,13.3193],[-1.8012,13.2955],[-1.7944,13.2775],[-1.7711,13.276],[-1.7464,13.2593],[-1.7298,13.2284],[-1.7205,13.2023],[-1.7199,13.1721],[-1.7269,13.1517],[-1.7401,13.1343],[-1.742,13.1224],[-1.7778,13.1041],[-1.8295,13.0979],[-1.8468,13.1282],[-1.8703,13.1415],[-1.895,13.1269],[-1.9049,13.11],[-1.9218,13.0662],[-1.9455,13.0612],[-1.9636,13.0675],[-1.9796,13.0709],[-1.9929,13.0567],[-2.0052,13.0384],[-2.0182,13.0294],[-2.0778,13.0322],[-2.0902,13.0294],[-2.103,13.0508],[-2.129,13.0643],[-2.1493,13.0809],[-2.1448,13.1113],[-2.1408,13.1139],[-2.1273,13.1196],[-2.1243,13.1221],[-2.1233,13.1236],[-2.1175,13.146],[-2.1114,13.1506],[-2.1044,13.1521],[-2.0988,13.155],[-2.0964,13.1634],[-2.0978,13.1719],[-2.1032,13.1855],[-2.1039,13.1945],[-2.0931,13.2258],[-2.0664,13.2629],[-2.0782,13.2883],[-2.0823,13.3067],[-2.0829,13.3231],[-2.0897,13.3361],[-2.1113,13.3424],[-2.1614,13.3224],[-2.1794,13.3284],[-2.2066,13.3287],[-2.2363,13.3328],[-2.3241,13.3627],[-2.3767,13.3662],[-2.39,13.3795],[-2.4007,13.3884],[-2.4397,13.3757],[-2.4584,13.3637],[-2.4657,13.3538],[-2.4736,13.3451],[-2.4933,13.3273],[-2.5173,13.3153],[-2.5434,13.3064],[-2.5814,13.2986],[-2.5906,13.2931],[-2.5976,13.3142],[-2.6243,13.3608],[-2.6288,13.4073],[-2.6286,13.4257],[-2.6319,13.448],[-2.6404,13.4579],[-2.6594,13.4669],[-2.6812,13.4716],[-2.6975,13.4857],[-2.7076,13.5069],[-2.7313,13.5202],[-2.8254,13.5414],[-2.8597,13.5578],[-2.9011,13.5992],[-2.9222,13.6263],[-2.9287,13.6362],[-2.9305,13.6385],[-2.8952,13.6516],[-2.9234,13.746],[-2.9281,13.7996],[-2.9122,13.8379],[-2.8945,13.8666],[-2.8554,13.9962],[-2.857,13.9978],[-2.8586,14.0002],[-2.8616,14.0017],[-2.8673,14.0005]]]}},{"type":"Feature","properties":{"id":"BFA-2821","name":"Ziro","nameBn":"জিরো প্রদেশ","type":"Province","bounds":[-2.35,11.2866,-1.3138,11.9817],"center":[-1.8319,11.6131]},"geometry":{"type":"Polygon","coordinates":[[[-1.3477,11.5841],[-1.3138,11.5348],[-1.3515,11.4969],[-1.37,11.4744],[-1.3834,11.4619],[-1.3992,11.4506],[-1.4198,11.4401],[-1.4428,11.4314],[-1.4698,11.4119],[-1.5128,11.3627],[-1.5347,11.354],[-1.5503,11.3568],[-1.5667,11.3494],[-1.5881,11.3224],[-1.6203,11.3382],[-1.6252,11.3492],[-1.6362,11.363],[-1.6625,11.3684],[-1.6778,11.3685],[-1.6962,11.3669],[-1.7229,11.3527],[-1.743,11.3281],[-1.771,11.3063],[-1.7873,11.2965],[-1.8054,11.288],[-1.8311,11.2908],[-1.8482,11.3076],[-1.8583,11.3206],[-1.8624,11.3371],[-1.8708,11.3462],[-1.9183,11.3587],[-1.9485,11.3334],[-1.9628,11.3165],[-1.9748,11.2928],[-1.9849,11.2866],[-2.0012,11.2881],[-2.0213,11.2938],[-2.0378,11.3042],[-2.0422,11.322],[-2.0543,11.3382],[-2.0774,11.3466],[-2.0971,11.3588],[-2.1176,11.3765],[-2.137,11.4013],[-2.1526,11.4298],[-2.1589,11.4575],[-2.1597,11.4711],[-2.1605,11.4758],[-2.1719,11.4878],[-2.1906,11.5042],[-2.2108,11.5161],[-2.2369,11.5187],[-2.2858,11.5164],[-2.311,11.5254],[-2.3356,11.5453],[-2.3488,11.5727],[-2.35,11.6035],[-2.3401,11.7204],[-2.3231,11.7234],[-2.2863,11.7165],[-2.2443,11.7157],[-2.2232,11.7263],[-2.2203,11.7479],[-2.222,11.7707],[-2.2316,11.7945],[-2.2305,11.8116],[-2.2253,11.8242],[-2.2314,11.8766],[-2.2396,11.9095],[-2.2244,11.9077],[-2.1851,11.9138],[-2.0975,11.945],[-2.0647,11.9623],[-2.0442,11.9766],[-2.0418,11.9817],[-2.0042,11.9545],[-1.969,11.9049],[-1.9574,11.904],[-1.9404,11.9144],[-1.9041,11.9127],[-1.867,11.9142],[-1.8388,11.9332],[-1.8129,11.9387],[-1.7889,11.9264],[-1.7036,11.8345],[-1.6829,11.8178],[-1.6588,11.7929],[-1.635,11.7726],[-1.6098,11.7647],[-1.586,11.7535],[-1.5675,11.7391],[-1.551,11.7226],[-1.4832,11.6904],[-1.4673,11.6768],[-1.4551,11.6573],[-1.4277,11.6261],[-1.3517,11.5898],[-1.3477,11.5841]]]}},{"type":"Feature","properties":{"id":"BFA-2818","name":"Zondoma","nameBn":"জোন্ডোমা প্রদেশ","type":"Province","bounds":[-2.6961,12.9582,-2.0664,13.3884],"center":[-2.3813,13.1939]},"geometry":{"type":"Polygon","coordinates":[[[-2.129,13.0643],[-2.161,13.0661],[-2.2015,13.0834],[-2.2365,13.0913],[-2.3309,13.0517],[-2.3699,13.0292],[-2.4177,12.9784],[-2.4461,12.9702],[-2.4929,12.9613],[-2.5279,12.9582],[-2.565,12.9633],[-2.6182,12.9619],[-2.6646,12.9655],[-2.6859,12.9705],[-2.6961,13.0196],[-2.6958,13.0582],[-2.6829,13.0858],[-2.6609,13.0902],[-2.6162,13.0829],[-2.5837,13.0818],[-2.549,13.0906],[-2.5277,13.1138],[-2.4969,13.1652],[-2.4526,13.2247],[-2.4426,13.2531],[-2.4618,13.2648],[-2.4917,13.2701],[-2.5158,13.2647],[-2.5422,13.2661],[-2.569,13.279],[-2.5906,13.2931],[-2.5814,13.2986],[-2.5434,13.3064],[-2.5173,13.3153],[-2.4933,13.3273],[-2.4736,13.3451],[-2.4657,13.3538],[-2.4584,13.3637],[-2.4397,13.3757],[-2.4007,13.3884],[-2.39,13.3795],[-2.3767,13.3662],[-2.3241,13.3627],[-2.2363,13.3328],[-2.2066,13.3287],[-2.1794,13.3284],[-2.1614,13.3224],[-2.1113,13.3424],[-2.0897,13.3361],[-2.0829,13.3231],[-2.0823,13.3067],[-2.0782,13.2883],[-2.0664,13.2629],[-2.0931,13.2258],[-2.1039,13.1945],[-2.1032,13.1855],[-2.0978,13.1719],[-2.0964,13.1634],[-2.0988,13.155],[-2.1044,13.1521],[-2.1114,13.1506],[-2.1175,13.146],[-2.1233,13.1236],[-2.1243,13.1221],[-2.1273,13.1196],[-2.1408,13.1139],[-2.1448,13.1113],[-2.1493,13.0809],[-2.129,13.0643]]]}},{"type":"Feature","properties":{"id":"BFA-2831","name":"Zoundwéogo","nameBn":"জুন্ডবেগো প্রদেশ","type":"Province","bounds":[-1.3477,11.1669,-0.5328,11.9263],"center":[-0.9402,11.5711]},"geometry":{"type":"Polygon","coordinates":[[[-0.888,11.8859],[-0.8705,11.8786],[-0.8564,11.8792],[-0.843,11.8832],[-0.8329,11.8822],[-0.8261,11.8571],[-0.8189,11.8473],[-0.8092,11.8403],[-0.7985,11.8377],[-0.8571,11.7585],[-0.8823,11.7439],[-0.9103,11.7078],[-0.9239,11.6695],[-0.8678,11.5856],[-0.8367,11.564],[-0.7901,11.5464],[-0.7455,11.5212],[-0.7222,11.5376],[-0.7202,11.5365],[-0.7023,11.5394],[-0.6259,11.5211],[-0.6068,11.5121],[-0.5965,11.5037],[-0.5621,11.4882],[-0.551,11.4783],[-0.5328,11.4482],[-0.5488,11.4124],[-0.5463,11.385],[-0.5474,11.367],[-0.5773,11.3777],[-0.6065,11.3661],[-0.6347,11.339],[-0.6727,11.3162],[-0.7081,11.2868],[-0.7354,11.2732],[-0.7473,11.252],[-0.7554,11.2213],[-0.7696,11.203],[-0.7769,11.1965],[-0.792,11.1767],[-0.8186,11.1669],[-0.8789,11.1949],[-0.9043,11.2226],[-0.92,11.2338],[-0.9381,11.2618],[-0.9588,11.2752],[-0.9728,11.2826],[-0.9727,11.3099],[-0.9843,11.331],[-1.014,11.3372],[-1.0432,11.3281],[-1.0656,11.3418],[-1.1005,11.3809],[-1.1253,11.3959],[-1.1571,11.4032],[-1.1762,11.4162],[-1.1936,11.4453],[-1.2136,11.4713],[-1.2465,11.4706],[-1.2736,11.476],[-1.2842,11.5034],[-1.3019,11.5287],[-1.3138,11.5348],[-1.3477,11.5841],[-1.3191,11.6788],[-1.2381,11.808],[-1.2258,11.8322],[-1.1907,11.8665],[-1.1246,11.9104],[-1.073,11.9263],[-1.0445,11.9199],[-1.0029,11.8993],[-0.9383,11.8783],[-0.888,11.8859]]]}}]}