{"type":"FeatureCollection","features":[{"type":"Feature","properties":{"id":"BLR-2338","name":"Brest","nameBn":"ব্রেস্ট অঞ্চল","type":"Region","bounds":[23.1656,51.5131,27.5999,53.3962],"center":[25.3826,52.4289]},"geometry":{"type":"Polygon","coordinates":[[[25.5474,51.9194],[25.352,51.9215],[25.1833,51.9498],[25.138,51.9489],[25.0927,51.9398],[25.0027,51.9105],[24.7218,51.8823],[24.7011,51.8829],[24.6398,51.8921],[24.3908,51.88],[24.3696,51.8751],[24.3479,51.8612],[24.3115,51.8276],[24.2961,51.8081],[24.2723,51.7429],[24.2441,51.7182],[24.1308,51.6698],[23.9813,51.586],[23.9413,51.5819],[23.9129,51.5986],[23.8849,51.6199],[23.8453,51.6298],[23.8203,51.6313],[23.7497,51.6445],[23.7262,51.6449],[23.629,51.629],[23.6167,51.6248],[23.6064,51.6181],[23.5944,51.605],[23.5933,51.597],[23.5991,51.589],[23.6263,51.5409],[23.6287,51.5312],[23.6241,51.5159],[23.6154,51.5131],[23.6062,51.5174],[23.6023,51.5308],[23.5887,51.5359],[23.5728,51.5397],[23.5603,51.5553],[23.5672,51.5549],[23.574,51.5553],[23.5521,51.5788],[23.5434,51.5927],[23.5399,51.6071],[23.5452,51.6341],[23.5438,51.6438],[23.5324,51.6515],[23.5324,51.659],[23.5414,51.6597],[23.5475,51.6621],[23.5603,51.672],[23.5554,51.6763],[23.5493,51.6832],[23.5461,51.6896],[23.55,51.6924],[23.5592,51.6952],[23.5569,51.7014],[23.5502,51.7084],[23.5466,51.7136],[23.5523,51.7366],[23.5563,51.7474],[23.5603,51.7545],[23.5773,51.7667],[23.5983,51.7747],[23.6175,51.7865],[23.6287,51.8098],[23.6103,51.8252],[23.5946,51.8433],[23.6057,51.8516],[23.6099,51.8733],[23.6218,51.8774],[23.6213,51.882],[23.6206,51.8832],[23.6188,51.8833],[23.6149,51.8843],[23.6214,51.8956],[23.6222,51.9279],[23.6287,51.9463],[23.6476,51.9741],[23.6607,51.9869],[23.6764,51.9941],[23.6649,52.0112],[23.6508,52.0489],[23.6425,52.0614],[23.6415,52.0729],[23.6375,52.0845],[23.6253,52.0897],[23.6158,52.0923],[23.6099,52.0986],[23.6048,52.1068],[23.5982,52.1145],[23.5794,52.1215],[23.5319,52.1206],[23.5125,52.1244],[23.4847,52.1586],[23.4887,52.1621],[23.4915,52.1741],[23.4877,52.1816],[23.4709,52.1716],[23.4643,52.1764],[23.4544,52.1815],[23.4505,52.1859],[23.4367,52.1757],[23.4272,52.1768],[23.4182,52.1825],[23.4057,52.1859],[23.3914,52.1825],[23.3885,52.1842],[23.3958,52.1934],[23.3958,52.1996],[23.3748,52.2009],[23.3127,52.2153],[23.2996,52.2234],[23.2842,52.2197],[23.2123,52.2317],[23.1897,52.2405],[23.1977,52.2583],[23.1945,52.2715],[23.1835,52.2813],[23.1761,52.2851],[23.1687,52.2889],[23.1656,52.2894],[23.2121,52.3475],[23.2304,52.3651],[23.2705,52.3951],[23.3923,52.5096],[23.4805,52.5544],[23.569,52.5859],[23.7362,52.6149],[23.869,52.67],[23.9088,52.6999],[23.9225,52.7426],[23.9204,52.7726],[23.9386,52.7749],[24.0714,52.7682],[24.082,52.7706],[24.0915,52.7739],[24.1216,52.7897],[24.1444,52.7982],[24.1537,52.7993],[24.1604,52.7985],[24.1644,52.7964],[24.1672,52.7936],[24.1717,52.7875],[24.1771,52.7817],[24.1853,52.7787],[24.1978,52.7758],[24.2399,52.7714],[24.2505,52.7716],[24.2921,52.7809],[24.3003,52.7813],[24.3054,52.7807],[24.3076,52.779],[24.3089,52.7763],[24.3095,52.7725],[24.3115,52.7688],[24.316,52.7656],[24.3213,52.7651],[24.3262,52.7661],[24.3309,52.7678],[24.3349,52.77],[24.3413,52.7723],[24.3658,52.7771],[24.3754,52.7773],[24.3829,52.7765],[24.3882,52.7749],[24.4329,52.7555],[24.4412,52.7501],[24.4462,52.7478],[24.4685,52.7411],[24.494,52.7385],[24.5186,52.7393],[24.5409,52.7432],[24.5478,52.7456],[24.5526,52.7478],[24.555,52.7501],[24.5564,52.7524],[24.5574,52.7554],[24.5581,52.7592],[24.5571,52.7672],[24.5548,52.7746],[24.5505,52.7809],[24.5423,52.7893],[24.5407,52.7922],[24.541,52.7953],[24.5486,52.8043],[24.5565,52.8185],[24.5593,52.8215],[24.5627,52.8241],[24.5842,52.8339],[24.5867,52.8367],[24.5877,52.8405],[24.5871,52.8441],[24.5852,52.8474],[24.5827,52.8503],[24.572,52.8575],[24.5692,52.86],[24.5686,52.8629],[24.5709,52.8654],[24.5918,52.8801],[24.5947,52.883],[24.6015,52.887],[24.6116,52.8917],[24.6347,52.8991],[24.645,52.9036],[24.6517,52.9077],[24.6534,52.9113],[24.6537,52.9153],[24.6526,52.9188],[24.6489,52.9212],[24.6433,52.9225],[24.6164,52.9249],[24.611,52.9263],[24.607,52.9283],[24.6056,52.9313],[24.6068,52.9344],[24.6099,52.9371],[24.6138,52.9394],[24.6625,52.9562],[24.6761,52.9591],[24.6859,52.9598],[24.7478,52.9406],[24.8014,52.9327],[24.8343,52.9332],[24.8445,52.9346],[24.8515,52.9369],[24.8546,52.9397],[24.8572,52.9428],[24.864,52.9543],[24.8684,52.9587],[24.8771,52.9646],[24.8849,52.9666],[24.8926,52.9672],[24.9182,52.9634],[24.9289,52.9605],[24.9376,52.9564],[24.9446,52.9514],[24.9474,52.9487],[24.9525,52.9428],[24.9565,52.9363],[24.9598,52.9294],[24.9609,52.9258],[24.9612,52.9221],[24.961,52.9185],[24.96,52.9147],[24.9569,52.9075],[24.9564,52.9043],[24.9586,52.9019],[24.962,52.9002],[25.004,52.8896],[25.016,52.8885],[25.0225,52.8897],[25.0271,52.8921],[25.0299,52.8952],[25.0377,52.9055],[25.0416,52.9089],[25.0483,52.9129],[25.0545,52.9135],[25.0602,52.9129],[25.0642,52.9111],[25.0661,52.9087],[25.0653,52.9056],[25.0511,52.8759],[25.0498,52.872],[25.0492,52.8683],[25.0498,52.865],[25.0556,52.8598],[25.0563,52.8564],[25.0559,52.8526],[25.0542,52.8487],[25.0532,52.8448],[25.0528,52.8411],[25.0562,52.8377],[25.0628,52.8351],[25.0759,52.8328],[25.0832,52.8334],[25.0886,52.8352],[25.0928,52.8377],[25.0979,52.8399],[25.1381,52.8496],[25.1495,52.8504],[25.1609,52.8498],[25.1757,52.8474],[25.1848,52.847],[25.1919,52.8476],[25.1966,52.8492],[25.2,52.8518],[25.2163,52.8595],[25.2386,52.8647],[25.2507,52.8659],[25.259,52.8651],[25.261,52.8619],[25.2627,52.8544],[25.2655,52.8515],[25.2688,52.849],[25.2779,52.8451],[25.2934,52.841],[25.3089,52.8387],[25.3171,52.8392],[25.3232,52.8408],[25.3276,52.8427],[25.3313,52.8449],[25.3344,52.8475],[25.3355,52.8511],[25.3356,52.855],[25.3342,52.8585],[25.3311,52.8612],[25.3146,52.8655],[25.3106,52.8678],[25.3082,52.8708],[25.3064,52.8741],[25.3054,52.8775],[25.3057,52.8811],[25.3078,52.884],[25.3116,52.8863],[25.3198,52.8903],[25.3223,52.8927],[25.322,52.8958],[25.3198,52.8986],[25.304,52.9075],[25.301,52.9102],[25.2987,52.9132],[25.2973,52.9167],[25.297,52.9207],[25.2996,52.9256],[25.3051,52.9307],[25.3189,52.9364],[25.3268,52.9373],[25.3353,52.9361],[25.3435,52.9339],[25.364,52.9328],[25.3796,52.9354],[25.4051,52.942],[25.4134,52.9474],[25.4172,52.952],[25.4172,52.9558],[25.4185,52.9596],[25.4208,52.9628],[25.4238,52.9657],[25.4347,52.973],[25.441,52.9785],[25.4523,52.9905],[25.4627,52.9997],[25.4691,53.0039],[25.4731,53.006],[25.5248,53.0245],[25.5316,53.0298],[25.5344,53.0329],[25.5591,53.0761],[25.5909,53.1128],[25.5993,53.1272],[25.6004,53.1312],[25.6008,53.1354],[25.6004,53.1392],[25.5993,53.1428],[25.5974,53.1461],[25.5925,53.1521],[25.5895,53.1549],[25.5792,53.1623],[25.5749,53.1643],[25.5698,53.166],[25.5495,53.1685],[25.545,53.1705],[25.5431,53.1737],[25.5436,53.1775],[25.5461,53.181],[25.5499,53.1841],[25.5712,53.1959],[25.5879,53.2031],[25.596,53.2075],[25.601,53.2116],[25.6022,53.2155],[25.6022,53.2193],[25.601,53.2229],[25.5984,53.2257],[25.5943,53.228],[25.5752,53.2354],[25.5716,53.2377],[25.5692,53.2405],[25.5689,53.2442],[25.5749,53.2607],[25.5779,53.2654],[25.5837,53.271],[25.5904,53.273],[25.6204,53.275],[25.6272,53.2769],[25.632,53.2794],[25.6343,53.2826],[25.6356,53.2866],[25.6408,53.3165],[25.6429,53.3232],[25.6439,53.3255],[25.6479,53.3318],[25.6767,53.3615],[25.6815,53.3682],[25.6835,53.3717],[25.6871,53.3761],[25.6927,53.3813],[25.7048,53.3895],[25.7129,53.3929],[25.7202,53.3947],[25.7329,53.3936],[25.7388,53.3923],[25.7467,53.3914],[25.7571,53.3915],[25.7884,53.3959],[25.7979,53.3962],[25.8039,53.3951],[25.809,53.3935],[25.8221,53.3874],[25.8293,53.3866],[25.8387,53.3868],[25.8548,53.3892],[25.8649,53.3895],[25.8729,53.3888],[25.8773,53.3868],[25.8809,53.3844],[25.884,53.3817],[25.8879,53.3795],[25.8927,53.3777],[25.8981,53.3763],[26.0392,53.3693],[26.0601,53.3726],[26.0825,53.3736],[26.1357,53.3659],[26.2212,53.3629],[26.2459,53.3583],[26.267,53.3518],[26.2731,53.3506],[26.2993,53.352],[26.3765,53.3645],[26.3748,53.3567],[26.3723,53.3193],[26.3745,53.315],[26.3786,53.3108],[26.3877,53.3039],[26.3931,53.298],[26.3975,53.2889],[26.3983,53.2829],[26.3987,53.2654],[26.3983,53.2615],[26.3966,53.2578],[26.3936,53.2549],[26.3899,53.2525],[26.3854,53.2508],[26.3802,53.2493],[26.3745,53.2484],[26.3334,53.2478],[26.3275,53.2464],[26.3163,53.2411],[26.3079,53.2359],[26.294,53.2252],[26.2771,53.2069],[26.2696,53.1964],[26.2679,53.1931],[26.2666,53.1892],[26.2662,53.1851],[26.2687,53.181],[26.274,53.1773],[26.2862,53.1737],[26.2952,53.1723],[26.303,53.1721],[26.3205,53.174],[26.326,53.173],[26.3291,53.1702],[26.3305,53.1607],[26.3326,53.1569],[26.348,53.1508],[26.3525,53.1474],[26.3542,53.1421],[26.3562,53.1296],[26.3591,53.1259],[26.3636,53.1226],[26.374,53.1194],[26.3823,53.1179],[26.4513,53.1155],[26.4575,53.1147],[26.4633,53.1126],[26.497,53.0885],[26.5012,53.0843],[26.5151,53.0642],[26.5171,53.057],[26.5162,53.0519],[26.5117,53.0501],[26.5069,53.0491],[26.4979,53.0485],[26.4572,53.0514],[26.4445,53.0503],[26.434,53.0475],[26.4293,53.0457],[26.4254,53.0436],[26.4192,53.0379],[26.4136,53.0316],[26.4066,53.0217],[26.3989,53.007],[26.3969,53.0042],[26.3924,53.0002],[26.3891,52.9986],[26.3756,52.9943],[26.3725,52.9914],[26.3723,52.9863],[26.3746,52.9794],[26.3834,52.9679],[26.4262,52.924],[26.4305,52.9176],[26.4314,52.9139],[26.4319,52.9099],[26.4328,52.9062],[26.4347,52.9016],[26.4422,52.8893],[26.4411,52.8853],[26.4384,52.8823],[26.4131,52.8703],[26.4097,52.8676],[26.4073,52.8646],[26.4074,52.8601],[26.411,52.8546],[26.44,52.8287],[26.4441,52.8267],[26.4484,52.8256],[26.4555,52.8272],[26.464,52.8324],[26.4672,52.8353],[26.4741,52.8403],[26.4819,52.8449],[26.4864,52.8466],[26.4913,52.8477],[26.5249,52.8476],[26.5278,52.8483],[26.5308,52.8502],[26.5328,52.8533],[26.5342,52.8571],[26.5371,52.8705],[26.5385,52.8746],[26.5404,52.8784],[26.5438,52.881],[26.5485,52.8826],[26.5779,52.8862],[26.5865,52.8849],[26.5972,52.882],[26.616,52.8738],[26.6417,52.8666],[26.6461,52.8633],[26.6492,52.8568],[26.6507,52.8429],[26.6518,52.8393],[26.6555,52.8359],[26.6612,52.8329],[26.6732,52.83],[26.6813,52.8293],[26.6886,52.8295],[26.7204,52.8366],[26.7257,52.8372],[26.7322,52.8348],[26.7387,52.8301],[26.7632,52.8014],[26.7856,52.7799],[26.7904,52.7766],[26.7997,52.7732],[26.9007,52.7537],[26.9353,52.7415],[26.9467,52.739],[26.9519,52.7387],[26.9564,52.7399],[26.9605,52.7419],[26.964,52.7444],[26.9766,52.7556],[26.98,52.7579],[26.9843,52.7588],[26.989,52.7581],[27.021,52.7448],[27.0247,52.742],[27.0273,52.7387],[27.0275,52.733],[27.0255,52.7292],[27.02,52.7227],[27.0197,52.7184],[27.0214,52.7134],[27.0539,52.6812],[27.0619,52.6767],[27.0695,52.6738],[27.1038,52.6697],[27.1567,52.6697],[27.1628,52.6686],[27.1684,52.6661],[27.1782,52.6573],[27.1892,52.6453],[27.1909,52.6409],[27.192,52.6354],[27.1915,52.6259],[27.1899,52.6202],[27.1879,52.6154],[27.1853,52.6122],[27.1813,52.6102],[27.176,52.6089],[27.0573,52.6054],[27.0518,52.6044],[27.0481,52.602],[27.0453,52.5988],[27.0382,52.5836],[27.038,52.5795],[27.0397,52.5753],[27.0598,52.564],[27.063,52.5612],[27.0649,52.5579],[27.0633,52.5529],[27.0601,52.5499],[27.0408,52.5382],[27.0461,52.5309],[27.0598,52.5195],[27.1032,52.4919],[27.1428,52.4727],[27.1482,52.4684],[27.1542,52.4594],[27.1563,52.4535],[27.1567,52.4483],[27.1555,52.4444],[27.1535,52.4408],[27.1511,52.4374],[27.1483,52.4343],[27.1311,52.4218],[27.1285,52.4192],[27.1282,52.4162],[27.1431,52.4089],[27.2714,52.3607],[27.277,52.3528],[27.277,52.3468],[27.2793,52.3395],[27.286,52.3291],[27.2921,52.3248],[27.2986,52.3231],[27.3513,52.3221],[27.3571,52.3207],[27.3622,52.3191],[27.3664,52.3169],[27.3698,52.3145],[27.3735,52.3099],[27.3848,52.2913],[27.3906,52.2858],[27.3965,52.282],[27.4241,52.2748],[27.5231,52.2368],[27.5307,52.2324],[27.5367,52.227],[27.5391,52.2242],[27.5406,52.2214],[27.5411,52.2178],[27.5402,52.2139],[27.5364,52.2058],[27.5329,52.2013],[27.5264,52.1947],[27.5237,52.1915],[27.5217,52.1879],[27.5208,52.1835],[27.5214,52.1785],[27.5237,52.17],[27.5243,52.1616],[27.5226,52.1351],[27.5245,52.1225],[27.5267,52.0727],[27.5278,52.066],[27.5299,52.0629],[27.533,52.0603],[27.5523,52.049],[27.5656,52.0391],[27.5903,52.0264],[27.5937,52.024],[27.5966,52.0214],[27.5991,52.0185],[27.5999,52.0144],[27.599,52.009],[27.5932,51.9995],[27.589,51.9941],[27.585,51.9902],[27.5256,51.9426],[27.5237,51.9382],[27.5231,51.933],[27.5254,51.9246],[27.5318,51.9122],[27.5323,51.907],[27.5319,51.9006],[27.5265,51.8821],[27.5188,51.8652],[27.514,51.8586],[27.5112,51.8556],[27.5048,51.8504],[27.503,51.8476],[27.5031,51.8445],[27.5068,51.8406],[27.5144,51.8349],[27.545,51.8167],[27.5513,51.8117],[27.5563,51.8059],[27.5581,51.7997],[27.5591,51.7908],[27.5575,51.7609],[27.555,51.7503],[27.5465,51.7355],[27.5414,51.7283],[27.5363,51.7237],[27.5315,51.7221],[27.5192,51.7213],[27.5095,51.7056],[27.5121,51.629],[27.5124,51.6234],[27.5124,51.6231],[27.5123,51.6231],[27.4773,51.6237],[27.4588,51.6175],[27.431,51.5984],[27.409,51.5917],[27.3884,51.5907],[27.3291,51.597],[27.2893,51.589],[27.2675,51.5875],[27.254,51.5954],[27.2597,51.6123],[27.2745,51.6338],[27.2775,51.6511],[27.2479,51.6557],[27.2236,51.6537],[27.2036,51.6551],[27.189,51.6638],[27.1811,51.6834],[27.1815,51.7101],[27.1842,51.7314],[27.1779,51.7471],[27.1511,51.7568],[27.11,51.7624],[27.0216,51.7645],[26.9208,51.7425],[26.8548,51.7493],[26.6657,51.8014],[26.4456,51.8056],[26.4315,51.8102],[26.4192,51.8209],[26.417,51.8306],[26.42,51.8397],[26.4198,51.8469],[26.4078,51.8506],[26.1753,51.8567],[26.1454,51.8648],[26.0808,51.9007],[26.0506,51.9048],[25.9811,51.9035],[25.7679,51.9285],[25.6835,51.918],[25.5474,51.9194]]]}},{"type":"Feature","properties":{"id":"BLR-4825","name":"City of Minsk","nameBn":"মিন্স্ক","type":"Region","bounds":[27.3706,53.7842,27.8383,54.0218],"center":[27.6424,53.9005]},"geometry":{"type":"Polygon","coordinates":[[[27.8083,54.0218],[27.8358,54.0168],[27.8383,53.9818],[27.8083,53.9618],[27.7808,53.9318],[27.7758,53.9068],[27.7883,53.8743],[27.8208,53.8593],[27.8308,53.8343],[27.8033,53.8093],[27.7608,53.8042],[27.7132,53.8067],[27.6882,53.8118],[27.6507,53.8093],[27.5832,53.8042],[27.5557,53.7842],[27.5332,53.7892],[27.5157,53.8093],[27.4781,53.8168],[27.4231,53.8318],[27.3831,53.8368],[27.3706,53.8643],[27.3706,53.8943],[27.3756,53.9218],[27.3856,53.9643],[27.4081,53.9968],[27.4406,54.0093],[27.5032,54.0168],[27.5657,54.0118],[27.6057,54.0068],[27.6382,53.9993],[27.6485,53.9983],[27.6882,53.9893],[27.7132,53.9893],[27.7533,53.9968],[27.7808,54.0068],[27.8083,54.0218]]]}},{"type":"Feature","properties":{"id":"BLR-2339","name":"Gomel","nameBn":"গোমেল অঞ্চল","type":"Region","bounds":[27.2714,51.2352,31.7666,53.3536],"center":[29.5189,52.1969]},"geometry":{"type":"Polygon","coordinates":[[[31.6499,52.0968],[31.4749,52.1178],[31.3831,52.1175],[31.3044,52.0975],[31.2843,52.0812],[31.2689,52.0612],[31.2524,52.0445],[31.229,52.0382],[31.2049,52.0439],[31.1592,52.0681],[31.1348,52.0767],[31.0963,52.0796],[30.9593,52.0747],[30.9344,52.0697],[30.9188,52.0592],[30.9247,52.0423],[30.9197,52.0373],[30.9169,52.0324],[30.9146,52.0276],[30.9113,52.0226],[30.9405,52.0201],[30.9501,52.0068],[30.9412,51.9938],[30.9152,51.9926],[30.9084,51.9984],[30.9028,52.0],[30.8969,51.9983],[30.8887,51.9943],[30.8809,51.9882],[30.879,51.982],[30.8796,51.9769],[30.8793,51.9736],[30.8691,51.965],[30.858,51.9576],[30.8456,51.9514],[30.8314,51.9459],[30.8031,51.9391],[30.8025,51.9355],[30.8052,51.9293],[30.8106,51.9252],[30.8106,51.9184],[30.7971,51.9067],[30.7882,51.9006],[30.7795,51.8979],[30.7497,51.8996],[30.7417,51.8979],[30.7378,51.8916],[30.7372,51.8822],[30.7345,51.8737],[30.714,51.867],[30.7076,51.8604],[30.7028,51.8538],[30.6973,51.8507],[30.6945,51.8473],[30.6727,51.8296],[30.6663,51.8224],[30.662,51.8194],[30.6623,51.8156],[30.6696,51.8061],[30.6706,51.7905],[30.6528,51.7791],[30.6305,51.77],[30.6182,51.7613],[30.6381,51.7551],[30.6462,51.7545],[30.6462,51.7471],[30.6351,51.7397],[30.632,51.728],[30.6306,51.7156],[30.625,51.7061],[30.6138,51.7029],[30.5828,51.7023],[30.5703,51.6999],[30.576,51.6864],[30.5643,51.6653],[30.5703,51.6515],[30.5635,51.6473],[30.5553,51.6398],[30.5499,51.6372],[30.5528,51.6333],[30.5566,51.6236],[30.5439,51.6201],[30.5151,51.6037],[30.5151,51.5963],[30.5345,51.5858],[30.5431,51.5826],[30.5431,51.5764],[30.5353,51.575],[30.5311,51.5733],[30.5277,51.5713],[30.5226,51.5689],[30.5226,51.5627],[30.5341,51.5533],[30.5674,51.5473],[30.584,51.5423],[30.5764,51.5311],[30.5714,51.5264],[30.5629,51.5218],[30.5751,51.5161],[30.5854,51.5094],[30.5897,51.502],[30.584,51.4938],[30.5889,51.4818],[30.5973,51.4743],[30.6076,51.4698],[30.6182,51.4671],[30.6182,51.4597],[30.6048,51.4612],[30.5936,51.4589],[30.586,51.4518],[30.584,51.4392],[30.5879,51.4274],[30.5956,51.425],[30.606,51.4246],[30.6182,51.4187],[30.6226,51.4121],[30.6324,51.384],[30.6375,51.3786],[30.6445,51.3727],[30.6456,51.3675],[30.6324,51.3641],[30.6383,51.3359],[30.6105,51.3175],[30.5799,51.3037],[30.5772,51.289],[30.5594,51.2693],[30.5566,51.2673],[30.5553,51.2435],[30.5547,51.2425],[30.5507,51.2368],[30.5396,51.2352],[30.532,51.2446],[30.5208,51.2524],[30.5081,51.2577],[30.4947,51.2599],[30.4807,51.2589],[30.465,51.2619],[30.4428,51.283],[30.4281,51.2918],[30.4135,51.2941],[30.3838,51.2939],[30.3685,51.2977],[30.3551,51.3053],[30.3245,51.33],[30.3171,51.3406],[30.3199,51.3416],[30.3283,51.3625],[30.33,51.3704],[30.3301,51.3807],[30.329,51.3886],[30.3262,51.3953],[30.3202,51.4021],[30.3074,51.4096],[30.2569,51.4251],[30.2428,51.4344],[30.2054,51.4665],[30.1773,51.4795],[30.1486,51.4844],[30.0087,51.4821],[29.9857,51.4779],[29.9251,51.4579],[29.9126,51.4574],[29.8966,51.4642],[29.8863,51.4648],[29.8736,51.4592],[29.8568,51.4399],[29.8466,51.4329],[29.8286,51.43],[29.7379,51.4395],[29.7253,51.4505],[29.7165,51.4657],[29.7,51.4837],[29.6827,51.4912],[29.6608,51.4931],[29.6378,51.4909],[29.618,51.4856],[29.5973,51.474],[29.5832,51.4608],[29.5682,51.4496],[29.545,51.4437],[29.519,51.4418],[29.5055,51.4375],[29.4955,51.4256],[29.4809,51.4013],[29.4663,51.3851],[29.4464,51.3849],[29.4027,51.3961],[29.3797,51.3915],[29.3533,51.3771],[29.3406,51.3701],[29.3199,51.3656],[29.297,51.3737],[29.2846,51.3917],[29.2761,51.4136],[29.2649,51.4329],[29.2444,51.4479],[29.2278,51.4556],[29.221,51.467],[29.2304,51.4929],[29.2265,51.5191],[29.2148,51.5355],[29.1815,51.567],[29.1604,51.6033],[29.148,51.6156],[29.1239,51.625],[29.0837,51.6312],[29.0632,51.6306],[29.0436,51.6262],[29.0236,51.614],[29.0,51.5824],[28.9808,51.5695],[28.9546,51.5633],[28.8929,51.5629],[28.8636,51.5589],[28.8319,51.5483],[28.7999,51.5326],[28.7719,51.5113],[28.7522,51.4837],[28.7494,51.4669],[28.7516,51.4287],[28.7468,51.414],[28.7288,51.4013],[28.7182,51.4116],[28.7111,51.4302],[28.704,51.4426],[28.6911,51.4434],[28.6779,51.4381],[28.6636,51.434],[28.647,51.439],[28.6373,51.4496],[28.6309,51.4636],[28.6152,51.5196],[28.6127,51.5399],[28.6039,51.5535],[28.5781,51.5601],[28.4884,51.572],[28.4612,51.5717],[28.4353,51.5661],[28.3855,51.545],[28.3596,51.5294],[28.3469,51.5252],[28.3339,51.5284],[28.3282,51.5364],[28.3174,51.564],[28.3109,51.5744],[28.2985,51.583],[28.2697,51.5943],[28.2578,51.6018],[28.2494,51.6131],[28.2484,51.6221],[28.2489,51.6306],[28.2451,51.6406],[28.2304,51.6511],[28.21,51.652],[28.1876,51.6452],[28.1662,51.6331],[28.1467,51.6144],[28.1142,51.5756],[28.0902,51.562],[28.0708,51.5576],[27.9732,51.5578],[27.9548,51.5608],[27.9361,51.567],[27.8756,51.608],[27.8542,51.6153],[27.8313,51.6129],[27.8125,51.602],[27.7995,51.5852],[27.7932,51.565],[27.7937,51.5523],[27.7963,51.5415],[27.7971,51.5306],[27.7925,51.5173],[27.7873,51.5109],[27.7406,51.4714],[27.7301,51.4652],[27.7143,51.4637],[27.7,51.4675],[27.6838,51.4755],[27.6703,51.4848],[27.6661,51.4902],[27.6641,51.4929],[27.6973,51.5432],[27.7052,51.5684],[27.6927,51.5892],[27.6768,51.5948],[27.6206,51.5959],[27.5124,51.6231],[27.5124,51.6234],[27.5121,51.629],[27.5095,51.7056],[27.5192,51.7213],[27.5315,51.7221],[27.5363,51.7237],[27.5414,51.7283],[27.5465,51.7355],[27.555,51.7503],[27.5575,51.7609],[27.5591,51.7908],[27.5581,51.7997],[27.5563,51.8059],[27.5513,51.8117],[27.545,51.8167],[27.5144,51.8349],[27.5068,51.8406],[27.5031,51.8445],[27.503,51.8476],[27.5048,51.8504],[27.5112,51.8556],[27.514,51.8586],[27.5188,51.8652],[27.5265,51.8821],[27.5319,51.9006],[27.5323,51.907],[27.5318,51.9122],[27.5254,51.9246],[27.5231,51.933],[27.5237,51.9382],[27.5256,51.9426],[27.585,51.9902],[27.589,51.9941],[27.5932,51.9995],[27.599,52.009],[27.5999,52.0144],[27.5991,52.0185],[27.5966,52.0214],[27.5937,52.024],[27.5903,52.0264],[27.5656,52.0391],[27.5523,52.049],[27.533,52.0603],[27.5299,52.0629],[27.5278,52.066],[27.5267,52.0727],[27.5245,52.1225],[27.5226,52.1351],[27.5243,52.1616],[27.5237,52.17],[27.5214,52.1785],[27.5208,52.1835],[27.5217,52.1879],[27.5237,52.1915],[27.5264,52.1947],[27.5329,52.2013],[27.5364,52.2058],[27.5402,52.2139],[27.5411,52.2178],[27.5406,52.2214],[27.5391,52.2242],[27.5367,52.227],[27.5307,52.2324],[27.5231,52.2368],[27.4241,52.2748],[27.3965,52.282],[27.3906,52.2858],[27.3848,52.2913],[27.3735,52.3099],[27.3698,52.3145],[27.3664,52.3169],[27.3622,52.3191],[27.3571,52.3207],[27.3513,52.3221],[27.2986,52.3231],[27.2921,52.3248],[27.286,52.3291],[27.2793,52.3395],[27.277,52.3468],[27.277,52.3528],[27.2714,52.3607],[27.3349,52.4162],[27.3461,52.4331],[27.34,52.4425],[27.3368,52.4492],[27.3344,52.4563],[27.3337,52.4607],[27.3333,52.4658],[27.3347,52.4729],[27.3383,52.4764],[27.3439,52.478],[27.3716,52.4789],[27.3791,52.4805],[27.3826,52.4835],[27.3881,52.4967],[27.3956,52.5104],[27.4024,52.5156],[27.4095,52.5181],[27.4357,52.5174],[27.4402,52.5156],[27.4429,52.5128],[27.4446,52.5095],[27.4466,52.503],[27.4483,52.5015],[27.4505,52.5017],[27.5191,52.5375],[27.5279,52.5393],[27.5336,52.5387],[27.5484,52.5211],[27.5504,52.518],[27.5554,52.5118],[27.5581,52.5093],[27.5618,52.5078],[27.5638,52.5099],[27.5701,52.5205],[27.578,52.5294],[27.585,52.5327],[27.5921,52.5337],[27.5977,52.5324],[27.601,52.53],[27.6022,52.5264],[27.6024,52.5223],[27.5997,52.4988],[27.5997,52.488],[27.6001,52.484],[27.6011,52.4805],[27.6033,52.4774],[27.6061,52.4747],[27.6092,52.4724],[27.6424,52.4562],[27.6933,52.4394],[27.6992,52.4383],[27.7059,52.4378],[27.7849,52.4391],[27.8175,52.4346],[27.9286,52.4409],[27.9413,52.4444],[27.9448,52.4474],[27.95,52.4498],[27.9626,52.454],[27.9667,52.4562],[27.9694,52.4592],[27.9702,52.4628],[27.97,52.4666],[27.9674,52.4819],[27.966,52.4853],[27.9643,52.4885],[27.9548,52.4994],[27.9542,52.5012],[27.9559,52.5049],[27.9604,52.5093],[27.9719,52.5152],[27.9799,52.5178],[27.9877,52.519],[28.0734,52.5074],[28.0841,52.5044],[28.0878,52.5026],[28.091,52.5004],[28.0917,52.4998],[28.0972,52.49],[28.1062,52.478],[28.1146,52.4695],[28.1224,52.4675],[28.1343,52.4664],[28.3407,52.4806],[28.4045,52.5148],[28.4076,52.5175],[28.4095,52.5208],[28.4098,52.5244],[28.4093,52.532],[28.4033,52.5619],[28.4012,52.5814],[28.4031,52.6149],[28.405,52.6281],[28.4062,52.6324],[28.4118,52.6373],[28.4211,52.6425],[28.4429,52.6503],[28.4521,52.6546],[28.4556,52.6586],[28.4528,52.6611],[28.4513,52.6645],[28.4499,52.6669],[28.4653,52.679],[28.4692,52.6801],[28.5319,52.6839],[28.5809,52.6792],[28.5884,52.6795],[28.5955,52.6812],[28.6031,52.6853],[28.6079,52.6887],[28.6141,52.6914],[28.6214,52.6929],[28.6354,52.6924],[28.6635,52.6877],[28.67,52.6878],[28.6766,52.6893],[28.6841,52.6936],[28.692,52.6966],[28.7018,52.6989],[28.7494,52.6993],[28.7572,52.701],[28.7662,52.7062],[28.7756,52.7134],[28.7814,52.7155],[28.7895,52.7164],[28.8143,52.7158],[28.823,52.7172],[28.8304,52.7215],[28.8348,52.7254],[28.8377,52.7295],[28.8391,52.7332],[28.8391,52.737],[28.8374,52.7402],[28.8338,52.7427],[28.8289,52.7446],[28.8038,52.7491],[28.7989,52.751],[28.7957,52.753],[28.7935,52.755],[28.7924,52.7563],[28.7923,52.7583],[28.7933,52.7608],[28.7965,52.7629],[28.8011,52.7651],[28.8191,52.7712],[28.9603,52.7985],[28.9656,52.8048],[28.9678,52.8085],[28.9689,52.8126],[28.9703,52.8252],[28.9687,52.8655],[28.9693,52.8694],[28.974,52.8727],[28.9833,52.8742],[29.0829,52.8757],[29.0894,52.8777],[29.095,52.8834],[29.0972,52.8882],[29.0987,52.8926],[29.1024,52.8963],[29.109,52.899],[29.1285,52.9045],[29.1335,52.9073],[29.1465,52.9184],[29.1702,52.9425],[29.1775,52.9474],[29.1819,52.9495],[29.1908,52.951],[29.2036,52.9517],[29.2454,52.9496],[29.3434,52.9317],[29.3468,52.9299],[29.3477,52.9282],[29.3473,52.9249],[29.3448,52.9171],[29.3446,52.9135],[29.3476,52.9114],[29.3535,52.9109],[29.392,52.9209],[29.3971,52.9244],[29.3993,52.9283],[29.3986,52.932],[29.3959,52.9348],[29.3881,52.9391],[29.3861,52.9416],[29.3872,52.9445],[29.3903,52.947],[29.3963,52.9486],[29.4045,52.949],[29.419,52.9471],[29.4266,52.9448],[29.4317,52.9421],[29.4443,52.9275],[29.4474,52.9249],[29.4525,52.9233],[29.4595,52.9232],[29.4977,52.9368],[29.5056,52.9408],[29.5127,52.9487],[29.5171,52.9511],[29.5227,52.9528],[29.5438,52.956],[29.6508,52.9551],[29.6601,52.9538],[29.667,52.952],[29.6707,52.9497],[29.6795,52.9455],[29.6846,52.9437],[29.6907,52.9425],[29.6986,52.9425],[29.707,52.9436],[29.718,52.9477],[29.7239,52.9512],[29.7282,52.9546],[29.74,52.9701],[29.741,52.9722],[29.7415,52.9753],[29.7396,52.9781],[29.7358,52.9804],[29.6944,52.9941],[29.6862,52.998],[29.6826,53.0002],[29.6755,53.0058],[29.6679,53.0105],[29.6387,53.0215],[29.6351,53.0234],[29.6353,53.0265],[29.6377,53.0291],[29.6578,53.0457],[29.6604,53.0489],[29.6625,53.0525],[29.6631,53.0564],[29.6628,53.0601],[29.662,53.0638],[29.6606,53.0672],[29.6581,53.0701],[29.6542,53.072],[29.6434,53.0736],[29.6394,53.0754],[29.6369,53.0783],[29.6307,53.0918],[29.6295,53.0952],[29.6288,53.0983],[29.6302,53.101],[29.6319,53.1024],[29.6625,53.111],[29.6674,53.1148],[29.6682,53.1182],[29.6651,53.1208],[29.6536,53.1271],[29.6532,53.1293],[29.6628,53.1304],[29.7488,53.1253],[29.7542,53.1284],[29.7576,53.1315],[29.7596,53.1347],[29.7585,53.1375],[29.7548,53.1396],[29.7383,53.1446],[29.7344,53.1468],[29.732,53.1495],[29.7343,53.1531],[29.7402,53.1567],[29.7531,53.1618],[29.7585,53.1664],[29.7618,53.1711],[29.7653,53.1874],[29.7638,53.1905],[29.761,53.1933],[29.7452,53.2024],[29.7418,53.2048],[29.7399,53.2074],[29.7443,53.2093],[29.7536,53.2096],[29.7739,53.2071],[29.7847,53.207],[29.7922,53.2098],[29.7933,53.2132],[29.7926,53.217],[29.7895,53.2237],[29.7722,53.248],[29.7684,53.2544],[29.763,53.2682],[29.7557,53.2811],[29.7542,53.2844],[29.752,53.2915],[29.7511,53.2991],[29.7514,53.3032],[29.7537,53.3163],[29.7553,53.3203],[29.7576,53.3238],[29.7609,53.3266],[29.7765,53.3356],[29.7888,53.3475],[29.7925,53.3499],[29.7967,53.3519],[29.8016,53.3534],[29.809,53.3536],[29.8181,53.3525],[29.8338,53.347],[29.8412,53.3432],[29.8497,53.3371],[29.8542,53.3354],[29.8597,53.335],[29.8662,53.3371],[29.8755,53.3415],[29.8813,53.3422],[29.8881,53.3408],[29.8966,53.3356],[29.8989,53.3315],[29.8986,53.3276],[29.9022,53.3249],[29.9108,53.323],[29.9345,53.3234],[29.9452,53.3254],[29.9529,53.328],[29.9563,53.3308],[29.9677,53.3379],[29.9721,53.3399],[29.9821,53.3426],[29.9886,53.3424],[29.9959,53.3407],[30.0051,53.3355],[30.0139,53.3282],[30.022,53.325],[30.0616,53.3164],[30.073,53.3126],[30.0795,53.3088],[30.0804,53.3011],[30.0811,53.2974],[30.0838,53.2947],[30.0914,53.293],[30.1241,53.2916],[30.1362,53.29],[30.1461,53.2856],[30.15,53.2819],[30.1545,53.2751],[30.1691,53.2452],[30.1734,53.2392],[30.1799,53.2367],[30.1902,53.2347],[30.2381,53.235],[30.2485,53.2353],[30.2568,53.2448],[30.2721,53.2479],[30.3094,53.2483],[30.3605,53.2615],[30.3789,53.262],[30.3752,53.2703],[30.3733,53.2784],[30.3721,53.2912],[30.379,53.293],[30.3925,53.2943],[30.3969,53.2963],[30.4003,53.2989],[30.4029,53.3023],[30.4051,53.306],[30.4079,53.309],[30.4116,53.3109],[30.4183,53.3112],[30.4445,53.3097],[30.4543,53.31],[30.4616,53.3113],[30.4709,53.3149],[30.481,53.3174],[30.4878,53.3179],[30.5961,53.3004],[30.6123,53.2932],[30.6191,53.285],[30.6268,53.282],[30.6396,53.2794],[30.6677,53.2761],[30.6914,53.2759],[30.6966,53.2773],[30.7009,53.2792],[30.7042,53.282],[30.7085,53.2895],[30.7116,53.2928],[30.7155,53.2952],[30.7201,53.2971],[30.7274,53.2966],[30.737,53.2941],[30.7527,53.2878],[30.7636,53.2852],[30.776,53.2855],[30.7898,53.2878],[30.8632,53.28],[30.8728,53.2805],[30.8751,53.2834],[30.8764,53.2907],[30.8778,53.2945],[30.88,53.2981],[30.8827,53.3014],[30.886,53.3042],[30.89,53.3064],[30.8948,53.3079],[30.9004,53.3087],[30.9068,53.309],[30.9907,53.3035],[30.9948,53.3027],[30.9976,53.301],[30.9999,53.2969],[31.0011,53.2936],[31.0038,53.2814],[31.0053,53.2781],[31.009,53.2744],[31.0228,53.2632],[31.0252,53.2581],[31.0263,53.2536],[31.0259,53.2501],[31.0263,53.2464],[31.0269,53.2428],[31.028,53.2395],[31.03,53.2367],[31.0346,53.2341],[31.042,53.232],[31.0562,53.23],[31.0644,53.2275],[31.0697,53.2232],[31.0716,53.2193],[31.0768,53.2148],[31.0844,53.2099],[31.1017,53.202],[31.106,53.1973],[31.107,53.1931],[31.1046,53.1896],[31.1029,53.1859],[31.1025,53.182],[31.1028,53.1783],[31.1039,53.1747],[31.1054,53.1714],[31.1073,53.1682],[31.109,53.165],[31.1094,53.1617],[31.1082,53.1582],[31.1057,53.1551],[31.1025,53.1523],[31.0908,53.1455],[31.0881,53.1428],[31.0871,53.1399],[31.0885,53.137],[31.0913,53.1344],[31.0949,53.132],[31.1012,53.1303],[31.1093,53.1296],[31.1521,53.1363],[31.1588,53.1362],[31.1659,53.1351],[31.1746,53.1315],[31.1793,53.1283],[31.1881,53.1194],[31.1945,53.1142],[31.2057,53.107],[31.2097,53.1056],[31.214,53.1056],[31.2182,53.1093],[31.224,53.1167],[31.2271,53.1196],[31.2311,53.1221],[31.2356,53.1238],[31.2415,53.1244],[31.2478,53.1237],[31.2561,53.1201],[31.2604,53.1169],[31.2668,53.1108],[31.271,53.1087],[31.2963,53.1096],[31.3614,53.12],[31.3616,53.12],[31.3649,53.1097],[31.3671,53.0989],[31.3637,53.0888],[31.3541,53.0821],[31.3294,53.0793],[31.3192,53.0764],[31.2693,53.0284],[31.2471,53.0144],[31.3226,52.9771],[31.3392,52.9581],[31.3662,52.9086],[31.3879,52.888],[31.4181,52.8702],[31.451,52.8572],[31.4806,52.8509],[31.5051,52.8489],[31.5128,52.841],[31.5152,52.8284],[31.5239,52.8117],[31.5384,52.7999],[31.5506,52.7947],[31.5608,52.7871],[31.5695,52.7675],[31.5702,52.7253],[31.5479,52.7057],[31.4806,52.6825],[31.4917,52.6671],[31.5361,52.6305],[31.5659,52.5902],[31.579,52.5778],[31.6152,52.5586],[31.6286,52.5481],[31.6243,52.5381],[31.6108,52.536],[31.5744,52.5413],[31.5593,52.5405],[31.5636,52.5371],[31.5759,52.5247],[31.5582,52.52],[31.5506,52.5119],[31.553,52.5022],[31.5655,52.4926],[31.5879,52.4826],[31.5894,52.458],[31.5833,52.4283],[31.5829,52.4028],[31.5904,52.3918],[31.6005,52.3834],[31.6081,52.3725],[31.6086,52.3544],[31.6028,52.3409],[31.5923,52.3286],[31.5796,52.3185],[31.5674,52.3114],[31.5971,52.2843],[31.6137,52.273],[31.6314,52.2648],[31.6487,52.261],[31.6834,52.2572],[31.6994,52.2515],[31.6889,52.2432],[31.6819,52.2305],[31.6795,52.2159],[31.6824,52.2019],[31.6895,52.1916],[31.6987,52.1854],[31.749,52.1639],[31.7626,52.1498],[31.7666,52.1301],[31.7643,52.1006],[31.6499,52.0968]]]}},{"type":"Feature","properties":{"id":"BLR-2344","name":"Grodno","nameBn":"গ্রোদনো অঞ্চল","type":"Region","bounds":[23.4856,52.7385,26.6825,54.9933],"center":[25.0839,53.4855]},"geometry":{"type":"Polygon","coordinates":[[[25.9811,54.9427],[26.1026,54.957],[26.1386,54.9689],[26.1536,54.9785],[26.1703,54.9933],[26.1733,54.9909],[26.2341,54.9773],[26.24,54.9748],[26.2479,54.9698],[26.2485,54.9642],[26.2536,54.9461],[26.2623,54.9346],[26.2696,54.9305],[26.2777,54.929],[26.2848,54.9303],[26.2913,54.9327],[26.3131,54.9457],[26.3224,54.9482],[26.3329,54.9495],[26.3481,54.9433],[26.3398,54.9381],[26.3216,54.9325],[26.3179,54.9305],[26.3162,54.9276],[26.3171,54.9238],[26.33,54.9101],[26.3368,54.8995],[26.339,54.8908],[26.3371,54.8704],[26.3376,54.8635],[26.3441,54.8552],[26.3503,54.8495],[26.3599,54.8432],[26.3708,54.8377],[26.3829,54.8331],[26.3945,54.8299],[26.4046,54.8283],[26.4193,54.8274],[26.4251,54.8256],[26.4473,54.81],[26.501,54.7623],[26.5064,54.7592],[26.5132,54.7568],[26.5337,54.7518],[26.5391,54.7499],[26.5418,54.7475],[26.5444,54.7413],[26.5449,54.7346],[26.5398,54.72],[26.539,54.7138],[26.5415,54.7059],[26.5448,54.7006],[26.5576,54.6856],[26.5669,54.6718],[26.5716,54.6664],[26.5765,54.6617],[26.5804,54.6568],[26.5832,54.6514],[26.5862,54.6433],[26.59,54.6389],[26.5948,54.6362],[26.614,54.6325],[26.6315,54.6259],[26.638,54.6252],[26.6457,54.6264],[26.6704,54.6337],[26.6753,54.6339],[26.677,54.6301],[26.6766,54.6225],[26.6728,54.6056],[26.6754,54.5948],[26.6793,54.5881],[26.6825,54.5836],[26.6824,54.5795],[26.6763,54.574],[26.6701,54.5724],[26.6634,54.5725],[26.6578,54.5734],[26.6527,54.5736],[26.6492,54.5711],[26.6464,54.5659],[26.6454,54.5392],[26.6437,54.5335],[26.6383,54.5308],[26.6316,54.5312],[26.6234,54.5333],[26.5931,54.5455],[26.5893,54.546],[26.5865,54.5457],[26.5849,54.544],[26.5852,54.5414],[26.5897,54.5333],[26.5905,54.5304],[26.5911,54.5202],[26.5938,54.5148],[26.5983,54.5096],[26.6079,54.5001],[26.6115,54.4932],[26.6138,54.4837],[26.6124,54.468],[26.6098,54.458],[26.6037,54.451],[26.5987,54.4478],[26.5803,54.4399],[26.5767,54.4373],[26.5739,54.4342],[26.5623,54.4106],[26.5004,54.3144],[26.4813,54.2904],[26.4689,54.2788],[26.4297,54.255],[26.4195,54.2465],[26.4161,54.2444],[26.4118,54.2424],[26.4063,54.2411],[26.2954,54.2287],[26.2476,54.2341],[26.2336,54.2339],[26.2167,54.2307],[26.1586,54.2006],[26.1537,54.1991],[26.1479,54.1982],[26.1414,54.1977],[26.1132,54.1993],[26.1079,54.1987],[26.1045,54.1963],[26.1016,54.1934],[26.0851,54.1646],[26.076,54.1404],[26.0756,54.1364],[26.0769,54.1327],[26.0828,54.1297],[26.0885,54.1276],[26.1166,54.1199],[26.1219,54.1195],[26.1259,54.1205],[26.1284,54.1235],[26.1335,54.1349],[26.136,54.1382],[26.1394,54.1404],[26.1434,54.1414],[26.1483,54.1406],[26.1702,54.1346],[26.175,54.1325],[26.1785,54.1294],[26.1778,54.1232],[26.1728,54.109],[26.1694,54.0749],[26.1697,54.0667],[26.172,54.0608],[26.1761,54.0537],[26.1871,54.041],[26.1954,54.0365],[26.2033,54.0345],[26.2666,54.0401],[26.2718,54.0416],[26.276,54.0436],[26.2782,54.0468],[26.2788,54.0512],[26.278,54.0569],[26.2828,54.0599],[26.2889,54.0606],[26.3336,54.0572],[26.3396,54.0555],[26.3436,54.0487],[26.3548,54.017],[26.3618,54.009],[26.3683,54.0048],[26.4277,54.0036],[26.4328,53.9986],[26.4343,53.9894],[26.4294,53.9668],[26.4248,53.9575],[26.4192,53.9518],[26.3834,53.9469],[26.3786,53.9453],[26.3745,53.943],[26.3712,53.9404],[26.366,53.9339],[26.3554,53.916],[26.3503,53.9094],[26.3444,53.9035],[26.3409,53.9009],[26.3328,53.8966],[26.3233,53.893],[26.3127,53.8901],[26.2446,53.8778],[26.2256,53.8711],[26.2215,53.8688],[26.2184,53.866],[26.2164,53.861],[26.2152,53.8541],[26.2143,53.8353],[26.2158,53.8295],[26.2222,53.8249],[26.2339,53.8201],[26.3027,53.8031],[26.307,53.8009],[26.31,53.7981],[26.3076,53.7928],[26.3051,53.789],[26.3019,53.7855],[26.2988,53.7826],[26.2948,53.7803],[26.2895,53.779],[26.2681,53.7792],[26.2617,53.7787],[26.2575,53.7745],[26.2555,53.7672],[26.2555,53.752],[26.253,53.7384],[26.2533,53.7341],[26.2583,53.7287],[26.2623,53.7251],[26.2701,53.7197],[26.2831,53.7136],[26.294,53.7104],[26.3286,53.7078],[26.3339,53.7062],[26.3379,53.7041],[26.3402,53.7],[26.3413,53.6943],[26.3398,53.684],[26.3396,53.6765],[26.3409,53.6697],[26.3461,53.6622],[26.3512,53.6584],[26.357,53.6558],[26.4204,53.6447],[26.462,53.6311],[26.4659,53.6287],[26.4692,53.6261],[26.4744,53.6202],[26.4763,53.6162],[26.4778,53.6114],[26.4811,53.5944],[26.4825,53.5907],[26.4867,53.5846],[26.5021,53.5704],[26.5069,53.5648],[26.5142,53.5531],[26.5132,53.547],[26.5095,53.5382],[26.4957,53.5204],[26.4928,53.5095],[26.4932,53.5036],[26.4979,53.5017],[26.5013,53.5014],[26.5064,53.5015],[26.5292,53.5043],[26.5351,53.504],[26.5394,53.5028],[26.543,53.5013],[26.5446,53.5003],[26.5457,53.4992],[26.5469,53.4966],[26.548,53.4929],[26.5485,53.487],[26.548,53.482],[26.5421,53.4503],[26.5421,53.4421],[26.5439,53.4347],[26.547,53.428],[26.5508,53.4213],[26.5553,53.4151],[26.5612,53.4097],[26.5677,53.4048],[26.5595,53.4012],[26.3765,53.3645],[26.2993,53.352],[26.2731,53.3506],[26.267,53.3518],[26.2459,53.3583],[26.2212,53.3629],[26.1357,53.3659],[26.0825,53.3736],[26.0601,53.3726],[26.0392,53.3693],[25.8981,53.3763],[25.8927,53.3777],[25.8879,53.3795],[25.884,53.3817],[25.8809,53.3844],[25.8773,53.3868],[25.8729,53.3888],[25.8649,53.3895],[25.8548,53.3892],[25.8387,53.3868],[25.8293,53.3866],[25.8221,53.3874],[25.809,53.3935],[25.8039,53.3951],[25.7979,53.3962],[25.7884,53.3959],[25.7571,53.3915],[25.7467,53.3914],[25.7388,53.3923],[25.7329,53.3936],[25.7202,53.3947],[25.7129,53.3929],[25.7048,53.3895],[25.6927,53.3813],[25.6871,53.3761],[25.6835,53.3717],[25.6815,53.3682],[25.6767,53.3615],[25.6479,53.3318],[25.6439,53.3255],[25.6429,53.3232],[25.6408,53.3165],[25.6356,53.2866],[25.6343,53.2826],[25.632,53.2794],[25.6272,53.2769],[25.6204,53.275],[25.5904,53.273],[25.5837,53.271],[25.5779,53.2654],[25.5749,53.2607],[25.5689,53.2442],[25.5692,53.2405],[25.5716,53.2377],[25.5752,53.2354],[25.5943,53.228],[25.5984,53.2257],[25.601,53.2229],[25.6022,53.2193],[25.6022,53.2155],[25.601,53.2116],[25.596,53.2075],[25.5879,53.2031],[25.5712,53.1959],[25.5499,53.1841],[25.5461,53.181],[25.5436,53.1775],[25.5431,53.1737],[25.545,53.1705],[25.5495,53.1685],[25.5698,53.166],[25.5749,53.1643],[25.5792,53.1623],[25.5895,53.1549],[25.5925,53.1521],[25.5974,53.1461],[25.5993,53.1428],[25.6004,53.1392],[25.6008,53.1354],[25.6004,53.1312],[25.5993,53.1272],[25.5909,53.1128],[25.5591,53.0761],[25.5344,53.0329],[25.5316,53.0298],[25.5248,53.0245],[25.4731,53.006],[25.4691,53.0039],[25.4627,52.9997],[25.4523,52.9905],[25.441,52.9785],[25.4347,52.973],[25.4238,52.9657],[25.4208,52.9628],[25.4185,52.9596],[25.4172,52.9558],[25.4172,52.952],[25.4134,52.9474],[25.4051,52.942],[25.3796,52.9354],[25.364,52.9328],[25.3435,52.9339],[25.3353,52.9361],[25.3268,52.9373],[25.3189,52.9364],[25.3051,52.9307],[25.2996,52.9256],[25.297,52.9207],[25.2973,52.9167],[25.2987,52.9132],[25.301,52.9102],[25.304,52.9075],[25.3198,52.8986],[25.322,52.8958],[25.3223,52.8927],[25.3198,52.8903],[25.3116,52.8863],[25.3078,52.884],[25.3057,52.8811],[25.3054,52.8775],[25.3064,52.8741],[25.3082,52.8708],[25.3106,52.8678],[25.3146,52.8655],[25.3311,52.8612],[25.3342,52.8585],[25.3356,52.855],[25.3355,52.8511],[25.3344,52.8475],[25.3313,52.8449],[25.3276,52.8427],[25.3232,52.8408],[25.3171,52.8392],[25.3089,52.8387],[25.2934,52.841],[25.2779,52.8451],[25.2688,52.849],[25.2655,52.8515],[25.2627,52.8544],[25.261,52.8619],[25.259,52.8651],[25.2507,52.8659],[25.2386,52.8647],[25.2163,52.8595],[25.2,52.8518],[25.1966,52.8492],[25.1919,52.8476],[25.1848,52.847],[25.1757,52.8474],[25.1609,52.8498],[25.1495,52.8504],[25.1381,52.8496],[25.0979,52.8399],[25.0928,52.8377],[25.0886,52.8352],[25.0832,52.8334],[25.0759,52.8328],[25.0628,52.8351],[25.0562,52.8377],[25.0528,52.8411],[25.0532,52.8448],[25.0542,52.8487],[25.0559,52.8526],[25.0563,52.8564],[25.0556,52.8598],[25.0498,52.865],[25.0492,52.8683],[25.0498,52.872],[25.0511,52.8759],[25.0653,52.9056],[25.0661,52.9087],[25.0642,52.9111],[25.0602,52.9129],[25.0545,52.9135],[25.0483,52.9129],[25.0416,52.9089],[25.0377,52.9055],[25.0299,52.8952],[25.0271,52.8921],[25.0225,52.8897],[25.016,52.8885],[25.004,52.8896],[24.962,52.9002],[24.9586,52.9019],[24.9564,52.9043],[24.9569,52.9075],[24.96,52.9147],[24.961,52.9185],[24.9612,52.9221],[24.9609,52.9258],[24.9598,52.9294],[24.9565,52.9363],[24.9525,52.9428],[24.9474,52.9487],[24.9446,52.9514],[24.9376,52.9564],[24.9289,52.9605],[24.9182,52.9634],[24.8926,52.9672],[24.8849,52.9666],[24.8771,52.9646],[24.8684,52.9587],[24.864,52.9543],[24.8572,52.9428],[24.8546,52.9397],[24.8515,52.9369],[24.8445,52.9346],[24.8343,52.9332],[24.8014,52.9327],[24.7478,52.9406],[24.6859,52.9598],[24.6761,52.9591],[24.6625,52.9562],[24.6138,52.9394],[24.6099,52.9371],[24.6068,52.9344],[24.6056,52.9313],[24.607,52.9283],[24.611,52.9263],[24.6164,52.9249],[24.6433,52.9225],[24.6489,52.9212],[24.6526,52.9188],[24.6537,52.9153],[24.6534,52.9113],[24.6517,52.9077],[24.645,52.9036],[24.6347,52.8991],[24.6116,52.8917],[24.6015,52.887],[24.5947,52.883],[24.5918,52.8801],[24.5709,52.8654],[24.5686,52.8629],[24.5692,52.86],[24.572,52.8575],[24.5827,52.8503],[24.5852,52.8474],[24.5871,52.8441],[24.5877,52.8405],[24.5867,52.8367],[24.5842,52.8339],[24.5627,52.8241],[24.5593,52.8215],[24.5565,52.8185],[24.5486,52.8043],[24.541,52.7953],[24.5407,52.7922],[24.5423,52.7893],[24.5505,52.7809],[24.5548,52.7746],[24.5571,52.7672],[24.5581,52.7592],[24.5574,52.7554],[24.5564,52.7524],[24.555,52.7501],[24.5526,52.7478],[24.5478,52.7456],[24.5409,52.7432],[24.5186,52.7393],[24.494,52.7385],[24.4685,52.7411],[24.4462,52.7478],[24.4412,52.7501],[24.4329,52.7555],[24.3882,52.7749],[24.3829,52.7765],[24.3754,52.7773],[24.3658,52.7771],[24.3413,52.7723],[24.3349,52.77],[24.3309,52.7678],[24.3262,52.7661],[24.3213,52.7651],[24.316,52.7656],[24.3115,52.7688],[24.3095,52.7725],[24.3089,52.7763],[24.3076,52.779],[24.3054,52.7807],[24.3003,52.7813],[24.2921,52.7809],[24.2505,52.7716],[24.2399,52.7714],[24.1978,52.7758],[24.1853,52.7787],[24.1771,52.7817],[24.1717,52.7875],[24.1672,52.7936],[24.1644,52.7964],[24.1604,52.7985],[24.1537,52.7993],[24.1444,52.7982],[24.1216,52.7897],[24.0915,52.7739],[24.082,52.7706],[24.0714,52.7682],[23.9386,52.7749],[23.9204,52.7726],[23.9121,52.8939],[23.9095,52.9015],[23.9054,52.9065],[23.902,52.9125],[23.9011,52.9233],[23.9039,52.9311],[23.915,52.9446],[23.918,52.9508],[23.9175,52.9588],[23.9091,52.9867],[23.909,52.993],[23.9113,53.0051],[23.9097,53.0127],[23.8982,53.0275],[23.8679,53.051],[23.8593,53.068],[23.8607,53.0875],[23.8703,53.1013],[23.8824,53.1133],[23.8914,53.1277],[23.8937,53.152],[23.8831,53.164],[23.866,53.172],[23.8481,53.1838],[23.8362,53.1993],[23.8284,53.2138],[23.8186,53.228],[23.8006,53.2425],[23.783,53.2709],[23.743,53.3655],[23.7229,53.3971],[23.6758,53.4557],[23.5909,53.6113],[23.5671,53.681],[23.5648,53.7424],[23.5647,53.7424],[23.5404,53.7636],[23.5299,53.7842],[23.5207,53.8373],[23.5104,53.8625],[23.4972,53.8855],[23.4869,53.91],[23.4856,53.9393],[23.5201,53.934],[23.61,53.9018],[23.6271,53.8982],[23.6426,53.899],[23.6919,53.9115],[23.7544,53.9168],[23.7718,53.9243],[23.7872,53.9279],[23.7941,53.9271],[23.8121,53.9208],[23.8206,53.9193],[23.8283,53.9201],[23.9047,53.9461],[23.9198,53.9478],[23.9354,53.9439],[23.9649,53.9327],[23.9813,53.9304],[24.0454,53.9309],[24.0749,53.9357],[24.1367,53.9554],[24.1696,53.9589],[24.2011,53.9525],[24.2291,53.9324],[24.2464,53.9036],[24.2571,53.894],[24.2764,53.8918],[24.3102,53.8927],[24.3419,53.887],[24.3779,53.8868],[24.414,53.8977],[24.5287,53.9584],[24.5791,53.9756],[24.643,53.983],[24.6668,53.9939],[24.6706,53.9943],[24.6743,53.9937],[24.6779,53.9923],[24.6908,53.9728],[24.7056,53.9642],[24.7239,53.9634],[24.7887,53.9697],[24.8064,53.9753],[24.8191,53.9923],[24.8192,53.9924],[24.8193,53.9925],[24.8194,53.9926],[24.8214,54.0199],[24.8125,54.0389],[24.799,54.056],[24.7871,54.0776],[24.7825,54.0929],[24.7843,54.0962],[24.7906,54.0966],[24.7994,54.1032],[24.8182,54.1101],[24.8187,54.114],[24.8174,54.1206],[24.8175,54.1282],[24.8216,54.1345],[24.851,54.145],[24.856,54.1467],[24.9023,54.1498],[24.9483,54.1459],[25.0271,54.1279],[25.072,54.1322],[25.1156,54.1488],[25.1565,54.1757],[25.1731,54.1966],[25.1935,54.2437],[25.2062,54.2568],[25.2241,54.2585],[25.2876,54.2452],[25.3697,54.2479],[25.394,54.2572],[25.4341,54.2918],[25.4594,54.2989],[25.4721,54.2972],[25.4787,54.2933],[25.4835,54.2877],[25.554,54.2313],[25.5455,54.2275],[25.5221,54.2286],[25.5017,54.2218],[25.4993,54.2118],[25.5234,54.2042],[25.529,54.1957],[25.5217,54.1882],[25.4932,54.1824],[25.4858,54.1754],[25.4933,54.1575],[25.516,54.1448],[25.543,54.137],[25.6316,54.1283],[25.6535,54.1287],[25.6639,54.1324],[25.6798,54.1453],[25.6906,54.1482],[25.7281,54.1452],[25.74,54.1463],[25.7631,54.1564],[25.771,54.1721],[25.7719,54.2179],[25.775,54.2225],[25.7868,54.2318],[25.7892,54.2362],[25.7866,54.2423],[25.7818,54.2444],[25.7763,54.2456],[25.7723,54.2489],[25.7656,54.26],[25.7578,54.269],[25.7489,54.2763],[25.7393,54.2826],[25.7347,54.2832],[25.7233,54.281],[25.7192,54.2815],[25.7154,54.2852],[25.7048,54.303],[25.7018,54.3128],[25.696,54.321],[25.6823,54.3256],[25.6674,54.3233],[25.6074,54.3049],[25.564,54.3031],[25.5423,54.3081],[25.5287,54.321],[25.53,54.3461],[25.5488,54.3677],[25.5947,54.4001],[25.6126,54.4218],[25.6163,54.4411],[25.6156,54.4619],[25.6199,54.4881],[25.6309,54.5084],[25.6462,54.5204],[25.7074,54.5415],[25.7265,54.553],[25.7404,54.5685],[25.7456,54.5884],[25.7399,54.6077],[25.7151,54.6432],[25.7084,54.663],[25.7095,54.6756],[25.7139,54.6856],[25.7191,54.6947],[25.7231,54.7053],[25.7246,54.7157],[25.7212,54.7667],[25.7243,54.7801],[25.7349,54.7891],[25.7568,54.8004],[25.7666,54.8033],[25.7734,54.8034],[25.7785,54.8053],[25.7829,54.8137],[25.7823,54.822],[25.7737,54.8419],[25.7723,54.8509],[25.7827,54.8697],[25.8025,54.8816],[25.8258,54.892],[25.8467,54.9062],[25.8531,54.9164],[25.8548,54.9255],[25.8585,54.933],[25.8702,54.9388],[25.9079,54.9481],[25.9261,54.9478],[25.9625,54.9429],[25.9811,54.9427]]]}},{"type":"Feature","properties":{"id":"BLR-2345","name":"Minsk","nameBn":"মিন্সক অঞ্চল","type":"Municipality","bounds":[26.0756,52.3607,29.4919,55.0021],"center":[27.4703,53.1945]},"geometry":{"type":"Polygon","coordinates":[[[27.1062,55.0021],[27.1155,55.0018],[27.1875,54.9898],[27.2421,54.9976],[27.2497,54.9968],[27.2587,54.9941],[27.2722,54.9866],[27.2783,54.9819],[27.2812,54.9775],[27.2802,54.974],[27.278,54.9708],[27.2517,54.9483],[27.2497,54.9454],[27.25,54.9426],[27.2536,54.9397],[27.2796,54.9276],[27.2876,54.9222],[27.3059,54.9053],[27.3108,54.8994],[27.3127,54.8962],[27.3142,54.8927],[27.315,54.8889],[27.3156,54.881],[27.3164,54.8772],[27.3193,54.874],[27.3249,54.8717],[27.3451,54.8709],[27.3991,54.8741],[27.4067,54.8733],[27.4145,54.8714],[27.4238,54.8659],[27.4329,54.8586],[27.439,54.8519],[27.4418,54.8498],[27.5195,54.8118],[27.5231,54.8089],[27.5247,54.8056],[27.5248,54.8019],[27.5236,54.798],[27.5185,54.7861],[27.5174,54.7819],[27.5199,54.778],[27.527,54.7752],[27.6238,54.766],[27.6755,54.7466],[27.6864,54.7406],[27.6919,54.7356],[27.6916,54.7316],[27.6904,54.7276],[27.687,54.7196],[27.6823,54.7125],[27.6771,54.7061],[27.6786,54.7016],[27.6837,54.6958],[27.6986,54.6864],[27.7025,54.6807],[27.7034,54.6763],[27.707,54.6709],[27.7153,54.6655],[27.7399,54.6535],[27.7467,54.6474],[27.7497,54.6427],[27.7563,54.6387],[27.8131,54.6289],[27.8306,54.6283],[27.8422,54.6293],[27.846,54.6317],[27.8636,54.6449],[27.8682,54.6464],[27.8741,54.6467],[27.8803,54.6459],[27.8929,54.6431],[27.898,54.6406],[27.9011,54.636],[27.9019,54.6316],[27.902,54.623],[27.9027,54.6191],[27.9048,54.6159],[27.9087,54.6136],[27.9245,54.6147],[28.0338,54.6338],[28.0401,54.6334],[28.0862,54.6262],[28.0952,54.627],[28.102,54.6287],[28.1059,54.6311],[28.1284,54.6406],[28.1501,54.6454],[28.1995,54.6509],[28.2272,54.6496],[28.2343,54.6478],[28.2413,54.6445],[28.2551,54.6357],[28.2606,54.6302],[28.2647,54.6255],[28.2665,54.6222],[28.274,54.6134],[28.2805,54.6082],[28.2879,54.6034],[28.3222,54.5917],[28.3339,54.5844],[28.3399,54.5795],[28.3423,54.5754],[28.3436,54.5719],[28.3479,54.5657],[28.3551,54.5618],[28.3936,54.55],[28.4118,54.5494],[28.4211,54.5511],[28.425,54.5547],[28.4562,54.6054],[28.4578,54.6094],[28.4624,54.6166],[28.465,54.6199],[28.4752,54.6387],[28.4779,54.6421],[28.4813,54.6448],[28.4861,54.6465],[28.5655,54.6609],[28.5712,54.661],[28.5766,54.66],[28.5814,54.6552],[28.5842,54.6512],[28.5862,54.6473],[28.5888,54.6403],[28.591,54.6372],[28.5947,54.6353],[28.6017,54.6359],[28.6068,54.6376],[28.6115,54.6401],[28.6324,54.656],[28.6366,54.658],[28.6424,54.6573],[28.6503,54.6533],[28.6624,54.6417],[28.6648,54.6356],[28.6645,54.6307],[28.6501,54.6149],[28.6481,54.6114],[28.6472,54.6073],[28.6473,54.6035],[28.6481,54.5998],[28.6529,54.5897],[28.6576,54.5861],[28.6647,54.5825],[28.7244,54.5698],[28.7303,54.5695],[28.736,54.5703],[28.7408,54.5719],[28.7449,54.574],[28.7561,54.5814],[28.7614,54.5828],[28.7679,54.5831],[28.8115,54.5798],[28.8185,54.5786],[28.8242,54.5765],[28.8265,54.5716],[28.8278,54.5673],[28.8276,54.5628],[28.8286,54.5589],[28.8318,54.5559],[28.8411,54.5551],[28.8553,54.5562],[28.8666,54.5582],[28.8711,54.5601],[28.8745,54.5628],[28.8832,54.5722],[28.8852,54.5754],[28.8861,54.5787],[28.8841,54.5814],[28.8672,54.5942],[28.865,54.597],[28.8644,54.6002],[28.8678,54.6073],[28.872,54.6185],[28.8747,54.6214],[28.879,54.6232],[28.8846,54.6237],[29.0142,54.6098],[29.0416,54.6099],[29.0599,54.6127],[29.0643,54.6141],[29.0686,54.616],[29.0724,54.6186],[29.0869,54.6343],[29.0903,54.6369],[29.0944,54.6392],[29.1141,54.6455],[29.136,54.6502],[29.1409,54.6503],[29.1442,54.6496],[29.1419,54.6469],[29.1338,54.6424],[29.1307,54.6396],[29.1299,54.6365],[29.1313,54.6331],[29.1371,54.6306],[29.1436,54.6296],[29.1501,54.6297],[29.173,54.6337],[29.1934,54.6395],[29.1991,54.6404],[29.2055,54.6409],[29.2125,54.6376],[29.219,54.6313],[29.2249,54.6145],[29.2263,54.6057],[29.2266,54.5987],[29.2255,54.5902],[29.2258,54.5864],[29.2273,54.5833],[29.2325,54.5823],[29.266,54.5819],[29.2775,54.5804],[29.2984,54.5741],[29.304,54.5736],[29.3088,54.5748],[29.3347,54.5869],[29.3443,54.5903],[29.355,54.5928],[29.3614,54.5931],[29.3749,54.5917],[29.3991,54.5861],[29.4269,54.5827],[29.4331,54.5831],[29.4385,54.5844],[29.4429,54.5864],[29.4463,54.589],[29.4489,54.5923],[29.4503,54.5963],[29.4509,54.6004],[29.4503,54.6121],[29.4511,54.6153],[29.4544,54.6174],[29.4601,54.6176],[29.473,54.6157],[29.4792,54.6118],[29.4853,54.606],[29.4919,54.5847],[29.4918,54.5791],[29.4877,54.5753],[29.454,54.5572],[29.4392,54.5472],[29.437,54.5442],[29.4368,54.541],[29.4402,54.537],[29.4545,54.5262],[29.4564,54.5227],[29.4561,54.5182],[29.4517,54.5119],[29.4478,54.5079],[29.444,54.5047],[29.4365,54.4998],[29.4327,54.4966],[29.4272,54.4905],[29.4249,54.487],[29.4117,54.4033],[29.4051,54.3849],[29.3985,54.3746],[29.3929,54.3736],[29.3883,54.3712],[29.385,54.3671],[29.3819,54.3599],[29.3787,54.3555],[29.3748,54.3521],[29.3676,54.3484],[29.3667,54.347],[29.3667,54.3446],[29.3763,54.3391],[29.3813,54.337],[29.388,54.3332],[29.4083,54.3142],[29.4097,54.3107],[29.4095,54.3064],[29.4054,54.3001],[29.4014,54.2962],[29.3969,54.2933],[29.3672,54.2787],[29.3639,54.276],[29.361,54.2729],[29.359,54.2694],[29.358,54.2655],[29.3553,54.2443],[29.3562,54.2398],[29.3588,54.2355],[29.3647,54.2303],[29.3694,54.227],[29.3771,54.2254],[29.3831,54.2251],[29.4145,54.2313],[29.4168,54.2222],[29.4195,54.2197],[29.4246,54.2173],[29.4446,54.2139],[29.4496,54.212],[29.4517,54.209],[29.452,54.197],[29.4534,54.1935],[29.4564,54.1909],[29.4606,54.1887],[29.4627,54.186],[29.4614,54.1827],[29.4544,54.1786],[29.4334,54.171],[29.4296,54.1687],[29.4277,54.1656],[29.4297,54.1486],[29.4289,54.1118],[29.4277,54.1078],[29.4251,54.1043],[29.4184,54.1019],[29.4119,54.1008],[29.4063,54.0992],[29.4028,54.0966],[29.4011,54.093],[29.4027,54.0883],[29.406,54.0852],[29.4142,54.0804],[29.4172,54.0775],[29.4193,54.0745],[29.4209,54.0711],[29.422,54.0676],[29.4224,54.0638],[29.4213,54.0595],[29.4182,54.0549],[29.4101,54.0486],[29.3912,54.0376],[29.3813,54.0293],[29.3732,54.0249],[29.3585,54.0202],[29.3544,54.0179],[29.3507,54.0149],[29.3408,54.0032],[29.3391,53.9999],[29.3384,53.9968],[29.338,53.9899],[29.34,53.9859],[29.3428,53.9823],[29.3491,53.9769],[29.3565,53.9681],[29.3594,53.9614],[29.3611,53.9539],[29.3613,53.9298],[29.3596,53.9149],[29.3599,53.9128],[29.3611,53.9107],[29.3635,53.9083],[29.3652,53.9053],[29.3642,53.9016],[29.3574,53.8954],[29.3543,53.8909],[29.3559,53.885],[29.3604,53.882],[29.3828,53.8752],[29.3852,53.8724],[29.3835,53.8687],[29.3703,53.8593],[29.3611,53.8541],[29.3582,53.8514],[29.3574,53.8485],[29.3611,53.845],[29.3661,53.8444],[29.3714,53.845],[29.3906,53.8514],[29.3952,53.8521],[29.3994,53.8512],[29.4011,53.8483],[29.4016,53.8446],[29.3999,53.8404],[29.3962,53.8364],[29.388,53.8325],[29.3659,53.8256],[29.3621,53.8238],[29.3602,53.822],[29.3631,53.8202],[29.3689,53.8192],[29.3887,53.8184],[29.3945,53.8171],[29.3988,53.8151],[29.4057,53.81],[29.4097,53.8081],[29.4156,53.8074],[29.4322,53.8097],[29.4379,53.8098],[29.4432,53.8088],[29.4477,53.8068],[29.4551,53.802],[29.4595,53.8],[29.4778,53.798],[29.4818,53.7962],[29.4805,53.792],[29.4761,53.7864],[29.4646,53.7775],[29.4519,53.7696],[29.4378,53.7646],[29.4061,53.7566],[29.4021,53.7543],[29.3997,53.7513],[29.4007,53.7468],[29.4036,53.7436],[29.4086,53.7415],[29.4145,53.74],[29.4278,53.7379],[29.4325,53.736],[29.4334,53.7332],[29.4305,53.7297],[29.4226,53.7259],[29.4098,53.7223],[29.4052,53.7199],[29.4014,53.7163],[29.3988,53.7096],[29.3949,53.7053],[29.3881,53.7028],[29.3819,53.7031],[29.3769,53.7048],[29.3734,53.7073],[29.3672,53.7129],[29.3636,53.7155],[29.3593,53.7173],[29.3535,53.7182],[29.3477,53.7179],[29.3423,53.7169],[29.3375,53.7152],[29.3335,53.713],[29.3257,53.7069],[29.3138,53.6951],[29.3042,53.6877],[29.2874,53.6794],[29.2101,53.654],[29.1987,53.6525],[29.1922,53.6526],[29.1794,53.6545],[29.1744,53.6564],[29.1704,53.6586],[29.1673,53.6613],[29.1636,53.6638],[29.1588,53.6655],[29.1395,53.6678],[29.1285,53.6705],[29.1229,53.6714],[29.1175,53.6709],[29.1125,53.6696],[29.1035,53.6659],[29.0646,53.6424],[29.0613,53.6391],[29.0593,53.6349],[29.0598,53.6284],[29.0615,53.624],[29.0708,53.6114],[29.0722,53.6079],[29.073,53.6041],[29.0714,53.5996],[29.0678,53.5946],[29.059,53.5887],[29.0523,53.5859],[29.0458,53.5842],[28.9558,53.5797],[28.9504,53.5785],[28.9466,53.5767],[28.9476,53.5717],[28.9491,53.5679],[28.9496,53.5632],[28.9493,53.5585],[28.9476,53.5526],[28.9473,53.5479],[28.9476,53.5438],[28.9552,53.5267],[28.9556,53.5237],[28.955,53.521],[28.9491,53.5193],[28.9428,53.5186],[28.9071,53.5199],[28.9012,53.5207],[28.8971,53.5227],[28.894,53.5254],[28.876,53.5496],[28.8635,53.5602],[28.8629,53.5636],[28.8649,53.5675],[28.8703,53.573],[28.8736,53.5775],[28.8748,53.5818],[28.8743,53.5855],[28.8722,53.5885],[28.8681,53.59],[28.863,53.5899],[28.8587,53.5884],[28.8456,53.5797],[28.8411,53.5796],[28.8379,53.5814],[28.8326,53.5869],[28.8258,53.592],[28.8214,53.594],[28.816,53.5957],[28.8095,53.5964],[28.8031,53.5963],[28.7977,53.5953],[28.7846,53.5893],[28.7795,53.5881],[28.7733,53.5874],[28.683,53.5977],[28.6603,53.6039],[28.6414,53.6114],[28.6307,53.6146],[28.6239,53.6149],[28.6174,53.6138],[28.6112,53.611],[28.607,53.608],[28.6037,53.6049],[28.6015,53.6007],[28.6008,53.5957],[28.6034,53.5875],[28.6059,53.5826],[28.6105,53.5755],[28.6112,53.5715],[28.6099,53.5667],[28.6054,53.5604],[28.6012,53.5567],[28.5964,53.5541],[28.5913,53.5527],[28.551,53.5468],[28.5474,53.5453],[28.5471,53.5433],[28.5534,53.5414],[28.568,53.5391],[28.5739,53.5376],[28.5763,53.5351],[28.5753,53.5319],[28.5699,53.529],[28.5645,53.5272],[28.5314,53.5204],[28.5268,53.5187],[28.523,53.5164],[28.5161,53.5112],[28.511,53.5102],[28.5058,53.5103],[28.4853,53.5132],[28.4717,53.5136],[28.4594,53.5125],[28.4543,53.5112],[28.4498,53.5094],[28.4344,53.5002],[28.4243,53.4919],[28.4123,53.48],[28.4023,53.4681],[28.4017,53.4524],[28.4045,53.4301],[28.4026,53.3995],[28.4009,53.3934],[28.3989,53.3895],[28.3965,53.3859],[28.3936,53.383],[28.3668,53.3659],[28.3645,53.3631],[28.3626,53.3594],[28.3618,53.3557],[28.3629,53.3519],[28.3677,53.3483],[28.3733,53.3459],[28.4268,53.333],[28.4329,53.3301],[28.4385,53.3258],[28.4443,53.3168],[28.4526,53.3081],[28.4544,53.3046],[28.454,53.3004],[28.4495,53.2947],[28.4443,53.2921],[28.4385,53.2904],[28.3889,53.2864],[28.3838,53.2851],[28.38,53.2828],[28.3773,53.2796],[28.3751,53.2759],[28.3728,53.2725],[28.3696,53.2697],[28.3649,53.2681],[28.3587,53.2675],[28.2426,53.2723],[28.236,53.2715],[28.2297,53.2703],[28.2246,53.2661],[28.2198,53.2655],[28.2161,53.2666],[28.1902,53.2871],[28.1824,53.2918],[28.1734,53.2958],[28.1579,53.3007],[28.1512,53.3013],[28.1325,53.3003],[28.1213,53.2983],[28.0918,53.2892],[28.0892,53.2862],[28.089,53.2818],[28.1045,53.2638],[28.1072,53.2595],[28.1137,53.2435],[28.1176,53.2378],[28.1261,53.2346],[28.1678,53.2285],[28.1891,53.2229],[28.1955,53.2202],[28.2026,53.216],[28.2217,53.1958],[28.229,53.1928],[28.2363,53.1915],[28.2721,53.1885],[28.2839,53.1858],[28.3143,53.1755],[28.3185,53.175],[28.3218,53.1769],[28.3242,53.1798],[28.3303,53.191],[28.3326,53.1945],[28.3357,53.1974],[28.3398,53.1995],[28.3455,53.2],[28.3806,53.1972],[28.3883,53.1911],[28.3959,53.1804],[28.4064,53.1531],[28.414,53.1434],[28.4214,53.1382],[28.4587,53.141],[28.4686,53.1438],[28.481,53.15],[28.4911,53.1526],[28.5091,53.1537],[28.5151,53.1531],[28.5203,53.1515],[28.5234,53.1488],[28.5234,53.1456],[28.5123,53.1371],[28.5094,53.1329],[28.5113,53.1256],[28.5135,53.121],[28.5339,53.0885],[28.5347,53.0837],[28.5334,53.0773],[28.5232,53.0524],[28.5223,53.0489],[28.5223,53.0441],[28.5243,53.0374],[28.5261,53.0327],[28.5286,53.0291],[28.531,53.026],[28.5364,53.0204],[28.5381,53.0178],[28.5382,53.0157],[28.5333,53.0147],[28.501,53.0172],[28.4971,53.0168],[28.4934,53.0153],[28.4906,53.0125],[28.4731,52.9837],[28.4647,52.9743],[28.4552,52.9658],[28.4535,52.9628],[28.454,52.9597],[28.4585,52.9564],[28.4875,52.9444],[28.4911,52.9419],[28.4928,52.9382],[28.4925,52.9335],[28.4886,52.9269],[28.4849,52.9229],[28.481,52.9196],[28.4519,52.9],[28.4467,52.8935],[28.445,52.8895],[28.4398,52.8723],[28.4381,52.8683],[28.4335,52.8614],[28.4307,52.8583],[28.4093,52.8379],[28.292,52.7657],[28.2984,52.7598],[28.3134,52.7512],[28.4115,52.7132],[28.4692,52.6801],[28.4653,52.679],[28.4499,52.6669],[28.4513,52.6645],[28.4528,52.6611],[28.4556,52.6586],[28.4521,52.6546],[28.4429,52.6503],[28.4211,52.6425],[28.4118,52.6373],[28.4062,52.6324],[28.405,52.6281],[28.4031,52.6149],[28.4012,52.5814],[28.4033,52.5619],[28.4093,52.532],[28.4098,52.5244],[28.4095,52.5208],[28.4076,52.5175],[28.4045,52.5148],[28.3407,52.4806],[28.1343,52.4664],[28.1224,52.4675],[28.1146,52.4695],[28.1062,52.478],[28.0972,52.49],[28.0917,52.4998],[28.091,52.5004],[28.0878,52.5026],[28.0841,52.5044],[28.0734,52.5074],[27.9877,52.519],[27.9799,52.5178],[27.9719,52.5152],[27.9604,52.5093],[27.9559,52.5049],[27.9542,52.5012],[27.9548,52.4994],[27.9643,52.4885],[27.966,52.4853],[27.9674,52.4819],[27.97,52.4666],[27.9702,52.4628],[27.9694,52.4592],[27.9667,52.4562],[27.9626,52.454],[27.95,52.4498],[27.9448,52.4474],[27.9413,52.4444],[27.9286,52.4409],[27.8175,52.4346],[27.7849,52.4391],[27.7059,52.4378],[27.6992,52.4383],[27.6933,52.4394],[27.6424,52.4562],[27.6092,52.4724],[27.6061,52.4747],[27.6033,52.4774],[27.6011,52.4805],[27.6001,52.484],[27.5997,52.488],[27.5997,52.4988],[27.6024,52.5223],[27.6022,52.5264],[27.601,52.53],[27.5977,52.5324],[27.5921,52.5337],[27.585,52.5327],[27.578,52.5294],[27.5701,52.5205],[27.5638,52.5099],[27.5618,52.5078],[27.5581,52.5093],[27.5554,52.5118],[27.5504,52.518],[27.5484,52.5211],[27.5336,52.5387],[27.5279,52.5393],[27.5191,52.5375],[27.4505,52.5017],[27.4483,52.5015],[27.4466,52.503],[27.4446,52.5095],[27.4429,52.5128],[27.4402,52.5156],[27.4357,52.5174],[27.4095,52.5181],[27.4024,52.5156],[27.3956,52.5104],[27.3881,52.4967],[27.3826,52.4835],[27.3791,52.4805],[27.3716,52.4789],[27.3439,52.478],[27.3383,52.4764],[27.3347,52.4729],[27.3333,52.4658],[27.3337,52.4607],[27.3344,52.4563],[27.3368,52.4492],[27.34,52.4425],[27.3461,52.4331],[27.3349,52.4162],[27.2714,52.3607],[27.1431,52.4089],[27.1282,52.4162],[27.1285,52.4192],[27.1311,52.4218],[27.1483,52.4343],[27.1511,52.4374],[27.1535,52.4408],[27.1555,52.4444],[27.1567,52.4483],[27.1563,52.4535],[27.1542,52.4594],[27.1482,52.4684],[27.1428,52.4727],[27.1032,52.4919],[27.0598,52.5195],[27.0461,52.5309],[27.0408,52.5382],[27.0601,52.5499],[27.0633,52.5529],[27.0649,52.5579],[27.063,52.5612],[27.0598,52.564],[27.0397,52.5753],[27.038,52.5795],[27.0382,52.5836],[27.0453,52.5988],[27.0481,52.602],[27.0518,52.6044],[27.0573,52.6054],[27.176,52.6089],[27.1813,52.6102],[27.1853,52.6122],[27.1879,52.6154],[27.1899,52.6202],[27.1915,52.6259],[27.192,52.6354],[27.1909,52.6409],[27.1892,52.6453],[27.1782,52.6573],[27.1684,52.6661],[27.1628,52.6686],[27.1567,52.6697],[27.1038,52.6697],[27.0695,52.6738],[27.0619,52.6767],[27.0539,52.6812],[27.0214,52.7134],[27.0197,52.7184],[27.02,52.7227],[27.0255,52.7292],[27.0275,52.733],[27.0273,52.7387],[27.0247,52.742],[27.021,52.7448],[26.989,52.7581],[26.9843,52.7588],[26.98,52.7579],[26.9766,52.7556],[26.964,52.7444],[26.9605,52.7419],[26.9564,52.7399],[26.9519,52.7387],[26.9467,52.739],[26.9353,52.7415],[26.9007,52.7537],[26.7997,52.7732],[26.7904,52.7766],[26.7856,52.7799],[26.7632,52.8014],[26.7387,52.8301],[26.7322,52.8348],[26.7257,52.8372],[26.7204,52.8366],[26.6886,52.8295],[26.6813,52.8293],[26.6732,52.83],[26.6612,52.8329],[26.6555,52.8359],[26.6518,52.8393],[26.6507,52.8429],[26.6492,52.8568],[26.6461,52.8633],[26.6417,52.8666],[26.616,52.8738],[26.5972,52.882],[26.5865,52.8849],[26.5779,52.8862],[26.5485,52.8826],[26.5438,52.881],[26.5404,52.8784],[26.5385,52.8746],[26.5371,52.8705],[26.5342,52.8571],[26.5328,52.8533],[26.5308,52.8502],[26.5278,52.8483],[26.5249,52.8476],[26.4913,52.8477],[26.4864,52.8466],[26.4819,52.8449],[26.4741,52.8403],[26.4672,52.8353],[26.464,52.8324],[26.4555,52.8272],[26.4484,52.8256],[26.4441,52.8267],[26.44,52.8287],[26.411,52.8546],[26.4074,52.8601],[26.4073,52.8646],[26.4097,52.8676],[26.4131,52.8703],[26.4384,52.8823],[26.4411,52.8853],[26.4422,52.8893],[26.4347,52.9016],[26.4328,52.9062],[26.4319,52.9099],[26.4314,52.9139],[26.4305,52.9176],[26.4262,52.924],[26.3834,52.9679],[26.3746,52.9794],[26.3723,52.9863],[26.3725,52.9914],[26.3756,52.9943],[26.3891,52.9986],[26.3924,53.0002],[26.3969,53.0042],[26.3989,53.007],[26.4066,53.0217],[26.4136,53.0316],[26.4192,53.0379],[26.4254,53.0436],[26.4293,53.0457],[26.434,53.0475],[26.4445,53.0503],[26.4572,53.0514],[26.4979,53.0485],[26.5069,53.0491],[26.5117,53.0501],[26.5162,53.0519],[26.5171,53.057],[26.5151,53.0642],[26.5012,53.0843],[26.497,53.0885],[26.4633,53.1126],[26.4575,53.1147],[26.4513,53.1155],[26.3823,53.1179],[26.374,53.1194],[26.3636,53.1226],[26.3591,53.1259],[26.3562,53.1296],[26.3542,53.1421],[26.3525,53.1474],[26.348,53.1508],[26.3326,53.1569],[26.3305,53.1607],[26.3291,53.1702],[26.326,53.173],[26.3205,53.174],[26.303,53.1721],[26.2952,53.1723],[26.2862,53.1737],[26.274,53.1773],[26.2687,53.181],[26.2662,53.1851],[26.2666,53.1892],[26.2679,53.1931],[26.2696,53.1964],[26.2771,53.2069],[26.294,53.2252],[26.3079,53.2359],[26.3163,53.2411],[26.3275,53.2464],[26.3334,53.2478],[26.3745,53.2484],[26.3802,53.2493],[26.3854,53.2508],[26.3899,53.2525],[26.3936,53.2549],[26.3966,53.2578],[26.3983,53.2615],[26.3987,53.2654],[26.3983,53.2829],[26.3975,53.2889],[26.3931,53.298],[26.3877,53.3039],[26.3786,53.3108],[26.3745,53.315],[26.3723,53.3193],[26.3748,53.3567],[26.3765,53.3645],[26.5595,53.4012],[26.5677,53.4048],[26.5612,53.4097],[26.5553,53.4151],[26.5508,53.4213],[26.547,53.428],[26.5439,53.4347],[26.5421,53.4421],[26.5421,53.4503],[26.548,53.482],[26.5485,53.487],[26.548,53.4929],[26.5469,53.4966],[26.5457,53.4992],[26.5446,53.5003],[26.543,53.5013],[26.5394,53.5028],[26.5351,53.504],[26.5292,53.5043],[26.5064,53.5015],[26.5013,53.5014],[26.4979,53.5017],[26.4932,53.5036],[26.4928,53.5095],[26.4957,53.5204],[26.5095,53.5382],[26.5132,53.547],[26.5142,53.5531],[26.5069,53.5648],[26.5021,53.5704],[26.4867,53.5846],[26.4825,53.5907],[26.4811,53.5944],[26.4778,53.6114],[26.4763,53.6162],[26.4744,53.6202],[26.4692,53.6261],[26.4659,53.6287],[26.462,53.6311],[26.4204,53.6447],[26.357,53.6558],[26.3512,53.6584],[26.3461,53.6622],[26.3409,53.6697],[26.3396,53.6765],[26.3398,53.684],[26.3413,53.6943],[26.3402,53.7],[26.3379,53.7041],[26.3339,53.7062],[26.3286,53.7078],[26.294,53.7104],[26.2831,53.7136],[26.2701,53.7197],[26.2623,53.7251],[26.2583,53.7287],[26.2533,53.7341],[26.253,53.7384],[26.2555,53.752],[26.2555,53.7672],[26.2575,53.7745],[26.2617,53.7787],[26.2681,53.7792],[26.2895,53.779],[26.2948,53.7803],[26.2988,53.7826],[26.3019,53.7855],[26.3051,53.789],[26.3076,53.7928],[26.31,53.7981],[26.307,53.8009],[26.3027,53.8031],[26.2339,53.8201],[26.2222,53.8249],[26.2158,53.8295],[26.2143,53.8353],[26.2152,53.8541],[26.2164,53.861],[26.2184,53.866],[26.2215,53.8688],[26.2256,53.8711],[26.2446,53.8778],[26.3127,53.8901],[26.3233,53.893],[26.3328,53.8966],[26.3409,53.9009],[26.3444,53.9035],[26.3503,53.9094],[26.3554,53.916],[26.366,53.9339],[26.3712,53.9404],[26.3745,53.943],[26.3786,53.9453],[26.3834,53.9469],[26.4192,53.9518],[26.4248,53.9575],[26.4294,53.9668],[26.4343,53.9894],[26.4328,53.9986],[26.4277,54.0036],[26.3683,54.0048],[26.3618,54.009],[26.3548,54.017],[26.3436,54.0487],[26.3396,54.0555],[26.3336,54.0572],[26.2889,54.0606],[26.2828,54.0599],[26.278,54.0569],[26.2788,54.0512],[26.2782,54.0468],[26.276,54.0436],[26.2718,54.0416],[26.2666,54.0401],[26.2033,54.0345],[26.1954,54.0365],[26.1871,54.041],[26.1761,54.0537],[26.172,54.0608],[26.1697,54.0667],[26.1694,54.0749],[26.1728,54.109],[26.1778,54.1232],[26.1785,54.1294],[26.175,54.1325],[26.1702,54.1346],[26.1483,54.1406],[26.1434,54.1414],[26.1394,54.1404],[26.136,54.1382],[26.1335,54.1349],[26.1284,54.1235],[26.1259,54.1205],[26.1219,54.1195],[26.1166,54.1199],[26.0885,54.1276],[26.0828,54.1297],[26.0769,54.1327],[26.0756,54.1364],[26.076,54.1404],[26.0851,54.1646],[26.1016,54.1934],[26.1045,54.1963],[26.1079,54.1987],[26.1132,54.1993],[26.1414,54.1977],[26.1479,54.1982],[26.1537,54.1991],[26.1586,54.2006],[26.2167,54.2307],[26.2336,54.2339],[26.2476,54.2341],[26.2954,54.2287],[26.4063,54.2411],[26.4118,54.2424],[26.4161,54.2444],[26.4195,54.2465],[26.4297,54.255],[26.4689,54.2788],[26.4813,54.2904],[26.5004,54.3144],[26.5623,54.4106],[26.5739,54.4342],[26.5767,54.4373],[26.5803,54.4399],[26.5987,54.4478],[26.6037,54.451],[26.6098,54.458],[26.6124,54.468],[26.6138,54.4837],[26.6115,54.4932],[26.6079,54.5001],[26.5983,54.5096],[26.5938,54.5148],[26.5911,54.5202],[26.5905,54.5304],[26.5897,54.5333],[26.5852,54.5414],[26.5849,54.544],[26.5865,54.5457],[26.5893,54.546],[26.5931,54.5455],[26.6234,54.5333],[26.6316,54.5312],[26.6383,54.5308],[26.6437,54.5335],[26.6454,54.5392],[26.6464,54.5659],[26.6492,54.5711],[26.6527,54.5736],[26.6578,54.5734],[26.6634,54.5725],[26.6701,54.5724],[26.6763,54.574],[26.6824,54.5795],[26.6825,54.5836],[26.6793,54.5881],[26.6754,54.5948],[26.6728,54.6056],[26.6766,54.6225],[26.677,54.6301],[26.6753,54.6339],[26.6704,54.6337],[26.6457,54.6264],[26.638,54.6252],[26.6315,54.6259],[26.614,54.6325],[26.5948,54.6362],[26.59,54.6389],[26.5862,54.6433],[26.5832,54.6514],[26.5804,54.6568],[26.5765,54.6617],[26.5716,54.6664],[26.5669,54.6718],[26.5576,54.6856],[26.5448,54.7006],[26.5415,54.7059],[26.539,54.7138],[26.5398,54.72],[26.5449,54.7346],[26.5444,54.7413],[26.5418,54.7475],[26.5391,54.7499],[26.5337,54.7518],[26.5132,54.7568],[26.5064,54.7592],[26.501,54.7623],[26.4473,54.81],[26.4251,54.8256],[26.4193,54.8274],[26.4046,54.8283],[26.3945,54.8299],[26.3829,54.8331],[26.3708,54.8377],[26.3599,54.8432],[26.3503,54.8495],[26.3441,54.8552],[26.3376,54.8635],[26.3371,54.8704],[26.339,54.8908],[26.3368,54.8995],[26.33,54.9101],[26.3171,54.9238],[26.3162,54.9276],[26.3179,54.9305],[26.3216,54.9325],[26.3398,54.9381],[26.3481,54.9433],[26.3584,54.9479],[26.3621,54.95],[26.3653,54.9529],[26.366,54.9555],[26.3649,54.9585],[26.3627,54.9622],[26.3616,54.9666],[26.3624,54.9713],[26.3653,54.9761],[26.3702,54.9798],[26.3762,54.9819],[26.3832,54.9825],[26.3933,54.9808],[26.431,54.9691],[26.4518,54.9647],[26.4805,54.9622],[26.5349,54.964],[26.5444,54.9622],[26.5538,54.9573],[26.5618,54.9542],[26.5714,54.9523],[26.5859,54.9527],[26.5962,54.9551],[26.6052,54.9589],[26.6106,54.9631],[26.615,54.9681],[26.6174,54.9692],[26.6265,54.9705],[26.649,54.9716],[26.6796,54.9703],[26.6881,54.9686],[26.6966,54.9656],[26.7081,54.9589],[26.7134,54.9543],[26.7191,54.9471],[26.7235,54.9449],[26.73,54.9439],[26.7409,54.9451],[26.7537,54.9485],[26.7843,54.9629],[26.7952,54.9655],[26.897,54.9754],[26.9046,54.9742],[26.9125,54.9717],[26.9254,54.9614],[26.9317,54.955],[26.9368,54.9525],[26.944,54.9504],[26.9836,54.9483],[27.0595,54.9509],[27.0709,54.953],[27.0756,54.9546],[27.0784,54.9574],[27.0793,54.9609],[27.0788,54.9647],[27.0779,54.9683],[27.073,54.9785],[27.0719,54.9819],[27.072,54.9851],[27.0743,54.9879],[27.1062,55.0021]],[[27.7608,53.8042],[27.8033,53.8093],[27.8308,53.8343],[27.8208,53.8593],[27.7883,53.8743],[27.7758,53.9068],[27.7808,53.9318],[27.8083,53.9618],[27.8383,53.9818],[27.8358,54.0168],[27.8083,54.0218],[27.7808,54.0068],[27.7533,53.9968],[27.7132,53.9893],[27.6882,53.9893],[27.6485,53.9983],[27.6382,53.9993],[27.6057,54.0068],[27.5657,54.0118],[27.5032,54.0168],[27.4406,54.0093],[27.4081,53.9968],[27.3856,53.9643],[27.3756,53.9218],[27.3706,53.8943],[27.3706,53.8643],[27.3831,53.8368],[27.4231,53.8318],[27.4781,53.8168],[27.5157,53.8093],[27.5332,53.7892],[27.5557,53.7842],[27.5832,53.8042],[27.6507,53.8093],[27.6882,53.8118],[27.7132,53.8067],[27.7608,53.8042]]]}},{"type":"Feature","properties":{"id":"BLR-2340","name":"Mogilev","nameBn":"মুগিলেভ অঞ্চল","type":"Region","bounds":[28.089,52.6792,32.7195,54.4542],"center":[30.4041,53.8241]},"geometry":{"type":"Polygon","coordinates":[[[31.179,54.4534],[31.1792,54.4531],[31.209,54.448],[31.2254,54.428],[31.2487,54.3768],[31.2617,54.3645],[31.2741,54.3566],[31.2848,54.3474],[31.292,54.3313],[31.2992,54.2726],[31.3098,54.2443],[31.3247,54.2292],[31.4806,54.1566],[31.5064,54.1439],[31.5309,54.1374],[31.5831,54.1295],[31.6669,54.1019],[31.6978,54.0979],[31.7258,54.0975],[31.7368,54.0942],[31.7481,54.0863],[31.7558,54.0749],[31.7626,54.0603],[31.7713,54.0485],[31.7835,54.0458],[31.8085,54.056],[31.8139,54.0571],[31.8226,54.0534],[31.8239,54.0501],[31.8236,54.0455],[31.8465,53.9923],[31.8414,53.9846],[31.8397,53.9772],[31.8393,53.9698],[31.8379,53.9621],[31.8265,53.9402],[31.8101,53.8826],[31.7926,53.8574],[31.7538,53.8196],[31.7447,53.7949],[31.7873,53.7944],[31.8732,53.7771],[32.0836,53.8096],[32.106,53.8069],[32.1648,53.7817],[32.2904,53.7609],[32.3258,53.7455],[32.3574,53.7197],[32.3718,53.7144],[32.4216,53.7158],[32.4421,53.7139],[32.4616,53.7068],[32.4806,53.6921],[32.4878,53.6847],[32.4902,53.6771],[32.4878,53.6696],[32.4806,53.6624],[32.4061,53.6394],[32.3991,53.6354],[32.398,53.6274],[32.4011,53.6099],[32.4115,53.5824],[32.4294,53.5616],[32.4529,53.5464],[32.4806,53.5356],[32.5308,53.5214],[32.5543,53.5108],[32.5699,53.4926],[32.5699,53.4924],[32.5768,53.486],[32.5843,53.4842],[32.5925,53.4865],[32.6006,53.4924],[32.6181,53.4943],[32.6357,53.4927],[32.6503,53.4876],[32.6476,53.4793],[32.6417,53.469],[32.6468,53.458],[32.6582,53.4557],[32.6885,53.4622],[32.7012,53.4621],[32.7195,53.4395],[32.7178,53.4311],[32.7044,53.3664],[32.7175,53.3349],[32.6979,53.3259],[32.6818,53.3268],[32.6667,53.3313],[32.6499,53.3337],[32.58,53.3244],[32.5835,53.3212],[32.5919,53.3118],[32.5959,53.3083],[32.5692,53.2988],[32.5373,53.2951],[32.5056,53.2972],[32.4806,53.3052],[32.4548,53.3004],[32.4472,53.2888],[32.456,53.2778],[32.4791,53.2749],[32.4692,53.2555],[32.4557,53.2367],[32.4236,53.2044],[32.4055,53.1927],[32.3891,53.1876],[32.3528,53.1805],[32.3203,53.1628],[32.2952,53.1409],[32.268,53.1248],[32.2157,53.1255],[32.2105,53.1218],[32.2091,53.1163],[32.2067,53.1124],[32.2065,53.1099],[32.207,53.1052],[32.2059,53.1004],[32.2011,53.0976],[32.1974,53.0977],[32.1886,53.0992],[32.1523,53.0963],[32.1265,53.0842],[32.1173,53.0811],[32.0828,53.082],[32.0099,53.1],[31.9806,53.098],[31.9547,53.09],[31.9307,53.0883],[31.9072,53.0919],[31.8555,53.1102],[31.8426,53.1122],[31.8068,53.11],[31.7963,53.1124],[31.7805,53.1279],[31.7697,53.1693],[31.7563,53.1866],[31.7386,53.1925],[31.6945,53.1929],[31.6749,53.1952],[31.614,53.2098],[31.5936,53.2107],[31.5737,53.2071],[31.5359,53.1949],[31.5121,53.1941],[31.464,53.2],[31.4164,53.2],[31.3785,53.182],[31.3599,53.1338],[31.3612,53.1213],[31.3616,53.12],[31.3614,53.12],[31.2963,53.1096],[31.271,53.1087],[31.2668,53.1108],[31.2604,53.1169],[31.2561,53.1201],[31.2478,53.1237],[31.2415,53.1244],[31.2356,53.1238],[31.2311,53.1221],[31.2271,53.1196],[31.224,53.1167],[31.2182,53.1093],[31.214,53.1056],[31.2097,53.1056],[31.2057,53.107],[31.1945,53.1142],[31.1881,53.1194],[31.1793,53.1283],[31.1746,53.1315],[31.1659,53.1351],[31.1588,53.1362],[31.1521,53.1363],[31.1093,53.1296],[31.1012,53.1303],[31.0949,53.132],[31.0913,53.1344],[31.0885,53.137],[31.0871,53.1399],[31.0881,53.1428],[31.0908,53.1455],[31.1025,53.1523],[31.1057,53.1551],[31.1082,53.1582],[31.1094,53.1617],[31.109,53.165],[31.1073,53.1682],[31.1054,53.1714],[31.1039,53.1747],[31.1028,53.1783],[31.1025,53.182],[31.1029,53.1859],[31.1046,53.1896],[31.107,53.1931],[31.106,53.1973],[31.1017,53.202],[31.0844,53.2099],[31.0768,53.2148],[31.0716,53.2193],[31.0697,53.2232],[31.0644,53.2275],[31.0562,53.23],[31.042,53.232],[31.0346,53.2341],[31.03,53.2367],[31.028,53.2395],[31.0269,53.2428],[31.0263,53.2464],[31.0259,53.2501],[31.0263,53.2536],[31.0252,53.2581],[31.0228,53.2632],[31.009,53.2744],[31.0053,53.2781],[31.0038,53.2814],[31.0011,53.2936],[30.9999,53.2969],[30.9976,53.301],[30.9948,53.3027],[30.9907,53.3035],[30.9068,53.309],[30.9004,53.3087],[30.8948,53.3079],[30.89,53.3064],[30.886,53.3042],[30.8827,53.3014],[30.88,53.2981],[30.8778,53.2945],[30.8764,53.2907],[30.8751,53.2834],[30.8728,53.2805],[30.8632,53.28],[30.7898,53.2878],[30.776,53.2855],[30.7636,53.2852],[30.7527,53.2878],[30.737,53.2941],[30.7274,53.2966],[30.7201,53.2971],[30.7155,53.2952],[30.7116,53.2928],[30.7085,53.2895],[30.7042,53.282],[30.7009,53.2792],[30.6966,53.2773],[30.6914,53.2759],[30.6677,53.2761],[30.6396,53.2794],[30.6268,53.282],[30.6191,53.285],[30.6123,53.2932],[30.5961,53.3004],[30.4878,53.3179],[30.481,53.3174],[30.4709,53.3149],[30.4616,53.3113],[30.4543,53.31],[30.4445,53.3097],[30.4183,53.3112],[30.4116,53.3109],[30.4079,53.309],[30.4051,53.306],[30.4029,53.3023],[30.4003,53.2989],[30.3969,53.2963],[30.3925,53.2943],[30.379,53.293],[30.3721,53.2912],[30.3733,53.2784],[30.3752,53.2703],[30.3789,53.262],[30.3605,53.2615],[30.3094,53.2483],[30.2721,53.2479],[30.2568,53.2448],[30.2485,53.2353],[30.2381,53.235],[30.1902,53.2347],[30.1799,53.2367],[30.1734,53.2392],[30.1691,53.2452],[30.1545,53.2751],[30.15,53.2819],[30.1461,53.2856],[30.1362,53.29],[30.1241,53.2916],[30.0914,53.293],[30.0838,53.2947],[30.0811,53.2974],[30.0804,53.3011],[30.0795,53.3088],[30.073,53.3126],[30.0616,53.3164],[30.022,53.325],[30.0139,53.3282],[30.0051,53.3355],[29.9959,53.3407],[29.9886,53.3424],[29.9821,53.3426],[29.9721,53.3399],[29.9677,53.3379],[29.9563,53.3308],[29.9529,53.328],[29.9452,53.3254],[29.9345,53.3234],[29.9108,53.323],[29.9022,53.3249],[29.8986,53.3276],[29.8989,53.3315],[29.8966,53.3356],[29.8881,53.3408],[29.8813,53.3422],[29.8755,53.3415],[29.8662,53.3371],[29.8597,53.335],[29.8542,53.3354],[29.8497,53.3371],[29.8412,53.3432],[29.8338,53.347],[29.8181,53.3525],[29.809,53.3536],[29.8016,53.3534],[29.7967,53.3519],[29.7925,53.3499],[29.7888,53.3475],[29.7765,53.3356],[29.7609,53.3266],[29.7576,53.3238],[29.7553,53.3203],[29.7537,53.3163],[29.7514,53.3032],[29.7511,53.2991],[29.752,53.2915],[29.7542,53.2844],[29.7557,53.2811],[29.763,53.2682],[29.7684,53.2544],[29.7722,53.248],[29.7895,53.2237],[29.7926,53.217],[29.7933,53.2132],[29.7922,53.2098],[29.7847,53.207],[29.7739,53.2071],[29.7536,53.2096],[29.7443,53.2093],[29.7399,53.2074],[29.7418,53.2048],[29.7452,53.2024],[29.761,53.1933],[29.7638,53.1905],[29.7653,53.1874],[29.7618,53.1711],[29.7585,53.1664],[29.7531,53.1618],[29.7402,53.1567],[29.7343,53.1531],[29.732,53.1495],[29.7344,53.1468],[29.7383,53.1446],[29.7548,53.1396],[29.7585,53.1375],[29.7596,53.1347],[29.7576,53.1315],[29.7542,53.1284],[29.7488,53.1253],[29.6628,53.1304],[29.6532,53.1293],[29.6536,53.1271],[29.6651,53.1208],[29.6682,53.1182],[29.6674,53.1148],[29.6625,53.111],[29.6319,53.1024],[29.6302,53.101],[29.6288,53.0983],[29.6295,53.0952],[29.6307,53.0918],[29.6369,53.0783],[29.6394,53.0754],[29.6434,53.0736],[29.6542,53.072],[29.6581,53.0701],[29.6606,53.0672],[29.662,53.0638],[29.6628,53.0601],[29.6631,53.0564],[29.6625,53.0525],[29.6604,53.0489],[29.6578,53.0457],[29.6377,53.0291],[29.6353,53.0265],[29.6351,53.0234],[29.6387,53.0215],[29.6679,53.0105],[29.6755,53.0058],[29.6826,53.0002],[29.6862,52.998],[29.6944,52.9941],[29.7358,52.9804],[29.7396,52.9781],[29.7415,52.9753],[29.741,52.9722],[29.74,52.9701],[29.7282,52.9546],[29.7239,52.9512],[29.718,52.9477],[29.707,52.9436],[29.6986,52.9425],[29.6907,52.9425],[29.6846,52.9437],[29.6795,52.9455],[29.6707,52.9497],[29.667,52.952],[29.6601,52.9538],[29.6508,52.9551],[29.5438,52.956],[29.5227,52.9528],[29.5171,52.9511],[29.5127,52.9487],[29.5056,52.9408],[29.4977,52.9368],[29.4595,52.9232],[29.4525,52.9233],[29.4474,52.9249],[29.4443,52.9275],[29.4317,52.9421],[29.4266,52.9448],[29.419,52.9471],[29.4045,52.949],[29.3963,52.9486],[29.3903,52.947],[29.3872,52.9445],[29.3861,52.9416],[29.3881,52.9391],[29.3959,52.9348],[29.3986,52.932],[29.3993,52.9283],[29.3971,52.9244],[29.392,52.9209],[29.3535,52.9109],[29.3476,52.9114],[29.3446,52.9135],[29.3448,52.9171],[29.3473,52.9249],[29.3477,52.9282],[29.3468,52.9299],[29.3434,52.9317],[29.2454,52.9496],[29.2036,52.9517],[29.1908,52.951],[29.1819,52.9495],[29.1775,52.9474],[29.1702,52.9425],[29.1465,52.9184],[29.1335,52.9073],[29.1285,52.9045],[29.109,52.899],[29.1024,52.8963],[29.0987,52.8926],[29.0972,52.8882],[29.095,52.8834],[29.0894,52.8777],[29.0829,52.8757],[28.9833,52.8742],[28.974,52.8727],[28.9693,52.8694],[28.9687,52.8655],[28.9703,52.8252],[28.9689,52.8126],[28.9678,52.8085],[28.9656,52.8048],[28.9603,52.7985],[28.8191,52.7712],[28.8011,52.7651],[28.7965,52.7629],[28.7933,52.7608],[28.7923,52.7583],[28.7924,52.7563],[28.7935,52.755],[28.7957,52.753],[28.7989,52.751],[28.8038,52.7491],[28.8289,52.7446],[28.8338,52.7427],[28.8374,52.7402],[28.8391,52.737],[28.8391,52.7332],[28.8377,52.7295],[28.8348,52.7254],[28.8304,52.7215],[28.823,52.7172],[28.8143,52.7158],[28.7895,52.7164],[28.7814,52.7155],[28.7756,52.7134],[28.7662,52.7062],[28.7572,52.701],[28.7494,52.6993],[28.7018,52.6989],[28.692,52.6966],[28.6841,52.6936],[28.6766,52.6893],[28.67,52.6878],[28.6635,52.6877],[28.6354,52.6924],[28.6214,52.6929],[28.6141,52.6914],[28.6079,52.6887],[28.6031,52.6853],[28.5955,52.6812],[28.5884,52.6795],[28.5809,52.6792],[28.5319,52.6839],[28.4692,52.6801],[28.4115,52.7132],[28.3134,52.7512],[28.2984,52.7598],[28.292,52.7657],[28.4093,52.8379],[28.4307,52.8583],[28.4335,52.8614],[28.4381,52.8683],[28.4398,52.8723],[28.445,52.8895],[28.4467,52.8935],[28.4519,52.9],[28.481,52.9196],[28.4849,52.9229],[28.4886,52.9269],[28.4925,52.9335],[28.4928,52.9382],[28.4911,52.9419],[28.4875,52.9444],[28.4585,52.9564],[28.454,52.9597],[28.4535,52.9628],[28.4552,52.9658],[28.4647,52.9743],[28.4731,52.9837],[28.4906,53.0125],[28.4934,53.0153],[28.4971,53.0168],[28.501,53.0172],[28.5333,53.0147],[28.5382,53.0157],[28.5381,53.0178],[28.5364,53.0204],[28.531,53.026],[28.5286,53.0291],[28.5261,53.0327],[28.5243,53.0374],[28.5223,53.0441],[28.5223,53.0489],[28.5232,53.0524],[28.5334,53.0773],[28.5347,53.0837],[28.5339,53.0885],[28.5135,53.121],[28.5113,53.1256],[28.5094,53.1329],[28.5123,53.1371],[28.5234,53.1456],[28.5234,53.1488],[28.5203,53.1515],[28.5151,53.1531],[28.5091,53.1537],[28.4911,53.1526],[28.481,53.15],[28.4686,53.1438],[28.4587,53.141],[28.4214,53.1382],[28.414,53.1434],[28.4064,53.1531],[28.3959,53.1804],[28.3883,53.1911],[28.3806,53.1972],[28.3455,53.2],[28.3398,53.1995],[28.3357,53.1974],[28.3326,53.1945],[28.3303,53.191],[28.3242,53.1798],[28.3218,53.1769],[28.3185,53.175],[28.3143,53.1755],[28.2839,53.1858],[28.2721,53.1885],[28.2363,53.1915],[28.229,53.1928],[28.2217,53.1958],[28.2026,53.216],[28.1955,53.2202],[28.1891,53.2229],[28.1678,53.2285],[28.1261,53.2346],[28.1176,53.2378],[28.1137,53.2435],[28.1072,53.2595],[28.1045,53.2638],[28.089,53.2818],[28.0892,53.2862],[28.0918,53.2892],[28.1213,53.2983],[28.1325,53.3003],[28.1512,53.3013],[28.1579,53.3007],[28.1734,53.2958],[28.1824,53.2918],[28.1902,53.2871],[28.2161,53.2666],[28.2198,53.2655],[28.2246,53.2661],[28.2297,53.2703],[28.236,53.2715],[28.2426,53.2723],[28.3587,53.2675],[28.3649,53.2681],[28.3696,53.2697],[28.3728,53.2725],[28.3751,53.2759],[28.3773,53.2796],[28.38,53.2828],[28.3838,53.2851],[28.3889,53.2864],[28.4385,53.2904],[28.4443,53.2921],[28.4495,53.2947],[28.454,53.3004],[28.4544,53.3046],[28.4526,53.3081],[28.4443,53.3168],[28.4385,53.3258],[28.4329,53.3301],[28.4268,53.333],[28.3733,53.3459],[28.3677,53.3483],[28.3629,53.3519],[28.3618,53.3557],[28.3626,53.3594],[28.3645,53.3631],[28.3668,53.3659],[28.3936,53.383],[28.3965,53.3859],[28.3989,53.3895],[28.4009,53.3934],[28.4026,53.3995],[28.4045,53.4301],[28.4017,53.4524],[28.4023,53.4681],[28.4123,53.48],[28.4243,53.4919],[28.4344,53.5002],[28.4498,53.5094],[28.4543,53.5112],[28.4594,53.5125],[28.4717,53.5136],[28.4853,53.5132],[28.5058,53.5103],[28.511,53.5102],[28.5161,53.5112],[28.523,53.5164],[28.5268,53.5187],[28.5314,53.5204],[28.5645,53.5272],[28.5699,53.529],[28.5753,53.5319],[28.5763,53.5351],[28.5739,53.5376],[28.568,53.5391],[28.5534,53.5414],[28.5471,53.5433],[28.5474,53.5453],[28.551,53.5468],[28.5913,53.5527],[28.5964,53.5541],[28.6012,53.5567],[28.6054,53.5604],[28.6099,53.5667],[28.6112,53.5715],[28.6105,53.5755],[28.6059,53.5826],[28.6034,53.5875],[28.6008,53.5957],[28.6015,53.6007],[28.6037,53.6049],[28.607,53.608],[28.6112,53.611],[28.6174,53.6138],[28.6239,53.6149],[28.6307,53.6146],[28.6414,53.6114],[28.6603,53.6039],[28.683,53.5977],[28.7733,53.5874],[28.7795,53.5881],[28.7846,53.5893],[28.7977,53.5953],[28.8031,53.5963],[28.8095,53.5964],[28.816,53.5957],[28.8214,53.594],[28.8258,53.592],[28.8326,53.5869],[28.8379,53.5814],[28.8411,53.5796],[28.8456,53.5797],[28.8587,53.5884],[28.863,53.5899],[28.8681,53.59],[28.8722,53.5885],[28.8743,53.5855],[28.8748,53.5818],[28.8736,53.5775],[28.8703,53.573],[28.8649,53.5675],[28.8629,53.5636],[28.8635,53.5602],[28.876,53.5496],[28.894,53.5254],[28.8971,53.5227],[28.9012,53.5207],[28.9071,53.5199],[28.9428,53.5186],[28.9491,53.5193],[28.955,53.521],[28.9556,53.5237],[28.9552,53.5267],[28.9476,53.5438],[28.9473,53.5479],[28.9476,53.5526],[28.9493,53.5585],[28.9496,53.5632],[28.9491,53.5679],[28.9476,53.5717],[28.9466,53.5767],[28.9504,53.5785],[28.9558,53.5797],[29.0458,53.5842],[29.0523,53.5859],[29.059,53.5887],[29.0678,53.5946],[29.0714,53.5996],[29.073,53.6041],[29.0722,53.6079],[29.0708,53.6114],[29.0615,53.624],[29.0598,53.6284],[29.0593,53.6349],[29.0613,53.6391],[29.0646,53.6424],[29.1035,53.6659],[29.1125,53.6696],[29.1175,53.6709],[29.1229,53.6714],[29.1285,53.6705],[29.1395,53.6678],[29.1588,53.6655],[29.1636,53.6638],[29.1673,53.6613],[29.1704,53.6586],[29.1744,53.6564],[29.1794,53.6545],[29.1922,53.6526],[29.1987,53.6525],[29.2101,53.654],[29.2874,53.6794],[29.3042,53.6877],[29.3138,53.6951],[29.3257,53.7069],[29.3335,53.713],[29.3375,53.7152],[29.3423,53.7169],[29.3477,53.7179],[29.3535,53.7182],[29.3593,53.7173],[29.3636,53.7155],[29.3672,53.7129],[29.3734,53.7073],[29.3769,53.7048],[29.3819,53.7031],[29.3881,53.7028],[29.3949,53.7053],[29.3988,53.7096],[29.4014,53.7163],[29.4052,53.7199],[29.4098,53.7223],[29.4226,53.7259],[29.4305,53.7297],[29.4334,53.7332],[29.4325,53.736],[29.4278,53.7379],[29.4145,53.74],[29.4086,53.7415],[29.4036,53.7436],[29.4007,53.7468],[29.3997,53.7513],[29.4021,53.7543],[29.4061,53.7566],[29.4378,53.7646],[29.4519,53.7696],[29.4646,53.7775],[29.4761,53.7864],[29.4805,53.792],[29.4818,53.7962],[29.4778,53.798],[29.4595,53.8],[29.4551,53.802],[29.4477,53.8068],[29.4432,53.8088],[29.4379,53.8098],[29.4322,53.8097],[29.4156,53.8074],[29.4097,53.8081],[29.4057,53.81],[29.3988,53.8151],[29.3945,53.8171],[29.3887,53.8184],[29.3689,53.8192],[29.3631,53.8202],[29.3602,53.822],[29.3621,53.8238],[29.3659,53.8256],[29.388,53.8325],[29.3962,53.8364],[29.3999,53.8404],[29.4016,53.8446],[29.4011,53.8483],[29.3994,53.8512],[29.3952,53.8521],[29.3906,53.8514],[29.3714,53.845],[29.3661,53.8444],[29.3611,53.845],[29.3574,53.8485],[29.3582,53.8514],[29.3611,53.8541],[29.3703,53.8593],[29.3835,53.8687],[29.3852,53.8724],[29.3828,53.8752],[29.3604,53.882],[29.3559,53.885],[29.3543,53.8909],[29.3574,53.8954],[29.3642,53.9016],[29.3652,53.9053],[29.3635,53.9083],[29.3611,53.9107],[29.3599,53.9128],[29.3596,53.9149],[29.3613,53.9298],[29.3611,53.9539],[29.3594,53.9614],[29.3565,53.9681],[29.3491,53.9769],[29.3428,53.9823],[29.34,53.9859],[29.338,53.9899],[29.3384,53.9968],[29.3391,53.9999],[29.3408,54.0032],[29.3507,54.0149],[29.3544,54.0179],[29.3585,54.0202],[29.3732,54.0249],[29.3813,54.0293],[29.3912,54.0376],[29.4101,54.0486],[29.4182,54.0549],[29.4213,54.0595],[29.4224,54.0638],[29.422,54.0676],[29.4209,54.0711],[29.4193,54.0745],[29.4172,54.0775],[29.4142,54.0804],[29.406,54.0852],[29.4027,54.0883],[29.4011,54.093],[29.4028,54.0966],[29.4063,54.0992],[29.4119,54.1008],[29.4184,54.1019],[29.4251,54.1043],[29.4277,54.1078],[29.4289,54.1118],[29.4297,54.1486],[29.4277,54.1656],[29.4296,54.1687],[29.4334,54.171],[29.4544,54.1786],[29.4614,54.1827],[29.4627,54.186],[29.4606,54.1887],[29.4564,54.1909],[29.4534,54.1935],[29.452,54.197],[29.4517,54.209],[29.4496,54.212],[29.4446,54.2139],[29.4246,54.2173],[29.4195,54.2197],[29.4168,54.2222],[29.4145,54.2313],[29.454,54.2479],[29.4668,54.2561],[29.4696,54.2593],[29.4795,54.2753],[29.484,54.2783],[29.4894,54.2802],[29.5076,54.2818],[29.5352,54.2866],[29.5396,54.2901],[29.5462,54.3015],[29.5551,54.3114],[29.5622,54.3153],[29.5693,54.3173],[29.583,54.3174],[29.5968,54.3157],[29.6552,54.3007],[29.6693,54.2996],[29.6985,54.3034],[29.7132,54.3025],[29.8025,54.3108],[29.826,54.3152],[29.8304,54.3173],[29.8335,54.3196],[29.8345,54.3221],[29.8318,54.3241],[29.8178,54.33],[29.815,54.3328],[29.8159,54.3366],[29.8215,54.3412],[29.8277,54.3429],[29.8342,54.3431],[29.8726,54.3358],[29.8778,54.334],[29.8809,54.3314],[29.8822,54.3283],[29.8803,54.3212],[29.8808,54.3182],[29.8834,54.3155],[29.8964,54.3092],[29.8997,54.3067],[29.9006,54.3038],[29.898,54.2977],[29.8986,54.2945],[29.9058,54.2924],[29.9176,54.2909],[29.9565,54.2898],[29.9644,54.2879],[29.966,54.2848],[29.9643,54.2776],[29.9699,54.2742],[29.982,54.272],[30.0111,54.271],[30.0248,54.2719],[30.0338,54.2739],[30.0369,54.2768],[30.0392,54.2803],[30.0408,54.284],[30.0406,54.2878],[30.0397,54.2913],[30.0378,54.2945],[30.0355,54.2975],[30.0329,54.3004],[30.0288,54.3066],[30.0274,54.31],[30.0241,54.3246],[30.0259,54.3285],[30.0306,54.3324],[30.0643,54.3446],[30.0718,54.3496],[30.0774,54.3559],[30.0792,54.3592],[30.0804,54.3621],[30.082,54.3654],[30.0855,54.3694],[30.0921,54.3744],[30.0987,54.3762],[30.1059,54.3763],[30.1117,54.3749],[30.1157,54.3729],[30.1168,54.3702],[30.1146,54.3677],[30.1069,54.3639],[30.1056,54.3612],[30.1078,54.3588],[30.144,54.3462],[30.1565,54.3383],[30.1648,54.3361],[30.171,54.3363],[30.1762,54.3377],[30.1796,54.3404],[30.1815,54.3441],[30.1837,54.3532],[30.1863,54.3581],[30.1909,54.3592],[30.2147,54.3561],[30.2335,54.3557],[30.2436,54.3566],[30.2514,54.3579],[30.2996,54.3777],[30.3066,54.3785],[30.3099,54.3769],[30.3085,54.3738],[30.298,54.3605],[30.2957,54.3569],[30.2904,54.35],[30.2844,54.344],[30.2591,54.3259],[30.256,54.3232],[30.2545,54.3202],[30.2557,54.3172],[30.258,54.3144],[30.2616,54.3123],[30.2658,54.311],[30.3227,54.3034],[30.3399,54.304],[30.3605,54.3095],[30.3879,54.3205],[30.3918,54.3229],[30.3949,54.3256],[30.397,54.3287],[30.398,54.3362],[30.3992,54.34],[30.4046,54.3443],[30.4107,54.3455],[30.4166,54.3448],[30.4211,54.3428],[30.425,54.3404],[30.4303,54.3348],[30.4464,54.3145],[30.4481,54.3129],[30.4617,54.3041],[30.479,54.2953],[30.4937,54.2908],[30.5088,54.2887],[30.5178,54.2886],[30.5249,54.2895],[30.5556,54.2983],[30.5603,54.3001],[30.5687,54.3044],[30.5763,54.3093],[30.5794,54.3123],[30.5818,54.3158],[30.5876,54.3278],[30.5899,54.3314],[30.5929,54.3345],[30.5965,54.3371],[30.6098,54.3431],[30.613,54.3457],[30.6152,54.3486],[30.6148,54.3518],[30.6123,54.3546],[30.5917,54.3661],[30.5882,54.3687],[30.5865,54.3718],[30.587,54.3754],[30.5892,54.3788],[30.5954,54.382],[30.6051,54.3848],[30.6489,54.3931],[30.6539,54.3955],[30.6571,54.3986],[30.6591,54.4061],[30.663,54.4102],[30.6698,54.4134],[30.6878,54.4192],[30.6985,54.4212],[30.708,54.4219],[30.7144,54.4209],[30.7533,54.4092],[30.8036,54.4037],[30.8708,54.4027],[30.8917,54.4043],[30.897,54.4056],[30.9012,54.4075],[30.9037,54.4101],[30.9043,54.4132],[30.9032,54.4163],[30.9017,54.4196],[30.902,54.4234],[30.9051,54.4275],[30.9158,54.4327],[30.9264,54.4348],[30.935,54.435],[30.9409,54.4338],[30.9671,54.4242],[31.0021,54.4178],[31.0221,54.4108],[31.0317,54.4063],[31.0381,54.4044],[31.0479,54.4031],[31.0528,54.4046],[31.0559,54.4074],[31.0558,54.4108],[31.0551,54.4142],[31.0536,54.4175],[31.0497,54.4239],[31.0486,54.4269],[31.0496,54.43],[31.0548,54.4327],[31.0632,54.4351],[31.0888,54.4396],[31.096,54.4414],[31.1181,54.4524],[31.126,54.454],[31.1352,54.4542],[31.1573,54.4517],[31.1731,54.4521],[31.179,54.4534]]]}},{"type":"Feature","properties":{"id":"BLR-2341","name":"Vitebsk","nameBn":"ভিটেবস্ক অঞ্চল","type":"Region","bounds":[26.1703,54.2251,31.179,56.1568],"center":[28.6747,55.3073]},"geometry":{"type":"Polygon","coordinates":[[[26.5423,55.3076],[26.5254,55.3081],[26.4658,55.3209],[26.45,55.3271],[26.4455,55.3375],[26.4552,55.3561],[26.4791,55.3814],[26.486,55.3908],[26.4992,55.4281],[26.5078,55.4391],[26.5433,55.4596],[26.5465,55.4712],[26.5277,55.4922],[26.5321,55.5163],[26.5516,55.5345],[26.5761,55.5506],[26.5956,55.568],[26.6052,55.5901],[26.6077,55.6165],[26.6038,55.6433],[26.5945,55.667],[26.6156,55.688],[26.6401,55.6956],[26.6669,55.694],[26.7201,55.6819],[26.743,55.6829],[26.8228,55.7061],[26.8428,55.7193],[26.9001,55.7787],[26.9578,55.8186],[26.9794,55.8263],[26.9811,55.8269],[27.1108,55.8363],[27.1514,55.8325],[27.1732,55.8257],[27.2355,55.7958],[27.263,55.7872],[27.2824,55.7919],[27.3292,55.8176],[27.3496,55.8312],[27.3746,55.8148],[27.4059,55.8043],[27.4388,55.7987],[27.5646,55.7922],[27.5927,55.7942],[27.6015,55.8096],[27.6101,55.831],[27.6172,55.8786],[27.645,55.9228],[27.7444,55.9597],[27.7601,55.9754],[27.777,55.9924],[27.7812,56.0164],[27.8125,56.0345],[27.8807,56.0639],[27.8927,56.0771],[27.9015,56.0893],[27.9115,56.1002],[27.9271,56.1094],[27.9397,56.1131],[27.981,56.118],[28.0238,56.1296],[28.0511,56.1407],[28.0682,56.1476],[28.111,56.1568],[28.1489,56.1424],[28.1691,56.1253],[28.2385,56.0826],[28.2694,56.0582],[28.2898,56.0466],[28.3109,56.0427],[28.3334,56.0502],[28.3665,56.0791],[28.3898,56.0886],[28.5378,56.0977],[28.5947,56.0924],[28.6115,56.0885],[28.6207,56.083],[28.6371,56.0657],[28.6719,56.0376],[28.6806,56.0274],[28.69,56.0039],[28.6955,55.9802],[28.7064,55.9598],[28.7319,55.9468],[28.809,55.9346],[28.8309,55.9377],[28.8331,55.961],[28.8597,55.9765],[28.9221,55.9921],[28.9222,55.9922],[28.9225,55.9922],[28.9808,56.0135],[29.0308,56.0242],[29.0886,56.0232],[29.1454,56.012],[29.1929,55.9921],[29.224,55.9782],[29.3774,55.954],[29.3956,55.9477],[29.4131,55.938],[29.4316,55.9242],[29.4411,55.9149],[29.4444,55.9069],[29.4406,55.9005],[29.4337,55.8995],[29.4256,55.9],[29.4174,55.898],[29.4078,55.8939],[29.3996,55.8919],[29.392,55.8884],[29.3841,55.8799],[29.3807,55.8712],[29.3757,55.8468],[29.3719,55.8364],[29.3482,55.8028],[29.3436,55.787],[29.3507,55.7661],[29.3634,55.7515],[29.4131,55.7278],[29.461,55.6873],[29.4809,55.6811],[29.5081,55.6855],[29.5854,55.738],[29.6842,55.7706],[29.7108,55.7738],[29.7799,55.7638],[29.8057,55.7715],[29.8448,55.8126],[29.8695,55.8305],[29.9078,55.8432],[29.9477,55.8482],[29.9882,55.8468],[30.1063,55.8219],[30.1324,55.8269],[30.1773,55.8514],[30.2003,55.858],[30.2178,55.8551],[30.2515,55.8376],[30.2708,55.8306],[30.4688,55.7935],[30.4774,55.7877],[30.4778,55.7791],[30.4718,55.771],[30.4693,55.7626],[30.4807,55.754],[30.5696,55.7295],[30.5801,55.7248],[30.5875,55.7183],[30.5916,55.7057],[30.5884,55.6966],[30.5837,55.6885],[30.5837,55.6791],[30.5964,55.6653],[30.6166,55.6574],[30.6391,55.6545],[30.68,55.6563],[30.6937,55.6522],[30.7033,55.6423],[30.713,55.6267],[30.7422,55.5944],[30.7707,55.5915],[30.8041,55.6023],[30.8477,55.611],[30.8862,55.6005],[30.9071,55.5778],[30.9128,55.5716],[30.9197,55.5345],[30.8994,55.4991],[30.9144,55.4933],[30.9194,55.4923],[30.9132,55.4797],[30.8872,55.4681],[30.8813,55.4514],[30.8891,55.4334],[30.9053,55.4209],[30.9186,55.4076],[30.9183,55.3878],[30.9059,55.376],[30.8456,55.3511],[30.8112,55.3231],[30.7972,55.3043],[30.7943,55.2855],[30.8041,55.273],[30.8214,55.2644],[30.8568,55.2535],[30.8698,55.2415],[30.8865,55.2045],[30.9007,55.1921],[30.9472,55.1714],[30.9598,55.1626],[30.9612,55.1585],[30.9568,55.1495],[30.9588,55.1444],[30.9622,55.1429],[30.9725,55.1409],[30.975,55.1395],[30.9795,55.1343],[30.984,55.1309],[30.9855,55.1258],[30.9806,55.1153],[30.9727,55.1086],[30.9703,55.1014],[30.9731,55.094],[30.9806,55.0863],[30.9942,55.067],[31.0064,55.0424],[31.0056,55.023],[30.9806,55.0187],[30.9335,55.0256],[30.9132,55.0246],[30.9066,55.0126],[30.917,54.996],[30.9314,54.9852],[30.9361,54.9732],[30.9174,54.954],[30.8995,54.9464],[30.8386,54.9392],[30.8148,54.928],[30.8174,54.9176],[30.8275,54.9025],[30.8261,54.8775],[30.8107,54.8615],[30.7879,54.8477],[30.7681,54.8299],[30.7626,54.802],[30.7706,54.786],[30.7861,54.7793],[30.8273,54.771],[30.9806,54.7057],[30.9955,54.6898],[30.999,54.6713],[31.0209,54.6737],[31.1052,54.6683],[31.1286,54.6404],[31.1679,54.6216],[31.1395,54.5829],[31.0896,54.5359],[31.0646,54.4923],[31.0936,54.4794],[31.1679,54.4671],[31.179,54.4534],[31.1731,54.4521],[31.1573,54.4517],[31.1352,54.4542],[31.126,54.454],[31.1181,54.4524],[31.096,54.4414],[31.0888,54.4396],[31.0632,54.4351],[31.0548,54.4327],[31.0496,54.43],[31.0486,54.4269],[31.0497,54.4239],[31.0536,54.4175],[31.0551,54.4142],[31.0558,54.4108],[31.0559,54.4074],[31.0528,54.4046],[31.0479,54.4031],[31.0381,54.4044],[31.0317,54.4063],[31.0221,54.4108],[31.0021,54.4178],[30.9671,54.4242],[30.9409,54.4338],[30.935,54.435],[30.9264,54.4348],[30.9158,54.4327],[30.9051,54.4275],[30.902,54.4234],[30.9017,54.4196],[30.9032,54.4163],[30.9043,54.4132],[30.9037,54.4101],[30.9012,54.4075],[30.897,54.4056],[30.8917,54.4043],[30.8708,54.4027],[30.8036,54.4037],[30.7533,54.4092],[30.7144,54.4209],[30.708,54.4219],[30.6985,54.4212],[30.6878,54.4192],[30.6698,54.4134],[30.663,54.4102],[30.6591,54.4061],[30.6571,54.3986],[30.6539,54.3955],[30.6489,54.3931],[30.6051,54.3848],[30.5954,54.382],[30.5892,54.3788],[30.587,54.3754],[30.5865,54.3718],[30.5882,54.3687],[30.5917,54.3661],[30.6123,54.3546],[30.6148,54.3518],[30.6152,54.3486],[30.613,54.3457],[30.6098,54.3431],[30.5965,54.3371],[30.5929,54.3345],[30.5899,54.3314],[30.5876,54.3278],[30.5818,54.3158],[30.5794,54.3123],[30.5763,54.3093],[30.5687,54.3044],[30.5603,54.3001],[30.5556,54.2983],[30.5249,54.2895],[30.5178,54.2886],[30.5088,54.2887],[30.4937,54.2908],[30.479,54.2953],[30.4617,54.3041],[30.4481,54.3129],[30.4464,54.3145],[30.4303,54.3348],[30.425,54.3404],[30.4211,54.3428],[30.4166,54.3448],[30.4107,54.3455],[30.4046,54.3443],[30.3992,54.34],[30.398,54.3362],[30.397,54.3287],[30.3949,54.3256],[30.3918,54.3229],[30.3879,54.3205],[30.3605,54.3095],[30.3399,54.304],[30.3227,54.3034],[30.2658,54.311],[30.2616,54.3123],[30.258,54.3144],[30.2557,54.3172],[30.2545,54.3202],[30.256,54.3232],[30.2591,54.3259],[30.2844,54.344],[30.2904,54.35],[30.2957,54.3569],[30.298,54.3605],[30.3085,54.3738],[30.3099,54.3769],[30.3066,54.3785],[30.2996,54.3777],[30.2514,54.3579],[30.2436,54.3566],[30.2335,54.3557],[30.2147,54.3561],[30.1909,54.3592],[30.1863,54.3581],[30.1837,54.3532],[30.1815,54.3441],[30.1796,54.3404],[30.1762,54.3377],[30.171,54.3363],[30.1648,54.3361],[30.1565,54.3383],[30.144,54.3462],[30.1078,54.3588],[30.1056,54.3612],[30.1069,54.3639],[30.1146,54.3677],[30.1168,54.3702],[30.1157,54.3729],[30.1117,54.3749],[30.1059,54.3763],[30.0987,54.3762],[30.0921,54.3744],[30.0855,54.3694],[30.082,54.3654],[30.0804,54.3621],[30.0792,54.3592],[30.0774,54.3559],[30.0718,54.3496],[30.0643,54.3446],[30.0306,54.3324],[30.0259,54.3285],[30.0241,54.3246],[30.0274,54.31],[30.0288,54.3066],[30.0329,54.3004],[30.0355,54.2975],[30.0378,54.2945],[30.0397,54.2913],[30.0406,54.2878],[30.0408,54.284],[30.0392,54.2803],[30.0369,54.2768],[30.0338,54.2739],[30.0248,54.2719],[30.0111,54.271],[29.982,54.272],[29.9699,54.2742],[29.9643,54.2776],[29.966,54.2848],[29.9644,54.2879],[29.9565,54.2898],[29.9176,54.2909],[29.9058,54.2924],[29.8986,54.2945],[29.898,54.2977],[29.9006,54.3038],[29.8997,54.3067],[29.8964,54.3092],[29.8834,54.3155],[29.8808,54.3182],[29.8803,54.3212],[29.8822,54.3283],[29.8809,54.3314],[29.8778,54.334],[29.8726,54.3358],[29.8342,54.3431],[29.8277,54.3429],[29.8215,54.3412],[29.8159,54.3366],[29.815,54.3328],[29.8178,54.33],[29.8318,54.3241],[29.8345,54.3221],[29.8335,54.3196],[29.8304,54.3173],[29.826,54.3152],[29.8025,54.3108],[29.7132,54.3025],[29.6985,54.3034],[29.6693,54.2996],[29.6552,54.3007],[29.5968,54.3157],[29.583,54.3174],[29.5693,54.3173],[29.5622,54.3153],[29.5551,54.3114],[29.5462,54.3015],[29.5396,54.2901],[29.5352,54.2866],[29.5076,54.2818],[29.4894,54.2802],[29.484,54.2783],[29.4795,54.2753],[29.4696,54.2593],[29.4668,54.2561],[29.454,54.2479],[29.4145,54.2313],[29.3831,54.2251],[29.3771,54.2254],[29.3694,54.227],[29.3647,54.2303],[29.3588,54.2355],[29.3562,54.2398],[29.3553,54.2443],[29.358,54.2655],[29.359,54.2694],[29.361,54.2729],[29.3639,54.276],[29.3672,54.2787],[29.3969,54.2933],[29.4014,54.2962],[29.4054,54.3001],[29.4095,54.3064],[29.4097,54.3107],[29.4083,54.3142],[29.388,54.3332],[29.3813,54.337],[29.3763,54.3391],[29.3667,54.3446],[29.3667,54.347],[29.3676,54.3484],[29.3748,54.3521],[29.3787,54.3555],[29.3819,54.3599],[29.385,54.3671],[29.3883,54.3712],[29.3929,54.3736],[29.3985,54.3746],[29.4051,54.3849],[29.4117,54.4033],[29.4249,54.487],[29.4272,54.4905],[29.4327,54.4966],[29.4365,54.4998],[29.444,54.5047],[29.4478,54.5079],[29.4517,54.5119],[29.4561,54.5182],[29.4564,54.5227],[29.4545,54.5262],[29.4402,54.537],[29.4368,54.541],[29.437,54.5442],[29.4392,54.5472],[29.454,54.5572],[29.4877,54.5753],[29.4918,54.5791],[29.4919,54.5847],[29.4853,54.606],[29.4792,54.6118],[29.473,54.6157],[29.4601,54.6176],[29.4544,54.6174],[29.4511,54.6153],[29.4503,54.6121],[29.4509,54.6004],[29.4503,54.5963],[29.4489,54.5923],[29.4463,54.589],[29.4429,54.5864],[29.4385,54.5844],[29.4331,54.5831],[29.4269,54.5827],[29.3991,54.5861],[29.3749,54.5917],[29.3614,54.5931],[29.355,54.5928],[29.3443,54.5903],[29.3347,54.5869],[29.3088,54.5748],[29.304,54.5736],[29.2984,54.5741],[29.2775,54.5804],[29.266,54.5819],[29.2325,54.5823],[29.2273,54.5833],[29.2258,54.5864],[29.2255,54.5902],[29.2266,54.5987],[29.2263,54.6057],[29.2249,54.6145],[29.219,54.6313],[29.2125,54.6376],[29.2055,54.6409],[29.1991,54.6404],[29.1934,54.6395],[29.173,54.6337],[29.1501,54.6297],[29.1436,54.6296],[29.1371,54.6306],[29.1313,54.6331],[29.1299,54.6365],[29.1307,54.6396],[29.1338,54.6424],[29.1419,54.6469],[29.1442,54.6496],[29.1409,54.6503],[29.136,54.6502],[29.1141,54.6455],[29.0944,54.6392],[29.0903,54.6369],[29.0869,54.6343],[29.0724,54.6186],[29.0686,54.616],[29.0643,54.6141],[29.0599,54.6127],[29.0416,54.6099],[29.0142,54.6098],[28.8846,54.6237],[28.879,54.6232],[28.8747,54.6214],[28.872,54.6185],[28.8678,54.6073],[28.8644,54.6002],[28.865,54.597],[28.8672,54.5942],[28.8841,54.5814],[28.8861,54.5787],[28.8852,54.5754],[28.8832,54.5722],[28.8745,54.5628],[28.8711,54.5601],[28.8666,54.5582],[28.8553,54.5562],[28.8411,54.5551],[28.8318,54.5559],[28.8286,54.5589],[28.8276,54.5628],[28.8278,54.5673],[28.8265,54.5716],[28.8242,54.5765],[28.8185,54.5786],[28.8115,54.5798],[28.7679,54.5831],[28.7614,54.5828],[28.7561,54.5814],[28.7449,54.574],[28.7408,54.5719],[28.736,54.5703],[28.7303,54.5695],[28.7244,54.5698],[28.6647,54.5825],[28.6576,54.5861],[28.6529,54.5897],[28.6481,54.5998],[28.6473,54.6035],[28.6472,54.6073],[28.6481,54.6114],[28.6501,54.6149],[28.6645,54.6307],[28.6648,54.6356],[28.6624,54.6417],[28.6503,54.6533],[28.6424,54.6573],[28.6366,54.658],[28.6324,54.656],[28.6115,54.6401],[28.6068,54.6376],[28.6017,54.6359],[28.5947,54.6353],[28.591,54.6372],[28.5888,54.6403],[28.5862,54.6473],[28.5842,54.6512],[28.5814,54.6552],[28.5766,54.66],[28.5712,54.661],[28.5655,54.6609],[28.4861,54.6465],[28.4813,54.6448],[28.4779,54.6421],[28.4752,54.6387],[28.465,54.6199],[28.4624,54.6166],[28.4578,54.6094],[28.4562,54.6054],[28.425,54.5547],[28.4211,54.5511],[28.4118,54.5494],[28.3936,54.55],[28.3551,54.5618],[28.3479,54.5657],[28.3436,54.5719],[28.3423,54.5754],[28.3399,54.5795],[28.3339,54.5844],[28.3222,54.5917],[28.2879,54.6034],[28.2805,54.6082],[28.274,54.6134],[28.2665,54.6222],[28.2647,54.6255],[28.2606,54.6302],[28.2551,54.6357],[28.2413,54.6445],[28.2343,54.6478],[28.2272,54.6496],[28.1995,54.6509],[28.1501,54.6454],[28.1284,54.6406],[28.1059,54.6311],[28.102,54.6287],[28.0952,54.627],[28.0862,54.6262],[28.0401,54.6334],[28.0338,54.6338],[27.9245,54.6147],[27.9087,54.6136],[27.9048,54.6159],[27.9027,54.6191],[27.902,54.623],[27.9019,54.6316],[27.9011,54.636],[27.898,54.6406],[27.8929,54.6431],[27.8803,54.6459],[27.8741,54.6467],[27.8682,54.6464],[27.8636,54.6449],[27.846,54.6317],[27.8422,54.6293],[27.8306,54.6283],[27.8131,54.6289],[27.7563,54.6387],[27.7497,54.6427],[27.7467,54.6474],[27.7399,54.6535],[27.7153,54.6655],[27.707,54.6709],[27.7034,54.6763],[27.7025,54.6807],[27.6986,54.6864],[27.6837,54.6958],[27.6786,54.7016],[27.6771,54.7061],[27.6823,54.7125],[27.687,54.7196],[27.6904,54.7276],[27.6916,54.7316],[27.6919,54.7356],[27.6864,54.7406],[27.6755,54.7466],[27.6238,54.766],[27.527,54.7752],[27.5199,54.778],[27.5174,54.7819],[27.5185,54.7861],[27.5236,54.798],[27.5248,54.8019],[27.5247,54.8056],[27.5231,54.8089],[27.5195,54.8118],[27.4418,54.8498],[27.439,54.8519],[27.4329,54.8586],[27.4238,54.8659],[27.4145,54.8714],[27.4067,54.8733],[27.3991,54.8741],[27.3451,54.8709],[27.3249,54.8717],[27.3193,54.874],[27.3164,54.8772],[27.3156,54.881],[27.315,54.8889],[27.3142,54.8927],[27.3127,54.8962],[27.3108,54.8994],[27.3059,54.9053],[27.2876,54.9222],[27.2796,54.9276],[27.2536,54.9397],[27.25,54.9426],[27.2497,54.9454],[27.2517,54.9483],[27.278,54.9708],[27.2802,54.974],[27.2812,54.9775],[27.2783,54.9819],[27.2722,54.9866],[27.2587,54.9941],[27.2497,54.9968],[27.2421,54.9976],[27.1875,54.9898],[27.1155,55.0018],[27.1062,55.0021],[27.0743,54.9879],[27.072,54.9851],[27.0719,54.9819],[27.073,54.9785],[27.0779,54.9683],[27.0788,54.9647],[27.0793,54.9609],[27.0784,54.9574],[27.0756,54.9546],[27.0709,54.953],[27.0595,54.9509],[26.9836,54.9483],[26.944,54.9504],[26.9368,54.9525],[26.9317,54.955],[26.9254,54.9614],[26.9125,54.9717],[26.9046,54.9742],[26.897,54.9754],[26.7952,54.9655],[26.7843,54.9629],[26.7537,54.9485],[26.7409,54.9451],[26.73,54.9439],[26.7235,54.9449],[26.7191,54.9471],[26.7134,54.9543],[26.7081,54.9589],[26.6966,54.9656],[26.6881,54.9686],[26.6796,54.9703],[26.649,54.9716],[26.6265,54.9705],[26.6174,54.9692],[26.615,54.9681],[26.6106,54.9631],[26.6052,54.9589],[26.5962,54.9551],[26.5859,54.9527],[26.5714,54.9523],[26.5618,54.9542],[26.5538,54.9573],[26.5444,54.9622],[26.5349,54.964],[26.4805,54.9622],[26.4518,54.9647],[26.431,54.9691],[26.3933,54.9808],[26.3832,54.9825],[26.3762,54.9819],[26.3702,54.9798],[26.3653,54.9761],[26.3624,54.9713],[26.3616,54.9666],[26.3627,54.9622],[26.3649,54.9585],[26.366,54.9555],[26.3653,54.9529],[26.3621,54.95],[26.3584,54.9479],[26.3481,54.9433],[26.3329,54.9495],[26.3224,54.9482],[26.3131,54.9457],[26.2913,54.9327],[26.2848,54.9303],[26.2777,54.929],[26.2696,54.9305],[26.2623,54.9346],[26.2536,54.9461],[26.2485,54.9642],[26.2479,54.9698],[26.24,54.9748],[26.2341,54.9773],[26.1733,54.9909],[26.1703,54.9933],[26.1878,55.0087],[26.2246,55.0549],[26.2294,55.0634],[26.2312,55.0755],[26.2303,55.1003],[26.233,55.1116],[26.2644,55.1401],[26.3095,55.1446],[26.4203,55.1281],[26.4288,55.1282],[26.4386,55.13],[26.4448,55.1339],[26.4507,55.1398],[26.4591,55.1447],[26.4734,55.1457],[26.5789,55.1185],[26.6009,55.1208],[26.6163,55.1354],[26.6275,55.1644],[26.6339,55.1922],[26.6411,55.2028],[26.657,55.2153],[26.6857,55.2316],[26.7011,55.2368],[26.7399,55.2428],[26.7656,55.2467],[26.7897,55.2572],[26.8007,55.2733],[26.7916,55.2902],[26.7686,55.3002],[26.6027,55.3169],[26.5423,55.3076]]]}}]}