{"type":"FeatureCollection","features":[{"type":"Feature","properties":{"id":"ECU-1266","name":"Azuay","nameBn":"আজুয়ায় প্রদেশ","type":"Province","bounds":[-79.7605,-3.636,-78.4214,-2.4971],"center":[-79.0909,-3.1528]},"geometry":{"type":"Polygon","coordinates":[[[-79.4374,-2.4971],[-79.4038,-2.4987],[-79.3881,-2.5078],[-79.3764,-2.5209],[-79.3587,-2.5597],[-79.3492,-2.57],[-79.336,-2.5748],[-79.3107,-2.5771],[-79.294,-2.588],[-79.2856,-2.5982],[-79.2809,-2.6086],[-79.2749,-2.619],[-79.2668,-2.6305],[-79.1777,-2.7226],[-79.1636,-2.7317],[-79.1529,-2.735],[-79.1426,-2.7285],[-79.1396,-2.7211],[-79.1381,-2.712],[-79.1379,-2.7033],[-79.1323,-2.697],[-79.1238,-2.6911],[-79.1039,-2.6832],[-79.0952,-2.6768],[-79.0898,-2.6699],[-79.088,-2.6626],[-79.0842,-2.6555],[-79.0787,-2.6508],[-79.072,-2.65],[-79.0605,-2.6543],[-79.0478,-2.6624],[-79.0328,-2.6755],[-79.0197,-2.6893],[-78.9911,-2.7272],[-78.9732,-2.7392],[-78.951,-2.7622],[-78.9448,-2.7713],[-78.9406,-2.7814],[-78.9361,-2.8064],[-78.93,-2.8171],[-78.9152,-2.8225],[-78.8784,-2.8262],[-78.863,-2.8256],[-78.8528,-2.8241],[-78.843,-2.8216],[-78.8356,-2.821],[-78.8267,-2.8222],[-78.8201,-2.8239],[-78.8162,-2.8225],[-78.815,-2.8162],[-78.817,-2.7999],[-78.8159,-2.792],[-78.812,-2.7836],[-78.7928,-2.7601],[-78.7891,-2.7544],[-78.7869,-2.7471],[-78.7878,-2.7399],[-78.7913,-2.7302],[-78.7937,-2.719],[-78.7908,-2.7096],[-78.7842,-2.6996],[-78.7758,-2.6919],[-78.7662,-2.6871],[-78.7529,-2.6881],[-78.733,-2.6919],[-78.7256,-2.691],[-78.7161,-2.6858],[-78.7026,-2.6764],[-78.6834,-2.6601],[-78.6725,-2.6531],[-78.6501,-2.6481],[-78.638,-2.644],[-78.6236,-2.6329],[-78.6174,-2.6201],[-78.6157,-2.6082],[-78.6107,-2.5974],[-78.6005,-2.5866],[-78.5644,-2.5616],[-78.5491,-2.5629],[-78.5553,-2.5927],[-78.554,-2.6023],[-78.5503,-2.6125],[-78.5428,-2.6196],[-78.5333,-2.6239],[-78.5264,-2.6228],[-78.522,-2.6175],[-78.5199,-2.6066],[-78.5162,-2.596],[-78.5103,-2.5852],[-78.4998,-2.5763],[-78.4905,-2.5711],[-78.4807,-2.5681],[-78.4721,-2.5683],[-78.4659,-2.5709],[-78.4346,-2.5944],[-78.4278,-2.6015],[-78.4239,-2.6104],[-78.4214,-2.6185],[-78.4214,-2.627],[-78.4257,-2.6357],[-78.4368,-2.6453],[-78.5476,-2.7018],[-78.5577,-2.71],[-78.5664,-2.7208],[-78.5975,-2.7792],[-78.5987,-2.7859],[-78.5957,-2.7928],[-78.5897,-2.8009],[-78.5811,-2.8101],[-78.5741,-2.82],[-78.5702,-2.8297],[-78.5699,-2.8392],[-78.576,-2.8536],[-78.6233,-2.9316],[-78.6295,-2.9479],[-78.6321,-2.9585],[-78.6561,-3.0084],[-78.6602,-3.0243],[-78.6601,-3.0402],[-78.6581,-3.0551],[-78.6619,-3.073],[-78.6717,-3.0908],[-78.6977,-3.1191],[-78.7224,-3.139],[-78.7565,-3.1574],[-78.794,-3.1697],[-78.8144,-3.1894],[-78.9376,-3.2878],[-78.942,-3.2975],[-78.9438,-3.3048],[-78.939,-3.3227],[-78.9589,-3.3415],[-79.0155,-3.3729],[-79.0329,-3.3862],[-79.0461,-3.3992],[-79.0551,-3.4122],[-79.0597,-3.4223],[-79.0612,-3.4312],[-79.0598,-3.4393],[-79.0547,-3.4542],[-79.0497,-3.46],[-79.0469,-3.4664],[-79.0463,-3.4747],[-79.0529,-3.4936],[-79.0555,-3.5047],[-79.056,-3.5166],[-79.0502,-3.5521],[-79.0614,-3.6097],[-79.0655,-3.6194],[-79.071,-3.6275],[-79.0781,-3.631],[-79.0847,-3.6333],[-79.1022,-3.636],[-79.1204,-3.6109],[-79.1233,-3.5803],[-79.1234,-3.557],[-79.1305,-3.5375],[-79.1609,-3.4888],[-79.1712,-3.4679],[-79.1788,-3.4482],[-79.1849,-3.4421],[-79.1937,-3.4438],[-79.2213,-3.4578],[-79.2366,-3.4608],[-79.2565,-3.4607],[-79.2817,-3.4499],[-79.2935,-3.4373],[-79.2996,-3.424],[-79.3017,-3.4022],[-79.3003,-3.3833],[-79.3009,-3.3722],[-79.3069,-3.3568],[-79.3179,-3.3468],[-79.3295,-3.3409],[-79.3431,-3.34],[-79.3705,-3.3427],[-79.4055,-3.3422],[-79.4326,-3.3381],[-79.4578,-3.328],[-79.4903,-3.3158],[-79.5079,-3.313],[-79.5213,-3.3126],[-79.558,-3.3172],[-79.6149,-3.3299],[-79.65,-3.3288],[-79.6616,-3.3247],[-79.6678,-3.3198],[-79.6658,-3.3113],[-79.6619,-3.3072],[-79.6427,-3.2978],[-79.6322,-3.2909],[-79.6269,-3.2816],[-79.621,-3.2607],[-79.5991,-3.2174],[-79.5947,-3.2044],[-79.593,-3.1897],[-79.5952,-3.175],[-79.6004,-3.1617],[-79.6385,-3.1289],[-79.7605,-3.0647],[-79.7595,-3.0453],[-79.7558,-3.0364],[-79.7488,-3.0237],[-79.6948,-2.9571],[-79.6942,-2.9493],[-79.6959,-2.9208],[-79.702,-2.8935],[-79.7036,-2.875],[-79.6998,-2.8497],[-79.6906,-2.8257],[-79.4718,-2.5972],[-79.4672,-2.5938],[-79.4613,-2.5906],[-79.4553,-2.5863],[-79.4468,-2.5787],[-79.4248,-2.5553],[-79.4191,-2.5455],[-79.4172,-2.5342],[-79.425,-2.5226],[-79.4374,-2.4971]]]}},{"type":"Feature","properties":{"id":"ECU-1277","name":"Bolivar","nameBn":"বলিভার প্রদেশ","type":"Province","bounds":[-79.3884,-2.2037,-78.8526,-1.1523],"center":[-79.1205,-1.6762]},"geometry":{"type":"Polygon","coordinates":[[[-78.8662,-1.1783],[-78.8877,-1.2181],[-78.8902,-1.2309],[-78.8921,-1.2692],[-78.8962,-1.2856],[-78.9101,-1.3145],[-78.9163,-1.3328],[-78.9276,-1.3832],[-78.9238,-1.3971],[-78.9,-1.4324],[-78.8888,-1.4455],[-78.8807,-1.4592],[-78.8811,-1.4802],[-78.8793,-1.4894],[-78.8737,-1.5023],[-78.8577,-1.5276],[-78.8526,-1.5409],[-78.8529,-1.5569],[-78.8569,-1.5807],[-78.8579,-1.6039],[-78.8561,-1.6373],[-78.8598,-1.6639],[-78.8701,-1.69],[-78.8907,-1.7207],[-78.9257,-1.7521],[-78.9397,-1.7559],[-78.9752,-1.7605],[-78.9875,-1.7665],[-78.9969,-1.7739],[-79.0017,-1.7819],[-79.005,-1.7915],[-79.0048,-1.8094],[-79.0088,-1.8539],[-79.006,-1.8859],[-78.9996,-1.9074],[-78.9996,-1.9183],[-79.0256,-2.0469],[-79.0245,-2.0596],[-79.0215,-2.0686],[-79.0163,-2.0778],[-79.0146,-2.0882],[-79.0164,-2.0988],[-79.0211,-2.1108],[-79.0406,-2.1391],[-79.0763,-2.1752],[-79.1301,-2.2037],[-79.1273,-2.1628],[-79.1318,-2.1543],[-79.1399,-2.1465],[-79.1492,-2.1458],[-79.1587,-2.152],[-79.1651,-2.158],[-79.1716,-2.162],[-79.1832,-2.1626],[-79.195,-2.162],[-79.2355,-2.1543],[-79.2199,-2.1235],[-79.2124,-2.0896],[-79.2053,-2.0733],[-79.2055,-2.065],[-79.2119,-2.051],[-79.2465,-1.9955],[-79.2782,-1.9539],[-79.2795,-1.9449],[-79.2751,-1.9366],[-79.263,-1.9286],[-79.2585,-1.9231],[-79.2416,-1.8567],[-79.2321,-1.8369],[-79.2294,-1.8229],[-79.2341,-1.8115],[-79.2411,-1.8012],[-79.2485,-1.7878],[-79.2521,-1.7749],[-79.2535,-1.7644],[-79.249,-1.7445],[-79.2504,-1.7362],[-79.2807,-1.692],[-79.2916,-1.6698],[-79.2993,-1.6596],[-79.306,-1.6568],[-79.3127,-1.6572],[-79.3176,-1.6552],[-79.3216,-1.6496],[-79.327,-1.6469],[-79.3343,-1.6453],[-79.3402,-1.6428],[-79.3439,-1.6383],[-79.3408,-1.6318],[-79.3358,-1.6281],[-79.3276,-1.6231],[-79.3201,-1.6167],[-79.2924,-1.5853],[-79.2864,-1.5839],[-79.2814,-1.5856],[-79.2753,-1.5894],[-79.2709,-1.5893],[-79.2664,-1.5858],[-79.2611,-1.5774],[-79.2565,-1.5683],[-79.2516,-1.5542],[-79.2501,-1.5409],[-79.2553,-1.5284],[-79.2644,-1.5196],[-79.296,-1.4991],[-79.3098,-1.4853],[-79.3185,-1.468],[-79.3223,-1.4468],[-79.3209,-1.3696],[-79.319,-1.3592],[-79.3141,-1.3528],[-79.3101,-1.3514],[-79.3048,-1.3523],[-79.2995,-1.3494],[-79.2943,-1.3449],[-79.2909,-1.3396],[-79.2922,-1.3344],[-79.3209,-1.3137],[-79.33,-1.2956],[-79.3373,-1.2911],[-79.3432,-1.2912],[-79.3498,-1.2965],[-79.3624,-1.3156],[-79.3697,-1.3221],[-79.3778,-1.3259],[-79.3853,-1.3241],[-79.3884,-1.3181],[-79.386,-1.3057],[-79.3704,-1.2884],[-79.3467,-1.2501],[-79.3278,-1.2252],[-79.2807,-1.2026],[-79.2345,-1.1996],[-79.1612,-1.1629],[-79.1378,-1.1562],[-79.1095,-1.1523],[-79.0955,-1.1526],[-79.0821,-1.1549],[-79.0756,-1.1602],[-79.0706,-1.1671],[-79.0642,-1.1743],[-79.0341,-1.1938],[-79.0148,-1.2027],[-78.9909,-1.2093],[-78.9685,-1.2087],[-78.9512,-1.2034],[-78.9238,-1.18],[-78.9069,-1.1716],[-78.895,-1.17],[-78.8662,-1.1783]]]}},{"type":"Feature","properties":{"id":"ECU-1409","name":"Carchi","nameBn":"কারচি প্রদেশ","type":"Province","bounds":[-78.5348,0.3457,-77.5141,1.1871],"center":[-78.0243,0.6866]},"geometry":{"type":"Polygon","coordinates":[[[-78.4781,1.1871],[-78.4669,1.1784],[-78.3728,1.0738],[-78.3492,1.0558],[-78.3301,1.0465],[-78.2706,1.0305],[-78.2502,1.0196],[-78.12,0.9212],[-78.0779,0.9008],[-78.007,0.8982],[-77.939,0.8726],[-77.9282,0.8724],[-77.9231,0.875],[-77.9183,0.8744],[-77.9085,0.8642],[-77.905,0.854],[-77.9053,0.8429],[-77.9032,0.8321],[-77.8926,0.8231],[-77.8693,0.8141],[-77.848,0.8093],[-77.8277,0.8089],[-77.8076,0.813],[-77.7279,0.8433],[-77.7032,0.8431],[-77.6733,0.8196],[-77.6668,0.7477],[-77.6456,0.7163],[-77.5798,0.6709],[-77.5434,0.6564],[-77.5141,0.6605],[-77.5177,0.6562],[-77.5534,0.6289],[-77.57,0.6247],[-77.5898,0.6328],[-77.5952,0.6339],[-77.6227,0.6339],[-77.6317,0.6353],[-77.6473,0.6404],[-77.6557,0.6422],[-77.6616,0.6423],[-77.6661,0.6416],[-77.6695,0.6387],[-77.6723,0.6338],[-77.6743,0.6233],[-77.673,0.617],[-77.6702,0.6119],[-77.6593,0.6033],[-77.6546,0.5984],[-77.6517,0.5933],[-77.6504,0.5889],[-77.65,0.585],[-77.6537,0.5789],[-77.6609,0.5719],[-77.6982,0.544],[-77.7062,0.5365],[-77.7751,0.4483],[-77.7837,0.4347],[-77.7893,0.4225],[-77.791,0.4058],[-77.7903,0.3964],[-77.7878,0.3835],[-77.7919,0.371],[-77.8141,0.3457],[-77.8384,0.3578],[-77.8555,0.3802],[-77.8675,0.3886],[-77.9149,0.4144],[-77.9551,0.4431],[-78.0005,0.4687],[-78.0354,0.4768],[-78.0532,0.4786],[-78.0734,0.4837],[-78.0862,0.4918],[-78.0926,0.4985],[-78.1308,0.5056],[-78.1419,0.5207],[-78.1471,0.5379],[-78.1484,0.556],[-78.1469,0.585],[-78.1478,0.5937],[-78.1686,0.6514],[-78.2082,0.7014],[-78.2342,0.7465],[-78.2584,0.7754],[-78.289,0.8018],[-78.3344,0.8315],[-78.352,0.8475],[-78.3603,0.8528],[-78.372,0.8559],[-78.4087,0.859],[-78.4286,0.8654],[-78.4421,0.8719],[-78.4471,0.8744],[-78.4635,0.886],[-78.4817,0.9048],[-78.4975,0.9143],[-78.5077,0.9131],[-78.5197,0.9249],[-78.5235,0.9284],[-78.532,0.946],[-78.5348,0.964],[-78.5306,1.0214],[-78.5244,1.0408],[-78.5006,1.0784],[-78.4941,1.1008],[-78.4944,1.1326],[-78.497,1.1501],[-78.4973,1.1642],[-78.4957,1.1713],[-78.4783,1.187],[-78.4781,1.1871]]]}},{"type":"Feature","properties":{"id":"ECU-1278","name":"Cañar","nameBn":"কানিয়ার প্রদেশ","type":"Province","bounds":[-79.5143,-2.8262,-78.4812,-2.2037],"center":[-78.9978,-2.5441]},"geometry":{"type":"Polygon","coordinates":[[[-79.1529,-2.735],[-79.1636,-2.7317],[-79.1777,-2.7226],[-79.2668,-2.6305],[-79.2749,-2.619],[-79.2809,-2.6086],[-79.2856,-2.5982],[-79.294,-2.588],[-79.3107,-2.5771],[-79.336,-2.5748],[-79.3492,-2.57],[-79.3587,-2.5597],[-79.3764,-2.5209],[-79.3881,-2.5078],[-79.4038,-2.4987],[-79.4374,-2.4971],[-79.4662,-2.5056],[-79.4897,-2.5178],[-79.5047,-2.5158],[-79.5129,-2.5088],[-79.5143,-2.4952],[-79.4582,-2.4435],[-79.4251,-2.4218],[-79.424,-2.4164],[-79.4279,-2.4093],[-79.4311,-2.4011],[-79.4299,-2.3935],[-79.4257,-2.3849],[-79.4257,-2.3607],[-79.4164,-2.3479],[-79.4058,-2.3371],[-79.3787,-2.3163],[-79.3648,-2.3085],[-79.3526,-2.3033],[-79.235,-2.2818],[-79.2151,-2.2762],[-79.192,-2.2669],[-79.1687,-2.2538],[-79.155,-2.2432],[-79.1448,-2.2318],[-79.1395,-2.2245],[-79.1301,-2.2037],[-79.1263,-2.2298],[-79.1232,-2.2359],[-79.1167,-2.245],[-79.1114,-2.2491],[-79.1047,-2.2522],[-79.0997,-2.2553],[-79.0955,-2.2594],[-79.0902,-2.2744],[-79.0852,-2.2821],[-79.079,-2.2868],[-79.0693,-2.2927],[-79.0602,-2.3004],[-79.0284,-2.3451],[-79.0134,-2.3591],[-78.9987,-2.3695],[-78.9776,-2.378],[-78.9578,-2.3917],[-78.9451,-2.3974],[-78.9223,-2.4004],[-78.8939,-2.3974],[-78.8624,-2.39],[-78.8274,-2.3721],[-78.8105,-2.358],[-78.788,-2.3348],[-78.762,-2.326],[-78.7252,-2.3171],[-78.5988,-2.3025],[-78.5799,-2.3115],[-78.5784,-2.3227],[-78.5651,-2.3306],[-78.5026,-2.3583],[-78.4878,-2.3694],[-78.4812,-2.3807],[-78.4834,-2.3899],[-78.4851,-2.4011],[-78.484,-2.4579],[-78.4878,-2.4763],[-78.4888,-2.4857],[-78.4887,-2.4974],[-78.4902,-2.5059],[-78.4937,-2.5133],[-78.5177,-2.5497],[-78.528,-2.5622],[-78.5322,-2.565],[-78.5356,-2.5669],[-78.5391,-2.567],[-78.5419,-2.5669],[-78.5491,-2.5629],[-78.5644,-2.5616],[-78.6005,-2.5866],[-78.6107,-2.5974],[-78.6157,-2.6082],[-78.6174,-2.6201],[-78.6236,-2.6329],[-78.638,-2.644],[-78.6501,-2.6481],[-78.6725,-2.6531],[-78.6834,-2.6601],[-78.7026,-2.6764],[-78.7161,-2.6858],[-78.7256,-2.691],[-78.733,-2.6919],[-78.7529,-2.6881],[-78.7662,-2.6871],[-78.7758,-2.6919],[-78.7842,-2.6996],[-78.7908,-2.7096],[-78.7937,-2.719],[-78.7913,-2.7302],[-78.7878,-2.7399],[-78.7869,-2.7471],[-78.7891,-2.7544],[-78.7928,-2.7601],[-78.812,-2.7836],[-78.8159,-2.792],[-78.817,-2.7999],[-78.815,-2.8162],[-78.8162,-2.8225],[-78.8201,-2.8239],[-78.8267,-2.8222],[-78.8356,-2.821],[-78.843,-2.8216],[-78.8528,-2.8241],[-78.863,-2.8256],[-78.8784,-2.8262],[-78.9152,-2.8225],[-78.93,-2.8171],[-78.9361,-2.8064],[-78.9406,-2.7814],[-78.9448,-2.7713],[-78.951,-2.7622],[-78.9732,-2.7392],[-78.9911,-2.7272],[-79.0197,-2.6893],[-79.0328,-2.6755],[-79.0478,-2.6624],[-79.0605,-2.6543],[-79.072,-2.65],[-79.0787,-2.6508],[-79.0842,-2.6555],[-79.088,-2.6626],[-79.0898,-2.6699],[-79.0952,-2.6768],[-79.1039,-2.6832],[-79.1238,-2.6911],[-79.1323,-2.697],[-79.1379,-2.7033],[-79.1381,-2.712],[-79.1396,-2.7211],[-79.1426,-2.7285],[-79.1529,-2.735]]]}},{"type":"Feature","properties":{"id":"ECU-1284","name":"Chimborazo","nameBn":"চিম্বোরাজো প্রদেশ","type":"Province","bounds":[-79.1301,-2.4004,-78.3534,-1.4244],"center":[-78.7417,-1.8892]},"geometry":{"type":"Polygon","coordinates":[[[-78.9223,-2.4004],[-78.9451,-2.3974],[-78.9578,-2.3917],[-78.9776,-2.378],[-78.9987,-2.3695],[-79.0134,-2.3591],[-79.0284,-2.3451],[-79.0602,-2.3004],[-79.0693,-2.2927],[-79.079,-2.2868],[-79.0852,-2.2821],[-79.0902,-2.2744],[-79.0955,-2.2594],[-79.0997,-2.2553],[-79.1047,-2.2522],[-79.1114,-2.2491],[-79.1167,-2.245],[-79.1232,-2.2359],[-79.1263,-2.2298],[-79.1301,-2.2037],[-79.0763,-2.1752],[-79.0406,-2.1391],[-79.0211,-2.1108],[-79.0164,-2.0988],[-79.0146,-2.0882],[-79.0163,-2.0778],[-79.0215,-2.0686],[-79.0245,-2.0596],[-79.0256,-2.0469],[-78.9996,-1.9183],[-78.9996,-1.9074],[-79.006,-1.8859],[-79.0088,-1.8539],[-79.0048,-1.8094],[-79.005,-1.7915],[-79.0017,-1.7819],[-78.9969,-1.7739],[-78.9875,-1.7665],[-78.9752,-1.7605],[-78.9397,-1.7559],[-78.9257,-1.7521],[-78.8907,-1.7207],[-78.8701,-1.69],[-78.8598,-1.6639],[-78.8561,-1.6373],[-78.8579,-1.6039],[-78.8569,-1.5807],[-78.8529,-1.5569],[-78.8526,-1.5409],[-78.8577,-1.5276],[-78.8737,-1.5023],[-78.8793,-1.4894],[-78.8811,-1.4802],[-78.8807,-1.4592],[-78.8591,-1.4524],[-78.8272,-1.4314],[-78.8134,-1.4255],[-78.8,-1.4244],[-78.7871,-1.4283],[-78.7728,-1.4349],[-78.7429,-1.4566],[-78.7228,-1.4683],[-78.6986,-1.4781],[-78.6458,-1.4894],[-78.6197,-1.4898],[-78.5953,-1.486],[-78.5782,-1.4804],[-78.5594,-1.4778],[-78.5435,-1.4799],[-78.5268,-1.4838],[-78.5154,-1.4801],[-78.5064,-1.4691],[-78.5002,-1.4526],[-78.4911,-1.442],[-78.4801,-1.4406],[-78.467,-1.4467],[-78.4428,-1.4624],[-78.4299,-1.4683],[-78.4117,-1.4736],[-78.3999,-1.4784],[-78.3892,-1.4846],[-78.3762,-1.4894],[-78.3689,-1.4932],[-78.3648,-1.4975],[-78.3615,-1.5156],[-78.3534,-1.5264],[-78.3631,-1.5416],[-78.3653,-1.5499],[-78.3652,-1.5637],[-78.3557,-1.5917],[-78.3541,-1.6019],[-78.3557,-1.6129],[-78.3594,-1.6217],[-78.3672,-1.6308],[-78.3765,-1.6379],[-78.4001,-1.6514],[-78.409,-1.6589],[-78.4165,-1.6675],[-78.4243,-1.6787],[-78.4311,-1.6853],[-78.4364,-1.6913],[-78.4427,-1.697],[-78.4476,-1.706],[-78.4502,-1.7173],[-78.4501,-1.7387],[-78.4484,-1.7557],[-78.4448,-1.7718],[-78.44,-1.7808],[-78.4351,-1.7867],[-78.4295,-1.792],[-78.4257,-1.8002],[-78.4228,-1.8239],[-78.4156,-1.8544],[-78.4183,-1.8675],[-78.4585,-1.9116],[-78.4855,-1.9542],[-78.4895,-1.9648],[-78.4891,-1.977],[-78.4854,-1.9848],[-78.478,-1.9925],[-78.4703,-1.9976],[-78.4632,-2.0069],[-78.4592,-2.0194],[-78.4598,-2.0436],[-78.4556,-2.0562],[-78.4458,-2.0752],[-78.4486,-2.0829],[-78.4613,-2.0921],[-78.4764,-2.0987],[-78.4908,-2.1111],[-78.5006,-2.1271],[-78.5069,-2.1551],[-78.5039,-2.194],[-78.5014,-2.1992],[-78.4978,-2.2045],[-78.4978,-2.2105],[-78.5032,-2.2183],[-78.5203,-2.231],[-78.5302,-2.2404],[-78.5345,-2.2543],[-78.5343,-2.2648],[-78.5393,-2.2776],[-78.5446,-2.2869],[-78.5799,-2.3115],[-78.5988,-2.3025],[-78.7252,-2.3171],[-78.762,-2.326],[-78.788,-2.3348],[-78.8105,-2.358],[-78.8274,-2.3721],[-78.8624,-2.39],[-78.8939,-2.3974],[-78.9223,-2.4004]]]}},{"type":"Feature","properties":{"id":"ECU-1279","name":"Cotopaxi","nameBn":"কটোপাক্সি প্রদেশ","type":"Province","bounds":[-79.323,-1.2093,-78.3878,-0.3451],"center":[-78.8554,-0.8133]},"geometry":{"type":"Polygon","coordinates":[[[-78.3968,-0.6844],[-78.4051,-0.7102],[-78.4047,-0.7204],[-78.3943,-0.7563],[-78.3889,-0.7913],[-78.3878,-0.8138],[-78.3911,-0.8328],[-78.4024,-0.8534],[-78.4132,-0.8691],[-78.418,-0.8829],[-78.4196,-0.8928],[-78.4195,-0.9069],[-78.422,-0.9159],[-78.4268,-0.9226],[-78.4338,-0.9273],[-78.4391,-0.9317],[-78.4415,-0.9381],[-78.438,-0.945],[-78.4305,-0.9501],[-78.4073,-0.954],[-78.3914,-0.9636],[-78.42,-0.9882],[-78.4238,-0.9967],[-78.4301,-1.0063],[-78.4336,-1.0163],[-78.4345,-1.0267],[-78.4344,-1.0444],[-78.4461,-1.0646],[-78.4554,-1.0748],[-78.4678,-1.0805],[-78.4924,-1.0823],[-78.5043,-1.078],[-78.5129,-1.0721],[-78.5183,-1.0663],[-78.5254,-1.0619],[-78.5327,-1.0594],[-78.5431,-1.0584],[-78.5533,-1.0609],[-78.5634,-1.0697],[-78.5642,-1.0761],[-78.5642,-1.0893],[-78.568,-1.0969],[-78.5751,-1.1028],[-78.5846,-1.1064],[-78.6108,-1.108],[-78.6209,-1.1115],[-78.6449,-1.1305],[-78.6612,-1.1385],[-78.6774,-1.1426],[-78.7023,-1.1416],[-78.7496,-1.1315],[-78.7669,-1.1318],[-78.786,-1.1359],[-78.8107,-1.1438],[-78.8376,-1.1672],[-78.8662,-1.1783],[-78.895,-1.17],[-78.9069,-1.1716],[-78.9238,-1.18],[-78.9512,-1.2034],[-78.9685,-1.2087],[-78.9909,-1.2093],[-79.0148,-1.2027],[-79.0341,-1.1938],[-79.0642,-1.1743],[-79.0706,-1.1671],[-79.0756,-1.1602],[-79.0821,-1.1549],[-79.0955,-1.1526],[-79.1095,-1.1523],[-79.1378,-1.1562],[-79.1612,-1.1629],[-79.2345,-1.1996],[-79.2807,-1.2026],[-79.2876,-1.1705],[-79.3136,-1.1361],[-79.323,-1.121],[-79.3226,-1.0973],[-79.32,-1.0724],[-79.305,-1.0023],[-79.3072,-0.9846],[-79.3065,-0.9669],[-79.3037,-0.9489],[-79.2907,-0.914],[-79.2816,-0.8994],[-79.2718,-0.8891],[-79.2597,-0.8802],[-79.2485,-0.8701],[-79.2217,-0.8201],[-79.2139,-0.8113],[-79.2041,-0.8036],[-79.1956,-0.7992],[-79.1873,-0.7934],[-79.1806,-0.7855],[-79.166,-0.7589],[-79.0976,-0.5967],[-79.0868,-0.5519],[-79.0716,-0.5753],[-79.068,-0.5788],[-79.0619,-0.5825],[-79.0545,-0.5852],[-79.0472,-0.5851],[-79.037,-0.5808],[-79.0316,-0.5734],[-79.0278,-0.5655],[-79.0246,-0.5512],[-79.0201,-0.5462],[-79.0128,-0.5422],[-79.0013,-0.5383],[-78.9945,-0.5352],[-78.9908,-0.5316],[-78.991,-0.5262],[-78.9931,-0.5187],[-78.9964,-0.5103],[-79.0012,-0.5026],[-79.0089,-0.4966],[-79.0256,-0.4889],[-79.0311,-0.4846],[-79.0334,-0.4802],[-79.0324,-0.4756],[-79.0282,-0.4702],[-79.0192,-0.4535],[-79.007,-0.4244],[-79.0027,-0.4187],[-78.9984,-0.4142],[-78.9939,-0.4116],[-78.9771,-0.4038],[-78.9726,-0.4001],[-78.9695,-0.3952],[-78.9672,-0.3884],[-78.9655,-0.3803],[-78.9623,-0.3732],[-78.958,-0.3665],[-78.953,-0.3623],[-78.9487,-0.3602],[-78.9377,-0.3579],[-78.9338,-0.3543],[-78.9308,-0.3503],[-78.9272,-0.347],[-78.9216,-0.3451],[-78.9131,-0.3526],[-78.9101,-0.3579],[-78.9099,-0.3705],[-78.907,-0.3768],[-78.8698,-0.4253],[-78.855,-0.4534],[-78.8432,-0.4714],[-78.8398,-0.48],[-78.8337,-0.5047],[-78.8294,-0.5157],[-78.8163,-0.5274],[-78.752,-0.5723],[-78.7353,-0.5957],[-78.7261,-0.617],[-78.7242,-0.6331],[-78.7207,-0.6439],[-78.7141,-0.6526],[-78.7076,-0.6559],[-78.6978,-0.6533],[-78.6717,-0.6345],[-78.6626,-0.6299],[-78.6549,-0.628],[-78.6478,-0.625],[-78.6408,-0.6208],[-78.6301,-0.6127],[-78.618,-0.6067],[-78.6086,-0.6053],[-78.6012,-0.6126],[-78.5962,-0.6187],[-78.5899,-0.6217],[-78.5785,-0.618],[-78.5524,-0.6035],[-78.5419,-0.6019],[-78.527,-0.602],[-78.503,-0.606],[-78.4899,-0.6044],[-78.4621,-0.6154],[-78.3968,-0.6844]]]}},{"type":"Feature","properties":{"id":"ECU-1267","name":"El Oro","nameBn":"এল ওরো প্রদেশ","type":"Province","bounds":[-80.3441,-3.8807,-79.3663,-3.0454],"center":[-79.8552,-3.4366]},"geometry":{"type":"Polygon","coordinates":[[[-80.1651,-3.8807],[-80.165,-3.8795],[-80.1711,-3.8736],[-80.1801,-3.8678],[-80.1888,-3.8577],[-80.1915,-3.8491],[-80.1915,-3.8306],[-80.1927,-3.8216],[-80.2016,-3.8015],[-80.2216,-3.7694],[-80.2263,-3.7493],[-80.2245,-3.7416],[-80.2202,-3.7347],[-80.2169,-3.727],[-80.2179,-3.7171],[-80.224,-3.6984],[-80.2249,-3.6907],[-80.2249,-3.6807],[-80.2233,-3.6719],[-80.2168,-3.6524],[-80.2152,-3.6425],[-80.2164,-3.6316],[-80.2221,-3.6124],[-80.2223,-3.6013],[-80.225,-3.5919],[-80.2337,-3.5878],[-80.2435,-3.5846],[-80.25,-3.5777],[-80.2499,-3.57],[-80.2421,-3.543],[-80.2403,-3.5239],[-80.2403,-3.514],[-80.2427,-3.5052],[-80.2491,-3.4979],[-80.2656,-3.4911],[-80.2716,-3.4855],[-80.2739,-3.4646],[-80.2678,-3.4439],[-80.2657,-3.4264],[-80.2797,-3.4156],[-80.3176,-3.4055],[-80.3339,-3.3971],[-80.3407,-3.3935],[-80.3429,-3.3863],[-80.3441,-3.3788],[-80.3411,-3.3686],[-80.3276,-3.3605],[-80.3214,-3.3487],[-80.3165,-3.3347],[-80.3069,-3.3207],[-80.317,-3.3488],[-80.3205,-3.3556],[-80.3143,-3.3761],[-80.3023,-3.3668],[-80.2967,-3.3354],[-80.2864,-3.3207],[-80.2591,-3.3481],[-80.2455,-3.3424],[-80.1732,-3.3276],[-80.1607,-3.3288],[-80.1525,-3.3308],[-80.1452,-3.3312],[-80.1356,-3.3276],[-80.1128,-3.3007],[-80.1083,-3.2968],[-80.0705,-3.2182],[-80.0599,-3.204],[-80.0375,-3.2083],[-80.0329,-3.2321],[-80.0399,-3.2799],[-80.0292,-3.2735],[-80.0226,-3.2638],[-80.0169,-3.2527],[-80.0089,-3.2419],[-79.9998,-3.2346],[-79.968,-3.2146],[-79.9532,-3.1974],[-79.9435,-3.1765],[-79.938,-3.154],[-79.9333,-3.1154],[-79.9171,-3.0793],[-79.8959,-3.0454],[-79.8958,-3.0454],[-79.8879,-3.0464],[-79.8114,-3.0505],[-79.801,-3.0524],[-79.7605,-3.0647],[-79.6385,-3.1289],[-79.6004,-3.1617],[-79.5952,-3.175],[-79.593,-3.1897],[-79.5947,-3.2044],[-79.5991,-3.2174],[-79.621,-3.2607],[-79.6269,-3.2816],[-79.6322,-3.2909],[-79.6427,-3.2978],[-79.6619,-3.3072],[-79.6658,-3.3113],[-79.6678,-3.3198],[-79.6616,-3.3247],[-79.65,-3.3288],[-79.6149,-3.3299],[-79.558,-3.3172],[-79.5213,-3.3126],[-79.5079,-3.313],[-79.4903,-3.3158],[-79.4578,-3.328],[-79.4633,-3.3811],[-79.4612,-3.3983],[-79.4566,-3.4158],[-79.452,-3.4248],[-79.4465,-3.4289],[-79.4393,-3.4308],[-79.4321,-3.4335],[-79.4267,-3.4377],[-79.4233,-3.4439],[-79.4228,-3.4493],[-79.4243,-3.4556],[-79.4274,-3.4611],[-79.4617,-3.5007],[-79.4678,-3.5117],[-79.4715,-3.5234],[-79.4728,-3.5468],[-79.4716,-3.56],[-79.4864,-3.6058],[-79.4877,-3.6187],[-79.4859,-3.6284],[-79.4813,-3.6353],[-79.4748,-3.6322],[-79.4673,-3.6263],[-79.455,-3.6139],[-79.4439,-3.5983],[-79.4369,-3.5928],[-79.428,-3.5894],[-79.417,-3.592],[-79.4101,-3.5968],[-79.3986,-3.6077],[-79.3862,-3.6151],[-79.3797,-3.6203],[-79.3731,-3.6284],[-79.3684,-3.6394],[-79.3663,-3.6533],[-79.3684,-3.6691],[-79.3725,-3.6841],[-79.3777,-3.6942],[-79.3824,-3.7005],[-79.3974,-3.715],[-79.4025,-3.7218],[-79.4037,-3.7284],[-79.396,-3.7552],[-79.3964,-3.7656],[-79.4001,-3.7748],[-79.4076,-3.7855],[-79.4153,-3.7934],[-79.4283,-3.8003],[-79.4464,-3.8051],[-79.4653,-3.8041],[-79.4769,-3.8017],[-79.4961,-3.794],[-79.5089,-3.7913],[-79.5432,-3.7969],[-79.5598,-3.7949],[-79.5718,-3.7901],[-79.5876,-3.7751],[-79.594,-3.7676],[-79.6012,-3.7542],[-79.6063,-3.7519],[-79.6147,-3.753],[-79.6244,-3.7587],[-79.6391,-3.765],[-79.6693,-3.7813],[-79.68,-3.7913],[-79.7054,-3.8209],[-79.7208,-3.828],[-79.7413,-3.8328],[-79.8063,-3.8364],[-79.8233,-3.8347],[-79.8437,-3.8275],[-79.8586,-3.8243],[-79.8768,-3.824],[-79.9348,-3.8295],[-79.9542,-3.8339],[-80.0136,-3.8624],[-80.077,-3.8759],[-80.1502,-3.8797],[-80.1651,-3.8807]]]}},{"type":"Feature","properties":{"id":"ECU-1335","name":"Esmeraldas","nameBn":"এস্মেরালদাস","type":"Province","bounds":[-80.1086,-0.0501,-78.4234,1.4343],"center":[-78.9448,1.2925]},"geometry":{"type":"MultiPolygon","coordinates":[[[[-78.8287,1.4343],[-78.77,1.3941],[-78.749,1.3649],[-78.7195,1.3411],[-78.7092,1.3242],[-78.6994,1.302],[-78.6843,1.2819],[-78.6647,1.2666],[-78.6413,1.2594],[-78.6256,1.262],[-78.6115,1.2664],[-78.6021,1.2636],[-78.6004,1.2444],[-78.5966,1.2341],[-78.5757,1.212],[-78.5701,1.1958],[-78.5556,1.2041],[-78.5406,1.2054],[-78.4852,1.1926],[-78.4781,1.1871],[-78.4783,1.187],[-78.4957,1.1713],[-78.4973,1.1642],[-78.497,1.1501],[-78.4944,1.1326],[-78.4941,1.1008],[-78.5006,1.0784],[-78.5244,1.0408],[-78.5306,1.0214],[-78.5348,0.964],[-78.532,0.946],[-78.5235,0.9284],[-78.5197,0.9249],[-78.5077,0.9131],[-78.4975,0.9143],[-78.4817,0.9048],[-78.4635,0.886],[-78.4471,0.8744],[-78.4421,0.8719],[-78.4437,0.8343],[-78.4417,0.8158],[-78.4446,0.8012],[-78.4506,0.789],[-78.459,0.7815],[-78.4658,0.7773],[-78.4737,0.7748],[-78.4928,0.7735],[-78.502,0.7717],[-78.5115,0.7661],[-78.5134,0.7599],[-78.5112,0.7509],[-78.4811,0.6965],[-78.4769,0.6865],[-78.4694,0.6565],[-78.4649,0.6456],[-78.4592,0.6359],[-78.4325,0.6031],[-78.4242,0.5862],[-78.4234,0.5722],[-78.4263,0.5585],[-78.4312,0.5513],[-78.4388,0.5455],[-78.4486,0.542],[-78.4627,0.5393],[-78.473,0.5397],[-78.4889,0.5426],[-78.4974,0.5421],[-78.5071,0.5377],[-78.5392,0.5151],[-78.547,0.5066],[-78.5609,0.4866],[-78.5945,0.4508],[-78.6271,0.4066],[-78.6443,0.389],[-78.661,0.3761],[-78.6674,0.3729],[-78.6754,0.3721],[-78.6812,0.3744],[-78.6896,0.3802],[-78.7042,0.3941],[-78.7109,0.399],[-78.7196,0.4027],[-78.7281,0.4041],[-78.7391,0.4045],[-78.7594,0.409],[-78.7715,0.4129],[-78.8066,0.4172],[-78.8359,0.4268],[-78.8477,0.4262],[-78.86,0.4228],[-78.8788,0.411],[-78.89,0.4007],[-78.9025,0.3867],[-78.9083,0.3787],[-78.9111,0.3726],[-78.9115,0.3674],[-78.911,0.3609],[-78.9125,0.3584],[-78.9244,0.3527],[-78.9446,0.3301],[-78.9771,0.2781],[-78.9828,0.271],[-78.9876,0.2675],[-78.9933,0.2665],[-79.0107,0.2674],[-79.0268,0.2868],[-79.0319,0.2905],[-79.0402,0.295],[-79.1451,0.3177],[-79.1718,0.3169],[-79.1951,0.3189],[-79.2099,0.3185],[-79.2219,0.3156],[-79.2503,0.2968],[-79.2608,0.2914],[-79.2736,0.2862],[-79.2823,0.2808],[-79.3032,0.2634],[-79.318,0.2546],[-79.3373,0.2455],[-79.3467,0.2393],[-79.3522,0.2317],[-79.3521,0.2249],[-79.3489,0.2192],[-79.3231,0.2012],[-79.314,0.1931],[-79.3071,0.1856],[-79.3039,0.179],[-79.3037,0.1733],[-79.3067,0.167],[-79.3191,0.1489],[-79.3312,0.1191],[-79.344,0.0961],[-79.3638,0.0469],[-79.3699,0.036],[-79.3835,0.0225],[-79.3962,0.0167],[-79.4234,0.0102],[-79.4323,0.0054],[-79.4504,-0.0009],[-79.4521,-0.0055],[-79.45,-0.0118],[-79.4394,-0.0259],[-79.4359,-0.0288],[-79.4331,-0.0291],[-79.4302,-0.0283],[-79.427,-0.028],[-79.423,-0.03],[-79.4207,-0.0334],[-79.4218,-0.0395],[-79.4266,-0.0427],[-79.4301,-0.046],[-79.4332,-0.0501],[-79.436,-0.0498],[-79.4459,-0.0422],[-79.4535,-0.0377],[-79.464,-0.0331],[-79.493,-0.0256],[-79.5539,-0.0179],[-79.5752,-0.0123],[-79.5955,-0.0136],[-79.6125,0.0129],[-79.6149,0.0178],[-79.6144,0.0261],[-79.6149,0.0295],[-79.6184,0.0388],[-79.619,0.0421],[-79.6184,0.0454],[-79.617,0.0491],[-79.6153,0.0522],[-79.6132,0.0549],[-79.6113,0.0568],[-79.6092,0.0577],[-79.605,0.0591],[-79.6033,0.06],[-79.6022,0.0611],[-79.6011,0.0629],[-79.6003,0.0649],[-79.5993,0.0697],[-79.5985,0.0764],[-79.5971,0.0807],[-79.5945,0.0848],[-79.568,0.1132],[-79.5677,0.1149],[-79.5679,0.1165],[-79.5698,0.1181],[-79.5728,0.1192],[-79.5796,0.1196],[-79.5859,0.1214],[-79.5938,0.1246],[-79.6129,0.1427],[-79.6196,0.1505],[-79.6239,0.1539],[-79.628,0.1549],[-79.634,0.1526],[-79.6418,0.1468],[-79.6449,0.1453],[-79.6475,0.1449],[-79.6499,0.1457],[-79.6517,0.1479],[-79.6533,0.1536],[-79.6549,0.1703],[-79.6569,0.1737],[-79.6596,0.176],[-79.6648,0.1755],[-79.6679,0.1744],[-79.6717,0.1723],[-79.6741,0.1707],[-79.6772,0.1695],[-79.6821,0.1704],[-79.6877,0.1735],[-79.6984,0.1831],[-79.7021,0.1874],[-79.7035,0.1913],[-79.7023,0.1937],[-79.6833,0.2206],[-79.6791,0.228],[-79.6738,0.2351],[-79.6689,0.24],[-79.6618,0.2449],[-79.6557,0.2511],[-79.6534,0.2545],[-79.6523,0.2571],[-79.6522,0.2592],[-79.6529,0.2616],[-79.6551,0.2642],[-79.659,0.2681],[-79.7064,0.2967],[-79.7095,0.2999],[-79.7122,0.3037],[-79.7139,0.307],[-79.715,0.311],[-79.7149,0.315],[-79.7143,0.3184],[-79.713,0.3218],[-79.7113,0.3251],[-79.7074,0.3309],[-79.6971,0.3416],[-79.6959,0.3434],[-79.6955,0.3453],[-79.6956,0.3471],[-79.6962,0.349],[-79.6974,0.3515],[-79.6996,0.3544],[-79.7076,0.3628],[-79.7176,0.3708],[-79.7219,0.3731],[-79.7275,0.375],[-79.7338,0.3753],[-79.7411,0.3741],[-79.7527,0.3693],[-79.7589,0.3652],[-79.7639,0.361],[-79.785,0.3384],[-79.7956,0.3307],[-79.8015,0.3276],[-79.8146,0.3227],[-79.8331,0.3193],[-79.85,0.3185],[-79.8837,0.3198],[-79.887,0.3195],[-79.8897,0.3187],[-79.8917,0.3174],[-79.8933,0.3154],[-79.8942,0.3131],[-79.8963,0.3021],[-79.9019,0.2907],[-79.9053,0.2818],[-79.9079,0.2781],[-79.9112,0.2744],[-79.916,0.2705],[-79.9195,0.267],[-79.926,0.2617],[-79.9294,0.2603],[-79.9334,0.2597],[-79.9399,0.2597],[-79.9472,0.2607],[-79.9544,0.2629],[-79.9612,0.2661],[-79.974,0.2843],[-79.9995,0.3449],[-79.9995,0.3451],[-79.9935,0.3566],[-79.991,0.3655],[-79.9933,0.3781],[-79.9991,0.3869],[-80.0127,0.4002],[-80.0364,0.4392],[-80.0436,0.4589],[-80.0462,0.4791],[-80.0434,0.5012],[-80.0364,0.5127],[-80.0276,0.5221],[-80.0189,0.538],[-80.017,0.5589],[-80.0224,0.5792],[-80.0295,0.5966],[-80.0364,0.6252],[-80.0454,0.6372],[-80.0594,0.6447],[-80.0775,0.6473],[-80.0903,0.6522],[-80.0992,0.6642],[-80.105,0.6797],[-80.1083,0.6951],[-80.1086,0.7381],[-80.0973,0.7803],[-80.0758,0.8161],[-80.0462,0.8397],[-80.0291,0.831],[-80.0145,0.8293],[-79.9813,0.8322],[-79.9664,0.8365],[-79.9468,0.8548],[-79.9332,0.859],[-79.9189,0.8612],[-79.8939,0.871],[-79.8622,0.8764],[-79.8433,0.8906],[-79.8308,0.8937],[-79.8234,0.8974],[-79.793,0.9216],[-79.7858,0.9292],[-79.7729,0.9478],[-79.7656,0.9551],[-79.7418,0.966],[-79.682,0.9849],[-79.6558,1.0036],[-79.6504,0.9934],[-79.65,0.9842],[-79.6701,0.9216],[-79.6654,0.9067],[-79.6571,0.8979],[-79.6466,0.8907],[-79.6353,0.8801],[-79.6219,0.8529],[-79.6149,0.8453],[-79.6312,0.8901],[-79.6441,0.9011],[-79.6483,0.9074],[-79.6483,0.913],[-79.6431,0.9222],[-79.6422,0.9279],[-79.6437,0.9529],[-79.6414,0.972],[-79.6327,0.986],[-79.6149,0.9961],[-79.5718,0.9837],[-79.5245,1.0104],[-79.4565,1.0725],[-79.435,1.078],[-79.3647,1.0725],[-79.3559,1.0745],[-79.3332,1.0835],[-79.3234,1.0855],[-79.2961,1.085],[-79.2834,1.0871],[-79.2722,1.093],[-79.2482,1.0803],[-79.2198,1.0842],[-79.1912,1.0941],[-79.1658,1.0998],[-79.1473,1.1096],[-79.0718,1.2095],[-79.0572,1.2175],[-79.0326,1.2091],[-79.0131,1.1928],[-79.0005,1.1723],[-78.9938,1.1479],[-78.9917,1.1197],[-78.9726,1.1298],[-78.9621,1.1447],[-78.9578,1.1634],[-78.9546,1.2073],[-78.9484,1.2188],[-78.9395,1.228],[-78.9289,1.2431],[-78.9256,1.2346],[-78.9198,1.2307],[-78.9117,1.2313],[-78.9017,1.2363],[-78.8926,1.2448],[-78.8912,1.2519],[-78.8917,1.2597],[-78.888,1.2705],[-78.8717,1.289],[-78.8551,1.2917],[-78.8129,1.2773],[-78.8201,1.2917],[-78.838,1.2965],[-78.859,1.2986],[-78.875,1.3052],[-78.8819,1.3193],[-78.8785,1.3325],[-78.8697,1.3441],[-78.8323,1.3813],[-78.8266,1.3946],[-78.827,1.4097],[-78.8306,1.4233],[-78.8287,1.4343]]],[[[-78.9017,1.3742],[-78.9015,1.3647],[-78.9001,1.358],[-78.8954,1.3462],[-78.8944,1.3126],[-78.8993,1.2714],[-78.9125,1.2453],[-78.9364,1.2568],[-78.946,1.2456],[-78.9569,1.2363],[-78.9772,1.2518],[-78.9921,1.2683],[-78.9954,1.2868],[-78.9808,1.3083],[-78.9017,1.3742]]]]}},{"type":"Feature","properties":{"id":"ECU-1270","name":"Galápagos","nameBn":"গালাপাগোস প্রদেশ","type":"Province","bounds":[-92.0116,-1.4016,-89.2548,1.6644],"center":[-89.685,-1.368]},"geometry":{"type":"MultiPolygon","coordinates":[[[[-89.6613,-1.3401],[-89.6347,-1.3488],[-89.6146,-1.37],[-89.6133,-1.3917],[-89.6433,-1.4016],[-89.6761,-1.3976],[-89.7569,-1.3606],[-89.7364,-1.3401],[-89.7207,-1.3432],[-89.6737,-1.3425],[-89.6613,-1.3401]]],[[[-90.3807,-1.2545],[-90.3785,-1.2573],[-90.3739,-1.2604],[-90.369,-1.2649],[-90.3664,-1.2719],[-90.3671,-1.2787],[-90.3695,-1.2826],[-90.372,-1.2854],[-90.3732,-1.2887],[-90.3759,-1.2924],[-90.389,-1.2962],[-90.3937,-1.2985],[-90.3948,-1.3029],[-90.3929,-1.315],[-90.3937,-1.3196],[-90.3993,-1.3259],[-90.4321,-1.346],[-90.4386,-1.3474],[-90.4752,-1.3421],[-90.4895,-1.3316],[-90.5032,-1.3183],[-90.524,-1.3059],[-90.5148,-1.2956],[-90.5062,-1.2824],[-90.4999,-1.2682],[-90.4932,-1.238],[-90.4835,-1.2223],[-90.4719,-1.2167],[-90.4626,-1.2309],[-90.4427,-1.2257],[-90.4154,-1.2311],[-90.3911,-1.2424],[-90.3807,-1.2545]]],[[[-89.3081,-0.6856],[-89.2956,-0.6935],[-89.2826,-0.6933],[-89.2694,-0.6882],[-89.2572,-0.6816],[-89.2548,-0.7192],[-89.2732,-0.7599],[-89.3021,-0.796],[-89.3317,-0.8194],[-89.3673,-0.8298],[-89.3727,-0.8361],[-89.3746,-0.8455],[-89.3863,-0.8746],[-89.4066,-0.905],[-89.42,-0.9194],[-89.4347,-0.9293],[-89.4503,-0.9343],[-89.4656,-0.936],[-89.4996,-0.9355],[-89.51,-0.9387],[-89.5308,-0.9533],[-89.5446,-0.9566],[-89.5543,-0.9537],[-89.5759,-0.94],[-89.5856,-0.9355],[-89.6212,-0.9303],[-89.63,-0.9259],[-89.6314,-0.9167],[-89.6251,-0.9059],[-89.6129,-0.891],[-89.6046,-0.8831],[-89.5648,-0.8642],[-89.5514,-0.8536],[-89.5409,-0.8194],[-89.5305,-0.8183],[-89.4889,-0.8082],[-89.4772,-0.7968],[-89.462,-0.7647],[-89.453,-0.7532],[-89.4266,-0.7283],[-89.4211,-0.7198],[-89.4132,-0.7135],[-89.3772,-0.7003],[-89.3664,-0.6896],[-89.3512,-0.6889],[-89.3202,-0.6808],[-89.3081,-0.6856]]],[[[-90.192,-0.5383],[-90.1805,-0.5485],[-90.183,-0.572],[-90.1957,-0.6139],[-90.1952,-0.6257],[-90.1896,-0.6403],[-90.1882,-0.6515],[-90.1906,-0.6544],[-90.1992,-0.6764],[-90.1988,-0.6816],[-90.2156,-0.6882],[-90.2277,-0.7039],[-90.2382,-0.7223],[-90.2504,-0.7369],[-90.2595,-0.7433],[-90.2648,-0.745],[-90.3136,-0.7438],[-90.3186,-0.7472],[-90.3238,-0.7669],[-90.3371,-0.777],[-90.3548,-0.7799],[-90.3732,-0.7784],[-90.4073,-0.7667],[-90.4289,-0.7625],[-90.4355,-0.7576],[-90.4403,-0.7527],[-90.4455,-0.7506],[-90.453,-0.7438],[-90.4744,-0.7126],[-90.4831,-0.7027],[-90.4977,-0.7044],[-90.5163,-0.7],[-90.5338,-0.6918],[-90.5445,-0.6816],[-90.5463,-0.6689],[-90.5445,-0.6202],[-90.5387,-0.5942],[-90.5276,-0.5699],[-90.5131,-0.5488],[-90.4974,-0.532],[-90.4877,-0.5255],[-90.4606,-0.5138],[-90.449,-0.5109],[-90.4381,-0.5113],[-90.4155,-0.5168],[-90.4079,-0.5178],[-90.3985,-0.5151],[-90.3871,-0.5075],[-90.3807,-0.5047],[-90.2859,-0.4939],[-90.264,-0.483],[-90.2585,-0.4851],[-90.2525,-0.4885],[-90.247,-0.4928],[-90.2428,-0.4972],[-90.2406,-0.507],[-90.2416,-0.5185],[-90.2406,-0.528],[-90.233,-0.532],[-90.2228,-0.5329],[-90.2031,-0.5373],[-90.192,-0.5383]]],[[[-91.4011,-0.4529],[-91.4109,-0.4584],[-91.4801,-0.4863],[-91.4974,-0.4899],[-91.5076,-0.4904],[-91.517,-0.4872],[-91.5382,-0.4731],[-91.5567,-0.4684],[-91.5867,-0.4563],[-91.5914,-0.4557],[-91.6019,-0.457],[-91.6065,-0.4563],[-91.6114,-0.4528],[-91.6116,-0.4496],[-91.6108,-0.4462],[-91.6134,-0.442],[-91.6305,-0.424],[-91.6437,-0.4036],[-91.652,-0.3811],[-91.6587,-0.3352],[-91.6714,-0.2975],[-91.6686,-0.2849],[-91.581,-0.2872],[-91.5438,-0.2682],[-91.4973,-0.2576],[-91.4742,-0.2493],[-91.4674,-0.2504],[-91.4557,-0.2576],[-91.4209,-0.2931],[-91.4116,-0.2986],[-91.3995,-0.3079],[-91.3968,-0.329],[-91.4011,-0.3669],[-91.4011,-0.4529]]],[[[-90.565,-0.2849],[-90.5515,-0.2927],[-90.5582,-0.3108],[-90.5793,-0.343],[-90.5868,-0.3637],[-90.6049,-0.3698],[-90.6275,-0.3669],[-90.6703,-0.3539],[-90.7401,-0.3539],[-90.7594,-0.3478],[-90.7772,-0.3367],[-90.7959,-0.3307],[-90.8182,-0.3396],[-90.8321,-0.3227],[-90.8386,-0.2971],[-90.8489,-0.2756],[-90.8741,-0.2713],[-90.8317,-0.2127],[-90.8291,-0.1993],[-90.8351,-0.1816],[-90.8268,-0.1642],[-90.8104,-0.1513],[-90.7916,-0.1477],[-90.7843,-0.153],[-90.7814,-0.1526],[-90.7773,-0.1477],[-90.7576,-0.1618],[-90.6893,-0.1848],[-90.6649,-0.1887],[-90.6325,-0.2013],[-90.5804,-0.2597],[-90.552,-0.2781],[-90.5563,-0.2791],[-90.5589,-0.2804],[-90.565,-0.2849]]],[[[-90.8114,-0.7306],[-90.8021,-0.7355],[-90.796,-0.7355],[-90.7926,-0.7389],[-90.7916,-0.754],[-90.7965,-0.7599],[-90.8207,-0.7698],[-90.8291,-0.7747],[-90.8605,-0.8727],[-90.8566,-0.8971],[-90.8586,-0.9155],[-90.8803,-0.9088],[-90.8919,-0.9255],[-90.9176,-0.9542],[-90.9287,-0.9703],[-90.9456,-0.9625],[-90.9621,-0.9609],[-90.9939,-0.9635],[-91.0131,-0.9687],[-91.0452,-0.9923],[-91.1598,-1.0302],[-91.182,-1.0248],[-91.1974,-1.0296],[-91.2873,-1.0169],[-91.3997,-1.0185],[-91.4208,-1.0118],[-91.4359,-0.9975],[-91.4402,-0.987],[-91.442,-0.9763],[-91.442,-0.9528],[-91.4458,-0.9415],[-91.455,-0.9387],[-91.4665,-0.9386],[-91.4774,-0.9355],[-91.5023,-0.8963],[-91.4932,-0.8507],[-91.4659,-0.8079],[-91.4359,-0.7784],[-91.3192,-0.7027],[-91.3139,-0.6946],[-91.3139,-0.6879],[-91.3105,-0.6833],[-91.2949,-0.6816],[-91.2695,-0.6711],[-91.2348,-0.6619],[-91.223,-0.6617],[-91.212,-0.6647],[-91.2057,-0.669],[-91.2013,-0.673],[-91.1962,-0.676],[-91.1789,-0.6819],[-91.1681,-0.6827],[-91.1578,-0.6788],[-91.1527,-0.6728],[-91.1431,-0.6579],[-91.1376,-0.6549],[-91.1373,-0.6443],[-91.1283,-0.6235],[-91.1144,-0.608],[-91.0994,-0.6139],[-91.0875,-0.5974],[-91.0868,-0.5825],[-91.0942,-0.5694],[-91.1068,-0.5587],[-91.1202,-0.5524],[-91.1496,-0.5436],[-91.1615,-0.5383],[-91.1852,-0.5165],[-91.2089,-0.4846],[-91.2279,-0.4488],[-91.2372,-0.4153],[-91.2357,-0.3864],[-91.2387,-0.3762],[-91.2508,-0.3669],[-91.2588,-0.3644],[-91.2719,-0.363],[-91.2782,-0.36],[-91.2817,-0.3557],[-91.2912,-0.3396],[-91.352,-0.3072],[-91.375,-0.2819],[-91.3738,-0.2502],[-91.3937,-0.2384],[-91.4065,-0.2164],[-91.4045,-0.1959],[-91.3806,-0.1887],[-91.3988,-0.1629],[-91.4058,-0.148],[-91.4085,-0.1308],[-91.4085,-0.0963],[-91.4095,-0.0875],[-91.4137,-0.0713],[-91.4147,-0.0618],[-91.4233,-0.0286],[-91.4455,-0.0121],[-91.4764,-0.0111],[-91.511,-0.0243],[-91.5455,-0.0479],[-91.5631,-0.0518],[-91.5829,-0.0413],[-91.6034,-0.0142],[-91.6065,-0.0073],[-91.6044,0.0015],[-91.5987,0.0058],[-91.5911,0.0089],[-91.5235,0.0464],[-91.5045,0.0661],[-91.4973,0.1061],[-91.4726,0.0982],[-91.4527,0.1037],[-91.4337,0.1137],[-91.4011,0.1225],[-91.3943,0.1306],[-91.3883,0.1399],[-91.3806,0.147],[-91.3688,0.1506],[-91.3502,0.1499],[-91.3397,0.1538],[-91.3236,0.1393],[-91.316,0.1163],[-91.3124,0.0949],[-91.3086,0.0856],[-91.2953,0.0759],[-91.2835,0.0332],[-91.2748,0.0235],[-91.2685,0.0193],[-91.2544,0.0004],[-91.2474,-0.0038],[-91.226,-0.0047],[-91.216,-0.0069],[-91.2093,-0.0107],[-91.2022,-0.0283],[-91.2007,-0.0528],[-91.203,-0.0994],[-91.1846,-0.211],[-91.1736,-0.2284],[-91.1319,-0.2662],[-91.128,-0.2708],[-91.1272,-0.2765],[-91.1273,-0.2882],[-91.1241,-0.2996],[-91.1171,-0.3043],[-91.1101,-0.3059],[-91.1068,-0.3089],[-91.005,-0.3731],[-90.9976,-0.3842],[-90.9953,-0.3935],[-90.9896,-0.4016],[-90.9765,-0.4153],[-90.972,-0.4181],[-90.956,-0.4221],[-90.9557,-0.428],[-90.9582,-0.434],[-90.9611,-0.4391],[-90.9623,-0.442],[-90.9534,-0.4801],[-90.9492,-0.5214],[-90.9551,-0.5403],[-90.982,-0.5634],[-90.9901,-0.5792],[-90.9678,-0.5645],[-90.9613,-0.5732],[-90.9606,-0.5919],[-90.956,-0.6071],[-90.9137,-0.6149],[-90.893,-0.6257],[-90.8946,-0.6481],[-90.8806,-0.65],[-90.869,-0.6554],[-90.8597,-0.6642],[-90.853,-0.676],[-90.8599,-0.6896],[-90.8464,-0.6952],[-90.8114,-0.7306]]],[[[-90.5138,0.2835],[-90.5235,0.2871],[-90.5331,0.2953],[-90.5408,0.3044],[-90.5445,0.3109],[-90.5423,0.3336],[-90.5265,0.3503],[-90.5045,0.361],[-90.4831,0.3655],[-90.4604,0.3582],[-90.4364,0.3466],[-90.417,0.3309],[-90.4079,0.3109],[-90.4145,0.2963],[-90.4321,0.2801],[-90.4546,0.2674],[-90.4757,0.2631],[-90.4877,0.2671],[-90.5008,0.2807],[-90.5138,0.2835]]],[[[-90.7978,0.6535],[-90.757,0.6306],[-90.7445,0.5854],[-90.7606,0.5537],[-90.8052,0.5716],[-90.7982,0.5928],[-90.8049,0.6356],[-90.7978,0.6535]]],[[[-91.8192,1.3864],[-91.8146,1.3847],[-91.8109,1.3772],[-91.8127,1.3724],[-91.8177,1.3681],[-91.8226,1.371],[-91.8253,1.377],[-91.8253,1.3827],[-91.8192,1.3864]]],[[[-91.822,1.3945],[-91.8175,1.3948],[-91.8205,1.3913],[-91.822,1.3945]]],[[[-92.0116,1.6586],[-92.0061,1.6644],[-91.9998,1.66],[-91.9998,1.6512],[-92.0067,1.6496],[-92.0116,1.6586]]],[[[-89.9571,0.3419],[-89.952,0.3433],[-89.9432,0.3419],[-89.9367,0.328],[-89.9381,0.3112],[-89.9447,0.3039],[-89.944,0.3149],[-89.952,0.3178],[-89.9622,0.3134],[-89.9622,0.3061],[-89.971,0.3097],[-89.9746,0.3236],[-89.9703,0.3346],[-89.9571,0.3419]]]]}},{"type":"Feature","properties":{"id":"ECU-1280","name":"Guayas","nameBn":"জামবী প্রোগায়াস প্রদেশ","type":"Province","bounds":[-80.5427,-3.0647,-79.1273,-0.8373],"center":[-79.8608,-1.9838]},"geometry":{"type":"MultiPolygon","coordinates":[[[[-80.0599,-2.6628],[-80.0145,-2.6642],[-79.9458,-2.7066],[-79.9028,-2.7175],[-79.9044,-2.7252],[-79.9072,-2.7324],[-79.9112,-2.7389],[-79.9165,-2.7448],[-79.9276,-2.7542],[-79.9779,-2.7758],[-79.9811,-2.7846],[-79.9952,-2.798],[-79.9984,-2.8034],[-80.0045,-2.8188],[-80.0127,-2.8342],[-80.021,-2.8429],[-80.0231,-2.843],[-80.0337,-2.8612],[-80.0457,-2.8852],[-80.0583,-2.908],[-80.0649,-2.9242],[-80.0812,-2.9309],[-80.0944,-2.9459],[-80.0938,-2.9693],[-80.109,-2.9836],[-80.1151,-2.998],[-80.131,-3.0209],[-80.1668,-3.0173],[-80.1868,-3.029],[-80.2037,-3.0341],[-80.2281,-3.0322],[-80.2516,-3.0261],[-80.2659,-3.0185],[-80.2719,-2.9964],[-80.2658,-2.961],[-80.2622,-2.8408],[-80.2587,-2.8273],[-80.225,-2.7653],[-80.2107,-2.7249],[-80.1964,-2.7146],[-80.1356,-2.697],[-80.0809,-2.6699],[-80.0599,-2.6628]]],[[[-79.8959,-3.0454],[-79.8834,-3.0255],[-79.8749,-3.0055],[-79.8848,-2.9881],[-79.8812,-2.9654],[-79.868,-2.9264],[-79.8658,-2.9088],[-79.8346,-2.8068],[-79.8135,-2.769],[-79.8112,-2.7624],[-79.8014,-2.741],[-79.7977,-2.7177],[-79.7764,-2.6594],[-79.765,-2.6423],[-79.735,-2.6116],[-79.7264,-2.5938],[-79.7251,-2.5698],[-79.7315,-2.5251],[-79.745,-2.4902],[-79.7483,-2.4846],[-79.7702,-2.4859],[-79.7815,-2.485],[-79.7895,-2.4811],[-79.8016,-2.4626],[-79.8209,-2.4089],[-79.8334,-2.3893],[-79.8395,-2.377],[-79.8413,-2.3629],[-79.8404,-2.3046],[-79.8472,-2.2581],[-79.8476,-2.245],[-79.8414,-2.2231],[-79.8398,-2.2096],[-79.8445,-2.2035],[-79.8461,-2.1995],[-79.8588,-2.1824],[-79.8619,-2.1796],[-79.8634,-2.1728],[-79.8664,-2.1677],[-79.8686,-2.1609],[-79.868,-2.1489],[-79.863,-2.1379],[-79.8564,-2.1293],[-79.8541,-2.1203],[-79.8619,-2.108],[-79.8464,-2.0917],[-79.8306,-2.0871],[-79.8183,-2.0798],[-79.8135,-2.0564],[-79.8059,-2.0452],[-79.7894,-2.0377],[-79.7729,-2.0266],[-79.7656,-2.005],[-79.8249,-2.0387],[-79.8314,-2.0436],[-79.834,-2.0523],[-79.8346,-2.07],[-79.8419,-2.0732],[-79.8743,-2.0754],[-79.8817,-2.0838],[-79.8834,-2.0916],[-79.892,-2.1159],[-79.9005,-2.1559],[-79.9018,-2.1848],[-79.8957,-2.2138],[-79.8653,-2.2668],[-79.863,-2.2971],[-79.8786,-2.4919],[-79.8892,-2.5325],[-79.8961,-2.5434],[-79.9235,-2.5739],[-79.9332,-2.5803],[-79.9493,-2.5851],[-79.984,-2.6052],[-79.9984,-2.6082],[-80.0085,-2.6032],[-80.0143,-2.5898],[-80.0223,-2.5871],[-80.0437,-2.5895],[-80.0509,-2.587],[-80.0636,-2.5772],[-80.0689,-2.5608],[-80.0555,-2.5452],[-80.0257,-2.5251],[-80.0166,-2.5041],[-80.0121,-2.489],[-80.0018,-2.4802],[-79.9748,-2.4772],[-79.9685,-2.4814],[-79.9625,-2.4899],[-79.9549,-2.4977],[-79.9438,-2.4983],[-79.9342,-2.4926],[-79.9297,-2.4841],[-79.9304,-2.4739],[-79.9364,-2.463],[-79.9408,-2.484],[-79.9543,-2.4796],[-79.9779,-2.4567],[-79.9999,-2.4592],[-80.0198,-2.4694],[-80.0343,-2.4739],[-80.0399,-2.4599],[-80.0358,-2.4379],[-80.017,-2.3952],[-80.0127,-2.3712],[-80.0089,-2.3588],[-79.9999,-2.3539],[-79.9885,-2.3517],[-79.9779,-2.3474],[-79.9704,-2.3396],[-79.95,-2.3072],[-79.9592,-2.3097],[-79.9643,-2.3128],[-79.9748,-2.3237],[-79.9831,-2.3271],[-80.0034,-2.3255],[-80.0127,-2.3264],[-80.024,-2.3342],[-80.0329,-2.3464],[-80.076,-2.4577],[-80.1443,-2.5533],[-80.1751,-2.5867],[-80.2076,-2.6008],[-80.2151,-2.6139],[-80.2226,-2.6232],[-80.2318,-2.6287],[-80.2414,-2.6285],[-80.2466,-2.6244],[-80.2503,-2.6183],[-80.2554,-2.6116],[-80.27,-2.6051],[-80.2796,-2.6126],[-80.2831,-2.6291],[-80.2796,-2.6492],[-80.2758,-2.6521],[-80.2485,-2.6799],[-80.245,-2.6882],[-80.2443,-2.6995],[-80.2454,-2.7211],[-80.2555,-2.7302],[-80.2784,-2.7271],[-80.3205,-2.7106],[-80.3628,-2.6747],[-80.3775,-2.6664],[-80.3905,-2.6537],[-80.3963,-2.6492],[-80.4026,-2.6474],[-80.4204,-2.645],[-80.4298,-2.6423],[-80.4679,-2.6179],[-80.5427,-2.5298],[-80.4705,-2.4608],[-80.4108,-2.4167],[-80.3251,-2.3959],[-80.2765,-2.3679],[-80.232,-2.2998],[-80.216,-2.1986],[-80.2134,-2.1103],[-80.2524,-2.0506],[-80.2884,-2.0173],[-80.3474,-1.9816],[-80.4263,-1.9623],[-80.4783,-1.9312],[-80.5068,-1.8844],[-80.5161,-1.8408],[-80.4747,-1.8419],[-80.4456,-1.839],[-80.4375,-1.8357],[-80.4331,-1.8304],[-80.4313,-1.8234],[-80.4289,-1.817],[-80.4279,-1.8092],[-80.4277,-1.8007],[-80.4256,-1.7898],[-80.418,-1.7784],[-80.4092,-1.7688],[-80.4017,-1.758],[-80.3961,-1.7462],[-80.3887,-1.7372],[-80.3765,-1.7279],[-80.3668,-1.7228],[-80.3527,-1.7173],[-80.3465,-1.7118],[-80.3367,-1.6942],[-80.3293,-1.6871],[-80.3209,-1.6836],[-80.3135,-1.6876],[-80.306,-1.6936],[-80.2997,-1.6976],[-80.2935,-1.6961],[-80.2877,-1.6893],[-80.2744,-1.6821],[-80.235,-1.6849],[-80.2212,-1.6807],[-80.2163,-1.6706],[-80.2263,-1.6413],[-80.2279,-1.6319],[-80.2271,-1.624],[-80.226,-1.6189],[-80.2284,-1.6154],[-80.2349,-1.6132],[-80.2453,-1.6112],[-80.2548,-1.6059],[-80.2679,-1.5952],[-80.2785,-1.5826],[-80.2839,-1.5744],[-80.2833,-1.5677],[-80.222,-1.5594],[-80.1882,-1.5365],[-80.183,-1.5277],[-80.1837,-1.5208],[-80.1949,-1.5036],[-80.1992,-1.4931],[-80.2016,-1.4807],[-80.2014,-1.4691],[-80.1968,-1.4424],[-80.192,-1.4312],[-80.1858,-1.4231],[-80.1811,-1.4203],[-80.1746,-1.4185],[-80.1591,-1.4086],[-80.1365,-1.402],[-80.1309,-1.3977],[-80.1291,-1.3916],[-80.133,-1.3682],[-80.1311,-1.3482],[-80.1243,-1.334],[-80.1133,-1.325],[-80.0914,-1.3155],[-80.0519,-1.2842],[-80.0433,-1.2718],[-80.0232,-1.2174],[-80.0152,-1.1867],[-80.0062,-1.1667],[-79.9996,-1.1435],[-79.9931,-1.1288],[-79.9837,-1.1184],[-79.9773,-1.1147],[-79.9738,-1.1167],[-79.9747,-1.1241],[-79.9768,-1.1331],[-79.9752,-1.1382],[-79.9697,-1.1398],[-79.9538,-1.1392],[-79.9463,-1.1404],[-79.9377,-1.1429],[-79.9188,-1.1378],[-79.9044,-1.1298],[-79.8531,-1.0883],[-79.8415,-1.0748],[-79.8248,-1.048],[-79.8117,-1.0338],[-79.8039,-1.0231],[-79.7988,-1.0136],[-79.7965,-1.0058],[-79.7953,-0.9987],[-79.7958,-0.9914],[-79.7946,-0.983],[-79.7895,-0.9777],[-79.7744,-0.9677],[-79.769,-0.9587],[-79.7649,-0.9459],[-79.7604,-0.9349],[-79.7224,-0.8812],[-79.7122,-0.8722],[-79.7001,-0.8659],[-79.684,-0.8608],[-79.6196,-0.8502],[-79.5868,-0.8414],[-79.5517,-0.8373],[-79.5359,-0.8375],[-79.5231,-0.8453],[-79.5171,-0.8605],[-79.5218,-0.8928],[-79.5377,-0.9367],[-79.5379,-0.9464],[-79.5345,-0.9536],[-79.5328,-0.9595],[-79.539,-0.9677],[-79.5469,-0.9726],[-79.5552,-0.9789],[-79.5617,-0.9867],[-79.5667,-0.9977],[-79.5693,-1.006],[-79.5756,-1.0403],[-79.581,-1.0506],[-79.5877,-1.0578],[-79.5961,-1.0612],[-79.6053,-1.0625],[-79.6144,-1.0656],[-79.621,-1.0713],[-79.6246,-1.0774],[-79.6356,-1.0893],[-79.645,-1.1042],[-79.6515,-1.11],[-79.6672,-1.1117],[-79.6738,-1.1143],[-79.6777,-1.1209],[-79.6799,-1.1331],[-79.6826,-1.1405],[-79.6864,-1.1466],[-79.6922,-1.1499],[-79.6989,-1.1515],[-79.7032,-1.152],[-79.7068,-1.1548],[-79.7082,-1.1598],[-79.7101,-1.1712],[-79.7139,-1.1755],[-79.7189,-1.1778],[-79.73,-1.1801],[-79.7341,-1.1818],[-79.7383,-1.1848],[-79.7414,-1.1891],[-79.7425,-1.1958],[-79.743,-1.2154],[-79.745,-1.2258],[-79.7481,-1.2352],[-79.8041,-1.3408],[-79.8122,-1.3518],[-79.8301,-1.3713],[-79.8425,-1.3897],[-79.8473,-1.3991],[-79.8634,-1.4443],[-79.8655,-1.4558],[-79.8705,-1.519],[-79.8697,-1.5299],[-79.8557,-1.5735],[-79.8571,-1.5802],[-79.8633,-1.5977],[-79.8642,-1.6098],[-79.8621,-1.6242],[-79.8597,-1.6337],[-79.8554,-1.6407],[-79.7732,-1.6833],[-79.7589,-1.6967],[-79.748,-1.7168],[-79.7406,-1.7385],[-79.7314,-1.7543],[-79.7065,-1.7879],[-79.6998,-1.8007],[-79.686,-1.8343],[-79.6636,-1.8755],[-79.6575,-1.8984],[-79.6495,-1.9065],[-79.6271,-1.9115],[-79.5925,-1.9058],[-79.5415,-1.8868],[-79.5236,-1.8852],[-79.502,-1.8877],[-79.4824,-1.8975],[-79.4369,-1.9286],[-79.4148,-1.9392],[-79.4025,-1.9468],[-79.373,-1.9701],[-79.3608,-1.9831],[-79.2859,-2.1077],[-79.2355,-2.1543],[-79.195,-2.162],[-79.1832,-2.1626],[-79.1716,-2.162],[-79.1651,-2.158],[-79.1587,-2.152],[-79.1492,-2.1458],[-79.1399,-2.1465],[-79.1318,-2.1543],[-79.1273,-2.1628],[-79.1301,-2.2037],[-79.1395,-2.2245],[-79.1448,-2.2318],[-79.155,-2.2432],[-79.1687,-2.2538],[-79.192,-2.2669],[-79.2151,-2.2762],[-79.235,-2.2818],[-79.3526,-2.3033],[-79.3648,-2.3085],[-79.3787,-2.3163],[-79.4058,-2.3371],[-79.4164,-2.3479],[-79.4257,-2.3607],[-79.4257,-2.3849],[-79.4299,-2.3935],[-79.4311,-2.4011],[-79.4279,-2.4093],[-79.424,-2.4164],[-79.4251,-2.4218],[-79.4582,-2.4435],[-79.5143,-2.4952],[-79.5129,-2.5088],[-79.5047,-2.5158],[-79.4897,-2.5178],[-79.4662,-2.5056],[-79.4374,-2.4971],[-79.425,-2.5226],[-79.4172,-2.5342],[-79.4191,-2.5455],[-79.4248,-2.5553],[-79.4468,-2.5787],[-79.4553,-2.5863],[-79.4613,-2.5906],[-79.4672,-2.5938],[-79.4718,-2.5972],[-79.6906,-2.8257],[-79.6998,-2.8497],[-79.7036,-2.875],[-79.702,-2.8935],[-79.6959,-2.9208],[-79.6942,-2.9493],[-79.6948,-2.9571],[-79.7488,-3.0237],[-79.7558,-3.0364],[-79.7595,-3.0453],[-79.7605,-3.0647],[-79.801,-3.0524],[-79.8114,-3.0505],[-79.8879,-3.0464],[-79.8958,-3.0454],[-79.8959,-3.0454]]],[[[-79.8196,-2.4859],[-79.809,-2.5117],[-79.7847,-2.5208],[-79.7726,-2.542],[-79.7938,-2.5738],[-79.8287,-2.5921],[-79.8332,-2.636],[-79.8575,-2.6512],[-79.8772,-2.6497],[-79.8818,-2.6269],[-79.8682,-2.589],[-79.8469,-2.5344],[-79.8196,-2.4859]]]]}},{"type":"Feature","properties":{"id":"ECU-1410","name":"Imbabura","nameBn":"ইম্বাবুরা প্রদেশ","type":"Province","bounds":[-79.0107,0.1333,-77.8141,0.8719],"center":[-78.4124,0.5527]},"geometry":{"type":"Polygon","coordinates":[[[-77.8141,0.3457],[-77.8458,0.3054],[-77.8525,0.2926],[-77.852,0.2858],[-77.8511,0.2832],[-77.8501,0.2816],[-77.8487,0.2806],[-77.847,0.2797],[-77.8444,0.2792],[-77.8418,0.279],[-77.8391,0.2782],[-77.8364,0.2766],[-77.8344,0.2723],[-77.8355,0.2692],[-77.8385,0.2656],[-77.8423,0.2625],[-77.8549,0.2482],[-77.8735,0.2217],[-77.8783,0.2163],[-77.8819,0.2137],[-77.8864,0.2112],[-77.8911,0.2091],[-77.896,0.2079],[-77.9106,0.1984],[-77.9454,0.1613],[-78.0605,0.197],[-78.0777,0.1978],[-78.0905,0.1906],[-78.1129,0.1719],[-78.1307,0.1612],[-78.175,0.1407],[-78.2022,0.1347],[-78.2268,0.1333],[-78.2549,0.1422],[-78.2727,0.1508],[-78.2882,0.1621],[-78.3093,0.1806],[-78.3203,0.1885],[-78.3307,0.1901],[-78.3418,0.1854],[-78.3596,0.1684],[-78.3654,0.1667],[-78.3671,0.1716],[-78.3659,0.1787],[-78.3602,0.1962],[-78.3591,0.2058],[-78.3607,0.2177],[-78.3638,0.2277],[-78.37,0.2361],[-78.3867,0.2423],[-78.414,0.2454],[-78.4672,0.2423],[-78.5196,0.2323],[-78.5335,0.2331],[-78.5548,0.2271],[-78.6073,0.2211],[-78.6185,0.2174],[-78.6311,0.215],[-78.6523,0.2156],[-78.754,0.2368],[-78.7781,0.2393],[-78.8641,0.2299],[-78.9035,0.2176],[-78.9246,0.2148],[-78.9374,0.2119],[-78.9517,0.2113],[-78.9695,0.2157],[-78.9843,0.2222],[-78.9939,0.2289],[-79.0107,0.2674],[-78.9933,0.2665],[-78.9876,0.2675],[-78.9828,0.271],[-78.9771,0.2781],[-78.9446,0.3301],[-78.9244,0.3527],[-78.9125,0.3584],[-78.911,0.3609],[-78.9115,0.3674],[-78.9111,0.3726],[-78.9083,0.3787],[-78.9025,0.3867],[-78.89,0.4007],[-78.8788,0.411],[-78.86,0.4228],[-78.8477,0.4262],[-78.8359,0.4268],[-78.8066,0.4172],[-78.7715,0.4129],[-78.7594,0.409],[-78.7391,0.4045],[-78.7281,0.4041],[-78.7196,0.4027],[-78.7109,0.399],[-78.7042,0.3941],[-78.6896,0.3802],[-78.6812,0.3744],[-78.6754,0.3721],[-78.6674,0.3729],[-78.661,0.3761],[-78.6443,0.389],[-78.6271,0.4066],[-78.5945,0.4508],[-78.5609,0.4866],[-78.547,0.5066],[-78.5392,0.5151],[-78.5071,0.5377],[-78.4974,0.5421],[-78.4889,0.5426],[-78.473,0.5397],[-78.4627,0.5393],[-78.4486,0.542],[-78.4388,0.5455],[-78.4312,0.5513],[-78.4263,0.5585],[-78.4234,0.5722],[-78.4242,0.5862],[-78.4325,0.6031],[-78.4592,0.6359],[-78.4649,0.6456],[-78.4694,0.6565],[-78.4769,0.6865],[-78.4811,0.6965],[-78.5112,0.7509],[-78.5134,0.7599],[-78.5115,0.7661],[-78.502,0.7717],[-78.4928,0.7735],[-78.4737,0.7748],[-78.4658,0.7773],[-78.459,0.7815],[-78.4506,0.789],[-78.4446,0.8012],[-78.4417,0.8158],[-78.4437,0.8343],[-78.4421,0.8719],[-78.4286,0.8654],[-78.4087,0.859],[-78.372,0.8559],[-78.3603,0.8528],[-78.352,0.8475],[-78.3344,0.8315],[-78.289,0.8018],[-78.2584,0.7754],[-78.2342,0.7465],[-78.2082,0.7014],[-78.1686,0.6514],[-78.1478,0.5937],[-78.1469,0.585],[-78.1484,0.556],[-78.1471,0.5379],[-78.1419,0.5207],[-78.1308,0.5056],[-78.0926,0.4985],[-78.0862,0.4918],[-78.0734,0.4837],[-78.0532,0.4786],[-78.0354,0.4768],[-78.0005,0.4687],[-77.9551,0.4431],[-77.9149,0.4144],[-77.8675,0.3886],[-77.8555,0.3802],[-77.8384,0.3578],[-77.8141,0.3457]]]}},{"type":"Feature","properties":{"id":"ECU-1268","name":"Loja","nameBn":"লোজা প্রদেশ","type":"Province","bounds":[-80.5141,-4.7705,-79.101,-3.328],"center":[-79.8079,-4.1595]},"geometry":{"type":"Polygon","coordinates":[[[-80.3255,-4.0154],[-80.3046,-4.0052],[-80.2878,-3.9844],[-80.2733,-3.9613],[-80.2591,-3.9437],[-80.1811,-3.9079],[-80.1653,-3.89],[-80.1651,-3.8807],[-80.1502,-3.8797],[-80.077,-3.8759],[-80.0136,-3.8624],[-79.9542,-3.8339],[-79.9348,-3.8295],[-79.8768,-3.824],[-79.8586,-3.8243],[-79.8437,-3.8275],[-79.8233,-3.8347],[-79.8063,-3.8364],[-79.7413,-3.8328],[-79.7208,-3.828],[-79.7054,-3.8209],[-79.68,-3.7913],[-79.6693,-3.7813],[-79.6391,-3.765],[-79.6244,-3.7587],[-79.6147,-3.753],[-79.6063,-3.7519],[-79.6012,-3.7542],[-79.594,-3.7676],[-79.5876,-3.7751],[-79.5718,-3.7901],[-79.5598,-3.7949],[-79.5432,-3.7969],[-79.5089,-3.7913],[-79.4961,-3.794],[-79.4769,-3.8017],[-79.4653,-3.8041],[-79.4464,-3.8051],[-79.4283,-3.8003],[-79.4153,-3.7934],[-79.4076,-3.7855],[-79.4001,-3.7748],[-79.3964,-3.7656],[-79.396,-3.7552],[-79.4037,-3.7284],[-79.4025,-3.7218],[-79.3974,-3.715],[-79.3824,-3.7005],[-79.3777,-3.6942],[-79.3725,-3.6841],[-79.3684,-3.6691],[-79.3663,-3.6533],[-79.3684,-3.6394],[-79.3731,-3.6284],[-79.3797,-3.6203],[-79.3862,-3.6151],[-79.3986,-3.6077],[-79.4101,-3.5968],[-79.417,-3.592],[-79.428,-3.5894],[-79.4369,-3.5928],[-79.4439,-3.5983],[-79.455,-3.6139],[-79.4673,-3.6263],[-79.4748,-3.6322],[-79.4813,-3.6353],[-79.4859,-3.6284],[-79.4877,-3.6187],[-79.4864,-3.6058],[-79.4716,-3.56],[-79.4728,-3.5468],[-79.4715,-3.5234],[-79.4678,-3.5117],[-79.4617,-3.5007],[-79.4274,-3.4611],[-79.4243,-3.4556],[-79.4228,-3.4493],[-79.4233,-3.4439],[-79.4267,-3.4377],[-79.4321,-3.4335],[-79.4393,-3.4308],[-79.4465,-3.4289],[-79.452,-3.4248],[-79.4566,-3.4158],[-79.4612,-3.3983],[-79.4633,-3.3811],[-79.4578,-3.328],[-79.4326,-3.3381],[-79.4055,-3.3422],[-79.3705,-3.3427],[-79.3431,-3.34],[-79.3295,-3.3409],[-79.3179,-3.3468],[-79.3069,-3.3568],[-79.3009,-3.3722],[-79.3003,-3.3833],[-79.3017,-3.4022],[-79.2996,-3.424],[-79.2935,-3.4373],[-79.2817,-3.4499],[-79.2565,-3.4607],[-79.2366,-3.4608],[-79.2213,-3.4578],[-79.1937,-3.4438],[-79.1849,-3.4421],[-79.1788,-3.4482],[-79.1712,-3.4679],[-79.1609,-3.4888],[-79.1305,-3.5375],[-79.1234,-3.557],[-79.1233,-3.5803],[-79.1204,-3.6109],[-79.1022,-3.636],[-79.1221,-3.6606],[-79.1298,-3.6645],[-79.1439,-3.6768],[-79.1477,-3.6832],[-79.147,-3.6979],[-79.148,-3.7042],[-79.1529,-3.7101],[-79.1572,-3.7133],[-79.1627,-3.7157],[-79.1731,-3.7163],[-79.1786,-3.7158],[-79.184,-3.7165],[-79.189,-3.7191],[-79.192,-3.724],[-79.1936,-3.731],[-79.1915,-3.7401],[-79.1888,-3.7482],[-79.1792,-3.7659],[-79.1652,-3.7986],[-79.1553,-3.8137],[-79.1362,-3.8366],[-79.1244,-3.8571],[-79.1216,-3.8666],[-79.1192,-3.8831],[-79.1202,-3.8924],[-79.124,-3.9038],[-79.1336,-3.9254],[-79.1396,-3.9473],[-79.1424,-3.9789],[-79.1408,-4.002],[-79.1359,-4.0321],[-79.1375,-4.0466],[-79.1518,-4.103],[-79.1544,-4.1239],[-79.1548,-4.1388],[-79.1523,-4.1459],[-79.1495,-4.1513],[-79.1466,-4.1544],[-79.1435,-4.1572],[-79.1398,-4.1596],[-79.1296,-4.1638],[-79.1249,-4.167],[-79.1204,-4.1717],[-79.1174,-4.1765],[-79.1062,-4.1901],[-79.104,-4.1979],[-79.1026,-4.206],[-79.1015,-4.2232],[-79.1036,-4.2361],[-79.101,-4.2624],[-79.1087,-4.3189],[-79.107,-4.3303],[-79.106,-4.3549],[-79.1077,-4.3757],[-79.1135,-4.408],[-79.1166,-4.4159],[-79.121,-4.423],[-79.1334,-4.4339],[-79.1481,-4.4543],[-79.1561,-4.4695],[-79.162,-4.4755],[-79.1709,-4.479],[-79.1796,-4.4807],[-79.188,-4.4836],[-79.1936,-4.4885],[-79.1988,-4.4974],[-79.2051,-4.503],[-79.2143,-4.5025],[-79.2227,-4.4952],[-79.2332,-4.4878],[-79.2417,-4.4841],[-79.2548,-4.4824],[-79.2664,-4.4777],[-79.2769,-4.4752],[-79.2844,-4.4764],[-79.2915,-4.4823],[-79.2974,-4.4939],[-79.3035,-4.5013],[-79.3184,-4.5134],[-79.3241,-4.5429],[-79.3232,-4.5538],[-79.319,-4.5717],[-79.3204,-4.5826],[-79.3251,-4.5959],[-79.3316,-4.6082],[-79.3625,-4.6523],[-79.3751,-4.6662],[-79.4089,-4.7198],[-79.4516,-4.7663],[-79.4608,-4.7705],[-79.461,-4.7692],[-79.4872,-4.72],[-79.4987,-4.6606],[-79.5279,-4.6181],[-79.5272,-4.5966],[-79.5041,-4.5556],[-79.5016,-4.541],[-79.5072,-4.5316],[-79.5275,-4.5197],[-79.5516,-4.5199],[-79.5578,-4.5166],[-79.572,-4.506],[-79.5798,-4.5023],[-79.6303,-4.4525],[-79.658,-4.4387],[-79.6941,-4.4436],[-79.7286,-4.4641],[-79.7957,-4.4847],[-79.8329,-4.479],[-79.8577,-4.4533],[-79.8787,-4.422],[-79.9041,-4.3986],[-79.9303,-4.392],[-79.956,-4.3917],[-79.982,-4.3886],[-80.0091,-4.3738],[-80.0293,-4.3597],[-80.0616,-4.3244],[-80.0797,-4.309],[-80.0969,-4.3028],[-80.1172,-4.2991],[-80.1339,-4.2939],[-80.1402,-4.2831],[-80.1431,-4.2841],[-80.1838,-4.2894],[-80.1948,-4.2931],[-80.205,-4.2982],[-80.2134,-4.3049],[-80.2219,-4.319],[-80.2322,-4.354],[-80.2397,-4.3698],[-80.2554,-4.3868],[-80.3323,-4.4457],[-80.3733,-4.4676],[-80.3829,-4.4763],[-80.3907,-4.477],[-80.4085,-4.4775],[-80.4251,-4.4715],[-80.47,-4.4461],[-80.4835,-4.434],[-80.4923,-4.413],[-80.4885,-4.396],[-80.3563,-4.2206],[-80.3453,-4.1985],[-80.3914,-4.2041],[-80.4347,-4.217],[-80.4696,-4.2132],[-80.4908,-4.169],[-80.4907,-4.1597],[-80.4868,-4.1407],[-80.4872,-4.1313],[-80.4926,-4.1185],[-80.5091,-4.0958],[-80.5141,-4.0834],[-80.5123,-4.065],[-80.5122,-4.0642],[-80.5036,-4.0391],[-80.492,-4.0149],[-80.4811,-3.9988],[-80.4661,-3.9881],[-80.4477,-3.9828],[-80.4275,-3.9813],[-80.4071,-3.9824],[-80.3865,-3.989],[-80.3443,-4.0116],[-80.3255,-4.0154]]]}},{"type":"Feature","properties":{"id":"ECU-1281","name":"Los Rios","nameBn":"লোস রিওস প্রদেশ","type":"Province","bounds":[-79.8705,-2.1543,-79.0868,-0.5437],"center":[-79.4787,-1.2219]},"geometry":{"type":"Polygon","coordinates":[[[-79.2807,-1.2026],[-79.3278,-1.2252],[-79.3467,-1.2501],[-79.3704,-1.2884],[-79.386,-1.3057],[-79.3884,-1.3181],[-79.3853,-1.3241],[-79.3778,-1.3259],[-79.3697,-1.3221],[-79.3624,-1.3156],[-79.3498,-1.2965],[-79.3432,-1.2912],[-79.3373,-1.2911],[-79.33,-1.2956],[-79.3209,-1.3137],[-79.2922,-1.3344],[-79.2909,-1.3396],[-79.2943,-1.3449],[-79.2995,-1.3494],[-79.3048,-1.3523],[-79.3101,-1.3514],[-79.3141,-1.3528],[-79.319,-1.3592],[-79.3209,-1.3696],[-79.3223,-1.4468],[-79.3185,-1.468],[-79.3098,-1.4853],[-79.296,-1.4991],[-79.2644,-1.5196],[-79.2553,-1.5284],[-79.2501,-1.5409],[-79.2516,-1.5542],[-79.2565,-1.5683],[-79.2611,-1.5774],[-79.2664,-1.5858],[-79.2709,-1.5893],[-79.2753,-1.5894],[-79.2814,-1.5856],[-79.2864,-1.5839],[-79.2924,-1.5853],[-79.3201,-1.6167],[-79.3276,-1.6231],[-79.3358,-1.6281],[-79.3408,-1.6318],[-79.3439,-1.6383],[-79.3402,-1.6428],[-79.3343,-1.6453],[-79.327,-1.6469],[-79.3216,-1.6496],[-79.3176,-1.6552],[-79.3127,-1.6572],[-79.306,-1.6568],[-79.2993,-1.6596],[-79.2916,-1.6698],[-79.2807,-1.692],[-79.2504,-1.7362],[-79.249,-1.7445],[-79.2535,-1.7644],[-79.2521,-1.7749],[-79.2485,-1.7878],[-79.2411,-1.8012],[-79.2341,-1.8115],[-79.2294,-1.8229],[-79.2321,-1.8369],[-79.2416,-1.8567],[-79.2585,-1.9231],[-79.263,-1.9286],[-79.2751,-1.9366],[-79.2795,-1.9449],[-79.2782,-1.9539],[-79.2465,-1.9955],[-79.2119,-2.051],[-79.2055,-2.065],[-79.2053,-2.0733],[-79.2124,-2.0896],[-79.2199,-2.1235],[-79.2355,-2.1543],[-79.2859,-2.1077],[-79.3608,-1.9831],[-79.373,-1.9701],[-79.4025,-1.9468],[-79.4148,-1.9392],[-79.4369,-1.9286],[-79.4824,-1.8975],[-79.502,-1.8877],[-79.5236,-1.8852],[-79.5415,-1.8868],[-79.5925,-1.9058],[-79.6271,-1.9115],[-79.6495,-1.9065],[-79.6575,-1.8984],[-79.6636,-1.8755],[-79.686,-1.8343],[-79.6998,-1.8007],[-79.7065,-1.7879],[-79.7314,-1.7543],[-79.7406,-1.7385],[-79.748,-1.7168],[-79.7589,-1.6967],[-79.7732,-1.6833],[-79.8554,-1.6407],[-79.8597,-1.6337],[-79.8621,-1.6242],[-79.8642,-1.6098],[-79.8633,-1.5977],[-79.8571,-1.5802],[-79.8557,-1.5735],[-79.8697,-1.5299],[-79.8705,-1.519],[-79.8655,-1.4558],[-79.8634,-1.4443],[-79.8473,-1.3991],[-79.8425,-1.3897],[-79.8301,-1.3713],[-79.8122,-1.3518],[-79.8041,-1.3408],[-79.7481,-1.2352],[-79.745,-1.2258],[-79.743,-1.2154],[-79.7425,-1.1958],[-79.7414,-1.1891],[-79.7383,-1.1848],[-79.7341,-1.1818],[-79.73,-1.1801],[-79.7189,-1.1778],[-79.7139,-1.1755],[-79.7101,-1.1712],[-79.7082,-1.1598],[-79.7068,-1.1548],[-79.7032,-1.152],[-79.6989,-1.1515],[-79.6922,-1.1499],[-79.6864,-1.1466],[-79.6826,-1.1405],[-79.6799,-1.1331],[-79.6777,-1.1209],[-79.6738,-1.1143],[-79.6672,-1.1117],[-79.6515,-1.11],[-79.645,-1.1042],[-79.6356,-1.0893],[-79.6246,-1.0774],[-79.621,-1.0713],[-79.6144,-1.0656],[-79.6053,-1.0625],[-79.5961,-1.0612],[-79.5877,-1.0578],[-79.581,-1.0506],[-79.5756,-1.0403],[-79.5693,-1.006],[-79.5667,-0.9977],[-79.5617,-0.9867],[-79.5552,-0.9789],[-79.5469,-0.9726],[-79.539,-0.9677],[-79.5328,-0.9595],[-79.5345,-0.9536],[-79.5379,-0.9464],[-79.5377,-0.9367],[-79.5218,-0.8928],[-79.5171,-0.8605],[-79.5231,-0.8453],[-79.5359,-0.8375],[-79.5517,-0.8373],[-79.5868,-0.8414],[-79.6196,-0.8502],[-79.6003,-0.8093],[-79.5866,-0.7403],[-79.5787,-0.7231],[-79.5687,-0.7116],[-79.5595,-0.7059],[-79.5493,-0.7035],[-79.5391,-0.6968],[-79.536,-0.691],[-79.5241,-0.6559],[-79.5017,-0.6112],[-79.4933,-0.5901],[-79.48,-0.5437],[-79.4506,-0.5451],[-79.4287,-0.5481],[-79.374,-0.5458],[-79.3518,-0.5495],[-79.342,-0.5542],[-79.3462,-0.5604],[-79.3522,-0.5677],[-79.3573,-0.5772],[-79.355,-0.5909],[-79.3497,-0.6074],[-79.3472,-0.6221],[-79.3511,-0.6339],[-79.3577,-0.6472],[-79.3606,-0.6557],[-79.3584,-0.6655],[-79.3557,-0.674],[-79.3508,-0.6825],[-79.3408,-0.6891],[-79.3289,-0.694],[-79.3162,-0.6959],[-79.3032,-0.6957],[-79.2897,-0.692],[-79.2797,-0.6847],[-79.2689,-0.6725],[-79.2555,-0.6598],[-79.2426,-0.6505],[-79.2163,-0.6368],[-79.2055,-0.6293],[-79.1315,-0.5555],[-79.1154,-0.5468],[-79.1049,-0.5457],[-79.0868,-0.5519],[-79.0976,-0.5967],[-79.166,-0.7589],[-79.1806,-0.7855],[-79.1873,-0.7934],[-79.1956,-0.7992],[-79.2041,-0.8036],[-79.2139,-0.8113],[-79.2217,-0.8201],[-79.2485,-0.8701],[-79.2597,-0.8802],[-79.2718,-0.8891],[-79.2816,-0.8994],[-79.2907,-0.914],[-79.3037,-0.9489],[-79.3065,-0.9669],[-79.3072,-0.9846],[-79.305,-1.0023],[-79.32,-1.0724],[-79.3226,-1.0973],[-79.323,-1.121],[-79.3136,-1.1361],[-79.2876,-1.1705],[-79.2807,-1.2026]]]}},{"type":"Feature","properties":{"id":"ECU-1282","name":"Manabi","nameBn":"মানাবি প্রদেশ","type":"Province","bounds":[-80.9162,-1.8419,-79.4069,0.3753],"center":[-80.1619,-0.7272]},"geometry":{"type":"Polygon","coordinates":[[[-80.8182,-1.677],[-80.8358,-1.6336],[-80.8495,-1.6158],[-80.8541,-1.603],[-80.8556,-1.5883],[-80.8516,-1.5769],[-80.8165,-1.5523],[-80.8208,-1.5289],[-80.8205,-1.4999],[-80.8115,-1.4916],[-80.7996,-1.4808],[-80.7874,-1.4777],[-80.7709,-1.4778],[-80.7665,-1.4649],[-80.767,-1.4506],[-80.7649,-1.4311],[-80.7598,-1.4139],[-80.7643,-1.3909],[-80.76,-1.3766],[-80.7427,-1.3682],[-80.7443,-1.3438],[-80.774,-1.3025],[-80.8336,-1.2312],[-80.8822,-1.1458],[-80.9032,-1.0948],[-80.9162,-1.0655],[-80.9096,-1.0449],[-80.8975,-1.0329],[-80.8835,-1.021],[-80.8705,-1.0069],[-80.8629,-0.9972],[-80.8553,-0.9874],[-80.8424,-0.9734],[-80.8304,-0.9593],[-80.8272,-0.9507],[-80.8164,-0.9463],[-80.8023,-0.9506],[-80.7882,-0.9506],[-80.7741,-0.942],[-80.7612,-0.9366],[-80.746,-0.9398],[-80.7341,-0.9355],[-80.7222,-0.9311],[-80.7244,-0.9399],[-80.706,-0.9485],[-80.6909,-0.9496],[-80.679,-0.9393],[-80.6714,-0.936],[-80.6638,-0.9263],[-80.653,-0.9231],[-80.6433,-0.9371],[-80.6347,-0.9393],[-80.6163,-0.9414],[-80.5915,-0.9317],[-80.5699,-0.9122],[-80.5472,-0.8885],[-80.5328,-0.8263],[-80.529,-0.8067],[-80.5159,-0.7421],[-80.4976,-0.6924],[-80.4749,-0.6471],[-80.4625,-0.6179],[-80.4576,-0.6125],[-80.449,-0.6061],[-80.4349,-0.6039],[-80.422,-0.5996],[-80.4198,-0.6255],[-80.4058,-0.646],[-80.3788,-0.6579],[-80.3529,-0.6611],[-80.299,-0.6622],[-80.299,-0.6504],[-80.3269,-0.6428],[-80.3572,-0.6363],[-80.3777,-0.6363],[-80.3917,-0.6255],[-80.4025,-0.5974],[-80.4156,-0.5738],[-80.4296,-0.5684],[-80.4371,-0.5575],[-80.4382,-0.5338],[-80.449,-0.5057],[-80.4521,-0.4767],[-80.4662,-0.4452],[-80.4846,-0.4236],[-80.4965,-0.3814],[-80.4857,-0.3672],[-80.4652,-0.3653],[-80.4327,-0.3392],[-80.4015,-0.2919],[-80.3913,-0.2743],[-80.3888,-0.2608],[-80.3799,-0.239],[-80.3712,-0.2228],[-80.3497,-0.2153],[-80.3367,-0.1948],[-80.3237,-0.1732],[-80.3054,-0.1894],[-80.2837,-0.1786],[-80.2599,-0.1602],[-80.2318,-0.1397],[-80.1723,-0.0749],[-80.1248,-0.0136],[-80.1079,0.0071],[-80.1008,0.0269],[-80.0988,0.0392],[-80.0938,0.0434],[-80.0873,0.0456],[-80.0665,0.0522],[-80.0513,0.09],[-80.0427,0.1235],[-80.037,0.176],[-80.0384,0.2],[-80.0462,0.2426],[-80.0485,0.3183],[-80.0394,0.3447],[-80.0391,0.3533],[-80.0365,0.3571],[-80.0257,0.3519],[-80.0211,0.3469],[-80.0173,0.3395],[-80.0127,0.3245],[-80.0052,0.3245],[-80.0037,0.3371],[-79.9995,0.3451],[-79.9995,0.3449],[-79.974,0.2843],[-79.9612,0.2661],[-79.9544,0.2629],[-79.9472,0.2607],[-79.9399,0.2597],[-79.9334,0.2597],[-79.9294,0.2603],[-79.926,0.2617],[-79.9195,0.267],[-79.916,0.2705],[-79.9112,0.2744],[-79.9079,0.2781],[-79.9053,0.2818],[-79.9019,0.2907],[-79.8963,0.3021],[-79.8942,0.3131],[-79.8933,0.3154],[-79.8917,0.3174],[-79.8897,0.3187],[-79.887,0.3195],[-79.8837,0.3198],[-79.85,0.3185],[-79.8331,0.3193],[-79.8146,0.3227],[-79.8015,0.3276],[-79.7956,0.3307],[-79.785,0.3384],[-79.7639,0.361],[-79.7589,0.3652],[-79.7527,0.3693],[-79.7411,0.3741],[-79.7338,0.3753],[-79.7275,0.375],[-79.7219,0.3731],[-79.7176,0.3708],[-79.7076,0.3628],[-79.6996,0.3544],[-79.6974,0.3515],[-79.6962,0.349],[-79.6956,0.3471],[-79.6955,0.3453],[-79.6959,0.3434],[-79.6971,0.3416],[-79.7074,0.3309],[-79.7113,0.3251],[-79.713,0.3218],[-79.7143,0.3184],[-79.7149,0.315],[-79.715,0.311],[-79.7139,0.307],[-79.7122,0.3037],[-79.7095,0.2999],[-79.7064,0.2967],[-79.659,0.2681],[-79.6551,0.2642],[-79.6529,0.2616],[-79.6522,0.2592],[-79.6523,0.2571],[-79.6534,0.2545],[-79.6557,0.2511],[-79.6618,0.2449],[-79.6689,0.24],[-79.6738,0.2351],[-79.6791,0.228],[-79.6833,0.2206],[-79.7023,0.1937],[-79.7035,0.1913],[-79.7021,0.1874],[-79.6984,0.1831],[-79.6877,0.1735],[-79.6821,0.1704],[-79.6772,0.1695],[-79.6741,0.1707],[-79.6717,0.1723],[-79.6679,0.1744],[-79.6648,0.1755],[-79.6596,0.176],[-79.6569,0.1737],[-79.6549,0.1703],[-79.6533,0.1536],[-79.6517,0.1479],[-79.6499,0.1457],[-79.6475,0.1449],[-79.6449,0.1453],[-79.6418,0.1468],[-79.634,0.1526],[-79.628,0.1549],[-79.6239,0.1539],[-79.6196,0.1505],[-79.6129,0.1427],[-79.5938,0.1246],[-79.5859,0.1214],[-79.5796,0.1196],[-79.5728,0.1192],[-79.5698,0.1181],[-79.5679,0.1165],[-79.5677,0.1149],[-79.568,0.1132],[-79.5945,0.0848],[-79.5971,0.0807],[-79.5985,0.0764],[-79.5993,0.0697],[-79.6003,0.0649],[-79.6011,0.0629],[-79.6022,0.0611],[-79.6033,0.06],[-79.605,0.0591],[-79.6092,0.0577],[-79.6113,0.0568],[-79.6132,0.0549],[-79.6153,0.0522],[-79.617,0.0491],[-79.6184,0.0454],[-79.619,0.0421],[-79.6184,0.0388],[-79.6149,0.0295],[-79.6144,0.0261],[-79.6149,0.0178],[-79.6125,0.0129],[-79.5955,-0.0136],[-79.6034,-0.0225],[-79.6057,-0.0295],[-79.6073,-0.0408],[-79.6033,-0.0609],[-79.5988,-0.0718],[-79.5898,-0.0785],[-79.5827,-0.0809],[-79.577,-0.0834],[-79.5682,-0.0913],[-79.5557,-0.0993],[-79.5483,-0.1065],[-79.5224,-0.1377],[-79.4967,-0.1618],[-79.4901,-0.1651],[-79.4548,-0.1756],[-79.4482,-0.1768],[-79.4321,-0.1757],[-79.425,-0.176],[-79.4163,-0.179],[-79.4114,-0.1881],[-79.413,-0.2048],[-79.4069,-0.3834],[-79.4103,-0.3983],[-79.4167,-0.4132],[-79.4491,-0.4623],[-79.4503,-0.4851],[-79.4522,-0.4931],[-79.4636,-0.5223],[-79.48,-0.5437],[-79.4933,-0.5901],[-79.5017,-0.6112],[-79.5241,-0.6559],[-79.536,-0.691],[-79.5391,-0.6968],[-79.5493,-0.7035],[-79.5595,-0.7059],[-79.5687,-0.7116],[-79.5787,-0.7231],[-79.5866,-0.7403],[-79.6003,-0.8093],[-79.6196,-0.8502],[-79.684,-0.8608],[-79.7001,-0.8659],[-79.7122,-0.8722],[-79.7224,-0.8812],[-79.7604,-0.9349],[-79.7649,-0.9459],[-79.769,-0.9587],[-79.7744,-0.9677],[-79.7895,-0.9777],[-79.7946,-0.983],[-79.7958,-0.9914],[-79.7953,-0.9987],[-79.7965,-1.0058],[-79.7988,-1.0136],[-79.8039,-1.0231],[-79.8117,-1.0338],[-79.8248,-1.048],[-79.8415,-1.0748],[-79.8531,-1.0883],[-79.9044,-1.1298],[-79.9188,-1.1378],[-79.9377,-1.1429],[-79.9463,-1.1404],[-79.9538,-1.1392],[-79.9697,-1.1398],[-79.9752,-1.1382],[-79.9768,-1.1331],[-79.9747,-1.1241],[-79.9738,-1.1167],[-79.9773,-1.1147],[-79.9837,-1.1184],[-79.9931,-1.1288],[-79.9996,-1.1435],[-80.0062,-1.1667],[-80.0152,-1.1867],[-80.0232,-1.2174],[-80.0433,-1.2718],[-80.0519,-1.2842],[-80.0914,-1.3155],[-80.1133,-1.325],[-80.1243,-1.334],[-80.1311,-1.3482],[-80.133,-1.3682],[-80.1291,-1.3916],[-80.1309,-1.3977],[-80.1365,-1.402],[-80.1591,-1.4086],[-80.1746,-1.4185],[-80.1811,-1.4203],[-80.1858,-1.4231],[-80.192,-1.4312],[-80.1968,-1.4424],[-80.2014,-1.4691],[-80.2016,-1.4807],[-80.1992,-1.4931],[-80.1949,-1.5036],[-80.1837,-1.5208],[-80.183,-1.5277],[-80.1882,-1.5365],[-80.222,-1.5594],[-80.2833,-1.5677],[-80.2839,-1.5744],[-80.2785,-1.5826],[-80.2679,-1.5952],[-80.2548,-1.6059],[-80.2453,-1.6112],[-80.2349,-1.6132],[-80.2284,-1.6154],[-80.226,-1.6189],[-80.2271,-1.624],[-80.2279,-1.6319],[-80.2263,-1.6413],[-80.2163,-1.6706],[-80.2212,-1.6807],[-80.235,-1.6849],[-80.2744,-1.6821],[-80.2877,-1.6893],[-80.2935,-1.6961],[-80.2997,-1.6976],[-80.306,-1.6936],[-80.3135,-1.6876],[-80.3209,-1.6836],[-80.3293,-1.6871],[-80.3367,-1.6942],[-80.3465,-1.7118],[-80.3527,-1.7173],[-80.3668,-1.7228],[-80.3765,-1.7279],[-80.3887,-1.7372],[-80.3961,-1.7462],[-80.4017,-1.758],[-80.4092,-1.7688],[-80.418,-1.7784],[-80.4256,-1.7898],[-80.4277,-1.8007],[-80.4279,-1.8092],[-80.4289,-1.817],[-80.4313,-1.8234],[-80.4331,-1.8304],[-80.4375,-1.8357],[-80.4456,-1.839],[-80.4747,-1.8419],[-80.5161,-1.8408],[-80.5373,-1.8357],[-80.5528,-1.8281],[-80.5615,-1.817],[-80.5638,-1.8075],[-80.5629,-1.798],[-80.5605,-1.7891],[-80.5574,-1.7806],[-80.5457,-1.7624],[-80.544,-1.7566],[-80.5398,-1.7274],[-80.5412,-1.7183],[-80.5457,-1.7107],[-80.5587,-1.6981],[-80.5603,-1.6922],[-80.5597,-1.6854],[-80.5579,-1.6761],[-80.5638,-1.6673],[-80.5774,-1.6597],[-80.6067,-1.6556],[-80.6249,-1.6559],[-80.6599,-1.6679],[-80.6792,-1.6716],[-80.751,-1.6681],[-80.765,-1.6724],[-80.7721,-1.6735],[-80.7912,-1.6713],[-80.818,-1.677],[-80.8182,-1.677]]]}},{"type":"Feature","properties":{"id":"ECU-1285","name":"Morona Santiago","nameBn":"মোরোনা-সান্তিয়াগো প্রদেশ","type":"Province","bounds":[-78.9438,-3.5793,-76.6697,-1.447],"center":[-77.8071,-2.4505]},"geometry":{"type":"Polygon","coordinates":[[[-76.6697,-2.5646],[-76.6846,-2.5736],[-76.7767,-2.6058],[-76.9025,-2.6498],[-77.0282,-2.6937],[-77.154,-2.7377],[-77.2797,-2.7817],[-77.4055,-2.8256],[-77.5312,-2.8696],[-77.657,-2.9136],[-77.7827,-2.9575],[-77.8104,-2.9671],[-77.849,-2.9806],[-77.8678,-2.9903],[-77.9415,-3.0545],[-78.0425,-3.1899],[-78.0909,-3.23],[-78.1049,-3.2454],[-78.1358,-3.3047],[-78.1482,-3.3224],[-78.1846,-3.3495],[-78.1964,-3.3637],[-78.1965,-3.3856],[-78.185,-3.4038],[-78.1692,-3.4149],[-78.1566,-3.4293],[-78.1545,-3.4568],[-78.1637,-3.4773],[-78.1791,-3.4838],[-78.1968,-3.4876],[-78.2127,-3.5005],[-78.2263,-3.507],[-78.2359,-3.4888],[-78.2497,-3.4245],[-78.2572,-3.4096],[-78.2697,-3.3995],[-78.313,-3.3874],[-78.334,-3.3845],[-78.3508,-3.3896],[-78.3617,-3.4085],[-78.3608,-3.4149],[-78.3547,-3.4346],[-78.3553,-3.4455],[-78.3629,-3.4887],[-78.3759,-3.5293],[-78.3766,-3.5293],[-78.5011,-3.5288],[-78.5747,-3.5419],[-78.5947,-3.5422],[-78.6335,-3.538],[-78.6453,-3.5394],[-78.6546,-3.5422],[-78.6598,-3.5459],[-78.6633,-3.5501],[-78.6734,-3.569],[-78.6779,-3.5749],[-78.6844,-3.5793],[-78.691,-3.5787],[-78.7088,-3.5705],[-78.7192,-3.5671],[-78.7531,-3.5625],[-78.7944,-3.5513],[-78.8222,-3.547],[-78.8333,-3.5417],[-78.8389,-3.5356],[-78.8399,-3.5286],[-78.8423,-3.5227],[-78.8469,-3.5168],[-78.8549,-3.5098],[-78.8601,-3.5035],[-78.864,-3.4973],[-78.8664,-3.4904],[-78.8681,-3.4813],[-78.8697,-3.4633],[-78.8736,-3.4496],[-78.8744,-3.4426],[-78.8731,-3.4364],[-78.8694,-3.4298],[-78.8644,-3.4241],[-78.8535,-3.414],[-78.8488,-3.4088],[-78.8463,-3.4026],[-78.8464,-3.3964],[-78.8494,-3.3891],[-78.856,-3.3817],[-78.939,-3.3227],[-78.9438,-3.3048],[-78.942,-3.2975],[-78.9376,-3.2878],[-78.8144,-3.1894],[-78.794,-3.1697],[-78.7565,-3.1574],[-78.7224,-3.139],[-78.6977,-3.1191],[-78.6717,-3.0908],[-78.6619,-3.073],[-78.6581,-3.0551],[-78.6601,-3.0402],[-78.6602,-3.0243],[-78.6561,-3.0084],[-78.6321,-2.9585],[-78.6295,-2.9479],[-78.6233,-2.9316],[-78.576,-2.8536],[-78.5699,-2.8392],[-78.5702,-2.8297],[-78.5741,-2.82],[-78.5811,-2.8101],[-78.5897,-2.8009],[-78.5957,-2.7928],[-78.5987,-2.7859],[-78.5975,-2.7792],[-78.5664,-2.7208],[-78.5577,-2.71],[-78.5476,-2.7018],[-78.4368,-2.6453],[-78.4257,-2.6357],[-78.4214,-2.627],[-78.4214,-2.6185],[-78.4239,-2.6104],[-78.4278,-2.6015],[-78.4346,-2.5944],[-78.4659,-2.5709],[-78.4721,-2.5683],[-78.4807,-2.5681],[-78.4905,-2.5711],[-78.4998,-2.5763],[-78.5103,-2.5852],[-78.5162,-2.596],[-78.5199,-2.6066],[-78.522,-2.6175],[-78.5264,-2.6228],[-78.5333,-2.6239],[-78.5428,-2.6196],[-78.5503,-2.6125],[-78.554,-2.6023],[-78.5553,-2.5927],[-78.5491,-2.5629],[-78.5419,-2.5669],[-78.5391,-2.567],[-78.5356,-2.5669],[-78.5322,-2.565],[-78.528,-2.5622],[-78.5177,-2.5497],[-78.4937,-2.5133],[-78.4902,-2.5059],[-78.4887,-2.4974],[-78.4888,-2.4857],[-78.4878,-2.4763],[-78.484,-2.4579],[-78.4851,-2.4011],[-78.4834,-2.3899],[-78.4812,-2.3807],[-78.4878,-2.3694],[-78.5026,-2.3583],[-78.5651,-2.3306],[-78.5784,-2.3227],[-78.5799,-2.3115],[-78.5446,-2.2869],[-78.5393,-2.2776],[-78.5343,-2.2648],[-78.5345,-2.2543],[-78.5302,-2.2404],[-78.5203,-2.231],[-78.5032,-2.2183],[-78.4978,-2.2105],[-78.4978,-2.2045],[-78.5014,-2.1992],[-78.5039,-2.194],[-78.5069,-2.1551],[-78.5006,-2.1271],[-78.4908,-2.1111],[-78.4764,-2.0987],[-78.4613,-2.0921],[-78.4486,-2.0829],[-78.4458,-2.0752],[-78.4556,-2.0562],[-78.4598,-2.0436],[-78.4592,-2.0194],[-78.4632,-2.0069],[-78.4703,-1.9976],[-78.478,-1.9925],[-78.4854,-1.9848],[-78.4891,-1.977],[-78.4895,-1.9648],[-78.4855,-1.9542],[-78.4585,-1.9116],[-78.4183,-1.8675],[-78.4156,-1.8544],[-78.4228,-1.8239],[-78.4257,-1.8002],[-78.4295,-1.792],[-78.4351,-1.7867],[-78.44,-1.7808],[-78.4448,-1.7718],[-78.4484,-1.7557],[-78.4501,-1.7387],[-78.4502,-1.7173],[-78.4476,-1.706],[-78.4427,-1.697],[-78.4364,-1.6913],[-78.4311,-1.6853],[-78.4243,-1.6787],[-78.4165,-1.6675],[-78.409,-1.6589],[-78.4001,-1.6514],[-78.3765,-1.6379],[-78.3672,-1.6308],[-78.3594,-1.6217],[-78.3557,-1.6129],[-78.3541,-1.6019],[-78.3557,-1.5917],[-78.3652,-1.5637],[-78.3653,-1.5499],[-78.3631,-1.5416],[-78.3534,-1.5264],[-78.3363,-1.5039],[-78.3257,-1.4959],[-78.3065,-1.4846],[-78.2922,-1.4819],[-78.2586,-1.4871],[-78.233,-1.4861],[-78.2186,-1.4821],[-78.2017,-1.4745],[-78.1927,-1.4671],[-78.1726,-1.447],[-78.1293,-1.4562],[-78.1055,-1.4757],[-78.0908,-1.4906],[-78.0785,-1.5061],[-78.0698,-1.5207],[-78.0391,-1.5995],[-78.0311,-1.6329],[-78.0211,-1.6558],[-78.009,-1.6681],[-77.9937,-1.6652],[-77.9485,-1.6556],[-77.9294,-1.6574],[-77.9141,-1.6681],[-77.9022,-1.6902],[-77.8892,-1.7558],[-77.8708,-1.785],[-77.8679,-1.7942],[-77.8675,-1.8162],[-77.8644,-1.8298],[-77.8496,-1.8549],[-77.8442,-1.8685],[-77.8416,-1.8985],[-77.8383,-1.9128],[-77.8295,-1.9248],[-77.8121,-1.9342],[-77.7715,-1.9439],[-77.7532,-1.9508],[-77.7402,-1.9632],[-77.7344,-1.9786],[-77.7306,-1.9952],[-77.7235,-2.011],[-77.7106,-2.0225],[-77.6942,-2.0287],[-77.6595,-2.0377],[-77.3843,-2.1543],[-77.1546,-2.303],[-77.1372,-2.3071],[-77.1231,-2.3137],[-77.111,-2.329],[-77.0928,-2.3611],[-77.0575,-2.4033],[-77.0487,-2.4178],[-77.0416,-2.4233],[-77.0346,-2.43],[-77.0314,-2.4393],[-77.0294,-2.4432],[-77.0171,-2.4772],[-76.9929,-2.506],[-76.959,-2.5283],[-76.9183,-2.5404],[-76.8731,-2.5393],[-76.843,-2.5287],[-76.8314,-2.53],[-76.8151,-2.5427],[-76.8021,-2.5495],[-76.7678,-2.5562],[-76.7259,-2.5771],[-76.7044,-2.5704],[-76.6844,-2.5611],[-76.6705,-2.5644],[-76.6697,-2.5646]]]}},{"type":"Feature","properties":{"id":"ECU-1289","name":"Napo","nameBn":"নাপো প্রদেশ","type":"Province","bounds":[-78.9276,-1.5264,-78.1142,-0.9636],"center":[-78.5209,-1.2733]},"geometry":{"type":"Polygon","coordinates":[[[-78.3914,-0.9636],[-78.37,-0.9979],[-78.3448,-1.0276],[-78.3357,-1.0452],[-78.3317,-1.0598],[-78.3321,-1.1069],[-78.3336,-1.121],[-78.3359,-1.1312],[-78.3449,-1.1489],[-78.3483,-1.1599],[-78.3451,-1.1643],[-78.3386,-1.1644],[-78.3037,-1.1433],[-78.2919,-1.1402],[-78.2782,-1.1399],[-78.2566,-1.1449],[-78.2486,-1.1458],[-78.2316,-1.1415],[-78.2215,-1.14],[-78.2167,-1.1435],[-78.2139,-1.1494],[-78.2113,-1.1586],[-78.2067,-1.1609],[-78.1959,-1.159],[-78.1896,-1.1592],[-78.1859,-1.1641],[-78.1758,-1.1842],[-78.1604,-1.1891],[-78.1268,-1.1941],[-78.1197,-1.2006],[-78.1166,-1.2091],[-78.1165,-1.2333],[-78.1142,-1.3426],[-78.1168,-1.3577],[-78.1215,-1.3731],[-78.1482,-1.4244],[-78.1726,-1.447],[-78.1927,-1.4671],[-78.2017,-1.4745],[-78.2186,-1.4821],[-78.233,-1.4861],[-78.2586,-1.4871],[-78.2922,-1.4819],[-78.3065,-1.4846],[-78.3257,-1.4959],[-78.3363,-1.5039],[-78.3534,-1.5264],[-78.3615,-1.5156],[-78.3648,-1.4975],[-78.3689,-1.4932],[-78.3762,-1.4894],[-78.3892,-1.4846],[-78.3999,-1.4784],[-78.4117,-1.4736],[-78.4299,-1.4683],[-78.4428,-1.4624],[-78.467,-1.4467],[-78.4801,-1.4406],[-78.4911,-1.442],[-78.5002,-1.4526],[-78.5064,-1.4691],[-78.5154,-1.4801],[-78.5268,-1.4838],[-78.5435,-1.4799],[-78.5594,-1.4778],[-78.5782,-1.4804],[-78.5953,-1.486],[-78.6197,-1.4898],[-78.6458,-1.4894],[-78.6986,-1.4781],[-78.7228,-1.4683],[-78.7429,-1.4566],[-78.7728,-1.4349],[-78.7871,-1.4283],[-78.8,-1.4244],[-78.8134,-1.4255],[-78.8272,-1.4314],[-78.8591,-1.4524],[-78.8807,-1.4592],[-78.8888,-1.4455],[-78.9,-1.4324],[-78.9238,-1.3971],[-78.9276,-1.3832],[-78.9163,-1.3328],[-78.9101,-1.3145],[-78.8962,-1.2856],[-78.8921,-1.2692],[-78.8902,-1.2309],[-78.8877,-1.2181],[-78.8662,-1.1783],[-78.8376,-1.1672],[-78.8107,-1.1438],[-78.786,-1.1359],[-78.7669,-1.1318],[-78.7496,-1.1315],[-78.7023,-1.1416],[-78.6774,-1.1426],[-78.6612,-1.1385],[-78.6449,-1.1305],[-78.6209,-1.1115],[-78.6108,-1.108],[-78.5846,-1.1064],[-78.5751,-1.1028],[-78.568,-1.0969],[-78.5642,-1.0893],[-78.5642,-1.0761],[-78.5634,-1.0697],[-78.5533,-1.0609],[-78.5431,-1.0584],[-78.5327,-1.0594],[-78.5254,-1.0619],[-78.5183,-1.0663],[-78.5129,-1.0721],[-78.5043,-1.078],[-78.4924,-1.0823],[-78.4678,-1.0805],[-78.4554,-1.0748],[-78.4461,-1.0646],[-78.4344,-1.0444],[-78.4345,-1.0267],[-78.4336,-1.0163],[-78.4301,-1.0063],[-78.4238,-0.9967],[-78.42,-0.9882],[-78.3914,-0.9636]]]}},{"type":"Feature","properties":{"id":"ECU-1286","name":"Orellana","nameBn":"ওরেইয়ানা প্রদেশ","type":"Province","bounds":[-77.6217,-1.5466,-75.2273,-0.0473],"center":[-76.4248,-0.8759]},"geometry":{"type":"Polygon","coordinates":[[[-75.2666,-0.6427],[-75.2788,-0.6489],[-75.2894,-0.656],[-75.294,-0.6679],[-75.2929,-0.6777],[-75.2887,-0.6961],[-75.2881,-0.7063],[-75.2903,-0.7165],[-75.2966,-0.7345],[-75.297,-0.747],[-75.2526,-0.8979],[-75.2523,-0.9069],[-75.2539,-0.9241],[-75.2521,-0.9334],[-75.2443,-0.9448],[-75.2348,-0.9532],[-75.2275,-0.9631],[-75.2273,-0.9698],[-75.2362,-0.9704],[-75.2835,-0.9704],[-75.3259,-0.9755],[-75.3487,-0.975],[-75.3586,-0.9669],[-75.3644,-0.9569],[-75.3781,-0.9412],[-75.4064,-0.9151],[-75.4126,-0.9239],[-75.4252,-0.9733],[-75.4553,-1.0911],[-75.4853,-1.2091],[-75.5153,-1.327],[-75.5453,-1.4448],[-75.56,-1.5026],[-75.573,-1.5373],[-75.5807,-1.5466],[-75.5811,-1.546],[-75.5917,-1.5268],[-75.5963,-1.505],[-75.6023,-1.4962],[-75.6095,-1.4923],[-75.6173,-1.4917],[-75.6283,-1.4881],[-75.6347,-1.4822],[-75.6409,-1.479],[-75.6466,-1.4787],[-75.6522,-1.4725],[-75.6822,-1.4616],[-75.6914,-1.4593],[-75.6964,-1.4558],[-75.6989,-1.4515],[-75.7007,-1.4466],[-75.703,-1.4456],[-75.707,-1.4485],[-75.7113,-1.4529],[-75.7176,-1.4557],[-75.7213,-1.4527],[-75.724,-1.445],[-75.734,-1.4318],[-75.7418,-1.4161],[-75.7443,-1.4138],[-75.7475,-1.4053],[-75.7522,-1.4019],[-75.7645,-1.4024],[-75.7789,-1.3984],[-75.7937,-1.3973],[-75.7981,-1.395],[-75.802,-1.3903],[-75.8063,-1.3869],[-75.8142,-1.3829],[-75.8208,-1.3818],[-75.8271,-1.3821],[-75.833,-1.384],[-75.8353,-1.3826],[-75.8351,-1.3795],[-75.837,-1.3734],[-75.8442,-1.3573],[-75.851,-1.3538],[-75.8753,-1.3474],[-75.8802,-1.3429],[-75.8809,-1.3377],[-75.8788,-1.3328],[-75.8785,-1.3284],[-75.8823,-1.3277],[-75.8862,-1.3288],[-75.8936,-1.3291],[-75.8958,-1.3317],[-75.8965,-1.3353],[-75.895,-1.3406],[-75.8956,-1.3448],[-75.8996,-1.3473],[-75.9059,-1.3484],[-75.9154,-1.3469],[-75.9336,-1.3466],[-75.9502,-1.3445],[-75.9634,-1.3371],[-75.9699,-1.3303],[-75.9749,-1.3275],[-75.9878,-1.328],[-75.9924,-1.3236],[-75.9971,-1.3176],[-76.0048,-1.3102],[-76.0164,-1.3064],[-76.0288,-1.3047],[-76.0395,-1.2987],[-76.0457,-1.2965],[-76.0493,-1.2972],[-76.0521,-1.2998],[-76.0564,-1.3012],[-76.0584,-1.2979],[-76.0587,-1.2934],[-76.058,-1.2876],[-76.0602,-1.2817],[-76.0635,-1.2761],[-76.0666,-1.275],[-76.0693,-1.2767],[-76.0722,-1.2806],[-76.0778,-1.2824],[-76.088,-1.2816],[-76.1059,-1.273],[-76.1161,-1.2732],[-76.121,-1.2743],[-76.1222,-1.2775],[-76.1246,-1.279],[-76.1262,-1.2775],[-76.1274,-1.2739],[-76.1295,-1.2727],[-76.1319,-1.2734],[-76.136,-1.2763],[-76.1461,-1.2858],[-76.1487,-1.2893],[-76.1523,-1.2925],[-76.1556,-1.2931],[-76.1622,-1.2923],[-76.1664,-1.2922],[-76.1728,-1.2928],[-76.1759,-1.2908],[-76.1804,-1.2863],[-76.1866,-1.2865],[-76.2041,-1.2888],[-76.2121,-1.2847],[-76.2169,-1.2839],[-76.2225,-1.285],[-76.2276,-1.2888],[-76.2331,-1.2915],[-76.2374,-1.2902],[-76.24,-1.2865],[-76.2423,-1.2823],[-76.2453,-1.2821],[-76.2485,-1.2857],[-76.2515,-1.2905],[-76.2558,-1.2942],[-76.26,-1.2927],[-76.2639,-1.2932],[-76.2659,-1.294],[-76.2681,-1.2965],[-76.2748,-1.3007],[-76.2779,-1.3043],[-76.2803,-1.3082],[-76.2842,-1.3111],[-76.2858,-1.3104],[-76.2866,-1.3027],[-76.2898,-1.3003],[-76.2982,-1.2976],[-76.3133,-1.2951],[-76.3383,-1.2886],[-76.353,-1.2864],[-76.3583,-1.2831],[-76.3574,-1.2796],[-76.3552,-1.2758],[-76.3564,-1.2724],[-76.3607,-1.2666],[-76.3627,-1.2627],[-76.3672,-1.2619],[-76.3729,-1.2622],[-76.3807,-1.2619],[-76.3874,-1.2585],[-76.3938,-1.2532],[-76.3992,-1.2529],[-76.4054,-1.2548],[-76.4123,-1.2577],[-76.4244,-1.2603],[-76.4341,-1.2581],[-76.4441,-1.2599],[-76.4484,-1.2572],[-76.4488,-1.2536],[-76.448,-1.2493],[-76.4486,-1.2461],[-76.4515,-1.2475],[-76.4556,-1.2503],[-76.4637,-1.2513],[-76.4689,-1.2481],[-76.475,-1.2405],[-76.4763,-1.2348],[-76.477,-1.2283],[-76.4795,-1.224],[-76.4843,-1.2189],[-76.4929,-1.2121],[-76.4981,-1.2062],[-76.5026,-1.199],[-76.5113,-1.1878],[-76.5164,-1.1728],[-76.5194,-1.1517],[-76.5185,-1.1121],[-76.5155,-1.0988],[-76.5151,-1.0844],[-76.5186,-1.0722],[-76.5318,-1.0578],[-76.5454,-1.0516],[-76.5623,-1.0464],[-76.5802,-1.0444],[-76.5947,-1.0463],[-76.6195,-1.0537],[-76.6385,-1.0571],[-76.6432,-1.0598],[-76.651,-1.0709],[-76.6561,-1.0747],[-76.6653,-1.0776],[-76.6748,-1.0785],[-76.695,-1.0844],[-76.7148,-1.0876],[-76.7395,-1.0886],[-76.7467,-1.0901],[-76.7609,-1.0979],[-76.7694,-1.0989],[-76.7841,-1.0962],[-76.7955,-1.0895],[-76.8046,-1.0877],[-76.8107,-1.0896],[-76.8293,-1.1072],[-76.8353,-1.1156],[-76.8388,-1.1266],[-76.8405,-1.1382],[-76.8432,-1.1487],[-76.85,-1.1568],[-76.8679,-1.1574],[-76.9644,-1.1177],[-77.0453,-1.0994],[-77.0562,-1.0935],[-77.063,-1.083],[-77.0693,-1.0545],[-77.0728,-1.046],[-77.0745,-1.0396],[-77.072,-1.0331],[-77.0516,-1.0104],[-77.0428,-0.9879],[-77.0518,-0.9771],[-77.0577,-0.9716],[-77.0619,-0.9637],[-77.0592,-0.9575],[-77.0424,-0.9417],[-77.0349,-0.9321],[-77.0361,-0.9252],[-77.0417,-0.9204],[-77.0546,-0.9168],[-77.0967,-0.9103],[-77.114,-0.9042],[-77.1597,-0.873],[-77.1677,-0.8687],[-77.1767,-0.8657],[-77.1869,-0.8604],[-77.1925,-0.8522],[-77.1963,-0.8358],[-77.1946,-0.8198],[-77.1877,-0.8034],[-77.1767,-0.7869],[-77.1284,-0.7418],[-77.1186,-0.7303],[-77.1148,-0.7187],[-77.1169,-0.7126],[-77.1242,-0.7079],[-77.1385,-0.7075],[-77.1512,-0.7163],[-77.1648,-0.7228],[-77.2095,-0.7647],[-77.2341,-0.8128],[-77.2471,-0.8296],[-77.255,-0.8339],[-77.2915,-0.8467],[-77.4497,-0.9224],[-77.4605,-0.9304],[-77.4797,-0.9357],[-77.4827,-0.938],[-77.4992,-0.9453],[-77.5186,-0.9495],[-77.5434,-0.9514],[-77.5662,-0.9472],[-77.5791,-0.94],[-77.579,-0.9314],[-77.5687,-0.9222],[-77.5604,-0.9117],[-77.5517,-0.8974],[-77.5285,-0.8412],[-77.5261,-0.8263],[-77.5344,-0.7951],[-77.5333,-0.7808],[-77.5273,-0.7623],[-77.5198,-0.7455],[-77.5128,-0.7329],[-77.4986,-0.7141],[-77.4959,-0.7043],[-77.4966,-0.6914],[-77.5038,-0.6661],[-77.5097,-0.6557],[-77.5183,-0.6486],[-77.5314,-0.6403],[-77.5367,-0.6336],[-77.5475,-0.6123],[-77.5753,-0.577],[-77.5862,-0.5675],[-77.5962,-0.5625],[-77.6067,-0.5597],[-77.6188,-0.5529],[-77.6217,-0.5448],[-77.6202,-0.5366],[-77.6145,-0.529],[-77.6046,-0.5211],[-77.5737,-0.5024],[-77.5665,-0.4957],[-77.5625,-0.4881],[-77.564,-0.4758],[-77.5638,-0.4671],[-77.5601,-0.4597],[-77.5515,-0.458],[-77.5375,-0.4632],[-77.4947,-0.4892],[-77.4725,-0.4996],[-77.448,-0.5078],[-77.4288,-0.5106],[-77.4155,-0.5091],[-77.404,-0.5042],[-77.395,-0.4969],[-77.371,-0.4577],[-77.3604,-0.4325],[-77.3566,-0.4257],[-77.3517,-0.4222],[-77.3462,-0.4219],[-77.3335,-0.4258],[-77.329,-0.4241],[-77.3262,-0.4181],[-77.327,-0.402],[-77.3261,-0.3937],[-77.3232,-0.3874],[-77.293,-0.3742],[-77.282,-0.3681],[-77.2732,-0.3604],[-77.2695,-0.3515],[-77.2704,-0.3357],[-77.2681,-0.329],[-77.2637,-0.3235],[-77.2575,-0.3176],[-77.2545,-0.3094],[-77.2544,-0.2949],[-77.2633,-0.2764],[-77.2619,-0.2717],[-77.2597,-0.2669],[-77.2584,-0.2611],[-77.2577,-0.2533],[-77.26,-0.2463],[-77.2719,-0.2286],[-77.2856,-0.2118],[-77.2918,-0.2025],[-77.2979,-0.1903],[-77.2981,-0.1808],[-77.2946,-0.1663],[-77.2918,-0.1392],[-77.2895,-0.1291],[-77.2994,-0.0585],[-77.284,-0.0473],[-77.2707,-0.0507],[-77.2542,-0.0567],[-77.2268,-0.0702],[-77.1974,-0.0906],[-77.186,-0.0928],[-77.1742,-0.0907],[-77.1636,-0.0859],[-77.1472,-0.083],[-77.1299,-0.0859],[-77.0736,-0.1021],[-77.0492,-0.1031],[-77.0274,-0.0993],[-77.0129,-0.0914],[-77.0011,-0.0832],[-76.9871,-0.0761],[-76.9718,-0.0701],[-76.9454,-0.0657],[-76.9317,-0.0696],[-76.9175,-0.0786],[-76.9108,-0.0871],[-76.9009,-0.1037],[-76.7984,-0.2257],[-76.7676,-0.2526],[-76.7636,-0.2582],[-76.7624,-0.2613],[-76.7616,-0.2702],[-76.7597,-0.2762],[-76.7413,-0.3039],[-76.7327,-0.3138],[-76.7225,-0.3288],[-76.7195,-0.3347],[-76.7141,-0.3419],[-76.7027,-0.352],[-76.6464,-0.3914],[-76.6375,-0.4021],[-76.6332,-0.4103],[-76.6219,-0.4249],[-76.5995,-0.4118],[-76.5757,-0.4051],[-76.5545,-0.4339],[-76.5022,-0.4737],[-76.4833,-0.4829],[-76.4439,-0.4818],[-76.4274,-0.4857],[-76.4206,-0.5009],[-76.4102,-0.5103],[-76.3866,-0.4993],[-76.3462,-0.4699],[-76.3372,-0.4661],[-76.3046,-0.4563],[-76.2841,-0.4461],[-76.2744,-0.4431],[-76.1971,-0.4357],[-76.1028,-0.4419],[-76.098,-0.4467],[-76.0922,-0.458],[-76.0874,-0.4707],[-76.0835,-0.4948],[-76.078,-0.5016],[-76.0582,-0.5109],[-76.0172,-0.5404],[-75.9944,-0.5533],[-75.9719,-0.5586],[-75.9487,-0.5601],[-75.9372,-0.5617],[-75.9318,-0.5589],[-75.93,-0.5549],[-75.9318,-0.5502],[-75.9366,-0.5432],[-75.9415,-0.5313],[-75.951,-0.4493],[-75.9508,-0.4334],[-75.9476,-0.4229],[-75.9357,-0.4166],[-75.9189,-0.4128],[-75.8869,-0.4134],[-75.8688,-0.4181],[-75.8546,-0.4257],[-75.8425,-0.4338],[-75.8316,-0.4367],[-75.8231,-0.4359],[-75.8129,-0.4322],[-75.8041,-0.4306],[-75.7802,-0.4305],[-75.7687,-0.4286],[-75.7588,-0.4251],[-75.7483,-0.4226],[-75.7406,-0.4244],[-75.7315,-0.4303],[-75.7263,-0.4367],[-75.7178,-0.4509],[-75.7115,-0.4581],[-75.6996,-0.4642],[-75.6874,-0.4636],[-75.6734,-0.4601],[-75.6639,-0.4563],[-75.6544,-0.455],[-75.6446,-0.4591],[-75.6333,-0.4662],[-75.6115,-0.4759],[-75.5998,-0.4825],[-75.5933,-0.4883],[-75.5913,-0.4942],[-75.5885,-0.5],[-75.5847,-0.5003],[-75.5745,-0.4952],[-75.571,-0.4976],[-75.5688,-0.5031],[-75.5672,-0.5132],[-75.5642,-0.52],[-75.5604,-0.5265],[-75.554,-0.5329],[-75.5424,-0.5423],[-75.5103,-0.5521],[-75.5016,-0.5521],[-75.4949,-0.5509],[-75.4497,-0.552],[-75.4383,-0.5563],[-75.4277,-0.5627],[-75.4192,-0.5652],[-75.403,-0.5655],[-75.398,-0.5691],[-75.3943,-0.5772],[-75.3916,-0.5869],[-75.3881,-0.5959],[-75.3828,-0.6018],[-75.3752,-0.6039],[-75.3655,-0.6053],[-75.35,-0.6128],[-75.3153,-0.6228],[-75.3034,-0.6225],[-75.2955,-0.6209],[-75.2897,-0.6184],[-75.2862,-0.6207],[-75.2852,-0.6237],[-75.2869,-0.6356],[-75.2851,-0.6414],[-75.2821,-0.6435],[-75.2677,-0.6428],[-75.2666,-0.6427]]]}},{"type":"Feature","properties":{"id":"ECU-1288","name":"Pastaza","nameBn":"পাস্তাজা প্রদেশ","type":"Province","bounds":[-78.1726,-2.5771,-75.5807,-1.0104],"center":[-76.8768,-1.8465]},"geometry":{"type":"Polygon","coordinates":[[[-75.5807,-1.5466],[-75.5965,-1.5657],[-75.6515,-1.6167],[-75.6917,-1.6636],[-75.7416,-1.7217],[-75.7915,-1.7799],[-75.8415,-1.8381],[-75.8915,-1.8963],[-75.9414,-1.9545],[-75.9914,-2.0126],[-76.0413,-2.0707],[-76.0912,-2.1289],[-76.1509,-2.1746],[-76.2105,-2.2203],[-76.2702,-2.2659],[-76.3299,-2.3115],[-76.3896,-2.3573],[-76.4493,-2.4029],[-76.5089,-2.4486],[-76.5686,-2.4943],[-76.6253,-2.5377],[-76.6697,-2.5646],[-76.6705,-2.5644],[-76.6844,-2.5611],[-76.7044,-2.5704],[-76.7259,-2.5771],[-76.7678,-2.5562],[-76.8021,-2.5495],[-76.8151,-2.5427],[-76.8314,-2.53],[-76.843,-2.5287],[-76.8731,-2.5393],[-76.9183,-2.5404],[-76.959,-2.5283],[-76.9929,-2.506],[-77.0171,-2.4772],[-77.0294,-2.4432],[-77.0314,-2.4393],[-77.0346,-2.43],[-77.0416,-2.4233],[-77.0487,-2.4178],[-77.0575,-2.4033],[-77.0928,-2.3611],[-77.111,-2.329],[-77.1231,-2.3137],[-77.1372,-2.3071],[-77.1546,-2.303],[-77.3843,-2.1543],[-77.6595,-2.0377],[-77.6942,-2.0287],[-77.7106,-2.0225],[-77.7235,-2.011],[-77.7306,-1.9952],[-77.7344,-1.9786],[-77.7402,-1.9632],[-77.7532,-1.9508],[-77.7715,-1.9439],[-77.8121,-1.9342],[-77.8295,-1.9248],[-77.8383,-1.9128],[-77.8416,-1.8985],[-77.8442,-1.8685],[-77.8496,-1.8549],[-77.8644,-1.8298],[-77.8675,-1.8162],[-77.8679,-1.7942],[-77.8708,-1.785],[-77.8892,-1.7558],[-77.9022,-1.6902],[-77.9141,-1.6681],[-77.9294,-1.6574],[-77.9485,-1.6556],[-77.9937,-1.6652],[-78.009,-1.6681],[-78.0211,-1.6558],[-78.0311,-1.6329],[-78.0391,-1.5995],[-78.0698,-1.5207],[-78.0785,-1.5061],[-78.0908,-1.4906],[-78.1055,-1.4757],[-78.1293,-1.4562],[-78.1726,-1.447],[-78.1482,-1.4244],[-78.1215,-1.3731],[-78.1168,-1.3577],[-78.1142,-1.3426],[-78.1165,-1.2333],[-78.0656,-1.2368],[-78.0376,-1.2352],[-77.9664,-1.2235],[-77.942,-1.2239],[-77.9267,-1.2258],[-77.916,-1.2307],[-77.9072,-1.2359],[-77.8972,-1.2371],[-77.8912,-1.2314],[-77.8856,-1.2178],[-77.8821,-1.2141],[-77.8764,-1.2133],[-77.8674,-1.2167],[-77.8582,-1.2218],[-77.846,-1.2247],[-77.8311,-1.2218],[-77.8068,-1.2093],[-77.7682,-1.1832],[-77.7577,-1.1779],[-77.7376,-1.1703],[-77.7247,-1.1677],[-77.705,-1.1557],[-77.6956,-1.1517],[-77.6814,-1.15],[-77.6684,-1.1466],[-77.6562,-1.1454],[-77.6418,-1.1486],[-77.6314,-1.1497],[-77.621,-1.1488],[-77.6086,-1.1434],[-77.595,-1.1404],[-77.5471,-1.1357],[-77.4579,-1.095],[-77.4455,-1.0873],[-77.4348,-1.0838],[-77.4008,-1.0836],[-77.373,-1.0793],[-77.2782,-1.0497],[-77.2558,-1.0372],[-77.2445,-1.0292],[-77.2338,-1.0245],[-77.2189,-1.0222],[-77.0516,-1.0104],[-77.072,-1.0331],[-77.0745,-1.0396],[-77.0728,-1.046],[-77.0693,-1.0545],[-77.063,-1.083],[-77.0562,-1.0935],[-77.0453,-1.0994],[-76.9644,-1.1177],[-76.8679,-1.1574],[-76.85,-1.1568],[-76.8432,-1.1487],[-76.8405,-1.1382],[-76.8388,-1.1266],[-76.8353,-1.1156],[-76.8293,-1.1072],[-76.8107,-1.0896],[-76.8046,-1.0877],[-76.7955,-1.0895],[-76.7841,-1.0962],[-76.7694,-1.0989],[-76.7609,-1.0979],[-76.7467,-1.0901],[-76.7395,-1.0886],[-76.7148,-1.0876],[-76.695,-1.0844],[-76.6748,-1.0785],[-76.6653,-1.0776],[-76.6561,-1.0747],[-76.651,-1.0709],[-76.6432,-1.0598],[-76.6385,-1.0571],[-76.6195,-1.0537],[-76.5947,-1.0463],[-76.5802,-1.0444],[-76.5623,-1.0464],[-76.5454,-1.0516],[-76.5318,-1.0578],[-76.5186,-1.0722],[-76.5151,-1.0844],[-76.5155,-1.0988],[-76.5185,-1.1121],[-76.5194,-1.1517],[-76.5164,-1.1728],[-76.5113,-1.1878],[-76.5026,-1.199],[-76.4981,-1.2062],[-76.4929,-1.2121],[-76.4843,-1.2189],[-76.4795,-1.224],[-76.477,-1.2283],[-76.4763,-1.2348],[-76.475,-1.2405],[-76.4689,-1.2481],[-76.4637,-1.2513],[-76.4556,-1.2503],[-76.4515,-1.2475],[-76.4486,-1.2461],[-76.448,-1.2493],[-76.4488,-1.2536],[-76.4484,-1.2572],[-76.4441,-1.2599],[-76.4341,-1.2581],[-76.4244,-1.2603],[-76.4123,-1.2577],[-76.4054,-1.2548],[-76.3992,-1.2529],[-76.3938,-1.2532],[-76.3874,-1.2585],[-76.3807,-1.2619],[-76.3729,-1.2622],[-76.3672,-1.2619],[-76.3627,-1.2627],[-76.3607,-1.2666],[-76.3564,-1.2724],[-76.3552,-1.2758],[-76.3574,-1.2796],[-76.3583,-1.2831],[-76.353,-1.2864],[-76.3383,-1.2886],[-76.3133,-1.2951],[-76.2982,-1.2976],[-76.2898,-1.3003],[-76.2866,-1.3027],[-76.2858,-1.3104],[-76.2842,-1.3111],[-76.2803,-1.3082],[-76.2779,-1.3043],[-76.2748,-1.3007],[-76.2681,-1.2965],[-76.2659,-1.294],[-76.2639,-1.2932],[-76.26,-1.2927],[-76.2558,-1.2942],[-76.2515,-1.2905],[-76.2485,-1.2857],[-76.2453,-1.2821],[-76.2423,-1.2823],[-76.24,-1.2865],[-76.2374,-1.2902],[-76.2331,-1.2915],[-76.2276,-1.2888],[-76.2225,-1.285],[-76.2169,-1.2839],[-76.2121,-1.2847],[-76.2041,-1.2888],[-76.1866,-1.2865],[-76.1804,-1.2863],[-76.1759,-1.2908],[-76.1728,-1.2928],[-76.1664,-1.2922],[-76.1622,-1.2923],[-76.1556,-1.2931],[-76.1523,-1.2925],[-76.1487,-1.2893],[-76.1461,-1.2858],[-76.136,-1.2763],[-76.1319,-1.2734],[-76.1295,-1.2727],[-76.1274,-1.2739],[-76.1262,-1.2775],[-76.1246,-1.279],[-76.1222,-1.2775],[-76.121,-1.2743],[-76.1161,-1.2732],[-76.1059,-1.273],[-76.088,-1.2816],[-76.0778,-1.2824],[-76.0722,-1.2806],[-76.0693,-1.2767],[-76.0666,-1.275],[-76.0635,-1.2761],[-76.0602,-1.2817],[-76.058,-1.2876],[-76.0587,-1.2934],[-76.0584,-1.2979],[-76.0564,-1.3012],[-76.0521,-1.2998],[-76.0493,-1.2972],[-76.0457,-1.2965],[-76.0395,-1.2987],[-76.0288,-1.3047],[-76.0164,-1.3064],[-76.0048,-1.3102],[-75.9971,-1.3176],[-75.9924,-1.3236],[-75.9878,-1.328],[-75.9749,-1.3275],[-75.9699,-1.3303],[-75.9634,-1.3371],[-75.9502,-1.3445],[-75.9336,-1.3466],[-75.9154,-1.3469],[-75.9059,-1.3484],[-75.8996,-1.3473],[-75.8956,-1.3448],[-75.895,-1.3406],[-75.8965,-1.3353],[-75.8958,-1.3317],[-75.8936,-1.3291],[-75.8862,-1.3288],[-75.8823,-1.3277],[-75.8785,-1.3284],[-75.8788,-1.3328],[-75.8809,-1.3377],[-75.8802,-1.3429],[-75.8753,-1.3474],[-75.851,-1.3538],[-75.8442,-1.3573],[-75.837,-1.3734],[-75.8351,-1.3795],[-75.8353,-1.3826],[-75.833,-1.384],[-75.8271,-1.3821],[-75.8208,-1.3818],[-75.8142,-1.3829],[-75.8063,-1.3869],[-75.802,-1.3903],[-75.7981,-1.395],[-75.7937,-1.3973],[-75.7789,-1.3984],[-75.7645,-1.4024],[-75.7522,-1.4019],[-75.7475,-1.4053],[-75.7443,-1.4138],[-75.7418,-1.4161],[-75.734,-1.4318],[-75.724,-1.445],[-75.7213,-1.4527],[-75.7176,-1.4557],[-75.7113,-1.4529],[-75.707,-1.4485],[-75.703,-1.4456],[-75.7007,-1.4466],[-75.6989,-1.4515],[-75.6964,-1.4558],[-75.6914,-1.4593],[-75.6822,-1.4616],[-75.6522,-1.4725],[-75.6466,-1.4787],[-75.6409,-1.479],[-75.6347,-1.4822],[-75.6283,-1.4881],[-75.6173,-1.4917],[-75.6095,-1.4923],[-75.6023,-1.4962],[-75.5963,-1.505],[-75.5917,-1.5268],[-75.5811,-1.546],[-75.5807,-1.5466]]]}},{"type":"Feature","properties":{"id":"ECU-1287","name":"Pichincha","nameBn":"পিচিঞ্চা প্রদেশ","type":"Province","bounds":[-79.3638,-0.6844,-77.8327,0.3189],"center":[-78.5045,-0.0871]},"geometry":{"type":"Polygon","coordinates":[[[-77.8327,0.0319],[-77.8452,0.0097],[-77.857,0.0014],[-77.9283,-0.0354],[-77.9645,-0.0478],[-77.9716,-0.0544],[-77.9751,-0.0637],[-77.9773,-0.0896],[-77.9804,-0.1006],[-77.9848,-0.1053],[-77.9912,-0.108],[-77.9965,-0.1136],[-78.0076,-0.132],[-78.0131,-0.136],[-78.0226,-0.1364],[-78.044,-0.1311],[-78.0531,-0.1307],[-78.0569,-0.1327],[-78.06,-0.1405],[-78.0623,-0.1507],[-78.0741,-0.1703],[-78.0832,-0.179],[-78.0952,-0.1844],[-78.1027,-0.1845],[-78.1086,-0.1821],[-78.119,-0.1721],[-78.1268,-0.1694],[-78.1347,-0.1694],[-78.1579,-0.1765],[-78.1668,-0.178],[-78.1773,-0.1809],[-78.1832,-0.1878],[-78.1859,-0.1955],[-78.1844,-0.2063],[-78.1874,-0.2965],[-78.1942,-0.32],[-78.2069,-0.3434],[-78.2346,-0.3811],[-78.2457,-0.3999],[-78.2504,-0.4148],[-78.2361,-0.442],[-78.2375,-0.4528],[-78.2427,-0.4657],[-78.255,-0.4863],[-78.2597,-0.4975],[-78.2618,-0.5078],[-78.261,-0.5185],[-78.2623,-0.5314],[-78.2717,-0.5515],[-78.2833,-0.5669],[-78.3014,-0.5855],[-78.3109,-0.5985],[-78.3168,-0.6118],[-78.3203,-0.6388],[-78.3242,-0.653],[-78.3297,-0.6604],[-78.338,-0.6656],[-78.3639,-0.6705],[-78.3759,-0.674],[-78.3968,-0.6844],[-78.4621,-0.6154],[-78.4899,-0.6044],[-78.503,-0.606],[-78.527,-0.602],[-78.5419,-0.6019],[-78.5524,-0.6035],[-78.5785,-0.618],[-78.5899,-0.6217],[-78.5962,-0.6187],[-78.6012,-0.6126],[-78.6086,-0.6053],[-78.618,-0.6067],[-78.6301,-0.6127],[-78.6408,-0.6208],[-78.6478,-0.625],[-78.6549,-0.628],[-78.6626,-0.6299],[-78.6717,-0.6345],[-78.6978,-0.6533],[-78.7076,-0.6559],[-78.7141,-0.6526],[-78.7207,-0.6439],[-78.7242,-0.6331],[-78.7261,-0.617],[-78.7353,-0.5957],[-78.752,-0.5723],[-78.8163,-0.5274],[-78.8294,-0.5157],[-78.8337,-0.5047],[-78.8398,-0.48],[-78.8432,-0.4714],[-78.855,-0.4534],[-78.8698,-0.4253],[-78.907,-0.3768],[-78.9099,-0.3705],[-78.9101,-0.3579],[-78.9131,-0.3526],[-78.9216,-0.3451],[-78.8912,-0.2976],[-78.7644,-0.285],[-78.7454,-0.2152],[-78.7961,-0.1582],[-78.8912,-0.1075],[-78.9229,-0.0758],[-79.1003,-0.0821],[-79.1067,0.0003],[-79.3095,0.0066],[-79.3638,0.0469],[-79.344,0.0961],[-79.3312,0.1191],[-79.3191,0.1489],[-79.3067,0.167],[-79.3037,0.1733],[-79.3039,0.179],[-79.3071,0.1856],[-79.314,0.1931],[-79.3231,0.2012],[-79.3489,0.2192],[-79.3521,0.2249],[-79.3522,0.2317],[-79.3467,0.2393],[-79.3373,0.2455],[-79.318,0.2546],[-79.3032,0.2634],[-79.2823,0.2808],[-79.2736,0.2862],[-79.2608,0.2914],[-79.2503,0.2968],[-79.2219,0.3156],[-79.2099,0.3185],[-79.1951,0.3189],[-79.1718,0.3169],[-79.1451,0.3177],[-79.0402,0.295],[-79.0319,0.2905],[-79.0268,0.2868],[-79.0107,0.2674],[-78.9939,0.2289],[-78.9843,0.2222],[-78.9695,0.2157],[-78.9517,0.2113],[-78.9374,0.2119],[-78.9246,0.2148],[-78.9035,0.2176],[-78.8641,0.2299],[-78.7781,0.2393],[-78.754,0.2368],[-78.6523,0.2156],[-78.6311,0.215],[-78.6185,0.2174],[-78.6073,0.2211],[-78.5548,0.2271],[-78.5335,0.2331],[-78.5196,0.2323],[-78.4672,0.2423],[-78.414,0.2454],[-78.3867,0.2423],[-78.37,0.2361],[-78.3638,0.2277],[-78.3607,0.2177],[-78.3591,0.2058],[-78.3602,0.1962],[-78.3659,0.1787],[-78.3671,0.1716],[-78.3654,0.1667],[-78.3596,0.1684],[-78.3418,0.1854],[-78.3307,0.1901],[-78.3203,0.1885],[-78.3093,0.1806],[-78.2882,0.1621],[-78.2727,0.1508],[-78.2549,0.1422],[-78.2268,0.1333],[-78.2022,0.1347],[-78.175,0.1407],[-78.1307,0.1612],[-78.1129,0.1719],[-78.0905,0.1906],[-78.0777,0.1978],[-78.0605,0.197],[-77.9454,0.1613],[-77.9704,0.1197],[-77.9708,0.1184],[-77.9708,0.1168],[-77.9704,0.1153],[-77.9684,0.1136],[-77.965,0.1121],[-77.953,0.1088],[-77.942,0.1041],[-77.9403,0.1038],[-77.9389,0.1038],[-77.934,0.1051],[-77.9321,0.1051],[-77.9059,0.0912],[-77.8916,0.0861],[-77.8873,0.0855],[-77.8831,0.0845],[-77.8786,0.0826],[-77.8639,0.0742],[-77.859,0.0695],[-77.8555,0.064],[-77.8528,0.0551],[-77.8512,0.0441],[-77.8506,0.042],[-77.8498,0.0399],[-77.8452,0.036],[-77.8327,0.0319]]]}},{"type":"Feature","properties":{"id":"ECU-5507","name":"Santa Elena","nameBn":"সান্তা এলেনা প্রদেশ","type":"Province","bounds":[-81.013,-2.5298,-80.2134,-1.6556],"center":[-80.5772,-2.1549]},"geometry":{"type":"Polygon","coordinates":[[[-80.5427,-2.5298],[-80.5741,-2.4929],[-80.6566,-2.4158],[-80.6889,-2.4053],[-80.7181,-2.3913],[-80.7505,-2.3924],[-80.8035,-2.3748],[-80.8219,-2.3664],[-80.8639,-2.3293],[-80.886,-2.3209],[-80.9017,-2.3211],[-80.9136,-2.3188],[-80.9212,-2.3097],[-80.9271,-2.276],[-80.9348,-2.2609],[-80.9512,-2.2376],[-80.965,-2.2233],[-81.0021,-2.1936],[-81.0062,-2.1872],[-81.0109,-2.1767],[-81.013,-2.1669],[-81.0092,-2.1625],[-81.0012,-2.1645],[-80.9975,-2.1687],[-80.9954,-2.1734],[-80.9921,-2.1762],[-80.9667,-2.1823],[-80.9547,-2.183],[-80.9493,-2.1862],[-80.9443,-2.2033],[-80.9313,-2.2173],[-80.9063,-2.2163],[-80.8706,-2.2033],[-80.8197,-2.1623],[-80.7807,-2.1428],[-80.745,-2.1029],[-80.7374,-2.0435],[-80.7516,-2.0132],[-80.7595,-1.982],[-80.7625,-1.9739],[-80.7581,-1.9635],[-80.7473,-1.9613],[-80.7332,-1.9538],[-80.7302,-1.9294],[-80.733,-1.904],[-80.7606,-1.7975],[-80.7756,-1.7555],[-80.7821,-1.737],[-80.7909,-1.7216],[-80.8004,-1.7101],[-80.8122,-1.6916],[-80.8182,-1.677],[-80.818,-1.677],[-80.7912,-1.6713],[-80.7721,-1.6735],[-80.765,-1.6724],[-80.751,-1.6681],[-80.6792,-1.6716],[-80.6599,-1.6679],[-80.6249,-1.6559],[-80.6067,-1.6556],[-80.5774,-1.6597],[-80.5638,-1.6673],[-80.5579,-1.6761],[-80.5597,-1.6854],[-80.5603,-1.6922],[-80.5587,-1.6981],[-80.5457,-1.7107],[-80.5412,-1.7183],[-80.5398,-1.7274],[-80.544,-1.7566],[-80.5457,-1.7624],[-80.5574,-1.7806],[-80.5605,-1.7891],[-80.5629,-1.798],[-80.5638,-1.8075],[-80.5615,-1.817],[-80.5528,-1.8281],[-80.5373,-1.8357],[-80.5161,-1.8408],[-80.5068,-1.8844],[-80.4783,-1.9312],[-80.4263,-1.9623],[-80.3474,-1.9816],[-80.2884,-2.0173],[-80.2524,-2.0506],[-80.2134,-2.1103],[-80.216,-2.1986],[-80.232,-2.2998],[-80.2765,-2.3679],[-80.3251,-2.3959],[-80.4108,-2.4167],[-80.4705,-2.4608],[-80.5427,-2.5298]]]}},{"type":"Feature","properties":{"id":"ECU-5508","name":"Santo Domingo de los Tsáchilas","nameBn":"স্যান্তো ডোমিঙ্গ দে লস সাচিলাস প্রদেশ","type":"Province","bounds":[-79.6073,-0.6959,-78.7454,0.0469],"center":[-79.2525,-0.3483]},"geometry":{"type":"Polygon","coordinates":[[[-78.9216,-0.3451],[-78.9272,-0.347],[-78.9308,-0.3503],[-78.9338,-0.3543],[-78.9377,-0.3579],[-78.9487,-0.3602],[-78.953,-0.3623],[-78.958,-0.3665],[-78.9623,-0.3732],[-78.9655,-0.3803],[-78.9672,-0.3884],[-78.9695,-0.3952],[-78.9726,-0.4001],[-78.9771,-0.4038],[-78.9939,-0.4116],[-78.9984,-0.4142],[-79.0027,-0.4187],[-79.007,-0.4244],[-79.0192,-0.4535],[-79.0282,-0.4702],[-79.0324,-0.4756],[-79.0334,-0.4802],[-79.0311,-0.4846],[-79.0256,-0.4889],[-79.0089,-0.4966],[-79.0012,-0.5026],[-78.9964,-0.5103],[-78.9931,-0.5187],[-78.991,-0.5262],[-78.9908,-0.5316],[-78.9945,-0.5352],[-79.0013,-0.5383],[-79.0128,-0.5422],[-79.0201,-0.5462],[-79.0246,-0.5512],[-79.0278,-0.5655],[-79.0316,-0.5734],[-79.037,-0.5808],[-79.0472,-0.5851],[-79.0545,-0.5852],[-79.0619,-0.5825],[-79.068,-0.5788],[-79.0716,-0.5753],[-79.0868,-0.5519],[-79.1049,-0.5457],[-79.1154,-0.5468],[-79.1315,-0.5555],[-79.2055,-0.6293],[-79.2163,-0.6368],[-79.2426,-0.6505],[-79.2555,-0.6598],[-79.2689,-0.6725],[-79.2797,-0.6847],[-79.2897,-0.692],[-79.3032,-0.6957],[-79.3162,-0.6959],[-79.3289,-0.694],[-79.3408,-0.6891],[-79.3508,-0.6825],[-79.3557,-0.674],[-79.3584,-0.6655],[-79.3606,-0.6557],[-79.3577,-0.6472],[-79.3511,-0.6339],[-79.3472,-0.6221],[-79.3497,-0.6074],[-79.355,-0.5909],[-79.3573,-0.5772],[-79.3522,-0.5677],[-79.3462,-0.5604],[-79.342,-0.5542],[-79.3518,-0.5495],[-79.374,-0.5458],[-79.4287,-0.5481],[-79.4506,-0.5451],[-79.48,-0.5437],[-79.4636,-0.5223],[-79.4522,-0.4931],[-79.4503,-0.4851],[-79.4491,-0.4623],[-79.4167,-0.4132],[-79.4103,-0.3983],[-79.4069,-0.3834],[-79.413,-0.2048],[-79.4114,-0.1881],[-79.4163,-0.179],[-79.425,-0.176],[-79.4321,-0.1757],[-79.4482,-0.1768],[-79.4548,-0.1756],[-79.4901,-0.1651],[-79.4967,-0.1618],[-79.5224,-0.1377],[-79.5483,-0.1065],[-79.5557,-0.0993],[-79.5682,-0.0913],[-79.577,-0.0834],[-79.5827,-0.0809],[-79.5898,-0.0785],[-79.5988,-0.0718],[-79.6033,-0.0609],[-79.6073,-0.0408],[-79.6057,-0.0295],[-79.6034,-0.0225],[-79.5955,-0.0136],[-79.5752,-0.0123],[-79.5539,-0.0179],[-79.493,-0.0256],[-79.464,-0.0331],[-79.4535,-0.0377],[-79.4459,-0.0422],[-79.436,-0.0498],[-79.4332,-0.0501],[-79.4301,-0.046],[-79.4266,-0.0427],[-79.4218,-0.0395],[-79.4207,-0.0334],[-79.423,-0.03],[-79.427,-0.028],[-79.4302,-0.0283],[-79.4331,-0.0291],[-79.4359,-0.0288],[-79.4394,-0.0259],[-79.45,-0.0118],[-79.4521,-0.0055],[-79.4504,-0.0009],[-79.4323,0.0054],[-79.4234,0.0102],[-79.3962,0.0167],[-79.3835,0.0225],[-79.3699,0.036],[-79.3638,0.0469],[-79.3095,0.0066],[-79.1067,0.0003],[-79.1003,-0.0821],[-78.9229,-0.0758],[-78.8912,-0.1075],[-78.7961,-0.1582],[-78.7454,-0.2152],[-78.7644,-0.285],[-78.8912,-0.2976],[-78.9216,-0.3451]]]}},{"type":"Feature","properties":{"id":"ECU-1411","name":"Sucumbios","nameBn":"সুকুম্বিওস প্রদেশ","type":"Province","bounds":[-77.9708,-0.6435,-75.2556,0.6612],"center":[-76.6135,-0.0855]},"geometry":{"type":"Polygon","coordinates":[[[-77.5093,0.6612],[-77.4681,0.6509],[-77.4546,0.6024],[-77.4482,0.4973],[-77.4391,0.4637],[-77.4347,0.4338],[-77.4244,0.4083],[-77.3975,0.3876],[-77.3625,0.3748],[-77.2561,0.3532],[-77.2373,0.3464],[-77.2225,0.3388],[-77.2069,0.3342],[-77.1852,0.3354],[-77.1348,0.3543],[-77.1174,0.3575],[-77.1039,0.3541],[-77.0829,0.3489],[-77.0446,0.3057],[-77.0149,0.2956],[-76.9749,0.2949],[-76.9625,0.2929],[-76.9459,0.2871],[-76.9357,0.2798],[-76.9139,0.2578],[-76.8968,0.2453],[-76.8825,0.2401],[-76.8673,0.2395],[-76.7979,0.25],[-76.7853,0.2487],[-76.7496,0.2327],[-76.7344,0.2331],[-76.7369,0.2729],[-76.7245,0.2776],[-76.69,0.2681],[-76.6412,0.2628],[-76.6269,0.2585],[-76.6111,0.2475],[-76.5843,0.2226],[-76.5654,0.2161],[-76.5508,0.2179],[-76.5249,0.2313],[-76.4257,0.2427],[-76.408,0.2545],[-76.4184,0.3209],[-76.4159,0.3954],[-76.4164,0.4019],[-76.4069,0.4001],[-76.3853,0.4015],[-76.3747,0.4035],[-76.3654,0.407],[-76.3405,0.4366],[-76.3349,0.4417],[-76.3297,0.4448],[-76.3116,0.4585],[-76.3005,0.4616],[-76.2905,0.4572],[-76.2629,0.428],[-76.2437,0.4154],[-76.2237,0.4067],[-76.2021,0.4018],[-76.1776,0.4001],[-76.1558,0.4013],[-76.1447,0.4004],[-76.1363,0.3967],[-76.1303,0.3861],[-76.1247,0.3596],[-76.1196,0.3518],[-76.1013,0.3527],[-76.076,0.3608],[-76.0535,0.3635],[-76.0439,0.3486],[-76.0395,0.3367],[-75.9725,0.2519],[-75.9675,0.2393],[-75.963,0.2201],[-75.952,0.204],[-75.9271,0.181],[-75.8663,0.1435],[-75.858,0.1298],[-75.8179,0.1001],[-75.7897,0.0844],[-75.7732,0.0778],[-75.7538,0.073],[-75.7316,0.0712],[-75.7086,0.0733],[-75.6655,0.0831],[-75.6467,0.0854],[-75.6268,0.0789],[-75.611,0.0646],[-75.5982,0.0504],[-75.588,0.0439],[-75.5701,0.038],[-75.5231,-0.004],[-75.4649,-0.0397],[-75.4409,-0.0481],[-75.4214,-0.0622],[-75.3654,-0.0728],[-75.302,-0.0961],[-75.2835,-0.107],[-75.2953,-0.1223],[-75.318,-0.1383],[-75.3307,-0.1446],[-75.3441,-0.1491],[-75.36,-0.1499],[-75.3942,-0.1451],[-75.4026,-0.1458],[-75.4295,-0.1637],[-75.4553,-0.1612],[-75.5257,-0.1232],[-75.5393,-0.12],[-75.5533,-0.1198],[-75.5712,-0.1217],[-75.5868,-0.1187],[-75.605,-0.1114],[-75.623,-0.1066],[-75.6376,-0.1115],[-75.6432,-0.1288],[-75.6384,-0.1509],[-75.6286,-0.1705],[-75.6196,-0.1809],[-75.6101,-0.183],[-75.5887,-0.1813],[-75.579,-0.1827],[-75.5668,-0.19],[-75.5459,-0.2098],[-75.5335,-0.2161],[-75.5122,-0.2231],[-75.4962,-0.2331],[-75.4848,-0.2477],[-75.4527,-0.3606],[-75.4342,-0.403],[-75.4056,-0.4424],[-75.387,-0.46],[-75.3757,-0.467],[-75.3654,-0.4688],[-75.3531,-0.4677],[-75.3474,-0.4709],[-75.3433,-0.4768],[-75.3043,-0.5071],[-75.3,-0.5118],[-75.2949,-0.5232],[-75.291,-0.528],[-75.2859,-0.529],[-75.2765,-0.5242],[-75.272,-0.5257],[-75.2607,-0.5435],[-75.257,-0.562],[-75.2601,-0.6013],[-75.2593,-0.6095],[-75.257,-0.6168],[-75.2556,-0.6243],[-75.2576,-0.6332],[-75.2666,-0.6427],[-75.2677,-0.6428],[-75.2821,-0.6435],[-75.2851,-0.6414],[-75.2869,-0.6356],[-75.2852,-0.6237],[-75.2862,-0.6207],[-75.2897,-0.6184],[-75.2955,-0.6209],[-75.3034,-0.6225],[-75.3153,-0.6228],[-75.35,-0.6128],[-75.3655,-0.6053],[-75.3752,-0.6039],[-75.3828,-0.6018],[-75.3881,-0.5959],[-75.3916,-0.5869],[-75.3943,-0.5772],[-75.398,-0.5691],[-75.403,-0.5655],[-75.4192,-0.5652],[-75.4277,-0.5627],[-75.4383,-0.5563],[-75.4497,-0.552],[-75.4949,-0.5509],[-75.5016,-0.5521],[-75.5103,-0.5521],[-75.5424,-0.5423],[-75.554,-0.5329],[-75.5604,-0.5265],[-75.5642,-0.52],[-75.5672,-0.5132],[-75.5688,-0.5031],[-75.571,-0.4976],[-75.5745,-0.4952],[-75.5847,-0.5003],[-75.5885,-0.5],[-75.5913,-0.4942],[-75.5933,-0.4883],[-75.5998,-0.4825],[-75.6115,-0.4759],[-75.6333,-0.4662],[-75.6446,-0.4591],[-75.6544,-0.455],[-75.6639,-0.4563],[-75.6734,-0.4601],[-75.6874,-0.4636],[-75.6996,-0.4642],[-75.7115,-0.4581],[-75.7178,-0.4509],[-75.7263,-0.4367],[-75.7315,-0.4303],[-75.7406,-0.4244],[-75.7483,-0.4226],[-75.7588,-0.4251],[-75.7687,-0.4286],[-75.7802,-0.4305],[-75.8041,-0.4306],[-75.8129,-0.4322],[-75.8231,-0.4359],[-75.8316,-0.4367],[-75.8425,-0.4338],[-75.8546,-0.4257],[-75.8688,-0.4181],[-75.8869,-0.4134],[-75.9189,-0.4128],[-75.9357,-0.4166],[-75.9476,-0.4229],[-75.9508,-0.4334],[-75.951,-0.4493],[-75.9415,-0.5313],[-75.9366,-0.5432],[-75.9318,-0.5502],[-75.93,-0.5549],[-75.9318,-0.5589],[-75.9372,-0.5617],[-75.9487,-0.5601],[-75.9719,-0.5586],[-75.9944,-0.5533],[-76.0172,-0.5404],[-76.0582,-0.5109],[-76.078,-0.5016],[-76.0835,-0.4948],[-76.0874,-0.4707],[-76.0922,-0.458],[-76.098,-0.4467],[-76.1028,-0.4419],[-76.1971,-0.4357],[-76.2744,-0.4431],[-76.2841,-0.4461],[-76.3046,-0.4563],[-76.3372,-0.4661],[-76.3462,-0.4699],[-76.3866,-0.4993],[-76.4102,-0.5103],[-76.4206,-0.5009],[-76.4274,-0.4857],[-76.4439,-0.4818],[-76.4833,-0.4829],[-76.5022,-0.4737],[-76.5545,-0.4339],[-76.5757,-0.4051],[-76.5995,-0.4118],[-76.6219,-0.4249],[-76.6332,-0.4103],[-76.6375,-0.4021],[-76.6464,-0.3914],[-76.7027,-0.352],[-76.7141,-0.3419],[-76.7195,-0.3347],[-76.7225,-0.3288],[-76.7327,-0.3138],[-76.7413,-0.3039],[-76.7597,-0.2762],[-76.7616,-0.2702],[-76.7624,-0.2613],[-76.7636,-0.2582],[-76.7676,-0.2526],[-76.7984,-0.2257],[-76.9009,-0.1037],[-76.9108,-0.0871],[-76.9175,-0.0786],[-76.9317,-0.0696],[-76.9454,-0.0657],[-76.9718,-0.0701],[-76.9871,-0.0761],[-77.0011,-0.0832],[-77.0129,-0.0914],[-77.0274,-0.0993],[-77.0492,-0.1031],[-77.0736,-0.1021],[-77.1299,-0.0859],[-77.1472,-0.083],[-77.1636,-0.0859],[-77.1742,-0.0907],[-77.186,-0.0928],[-77.1974,-0.0906],[-77.2268,-0.0702],[-77.2542,-0.0567],[-77.2707,-0.0507],[-77.284,-0.0473],[-77.2994,-0.0585],[-77.3256,-0.0889],[-77.3334,-0.1016],[-77.3439,-0.1232],[-77.35,-0.1316],[-77.3564,-0.1372],[-77.3627,-0.1408],[-77.3742,-0.1411],[-77.3911,-0.1394],[-77.4377,-0.1286],[-77.4465,-0.1249],[-77.4489,-0.119],[-77.4489,-0.1122],[-77.4477,-0.1055],[-77.4458,-0.0994],[-77.4451,-0.0942],[-77.4457,-0.0893],[-77.4495,-0.0807],[-77.4497,-0.0758],[-77.4482,-0.071],[-77.4453,-0.0654],[-77.4439,-0.0604],[-77.4447,-0.0564],[-77.4478,-0.0515],[-77.4517,-0.0439],[-77.4544,-0.0335],[-77.459,-0.0261],[-77.4649,-0.0235],[-77.4767,-0.0283],[-77.4903,-0.0375],[-77.4953,-0.0396],[-77.4996,-0.0421],[-77.5026,-0.0459],[-77.506,-0.0513],[-77.5127,-0.0563],[-77.5221,-0.0593],[-77.5391,-0.0617],[-77.5504,-0.0688],[-77.5719,-0.0909],[-77.5825,-0.0985],[-77.589,-0.1],[-77.5997,-0.0931],[-77.6128,-0.0875],[-77.6409,-0.081],[-77.7403,-0.0784],[-77.7589,-0.075],[-77.7721,-0.0662],[-77.7789,-0.0468],[-77.7847,-0.0135],[-77.785,-0.0036],[-77.7842,0.0006],[-77.783,0.0029],[-77.7819,0.0042],[-77.7809,0.0055],[-77.7799,0.0075],[-77.7792,0.0095],[-77.7789,0.0114],[-77.7787,0.0136],[-77.7789,0.0158],[-77.7888,0.0211],[-77.8327,0.0319],[-77.8452,0.036],[-77.8498,0.0399],[-77.8506,0.042],[-77.8512,0.0441],[-77.8528,0.0551],[-77.8555,0.064],[-77.859,0.0695],[-77.8639,0.0742],[-77.8786,0.0826],[-77.8831,0.0845],[-77.8873,0.0855],[-77.8916,0.0861],[-77.9059,0.0912],[-77.9321,0.1051],[-77.934,0.1051],[-77.9389,0.1038],[-77.9403,0.1038],[-77.942,0.1041],[-77.953,0.1088],[-77.965,0.1121],[-77.9684,0.1136],[-77.9704,0.1153],[-77.9708,0.1168],[-77.9708,0.1184],[-77.9704,0.1197],[-77.9454,0.1613],[-77.9106,0.1984],[-77.896,0.2079],[-77.8911,0.2091],[-77.8864,0.2112],[-77.8819,0.2137],[-77.8783,0.2163],[-77.8735,0.2217],[-77.8549,0.2482],[-77.8423,0.2625],[-77.8385,0.2656],[-77.8355,0.2692],[-77.8344,0.2723],[-77.8364,0.2766],[-77.8391,0.2782],[-77.8418,0.279],[-77.8444,0.2792],[-77.847,0.2797],[-77.8487,0.2806],[-77.8501,0.2816],[-77.8511,0.2832],[-77.852,0.2858],[-77.8525,0.2926],[-77.8458,0.3054],[-77.8141,0.3457],[-77.7919,0.371],[-77.7878,0.3835],[-77.7903,0.3964],[-77.791,0.4058],[-77.7893,0.4225],[-77.7837,0.4347],[-77.7751,0.4483],[-77.7062,0.5365],[-77.6982,0.544],[-77.6609,0.5719],[-77.6537,0.5789],[-77.65,0.585],[-77.6504,0.5889],[-77.6517,0.5933],[-77.6546,0.5984],[-77.6593,0.6033],[-77.6702,0.6119],[-77.673,0.617],[-77.6743,0.6233],[-77.6723,0.6338],[-77.6695,0.6387],[-77.6661,0.6416],[-77.6616,0.6423],[-77.6557,0.6422],[-77.6473,0.6404],[-77.6317,0.6353],[-77.6227,0.6339],[-77.5952,0.6339],[-77.5898,0.6328],[-77.57,0.6247],[-77.5534,0.6289],[-77.5177,0.6562],[-77.5141,0.6605],[-77.5093,0.6612]]]}},{"type":"Feature","properties":{"id":"ECU-1290","name":"Tungurahua","nameBn":"তুঙ্গুরাওয়া প্রদেশ","type":"Province","bounds":[-78.4415,-1.2371,-77.0349,0.0319],"center":[-77.7382,-0.6245]},"geometry":{"type":"Polygon","coordinates":[[[-78.3386,-1.1644],[-78.3451,-1.1643],[-78.3483,-1.1599],[-78.3449,-1.1489],[-78.3359,-1.1312],[-78.3336,-1.121],[-78.3321,-1.1069],[-78.3317,-1.0598],[-78.3357,-1.0452],[-78.3448,-1.0276],[-78.37,-0.9979],[-78.3914,-0.9636],[-78.4073,-0.954],[-78.4305,-0.9501],[-78.438,-0.945],[-78.4415,-0.9381],[-78.4391,-0.9317],[-78.4338,-0.9273],[-78.4268,-0.9226],[-78.422,-0.9159],[-78.4195,-0.9069],[-78.4196,-0.8928],[-78.418,-0.8829],[-78.4132,-0.8691],[-78.4024,-0.8534],[-78.3911,-0.8328],[-78.3878,-0.8138],[-78.3889,-0.7913],[-78.3943,-0.7563],[-78.4047,-0.7204],[-78.4051,-0.7102],[-78.3968,-0.6844],[-78.3759,-0.674],[-78.3639,-0.6705],[-78.338,-0.6656],[-78.3297,-0.6604],[-78.3242,-0.653],[-78.3203,-0.6388],[-78.3168,-0.6118],[-78.3109,-0.5985],[-78.3014,-0.5855],[-78.2833,-0.5669],[-78.2717,-0.5515],[-78.2623,-0.5314],[-78.261,-0.5185],[-78.2618,-0.5078],[-78.2597,-0.4975],[-78.255,-0.4863],[-78.2427,-0.4657],[-78.2375,-0.4528],[-78.2361,-0.442],[-78.2504,-0.4148],[-78.2457,-0.3999],[-78.2346,-0.3811],[-78.2069,-0.3434],[-78.1942,-0.32],[-78.1874,-0.2965],[-78.1844,-0.2063],[-78.1859,-0.1955],[-78.1832,-0.1878],[-78.1773,-0.1809],[-78.1668,-0.178],[-78.1579,-0.1765],[-78.1347,-0.1694],[-78.1268,-0.1694],[-78.119,-0.1721],[-78.1086,-0.1821],[-78.1027,-0.1845],[-78.0952,-0.1844],[-78.0832,-0.179],[-78.0741,-0.1703],[-78.0623,-0.1507],[-78.06,-0.1405],[-78.0569,-0.1327],[-78.0531,-0.1307],[-78.044,-0.1311],[-78.0226,-0.1364],[-78.0131,-0.136],[-78.0076,-0.132],[-77.9965,-0.1136],[-77.9912,-0.108],[-77.9848,-0.1053],[-77.9804,-0.1006],[-77.9773,-0.0896],[-77.9751,-0.0637],[-77.9716,-0.0544],[-77.9645,-0.0478],[-77.9283,-0.0354],[-77.857,0.0014],[-77.8452,0.0097],[-77.8327,0.0319],[-77.7888,0.0211],[-77.7789,0.0158],[-77.7787,0.0136],[-77.7789,0.0114],[-77.7792,0.0095],[-77.7799,0.0075],[-77.7809,0.0055],[-77.7819,0.0042],[-77.783,0.0029],[-77.7842,0.0006],[-77.785,-0.0036],[-77.7847,-0.0135],[-77.7789,-0.0468],[-77.7721,-0.0662],[-77.7589,-0.075],[-77.7403,-0.0784],[-77.6409,-0.081],[-77.6128,-0.0875],[-77.5997,-0.0931],[-77.589,-0.1],[-77.5825,-0.0985],[-77.5719,-0.0909],[-77.5504,-0.0688],[-77.5391,-0.0617],[-77.5221,-0.0593],[-77.5127,-0.0563],[-77.506,-0.0513],[-77.5026,-0.0459],[-77.4996,-0.0421],[-77.4953,-0.0396],[-77.4903,-0.0375],[-77.4767,-0.0283],[-77.4649,-0.0235],[-77.459,-0.0261],[-77.4544,-0.0335],[-77.4517,-0.0439],[-77.4478,-0.0515],[-77.4447,-0.0564],[-77.4439,-0.0604],[-77.4453,-0.0654],[-77.4482,-0.071],[-77.4497,-0.0758],[-77.4495,-0.0807],[-77.4457,-0.0893],[-77.4451,-0.0942],[-77.4458,-0.0994],[-77.4477,-0.1055],[-77.4489,-0.1122],[-77.4489,-0.119],[-77.4465,-0.1249],[-77.4377,-0.1286],[-77.3911,-0.1394],[-77.3742,-0.1411],[-77.3627,-0.1408],[-77.3564,-0.1372],[-77.35,-0.1316],[-77.3439,-0.1232],[-77.3334,-0.1016],[-77.3256,-0.0889],[-77.2994,-0.0585],[-77.2895,-0.1291],[-77.2918,-0.1392],[-77.2946,-0.1663],[-77.2981,-0.1808],[-77.2979,-0.1903],[-77.2918,-0.2025],[-77.2856,-0.2118],[-77.2719,-0.2286],[-77.26,-0.2463],[-77.2577,-0.2533],[-77.2584,-0.2611],[-77.2597,-0.2669],[-77.2619,-0.2717],[-77.2633,-0.2764],[-77.2544,-0.2949],[-77.2545,-0.3094],[-77.2575,-0.3176],[-77.2637,-0.3235],[-77.2681,-0.329],[-77.2704,-0.3357],[-77.2695,-0.3515],[-77.2732,-0.3604],[-77.282,-0.3681],[-77.293,-0.3742],[-77.3232,-0.3874],[-77.3261,-0.3937],[-77.327,-0.402],[-77.3262,-0.4181],[-77.329,-0.4241],[-77.3335,-0.4258],[-77.3462,-0.4219],[-77.3517,-0.4222],[-77.3566,-0.4257],[-77.3604,-0.4325],[-77.371,-0.4577],[-77.395,-0.4969],[-77.404,-0.5042],[-77.4155,-0.5091],[-77.4288,-0.5106],[-77.448,-0.5078],[-77.4725,-0.4996],[-77.4947,-0.4892],[-77.5375,-0.4632],[-77.5515,-0.458],[-77.5601,-0.4597],[-77.5638,-0.4671],[-77.564,-0.4758],[-77.5625,-0.4881],[-77.5665,-0.4957],[-77.5737,-0.5024],[-77.6046,-0.5211],[-77.6145,-0.529],[-77.6202,-0.5366],[-77.6217,-0.5448],[-77.6188,-0.5529],[-77.6067,-0.5597],[-77.5962,-0.5625],[-77.5862,-0.5675],[-77.5753,-0.577],[-77.5475,-0.6123],[-77.5367,-0.6336],[-77.5314,-0.6403],[-77.5183,-0.6486],[-77.5097,-0.6557],[-77.5038,-0.6661],[-77.4966,-0.6914],[-77.4959,-0.7043],[-77.4986,-0.7141],[-77.5128,-0.7329],[-77.5198,-0.7455],[-77.5273,-0.7623],[-77.5333,-0.7808],[-77.5344,-0.7951],[-77.5261,-0.8263],[-77.5285,-0.8412],[-77.5517,-0.8974],[-77.5604,-0.9117],[-77.5687,-0.9222],[-77.579,-0.9314],[-77.5791,-0.94],[-77.5662,-0.9472],[-77.5434,-0.9514],[-77.5186,-0.9495],[-77.4992,-0.9453],[-77.4827,-0.938],[-77.4797,-0.9357],[-77.4605,-0.9304],[-77.4497,-0.9224],[-77.2915,-0.8467],[-77.255,-0.8339],[-77.2471,-0.8296],[-77.2341,-0.8128],[-77.2095,-0.7647],[-77.1648,-0.7228],[-77.1512,-0.7163],[-77.1385,-0.7075],[-77.1242,-0.7079],[-77.1169,-0.7126],[-77.1148,-0.7187],[-77.1186,-0.7303],[-77.1284,-0.7418],[-77.1767,-0.7869],[-77.1877,-0.8034],[-77.1946,-0.8198],[-77.1963,-0.8358],[-77.1925,-0.8522],[-77.1869,-0.8604],[-77.1767,-0.8657],[-77.1677,-0.8687],[-77.1597,-0.873],[-77.114,-0.9042],[-77.0967,-0.9103],[-77.0546,-0.9168],[-77.0417,-0.9204],[-77.0361,-0.9252],[-77.0349,-0.9321],[-77.0424,-0.9417],[-77.0592,-0.9575],[-77.0619,-0.9637],[-77.0577,-0.9716],[-77.0518,-0.9771],[-77.0428,-0.9879],[-77.0516,-1.0104],[-77.2189,-1.0222],[-77.2338,-1.0245],[-77.2445,-1.0292],[-77.2558,-1.0372],[-77.2782,-1.0497],[-77.373,-1.0793],[-77.4008,-1.0836],[-77.4348,-1.0838],[-77.4455,-1.0873],[-77.4579,-1.095],[-77.5471,-1.1357],[-77.595,-1.1404],[-77.6086,-1.1434],[-77.621,-1.1488],[-77.6314,-1.1497],[-77.6418,-1.1486],[-77.6562,-1.1454],[-77.6684,-1.1466],[-77.6814,-1.15],[-77.6956,-1.1517],[-77.705,-1.1557],[-77.7247,-1.1677],[-77.7376,-1.1703],[-77.7577,-1.1779],[-77.7682,-1.1832],[-77.8068,-1.2093],[-77.8311,-1.2218],[-77.846,-1.2247],[-77.8582,-1.2218],[-77.8674,-1.2167],[-77.8764,-1.2133],[-77.8821,-1.2141],[-77.8856,-1.2178],[-77.8912,-1.2314],[-77.8972,-1.2371],[-77.9072,-1.2359],[-77.916,-1.2307],[-77.9267,-1.2258],[-77.942,-1.2239],[-77.9664,-1.2235],[-78.0376,-1.2352],[-78.0656,-1.2368],[-78.1165,-1.2333],[-78.1166,-1.2091],[-78.1197,-1.2006],[-78.1268,-1.1941],[-78.1604,-1.1891],[-78.1758,-1.1842],[-78.1859,-1.1641],[-78.1896,-1.1592],[-78.1959,-1.159],[-78.2067,-1.1609],[-78.2113,-1.1586],[-78.2139,-1.1494],[-78.2167,-1.1435],[-78.2215,-1.14],[-78.2316,-1.1415],[-78.2486,-1.1458],[-78.2566,-1.1449],[-78.2782,-1.1399],[-78.2919,-1.1402],[-78.3037,-1.1433],[-78.3386,-1.1644]]]}},{"type":"Feature","properties":{"id":"ECU-1269","name":"Zamora Chinchipe","nameBn":"জামোরা-চিঞ্চিপে প্রদেশ","type":"Province","bounds":[-79.4608,-5.0114,-78.3759,-3.3227],"center":[-78.8595,-3.9368]},"geometry":{"type":"Polygon","coordinates":[[[-78.3759,-3.5293],[-78.3773,-3.5337],[-78.3957,-3.5738],[-78.4024,-3.5944],[-78.4047,-3.6138],[-78.4043,-3.6498],[-78.4001,-3.6701],[-78.4007,-3.6798],[-78.4084,-3.6856],[-78.4211,-3.6878],[-78.4259,-3.6894],[-78.4264,-3.6946],[-78.4264,-3.7072],[-78.4136,-3.7718],[-78.4197,-3.791],[-78.4441,-3.8148],[-78.452,-3.8199],[-78.4643,-3.8257],[-78.4704,-3.8302],[-78.4807,-3.8495],[-78.4878,-3.8687],[-78.4977,-3.9427],[-78.4976,-3.9496],[-78.5018,-3.9537],[-78.5157,-3.9614],[-78.5286,-3.9654],[-78.5408,-3.9663],[-78.5519,-3.9692],[-78.5621,-3.9798],[-78.5669,-3.9962],[-78.5659,-4.0557],[-78.5766,-4.1001],[-78.6376,-4.2274],[-78.6471,-4.2711],[-78.6557,-4.2906],[-78.6741,-4.3059],[-78.6824,-4.3269],[-78.6812,-4.3644],[-78.6732,-4.4015],[-78.661,-4.4207],[-78.6372,-4.4351],[-78.6399,-4.4513],[-78.6553,-4.4702],[-78.6698,-4.4934],[-78.6724,-4.5118],[-78.6714,-4.5318],[-78.6727,-4.551],[-78.6817,-4.5671],[-78.7089,-4.5851],[-78.7197,-4.5922],[-78.8113,-4.6287],[-78.8531,-4.6523],[-78.8986,-4.6942],[-78.9173,-4.72],[-78.9286,-4.7475],[-78.9279,-4.7748],[-78.9053,-4.8198],[-78.9002,-4.8437],[-78.9108,-4.8635],[-78.934,-4.8687],[-78.9603,-4.8689],[-78.9803,-4.874],[-78.991,-4.8904],[-79.0021,-4.9391],[-79.0093,-4.9601],[-79.0351,-4.9875],[-79.0639,-5.0114],[-79.0825,-4.9931],[-79.0934,-4.9851],[-79.1042,-4.9801],[-79.1145,-4.9788],[-79.1307,-4.9828],[-79.1408,-4.9833],[-79.1583,-4.9793],[-79.1918,-4.9677],[-79.2093,-4.9648],[-79.2337,-4.9656],[-79.2803,-4.9673],[-79.3032,-4.9612],[-79.3172,-4.9444],[-79.3278,-4.9233],[-79.341,-4.9042],[-79.3499,-4.8985],[-79.3694,-4.8911],[-79.3781,-4.8848],[-79.3834,-4.8762],[-79.3899,-4.8565],[-79.3953,-4.8476],[-79.4127,-4.8348],[-79.4333,-4.8239],[-79.4506,-4.8102],[-79.4578,-4.789],[-79.4608,-4.7705],[-79.4516,-4.7663],[-79.4089,-4.7198],[-79.3751,-4.6662],[-79.3625,-4.6523],[-79.3316,-4.6082],[-79.3251,-4.5959],[-79.3204,-4.5826],[-79.319,-4.5717],[-79.3232,-4.5538],[-79.3241,-4.5429],[-79.3184,-4.5134],[-79.3035,-4.5013],[-79.2974,-4.4939],[-79.2915,-4.4823],[-79.2844,-4.4764],[-79.2769,-4.4752],[-79.2664,-4.4777],[-79.2548,-4.4824],[-79.2417,-4.4841],[-79.2332,-4.4878],[-79.2227,-4.4952],[-79.2143,-4.5025],[-79.2051,-4.503],[-79.1988,-4.4974],[-79.1936,-4.4885],[-79.188,-4.4836],[-79.1796,-4.4807],[-79.1709,-4.479],[-79.162,-4.4755],[-79.1561,-4.4695],[-79.1481,-4.4543],[-79.1334,-4.4339],[-79.121,-4.423],[-79.1166,-4.4159],[-79.1135,-4.408],[-79.1077,-4.3757],[-79.106,-4.3549],[-79.107,-4.3303],[-79.1087,-4.3189],[-79.101,-4.2624],[-79.1036,-4.2361],[-79.1015,-4.2232],[-79.1026,-4.206],[-79.104,-4.1979],[-79.1062,-4.1901],[-79.1174,-4.1765],[-79.1204,-4.1717],[-79.1249,-4.167],[-79.1296,-4.1638],[-79.1398,-4.1596],[-79.1435,-4.1572],[-79.1466,-4.1544],[-79.1495,-4.1513],[-79.1523,-4.1459],[-79.1548,-4.1388],[-79.1544,-4.1239],[-79.1518,-4.103],[-79.1375,-4.0466],[-79.1359,-4.0321],[-79.1408,-4.002],[-79.1424,-3.9789],[-79.1396,-3.9473],[-79.1336,-3.9254],[-79.124,-3.9038],[-79.1202,-3.8924],[-79.1192,-3.8831],[-79.1216,-3.8666],[-79.1244,-3.8571],[-79.1362,-3.8366],[-79.1553,-3.8137],[-79.1652,-3.7986],[-79.1792,-3.7659],[-79.1888,-3.7482],[-79.1915,-3.7401],[-79.1936,-3.731],[-79.192,-3.724],[-79.189,-3.7191],[-79.184,-3.7165],[-79.1786,-3.7158],[-79.1731,-3.7163],[-79.1627,-3.7157],[-79.1572,-3.7133],[-79.1529,-3.7101],[-79.148,-3.7042],[-79.147,-3.6979],[-79.1477,-3.6832],[-79.1439,-3.6768],[-79.1298,-3.6645],[-79.1221,-3.6606],[-79.1022,-3.636],[-79.0847,-3.6333],[-79.0781,-3.631],[-79.071,-3.6275],[-79.0655,-3.6194],[-79.0614,-3.6097],[-79.0502,-3.5521],[-79.056,-3.5166],[-79.0555,-3.5047],[-79.0529,-3.4936],[-79.0463,-3.4747],[-79.0469,-3.4664],[-79.0497,-3.46],[-79.0547,-3.4542],[-79.0598,-3.4393],[-79.0612,-3.4312],[-79.0597,-3.4223],[-79.0551,-3.4122],[-79.0461,-3.3992],[-79.0329,-3.3862],[-79.0155,-3.3729],[-78.9589,-3.3415],[-78.939,-3.3227],[-78.856,-3.3817],[-78.8494,-3.3891],[-78.8464,-3.3964],[-78.8463,-3.4026],[-78.8488,-3.4088],[-78.8535,-3.414],[-78.8644,-3.4241],[-78.8694,-3.4298],[-78.8731,-3.4364],[-78.8744,-3.4426],[-78.8736,-3.4496],[-78.8697,-3.4633],[-78.8681,-3.4813],[-78.8664,-3.4904],[-78.864,-3.4973],[-78.8601,-3.5035],[-78.8549,-3.5098],[-78.8469,-3.5168],[-78.8423,-3.5227],[-78.8399,-3.5286],[-78.8389,-3.5356],[-78.8333,-3.5417],[-78.8222,-3.547],[-78.7944,-3.5513],[-78.7531,-3.5625],[-78.7192,-3.5671],[-78.7088,-3.5705],[-78.691,-3.5787],[-78.6844,-3.5793],[-78.6779,-3.5749],[-78.6734,-3.569],[-78.6633,-3.5501],[-78.6598,-3.5459],[-78.6546,-3.5422],[-78.6453,-3.5394],[-78.6335,-3.538],[-78.5947,-3.5422],[-78.5747,-3.5419],[-78.5011,-3.5288],[-78.3766,-3.5293],[-78.3759,-3.5293]]]}}]}