{"type":"FeatureCollection","features":[{"type":"Feature","properties":{"id":"GRC-3001","name":"Anatoliki Makedonia kai Thraki","nameBn":"পূর্ব ম্যাসেডোনিয়া এবং থ্রেস","type":"Region","bounds":[23.6192,40.3981,26.6366,41.7505],"center":[25.2076,41.1043]},"geometry":{"type":"MultiPolygon","coordinates":[[[[26.2118,41.7505],[26.2262,41.7497],[26.2344,41.7458],[26.261,41.7231],[26.2739,41.7149],[26.2949,41.7103],[26.3334,41.713],[26.3596,41.7149],[26.3774,41.7106],[26.4044,41.6918],[26.4428,41.6845],[26.4604,41.6788],[26.4762,41.6757],[26.4732,41.6611],[26.4644,41.6485],[26.5212,41.6164],[26.5665,41.5988],[26.5764,41.591],[26.5955,41.6124],[26.5953,41.605],[26.5963,41.5975],[26.5986,41.5908],[26.6023,41.5852],[26.5978,41.5733],[26.6017,41.5473],[26.5955,41.5374],[26.6061,41.523],[26.611,41.5057],[26.6159,41.4685],[26.6322,41.4197],[26.6364,41.3996],[26.6366,41.3785],[26.6317,41.3575],[26.6226,41.3404],[26.6097,41.3307],[26.5911,41.3293],[26.5696,41.3336],[26.5506,41.3418],[26.5402,41.3518],[26.4893,41.3109],[26.4788,41.3096],[26.4744,41.3064],[26.472,41.3019],[26.4664,41.2972],[26.4385,41.2836],[26.4121,41.2657],[26.3951,41.259],[26.3317,41.2541],[26.3205,41.2462],[26.336,41.2289],[26.3255,41.207],[26.3211,41.1876],[26.3242,41.1699],[26.336,41.1526],[26.3173,41.1305],[26.3173,41.1223],[26.3323,41.119],[26.3395,41.1145],[26.3224,41.0886],[26.3251,41.0741],[26.339,41.0516],[26.3476,41.041],[26.3742,41.0311],[26.375,41.0195],[26.3681,41.0077],[26.3596,41.0024],[26.3446,41.0011],[26.3359,40.9971],[26.3332,40.9907],[26.336,40.9819],[26.3465,40.9717],[26.3562,40.9681],[26.3591,40.9647],[26.3491,40.9546],[26.335,40.9462],[26.3065,40.936],[26.2944,40.9267],[26.2973,40.9224],[26.3033,40.9155],[26.304,40.909],[26.2907,40.9061],[26.2822,40.9072],[26.2752,40.9103],[26.27,40.9148],[26.2665,40.9204],[26.2604,40.9204],[26.2522,40.9006],[26.2463,40.8915],[26.2392,40.8857],[26.2324,40.8857],[26.2311,40.8898],[26.2262,40.8993],[26.2263,40.8888],[26.2253,40.8836],[26.2209,40.8813],[26.2119,40.8795],[26.2112,40.8747],[26.2125,40.8731],[26.2151,40.8729],[26.2186,40.872],[26.2087,40.8684],[26.2058,40.865],[26.2051,40.8584],[26.212,40.8474],[26.1583,40.8122],[26.143,40.7938],[26.1345,40.7671],[26.1123,40.747],[26.0816,40.7356],[26.044,40.7385],[26.0469,40.7425],[26.036,40.7578],[26.0335,40.7783],[26.0274,40.7961],[26.0059,40.8039],[26.0059,40.8108],[26.0197,40.8105],[26.0379,40.8126],[26.0537,40.8162],[26.0606,40.8207],[26.054,40.831],[26.0389,40.8325],[26.0226,40.8292],[26.0122,40.8244],[26.0083,40.8312],[26.0059,40.8388],[25.9984,40.8388],[25.9984,40.8313],[26.0028,40.8261],[26.0059,40.817],[25.9984,40.817],[25.9829,40.8309],[25.9517,40.8455],[25.9186,40.853],[25.8967,40.8449],[25.8799,40.8483],[25.8257,40.8497],[25.8142,40.8552],[25.8032,40.8565],[25.7322,40.8518],[25.6912,40.8581],[25.6471,40.87],[25.6045,40.8762],[25.5671,40.8654],[25.5588,40.8671],[25.5378,40.8704],[25.5169,40.8791],[25.5022,40.8896],[25.4868,40.8971],[25.4368,40.9054],[25.4197,40.9064],[25.383,40.919],[25.3408,40.9417],[25.2997,40.9519],[25.2661,40.9269],[25.2593,40.9269],[25.2588,40.932],[25.1807,40.9427],[25.1597,40.9517],[25.147,40.959],[25.138,40.9601],[25.134,40.9629],[25.1358,40.9753],[25.1401,40.9836],[25.1482,40.9901],[25.1585,40.9943],[25.1699,40.9958],[25.1514,41.0053],[25.1384,41.0101],[25.0573,41.0095],[25.0391,41.006],[25.0396,40.9896],[25.0188,40.9751],[25.0065,40.9697],[24.9917,40.9685],[24.999,40.9499],[24.9898,40.9421],[24.9722,40.9407],[24.9539,40.9411],[24.9407,40.9379],[24.9081,40.9239],[24.8921,40.9206],[24.8635,40.9052],[24.834,40.8747],[24.802,40.8535],[24.7658,40.8654],[24.7284,40.8527],[24.7088,40.8518],[24.6901,40.8586],[24.6948,40.8612],[24.6953,40.8621],[24.6975,40.8654],[24.6628,40.8797],[24.6414,40.8646],[24.6354,40.8586],[24.6287,40.8586],[24.6196,40.8747],[24.6091,40.8885],[24.5962,40.9012],[24.6008,40.9138],[24.5863,40.9191],[24.5755,40.9267],[24.5689,40.9374],[24.5667,40.9517],[24.5178,40.9582],[24.5051,40.9616],[24.4956,40.9559],[24.4841,40.9546],[24.4729,40.9517],[24.4641,40.9411],[24.4431,40.9481],[24.4155,40.9455],[24.3918,40.9365],[24.3722,40.9141],[24.3276,40.8862],[24.3127,40.8797],[24.3247,40.8721],[24.3324,40.8629],[24.3313,40.855],[24.3098,40.8505],[24.306,40.8471],[24.3057,40.8417],[24.3096,40.835],[24.3153,40.8322],[24.3319,40.8332],[24.3407,40.8313],[24.2112,40.7732],[24.1101,40.7279],[24.0731,40.7214],[24.03,40.7233],[23.9863,40.7322],[23.874,40.7777],[23.8543,40.7812],[23.8544,40.7823],[23.8572,40.7883],[23.9429,40.8031],[23.9633,40.8112],[24.0161,40.8451],[24.0372,40.8696],[24.0937,40.9029],[24.1077,40.9146],[24.1077,40.9284],[24.1182,40.9407],[24.1217,40.9539],[24.1108,40.983],[24.1178,40.9958],[24.0944,41.0047],[24.0472,41.0362],[24.0257,41.0667],[24.0064,41.0778],[23.9886,41.0803],[23.9695,41.0775],[23.9511,41.0635],[23.9203,41.0871],[23.8676,41.0972],[23.816,41.1265],[23.7563,41.1816],[23.7089,41.213],[23.7016,41.2277],[23.7084,41.2543],[23.7189,41.2666],[23.7187,41.2804],[23.6341,41.3113],[23.6192,41.3547],[23.6254,41.3753],[23.6248,41.3771],[23.6277,41.3785],[23.6529,41.3976],[23.6722,41.403],[23.7054,41.4032],[23.7382,41.3975],[23.7544,41.4007],[23.7771,41.429],[23.7921,41.4345],[23.8097,41.4338],[23.8309,41.4356],[23.8516,41.4396],[23.8677,41.4455],[23.8948,41.4643],[23.9029,41.4635],[23.9499,41.4376],[23.9647,41.4383],[23.9813,41.4509],[23.9869,41.4537],[23.9924,41.4546],[23.9971,41.457],[24.0007,41.4641],[24.0229,41.4531],[24.0347,41.4513],[24.0459,41.4555],[24.052,41.463],[24.0525,41.4715],[24.0498,41.4936],[24.0473,41.5257],[24.0766,41.536],[24.1165,41.5334],[24.1463,41.5268],[24.154,41.5221],[24.1585,41.5163],[24.1628,41.512],[24.1702,41.5116],[24.1731,41.5153],[24.1775,41.531],[24.1816,41.5374],[24.1963,41.547],[24.1977,41.5477],[24.2144,41.5558],[24.2333,41.5618],[24.2507,41.5635],[24.2669,41.5498],[24.2864,41.5404],[24.2873,41.5316],[24.2851,41.5232],[24.2868,41.5176],[24.2961,41.5152],[24.303,41.517],[24.3096,41.5198],[24.3182,41.5208],[24.345,41.5184],[24.3539,41.5191],[24.3875,41.5267],[24.4029,41.5279],[24.424,41.5252],[24.4388,41.5277],[24.4592,41.5495],[24.4813,41.5532],[24.5102,41.5617],[24.5309,41.5475],[24.5433,41.5213],[24.5465,41.4936],[24.5494,41.4854],[24.5536,41.4808],[24.5587,41.4768],[24.5641,41.4711],[24.5677,41.4681],[24.5772,41.4636],[24.5811,41.4602],[24.5822,41.4552],[24.5797,41.4442],[24.5804,41.4405],[24.5958,41.4298],[24.6095,41.4272],[24.6443,41.4277],[24.6382,41.4177],[24.6613,41.4177],[24.6809,41.4155],[24.6992,41.4089],[24.7187,41.3957],[24.7526,41.3627],[24.7744,41.3481],[24.7943,41.3474],[24.8029,41.3619],[24.8002,41.3793],[24.8033,41.3927],[24.8421,41.3947],[24.863,41.4003],[24.8729,41.4019],[24.8864,41.4006],[24.917,41.3864],[25.0804,41.3341],[25.0968,41.3367],[25.1019,41.3367],[25.1049,41.3341],[25.1126,41.3241],[25.1165,41.3207],[25.1538,41.3075],[25.1579,41.3061],[25.1771,41.2939],[25.2197,41.2497],[25.2391,41.2409],[25.2623,41.2381],[25.2857,41.2394],[25.4535,41.2804],[25.4791,41.2838],[25.4895,41.2831],[25.4973,41.2812],[25.5051,41.2806],[25.5149,41.2835],[25.5237,41.2917],[25.5302,41.3028],[25.538,41.3122],[25.5515,41.3157],[25.6398,41.3111],[25.6496,41.3085],[25.6705,41.2992],[25.68,41.2972],[25.6912,41.2984],[25.698,41.3019],[25.7052,41.3073],[25.7175,41.3141],[25.7287,41.3171],[25.7635,41.319],[25.8008,41.338],[25.811,41.341],[25.8333,41.3346],[25.8627,41.3101],[25.882,41.304],[25.8963,41.3063],[25.9212,41.316],[25.9351,41.3159],[25.9486,41.314],[25.9596,41.315],[25.9823,41.3233],[26.0089,41.3368],[26.0219,41.3417],[26.1073,41.3566],[26.1147,41.3552],[26.1209,41.3578],[26.1324,41.3715],[26.1478,41.3969],[26.159,41.4218],[26.1643,41.4279],[26.1706,41.4296],[26.1756,41.4319],[26.1774,41.44],[26.1743,41.446],[26.1604,41.4559],[26.1562,41.4604],[26.1459,41.478],[26.1476,41.4848],[26.1593,41.4938],[26.1629,41.5065],[26.1645,41.5177],[26.1631,41.5291],[26.1581,41.5423],[26.1525,41.547],[26.1368,41.5492],[26.1312,41.5527],[26.1294,41.5594],[26.131,41.5751],[26.1303,41.5827],[26.1211,41.6082],[26.1153,41.6166],[26.1067,41.6243],[26.0952,41.6284],[26.0812,41.6305],[26.0669,41.6355],[26.0595,41.6438],[26.055,41.6488],[26.0503,41.6605],[26.0475,41.6746],[26.0481,41.6891],[26.0537,41.7015],[26.0605,41.7073],[26.0672,41.7089],[26.074,41.7091],[26.0815,41.7115],[26.1084,41.7279],[26.1351,41.7334],[26.1899,41.7347],[26.2118,41.7505]]],[[[25.6907,40.4477],[25.6953,40.4327],[25.6826,40.4231],[25.5891,40.3981],[25.5671,40.3999],[25.5326,40.415],[25.4663,40.4558],[25.452,40.4687],[25.4435,40.4819],[25.4617,40.4816],[25.5204,40.5077],[25.5466,40.5153],[25.5759,40.5147],[25.6565,40.4962],[25.6719,40.4875],[25.6886,40.475],[25.6975,40.461],[25.6907,40.4477]]],[[[24.7864,40.7351],[24.7655,40.7343],[24.7593,40.7234],[24.7666,40.7115],[24.7864,40.7078],[24.7864,40.6879],[24.7693,40.6834],[24.7658,40.6697],[24.7726,40.6395],[24.7796,40.628],[24.7824,40.6202],[24.7801,40.6122],[24.7732,40.6115],[24.7557,40.6199],[24.7521,40.6156],[24.7445,40.6085],[24.7268,40.6032],[24.6939,40.5986],[24.6818,40.595],[24.6575,40.5774],[24.6423,40.5706],[24.6375,40.5798],[24.6306,40.5871],[24.615,40.5986],[24.6118,40.5991],[24.6035,40.5978],[24.6008,40.5986],[24.6003,40.6012],[24.6013,40.6098],[24.6008,40.6122],[24.5868,40.622],[24.5803,40.6252],[24.5526,40.6304],[24.5308,40.6309],[24.5168,40.6391],[24.512,40.6668],[24.5183,40.6927],[24.5334,40.7182],[24.5667,40.7556],[24.6423,40.8039],[24.6746,40.7917],[24.7153,40.788],[24.7317,40.7835],[24.7357,40.7773],[24.7385,40.7679],[24.7438,40.7593],[24.7555,40.7556],[24.766,40.7536],[24.7754,40.7488],[24.7826,40.7421],[24.7864,40.7351]]]]}},{"type":"Feature","properties":{"id":"GRC-2884","name":"Attiki","nameBn":"আটিকা অঞ্চল","type":"Region","bounds":[22.8997,35.8292,24.0874,38.3436],"center":[23.7997,38.0626]},"geometry":{"type":"MultiPolygon","coordinates":[[[[23.7668,38.3416],[23.782,38.3436],[23.805,38.3325],[23.8162,38.3305],[23.9124,38.2982],[23.9329,38.2958],[23.951,38.2909],[23.967,38.2793],[23.9912,38.2542],[24.0386,38.2239],[24.0464,38.2169],[24.0506,38.2107],[24.069,38.2047],[24.0731,38.1965],[24.071,38.1884],[24.068,38.1809],[24.0695,38.1735],[24.0806,38.166],[24.07,38.1628],[24.0641,38.1551],[24.061,38.1442],[24.0594,38.1313],[24.0532,38.1452],[24.0378,38.1437],[23.989,38.1226],[23.99,38.1021],[24.0049,38.0593],[24.0091,38.0406],[24.0186,38.0267],[24.0282,38.0162],[24.0327,38.0078],[24.03,37.9984],[24.0166,37.977],[24.0117,37.9669],[24.0119,37.9583],[24.0145,37.9485],[24.0159,37.9374],[24.0117,37.9252],[24.0228,37.9257],[24.0344,37.9229],[24.0433,37.9164],[24.0464,37.906],[24.0422,37.9007],[24.0117,37.8918],[24.0189,37.8852],[24.0278,37.8803],[24.0389,37.8779],[24.0532,37.8781],[24.0464,37.8706],[24.0519,37.8697],[24.0669,37.8644],[24.0608,37.8556],[24.0593,37.8485],[24.0618,37.8425],[24.0669,37.8371],[24.0618,37.8347],[24.0576,37.8322],[24.0549,37.8285],[24.0532,37.8228],[24.077,37.8111],[24.0846,37.8017],[24.0874,37.7852],[24.0862,37.7637],[24.0819,37.7525],[24.0594,37.7335],[24.0731,37.7272],[24.0731,37.7198],[24.0594,37.7198],[24.0594,37.7136],[24.0658,37.7128],[24.0667,37.7097],[24.0658,37.705],[24.0669,37.6993],[24.0657,37.7019],[24.0653,37.7048],[24.064,37.705],[24.0594,37.6993],[24.0721,37.6895],[24.0637,37.6785],[24.0464,37.6658],[24.0327,37.6515],[24.0213,37.6578],[23.9831,37.6703],[23.9673,37.6726],[23.9497,37.6774],[23.943,37.6899],[23.9434,37.7272],[23.9365,37.7272],[23.9227,37.7212],[23.9133,37.7397],[23.9025,37.7819],[23.8987,37.7793],[23.8888,37.7744],[23.8816,37.7911],[23.8656,37.8077],[23.8475,37.8181],[23.8335,37.816],[23.8291,37.8194],[23.8254,37.8214],[23.8221,37.8242],[23.8192,37.8297],[23.813,37.8297],[23.8073,37.8086],[23.7972,37.8085],[23.7866,37.8122],[23.779,37.8023],[23.7774,37.8091],[23.7766,37.8143],[23.7736,37.8169],[23.7645,37.816],[23.7708,37.8283],[23.7664,37.8389],[23.7448,37.8576],[23.7422,37.8767],[23.7005,37.9252],[23.697,37.9395],[23.6802,37.9459],[23.6633,37.9429],[23.646,37.9367],[23.6281,37.9327],[23.6277,37.9376],[23.6281,37.9395],[23.6377,37.9429],[23.6408,37.9458],[23.6418,37.9525],[23.6266,37.9475],[23.618,37.9533],[23.6104,37.9621],[23.5977,37.9669],[23.5833,37.9671],[23.5711,37.9687],[23.5608,37.9728],[23.553,37.9805],[23.5889,38.0063],[23.5979,38.0211],[23.5906,38.0388],[23.5813,38.0463],[23.5746,38.0468],[23.5682,38.0443],[23.5598,38.0425],[23.5218,38.0425],[23.5115,38.0404],[23.5049,38.0357],[23.4998,38.031],[23.4946,38.0289],[23.4709,38.0278],[23.4605,38.0255],[23.45,38.0214],[23.4119,37.9944],[23.3953,37.9879],[23.4295,37.9805],[23.4089,37.9743],[23.3298,37.9805],[23.2268,37.9736],[23.1892,37.9588],[23.1594,37.9405],[23.159,37.9432],[23.1559,37.9486],[23.1422,37.9775],[23.1108,38.0229],[23.0768,38.059],[23.0763,38.0597],[23.1009,38.0624],[23.1729,38.0795],[23.1897,38.0944],[23.2067,38.0978],[23.2166,38.1033],[23.2103,38.1154],[23.1942,38.1269],[23.1755,38.1313],[23.1753,38.1363],[23.1755,38.145],[23.1882,38.1461],[23.2107,38.1506],[23.2234,38.1518],[23.2234,38.1592],[23.2134,38.1603],[23.2178,38.1613],[23.2156,38.1684],[23.1717,38.1797],[23.2282,38.1791],[23.2623,38.1743],[23.2756,38.1861],[23.2828,38.2317],[23.2963,38.2435],[23.3158,38.2517],[23.353,38.2602],[23.3688,38.2525],[23.3787,38.2347],[23.3686,38.2224],[23.3655,38.2091],[23.3806,38.1988],[23.3977,38.1964],[23.416,38.1992],[23.4317,38.1915],[23.4704,38.1477],[23.4861,38.1399],[23.5201,38.1351],[23.5352,38.1247],[23.5523,38.1223],[23.5886,38.1418],[23.6154,38.1653],[23.6242,38.26],[23.645,38.2872],[23.6793,38.3124],[23.7356,38.3262],[23.7631,38.3362],[23.7668,38.3416]]],[[[23.187,37.6083],[23.1901,37.6073],[23.2302,37.5826],[23.2376,37.59],[23.2747,37.5612],[23.2791,37.56],[23.2842,37.5592],[23.2922,37.5559],[23.3123,37.5425],[23.323,37.5374],[23.3367,37.5355],[23.3604,37.5477],[23.3591,37.5743],[23.3406,37.6003],[23.3122,37.6105],[23.3122,37.6174],[23.3291,37.6282],[23.3478,37.6344],[23.3987,37.6379],[23.409,37.6259],[23.4043,37.5993],[23.3908,37.5714],[23.3743,37.5559],[23.3843,37.5474],[23.395,37.5414],[23.4074,37.5375],[23.422,37.5355],[23.422,37.528],[23.4027,37.5225],[23.3953,37.5218],[23.3953,37.515],[23.4021,37.515],[23.4107,37.5119],[23.4363,37.5081],[23.4588,37.4962],[23.4792,37.4907],[23.5256,37.4597],[23.5205,37.4551],[23.5189,37.453],[23.5207,37.4509],[23.5256,37.446],[23.5256,37.4392],[23.5054,37.4305],[23.4465,37.4146],[23.4418,37.4144],[23.4421,37.4309],[23.4415,37.4398],[23.4305,37.4523],[23.3923,37.4523],[23.373,37.4441],[23.3232,37.4539],[23.3051,37.451],[23.2757,37.4743],[23.2589,37.4767],[23.2284,37.4947],[23.179,37.5071],[23.1646,37.5201],[23.1576,37.5347],[23.1638,37.5612],[23.1861,37.604],[23.1869,37.6082],[23.187,37.6083]]],[[[23.278,35.8974],[23.2959,35.886],[23.3158,35.8795],[23.3307,35.8649],[23.3333,35.8292],[23.3264,35.8292],[23.3206,35.8385],[23.2957,35.8596],[23.2874,35.8706],[23.2809,35.8825],[23.2717,35.9042],[23.2761,35.9047],[23.2772,35.9033],[23.2772,35.9006],[23.278,35.8974]]],[[[23.0117,36.3083],[23.0769,36.2707],[23.0944,36.2543],[23.1039,36.2372],[23.0978,36.233],[23.0829,36.2325],[23.0663,36.2264],[23.0584,36.2165],[23.0545,36.2034],[23.052,36.1448],[23.0469,36.1432],[23.0322,36.1445],[23.0144,36.1483],[23.0025,36.1466],[22.9907,36.137],[22.9876,36.1516],[22.9772,36.1579],[22.9496,36.165],[22.9484,36.168],[22.9496,36.1723],[22.95,36.1763],[22.9461,36.178],[22.9323,36.1772],[22.9292,36.178],[22.924,36.1844],[22.9146,36.2005],[22.9087,36.206],[22.9173,36.2622],[22.9162,36.2851],[22.9087,36.3083],[22.903,36.3193],[22.8997,36.3282],[22.9016,36.3383],[22.9326,36.3813],[22.9446,36.3894],[22.9564,36.3835],[22.9963,36.3242],[23.0117,36.3083]]],[[[23.1284,37.2884],[23.1343,37.2846],[23.1511,37.2768],[23.1585,37.2714],[23.1624,37.2644],[23.1647,37.2538],[23.1624,37.2442],[23.152,37.24],[23.131,37.2437],[23.119,37.2528],[23.1091,37.2641],[23.0944,37.2747],[23.1014,37.281],[23.1095,37.2853],[23.1185,37.2878],[23.1284,37.2884]]],[[[23.5872,37.3709],[23.5711,37.3583],[23.5477,37.3498],[23.5233,37.3466],[23.5051,37.3498],[23.5088,37.3299],[23.4968,37.32],[23.4761,37.3167],[23.4536,37.3164],[23.3965,37.3032],[23.3743,37.3027],[23.3743,37.3095],[23.4636,37.3573],[23.4876,37.3635],[23.5326,37.3639],[23.553,37.3709],[23.5872,37.3709]]],[[[23.4773,37.5559],[23.4818,37.5565],[23.4832,37.555],[23.4832,37.5523],[23.4841,37.5491],[23.492,37.5391],[23.5008,37.5326],[23.5116,37.529],[23.5256,37.528],[23.5256,37.5218],[23.5064,37.5128],[23.4812,37.5096],[23.4559,37.5125],[23.4363,37.5218],[23.4363,37.528],[23.4646,37.5338],[23.4754,37.5408],[23.4773,37.5559]]],[[[23.5462,37.7744],[23.5632,37.7683],[23.5568,37.7576],[23.5449,37.7451],[23.5462,37.7335],[23.5321,37.7253],[23.5296,37.7145],[23.5301,37.7029],[23.5256,37.6925],[23.5173,37.6883],[23.4946,37.6835],[23.4841,37.6789],[23.4766,37.685],[23.4714,37.6882],[23.4574,37.6925],[23.4574,37.6993],[23.469,37.705],[23.4683,37.7145],[23.4593,37.7233],[23.4465,37.7272],[23.4344,37.7336],[23.4271,37.7477],[23.4245,37.7618],[23.4256,37.7682],[23.5462,37.7744]]],[[[23.4084,37.8986],[23.4021,37.906],[23.4021,37.9122],[23.4089,37.9219],[23.4229,37.933],[23.4395,37.9396],[23.4685,37.932],[23.4817,37.9417],[23.492,37.9563],[23.4977,37.9669],[23.4856,37.9663],[23.4768,37.9611],[23.4692,37.9553],[23.4605,37.9525],[23.4518,37.9542],[23.4331,37.9601],[23.422,37.96],[23.4574,37.9736],[23.4442,37.9792],[23.4295,37.9879],[23.4408,37.9888],[23.4515,37.9883],[23.4616,37.9857],[23.4705,37.9805],[23.4727,37.9879],[23.4749,37.9894],[23.4749,37.9899],[23.4705,37.9941],[23.4782,37.9988],[23.4863,38.0012],[23.4953,38.0019],[23.5182,37.9991],[23.5305,37.9946],[23.5369,37.988],[23.5319,37.9805],[23.5327,37.9751],[23.5349,37.9682],[23.5409,37.9623],[23.5471,37.9589],[23.5456,37.9576],[23.5462,37.9525],[23.5735,37.9525],[23.5393,37.9395],[23.5435,37.9289],[23.5217,37.914],[23.5182,37.8986],[23.512,37.8986],[23.5013,37.9061],[23.492,37.9001],[23.4815,37.8897],[23.4671,37.8842],[23.4524,37.8854],[23.4214,37.893],[23.4084,37.8986]]],[[[23.8843,36.8436],[23.8875,36.8386],[23.889,36.8343],[23.8843,36.8323],[23.877,36.8365],[23.8767,36.8437],[23.8843,36.8436]]],[[[23.4596,36.9214],[23.4642,36.9171],[23.4673,36.9064],[23.4639,36.904],[23.4578,36.9064],[23.4549,36.9133],[23.4546,36.9152],[23.4525,36.9164],[23.4531,36.9214],[23.4497,36.9291],[23.4561,36.9278],[23.4596,36.9214]]]]}},{"type":"Feature","properties":{"id":"GRC-2992","name":"Ayion Oros","nameBn":"আয়িওন ওরোস","type":"Autonomous Monastic State","bounds":[23.9912,40.1247,24.3938,40.4492],"center":[24.1925,40.2922]},"geometry":{"type":"Polygon","coordinates":[[[24.0039,40.3873],[24.0117,40.3925],[24.0116,40.4018],[24.0055,40.4146],[23.9912,40.4341],[23.9987,40.4409],[23.9912,40.4477],[24.0114,40.4492],[24.0288,40.4321],[24.0532,40.3925],[24.0652,40.381],[24.0858,40.366],[24.1089,40.3574],[24.1284,40.3652],[24.1389,40.3607],[24.1692,40.3529],[24.1799,40.3515],[24.1869,40.3466],[24.198,40.3242],[24.2039,40.3174],[24.2334,40.3169],[24.2663,40.289],[24.3206,40.228],[24.3833,40.1791],[24.3938,40.1525],[24.3611,40.1324],[24.3186,40.1247],[24.3,40.1281],[24.2922,40.1426],[24.2861,40.1605],[24.2717,40.171],[24.2539,40.1783],[24.2383,40.187],[24.2119,40.2175],[24.1927,40.249],[24.169,40.2753],[24.1284,40.29],[24.0479,40.3012],[24.0192,40.3105],[24.0017,40.3198],[24.0049,40.3292],[24.0059,40.3428],[24.0049,40.3594],[24.0057,40.3848],[24.0039,40.3873]]]}},{"type":"Feature","properties":{"id":"GRC-2886","name":"Dytiki Ellada","nameBn":"ওয়েস্ট গ্রীস অঞ্চল","type":"Region","bounds":[20.7293,37.3731,22.3722,39.1539],"center":[21.7273,38.0299]},"geometry":{"type":"MultiPolygon","coordinates":[[[[21.682,37.379],[21.6748,37.396],[21.6071,37.4995],[21.569,37.5454],[21.55,37.5615],[21.4636,37.6103],[21.443,37.6186],[21.4318,37.6276],[21.4124,37.648],[21.4022,37.6554],[21.3433,37.6693],[21.3237,37.6649],[21.3185,37.6379],[21.3123,37.6379],[21.3102,37.6474],[21.3104,37.6574],[21.3083,37.6662],[21.2987,37.6726],[21.311,37.6931],[21.3147,37.7095],[21.3119,37.7263],[21.2953,37.7717],[21.2849,37.7851],[21.271,37.7934],[21.2273,37.8119],[21.1221,37.8374],[21.113,37.8433],[21.1076,37.8555],[21.1116,37.8704],[21.1062,37.8781],[21.1336,37.9464],[21.1404,37.9464],[21.1644,37.9296],[21.2078,37.946],[21.2516,37.9762],[21.2775,38.001],[21.2915,37.9972],[21.3035,38.0033],[21.3146,38.0134],[21.3259,38.0214],[21.3259,38.0289],[21.3223,38.0309],[21.3211,38.0317],[21.3206,38.0327],[21.3185,38.0351],[21.3088,38.0317],[21.2991,38.0265],[21.2905,38.0207],[21.2844,38.0153],[21.3294,38.0699],[21.3313,38.0764],[21.367,38.1211],[21.3714,38.1315],[21.3737,38.1445],[21.3757,38.2043],[21.3743,38.2206],[21.3849,38.2111],[21.3983,38.1929],[21.4085,38.1859],[21.4077,38.1979],[21.4053,38.2075],[21.4009,38.2148],[21.4061,38.2084],[21.4207,38.2023],[21.4382,38.2004],[21.4597,38.2002],[21.474,38.196],[21.5239,38.166],[21.603,38.1518],[21.6223,38.1548],[21.6423,38.1621],[21.6748,38.1797],[21.7013,38.2053],[21.7415,38.2697],[21.7642,38.2958],[21.8405,38.3336],[21.8495,38.3413],[21.9155,38.3305],[21.937,38.3306],[21.9465,38.3323],[21.9559,38.3367],[21.9655,38.3299],[21.978,38.3236],[21.9925,38.3188],[22.0078,38.3169],[22.0204,38.3132],[22.0266,38.3043],[22.0308,38.293],[22.0379,38.2821],[22.0488,38.2748],[22.0786,38.2634],[22.0894,38.2617],[22.0973,38.2628],[22.1087,38.2674],[22.1136,38.2678],[22.1221,38.2608],[22.1289,38.2563],[22.1372,38.2542],[22.1433,38.2491],[22.1541,38.2235],[22.1614,38.2132],[22.1697,38.2097],[22.2061,38.2002],[22.2092,38.1979],[22.2129,38.1931],[22.2185,38.1882],[22.2266,38.1859],[22.2576,38.1859],[22.3008,38.1775],[22.3128,38.1723],[22.3312,38.1789],[22.3469,38.1708],[22.3573,38.163],[22.3572,38.1628],[22.3532,38.1509],[22.348,38.1231],[22.3722,38.0898],[22.3434,38.0389],[22.3439,38.0252],[22.3375,38.0124],[22.3278,38.0],[22.3078,37.9889],[22.2323,37.9633],[22.2259,37.9504],[22.2292,37.9336],[22.2258,37.9177],[22.216,37.9053],[22.2136,37.8783],[22.2282,37.8655],[22.2355,37.8508],[22.2286,37.8354],[22.1725,37.8181],[22.1464,37.7942],[22.1277,37.7884],[22.1113,37.7932],[22.1074,37.8074],[22.0729,37.8091],[22.0542,37.8033],[22.0281,37.7794],[22.0106,37.7789],[21.9428,37.8039],[21.9117,37.8216],[21.8755,37.8316],[21.8675,37.8599],[21.8314,37.8536],[21.7736,37.779],[21.7686,37.7387],[21.7895,37.6896],[21.7907,37.5803],[21.8077,37.5782],[21.8258,37.5814],[21.8584,37.5718],[21.9502,37.5137],[21.9788,37.4855],[21.9693,37.473],[21.9507,37.4672],[21.9293,37.4809],[21.913,37.4693],[21.8871,37.4454],[21.881,37.4325],[21.8882,37.4179],[21.8528,37.3815],[21.8336,37.3731],[21.8006,37.38],[21.7646,37.3736],[21.6976,37.3849],[21.682,37.379]]],[[[21.8512,38.388],[21.8462,38.3953],[21.8405,38.3989],[21.8312,38.3967],[21.7822,38.3637],[21.7746,38.3526],[21.7717,38.3336],[21.7625,38.3284],[21.743,38.3378],[21.7163,38.3579],[21.658,38.3579],[21.6416,38.3544],[21.6271,38.3481],[21.6135,38.345],[21.5996,38.351],[21.5354,38.314],[21.5239,38.2958],[21.5178,38.2958],[21.5085,38.3022],[21.4944,38.3046],[21.4816,38.3051],[21.4761,38.3061],[21.4692,38.3129],[21.4284,38.3305],[21.4453,38.3341],[21.4612,38.327],[21.4761,38.3164],[21.4898,38.3095],[21.4898,38.3169],[21.4851,38.3212],[21.4827,38.3246],[21.4837,38.329],[21.4898,38.3367],[21.4802,38.3422],[21.4761,38.3436],[21.4761,38.351],[21.48,38.3525],[21.4898,38.3579],[21.47,38.3579],[21.4761,38.3715],[21.467,38.3679],[21.4585,38.3664],[21.4505,38.3674],[21.4426,38.3715],[21.4369,38.3677],[21.4326,38.3662],[21.4221,38.3641],[21.4285,38.3837],[21.4163,38.3941],[21.3958,38.3981],[21.3775,38.3989],[21.3699,38.4082],[21.3601,38.4677],[21.339,38.4875],[21.3275,38.4946],[21.3225,38.4963],[21.3182,38.4953],[21.3086,38.4944],[21.312,38.4866],[21.3533,38.4329],[21.339,38.4329],[21.3412,38.4293],[21.3421,38.4285],[21.3434,38.4284],[21.3464,38.4261],[21.3428,38.4158],[21.3403,38.4046],[21.3366,38.3957],[21.3294,38.392],[21.3191,38.3902],[21.2979,38.3814],[21.2912,38.3777],[21.2936,38.3737],[21.2947,38.3734],[21.2987,38.3715],[21.2912,38.3641],[21.2777,38.3709],[21.2695,38.3679],[21.2664,38.3614],[21.2676,38.3579],[21.2722,38.3544],[21.2649,38.3469],[21.2503,38.3367],[21.2393,38.3311],[21.2324,38.3294],[21.2127,38.3305],[21.2046,38.3342],[21.1971,38.3402],[21.1896,38.3414],[21.1813,38.3305],[21.1864,38.3266],[21.1926,38.3241],[21.2,38.3231],[21.1951,38.322],[21.1829,38.3192],[21.1751,38.3133],[21.1745,38.3026],[21.1556,38.3039],[21.1486,38.314],[21.1458,38.3271],[21.1404,38.3367],[21.1284,38.3402],[21.0979,38.3407],[21.0852,38.3436],[21.0969,38.3479],[21.1057,38.353],[21.1094,38.3604],[21.1062,38.3715],[21.0964,38.3669],[21.0925,38.3641],[21.1013,38.3797],[21.1062,38.3852],[21.1033,38.3782],[21.1135,38.3739],[21.125,38.38],[21.1336,38.3887],[21.1404,38.3989],[21.1224,38.4103],[21.1148,38.4096],[21.1062,38.3989],[21.0947,38.403],[21.0868,38.4105],[21.0818,38.4207],[21.0789,38.4329],[21.082,38.435],[21.083,38.435],[21.0837,38.436],[21.0852,38.4404],[21.0952,38.4302],[21.1068,38.4254],[21.1162,38.428],[21.1199,38.4404],[21.1062,38.4329],[21.1108,38.4461],[21.1014,38.4647],[21.1062,38.4739],[21.1062,38.4814],[21.0967,38.4814],[21.0902,38.4831],[21.0789,38.4875],[21.0881,38.492],[21.0926,38.4936],[21.0994,38.4944],[21.0954,38.4965],[21.0897,38.5004],[21.0852,38.5019],[21.0947,38.5179],[21.0974,38.5259],[21.096,38.5319],[21.0867,38.5364],[21.0789,38.5324],[21.0711,38.5258],[21.0618,38.5224],[21.0581,38.5185],[21.0472,38.5114],[21.0358,38.5069],[21.0305,38.5114],[21.0283,38.5206],[21.0191,38.535],[21.0169,38.5459],[21.0246,38.5867],[21.0247,38.6085],[21.0037,38.6265],[20.9881,38.664],[20.979,38.6726],[20.9401,38.6729],[20.9266,38.6767],[20.9144,38.6862],[20.9074,38.6986],[20.8831,38.7794],[20.8734,38.7953],[20.8599,38.8035],[20.8452,38.7996],[20.8306,38.7878],[20.8185,38.7735],[20.8114,38.7625],[20.804,38.7734],[20.7981,38.7716],[20.7918,38.7665],[20.784,38.7681],[20.7733,38.7609],[20.7693,38.765],[20.7674,38.7741],[20.7637,38.7817],[20.7293,38.8035],[20.7293,38.8098],[20.737,38.8226],[20.7415,38.8409],[20.7494,38.8572],[20.7673,38.8643],[20.7888,38.8637],[20.8003,38.8646],[20.8052,38.8677],[20.8019,38.8741],[20.7942,38.8798],[20.786,38.8839],[20.7645,38.8918],[20.756,38.9069],[20.7541,38.925],[20.7575,38.9401],[20.7698,38.959],[20.7752,38.9516],[20.7816,38.935],[20.7977,38.9264],[20.8171,38.9214],[20.8359,38.9289],[20.8498,38.9437],[20.8599,38.9605],[20.8667,38.9605],[20.87,38.9526],[20.8711,38.9473],[20.8701,38.9434],[20.8667,38.9401],[20.8685,38.9384],[20.8716,38.9363],[20.8722,38.9328],[20.8667,38.9264],[20.887,38.9262],[20.9038,38.928],[20.9158,38.9361],[20.9207,38.9543],[20.9275,38.9543],[20.9372,38.944],[20.9473,38.9436],[20.9595,38.9467],[20.9754,38.9468],[20.9888,38.9428],[20.9983,38.9381],[21.0095,38.9342],[21.0274,38.9326],[21.03,38.9262],[21.0267,38.9122],[21.0256,38.898],[21.0339,38.8917],[21.0475,38.889],[21.0608,38.8822],[21.0852,38.8643],[21.0864,38.8734],[21.0889,38.8785],[21.0931,38.8817],[21.0994,38.8854],[21.0994,38.8917],[21.0916,38.9045],[21.1023,38.9108],[21.1209,38.9102],[21.137,38.9025],[21.1604,38.8807],[21.1608,38.878],[21.167,38.8752],[21.1726,38.8735],[21.1774,38.876],[21.1813,38.8854],[21.1731,38.8912],[21.1697,38.8958],[21.1668,38.9109],[21.1633,38.9118],[21.1589,38.9108],[21.1546,38.9134],[21.1419,38.9308],[21.1401,38.9413],[21.1472,38.9543],[21.1419,38.9624],[21.145,38.9714],[21.1526,38.9767],[21.1608,38.9742],[21.1599,38.9977],[21.1356,39.0234],[21.0852,39.0629],[21.0781,39.0565],[21.0744,39.05],[21.0745,39.0434],[21.0789,39.0363],[21.0653,39.0405],[21.0603,39.039],[21.0587,39.0504],[21.0692,39.0766],[21.0858,39.0883],[21.1048,39.0942],[21.2294,39.096],[21.2478,39.0992],[21.2865,39.1138],[21.3398,39.1484],[21.3623,39.1539],[21.3626,39.1211],[21.3888,39.0934],[21.3963,39.0788],[21.3901,39.0659],[21.3908,39.0522],[21.3651,39.0142],[21.3693,39.0001],[21.4693,38.9526],[21.4763,38.9353],[21.4707,38.9086],[21.4748,38.8945],[21.4904,38.8844],[21.5077,38.8823],[21.5233,38.8722],[21.5779,38.8628],[21.6108,38.8506],[21.6114,38.8369],[21.5534,38.8139],[21.5368,38.8023],[21.53,38.7867],[21.5306,38.773],[21.5457,38.7438],[21.5607,38.731],[21.6147,38.7025],[21.6475,38.6904],[21.6825,38.6888],[21.737,38.6957],[21.7479,38.6807],[21.7451,38.6674],[21.7669,38.6701],[21.8036,38.6929],[21.8023,38.7204],[21.8086,38.7332],[21.8609,38.7295],[21.8994,38.7438],[21.916,38.7554],[21.958,38.7692],[21.9596,38.7608],[21.9984,38.7427],[21.9986,38.7285],[21.9825,38.7032],[21.987,38.6753],[21.9744,38.6496],[21.9783,38.619],[21.9651,38.607],[21.9656,38.5933],[21.9954,38.5676],[21.9787,38.5397],[21.9827,38.5091],[21.973,38.4967],[21.9534,38.4882],[21.9168,38.4819],[21.8757,38.4543],[21.8551,38.4241],[21.858,38.4046],[21.8512,38.388]]]]}},{"type":"Feature","properties":{"id":"GRC-2892","name":"Dytiki Makedonia","nameBn":"ওয়েস্ট মেসিডোনিয়া অঞ্চল","type":"Region","bounds":[20.7396,39.7952,22.1711,40.928],"center":[21.4551,40.3834]},"geometry":{"type":"Polygon","coordinates":[[[20.9119,40.4595],[20.9368,40.4725],[20.9465,40.4829],[20.9498,40.4879],[20.9527,40.4937],[20.9519,40.5061],[20.9579,40.5149],[20.9686,40.5206],[20.9815,40.5233],[20.9883,40.5335],[20.9975,40.5392],[21.0067,40.5432],[21.0135,40.5489],[21.0188,40.559],[21.0204,40.5668],[21.0208,40.5751],[21.0225,40.5866],[21.0332,40.6214],[21.0367,40.6397],[21.0353,40.6594],[21.0288,40.6768],[21.0186,40.6909],[20.992,40.7155],[20.9635,40.7361],[20.9592,40.7436],[20.9572,40.7516],[20.9535,40.7592],[20.9437,40.7653],[20.9609,40.7808],[20.967,40.802],[20.9653,40.8494],[21.1121,40.8539],[21.183,40.8702],[21.2091,40.8691],[21.2458,40.8632],[21.261,40.8608],[21.2954,40.8609],[21.3293,40.8663],[21.3449,40.8731],[21.3813,40.9005],[21.4049,40.9086],[21.4294,40.909],[21.5057,40.9009],[21.5095,40.9005],[21.5537,40.8704],[21.5816,40.8663],[21.5903,40.8707],[21.6137,40.8883],[21.6237,40.8944],[21.6295,40.8951],[21.6439,40.8945],[21.6488,40.8958],[21.6527,40.9014],[21.6548,40.9143],[21.6569,40.9182],[21.6851,40.928],[21.737,40.9192],[21.7571,40.9225],[21.7638,40.8876],[21.7977,40.8753],[21.8131,40.8624],[21.8102,40.8491],[21.7929,40.8375],[21.7734,40.8316],[21.7354,40.8252],[21.6992,40.8268],[21.6927,40.8139],[21.7082,40.8011],[21.7237,40.7554],[21.7349,40.7403],[21.7693,40.7307],[21.77,40.7169],[21.7458,40.6733],[21.7629,40.6684],[21.7812,40.6689],[21.8227,40.6584],[21.8411,40.659],[21.8576,40.6515],[21.8795,40.6516],[21.8552,40.6079],[21.8564,40.5804],[21.883,40.5525],[21.87,40.5267],[21.8706,40.5129],[21.8866,40.5027],[21.9084,40.4699],[21.9237,40.4571],[21.9608,40.4443],[21.9932,40.4266],[21.9937,40.4128],[22.0103,40.4053],[22.0663,40.4121],[22.0738,40.3974],[22.0709,40.3841],[22.075,40.3699],[22.1084,40.3411],[22.113,40.3131],[22.1242,40.298],[22.1711,40.2812],[22.1552,40.2585],[22.1521,40.2287],[22.1384,40.2167],[22.099,40.2025],[22.0919,40.1869],[22.0948,40.1674],[22.0718,40.1456],[22.0624,40.1194],[22.0323,40.082],[21.9841,40.0441],[21.9747,40.0179],[21.9541,39.9903],[21.9144,39.9733],[21.8669,39.9381],[21.8465,39.9269],[21.8792,39.9119],[21.8868,39.8973],[21.8839,39.884],[21.892,39.8556],[21.8891,39.8422],[21.8762,39.8329],[21.8237,39.8394],[21.7489,39.8266],[21.7133,39.8282],[21.6134,39.8485],[21.4655,39.8635],[21.427,39.8517],[21.4067,39.8404],[21.3834,39.8158],[21.3637,39.8072],[21.3217,39.7958],[21.3036,39.7952],[21.2912,39.8048],[21.2906,39.8186],[21.2249,39.8482],[21.1892,39.8496],[21.1333,39.8397],[21.0949,39.8277],[21.0779,39.8325],[21.0588,39.862],[21.0453,39.9182],[21.0139,39.941],[21.0403,39.9817],[21.0429,40.0115],[21.027,40.0215],[20.9879,40.0068],[20.9611,40.0345],[20.9482,40.077],[20.9323,40.087],[20.9575,40.1224],[20.9608,40.1384],[20.9479,40.1809],[20.9208,40.225],[20.8784,40.2653],[20.8589,40.3113],[20.8439,40.3266],[20.8064,40.3199],[20.7931,40.3077],[20.7732,40.299],[20.7549,40.2983],[20.7428,40.3055],[20.7396,40.3092],[20.755,40.3386],[20.766,40.3543],[20.7704,40.3625],[20.7739,40.3749],[20.7733,40.3853],[20.769,40.4126],[20.7706,40.422],[20.7795,40.429],[20.8003,40.4328],[20.8092,40.4366],[20.8174,40.4468],[20.8213,40.4564],[20.8267,40.4648],[20.84,40.4716],[20.8668,40.4721],[20.8896,40.4637],[20.9119,40.4595]]]}},{"type":"Feature","properties":{"id":"GRC-2883","name":"Ionioi Nisoi","nameBn":"ইওনিওই নিসোই","type":"Region","bounds":[19.6265,37.6515,20.9963,39.8245],"center":[20.5554,38.2419]},"geometry":{"type":"MultiPolygon","coordinates":[[[[20.9014,37.7924],[20.918,37.7653],[20.9868,37.7299],[20.9963,37.6993],[20.9831,37.7123],[20.9544,37.7239],[20.9209,37.7317],[20.8939,37.7335],[20.8792,37.7282],[20.8699,37.7191],[20.8633,37.7106],[20.8565,37.7067],[20.8435,37.7016],[20.8438,37.6899],[20.8494,37.6783],[20.853,37.6726],[20.8513,37.6594],[20.8469,37.6533],[20.8359,37.6515],[20.8151,37.6515],[20.8079,37.6561],[20.7772,37.6863],[20.7278,37.7185],[20.7044,37.7383],[20.7022,37.7545],[20.6804,37.77],[20.6424,37.8111],[20.6195,37.8228],[20.6265,37.8344],[20.6221,37.8513],[20.6277,37.8576],[20.6195,37.8644],[20.66,37.9105],[20.6857,37.9296],[20.709,37.9252],[20.7097,37.9221],[20.7098,37.9196],[20.7144,37.9153],[20.7136,37.9132],[20.7341,37.8819],[20.742,37.8623],[20.7525,37.8549],[20.7772,37.8433],[20.8088,37.8496],[20.8501,37.8364],[20.886,37.814],[20.9014,37.7924]]],[[[20.7336,38.0624],[20.7184,38.0663],[20.7056,38.0756],[20.6817,38.0978],[20.653,38.1112],[20.6146,38.1198],[20.5807,38.1155],[20.565,38.0903],[20.5464,38.102],[20.5098,38.1108],[20.4961,38.1245],[20.493,38.1334],[20.4911,38.1519],[20.4893,38.1592],[20.4729,38.1821],[20.4688,38.1928],[20.4812,38.1901],[20.4979,38.1769],[20.5098,38.1723],[20.5098,38.1797],[20.4938,38.1917],[20.4839,38.2069],[20.457,38.2612],[20.4453,38.2762],[20.4351,38.2788],[20.4279,38.2617],[20.4282,38.2456],[20.436,38.2125],[20.4347,38.1928],[20.4253,38.1753],[20.4124,38.1681],[20.3984,38.163],[20.3862,38.1518],[20.3801,38.1518],[20.374,38.169],[20.3454,38.1821],[20.339,38.2002],[20.343,38.2084],[20.3508,38.2185],[20.3569,38.2286],[20.3555,38.2375],[20.3516,38.2459],[20.3538,38.2532],[20.3594,38.2588],[20.3657,38.2617],[20.3796,38.274],[20.3921,38.3001],[20.3982,38.3327],[20.3999,38.3641],[20.4054,38.3498],[20.4067,38.3436],[20.4136,38.3436],[20.4273,38.3633],[20.4351,38.3562],[20.4426,38.3377],[20.4551,38.3231],[20.4632,38.3315],[20.467,38.3257],[20.4705,38.3151],[20.479,38.3095],[20.489,38.3127],[20.5065,38.3272],[20.5298,38.3375],[20.5387,38.3541],[20.5396,38.3742],[20.5309,38.392],[20.5513,38.3852],[20.5392,38.4186],[20.5378,38.4261],[20.5397,38.4393],[20.543,38.45],[20.5436,38.4592],[20.5378,38.4677],[20.5378,38.4739],[20.5718,38.4739],[20.6258,38.3518],[20.6277,38.3436],[20.6261,38.3284],[20.6201,38.3202],[20.6107,38.3134],[20.5991,38.3026],[20.6072,38.2935],[20.6305,38.258],[20.6429,38.2534],[20.657,38.2625],[20.6707,38.2753],[20.6817,38.2821],[20.6795,38.2787],[20.6768,38.2717],[20.6748,38.2678],[20.6935,38.2646],[20.6996,38.2543],[20.702,38.2406],[20.709,38.227],[20.7513,38.1968],[20.7622,38.1704],[20.7977,38.1313],[20.805,38.1158],[20.8078,38.0996],[20.8047,38.083],[20.7947,38.0661],[20.7893,38.065],[20.7637,38.0699],[20.7544,38.0688],[20.7434,38.0636],[20.7336,38.0624]]],[[[20.7158,38.392],[20.728,38.3892],[20.7388,38.3843],[20.7575,38.3715],[20.7527,38.3721],[20.7376,38.3715],[20.7437,38.3444],[20.75,38.3347],[20.7637,38.3305],[20.7637,38.3231],[20.7361,38.3201],[20.7194,38.3156],[20.7058,38.3183],[20.6878,38.3367],[20.6953,38.3436],[20.6804,38.3564],[20.6673,38.3715],[20.6476,38.4057],[20.6458,38.4133],[20.6431,38.436],[20.6401,38.4466],[20.6326,38.4524],[20.6213,38.4584],[20.6145,38.4671],[20.6195,38.4814],[20.6355,38.473],[20.6442,38.4787],[20.6545,38.5019],[20.6719,38.4975],[20.6741,38.485],[20.6681,38.4706],[20.6611,38.4609],[20.6782,38.4619],[20.6892,38.458],[20.6981,38.4521],[20.709,38.4466],[20.7029,38.426],[20.6952,38.4087],[20.6748,38.3777],[20.6824,38.3739],[20.6924,38.3713],[20.7039,38.3705],[20.7158,38.3715],[20.7158,38.3777],[20.7022,38.3852],[20.7225,38.3852],[20.7158,38.392]]],[[[20.9411,38.6042],[20.9193,38.5791],[20.9094,38.5629],[20.9076,38.549],[20.8939,38.549],[20.8939,38.5565],[20.9321,38.603],[20.9411,38.6042]]],[[[20.5855,38.6179],[20.5762,38.608],[20.5654,38.5937],[20.5513,38.5695],[20.5446,38.5695],[20.5449,38.5947],[20.5623,38.6912],[20.5812,38.7244],[20.5855,38.7446],[20.6026,38.7817],[20.6122,38.7858],[20.6203,38.7956],[20.6333,38.8166],[20.6453,38.8282],[20.6639,38.841],[20.6863,38.8501],[20.6886,38.8465],[20.6902,38.8414],[20.7022,38.837],[20.7178,38.8227],[20.7219,38.8074],[20.7229,38.7932],[20.7293,38.7817],[20.7239,38.77],[20.7245,38.7604],[20.7276,38.7521],[20.7293,38.7446],[20.7297,38.7358],[20.7289,38.7306],[20.7251,38.7247],[20.7015,38.698],[20.697,38.6898],[20.6987,38.6828],[20.7061,38.6804],[20.7108,38.6881],[20.7155,38.6991],[20.7225,38.7073],[20.7239,38.6925],[20.7207,38.6384],[20.716,38.627],[20.7095,38.6257],[20.7022,38.6384],[20.6953,38.6384],[20.6974,38.6337],[20.7022,38.6179],[20.6983,38.6203],[20.6878,38.6247],[20.6872,38.6173],[20.6853,38.6133],[20.6831,38.61],[20.6817,38.6042],[20.6648,38.6109],[20.6489,38.6086],[20.6409,38.6006],[20.6476,38.59],[20.6476,38.5838],[20.637,38.5847],[20.6309,38.5883],[20.6292,38.5949],[20.6333,38.6042],[20.6136,38.607],[20.6023,38.6268],[20.5855,38.6179]]],[[[20.1404,39.2417],[20.1556,39.2285],[20.1733,39.2172],[20.1901,39.2026],[20.2019,39.1796],[20.1815,39.1802],[20.1687,39.1828],[20.1587,39.1892],[20.1384,39.2093],[20.1281,39.2231],[20.1253,39.236],[20.1404,39.2417]]],[[[20.0921,39.4335],[20.0969,39.4228],[20.1057,39.3925],[20.1177,39.378],[20.1179,39.371],[20.1057,39.3647],[20.0969,39.3706],[20.072,39.3763],[20.0488,39.3896],[20.0324,39.395],[20.0149,39.3983],[19.9993,39.3994],[19.9904,39.4033],[19.9649,39.421],[19.9548,39.4261],[19.9378,39.4279],[19.9238,39.4277],[19.9118,39.4303],[19.9075,39.435],[19.9149,39.4339],[19.9217,39.4378],[19.9275,39.4472],[19.8928,39.456],[19.8797,39.4608],[19.8792,39.4583],[19.8788,39.4546],[19.8789,39.4532],[19.8656,39.4686],[19.8548,39.489],[19.8477,39.5097],[19.8408,39.552],[19.8289,39.5723],[19.8098,39.5891],[19.7842,39.6042],[19.761,39.613],[19.7485,39.62],[19.7217,39.6662],[19.7189,39.6731],[19.7014,39.6728],[19.6897,39.6741],[19.6813,39.68],[19.6743,39.6935],[19.677,39.7167],[19.6717,39.7241],[19.6532,39.7147],[19.6536,39.7304],[19.6502,39.7418],[19.6416,39.748],[19.6265,39.7482],[19.6364,39.7564],[19.6623,39.7845],[19.6675,39.7935],[19.6769,39.7952],[19.7697,39.7981],[19.7991,39.8028],[19.825,39.8115],[19.8518,39.8245],[19.8656,39.821],[19.8748,39.8153],[19.883,39.8089],[19.8928,39.8034],[19.9188,39.7968],[19.929,39.7921],[19.9343,39.7829],[19.9412,39.7829],[19.9412,39.7904],[19.948,39.7904],[19.9463,39.7592],[19.9338,39.7412],[19.9129,39.7305],[19.8516,39.7105],[19.8416,39.7042],[19.8359,39.6925],[19.8391,39.6799],[19.8477,39.67],[19.8587,39.6662],[19.8587,39.6588],[19.845,39.6588],[19.845,39.6527],[19.9038,39.6291],[19.9275,39.6253],[19.9235,39.6035],[19.9172,39.5989],[19.9002,39.6042],[19.9119,39.5834],[19.9325,39.4787],[19.9365,39.473],[19.948,39.467],[19.9614,39.463],[19.9894,39.4584],[20.0027,39.454],[20.0237,39.4414],[20.0327,39.4393],[20.0505,39.4403],[20.0651,39.4445],[20.0741,39.449],[20.0819,39.4473],[20.0921,39.4335]]],[[[20.9452,38.6525],[20.9517,38.6492],[20.9529,38.6389],[20.9417,38.6274],[20.929,38.6193],[20.9146,38.6126],[20.9061,38.6098],[20.8981,38.606],[20.887,38.5963],[20.8787,38.5844],[20.8706,38.5825],[20.8674,38.5922],[20.8701,38.6035],[20.8884,38.629],[20.9038,38.6428],[20.9214,38.6481],[20.9452,38.6525]]],[[[20.801,38.6653],[20.805,38.6657],[20.8053,38.6619],[20.8019,38.6567],[20.7966,38.6511],[20.7886,38.6447],[20.7629,38.6391],[20.7596,38.6274],[20.7733,38.6185],[20.7816,38.6119],[20.7832,38.6094],[20.7907,38.6052],[20.8001,38.5954],[20.7871,38.5998],[20.7517,38.626],[20.737,38.6522],[20.7464,38.6635],[20.762,38.6661],[20.7831,38.675],[20.7884,38.6708],[20.7927,38.6686],[20.7976,38.67],[20.7998,38.6688],[20.7988,38.6657],[20.801,38.6653]]]]}},{"type":"Feature","properties":{"id":"GRC-2949","name":"Ipeiros","nameBn":"এপিরাস অঞ্চল","type":"Region","bounds":[19.9998,38.9501,21.3851,40.3266],"center":[20.6925,39.6365]},"geometry":{"type":"Polygon","coordinates":[[[20.5529,40.0654],[20.5778,40.0673],[20.6154,40.081],[20.6402,40.0901],[20.6476,40.094],[20.6518,40.101],[20.6668,40.1335],[20.6682,40.1381],[20.6635,40.1566],[20.6632,40.1617],[20.6599,40.1727],[20.6604,40.1789],[20.665,40.1844],[20.6798,40.1878],[20.6853,40.1912],[20.6964,40.2151],[20.6966,40.2356],[20.6946,40.2556],[20.6991,40.2784],[20.707,40.2881],[20.7178,40.2939],[20.7288,40.2983],[20.7366,40.3036],[20.7396,40.3092],[20.7428,40.3055],[20.7549,40.2983],[20.7732,40.299],[20.7931,40.3077],[20.8064,40.3199],[20.8439,40.3266],[20.8589,40.3113],[20.8784,40.2653],[20.9208,40.225],[20.9479,40.1809],[20.9608,40.1384],[20.9575,40.1224],[20.9323,40.087],[20.9482,40.077],[20.9611,40.0345],[20.9879,40.0068],[21.027,40.0215],[21.0429,40.0115],[21.0403,39.9817],[21.0139,39.941],[21.0453,39.9182],[21.0588,39.862],[21.0779,39.8325],[21.0949,39.8277],[21.1333,39.8397],[21.1892,39.8496],[21.2249,39.8482],[21.2906,39.8186],[21.2912,39.8048],[21.2639,39.8108],[21.2446,39.8049],[21.2348,39.7923],[21.2151,39.7837],[21.2047,39.7685],[21.1984,39.7556],[21.2148,39.6962],[21.2162,39.6687],[21.1981,39.6681],[21.1823,39.6781],[21.1432,39.68],[21.1236,39.6713],[21.1104,39.6592],[21.1217,39.6278],[21.1232,39.6003],[21.138,39.5849],[21.1548,39.5802],[21.1661,39.5652],[21.1605,39.5385],[21.169,39.5102],[21.1557,39.4981],[21.1531,39.4847],[21.1677,39.4694],[21.1749,39.4521],[21.1716,39.4361],[21.1787,39.4189],[21.226,39.3888],[21.2403,39.3543],[21.2752,39.3337],[21.3274,39.3276],[21.3459,39.3308],[21.3699,39.3088],[21.3851,39.2797],[21.3331,39.2012],[21.3366,39.1844],[21.3623,39.1539],[21.3398,39.1484],[21.2865,39.1138],[21.2478,39.0992],[21.2294,39.096],[21.1048,39.0942],[21.0858,39.0883],[21.0692,39.0766],[21.0587,39.0504],[21.0603,39.039],[21.0552,39.0375],[21.0374,39.022],[21.0584,39.009],[21.0032,39.0151],[21.0032,39.022],[20.9909,39.0242],[20.9792,39.0307],[20.97,39.0372],[20.9657,39.0394],[20.9538,39.0342],[20.9442,39.0386],[20.9375,39.0477],[20.9348,39.0567],[20.9368,39.0567],[20.9398,39.061],[20.9485,39.0629],[20.9485,39.0698],[20.9411,39.0698],[20.9314,39.0648],[20.9202,39.0645],[20.9094,39.0687],[20.9014,39.0772],[20.8939,39.0772],[20.8882,39.0672],[20.8704,39.0593],[20.8667,39.053],[20.8709,39.0431],[20.882,39.0412],[20.8865,39.0364],[20.8449,39.0369],[20.8599,39.0425],[20.8582,39.0493],[20.8578,39.0589],[20.855,39.0655],[20.8462,39.0629],[20.8464,39.0668],[20.8455,39.0692],[20.8449,39.0709],[20.8465,39.0721],[20.8462,39.0772],[20.8377,39.0783],[20.8324,39.0769],[20.8291,39.0737],[20.8257,39.0698],[20.8381,39.0917],[20.8342,39.1085],[20.8224,39.1145],[20.8114,39.1046],[20.8052,39.1114],[20.8013,39.1042],[20.7954,39.0986],[20.7874,39.0944],[20.7772,39.0909],[20.7772,39.0834],[20.7918,39.0808],[20.7879,39.0725],[20.7876,39.061],[20.784,39.0493],[20.7767,39.0419],[20.7687,39.0377],[20.7616,39.0324],[20.7575,39.022],[20.7432,39.0295],[20.7439,39.0193],[20.7454,39.0147],[20.7494,39.014],[20.7575,39.0151],[20.8039,38.9853],[20.8235,38.9779],[20.8296,38.9708],[20.8318,38.9637],[20.8288,38.9605],[20.8201,38.9622],[20.8021,38.9706],[20.7727,38.9783],[20.7664,38.9776],[20.7575,38.9742],[20.757,38.9698],[20.7469,38.958],[20.7351,38.9501],[20.7293,38.9575],[20.7263,38.9668],[20.7191,38.9736],[20.7122,38.9791],[20.709,38.9844],[20.7079,38.9904],[20.7056,38.9936],[20.7033,38.9958],[20.7022,38.9984],[20.7044,39.005],[20.7092,39.009],[20.7139,39.0119],[20.7158,39.0151],[20.7057,39.0486],[20.6865,39.0725],[20.66,39.09],[20.6277,39.1046],[20.5959,39.1238],[20.5178,39.2008],[20.4883,39.2166],[20.4789,39.2252],[20.4824,39.2343],[20.4774,39.2434],[20.4751,39.2551],[20.4764,39.2666],[20.4824,39.2752],[20.4824,39.2827],[20.4704,39.2785],[20.4602,39.2773],[20.4528,39.2805],[20.4483,39.2895],[20.4334,39.2829],[20.4192,39.2834],[20.4058,39.2888],[20.3936,39.2969],[20.3656,39.2877],[20.3249,39.3038],[20.2928,39.3334],[20.2907,39.3647],[20.2772,39.3747],[20.2697,39.3874],[20.259,39.3973],[20.236,39.3994],[20.236,39.4062],[20.2428,39.4062],[20.2428,39.4124],[20.2347,39.4204],[20.2236,39.4359],[20.2156,39.4403],[20.2328,39.4446],[20.2536,39.4442],[20.2673,39.4469],[20.2639,39.4608],[20.2542,39.4688],[20.2156,39.4887],[20.2156,39.4949],[20.2329,39.4942],[20.2454,39.4916],[20.2551,39.4924],[20.2639,39.5018],[20.2639,39.5086],[20.2536,39.5142],[20.236,39.5208],[20.222,39.5213],[20.2224,39.5086],[20.2136,39.515],[20.2022,39.5204],[20.1907,39.5217],[20.2019,39.5297],[20.1831,39.5333],[20.1658,39.5347],[20.1496,39.5336],[20.1336,39.5297],[20.1413,39.5378],[20.1455,39.5471],[20.1471,39.5578],[20.1467,39.5707],[20.1541,39.5639],[20.1609,39.5644],[20.1677,39.5695],[20.1746,39.5769],[20.175,39.5803],[20.1742,39.5932],[20.1746,39.598],[20.1765,39.5986],[20.186,39.6038],[20.1882,39.6042],[20.1818,39.6245],[20.1652,39.6336],[20.1482,39.6375],[20.1404,39.6424],[20.1371,39.6466],[20.1213,39.6568],[20.1162,39.6588],[20.1048,39.6611],[20.0965,39.666],[20.0889,39.6731],[20.0446,39.6809],[20.0217,39.6877],[20.01,39.6935],[20.0044,39.6928],[19.9998,39.6935],[20.0161,39.7014],[20.0496,39.6927],[20.0893,39.6828],[20.1352,39.6642],[20.1638,39.6443],[20.1841,39.637],[20.1999,39.6401],[20.2034,39.6453],[20.203,39.6526],[20.2042,39.6603],[20.212,39.667],[20.2201,39.6692],[20.2286,39.6692],[20.2372,39.667],[20.246,39.6629],[20.249,39.6848],[20.2641,39.6961],[20.2827,39.7044],[20.2965,39.7174],[20.2995,39.7282],[20.2965,39.7335],[20.2911,39.7379],[20.2873,39.7467],[20.2855,39.7497],[20.2782,39.7567],[20.2757,39.7601],[20.2768,39.7632],[20.2831,39.7751],[20.2847,39.7803],[20.2814,39.7882],[20.2755,39.7924],[20.273,39.7965],[20.28,39.804],[20.2884,39.8066],[20.2983,39.8054],[20.2996,39.8051],[20.3369,39.794],[20.3545,39.7858],[20.3716,39.7843],[20.389,39.7981],[20.397,39.8181],[20.393,39.8355],[20.3469,39.8943],[20.3231,39.9124],[20.318,39.9184],[20.303,39.9791],[20.2979,39.9869],[20.31,39.9899],[20.3599,39.991],[20.3765,39.9937],[20.3807,40.0117],[20.3891,40.0294],[20.4004,40.0453],[20.4138,40.0572],[20.4328,40.0638],[20.466,40.0608],[20.4817,40.0678],[20.4999,40.0715],[20.5529,40.0654]]]}},{"type":"Feature","properties":{"id":"GRC-2991","name":"Kentriki Makedonia","nameBn":"সেন্ট্রাল মেসিডোনিয়া অঞ্চল","type":"Region","bounds":[21.6927,39.9127,24.1217,41.3999],"center":[22.8519,40.8836]},"geometry":{"type":"Polygon","coordinates":[[[22.826,41.341],[22.917,41.3358],[23.1152,41.3127],[23.1572,41.3163],[23.1797,41.3214],[23.1907,41.3261],[23.1995,41.333],[23.2048,41.3427],[23.2064,41.3609],[23.2098,41.3686],[23.2242,41.379],[23.2466,41.3897],[23.2699,41.3973],[23.2877,41.3982],[23.3062,41.3884],[23.3156,41.3769],[23.326,41.3693],[23.3472,41.3712],[23.3651,41.3786],[23.3955,41.3953],[23.4145,41.3999],[23.513,41.3977],[23.579,41.372],[23.6124,41.371],[23.6248,41.3771],[23.6254,41.3753],[23.6192,41.3547],[23.6341,41.3113],[23.7187,41.2804],[23.7189,41.2666],[23.7084,41.2543],[23.7016,41.2277],[23.7089,41.213],[23.7563,41.1816],[23.816,41.1265],[23.8676,41.0972],[23.9203,41.0871],[23.9511,41.0635],[23.9695,41.0775],[23.9886,41.0803],[24.0064,41.0778],[24.0257,41.0667],[24.0472,41.0362],[24.0944,41.0047],[24.1178,40.9958],[24.1108,40.983],[24.1217,40.9539],[24.1182,40.9407],[24.1077,40.9284],[24.1077,40.9146],[24.0937,40.9029],[24.0372,40.8696],[24.0161,40.8451],[23.9633,40.8112],[23.9429,40.8031],[23.8572,40.7883],[23.8544,40.7823],[23.8543,40.7812],[23.8421,40.7834],[23.8093,40.7804],[23.7541,40.763],[23.7317,40.7519],[23.7107,40.7376],[23.697,40.7214],[23.6917,40.6954],[23.7002,40.6737],[23.718,40.6587],[23.741,40.6531],[23.7556,40.6457],[23.7725,40.6276],[23.7866,40.6061],[23.7927,40.588],[23.799,40.5866],[23.8335,40.5638],[23.8467,40.5603],[23.8625,40.5591],[23.8776,40.5602],[23.8888,40.5638],[23.8953,40.553],[23.9149,40.5389],[23.9155,40.5296],[23.9072,40.5254],[23.8382,40.5187],[23.823,40.507],[23.819,40.4877],[23.8267,40.4614],[23.8682,40.4135],[23.8779,40.4062],[23.9097,40.3942],[23.9155,40.3894],[23.9536,40.3826],[23.9639,40.3795],[23.9754,40.3834],[24.0025,40.3864],[24.0039,40.3873],[24.0057,40.3848],[24.0049,40.3594],[24.0059,40.3428],[24.0049,40.3292],[24.0017,40.3198],[23.9938,40.3239],[23.9574,40.3526],[23.9365,40.3652],[23.9226,40.3693],[23.885,40.3652],[23.8483,40.3727],[23.8335,40.372],[23.7822,40.3527],[23.7596,40.3492],[23.7305,40.359],[23.7276,40.3535],[23.7207,40.3448],[23.7168,40.3453],[23.6997,40.3264],[23.6936,40.3092],[23.6956,40.2929],[23.7114,40.2611],[23.7163,40.2553],[23.7236,40.2491],[23.7577,40.2317],[23.7643,40.2154],[23.7786,40.2027],[23.7928,40.196],[23.7995,40.1976],[23.8677,40.1728],[23.8802,40.1763],[23.8967,40.1713],[23.9133,40.1614],[23.926,40.1498],[23.9407,40.1415],[23.9802,40.1307],[23.9912,40.1187],[23.99,40.11],[23.9774,40.1005],[23.9776,40.0908],[23.9832,40.0849],[24.0011,40.0749],[24.0049,40.0672],[24.0017,40.0588],[23.9946,40.0573],[23.9876,40.0574],[23.9842,40.0536],[23.9868,40.0422],[23.9934,40.0375],[24.0022,40.0385],[24.0117,40.0436],[24.0115,40.0334],[24.0122,40.0266],[24.0144,40.0213],[24.0192,40.0163],[23.9925,39.9988],[23.988,39.99],[23.9987,39.9816],[23.9987,39.9748],[23.9793,39.9743],[23.9699,39.9681],[23.9728,39.9619],[23.9912,39.9611],[23.9912,39.9536],[23.94,39.9525],[23.9197,39.9564],[23.9229,39.9679],[23.9229,39.9748],[23.9155,39.9748],[23.9077,39.9698],[23.9006,39.9712],[23.8976,39.9779],[23.9025,39.9884],[23.867,40.0041],[23.8608,40.0058],[23.8562,40.0168],[23.8449,40.0241],[23.8312,40.0265],[23.8241,40.0219],[23.8231,40.0173],[23.8267,40.0089],[23.7899,40.056],[23.7852,40.0672],[23.7915,40.0838],[23.7933,40.0938],[23.7888,40.0983],[23.7783,40.1016],[23.7725,40.1096],[23.7687,40.1188],[23.7645,40.1262],[23.6755,40.2179],[23.6418,40.2354],[23.6227,40.2397],[23.5403,40.2448],[23.4841,40.2696],[23.4385,40.2792],[23.3983,40.2777],[23.365,40.2617],[23.3401,40.228],[23.3377,40.2084],[23.3454,40.1916],[23.3555,40.175],[23.3606,40.1566],[23.3636,40.1505],[23.3713,40.1474],[23.3916,40.1461],[23.4006,40.144],[23.4065,40.1389],[23.4158,40.1262],[23.4692,40.0671],[23.4989,40.0423],[23.6027,39.9985],[23.6703,39.9861],[23.6729,39.98],[23.6729,39.9713],[23.676,39.9611],[23.6854,39.949],[23.6973,39.9405],[23.7131,39.9355],[23.7339,39.9338],[23.7479,39.9305],[23.7402,39.9233],[23.7217,39.916],[23.7031,39.9127],[23.6165,39.9233],[23.471,39.9716],[23.4465,39.9748],[23.3721,39.9652],[23.3606,39.9611],[23.366,39.9722],[23.3788,39.9911],[23.3816,40.0027],[23.3784,40.011],[23.3639,40.0266],[23.3606,40.0328],[23.3527,40.0571],[23.3351,40.0744],[23.3166,40.0889],[23.3059,40.1045],[23.3196,40.1368],[23.3246,40.175],[23.3186,40.2105],[23.2991,40.2354],[23.2586,40.2531],[23.2367,40.2596],[23.1996,40.2663],[23.1824,40.2743],[23.1662,40.2799],[23.1489,40.2764],[23.0969,40.3061],[23.0868,40.3071],[23.0762,40.3144],[23.0527,40.3187],[23.0291,40.3258],[23.0109,40.3512],[22.9639,40.3795],[22.9448,40.3863],[22.9275,40.3885],[22.8882,40.3863],[22.8977,40.402],[22.8897,40.4184],[22.8602,40.4477],[22.8633,40.4486],[22.866,40.4485],[22.8674,40.4494],[22.8672,40.4539],[22.8309,40.4858],[22.8216,40.5021],[22.8435,40.5092],[22.9074,40.512],[22.9416,40.5172],[22.9564,40.5263],[22.9629,40.5351],[22.9751,40.5424],[22.9832,40.5527],[22.9769,40.5706],[22.9525,40.5824],[22.9461,40.5843],[22.9417,40.5873],[22.9436,40.5942],[22.9496,40.6054],[22.9338,40.6309],[22.9105,40.6446],[22.8831,40.6473],[22.854,40.6395],[22.8611,40.6206],[22.8587,40.6053],[22.8506,40.5934],[22.8403,40.5843],[22.8245,40.5781],[22.8151,40.5729],[22.8159,40.5706],[22.7957,40.5708],[22.7871,40.5729],[22.7783,40.5781],[22.7586,40.5678],[22.7459,40.5552],[22.7425,40.5404],[22.7503,40.5228],[22.7442,40.5228],[22.7367,40.5296],[22.7367,40.5153],[22.7305,40.5153],[22.7305,40.5228],[22.7232,40.5228],[22.719,40.511],[22.7109,40.5116],[22.7004,40.5178],[22.689,40.5228],[22.6885,40.5275],[22.6735,40.5268],[22.6577,40.5167],[22.6563,40.5045],[22.6753,40.4962],[22.666,40.4953],[22.6597,40.4929],[22.656,40.4876],[22.655,40.4781],[22.6507,40.4728],[22.6416,40.4747],[22.6268,40.4819],[22.6029,40.4813],[22.5905,40.4774],[22.5791,40.4682],[22.5934,40.4582],[22.6038,40.444],[22.6087,40.4282],[22.6065,40.4136],[22.6185,40.4051],[22.6283,40.3936],[22.64,40.3837],[22.6584,40.3795],[22.6611,40.369],[22.6476,40.3459],[22.6206,40.3105],[22.5903,40.2416],[22.5908,40.2302],[22.5525,40.1666],[22.5497,40.1439],[22.5573,40.1272],[22.5677,40.1105],[22.5729,40.0877],[22.5689,40.0648],[22.5713,40.0543],[22.5832,40.0499],[22.5877,40.0449],[22.6003,40.0163],[22.6525,39.9821],[22.6616,39.9782],[22.6672,39.9744],[22.6909,39.9682],[22.6965,39.9645],[22.6986,39.9609],[22.7079,39.9614],[22.7101,39.9573],[22.709,39.939],[22.7098,39.935],[22.6995,39.9331],[22.6471,39.9269],[22.6315,39.9371],[22.6139,39.9394],[22.5343,39.9224],[22.4968,39.9327],[22.4662,39.9558],[22.4441,39.9861],[22.3765,40.0222],[22.3463,40.0479],[22.3348,40.0768],[22.3375,40.1203],[22.3299,40.135],[22.2973,40.1501],[22.2549,40.139],[22.2378,40.1275],[22.2177,40.1026],[22.1965,40.0888],[22.1796,40.0937],[22.172,40.1084],[22.1756,40.1244],[22.1716,40.1386],[22.1816,40.151],[22.1846,40.1643],[22.1324,40.1736],[22.1124,40.1652],[22.1024,40.1527],[22.0948,40.1674],[22.0919,40.1869],[22.099,40.2025],[22.1384,40.2167],[22.1521,40.2287],[22.1552,40.2585],[22.1711,40.2812],[22.1242,40.298],[22.113,40.3131],[22.1084,40.3411],[22.075,40.3699],[22.0709,40.3841],[22.0738,40.3974],[22.0663,40.4121],[22.0103,40.4053],[21.9937,40.4128],[21.9932,40.4266],[21.9608,40.4443],[21.9237,40.4571],[21.9084,40.4699],[21.8866,40.5027],[21.8706,40.5129],[21.87,40.5267],[21.883,40.5525],[21.8564,40.5804],[21.8552,40.6079],[21.8795,40.6516],[21.8576,40.6515],[21.8411,40.659],[21.8227,40.6584],[21.7812,40.6689],[21.7629,40.6684],[21.7458,40.6733],[21.77,40.7169],[21.7693,40.7307],[21.7349,40.7403],[21.7237,40.7554],[21.7082,40.8011],[21.6927,40.8139],[21.6992,40.8268],[21.7354,40.8252],[21.7734,40.8316],[21.7929,40.8375],[21.8102,40.8491],[21.8131,40.8624],[21.7977,40.8753],[21.7638,40.8876],[21.7571,40.9225],[21.7655,40.9239],[21.7781,40.9337],[21.7817,40.9451],[21.7819,40.9559],[21.7837,40.9642],[21.7936,40.9736],[21.8313,40.9935],[21.8314,40.9937],[21.8315,40.9937],[21.845,41.0124],[21.8807,41.0384],[21.8943,41.0538],[21.8962,41.0614],[21.8963,41.0647],[21.8972,41.0813],[21.9012,41.0908],[21.9091,41.0975],[21.9255,41.1068],[21.9347,41.1119],[21.9651,41.1244],[22.0291,41.1386],[22.0338,41.1413],[22.0441,41.1499],[22.0482,41.1519],[22.0555,41.1499],[22.0586,41.1451],[22.0603,41.14],[22.0628,41.1372],[22.0959,41.1236],[22.1034,41.1215],[22.1244,41.1272],[22.1603,41.1519],[22.1832,41.1599],[22.2058,41.1614],[22.2136,41.1607],[22.2251,41.1596],[22.263,41.1505],[22.2934,41.1475],[22.3026,41.1455],[22.3052,41.1416],[22.3067,41.1284],[22.3087,41.125],[22.3151,41.1244],[22.3234,41.1285],[22.3423,41.129],[22.3677,41.1324],[22.3802,41.1317],[22.3893,41.1283],[22.4104,41.1179],[22.4218,41.1146],[22.4515,41.1137],[22.4675,41.115],[22.4814,41.1178],[22.5007,41.1221],[22.5166,41.1222],[22.5492,41.1185],[22.5713,41.1195],[22.5866,41.1241],[22.5902,41.1251],[22.6073,41.136],[22.6245,41.1526],[22.6268,41.1608],[22.6259,41.1698],[22.6293,41.1771],[22.6445,41.1802],[22.6561,41.1781],[22.6572,41.177],[22.6619,41.1723],[22.6663,41.1645],[22.6741,41.1566],[22.6919,41.1446],[22.7049,41.1397],[22.7157,41.1456],[22.7272,41.1658],[22.7367,41.2044],[22.7409,41.2836],[22.742,41.287],[22.7513,41.3152],[22.7623,41.3225],[22.781,41.3349],[22.7968,41.337],[22.826,41.341]]]}},{"type":"Feature","properties":{"id":"GRC-2990","name":"Kriti","nameBn":"ক্রিট","type":"Region","bounds":[23.5182,34.815,26.3211,35.687],"center":[25.0652,35.1921]},"geometry":{"type":"MultiPolygon","coordinates":[[[[24.1284,34.8553],[24.1223,34.8465],[24.1214,34.8361],[24.1257,34.8269],[24.1353,34.8218],[24.1353,34.815],[24.1086,34.8166],[24.0861,34.8263],[24.0464,34.8491],[24.0464,34.8553],[24.0579,34.8554],[24.0669,34.8585],[24.0744,34.8634],[24.0806,34.869],[24.0931,34.8695],[24.1052,34.8681],[24.1284,34.8627],[24.1284,34.8553]]],[[[26.3211,35.3153],[26.3123,35.2969],[26.2979,35.2849],[26.281,35.2743],[26.266,35.26],[26.2839,35.2082],[26.2995,35.1855],[26.3211,35.1979],[26.3118,35.1824],[26.2954,35.1663],[26.285,35.1507],[26.294,35.1365],[26.2869,35.1182],[26.2775,35.1],[26.2669,35.0839],[26.2561,35.0716],[26.251,35.0631],[26.241,35.039],[26.2354,35.0341],[26.2238,35.0324],[26.2139,35.0282],[26.2051,35.0235],[26.1472,35.0023],[26.133,34.9993],[26.1052,34.9993],[26.1037,35.0021],[26.0891,35.0155],[26.0817,35.0198],[26.058,35.0229],[26.0381,35.0208],[26.0203,35.0209],[26.0022,35.0307],[25.9932,35.0371],[25.9849,35.0391],[25.9767,35.0369],[25.968,35.0307],[25.9603,35.029],[25.9241,35.0341],[25.8815,35.0271],[25.8081,35.0058],[25.6012,35.0136],[25.5381,34.997],[25.5227,34.9894],[25.5062,34.9846],[25.4152,34.9937],[25.3477,34.9915],[25.3285,34.9873],[25.304,34.9848],[25.2948,34.9809],[25.2798,34.9726],[25.2232,34.9542],[25.2077,34.9515],[25.1509,34.9557],[25.1289,34.9515],[25.1227,34.9482],[25.1145,34.9402],[25.1078,34.9379],[25.0974,34.9379],[25.091,34.9404],[25.0853,34.9433],[25.0774,34.9447],[25.0597,34.9436],[25.0449,34.9407],[25.0191,34.9316],[25.0032,34.937],[24.9837,34.9387],[24.7385,34.9316],[24.7385,34.9379],[24.7517,34.9465],[24.7552,34.9579],[24.7521,34.9959],[24.7539,35.008],[24.7599,35.0273],[24.759,35.0415],[24.7559,35.0515],[24.7502,35.0651],[24.7428,35.0772],[24.7351,35.0825],[24.7297,35.0847],[24.7248,35.0893],[24.7181,35.094],[24.7075,35.0961],[24.619,35.0974],[24.5947,35.1015],[24.5803,35.1092],[24.574,35.1092],[24.5646,35.1061],[24.5534,35.1146],[24.5324,35.1365],[24.5191,35.1444],[24.5007,35.1524],[24.4812,35.1559],[24.4641,35.1501],[24.4038,35.175],[24.4021,35.1849],[24.4021,35.1911],[24.2932,35.1823],[24.2178,35.1911],[24.2134,35.1938],[24.2085,35.1988],[24.2049,35.2034],[24.2039,35.2054],[24.1973,35.2051],[24.1919,35.2025],[24.1875,35.1994],[24.183,35.1979],[24.1113,35.1979],[24.094,35.2047],[24.0846,35.2045],[24.0806,35.1945],[24.0764,35.1955],[24.0498,35.1911],[24.0314,35.1977],[24.0033,35.2267],[23.9876,35.2333],[23.9019,35.2312],[23.8602,35.2363],[23.8267,35.2526],[23.8184,35.2473],[23.8123,35.2448],[23.8065,35.2446],[23.7995,35.2463],[23.7821,35.2347],[23.7117,35.2367],[23.6834,35.2258],[23.6691,35.2373],[23.6105,35.2349],[23.5872,35.2395],[23.5823,35.2452],[23.5845,35.2543],[23.5803,35.26],[23.573,35.2634],[23.5594,35.2646],[23.553,35.2668],[23.5449,35.2738],[23.5386,35.2814],[23.531,35.2885],[23.5182,35.2941],[23.5256,35.301],[23.5217,35.3017],[23.5193,35.3017],[23.5183,35.3032],[23.5182,35.3078],[23.5329,35.314],[23.5389,35.3152],[23.5462,35.3153],[23.5474,35.3182],[23.5472,35.3203],[23.5482,35.3215],[23.553,35.3215],[23.5467,35.3288],[23.5418,35.3364],[23.5408,35.3452],[23.5462,35.3562],[23.5386,35.3741],[23.5493,35.3969],[23.5652,35.4191],[23.5735,35.4348],[23.5715,35.4411],[23.5667,35.4475],[23.562,35.4517],[23.5598,35.4518],[23.5609,35.4584],[23.571,35.4837],[23.5776,35.4929],[23.5785,35.5006],[23.5661,35.507],[23.5661,35.5133],[23.5711,35.5181],[23.5726,35.5205],[23.5711,35.5227],[23.5661,35.5275],[23.5812,35.5527],[23.5845,35.5645],[23.5803,35.5759],[23.6004,35.6031],[23.6047,35.6126],[23.6077,35.5925],[23.6082,35.5517],[23.6144,35.5344],[23.6199,35.5241],[23.6237,35.5215],[23.6317,35.5207],[23.6395,35.519],[23.6404,35.5151],[23.6395,35.5106],[23.6418,35.507],[23.6504,35.5036],[23.6594,35.5012],[23.6834,35.4996],[23.703,35.5029],[23.7184,35.5128],[23.7279,35.5299],[23.7305,35.5542],[23.7249,35.5736],[23.7161,35.5919],[23.7127,35.607],[23.7236,35.6169],[23.7139,35.6348],[23.7112,35.6489],[23.7158,35.6615],[23.7271,35.675],[23.7415,35.687],[23.75,35.6866],[23.7598,35.6794],[23.779,35.6715],[23.779,35.664],[23.7678,35.6539],[23.7681,35.6411],[23.779,35.6094],[23.7777,35.5837],[23.779,35.5759],[23.7995,35.5446],[23.8171,35.5348],[23.9014,35.5272],[23.929,35.5207],[23.9442,35.525],[24.0005,35.5199],[24.0254,35.5207],[24.0358,35.5234],[24.0447,35.5277],[24.051,35.5344],[24.0532,35.5446],[24.0576,35.5529],[24.0684,35.5555],[24.0941,35.5542],[24.0818,35.5899],[24.1152,35.6013],[24.1604,35.5971],[24.183,35.5856],[24.2033,35.5418],[24.2005,35.5344],[24.1958,35.5316],[24.1878,35.5181],[24.183,35.5133],[24.1736,35.5096],[24.1637,35.5078],[24.1426,35.507],[24.1035,35.514],[24.0812,35.515],[24.0669,35.507],[24.072,35.4984],[24.089,35.4892],[24.1078,35.482],[24.1372,35.4748],[24.1702,35.456],[24.1867,35.4518],[24.2044,35.4544],[24.2225,35.4612],[24.2391,35.47],[24.2525,35.4791],[24.264,35.4332],[24.2655,35.4143],[24.2634,35.3785],[24.2655,35.3699],[24.2731,35.3649],[24.2935,35.3638],[24.303,35.3593],[24.3401,35.3483],[24.4281,35.3697],[24.4641,35.3625],[24.4854,35.3721],[24.5667,35.3842],[24.5936,35.3912],[24.6559,35.4177],[24.6769,35.4235],[24.6985,35.4268],[24.721,35.4272],[24.8202,35.413],[24.8408,35.404],[24.8504,35.4097],[24.8672,35.4165],[24.8955,35.4245],[24.9575,35.404],[24.9634,35.4102],[24.9671,35.4125],[24.9696,35.4158],[24.9712,35.4245],[25.0187,35.415],[25.0296,35.4033],[25.0474,35.4055],[25.0532,35.404],[25.0545,35.3974],[25.0523,35.392],[25.0487,35.3867],[25.047,35.3804],[25.0553,35.3552],[25.077,35.3445],[25.1068,35.3425],[25.1532,35.3447],[25.1817,35.3501],[25.1971,35.3494],[25.2005,35.3469],[25.2053,35.3423],[25.2121,35.3378],[25.2214,35.3357],[25.2518,35.3357],[25.307,35.3432],[25.3317,35.3369],[25.3464,35.3361],[25.3617,35.3432],[25.3685,35.3357],[25.376,35.3432],[25.3942,35.3288],[25.4081,35.3127],[25.4253,35.2995],[25.4536,35.2941],[25.4819,35.2974],[25.6388,35.3459],[25.6599,35.3494],[25.6714,35.3472],[25.6926,35.3378],[25.7078,35.3357],[25.7664,35.3357],[25.7591,35.3221],[25.7477,35.3106],[25.7248,35.2941],[25.7322,35.2879],[25.7261,35.2788],[25.7251,35.2708],[25.7293,35.2646],[25.739,35.26],[25.7378,35.2774],[25.7428,35.2853],[25.751,35.2841],[25.759,35.2743],[25.7537,35.2675],[25.7537,35.2641],[25.759,35.26],[25.7533,35.2526],[25.7482,35.2561],[25.7446,35.2571],[25.74,35.2544],[25.7322,35.2463],[25.7351,35.2375],[25.7268,35.2263],[25.7195,35.2114],[25.7248,35.1911],[25.7127,35.1828],[25.7141,35.174],[25.7207,35.1643],[25.7248,35.1536],[25.7285,35.1334],[25.7388,35.131],[25.7532,35.1331],[25.7698,35.1265],[25.7829,35.118],[25.7953,35.1151],[25.8176,35.116],[25.8303,35.1224],[25.8477,35.1506],[25.8591,35.157],[25.8675,35.1574],[25.8733,35.1587],[25.8831,35.1645],[25.8955,35.1821],[25.8967,35.1849],[25.9085,35.1874],[25.9412,35.1892],[25.9785,35.1955],[25.9854,35.1979],[26.0166,35.2145],[26.0259,35.2219],[26.0332,35.2258],[26.0427,35.2278],[26.0495,35.2268],[26.055,35.2271],[26.0606,35.2333],[26.0674,35.2333],[26.0814,35.2236],[26.1196,35.2153],[26.1082,35.2054],[26.1297,35.1959],[26.1551,35.1979],[26.1795,35.2072],[26.1978,35.2191],[26.1926,35.2209],[26.1926,35.2221],[26.1909,35.2258],[26.2184,35.2471],[26.2378,35.2688],[26.2595,35.2845],[26.294,35.2879],[26.2865,35.301],[26.2972,35.3006],[26.3008,35.301],[26.2986,35.3044],[26.2961,35.3117],[26.294,35.3153],[26.3211,35.3153]]]]}},{"type":"Feature","properties":{"id":"GRC-3013","name":"Notio Aigaio","nameBn":"দক্ষিণ এজিয়েন","type":"Region","bounds":[24.2752,35.3494,28.2398,38.0002],"center":[25.4867,37.0538]},"geometry":{"type":"MultiPolygon","coordinates":[[[[26.9761,35.4313],[27.0025,35.437],[27.012,35.4377],[27.0134,35.4313],[27.0071,35.4274],[26.9997,35.4245],[27.0071,35.404],[27.0071,35.3978],[26.9924,35.3972],[26.9679,35.3934],[26.9588,35.3903],[26.9461,35.3835],[26.937,35.3769],[26.9277,35.3719],[26.9147,35.3699],[26.9058,35.3666],[26.8884,35.3527],[26.8767,35.3494],[26.8643,35.3536],[26.8538,35.363],[26.8484,35.3724],[26.8519,35.3767],[26.8617,35.3809],[26.8794,35.3997],[26.8866,35.404],[26.8901,35.4072],[26.8967,35.4213],[26.9002,35.4245],[26.9085,35.4232],[26.9198,35.4183],[26.9246,35.4177],[26.9607,35.4296],[26.9761,35.4313]]],[[[27.2119,35.5207],[27.2332,35.5041],[27.2373,35.4934],[27.2324,35.4722],[27.2068,35.4775],[27.1809,35.4689],[27.1616,35.4501],[27.1567,35.4245],[27.1589,35.4274],[27.1608,35.4304],[27.1642,35.4321],[27.1711,35.4313],[27.1659,35.4233],[27.1581,35.4156],[27.1481,35.4089],[27.1362,35.404],[27.1431,35.4204],[27.1353,35.4262],[27.1211,35.4277],[27.1089,35.4313],[27.0998,35.4405],[27.093,35.4519],[27.0942,35.4616],[27.1089,35.4661],[27.1089,35.4722],[27.1021,35.4722],[27.1021,35.4791],[27.1188,35.4827],[27.1198,35.4931],[27.1089,35.5207],[27.1096,35.5349],[27.1126,35.5436],[27.1138,35.551],[27.1089,35.5617],[27.1008,35.5671],[27.0749,35.5802],[27.0679,35.5889],[27.0693,35.6022],[27.0767,35.6158],[27.0857,35.6263],[27.0918,35.6306],[27.1154,35.6422],[27.1237,35.6678],[27.1279,35.6933],[27.1541,35.718],[27.1618,35.7469],[27.1624,35.7773],[27.1567,35.7944],[27.1567,35.8012],[27.1711,35.8087],[27.1777,35.8087],[27.1777,35.8012],[27.1846,35.8012],[27.1901,35.8071],[27.2051,35.8223],[27.2137,35.828],[27.221,35.8293],[27.2269,35.8271],[27.2324,35.8223],[27.2289,35.809],[27.215,35.79],[27.2119,35.7773],[27.2119,35.7534],[27.2132,35.7448],[27.2185,35.7347],[27.2188,35.7261],[27.2129,35.7187],[27.2013,35.7094],[27.1898,35.6974],[27.1846,35.6818],[27.1803,35.6729],[27.1707,35.6636],[27.161,35.6513],[27.1567,35.634],[27.1565,35.6188],[27.1585,35.612],[27.1846,35.5958],[27.2088,35.56],[27.2153,35.5542],[27.2209,35.551],[27.2165,35.544],[27.209,35.5371],[27.2051,35.5344],[27.2044,35.5277],[27.2038,35.5272],[27.2054,35.5268],[27.2119,35.5207]]],[[[25.7356,36.3835],[25.7495,36.3877],[25.759,36.396],[25.7678,36.4016],[25.803,36.3896],[25.8355,36.3662],[25.8552,36.3636],[25.8469,36.3503],[25.8381,36.3518],[25.8285,36.3592],[25.8176,36.3636],[25.8018,36.3612],[25.7898,36.3566],[25.7769,36.3538],[25.751,36.3582],[25.7464,36.358],[25.7433,36.3588],[25.7368,36.3662],[25.7324,36.373],[25.7302,36.3801],[25.7356,36.3835]]],[[[28.2398,36.4325],[28.2258,36.418],[28.2363,36.373],[28.2158,36.3636],[28.2112,36.3577],[28.2051,36.3227],[28.1974,36.312],[28.1755,36.2904],[28.1709,36.278],[28.1685,36.2498],[28.1634,36.2377],[28.1546,36.2326],[28.1484,36.2261],[28.1359,36.1952],[28.1305,36.1855],[28.1277,36.1865],[28.11,36.1866],[28.1033,36.1855],[28.1009,36.1814],[28.0991,36.1745],[28.0952,36.1679],[28.0858,36.165],[28.0617,36.1165],[28.0708,36.111],[28.0788,36.1074],[28.0867,36.1051],[28.0964,36.1035],[28.0938,36.0953],[28.0899,36.0883],[28.0838,36.0819],[28.0759,36.0756],[28.0801,36.0714],[28.0896,36.0551],[28.0376,36.0684],[28.0169,36.069],[27.9934,36.062],[27.9484,36.039],[27.9323,36.0253],[27.8923,35.9719],[27.8635,35.941],[27.8274,35.9138],[27.7804,35.89],[27.7393,35.9132],[27.7327,35.9151],[27.7303,35.9218],[27.7123,35.9527],[27.7254,35.9672],[27.7541,36.0372],[27.76,36.062],[27.7571,36.0844],[27.7468,36.0962],[27.7332,36.1046],[27.7088,36.1271],[27.7073,36.132],[27.7136,36.1398],[27.7123,36.1445],[27.7029,36.1505],[27.6965,36.1496],[27.6909,36.1495],[27.6843,36.1581],[27.7007,36.1634],[27.7395,36.1855],[27.7634,36.1922],[27.772,36.1978],[27.7674,36.206],[27.7761,36.2116],[27.7781,36.2171],[27.7782,36.2237],[27.7804,36.2326],[27.7871,36.2452],[27.7941,36.2543],[27.8032,36.2702],[27.8079,36.2742],[27.8374,36.281],[27.842,36.2847],[27.8495,36.2935],[27.8828,36.3215],[27.8903,36.3326],[27.8997,36.3402],[27.9592,36.3568],[28.0708,36.4053],[28.0858,36.4148],[28.1184,36.4277],[28.1839,36.4245],[28.2139,36.4555],[28.2224,36.456],[28.2311,36.4498],[28.2398,36.4387],[28.2398,36.4325]]],[[[25.3821,36.4796],[25.418,36.4704],[25.4524,36.4503],[25.4792,36.4244],[25.4914,36.3977],[25.4893,36.3778],[25.48,36.3579],[25.4651,36.3424],[25.4466,36.3363],[25.4264,36.338],[25.3799,36.3489],[25.3617,36.3568],[25.3734,36.3616],[25.397,36.3613],[25.4094,36.3636],[25.4192,36.3701],[25.4287,36.3854],[25.4368,36.3909],[25.43,36.4171],[25.4253,36.4272],[25.4163,36.4325],[25.4163,36.4387],[25.4219,36.4511],[25.4071,36.458],[25.3685,36.4666],[25.3685,36.4735],[25.3731,36.4753],[25.3778,36.478],[25.3821,36.4796]]],[[[27.3968,36.4387],[27.3875,36.4208],[27.3996,36.4101],[27.4207,36.4086],[27.4385,36.4182],[27.4419,36.4151],[27.4434,36.4121],[27.4447,36.4045],[27.4387,36.3945],[27.4282,36.3852],[27.4159,36.3803],[27.4043,36.3835],[27.3993,36.3787],[27.3901,36.3835],[27.3779,36.382],[27.3648,36.3934],[27.3574,36.4102],[27.3628,36.425],[27.3496,36.4312],[27.3381,36.4284],[27.3289,36.4206],[27.3218,36.4114],[27.315,36.4114],[27.3093,36.4202],[27.2969,36.4276],[27.2944,36.4355],[27.2952,36.4556],[27.297,36.4652],[27.3006,36.4735],[27.3102,36.4577],[27.325,36.4619],[27.3416,36.4735],[27.3558,36.4796],[27.3685,36.4724],[27.3817,36.4442],[27.3968,36.4387]]],[[[26.3622,36.6379],[26.3933,36.6365],[26.4305,36.6187],[26.4595,36.5967],[26.466,36.5827],[26.46,36.5777],[26.4549,36.5769],[26.45,36.5806],[26.4447,36.5895],[26.4297,36.5786],[26.4159,36.5749],[26.3867,36.5759],[26.3733,36.5724],[26.363,36.5637],[26.3486,36.5411],[26.3477,36.528],[26.3495,36.5156],[26.3416,36.5093],[26.3177,36.5076],[26.301,36.5133],[26.2822,36.5399],[26.266,36.5479],[26.2683,36.555],[26.2698,36.5578],[26.2734,36.5616],[26.2643,36.5733],[26.2615,36.5876],[26.2664,36.5959],[26.2803,36.5895],[26.2948,36.5966],[26.3118,36.5881],[26.3285,36.5753],[26.3416,36.569],[26.3508,36.5727],[26.3606,36.5865],[26.366,36.5895],[26.3773,36.5882],[26.3859,36.5861],[26.3939,36.5857],[26.4038,36.5895],[26.3903,36.5954],[26.3849,36.6048],[26.3889,36.6133],[26.3894,36.6162],[26.3787,36.6192],[26.37,36.6244],[26.3622,36.6305],[26.3622,36.6379]]],[[[27.8699,36.5895],[27.8706,36.5778],[27.8726,36.5692],[27.8767,36.5616],[27.8675,36.5568],[27.863,36.5554],[27.868,36.5532],[27.8721,36.5504],[27.8748,36.5465],[27.8767,36.5411],[27.8545,36.5305],[27.843,36.5279],[27.8283,36.528],[27.8283,36.5342],[27.8342,36.5365],[27.8426,36.5436],[27.8494,36.5479],[27.8059,36.5601],[27.7925,36.567],[27.8079,36.5759],[27.76,36.5759],[27.7669,36.5852],[27.7778,36.5956],[27.787,36.6063],[27.7879,36.6168],[27.7925,36.6172],[27.7953,36.6187],[27.8015,36.6243],[27.8015,36.6168],[27.8181,36.634],[27.842,36.6447],[27.861,36.6467],[27.863,36.6379],[27.8352,36.6311],[27.8223,36.6238],[27.8153,36.61],[27.8245,36.6129],[27.8286,36.613],[27.8357,36.6025],[27.8699,36.6243],[27.8721,36.6206],[27.8728,36.6196],[27.8738,36.6191],[27.8767,36.6168],[27.8713,36.6133],[27.8679,36.6094],[27.8655,36.6055],[27.863,36.6025],[27.8699,36.6067],[27.8732,36.6055],[27.8729,36.5996],[27.8699,36.5895]]],[[[24.8682,36.6652],[24.9479,36.6243],[24.9637,36.6025],[24.9637,36.5963],[24.938,36.5977],[24.9229,36.6023],[24.8955,36.6243],[24.8794,36.6328],[24.8635,36.6382],[24.8498,36.6469],[24.8408,36.6652],[24.8617,36.666],[24.8682,36.6652]]],[[[25.1463,36.7199],[25.1858,36.7191],[25.1831,36.7164],[25.1825,36.7119],[25.1834,36.7062],[25.1296,36.6603],[25.0931,36.6366],[25.0674,36.6379],[25.1047,36.6994],[25.1165,36.7026],[25.1364,36.7167],[25.1463,36.7199]]],[[[24.4744,36.7471],[24.5127,36.764],[24.5334,36.768],[24.5461,36.754],[24.5432,36.7431],[24.5461,36.6888],[24.5376,36.6814],[24.5184,36.6737],[24.4846,36.6652],[24.3646,36.663],[24.327,36.6509],[24.3229,36.6654],[24.3313,36.6872],[24.327,36.6994],[24.3313,36.7021],[24.3358,36.7081],[24.3407,36.7124],[24.3314,36.7182],[24.327,36.7199],[24.3367,36.7278],[24.3447,36.7457],[24.3543,36.754],[24.3591,36.7485],[24.3655,36.743],[24.3731,36.7379],[24.3816,36.7335],[24.3954,36.7359],[24.4072,36.7073],[24.4265,36.6994],[24.4607,36.6994],[24.4714,36.7043],[24.4685,36.7152],[24.4592,36.7267],[24.4505,36.7335],[24.4369,36.7275],[24.4271,36.7338],[24.4187,36.7451],[24.4089,36.754],[24.4089,36.7608],[24.4203,36.7711],[24.4333,36.765],[24.4505,36.7534],[24.4744,36.7471]]],[[[24.6423,36.7888],[24.6563,36.7829],[24.6658,36.7746],[24.6677,36.764],[24.6594,36.7506],[24.6448,36.7473],[24.6297,36.7576],[24.6082,36.7813],[24.6218,36.795],[24.6387,36.7946],[24.6438,36.793],[24.6423,36.7888]]],[[[25.273,36.7199],[25.2752,36.7219],[25.2764,36.7226],[25.2776,36.7235],[25.2798,36.7267],[25.2712,36.7258],[25.2518,36.7267],[25.2571,36.7359],[25.2624,36.7497],[25.265,36.7622],[25.2627,36.7676],[25.307,36.795],[25.3195,36.7819],[25.3362,36.7577],[25.348,36.7471],[25.3659,36.7396],[25.3838,36.7351],[25.3994,36.728],[25.4094,36.7124],[25.397,36.7105],[25.3901,36.7037],[25.3895,36.6942],[25.3952,36.6851],[25.3952,36.6789],[25.3732,36.6537],[25.3379,36.6683],[25.273,36.7199]]],[[[24.6082,36.8359],[24.6082,36.8291],[24.6004,36.8221],[24.5728,36.7819],[24.5564,36.7803],[24.5398,36.7845],[24.5324,36.7919],[24.5296,36.8037],[24.5241,36.8105],[24.5212,36.8174],[24.5261,36.8291],[24.5342,36.8361],[24.5472,36.8425],[24.5618,36.8456],[24.574,36.8428],[24.5801,36.8386],[24.5859,36.8365],[24.5925,36.8375],[24.6008,36.8428],[24.6026,36.8398],[24.6023,36.8381],[24.603,36.8369],[24.6082,36.8359]]],[[[25.4231,36.8325],[25.4303,36.8441],[25.447,36.8574],[25.471,36.8707],[25.4784,36.8707],[25.471,36.8632],[25.4764,36.8627],[25.4785,36.86],[25.4778,36.8351],[25.4579,36.8249],[25.4344,36.8227],[25.4231,36.8325]]],[[[27.2809,36.9079],[27.2915,36.8918],[27.341,36.8819],[27.3558,36.8632],[27.3234,36.8487],[27.2142,36.8239],[27.1908,36.8123],[27.1299,36.7608],[27.1091,36.7583],[27.0832,36.7612],[27.0601,36.7674],[27.0475,36.7751],[26.992,36.7536],[26.9758,36.7408],[26.986,36.7199],[26.9717,36.7163],[26.9657,36.7056],[26.9666,36.6917],[26.9729,36.6789],[26.9553,36.6817],[26.9373,36.6928],[26.9233,36.7062],[26.9177,36.7161],[26.9203,36.7512],[26.9263,36.7656],[26.9377,36.7608],[26.9424,36.7663],[26.9539,36.7759],[26.9588,36.7813],[26.964,36.778],[26.986,36.7676],[26.9995,36.7785],[27.0075,36.7878],[27.0208,36.8086],[27.0552,36.8327],[27.0612,36.8393],[27.1642,36.8912],[27.2656,36.904],[27.2809,36.9079]]],[[[25.6087,36.8837],[25.6146,36.8937],[25.6248,36.8987],[25.6375,36.9032],[25.6497,36.9116],[25.6594,36.9075],[25.6844,36.8912],[25.674,36.8795],[25.6546,36.8789],[25.6316,36.8826],[25.6087,36.8837]]],[[[26.0059,36.9389],[26.0191,36.9251],[26.0354,36.913],[26.0542,36.9036],[26.0742,36.898],[26.0747,36.8933],[26.0731,36.8921],[26.0705,36.8921],[26.0674,36.8912],[26.0501,36.897],[26.032,36.8939],[26.016,36.8895],[26.0059,36.8912],[25.991,36.8791],[25.9486,36.8542],[25.9343,36.8496],[25.9214,36.8411],[25.8936,36.8035],[25.8796,36.795],[25.7987,36.7728],[25.7555,36.77],[25.739,36.795],[25.7533,36.7888],[25.7608,36.7991],[25.7741,36.8071],[25.7889,36.8092],[25.8005,36.8017],[25.8074,36.8017],[25.8141,36.8068],[25.823,36.8087],[25.8455,36.8086],[25.8494,36.8122],[25.8631,36.8359],[25.8516,36.8311],[25.8455,36.8366],[25.8438,36.8451],[25.8455,36.8496],[25.8566,36.8511],[25.9719,36.898],[25.9719,36.9042],[25.9661,36.9066],[25.9627,36.9088],[25.9587,36.9105],[25.9507,36.9116],[25.9507,36.9184],[25.9784,36.925],[25.9902,36.9307],[25.9984,36.9389],[26.0059,36.9389]]],[[[25.0811,36.9526],[25.0667,36.9551],[25.047,36.9692],[25.0305,36.989],[25.0259,37.0079],[25.0355,37.0219],[25.0532,37.0344],[25.0728,37.0422],[25.0879,37.042],[25.0696,36.9896],[25.0599,36.9731],[25.0663,36.9687],[25.072,36.9639],[25.0811,36.9526]]],[[[24.7044,37.0351],[24.7162,37.0201],[24.7516,36.9858],[24.7647,36.9566],[24.7658,36.9492],[24.7627,36.9454],[24.7485,36.9394],[24.7453,36.9355],[24.7106,36.9042],[24.6958,36.9232],[24.6789,36.9515],[24.6692,36.9785],[24.6765,36.9936],[24.6765,37.0004],[24.6659,37.0075],[24.6541,37.0243],[24.6423,37.0277],[24.6428,37.0327],[24.6441,37.0356],[24.6497,37.042],[24.6457,37.0429],[24.6434,37.0429],[24.6426,37.0442],[24.6423,37.0488],[24.6559,37.0488],[24.6797,37.0329],[24.6893,37.0292],[24.6975,37.0351],[24.7044,37.0351]]],[[[26.9116,36.9458],[26.9203,36.9588],[26.925,36.9631],[26.9314,36.9669],[26.9253,36.9817],[26.9299,36.994],[26.9386,37.0045],[26.9451,37.0141],[26.9473,37.0162],[26.9512,37.0212],[26.9539,37.0279],[26.9519,37.0351],[26.9436,37.0407],[26.9351,37.0396],[26.9284,37.0364],[26.9246,37.0351],[26.9172,37.0417],[26.9124,37.0469],[26.9035,37.0625],[26.896,37.0689],[26.8889,37.071],[26.8856,37.0756],[26.8898,37.0898],[26.9016,37.0773],[26.986,37.0488],[26.986,37.042],[26.9729,37.042],[26.9822,37.0288],[26.9953,37.0229],[27.0059,37.0162],[27.0071,37.0004],[27.0154,37.0087],[27.0239,37.0127],[27.0325,37.0124],[27.0413,37.0079],[27.0443,36.9962],[27.0369,36.9785],[27.0413,36.9669],[27.0363,36.9601],[27.0349,36.9572],[27.0339,36.9526],[27.0413,36.9526],[27.0413,36.9594],[27.0475,36.9594],[27.0404,36.9451],[27.0236,36.945],[26.9934,36.9526],[26.9883,36.9467],[26.9862,36.9377],[26.9834,36.9295],[26.9761,36.9259],[26.9663,36.9278],[26.9588,36.931],[26.9519,36.9316],[26.9451,36.9259],[26.9378,36.935],[26.9299,36.9428],[26.9212,36.9471],[26.9116,36.9458]]],[[[25.8074,37.1034],[25.8054,37.0992],[25.805,37.0983],[25.8042,37.098],[25.8005,37.0959],[25.7805,37.124],[25.7974,37.1232],[25.8098,37.1269],[25.8346,37.1376],[25.832,37.1302],[25.8284,37.124],[25.8372,37.1137],[25.8421,37.1103],[25.8368,37.1024],[25.8291,37.0973],[25.8191,37.0969],[25.8074,37.1034]]],[[[25.2798,37.0488],[25.2688,37.0461],[25.263,37.0399],[25.2586,37.0313],[25.2518,37.0215],[25.2448,37.0146],[25.2322,37.0051],[25.2044,36.989],[25.1885,36.9853],[25.1528,36.9868],[25.1433,36.9901],[25.1219,37.0046],[25.1115,37.0079],[25.1034,37.0129],[25.103,37.0243],[25.113,37.0627],[25.1253,37.0745],[25.1563,37.0898],[25.1493,37.0935],[25.1424,37.0949],[25.1358,37.0938],[25.1501,37.1105],[25.1786,37.1295],[25.2098,37.144],[25.2388,37.1518],[25.224,37.1343],[25.2319,37.1275],[25.2593,37.124],[25.273,37.1376],[25.2703,37.1415],[25.2661,37.1518],[25.2798,37.1527],[25.2933,37.1518],[25.2914,37.1442],[25.2881,37.1365],[25.2842,37.1295],[25.2798,37.124],[25.263,37.0898],[25.2629,37.0756],[25.2798,37.0693],[25.2798,37.0625],[25.2661,37.0625],[25.2661,37.055],[25.2798,37.055],[25.2798,37.0488]]],[[[25.5261,37.1962],[25.5337,37.2007],[25.5501,37.1938],[25.5746,37.1785],[25.5863,37.1606],[25.5925,37.1425],[25.5951,37.0997],[25.5928,37.0809],[25.583,37.0398],[25.5808,37.0178],[25.5525,36.9689],[25.5474,36.9653],[25.5404,36.9641],[25.5261,36.9594],[25.4914,36.9321],[25.48,36.9284],[25.4611,36.9245],[25.4499,36.9184],[25.4476,36.9248],[25.4437,36.9261],[25.4368,36.9321],[25.4324,36.9393],[25.4264,36.9594],[25.4231,36.9669],[25.4167,36.9731],[25.3889,36.9868],[25.3933,36.9922],[25.3941,36.9981],[25.3913,37.0044],[25.3855,37.011],[25.3807,37.0187],[25.3797,37.0268],[25.381,37.0331],[25.3821,37.0351],[25.367,37.0596],[25.3555,37.0714],[25.3418,37.0767],[25.3418,37.083],[25.3475,37.0874],[25.3524,37.0891],[25.3567,37.0877],[25.3617,37.083],[25.3718,37.0891],[25.4094,37.124],[25.4746,37.1618],[25.4802,37.1679],[25.4951,37.1891],[25.5023,37.1917],[25.5221,37.1932],[25.5261,37.1962]]],[[[24.4437,37.1785],[24.4362,37.1854],[24.4683,37.2021],[24.4856,37.2061],[24.4983,37.1997],[24.5051,37.1997],[24.5098,37.2049],[24.5149,37.206],[24.5205,37.2039],[24.5261,37.1997],[24.5321,37.1856],[24.5347,37.1677],[24.5345,37.1483],[24.5324,37.1301],[24.5261,37.1444],[24.5188,37.1444],[24.5189,37.1321],[24.5153,37.1229],[24.5081,37.1159],[24.4983,37.1103],[24.4959,37.1131],[24.4954,37.1144],[24.4944,37.1154],[24.4915,37.1177],[24.491,37.1223],[24.4928,37.1232],[24.4955,37.1229],[24.4983,37.124],[24.4898,37.1281],[24.481,37.1297],[24.4725,37.1284],[24.4641,37.124],[24.4621,37.1335],[24.4595,37.1372],[24.4558,37.1359],[24.4505,37.1301],[24.4421,37.1345],[24.4344,37.1342],[24.4281,37.1303],[24.4225,37.124],[24.4191,37.1356],[24.4219,37.1382],[24.4305,37.1444],[24.4235,37.1498],[24.423,37.1547],[24.4277,37.1596],[24.4362,37.1649],[24.4328,37.1723],[24.4347,37.1755],[24.4437,37.1785]]],[[[24.3679,37.4119],[24.3748,37.4385],[24.3957,37.4569],[24.4196,37.4716],[24.4362,37.487],[24.4437,37.487],[24.4437,37.4727],[24.4412,37.4649],[24.4343,37.4508],[24.4305,37.446],[24.4694,37.4275],[24.4827,37.4124],[24.4778,37.3908],[24.4634,37.3945],[24.4528,37.3835],[24.4461,37.3658],[24.4437,37.3498],[24.4297,37.3388],[24.4118,37.324],[24.389,37.3139],[24.3679,37.3095],[24.3767,37.345],[24.3856,37.3612],[24.4021,37.3709],[24.4021,37.3771],[24.3976,37.3793],[24.3933,37.3828],[24.3884,37.3846],[24.3884,37.3908],[24.3968,37.4015],[24.3948,37.4118],[24.3845,37.4168],[24.3679,37.4119]]],[[[25.3952,37.4182],[25.3826,37.4197],[25.307,37.4119],[25.3093,37.4197],[25.3088,37.4227],[25.3078,37.4245],[25.307,37.4287],[25.3093,37.4362],[25.314,37.4384],[25.3189,37.4384],[25.3213,37.4392],[25.3264,37.4629],[25.3224,37.471],[25.307,37.4727],[25.3127,37.4882],[25.3244,37.4951],[25.3377,37.4996],[25.348,37.5081],[25.3773,37.4674],[25.3821,37.4697],[25.3856,37.4899],[25.3954,37.494],[25.4268,37.487],[25.4308,37.4848],[25.4363,37.4799],[25.4436,37.475],[25.4629,37.47],[25.4656,37.4634],[25.4631,37.4547],[25.4573,37.446],[25.4426,37.4409],[25.4236,37.4411],[25.4077,37.4368],[25.4026,37.4182],[25.3952,37.4182]]],[[[24.9434,37.4355],[24.9461,37.433],[24.9523,37.4297],[24.9592,37.4249],[24.9637,37.4182],[24.9662,37.4078],[24.964,37.4018],[24.9566,37.397],[24.8963,37.3716],[24.8818,37.3635],[24.8814,37.3732],[24.8822,37.3804],[24.8846,37.3859],[24.8887,37.3908],[24.8887,37.3983],[24.882,37.3977],[24.8613,37.3983],[24.864,37.4073],[24.8682,37.4147],[24.874,37.4207],[24.8818,37.4256],[24.8778,37.4269],[24.8682,37.4318],[24.8867,37.4353],[24.8981,37.4487],[24.9027,37.4658],[24.9024,37.4802],[24.8963,37.5019],[24.8954,37.5104],[24.905,37.5108],[24.9297,37.5081],[24.9388,37.4997],[24.9481,37.4856],[24.9551,37.4706],[24.9575,37.4597],[24.9549,37.4526],[24.9453,37.4433],[24.9434,37.4355]]],[[[25.0913,37.5826],[25.0806,37.5869],[25.047,37.6174],[25.0086,37.6318],[24.9979,37.6379],[24.991,37.646],[24.9844,37.658],[24.9815,37.6702],[24.9849,37.6789],[24.9979,37.6819],[25.0532,37.6789],[25.0578,37.6773],[25.0674,37.6726],[25.0674,37.6652],[25.0599,37.6652],[25.0599,37.6584],[25.0701,37.6578],[25.0775,37.6549],[25.0833,37.6504],[25.0879,37.6447],[25.1038,37.6538],[25.1227,37.6517],[25.1398,37.6427],[25.1494,37.631],[25.1648,37.6458],[25.1926,37.6413],[25.223,37.6298],[25.2456,37.6242],[25.2388,37.6174],[25.2473,37.6149],[25.2528,37.6087],[25.2566,37.6001],[25.2593,37.59],[25.2347,37.5629],[25.2273,37.5374],[25.216,37.5329],[25.1699,37.5386],[25.1421,37.5527],[25.1255,37.5559],[25.1156,37.5601],[25.1033,37.5784],[25.0913,37.5826]]],[[[24.3748,37.6863],[24.4025,37.6557],[24.3958,37.6247],[24.3701,37.5951],[24.3407,37.5696],[24.313,37.5382],[24.2935,37.5257],[24.2754,37.5317],[24.2752,37.5456],[24.28,37.5958],[24.2786,37.6043],[24.2781,37.6229],[24.2893,37.6453],[24.3057,37.6608],[24.3206,37.6584],[24.3279,37.665],[24.3338,37.6726],[24.3236,37.6721],[24.3206,37.6726],[24.3206,37.6789],[24.3304,37.684],[24.3397,37.6863],[24.348,37.6849],[24.3543,37.6789],[24.3611,37.6789],[24.3617,37.685],[24.3646,37.6861],[24.3692,37.6854],[24.3748,37.6863]]],[[[24.9917,37.7682],[24.9944,37.7541],[24.9855,37.736],[24.9712,37.7187],[24.9575,37.7067],[24.9596,37.7026],[24.9637,37.6863],[24.9575,37.6863],[24.9497,37.6961],[24.9269,37.7101],[24.916,37.7198],[24.8975,37.7618],[24.8921,37.7682],[24.8767,37.7695],[24.8652,37.7738],[24.855,37.7814],[24.8442,37.7924],[24.8281,37.8173],[24.8166,37.8239],[24.8,37.816],[24.7942,37.8438],[24.7757,37.8623],[24.7539,37.8764],[24.7385,37.8918],[24.7317,37.8918],[24.7246,37.8819],[24.7162,37.8791],[24.7122,37.8843],[24.718,37.8986],[24.7093,37.9066],[24.6955,37.9246],[24.6838,37.9327],[24.6956,37.9355],[24.6965,37.9403],[24.6926,37.9471],[24.6901,37.9563],[24.6936,37.9658],[24.7019,37.9726],[24.757,37.9966],[24.7791,38.0002],[24.7937,37.9941],[24.7923,37.9833],[24.7947,37.9771],[24.8005,37.9743],[24.8106,37.9736],[24.8208,37.9704],[24.8301,37.9631],[24.8346,37.9558],[24.8307,37.9525],[24.8304,37.9477],[24.8376,37.9255],[24.8408,37.919],[24.8484,37.9149],[24.875,37.906],[24.9539,37.906],[24.9637,37.8968],[24.9592,37.8764],[24.9434,37.8433],[24.9849,37.816],[24.9784,37.8115],[24.9756,37.8101],[24.9712,37.8091],[24.972,37.7964],[24.9656,37.7878],[24.9583,37.7812],[24.9575,37.7744],[24.9644,37.7687],[24.9805,37.774],[24.9917,37.7682]]],[[[27.5657,36.2449],[27.6165,36.2426],[27.619,36.2379],[27.6187,36.2281],[27.6144,36.2197],[27.6101,36.2165],[27.6024,36.2169],[27.5829,36.2126],[27.5685,36.2152],[27.5505,36.2159],[27.5315,36.2117],[27.5189,36.2169],[27.5174,36.2309],[27.5265,36.2401],[27.5337,36.2419],[27.5487,36.2441],[27.5657,36.2449]]],[[[27.1858,36.6157],[27.1947,36.6069],[27.2061,36.5871],[27.198,36.5683],[27.1746,36.5605],[27.1614,36.5604],[27.1401,36.5632],[27.1297,36.5695],[27.1261,36.5801],[27.1372,36.6001],[27.1668,36.6151],[27.1858,36.6157]]],[[[26.8718,37.1341],[26.8779,37.129],[26.8869,37.1166],[26.8869,37.1057],[26.8797,37.1038],[26.8755,37.1037],[26.8752,37.1001],[26.8699,37.098],[26.8616,37.0973],[26.8499,37.0985],[26.8376,37.1047],[26.8376,37.1121],[26.8486,37.1179],[26.8523,37.1246],[26.843,37.1251],[26.8298,37.1187],[26.8172,37.1199],[26.8104,37.1294],[26.8142,37.1381],[26.8169,37.1466],[26.8064,37.1517],[26.7951,37.1555],[26.7883,37.1621],[26.7762,37.1697],[26.7727,37.1827],[26.7842,37.1915],[26.798,37.1906],[26.801,37.1926],[26.8003,37.1993],[26.8083,37.2003],[26.8172,37.1948],[26.8231,37.1933],[26.8268,37.1942],[26.8309,37.1928],[26.8347,37.1911],[26.8411,37.1892],[26.8498,37.1873],[26.8529,37.1818],[26.8462,37.1712],[26.8441,37.162],[26.8543,37.1585],[26.8643,37.1533],[26.8698,37.141],[26.8718,37.1341]]],[[[26.5988,37.3554],[26.6037,37.3494],[26.6061,37.3395],[26.6008,37.3373],[26.5955,37.3416],[26.5887,37.3448],[26.585,37.3456],[26.5813,37.3467],[26.5724,37.3472],[26.5637,37.3417],[26.5597,37.3344],[26.5584,37.3297],[26.5547,37.3271],[26.5488,37.3266],[26.5539,37.3199],[26.5652,37.3084],[26.5677,37.2746],[26.5573,37.2712],[26.5464,37.2772],[26.5474,37.2836],[26.5448,37.2884],[26.5327,37.2917],[26.5286,37.3007],[26.5339,37.3251],[26.5374,37.3315],[26.5388,37.3381],[26.5358,37.3471],[26.5337,37.3607],[26.5364,37.3727],[26.5451,37.3731],[26.5564,37.3721],[26.5686,37.3744],[26.5806,37.3701],[26.5903,37.3644],[26.5967,37.3592],[26.5988,37.3554]]],[[[24.7394,37.6138],[24.7378,37.6079],[24.7412,37.5957],[24.7181,37.5936],[24.6724,37.6005],[24.6597,37.6069],[24.6779,37.6094],[24.694,37.6152],[24.7039,37.6247],[24.7161,37.631],[24.7329,37.6321],[24.7411,37.6259],[24.7394,37.6138]]]]}},{"type":"Feature","properties":{"id":"GRC-2885","name":"Peloponnisos","nameBn":"পেলোপোনেসে অঞ্চল","type":"Region","bounds":[21.5676,36.3909,23.4421,38.163],"center":[22.3501,37.3319]},"geometry":{"type":"MultiPolygon","coordinates":[[[[23.1594,37.9405],[23.1423,37.9301],[23.0941,37.911],[23.052,37.9252],[23.0427,37.9219],[23.0348,37.9223],[23.0261,37.9241],[23.0151,37.9252],[23.0115,37.92],[23.0117,37.9085],[23.0103,37.897],[23.0015,37.8918],[22.9951,37.8821],[22.9995,37.8627],[23.0125,37.8476],[23.0322,37.8508],[23.0497,37.8436],[23.0735,37.8411],[23.0972,37.8436],[23.1141,37.8508],[23.1463,37.8258],[23.1638,37.8153],[23.1824,37.8091],[23.178,37.7993],[23.1764,37.79],[23.178,37.7816],[23.1824,37.7744],[23.1687,37.7724],[23.1504,37.7634],[23.1282,37.7605],[23.125,37.7573],[23.124,37.751],[23.1209,37.7409],[23.1458,37.7258],[23.1594,37.7208],[23.1755,37.7198],[23.1663,37.697],[23.1638,37.6816],[23.1672,37.6664],[23.1755,37.6447],[23.1619,37.6447],[23.1646,37.623],[23.1686,37.6142],[23.187,37.6083],[23.1869,37.6082],[23.1861,37.604],[23.1638,37.5612],[23.1576,37.5347],[23.1646,37.5201],[23.179,37.5071],[23.2284,37.4947],[23.2589,37.4767],[23.2757,37.4743],[23.3051,37.451],[23.3232,37.4539],[23.373,37.4441],[23.3923,37.4523],[23.4305,37.4523],[23.4415,37.4398],[23.4421,37.4309],[23.4418,37.4144],[23.3233,37.4097],[23.3059,37.4119],[23.3074,37.4084],[23.3081,37.4053],[23.3094,37.402],[23.3122,37.3983],[23.2761,37.4022],[23.2627,37.401],[23.2644,37.3908],[23.2302,37.3846],[23.23,37.3749],[23.2371,37.3703],[23.2474,37.3695],[23.2576,37.3709],[23.2513,37.3635],[23.2513,37.3573],[23.259,37.3564],[23.278,37.3498],[23.2624,37.344],[23.244,37.3424],[23.2067,37.3437],[23.186,37.3406],[23.1854,37.3322],[23.1945,37.3192],[23.2036,37.3027],[23.1829,37.2993],[23.1686,37.2995],[23.1563,37.3031],[23.1414,37.3095],[23.1414,37.3164],[23.1619,37.3164],[23.1619,37.3231],[23.1502,37.3258],[23.1362,37.3237],[23.1234,37.3248],[23.1141,37.3362],[23.1346,37.3293],[23.1297,37.3388],[23.1224,37.3457],[23.1006,37.3573],[23.0928,37.3508],[23.0828,37.3505],[23.0731,37.3552],[23.0731,37.3573],[23.0701,37.3889],[23.0726,37.4011],[23.0838,37.3945],[23.095,37.3896],[23.1052,37.3969],[23.1126,37.4109],[23.1141,37.4256],[23.136,37.4155],[23.1414,37.4119],[23.1414,37.4182],[23.1366,37.4273],[23.1351,37.4335],[23.1346,37.4426],[23.132,37.4486],[23.1255,37.4511],[23.1179,37.4528],[23.1113,37.4566],[23.0972,37.4622],[23.062,37.455],[23.0459,37.4597],[23.0594,37.4665],[23.0459,37.487],[23.021,37.4753],[23.0112,37.4691],[23.0049,37.4597],[22.9909,37.4958],[22.9807,37.5088],[22.9639,37.5218],[22.9592,37.5228],[22.9476,37.5213],[22.9429,37.5218],[22.9391,37.525],[22.9373,37.5294],[22.9367,37.5335],[22.936,37.5355],[22.9216,37.5404],[22.9129,37.5418],[22.9019,37.5417],[22.9143,37.5388],[22.9185,37.5356],[22.9224,37.528],[22.9024,37.5349],[22.885,37.5331],[22.8694,37.5256],[22.854,37.515],[22.8472,37.521],[22.8193,37.5355],[22.8215,37.5391],[22.8262,37.5491],[22.8135,37.5534],[22.802,37.5609],[22.7959,37.5692],[22.7988,37.5764],[22.7883,37.5888],[22.7783,37.5969],[22.7565,37.5897],[22.7385,37.5809],[22.7264,37.5664],[22.7232,37.5417],[22.7254,37.5366],[22.7346,37.5246],[22.7367,37.5184],[22.7355,37.5119],[22.7307,37.5002],[22.7305,37.4945],[22.7347,37.4833],[22.7399,37.4775],[22.7454,37.4731],[22.7503,37.4665],[22.7515,37.4616],[22.7503,37.4426],[22.7527,37.4397],[22.7648,37.4318],[22.7642,37.4215],[22.7573,37.4083],[22.758,37.3983],[22.8104,37.3484],[22.8193,37.3437],[22.8125,37.3293],[22.8262,37.3293],[22.8262,37.3231],[22.8193,37.3231],[22.8193,37.3164],[22.8298,37.3083],[22.8538,37.2739],[22.8608,37.2557],[22.895,37.2065],[22.8984,37.2037],[22.9066,37.1939],[22.9116,37.1834],[22.9053,37.1785],[22.9004,37.1729],[22.8972,37.1599],[22.895,37.1339],[22.9032,37.1213],[22.922,37.118],[22.9427,37.1201],[22.9564,37.124],[22.957,37.1193],[22.9588,37.1165],[22.9612,37.114],[22.9639,37.1103],[22.9568,37.1068],[22.958,37.1058],[22.9639,37.1034],[22.9564,37.0959],[22.9735,37.091],[22.9817,37.0827],[22.9792,37.0778],[22.9639,37.083],[22.9729,37.0651],[22.9998,37.0333],[22.9981,37.0215],[23.0061,37.0046],[23.0117,36.9868],[23.0065,36.9872],[22.9959,36.9865],[22.9907,36.9868],[22.9932,36.9818],[23.0008,36.9712],[23.0049,36.9669],[23.0068,36.9702],[23.0076,36.9709],[23.0085,36.9711],[23.0117,36.9731],[23.015,36.9639],[23.0164,36.9553],[23.0153,36.9471],[23.0117,36.9389],[23.0217,36.9257],[23.0417,36.8854],[23.049,36.8769],[23.0459,36.8691],[23.0593,36.8515],[23.0868,36.8291],[23.0933,36.8183],[23.0956,36.807],[23.0918,36.7983],[23.0806,36.795],[23.0806,36.7888],[23.0911,36.7883],[23.0988,36.7869],[23.1141,36.7813],[23.1099,36.7737],[23.0984,36.7667],[23.0944,36.7608],[23.0929,36.7552],[23.093,36.752],[23.0938,36.7489],[23.0944,36.7437],[23.0886,36.7329],[23.0759,36.7338],[23.0617,36.7405],[23.052,36.7471],[23.0435,36.736],[23.0309,36.7256],[23.0256,36.7156],[23.0391,36.7062],[23.037,36.7029],[23.0342,36.6959],[23.0322,36.6926],[23.0594,36.6926],[23.0344,36.6749],[23.0357,36.6491],[23.0505,36.6225],[23.0702,36.597],[23.0806,36.5793],[23.0848,36.5762],[23.1047,36.5693],[23.116,36.5622],[23.1346,36.5554],[23.1388,36.5505],[23.1413,36.5456],[23.1454,36.5419],[23.155,36.5411],[23.1458,36.5356],[23.1414,36.5342],[23.1414,36.528],[23.1475,36.5224],[23.1482,36.5172],[23.1439,36.5123],[23.1346,36.5076],[23.1519,36.4873],[23.1818,36.4723],[23.2036,36.4561],[23.1961,36.4325],[23.1619,36.4462],[23.1519,36.4356],[23.1393,36.4341],[23.0947,36.4432],[23.0857,36.4536],[23.0784,36.4653],[23.0663,36.4735],[23.0663,36.4796],[23.0721,36.4931],[23.0651,36.5091],[23.051,36.5224],[23.0357,36.528],[22.9927,36.5203],[22.9724,36.5202],[22.9639,36.5312],[22.9592,36.5474],[22.9368,36.5862],[22.9292,36.5963],[22.9178,36.6052],[22.8747,36.6305],[22.8889,36.6425],[22.8843,36.6542],[22.8425,36.685],[22.8372,36.6865],[22.8332,36.6789],[22.8193,36.6652],[22.815,36.6706],[22.8137,36.6794],[22.8193,36.7028],[22.8171,36.718],[22.8079,36.7396],[22.8008,36.7758],[22.7869,36.7934],[22.7651,36.8042],[22.7367,36.8086],[22.6856,36.8095],[22.6226,36.8035],[22.5774,36.783],[22.5791,36.7404],[22.5462,36.7214],[22.5335,36.7072],[22.5251,36.6851],[22.5403,36.6852],[22.5498,36.6783],[22.5537,36.6662],[22.5525,36.6509],[22.5457,36.6509],[22.5438,36.658],[22.5401,36.6653],[22.5339,36.6706],[22.5251,36.6715],[22.5168,36.6662],[22.5114,36.6569],[22.51,36.648],[22.5145,36.6441],[22.531,36.6328],[22.5261,36.6124],[22.5127,36.6028],[22.5046,36.6243],[22.49,36.617],[22.4841,36.6066],[22.4836,36.5479],[22.4866,36.5251],[22.4927,36.5063],[22.5115,36.4666],[22.5073,36.4611],[22.5115,36.4523],[22.4983,36.4453],[22.4939,36.4348],[22.4968,36.4228],[22.5046,36.4114],[22.5046,36.4045],[22.4955,36.4053],[22.493,36.4025],[22.4928,36.3973],[22.491,36.3909],[22.4797,36.402],[22.4763,36.4193],[22.4751,36.4376],[22.4699,36.4523],[22.4553,36.4622],[22.4204,36.4735],[22.4084,36.4871],[22.4016,36.4871],[22.3914,36.4785],[22.3814,36.4805],[22.3719,36.4882],[22.364,36.497],[22.3545,36.5119],[22.3553,36.5229],[22.3615,36.5338],[22.3674,36.5479],[22.3836,36.5442],[22.3882,36.5561],[22.384,36.5725],[22.3737,36.5827],[22.3787,36.5876],[22.388,36.6025],[22.3674,36.6025],[22.3693,36.6154],[22.3679,36.6308],[22.3713,36.6427],[22.388,36.6441],[22.388,36.6509],[22.3684,36.6565],[22.3706,36.6736],[22.388,36.7062],[22.3586,36.7021],[22.3394,36.7265],[22.3237,36.7579],[22.3054,36.7751],[22.307,36.7946],[22.2917,36.8201],[22.2215,36.8975],[22.2002,36.9064],[22.1751,36.8912],[22.1487,36.9072],[22.1379,36.9171],[22.1335,36.9321],[22.1358,36.9316],[22.1406,36.9372],[22.1454,36.9461],[22.1477,36.956],[22.1488,36.9674],[22.1536,36.9869],[22.1551,37.0141],[22.1532,37.0212],[22.0856,37.0334],[22.0481,37.0351],[22.03,37.031],[21.9922,37.0121],[21.9546,37.0036],[21.9431,36.9933],[21.9373,36.98],[21.9273,36.8845],[21.9222,36.8723],[21.9217,36.8632],[21.926,36.8517],[21.9321,36.843],[21.9349,36.8342],[21.9286,36.8223],[21.9456,36.809],[21.9562,36.8035],[21.9702,36.8017],[21.9702,36.795],[21.9568,36.7941],[21.9451,36.7899],[21.9388,36.7832],[21.9422,36.7751],[21.9359,36.766],[21.8943,36.7351],[21.8887,36.7299],[21.8826,36.7265],[21.874,36.7267],[21.8568,36.7551],[21.8535,36.7574],[21.8228,36.8086],[21.8049,36.8076],[21.7897,36.8048],[21.7642,36.795],[21.7523,36.805],[21.7288,36.8126],[21.7225,36.8223],[21.7163,36.8223],[21.7074,36.818],[21.7019,36.8256],[21.6966,36.8384],[21.6885,36.8496],[21.6924,36.859],[21.6917,36.8673],[21.6892,36.877],[21.6885,36.8912],[21.6916,36.9003],[21.7048,36.9171],[21.7095,36.9259],[21.71,36.9427],[21.7026,36.9573],[21.6882,36.9645],[21.668,36.9594],[21.6774,36.9633],[21.6804,36.9665],[21.6817,36.9731],[21.6727,36.9736],[21.6677,36.9709],[21.6618,36.9594],[21.6548,36.9947],[21.6292,37.0209],[21.5993,37.0457],[21.5786,37.0767],[21.5697,37.1162],[21.5676,37.1563],[21.5744,37.1924],[21.5921,37.2202],[21.655,37.2607],[21.6823,37.2839],[21.6958,37.3164],[21.6914,37.3566],[21.682,37.379],[21.6976,37.3849],[21.7646,37.3736],[21.8006,37.38],[21.8336,37.3731],[21.8528,37.3815],[21.8882,37.4179],[21.881,37.4325],[21.8871,37.4454],[21.913,37.4693],[21.9293,37.4809],[21.9507,37.4672],[21.9693,37.473],[21.9788,37.4855],[21.9502,37.5137],[21.8584,37.5718],[21.8258,37.5814],[21.8077,37.5782],[21.7907,37.5803],[21.7895,37.6896],[21.7686,37.7387],[21.7736,37.779],[21.8314,37.8536],[21.8675,37.8599],[21.8755,37.8316],[21.9117,37.8216],[21.9428,37.8039],[22.0106,37.7789],[22.0281,37.7794],[22.0542,37.8033],[22.0729,37.8091],[22.1074,37.8074],[22.1113,37.7932],[22.1277,37.7884],[22.1464,37.7942],[22.1725,37.8181],[22.2286,37.8354],[22.2355,37.8508],[22.2282,37.8655],[22.2136,37.8783],[22.216,37.9053],[22.2258,37.9177],[22.2292,37.9336],[22.2259,37.9504],[22.2323,37.9633],[22.3078,37.9889],[22.3278,38.0],[22.3375,38.0124],[22.3439,38.0252],[22.3434,38.0389],[22.3722,38.0898],[22.348,38.1231],[22.3532,38.1509],[22.3572,38.1628],[22.3573,38.163],[22.3635,38.1583],[22.3942,38.1484],[22.4043,38.1419],[22.4148,38.1379],[22.4255,38.1418],[22.4328,38.1433],[22.5115,38.1293],[22.6206,38.0835],[22.6804,38.0666],[22.689,38.0593],[22.6985,38.0567],[22.7783,38.001],[22.7964,37.9768],[22.8023,37.9736],[22.8213,37.9692],[22.8524,37.9475],[22.8672,37.9395],[22.8827,37.9376],[22.8982,37.9398],[22.9224,37.9464],[22.93,37.9466],[22.9383,37.946],[22.9463,37.9462],[22.953,37.9494],[22.9732,37.9736],[22.9754,37.979],[22.9655,37.9907],[22.9509,38.0024],[22.9395,38.0078],[22.9238,38.0118],[22.8992,38.0278],[22.8809,38.0289],[22.8841,38.0322],[22.8875,38.0336],[22.854,38.0351],[22.8755,38.0493],[22.8854,38.0543],[22.8984,38.0562],[22.9116,38.0601],[22.9338,38.0783],[22.9429,38.0835],[22.9697,38.082],[23.0191,38.0653],[23.0391,38.0699],[23.0686,38.0589],[23.0763,38.0597],[23.0768,38.059],[23.1108,38.0229],[23.1422,37.9775],[23.1559,37.9486],[23.159,37.9432],[23.1594,37.9405]]],[[[21.7642,36.754],[21.78,36.7475],[21.7816,36.7364],[21.778,36.7204],[21.7778,36.6994],[21.7717,36.7056],[21.7681,36.7081],[21.766,36.7113],[21.7642,36.7199],[21.7505,36.7124],[21.7561,36.7411],[21.7595,36.7519],[21.7642,36.754]]],[[[21.6958,36.7404],[21.697,36.7758],[21.7009,36.7911],[21.7095,36.8017],[21.7145,36.7994],[21.7184,36.7966],[21.7228,36.7946],[21.7293,36.795],[21.7293,36.7888],[21.7249,36.7868],[21.7204,36.7835],[21.7163,36.7813],[21.7166,36.7709],[21.7105,36.7617],[21.7023,36.7519],[21.6958,36.7404]]]]}},{"type":"Feature","properties":{"id":"GRC-2989","name":"Stereá Elláda","nameBn":"স্টিরিয়া এলাদা","type":"Region","bounds":[21.3623,37.96,24.6838,39.2437],"center":[22.6102,38.6373]},"geometry":{"type":"MultiPolygon","coordinates":[[[[22.9967,38.9634],[22.9922,38.9596],[22.9845,38.9543],[22.9787,38.9533],[22.9641,38.9553],[22.9564,38.9543],[22.9497,38.9496],[22.9443,38.9473],[22.936,38.9468],[22.9406,38.9365],[22.9429,38.9326],[22.9286,38.9316],[22.9085,38.9219],[22.8984,38.9196],[22.8864,38.9217],[22.8733,38.9259],[22.8599,38.9285],[22.8465,38.9264],[22.8418,38.9192],[22.8367,38.8965],[22.8296,38.8917],[22.8047,38.891],[22.7966,38.8871],[22.792,38.878],[22.7777,38.8785],[22.7546,38.874],[22.7327,38.8724],[22.7232,38.8817],[22.7183,38.8898],[22.7078,38.8874],[22.689,38.878],[22.6804,38.8805],[22.6636,38.8896],[22.6584,38.8917],[22.6564,38.8944],[22.6216,38.9145],[22.6133,38.9131],[22.595,38.9028],[22.5889,38.898],[22.5808,38.8936],[22.5698,38.8917],[22.5599,38.8911],[22.5521,38.8892],[22.5453,38.8851],[22.5388,38.878],[22.5349,38.8807],[22.5251,38.8854],[22.5251,38.8581],[22.5729,38.8643],[22.5729,38.8581],[22.5539,38.8481],[22.5633,38.8362],[22.5828,38.832],[22.5934,38.8445],[22.6003,38.8445],[22.5934,38.8302],[22.6082,38.8308],[22.6214,38.8339],[22.6327,38.8351],[22.6411,38.8302],[22.6903,38.85],[22.7026,38.8507],[22.7268,38.8196],[22.7481,38.7992],[22.759,38.7941],[22.7695,38.7848],[22.7783,38.7817],[22.7864,38.7824],[22.8058,38.7879],[22.8159,38.7893],[22.8293,38.7861],[22.8456,38.778],[22.8599,38.767],[22.8672,38.7551],[22.8875,38.7711],[22.8982,38.7753],[22.9149,38.7756],[22.9256,38.7717],[22.9453,38.7581],[22.9602,38.7551],[23.0163,38.7545],[23.042,38.7467],[23.0594,38.7277],[23.0905,38.6491],[23.1045,38.6384],[23.1235,38.6369],[23.1333,38.6397],[23.1452,38.649],[23.1564,38.6535],[23.169,38.6523],[23.1825,38.6538],[23.1961,38.6663],[23.1768,38.6766],[23.1681,38.6794],[23.1868,38.686],[23.2049,38.6827],[23.2376,38.6663],[23.2538,38.6618],[23.287,38.6581],[23.3059,38.6527],[23.321,38.6433],[23.3312,38.6303],[23.3357,38.6164],[23.3333,38.6042],[23.3211,38.5944],[23.3065,38.5889],[23.2933,38.5791],[23.2854,38.5565],[23.2954,38.5681],[23.3074,38.5685],[23.3196,38.562],[23.3298,38.5527],[23.3406,38.5456],[23.3674,38.5405],[23.3816,38.5353],[23.3816,38.5286],[23.3728,38.5259],[23.3499,38.5256],[23.3401,38.5224],[23.3318,38.5149],[23.3293,38.5084],[23.335,38.5036],[23.3506,38.5019],[23.4185,38.5043],[23.5194,38.4907],[23.5319,38.4981],[23.543,38.5117],[23.5672,38.5011],[23.6013,38.4739],[23.5808,38.4636],[23.5735,38.4609],[23.5735,38.4534],[23.5859,38.4512],[23.5962,38.4468],[23.6001,38.4406],[23.594,38.4329],[23.594,38.4261],[23.625,38.414],[23.6729,38.3564],[23.71,38.3367],[23.7249,38.3361],[23.7668,38.3416],[23.7631,38.3362],[23.7356,38.3262],[23.6793,38.3124],[23.645,38.2872],[23.6242,38.26],[23.6154,38.1653],[23.5886,38.1418],[23.5523,38.1223],[23.5352,38.1247],[23.5201,38.1351],[23.4861,38.1399],[23.4704,38.1477],[23.4317,38.1915],[23.416,38.1992],[23.3977,38.1964],[23.3806,38.1988],[23.3655,38.2091],[23.3686,38.2224],[23.3787,38.2347],[23.3688,38.2525],[23.353,38.2602],[23.3158,38.2517],[23.2963,38.2435],[23.2828,38.2317],[23.2756,38.1861],[23.2623,38.1743],[23.2282,38.1791],[23.1717,38.1797],[23.2156,38.1684],[23.2178,38.1613],[23.2134,38.1603],[23.1441,38.1674],[23.1284,38.1723],[23.1489,38.1859],[23.1227,38.2081],[23.1096,38.2101],[23.0775,38.1858],[23.0667,38.1832],[23.0322,38.1859],[23.0322,38.1928],[23.052,38.1928],[23.0388,38.2083],[23.0251,38.2166],[23.0104,38.22],[22.9519,38.2253],[22.9338,38.2221],[22.9224,38.207],[22.9359,38.2106],[22.9505,38.2098],[22.9631,38.204],[22.9695,38.1928],[22.9523,38.1931],[22.9225,38.1975],[22.9087,38.1928],[22.895,38.2412],[22.8882,38.2412],[22.8809,38.227],[22.8796,38.2317],[22.8765,38.2363],[22.8747,38.2412],[22.8565,38.2364],[22.82,38.233],[22.8057,38.227],[22.7648,38.248],[22.7732,38.2583],[22.7913,38.2705],[22.7988,38.2821],[22.7803,38.2886],[22.7424,38.2971],[22.7194,38.3103],[22.7029,38.314],[22.6965,38.3169],[22.6914,38.3222],[22.6753,38.3436],[22.6844,38.3611],[22.6702,38.3815],[22.6465,38.39],[22.6268,38.3715],[22.6449,38.3696],[22.6462,38.3618],[22.6367,38.3563],[22.6238,38.361],[22.6123,38.3638],[22.6009,38.3557],[22.5918,38.3442],[22.5872,38.3367],[22.5872,38.3305],[22.5923,38.3282],[22.5952,38.3262],[22.5991,38.3246],[22.6065,38.3231],[22.6065,38.3169],[22.5991,38.3128],[22.5982,38.3107],[22.5998,38.3082],[22.6003,38.3026],[22.5886,38.293],[22.5764,38.2902],[22.5625,38.2935],[22.5457,38.3026],[22.5453,38.3056],[22.5339,38.3227],[22.532,38.3231],[22.529,38.3288],[22.5262,38.3317],[22.5283,38.3339],[22.5388,38.3367],[22.5252,38.3588],[22.4773,38.4057],[22.4684,38.4211],[22.4631,38.4261],[22.4588,38.4279],[22.4483,38.4305],[22.4016,38.4534],[22.4028,38.4431],[22.4074,38.4251],[22.4084,38.4156],[22.3811,38.3988],[22.3737,38.392],[22.381,38.384],[22.386,38.3802],[22.39,38.3805],[22.3948,38.3852],[22.3986,38.3759],[22.3963,38.3684],[22.3898,38.3623],[22.3811,38.3579],[22.388,38.351],[22.3823,38.3427],[22.3675,38.3419],[22.3484,38.3474],[22.3225,38.351],[22.2849,38.3473],[22.2793,38.3531],[22.2664,38.3585],[22.2526,38.361],[22.2433,38.3579],[22.2371,38.3579],[22.2249,38.3601],[22.2093,38.3529],[22.196,38.3395],[22.1892,38.3231],[22.1809,38.33],[22.1753,38.3433],[22.1688,38.351],[22.1595,38.3539],[22.1507,38.3528],[22.1458,38.354],[22.1477,38.3641],[22.1326,38.3727],[22.1008,38.3803],[22.0491,38.3985],[22.0296,38.3992],[22.0112,38.392],[21.9876,38.4106],[21.9579,38.4117],[21.929,38.4029],[21.8885,38.3798],[21.8792,38.378],[21.8641,38.3777],[21.8561,38.3809],[21.8512,38.388],[21.858,38.4046],[21.8551,38.4241],[21.8757,38.4543],[21.9168,38.4819],[21.9534,38.4882],[21.973,38.4967],[21.9827,38.5091],[21.9787,38.5397],[21.9954,38.5676],[21.9656,38.5933],[21.9651,38.607],[21.9783,38.619],[21.9744,38.6496],[21.987,38.6753],[21.9825,38.7032],[21.9986,38.7285],[21.9984,38.7427],[21.9596,38.7608],[21.958,38.7692],[21.916,38.7554],[21.8994,38.7438],[21.8609,38.7295],[21.8086,38.7332],[21.8023,38.7204],[21.8036,38.6929],[21.7669,38.6701],[21.7451,38.6674],[21.7479,38.6807],[21.737,38.6957],[21.6825,38.6888],[21.6475,38.6904],[21.6147,38.7025],[21.5607,38.731],[21.5457,38.7438],[21.5306,38.773],[21.53,38.7867],[21.5368,38.8023],[21.5534,38.8139],[21.6114,38.8369],[21.6108,38.8506],[21.5779,38.8628],[21.5233,38.8722],[21.5077,38.8823],[21.4904,38.8844],[21.4748,38.8945],[21.4707,38.9086],[21.4763,38.9353],[21.4693,38.9526],[21.3693,39.0001],[21.3651,39.0142],[21.3908,39.0522],[21.3901,39.0659],[21.3963,39.0788],[21.3888,39.0934],[21.3626,39.1211],[21.3623,39.1539],[21.3757,39.1496],[21.4228,39.1877],[21.4591,39.2079],[21.4776,39.2112],[21.5089,39.191],[21.5255,39.2026],[21.5318,39.2156],[21.5521,39.2268],[21.6377,39.2437],[21.6533,39.2336],[21.6608,39.2191],[21.6662,39.1774],[21.6986,39.1624],[21.7061,39.1478],[21.697,39.1216],[21.7044,39.107],[21.72,39.0969],[21.7374,39.0948],[21.7564,39.1006],[21.813,39.1319],[21.8309,39.1324],[21.8656,39.1117],[21.8991,39.1021],[21.9134,39.0866],[21.9181,39.0587],[21.9117,39.0458],[21.9157,39.0316],[21.933,39.0295],[21.97,39.0358],[22.0126,39.0523],[22.0392,39.0763],[22.0589,39.0847],[22.0958,39.091],[22.1167,39.1048],[22.147,39.1611],[22.2359,39.2402],[22.2844,39.2175],[22.3547,39.1975],[22.3898,39.1793],[22.4054,39.169],[22.413,39.1242],[22.4285,39.114],[22.4939,39.1192],[22.4884,39.0952],[22.4926,39.0509],[22.4999,39.0362],[22.516,39.0287],[22.5546,39.0263],[22.6308,39.0327],[22.6509,39.0273],[22.7144,38.9942],[22.7323,38.9946],[22.7863,38.9819],[22.8226,38.9852],[22.8394,38.9803],[22.8694,38.957],[22.9271,38.9602],[22.966,38.9742],[22.9875,38.9668],[22.994,38.9644],[22.9967,38.9634]]],[[[24.6765,38.8098],[24.6786,38.8068],[24.681,38.8044],[24.683,38.8005],[24.6838,38.7927],[24.6829,38.7842],[24.6799,38.7833],[24.6756,38.7842],[24.6703,38.7817],[24.6641,38.7751],[24.6575,38.7692],[24.6502,38.7682],[24.6423,38.7756],[24.6354,38.7756],[24.6253,38.7692],[24.6138,38.7731],[24.6045,38.7825],[24.6008,38.7927],[24.5947,38.7916],[24.5819,38.7873],[24.57,38.7781],[24.5667,38.7625],[24.5324,38.7961],[24.574,38.8098],[24.5638,38.8386],[24.557,38.8457],[24.5461,38.837],[24.5404,38.837],[24.537,38.8482],[24.5283,38.8515],[24.5169,38.8496],[24.5051,38.8445],[24.5052,38.855],[24.4826,38.8628],[24.4778,38.878],[24.4741,38.8762],[24.471,38.8712],[24.4634,38.8803],[24.4546,38.8848],[24.4455,38.8843],[24.4362,38.878],[24.4348,38.8881],[24.4388,38.8971],[24.4458,38.9035],[24.4539,38.906],[24.4622,38.911],[24.4624,38.9222],[24.4573,38.9401],[24.4577,38.9548],[24.4611,38.9677],[24.4712,38.9769],[24.4915,38.981],[24.5607,38.9442],[24.574,38.9326],[24.5759,38.9229],[24.5725,38.8985],[24.574,38.8854],[24.5786,38.8756],[24.5842,38.8709],[24.6008,38.8643],[24.6426,38.8417],[24.6633,38.8266],[24.6765,38.8098]]],[[[24.5877,38.1592],[24.5789,38.1093],[24.5799,38.0842],[24.5945,38.0624],[24.5862,38.0483],[24.5755,38.0045],[24.5667,37.9879],[24.5521,37.9782],[24.5317,37.9692],[24.5093,37.9626],[24.488,37.96],[24.4769,37.9625],[24.4729,37.9684],[24.471,37.9805],[24.4478,38.0106],[24.4437,38.0115],[24.4297,38.0212],[24.4031,38.0119],[24.3864,37.9965],[24.4021,37.9879],[24.4021,37.9805],[24.3869,37.9704],[24.3718,37.9719],[24.3572,37.9805],[24.3386,37.9967],[24.3338,38.003],[24.327,38.0153],[24.3205,38.0232],[24.3138,38.0292],[24.314,38.0351],[24.327,38.0425],[24.3148,38.0649],[24.3057,38.0718],[24.2922,38.0699],[24.2863,38.0862],[24.2693,38.0954],[24.2487,38.0969],[24.2315,38.0903],[24.2178,38.0969],[24.2126,38.0959],[24.2039,38.0903],[24.2041,38.0949],[24.2048,38.0968],[24.2067,38.0974],[24.2108,38.0978],[24.2108,38.1245],[24.2028,38.1301],[24.186,38.1274],[24.183,38.135],[24.1872,38.1422],[24.2059,38.1569],[24.2108,38.166],[24.2088,38.1786],[24.194,38.1921],[24.1853,38.218],[24.1727,38.2265],[24.157,38.2296],[24.1426,38.227],[24.1488,38.2132],[24.1262,38.2175],[24.1311,38.2358],[24.1486,38.2566],[24.1631,38.2678],[24.1535,38.2813],[24.1455,38.2809],[24.1379,38.2739],[24.1284,38.2678],[24.1267,38.2651],[24.1271,38.2604],[24.1257,38.2561],[24.1182,38.2542],[24.1094,38.2563],[24.1089,38.2607],[24.1123,38.2654],[24.1148,38.2678],[24.1148,38.2753],[24.1009,38.2753],[24.1216,38.3095],[24.1011,38.3188],[24.0794,38.3254],[24.0549,38.3293],[24.0254,38.3305],[24.0497,38.3365],[24.0597,38.3413],[24.0669,38.351],[24.0591,38.3601],[24.0571,38.369],[24.0581,38.3756],[24.0594,38.3777],[24.0491,38.3945],[24.0422,38.4015],[24.0389,38.3954],[23.9808,38.3989],[23.9124,38.392],[23.8923,38.3941],[23.8581,38.4035],[23.8438,38.4057],[23.8245,38.4041],[23.794,38.3985],[23.779,38.3989],[23.71,38.4125],[23.6952,38.4112],[23.6633,38.4042],[23.6492,38.4057],[23.6385,38.4155],[23.6144,38.4609],[23.611,38.4569],[23.6074,38.4538],[23.6023,38.4524],[23.594,38.4534],[23.604,38.4684],[23.6228,38.4848],[23.6358,38.5009],[23.6281,38.5149],[23.6281,38.5224],[23.6355,38.5224],[23.6355,38.5286],[23.6141,38.5579],[23.5999,38.5714],[23.5838,38.577],[23.5401,38.5823],[23.5188,38.5887],[23.5051,38.5974],[23.5017,38.605],[23.5007,38.6226],[23.4977,38.631],[23.4744,38.6457],[23.4705,38.649],[23.4673,38.6523],[23.4602,38.6538],[23.4531,38.658],[23.45,38.6694],[23.446,38.6767],[23.4367,38.6833],[23.4065,38.6981],[23.3816,38.7073],[23.3534,38.7314],[23.3438,38.7346],[23.3377,38.739],[23.328,38.7582],[23.323,38.7625],[23.3001,38.7722],[23.2023,38.8299],[23.1681,38.8445],[23.1436,38.8507],[23.1307,38.8515],[23.1141,38.8507],[23.0835,38.8456],[23.0691,38.8466],[23.0558,38.8544],[23.0364,38.8745],[23.0287,38.8774],[23.0151,38.878],[22.9988,38.8808],[22.9836,38.886],[22.9694,38.8891],[22.9564,38.8854],[22.9564,38.878],[22.9705,38.8777],[22.9839,38.8735],[22.992,38.8647],[22.9907,38.8507],[22.9818,38.845],[22.9655,38.841],[22.8558,38.833],[22.833,38.8227],[22.8323,38.8339],[22.8338,38.8454],[22.8374,38.8545],[22.8435,38.8581],[22.8514,38.8613],[22.8748,38.8749],[22.8845,38.878],[22.9075,38.8823],[22.9528,38.9016],[22.9829,38.9077],[23.0117,38.9196],[23.0357,38.9264],[23.0393,38.9294],[23.0437,38.9431],[23.0459,38.9468],[23.0575,38.9499],[23.078,38.9505],[23.0868,38.9543],[23.0938,38.9626],[23.0973,38.9721],[23.0974,38.9809],[23.0944,38.9879],[23.1091,38.9918],[23.1275,39.0058],[23.138,39.009],[23.1997,39.009],[23.2207,39.0147],[23.273,39.0388],[23.2991,39.0425],[23.3093,39.0382],[23.324,39.0248],[23.3298,39.022],[23.3429,39.0207],[23.3578,39.0168],[23.3716,39.0103],[23.3816,39.0015],[23.3744,38.9825],[23.3846,38.9675],[23.4046,38.9578],[23.4256,38.9543],[23.4256,38.9443],[23.4422,38.8983],[23.45,38.8854],[23.4507,38.8746],[23.4623,38.8559],[23.4805,38.8381],[23.5247,38.8232],[23.5679,38.7938],[23.594,38.7893],[23.594,38.7817],[23.5913,38.7742],[23.594,38.7702],[23.6001,38.7705],[23.6076,38.7756],[23.62,38.7655],[23.6484,38.7612],[23.6623,38.7551],[23.6727,38.7604],[23.6834,38.7551],[23.7026,38.7651],[23.7227,38.7619],[23.7385,38.7494],[23.7448,38.7312],[23.7536,38.7192],[23.7737,38.7082],[23.813,38.6937],[23.8576,38.6825],[23.9059,38.6794],[23.9276,38.6755],[23.9478,38.6694],[23.9666,38.6701],[23.9842,38.6862],[24.0057,38.678],[24.0288,38.6779],[24.0518,38.6802],[24.0731,38.6794],[24.1365,38.6618],[24.1556,38.6527],[24.1454,38.65],[24.1349,38.6439],[24.1262,38.6352],[24.1216,38.6247],[24.1211,38.6081],[24.1265,38.5986],[24.2161,38.5395],[24.2315,38.5224],[24.2066,38.5068],[24.1882,38.4741],[24.1843,38.4396],[24.2039,38.4187],[24.2039,38.4125],[24.1851,38.4076],[24.1882,38.3988],[24.2108,38.3777],[24.2129,38.3658],[24.2131,38.35],[24.2149,38.3364],[24.2383,38.3132],[24.2404,38.3033],[24.2454,38.298],[24.2503,38.2951],[24.2525,38.2924],[24.2518,38.2746],[24.2526,38.2656],[24.2578,38.259],[24.2477,38.2459],[24.2451,38.2412],[24.2525,38.228],[24.2653,38.2163],[24.2922,38.2002],[24.327,38.1859],[24.3303,38.18],[24.3333,38.171],[24.3376,38.1628],[24.3444,38.1592],[24.3786,38.1645],[24.3926,38.164],[24.4207,38.1474],[24.4606,38.144],[24.4778,38.1387],[24.4969,38.1463],[24.5877,38.1592]]]]}},{"type":"Feature","properties":{"id":"GRC-2900","name":"Thessalia","nameBn":"থেসালি","type":"Region","bounds":[21.1104,38.957,24.0947,40.1736],"center":[22.1914,39.5322]},"geometry":{"type":"MultiPolygon","coordinates":[[[[22.7098,39.935],[22.7101,39.9338],[22.723,39.8978],[22.7305,39.8854],[22.7409,39.8747],[22.7787,39.8498],[22.8011,39.8403],[22.8153,39.829],[22.8403,39.8034],[22.8503,39.7905],[22.8587,39.7733],[22.8648,39.7532],[22.8672,39.7318],[22.8718,39.7158],[22.9019,39.6588],[22.9251,39.5995],[22.9395,39.5806],[22.9529,39.57],[23.0049,39.5434],[23.0559,39.5272],[23.0945,39.5041],[23.0974,39.5018],[23.1018,39.4974],[23.1141,39.467],[23.1257,39.4544],[23.2109,39.3793],[23.2238,39.3586],[23.2713,39.3229],[23.2922,39.269],[23.3423,39.1926],[23.3438,39.1796],[23.3333,39.1744],[23.3013,39.1514],[23.2817,39.1461],[23.2437,39.1417],[23.2246,39.1371],[23.2097,39.1318],[23.2151,39.1295],[23.2192,39.1271],[23.2235,39.1252],[23.2302,39.1244],[23.2302,39.1181],[23.2215,39.116],[23.2142,39.1126],[23.2083,39.1087],[23.2036,39.1046],[23.1914,39.1078],[23.1692,39.1066],[23.1463,39.1018],[23.1316,39.0943],[23.1155,39.0883],[23.0921,39.0893],[23.052,39.0977],[23.0614,39.1118],[23.0731,39.1244],[23.0677,39.138],[23.0811,39.1472],[23.1141,39.1591],[23.1139,39.1463],[23.1006,39.1046],[23.1717,39.135],[23.1824,39.1461],[23.1755,39.1555],[23.1813,39.1587],[23.1909,39.1581],[23.1961,39.1557],[23.1992,39.1514],[23.2063,39.157],[23.2136,39.1681],[23.2171,39.1796],[23.2123,39.1905],[23.1864,39.2244],[23.1755,39.2343],[23.1799,39.2508],[23.1691,39.2685],[23.1514,39.2849],[23.1346,39.2969],[23.1155,39.3074],[23.0982,39.3122],[23.0205,39.3175],[23.0198,39.321],[23.021,39.3256],[23.0186,39.3305],[23.0137,39.3364],[23.0034,39.3524],[22.9981,39.3571],[22.9907,39.3581],[22.9639,39.3571],[22.9412,39.3618],[22.9359,39.3606],[22.9429,39.351],[22.9429,39.3441],[22.9328,39.336],[22.929,39.3242],[22.9321,39.3122],[22.9429,39.3032],[22.9193,39.2987],[22.8799,39.2956],[22.8425,39.2885],[22.8262,39.2722],[22.8242,39.2335],[22.8262,39.2213],[22.854,39.1591],[22.8602,39.1591],[22.868,39.1697],[22.8809,39.1796],[22.877,39.1904],[22.8821,39.191],[22.8901,39.1843],[22.895,39.1728],[22.9019,39.1796],[22.9109,39.1633],[22.9146,39.1438],[22.9206,39.1251],[22.936,39.1114],[22.9359,39.1161],[22.9372,39.1173],[22.9395,39.1171],[22.9429,39.1181],[22.9387,39.1249],[22.936,39.1318],[22.9611,39.119],[22.9733,39.102],[22.9824,39.0844],[22.9981,39.0698],[22.992,39.0573],[22.9934,39.0546],[22.9981,39.0493],[22.9665,39.0347],[22.9588,39.0251],[22.9639,39.009],[23.0153,39.0332],[23.0425,39.0401],[23.0731,39.0425],[23.0731,39.0363],[23.0647,39.0288],[23.0322,39.0151],[23.0233,39.0085],[23.0191,39.0013],[23.0117,38.981],[23.0072,38.9739],[23.0003,38.9665],[22.9967,38.9634],[22.994,38.9644],[22.9875,38.9668],[22.966,38.9742],[22.9271,38.9602],[22.8694,38.957],[22.8394,38.9803],[22.8226,38.9852],[22.7863,38.9819],[22.7323,38.9946],[22.7144,38.9942],[22.6509,39.0273],[22.6308,39.0327],[22.5546,39.0263],[22.516,39.0287],[22.4999,39.0362],[22.4926,39.0509],[22.4884,39.0952],[22.4939,39.1192],[22.4285,39.114],[22.413,39.1242],[22.4054,39.169],[22.3898,39.1793],[22.3547,39.1975],[22.2844,39.2175],[22.2359,39.2402],[22.147,39.1611],[22.1167,39.1048],[22.0958,39.091],[22.0589,39.0847],[22.0392,39.0763],[22.0126,39.0523],[21.97,39.0358],[21.933,39.0295],[21.9157,39.0316],[21.9117,39.0458],[21.9181,39.0587],[21.9134,39.0866],[21.8991,39.1021],[21.8656,39.1117],[21.8309,39.1324],[21.813,39.1319],[21.7564,39.1006],[21.7374,39.0948],[21.72,39.0969],[21.7044,39.107],[21.697,39.1216],[21.7061,39.1478],[21.6986,39.1624],[21.6662,39.1774],[21.6608,39.2191],[21.6533,39.2336],[21.6377,39.2437],[21.5521,39.2268],[21.5318,39.2156],[21.5255,39.2026],[21.5089,39.191],[21.4776,39.2112],[21.4591,39.2079],[21.4228,39.1877],[21.3757,39.1496],[21.3623,39.1539],[21.3366,39.1844],[21.3331,39.2012],[21.3851,39.2797],[21.3699,39.3088],[21.3459,39.3308],[21.3274,39.3276],[21.2752,39.3337],[21.2403,39.3543],[21.226,39.3888],[21.1787,39.4189],[21.1716,39.4361],[21.1749,39.4521],[21.1677,39.4694],[21.1531,39.4847],[21.1557,39.4981],[21.169,39.5102],[21.1605,39.5385],[21.1661,39.5652],[21.1548,39.5802],[21.138,39.5849],[21.1232,39.6003],[21.1217,39.6278],[21.1104,39.6592],[21.1236,39.6713],[21.1432,39.68],[21.1823,39.6781],[21.1981,39.6681],[21.2162,39.6687],[21.2148,39.6962],[21.1984,39.7556],[21.2047,39.7685],[21.2151,39.7837],[21.2348,39.7923],[21.2446,39.8049],[21.2639,39.8108],[21.2912,39.8048],[21.3036,39.7952],[21.3217,39.7958],[21.3637,39.8072],[21.3834,39.8158],[21.4067,39.8404],[21.427,39.8517],[21.4655,39.8635],[21.6134,39.8485],[21.7133,39.8282],[21.7489,39.8266],[21.8237,39.8394],[21.8762,39.8329],[21.8891,39.8422],[21.892,39.8556],[21.8839,39.884],[21.8868,39.8973],[21.8792,39.9119],[21.8465,39.9269],[21.8669,39.9381],[21.9144,39.9733],[21.9541,39.9903],[21.9747,40.0179],[21.9841,40.0441],[22.0323,40.082],[22.0624,40.1194],[22.0718,40.1456],[22.0948,40.1674],[22.1024,40.1527],[22.1124,40.1652],[22.1324,40.1736],[22.1846,40.1643],[22.1816,40.151],[22.1716,40.1386],[22.1756,40.1244],[22.172,40.1084],[22.1796,40.0937],[22.1965,40.0888],[22.2177,40.1026],[22.2378,40.1275],[22.2549,40.139],[22.2973,40.1501],[22.3299,40.135],[22.3375,40.1203],[22.3348,40.0768],[22.3463,40.0479],[22.3765,40.0222],[22.4441,39.9861],[22.4662,39.9558],[22.4968,39.9327],[22.5343,39.9224],[22.6139,39.9394],[22.6315,39.9371],[22.6471,39.9269],[22.6995,39.9331],[22.7098,39.935]]],[[[23.4363,39.1461],[23.4253,39.1487],[23.4146,39.1498],[23.4043,39.1491],[23.3953,39.1461],[23.3987,39.1636],[23.4107,39.1704],[23.4235,39.1724],[23.4295,39.1762],[23.4338,39.187],[23.4447,39.1985],[23.4582,39.2083],[23.4705,39.2138],[23.4868,39.2061],[23.5038,39.1943],[23.5129,39.1785],[23.5051,39.1591],[23.489,39.1688],[23.4751,39.1578],[23.4605,39.1318],[23.4529,39.1335],[23.4446,39.142],[23.4363,39.1461]]],[[[23.6697,39.1181],[23.6592,39.123],[23.6278,39.1473],[23.6213,39.1557],[23.6174,39.1691],[23.5872,39.2076],[23.6013,39.2138],[23.6022,39.2086],[23.605,39.2075],[23.6091,39.2081],[23.6144,39.2076],[23.638,39.1876],[23.6655,39.1697],[23.6966,39.1553],[23.7305,39.1461],[23.7267,39.1315],[23.7459,39.1288],[23.7727,39.1293],[23.7927,39.1244],[23.7927,39.1181],[23.7603,39.0906],[23.7412,39.0803],[23.7168,39.0772],[23.707,39.0798],[23.6926,39.0889],[23.666,39.0928],[23.6581,39.0977],[23.6585,39.1043],[23.6697,39.1114],[23.6697,39.1181]]],[[[23.9365,39.2213],[23.9216,39.1904],[23.8958,39.1618],[23.8645,39.144],[23.8335,39.1461],[23.8472,39.1603],[23.861,39.1692],[23.8731,39.1802],[23.8893,39.2175],[23.9398,39.2798],[23.957,39.2895],[23.9557,39.2858],[23.9551,39.2822],[23.9539,39.2788],[23.9502,39.2752],[23.9722,39.2719],[23.967,39.2512],[23.95,39.229],[23.9365,39.2213]]],[[[24.0813,39.3524],[24.0906,39.349],[24.0947,39.3455],[24.094,39.33],[24.0819,39.3048],[24.0632,39.297],[24.0537,39.3052],[24.0547,39.3122],[24.0594,39.3144],[24.056,39.3189],[24.0457,39.3233],[24.0415,39.3305],[24.0449,39.3415],[24.0508,39.352],[24.0586,39.3613],[24.0671,39.363],[24.0691,39.3533],[24.0698,39.3457],[24.074,39.3489],[24.0813,39.3524]]]]}},{"type":"Feature","properties":{"id":"GRC-2988","name":"Voreio Aigaio","nameBn":"নর্থ এজিয়ান অঞ্চল","type":"Region","bounds":[24.9736,37.5132,27.0679,40.0362],"center":[25.2262,39.9531]},"geometry":{"type":"MultiPolygon","coordinates":[[[[26.3622,37.6863],[26.3446,37.6595],[26.3191,37.6343],[26.2306,37.5714],[26.2139,37.5651],[26.1279,37.5558],[26.1082,37.5491],[26.0979,37.5428],[26.0783,37.5276],[26.0674,37.5218],[26.0579,37.5192],[26.0508,37.5195],[26.0427,37.5209],[26.0298,37.5218],[25.9907,37.5132],[25.9763,37.516],[25.9719,37.5355],[25.9797,37.5487],[26.0124,37.575],[26.0197,37.5863],[26.0264,37.6008],[26.042,37.617],[26.0603,37.6307],[26.0742,37.6379],[26.099,37.6391],[26.1564,37.6328],[26.1773,37.6379],[26.1974,37.6323],[26.2272,37.6396],[26.2542,37.652],[26.2808,37.6754],[26.3136,37.6832],[26.3622,37.6863]]],[[[27.0475,37.7272],[27.0588,37.7338],[27.0653,37.7291],[27.0666,37.7183],[27.0612,37.7067],[27.037,37.7129],[27.0008,37.7066],[26.91,37.678],[26.9007,37.6734],[26.8898,37.6652],[26.8838,37.6581],[26.8818,37.653],[26.8788,37.6489],[26.8693,37.6447],[26.8608,37.6434],[26.7974,37.6447],[26.7874,37.6472],[26.7834,37.6534],[26.7811,37.6613],[26.7771,37.6689],[26.7609,37.6897],[26.751,37.6967],[26.7273,37.7016],[26.7165,37.7114],[26.7083,37.7136],[26.6994,37.7125],[26.6836,37.7078],[26.6572,37.7049],[26.6409,37.6994],[26.6284,37.6907],[26.6229,37.6789],[26.6155,37.6789],[26.6155,37.6863],[26.6092,37.6863],[26.5984,37.6772],[26.5895,37.6871],[26.5835,37.7042],[26.5813,37.7167],[26.5803,37.7408],[26.584,37.7523],[26.595,37.7614],[26.6121,37.7656],[26.6299,37.7676],[26.6439,37.7724],[26.6496,37.7852],[26.6581,37.7928],[26.7718,37.8141],[26.8064,37.8145],[26.8421,37.8091],[26.8557,37.8027],[26.8818,37.7854],[26.9167,37.7778],[26.9553,37.7569],[26.9661,37.7477],[26.9699,37.7588],[26.9642,37.7675],[26.9544,37.7766],[26.9451,37.7887],[26.9616,37.7844],[26.9736,37.7845],[26.9836,37.7886],[26.9934,37.7961],[26.994,37.784],[27.021,37.7772],[27.0679,37.7744],[27.0393,37.7641],[27.0339,37.7614],[27.0322,37.7532],[27.0361,37.746],[27.0422,37.738],[27.0475,37.7272]]],[[[26.1636,38.5428],[26.1509,38.5304],[26.1492,38.5105],[26.1444,38.4929],[26.1219,38.4875],[26.1297,38.4785],[26.134,38.4759],[26.1424,38.4739],[26.1364,38.4677],[26.1541,38.4673],[26.1546,38.4609],[26.1424,38.4466],[26.1394,38.4315],[26.1393,38.4189],[26.1499,38.3436],[26.1636,38.3026],[26.1371,38.2996],[26.1135,38.2842],[26.1022,38.2617],[26.1121,38.2375],[26.1121,38.2226],[26.0881,38.2126],[26.0401,38.2002],[26.0321,38.1897],[26.0259,38.1671],[26.0197,38.1592],[26.0098,38.1567],[25.9891,38.1638],[25.9749,38.166],[25.9646,38.1719],[25.9424,38.195],[25.9382,38.1965],[25.9341,38.1955],[25.9245,38.2031],[25.9149,38.215],[25.9104,38.227],[25.9058,38.225],[25.8944,38.2225],[25.8898,38.2206],[25.8903,38.2274],[25.8893,38.2413],[25.8898,38.248],[25.8733,38.2397],[25.8661,38.2457],[25.8675,38.2597],[25.8762,38.2753],[25.8859,38.2819],[25.8989,38.2857],[25.9172,38.289],[25.9226,38.2922],[25.9343,38.3026],[25.9588,38.3012],[25.9644,38.3026],[25.9709,38.3144],[25.9714,38.3266],[25.9756,38.3372],[25.9922,38.3436],[25.987,38.3548],[25.989,38.3793],[25.9854,38.392],[25.9836,38.388],[25.9834,38.387],[25.9823,38.3869],[25.978,38.3852],[25.9735,38.3927],[25.9675,38.3985],[25.9598,38.4027],[25.9507,38.4057],[25.9563,38.4145],[25.9556,38.4282],[25.9505,38.4426],[25.9439,38.4534],[25.9319,38.4632],[25.9207,38.4665],[25.9075,38.4683],[25.8898,38.4739],[25.8753,38.4835],[25.8433,38.5153],[25.8346,38.5286],[25.8328,38.5441],[25.8381,38.5552],[25.8452,38.5659],[25.8489,38.5804],[25.9954,38.6042],[26.0159,38.602],[26.064,38.59],[26.0663,38.5832],[26.1082,38.5428],[26.1108,38.5472],[26.1123,38.5517],[26.1154,38.5552],[26.1219,38.5565],[26.1226,38.5609],[26.1213,38.5623],[26.1189,38.5626],[26.1157,38.5633],[26.1307,38.5672],[26.1436,38.5644],[26.1546,38.556],[26.1636,38.5428]]],[[[25.5889,38.6117],[25.5952,38.6039],[25.6223,38.5838],[25.6228,38.5791],[25.6213,38.5778],[25.6185,38.5778],[25.6149,38.577],[25.6071,38.5414],[25.605,38.5353],[25.5912,38.5373],[25.5808,38.5406],[25.5715,38.5412],[25.5608,38.5353],[25.5574,38.5446],[25.5593,38.5513],[25.5619,38.5569],[25.5608,38.5633],[25.5568,38.5678],[25.5453,38.577],[25.5404,38.5838],[25.5282,38.5917],[25.5232,38.5974],[25.5261,38.6042],[25.533,38.6069],[25.5392,38.6046],[25.544,38.6005],[25.5466,38.5974],[25.5526,38.6044],[25.5601,38.6093],[25.5679,38.61],[25.5746,38.6042],[25.5808,38.6042],[25.5808,38.6117],[25.5889,38.6117]]],[[[26.6123,39.0493],[26.6123,39.0402],[26.61,39.0229],[26.5974,39.0119],[26.5676,39.022],[26.5514,39.015],[26.5394,39.0194],[26.5296,39.0286],[26.5193,39.0363],[26.5266,39.0425],[26.5176,39.0475],[26.5161,39.0526],[26.5181,39.0578],[26.5193,39.0629],[26.5204,39.0663],[26.5261,39.0772],[26.5266,39.0834],[26.5151,39.091],[26.513,39.0943],[26.5059,39.1092],[26.4893,39.1137],[26.4549,39.1114],[26.437,39.1035],[26.453,39.0864],[26.492,39.0629],[26.5288,39.0211],[26.5471,39.009],[26.5471,39.0015],[26.5446,38.9972],[26.5437,38.9974],[26.5447,38.9962],[26.5471,38.9879],[26.5212,38.9789],[26.4893,38.9726],[26.4242,38.9674],[26.4071,38.9695],[26.3752,38.9789],[26.3394,38.9829],[26.3255,38.9877],[26.3008,39.0015],[26.2764,39.0106],[26.2171,39.0207],[26.1657,39.0224],[26.1553,39.025],[26.1463,39.0321],[26.1156,39.0667],[26.1043,39.0747],[26.0879,39.0772],[26.0879,39.0834],[26.0938,39.0853],[26.1021,39.0909],[26.1092,39.0927],[26.1135,39.0921],[26.1172,39.091],[26.1219,39.0909],[26.1602,39.0977],[26.1646,39.1007],[26.1807,39.1213],[26.1914,39.1276],[26.2024,39.1291],[26.2137,39.1293],[26.2256,39.1318],[26.2523,39.1523],[26.2822,39.1699],[26.2834,39.1728],[26.2935,39.1772],[26.2902,39.1868],[26.28,39.1964],[26.2698,39.2008],[26.2376,39.2069],[26.2256,39.2076],[26.2044,39.2058],[26.1873,39.2021],[26.1733,39.195],[26.1602,39.1833],[26.1453,39.1557],[26.1424,39.1557],[26.0974,39.1057],[26.0828,39.0952],[26.064,39.0909],[26.043,39.0932],[25.9583,39.1177],[25.9439,39.1244],[25.9294,39.1332],[25.9199,39.1371],[25.907,39.1387],[25.8889,39.1447],[25.8543,39.1721],[25.8346,39.1796],[25.8346,39.1871],[25.846,39.1904],[25.8499,39.1994],[25.8516,39.2109],[25.8552,39.2213],[25.8509,39.2223],[25.8483,39.2239],[25.8459,39.2259],[25.8421,39.228],[25.8498,39.2322],[25.8535,39.2364],[25.855,39.2425],[25.8552,39.2523],[25.8587,39.2592],[25.8667,39.2633],[25.8762,39.266],[25.8831,39.269],[25.9107,39.2896],[25.9172,39.2969],[25.9241,39.2969],[25.9364,39.2766],[25.9689,39.2786],[26.0062,39.2863],[26.0332,39.2827],[26.0373,39.2882],[26.0412,39.2924],[26.0446,39.2969],[26.0469,39.3032],[26.0525,39.294],[26.0537,39.2895],[26.0606,39.2895],[26.0731,39.3032],[26.094,39.3105],[26.1364,39.3162],[26.1628,39.3236],[26.1725,39.3354],[26.1709,39.3532],[26.1636,39.3789],[26.343,39.383],[26.3622,39.3789],[26.3547,39.3565],[26.3734,39.3469],[26.4002,39.3413],[26.4175,39.3305],[26.4114,39.321],[26.3796,39.2827],[26.3822,39.2771],[26.4242,39.2451],[26.4583,39.2343],[26.4663,39.2292],[26.4707,39.2252],[26.5047,39.185],[26.5179,39.176],[26.5397,39.166],[26.5266,39.1591],[26.5308,39.1506],[26.5378,39.1431],[26.5471,39.1353],[26.5477,39.1253],[26.5505,39.1192],[26.5568,39.1169],[26.5676,39.1181],[26.5663,39.098],[26.5794,39.0753],[26.5979,39.0569],[26.6123,39.0493]]],[[[25.0122,39.5639],[25.0474,39.5454],[25.0404,39.5206],[24.9917,39.467],[24.9849,39.467],[24.9736,39.5146],[24.9766,39.5377],[24.9979,39.5502],[24.9945,39.5582],[24.9968,39.562],[25.0032,39.5632],[25.0122,39.5639]]],[[[25.4499,40.0362],[25.4412,40.0261],[25.4368,40.0225],[25.4368,40.0163],[25.4417,40.0168],[25.4427,40.015],[25.4426,40.0121],[25.4458,40.0032],[25.4473,39.9932],[25.4499,39.9884],[25.4265,39.9782],[25.4016,39.9638],[25.3856,39.9444],[25.3889,39.9195],[25.3752,39.9197],[25.3641,39.9172],[25.3555,39.9126],[25.348,39.9064],[25.3617,39.8999],[25.3685,39.899],[25.3532,39.8926],[25.3416,39.8839],[25.3403,39.8742],[25.3555,39.8655],[25.3428,39.8546],[25.3484,39.8437],[25.3607,39.8336],[25.3685,39.8245],[25.3699,39.8171],[25.3687,39.8163],[25.364,39.816],[25.3555,39.8102],[25.3537,39.8032],[25.3528,39.7933],[25.349,39.7877],[25.3384,39.7935],[25.3322,39.7961],[25.3036,39.8034],[25.2953,39.8077],[25.2936,39.8171],[25.2936,39.8265],[25.2903,39.8308],[25.2731,39.8357],[25.2566,39.8559],[25.2388,39.8581],[25.2617,39.8704],[25.2743,39.8801],[25.2798,39.8891],[25.2752,39.9036],[25.264,39.9133],[25.2507,39.9185],[25.2388,39.9195],[25.1971,39.8928],[25.2064,39.8929],[25.2139,39.8918],[25.22,39.8893],[25.2251,39.8854],[25.2073,39.8831],[25.1942,39.8736],[25.1846,39.8598],[25.1773,39.845],[25.1856,39.848],[25.1877,39.8491],[25.1909,39.8519],[25.2022,39.841],[25.2145,39.8247],[25.221,39.81],[25.2145,39.8034],[25.1927,39.8044],[25.1751,39.807],[25.1432,39.8171],[25.1658,39.8449],[25.1699,39.8485],[25.1649,39.8591],[25.1538,39.8558],[25.1423,39.8461],[25.1358,39.8376],[25.1289,39.8376],[25.1284,39.8454],[25.1267,39.8497],[25.1244,39.853],[25.1221,39.8581],[25.0641,39.8441],[25.0532,39.8376],[25.047,39.8376],[25.0505,39.8439],[25.054,39.8491],[25.0591,39.8537],[25.0674,39.8581],[25.0618,39.8599],[25.0545,39.864],[25.047,39.8655],[25.0485,39.8742],[25.047,39.8786],[25.0532,39.8827],[25.0599,39.8854],[25.0599,39.8928],[25.0532,39.8928],[25.0532,39.899],[25.0578,39.9002],[25.0606,39.9017],[25.0674,39.9064],[25.0599,39.9064],[25.0682,39.9208],[25.064,39.9295],[25.0545,39.937],[25.047,39.9475],[25.0461,39.9616],[25.0476,39.9749],[25.0454,39.9847],[25.0334,39.9884],[25.0334,39.9953],[25.0686,39.9969],[25.1323,40.0089],[25.1423,40.0068],[25.1488,40.0022],[25.153,39.9975],[25.1563,39.9953],[25.1719,39.997],[25.2251,40.0089],[25.2473,40.0024],[25.261,39.9909],[25.2723,39.9764],[25.2871,39.9611],[25.2852,39.9534],[25.307,39.96],[25.3342,39.9724],[25.348,39.9816],[25.348,39.9903],[25.3693,40.0142],[25.3821,40.0225],[25.386,40.0219],[25.4129,40.0225],[25.4216,40.0243],[25.4499,40.0362]]]]}}]}