{"type":"FeatureCollection","features":[{"type":"Feature","properties":{"id":"MNG-3316","name":"Arhangay","nameBn":"আর্খঙ্গাই প্রদেশ","type":"Province","bounds":[98.1613,46.8182,103.6777,49.2181],"center":[100.92,48.0061]},"geometry":{"type":"Polygon","coordinates":[[[101.654,48.9997],[101.6658,48.9627],[101.6782,48.9438],[101.7152,48.9147],[101.737,48.9022],[101.7577,48.8882],[101.8065,48.8682],[101.8445,48.8658],[101.869,48.8622],[101.8807,48.8592],[101.9031,48.8497],[101.9288,48.8306],[101.9393,48.8165],[101.9498,48.7964],[101.9604,48.7847],[101.9771,48.7765],[101.9966,48.7716],[102.0189,48.771],[102.0489,48.777],[102.0882,48.7957],[102.1312,48.8105],[102.1601,48.766],[102.1987,48.6766],[102.2232,48.561],[102.2249,48.5458],[102.2223,48.5171],[102.2293,48.4953],[102.2382,48.4813],[102.2527,48.468],[102.2707,48.457],[102.3183,48.4333],[102.343,48.4131],[102.3579,48.3882],[102.3691,48.3321],[102.3986,48.3092],[102.414,48.2991],[102.4801,48.266],[102.5022,48.2604],[102.5244,48.2568],[102.5729,48.2557],[102.6322,48.2514],[102.6801,48.2197],[102.7314,48.1725],[102.7523,48.1412],[102.78,48.1135],[102.8075,48.0781],[102.8194,48.054],[102.8337,48.0033],[102.8423,47.9295],[102.8487,47.9123],[102.8542,47.9043],[102.8704,47.8912],[102.8899,47.8826],[102.9572,47.8612],[103.014,47.8431],[103.026,47.814],[103.0342,47.7995],[103.0673,47.7508],[103.0901,47.7227],[103.1382,47.7209],[103.1628,47.7177],[103.1839,47.7116],[103.2074,47.6989],[103.2576,47.6553],[103.2879,47.6185],[103.312,47.5838],[103.3429,47.5471],[103.3688,47.5254],[103.4005,47.4949],[103.442,47.4671],[103.4865,47.4457],[103.5506,47.4057],[103.5936,47.384],[103.6605,47.3382],[103.6727,47.292],[103.6777,47.2506],[103.5721,47.2052],[103.5251,47.196],[103.3701,47.1923],[103.193,47.2061],[103.155,47.2158],[103.1324,47.228],[103.079,47.3088],[103.059,47.3314],[103.0304,47.3508],[102.8588,47.3943],[102.8325,47.3966],[102.7776,47.3962],[102.6966,47.4282],[102.6827,47.4306],[102.6564,47.4321],[102.6403,47.4236],[102.6319,47.4078],[102.6359,47.3879],[102.6461,47.3684],[102.659,47.3522],[102.6757,47.3392],[102.6965,47.3315],[102.7185,47.3254],[102.7345,47.316],[102.7311,47.2867],[102.6718,47.1947],[102.631,47.1487],[102.5536,47.1137],[102.5427,47.0991],[102.532,47.0781],[102.5279,47.0296],[102.5108,46.9731],[102.4589,46.9581],[102.432,46.9623],[102.4069,46.975],[102.3881,46.9898],[102.3475,47.0325],[102.3221,47.0495],[102.2979,47.0559],[102.2698,47.0546],[102.1519,47.0203],[101.9437,46.98],[101.8738,46.9452],[101.8463,46.9229],[101.8012,46.9013],[101.2636,46.8182],[101.2014,46.8611],[101.1786,46.868],[101.0538,46.8488],[101.0077,46.8472],[100.8974,46.8606],[100.861,46.8599],[100.7889,46.8418],[100.7127,46.841],[100.6917,46.8503],[100.6778,46.8632],[100.6639,46.8866],[100.6427,46.9324],[100.6261,46.9522],[100.5924,46.9699],[100.5613,46.9787],[100.5085,46.9877],[100.4985,46.9913],[100.4893,47.0013],[100.4747,47.0373],[100.4624,47.0613],[100.4388,47.0895],[100.4232,47.1135],[100.412,47.1756],[100.4011,47.1846],[100.3806,47.1864],[100.3494,47.183],[99.9997,47.1107],[99.9093,47.0957],[99.8896,47.0971],[99.8716,47.1059],[99.8591,47.1218],[99.8532,47.1461],[99.8536,47.1664],[99.856,47.1851],[99.8548,47.1994],[99.8495,47.2143],[99.8379,47.233],[99.8292,47.251],[99.8239,47.2785],[99.8252,47.3037],[99.8337,47.3533],[99.8357,47.3789],[99.8316,47.4039],[99.8191,47.4296],[99.7943,47.4528],[99.7192,47.4937],[99.6891,47.5139],[99.6726,47.5295],[99.6582,47.5547],[99.6509,47.5844],[99.6528,47.6636],[99.6288,47.6618],[99.5578,47.6334],[99.5316,47.6154],[99.5134,47.6001],[99.4959,47.589],[99.4756,47.5813],[99.4109,47.5743],[99.385,47.5684],[99.3646,47.5578],[99.3142,47.5136],[99.2941,47.5031],[99.2775,47.497],[99.2472,47.4889],[99.1649,47.4795],[99.0424,47.4782],[99.0118,47.4786],[98.9852,47.4853],[98.8112,47.5628],[98.7907,47.578],[98.7797,47.5961],[98.7775,47.6612],[98.7546,47.704],[98.7407,47.715],[98.7273,47.7224],[98.711,47.7289],[98.6936,47.733],[98.676,47.7343],[98.5955,47.7272],[98.4953,47.7078],[98.4568,47.6909],[98.391,47.6504],[98.2445,47.6612],[98.2165,47.6686],[98.1848,47.6807],[98.1727,47.6968],[98.1687,47.716],[98.172,47.739],[98.2152,47.8341],[98.2208,47.8563],[98.2186,47.8833],[98.2056,47.918],[98.1701,47.9775],[98.1613,48.0034],[98.187,48.0548],[98.2005,48.0682],[98.2196,48.0827],[98.244,48.0912],[98.2733,48.097],[98.4835,48.101],[98.5605,48.1181],[98.6046,48.1368],[98.6345,48.1598],[98.6679,48.2064],[98.6967,48.2275],[98.7278,48.237],[98.7866,48.2423],[99.0966,48.338],[99.1829,48.276],[99.2148,48.2627],[99.2376,48.2608],[99.2653,48.2649],[99.2948,48.2803],[99.3131,48.296],[99.3269,48.3101],[99.3392,48.3191],[99.3524,48.3223],[99.3721,48.3172],[99.3925,48.3089],[99.4144,48.3022],[99.4379,48.2988],[99.661,48.3122],[99.6812,48.3158],[99.6961,48.3267],[99.7069,48.3483],[99.7208,48.4309],[99.7296,48.4514],[99.7406,48.4663],[99.7628,48.477],[99.784,48.4821],[99.8781,48.4786],[99.9148,48.4682],[100.0652,48.4088],[100.0922,48.4022],[100.1225,48.3985],[100.1595,48.4014],[100.1884,48.4121],[100.202,48.4354],[100.2002,48.4539],[100.1942,48.475],[100.2046,48.4934],[100.2308,48.5054],[100.3249,48.5169],[100.4126,48.5358],[100.4564,48.5585],[100.4345,48.5795],[100.4241,48.5866],[100.4183,48.5895],[100.412,48.5916],[100.3928,48.5935],[100.3794,48.5969],[100.3739,48.5997],[100.3691,48.6028],[100.3617,48.6098],[100.3518,48.6236],[100.3469,48.6341],[100.3435,48.6485],[100.3423,48.6594],[100.3314,48.6757],[100.3297,48.6825],[100.3327,48.6953],[100.3367,48.7068],[100.3466,48.7247],[100.3543,48.7346],[100.355,48.7437],[100.3532,48.7491],[100.3504,48.7538],[100.351,48.7583],[100.3547,48.763],[100.3744,48.7746],[100.3793,48.7788],[100.3781,48.7825],[100.3744,48.7858],[100.3593,48.7903],[100.3578,48.7952],[100.3636,48.8035],[100.3787,48.82],[100.3973,48.8322],[100.4106,48.843],[100.4167,48.8491],[100.4164,48.8555],[100.4126,48.8597],[100.4117,48.8646],[100.4143,48.8697],[100.4348,48.8777],[100.4497,48.8817],[100.4898,48.9007],[100.5022,48.9046],[100.514,48.9071],[100.5199,48.9069],[100.5273,48.9083],[100.5344,48.9111],[100.5565,48.9235],[100.5627,48.9293],[100.5703,48.9391],[100.5707,48.9447],[100.5704,48.9479],[100.5508,48.9681],[100.432,49.0114],[100.4212,49.0173],[100.4135,49.0235],[100.4101,49.0339],[100.4132,49.0396],[100.4152,49.0532],[100.4193,49.0654],[100.4333,49.0747],[100.452,49.0605],[100.4731,49.0594],[100.5903,49.078],[100.5958,49.0858],[100.5963,49.0947],[100.5978,49.1014],[100.614,49.1141],[100.6517,49.1319],[100.6691,49.1458],[100.6817,49.1593],[100.6853,49.1675],[100.687,49.1868],[100.6887,49.1916],[100.6919,49.196],[100.6968,49.2007],[100.7015,49.2062],[100.7134,49.2145],[100.7388,49.2181],[100.7666,49.2081],[101.0745,49.0998],[101.3067,48.9879],[101.3406,48.9761],[101.4511,48.9715],[101.654,48.9997]]]}},{"type":"Feature","properties":{"id":"MNG-3208","name":"Bayan-Ölgiy","nameBn":"বায়ান-ওলগি প্রদেশ","type":"Province","bounds":[87.7357,46.5601,91.8901,50.0037],"center":[89.8127,48.8811]},"geometry":{"type":"Polygon","coordinates":[[[87.9076,48.7588],[87.8417,48.7793],[87.8211,48.7883],[87.8059,48.8006],[87.8022,48.8096],[87.8005,48.8303],[87.7961,48.8398],[87.7875,48.8466],[87.7767,48.8512],[87.7547,48.8573],[87.7379,48.8694],[87.7357,48.8867],[87.7436,48.9052],[87.7569,48.9204],[87.8359,48.9459],[87.8726,48.968],[87.8722,49.0041],[87.8569,49.0156],[87.8378,49.0204],[87.8219,49.0287],[87.816,49.0506],[87.8211,49.0718],[87.8297,49.086],[87.8355,49.1007],[87.8324,49.1239],[87.8181,49.154],[87.8163,49.1658],[87.837,49.16],[87.8552,49.159],[87.9568,49.1689],[87.9755,49.1758],[87.993,49.1917],[88.0297,49.2156],[88.1085,49.2474],[88.144,49.2707],[88.1484,49.2966],[88.1292,49.3259],[88.1155,49.3566],[88.1358,49.3861],[88.1456,49.3972],[88.1617,49.4301],[88.1748,49.4439],[88.2,49.4543],[88.3788,49.4758],[88.4019,49.4758],[88.4511,49.4651],[88.4754,49.4636],[88.5388,49.4665],[88.5578,49.4711],[88.5997,49.4889],[88.6142,49.4928],[88.6158,49.4929],[88.6335,49.4912],[88.6487,49.4836],[88.6747,49.4598],[88.6957,49.447],[88.7194,49.4429],[88.8706,49.436],[88.8753,49.4418],[88.8549,49.4739],[88.8562,49.5115],[88.8587,49.5274],[88.8682,49.5381],[88.8889,49.5417],[88.9083,49.5359],[88.9191,49.5232],[88.927,49.5074],[88.9376,49.4928],[88.9476,49.4828],[88.9547,49.4719],[88.9627,49.4622],[88.9753,49.4558],[89.0141,49.4605],[89.1607,49.5027],[89.1953,49.5215],[89.2156,49.5455],[89.2016,49.5706],[89.1782,49.5985],[89.1874,49.622],[89.2164,49.6345],[89.2522,49.6294],[89.3107,49.5932],[89.3394,49.5808],[89.3719,49.5817],[89.3978,49.599],[89.4186,49.6242],[89.4416,49.6436],[89.4753,49.6434],[89.5203,49.6632],[89.6163,49.6854],[89.6823,49.7083],[89.7024,49.72],[89.7126,49.7352],[89.7015,49.7531],[89.6837,49.7612],[89.639,49.7755],[89.6264,49.788],[89.6274,49.7968],[89.6419,49.8081],[89.6436,49.8189],[89.639,49.8248],[89.6211,49.835],[89.6153,49.8419],[89.6153,49.8545],[89.6211,49.8933],[89.6239,49.9027],[89.6332,49.9079],[89.6677,49.9273],[89.7207,49.9397],[89.8664,49.9427],[89.9202,49.9509],[89.9694,49.9671],[89.9962,49.9928],[89.9971,50.0037],[90.0206,49.996],[90.0749,49.9749],[90.0858,49.9685],[90.0917,49.9633],[90.0978,49.9565],[90.123,49.9135],[90.1516,49.8511],[90.1613,49.8202],[90.1626,49.814],[90.1635,49.7897],[90.1648,49.7832],[90.1682,49.7707],[90.1744,49.7621],[90.24,49.6935],[90.2548,49.6714],[90.2718,49.6227],[90.2746,49.6174],[90.2823,49.6075],[90.2888,49.5971],[90.2941,49.586],[90.3004,49.5757],[90.3071,49.5697],[90.3161,49.5629],[90.3439,49.5459],[90.5284,49.4851],[90.6357,49.4273],[90.6472,49.4113],[90.6557,49.3952],[90.651,49.3849],[90.6489,49.3783],[90.6507,49.3709],[90.6525,49.3667],[90.6581,49.3562],[90.6745,49.3316],[90.6787,49.3272],[90.6832,49.3239],[90.7095,49.3146],[90.7681,49.3133],[90.8676,49.3041],[90.8924,49.3018],[90.8994,49.2985],[90.9048,49.293],[90.9087,49.2822],[90.9133,49.254],[90.9131,49.2482],[90.9123,49.2427],[90.9093,49.2321],[90.9085,49.2266],[90.9087,49.2207],[90.9097,49.2146],[90.913,49.2071],[90.9193,49.1985],[90.9822,49.134],[90.9898,49.1282],[90.9991,49.1235],[91.0025,49.1197],[91.026,49.0759],[91.085,48.9872],[91.101,48.9779],[91.1255,48.9667],[91.1987,48.9509],[91.2114,48.9461],[91.2184,48.9413],[91.2262,48.9346],[91.2498,48.9087],[91.2807,48.888],[91.2906,48.8795],[91.2958,48.8734],[91.3102,48.8509],[91.3427,48.7688],[91.3476,48.7614],[91.351,48.7535],[91.3526,48.7455],[91.3464,48.7208],[91.347,48.7009],[91.2966,48.7003],[91.1985,48.7158],[91.0975,48.7018],[90.7965,48.6087],[90.6896,48.5947],[90.6865,48.5828],[90.6891,48.5741],[90.6964,48.565],[90.7085,48.5566],[90.7764,48.5365],[90.7948,48.5255],[90.8079,48.5075],[90.8446,48.4321],[90.8495,48.4127],[90.8449,48.3982],[90.8047,48.3585],[90.7934,48.3352],[90.7906,48.3112],[90.7958,48.281],[90.8058,48.2532],[90.8277,48.167],[90.831,48.1433],[90.8344,48.1293],[90.8415,48.1124],[90.8583,48.1005],[90.9076,48.0762],[90.9243,48.0654],[90.9535,48.0424],[90.9641,48.032],[90.9754,48.0145],[91.0133,47.9197],[91.0979,47.754],[91.1255,47.7186],[91.1456,47.7029],[91.1674,47.6819],[91.1845,47.6563],[91.2522,47.5173],[91.2584,47.497],[91.2606,47.4715],[91.2588,47.4523],[91.2502,47.4344],[91.2434,47.4223],[91.2393,47.4076],[91.2421,47.3894],[91.2677,47.3595],[91.4037,47.2449],[91.4688,47.1779],[91.4656,47.1453],[91.4187,47.0631],[91.4107,47.0407],[91.4066,47.0186],[91.4077,46.9982],[91.4182,46.9751],[91.4401,46.9478],[91.485,46.9225],[91.5151,46.909],[91.5536,46.8979],[91.6358,46.8592],[91.7373,46.7944],[91.8091,46.724],[91.8901,46.6881],[91.8874,46.6636],[91.8821,46.6446],[91.8585,46.6291],[91.8399,46.623],[91.6933,46.6367],[91.5691,46.6261],[91.5525,46.6315],[91.5233,46.6454],[91.5047,46.6421],[91.4913,46.6333],[91.4801,46.6178],[91.4599,46.5808],[91.443,46.5666],[91.417,46.5601],[91.3856,46.5648],[91.3532,46.581],[91.33,46.6016],[91.291,46.6459],[91.2687,46.6597],[91.2395,46.66],[91.2102,46.6571],[91.1783,46.6586],[91.1132,46.6787],[91.0381,46.6902],[91.0143,46.6898],[91.0156,46.7032],[91.0048,46.7404],[90.9751,46.7741],[90.9394,46.7989],[90.9253,46.8131],[90.92,46.8336],[90.9227,46.8416],[90.9344,46.8568],[90.9365,46.8644],[90.9328,46.8748],[90.9258,46.8807],[90.9177,46.8854],[90.9101,46.8924],[90.9003,46.9107],[90.8937,46.9282],[90.8851,46.9447],[90.8698,46.9603],[90.8495,46.9732],[90.8282,46.9823],[90.8055,46.9868],[90.7819,46.9863],[90.7424,46.9919],[90.7121,47.0147],[90.4687,47.3089],[90.4663,47.3163],[90.4685,47.3235],[90.4752,47.3303],[90.4856,47.3449],[90.49,47.3618],[90.4872,47.3782],[90.4752,47.3911],[90.4482,47.404],[90.4417,47.4305],[90.4436,47.4628],[90.4412,47.493],[90.4273,47.5066],[90.3946,47.5247],[90.3816,47.5384],[90.352,47.5883],[90.3385,47.6028],[90.3274,47.623],[90.3375,47.637],[90.3496,47.6478],[90.3448,47.6586],[90.3235,47.6702],[90.3021,47.6785],[90.2097,47.6957],[90.1634,47.71],[90.12,47.7301],[90.0829,47.7561],[90.0707,47.7698],[90.0588,47.7895],[90.0522,47.8107],[90.056,47.8289],[90.0644,47.8506],[90.0599,47.8688],[90.0446,47.8798],[90.0025,47.8804],[89.9632,47.8887],[89.9467,47.8832],[89.939,47.8709],[89.9376,47.8575],[89.9344,47.8443],[89.9214,47.8321],[89.8891,47.8243],[89.7835,47.8185],[89.7513,47.8243],[89.7402,47.8362],[89.7311,47.8648],[89.7234,47.8782],[89.7073,47.889],[89.672,47.8941],[89.6553,47.8998],[89.6439,47.9128],[89.6362,47.9296],[89.6274,47.9439],[89.6134,47.9496],[89.5966,47.9526],[89.5832,47.962],[89.5756,47.976],[89.5762,47.9929],[89.5719,48.0205],[89.5418,48.031],[89.5037,48.03],[89.4753,48.023],[89.4254,48.0216],[89.4092,48.0231],[89.3692,48.0382],[89.3543,48.0388],[89.3343,48.0324],[89.2857,48.0056],[89.2686,47.9931],[89.244,47.9802],[89.2187,47.977],[89.1671,47.984],[89.0747,47.9843],[89.0459,47.9929],[89.0458,47.993],[89.0456,47.993],[88.9323,48.097],[88.9168,48.106],[88.8893,48.1109],[88.8315,48.1052],[88.8054,48.106],[88.7753,48.1206],[88.7092,48.1664],[88.6807,48.173],[88.6554,48.1712],[88.6358,48.1758],[88.5962,48.1977],[88.5808,48.212],[88.5735,48.2297],[88.5688,48.2492],[88.5612,48.2683],[88.5588,48.2881],[88.573,48.3253],[88.5651,48.343],[88.5027,48.3926],[88.4791,48.4001],[88.4591,48.3981],[88.4396,48.3937],[88.4167,48.3941],[88.3834,48.4087],[88.3321,48.454],[88.3049,48.469],[88.2356,48.4932],[88.2178,48.495],[88.1835,48.4928],[88.166,48.4937],[88.1483,48.4994],[88.1157,48.5165],[88.0882,48.5261],[88.0718,48.5388],[88.0625,48.5429],[88.052,48.5432],[88.0283,48.5396],[88.0166,48.5398],[87.983,48.5523],[87.9518,48.5752],[87.9428,48.5995],[87.9755,48.6165],[87.9896,48.6242],[87.9978,48.6352],[88.0034,48.646],[88.0102,48.6534],[88.055,48.6734],[88.0639,48.6826],[88.0594,48.7081],[88.0338,48.7291],[87.9755,48.756],[87.9524,48.7611],[87.9076,48.7588]]]}},{"type":"Feature","properties":{"id":"MNG-3317","name":"Bayanhongor","nameBn":"বায়ানকোংওর প্রদেশ","type":"Province","bounds":[97.6363,42.5642,101.7548,47.7343],"center":[99.6955,45.8317]},"geometry":{"type":"Polygon","coordinates":[[[99.4745,42.5642],[99.0684,42.6039],[98.6622,42.6436],[98.2561,42.6833],[97.85,42.723],[97.85,42.7232],[97.7977,43.2476],[97.7982,43.2789],[97.8064,43.3055],[97.8561,43.3837],[97.932,43.5687],[97.9407,43.6003],[97.9422,43.631],[97.9316,43.7212],[97.9784,43.9962],[97.9784,44.0265],[97.9423,44.2823],[97.9432,44.3717],[97.9496,44.3931],[97.9642,44.407],[98.0923,44.4563],[98.1411,44.4823],[98.1629,44.4976],[98.178,44.5106],[98.2016,44.5387],[98.2174,44.569],[98.2336,44.6153],[98.2393,44.6443],[98.2418,44.7479],[98.2227,44.8788],[98.2219,44.9114],[98.2255,44.9467],[98.2343,44.9694],[98.2488,44.9882],[98.2634,44.9995],[98.302,45.0235],[98.316,45.034],[98.3478,45.0791],[98.462,45.3594],[98.4745,45.4112],[98.4792,45.4513],[98.4228,45.7333],[98.4048,45.793],[98.3774,45.8359],[98.1864,46.0236],[98.1501,46.0534],[98.1332,46.0594],[98.1059,46.0658],[98.0749,46.0692],[98.0254,46.0807],[98.0027,46.0883],[97.9815,46.1009],[97.9437,46.1375],[97.9162,46.1588],[97.8292,46.2025],[97.8098,46.2205],[97.7888,46.2663],[97.772,46.2862],[97.7518,46.2972],[97.707,46.3146],[97.6915,46.3266],[97.6825,46.3385],[97.6591,46.3839],[97.6497,46.4069],[97.6436,46.4306],[97.6415,46.4547],[97.6497,46.5358],[97.6387,46.605],[97.6363,46.6617],[97.6422,46.6826],[97.6849,46.7543],[97.8388,47.0861],[97.8484,47.116],[97.8521,47.1472],[97.8593,47.1746],[97.8752,47.1946],[97.9054,47.2064],[97.9397,47.2101],[98.0332,47.2106],[98.0965,47.2203],[98.1539,47.2388],[98.238,47.3217],[98.2652,47.3617],[98.2783,47.3905],[98.273,47.4116],[98.2642,47.4299],[98.2657,47.453],[98.2796,47.4692],[98.3235,47.5023],[98.3538,47.5342],[98.3709,47.5581],[98.3827,47.5791],[98.3891,47.5961],[98.395,47.6241],[98.3952,47.6343],[98.3944,47.6417],[98.391,47.6504],[98.4568,47.6909],[98.4953,47.7078],[98.5955,47.7272],[98.676,47.7343],[98.6936,47.733],[98.711,47.7289],[98.7273,47.7224],[98.7407,47.715],[98.7546,47.704],[98.7775,47.6612],[98.7797,47.5961],[98.7907,47.578],[98.8112,47.5628],[98.9852,47.4853],[99.0118,47.4786],[99.0424,47.4782],[99.1649,47.4795],[99.2472,47.4889],[99.2775,47.497],[99.2941,47.5031],[99.3142,47.5136],[99.3646,47.5578],[99.385,47.5684],[99.4109,47.5743],[99.4756,47.5813],[99.4959,47.589],[99.5134,47.6001],[99.5316,47.6154],[99.5578,47.6334],[99.6288,47.6618],[99.6528,47.6636],[99.6509,47.5844],[99.6582,47.5547],[99.6726,47.5295],[99.6891,47.5139],[99.7192,47.4937],[99.7943,47.4528],[99.8191,47.4296],[99.8316,47.4039],[99.8357,47.3789],[99.8337,47.3533],[99.8252,47.3037],[99.8239,47.2785],[99.8292,47.251],[99.8379,47.233],[99.8495,47.2143],[99.8548,47.1994],[99.856,47.1851],[99.8536,47.1664],[99.8532,47.1461],[99.8591,47.1218],[99.8716,47.1059],[99.8896,47.0971],[99.9093,47.0957],[99.9997,47.1107],[100.3494,47.183],[100.3806,47.1864],[100.4011,47.1846],[100.412,47.1756],[100.4232,47.1135],[100.4388,47.0895],[100.4624,47.0613],[100.4747,47.0373],[100.4893,47.0013],[100.4985,46.9913],[100.5085,46.9877],[100.5613,46.9787],[100.5924,46.9699],[100.6261,46.9522],[100.6427,46.9324],[100.6639,46.8866],[100.6778,46.8632],[100.6917,46.8503],[100.7127,46.841],[100.7889,46.8418],[100.861,46.8599],[100.8974,46.8606],[101.0077,46.8472],[101.0538,46.8488],[101.1786,46.868],[101.2014,46.8611],[101.2636,46.8182],[101.2993,46.767],[101.3124,46.7543],[101.4258,46.6772],[101.5192,46.596],[101.5279,46.5157],[101.5329,46.4986],[101.5417,46.4813],[101.5546,46.4677],[101.5609,46.4529],[101.5555,46.4354],[101.4682,46.3569],[101.4503,46.3294],[101.461,46.3115],[101.4756,46.302],[101.4882,46.2845],[101.4984,46.2621],[101.5065,46.2104],[101.5049,46.1694],[101.4998,46.1511],[101.4921,46.1386],[101.4744,46.1217],[101.4481,46.107],[101.4181,46.0958],[101.3642,46.0814],[101.344,46.0692],[101.3265,46.0515],[101.3107,46.0305],[101.2977,46.0075],[101.2909,45.983],[101.294,45.8978],[101.3066,45.8457],[101.3113,45.812],[101.3088,45.7729],[101.2661,45.6655],[101.2675,45.6128],[101.2667,45.5884],[101.2298,45.5251],[101.1841,45.4792],[101.126,45.4413],[101.1159,45.4281],[101.1102,45.4121],[101.1108,45.3931],[101.1234,45.3415],[101.125,45.3192],[101.1219,45.2884],[101.1241,45.2743],[101.1293,45.2577],[101.1414,45.1521],[101.1494,45.1136],[101.1632,45.0683],[101.173,45.0467],[101.1851,45.0274],[101.205,45.011],[101.231,44.9992],[101.3553,44.9714],[101.4181,44.944],[101.4576,44.9199],[101.5479,44.8796],[101.568,44.852],[101.5431,44.7952],[101.5041,44.7262],[101.4997,44.7154],[101.4979,44.7008],[101.5031,44.6829],[101.5158,44.6576],[101.5614,44.5856],[101.5911,44.5271],[101.7548,44.0566],[101.2587,43.8363],[101.2103,43.8236],[101.1862,43.821],[100.4165,43.8294],[100.3267,43.8163],[100.2581,43.8343],[100.1111,43.9417],[99.9997,44.0506],[99.8289,44.1631],[99.8151,44.1701],[99.8022,44.172],[99.788,44.1713],[99.4872,44.1139],[99.4779,44.1071],[99.4738,44.0938],[99.4708,44.0311],[99.5184,43.2011],[99.6219,42.5977],[99.6219,42.5974],[99.4745,42.5642]]]}},{"type":"Feature","properties":{"id":"MNG-3323","name":"Bulgan","nameBn":"বুল্গান প্রদেশ","type":"Province","bounds":[101.6325,47.2506,104.7605,50.399],"center":[103.196,49.0014]},"geometry":{"type":"Polygon","coordinates":[[[102.6195,50.399],[102.7626,50.3748],[102.8871,50.315],[102.9274,50.303],[102.9741,50.2956],[103.13,50.3091],[103.2017,50.297],[103.2402,50.2444],[103.2531,50.215],[103.2768,50.1976],[103.3066,50.1904],[103.4071,50.1973],[103.4387,50.1926],[103.474,50.182],[103.5339,50.1538],[103.6014,50.1335],[103.6681,50.1312],[103.7853,50.1861],[103.8454,50.1847],[103.974,50.1487],[104.0395,50.1412],[104.1217,50.1483],[104.1981,50.17],[104.2475,50.2066],[104.269,50.2289],[104.3214,50.2543],[104.3495,50.2719],[104.3493,50.2714],[104.4473,50.2166],[104.5225,50.1499],[104.5339,50.134],[104.5495,50.1013],[104.5537,50.0844],[104.5569,50.0496],[104.6167,50.0092],[104.6101,50.001],[104.6005,49.9937],[104.5829,49.9874],[104.562,49.9842],[104.5159,49.9824],[104.5143,49.9279],[104.5171,49.8958],[104.5232,49.875],[104.5353,49.8553],[104.5736,49.8208],[104.6854,49.7408],[104.7087,49.7183],[104.7335,49.686],[104.6727,49.6457],[104.6717,49.5414],[104.6683,49.5078],[104.6633,49.4864],[104.6417,49.4329],[104.6155,49.402],[104.5949,49.364],[104.5787,49.2986],[104.553,49.2307],[104.5374,49.1547],[104.5195,49.1055],[104.4699,49.1222],[104.444,49.1282],[104.4036,49.1315],[104.3774,49.1298],[104.353,49.1242],[104.3424,49.1199],[104.2835,49.0807],[104.1403,49.1114],[104.103,49.1212],[104.0616,49.0958],[104.0012,49.0407],[104.0007,48.9868],[104.1851,48.9523],[104.2416,48.9461],[104.3007,48.9289],[104.3342,48.9132],[104.3781,48.8991],[104.4236,48.8694],[104.4699,48.8434],[104.5041,48.8156],[104.5423,48.79],[104.5371,48.7837],[104.5284,48.77],[104.5175,48.7599],[104.5249,48.7531],[104.5109,48.7358],[104.5208,48.6653],[104.5282,48.6258],[104.5381,48.5376],[104.539,48.4613],[104.5339,48.4192],[104.5162,48.3748],[104.5051,48.3588],[104.4974,48.3519],[104.4418,48.3264],[104.4002,48.2984],[104.365,48.2563],[104.3418,48.2088],[104.3291,48.1898],[104.2883,48.1438],[104.331,48.1119],[104.3786,48.0623],[104.388,48.0407],[104.3933,47.9884],[104.4351,47.9707],[104.4947,47.9556],[104.5521,47.9494],[104.6565,47.9458],[104.6649,47.9502],[104.6767,47.9531],[104.6913,47.9519],[104.6982,47.9492],[104.7038,47.9449],[104.7096,47.9342],[104.7117,47.909],[104.6914,47.8956],[104.6938,47.8461],[104.6993,47.8173],[104.7389,47.7068],[104.7605,47.6617],[104.6584,47.6553],[104.5275,47.6534],[104.5139,47.6303],[104.4867,47.5996],[104.4062,47.6002],[104.3542,47.598],[104.3297,47.5947],[104.2852,47.5832],[104.1562,47.5247],[104.1151,47.4958],[104.0686,47.4683],[104.087,47.4307],[104.0958,47.4179],[104.1102,47.4055],[104.1325,47.3919],[104.1629,47.3685],[104.1719,47.357],[104.1748,47.3436],[104.1723,47.3303],[104.1475,47.298],[104.0741,47.2826],[103.9516,47.2647],[103.8659,47.2576],[103.8432,47.2587],[103.8087,47.2632],[103.7855,47.2638],[103.7507,47.2608],[103.6777,47.2506],[103.6727,47.292],[103.6605,47.3382],[103.5936,47.384],[103.5506,47.4057],[103.4865,47.4457],[103.442,47.4671],[103.4005,47.4949],[103.3688,47.5254],[103.3429,47.5471],[103.312,47.5838],[103.2879,47.6185],[103.2576,47.6553],[103.2074,47.6989],[103.1839,47.7116],[103.1628,47.7177],[103.1382,47.7209],[103.0901,47.7227],[103.0673,47.7508],[103.0342,47.7995],[103.026,47.814],[103.014,47.8431],[102.9572,47.8612],[102.8899,47.8826],[102.8704,47.8912],[102.8542,47.9043],[102.8487,47.9123],[102.8423,47.9295],[102.8337,48.0033],[102.8194,48.054],[102.8075,48.0781],[102.78,48.1135],[102.7523,48.1412],[102.7314,48.1725],[102.6801,48.2197],[102.6322,48.2514],[102.5729,48.2557],[102.5244,48.2568],[102.5022,48.2604],[102.4801,48.266],[102.414,48.2991],[102.3986,48.3092],[102.3691,48.3321],[102.3579,48.3882],[102.343,48.4131],[102.3183,48.4333],[102.2707,48.457],[102.2527,48.468],[102.2382,48.4813],[102.2293,48.4953],[102.2223,48.5171],[102.2249,48.5458],[102.2232,48.561],[102.1987,48.6766],[102.1601,48.766],[102.1312,48.8105],[102.0882,48.7957],[102.0489,48.777],[102.0189,48.771],[101.9966,48.7716],[101.9771,48.7765],[101.9604,48.7847],[101.9498,48.7964],[101.9393,48.8165],[101.9288,48.8306],[101.9031,48.8497],[101.8807,48.8592],[101.869,48.8622],[101.8445,48.8658],[101.8065,48.8682],[101.7577,48.8882],[101.737,48.9022],[101.7152,48.9147],[101.6782,48.9438],[101.6658,48.9627],[101.654,48.9997],[101.6515,49.0074],[101.6346,49.0718],[101.6325,49.0971],[101.6352,49.1139],[101.6422,49.1304],[101.6772,49.1928],[101.6916,49.2088],[101.7257,49.2337],[101.7669,49.238],[101.7833,49.2417],[101.8056,49.2507],[101.8324,49.2696],[101.8442,49.2841],[101.852,49.2989],[101.8985,49.3217],[101.9364,49.3514],[101.9559,49.3631],[101.9779,49.373],[102.037,49.3887],[102.11,49.4002],[102.1588,49.4111],[102.2003,49.4141],[102.2808,49.4316],[102.3263,49.4457],[102.3448,49.4531],[102.3891,49.479],[102.4284,49.5081],[102.44,49.5203],[102.4688,49.557],[102.5006,49.6152],[102.5111,49.627],[102.5197,49.633],[102.5396,49.6405],[102.5598,49.643],[102.5798,49.6424],[102.6347,49.636],[102.6576,49.6359],[102.6692,49.6378],[102.7023,49.6496],[102.7848,49.6915],[102.7495,49.7177],[102.7205,49.7344],[102.6396,49.7648],[102.5581,49.7896],[102.4863,49.8034],[102.3571,49.843],[102.275,49.8594],[102.1933,49.8839],[102.1377,49.9047],[102.1221,49.9133],[102.1121,49.9227],[102.1073,49.9301],[102.103,49.946],[102.1043,49.9622],[102.1125,49.9807],[102.1325,50.0051],[102.1732,50.0329],[102.2176,50.0723],[102.2219,50.0858],[102.2491,50.1099],[102.2747,50.1259],[102.2938,50.1398],[102.3156,50.152],[102.3501,50.1771],[102.3595,50.1854],[102.3789,50.2164],[102.3915,50.2581],[102.3971,50.2703],[102.4095,50.291],[102.4178,50.3004],[102.4563,50.3292],[102.5001,50.3546],[102.5637,50.377],[102.6183,50.3986],[102.6195,50.399]]]}},{"type":"Feature","properties":{"id":"MNG-3328","name":"Darhan-Uul","nameBn":"দারখান-উল প্রদেশ","type":"Municipality","bounds":[105.8084,49.0873,106.8038,49.8235],"center":[106.306,49.3586]},"geometry":{"type":"Polygon","coordinates":[[[106.1359,49.8235],[106.1423,49.7677],[106.1406,49.7451],[106.1367,49.7313],[106.1335,49.725],[106.1247,49.7152],[106.0684,49.6717],[106.0484,49.6412],[106.0403,49.6172],[106.076,49.6117],[106.1201,49.6001],[106.1526,49.585],[106.1995,49.5713],[106.2406,49.5521],[106.2832,49.5387],[106.3336,49.5276],[106.3657,49.5242],[106.3891,49.5253],[106.4101,49.5302],[106.4484,49.5513],[106.4708,49.5683],[106.5067,49.6059],[106.6229,49.5789],[106.6527,49.5695],[106.6854,49.5554],[106.7229,49.5454],[106.7394,49.5379],[106.7664,49.5204],[106.7793,49.509],[106.7914,49.4903],[106.7997,49.4705],[106.8038,49.4324],[106.7994,49.3691],[106.7879,49.3178],[106.7809,49.2642],[106.7955,49.2084],[106.7989,49.1317],[106.7146,49.1092],[106.6014,49.0873],[106.4711,49.1201],[106.4373,49.132],[106.3897,49.1547],[106.3568,49.186],[106.3049,49.1835],[106.2796,49.1805],[106.2195,49.1668],[106.1572,49.141],[106.119,49.1152],[106.0994,49.1052],[106.0881,49.1013],[106.0649,49.0965],[106.0403,49.095],[106.0157,49.0958],[105.9086,49.1077],[105.8696,49.1149],[105.8084,49.1312],[105.8249,49.1584],[105.8477,49.229],[105.8624,49.3073],[105.888,49.4079],[105.8927,49.4263],[105.8973,49.469],[105.8959,49.4915],[105.8954,49.4937],[105.8925,49.5048],[105.8863,49.5161],[105.8675,49.5374],[105.8615,49.5563],[105.8587,49.5769],[105.8388,49.6039],[105.8331,49.6356],[105.8587,49.6508],[105.8706,49.6608],[105.8937,49.691],[105.9016,49.6984],[105.96,49.7263],[105.9742,49.7304],[105.9891,49.7398],[106.0114,49.7599],[106.0387,49.798],[106.0431,49.8015],[106.0528,49.8063],[106.1359,49.8235]]]}},{"type":"Feature","properties":{"id":"MNG-3332","name":"Dornod","nameBn":"ডর্নড প্রদেশ","type":"Province","bounds":[112.1264,46.298,119.907,50.2769],"center":[114.261,48.7766]},"geometry":{"type":"Polygon","coordinates":[[[116.6843,49.8233],[116.4729,49.5165],[116.4577,49.4928],[116.2478,49.1815],[116.0378,48.8701],[116.0336,48.8524],[116.0476,48.8177],[116.048,48.7998],[116.0282,48.7675],[115.8004,48.5304],[115.7912,48.5138],[115.7866,48.493],[115.7866,48.473],[115.8093,48.274],[115.8,48.2423],[115.7708,48.2241],[115.5364,48.1492],[115.5142,48.1316],[115.5145,48.1221],[115.5458,47.993],[115.5619,47.9332],[115.5757,47.9097],[115.5999,47.8874],[115.8527,47.7056],[115.9145,47.6839],[115.9729,47.7091],[116.0843,47.8069],[116.1816,47.8496],[116.2439,47.8629],[116.4289,47.8351],[116.4997,47.8364],[116.7517,47.8741],[116.822,47.8763],[116.8533,47.8721],[116.9728,47.8376],[117.0474,47.8195],[117.0697,47.8102],[117.3171,47.6541],[117.3608,47.6509],[117.3999,47.6857],[117.4365,47.7305],[117.4729,47.7572],[117.5272,47.7865],[117.7417,47.9776],[117.7669,47.9931],[117.8152,48.0048],[117.9728,47.9979],[117.9972,48.0],[118.064,48.0196],[118.1225,48.0275],[118.1825,48.0282],[118.2063,48.0233],[118.2543,48.0029],[118.28,47.9981],[118.4728,47.9894],[118.5423,47.9662],[118.6052,47.9147],[118.7133,47.7936],[118.7674,47.7562],[118.9726,47.6951],[119.0596,47.6735],[119.0835,47.6616],[119.0969,47.6466],[119.1042,47.6277],[119.1165,47.556],[119.1221,47.539],[119.1339,47.5275],[119.1576,47.5177],[119.251,47.4929],[119.291,47.4844],[119.3101,47.4761],[119.3178,47.4621],[119.3126,47.4522],[119.2888,47.4291],[119.2819,47.4149],[119.3207,47.407],[119.476,47.3092],[119.4907,47.2972],[119.5039,47.2792],[119.513,47.2627],[119.5251,47.2508],[119.5874,47.2384],[119.6294,47.2161],[119.7,47.1595],[119.7289,47.1286],[119.754,47.0944],[119.7605,47.0746],[119.7617,47.0155],[119.765,47.0038],[119.7673,46.9981],[119.7701,46.993],[119.7843,46.9783],[119.8174,46.9549],[119.8317,46.9421],[119.8368,46.9336],[119.8397,46.9257],[119.8435,46.9182],[119.8523,46.9107],[119.8629,46.909],[119.8792,46.9081],[119.8929,46.9055],[119.8964,46.8986],[119.8904,46.8882],[119.885,46.8809],[119.8814,46.8729],[119.8812,46.8606],[119.8831,46.8554],[119.8868,46.8515],[119.8916,46.8485],[119.8968,46.8465],[119.9029,46.8424],[119.9021,46.8373],[119.8989,46.8313],[119.898,46.8244],[119.8987,46.8021],[119.8859,46.7701],[119.8831,46.753],[119.8872,46.7443],[119.9034,46.7264],[119.907,46.7183],[119.9042,46.7089],[119.898,46.7016],[119.8903,46.6948],[119.8727,46.6732],[119.8544,46.6597],[119.8344,46.651],[119.8173,46.6516],[119.7963,46.6588],[119.7822,46.6556],[119.77,46.6436],[119.7544,46.6244],[119.7403,46.6133],[119.7196,46.6027],[119.6978,46.5949],[119.6801,46.5916],[119.6588,46.5962],[119.6235,46.6163],[119.6022,46.6197],[119.5759,46.6192],[119.5013,46.628],[119.4529,46.6275],[119.3633,46.613],[119.3169,46.6117],[119.0624,46.661],[119.037,46.6687],[119.0141,46.6833],[118.9849,46.7245],[118.9672,46.7405],[118.947,46.7371],[118.9221,46.7155],[118.9071,46.7094],[118.8906,46.7135],[118.8796,46.7273],[118.8752,46.744],[118.8675,46.7583],[118.8465,46.7655],[118.8162,46.7582],[118.7922,46.7378],[118.7538,46.6912],[118.7201,46.6767],[118.6846,46.6835],[118.6474,46.6977],[118.6094,46.7058],[118.5952,46.703],[118.5677,46.6897],[118.552,46.6858],[118.4728,46.6857],[118.4352,46.6912],[118.3712,46.714],[118.3355,46.7222],[118.3008,46.7248],[118.269,46.7229],[118.2383,46.7154],[118.206,46.7009],[118.169,46.6785],[118.1555,46.6746],[118.102,46.6731],[118.0839,46.6683],[118.0055,46.627],[117.9728,46.6234],[117.9238,46.6152],[117.9006,46.6076],[117.8783,46.5964],[117.8593,46.5803],[117.8327,46.5428],[117.817,46.5275],[117.7976,46.5203],[117.6962,46.5123],[117.6734,46.516],[117.6252,46.5357],[117.6075,46.5505],[117.582,46.592],[117.5682,46.6035],[117.5563,46.6016],[117.5101,46.5785],[117.5018,46.5773],[117.4918,46.5791],[117.4729,46.5847],[117.3938,46.5714],[117.4101,46.5398],[117.4125,46.5246],[117.4055,46.5108],[117.3692,46.4757],[117.3575,46.4484],[117.3531,46.3795],[117.3375,46.3573],[117.3017,46.3501],[116.9579,46.3664],[116.8317,46.3864],[116.8146,46.3867],[116.8046,46.3829],[116.7848,46.3659],[116.722,46.3287],[116.7073,46.3242],[116.6452,46.3185],[116.6036,46.3093],[116.582,46.298],[116.582,46.2984],[116.4988,46.3656],[116.2945,46.5963],[116.2794,46.6081],[116.2633,46.6161],[116.2444,46.6211],[115.8198,46.6079],[115.631,46.5803],[115.1705,46.5694],[115.0822,46.5516],[114.912,46.492],[114.7931,46.6458],[114.7331,46.7069],[114.7035,46.7297],[114.6734,46.7485],[114.6444,46.7628],[114.6137,46.7746],[114.5006,46.806],[114.4835,46.8128],[114.4683,46.823],[114.4557,46.8382],[114.4465,46.8581],[114.4406,46.8833],[114.444,46.9644],[114.4787,47.1464],[114.4697,47.1729],[114.4561,47.1844],[114.4354,47.1972],[114.2599,47.2621],[113.8035,47.5112],[113.1962,47.6018],[113.0031,47.6638],[112.9498,47.6711],[112.9204,47.6712],[112.8908,47.6688],[112.8584,47.6624],[112.6868,47.5986],[112.6975,47.7186],[112.6883,47.8102],[112.6454,47.9358],[112.6039,47.9944],[112.5903,48.0087],[112.5386,48.0768],[112.5144,48.2476],[112.5279,48.3151],[112.5516,48.3572],[112.5542,48.4165],[112.5408,48.4721],[112.5234,48.5124],[112.4631,48.6141],[112.2695,48.853],[112.2307,48.914],[112.2135,48.9494],[112.2243,48.971],[112.2476,49.0201],[112.2486,49.0404],[112.2434,49.0669],[112.2071,49.1409],[112.174,49.2762],[112.1702,49.3205],[112.1743,49.3257],[112.1787,49.3298],[112.194,49.3406],[112.203,49.3499],[112.2073,49.3559],[112.2068,49.3603],[112.2021,49.3673],[112.1298,49.4365],[112.1264,49.4399],[112.4322,49.5292],[112.4733,49.5341],[112.5843,49.5263],[112.6714,49.4959],[112.7015,49.4913],[112.7337,49.4928],[112.7771,49.5014],[112.8681,49.5317],[112.9262,49.5665],[112.9473,49.5761],[112.9698,49.583],[112.9928,49.5872],[113.0437,49.5886],[113.0608,49.596],[113.0716,49.6177],[113.0742,49.6534],[113.0772,49.669],[113.0875,49.6874],[113.1567,49.7774],[113.1827,49.802],[113.2124,49.822],[113.4155,49.9224],[113.4423,49.946],[113.4585,49.9573],[113.5104,49.981],[113.5279,49.9928],[113.5797,50.0199],[113.7523,50.0786],[113.7731,50.0816],[113.8158,50.0769],[113.8368,50.0769],[113.8498,50.0807],[113.9731,50.1605],[113.9933,50.1687],[114.0351,50.1769],[114.0553,50.1838],[114.1182,50.2244],[114.2001,50.2562],[114.2863,50.2769],[114.333,50.2723],[114.425,50.2418],[114.473,50.234],[114.6597,50.2514],[114.7537,50.2362],[114.9974,50.1443],[115.0152,50.1329],[115.028,50.1199],[115.0496,50.0908],[115.0634,50.0775],[115.2102,49.9717],[115.3687,49.8954],[115.3878,49.8911],[115.4501,49.8914],[115.473,49.8871],[115.5085,49.8868],[115.5782,49.8936],[115.6834,49.8777],[115.7163,49.8778],[115.7509,49.885],[116.0536,49.9984],[116.1354,50.0144],[116.2176,50.0138],[116.3005,49.993],[116.5754,49.9218],[116.6172,49.8973],[116.6534,49.8638],[116.6843,49.8233]]]}},{"type":"Feature","properties":{"id":"MNG-3297","name":"Dornogovi","nameBn":"ডর্নোগোবি প্রদেশ","type":"Province","bounds":[107.6654,42.3984,111.9846,47.0118],"center":[109.825,44.4088]},"geometry":{"type":"Polygon","coordinates":[[[111.9846,45.0872],[111.9734,45.087],[111.9583,45.0845],[111.9479,45.0777],[111.9385,45.069],[111.9267,45.0609],[111.9063,45.0541],[111.8632,45.0463],[111.8433,45.0395],[111.7865,45.0086],[111.7607,44.9893],[111.7385,44.9663],[111.5514,44.6932],[111.541,44.6682],[111.5401,44.6522],[111.5444,44.6181],[111.5438,44.6013],[111.5382,44.5834],[111.5302,44.5706],[111.509,44.5466],[111.4838,44.5064],[111.4732,44.4953],[111.4708,44.4933],[111.4469,44.4759],[111.4241,44.448],[111.4064,44.4165],[111.3971,44.3874],[111.3964,44.3466],[111.4106,44.3261],[111.4732,44.2988],[111.4906,44.2826],[111.4981,44.2644],[111.5037,44.2257],[111.5194,44.1886],[111.5438,44.1567],[111.6345,44.0659],[111.6681,44.0413],[111.7807,43.9862],[111.8114,43.9643],[111.8388,43.9388],[111.9306,43.8201],[111.9443,43.7864],[111.9479,43.757],[111.9451,43.7239],[111.9334,43.6966],[111.9104,43.685],[111.8933,43.6826],[111.8458,43.6669],[111.7726,43.6693],[111.7538,43.6632],[111.5973,43.5234],[111.5677,43.5025],[111.535,43.4907],[111.4287,43.4839],[111.4014,43.4755],[111.3386,43.4382],[111.0961,43.3667],[110.9734,43.3156],[110.9337,43.2878],[110.797,43.1489],[110.6801,43.0577],[110.6657,43.0374],[110.641,42.9878],[110.6082,42.9447],[110.5667,42.9106],[110.4734,42.8549],[110.4494,42.8373],[110.4248,42.7852],[110.4067,42.7686],[110.1399,42.6826],[110.1057,42.6667],[110.0932,42.6579],[110.0843,42.6501],[110.0749,42.6435],[110.0602,42.6384],[110.0427,42.636],[109.9873,42.6365],[109.9127,42.6288],[109.6673,42.549],[109.5183,42.4673],[109.5103,42.4647],[109.5049,42.4649],[109.5,42.4633],[109.4938,42.4552],[109.4901,42.4513],[109.4851,42.4493],[109.3286,42.4405],[109.2803,42.4283],[109.2534,42.4259],[108.9945,42.4495],[108.9613,42.4475],[108.8627,42.4089],[108.8285,42.4],[108.7969,42.3984],[108.5365,42.4351],[108.3198,42.4326],[108.2348,42.4501],[108.1774,42.4543],[108.0497,42.4391],[108.0497,42.4394],[108.0183,42.9175],[108.0209,42.9418],[108.0353,42.9845],[108.0467,43.0311],[108.0529,43.0763],[108.0522,43.1151],[108.0476,43.1538],[107.9983,43.3454],[107.9869,43.437],[107.9839,43.557],[107.9767,43.7074],[107.7678,44.1687],[107.6787,44.2976],[107.6697,44.3197],[107.6654,44.3377],[107.6679,44.3678],[107.7081,44.5113],[107.7607,44.5386],[107.775,44.5573],[107.7905,44.5869],[107.8192,44.7497],[107.8333,44.7876],[107.8523,44.8058],[107.8776,44.814],[107.9528,44.8189],[108.3076,44.8513],[108.4051,44.8932],[108.4517,44.9578],[108.4827,44.9927],[108.5199,45.0126],[108.5373,45.017],[108.5536,45.0182],[108.5924,45.0172],[108.6137,45.0222],[108.622,45.0334],[108.6216,45.0546],[108.6003,45.1092],[108.5269,45.4335],[108.5077,45.6373],[108.5114,45.7116],[108.5356,45.8132],[108.5924,45.9326],[108.5549,45.9344],[108.4189,45.9004],[108.3902,45.9101],[108.3629,45.9308],[108.3268,45.9754],[108.3138,45.9883],[108.3023,46.0024],[108.2924,46.0373],[108.2963,46.0675],[108.3245,46.2169],[108.3276,46.2838],[108.3248,46.3042],[108.3154,46.3338],[108.2908,46.3823],[108.2519,46.4241],[108.0931,46.5417],[108.0758,46.5594],[108.0735,46.5729],[108.0827,46.5876],[108.1052,46.6066],[108.2021,46.6637],[108.2112,46.6722],[108.1618,46.6771],[108.0928,46.6775],[108.0516,46.6841],[108.0207,46.6932],[107.9931,46.7114],[107.9717,46.7305],[107.9567,46.7744],[108.0023,46.7928],[108.0505,46.8023],[108.1153,46.8107],[108.2035,46.8114],[108.3573,46.7906],[108.4799,46.7803],[108.639,46.832],[108.7106,46.8605],[108.7458,46.884],[108.7588,46.8951],[108.8281,47.0118],[108.9495,46.9742],[108.968,46.9347],[108.9723,46.9192],[108.9752,46.8986],[108.9702,46.8273],[108.9732,46.8205],[108.9838,46.8134],[108.9924,46.8152],[108.9996,46.8187],[109.0343,46.8551],[109.0521,46.8672],[109.0696,46.8728],[109.0872,46.8695],[109.1018,46.8556],[109.1119,46.8286],[109.1175,46.8],[109.1191,46.7731],[109.1168,46.7525],[109.1094,46.7268],[109.0921,46.6943],[109.0176,46.5978],[109.0078,46.578],[109.002,46.5565],[109.0001,46.5439],[109.0001,46.5247],[109.0016,46.5152],[109.0088,46.4985],[109.0134,46.49],[109.0458,46.4435],[109.1377,46.38],[109.1631,46.348],[109.1966,46.2912],[109.2178,46.2689],[109.2443,46.25],[109.3919,46.1786],[109.4926,46.1704],[109.7414,46.1888],[109.7848,46.1997],[109.833,46.2204],[109.9897,46.3106],[109.9973,46.319],[110.0285,46.3696],[110.0673,46.4613],[110.071,46.4794],[110.0704,46.4981],[110.0429,46.5898],[110.0434,46.6204],[110.055,46.6323],[110.0962,46.6358],[110.1545,46.6333],[110.1786,46.6239],[110.206,46.604],[110.2356,46.5656],[110.2913,46.5058],[110.4545,46.3886],[110.474,46.3678],[110.493,46.3383],[110.521,46.2782],[110.5524,46.2405],[110.6397,46.1818],[110.8487,46.0927],[110.9156,46.075],[110.9721,46.0741],[111.0401,46.1077],[111.231,46.23],[111.6009,46.112],[111.6192,46.0972],[111.6305,46.0785],[111.6453,46.0391],[111.7358,45.9015],[111.7571,45.8552],[111.771,45.8045],[111.7534,45.5396],[111.7543,45.5082],[111.7602,45.501],[111.7756,45.4883],[111.8026,45.4767],[111.8351,45.4563],[111.8465,45.4315],[111.8573,45.3691],[111.8756,45.3486],[111.8985,45.3345],[111.9247,45.3218],[111.9457,45.3081],[111.971,45.2849],[111.9806,45.2658],[111.9834,45.244],[111.9789,45.1948],[111.9789,45.1493],[111.9842,45.092],[111.9846,45.0874],[111.9846,45.0872]]]}},{"type":"Feature","properties":{"id":"MNG-3325","name":"Dundgovi","nameBn":"দুন্ডগোভি","type":"Province","bounds":[103.6093,44.1972,108.622,46.7744],"center":[106.116,45.4132]},"geometry":{"type":"Polygon","coordinates":[[[107.1015,46.4035],[107.1814,46.4099],[107.341,46.4137],[107.3663,46.4166],[107.4158,46.4265],[107.5176,46.4547],[107.5365,46.4625],[107.5508,46.4735],[107.6021,46.5264],[107.6106,46.5325],[107.6307,46.5418],[107.6769,46.5533],[107.7621,46.5612],[107.7854,46.5664],[107.7968,46.5709],[107.8157,46.583],[107.823,46.5905],[107.8316,46.6061],[107.8357,46.6226],[107.8421,46.6837],[107.851,46.7215],[107.856,46.7611],[107.9567,46.7744],[107.9717,46.7305],[107.9931,46.7114],[108.0207,46.6932],[108.0516,46.6841],[108.0928,46.6775],[108.1618,46.6771],[108.2112,46.6722],[108.2021,46.6637],[108.1052,46.6066],[108.0827,46.5876],[108.0735,46.5729],[108.0758,46.5594],[108.0931,46.5417],[108.2519,46.4241],[108.2908,46.3823],[108.3154,46.3338],[108.3248,46.3042],[108.3276,46.2838],[108.3245,46.2169],[108.2963,46.0675],[108.2924,46.0373],[108.3023,46.0024],[108.3138,45.9883],[108.3268,45.9754],[108.3629,45.9308],[108.3902,45.9101],[108.4189,45.9004],[108.5549,45.9344],[108.5924,45.9326],[108.5356,45.8132],[108.5114,45.7116],[108.5077,45.6373],[108.5269,45.4335],[108.6003,45.1092],[108.6216,45.0546],[108.622,45.0334],[108.6137,45.0222],[108.5924,45.0172],[108.5536,45.0182],[108.5373,45.017],[108.5199,45.0126],[108.4827,44.9927],[108.4517,44.9578],[108.4051,44.8932],[108.3076,44.8513],[107.9528,44.8189],[107.8776,44.814],[107.8523,44.8058],[107.8333,44.7876],[107.8192,44.7497],[107.7905,44.5869],[107.775,44.5573],[107.7607,44.5386],[107.7081,44.5113],[107.5461,44.474],[107.4463,44.4641],[107.4271,44.4658],[107.3547,44.4913],[107.3089,44.4965],[107.2798,44.4956],[106.7069,44.3542],[106.6358,44.3277],[106.5484,44.2764],[106.4747,44.253],[106.4287,44.2432],[106.3399,44.2324],[106.0272,44.1972],[105.997,44.2025],[105.9201,44.2269],[105.8429,44.2595],[105.763,44.3062],[105.7453,44.3271],[105.7311,44.3525],[105.7298,44.3739],[105.7307,44.3932],[105.718,44.4177],[105.6898,44.4585],[105.6235,44.5245],[105.4971,44.6908],[105.4772,44.7003],[105.4175,44.7114],[105.1324,44.7315],[104.7207,44.7629],[104.2763,44.8138],[104.2026,44.8303],[104.177,44.8455],[104.1531,44.8673],[104.1121,44.9267],[104.1118,44.9374],[104.1127,44.9449],[104.1173,44.9561],[104.1223,44.9796],[104.1223,44.9913],[104.1203,44.999],[104.1162,45.0079],[104.1127,45.0188],[104.1122,45.0253],[104.1124,45.0318],[104.1135,45.0379],[104.1152,45.0435],[104.1241,45.0578],[104.1264,45.063],[104.1278,45.0688],[104.1278,45.0752],[104.1244,45.1138],[104.1247,45.127],[104.1273,45.1454],[104.1273,45.1511],[104.1264,45.1556],[104.1212,45.1629],[104.1008,45.1839],[103.7717,45.1884],[103.769,45.2535],[103.7774,45.2751],[103.7875,45.2953],[103.8122,45.3325],[103.7995,45.3613],[103.6919,45.4329],[103.651,45.4715],[103.6312,45.4966],[103.6202,45.5185],[103.6131,45.5424],[103.6093,45.5658],[103.6095,45.5855],[103.6151,45.604],[103.6253,45.6218],[103.6632,45.6598],[103.7197,45.6986],[103.7435,45.7101],[103.7687,45.7181],[103.8353,45.7261],[104.0592,45.7438],[104.1082,45.8009],[104.1135,45.8709],[104.157,46.0172],[104.1586,46.0312],[104.1654,46.1012],[104.1707,46.1109],[104.1814,46.1233],[104.1979,46.1296],[104.226,46.1365],[104.3549,46.1425],[104.4197,46.1606],[104.4408,46.1784],[104.4546,46.1969],[104.4677,46.2191],[104.5284,46.2716],[104.5364,46.2946],[104.5383,46.3429],[104.5443,46.3652],[104.5514,46.3807],[104.6039,46.4205],[104.6315,46.3965],[104.6533,46.3804],[104.7864,46.4603],[104.8429,46.4886],[104.8787,46.5122],[104.9668,46.5904],[105.06,46.5668],[105.1559,46.5452],[105.226,46.5261],[105.2866,46.5019],[105.3101,46.4882],[105.3493,46.4689],[105.3967,46.4389],[105.476,46.5403],[105.5503,46.6079],[105.571,46.6236],[105.66,46.7097],[105.7004,46.7202],[105.7655,46.7322],[105.802,46.7335],[105.8254,46.7306],[105.8363,46.7277],[105.8554,46.7187],[105.9167,46.6767],[105.965,46.6564],[105.9992,46.6454],[106.1052,46.6233],[106.1266,46.6149],[106.1444,46.6028],[106.1512,46.5958],[106.1639,46.5746],[106.3541,46.5744],[106.5462,46.5725],[106.6333,46.5742],[106.6995,46.5724],[106.8003,46.5592],[106.8339,46.5515],[106.8968,46.5268],[106.9389,46.5002],[106.9964,46.4589],[107.0394,46.4315],[107.1015,46.4035]]]}},{"type":"Feature","properties":{"id":"MNG-3318","name":"Dzavhan","nameBn":"জাবখান প্রদেশ","type":"Province","bounds":[93.1908,46.5857,99.1547,50.0202],"center":[96.1728,48.615]},"geometry":{"type":"Polygon","coordinates":[[[95.8279,50.0202],[95.867,50.015],[95.8922,49.9929],[95.8922,49.9928],[95.9045,49.9648],[95.9227,49.9446],[95.9463,49.9385],[95.9748,49.9525],[95.9857,49.965],[95.9983,49.9759],[96.0119,49.9852],[96.0266,49.9928],[96.041,49.9979],[96.056,49.9988],[96.0711,49.9967],[96.0859,49.9929],[96.0861,49.9929],[96.0863,49.9928],[96.0864,49.9928],[96.2356,49.9492],[96.2812,49.9263],[96.3234,49.8979],[96.3463,49.8886],[96.3729,49.8861],[96.3991,49.8917],[96.4488,49.914],[96.4747,49.9217],[96.5033,49.9221],[96.5239,49.9158],[96.5393,49.9019],[96.553,49.8799],[96.5681,49.8618],[96.5851,49.8575],[96.6044,49.8629],[96.626,49.8734],[96.6802,49.9097],[96.7019,49.9138],[96.9692,49.8867],[97.0059,49.8653],[97.0423,49.8232],[97.0573,49.8127],[97.0853,49.8058],[97.0859,49.8013],[97.0886,49.7924],[97.0933,49.7815],[97.0991,49.7713],[97.1072,49.7607],[97.1443,49.725],[97.1499,49.7143],[97.1407,49.702],[97.118,49.6873],[97.0299,49.6484],[96.9499,49.6003],[96.9013,49.561],[96.888,49.5464],[96.8742,49.524],[96.8665,49.5075],[96.8565,49.477],[96.8562,49.4534],[96.8577,49.4367],[96.8727,49.3996],[96.8988,49.3759],[97.1077,49.2484],[97.1582,49.227],[97.2403,49.2124],[97.4293,49.2044],[97.5324,49.2024],[97.5904,49.1849],[97.8945,49.0379],[97.9166,49.031],[97.9636,49.0285],[98.0285,49.0406],[98.0604,49.0503],[98.0883,49.0558],[98.186,49.0604],[98.3248,49.0484],[98.3958,49.0321],[98.4324,49.0174],[98.4759,48.9953],[98.499,48.9874],[98.5203,48.9841],[98.5584,48.9865],[98.5846,48.9909],[98.6413,49.0156],[98.6945,49.0657],[98.7424,49.1344],[99.0536,49.1558],[99.0717,49.1444],[99.0795,49.1307],[99.0872,49.1077],[99.1054,48.9857],[99.1204,48.9259],[99.1445,48.8742],[99.1547,48.8552],[99.1538,48.8424],[99.135,48.7966],[99.1191,48.768],[99.1016,48.7424],[99.0294,48.6647],[99.0223,48.6512],[99.0179,48.6352],[99.0158,48.6134],[99.019,48.5838],[99.0288,48.5472],[99.0897,48.4036],[99.0966,48.338],[98.7866,48.2423],[98.7278,48.237],[98.6967,48.2275],[98.6679,48.2064],[98.6345,48.1598],[98.6046,48.1368],[98.5605,48.1181],[98.4835,48.101],[98.2733,48.097],[98.244,48.0912],[98.2196,48.0827],[98.2005,48.0682],[98.187,48.0548],[98.1613,48.0034],[98.1701,47.9775],[98.2056,47.918],[98.2186,47.8833],[98.2208,47.8563],[98.2152,47.8341],[98.172,47.739],[98.1687,47.716],[98.1727,47.6968],[98.1848,47.6807],[98.2165,47.6686],[98.2445,47.6612],[98.391,47.6504],[98.3944,47.6417],[98.3952,47.6343],[98.395,47.6241],[98.3891,47.5961],[98.3827,47.5791],[98.3709,47.5581],[98.3538,47.5342],[98.3235,47.5023],[98.2796,47.4692],[98.2657,47.453],[98.2642,47.4299],[98.273,47.4116],[98.2783,47.3905],[98.2652,47.3617],[98.238,47.3217],[98.1539,47.2388],[98.0965,47.2203],[98.0332,47.2106],[97.9397,47.2101],[97.9054,47.2064],[97.8752,47.1946],[97.8593,47.1746],[97.8521,47.1472],[97.8484,47.116],[97.8388,47.0861],[97.6849,46.7543],[97.6422,46.6826],[97.6363,46.6617],[97.6387,46.605],[97.5584,46.6187],[97.4858,46.6511],[97.4378,46.673],[97.3943,46.6734],[97.3768,46.6697],[97.3693,46.6669],[97.3645,46.663],[97.3512,46.6458],[97.3424,46.6379],[97.2896,46.6055],[97.2552,46.5907],[97.2387,46.5878],[97.2139,46.5857],[97.2007,46.5864],[97.1909,46.5881],[97.1666,46.5977],[97.1517,46.6022],[97.1444,46.603],[97.036,46.6046],[96.9866,46.6098],[96.9815,46.6192],[96.9754,46.6337],[96.9796,46.6683],[96.9707,46.6842],[96.8999,46.7392],[96.8713,46.7714],[96.8525,46.8032],[96.8445,46.8294],[96.8347,46.8931],[96.7494,46.9215],[96.715,46.9377],[96.6795,46.9405],[96.4199,46.8855],[96.3851,46.8868],[96.3768,46.9458],[96.3623,46.9682],[96.3403,47.0102],[96.3195,47.0798],[96.2988,47.1047],[96.2397,47.1557],[96.2162,47.1921],[96.1945,47.2432],[96.1796,47.2574],[96.1582,47.273],[96.1246,47.2854],[96.11,47.2882],[96.0828,47.2974],[95.7179,47.4554],[95.6518,47.4885],[95.5891,47.5293],[95.5787,47.5329],[95.5469,47.5399],[95.5112,47.5516],[95.4704,47.5735],[95.2159,47.5837],[95.1871,47.5757],[95.1456,47.5586],[95.1101,47.5624],[95.0923,47.5722],[95.0809,47.581],[95.0692,47.5926],[95.0562,47.6121],[95.0391,47.6311],[95.0169,47.6518],[94.9981,47.6656],[94.9684,47.6759],[94.8825,47.694],[94.8525,47.6927],[94.8213,47.6943],[94.8126,47.6933],[94.7749,47.6833],[94.7581,47.6808],[94.6414,47.6782],[94.5097,47.687],[94.3924,47.7149],[94.3226,47.7219],[94.3118,47.724],[94.2995,47.7292],[94.2672,47.7479],[94.2414,47.7587],[94.1986,47.7709],[94.1463,47.7783],[94.1114,47.779],[94.082,47.7742],[93.9885,47.7303],[93.8565,47.6827],[93.7319,47.6503],[93.488,47.631],[93.3989,47.7373],[93.2791,47.8485],[93.2686,47.8674],[93.269,47.8953],[93.2658,47.9228],[93.2544,47.9588],[93.2321,47.996],[93.1908,48.0885],[93.2633,48.1197],[93.315,48.1495],[93.4336,48.2347],[93.4664,48.2656],[93.4819,48.288],[93.4847,48.2949],[93.4866,48.3039],[93.4865,48.3215],[93.4873,48.3313],[93.489,48.3389],[93.4939,48.3484],[93.4967,48.3522],[93.4994,48.3552],[93.5011,48.3585],[93.5025,48.363],[93.5008,48.3699],[93.4989,48.3736],[93.487,48.382],[93.4564,48.3976],[93.5159,48.5044],[93.5686,48.5448],[93.6091,48.5639],[93.6435,48.5859],[93.6887,48.636],[93.7154,48.6576],[94.1303,48.803],[94.1726,48.8032],[94.4567,48.726],[94.4998,48.7197],[94.6208,48.7221],[94.6504,48.7166],[94.6955,48.6972],[94.7008,48.6947],[94.7935,48.6867],[94.9631,48.6999],[95.0952,48.7239],[95.2164,48.7681],[95.287,48.7937],[95.3648,48.8411],[95.4088,48.8476],[95.49,48.8482],[95.5217,48.8585],[95.5585,48.9053],[95.573,48.9433],[95.5736,48.9538],[95.5706,48.9867],[95.574,49.008],[95.5836,49.0296],[95.5984,49.0545],[95.6025,49.0777],[95.5987,49.1042],[95.591,49.1317],[95.5891,49.1644],[95.5988,49.1943],[95.686,49.3078],[95.6897,49.3621],[95.6814,49.3911],[95.6695,49.4082],[95.6516,49.4276],[95.6266,49.4414],[95.564,49.464],[95.5353,49.4775],[95.518,49.4949],[95.5109,49.5069],[95.4985,49.5463],[95.487,49.568],[95.4623,49.6058],[95.4508,49.6369],[95.4502,49.6627],[95.4595,49.6853],[95.4781,49.7195],[95.4813,49.7274],[95.4824,49.7319],[95.4836,49.7475],[95.476,49.8013],[95.462,49.8447],[95.4592,49.8772],[95.4772,49.8941],[95.4806,49.8922],[95.5007,49.8867],[95.5206,49.8896],[95.5371,49.9007],[95.5632,49.9276],[95.584,49.9367],[95.6805,49.946],[95.7214,49.9585],[95.7589,49.9931],[95.7877,50.0117],[95.8279,50.0202]]]}},{"type":"Feature","properties":{"id":"MNG-3319","name":"Govi-Altay","nameBn":"গোভি-আল্টাই প্রদেশ","type":"Province","bounds":[93.0759,42.7205,98.4792,47.779],"center":[95.7776,45.4627]},"geometry":{"type":"Polygon","coordinates":[[[93.269,44.9801],[93.2442,44.9815],[93.1657,45.0076],[93.1392,45.0099],[93.0759,45.0052],[93.076,45.0054],[93.0773,45.0102],[93.1293,45.3279],[93.1355,45.4479],[93.1101,45.6678],[93.1176,45.7023],[93.1366,45.7256],[93.1624,45.7436],[93.277,45.7915],[93.3004,45.8066],[93.3213,45.8262],[93.358,45.8821],[93.3702,45.8959],[93.3956,45.907],[93.4093,45.9238],[93.4097,45.9425],[93.4002,45.9933],[93.4044,46.0112],[93.4999,46.179],[93.6144,46.3222],[93.6303,46.35],[93.6341,46.3819],[93.6271,46.4143],[93.6113,46.4458],[93.5471,46.5324],[93.5365,46.5501],[93.5342,46.5713],[93.5478,46.5803],[93.5697,46.5808],[93.5927,46.5769],[93.6981,46.5692],[93.7273,46.5728],[93.7832,46.5856],[93.8931,46.6582],[93.982,46.6966],[94.1868,46.7604],[94.2281,46.7829],[94.2552,46.8095],[94.2643,46.8276],[94.266,46.8649],[94.2299,46.915],[94.1398,47.0062],[94.0835,47.0778],[94.0634,47.1152],[94.0523,47.1515],[94.052,47.1797],[94.0541,47.2057],[94.0482,47.2265],[94.0337,47.2427],[93.9649,47.2647],[93.826,47.3261],[93.6153,47.4567],[93.5401,47.5051],[93.5004,47.5427],[93.494,47.5621],[93.4909,47.5775],[93.488,47.631],[93.7319,47.6503],[93.8565,47.6827],[93.9885,47.7303],[94.082,47.7742],[94.1114,47.779],[94.1463,47.7783],[94.1986,47.7709],[94.2414,47.7587],[94.2672,47.7479],[94.2995,47.7292],[94.3118,47.724],[94.3226,47.7219],[94.3924,47.7149],[94.5097,47.687],[94.6414,47.6782],[94.7581,47.6808],[94.7749,47.6833],[94.8126,47.6933],[94.8213,47.6943],[94.8525,47.6927],[94.8825,47.694],[94.9684,47.6759],[94.9981,47.6656],[95.0169,47.6518],[95.0391,47.6311],[95.0562,47.6121],[95.0692,47.5926],[95.0809,47.581],[95.0923,47.5722],[95.1101,47.5624],[95.1456,47.5586],[95.1871,47.5757],[95.2159,47.5837],[95.4704,47.5735],[95.5112,47.5516],[95.5469,47.5399],[95.5787,47.5329],[95.5891,47.5293],[95.6518,47.4885],[95.7179,47.4554],[96.0828,47.2974],[96.11,47.2882],[96.1246,47.2854],[96.1582,47.273],[96.1796,47.2574],[96.1945,47.2432],[96.2162,47.1921],[96.2397,47.1557],[96.2988,47.1047],[96.3195,47.0798],[96.3403,47.0102],[96.3623,46.9682],[96.3768,46.9458],[96.3851,46.8868],[96.4199,46.8855],[96.6795,46.9405],[96.715,46.9377],[96.7494,46.9215],[96.8347,46.8931],[96.8445,46.8294],[96.8525,46.8032],[96.8713,46.7714],[96.8999,46.7392],[96.9707,46.6842],[96.9796,46.6683],[96.9754,46.6337],[96.9815,46.6192],[96.9866,46.6098],[97.036,46.6046],[97.1444,46.603],[97.1517,46.6022],[97.1666,46.5977],[97.1909,46.5881],[97.2007,46.5864],[97.2139,46.5857],[97.2387,46.5878],[97.2552,46.5907],[97.2896,46.6055],[97.3424,46.6379],[97.3512,46.6458],[97.3645,46.663],[97.3693,46.6669],[97.3768,46.6697],[97.3943,46.6734],[97.4378,46.673],[97.4858,46.6511],[97.5584,46.6187],[97.6387,46.605],[97.6497,46.5358],[97.6415,46.4547],[97.6436,46.4306],[97.6497,46.4069],[97.6591,46.3839],[97.6825,46.3385],[97.6915,46.3266],[97.707,46.3146],[97.7518,46.2972],[97.772,46.2862],[97.7888,46.2663],[97.8098,46.2205],[97.8292,46.2025],[97.9162,46.1588],[97.9437,46.1375],[97.9815,46.1009],[98.0027,46.0883],[98.0254,46.0807],[98.0749,46.0692],[98.1059,46.0658],[98.1332,46.0594],[98.1501,46.0534],[98.1864,46.0236],[98.3774,45.8359],[98.4048,45.793],[98.4228,45.7333],[98.4792,45.4513],[98.4745,45.4112],[98.462,45.3594],[98.3478,45.0791],[98.316,45.034],[98.302,45.0235],[98.2634,44.9995],[98.2488,44.9882],[98.2343,44.9694],[98.2255,44.9467],[98.2219,44.9114],[98.2227,44.8788],[98.2418,44.7479],[98.2393,44.6443],[98.2336,44.6153],[98.2174,44.569],[98.2016,44.5387],[98.178,44.5106],[98.1629,44.4976],[98.1411,44.4823],[98.0923,44.4563],[97.9642,44.407],[97.9496,44.3931],[97.9432,44.3717],[97.9423,44.2823],[97.9784,44.0265],[97.9784,43.9962],[97.9316,43.7212],[97.9422,43.631],[97.9407,43.6003],[97.932,43.5687],[97.8561,43.3837],[97.8064,43.3055],[97.7982,43.2789],[97.7977,43.2476],[97.85,42.7232],[97.85,42.723],[97.5216,42.7552],[97.1933,42.7873],[97.1907,42.7871],[96.8327,42.7596],[96.4747,42.7321],[96.3793,42.7205],[96.3663,42.7229],[96.3578,42.7245],[96.3506,42.7409],[96.3372,42.8665],[96.3307,42.8897],[96.3187,42.9101],[96.2943,42.9333],[95.9085,43.2145],[95.8744,43.2471],[95.855,43.2845],[95.8454,43.3265],[95.8414,43.3725],[95.8328,43.4089],[95.6925,43.6305],[95.5892,43.8695],[95.5353,43.9577],[95.5103,43.9791],[95.4749,43.9866],[95.4227,43.9886],[95.3275,44.0067],[95.319,44.0171],[95.3188,44.0407],[95.3283,44.0982],[95.3214,44.1484],[95.3227,44.1582],[95.3271,44.1683],[95.3406,44.1875],[95.3475,44.2149],[95.3597,44.2318],[95.3892,44.2608],[95.3977,44.2805],[95.3794,44.2871],[95.0368,44.255],[94.9938,44.2594],[94.9058,44.2942],[94.7209,44.3358],[94.6982,44.3435],[94.684,44.3566],[94.6726,44.3738],[94.6572,44.3888],[94.5881,44.4361],[94.4603,44.4933],[94.4301,44.5045],[94.3664,44.5043],[94.3385,44.5121],[94.3219,44.528],[94.2955,44.5714],[94.2775,44.5896],[94.195,44.6543],[94.1819,44.6608],[94.1653,44.6659],[94.149,44.6672],[94.1037,44.6516],[94.0586,44.6513],[93.9751,44.66],[93.9274,44.6729],[93.8745,44.7142],[93.714,44.8746],[93.6883,44.8911],[93.5253,44.9513],[93.4206,44.9551],[93.3999,44.9606],[93.3614,44.9784],[93.341,44.9849],[93.3172,44.9859],[93.269,44.9801]]]}},{"type":"Feature","properties":{"id":"MNG-3330","name":"Govĭ-Sümber","nameBn":"গোভিসুম্বার প্রদেশ","type":"Municipality","bounds":[108.1986,47.5563,108.4928,47.9182],"center":[108.346,47.74]},"geometry":{"type":"Polygon","coordinates":[[[108.4849,47.9136],[108.4811,47.9002],[108.4635,47.8804],[108.4582,47.8692],[108.4712,47.8283],[108.4727,47.8152],[108.4712,47.7836],[108.4763,47.7741],[108.4861,47.7668],[108.4928,47.7593],[108.4883,47.7494],[108.4873,47.7442],[108.4865,47.7216],[108.4849,47.711],[108.4774,47.6942],[108.4409,47.6464],[108.4321,47.6398],[108.4218,47.6348],[108.4134,47.6289],[108.4098,47.6191],[108.4123,47.6064],[108.4251,47.5927],[108.4303,47.5812],[108.4288,47.5563],[108.3024,47.572],[108.2803,47.5791],[108.2615,47.5898],[108.2287,47.6222],[108.2194,47.6625],[108.2018,47.705],[108.1986,47.7234],[108.2019,47.7505],[108.2134,47.7828],[108.2361,47.8257],[108.2506,47.8439],[108.2812,47.87],[108.353,47.9182],[108.4849,47.9136]]]}},{"type":"Feature","properties":{"id":"MNG-3315","name":"Hentiy","nameBn":"খনিটি প্রদেশ","type":"Province","bounds":[108.3961,46.0741,112.6883,49.4399],"center":[110.542,47.7116]},"geometry":{"type":"Polygon","coordinates":[[[108.57,49.3257],[108.6084,49.3237],[108.7511,49.3412],[108.859,49.3406],[108.9305,49.3488],[109.033,49.3279],[109.058,49.3291],[109.1606,49.3467],[109.2867,49.3385],[109.3119,49.3325],[109.3363,49.3233],[109.391,49.3093],[109.4112,49.3032],[109.4507,49.3059],[109.4621,49.3005],[109.4657,49.2945],[109.4698,49.2766],[109.4744,49.2691],[109.4918,49.2628],[109.5162,49.2559],[109.7285,49.2665],[109.785,49.2514],[109.8177,49.2277],[109.8322,49.2269],[109.9131,49.2137],[110.1814,49.162],[110.225,49.1654],[110.2683,49.1771],[110.3094,49.1959],[110.3454,49.2206],[110.361,49.2346],[110.3712,49.2418],[110.3822,49.24],[110.4333,49.2026],[110.4513,49.1946],[110.5082,49.1843],[110.6036,49.1453],[110.645,49.1367],[110.6881,49.1345],[110.7314,49.1377],[110.841,49.1624],[110.9656,49.2074],[111.1386,49.2916],[111.2735,49.3228],[111.2917,49.3308],[111.321,49.3553],[111.3385,49.3647],[111.3627,49.3676],[111.3851,49.3623],[111.4296,49.3464],[111.4545,49.3431],[111.4791,49.3433],[111.5035,49.3471],[111.6165,49.3864],[111.661,49.3964],[112.0302,49.4119],[112.1264,49.4399],[112.1298,49.4365],[112.2021,49.3673],[112.2068,49.3603],[112.2073,49.3559],[112.203,49.3499],[112.194,49.3406],[112.1787,49.3298],[112.1743,49.3257],[112.1702,49.3205],[112.174,49.2762],[112.2071,49.1409],[112.2434,49.0669],[112.2486,49.0404],[112.2476,49.0201],[112.2243,48.971],[112.2135,48.9494],[112.2307,48.914],[112.2695,48.853],[112.4631,48.6141],[112.5234,48.5124],[112.5408,48.4721],[112.5542,48.4165],[112.5516,48.3572],[112.5279,48.3151],[112.5144,48.2476],[112.5386,48.0768],[112.5903,48.0087],[112.6039,47.9944],[112.6454,47.9358],[112.6883,47.8102],[112.615,47.801],[112.6078,47.7993],[112.5832,47.7885],[112.5689,47.785],[112.5178,47.7815],[112.2105,47.7023],[112.1533,47.6757],[112.1322,47.6622],[112.1145,47.6479],[112.1001,47.6332],[112.0901,47.6197],[112.0823,47.6046],[112.0766,47.5886],[112.0722,47.5682],[112.0657,47.5187],[112.065,47.4874],[112.0712,47.4414],[112.0905,47.3821],[111.971,47.3874],[111.8441,47.4042],[111.8255,47.4038],[111.8094,47.4012],[111.7659,47.3882],[111.7225,47.3688],[111.6915,47.3507],[111.5908,47.2705],[111.5563,47.2302],[111.5408,47.2052],[111.529,47.1762],[111.4965,46.9891],[111.4696,46.921],[111.3993,46.8256],[111.307,46.7141],[111.2823,46.6782],[111.2666,46.64],[111.2632,46.5612],[111.2663,46.5396],[111.2758,46.5069],[111.307,46.4322],[111.3134,46.4106],[111.3164,46.3902],[111.3118,46.3706],[111.3027,46.3551],[111.2395,46.2905],[111.2295,46.2734],[111.2252,46.2607],[111.231,46.23],[111.0401,46.1077],[110.9721,46.0741],[110.9156,46.075],[110.8487,46.0927],[110.6397,46.1818],[110.5524,46.2405],[110.521,46.2782],[110.493,46.3383],[110.474,46.3678],[110.4545,46.3886],[110.2913,46.5058],[110.2356,46.5656],[110.206,46.604],[110.1786,46.6239],[110.1545,46.6333],[110.0962,46.6358],[110.055,46.6323],[110.0434,46.6204],[110.0429,46.5898],[110.0704,46.4981],[110.071,46.4794],[110.0673,46.4613],[110.0285,46.3696],[109.9973,46.319],[109.9897,46.3106],[109.833,46.2204],[109.7848,46.1997],[109.7414,46.1888],[109.4926,46.1704],[109.3919,46.1786],[109.2443,46.25],[109.2178,46.2689],[109.1966,46.2912],[109.1631,46.348],[109.1377,46.38],[109.0458,46.4435],[109.0134,46.49],[109.0088,46.4985],[109.0016,46.5152],[109.0001,46.5247],[109.0001,46.5439],[109.002,46.5565],[109.0078,46.578],[109.0176,46.5978],[109.0921,46.6943],[109.1094,46.7268],[109.1168,46.7525],[109.1191,46.7731],[109.1175,46.8],[109.1119,46.8286],[109.1018,46.8556],[109.0872,46.8695],[109.0696,46.8728],[109.0521,46.8672],[109.0343,46.8551],[108.9996,46.8187],[108.9924,46.8152],[108.9838,46.8134],[108.9732,46.8205],[108.9702,46.8273],[108.9752,46.8986],[108.9723,46.9192],[108.968,46.9347],[108.9495,46.9742],[108.8281,47.0118],[108.7599,47.0468],[108.7266,47.0692],[108.6941,47.098],[108.6807,47.1168],[108.6656,47.1556],[108.6236,47.2345],[108.6115,47.2485],[108.5792,47.2721],[108.5696,47.284],[108.5483,47.3407],[108.547,47.3516],[108.5418,47.3578],[108.4788,47.4023],[108.4712,47.4099],[108.4596,47.43],[108.44,47.4745],[108.434,47.4819],[108.4245,47.4869],[108.412,47.4911],[108.4009,47.4976],[108.3961,47.5092],[108.4027,47.5267],[108.4167,47.5403],[108.4288,47.5563],[108.4303,47.5812],[108.4251,47.5927],[108.4123,47.6064],[108.4098,47.6191],[108.4134,47.6289],[108.4218,47.6348],[108.4321,47.6398],[108.4409,47.6464],[108.4774,47.6942],[108.4849,47.711],[108.4865,47.7216],[108.4873,47.7442],[108.4883,47.7494],[108.4928,47.7593],[108.4861,47.7668],[108.4763,47.7741],[108.4712,47.7836],[108.4727,47.8152],[108.4712,47.8283],[108.4582,47.8692],[108.4635,47.8804],[108.4811,47.9002],[108.4849,47.9136],[108.552,47.9223],[108.6004,47.9335],[108.6237,47.9405],[108.6663,47.9569],[108.6843,47.9649],[108.7275,47.9915],[108.7869,48.032],[108.8232,48.0522],[108.8388,48.0594],[108.8746,48.0713],[108.883,48.0758],[108.896,48.0873],[108.9108,48.1092],[108.9271,48.1573],[108.9478,48.1971],[108.9701,48.222],[108.9873,48.2338],[109.0006,48.2407],[109.0177,48.2639],[109.0339,48.2963],[109.0387,48.3213],[109.0361,48.3466],[109.0175,48.4051],[108.9901,48.4534],[108.976,48.4943],[108.9517,48.5524],[108.9176,48.6692],[108.9021,48.7018],[108.8812,48.7354],[108.8743,48.7501],[108.8619,48.8002],[108.8549,48.8165],[108.8175,48.8632],[108.7753,48.9318],[108.7381,48.9738],[108.6991,49.0026],[108.6382,49.0416],[108.6191,49.0556],[108.5976,49.0683],[108.5779,49.0828],[108.5523,49.0982],[108.5215,49.1238],[108.5357,49.226],[108.57,49.3257]]]}},{"type":"Feature","properties":{"id":"MNG-3320","name":"Hovd","nameBn":"হোভদ","type":"Province","bounds":[90.6511,44.9975,94.266,48.979],"center":[92.4584,46.8037]},"geometry":{"type":"Polygon","coordinates":[[[90.9055,45.186],[90.8732,45.1862],[90.8576,45.2151],[90.8603,45.2317],[90.8659,45.2426],[90.8666,45.2536],[90.8544,45.2706],[90.8372,45.28],[90.7966,45.2928],[90.791,45.3043],[90.7905,45.3377],[90.7781,45.3653],[90.7626,45.3916],[90.7533,45.4209],[90.738,45.4417],[90.6723,45.4757],[90.6511,45.4931],[90.6966,45.73],[90.7108,45.7522],[90.9192,45.9501],[90.9751,45.9873],[90.9862,45.9931],[91.0024,46.0218],[91.0054,46.0681],[90.9959,46.1137],[90.9751,46.1405],[90.9488,46.1683],[90.8992,46.2817],[90.8962,46.302],[90.906,46.3173],[90.9358,46.3439],[90.9751,46.4165],[90.9861,46.4353],[91.0014,46.475],[91.0141,46.4932],[91.0356,46.5291],[91.0453,46.5511],[91.0475,46.5664],[91.0325,46.5799],[91.0113,46.5853],[90.9959,46.5946],[90.9981,46.6203],[91.0117,46.6629],[91.0143,46.6898],[91.0381,46.6902],[91.1132,46.6787],[91.1783,46.6586],[91.2102,46.6571],[91.2395,46.66],[91.2687,46.6597],[91.291,46.6459],[91.33,46.6016],[91.3532,46.581],[91.3856,46.5648],[91.417,46.5601],[91.443,46.5666],[91.4599,46.5808],[91.4801,46.6178],[91.4913,46.6333],[91.5047,46.6421],[91.5233,46.6454],[91.5525,46.6315],[91.5691,46.6261],[91.6933,46.6367],[91.8399,46.623],[91.8585,46.6291],[91.8821,46.6446],[91.8874,46.6636],[91.8901,46.6881],[91.8091,46.724],[91.7373,46.7944],[91.6358,46.8592],[91.5536,46.8979],[91.5151,46.909],[91.485,46.9225],[91.4401,46.9478],[91.4182,46.9751],[91.4077,46.9982],[91.4066,47.0186],[91.4107,47.0407],[91.4187,47.0631],[91.4656,47.1453],[91.4688,47.1779],[91.4037,47.2449],[91.2677,47.3595],[91.2421,47.3894],[91.2393,47.4076],[91.2434,47.4223],[91.2502,47.4344],[91.2588,47.4523],[91.2606,47.4715],[91.2584,47.497],[91.2522,47.5173],[91.1845,47.6563],[91.1674,47.6819],[91.1456,47.7029],[91.1255,47.7186],[91.0979,47.754],[91.0133,47.9197],[90.9754,48.0145],[90.9641,48.032],[90.9535,48.0424],[90.9243,48.0654],[90.9076,48.0762],[90.8583,48.1005],[90.8415,48.1124],[90.8344,48.1293],[90.831,48.1433],[90.8277,48.167],[90.8058,48.2532],[90.7958,48.281],[90.7906,48.3112],[90.7934,48.3352],[90.8047,48.3585],[90.8449,48.3982],[90.8495,48.4127],[90.8446,48.4321],[90.8079,48.5075],[90.7948,48.5255],[90.7764,48.5365],[90.7085,48.5566],[90.6964,48.565],[90.6891,48.5741],[90.6865,48.5828],[90.6896,48.5947],[90.7965,48.6087],[91.0975,48.7018],[91.1985,48.7158],[91.2966,48.7003],[91.347,48.7009],[91.3924,48.7131],[91.4493,48.7454],[91.5473,48.832],[91.6091,48.9017],[91.6416,48.9224],[91.7401,48.9626],[91.7857,48.975],[91.8226,48.979],[91.8568,48.9742],[91.8821,48.9634],[91.8981,48.9522],[91.9106,48.9351],[91.979,48.7616],[91.9984,48.7542],[92.016,48.7533],[92.0408,48.7611],[92.0594,48.7629],[92.0836,48.7597],[92.1111,48.7389],[92.1327,48.7103],[92.1682,48.6426],[92.1879,48.6165],[92.2086,48.6051],[92.2324,48.6074],[92.278,48.6311],[92.2939,48.6356],[92.6574,48.5772],[92.7676,48.5601],[92.8165,48.5722],[92.8629,48.5999],[92.904,48.6317],[92.9539,48.6575],[92.9926,48.6668],[93.0238,48.6691],[93.0749,48.6628],[93.0853,48.6597],[93.0918,48.6563],[93.0966,48.6529],[93.1104,48.6462],[93.1912,48.6167],[93.2102,48.6031],[93.2154,48.5969],[93.2195,48.591],[93.2221,48.5856],[93.2241,48.5796],[93.2283,48.5539],[93.2354,48.5292],[93.2403,48.5181],[93.2434,48.513],[93.2506,48.5045],[93.2547,48.5006],[93.2556,48.4998],[93.2786,48.4886],[93.3432,48.4428],[93.3651,48.4303],[93.4564,48.3976],[93.487,48.382],[93.4989,48.3736],[93.5008,48.3699],[93.5025,48.363],[93.5011,48.3585],[93.4994,48.3552],[93.4967,48.3522],[93.4939,48.3484],[93.489,48.3389],[93.4873,48.3313],[93.4865,48.3215],[93.4866,48.3039],[93.4847,48.2949],[93.4819,48.288],[93.4664,48.2656],[93.4336,48.2347],[93.315,48.1495],[93.2633,48.1197],[93.1908,48.0885],[93.2321,47.996],[93.2544,47.9588],[93.2658,47.9228],[93.269,47.8953],[93.2686,47.8674],[93.2791,47.8485],[93.3989,47.7373],[93.488,47.631],[93.4909,47.5775],[93.494,47.5621],[93.5004,47.5427],[93.5401,47.5051],[93.6153,47.4567],[93.826,47.3261],[93.9649,47.2647],[94.0337,47.2427],[94.0482,47.2265],[94.0541,47.2057],[94.052,47.1797],[94.0523,47.1515],[94.0634,47.1152],[94.0835,47.0778],[94.1398,47.0062],[94.2299,46.915],[94.266,46.8649],[94.2643,46.8276],[94.2552,46.8095],[94.2281,46.7829],[94.1868,46.7604],[93.982,46.6966],[93.8931,46.6582],[93.7832,46.5856],[93.7273,46.5728],[93.6981,46.5692],[93.5927,46.5769],[93.5697,46.5808],[93.5478,46.5803],[93.5342,46.5713],[93.5365,46.5501],[93.5471,46.5324],[93.6113,46.4458],[93.6271,46.4143],[93.6341,46.3819],[93.6303,46.35],[93.6144,46.3222],[93.4999,46.179],[93.4044,46.0112],[93.4002,45.9933],[93.4097,45.9425],[93.4093,45.9238],[93.3956,45.907],[93.3702,45.8959],[93.358,45.8821],[93.3213,45.8262],[93.3004,45.8066],[93.277,45.7915],[93.1624,45.7436],[93.1366,45.7256],[93.1176,45.7023],[93.1101,45.6678],[93.1355,45.4479],[93.1293,45.3279],[93.0773,45.0102],[93.076,45.0054],[93.0759,45.0052],[93.0524,45.0035],[93.0331,45.0076],[93.0139,45.0093],[92.9945,45.0084],[92.9749,45.0047],[92.9451,45.0058],[92.9162,45.0146],[92.861,45.0379],[92.8476,45.0391],[92.8142,45.0339],[92.7989,45.0332],[92.7527,45.038],[92.6385,45.0156],[92.5721,45.013],[92.4751,44.9975],[92.459,44.9979],[92.4138,45.0113],[92.3965,45.0131],[92.3474,45.0076],[92.331,45.0078],[92.2854,45.0195],[92.2679,45.0195],[92.2189,45.0101],[92.1937,45.0145],[92.1084,45.0582],[92.0757,45.0689],[92.043,45.0748],[92.0094,45.0762],[91.9751,45.0734],[91.9191,45.0656],[91.747,45.0724],[91.7247,45.0707],[91.6836,45.0612],[91.663,45.0595],[91.564,45.0771],[91.5523,45.0753],[91.5433,45.0718],[91.534,45.0711],[91.5218,45.0775],[91.4561,45.1375],[91.4385,45.1461],[91.4169,45.1457],[91.3997,45.1369],[91.3836,45.1242],[91.3665,45.1142],[91.3467,45.1137],[91.2491,45.1297],[91.1843,45.1538],[91.1698,45.1635],[91.1477,45.1872],[91.135,45.1979],[91.1013,45.2107],[91.0568,45.2176],[91.0113,45.2189],[90.9751,45.2149],[90.9055,45.186]]]}},{"type":"Feature","properties":{"id":"MNG-3321","name":"Hövsgöl","nameBn":"খবসগোল প্রদেশ","type":"Province","bounds":[96.8562,48.2608,102.7848,52.1296],"center":[99.8205,50.1456]},"geometry":{"type":"Polygon","coordinates":[[[98.9377,52.1247],[98.9625,52.1126],[98.9745,52.0804],[98.9947,52.0583],[99.0251,52.0455],[99.1987,52.0066],[99.2328,51.9942],[99.256,51.9779],[99.2747,51.9595],[99.2954,51.9435],[99.3239,51.9342],[99.5568,51.8915],[99.6793,51.8887],[99.7097,51.8806],[99.784,51.8376],[99.8487,51.7893],[99.9179,51.7495],[100.006,51.7317],[100.0983,51.7387],[100.2103,51.7262],[100.5109,51.7269],[100.5711,51.7048],[100.6389,51.692],[101.0695,51.5534],[101.117,51.5278],[101.1588,51.5212],[101.2007,51.5209],[101.2416,51.5152],[101.2797,51.4926],[101.3154,51.4636],[101.3502,51.4505],[101.3878,51.4506],[101.4821,51.4729],[101.5264,51.4758],[101.5699,51.4701],[101.6437,51.4501],[101.6966,51.4524],[101.7237,51.4506],[101.7422,51.4448],[101.7953,51.4194],[101.8218,51.4136],[101.9019,51.4171],[101.9207,51.413],[101.9556,51.3938],[101.9742,51.3872],[102.0512,51.3836],[102.0747,51.3748],[102.0913,51.3646],[102.1839,51.3239],[102.1934,51.3072],[102.1793,51.2864],[102.1353,51.2403],[102.1338,51.2309],[102.1397,51.2209],[102.1476,51.2026],[102.15,51.1854],[102.1488,51.1688],[102.1422,51.1348],[102.1465,51.0976],[102.1654,51.0576],[102.192,51.0206],[102.2194,50.9927],[102.2297,50.9793],[102.2311,50.9649],[102.2256,50.9507],[102.2152,50.9382],[102.2395,50.9123],[102.2319,50.8847],[102.2128,50.8567],[102.203,50.8294],[102.2168,50.7989],[102.2457,50.7788],[102.3075,50.7482],[102.3294,50.7188],[102.3202,50.6961],[102.2968,50.6749],[102.2759,50.6502],[102.2716,50.6209],[102.2824,50.5906],[102.3029,50.5639],[102.3276,50.5455],[102.3727,50.5337],[102.4719,50.5249],[102.5131,50.5037],[102.5866,50.4153],[102.6178,50.3993],[102.6195,50.399],[102.6183,50.3986],[102.5637,50.377],[102.5001,50.3546],[102.4563,50.3292],[102.4178,50.3004],[102.4095,50.291],[102.3971,50.2703],[102.3915,50.2581],[102.3789,50.2164],[102.3595,50.1854],[102.3501,50.1771],[102.3156,50.152],[102.2938,50.1398],[102.2747,50.1259],[102.2491,50.1099],[102.2219,50.0858],[102.2176,50.0723],[102.1732,50.0329],[102.1325,50.0051],[102.1125,49.9807],[102.1043,49.9622],[102.103,49.946],[102.1073,49.9301],[102.1121,49.9227],[102.1221,49.9133],[102.1377,49.9047],[102.1933,49.8839],[102.275,49.8594],[102.3571,49.843],[102.4863,49.8034],[102.5581,49.7896],[102.6396,49.7648],[102.7205,49.7344],[102.7495,49.7177],[102.7848,49.6915],[102.7023,49.6496],[102.6692,49.6378],[102.6576,49.6359],[102.6347,49.636],[102.5798,49.6424],[102.5598,49.643],[102.5396,49.6405],[102.5197,49.633],[102.5111,49.627],[102.5006,49.6152],[102.4688,49.557],[102.44,49.5203],[102.4284,49.5081],[102.3891,49.479],[102.3448,49.4531],[102.3263,49.4457],[102.2808,49.4316],[102.2003,49.4141],[102.1588,49.4111],[102.11,49.4002],[102.037,49.3887],[101.9779,49.373],[101.9559,49.3631],[101.9364,49.3514],[101.8985,49.3217],[101.852,49.2989],[101.8442,49.2841],[101.8324,49.2696],[101.8056,49.2507],[101.7833,49.2417],[101.7669,49.238],[101.7257,49.2337],[101.6916,49.2088],[101.6772,49.1928],[101.6422,49.1304],[101.6352,49.1139],[101.6325,49.0971],[101.6346,49.0718],[101.6515,49.0074],[101.654,48.9997],[101.4511,48.9715],[101.3406,48.9761],[101.3067,48.9879],[101.0745,49.0998],[100.7666,49.2081],[100.7388,49.2181],[100.7134,49.2145],[100.7015,49.2062],[100.6968,49.2007],[100.6919,49.196],[100.6887,49.1916],[100.687,49.1868],[100.6853,49.1675],[100.6817,49.1593],[100.6691,49.1458],[100.6517,49.1319],[100.614,49.1141],[100.5978,49.1014],[100.5963,49.0947],[100.5958,49.0858],[100.5903,49.078],[100.4731,49.0594],[100.452,49.0605],[100.4333,49.0747],[100.4193,49.0654],[100.4152,49.0532],[100.4132,49.0396],[100.4101,49.0339],[100.4135,49.0235],[100.4212,49.0173],[100.432,49.0114],[100.5508,48.9681],[100.5704,48.9479],[100.5707,48.9447],[100.5703,48.9391],[100.5627,48.9293],[100.5565,48.9235],[100.5344,48.9111],[100.5273,48.9083],[100.5199,48.9069],[100.514,48.9071],[100.5022,48.9046],[100.4898,48.9007],[100.4497,48.8817],[100.4348,48.8777],[100.4143,48.8697],[100.4117,48.8646],[100.4126,48.8597],[100.4164,48.8555],[100.4167,48.8491],[100.4106,48.843],[100.3973,48.8322],[100.3787,48.82],[100.3636,48.8035],[100.3578,48.7952],[100.3593,48.7903],[100.3744,48.7858],[100.3781,48.7825],[100.3793,48.7788],[100.3744,48.7746],[100.3547,48.763],[100.351,48.7583],[100.3504,48.7538],[100.3532,48.7491],[100.355,48.7437],[100.3543,48.7346],[100.3466,48.7247],[100.3367,48.7068],[100.3327,48.6953],[100.3297,48.6825],[100.3314,48.6757],[100.3423,48.6594],[100.3435,48.6485],[100.3469,48.6341],[100.3518,48.6236],[100.3617,48.6098],[100.3691,48.6028],[100.3739,48.5997],[100.3794,48.5969],[100.3928,48.5935],[100.412,48.5916],[100.4183,48.5895],[100.4241,48.5866],[100.4345,48.5795],[100.4564,48.5585],[100.4126,48.5358],[100.3249,48.5169],[100.2308,48.5054],[100.2046,48.4934],[100.1942,48.475],[100.2002,48.4539],[100.202,48.4354],[100.1884,48.4121],[100.1595,48.4014],[100.1225,48.3985],[100.0922,48.4022],[100.0652,48.4088],[99.9148,48.4682],[99.8781,48.4786],[99.784,48.4821],[99.7628,48.477],[99.7406,48.4663],[99.7296,48.4514],[99.7208,48.4309],[99.7069,48.3483],[99.6961,48.3267],[99.6812,48.3158],[99.661,48.3122],[99.4379,48.2988],[99.4144,48.3022],[99.3925,48.3089],[99.3721,48.3172],[99.3524,48.3223],[99.3392,48.3191],[99.3269,48.3101],[99.3131,48.296],[99.2948,48.2803],[99.2653,48.2649],[99.2376,48.2608],[99.2148,48.2627],[99.1829,48.276],[99.0966,48.338],[99.0897,48.4036],[99.0288,48.5472],[99.019,48.5838],[99.0158,48.6134],[99.0179,48.6352],[99.0223,48.6512],[99.0294,48.6647],[99.1016,48.7424],[99.1191,48.768],[99.135,48.7966],[99.1538,48.8424],[99.1547,48.8552],[99.1445,48.8742],[99.1204,48.9259],[99.1054,48.9857],[99.0872,49.1077],[99.0795,49.1307],[99.0717,49.1444],[99.0536,49.1558],[98.7424,49.1344],[98.6945,49.0657],[98.6413,49.0156],[98.5846,48.9909],[98.5584,48.9865],[98.5203,48.9841],[98.499,48.9874],[98.4759,48.9953],[98.4324,49.0174],[98.3958,49.0321],[98.3248,49.0484],[98.186,49.0604],[98.0883,49.0558],[98.0604,49.0503],[98.0285,49.0406],[97.9636,49.0285],[97.9166,49.031],[97.8945,49.0379],[97.5904,49.1849],[97.5324,49.2024],[97.4293,49.2044],[97.2403,49.2124],[97.1582,49.227],[97.1077,49.2484],[96.8988,49.3759],[96.8727,49.3996],[96.8577,49.4367],[96.8562,49.4534],[96.8565,49.477],[96.8665,49.5075],[96.8742,49.524],[96.888,49.5464],[96.9013,49.561],[96.9499,49.6003],[97.0299,49.6484],[97.118,49.6873],[97.1407,49.702],[97.1499,49.7143],[97.1443,49.725],[97.1072,49.7607],[97.0991,49.7713],[97.0933,49.7815],[97.0886,49.7924],[97.0859,49.8013],[97.0853,49.8058],[97.1001,49.8022],[97.1199,49.7937],[97.129,49.7758],[97.153,49.7502],[97.2051,49.7341],[97.2623,49.7261],[97.3017,49.7255],[97.3433,49.7342],[97.3908,49.7495],[97.4746,49.7887],[97.5427,49.8227],[97.5736,49.8475],[97.5813,49.8779],[97.5717,49.8967],[97.5632,49.9089],[97.5666,49.9168],[97.6422,49.93],[97.7336,49.9583],[97.7563,49.9615],[97.7775,49.9562],[97.8107,49.9312],[97.8299,49.9233],[97.8474,49.9301],[97.8746,49.954],[97.9062,49.9731],[98.048,50.023],[98.1056,50.0639],[98.2625,50.2838],[98.2693,50.2994],[98.2723,50.319],[98.2701,50.3359],[98.2618,50.3675],[98.2663,50.4007],[98.2982,50.4601],[98.3006,50.4928],[98.3007,50.4928],[98.3007,50.4929],[98.2935,50.5186],[98.2754,50.5377],[98.2513,50.5506],[98.2256,50.5576],[98.1633,50.5647],[98.136,50.571],[98.0601,50.6089],[98.0385,50.623],[98.0233,50.642],[97.9745,50.7232],[97.944,50.7745],[97.9474,50.796],[97.9902,50.8356],[97.9846,50.8469],[97.953,50.8628],[97.9388,50.8744],[97.9297,50.8866],[97.9194,50.8974],[97.872,50.9171],[97.8357,50.9407],[97.8085,50.9705],[97.8064,51.0011],[97.8701,51.0868],[97.8856,51.1201],[97.8947,51.1539],[97.9003,51.1684],[97.929,51.215],[97.9317,51.2304],[97.9281,51.2515],[97.9163,51.2859],[97.9157,51.3006],[97.9228,51.3185],[97.9338,51.3318],[97.9622,51.3554],[97.9745,51.3686],[98.0206,51.4352],[98.0397,51.4573],[98.0509,51.4664],[98.0667,51.4693],[98.1114,51.4847],[98.1378,51.4859],[98.2204,51.4752],[98.2299,51.4929],[98.2338,51.5165],[98.2243,51.56],[98.2282,51.5834],[98.2387,51.6015],[98.2634,51.6352],[98.2735,51.6548],[98.3322,51.7183],[98.425,51.7462],[98.6187,51.7807],[98.6514,51.7975],[98.6827,51.8195],[98.7111,51.8451],[98.7766,51.9301],[98.7917,51.9775],[98.8002,51.9927],[98.8385,52.0253],[98.8465,52.0393],[98.8489,52.0563],[98.8496,52.0901],[98.8556,52.1067],[98.8864,52.1286],[98.9276,52.1296],[98.9377,52.1247]]]}},{"type":"Feature","properties":{"id":"MNG-3324","name":"Orhon","nameBn":"ওরকন প্রদেশ","type":"Municipality","bounds":[104.0007,48.8991,104.5704,49.1315],"center":[104.286,49.0077]},"geometry":{"type":"Polygon","coordinates":[[[104.5195,49.1055],[104.5306,49.0794],[104.5612,49.0413],[104.5696,49.0264],[104.5704,49.0113],[104.5631,48.9969],[104.5499,48.986],[104.5168,48.9641],[104.4715,48.9388],[104.3781,48.8991],[104.3342,48.9132],[104.3007,48.9289],[104.2416,48.9461],[104.1851,48.9523],[104.0007,48.9868],[104.0012,49.0407],[104.0616,49.0958],[104.103,49.1212],[104.1403,49.1114],[104.2835,49.0807],[104.3424,49.1199],[104.353,49.1242],[104.3774,49.1298],[104.4036,49.1315],[104.444,49.1282],[104.4699,49.1222],[104.5195,49.1055]]]}},{"type":"Feature","properties":{"id":"MNG-3326","name":"Selenge","nameBn":"সেলেঙ্গে প্রদেশ","type":"Province","bounds":[104.3493,48.5047,108.57,50.4765],"center":[106.46,48.8536]},"geometry":{"type":"Polygon","coordinates":[[[105.3286,50.4765],[105.6394,50.4219],[105.7793,50.4289],[105.8065,50.4244],[105.8547,50.4109],[105.9042,50.4038],[105.9581,50.4036],[105.9849,50.3998],[106.0389,50.3714],[106.0433,50.3648],[106.0433,50.3555],[106.0445,50.346],[106.0482,50.3381],[106.0559,50.3336],[106.1353,50.3271],[106.1609,50.3196],[106.2012,50.2997],[106.2223,50.2924],[106.2449,50.2903],[106.4398,50.3279],[106.5482,50.3358],[106.6565,50.327],[106.7462,50.3074],[106.7883,50.2915],[106.9364,50.2091],[106.9737,50.1964],[106.9827,50.1871],[106.998,50.1498],[107.0061,50.1402],[107.0262,50.1257],[107.0336,50.1188],[107.0392,50.1083],[107.0484,50.0846],[107.0571,50.0741],[107.0703,50.0662],[107.1007,50.0568],[107.1146,50.0505],[107.1645,50.0189],[107.1922,50.006],[107.2249,49.9971],[107.2549,49.9989],[107.2804,50.0076],[107.3049,50.01],[107.3641,49.9761],[107.7293,49.9719],[107.7446,49.9674],[107.7505,49.9656],[107.7869,49.9482],[107.8079,49.9439],[107.8392,49.9466],[107.851,49.946],[107.8982,49.9355],[107.9465,49.9335],[107.9565,49.9234],[107.9526,49.8975],[107.9444,49.8804],[107.9355,49.8666],[107.93,49.8514],[107.9324,49.8303],[107.95,49.7825],[107.9558,49.7455],[107.9548,49.7328],[107.9494,49.7206],[107.9268,49.6829],[107.9274,49.67],[107.9395,49.6632],[107.9629,49.6611],[108.0028,49.6632],[108.0158,49.6557],[108.0075,49.6336],[108.0053,49.6178],[108.0157,49.6022],[108.0327,49.5893],[108.1062,49.5543],[108.1265,49.5472],[108.2099,49.5402],[108.2364,49.5325],[108.2505,49.5224],[108.2595,49.5096],[108.2673,49.4958],[108.2771,49.4825],[108.3349,49.4364],[108.4737,49.3564],[108.5381,49.3274],[108.57,49.3257],[108.5357,49.226],[108.5215,49.1238],[108.4827,49.1253],[108.4509,49.1243],[108.3356,49.1143],[108.3009,49.1074],[108.2291,49.0854],[108.166,49.0596],[108.1495,49.0496],[108.1248,49.0312],[108.0885,49.0087],[107.9938,49.0531],[107.9703,49.0608],[107.9341,49.0697],[107.9085,49.0742],[107.8679,49.0772],[107.7947,49.0762],[107.7665,49.0734],[107.7064,49.0634],[107.6751,49.0554],[107.6029,49.0212],[107.5317,48.9758],[107.5842,48.9127],[107.5987,48.899],[107.6281,48.8826],[107.6915,48.8628],[107.7107,48.855],[107.7196,48.8492],[107.7316,48.835],[107.736,48.8193],[107.7321,48.7951],[107.7093,48.7556],[107.6921,48.715],[107.6717,48.6828],[107.6571,48.6534],[107.6461,48.6401],[107.6375,48.6343],[107.6168,48.6272],[107.5953,48.6258],[107.5438,48.6305],[107.5237,48.6301],[107.5055,48.625],[107.4748,48.6102],[107.4326,48.5972],[107.3732,48.5832],[107.2532,48.5581],[107.2114,48.5926],[107.1944,48.6023],[107.1743,48.6092],[107.1507,48.6149],[107.1138,48.6179],[107.0764,48.6153],[106.9987,48.6025],[106.9784,48.6005],[106.9073,48.6034],[106.8744,48.5999],[106.8566,48.5934],[106.828,48.5775],[106.8026,48.5591],[106.7606,48.5329],[106.7318,48.5231],[106.6966,48.5169],[106.6638,48.5178],[106.5724,48.5305],[106.5343,48.5411],[106.4784,48.5613],[106.4683,48.5777],[106.4488,48.5898],[106.2939,48.6399],[106.1714,48.6871],[106.1404,48.671],[106.1154,48.6603],[106.0686,48.6478],[106.0172,48.6689],[105.9992,48.6797],[105.9886,48.6883],[106.0093,48.7242],[106.0263,48.7647],[106.0264,48.7898],[106.0201,48.8062],[106.014,48.8142],[105.9976,48.8283],[105.9651,48.844],[105.9309,48.8514],[105.8345,48.8651],[105.6505,48.835],[105.5842,48.82],[105.5602,48.8125],[105.5117,48.7907],[105.4449,48.7566],[105.4581,48.729],[105.4752,48.6765],[105.4948,48.6444],[105.428,48.6201],[105.3584,48.5991],[105.3034,48.5786],[105.2699,48.5635],[105.2496,48.5584],[105.1907,48.5513],[105.1669,48.5469],[105.1025,48.5246],[105.0782,48.5134],[105.0597,48.5073],[105.0375,48.5047],[105.014,48.5052],[104.9605,48.5145],[104.8956,48.5337],[104.8236,48.5471],[104.7754,48.5582],[104.7049,48.5792],[104.5282,48.6258],[104.5208,48.6653],[104.5109,48.7358],[104.5249,48.7531],[104.5175,48.7599],[104.5284,48.77],[104.5371,48.7837],[104.5423,48.79],[104.5041,48.8156],[104.4699,48.8434],[104.4236,48.8694],[104.3781,48.8991],[104.4715,48.9388],[104.5168,48.9641],[104.5499,48.986],[104.5631,48.9969],[104.5704,49.0113],[104.5696,49.0264],[104.5612,49.0413],[104.5306,49.0794],[104.5195,49.1055],[104.5374,49.1547],[104.553,49.2307],[104.5787,49.2986],[104.5949,49.364],[104.6155,49.402],[104.6417,49.4329],[104.6633,49.4864],[104.6683,49.5078],[104.6717,49.5414],[104.6727,49.6457],[104.7335,49.686],[104.7087,49.7183],[104.6854,49.7408],[104.5736,49.8208],[104.5353,49.8553],[104.5232,49.875],[104.5171,49.8958],[104.5143,49.9279],[104.5159,49.9824],[104.562,49.9842],[104.5829,49.9874],[104.6005,49.9937],[104.6101,50.001],[104.6167,50.0092],[104.5569,50.0496],[104.5537,50.0844],[104.5495,50.1013],[104.5339,50.134],[104.5225,50.1499],[104.4473,50.2166],[104.3493,50.2714],[104.3495,50.2719],[104.3772,50.2892],[104.4058,50.3005],[104.4741,50.3133],[104.577,50.3095],[104.6104,50.3142],[104.6325,50.3238],[104.6719,50.3483],[104.6971,50.3532],[104.7896,50.3526],[104.8185,50.3583],[104.879,50.3839],[104.9016,50.3898],[104.9342,50.3933],[105.0501,50.3835],[105.0782,50.3851],[105.1058,50.3901],[105.1313,50.3981],[105.2407,50.458],[105.2785,50.4726],[105.3286,50.4765]],[[106.3657,49.5242],[106.3336,49.5276],[106.2832,49.5387],[106.2406,49.5521],[106.1995,49.5713],[106.1526,49.585],[106.1201,49.6001],[106.076,49.6117],[106.0403,49.6172],[106.0484,49.6412],[106.0684,49.6717],[106.1247,49.7152],[106.1335,49.725],[106.1367,49.7313],[106.1406,49.7451],[106.1423,49.7677],[106.1359,49.8235],[106.0528,49.8063],[106.0431,49.8015],[106.0387,49.798],[106.0114,49.7599],[105.9891,49.7398],[105.9742,49.7304],[105.96,49.7263],[105.9016,49.6984],[105.8937,49.691],[105.8706,49.6608],[105.8587,49.6508],[105.8331,49.6356],[105.8388,49.6039],[105.8587,49.5769],[105.8615,49.5563],[105.8675,49.5374],[105.8863,49.5161],[105.8925,49.5048],[105.8954,49.4937],[105.8959,49.4915],[105.8973,49.469],[105.8927,49.4263],[105.888,49.4079],[105.8624,49.3073],[105.8477,49.229],[105.8249,49.1584],[105.8084,49.1312],[105.8696,49.1149],[105.9086,49.1077],[106.0157,49.0958],[106.0403,49.095],[106.0649,49.0965],[106.0881,49.1013],[106.0994,49.1052],[106.119,49.1152],[106.1572,49.141],[106.2195,49.1668],[106.2796,49.1805],[106.3049,49.1835],[106.3568,49.186],[106.3897,49.1547],[106.4373,49.132],[106.4711,49.1201],[106.6014,49.0873],[106.7146,49.1092],[106.7989,49.1317],[106.7955,49.2084],[106.7809,49.2642],[106.7879,49.3178],[106.7994,49.3691],[106.8038,49.4324],[106.7997,49.4705],[106.7914,49.4903],[106.7793,49.509],[106.7664,49.5204],[106.7394,49.5379],[106.7229,49.5454],[106.6854,49.5554],[106.6527,49.5695],[106.6229,49.5789],[106.5067,49.6059],[106.4708,49.5683],[106.4484,49.5513],[106.4101,49.5302],[106.3891,49.5253],[106.3657,49.5242]]]}},{"type":"Feature","properties":{"id":"MNG-3333","name":"Sühbaatar","nameBn":"সুখবরত প্রদেশ","type":"Province","bounds":[111.2252,44.7397,116.582,47.8102],"center":[113.904,46.1847]},"geometry":{"type":"Polygon","coordinates":[[[116.582,46.298],[116.5683,46.2909],[116.5483,46.2593],[116.5396,46.2412],[116.5251,46.2268],[116.3572,46.1056],[116.2132,45.9082],[116.2071,45.8809],[116.2209,45.8498],[116.2421,45.8269],[116.2516,45.8033],[116.2304,45.7698],[116.1699,45.7091],[116.1439,45.6946],[116.0949,45.6765],[116.0787,45.6734],[116.0633,45.6733],[116.012,45.6786],[116.0021,45.6756],[115.9828,45.6596],[115.7673,45.5301],[115.6924,45.469],[115.6674,45.4543],[115.6378,45.4444],[115.473,45.4128],[115.3373,45.3947],[115.1263,45.3944],[114.9389,45.3738],[114.9053,45.3777],[114.7373,45.425],[114.7033,45.4272],[114.6693,45.4228],[114.5337,45.3855],[114.5238,45.3803],[114.5194,45.3709],[114.5117,45.3255],[114.5023,45.3032],[114.473,45.2592],[114.4189,45.2015],[114.2118,45.0622],[114.1636,45.0401],[114.1493,45.0301],[114.1392,45.0192],[114.1204,44.9932],[114.0893,44.9618],[114.0553,44.9406],[114.017,44.9273],[113.9731,44.9193],[113.9138,44.9155],[113.8893,44.9083],[113.8376,44.8679],[113.7356,44.8159],[113.6725,44.7682],[113.6351,44.7463],[113.6048,44.7397],[113.5324,44.7453],[113.5171,44.7495],[113.4889,44.7663],[113.4732,44.7707],[113.1049,44.7944],[113.0169,44.8211],[112.9732,44.8212],[112.7485,44.8653],[112.6142,44.9088],[112.586,44.9238],[112.5645,44.9439],[112.5239,44.9933],[112.4413,45.0524],[112.4128,45.066],[112.3796,45.0707],[112.1076,45.0674],[112.0115,45.0875],[111.9846,45.0872],[111.9846,45.0874],[111.9842,45.092],[111.9789,45.1493],[111.9789,45.1948],[111.9834,45.244],[111.9806,45.2658],[111.971,45.2849],[111.9457,45.3081],[111.9247,45.3218],[111.8985,45.3345],[111.8756,45.3486],[111.8573,45.3691],[111.8465,45.4315],[111.8351,45.4563],[111.8026,45.4767],[111.7756,45.4883],[111.7602,45.501],[111.7543,45.5082],[111.7534,45.5396],[111.771,45.8045],[111.7571,45.8552],[111.7358,45.9015],[111.6453,46.0391],[111.6305,46.0785],[111.6192,46.0972],[111.6009,46.112],[111.231,46.23],[111.2252,46.2607],[111.2295,46.2734],[111.2395,46.2905],[111.3027,46.3551],[111.3118,46.3706],[111.3164,46.3902],[111.3134,46.4106],[111.307,46.4322],[111.2758,46.5069],[111.2663,46.5396],[111.2632,46.5612],[111.2666,46.64],[111.2823,46.6782],[111.307,46.7141],[111.3993,46.8256],[111.4696,46.921],[111.4965,46.9891],[111.529,47.1762],[111.5408,47.2052],[111.5563,47.2302],[111.5908,47.2705],[111.6915,47.3507],[111.7225,47.3688],[111.7659,47.3882],[111.8094,47.4012],[111.8255,47.4038],[111.8441,47.4042],[111.971,47.3874],[112.0905,47.3821],[112.0712,47.4414],[112.065,47.4874],[112.0657,47.5187],[112.0722,47.5682],[112.0766,47.5886],[112.0823,47.6046],[112.0901,47.6197],[112.1001,47.6332],[112.1145,47.6479],[112.1322,47.6622],[112.1533,47.6757],[112.2105,47.7023],[112.5178,47.7815],[112.5689,47.785],[112.5832,47.7885],[112.6078,47.7993],[112.615,47.801],[112.6883,47.8102],[112.6975,47.7186],[112.6868,47.5986],[112.8584,47.6624],[112.8908,47.6688],[112.9204,47.6712],[112.9498,47.6711],[113.0031,47.6638],[113.1962,47.6018],[113.8035,47.5112],[114.2599,47.2621],[114.4354,47.1972],[114.4561,47.1844],[114.4697,47.1729],[114.4787,47.1464],[114.444,46.9644],[114.4406,46.8833],[114.4465,46.8581],[114.4557,46.8382],[114.4683,46.823],[114.4835,46.8128],[114.5006,46.806],[114.6137,46.7746],[114.6444,46.7628],[114.6734,46.7485],[114.7035,46.7297],[114.7331,46.7069],[114.7931,46.6458],[114.912,46.492],[115.0822,46.5516],[115.1705,46.5694],[115.631,46.5803],[115.8198,46.6079],[116.2444,46.6211],[116.2633,46.6161],[116.2794,46.6081],[116.2945,46.5963],[116.4988,46.3656],[116.582,46.2984],[116.582,46.298]]]}},{"type":"Feature","properties":{"id":"MNG-3329","name":"Töv","nameBn":"তভ প্রদেশ","type":"Province","bounds":[104.0686,46.3804,109.0387,49.1253],"center":[106.554,47.1533]},"geometry":{"type":"Polygon","coordinates":[[[108.4288,47.5563],[108.4167,47.5403],[108.4027,47.5267],[108.3961,47.5092],[108.4009,47.4976],[108.412,47.4911],[108.4245,47.4869],[108.434,47.4819],[108.44,47.4745],[108.4596,47.43],[108.4712,47.4099],[108.4788,47.4023],[108.5418,47.3578],[108.547,47.3516],[108.5483,47.3407],[108.5696,47.284],[108.5792,47.2721],[108.6115,47.2485],[108.6236,47.2345],[108.6656,47.1556],[108.6807,47.1168],[108.6941,47.098],[108.7266,47.0692],[108.7599,47.0468],[108.8281,47.0118],[108.7588,46.8951],[108.7458,46.884],[108.7106,46.8605],[108.639,46.832],[108.4799,46.7803],[108.3573,46.7906],[108.2035,46.8114],[108.1153,46.8107],[108.0505,46.8023],[108.0023,46.7928],[107.9567,46.7744],[107.856,46.7611],[107.851,46.7215],[107.8421,46.6837],[107.8357,46.6226],[107.8316,46.6061],[107.823,46.5905],[107.8157,46.583],[107.7968,46.5709],[107.7854,46.5664],[107.7621,46.5612],[107.6769,46.5533],[107.6307,46.5418],[107.6106,46.5325],[107.6021,46.5264],[107.5508,46.4735],[107.5365,46.4625],[107.5176,46.4547],[107.4158,46.4265],[107.3663,46.4166],[107.341,46.4137],[107.1814,46.4099],[107.1015,46.4035],[107.0394,46.4315],[106.9964,46.4589],[106.9389,46.5002],[106.8968,46.5268],[106.8339,46.5515],[106.8003,46.5592],[106.6995,46.5724],[106.6333,46.5742],[106.5462,46.5725],[106.3541,46.5744],[106.1639,46.5746],[106.1512,46.5958],[106.1444,46.6028],[106.1266,46.6149],[106.1052,46.6233],[105.9992,46.6454],[105.965,46.6564],[105.9167,46.6767],[105.8554,46.7187],[105.8363,46.7277],[105.8254,46.7306],[105.802,46.7335],[105.7655,46.7322],[105.7004,46.7202],[105.66,46.7097],[105.571,46.6236],[105.5503,46.6079],[105.476,46.5403],[105.3967,46.4389],[105.3493,46.4689],[105.3101,46.4882],[105.2866,46.5019],[105.226,46.5261],[105.1559,46.5452],[105.06,46.5668],[104.9668,46.5904],[104.8787,46.5122],[104.8429,46.4886],[104.7864,46.4603],[104.6533,46.3804],[104.6315,46.3965],[104.6039,46.4205],[104.5608,46.4485],[104.4312,46.5102],[104.4162,46.5191],[104.4063,46.5285],[104.3978,46.5438],[104.3939,46.5603],[104.3923,46.6566],[104.3894,46.6736],[104.3817,46.6925],[104.3706,46.7114],[104.3447,46.7387],[104.3238,46.7707],[104.3056,46.7865],[104.2736,46.8192],[104.2344,46.8524],[104.2767,46.8827],[104.3005,46.897],[104.3196,46.9031],[104.3465,46.906],[104.3549,46.9497],[104.3567,46.975],[104.3539,46.998],[104.3477,47.0135],[104.3391,47.0281],[104.3285,47.0407],[104.2901,47.0693],[104.2284,47.1075],[104.19,47.1363],[104.1793,47.1489],[104.1629,47.1793],[104.1479,47.238],[104.1456,47.2647],[104.1475,47.298],[104.1723,47.3303],[104.1748,47.3436],[104.1719,47.357],[104.1629,47.3685],[104.1325,47.3919],[104.1102,47.4055],[104.0958,47.4179],[104.087,47.4307],[104.0686,47.4683],[104.1151,47.4958],[104.1562,47.5247],[104.2852,47.5832],[104.3297,47.5947],[104.3542,47.598],[104.4062,47.6002],[104.4867,47.5996],[104.5139,47.6303],[104.5275,47.6534],[104.6584,47.6553],[104.7605,47.6617],[104.7389,47.7068],[104.6993,47.8173],[104.6938,47.8461],[104.6914,47.8956],[104.7117,47.909],[104.7096,47.9342],[104.7038,47.9449],[104.6982,47.9492],[104.6913,47.9519],[104.6767,47.9531],[104.6649,47.9502],[104.6565,47.9458],[104.5521,47.9494],[104.4947,47.9556],[104.4351,47.9707],[104.3933,47.9884],[104.388,48.0407],[104.3786,48.0623],[104.331,48.1119],[104.2883,48.1438],[104.3291,48.1898],[104.3418,48.2088],[104.365,48.2563],[104.4002,48.2984],[104.4418,48.3264],[104.4974,48.3519],[104.5051,48.3588],[104.5162,48.3748],[104.5339,48.4192],[104.539,48.4613],[104.5381,48.5376],[104.5282,48.6258],[104.7049,48.5792],[104.7754,48.5582],[104.8236,48.5471],[104.8956,48.5337],[104.9605,48.5145],[105.014,48.5052],[105.0375,48.5047],[105.0597,48.5073],[105.0782,48.5134],[105.1025,48.5246],[105.1669,48.5469],[105.1907,48.5513],[105.2496,48.5584],[105.2699,48.5635],[105.3034,48.5786],[105.3584,48.5991],[105.428,48.6201],[105.4948,48.6444],[105.4752,48.6765],[105.4581,48.729],[105.4449,48.7566],[105.5117,48.7907],[105.5602,48.8125],[105.5842,48.82],[105.6505,48.835],[105.8345,48.8651],[105.9309,48.8514],[105.9651,48.844],[105.9976,48.8283],[106.014,48.8142],[106.0201,48.8062],[106.0264,48.7898],[106.0263,48.7647],[106.0093,48.7242],[105.9886,48.6883],[105.9992,48.6797],[106.0172,48.6689],[106.0686,48.6478],[106.1154,48.6603],[106.1404,48.671],[106.1714,48.6871],[106.2939,48.6399],[106.4488,48.5898],[106.4683,48.5777],[106.4784,48.5613],[106.5343,48.5411],[106.5724,48.5305],[106.6638,48.5178],[106.6966,48.5169],[106.7318,48.5231],[106.7606,48.5329],[106.8026,48.5591],[106.828,48.5775],[106.8566,48.5934],[106.8744,48.5999],[106.9073,48.6034],[106.9784,48.6005],[106.9987,48.6025],[107.0764,48.6153],[107.1138,48.6179],[107.1507,48.6149],[107.1743,48.6092],[107.1944,48.6023],[107.2114,48.5926],[107.2532,48.5581],[107.3732,48.5832],[107.4326,48.5972],[107.4748,48.6102],[107.5055,48.625],[107.5237,48.6301],[107.5438,48.6305],[107.5953,48.6258],[107.6168,48.6272],[107.6375,48.6343],[107.6461,48.6401],[107.6571,48.6534],[107.6717,48.6828],[107.6921,48.715],[107.7093,48.7556],[107.7321,48.7951],[107.736,48.8193],[107.7316,48.835],[107.7196,48.8492],[107.7107,48.855],[107.6915,48.8628],[107.6281,48.8826],[107.5987,48.899],[107.5842,48.9127],[107.5317,48.9758],[107.6029,49.0212],[107.6751,49.0554],[107.7064,49.0634],[107.7665,49.0734],[107.7947,49.0762],[107.8679,49.0772],[107.9085,49.0742],[107.9341,49.0697],[107.9703,49.0608],[107.9938,49.0531],[108.0885,49.0087],[108.1248,49.0312],[108.1495,49.0496],[108.166,49.0596],[108.2291,49.0854],[108.3009,49.1074],[108.3356,49.1143],[108.4509,49.1243],[108.4827,49.1253],[108.5215,49.1238],[108.5523,49.0982],[108.5779,49.0828],[108.5976,49.0683],[108.6191,49.0556],[108.6382,49.0416],[108.6991,49.0026],[108.7381,48.9738],[108.7753,48.9318],[108.8175,48.8632],[108.8549,48.8165],[108.8619,48.8002],[108.8743,48.7501],[108.8812,48.7354],[108.9021,48.7018],[108.9176,48.6692],[108.9517,48.5524],[108.976,48.4943],[108.9901,48.4534],[109.0175,48.4051],[109.0361,48.3466],[109.0387,48.3213],[109.0339,48.2963],[109.0177,48.2639],[109.0006,48.2407],[108.9873,48.2338],[108.9701,48.222],[108.9478,48.1971],[108.9271,48.1573],[108.9108,48.1092],[108.896,48.0873],[108.883,48.0758],[108.8746,48.0713],[108.8388,48.0594],[108.8232,48.0522],[108.7869,48.032],[108.7275,47.9915],[108.6843,47.9649],[108.6663,47.9569],[108.6237,47.9405],[108.6004,47.9335],[108.552,47.9223],[108.4849,47.9136],[108.353,47.9182],[108.2812,47.87],[108.2506,47.8439],[108.2361,47.8257],[108.2134,47.7828],[108.2019,47.7505],[108.1986,47.7234],[108.2018,47.705],[108.2194,47.6625],[108.2287,47.6222],[108.2615,47.5898],[108.2803,47.5791],[108.3024,47.572],[108.4288,47.5563]],[[106.8818,48.1719],[106.8581,48.1756],[106.8012,48.1929],[106.7746,48.198],[106.6908,48.2086],[106.5863,48.2263],[106.5914,48.2266],[106.3567,48.2563],[106.3764,48.2119],[106.3921,48.1649],[106.4224,48.0978],[106.4305,47.9669],[106.4551,47.9451],[106.469,47.9295],[106.4861,47.8991],[106.4995,47.865],[106.4995,47.7866],[106.504,47.7686],[106.514,47.7524],[106.5221,47.7455],[106.5462,47.7351],[106.6292,47.722],[106.6641,47.7109],[106.8136,47.7208],[106.9306,47.7349],[106.9554,47.7356],[107.0328,47.7324],[107.0725,47.7283],[107.1109,47.7181],[107.1459,47.7007],[107.2229,47.6552],[107.2483,47.6454],[107.2766,47.6394],[107.3363,47.6352],[107.4125,47.6368],[107.4592,47.6416],[107.5108,47.6518],[107.5146,47.6753],[107.542,47.7693],[107.5531,47.8173],[107.577,47.8829],[107.5782,47.8986],[107.5722,47.9136],[107.5573,47.9267],[107.5287,47.9385],[107.465,47.9544],[107.3999,47.963],[107.3746,47.9685],[107.3517,47.9776],[107.332,47.9891],[107.3154,48.0021],[107.2894,48.0274],[107.2595,48.0487],[107.1976,48.1158],[107.1469,48.1571],[107.1255,48.1825],[107.0993,48.2188],[107.0005,48.1914],[106.918,48.1739],[106.8818,48.1719]]]}},{"type":"Feature","properties":{"id":"MNG-3331","name":"Ulaanbaatar","nameBn":"উলানবাটর","type":"Municipality","bounds":[106.3567,47.6352,107.5782,48.2563],"center":[106.967,47.9597]},"geometry":{"type":"Polygon","coordinates":[[[106.3567,48.2563],[106.5914,48.2266],[106.5863,48.2263],[106.6908,48.2086],[106.7746,48.198],[106.8012,48.1929],[106.8581,48.1756],[106.8818,48.1719],[106.918,48.1739],[107.0005,48.1914],[107.0993,48.2188],[107.1255,48.1825],[107.1469,48.1571],[107.1976,48.1158],[107.2595,48.0487],[107.2894,48.0274],[107.3154,48.0021],[107.332,47.9891],[107.3517,47.9776],[107.3746,47.9685],[107.3999,47.963],[107.465,47.9544],[107.5287,47.9385],[107.5573,47.9267],[107.5722,47.9136],[107.5782,47.8986],[107.577,47.8829],[107.5531,47.8173],[107.542,47.7693],[107.5146,47.6753],[107.5108,47.6518],[107.4592,47.6416],[107.4125,47.6368],[107.3363,47.6352],[107.2766,47.6394],[107.2483,47.6454],[107.2229,47.6552],[107.1459,47.7007],[107.1109,47.7181],[107.0725,47.7283],[107.0328,47.7324],[106.9554,47.7356],[106.9306,47.7349],[106.8136,47.7208],[106.6641,47.7109],[106.6292,47.722],[106.5462,47.7351],[106.5221,47.7455],[106.514,47.7524],[106.504,47.7686],[106.4995,47.7866],[106.4995,47.865],[106.4861,47.8991],[106.469,47.9295],[106.4551,47.9451],[106.4305,47.9669],[106.4224,48.0978],[106.3921,48.1649],[106.3764,48.2119],[106.3567,48.2563]]]}},{"type":"Feature","properties":{"id":"MNG-3322","name":"Uvs","nameBn":"উভস প্রদেশ","type":"Province","bounds":[89.9971,48.3976,95.6897,50.8684],"center":[92.8431,49.6911]},"geometry":{"type":"Polygon","coordinates":[[[92.3609,50.8684],[92.3846,50.8656],[92.3999,50.8506],[92.419,50.8117],[92.4433,50.7863],[92.4749,50.7705],[92.5165,50.7606],[92.5546,50.743],[92.6118,50.6877],[92.6498,50.6741],[92.6719,50.6756],[92.6953,50.6819],[92.7174,50.6922],[92.7352,50.7052],[92.7466,50.7215],[92.7534,50.7547],[92.7603,50.7708],[92.7961,50.788],[92.8577,50.7955],[92.9211,50.7925],[92.9617,50.7779],[92.974,50.7422],[92.9734,50.6944],[92.9919,50.6548],[93.0029,50.6348],[93.0114,50.6233],[93.0229,50.6163],[93.0426,50.6099],[93.1049,50.5988],[93.1392,50.5994],[93.1883,50.5998],[93.4215,50.6094],[93.5363,50.5847],[93.887,50.575],[94.2376,50.5652],[94.2587,50.5575],[94.2733,50.5448],[94.2782,50.5292],[94.2798,50.4927],[94.3198,50.429],[94.3275,50.4044],[94.3323,50.301],[94.3443,50.2492],[94.3545,50.2236],[94.3685,50.2027],[94.3918,50.1856],[94.475,50.1623],[94.4917,50.1523],[94.4986,50.1395],[94.5023,50.1251],[94.5091,50.1099],[94.5209,50.0978],[94.564,50.071],[94.5744,50.0585],[94.5923,50.0298],[94.6035,50.0197],[94.6245,50.0152],[94.651,50.0178],[94.7464,50.0404],[94.9216,50.0459],[94.9537,50.0406],[94.9806,50.0248],[95.0041,49.9928],[95.0216,49.9698],[95.0283,49.9634],[95.0764,49.9455],[95.3547,49.9477],[95.3998,49.9389],[95.4452,49.9144],[95.4617,49.9026],[95.4772,49.8941],[95.4592,49.8772],[95.462,49.8447],[95.476,49.8013],[95.4836,49.7475],[95.4824,49.7319],[95.4813,49.7274],[95.4781,49.7195],[95.4595,49.6853],[95.4502,49.6627],[95.4508,49.6369],[95.4623,49.6058],[95.487,49.568],[95.4985,49.5463],[95.5109,49.5069],[95.518,49.4949],[95.5353,49.4775],[95.564,49.464],[95.6266,49.4414],[95.6516,49.4276],[95.6695,49.4082],[95.6814,49.3911],[95.6897,49.3621],[95.686,49.3078],[95.5988,49.1943],[95.5891,49.1644],[95.591,49.1317],[95.5987,49.1042],[95.6025,49.0777],[95.5984,49.0545],[95.5836,49.0296],[95.574,49.008],[95.5706,48.9867],[95.5736,48.9538],[95.573,48.9433],[95.5585,48.9053],[95.5217,48.8585],[95.49,48.8482],[95.4088,48.8476],[95.3648,48.8411],[95.287,48.7937],[95.2164,48.7681],[95.0952,48.7239],[94.9631,48.6999],[94.7935,48.6867],[94.7008,48.6947],[94.6955,48.6972],[94.6504,48.7166],[94.6208,48.7221],[94.4998,48.7197],[94.4567,48.726],[94.1726,48.8032],[94.1303,48.803],[93.7154,48.6576],[93.6887,48.636],[93.6435,48.5859],[93.6091,48.5639],[93.5686,48.5448],[93.5159,48.5044],[93.4564,48.3976],[93.3651,48.4303],[93.3432,48.4428],[93.2786,48.4886],[93.2556,48.4998],[93.2547,48.5006],[93.2506,48.5045],[93.2434,48.513],[93.2403,48.5181],[93.2354,48.5292],[93.2283,48.5539],[93.2241,48.5796],[93.2221,48.5856],[93.2195,48.591],[93.2154,48.5969],[93.2102,48.6031],[93.1912,48.6167],[93.1104,48.6462],[93.0966,48.6529],[93.0918,48.6563],[93.0853,48.6597],[93.0749,48.6628],[93.0238,48.6691],[92.9926,48.6668],[92.9539,48.6575],[92.904,48.6317],[92.8629,48.5999],[92.8165,48.5722],[92.7676,48.5601],[92.6574,48.5772],[92.2939,48.6356],[92.278,48.6311],[92.2324,48.6074],[92.2086,48.6051],[92.1879,48.6165],[92.1682,48.6426],[92.1327,48.7103],[92.1111,48.7389],[92.0836,48.7597],[92.0594,48.7629],[92.0408,48.7611],[92.016,48.7533],[91.9984,48.7542],[91.979,48.7616],[91.9106,48.9351],[91.8981,48.9522],[91.8821,48.9634],[91.8568,48.9742],[91.8226,48.979],[91.7857,48.975],[91.7401,48.9626],[91.6416,48.9224],[91.6091,48.9017],[91.5473,48.832],[91.4493,48.7454],[91.3924,48.7131],[91.347,48.7009],[91.3464,48.7208],[91.3526,48.7455],[91.351,48.7535],[91.3476,48.7614],[91.3427,48.7688],[91.3102,48.8509],[91.2958,48.8734],[91.2906,48.8795],[91.2807,48.888],[91.2498,48.9087],[91.2262,48.9346],[91.2184,48.9413],[91.2114,48.9461],[91.1987,48.9509],[91.1255,48.9667],[91.101,48.9779],[91.085,48.9872],[91.026,49.0759],[91.0025,49.1197],[90.9991,49.1235],[90.9898,49.1282],[90.9822,49.134],[90.9193,49.1985],[90.913,49.2071],[90.9097,49.2146],[90.9087,49.2207],[90.9085,49.2266],[90.9093,49.2321],[90.9123,49.2427],[90.9131,49.2482],[90.9133,49.254],[90.9087,49.2822],[90.9048,49.293],[90.8994,49.2985],[90.8924,49.3018],[90.8676,49.3041],[90.7681,49.3133],[90.7095,49.3146],[90.6832,49.3239],[90.6787,49.3272],[90.6745,49.3316],[90.6581,49.3562],[90.6525,49.3667],[90.6507,49.3709],[90.6489,49.3783],[90.651,49.3849],[90.6557,49.3952],[90.6472,49.4113],[90.6357,49.4273],[90.5284,49.4851],[90.3439,49.5459],[90.3161,49.5629],[90.3071,49.5697],[90.3004,49.5757],[90.2941,49.586],[90.2888,49.5971],[90.2823,49.6075],[90.2746,49.6174],[90.2718,49.6227],[90.2548,49.6714],[90.24,49.6935],[90.1744,49.7621],[90.1682,49.7707],[90.1648,49.7832],[90.1635,49.7897],[90.1626,49.814],[90.1613,49.8202],[90.1516,49.8511],[90.123,49.9135],[90.0978,49.9565],[90.0917,49.9633],[90.0858,49.9685],[90.0749,49.9749],[90.0206,49.996],[89.9971,50.0037],[89.9987,50.0246],[90.0049,50.0507],[90.0205,50.0707],[90.0512,50.0842],[90.1824,50.1025],[90.2229,50.1144],[90.3439,50.1747],[90.3639,50.1798],[90.405,50.1826],[90.425,50.1869],[90.4752,50.2146],[90.519,50.2184],[90.6049,50.206],[90.6485,50.2067],[90.6664,50.2104],[90.6839,50.2162],[90.6997,50.2252],[90.7126,50.238],[90.7174,50.252],[90.7176,50.2808],[90.7266,50.2919],[90.7624,50.3057],[90.84,50.3208],[90.8771,50.3394],[90.9486,50.3975],[90.9751,50.4139],[91.012,50.4253],[91.1298,50.4262],[91.1634,50.4328],[91.2601,50.4666],[91.2975,50.4664],[91.3822,50.455],[91.4157,50.4614],[91.4325,50.4781],[91.44,50.4986],[91.4504,50.5191],[91.4751,50.536],[91.5757,50.562],[91.6027,50.5796],[91.6531,50.6401],[91.6796,50.6565],[91.7498,50.6841],[91.8242,50.7016],[91.9,50.7072],[92.0627,50.6863],[92.1589,50.6891],[92.2428,50.72],[92.2944,50.7913],[92.297,50.8099],[92.2974,50.8276],[92.3017,50.8434],[92.3152,50.8559],[92.3355,50.8636],[92.3609,50.8684]]]}},{"type":"Feature","properties":{"id":"MNG-3298","name":"Ömnögovi","nameBn":"ওম্নোগোভি প্রদেশ","type":"Province","bounds":[99.4708,41.5861,108.0529,45.1884],"center":[103.762,43.4636]},"geometry":{"type":"Polygon","coordinates":[[[101.2187,42.5298],[100.8181,42.5787],[100.4176,42.6276],[100.017,42.6765],[99.9716,42.6763],[99.6219,42.5974],[99.6219,42.5977],[99.5184,43.2011],[99.4708,44.0311],[99.4738,44.0938],[99.4779,44.1071],[99.4872,44.1139],[99.788,44.1713],[99.8022,44.172],[99.8151,44.1701],[99.8289,44.1631],[99.9997,44.0506],[100.1111,43.9417],[100.2581,43.8343],[100.3267,43.8163],[100.4165,43.8294],[101.1862,43.821],[101.2103,43.8236],[101.2587,43.8363],[101.7548,44.0566],[101.8325,44.0813],[102.1239,44.1481],[102.6275,44.1761],[102.9998,44.1541],[103.0016,44.1711],[102.9934,44.1971],[102.9312,44.3197],[102.9306,44.3519],[102.9434,44.3801],[102.9925,44.4116],[103.0073,44.428],[103.0257,44.4562],[103.0423,44.5047],[103.0574,44.537],[103.2304,44.8038],[103.2593,44.8417],[103.4652,44.9213],[103.6358,45.0142],[103.6646,45.037],[103.6864,45.0587],[103.7559,45.1546],[103.7658,45.1725],[103.7717,45.1884],[104.1008,45.1839],[104.1212,45.1629],[104.1264,45.1556],[104.1273,45.1511],[104.1273,45.1454],[104.1247,45.127],[104.1244,45.1138],[104.1278,45.0752],[104.1278,45.0688],[104.1264,45.063],[104.1241,45.0578],[104.1152,45.0435],[104.1135,45.0379],[104.1124,45.0318],[104.1122,45.0253],[104.1127,45.0188],[104.1162,45.0079],[104.1203,44.999],[104.1223,44.9913],[104.1223,44.9796],[104.1173,44.9561],[104.1127,44.9449],[104.1118,44.9374],[104.1121,44.9267],[104.1531,44.8673],[104.177,44.8455],[104.2026,44.8303],[104.2763,44.8138],[104.7207,44.7629],[105.1324,44.7315],[105.4175,44.7114],[105.4772,44.7003],[105.4971,44.6908],[105.6235,44.5245],[105.6898,44.4585],[105.718,44.4177],[105.7307,44.3932],[105.7298,44.3739],[105.7311,44.3525],[105.7453,44.3271],[105.763,44.3062],[105.8429,44.2595],[105.9201,44.2269],[105.997,44.2025],[106.0272,44.1972],[106.3399,44.2324],[106.4287,44.2432],[106.4747,44.253],[106.5484,44.2764],[106.6358,44.3277],[106.7069,44.3542],[107.2798,44.4956],[107.3089,44.4965],[107.3547,44.4913],[107.4271,44.4658],[107.4463,44.4641],[107.5461,44.474],[107.7081,44.5113],[107.6679,44.3678],[107.6654,44.3377],[107.6697,44.3197],[107.6787,44.2976],[107.7678,44.1687],[107.9767,43.7074],[107.9839,43.557],[107.9869,43.437],[107.9983,43.3454],[108.0476,43.1538],[108.0522,43.1151],[108.0529,43.0763],[108.0467,43.0311],[108.0353,42.9845],[108.0209,42.9418],[108.0183,42.9175],[108.0497,42.4394],[108.0497,42.4391],[107.6224,42.3883],[107.1951,42.3375],[106.7678,42.2866],[106.3182,42.1401],[105.8686,41.9935],[105.4739,41.8403],[105.4027,41.8115],[105.3582,41.7858],[105.3446,41.7811],[105.326,41.7767],[105.2745,41.7555],[105.2183,41.7484],[105.2009,41.7435],[105.0148,41.5961],[104.9738,41.5861],[104.9354,41.6224],[104.9137,41.6383],[104.8923,41.6448],[104.6012,41.6454],[104.5049,41.6566],[104.498,41.6658],[104.5008,41.8706],[104.1109,41.8131],[103.721,41.7556],[103.6914,41.7592],[103.3981,41.8764],[103.1048,41.9936],[103.1044,41.9936],[103.0735,42.0045],[102.727,42.0645],[102.3806,42.1246],[102.0342,42.1846],[101.9742,42.2079],[101.8865,42.278],[101.7354,42.4612],[101.6376,42.5154],[101.5249,42.5375],[101.4107,42.5449],[101.2187,42.5298]]]}},{"type":"Feature","properties":{"id":"MNG-3327","name":"Övörhangay","nameBn":"ওভোরখাঙ্গাই প্রদেশ","type":"Province","bounds":[101.1102,44.0566,104.6039,47.4321],"center":[102.857,45.7785]},"geometry":{"type":"Polygon","coordinates":[[[104.1475,47.298],[104.1456,47.2647],[104.1479,47.238],[104.1629,47.1793],[104.1793,47.1489],[104.19,47.1363],[104.2284,47.1075],[104.2901,47.0693],[104.3285,47.0407],[104.3391,47.0281],[104.3477,47.0135],[104.3539,46.998],[104.3567,46.975],[104.3549,46.9497],[104.3465,46.906],[104.3196,46.9031],[104.3005,46.897],[104.2767,46.8827],[104.2344,46.8524],[104.2736,46.8192],[104.3056,46.7865],[104.3238,46.7707],[104.3447,46.7387],[104.3706,46.7114],[104.3817,46.6925],[104.3894,46.6736],[104.3923,46.6566],[104.3939,46.5603],[104.3978,46.5438],[104.4063,46.5285],[104.4162,46.5191],[104.4312,46.5102],[104.5608,46.4485],[104.6039,46.4205],[104.5514,46.3807],[104.5443,46.3652],[104.5383,46.3429],[104.5364,46.2946],[104.5284,46.2716],[104.4677,46.2191],[104.4546,46.1969],[104.4408,46.1784],[104.4197,46.1606],[104.3549,46.1425],[104.226,46.1365],[104.1979,46.1296],[104.1814,46.1233],[104.1707,46.1109],[104.1654,46.1012],[104.1586,46.0312],[104.157,46.0172],[104.1135,45.8709],[104.1082,45.8009],[104.0592,45.7438],[103.8353,45.7261],[103.7687,45.7181],[103.7435,45.7101],[103.7197,45.6986],[103.6632,45.6598],[103.6253,45.6218],[103.6151,45.604],[103.6095,45.5855],[103.6093,45.5658],[103.6131,45.5424],[103.6202,45.5185],[103.6312,45.4966],[103.651,45.4715],[103.6919,45.4329],[103.7995,45.3613],[103.8122,45.3325],[103.7875,45.2953],[103.7774,45.2751],[103.769,45.2535],[103.7717,45.1884],[103.7658,45.1725],[103.7559,45.1546],[103.6864,45.0587],[103.6646,45.037],[103.6358,45.0142],[103.4652,44.9213],[103.2593,44.8417],[103.2304,44.8038],[103.0574,44.537],[103.0423,44.5047],[103.0257,44.4562],[103.0073,44.428],[102.9925,44.4116],[102.9434,44.3801],[102.9306,44.3519],[102.9312,44.3197],[102.9934,44.1971],[103.0016,44.1711],[102.9998,44.1541],[102.6275,44.1761],[102.1239,44.1481],[101.8325,44.0813],[101.7548,44.0566],[101.5911,44.5271],[101.5614,44.5856],[101.5158,44.6576],[101.5031,44.6829],[101.4979,44.7008],[101.4997,44.7154],[101.5041,44.7262],[101.5431,44.7952],[101.568,44.852],[101.5479,44.8796],[101.4576,44.9199],[101.4181,44.944],[101.3553,44.9714],[101.231,44.9992],[101.205,45.011],[101.1851,45.0274],[101.173,45.0467],[101.1632,45.0683],[101.1494,45.1136],[101.1414,45.1521],[101.1293,45.2577],[101.1241,45.2743],[101.1219,45.2884],[101.125,45.3192],[101.1234,45.3415],[101.1108,45.3931],[101.1102,45.4121],[101.1159,45.4281],[101.126,45.4413],[101.1841,45.4792],[101.2298,45.5251],[101.2667,45.5884],[101.2675,45.6128],[101.2661,45.6655],[101.3088,45.7729],[101.3113,45.812],[101.3066,45.8457],[101.294,45.8978],[101.2909,45.983],[101.2977,46.0075],[101.3107,46.0305],[101.3265,46.0515],[101.344,46.0692],[101.3642,46.0814],[101.4181,46.0958],[101.4481,46.107],[101.4744,46.1217],[101.4921,46.1386],[101.4998,46.1511],[101.5049,46.1694],[101.5065,46.2104],[101.4984,46.2621],[101.4882,46.2845],[101.4756,46.302],[101.461,46.3115],[101.4503,46.3294],[101.4682,46.3569],[101.5555,46.4354],[101.5609,46.4529],[101.5546,46.4677],[101.5417,46.4813],[101.5329,46.4986],[101.5279,46.5157],[101.5192,46.596],[101.4258,46.6772],[101.3124,46.7543],[101.2993,46.767],[101.2636,46.8182],[101.8012,46.9013],[101.8463,46.9229],[101.8738,46.9452],[101.9437,46.98],[102.1519,47.0203],[102.2698,47.0546],[102.2979,47.0559],[102.3221,47.0495],[102.3475,47.0325],[102.3881,46.9898],[102.4069,46.975],[102.432,46.9623],[102.4589,46.9581],[102.5108,46.9731],[102.5279,47.0296],[102.532,47.0781],[102.5427,47.0991],[102.5536,47.1137],[102.631,47.1487],[102.6718,47.1947],[102.7311,47.2867],[102.7345,47.316],[102.7185,47.3254],[102.6965,47.3315],[102.6757,47.3392],[102.659,47.3522],[102.6461,47.3684],[102.6359,47.3879],[102.6319,47.4078],[102.6403,47.4236],[102.6564,47.4321],[102.6827,47.4306],[102.6966,47.4282],[102.7776,47.3962],[102.8325,47.3966],[102.8588,47.3943],[103.0304,47.3508],[103.059,47.3314],[103.079,47.3088],[103.1324,47.228],[103.155,47.2158],[103.193,47.2061],[103.3701,47.1923],[103.5251,47.196],[103.5721,47.2052],[103.6777,47.2506],[103.7507,47.2608],[103.7855,47.2638],[103.8087,47.2632],[103.8432,47.2587],[103.8659,47.2576],[103.9516,47.2647],[104.0741,47.2826],[104.1475,47.298]]]}}]}