{"type":"FeatureCollection","features":[{"type":"Feature","properties":{"id":"MYS-1143","name":"Johor","nameBn":"জোহোর","type":"State","bounds":[102.4806,1.2705,104.2947,2.8911],"center":[103.412,2.0065]},"geometry":{"type":"MultiPolygon","coordinates":[[[[103.6403,2.6713],[103.6521,2.666],[103.6675,2.6629],[103.6851,2.6621],[103.6904,2.6591],[103.7054,2.6455],[103.7162,2.6415],[103.7258,2.6431],[103.7497,2.6546],[103.7651,2.6489],[103.7668,2.6418],[103.7642,2.6332],[103.7671,2.6238],[103.8018,2.5969],[103.814,2.5815],[103.8397,2.5248],[103.8311,2.5017],[103.8303,2.4824],[103.8377,2.4638],[103.9114,2.3707],[103.9201,2.3626],[103.9421,2.3465],[103.949,2.3399],[103.9534,2.3294],[103.9536,2.3095],[103.9558,2.2983],[103.9624,2.2873],[103.98,2.2656],[103.9837,2.2536],[103.9815,2.2443],[103.9717,2.2246],[103.9694,2.2127],[103.9764,2.1924],[104.0233,2.1345],[104.0488,2.0718],[104.0672,2.0468],[104.0789,2.0218],[104.0855,2.011],[104.1065,1.9869],[104.1128,1.9761],[104.1209,1.954],[104.1223,1.9346],[104.1196,1.8912],[104.1243,1.8706],[104.1354,1.8489],[104.1492,1.8375],[104.1611,1.8471],[104.1675,1.8471],[104.1953,1.7987],[104.2043,1.7529],[104.2229,1.7269],[104.228,1.7121],[104.2295,1.6783],[104.2354,1.6644],[104.2472,1.6505],[104.2552,1.6378],[104.2498,1.6273],[104.2565,1.6138],[104.2637,1.5722],[104.284,1.5175],[104.2937,1.4716],[104.2947,1.4465],[104.2879,1.4355],[104.2796,1.4265],[104.2824,1.3826],[104.2774,1.3673],[104.2396,1.3673],[104.2346,1.364],[104.2241,1.3495],[104.2192,1.3462],[104.1741,1.3482],[104.1545,1.3523],[104.114,1.3685],[104.1062,1.3752],[104.1052,1.3854],[104.106,1.4045],[104.1006,1.4188],[104.0886,1.4294],[104.0749,1.4387],[104.065,1.4486],[104.0594,1.4853],[104.0863,1.5029],[104.1232,1.5175],[104.1476,1.5454],[104.1289,1.5497],[104.1112,1.5451],[104.0945,1.5352],[104.0608,1.5101],[104.0534,1.5063],[104.0498,1.5131],[104.044,1.5312],[104.0122,1.5969],[103.9885,1.6324],[103.966,1.6479],[103.9602,1.6358],[103.9704,1.6086],[104.0083,1.5487],[104.0086,1.5349],[104.0034,1.5069],[104.0057,1.4938],[104.01,1.4795],[104.0125,1.4643],[104.0098,1.4486],[103.9745,1.4198],[103.9265,1.4317],[103.8397,1.4765],[103.8143,1.4745],[103.7741,1.4537],[103.7531,1.4486],[103.7127,1.4521],[103.6976,1.4506],[103.6814,1.4418],[103.6301,1.3774],[103.6001,1.3535],[103.5647,1.3598],[103.5628,1.3644],[103.5555,1.3747],[103.5479,1.3821],[103.5442,1.3772],[103.5453,1.366],[103.5501,1.3511],[103.551,1.3428],[103.5485,1.3317],[103.5305,1.3052],[103.5164,1.2705],[103.5041,1.2899],[103.469,1.32],[103.4548,1.3394],[103.4463,1.3593],[103.4139,1.4678],[103.3954,1.5064],[103.3674,1.5384],[103.325,1.5653],[103.2061,1.6104],[103.0371,1.7155],[102.9963,1.7349],[102.9741,1.7412],[102.9512,1.7434],[102.9346,1.7475],[102.9232,1.7579],[102.9067,1.7844],[102.8875,1.8071],[102.8636,1.8278],[102.8356,1.8456],[102.8045,1.8601],[102.7884,1.8542],[102.7388,1.8466],[102.7219,1.8471],[102.6994,1.8594],[102.6862,1.8791],[102.6672,1.9216],[102.6506,1.9409],[102.5689,2.0064],[102.5576,2.0187],[102.5505,2.0314],[102.5591,2.0332],[102.5603,2.0364],[102.5583,2.0406],[102.5573,2.0451],[102.5447,2.0577],[102.5269,2.0709],[102.489,2.0929],[102.4889,2.093],[102.489,2.0931],[102.5061,2.1202],[102.5157,2.1253],[102.5268,2.1234],[102.5306,2.1237],[102.5338,2.1282],[102.5365,2.1365],[102.5381,2.1565],[102.5372,2.1652],[102.5354,2.1711],[102.5328,2.173],[102.5296,2.1744],[102.522,2.1753],[102.5186,2.1763],[102.5134,2.1798],[102.4979,2.1865],[102.4909,2.1881],[102.4882,2.1896],[102.4868,2.1922],[102.4843,2.1985],[102.4812,2.2044],[102.4806,2.2079],[102.4817,2.2121],[102.4986,2.2267],[102.5005,2.2296],[102.502,2.2338],[102.5024,2.2408],[102.5019,2.2454],[102.5002,2.2531],[102.5,2.257],[102.5003,2.2608],[102.5025,2.2716],[102.5216,2.3243],[102.523,2.3317],[102.5228,2.3355],[102.5202,2.3462],[102.5197,2.3498],[102.5219,2.3562],[102.5267,2.3646],[102.5469,2.3904],[102.555,2.3972],[102.5779,2.407],[102.5994,2.4217],[102.6021,2.4475],[102.6054,2.4567],[102.6176,2.4711],[102.6201,2.476],[102.6211,2.4813],[102.6207,2.4848],[102.618,2.4936],[102.6156,2.5055],[102.6166,2.5101],[102.6221,2.5225],[102.6232,2.5276],[102.6215,2.5354],[102.6197,2.5399],[102.6184,2.5452],[102.6178,2.5504],[102.6195,2.5614],[102.6218,2.5703],[102.6279,2.5843],[102.6311,2.5904],[102.6342,2.5948],[102.6409,2.6017],[102.642,2.6049],[102.642,2.609],[102.6389,2.6156],[102.6342,2.6233],[102.6339,2.6291],[102.6341,2.6339],[102.6429,2.661],[102.6992,2.8088],[102.7046,2.839],[102.748,2.8244],[102.8004,2.8033],[102.8144,2.7947],[102.9565,2.6242],[102.9921,2.5952],[103.1497,2.5306],[103.155,2.5294],[103.1587,2.5298],[103.3081,2.5853],[103.351,2.5942],[103.3645,2.5939],[103.3769,2.5876],[103.3898,2.5786],[103.446,2.557],[103.4509,2.5529],[103.4595,2.5438],[103.4647,2.5361],[103.4672,2.5339],[103.6099,2.4492],[103.6185,2.4459],[103.6223,2.447],[103.6211,2.4511],[103.6207,2.4551],[103.6207,2.4572],[103.6218,2.4596],[103.6233,2.4623],[103.634,2.4765],[103.6351,2.4796],[103.636,2.4834],[103.6363,2.4906],[103.636,2.4948],[103.6348,2.501],[103.6326,2.5065],[103.6295,2.5118],[103.6247,2.5177],[103.6214,2.5195],[103.6184,2.5207],[103.6096,2.5229],[103.6067,2.5245],[103.6042,2.5264],[103.6028,2.5293],[103.6024,2.5308],[103.6025,2.5328],[103.603,2.5352],[103.6052,2.5413],[103.6071,2.5452],[103.6137,2.5526],[103.6146,2.5541],[103.6153,2.5564],[103.6149,2.5583],[103.6101,2.5708],[103.6096,2.5751],[103.6105,2.5775],[103.6128,2.5802],[103.6167,2.5834],[103.6179,2.5847],[103.6205,2.5894],[103.6218,2.5925],[103.6235,2.5987],[103.6239,2.6021],[103.6235,2.6045],[103.6218,2.6084],[103.6196,2.6121],[103.617,2.6155],[103.6146,2.6178],[103.6123,2.6196],[103.6039,2.6239],[103.6024,2.6253],[103.6,2.6281],[103.6002,2.6324],[103.6039,2.6378],[103.6263,2.6486],[103.628,2.6505],[103.6371,2.6642],[103.6403,2.6713]]],[[[104.2227,2.7856],[104.2251,2.7359],[104.2227,2.7241],[104.2108,2.7151],[104.1921,2.7091],[104.1721,2.7077],[104.1575,2.7133],[104.1384,2.7336],[104.1306,2.7458],[104.1301,2.7545],[104.1307,2.7601],[104.1258,2.777],[104.127,2.7856],[104.1316,2.7911],[104.1442,2.7976],[104.1506,2.8024],[104.1603,2.8179],[104.1603,2.8327],[104.1563,2.8477],[104.1538,2.8641],[104.156,2.8746],[104.1619,2.8848],[104.1707,2.8911],[104.1814,2.8898],[104.1862,2.8853],[104.1878,2.8797],[104.189,2.8676],[104.1917,2.8603],[104.2044,2.8409],[104.2106,2.8279],[104.2227,2.7856]]]]}},{"type":"Feature","properties":{"id":"MYS-1140","name":"Kedah","nameBn":"কেদাহ","type":"State","bounds":[99.6452,5.0809,101.0943,6.5268],"center":[100.647,5.8096]},"geometry":{"type":"MultiPolygon","coordinates":[[[[100.3777,6.5268],[100.3874,6.5221],[100.4097,6.5153],[100.4265,6.5139],[100.4523,6.5169],[100.4672,6.5132],[100.4992,6.4903],[100.5174,6.4819],[100.5784,6.4643],[100.6126,6.4492],[100.6307,6.4448],[100.6484,6.4472],[100.7129,6.493],[100.73,6.4932],[100.7315,6.487],[100.7312,6.4647],[100.7339,6.4564],[100.7423,6.4501],[100.7516,6.4488],[100.7619,6.449],[100.7733,6.4473],[100.7963,6.4339],[100.8056,6.4148],[100.8085,6.3673],[100.8107,6.3558],[100.8152,6.3448],[100.8271,6.3246],[100.829,6.3163],[100.8269,6.3071],[100.8237,6.2986],[100.8234,6.2977],[100.8215,6.2888],[100.8221,6.2599],[100.8246,6.2515],[100.833,6.2367],[100.8373,6.2372],[100.8428,6.2439],[100.8551,6.2479],[100.8684,6.2462],[100.9101,6.2358],[100.9289,6.2406],[100.9552,6.2686],[100.9743,6.2726],[101.0065,6.2464],[101.0231,6.241],[101.069,6.2509],[101.0817,6.2465],[101.0883,6.2335],[101.091,6.2132],[101.0892,6.1888],[101.08,6.1803],[101.0669,6.1743],[101.0534,6.1576],[101.0525,6.1346],[101.0685,6.1196],[101.0871,6.1056],[101.0943,6.0858],[101.089,6.0466],[101.0875,5.9897],[101.0804,5.957],[101.0788,5.9382],[101.0711,5.9198],[101.0529,5.9131],[101.0318,5.9089],[101.0153,5.8983],[100.9743,5.8153],[100.9677,5.8041],[100.9653,5.7924],[100.9672,5.781],[100.9724,5.7729],[100.966,5.7729],[100.9621,5.7725],[100.9585,5.7715],[100.956,5.7691],[100.9546,5.7663],[100.9587,5.7496],[100.9604,5.7469],[100.9646,5.742],[100.9677,5.7362],[100.97,5.7338],[100.9786,5.7287],[100.9811,5.7268],[100.9829,5.7247],[100.9843,5.7221],[100.9837,5.7163],[100.97,5.6591],[100.9681,5.6555],[100.9649,5.6517],[100.9526,5.6434],[100.9475,5.6382],[100.9403,5.6284],[100.9319,5.6207],[100.9298,5.6178],[100.9288,5.6133],[100.9301,5.6053],[100.9322,5.6008],[100.935,5.5981],[100.9379,5.5967],[100.9413,5.5957],[100.9443,5.5941],[100.9469,5.5921],[100.9486,5.5891],[100.9495,5.5852],[100.9495,5.5802],[100.9474,5.5629],[100.9474,5.5544],[100.9469,5.5506],[100.9433,5.538],[100.9368,5.5231],[100.9306,5.5133],[100.9179,5.5002],[100.9112,5.497],[100.9062,5.4963],[100.9016,5.5005],[100.8989,5.5018],[100.8951,5.5001],[100.8906,5.4953],[100.8831,5.4836],[100.8788,5.478],[100.8735,5.4645],[100.8693,5.4259],[100.8687,5.4176],[100.8692,5.4092],[100.8687,5.4009],[100.862,5.372],[100.8595,5.3656],[100.8563,5.3595],[100.8527,5.3541],[100.8398,5.3396],[100.833,5.3362],[100.8225,5.3323],[100.7972,5.3256],[100.7629,5.3208],[100.7557,5.3156],[100.7462,5.2973],[100.7441,5.286],[100.7431,5.283],[100.7397,5.2781],[100.7346,5.2733],[100.7103,5.2564],[100.707,5.253],[100.7036,5.2482],[100.6962,5.2321],[100.6918,5.2168],[100.6908,5.2145],[100.6899,5.2128],[100.6862,5.2073],[100.6153,5.1442],[100.6108,5.1357],[100.6063,5.1213],[100.6046,5.1185],[100.6026,5.1162],[100.5877,5.1037],[100.5734,5.0865],[100.5709,5.0845],[100.5676,5.0827],[100.5633,5.0816],[100.5571,5.0809],[100.5493,5.0827],[100.5425,5.0858],[100.5323,5.093],[100.5211,5.0981],[100.5175,5.0991],[100.5113,5.1071],[100.5037,5.1342],[100.5346,5.1288],[100.5466,5.1292],[100.55,5.1303],[100.5529,5.132],[100.5557,5.1345],[100.5583,5.1385],[100.5591,5.1428],[100.5591,5.1468],[100.5424,5.2637],[100.5249,5.4692],[100.5267,5.5291],[100.5286,5.5379],[100.5332,5.5498],[100.516,5.5576],[100.5002,5.5603],[100.3546,5.569],[100.3543,5.569],[100.3508,5.5842],[100.344,5.6693],[100.3532,5.6654],[100.3649,5.6627],[100.3763,5.6633],[100.3849,5.6693],[100.3864,5.6791],[100.3788,5.6852],[100.3692,5.6896],[100.3645,5.6941],[100.3757,5.8109],[100.3491,6.0127],[100.3406,6.0299],[100.3259,6.0491],[100.314,6.0706],[100.2962,6.1155],[100.26,6.1809],[100.2479,6.2208],[100.2326,6.2362],[100.2,6.259],[100.1987,6.2605],[100.1989,6.2607],[100.2066,6.2687],[100.2103,6.2813],[100.2118,6.2917],[100.2132,6.2963],[100.2143,6.299],[100.3248,6.4235],[100.3349,6.4318],[100.3585,6.4477],[100.3627,6.4519],[100.3655,6.4558],[100.3752,6.5001],[100.376,6.5081],[100.376,6.5122],[100.3777,6.5268]]],[[[99.7863,6.2418],[99.8004,6.2728],[99.8239,6.2821],[99.837,6.2942],[99.8398,6.2773],[99.8323,6.2689],[99.8249,6.2577],[99.825,6.2456],[99.8233,6.2391],[99.8238,6.2229],[99.8302,6.2058],[99.8264,6.1907],[99.817,6.1765],[99.8056,6.1718],[99.7895,6.1859],[99.7841,6.2011],[99.7747,6.204],[99.7672,6.2238],[99.7863,6.2418]]],[[[99.9006,6.3643],[99.9109,6.3487],[99.9145,6.3397],[99.9163,6.3315],[99.9061,6.3261],[99.8917,6.3219],[99.8832,6.3127],[99.8705,6.3049],[99.8657,6.2905],[99.8494,6.3007],[99.8446,6.3247],[99.8253,6.3241],[99.8073,6.3175],[99.7918,6.2985],[99.778,6.283],[99.7617,6.2828],[99.7489,6.2702],[99.7367,6.2646],[99.7287,6.2615],[99.7155,6.3101],[99.7221,6.3275],[99.719,6.3532],[99.7028,6.3586],[99.6768,6.364],[99.6587,6.3626],[99.6501,6.3767],[99.646,6.3942],[99.6452,6.4358],[99.6694,6.4269],[99.6888,6.4353],[99.7214,6.4342],[99.7365,6.424],[99.7709,6.4198],[99.786,6.4229],[99.8022,6.436],[99.8143,6.454],[99.824,6.4546],[99.8392,6.4548],[99.8345,6.4633],[99.8328,6.4709],[99.842,6.4696],[99.8511,6.4656],[99.8589,6.4438],[99.8665,6.4297],[99.8783,6.4197],[99.8989,6.4103],[99.8976,6.402],[99.9048,6.3978],[99.9133,6.3902],[99.909,6.3781],[99.9006,6.3643]]]]}},{"type":"Feature","properties":{"id":"MYS-1144","name":"Kelantan","nameBn":"কেলান্তান","type":"State","bounds":[101.3434,4.5556,102.6663,6.2575],"center":[102.005,5.4035]},"geometry":{"type":"Polygon","coordinates":[[[101.7842,5.7381],[101.8005,5.7399],[101.8123,5.7525],[101.8202,5.7737],[101.8255,5.7798],[101.8547,5.7977],[101.8608,5.8065],[101.8643,5.8154],[101.8692,5.8239],[101.8803,5.831],[101.9129,5.8593],[101.9193,5.8976],[101.9198,5.9403],[101.9347,5.9817],[101.9594,6.0116],[102.0334,6.0684],[102.06,6.0948],[102.0713,6.1267],[102.0667,6.2047],[102.0731,6.2575],[102.0986,6.2391],[102.1521,6.2032],[102.1636,6.1975],[102.187,6.2034],[102.1917,6.2151],[102.1831,6.223],[102.1668,6.218],[102.1781,6.2336],[102.1996,6.2328],[102.3157,6.1904],[102.3381,6.177],[102.3799,6.133],[102.4998,5.8974],[102.5208,5.8717],[102.542,5.8548],[102.5397,5.8532],[102.5031,5.8073],[102.4264,5.7359],[102.3912,5.6988],[102.3863,5.686],[102.3999,5.6306],[102.4026,5.6241],[102.4054,5.6141],[102.4058,5.6084],[102.403,5.5918],[102.4046,5.5379],[102.4033,5.5345],[102.4015,5.5318],[102.3934,5.5265],[102.3925,5.5165],[102.3998,5.4575],[102.4002,5.4412],[102.3984,5.4319],[102.395,5.4308],[102.3942,5.4273],[102.3961,5.4215],[102.4122,5.4016],[102.4344,5.3834],[102.4384,5.3786],[102.4403,5.3694],[102.4355,5.3443],[102.4239,5.3196],[102.4224,5.3154],[102.4195,5.2926],[102.4174,5.2347],[102.4201,5.2196],[102.4202,5.2156],[102.4199,5.2117],[102.4182,5.2047],[102.412,5.188],[102.4126,5.184],[102.4148,5.18],[102.4218,5.1766],[102.4352,5.1734],[102.438,5.1719],[102.4429,5.1678],[102.446,5.1664],[102.45,5.1658],[102.4537,5.1657],[102.4578,5.1647],[102.4614,5.1624],[102.466,5.1583],[102.4738,5.1545],[102.4765,5.1526],[102.4904,5.1367],[102.4953,5.1331],[102.4994,5.1306],[102.5027,5.1292],[102.5055,5.1276],[102.509,5.1248],[102.5186,5.114],[102.5265,5.1082],[102.5286,5.1061],[102.5268,5.1016],[102.5222,5.0958],[102.5208,5.093],[102.52,5.0896],[102.5196,5.0862],[102.5179,5.0833],[102.5151,5.0819],[102.5078,5.0802],[102.505,5.0785],[102.5031,5.0758],[102.5033,5.0703],[102.5152,5.0218],[102.5141,5.0166],[102.5121,5.0132],[102.509,5.012],[102.5061,5.0103],[102.5036,5.0084],[102.5016,5.0061],[102.5005,5.0035],[102.5003,5.0016],[102.5003,5.0008],[102.5005,5.0002],[102.5005,4.9995],[102.501,4.9947],[102.5027,4.9867],[102.512,4.9587],[102.5144,4.9425],[102.5127,4.9345],[102.5112,4.9151],[102.5131,4.9104],[102.5172,4.9062],[102.5281,4.9016],[102.5329,4.9018],[102.5363,4.9036],[102.5382,4.9062],[102.5405,4.9082],[102.5436,4.9091],[102.5472,4.9088],[102.5508,4.9079],[102.5756,4.8968],[102.6254,4.8615],[102.629,4.8601],[102.6362,4.8583],[102.6395,4.855],[102.6418,4.8493],[102.6432,4.8353],[102.6449,4.8273],[102.6501,4.8197],[102.6535,4.8163],[102.6563,4.8122],[102.6653,4.7906],[102.6663,4.7831],[102.6606,4.7684],[102.6409,4.7692],[102.6324,4.7719],[102.6223,4.7801],[102.619,4.7815],[102.6152,4.7814],[102.6111,4.7794],[102.6066,4.7739],[102.6052,4.7695],[102.6049,4.7652],[102.6051,4.7613],[102.6046,4.7578],[102.6035,4.7544],[102.6003,4.7483],[102.5988,4.7452],[102.5979,4.742],[102.5981,4.7385],[102.599,4.7355],[102.6026,4.7299],[102.6038,4.7268],[102.6066,4.7118],[102.6071,4.7037],[102.6063,4.7001],[102.6051,4.6969],[102.6025,4.6945],[102.5985,4.6936],[102.5853,4.6963],[102.5703,4.6976],[102.566,4.6991],[102.5627,4.7012],[102.5609,4.7035],[102.5584,4.7057],[102.5557,4.7077],[102.5525,4.7082],[102.5486,4.7072],[102.5447,4.7026],[102.5406,4.6956],[102.5388,4.6932],[102.5365,4.6911],[102.5316,4.687],[102.5293,4.6847],[102.5234,4.6801],[102.5163,4.6756],[102.5121,4.6741],[102.507,4.6739],[102.4985,4.6758],[102.4935,4.6775],[102.4896,4.6797],[102.48,4.6875],[102.4624,4.6973],[102.4581,4.7019],[102.4528,4.7101],[102.4505,4.7122],[102.4463,4.7133],[102.4408,4.7137],[102.4317,4.7133],[102.4263,4.7139],[102.4218,4.7149],[102.4151,4.7177],[102.4099,4.7183],[102.4029,4.7182],[102.3894,4.7156],[102.381,4.7122],[102.372,4.704],[102.3709,4.6999],[102.3719,4.6965],[102.3734,4.6939],[102.374,4.6906],[102.3734,4.6873],[102.372,4.6842],[102.3602,4.6693],[102.351,4.6604],[102.3493,4.6578],[102.3433,4.645],[102.3385,4.6434],[102.3312,4.643],[102.315,4.6457],[102.3078,4.6479],[102.3023,4.65],[102.2826,4.662],[102.277,4.6622],[102.2696,4.6615],[102.2478,4.6554],[102.2416,4.6522],[102.2383,4.6501],[102.2277,4.637],[102.2072,4.6398],[102.2036,4.6414],[102.1996,4.6438],[102.1977,4.6468],[102.1951,4.6527],[102.1931,4.6553],[102.1907,4.6575],[102.1878,4.6589],[102.1844,4.6599],[102.1814,4.6613],[102.179,4.6637],[102.1778,4.667],[102.1773,4.6705],[102.1771,4.6747],[102.1763,4.6783],[102.1751,4.6816],[102.1734,4.6842],[102.1671,4.6914],[102.131,4.7188],[102.1288,4.7212],[102.1276,4.7242],[102.1271,4.7279],[102.127,4.7357],[102.1265,4.7391],[102.1202,4.7545],[102.1183,4.7572],[102.1161,4.7591],[102.1079,4.7579],[102.053,4.7344],[102.0426,4.7338],[102.0364,4.7382],[102.0314,4.7424],[102.0286,4.744],[102.0253,4.7445],[102.0218,4.7442],[102.0179,4.7444],[102.0154,4.746],[102.0058,4.7593],[102.0036,4.7614],[102.0015,4.763],[101.9991,4.7626],[101.9962,4.7607],[101.9912,4.7554],[101.9873,4.7526],[101.9807,4.7525],[101.9771,4.7541],[101.9742,4.7566],[101.9709,4.7621],[101.9676,4.7626],[101.9636,4.7606],[101.9563,4.7519],[101.9543,4.7465],[101.9536,4.7416],[101.9545,4.7382],[101.9552,4.7345],[101.9554,4.7263],[101.9547,4.7182],[101.9445,4.6737],[101.9419,4.6676],[101.9392,4.6642],[101.9285,4.6543],[101.9229,4.6462],[101.9198,4.6402],[101.9186,4.6369],[101.9179,4.6331],[101.9176,4.6212],[101.9157,4.6187],[101.9121,4.6178],[101.9054,4.6202],[101.9016,4.6229],[101.8992,4.6261],[101.8976,4.629],[101.893,4.6419],[101.8925,4.6455],[101.893,4.6488],[101.8947,4.6562],[101.8947,4.6602],[101.8944,4.6641],[101.8935,4.6675],[101.8919,4.6705],[101.8899,4.6731],[101.8874,4.6752],[101.8703,4.685],[101.8655,4.6889],[101.8625,4.6907],[101.8587,4.692],[101.8534,4.6928],[101.8503,4.6948],[101.8486,4.6979],[101.8481,4.7017],[101.8481,4.7055],[101.8478,4.7092],[101.8466,4.7126],[101.845,4.7157],[101.8427,4.7178],[101.8399,4.7197],[101.8368,4.7208],[101.8291,4.7215],[101.8253,4.7222],[101.8224,4.7236],[101.8206,4.7262],[101.8198,4.7299],[101.8193,4.734],[101.8194,4.7428],[101.8187,4.751],[101.8177,4.7544],[101.8163,4.7574],[101.8145,4.76],[101.8117,4.7619],[101.8077,4.7629],[101.802,4.7631],[101.7935,4.7617],[101.7884,4.7601],[101.7841,4.7571],[101.7811,4.7524],[101.7777,4.7431],[101.7768,4.7369],[101.7782,4.7116],[101.778,4.7076],[101.7744,4.6842],[101.7752,4.6636],[101.774,4.6554],[101.7704,4.6413],[101.7689,4.6383],[101.7672,4.6356],[101.7631,4.6326],[101.7566,4.6298],[101.7339,4.625],[101.7276,4.6221],[101.7197,4.6123],[101.7132,4.6078],[101.683,4.5915],[101.6745,4.5857],[101.6692,4.5807],[101.6663,4.5748],[101.6601,4.5674],[101.6551,4.5647],[101.648,4.5619],[101.6256,4.5556],[101.6194,4.5557],[101.6152,4.5596],[101.6072,4.5632],[101.5926,4.5607],[101.5811,4.5706],[101.5741,4.5779],[101.5699,4.5801],[101.5552,4.5854],[101.5505,4.5882],[101.5473,4.5909],[101.5453,4.5932],[101.5414,4.5958],[101.5345,4.5976],[101.5215,4.5994],[101.5095,4.5972],[101.5037,4.5951],[101.5004,4.5935],[101.4878,4.5902],[101.4847,4.5878],[101.4832,4.5845],[101.4827,4.5805],[101.4827,4.5763],[101.4823,4.5726],[101.4791,4.5702],[101.4729,4.5703],[101.4613,4.5726],[101.4484,4.5821],[101.4455,4.5855],[101.4307,4.598],[101.4191,4.6025],[101.3791,4.6128],[101.3702,4.6399],[101.3629,4.6543],[101.3434,4.6818],[101.3556,4.7005],[101.3586,4.7012],[101.3627,4.7031],[101.3658,4.7037],[101.3688,4.7052],[101.3718,4.7064],[101.3751,4.7068],[101.3783,4.7062],[101.382,4.7059],[101.3853,4.7064],[101.3879,4.7099],[101.3893,4.7157],[101.3888,4.7282],[101.3868,4.7403],[101.3857,4.7435],[101.3848,4.747],[101.385,4.7506],[101.3866,4.7542],[101.3918,4.7575],[101.3963,4.7586],[101.4003,4.7591],[101.4037,4.762],[101.4065,4.7672],[101.4104,4.778],[101.4132,4.7833],[101.4156,4.7872],[101.418,4.7895],[101.4191,4.7933],[101.4193,4.7987],[101.4166,4.8078],[101.41,4.8235],[101.4096,4.8268],[101.4106,4.8307],[101.4146,4.835],[101.4205,4.845],[101.423,4.8469],[101.4261,4.8484],[101.4335,4.8498],[101.4376,4.85],[101.4455,4.8512],[101.449,4.8543],[101.452,4.8596],[101.4614,4.8882],[101.463,4.8959],[101.4633,4.9005],[101.4565,4.9407],[101.4535,4.9465],[101.4433,4.9566],[101.4351,4.9746],[101.4506,4.9865],[101.4535,4.99],[101.4566,4.9951],[101.4576,5.0023],[101.458,5.012],[101.4586,5.0155],[101.4613,5.0217],[101.4647,5.0275],[101.4661,5.0309],[101.4679,5.0466],[101.4682,5.0547],[101.4694,5.0622],[101.4716,5.068],[101.483,5.0891],[101.4854,5.0964],[101.4858,5.1021],[101.4854,5.1058],[101.4857,5.1101],[101.4869,5.1145],[101.4899,5.1205],[101.4913,5.1252],[101.4919,5.1299],[101.4919,5.1339],[101.4908,5.1419],[101.4911,5.1465],[101.4933,5.1523],[101.4944,5.1617],[101.4945,5.17],[101.4973,5.1853],[101.4987,5.1889],[101.5013,5.1937],[101.5153,5.2143],[101.5176,5.2189],[101.5184,5.2224],[101.5182,5.2384],[101.5193,5.2429],[101.5252,5.2544],[101.5267,5.2599],[101.5276,5.2688],[101.5288,5.2722],[101.532,5.2743],[101.5391,5.2741],[101.5437,5.2731],[101.5478,5.2733],[101.5513,5.2753],[101.5542,5.2808],[101.5575,5.289],[101.5611,5.2931],[101.5769,5.3057],[101.5811,5.3114],[101.5831,5.3164],[101.5828,5.3205],[101.582,5.3242],[101.5817,5.3282],[101.5845,5.3331],[101.5901,5.3382],[101.6031,5.3466],[101.6089,5.3514],[101.6126,5.3554],[101.6143,5.3582],[101.6169,5.3599],[101.6205,5.3601],[101.6261,5.3568],[101.634,5.3483],[101.6369,5.3468],[101.6405,5.346],[101.6486,5.3454],[101.6565,5.3443],[101.6627,5.3415],[101.6734,5.3342],[101.6764,5.3336],[101.6801,5.335],[101.6861,5.3419],[101.6911,5.3457],[101.699,5.3482],[101.7043,5.3488],[101.7091,5.3488],[101.7132,5.3482],[101.7167,5.3471],[101.7206,5.3468],[101.7243,5.3474],[101.7279,5.3489],[101.7322,5.3512],[101.744,5.3594],[101.7471,5.3625],[101.7499,5.3686],[101.7508,5.3728],[101.7462,5.3876],[101.7482,5.4161],[101.7505,5.4263],[101.7508,5.4312],[101.7499,5.4374],[101.7462,5.449],[101.7454,5.4565],[101.747,5.4658],[101.751,5.4738],[101.7523,5.477],[101.753,5.4808],[101.7533,5.4853],[101.7524,5.4913],[101.7502,5.4986],[101.7452,5.507],[101.7414,5.5095],[101.7373,5.5102],[101.7336,5.5105],[101.7304,5.5113],[101.7246,5.5143],[101.7218,5.5154],[101.7187,5.5151],[101.7156,5.514],[101.7099,5.5108],[101.7066,5.5095],[101.7031,5.5091],[101.6997,5.5099],[101.6916,5.5157],[101.6886,5.5166],[101.6847,5.5168],[101.6768,5.5163],[101.6733,5.5167],[101.6705,5.5181],[101.6694,5.5222],[101.6698,5.5283],[101.6764,5.5468],[101.6833,5.5602],[101.6869,5.5702],[101.6875,5.5755],[101.6874,5.5819],[101.6852,5.5936],[101.683,5.5995],[101.6804,5.6034],[101.6725,5.6084],[101.6698,5.6105],[101.6675,5.6128],[101.6661,5.6177],[101.6655,5.6247],[101.6664,5.6375],[101.6658,5.6489],[101.6651,5.6512],[101.6644,5.6582],[101.6654,5.6633],[101.6675,5.669],[101.6739,5.6778],[101.6813,5.6854],[101.6922,5.6928],[101.6944,5.6949],[101.6981,5.7092],[101.6997,5.7611],[101.6976,5.7671],[101.7148,5.7829],[101.7268,5.7865],[101.74,5.7824],[101.7479,5.7724],[101.7542,5.7603],[101.7629,5.7495],[101.7842,5.7381]]]}},{"type":"Feature","properties":{"id":"MYS-4831","name":"Kuala Lumpur","nameBn":"কুয়ালালামপুর","type":"Federal Territory","bounds":[101.6217,3.0269,101.7631,3.2322],"center":[101.698,3.1384]},"geometry":{"type":"Polygon","coordinates":[[[101.6685,3.2322],[101.6731,3.2308],[101.6847,3.2178],[101.7083,3.207],[101.7164,3.2061],[101.7235,3.2078],[101.7285,3.2116],[101.7381,3.2159],[101.7426,3.2162],[101.7462,3.2147],[101.7485,3.2113],[101.7521,3.2074],[101.7561,3.1967],[101.7604,3.188],[101.7622,3.1819],[101.7631,3.176],[101.7622,3.1717],[101.7606,3.1686],[101.7538,3.1623],[101.7516,3.1581],[101.7502,3.144],[101.7487,3.1399],[101.7449,3.1362],[101.7425,3.1331],[101.7418,3.1263],[101.7432,3.1149],[101.748,3.0958],[101.7523,3.0578],[101.752,3.0522],[101.7505,3.048],[101.7474,3.0456],[101.7438,3.0445],[101.7401,3.0445],[101.7373,3.0431],[101.735,3.0396],[101.7333,3.0342],[101.731,3.0298],[101.7279,3.0269],[101.7254,3.0281],[101.7235,3.0322],[101.722,3.0351],[101.7199,3.037],[101.7169,3.0379],[101.7102,3.0387],[101.683,3.0351],[101.6765,3.0351],[101.6703,3.0358],[101.6651,3.0376],[101.6621,3.0407],[101.6605,3.0449],[101.6591,3.0503],[101.6565,3.0574],[101.656,3.0618],[101.657,3.0656],[101.6588,3.069],[101.6646,3.0764],[101.6655,3.079],[101.6658,3.0822],[101.6654,3.0859],[101.6632,3.0919],[101.6615,3.0939],[101.6601,3.0953],[101.6587,3.0963],[101.6579,3.0976],[101.6573,3.0999],[101.657,3.1051],[101.6559,3.1097],[101.6539,3.114],[101.6508,3.1173],[101.6381,3.1249],[101.635,3.1274],[101.6321,3.1305],[101.6301,3.1332],[101.6261,3.1405],[101.6248,3.1441],[101.6217,3.1788],[101.6224,3.1821],[101.6362,3.2065],[101.6394,3.2137],[101.6406,3.2154],[101.6425,3.2169],[101.6553,3.2232],[101.6618,3.2286],[101.6638,3.2309],[101.6651,3.2317],[101.6685,3.2322]]]}},{"type":"Feature","properties":{"id":"MYS-4833","name":"Labuan","nameBn":"লাবুয়ান","type":"Federal Territory","bounds":[115.1592,5.2522,115.2598,5.3874],"center":[115.222,5.3252]},"geometry":{"type":"Polygon","coordinates":[[[115.2485,5.3655],[115.2598,5.3154],[115.2593,5.2912],[115.2417,5.2727],[115.2319,5.2731],[115.2122,5.285],[115.2041,5.2836],[115.1843,5.267],[115.1592,5.2522],[115.1609,5.267],[115.1891,5.3448],[115.1973,5.3546],[115.2261,5.381],[115.2417,5.3874],[115.2485,5.3655]]]}},{"type":"Feature","properties":{"id":"MYS-1145","name":"Melaka","nameBn":"মালাক্কা","type":"State","bounds":[101.9871,2.093,102.5994,2.4923],"center":[102.293,2.3216]},"geometry":{"type":"Polygon","coordinates":[[[102.4889,2.093],[102.3486,2.15],[102.188,2.2164],[102.1543,2.2357],[102.127,2.2573],[102.0513,2.3409],[102.0403,2.3461],[102.0187,2.3504],[101.999,2.3616],[101.9871,2.3771],[101.9885,2.3913],[101.9887,2.3915],[102.021,2.4096],[102.0297,2.4176],[102.0465,2.4377],[102.0503,2.431],[102.0522,2.4286],[102.0548,2.4262],[102.0579,2.4258],[102.0609,2.4273],[102.0646,2.4363],[102.0669,2.4393],[102.0703,2.4413],[102.072,2.4428],[102.0736,2.4452],[102.0733,2.4554],[102.0737,2.4578],[102.0747,2.4596],[102.0775,2.4609],[102.0824,2.4613],[102.1017,2.4559],[102.1074,2.4563],[102.1497,2.4675],[102.1545,2.4701],[102.158,2.4725],[102.1746,2.4895],[102.178,2.492],[102.1804,2.4923],[102.1838,2.4918],[102.2008,2.4823],[102.2263,2.4719],[102.2673,2.4633],[102.2753,2.4643],[102.3431,2.4868],[102.3532,2.4886],[102.3837,2.4879],[102.4415,2.4633],[102.4566,2.4549],[102.5994,2.4217],[102.5779,2.407],[102.555,2.3972],[102.5469,2.3904],[102.5267,2.3646],[102.5219,2.3562],[102.5197,2.3498],[102.5202,2.3462],[102.5228,2.3355],[102.523,2.3317],[102.5216,2.3243],[102.5025,2.2716],[102.5003,2.2608],[102.5,2.257],[102.5002,2.2531],[102.5019,2.2454],[102.5024,2.2408],[102.502,2.2338],[102.5005,2.2296],[102.4986,2.2267],[102.4817,2.2121],[102.4806,2.2079],[102.4812,2.2044],[102.4843,2.1985],[102.4868,2.1922],[102.4882,2.1896],[102.4909,2.1881],[102.4979,2.1865],[102.5134,2.1798],[102.5186,2.1763],[102.522,2.1753],[102.5296,2.1744],[102.5328,2.173],[102.5354,2.1711],[102.5372,2.1652],[102.5381,2.1565],[102.5365,2.1365],[102.5338,2.1282],[102.5306,2.1237],[102.5268,2.1234],[102.5157,2.1253],[102.5061,2.1202],[102.489,2.0931],[102.4889,2.093]]]}},{"type":"Feature","properties":{"id":"MYS-1146","name":"Negeri Sembilan","nameBn":"নেগেরি সেম্বিলান","type":"State","bounds":[101.7212,2.3913,102.7046,3.2834],"center":[102.149,2.7086]},"geometry":{"type":"Polygon","coordinates":[[[101.9885,2.3913],[101.9888,2.3945],[101.9722,2.3986],[101.9562,2.4048],[101.9268,2.4224],[101.9092,2.4108],[101.8775,2.4088],[101.8652,2.3945],[101.8582,2.4194],[101.8562,2.4514],[101.8511,2.4789],[101.8342,2.4907],[101.8274,2.4941],[101.8177,2.5022],[101.8032,2.518],[101.7831,2.5759],[101.7744,2.5866],[101.761,2.5921],[101.7212,2.5958],[101.7212,2.596],[101.7237,2.6207],[101.7294,2.633],[101.7353,2.6414],[101.7369,2.6488],[101.7384,2.6663],[101.74,2.6708],[101.7485,2.6851],[101.7726,2.7382],[101.7707,2.7787],[101.7602,2.8387],[101.7591,2.854],[101.7595,2.8628],[101.7614,2.8635],[101.7752,2.8659],[101.7837,2.8662],[101.8142,2.8641],[101.8512,2.857],[101.8551,2.8568],[101.861,2.8585],[101.8678,2.8621],[101.88,2.871],[101.8852,2.8763],[101.8885,2.8808],[101.8916,2.8917],[101.8953,2.9155],[101.9001,2.9342],[101.9025,2.9394],[101.9048,2.9429],[101.9068,2.9451],[101.9253,2.9583],[101.929,2.9621],[101.9313,2.9659],[101.933,2.9729],[101.9333,2.9767],[101.9329,2.9849],[101.9354,2.9983],[101.9392,3.0112],[101.942,3.0176],[101.9448,3.0217],[101.9478,3.0234],[101.9557,3.0267],[101.9611,3.0296],[101.9634,3.033],[101.9645,3.0371],[101.9636,3.0445],[101.9592,3.0582],[101.9583,3.0743],[101.956,3.0894],[101.9568,3.1039],[101.9622,3.1346],[101.9617,3.1425],[101.9609,3.1459],[101.9586,3.1524],[101.9571,3.1557],[101.9558,3.159],[101.9493,3.1701],[101.9454,3.1794],[101.9445,3.1832],[101.9439,3.1875],[101.9468,3.2138],[101.9464,3.2176],[101.9457,3.2213],[101.9434,3.2276],[101.9369,3.2393],[101.9335,3.2491],[101.9299,3.2546],[101.9276,3.2567],[101.9222,3.2599],[101.916,3.2606],[101.921,3.2651],[101.9235,3.2665],[101.9265,3.2685],[101.9285,3.271],[101.9296,3.2742],[101.9302,3.2777],[101.9316,3.281],[101.9337,3.2834],[101.9397,3.2823],[101.9485,3.278],[101.9673,3.2655],[101.9743,3.2585],[101.978,3.2524],[101.9783,3.2484],[101.9794,3.245],[101.9813,3.2425],[101.9839,3.2408],[101.9897,3.2376],[101.9946,3.2334],[101.9966,3.2314],[102.0002,3.2285],[102.0036,3.2272],[102.0092,3.2258],[102.0278,3.225],[102.0412,3.2264],[102.0452,3.2255],[102.0493,3.2233],[102.0544,3.2178],[102.0569,3.2134],[102.0604,3.2023],[102.0618,3.1992],[102.0629,3.1959],[102.0635,3.1923],[102.0638,3.1804],[102.0646,3.1767],[102.0658,3.1735],[102.069,3.1717],[102.0739,3.1715],[102.0832,3.1739],[102.0925,3.1779],[102.1002,3.1836],[102.1029,3.1853],[102.1064,3.1864],[102.1175,3.1882],[102.1203,3.1899],[102.1225,3.1921],[102.1243,3.1947],[102.1302,3.1945],[102.1394,3.192],[102.1799,3.1724],[102.3045,3.132],[102.3121,3.13],[102.3886,3.1179],[102.3953,3.1133],[102.435,3.0703],[102.4366,3.0675],[102.4663,3.0292],[102.6681,2.8918],[102.6712,2.8905],[102.6741,2.8897],[102.6775,2.8901],[102.6802,2.8915],[102.6823,2.8936],[102.6848,2.8954],[102.6873,2.8965],[102.6941,2.886],[102.7046,2.839],[102.6992,2.8088],[102.6429,2.661],[102.6341,2.6339],[102.6339,2.6291],[102.6342,2.6233],[102.6389,2.6156],[102.642,2.609],[102.642,2.6049],[102.6409,2.6017],[102.6342,2.5948],[102.6311,2.5904],[102.6279,2.5843],[102.6218,2.5703],[102.6195,2.5614],[102.6178,2.5504],[102.6184,2.5452],[102.6197,2.5399],[102.6215,2.5354],[102.6232,2.5276],[102.6221,2.5225],[102.6166,2.5101],[102.6156,2.5055],[102.618,2.4936],[102.6207,2.4848],[102.6211,2.4813],[102.6201,2.476],[102.6176,2.4711],[102.6054,2.4567],[102.6021,2.4475],[102.5994,2.4217],[102.4566,2.4549],[102.4415,2.4633],[102.3837,2.4879],[102.3532,2.4886],[102.3431,2.4868],[102.2753,2.4643],[102.2673,2.4633],[102.2263,2.4719],[102.2008,2.4823],[102.1838,2.4918],[102.1804,2.4923],[102.178,2.492],[102.1746,2.4895],[102.158,2.4725],[102.1545,2.4701],[102.1497,2.4675],[102.1074,2.4563],[102.1017,2.4559],[102.0824,2.4613],[102.0775,2.4609],[102.0747,2.4596],[102.0737,2.4578],[102.0733,2.4554],[102.0736,2.4452],[102.072,2.4428],[102.0703,2.4413],[102.0669,2.4393],[102.0646,2.4363],[102.0609,2.4273],[102.0579,2.4258],[102.0548,2.4262],[102.0522,2.4286],[102.0503,2.431],[102.0465,2.4377],[102.0297,2.4176],[102.021,2.4096],[101.9887,2.3915],[101.9885,2.3913]]]}},{"type":"Feature","properties":{"id":"MYS-1147","name":"Pahang","nameBn":"পাহাং","type":"State","bounds":[101.342,2.4459,103.6403,4.7815],"center":[102.491,3.8456]},"geometry":{"type":"Polygon","coordinates":[[[103.4428,4.169],[103.4409,4.1679],[103.4328,4.1649],[103.4247,4.1592],[103.404,4.1318],[103.3952,4.1163],[103.3941,4.0986],[103.4009,4.0673],[103.438,3.975],[103.4343,3.95],[103.4116,3.9639],[103.3947,3.935],[103.384,3.8903],[103.3804,3.8575],[103.3814,3.8205],[103.3784,3.8024],[103.361,3.802],[103.3511,3.7892],[103.3428,3.7719],[103.3387,3.7582],[103.3396,3.7383],[103.345,3.7216],[103.3836,3.6373],[103.3872,3.6247],[103.4046,3.6],[103.4387,3.5678],[103.4622,3.5341],[103.448,3.505],[103.4822,3.5118],[103.4334,3.4084],[103.4281,3.3672],[103.4445,3.2436],[103.4514,3.2238],[103.4561,3.2038],[103.4346,2.9618],[103.4412,2.9221],[103.4736,2.851],[103.5202,2.789],[103.6384,2.6721],[103.6403,2.6713],[103.6371,2.6642],[103.628,2.6505],[103.6263,2.6486],[103.6039,2.6378],[103.6002,2.6324],[103.6,2.6281],[103.6024,2.6253],[103.6039,2.6239],[103.6123,2.6196],[103.6146,2.6178],[103.617,2.6155],[103.6196,2.6121],[103.6218,2.6084],[103.6235,2.6045],[103.6239,2.6021],[103.6235,2.5987],[103.6218,2.5925],[103.6205,2.5894],[103.6179,2.5847],[103.6167,2.5834],[103.6128,2.5802],[103.6105,2.5775],[103.6096,2.5751],[103.6101,2.5708],[103.6149,2.5583],[103.6153,2.5564],[103.6146,2.5541],[103.6137,2.5526],[103.6071,2.5452],[103.6052,2.5413],[103.603,2.5352],[103.6025,2.5328],[103.6024,2.5308],[103.6028,2.5293],[103.6042,2.5264],[103.6067,2.5245],[103.6096,2.5229],[103.6184,2.5207],[103.6214,2.5195],[103.6247,2.5177],[103.6295,2.5118],[103.6326,2.5065],[103.6348,2.501],[103.636,2.4948],[103.6363,2.4906],[103.636,2.4834],[103.6351,2.4796],[103.634,2.4765],[103.6233,2.4623],[103.6218,2.4596],[103.6207,2.4572],[103.6207,2.4551],[103.6211,2.4511],[103.6223,2.447],[103.6185,2.4459],[103.6099,2.4492],[103.4672,2.5339],[103.4647,2.5361],[103.4595,2.5438],[103.4509,2.5529],[103.446,2.557],[103.3898,2.5786],[103.3769,2.5876],[103.3645,2.5939],[103.351,2.5942],[103.3081,2.5853],[103.1587,2.5298],[103.155,2.5294],[103.1497,2.5306],[102.9921,2.5952],[102.9565,2.6242],[102.8144,2.7947],[102.8004,2.8033],[102.748,2.8244],[102.7046,2.839],[102.6941,2.886],[102.6873,2.8965],[102.6848,2.8954],[102.6823,2.8936],[102.6802,2.8915],[102.6775,2.8901],[102.6741,2.8897],[102.6712,2.8905],[102.6681,2.8918],[102.4663,3.0292],[102.4366,3.0675],[102.435,3.0703],[102.3953,3.1133],[102.3886,3.1179],[102.3121,3.13],[102.3045,3.132],[102.1799,3.1724],[102.1394,3.192],[102.1302,3.1945],[102.1243,3.1947],[102.1225,3.1921],[102.1203,3.1899],[102.1175,3.1882],[102.1064,3.1864],[102.1029,3.1853],[102.1002,3.1836],[102.0925,3.1779],[102.0832,3.1739],[102.0739,3.1715],[102.069,3.1717],[102.0658,3.1735],[102.0646,3.1767],[102.0638,3.1804],[102.0635,3.1923],[102.0629,3.1959],[102.0618,3.1992],[102.0604,3.2023],[102.0569,3.2134],[102.0544,3.2178],[102.0493,3.2233],[102.0452,3.2255],[102.0412,3.2264],[102.0278,3.225],[102.0092,3.2258],[102.0036,3.2272],[102.0002,3.2285],[101.9966,3.2314],[101.9946,3.2334],[101.9897,3.2376],[101.9839,3.2408],[101.9813,3.2425],[101.9794,3.245],[101.9783,3.2484],[101.978,3.2524],[101.9743,3.2585],[101.9673,3.2655],[101.9485,3.278],[101.9397,3.2823],[101.9337,3.2834],[101.9316,3.281],[101.9302,3.2777],[101.9296,3.2742],[101.9285,3.271],[101.9265,3.2685],[101.9235,3.2665],[101.921,3.2651],[101.916,3.2606],[101.8897,3.2636],[101.884,3.2653],[101.847,3.2837],[101.837,3.2862],[101.8339,3.2874],[101.8303,3.2892],[101.765,3.3733],[101.7763,3.4006],[101.7848,3.4161],[101.7856,3.4205],[101.7859,3.4258],[101.7786,3.4581],[101.7774,3.4614],[101.7747,3.4674],[101.7681,3.4788],[101.7665,3.482],[101.7654,3.4854],[101.7645,3.489],[101.7642,3.4927],[101.7656,3.4995],[101.7689,3.5086],[101.7862,3.5412],[101.7889,3.543],[101.7918,3.5446],[101.7985,3.5468],[101.8013,3.5484],[101.8036,3.5506],[101.8055,3.5532],[101.8072,3.5579],[101.814,3.5885],[101.8134,3.5976],[101.8041,3.6121],[101.7893,3.6324],[101.7852,3.6426],[101.7845,3.6462],[101.7833,3.6495],[101.7815,3.6521],[101.7774,3.657],[101.7757,3.6596],[101.7716,3.6689],[101.7658,3.6742],[101.7316,3.6939],[101.7119,3.7015],[101.7079,3.7021],[101.7,3.7025],[101.6963,3.7022],[101.691,3.7037],[101.6743,3.7131],[101.6681,3.7157],[101.6553,3.7273],[101.6269,3.7718],[101.6171,3.787],[101.6087,3.791],[101.6048,3.7914],[101.6013,3.7924],[101.5989,3.7976],[101.598,3.8064],[101.6028,3.8481],[101.6026,3.8594],[101.6014,3.867],[101.5979,3.8753],[101.5898,3.8845],[101.5862,3.8898],[101.5805,3.9065],[101.5744,3.9798],[101.5725,3.989],[101.562,4.0001],[101.5617,4.0009],[101.5608,4.0042],[101.5639,4.0217],[101.5849,4.082],[101.5601,4.1158],[101.551,4.1247],[101.5471,4.1265],[101.5394,4.1317],[101.5363,4.1324],[101.5333,4.1317],[101.5251,4.1274],[101.522,4.1273],[101.5182,4.1336],[101.514,4.1454],[101.5086,4.1712],[101.5078,4.1826],[101.5085,4.1898],[101.5122,4.1949],[101.5128,4.1976],[101.5116,4.2009],[101.5066,4.2036],[101.4971,4.2065],[101.4944,4.2077],[101.4802,4.2111],[101.4704,4.2155],[101.4676,4.2172],[101.4653,4.2206],[101.4644,4.2259],[101.4658,4.2375],[101.4672,4.2435],[101.4691,4.2483],[101.4695,4.2521],[101.4679,4.2565],[101.4633,4.2623],[101.4596,4.2654],[101.4541,4.277],[101.4525,4.3184],[101.4489,4.3287],[101.4455,4.3317],[101.438,4.3364],[101.4345,4.3394],[101.4332,4.3442],[101.4342,4.3477],[101.4359,4.3508],[101.4397,4.356],[101.4425,4.3627],[101.4435,4.3661],[101.4464,4.372],[101.447,4.3752],[101.4469,4.3786],[101.4458,4.382],[101.4433,4.3849],[101.4393,4.3871],[101.4275,4.3892],[101.3812,4.4035],[101.3744,4.4013],[101.3702,4.4024],[101.3657,4.4062],[101.3547,4.4226],[101.342,4.4315],[101.3511,4.4459],[101.3572,4.452],[101.3598,4.4539],[101.3623,4.4576],[101.3645,4.4626],[101.3676,4.4722],[101.3757,4.4898],[101.3789,4.4927],[101.3825,4.4942],[101.3851,4.496],[101.3863,4.4997],[101.3859,4.5053],[101.3817,4.515],[101.3718,4.5244],[101.3699,4.5274],[101.3688,4.5304],[101.3637,4.5502],[101.3627,4.5579],[101.3645,4.5741],[101.3791,4.6128],[101.4191,4.6025],[101.4307,4.598],[101.4455,4.5855],[101.4484,4.5821],[101.4613,4.5726],[101.4729,4.5703],[101.4791,4.5702],[101.4823,4.5726],[101.4827,4.5763],[101.4827,4.5805],[101.4832,4.5845],[101.4847,4.5878],[101.4878,4.5902],[101.5004,4.5935],[101.5037,4.5951],[101.5095,4.5972],[101.5215,4.5994],[101.5345,4.5976],[101.5414,4.5958],[101.5453,4.5932],[101.5473,4.5909],[101.5505,4.5882],[101.5552,4.5854],[101.5699,4.5801],[101.5741,4.5779],[101.5811,4.5706],[101.5926,4.5607],[101.6072,4.5632],[101.6152,4.5596],[101.6194,4.5557],[101.6256,4.5556],[101.648,4.5619],[101.6551,4.5647],[101.6601,4.5674],[101.6663,4.5748],[101.6692,4.5807],[101.6745,4.5857],[101.683,4.5915],[101.7132,4.6078],[101.7197,4.6123],[101.7276,4.6221],[101.7339,4.625],[101.7566,4.6298],[101.7631,4.6326],[101.7672,4.6356],[101.7689,4.6383],[101.7704,4.6413],[101.774,4.6554],[101.7752,4.6636],[101.7744,4.6842],[101.778,4.7076],[101.7782,4.7116],[101.7768,4.7369],[101.7777,4.7431],[101.7811,4.7524],[101.7841,4.7571],[101.7884,4.7601],[101.7935,4.7617],[101.802,4.7631],[101.8077,4.7629],[101.8117,4.7619],[101.8145,4.76],[101.8163,4.7574],[101.8177,4.7544],[101.8187,4.751],[101.8194,4.7428],[101.8193,4.734],[101.8198,4.7299],[101.8206,4.7262],[101.8224,4.7236],[101.8253,4.7222],[101.8291,4.7215],[101.8368,4.7208],[101.8399,4.7197],[101.8427,4.7178],[101.845,4.7157],[101.8466,4.7126],[101.8478,4.7092],[101.8481,4.7055],[101.8481,4.7017],[101.8486,4.6979],[101.8503,4.6948],[101.8534,4.6928],[101.8587,4.692],[101.8625,4.6907],[101.8655,4.6889],[101.8703,4.685],[101.8874,4.6752],[101.8899,4.6731],[101.8919,4.6705],[101.8935,4.6675],[101.8944,4.6641],[101.8947,4.6602],[101.8947,4.6562],[101.893,4.6488],[101.8925,4.6455],[101.893,4.6419],[101.8976,4.629],[101.8992,4.6261],[101.9016,4.6229],[101.9054,4.6202],[101.9121,4.6178],[101.9157,4.6187],[101.9176,4.6212],[101.9179,4.6331],[101.9186,4.6369],[101.9198,4.6402],[101.9229,4.6462],[101.9285,4.6543],[101.9392,4.6642],[101.9419,4.6676],[101.9445,4.6737],[101.9547,4.7182],[101.9554,4.7263],[101.9552,4.7345],[101.9545,4.7382],[101.9536,4.7416],[101.9543,4.7465],[101.9563,4.7519],[101.9636,4.7606],[101.9676,4.7626],[101.9709,4.7621],[101.9742,4.7566],[101.9771,4.7541],[101.9807,4.7525],[101.9873,4.7526],[101.9912,4.7554],[101.9962,4.7607],[101.9991,4.7626],[102.0015,4.763],[102.0036,4.7614],[102.0058,4.7593],[102.0154,4.746],[102.0179,4.7444],[102.0218,4.7442],[102.0253,4.7445],[102.0286,4.744],[102.0314,4.7424],[102.0364,4.7382],[102.0426,4.7338],[102.053,4.7344],[102.1079,4.7579],[102.1161,4.7591],[102.1183,4.7572],[102.1202,4.7545],[102.1265,4.7391],[102.127,4.7357],[102.1271,4.7279],[102.1276,4.7242],[102.1288,4.7212],[102.131,4.7188],[102.1671,4.6914],[102.1734,4.6842],[102.1751,4.6816],[102.1763,4.6783],[102.1771,4.6747],[102.1773,4.6705],[102.1778,4.667],[102.179,4.6637],[102.1814,4.6613],[102.1844,4.6599],[102.1878,4.6589],[102.1907,4.6575],[102.1931,4.6553],[102.1951,4.6527],[102.1977,4.6468],[102.1996,4.6438],[102.2036,4.6414],[102.2072,4.6398],[102.2277,4.637],[102.2383,4.6501],[102.2416,4.6522],[102.2478,4.6554],[102.2696,4.6615],[102.277,4.6622],[102.2826,4.662],[102.3023,4.65],[102.3078,4.6479],[102.315,4.6457],[102.3312,4.643],[102.3385,4.6434],[102.3433,4.645],[102.3493,4.6578],[102.351,4.6604],[102.3602,4.6693],[102.372,4.6842],[102.3734,4.6873],[102.374,4.6906],[102.3734,4.6939],[102.3719,4.6965],[102.3709,4.6999],[102.372,4.704],[102.381,4.7122],[102.3894,4.7156],[102.4029,4.7182],[102.4099,4.7183],[102.4151,4.7177],[102.4218,4.7149],[102.4263,4.7139],[102.4317,4.7133],[102.4408,4.7137],[102.4463,4.7133],[102.4505,4.7122],[102.4528,4.7101],[102.4581,4.7019],[102.4624,4.6973],[102.48,4.6875],[102.4896,4.6797],[102.4935,4.6775],[102.4985,4.6758],[102.507,4.6739],[102.5121,4.6741],[102.5163,4.6756],[102.5234,4.6801],[102.5293,4.6847],[102.5316,4.687],[102.5365,4.6911],[102.5388,4.6932],[102.5406,4.6956],[102.5447,4.7026],[102.5486,4.7072],[102.5525,4.7082],[102.5557,4.7077],[102.5584,4.7057],[102.5609,4.7035],[102.5627,4.7012],[102.566,4.6991],[102.5703,4.6976],[102.5853,4.6963],[102.5985,4.6936],[102.6025,4.6945],[102.6051,4.6969],[102.6063,4.7001],[102.6071,4.7037],[102.6066,4.7118],[102.6038,4.7268],[102.6026,4.7299],[102.599,4.7355],[102.5981,4.7385],[102.5979,4.742],[102.5988,4.7452],[102.6003,4.7483],[102.6035,4.7544],[102.6046,4.7578],[102.6051,4.7613],[102.6049,4.7652],[102.6052,4.7695],[102.6066,4.7739],[102.6111,4.7794],[102.6152,4.7814],[102.619,4.7815],[102.6223,4.7801],[102.6324,4.7719],[102.6409,4.7692],[102.6606,4.7684],[102.682,4.7283],[102.6904,4.7174],[102.7061,4.7084],[102.7244,4.695],[102.7345,4.6893],[102.7529,4.6834],[102.7593,4.6821],[102.7655,4.6803],[102.7838,4.6779],[102.8009,4.6776],[102.829,4.6809],[102.8439,4.6759],[102.8625,4.659],[102.8717,4.6486],[102.8732,4.6458],[102.8761,4.6375],[102.8773,4.6309],[102.8808,4.6192],[102.881,4.6129],[102.8794,4.6094],[102.8767,4.6066],[102.8743,4.6024],[102.8732,4.5803],[102.8721,4.577],[102.8708,4.5738],[102.8689,4.5712],[102.8665,4.5692],[102.8633,4.5678],[102.8529,4.5645],[102.8501,4.5627],[102.8474,4.5597],[102.8454,4.5552],[102.8433,4.5471],[102.8437,4.5388],[102.8457,4.5289],[102.8509,4.5111],[102.8543,4.5032],[102.8575,4.4982],[102.8657,4.493],[102.8732,4.4853],[102.8792,4.4762],[102.8835,4.4722],[102.8875,4.4699],[102.9,4.4693],[102.9035,4.4687],[102.9067,4.4678],[102.9142,4.4678],[102.918,4.4683],[102.9302,4.4678],[102.9339,4.4672],[102.937,4.4657],[102.9401,4.4634],[102.9458,4.4576],[102.9488,4.4561],[102.9517,4.4564],[102.9542,4.458],[102.9558,4.461],[102.9573,4.4685],[102.9587,4.4717],[102.961,4.4738],[102.9638,4.4754],[102.9663,4.4775],[102.9702,4.4776],[102.9751,4.4753],[103.0093,4.4432],[103.0118,4.4393],[103.0129,4.4356],[103.0139,4.4249],[103.0157,4.4169],[103.0177,4.4135],[103.0245,4.4128],[103.0253,4.3997],[103.0197,4.3861],[103.012,4.3715],[103.0099,4.3637],[103.0096,4.3581],[103.015,4.3423],[103.0139,4.3386],[103.0118,4.336],[103.0048,4.335],[103.0014,4.3352],[102.993,4.3373],[102.9893,4.3377],[102.9853,4.3377],[102.9803,4.3359],[102.9744,4.3326],[102.9648,4.325],[102.9607,4.3203],[102.9583,4.3149],[102.9534,4.2995],[102.9489,4.293],[102.9403,4.2847],[102.9362,4.2784],[102.934,4.2732],[102.934,4.2689],[102.9312,4.2515],[102.9213,4.2127],[102.9228,4.195],[102.9227,4.1874],[102.9207,4.1735],[102.919,4.1666],[102.917,4.1615],[102.9044,4.1454],[102.9033,4.1408],[102.9033,4.1369],[102.9134,4.1203],[102.9173,4.1151],[102.9196,4.1127],[102.922,4.1107],[102.9249,4.1093],[102.9287,4.1086],[102.9386,4.1091],[102.9928,4.1324],[103.0082,4.1345],[103.0129,4.1303],[103.0155,4.1285],[103.0186,4.1268],[103.0318,4.1221],[103.0593,4.116],[103.0658,4.1134],[103.0695,4.1104],[103.0737,4.1062],[103.0807,4.1012],[103.1153,4.0886],[103.1185,4.087],[103.1213,4.0852],[103.1235,4.0828],[103.1251,4.0798],[103.1261,4.0766],[103.1278,4.0739],[103.1302,4.0716],[103.1328,4.0698],[103.135,4.0675],[103.1389,4.0615],[103.1423,4.0582],[103.148,4.0548],[103.1536,4.052],[103.177,4.0359],[103.1834,4.0338],[103.188,4.0338],[103.1949,4.0381],[103.2006,4.0397],[103.2034,4.0382],[103.2051,4.0352],[103.206,4.0274],[103.2075,4.0234],[103.21,4.0196],[103.2137,4.0152],[103.2174,4.0138],[103.2207,4.0144],[103.2244,4.0164],[103.2284,4.0184],[103.2363,4.0192],[103.2397,4.0175],[103.2419,4.0141],[103.2431,4.0001],[103.2438,3.9979],[103.2461,3.9924],[103.2496,3.9866],[103.2572,3.9767],[103.2734,3.9612],[103.2773,3.9558],[103.2785,3.9528],[103.2791,3.9493],[103.279,3.9457],[103.2774,3.9384],[103.2778,3.9345],[103.2791,3.9303],[103.2905,3.9189],[103.2937,3.913],[103.3029,3.8914],[103.3055,3.8874],[103.3092,3.8831],[103.3163,3.8763],[103.3202,3.8753],[103.3227,3.8766],[103.3233,3.8801],[103.3201,3.9024],[103.3209,3.9057],[103.3223,3.9084],[103.3245,3.9106],[103.327,3.9125],[103.3294,3.9147],[103.3339,3.9206],[103.3384,3.9281],[103.341,3.9348],[103.3435,3.9454],[103.3437,3.9494],[103.3434,3.9535],[103.3428,3.9572],[103.3341,3.984],[103.3261,3.9995],[103.326,4.0002],[103.3255,4.0013],[103.324,4.0058],[103.3233,4.0093],[103.3233,4.0133],[103.3246,4.0211],[103.3264,4.0283],[103.327,4.0323],[103.3273,4.0363],[103.3264,4.0444],[103.3243,4.0509],[103.3226,4.0535],[103.3204,4.0557],[103.3178,4.0576],[103.3119,4.061],[103.3092,4.063],[103.3071,4.0655],[103.3057,4.0682],[103.3046,4.0716],[103.3032,4.0792],[103.303,4.0832],[103.3033,4.0873],[103.3074,4.1103],[103.3088,4.1134],[103.3108,4.1159],[103.3155,4.1203],[103.3174,4.1228],[103.3208,4.1284],[103.3221,4.1317],[103.3233,4.1355],[103.3246,4.1431],[103.3251,4.1512],[103.3221,4.1663],[103.3218,4.1702],[103.3184,4.1894],[103.3186,4.1936],[103.3204,4.1941],[103.3292,4.1908],[103.3322,4.189],[103.3346,4.1869],[103.3366,4.1846],[103.3389,4.1824],[103.3417,4.1809],[103.3452,4.18],[103.4183,4.1771],[103.432,4.1743],[103.4388,4.1716],[103.4428,4.169]]]}},{"type":"Feature","properties":{"id":"MYS-1137","name":"Perak","nameBn":"পেরাক","type":"State","bounds":[100.3645,3.6683,101.7533,5.9113],"center":[101.059,4.7474]},"geometry":{"type":"Polygon","coordinates":[[[100.9724,5.7729],[100.98,5.761],[100.9917,5.7375],[100.9986,5.7295],[101.0084,5.7257],[101.0274,5.7266],[101.0373,5.7246],[101.0598,5.7096],[101.0788,5.6878],[101.094,5.6627],[101.1054,5.6376],[101.1222,5.6299],[101.15,5.6386],[101.1969,5.6668],[101.2123,5.6815],[101.225,5.6992],[101.2336,5.7194],[101.2366,5.7417],[101.249,5.787],[101.2797,5.803],[101.319,5.8101],[101.3576,5.8284],[101.3927,5.8511],[101.5002,5.8927],[101.5347,5.906],[101.5579,5.9113],[101.5793,5.9063],[101.5951,5.8854],[101.5998,5.8741],[101.6051,5.8661],[101.6129,5.8613],[101.6246,5.8594],[101.6341,5.8556],[101.6344,5.8473],[101.6313,5.8374],[101.6308,5.8284],[101.6504,5.7826],[101.6659,5.7656],[101.6867,5.7612],[101.6966,5.7663],[101.6976,5.7671],[101.6997,5.7611],[101.6981,5.7092],[101.6944,5.6949],[101.6922,5.6928],[101.6813,5.6854],[101.6739,5.6778],[101.6675,5.669],[101.6654,5.6633],[101.6644,5.6582],[101.6651,5.6512],[101.6658,5.6489],[101.6664,5.6375],[101.6655,5.6247],[101.6661,5.6177],[101.6675,5.6128],[101.6698,5.6105],[101.6725,5.6084],[101.6804,5.6034],[101.683,5.5995],[101.6852,5.5936],[101.6874,5.5819],[101.6875,5.5755],[101.6869,5.5702],[101.6833,5.5602],[101.6764,5.5468],[101.6698,5.5283],[101.6694,5.5222],[101.6705,5.5181],[101.6733,5.5167],[101.6768,5.5163],[101.6847,5.5168],[101.6886,5.5166],[101.6916,5.5157],[101.6997,5.5099],[101.7031,5.5091],[101.7066,5.5095],[101.7099,5.5108],[101.7156,5.514],[101.7187,5.5151],[101.7218,5.5154],[101.7246,5.5143],[101.7304,5.5113],[101.7336,5.5105],[101.7373,5.5102],[101.7414,5.5095],[101.7452,5.507],[101.7502,5.4986],[101.7524,5.4913],[101.7533,5.4853],[101.753,5.4808],[101.7523,5.477],[101.751,5.4738],[101.747,5.4658],[101.7454,5.4565],[101.7462,5.449],[101.7499,5.4374],[101.7508,5.4312],[101.7505,5.4263],[101.7482,5.4161],[101.7462,5.3876],[101.7508,5.3728],[101.7499,5.3686],[101.7471,5.3625],[101.744,5.3594],[101.7322,5.3512],[101.7279,5.3489],[101.7243,5.3474],[101.7206,5.3468],[101.7167,5.3471],[101.7132,5.3482],[101.7091,5.3488],[101.7043,5.3488],[101.699,5.3482],[101.6911,5.3457],[101.6861,5.3419],[101.6801,5.335],[101.6764,5.3336],[101.6734,5.3342],[101.6627,5.3415],[101.6565,5.3443],[101.6486,5.3454],[101.6405,5.346],[101.6369,5.3468],[101.634,5.3483],[101.6261,5.3568],[101.6205,5.3601],[101.6169,5.3599],[101.6143,5.3582],[101.6126,5.3554],[101.6089,5.3514],[101.6031,5.3466],[101.5901,5.3382],[101.5845,5.3331],[101.5817,5.3282],[101.582,5.3242],[101.5828,5.3205],[101.5831,5.3164],[101.5811,5.3114],[101.5769,5.3057],[101.5611,5.2931],[101.5575,5.289],[101.5542,5.2808],[101.5513,5.2753],[101.5478,5.2733],[101.5437,5.2731],[101.5391,5.2741],[101.532,5.2743],[101.5288,5.2722],[101.5276,5.2688],[101.5267,5.2599],[101.5252,5.2544],[101.5193,5.2429],[101.5182,5.2384],[101.5184,5.2224],[101.5176,5.2189],[101.5153,5.2143],[101.5013,5.1937],[101.4987,5.1889],[101.4973,5.1853],[101.4945,5.17],[101.4944,5.1617],[101.4933,5.1523],[101.4911,5.1465],[101.4908,5.1419],[101.4919,5.1339],[101.4919,5.1299],[101.4913,5.1252],[101.4899,5.1205],[101.4869,5.1145],[101.4857,5.1101],[101.4854,5.1058],[101.4858,5.1021],[101.4854,5.0964],[101.483,5.0891],[101.4716,5.068],[101.4694,5.0622],[101.4682,5.0547],[101.4679,5.0466],[101.4661,5.0309],[101.4647,5.0275],[101.4613,5.0217],[101.4586,5.0155],[101.458,5.012],[101.4576,5.0023],[101.4566,4.9951],[101.4535,4.99],[101.4506,4.9865],[101.4351,4.9746],[101.4433,4.9566],[101.4535,4.9465],[101.4565,4.9407],[101.4633,4.9005],[101.463,4.8959],[101.4614,4.8882],[101.452,4.8596],[101.449,4.8543],[101.4455,4.8512],[101.4376,4.85],[101.4335,4.8498],[101.4261,4.8484],[101.423,4.8469],[101.4205,4.845],[101.4146,4.835],[101.4106,4.8307],[101.4096,4.8268],[101.41,4.8235],[101.4166,4.8078],[101.4193,4.7987],[101.4191,4.7933],[101.418,4.7895],[101.4156,4.7872],[101.4132,4.7833],[101.4104,4.778],[101.4065,4.7672],[101.4037,4.762],[101.4003,4.7591],[101.3963,4.7586],[101.3918,4.7575],[101.3866,4.7542],[101.385,4.7506],[101.3848,4.747],[101.3857,4.7435],[101.3868,4.7403],[101.3888,4.7282],[101.3893,4.7157],[101.3879,4.7099],[101.3853,4.7064],[101.382,4.7059],[101.3783,4.7062],[101.3751,4.7068],[101.3718,4.7064],[101.3688,4.7052],[101.3658,4.7037],[101.3627,4.7031],[101.3586,4.7012],[101.3556,4.7005],[101.3434,4.6818],[101.3629,4.6543],[101.3702,4.6399],[101.3791,4.6128],[101.3645,4.5741],[101.3627,4.5579],[101.3637,4.5502],[101.3688,4.5304],[101.3699,4.5274],[101.3718,4.5244],[101.3817,4.515],[101.3859,4.5053],[101.3863,4.4997],[101.3851,4.496],[101.3825,4.4942],[101.3789,4.4927],[101.3757,4.4898],[101.3676,4.4722],[101.3645,4.4626],[101.3623,4.4576],[101.3598,4.4539],[101.3572,4.452],[101.3511,4.4459],[101.342,4.4315],[101.3547,4.4226],[101.3657,4.4062],[101.3702,4.4024],[101.3744,4.4013],[101.3812,4.4035],[101.4275,4.3892],[101.4393,4.3871],[101.4433,4.3849],[101.4458,4.382],[101.4469,4.3786],[101.447,4.3752],[101.4464,4.372],[101.4435,4.3661],[101.4425,4.3627],[101.4397,4.356],[101.4359,4.3508],[101.4342,4.3477],[101.4332,4.3442],[101.4345,4.3394],[101.438,4.3364],[101.4455,4.3317],[101.4489,4.3287],[101.4525,4.3184],[101.4541,4.277],[101.4596,4.2654],[101.4633,4.2623],[101.4679,4.2565],[101.4695,4.2521],[101.4691,4.2483],[101.4672,4.2435],[101.4658,4.2375],[101.4644,4.2259],[101.4653,4.2206],[101.4676,4.2172],[101.4704,4.2155],[101.4802,4.2111],[101.4944,4.2077],[101.4971,4.2065],[101.5066,4.2036],[101.5116,4.2009],[101.5128,4.1976],[101.5122,4.1949],[101.5085,4.1898],[101.5078,4.1826],[101.5086,4.1712],[101.514,4.1454],[101.5182,4.1336],[101.522,4.1273],[101.5251,4.1274],[101.5333,4.1317],[101.5363,4.1324],[101.5394,4.1317],[101.5471,4.1265],[101.551,4.1247],[101.5601,4.1158],[101.5849,4.082],[101.5639,4.0217],[101.5608,4.0042],[101.5617,4.0009],[101.562,4.0001],[101.5725,3.989],[101.5744,3.9798],[101.5805,3.9065],[101.5862,3.8898],[101.5898,3.8845],[101.5979,3.8753],[101.6014,3.867],[101.6026,3.8594],[101.6028,3.8481],[101.598,3.8064],[101.5989,3.7976],[101.6013,3.7924],[101.6048,3.7914],[101.6087,3.791],[101.6171,3.787],[101.6269,3.7718],[101.6086,3.7663],[101.6061,3.764],[101.6019,3.7595],[101.5989,3.7545],[101.5639,3.7093],[101.5432,3.6888],[101.5332,3.6817],[101.5249,3.6769],[101.5207,3.6756],[101.5144,3.675],[101.5106,3.6759],[101.5078,3.6776],[101.5061,3.6791],[101.5049,3.6809],[101.4987,3.6915],[101.4964,3.6937],[101.4937,3.6956],[101.4875,3.6985],[101.4847,3.7004],[101.4823,3.7023],[101.4801,3.7048],[101.4784,3.7073],[101.476,3.7097],[101.4726,3.7117],[101.4639,3.7141],[101.4616,3.7156],[101.4604,3.7171],[101.4591,3.7195],[101.4541,3.7326],[101.4524,3.7352],[101.4444,3.7447],[101.442,3.7469],[101.4395,3.7485],[101.4365,3.7494],[101.4245,3.7513],[101.4168,3.7534],[101.4106,3.7569],[101.4074,3.7591],[101.4046,3.7615],[101.4003,3.7643],[101.3977,3.7655],[101.395,3.7672],[101.3924,3.7692],[101.3902,3.7716],[101.3885,3.7746],[101.3873,3.7779],[101.3863,3.7814],[101.3839,3.7852],[101.3803,3.789],[101.3702,3.7935],[101.3617,3.7945],[101.348,3.7931],[101.3415,3.7914],[101.3367,3.7896],[101.3341,3.7877],[101.3322,3.7852],[101.3308,3.7821],[101.3299,3.7786],[101.3274,3.7721],[101.3258,3.7693],[101.3251,3.7662],[101.3258,3.7635],[101.3277,3.7611],[101.3341,3.7543],[101.3358,3.7517],[101.3406,3.7382],[101.3451,3.7205],[101.3471,3.7033],[101.3375,3.6895],[101.316,3.6769],[101.3063,3.6737],[101.2819,3.6687],[101.2656,3.6683],[101.2619,3.6694],[101.2588,3.6709],[101.2562,3.6727],[101.2541,3.6752],[101.2525,3.6779],[101.2497,3.6842],[101.2487,3.6877],[101.2482,3.6914],[101.2482,3.6954],[101.2487,3.6996],[101.2495,3.7028],[101.2495,3.7111],[101.2405,3.7167],[101.2335,3.7161],[101.2192,3.7091],[101.2152,3.7094],[101.2123,3.7108],[101.2064,3.7176],[101.2009,3.722],[101.1969,3.7228],[101.1936,3.7219],[101.1862,3.7171],[101.1789,3.7147],[101.1749,3.7152],[101.172,3.7169],[101.1655,3.7291],[101.1629,3.7323],[101.1589,3.736],[101.1556,3.7357],[101.1533,3.7335],[101.1511,3.7298],[101.1483,3.7293],[101.1455,3.7302],[101.1435,3.7324],[101.1426,3.7352],[101.1432,3.7414],[101.1415,3.7451],[101.1328,3.7526],[101.1289,3.7529],[101.1266,3.7512],[101.1258,3.7479],[101.1245,3.744],[101.1222,3.7401],[101.1094,3.7335],[101.1041,3.7338],[101.0985,3.7364],[101.0942,3.7371],[101.0901,3.7363],[101.0832,3.7302],[101.0807,3.7303],[101.0802,3.7323],[101.082,3.7384],[101.0823,3.7417],[101.0819,3.7449],[101.0817,3.7479],[101.0841,3.7498],[101.0887,3.75],[101.0977,3.748],[101.1024,3.7486],[101.1044,3.7506],[101.1038,3.7534],[101.1019,3.7558],[101.0974,3.7601],[101.0956,3.7624],[101.0945,3.7655],[101.0942,3.7726],[101.0925,3.7763],[101.0901,3.7765],[101.0875,3.7752],[101.0853,3.7727],[101.0835,3.7701],[101.0813,3.7679],[101.0789,3.7661],[101.0732,3.7631],[101.0707,3.7609],[101.0667,3.755],[101.0638,3.7526],[101.0617,3.7531],[101.0606,3.7558],[101.0603,3.7593],[101.0605,3.763],[101.0592,3.7697],[101.0605,3.7812],[101.0585,3.7857],[101.0552,3.787],[101.052,3.7868],[101.0431,3.7845],[101.0351,3.7842],[101.0312,3.7863],[101.0285,3.7899],[101.0268,3.7941],[101.0234,3.7987],[101.0198,3.8002],[101.0164,3.8001],[101.0136,3.7988],[101.0094,3.796],[101.0074,3.7949],[101.0049,3.7943],[100.9978,3.7944],[100.9964,3.794],[100.9938,3.7928],[100.9917,3.791],[100.9899,3.7882],[100.989,3.7848],[100.988,3.7778],[100.9863,3.7755],[100.9833,3.7732],[100.9762,3.7712],[100.9719,3.7716],[100.9684,3.7732],[100.9665,3.7758],[100.9652,3.779],[100.9649,3.7826],[100.9653,3.7863],[100.9678,3.7928],[100.9708,3.7982],[100.9749,3.8033],[100.9762,3.8063],[100.9745,3.8105],[100.9697,3.8155],[100.945,3.8308],[100.9433,3.8333],[100.9422,3.8361],[100.9426,3.8395],[100.9435,3.8429],[100.9447,3.8461],[100.9453,3.8499],[100.9453,3.8538],[100.9426,3.859],[100.9395,3.8611],[100.9354,3.8617],[100.9277,3.8605],[100.8996,3.8526],[100.8631,3.8496],[100.8443,3.8445],[100.8407,3.8429],[100.8406,3.8428],[100.8416,3.8437],[100.8454,3.8513],[100.834,3.8544],[100.8118,3.8512],[100.8005,3.8478],[100.7959,3.8438],[100.7848,3.8393],[100.7601,3.8472],[100.7346,3.8594],[100.7207,3.8681],[100.7095,3.883],[100.7034,3.8989],[100.7007,3.9172],[100.7012,3.9672],[100.7063,3.9836],[100.7188,3.9909],[100.7817,3.988],[100.8015,3.9911],[100.8174,4.0108],[100.8346,4.0185],[100.855,4.0222],[100.8714,4.0189],[100.8615,4.0404],[100.8381,4.038],[100.8143,4.0261],[100.8032,4.0189],[100.7776,4.0214],[100.773,4.037],[100.7767,4.0605],[100.7761,4.0865],[100.7659,4.0998],[100.7139,4.135],[100.6975,4.1509],[100.6777,4.1652],[100.6555,4.1695],[100.6326,4.1555],[100.6226,4.1758],[100.613,4.2084],[100.6089,4.2384],[100.6152,4.2517],[100.6003,4.2565],[100.5957,4.2687],[100.595,4.2844],[100.591,4.3],[100.5796,4.3112],[100.5697,4.3134],[100.5654,4.3192],[100.5706,4.341],[100.5798,4.3664],[100.583,4.3801],[100.5842,4.3991],[100.5886,4.4123],[100.6077,4.4262],[100.6121,4.44],[100.6148,4.4678],[100.6326,4.5329],[100.6455,4.56],[100.6302,4.5539],[100.6123,4.5587],[100.5973,4.5719],[100.591,4.5908],[100.5944,4.6109],[100.6038,4.6295],[100.617,4.6383],[100.6326,4.6291],[100.6395,4.6431],[100.6473,4.6547],[100.6561,4.6637],[100.6662,4.6699],[100.6423,4.6743],[100.6204,4.6662],[100.6042,4.6658],[100.5978,4.6935],[100.5945,4.7431],[100.6039,4.756],[100.6326,4.7581],[100.6326,4.7656],[100.6268,4.7666],[100.6121,4.7724],[100.6198,4.7864],[100.6174,4.7929],[100.5978,4.7997],[100.5877,4.801],[100.5812,4.7979],[100.5762,4.7993],[100.5706,4.8134],[100.5695,4.8271],[100.5774,4.844],[100.5774,4.8543],[100.5715,4.8577],[100.5618,4.8583],[100.5531,4.862],[100.5501,4.8754],[100.5399,4.87],[100.5291,4.8679],[100.5054,4.868],[100.4944,4.8723],[100.4993,4.881],[100.5096,4.8886],[100.5153,4.8891],[100.5147,4.9025],[100.511,4.9069],[100.5034,4.9101],[100.4917,4.9198],[100.4817,4.9247],[100.4707,4.9223],[100.4607,4.916],[100.4539,4.9089],[100.4416,4.9228],[100.4358,4.9361],[100.4324,4.9497],[100.4265,4.9642],[100.4019,4.9923],[100.3957,5.0134],[100.3807,5.0473],[100.3723,5.0614],[100.3645,5.0843],[100.3659,5.0925],[100.3695,5.0932],[100.3742,5.0919],[100.3787,5.0945],[100.3888,5.1057],[100.4001,5.1149],[100.4041,5.1202],[100.4042,5.1202],[100.4049,5.12],[100.4808,5.1376],[100.491,5.1388],[100.5037,5.1342],[100.5113,5.1071],[100.5175,5.0991],[100.5211,5.0981],[100.5323,5.093],[100.5425,5.0858],[100.5493,5.0827],[100.5571,5.0809],[100.5633,5.0816],[100.5676,5.0827],[100.5709,5.0845],[100.5734,5.0865],[100.5877,5.1037],[100.6026,5.1162],[100.6046,5.1185],[100.6063,5.1213],[100.6108,5.1357],[100.6153,5.1442],[100.6862,5.2073],[100.6899,5.2128],[100.6908,5.2145],[100.6918,5.2168],[100.6962,5.2321],[100.7036,5.2482],[100.707,5.253],[100.7103,5.2564],[100.7346,5.2733],[100.7397,5.2781],[100.7431,5.283],[100.7441,5.286],[100.7462,5.2973],[100.7557,5.3156],[100.7629,5.3208],[100.7972,5.3256],[100.8225,5.3323],[100.833,5.3362],[100.8398,5.3396],[100.8527,5.3541],[100.8563,5.3595],[100.8595,5.3656],[100.862,5.372],[100.8687,5.4009],[100.8692,5.4092],[100.8687,5.4176],[100.8693,5.4259],[100.8735,5.4645],[100.8788,5.478],[100.8831,5.4836],[100.8906,5.4953],[100.8951,5.5001],[100.8989,5.5018],[100.9016,5.5005],[100.9062,5.4963],[100.9112,5.497],[100.9179,5.5002],[100.9306,5.5133],[100.9368,5.5231],[100.9433,5.538],[100.9469,5.5506],[100.9474,5.5544],[100.9474,5.5629],[100.9495,5.5802],[100.9495,5.5852],[100.9486,5.5891],[100.9469,5.5921],[100.9443,5.5941],[100.9413,5.5957],[100.9379,5.5967],[100.935,5.5981],[100.9322,5.6008],[100.9301,5.6053],[100.9288,5.6133],[100.9298,5.6178],[100.9319,5.6207],[100.9403,5.6284],[100.9475,5.6382],[100.9526,5.6434],[100.9649,5.6517],[100.9681,5.6555],[100.97,5.6591],[100.9837,5.7163],[100.9843,5.7221],[100.9829,5.7247],[100.9811,5.7268],[100.9786,5.7287],[100.97,5.7338],[100.9677,5.7362],[100.9646,5.742],[100.9604,5.7469],[100.9587,5.7496],[100.9546,5.7663],[100.956,5.7691],[100.9585,5.7715],[100.9621,5.7725],[100.966,5.7729],[100.9724,5.7729]]]}},{"type":"Feature","properties":{"id":"MYS-1141","name":"Perlis","nameBn":"পের্লিস","type":"State","bounds":[100.1273,6.2605,100.3777,6.708],"center":[100.253,6.5217]},"geometry":{"type":"Polygon","coordinates":[[[100.1876,6.708],[100.1967,6.7025],[100.1992,6.6994],[100.2038,6.6939],[100.2124,6.6892],[100.2275,6.6889],[100.2275,6.6908],[100.2426,6.7003],[100.2517,6.7011],[100.2633,6.7],[100.274,6.6963],[100.2808,6.6889],[100.3179,6.5767],[100.3292,6.5578],[100.3488,6.5406],[100.3777,6.5268],[100.376,6.5122],[100.376,6.5081],[100.3752,6.5001],[100.3655,6.4558],[100.3627,6.4519],[100.3585,6.4477],[100.3349,6.4318],[100.3248,6.4235],[100.2143,6.299],[100.2132,6.2963],[100.2118,6.2917],[100.2103,6.2813],[100.2066,6.2687],[100.1989,6.2607],[100.1987,6.2605],[100.1746,6.291],[100.1528,6.3339],[100.1375,6.3805],[100.1311,6.4234],[100.1273,6.4423],[100.1356,6.4577],[100.1444,6.4796],[100.1485,6.5045],[100.1481,6.5132],[100.1448,6.5306],[100.1457,6.5395],[100.1524,6.55],[100.1612,6.5575],[100.1672,6.5661],[100.1652,6.5803],[100.1572,6.6035],[100.1561,6.6206],[100.1628,6.6611],[100.164,6.6837],[100.1668,6.6951],[100.1733,6.7034],[100.1876,6.708]]]}},{"type":"Feature","properties":{"id":"MYS-1139","name":"Pulau Pinang","nameBn":"পেনাং","type":"State","bounds":[100.179,5.12,100.5591,5.569],"center":[100.261,5.3684]},"geometry":{"type":"MultiPolygon","coordinates":[[[[100.4041,5.1202],[100.409,5.1267],[100.4163,5.1596],[100.4309,5.1906],[100.4333,5.2112],[100.4307,5.2224],[100.4212,5.2424],[100.419,5.2485],[100.4212,5.2606],[100.4312,5.279],[100.4333,5.29],[100.43,5.3029],[100.406,5.3484],[100.3853,5.3769],[100.3802,5.3907],[100.3787,5.4133],[100.3849,5.4993],[100.3784,5.5228],[100.3557,5.5627],[100.3543,5.569],[100.3546,5.569],[100.5002,5.5603],[100.516,5.5576],[100.5332,5.5498],[100.5286,5.5379],[100.5267,5.5291],[100.5249,5.4692],[100.5424,5.2637],[100.5591,5.1468],[100.5591,5.1428],[100.5583,5.1385],[100.5557,5.1345],[100.5529,5.132],[100.55,5.1303],[100.5466,5.1292],[100.5346,5.1288],[100.5037,5.1342],[100.491,5.1388],[100.4808,5.1376],[100.4049,5.12],[100.4042,5.1202],[100.4041,5.1202]]],[[[100.3098,5.4508],[100.3185,5.4353],[100.334,5.4269],[100.3434,5.4176],[100.3252,5.3833],[100.3208,5.3445],[100.3167,5.3266],[100.2922,5.2805],[100.2887,5.2627],[100.2347,5.2727],[100.195,5.2723],[100.1936,5.2701],[100.1927,5.2676],[100.1897,5.2665],[100.1843,5.2685],[100.18,5.2733],[100.179,5.278],[100.1927,5.286],[100.1961,5.3],[100.1912,5.3525],[100.1931,5.3993],[100.1909,5.4084],[100.1863,5.4162],[100.1817,5.4223],[100.1795,5.4269],[100.1817,5.4366],[100.1852,5.4443],[100.1859,5.4511],[100.1795,5.4582],[100.1921,5.463],[100.1971,5.4573],[100.2012,5.4485],[100.2106,5.444],[100.2186,5.4467],[100.2245,5.4529],[100.2293,5.4599],[100.2347,5.4645],[100.2538,5.4691],[100.2741,5.4685],[100.2933,5.4626],[100.3098,5.4508]]]]}},{"type":"Feature","properties":{"id":"MYS-4832","name":"Putrajaya","nameBn":"পুত্রজায়া","type":"Federal Territory","bounds":[101.6669,2.8742,101.7311,2.9812],"center":[101.706,2.9381]},"geometry":{"type":"Polygon","coordinates":[[[101.713,2.9812],[101.7159,2.9635],[101.7237,2.956],[101.7311,2.9463],[101.7304,2.9289],[101.7108,2.9039],[101.7075,2.8956],[101.7029,2.8886],[101.6886,2.8762],[101.6815,2.8742],[101.6771,2.8755],[101.6722,2.879],[101.6681,2.8868],[101.6669,2.8939],[101.6705,2.9032],[101.6733,2.906],[101.6754,2.9105],[101.6774,2.9138],[101.6779,2.9188],[101.6741,2.9343],[101.675,2.9408],[101.6781,2.9444],[101.6775,2.9489],[101.6737,2.9546],[101.6716,2.9604],[101.6739,2.9661],[101.6805,2.9692],[101.6953,2.9721],[101.701,2.9751],[101.7052,2.9763],[101.713,2.9812]]]}},{"type":"Feature","properties":{"id":"MYS-1186","name":"Sabah","nameBn":"সাবাহ","type":"State","bounds":[115.3596,4.146,119.2781,7.3558],"center":[117.095,5.3111]},"geometry":{"type":"MultiPolygon","coordinates":[[[[117.7036,4.1634],[117.7036,4.1634],[117.6971,4.1691],[117.6441,4.2152],[117.6401,4.2274],[117.6476,4.2406],[117.6655,4.2531],[117.686,4.2628],[117.7017,4.2675],[117.7202,4.2664],[117.7564,4.2546],[117.7744,4.2517],[117.7854,4.2466],[117.7949,4.2353],[117.8083,4.2141],[117.8177,4.2047],[117.8263,4.1994],[117.8362,4.197],[117.8499,4.1964],[117.8963,4.1813],[117.9006,4.1715],[117.9007,4.1713],[117.907,4.1567],[117.8526,4.1572],[117.7836,4.1572],[117.7381,4.1572],[117.7036,4.1634]]],[[[116.5902,4.3311],[116.5769,4.332],[116.5333,4.3954],[116.5222,4.3968],[116.5154,4.3842],[116.4943,4.3632],[116.4865,4.3488],[116.487,4.3386],[116.4919,4.3313],[116.4941,4.3249],[116.4859,4.3169],[116.4684,4.3123],[116.4571,4.3168],[116.4464,4.3173],[116.4218,4.2918],[116.4113,4.2887],[116.4009,4.29],[116.3911,4.2947],[116.3654,4.3377],[116.3618,4.3504],[116.3582,4.3554],[116.3513,4.3579],[116.3442,4.3569],[116.3375,4.3572],[116.3107,4.3834],[116.2851,4.3784],[116.2572,4.3642],[116.2288,4.3561],[116.2151,4.3578],[116.1701,4.3699],[116.1468,4.3712],[116.1365,4.373],[116.1258,4.3789],[116.1175,4.3572],[116.1099,4.3451],[116.0994,4.3365],[116.0812,4.3255],[116.0332,4.2777],[116.0206,4.2709],[116.004,4.2767],[115.9936,4.2889],[115.9874,4.3048],[115.9834,4.3214],[115.9772,4.3286],[115.9648,4.3355],[115.941,4.3444],[115.8988,4.3471],[115.8788,4.3521],[115.8694,4.3667],[115.8649,4.3826],[115.8561,4.3908],[115.8441,4.3892],[115.831,4.3761],[115.8212,4.3443],[115.8219,4.3112],[115.8175,4.2813],[115.7794,4.2489],[115.7754,4.2361],[115.7707,4.2256],[115.7569,4.2222],[115.7472,4.2276],[115.7403,4.2362],[115.7326,4.2394],[115.6898,4.2],[115.6828,4.1906],[115.676,4.1842],[115.6559,4.1786],[115.6469,4.1691],[115.6391,4.146],[115.6391,4.1461],[115.6341,4.1541],[115.6299,4.1667],[115.6268,4.1829],[115.6259,4.2068],[115.6279,4.2208],[115.6322,4.2325],[115.6623,4.2718],[115.6664,4.2803],[115.6735,4.3017],[115.6754,4.3125],[115.6735,4.3233],[115.6678,4.336],[115.6543,4.3535],[115.6441,4.3625],[115.636,4.3678],[115.6282,4.3704],[115.6122,4.3739],[115.6041,4.3765],[115.5967,4.3803],[115.5906,4.3881],[115.5858,4.3994],[115.5841,4.4169],[115.5848,4.4407],[115.584,4.4485],[115.5807,4.4575],[115.5657,4.4824],[115.5601,4.4969],[115.557,4.5735],[115.5581,4.5816],[115.5598,4.5869],[115.5924,4.6436],[115.5959,4.6539],[115.5978,4.6641],[115.6007,4.699],[115.6047,4.7178],[115.6078,4.7268],[115.6125,4.735],[115.633,4.7547],[115.6385,4.7637],[115.6429,4.7744],[115.6585,4.8248],[115.6589,4.8352],[115.658,4.8461],[115.6363,4.9405],[115.6301,4.9513],[115.6225,4.9578],[115.6093,4.9605],[115.5912,4.9602],[115.5623,4.9556],[115.514,4.9525],[115.4218,4.9623],[115.4216,4.9623],[115.4478,4.9853],[115.4797,5.026],[115.4922,5.0325],[115.5125,5.0359],[115.5317,5.0446],[115.5476,5.0558],[115.557,5.0672],[115.563,5.0832],[115.5698,5.1237],[115.5713,5.1601],[115.5735,5.1697],[115.5842,5.1901],[115.5925,5.1987],[115.6013,5.2046],[115.6052,5.2121],[115.5986,5.2255],[115.5608,5.2078],[115.5238,5.2088],[115.4898,5.223],[115.4006,5.3],[115.3981,5.3093],[115.4004,5.3179],[115.3997,5.3242],[115.3892,5.3266],[115.3848,5.3244],[115.3652,5.3074],[115.3596,5.3196],[115.3626,5.3339],[115.3687,5.3493],[115.3753,5.382],[115.3823,5.3952],[115.3894,5.4057],[115.3926,5.4133],[115.4043,5.4239],[115.4564,5.4543],[115.4683,5.4747],[115.4795,5.4897],[115.5501,5.5402],[115.5852,5.6162],[115.6048,5.6358],[115.6188,5.6129],[115.5843,5.5485],[115.6048,5.5197],[115.61,5.5301],[115.6144,5.5573],[115.6192,5.5681],[115.6533,5.5386],[115.6741,5.5294],[115.7624,5.5231],[115.7913,5.5249],[115.8177,5.5334],[115.8486,5.56],[115.8744,5.5994],[115.8942,5.6433],[115.9065,5.6836],[115.9141,5.7274],[115.9199,5.7468],[115.9307,5.763],[115.9453,5.7748],[116.0352,5.8249],[116.0508,5.8423],[116.0574,5.8651],[116.0603,5.9113],[116.0664,5.9306],[116.1277,6.0298],[116.1419,6.0731],[116.1262,6.1025],[116.1038,6.0947],[116.096,6.1077],[116.106,6.1265],[116.1364,6.1361],[116.1541,6.1473],[116.2013,6.218],[116.2227,6.2372],[116.2354,6.2435],[116.2522,6.2459],[116.264,6.2419],[116.279,6.2349],[116.2915,6.2326],[116.2969,6.2425],[116.2927,6.2758],[116.2805,6.2786],[116.2614,6.2694],[116.2361,6.2663],[116.2361,6.2726],[116.2634,6.2869],[116.2791,6.3039],[116.2832,6.3074],[116.2905,6.3086],[116.3106,6.3074],[116.32,6.3134],[116.322,6.3167],[116.322,6.3223],[116.3306,6.3542],[116.3333,6.3606],[116.3384,6.3688],[116.3477,6.3796],[116.4364,6.4468],[116.4514,6.4619],[116.4695,6.4758],[116.4883,6.4843],[116.5032,6.4952],[116.5091,6.5165],[116.5098,6.5346],[116.5132,6.5537],[116.5207,6.5688],[116.5339,6.5749],[116.5515,6.5884],[116.6135,6.6711],[116.6286,6.6854],[116.639,6.6993],[116.645,6.7169],[116.647,6.7424],[116.6454,6.7763],[116.647,6.7865],[116.6511,6.7944],[116.6633,6.811],[116.6675,6.8213],[116.6658,6.8596],[116.6692,6.8764],[116.6975,6.8897],[116.7058,6.9053],[116.7153,6.9448],[116.7166,6.9667],[116.7189,6.9754],[116.7261,6.9789],[116.7302,6.9824],[116.741,6.9984],[116.7464,7.0104],[116.7551,7.0187],[116.7659,7.0251],[116.7774,7.0268],[116.7805,7.0228],[116.7909,7.0001],[116.832,6.9733],[116.8381,6.9621],[116.8518,6.8902],[116.8333,6.9008],[116.8225,6.9041],[116.8176,6.9001],[116.8112,6.8688],[116.8108,6.8629],[116.8223,6.8529],[116.8381,6.8474],[116.8524,6.8385],[116.8587,6.8179],[116.8547,6.7785],[116.8439,6.7523],[116.8108,6.7046],[116.7927,6.6697],[116.7785,6.6265],[116.7839,6.5916],[116.8245,6.5817],[116.8455,6.592],[116.861,6.6105],[116.8731,6.6284],[116.8831,6.6363],[116.8967,6.6421],[116.9412,6.6848],[116.9738,6.7081],[116.9802,6.7204],[116.9841,6.755],[116.989,6.7592],[116.9956,6.7611],[117.0026,6.7667],[117.0163,6.7939],[117.0525,6.8308],[117.0579,6.8455],[117.0518,6.8662],[117.0293,6.91],[117.0305,6.9311],[117.0386,6.9426],[117.0466,6.9438],[117.0558,6.9404],[117.0681,6.938],[117.0767,6.9413],[117.0833,6.9485],[117.0859,6.9558],[117.082,6.9591],[117.0745,6.9638],[117.0725,6.9743],[117.0745,6.9857],[117.0784,6.9926],[117.0889,6.9947],[117.1008,6.9916],[117.1122,6.9873],[117.1199,6.9858],[117.1287,6.9907],[117.1438,7.0037],[117.1502,7.0031],[117.1581,6.9987],[117.1834,6.9879],[117.1917,6.9858],[117.195,6.9818],[117.2468,6.9505],[117.2525,6.9458],[117.2565,6.938],[117.2573,6.9208],[117.251,6.8728],[117.2466,6.8629],[117.2328,6.8555],[117.2284,6.8381],[117.2303,6.8175],[117.236,6.8008],[117.272,6.7537],[117.2776,6.7357],[117.2803,6.6736],[117.2844,6.6574],[117.2959,6.6363],[117.3089,6.6288],[117.3493,6.6301],[117.3648,6.6251],[117.3782,6.6135],[117.3999,6.5886],[117.4248,6.5656],[117.4422,6.553],[117.4585,6.5476],[117.4749,6.5515],[117.4858,6.5624],[117.5098,6.6022],[117.5254,6.621],[117.5337,6.621],[117.537,6.6057],[117.5376,6.5783],[117.5418,6.5776],[117.565,6.5544],[117.561,6.5557],[117.5584,6.5512],[117.5574,6.5447],[117.5581,6.5401],[117.5618,6.5383],[117.5746,6.535],[117.5786,6.5333],[117.5936,6.5196],[117.6033,6.5147],[117.6162,6.5128],[117.6302,6.5198],[117.6409,6.5217],[117.6506,6.5165],[117.6747,6.489],[117.6853,6.4731],[117.6953,6.4514],[117.7022,6.4514],[117.7058,6.46],[117.7107,6.4638],[117.7163,6.463],[117.7225,6.4582],[117.7271,6.4512],[117.7283,6.4437],[117.7282,6.4348],[117.7295,6.4234],[117.7328,6.4141],[117.742,6.3967],[117.7438,6.3899],[117.74,6.3806],[117.7331,6.3716],[117.7285,6.3624],[117.7388,6.3357],[117.7295,6.2695],[117.723,6.2546],[117.708,6.2529],[117.6748,6.259],[117.6563,6.2528],[117.6382,6.2406],[117.6092,6.2148],[117.6004,6.1978],[117.6056,6.1818],[117.6271,6.1565],[117.6433,6.1175],[117.6579,6.1113],[117.6611,6.1056],[117.6626,6.0958],[117.6652,6.0882],[117.6655,6.0799],[117.6611,6.0678],[117.6528,6.0593],[117.6436,6.0563],[117.6361,6.0519],[117.6333,6.0399],[117.6399,6.0234],[117.6541,6.0198],[117.6683,6.0134],[117.6748,5.989],[117.669,5.9726],[117.6546,5.9587],[117.6196,5.9374],[117.4928,5.8947],[117.4688,5.8686],[117.4865,5.8718],[117.5438,5.8964],[117.5693,5.9029],[117.6401,5.9033],[117.707,5.9116],[117.7566,5.9062],[117.7743,5.908],[117.7803,5.9194],[117.7717,5.9443],[117.7822,5.9506],[117.7927,5.95],[117.8045,5.9465],[117.8189,5.9443],[117.8366,5.9455],[117.884,5.9547],[117.8939,5.9613],[117.9001,5.9739],[117.9139,5.9865],[117.9411,6.0057],[117.9736,6.0478],[117.9914,6.0568],[117.9955,6.0617],[118.0026,6.0646],[118.0169,6.061],[118.051,6.0262],[118.0532,6.0163],[118.0525,6.0053],[118.0537,5.9963],[118.071,5.9874],[118.0736,5.9753],[118.072,5.9548],[118.0772,5.9316],[118.119,5.8754],[118.1245,5.8703],[118.1252,5.8639],[118.096,5.8242],[118.0811,5.8154],[118.0588,5.809],[118.0354,5.8078],[118.0169,5.8145],[118.0,5.809],[117.938,5.8145],[117.9212,5.809],[117.9104,5.7969],[117.9085,5.7847],[117.9177,5.7792],[117.922,5.7717],[117.952,5.6941],[117.9603,5.6872],[117.9649,5.6862],[117.9706,5.6885],[117.9827,5.6911],[117.9981,5.6959],[118.0379,5.7143],[118.0547,5.7183],[118.0628,5.7166],[118.0696,5.708],[118.0789,5.7047],[118.0866,5.7064],[118.0962,5.7105],[118.1066,5.7126],[118.1165,5.7081],[118.1267,5.6935],[118.134,5.6896],[118.1437,5.6941],[118.1515,5.7051],[118.1516,5.7141],[118.1471,5.7246],[118.1538,5.7421],[118.1582,5.749],[118.1646,5.7562],[118.1672,5.7644],[118.1594,5.7828],[118.1608,5.7934],[118.1763,5.8052],[118.221,5.8096],[118.2622,5.8279],[118.2837,5.8232],[118.3358,5.7958],[118.3407,5.7943],[118.3457,5.7984],[118.3567,5.8108],[118.3652,5.8138],[118.3753,5.8099],[118.3845,5.8039],[118.3908,5.8009],[118.4107,5.7961],[118.513,5.7368],[118.5481,5.7081],[118.5619,5.6998],[118.5793,5.6917],[118.594,5.6821],[118.5996,5.6693],[118.596,5.6594],[118.5886,5.6536],[118.5817,5.65],[118.5785,5.6463],[118.5687,5.5895],[118.562,5.568],[118.5588,5.5469],[118.5654,5.5259],[118.5723,5.5259],[118.5822,5.5513],[118.5884,5.5627],[118.596,5.5712],[118.6006,5.5813],[118.599,5.608],[118.603,5.6187],[118.6291,5.6366],[118.6511,5.6364],[118.6703,5.623],[118.7173,5.5658],[118.7366,5.5478],[118.7539,5.5402],[118.7803,5.5353],[118.8001,5.5221],[118.813,5.5023],[118.8193,5.4781],[118.8268,5.4836],[118.8311,5.4886],[118.8328,5.4953],[118.8324,5.5054],[118.8796,5.4698],[118.898,5.4645],[118.9188,5.455],[118.9357,5.434],[118.9395,5.4128],[118.9217,5.403],[118.9326,5.3941],[118.9483,5.3886],[118.9645,5.3884],[118.9764,5.3956],[118.9793,5.4091],[118.9734,5.4196],[118.9709,5.4283],[118.9839,5.4365],[119.0083,5.4359],[119.0557,5.411],[119.0857,5.4099],[119.1638,5.447],[119.1893,5.4508],[119.2048,5.4433],[119.2196,5.4279],[119.2433,5.3956],[119.265,5.3742],[119.2743,5.3612],[119.2781,5.3446],[119.2759,5.3229],[119.2664,5.2898],[119.2644,5.2727],[119.2693,5.2262],[119.2671,5.2011],[119.2442,5.1813],[119.1956,5.1286],[119.1559,5.1062],[118.9732,5.0399],[118.7866,4.986],[118.7507,4.9641],[118.7273,4.9539],[118.7025,4.9466],[118.6815,4.9443],[118.6659,4.948],[118.6345,4.9613],[118.6058,4.9658],[118.585,4.9719],[118.5723,4.9716],[118.5602,4.9674],[118.5308,4.9443],[118.509,4.9311],[118.4994,4.9315],[118.4863,4.9406],[118.4807,4.948],[118.4627,4.9787],[118.4284,5.0188],[118.397,5.0348],[118.3762,5.0411],[118.3669,5.0359],[118.3572,5.0388],[118.3358,5.0251],[118.3049,4.9989],[118.2967,5.0046],[118.2917,5.0009],[118.2897,4.991],[118.2913,4.9779],[118.2527,4.9871],[118.217,4.9658],[118.1608,4.9028],[118.1439,4.8903],[118.1365,4.8823],[118.1336,4.8717],[118.1349,4.8596],[118.139,4.8554],[118.1458,4.8532],[118.1714,4.8366],[118.178,4.8308],[118.1838,4.8218],[118.195,4.7929],[118.219,4.7563],[118.2464,4.7238],[118.2776,4.6951],[118.3123,4.6699],[118.3252,4.6579],[118.3335,4.6516],[118.3426,4.6489],[118.3518,4.6486],[118.3728,4.6458],[118.3805,4.6426],[118.3853,4.6367],[118.3932,4.6184],[118.3977,4.6113],[118.4041,4.6059],[118.4111,4.6015],[118.4284,4.5943],[118.4308,4.6113],[118.4446,4.6149],[118.4624,4.61],[118.4767,4.6011],[118.4875,4.5876],[118.4895,4.5751],[118.4844,4.5627],[118.4733,4.5499],[118.4694,4.5372],[118.4782,4.5261],[118.4904,4.5165],[118.4966,4.5083],[118.5049,4.5024],[118.5233,4.5116],[118.5519,4.5328],[118.5632,4.5272],[118.5874,4.5238],[118.5996,4.5192],[118.594,4.5055],[118.6056,4.4869],[118.6453,4.444],[118.6458,4.4368],[118.6372,4.426],[118.6262,4.4193],[118.6175,4.4207],[118.6076,4.4255],[118.5921,4.4291],[118.5974,4.4123],[118.5928,4.3974],[118.5828,4.3846],[118.5723,4.3746],[118.5569,4.3635],[118.5428,4.36],[118.5034,4.3615],[118.4866,4.3595],[118.4544,4.3503],[118.4352,4.3472],[118.3919,4.3464],[118.3689,4.3506],[118.3533,4.3615],[118.3402,4.3441],[118.3325,4.339],[118.242,4.3137],[118.1608,4.3062],[118.1371,4.2987],[118.0046,4.2316],[117.9827,4.2311],[117.9211,4.2491],[117.9045,4.2517],[117.8923,4.257],[117.8537,4.2926],[117.8396,4.3008],[117.8312,4.3047],[117.8225,4.3062],[117.8189,4.3105],[117.812,4.3293],[117.8083,4.3336],[117.7948,4.3349],[117.7635,4.3472],[117.7385,4.3518],[117.7295,4.3547],[117.7075,4.3699],[117.6961,4.3878],[117.687,4.407],[117.6712,4.426],[117.656,4.4242],[117.6341,4.4101],[117.6146,4.3931],[117.6058,4.382],[117.6096,4.3734],[117.6288,4.3618],[117.6333,4.351],[117.6333,4.3096],[117.637,4.299],[117.6521,4.2849],[117.6537,4.2722],[117.6491,4.2607],[117.6405,4.2514],[117.6196,4.2374],[117.613,4.2309],[117.6081,4.2222],[117.6021,4.2153],[117.599,4.2069],[117.6027,4.2017],[117.6203,4.1847],[117.6271,4.1765],[117.617,4.1774],[117.6084,4.1762],[117.5671,4.1597],[117.5583,4.1677],[117.5422,4.1738],[117.5146,4.1719],[117.4984,4.1726],[117.4642,4.1779],[117.4365,4.1856],[117.4129,4.2001],[117.3566,4.2595],[117.2756,4.301],[117.2387,4.3269],[117.2306,4.3372],[117.2248,4.3466],[117.2172,4.3534],[117.2027,4.3561],[117.1904,4.353],[117.1744,4.3384],[117.1647,4.3331],[116.9806,4.3296],[116.9243,4.345],[116.883,4.3449],[116.8045,4.3301],[116.7661,4.3386],[116.7294,4.3645],[116.7117,4.3668],[116.68,4.3399],[116.6611,4.3344],[116.6418,4.3339],[116.6155,4.3441],[116.5902,4.3311]]],[[[118.2195,5.8555],[118.2331,5.8511],[118.2361,5.8415],[118.2308,5.8319],[118.2195,5.8276],[118.2131,5.8266],[118.1955,5.8203],[118.1892,5.8197],[118.1819,5.8203],[118.1725,5.8228],[118.1655,5.8275],[118.1638,5.8344],[118.1699,5.8437],[118.181,5.8513],[118.1931,5.8547],[118.2195,5.8555]]],[[[118.7262,4.4919],[118.7488,4.4855],[118.76,4.4714],[118.7561,4.4572],[118.7331,4.4509],[118.6958,4.4509],[118.6817,4.4371],[118.6748,4.4366],[118.6692,4.4398],[118.6692,4.4431],[118.668,4.4639],[118.6633,4.4692],[118.6512,4.4791],[118.6475,4.4844],[118.6441,4.4953],[118.6476,4.498],[118.6581,4.4982],[118.6607,4.4982],[118.6751,4.4984],[118.7262,4.4919]]],[[[118.5103,4.6489],[118.5238,4.6657],[118.5495,4.6652],[118.5778,4.6551],[118.5996,4.6426],[118.5996,4.6352],[118.5848,4.634],[118.5754,4.6274],[118.5711,4.616],[118.5723,4.6011],[118.553,4.6188],[118.5481,4.6216],[118.543,4.6169],[118.5396,4.6079],[118.5352,4.6013],[118.5274,4.6046],[118.512,4.6164],[118.4956,4.6239],[118.48,4.6279],[118.4666,4.6291],[118.4627,4.6308],[118.4536,4.6395],[118.4489,4.6426],[118.4147,4.6489],[118.3464,4.6699],[118.3464,4.6762],[118.4253,4.6762],[118.4363,4.6793],[118.4432,4.6861],[118.449,4.6932],[118.4563,4.6973],[118.4761,4.6938],[118.4851,4.6794],[118.4932,4.6619],[118.5103,4.6489]]],[[[117.4688,6.7667],[117.4939,6.7354],[117.5108,6.7043],[117.5066,6.6735],[117.4688,6.6431],[117.443,6.6357],[117.4124,6.6349],[117.3817,6.6394],[117.3562,6.6479],[117.3469,6.655],[117.3434,6.6635],[117.346,6.6723],[117.355,6.6796],[117.3656,6.6831],[117.4163,6.6853],[117.4321,6.6894],[117.4439,6.6986],[117.4483,6.7152],[117.4393,6.7239],[117.4036,6.7258],[117.3999,6.7393],[117.4116,6.7514],[117.4525,6.7567],[117.4688,6.7667]]],[[[117.0026,7.3557],[117.0169,7.3426],[117.0227,7.3188],[117.0204,7.2946],[117.01,7.28],[116.9915,7.2972],[116.9767,7.2902],[116.9714,7.2714],[116.9822,7.2533],[116.8865,7.2294],[116.8911,7.2199],[116.8997,7.2146],[116.9051,7.2089],[116.9002,7.1981],[116.891,7.1937],[116.8768,7.1925],[116.8623,7.1942],[116.8518,7.1981],[116.9002,7.2874],[116.9144,7.2939],[116.948,7.3019],[116.9617,7.3079],[117.0026,7.3557]]],[[[117.1712,7.3427],[117.2463,7.3558],[117.27,7.3489],[117.2819,7.3323],[117.2832,7.3088],[117.2734,7.2319],[117.2624,7.202],[117.2471,7.1832],[117.2297,7.1918],[117.2109,7.1844],[117.1528,7.1731],[117.1404,7.1676],[117.1348,7.1619],[117.1081,7.1496],[117.0989,7.1435],[117.0921,7.132],[117.0879,7.1208],[117.0824,7.1107],[117.0715,7.1025],[117.0641,7.1267],[117.0564,7.2029],[117.0613,7.2191],[117.0652,7.2264],[117.0641,7.2707],[117.0677,7.28],[117.0733,7.285],[117.089,7.2904],[117.0989,7.2958],[117.1229,7.32],[117.1453,7.3355],[117.1577,7.3407],[117.1712,7.3427]]]]}},{"type":"Feature","properties":{"id":"MYS-1187","name":"Sarawak","nameBn":"সারাওয়াক","type":"State","bounds":[109.5284,0.8514,115.6754,4.9623],"center":[113.344,2.4495]},"geometry":{"type":"MultiPolygon","coordinates":[[[[115.3463,4.3138],[115.3607,4.3296],[115.3583,4.3503],[115.3438,4.3717],[115.3087,4.4047],[115.2856,4.4354],[115.2725,4.4747],[115.2669,4.5169],[115.2674,4.5562],[115.2755,4.5957],[115.277,4.6131],[115.2727,4.6368],[115.2074,4.8256],[115.1823,4.8612],[115.1693,4.87],[115.156,4.8763],[115.1468,4.8856],[115.1462,4.9085],[115.1629,4.908],[115.1782,4.9101],[115.1895,4.9175],[115.1989,4.9508],[115.2106,4.9597],[115.2244,4.9583],[115.2355,4.9443],[115.2386,4.9373],[115.2439,4.9355],[115.2656,4.9369],[115.2752,4.9352],[115.2853,4.9312],[115.2932,4.9257],[115.304,4.9062],[115.3216,4.9001],[115.3423,4.8998],[115.3584,4.9028],[115.3703,4.9109],[115.4035,4.9443],[115.4079,4.9503],[115.4216,4.9623],[115.4218,4.9623],[115.514,4.9525],[115.5623,4.9556],[115.5912,4.9602],[115.6093,4.9605],[115.6225,4.9578],[115.6301,4.9513],[115.6363,4.9405],[115.658,4.8461],[115.6589,4.8352],[115.6585,4.8248],[115.6429,4.7744],[115.6385,4.7637],[115.633,4.7547],[115.6125,4.735],[115.6078,4.7268],[115.6047,4.7178],[115.6007,4.699],[115.5978,4.6641],[115.5959,4.6539],[115.5924,4.6436],[115.5598,4.5869],[115.5581,4.5816],[115.557,4.5735],[115.5601,4.4969],[115.5657,4.4824],[115.5807,4.4575],[115.584,4.4485],[115.5848,4.4407],[115.5841,4.4169],[115.5858,4.3994],[115.5906,4.3881],[115.5967,4.3803],[115.6041,4.3765],[115.6122,4.3739],[115.6282,4.3704],[115.636,4.3678],[115.6441,4.3625],[115.6543,4.3535],[115.6678,4.336],[115.6735,4.3233],[115.6754,4.3125],[115.6735,4.3017],[115.6664,4.2803],[115.6623,4.2718],[115.6322,4.2325],[115.6279,4.2208],[115.6259,4.2068],[115.6268,4.1829],[115.6299,4.1667],[115.6341,4.1541],[115.6391,4.1461],[115.6391,4.146],[115.6333,4.1286],[115.6221,4.0402],[115.6095,3.9969],[115.5903,3.958],[115.581,3.9469],[115.5458,3.9277],[115.5388,3.9206],[115.5383,3.8978],[115.5541,3.8836],[115.5746,3.8721],[115.5886,3.8576],[115.5894,3.8245],[115.5505,3.7082],[115.5446,3.669],[115.5444,3.6292],[115.5485,3.6053],[115.5733,3.545],[115.5745,3.5346],[115.5724,3.5143],[115.5727,3.5042],[115.5761,3.4917],[115.5927,3.462],[115.6006,3.4412],[115.6012,3.4302],[115.5955,3.4209],[115.585,3.4168],[115.576,3.4194],[115.5671,3.4238],[115.5572,3.4255],[115.5358,3.4036],[115.5176,3.3572],[115.4828,3.2065],[115.4835,3.189],[115.4993,3.1698],[115.5144,3.1648],[115.517,3.1573],[115.4822,3.111],[115.476,3.093],[115.4722,3.0505],[115.4641,3.0308],[115.448,3.0241],[115.4068,3.0195],[115.3415,2.9911],[115.31,2.9859],[115.2814,2.9996],[115.2558,3.0375],[115.2421,3.0416],[115.225,3.0159],[115.208,2.9807],[115.1964,2.9676],[115.139,2.9285],[115.1228,2.9129],[115.1096,2.892],[115.1053,2.8803],[115.1028,2.87],[115.0991,2.8597],[115.0912,2.8481],[115.0776,2.8365],[115.0691,2.8326],[115.0669,2.8282],[115.0719,2.8148],[115.0981,2.7811],[115.1046,2.7615],[115.0936,2.737],[115.0827,2.7296],[115.0722,2.7274],[115.0632,2.7237],[115.057,2.7113],[115.0579,2.7015],[115.0688,2.6815],[115.0719,2.6718],[115.0674,2.6512],[115.0586,2.6288],[115.0565,2.6086],[115.0715,2.5946],[115.0825,2.5944],[115.1041,2.6048],[115.115,2.6079],[115.1269,2.6068],[115.1398,2.6028],[115.152,2.5971],[115.1619,2.5904],[115.177,2.5742],[115.1924,2.5511],[115.2037,2.5275],[115.2061,2.5099],[115.1927,2.4905],[115.1718,2.4833],[115.1265,2.4792],[115.105,2.4657],[115.0674,2.4231],[115.052,2.414],[115.0348,2.4064],[114.9921,2.3699],[114.973,2.3575],[114.9345,2.3607],[114.9222,2.3539],[114.9153,2.3321],[114.9167,2.3112],[114.9196,2.2957],[114.9133,2.284],[114.8865,2.2752],[114.809,2.2647],[114.7788,2.2472],[114.7635,2.2081],[114.7521,2.1535],[114.753,2.1348],[114.7567,2.126],[114.768,2.1102],[114.7703,2.1001],[114.7693,2.0666],[114.7703,2.0582],[114.7806,2.0361],[114.7922,2.0348],[114.8082,2.042],[114.8314,2.0448],[114.8411,2.0382],[114.8453,2.025],[114.8451,2.0097],[114.8425,1.9972],[114.8338,1.9767],[114.8294,1.9598],[114.8294,1.9426],[114.8336,1.9214],[114.832,1.9025],[114.8191,1.8903],[114.7631,1.8687],[114.709,1.862],[114.6992,1.8581],[114.6886,1.8502],[114.6795,1.8407],[114.6742,1.8319],[114.6714,1.821],[114.6726,1.8141],[114.6758,1.8067],[114.6789,1.7944],[114.6801,1.7633],[114.669,1.694],[114.6503,1.6415],[114.6245,1.5988],[114.6097,1.5816],[114.5745,1.5534],[114.5632,1.5364],[114.5632,1.5123],[114.5677,1.4909],[114.568,1.4694],[114.5616,1.45],[114.5456,1.435],[114.5222,1.4294],[114.5006,1.436],[114.4214,1.4922],[114.3982,1.5036],[114.3749,1.5069],[114.3557,1.502],[114.2074,1.4394],[114.2048,1.4384],[114.1832,1.4235],[114.1734,1.4205],[114.1604,1.4248],[114.1503,1.4343],[114.1411,1.4453],[114.1309,1.4542],[114.0943,1.4657],[114.0539,1.4651],[113.9097,1.4425],[113.8912,1.435],[113.8682,1.4155],[113.8082,1.3397],[113.6495,1.2333],[113.6248,1.2276],[113.5965,1.2416],[113.5462,1.3016],[113.5245,1.3136],[113.5034,1.3145],[113.4823,1.3087],[113.4429,1.2924],[113.3976,1.2939],[113.3237,1.3514],[113.276,1.3689],[113.2177,1.3809],[113.1728,1.3837],[113.1586,1.3882],[113.1257,1.4136],[113.089,1.4313],[113.0506,1.4348],[113.0114,1.428],[112.9732,1.4151],[112.9582,1.4157],[112.9553,1.4236],[112.9612,1.4344],[112.9917,1.457],[113.0073,1.4733],[113.0185,1.4924],[113.0243,1.5144],[113.0234,1.537],[113.0141,1.5508],[112.9972,1.5602],[112.9732,1.5699],[112.956,1.5723],[112.9077,1.5705],[112.8881,1.5749],[112.8714,1.5807],[112.855,1.5827],[112.8365,1.5761],[112.8266,1.5672],[112.8205,1.5576],[112.8135,1.5493],[112.8015,1.5438],[112.7948,1.5444],[112.7689,1.5522],[112.4705,1.5677],[112.4459,1.5621],[112.4298,1.5507],[112.4159,1.5367],[112.3985,1.5233],[112.381,1.5177],[112.3191,1.5117],[112.2952,1.5038],[112.1801,1.449],[112.1616,1.4345],[112.1541,1.4095],[112.1591,1.4008],[112.1818,1.4],[112.188,1.3914],[112.1874,1.3797],[112.184,1.369],[112.1527,1.3063],[112.1001,1.1549],[112.0929,1.1431],[112.0795,1.1372],[112.0541,1.1336],[111.9734,1.134],[111.9101,1.114],[111.8231,1.0085],[111.7628,0.993],[111.7342,1.0014],[111.6821,1.0235],[111.6552,1.0308],[111.6374,1.0322],[111.6227,1.0303],[111.5389,0.9977],[111.5154,0.9645],[111.5032,0.9584],[111.492,0.9809],[111.488,0.9979],[111.4824,1.0129],[111.4721,1.0222],[111.4545,1.0226],[111.415,1.0102],[111.3955,1.0063],[111.3741,1.0075],[111.3518,1.0139],[111.2175,1.0733],[111.1976,1.0752],[110.9734,1.0177],[110.9106,1.0157],[110.8804,1.0105],[110.8527,0.9972],[110.797,0.9497],[110.7871,0.9342],[110.7862,0.9163],[110.784,0.9082],[110.7767,0.9033],[110.7713,0.9044],[110.7611,0.9129],[110.7583,0.9145],[110.7457,0.908],[110.7448,0.9051],[110.7248,0.8973],[110.7207,0.8974],[110.7094,0.9014],[110.7042,0.9014],[110.693,0.8947],[110.6744,0.877],[110.6613,0.8721],[110.6477,0.8739],[110.6389,0.8808],[110.6321,0.8886],[110.6248,0.8931],[110.6134,0.894],[110.6096,0.8909],[110.606,0.8833],[110.5961,0.8711],[110.5539,0.8514],[110.5064,0.8573],[110.4603,0.8797],[110.4226,0.9095],[110.3807,0.9666],[110.3641,0.9814],[110.3516,0.9865],[110.3008,0.9977],[110.2863,0.9953],[110.2728,0.9911],[110.2635,0.9943],[110.2617,1.0147],[110.2566,1.0391],[110.2067,1.1117],[110.1851,1.1542],[110.1704,1.1745],[110.1522,1.1839],[110.0935,1.1916],[110.0746,1.1986],[110.0518,1.2155],[110.0307,1.2536],[110.0121,1.2705],[109.9763,1.2877],[109.9638,1.2986],[109.9518,1.3197],[109.9325,1.3785],[109.9202,1.3948],[109.9021,1.4038],[109.8827,1.4038],[109.8629,1.4015],[109.8428,1.4033],[109.8255,1.4176],[109.8078,1.46],[109.8006,1.4668],[109.7815,1.4563],[109.7756,1.4579],[109.7732,1.4859],[109.7664,1.4965],[109.6773,1.5729],[109.658,1.5972],[109.647,1.6176],[109.6417,1.6372],[109.6406,1.683],[109.6472,1.7619],[109.6418,1.781],[109.624,1.7878],[109.5801,1.788],[109.567,1.7926],[109.5556,1.8022],[109.5466,1.8143],[109.5398,1.8266],[109.5347,1.839],[109.5343,1.8465],[109.5347,1.8539],[109.5284,1.89],[109.5294,1.9052],[109.5379,1.9177],[109.5744,1.9486],[109.5851,1.9609],[109.6003,1.9831],[109.6266,2.0297],[109.6453,2.0832],[109.6454,2.0826],[109.6499,2.0656],[109.6522,2.0434],[109.6621,2.0028],[109.6636,1.9831],[109.66,1.967],[109.6553,1.9531],[109.6546,1.937],[109.6636,1.9147],[109.693,1.8731],[109.7114,1.8545],[109.7318,1.8396],[109.7935,1.8135],[109.8289,1.7901],[109.8696,1.7729],[109.8867,1.7602],[109.8988,1.7431],[109.9155,1.7084],[109.9277,1.6923],[109.9417,1.6892],[109.9912,1.6902],[110.0032,1.6923],[110.0184,1.7002],[110.04,1.7028],[110.1677,1.7019],[110.1809,1.6987],[110.2005,1.6852],[110.2117,1.682],[110.2163,1.6848],[110.2317,1.6977],[110.239,1.7019],[110.2484,1.7052],[110.2542,1.7062],[110.26,1.7026],[110.2839,1.6761],[110.2908,1.674],[110.2957,1.6916],[110.3053,1.7033],[110.3079,1.7093],[110.3071,1.7155],[110.3023,1.7257],[110.301,1.7297],[110.2996,1.7614],[110.301,1.7707],[110.3133,1.7926],[110.3294,1.8026],[110.343,1.7975],[110.3508,1.7685],[110.3599,1.7563],[110.363,1.7502],[110.3638,1.7436],[110.3622,1.7294],[110.363,1.723],[110.3665,1.7159],[110.3709,1.7102],[110.3763,1.7057],[110.383,1.7019],[110.3901,1.699],[110.3989,1.6971],[110.4212,1.6957],[110.4313,1.6999],[110.4436,1.7187],[110.4736,1.7289],[110.4919,1.739],[110.508,1.7409],[110.5208,1.723],[110.5085,1.7076],[110.4997,1.6936],[110.4946,1.6781],[110.4928,1.6581],[110.4891,1.6503],[110.4714,1.632],[110.4656,1.6206],[110.4924,1.6317],[110.5064,1.633],[110.5208,1.6273],[110.5303,1.6162],[110.533,1.6054],[110.5363,1.5969],[110.5475,1.5926],[110.5567,1.5947],[110.5774,1.6052],[110.589,1.6063],[110.6025,1.6015],[110.6436,1.579],[110.7012,1.5617],[110.7267,1.5474],[110.7393,1.5237],[110.7334,1.4987],[110.7156,1.4806],[110.6779,1.456],[110.6779,1.4486],[110.7044,1.4494],[110.7251,1.4531],[110.7435,1.4624],[110.7634,1.4797],[110.7734,1.4986],[110.7722,1.518],[110.7673,1.5362],[110.7666,1.5517],[110.7933,1.5724],[110.8396,1.566],[110.9248,1.5312],[110.9679,1.5032],[111.044,1.4269],[111.0824,1.4014],[111.1419,1.3715],[111.1546,1.3673],[111.1786,1.3708],[111.2118,1.3881],[111.2327,1.3946],[111.2651,1.3818],[111.3013,1.352],[111.3406,1.3333],[111.3836,1.3537],[111.367,1.3544],[111.3391,1.3647],[111.3255,1.3673],[111.3211,1.3736],[111.3118,1.4014],[111.3047,1.4076],[111.2888,1.4101],[111.261,1.4199],[111.2463,1.4213],[111.2346,1.418],[111.1985,1.4014],[111.1768,1.4006],[111.158,1.4062],[111.1416,1.4169],[111.1272,1.4318],[111.1092,1.445],[111.065,1.4627],[111.0483,1.4765],[111.0303,1.5243],[111.0111,1.543],[111.0068,1.5551],[111.0056,1.5845],[111.0068,1.5926],[111.0204,1.6273],[111.0286,1.664],[111.0379,1.6769],[111.0955,1.688],[111.1175,1.6889],[111.1371,1.682],[111.1502,1.6641],[111.1633,1.6409],[111.1795,1.627],[111.2023,1.6373],[111.2151,1.6398],[111.229,1.63],[111.2458,1.6213],[111.2674,1.6273],[111.2473,1.6334],[111.2378,1.6378],[111.22,1.6514],[111.2112,1.6525],[111.2024,1.6519],[111.1826,1.6573],[111.1761,1.6568],[111.1729,1.6594],[111.1719,1.6715],[111.1604,1.6878],[111.1582,1.6923],[111.1546,1.696],[111.1365,1.6996],[111.1302,1.7019],[111.1261,1.7066],[111.103,1.7461],[111.098,1.7596],[111.096,1.7745],[111.1008,1.7803],[111.1232,1.7858],[111.1302,1.7919],[111.1286,1.7976],[111.1135,1.8072],[111.1099,1.8154],[111.1131,1.8355],[111.1216,1.8539],[111.1439,1.8881],[111.1753,1.9532],[111.2039,2.0456],[111.2059,2.069],[111.2113,2.0739],[111.2234,2.0721],[111.2433,2.0656],[111.2678,2.0675],[111.2419,2.0894],[111.2401,2.1133],[111.2539,2.1261],[111.2717,2.1247],[111.2915,2.1176],[111.328,2.1104],[111.3364,2.1121],[111.3499,2.1208],[111.3565,2.1281],[111.375,2.154],[111.3779,2.1618],[111.3687,2.17],[111.3568,2.1662],[111.3469,2.1557],[111.3386,2.1308],[111.3291,2.1287],[111.3186,2.1328],[111.2913,2.1504],[111.2705,2.1538],[111.1989,2.1433],[111.1847,2.1451],[111.1795,2.1559],[111.1787,2.1789],[111.1848,2.1948],[111.2,2.2109],[111.22,2.2204],[111.2401,2.2164],[111.2295,2.2353],[111.2107,2.2422],[111.1929,2.2456],[111.1848,2.2536],[111.1865,2.2717],[111.1985,2.3188],[111.2085,2.3889],[111.221,2.4161],[111.2463,2.4361],[111.2547,2.4193],[111.2678,2.4112],[111.3015,2.4007],[111.313,2.3908],[111.3381,2.3601],[111.3464,2.3536],[111.3521,2.3506],[111.3584,2.3448],[111.3655,2.3408],[111.3739,2.343],[111.4053,2.3643],[111.4146,2.3673],[111.4483,2.3724],[111.4556,2.3707],[111.4736,2.3573],[111.4934,2.3461],[111.4851,2.3642],[111.4651,2.3848],[111.4325,2.415],[111.4242,2.4272],[111.4123,2.4692],[111.4046,2.484],[111.4356,2.4821],[111.4634,2.4749],[111.4873,2.4739],[111.5071,2.4907],[111.5125,2.4883],[111.514,2.487],[111.5156,2.4875],[111.5213,2.4907],[111.4995,2.4988],[111.4617,2.508],[111.4456,2.518],[111.433,2.5288],[111.4229,2.5396],[111.4172,2.5551],[111.4177,2.5795],[111.4353,2.6409],[111.4403,2.6801],[111.447,2.6946],[111.4579,2.7056],[111.5298,2.7607],[111.6389,2.8282],[111.6696,2.8431],[111.8606,2.8806],[112.0135,2.8859],[112.2979,2.961],[112.5747,3.0339],[112.7273,3.0661],[112.7888,3.0903],[112.8005,3.09],[112.9744,3.1442],[113.0078,3.1617],[113.0612,3.2187],[113.0823,3.2568],[113.0693,3.279],[113.0769,3.2878],[113.1034,3.3056],[113.1514,3.3477],[113.1621,3.3535],[113.1662,3.3629],[113.1996,3.4155],[113.2776,3.4842],[113.2959,3.5118],[113.2991,3.5196],[113.3011,3.5277],[113.3027,3.5493],[113.3081,3.5593],[113.3316,3.5775],[113.3368,3.5838],[113.3436,3.5945],[113.3914,3.6483],[113.4149,3.6887],[113.423,3.7112],[113.4261,3.7346],[113.4343,3.7532],[113.4531,3.7687],[113.4945,3.7923],[113.7368,4.0013],[113.9468,4.2738],[113.9678,4.3222],[113.9606,4.3615],[113.9819,4.3947],[113.9922,4.4371],[113.9919,4.4844],[113.9694,4.5785],[113.9758,4.5947],[113.9988,4.6011],[114.0642,4.57],[114.119,4.5616],[114.14,4.5507],[114.1727,4.5252],[114.1973,4.5158],[114.2091,4.5081],[114.2167,4.4877],[114.2229,4.4846],[114.2383,4.4842],[114.2456,4.4814],[114.2478,4.4748],[114.2488,4.4669],[114.2521,4.4603],[114.2626,4.4487],[114.2685,4.4377],[114.2763,4.4097],[114.2763,4.3819],[114.2899,4.3613],[114.2967,4.3167],[114.2934,4.3071],[114.2795,4.2949],[114.2763,4.289],[114.278,4.2741],[114.2827,4.2649],[114.3168,4.2625],[114.3605,4.2539],[114.4014,4.2612],[114.4199,4.2601],[114.4325,4.2469],[114.4533,4.1837],[114.4631,4.1641],[114.4774,4.145],[114.5402,4.0869],[114.5614,4.072],[114.5694,4.0644],[114.5742,4.0541],[114.5817,4.0293],[114.5866,4.0214],[114.6278,4.0167],[114.6749,4.0441],[114.7669,4.1318],[114.7745,4.1465],[114.7801,4.1878],[114.7871,4.2072],[114.81,4.2413],[114.8172,4.2597],[114.8138,4.2771],[114.7826,4.2644],[114.782,4.2849],[114.7879,4.2942],[114.7942,4.3002],[114.8182,4.3235],[114.829,4.3405],[114.8364,4.3572],[114.8456,4.3951],[114.8479,4.4237],[114.8405,4.4286],[114.8257,4.4262],[114.806,4.4333],[114.7882,4.4612],[114.7822,4.4978],[114.7773,4.6147],[114.7739,4.6368],[114.7681,4.6575],[114.7488,4.6944],[114.7413,4.7129],[114.742,4.7295],[114.7432,4.7306],[114.7518,4.7385],[114.7885,4.7539],[114.8054,4.7646],[114.8377,4.7953],[114.8558,4.8067],[114.8782,4.8128],[114.8965,4.8118],[114.9149,4.8087],[114.9324,4.8091],[114.9484,4.8189],[114.9549,4.8342],[114.9557,4.8509],[114.9589,4.8663],[114.9817,4.8891],[114.9924,4.8942],[115.002,4.9001],[115.0099,4.9072],[115.0158,4.9164],[115.0226,4.8959],[115.0236,4.8571],[115.0296,4.8209],[115.0298,4.8206],[115.0228,4.7414],[115.0268,4.66],[115.0355,4.6212],[115.0681,4.5434],[115.0798,4.504],[115.0918,4.4054],[115.0998,4.3912],[115.113,4.3824],[115.17,4.3613],[115.1908,4.3568],[115.2207,4.3598],[115.2291,4.3568],[115.2447,4.3437],[115.2551,4.3392],[115.2743,4.34],[115.2831,4.3368],[115.3012,4.3247],[115.3244,4.3146],[115.3463,4.3138]]],[[[111.4114,2.3911],[111.4124,2.3874],[111.4133,2.3782],[111.4105,2.3722],[111.4009,2.3778],[111.391,2.3821],[111.3818,2.3779],[111.3744,2.3691],[111.3699,2.3598],[111.3591,2.3731],[111.3426,2.4139],[111.332,2.4224],[111.3127,2.4313],[111.3081,2.4521],[111.3157,2.4962],[111.3176,2.5368],[111.299,2.7027],[111.301,2.7526],[111.3154,2.7845],[111.3499,2.7713],[111.3703,2.7397],[111.381,2.6979],[111.3818,2.5233],[111.3904,2.4492],[111.4114,2.3911]]]]}},{"type":"Feature","properties":{"id":"MYS-1148","name":"Selangor","nameBn":"সেলাঙ্গর","type":"State","bounds":[100.8123,2.5958,101.9645,3.8617],"center":[101.428,3.3078]},"geometry":{"type":"MultiPolygon","coordinates":[[[[101.7212,2.5958],[101.7134,2.5966],[101.7009,2.6042],[101.6909,2.6149],[101.6735,2.6273],[101.6183,2.6369],[101.5979,2.6463],[101.5642,2.652],[101.5423,2.6613],[101.5028,2.6894],[101.4797,2.717],[101.4302,2.7925],[101.3992,2.8191],[101.3552,2.8293],[101.3106,2.8336],[101.2864,2.8497],[101.3035,2.8948],[101.281,2.8979],[101.2831,2.9112],[101.3328,2.9724],[101.3472,2.9855],[101.3616,2.991],[101.3728,3.0023],[101.3728,3.0283],[101.365,3.0764],[101.3586,3.0893],[101.3298,3.1118],[101.3234,3.1245],[101.3035,3.2548],[101.2976,3.2746],[101.2832,3.2908],[101.2489,3.32],[101.2449,3.3276],[101.2415,3.3366],[101.2357,3.3441],[101.2156,3.3492],[101.2057,3.3538],[101.1976,3.3593],[101.1942,3.3641],[101.1872,3.3802],[101.1397,3.4429],[101.1084,3.4739],[101.1022,3.4829],[101.094,3.5058],[101.0742,3.5344],[101.0645,3.579],[101.0571,3.6005],[101.0405,3.622],[100.9679,3.6721],[100.9434,3.6826],[100.9336,3.6893],[100.928,3.6966],[100.9124,3.7241],[100.8865,3.7563],[100.8696,3.768],[100.8229,3.7761],[100.8123,3.7866],[100.8132,3.8038],[100.8237,3.8271],[100.8406,3.8428],[100.8407,3.8429],[100.8443,3.8445],[100.8631,3.8496],[100.8996,3.8526],[100.9277,3.8605],[100.9354,3.8617],[100.9395,3.8611],[100.9426,3.859],[100.9453,3.8538],[100.9453,3.8499],[100.9447,3.8461],[100.9435,3.8429],[100.9426,3.8395],[100.9422,3.8361],[100.9433,3.8333],[100.945,3.8308],[100.9697,3.8155],[100.9745,3.8105],[100.9762,3.8063],[100.9749,3.8033],[100.9708,3.7982],[100.9678,3.7928],[100.9653,3.7863],[100.9649,3.7826],[100.9652,3.779],[100.9665,3.7758],[100.9684,3.7732],[100.9719,3.7716],[100.9762,3.7712],[100.9833,3.7732],[100.9863,3.7755],[100.988,3.7778],[100.989,3.7848],[100.9899,3.7882],[100.9917,3.791],[100.9938,3.7928],[100.9964,3.794],[100.9978,3.7944],[101.0049,3.7943],[101.0074,3.7949],[101.0094,3.796],[101.0136,3.7988],[101.0164,3.8001],[101.0198,3.8002],[101.0234,3.7987],[101.0268,3.7941],[101.0285,3.7899],[101.0312,3.7863],[101.0351,3.7842],[101.0431,3.7845],[101.052,3.7868],[101.0552,3.787],[101.0585,3.7857],[101.0605,3.7812],[101.0592,3.7697],[101.0605,3.763],[101.0603,3.7593],[101.0606,3.7558],[101.0617,3.7531],[101.0638,3.7526],[101.0667,3.755],[101.0707,3.7609],[101.0732,3.7631],[101.0789,3.7661],[101.0813,3.7679],[101.0835,3.7701],[101.0853,3.7727],[101.0875,3.7752],[101.0901,3.7765],[101.0925,3.7763],[101.0942,3.7726],[101.0945,3.7655],[101.0956,3.7624],[101.0974,3.7601],[101.1019,3.7558],[101.1038,3.7534],[101.1044,3.7506],[101.1024,3.7486],[101.0977,3.748],[101.0887,3.75],[101.0841,3.7498],[101.0817,3.7479],[101.0819,3.7449],[101.0823,3.7417],[101.082,3.7384],[101.0802,3.7323],[101.0807,3.7303],[101.0832,3.7302],[101.0901,3.7363],[101.0942,3.7371],[101.0985,3.7364],[101.1041,3.7338],[101.1094,3.7335],[101.1222,3.7401],[101.1245,3.744],[101.1258,3.7479],[101.1266,3.7512],[101.1289,3.7529],[101.1328,3.7526],[101.1415,3.7451],[101.1432,3.7414],[101.1426,3.7352],[101.1435,3.7324],[101.1455,3.7302],[101.1483,3.7293],[101.1511,3.7298],[101.1533,3.7335],[101.1556,3.7357],[101.1589,3.736],[101.1629,3.7323],[101.1655,3.7291],[101.172,3.7169],[101.1749,3.7152],[101.1789,3.7147],[101.1862,3.7171],[101.1936,3.7219],[101.1969,3.7228],[101.2009,3.722],[101.2064,3.7176],[101.2123,3.7108],[101.2152,3.7094],[101.2192,3.7091],[101.2335,3.7161],[101.2405,3.7167],[101.2495,3.7111],[101.2495,3.7028],[101.2487,3.6996],[101.2482,3.6954],[101.2482,3.6914],[101.2487,3.6877],[101.2497,3.6842],[101.2525,3.6779],[101.2541,3.6752],[101.2562,3.6727],[101.2588,3.6709],[101.2619,3.6694],[101.2656,3.6683],[101.2819,3.6687],[101.3063,3.6737],[101.316,3.6769],[101.3375,3.6895],[101.3471,3.7033],[101.3451,3.7205],[101.3406,3.7382],[101.3358,3.7517],[101.3341,3.7543],[101.3277,3.7611],[101.3258,3.7635],[101.3251,3.7662],[101.3258,3.7693],[101.3274,3.7721],[101.3299,3.7786],[101.3308,3.7821],[101.3322,3.7852],[101.3341,3.7877],[101.3367,3.7896],[101.3415,3.7914],[101.348,3.7931],[101.3617,3.7945],[101.3702,3.7935],[101.3803,3.789],[101.3839,3.7852],[101.3863,3.7814],[101.3873,3.7779],[101.3885,3.7746],[101.3902,3.7716],[101.3924,3.7692],[101.395,3.7672],[101.3977,3.7655],[101.4003,3.7643],[101.4046,3.7615],[101.4074,3.7591],[101.4106,3.7569],[101.4168,3.7534],[101.4245,3.7513],[101.4365,3.7494],[101.4395,3.7485],[101.442,3.7469],[101.4444,3.7447],[101.4524,3.7352],[101.4541,3.7326],[101.4591,3.7195],[101.4604,3.7171],[101.4616,3.7156],[101.4639,3.7141],[101.4726,3.7117],[101.476,3.7097],[101.4784,3.7073],[101.4801,3.7048],[101.4823,3.7023],[101.4847,3.7004],[101.4875,3.6985],[101.4937,3.6956],[101.4964,3.6937],[101.4987,3.6915],[101.5049,3.6809],[101.5061,3.6791],[101.5078,3.6776],[101.5106,3.6759],[101.5144,3.675],[101.5207,3.6756],[101.5249,3.6769],[101.5332,3.6817],[101.5432,3.6888],[101.5639,3.7093],[101.5989,3.7545],[101.6019,3.7595],[101.6061,3.764],[101.6086,3.7663],[101.6269,3.7718],[101.6553,3.7273],[101.6681,3.7157],[101.6743,3.7131],[101.691,3.7037],[101.6963,3.7022],[101.7,3.7025],[101.7079,3.7021],[101.7119,3.7015],[101.7316,3.6939],[101.7658,3.6742],[101.7716,3.6689],[101.7757,3.6596],[101.7774,3.657],[101.7815,3.6521],[101.7833,3.6495],[101.7845,3.6462],[101.7852,3.6426],[101.7893,3.6324],[101.8041,3.6121],[101.8134,3.5976],[101.814,3.5885],[101.8072,3.5579],[101.8055,3.5532],[101.8036,3.5506],[101.8013,3.5484],[101.7985,3.5468],[101.7918,3.5446],[101.7889,3.543],[101.7862,3.5412],[101.7689,3.5086],[101.7656,3.4995],[101.7642,3.4927],[101.7645,3.489],[101.7654,3.4854],[101.7665,3.482],[101.7681,3.4788],[101.7747,3.4674],[101.7774,3.4614],[101.7786,3.4581],[101.7859,3.4258],[101.7856,3.4205],[101.7848,3.4161],[101.7763,3.4006],[101.765,3.3733],[101.8303,3.2892],[101.8339,3.2874],[101.837,3.2862],[101.847,3.2837],[101.884,3.2653],[101.8897,3.2636],[101.916,3.2606],[101.9222,3.2599],[101.9276,3.2567],[101.9299,3.2546],[101.9335,3.2491],[101.9369,3.2393],[101.9434,3.2276],[101.9457,3.2213],[101.9464,3.2176],[101.9468,3.2138],[101.9439,3.1875],[101.9445,3.1832],[101.9454,3.1794],[101.9493,3.1701],[101.9558,3.159],[101.9571,3.1557],[101.9586,3.1524],[101.9609,3.1459],[101.9617,3.1425],[101.9622,3.1346],[101.9568,3.1039],[101.956,3.0894],[101.9583,3.0743],[101.9592,3.0582],[101.9636,3.0445],[101.9645,3.0371],[101.9634,3.033],[101.9611,3.0296],[101.9557,3.0267],[101.9478,3.0234],[101.9448,3.0217],[101.942,3.0176],[101.9392,3.0112],[101.9354,2.9983],[101.9329,2.9849],[101.9333,2.9767],[101.933,2.9729],[101.9313,2.9659],[101.929,2.9621],[101.9253,2.9583],[101.9068,2.9451],[101.9048,2.9429],[101.9025,2.9394],[101.9001,2.9342],[101.8953,2.9155],[101.8916,2.8917],[101.8885,2.8808],[101.8852,2.8763],[101.88,2.871],[101.8678,2.8621],[101.861,2.8585],[101.8551,2.8568],[101.8512,2.857],[101.8142,2.8641],[101.7837,2.8662],[101.7752,2.8659],[101.7614,2.8635],[101.7595,2.8628],[101.7591,2.854],[101.7602,2.8387],[101.7707,2.7787],[101.7726,2.7382],[101.7485,2.6851],[101.74,2.6708],[101.7384,2.6663],[101.7369,2.6488],[101.7353,2.6414],[101.7294,2.633],[101.7237,2.6207],[101.7212,2.596],[101.7212,2.5958]],[[101.7164,3.2061],[101.7083,3.207],[101.6847,3.2178],[101.6731,3.2308],[101.6685,3.2322],[101.6651,3.2317],[101.6638,3.2309],[101.6618,3.2286],[101.6553,3.2232],[101.6425,3.2169],[101.6406,3.2154],[101.6394,3.2137],[101.6362,3.2065],[101.6224,3.1821],[101.6217,3.1788],[101.6248,3.1441],[101.6261,3.1405],[101.6301,3.1332],[101.6321,3.1305],[101.635,3.1274],[101.6381,3.1249],[101.6508,3.1173],[101.6539,3.114],[101.6559,3.1097],[101.657,3.1051],[101.6573,3.0999],[101.6579,3.0976],[101.6587,3.0963],[101.6601,3.0953],[101.6615,3.0939],[101.6632,3.0919],[101.6654,3.0859],[101.6658,3.0822],[101.6655,3.079],[101.6646,3.0764],[101.6588,3.069],[101.657,3.0656],[101.656,3.0618],[101.6565,3.0574],[101.6591,3.0503],[101.6605,3.0449],[101.6621,3.0407],[101.6651,3.0376],[101.6703,3.0358],[101.6765,3.0351],[101.683,3.0351],[101.7102,3.0387],[101.7169,3.0379],[101.7199,3.037],[101.722,3.0351],[101.7235,3.0322],[101.7254,3.0281],[101.7279,3.0269],[101.731,3.0298],[101.7333,3.0342],[101.735,3.0396],[101.7373,3.0431],[101.7401,3.0445],[101.7438,3.0445],[101.7474,3.0456],[101.7505,3.048],[101.752,3.0522],[101.7523,3.0578],[101.748,3.0958],[101.7432,3.1149],[101.7418,3.1263],[101.7425,3.1331],[101.7449,3.1362],[101.7487,3.1399],[101.7502,3.144],[101.7516,3.1581],[101.7538,3.1623],[101.7606,3.1686],[101.7622,3.1717],[101.7631,3.176],[101.7622,3.1819],[101.7604,3.188],[101.7561,3.1967],[101.7521,3.2074],[101.7485,3.2113],[101.7462,3.2147],[101.7426,3.2162],[101.7381,3.2159],[101.7285,3.2116],[101.7235,3.2078],[101.7164,3.2061]],[[101.6815,2.8742],[101.6886,2.8762],[101.7029,2.8886],[101.7075,2.8956],[101.7108,2.9039],[101.7304,2.9289],[101.7311,2.9463],[101.7237,2.956],[101.7159,2.9635],[101.713,2.9812],[101.7052,2.9763],[101.701,2.9751],[101.6953,2.9721],[101.6805,2.9692],[101.6739,2.9661],[101.6716,2.9604],[101.6737,2.9546],[101.6775,2.9489],[101.6781,2.9444],[101.675,2.9408],[101.6741,2.9343],[101.6779,2.9188],[101.6774,2.9138],[101.6754,2.9105],[101.6733,2.906],[101.6705,2.9032],[101.6669,2.8939],[101.6681,2.8868],[101.6722,2.879],[101.6771,2.8755],[101.6815,2.8742]]],[[[101.2712,3.0465],[101.2673,3.0353],[101.2596,3.0302],[101.2438,3.0262],[101.237,3.0351],[101.2444,3.049],[101.2629,3.0563],[101.2712,3.0465]]],[[[101.3377,3.0518],[101.3364,3.0447],[101.3379,3.0319],[101.3353,3.009],[101.3215,2.9962],[101.3023,2.9887],[101.2873,2.9782],[101.2814,2.9725],[101.2756,2.9677],[101.2681,2.9652],[101.2664,2.9715],[101.2681,2.9821],[101.2923,3.0429],[101.3059,3.064],[101.3235,3.0711],[101.3362,3.065],[101.3377,3.0518]]]]}},{"type":"Feature","properties":{"id":"MYS-1149","name":"Terengganu","nameBn":"তেরেঙ্গানু","type":"State","bounds":[102.3863,3.8753,103.4964,5.8548],"center":[103.013,4.9421]},"geometry":{"type":"Polygon","coordinates":[[[102.542,5.8548],[102.5505,5.848],[102.6033,5.8154],[102.6263,5.7972],[102.646,5.7729],[102.659,5.7405],[102.6692,5.725],[102.6965,5.7129],[102.8757,5.5714],[102.9181,5.5504],[102.9595,5.5421],[102.9756,5.5313],[103.0276,5.4855],[103.1203,5.3813],[103.2224,5.2211],[103.2573,5.1362],[103.3566,4.9704],[103.4153,4.8633],[103.4212,4.8441],[103.4251,4.8371],[103.4426,4.8166],[103.448,4.8065],[103.4486,4.7951],[103.4412,4.7656],[103.4426,4.7428],[103.4525,4.7011],[103.4694,4.55],[103.4681,4.5271],[103.4583,4.5083],[103.4514,4.4885],[103.4637,4.4438],[103.4617,4.4291],[103.4942,4.3366],[103.4964,4.3062],[103.4939,4.2953],[103.4803,4.2602],[103.4723,4.2482],[103.4658,4.2421],[103.4517,4.2252],[103.448,4.2175],[103.4484,4.2088],[103.4548,4.1828],[103.4486,4.1724],[103.4428,4.169],[103.4388,4.1716],[103.432,4.1743],[103.4183,4.1771],[103.3452,4.18],[103.3417,4.1809],[103.3389,4.1824],[103.3366,4.1846],[103.3346,4.1869],[103.3322,4.189],[103.3292,4.1908],[103.3204,4.1941],[103.3186,4.1936],[103.3184,4.1894],[103.3218,4.1702],[103.3221,4.1663],[103.3251,4.1512],[103.3246,4.1431],[103.3233,4.1355],[103.3221,4.1317],[103.3208,4.1284],[103.3174,4.1228],[103.3155,4.1203],[103.3108,4.1159],[103.3088,4.1134],[103.3074,4.1103],[103.3033,4.0873],[103.303,4.0832],[103.3032,4.0792],[103.3046,4.0716],[103.3057,4.0682],[103.3071,4.0655],[103.3092,4.063],[103.3119,4.061],[103.3178,4.0576],[103.3204,4.0557],[103.3226,4.0535],[103.3243,4.0509],[103.3264,4.0444],[103.3273,4.0363],[103.327,4.0323],[103.3264,4.0283],[103.3246,4.0211],[103.3233,4.0133],[103.3233,4.0093],[103.324,4.0058],[103.3255,4.0013],[103.326,4.0002],[103.3261,3.9995],[103.3341,3.984],[103.3428,3.9572],[103.3434,3.9535],[103.3437,3.9494],[103.3435,3.9454],[103.341,3.9348],[103.3384,3.9281],[103.3339,3.9206],[103.3294,3.9147],[103.327,3.9125],[103.3245,3.9106],[103.3223,3.9084],[103.3209,3.9057],[103.3201,3.9024],[103.3233,3.8801],[103.3227,3.8766],[103.3202,3.8753],[103.3163,3.8763],[103.3092,3.8831],[103.3055,3.8874],[103.3029,3.8914],[103.2937,3.913],[103.2905,3.9189],[103.2791,3.9303],[103.2778,3.9345],[103.2774,3.9384],[103.279,3.9457],[103.2791,3.9493],[103.2785,3.9528],[103.2773,3.9558],[103.2734,3.9612],[103.2572,3.9767],[103.2496,3.9866],[103.2461,3.9924],[103.2438,3.9979],[103.2431,4.0001],[103.2419,4.0141],[103.2397,4.0175],[103.2363,4.0192],[103.2284,4.0184],[103.2244,4.0164],[103.2207,4.0144],[103.2174,4.0138],[103.2137,4.0152],[103.21,4.0196],[103.2075,4.0234],[103.206,4.0274],[103.2051,4.0352],[103.2034,4.0382],[103.2006,4.0397],[103.1949,4.0381],[103.188,4.0338],[103.1834,4.0338],[103.177,4.0359],[103.1536,4.052],[103.148,4.0548],[103.1423,4.0582],[103.1389,4.0615],[103.135,4.0675],[103.1328,4.0698],[103.1302,4.0716],[103.1278,4.0739],[103.1261,4.0766],[103.1251,4.0798],[103.1235,4.0828],[103.1213,4.0852],[103.1185,4.087],[103.1153,4.0886],[103.0807,4.1012],[103.0737,4.1062],[103.0695,4.1104],[103.0658,4.1134],[103.0593,4.116],[103.0318,4.1221],[103.0186,4.1268],[103.0155,4.1285],[103.0129,4.1303],[103.0082,4.1345],[102.9928,4.1324],[102.9386,4.1091],[102.9287,4.1086],[102.9249,4.1093],[102.922,4.1107],[102.9196,4.1127],[102.9173,4.1151],[102.9134,4.1203],[102.9033,4.1369],[102.9033,4.1408],[102.9044,4.1454],[102.917,4.1615],[102.919,4.1666],[102.9207,4.1735],[102.9227,4.1874],[102.9228,4.195],[102.9213,4.2127],[102.9312,4.2515],[102.934,4.2689],[102.934,4.2732],[102.9362,4.2784],[102.9403,4.2847],[102.9489,4.293],[102.9534,4.2995],[102.9583,4.3149],[102.9607,4.3203],[102.9648,4.325],[102.9744,4.3326],[102.9803,4.3359],[102.9853,4.3377],[102.9893,4.3377],[102.993,4.3373],[103.0014,4.3352],[103.0048,4.335],[103.0118,4.336],[103.0139,4.3386],[103.015,4.3423],[103.0096,4.3581],[103.0099,4.3637],[103.012,4.3715],[103.0197,4.3861],[103.0253,4.3997],[103.0245,4.4128],[103.0177,4.4135],[103.0157,4.4169],[103.0139,4.4249],[103.0129,4.4356],[103.0118,4.4393],[103.0093,4.4432],[102.9751,4.4753],[102.9702,4.4776],[102.9663,4.4775],[102.9638,4.4754],[102.961,4.4738],[102.9587,4.4717],[102.9573,4.4685],[102.9558,4.461],[102.9542,4.458],[102.9517,4.4564],[102.9488,4.4561],[102.9458,4.4576],[102.9401,4.4634],[102.937,4.4657],[102.9339,4.4672],[102.9302,4.4678],[102.918,4.4683],[102.9142,4.4678],[102.9067,4.4678],[102.9035,4.4687],[102.9,4.4693],[102.8875,4.4699],[102.8835,4.4722],[102.8792,4.4762],[102.8732,4.4853],[102.8657,4.493],[102.8575,4.4982],[102.8543,4.5032],[102.8509,4.5111],[102.8457,4.5289],[102.8437,4.5388],[102.8433,4.5471],[102.8454,4.5552],[102.8474,4.5597],[102.8501,4.5627],[102.8529,4.5645],[102.8633,4.5678],[102.8665,4.5692],[102.8689,4.5712],[102.8708,4.5738],[102.8721,4.577],[102.8732,4.5803],[102.8743,4.6024],[102.8767,4.6066],[102.8794,4.6094],[102.881,4.6129],[102.8808,4.6192],[102.8773,4.6309],[102.8761,4.6375],[102.8732,4.6458],[102.8717,4.6486],[102.8625,4.659],[102.8439,4.6759],[102.829,4.6809],[102.8009,4.6776],[102.7838,4.6779],[102.7655,4.6803],[102.7593,4.6821],[102.7529,4.6834],[102.7345,4.6893],[102.7244,4.695],[102.7061,4.7084],[102.6904,4.7174],[102.682,4.7283],[102.6606,4.7684],[102.6663,4.7831],[102.6653,4.7906],[102.6563,4.8122],[102.6535,4.8163],[102.6501,4.8197],[102.6449,4.8273],[102.6432,4.8353],[102.6418,4.8493],[102.6395,4.855],[102.6362,4.8583],[102.629,4.8601],[102.6254,4.8615],[102.5756,4.8968],[102.5508,4.9079],[102.5472,4.9088],[102.5436,4.9091],[102.5405,4.9082],[102.5382,4.9062],[102.5363,4.9036],[102.5329,4.9018],[102.5281,4.9016],[102.5172,4.9062],[102.5131,4.9104],[102.5112,4.9151],[102.5127,4.9345],[102.5144,4.9425],[102.512,4.9587],[102.5027,4.9867],[102.501,4.9947],[102.5005,4.9995],[102.5005,5.0002],[102.5003,5.0008],[102.5003,5.0016],[102.5005,5.0035],[102.5016,5.0061],[102.5036,5.0084],[102.5061,5.0103],[102.509,5.012],[102.5121,5.0132],[102.5141,5.0166],[102.5152,5.0218],[102.5033,5.0703],[102.5031,5.0758],[102.505,5.0785],[102.5078,5.0802],[102.5151,5.0819],[102.5179,5.0833],[102.5196,5.0862],[102.52,5.0896],[102.5208,5.093],[102.5222,5.0958],[102.5268,5.1016],[102.5286,5.1061],[102.5265,5.1082],[102.5186,5.114],[102.509,5.1248],[102.5055,5.1276],[102.5027,5.1292],[102.4994,5.1306],[102.4953,5.1331],[102.4904,5.1367],[102.4765,5.1526],[102.4738,5.1545],[102.466,5.1583],[102.4614,5.1624],[102.4578,5.1647],[102.4537,5.1657],[102.45,5.1658],[102.446,5.1664],[102.4429,5.1678],[102.438,5.1719],[102.4352,5.1734],[102.4218,5.1766],[102.4148,5.18],[102.4126,5.184],[102.412,5.188],[102.4182,5.2047],[102.4199,5.2117],[102.4202,5.2156],[102.4201,5.2196],[102.4174,5.2347],[102.4195,5.2926],[102.4224,5.3154],[102.4239,5.3196],[102.4355,5.3443],[102.4403,5.3694],[102.4384,5.3786],[102.4344,5.3834],[102.4122,5.4016],[102.3961,5.4215],[102.3942,5.4273],[102.395,5.4308],[102.3984,5.4319],[102.4002,5.4412],[102.3998,5.4575],[102.3925,5.5165],[102.3934,5.5265],[102.4015,5.5318],[102.4033,5.5345],[102.4046,5.5379],[102.403,5.5918],[102.4058,5.6084],[102.4054,5.6141],[102.4026,5.6241],[102.3999,5.6306],[102.3863,5.686],[102.3912,5.6988],[102.4264,5.7359],[102.5031,5.8073],[102.5397,5.8532],[102.542,5.8548]]]}}]}