{"type":"FeatureCollection","features":[{"type":"Feature","properties":{"id":"PAK-1109","name":"Azad Kashmir","nameBn":"আজাদ কাশ্মীর","type":"Centrally Administered Area","bounds":[73.4002,32.8231,75.2553,35.1237],"center":[73.8036,33.868]},"geometry":{"type":"Polygon","coordinates":[[[75.2245,34.6386],[75.2129,34.645],[75.1763,34.6454],[75.111,34.6336],[75.0178,34.6297],[74.6649,34.6883],[74.4121,34.7645],[74.3489,34.7734],[74.2858,34.7689],[74.2218,34.7478],[74.1468,34.7019],[74.1209,34.6909],[73.9622,34.6682],[73.9486,34.6627],[73.9193,34.6425],[73.9175,34.6193],[73.9254,34.5934],[73.926,34.565],[73.911,34.545],[73.8631,34.5171],[73.847,34.4943],[73.847,34.4942],[73.8455,34.4565],[73.8404,34.4444],[73.8316,34.4364],[73.8068,34.4252],[73.7963,34.4185],[73.7798,34.3961],[73.7749,34.371],[73.7827,34.3468],[73.8042,34.3275],[73.8291,34.3153],[73.8533,34.3074],[73.879,34.3043],[73.9075,34.3068],[73.9377,34.3042],[73.9544,34.2872],[73.9767,34.2375],[73.9906,34.2185],[73.9983,34.1968],[73.9954,34.1764],[73.9767,34.1616],[73.9169,34.1353],[73.8933,34.1147],[73.8844,34.0842],[73.8937,34.0543],[73.9162,34.0279],[73.9458,34.0098],[73.9767,34.0046],[74.045,34.0194],[74.0653,34.0183],[74.1184,34.0025],[74.1543,34.0041],[74.1921,34.0119],[74.2284,34.0129],[74.2597,33.9944],[74.2723,33.9621],[74.2625,33.9299],[74.2395,33.901],[74.2126,33.8784],[74.1775,33.8575],[74.1423,33.8442],[74.0346,33.8286],[74.0113,33.8105],[73.9767,33.7589],[73.9707,33.7471],[73.9662,33.7345],[73.9631,33.7216],[73.9608,33.6923],[73.9631,33.6768],[73.9683,33.6621],[73.9767,33.6484],[74.0242,33.6143],[74.0881,33.5853],[74.1416,33.5494],[74.1578,33.4942],[74.1363,33.418],[74.1055,33.3452],[74.096,33.3285],[74.0851,33.3143],[74.072,33.3023],[74.0554,33.292],[74.0178,33.2795],[74.0017,33.2702],[73.9918,33.2526],[73.9885,33.2086],[74.0023,33.1777],[74.0294,33.1542],[74.0658,33.1326],[74.0985,33.1048],[74.1539,33.0402],[74.1909,33.0221],[74.284,33.0088],[74.3113,32.9943],[74.322,32.972],[74.3245,32.9214],[74.3367,32.8701],[74.3338,32.8493],[74.3229,32.8305],[74.317,32.8231],[73.983,32.9691],[73.977,32.9759],[73.9601,33.0005],[73.9594,33.0018],[73.9562,33.0062],[73.9511,33.0114],[73.943,33.0182],[73.9261,33.026],[73.9074,33.0299],[73.8738,33.0287],[73.8595,33.027],[73.8495,33.0245],[73.8476,33.0237],[73.8297,33.0156],[73.8291,33.0154],[73.8224,33.0132],[73.8059,33.0151],[73.786,33.0247],[73.7732,33.0306],[73.7635,33.0457],[73.732,33.0627],[73.6727,33.0849],[73.6405,33.1033],[73.6225,33.1245],[73.6454,33.1431],[73.6444,33.1544],[73.6498,33.1619],[73.6546,33.173],[73.6549,33.1847],[73.6493,33.1948],[73.6408,33.2011],[73.6208,33.212],[73.6177,33.2169],[73.616,33.2236],[73.6154,33.2296],[73.6147,33.2324],[73.6095,33.2325],[73.6014,33.231],[73.5999,33.2304],[73.5947,33.2282],[73.5944,33.2282],[73.5878,33.2285],[73.5838,33.2276],[73.5812,33.2292],[73.5799,33.2384],[73.5798,33.2393],[73.583,33.2391],[73.5883,33.2407],[73.59,33.2413],[73.5969,33.2443],[73.6003,33.2467],[73.5992,33.2664],[73.5949,33.2857],[73.5935,33.3043],[73.5976,33.315],[73.6003,33.3218],[73.6032,33.333],[73.5984,33.3429],[73.5869,33.3556],[73.5764,33.3695],[73.5738,33.3874],[73.5828,33.3999],[73.5944,33.4117],[73.6042,33.4416],[73.6127,33.4465],[73.6132,33.4468],[73.6206,33.4482],[73.6224,33.4486],[73.6276,33.4521],[73.6282,33.4617],[73.6259,33.4697],[73.6226,33.4772],[73.615,33.5101],[73.6147,33.5197],[73.6182,33.5262],[73.6245,33.5282],[73.631,33.5312],[73.635,33.5408],[73.6328,33.5568],[73.6252,33.5755],[73.6147,33.5931],[73.6038,33.6059],[73.5764,33.6264],[73.5731,33.6337],[73.5784,33.6476],[73.5764,33.654],[73.5775,33.6632],[73.5956,33.6954],[73.6003,33.7086],[73.5994,33.7275],[73.5957,33.7456],[73.5885,33.7623],[73.5764,33.7771],[73.5672,33.8034],[73.5825,33.8767],[73.5798,33.9105],[73.5186,34.0078],[73.5186,34.0083],[73.5186,34.0085],[73.5184,34.0094],[73.5085,34.0684],[73.4908,34.1282],[73.4904,34.1295],[73.4898,34.1401],[73.4894,34.1465],[73.4896,34.1496],[73.4914,34.1813],[73.4904,34.1984],[73.4741,34.269],[73.4741,34.2692],[73.4595,34.2824],[73.4555,34.2922],[73.4472,34.306],[73.4071,34.355],[73.4002,34.3755],[73.4038,34.3809],[73.4151,34.3976],[73.4203,34.4096],[73.4254,34.4283],[73.4259,34.4303],[73.4269,34.4357],[73.4268,34.466],[73.4275,34.47],[73.4278,34.4705],[73.429,34.4729],[73.4353,34.4818],[73.4366,34.4846],[73.4375,34.4877],[73.4378,34.4911],[73.4361,34.5173],[73.4367,34.5222],[73.4381,34.526],[73.4432,34.5334],[73.445,34.5369],[73.4456,34.5404],[73.4457,34.5492],[73.4462,34.5538],[73.4471,34.558],[73.4501,34.5626],[73.4545,34.5664],[73.4636,34.5703],[73.4641,34.5706],[73.4941,34.5749],[73.4975,34.575],[73.4989,34.575],[73.5039,34.5746],[73.5247,34.5712],[73.5269,34.5711],[73.5289,34.5711],[73.5331,34.5715],[73.534,34.5716],[73.5528,34.5795],[73.5658,34.5849],[73.5746,34.5872],[73.5832,34.5884],[73.5912,34.5883],[73.5932,34.5883],[73.6004,34.5873],[73.6053,34.5849],[73.6065,34.583],[73.6078,34.5809],[73.6079,34.5807],[73.6101,34.5756],[73.6138,34.5692],[73.616,34.5668],[73.6184,34.564],[73.6233,34.564],[73.6234,34.564],[73.6249,34.5654],[73.6292,34.5694],[73.6389,34.5855],[73.6595,34.6336],[73.6603,34.639],[73.6597,34.644],[73.6579,34.6495],[73.6512,34.659],[73.6492,34.6631],[73.6479,34.6678],[73.649,34.6725],[73.6508,34.6767],[73.6808,34.7153],[73.6856,34.7233],[73.6942,34.7446],[73.7013,34.7557],[73.7087,34.7633],[73.7188,34.7713],[73.7402,34.7848],[73.7504,34.7899],[73.7506,34.79],[73.7584,34.7925],[73.7772,34.7916],[73.7837,34.7925],[73.7891,34.7941],[73.7966,34.7975],[73.7974,34.7981],[73.8156,34.8091],[73.8195,34.8105],[73.8411,34.8141],[73.8838,34.8107],[73.884,34.8107],[73.8874,34.8119],[73.8896,34.8127],[73.8899,34.8129],[73.9081,34.8247],[73.911,34.8261],[73.9162,34.8286],[73.9238,34.8335],[73.9253,34.8349],[73.9287,34.8381],[73.93,34.8393],[73.9301,34.8394],[73.9372,34.8494],[73.9425,34.8538],[73.9474,34.8579],[73.9477,34.8581],[73.9544,34.8627],[73.9546,34.8628],[73.9622,34.8652],[73.9782,34.8666],[73.9839,34.8677],[73.9891,34.8688],[74.0005,34.8724],[74.0121,34.8762],[74.0124,34.8763],[74.0157,34.879],[74.0178,34.8807],[74.018,34.8808],[74.0225,34.8861],[74.0242,34.8881],[74.0299,34.9051],[74.0342,34.9145],[74.0343,34.9147],[74.0367,34.9173],[74.0415,34.9227],[74.0417,34.9229],[74.0526,34.9295],[74.0542,34.9308],[74.0568,34.9329],[74.0615,34.9417],[74.064,34.9502],[74.063,34.9655],[74.0644,34.9743],[74.0669,34.9818],[74.0756,34.9911],[74.0853,34.9996],[74.0855,34.9997],[74.0919,35.0034],[74.0975,35.0066],[74.1003,35.0096],[74.1004,35.0101],[74.1013,35.0139],[74.0977,35.0214],[74.0927,35.0267],[74.0881,35.0296],[74.076,35.0343],[74.0749,35.035],[74.0727,35.0363],[74.0708,35.038],[74.0696,35.0391],[74.0691,35.0399],[74.0676,35.0423],[74.0662,35.0455],[74.066,35.0497],[74.0676,35.0554],[74.0765,35.072],[74.0811,35.0783],[74.0812,35.0783],[74.0884,35.085],[74.0994,35.0927],[74.1247,35.0992],[74.1378,35.099],[74.1749,35.0983],[74.1769,35.0983],[74.2681,35.0869],[74.2692,35.0868],[74.3506,35.0935],[74.4112,35.1118],[74.4631,35.1235],[74.4638,35.1237],[74.4889,35.1201],[74.5207,35.106],[74.5489,35.0802],[74.5736,35.0462],[74.6127,34.9723],[74.6338,34.9405],[74.6611,34.9181],[74.7991,34.8519],[74.866,34.8285],[74.9274,34.8134],[74.9276,34.8134],[74.9746,34.813],[75.0048,34.817],[75.0281,34.8241],[75.0672,34.8305],[75.0869,34.8393],[75.1225,34.8666],[75.1398,34.8701],[75.1411,34.8703],[75.1614,34.862],[75.208,34.8215],[75.2319,34.7946],[75.2489,34.7623],[75.2553,34.7288],[75.2517,34.6969],[75.2516,34.6966],[75.2266,34.649],[75.2266,34.6488],[75.2248,34.6396],[75.2245,34.6386]]]}},{"type":"Feature","properties":{"id":"PAK-1108","name":"Baluchistan","nameBn":"বেলুচিস্তান","type":"Province","bounds":[60.8444,24.892,70.2582,32.0611],"center":[65.5512,27.5194]},"geometry":{"type":"Polygon","coordinates":[[[68.9773,31.6415],[69.004,31.6511],[69.0401,31.6731],[69.0716,31.6979],[69.0848,31.7158],[69.1,31.724],[69.1143,31.7378],[69.2238,31.8819],[69.2509,31.907],[69.2989,31.9377],[69.3012,31.9413],[69.3284,31.9396],[69.3347,31.9303],[69.3489,31.9299],[69.3687,31.9342],[69.5185,31.9436],[69.536,31.9409],[69.57,31.9487],[69.5872,31.9594],[69.6043,31.9726],[69.62,31.9877],[69.6457,32.0197],[69.6623,32.0314],[69.7081,32.0469],[69.7172,32.0474],[69.7927,32.0611],[69.8217,32.0576],[69.8249,32.0534],[69.8234,32.0398],[69.8139,32.0192],[69.8071,32.0075],[69.8057,32.0002],[69.8079,31.9929],[69.8167,31.9831],[69.8277,31.9743],[69.8407,31.9662],[69.8602,31.9567],[69.864,31.954],[69.8671,31.9498],[69.8681,31.9447],[69.8664,31.9351],[69.8623,31.9277],[69.8422,31.8977],[69.8401,31.8927],[69.8394,31.8884],[69.8398,31.8832],[69.8414,31.878],[69.8444,31.8712],[69.851,31.8629],[69.8569,31.8574],[69.8629,31.8534],[69.8687,31.8506],[69.8732,31.8492],[69.8772,31.849],[69.8814,31.8498],[69.887,31.852],[69.8929,31.8549],[69.8973,31.858],[69.9019,31.8619],[69.9117,31.873],[69.9249,31.8943],[69.9276,31.897],[69.9318,31.8991],[69.9362,31.8995],[69.9404,31.8986],[69.9436,31.895],[69.9447,31.8904],[69.9391,31.8381],[69.9323,31.82],[69.9295,31.798],[69.9314,31.7424],[69.9304,31.728],[69.9342,31.66],[69.9304,31.6374],[69.9266,31.5737],[69.9242,31.5614],[69.9162,31.5389],[69.9143,31.5279],[69.914,31.5211],[69.9148,31.5154],[69.9183,31.5051],[69.9221,31.5012],[69.9297,31.4968],[69.9626,31.4848],[69.9725,31.4835],[69.9793,31.4835],[69.9896,31.4784],[70.0043,31.4542],[70.0222,31.3469],[70.0226,31.3361],[70.025,31.3301],[70.0287,31.3252],[70.0367,31.3208],[70.0405,31.3211],[70.0423,31.3229],[70.0428,31.3266],[70.0419,31.344],[70.0428,31.3524],[70.0454,31.3629],[70.0481,31.3694],[70.0521,31.3741],[70.0615,31.3822],[70.0632,31.385],[70.0654,31.3948],[70.0701,31.4051],[70.0718,31.411],[70.0731,31.414],[70.0754,31.4169],[70.0794,31.4174],[70.0845,31.4155],[70.0928,31.4087],[70.0986,31.4071],[70.103,31.4074],[70.1059,31.4099],[70.1086,31.4128],[70.112,31.4153],[70.116,31.4172],[70.1232,31.4173],[70.1399,31.4144],[70.1438,31.415],[70.148,31.4166],[70.1533,31.4195],[70.1582,31.4233],[70.1647,31.4317],[70.1703,31.4416],[70.1764,31.4494],[70.1798,31.4515],[70.1839,31.4528],[70.1885,31.4533],[70.1925,31.4543],[70.1966,31.4568],[70.2079,31.4727],[70.2138,31.4788],[70.2172,31.4831],[70.2195,31.4857],[70.2223,31.486],[70.2251,31.4849],[70.2291,31.4805],[70.2325,31.4752],[70.2355,31.4647],[70.2362,31.4545],[70.2347,31.4398],[70.2378,31.4262],[70.2411,31.4173],[70.2521,31.4033],[70.2554,31.398],[70.2577,31.3925],[70.2582,31.3857],[70.2576,31.3749],[70.2451,31.3319],[70.2434,31.3219],[70.2461,31.2548],[70.2305,31.1699],[70.2288,31.1296],[70.2305,31.1061],[70.2391,31.0728],[70.2257,30.8745],[70.2369,30.8456],[70.2389,30.8316],[70.2377,30.822],[70.2319,30.8159],[70.2259,30.8141],[70.2077,30.8123],[70.2017,30.8099],[70.1195,30.7126],[70.1155,30.7101],[70.1106,30.7091],[70.0866,30.7077],[70.08,30.7055],[70.0729,30.6973],[70.0657,30.6832],[70.0586,30.6554],[70.0569,30.6425],[70.0574,30.6337],[70.0594,30.6298],[70.0697,30.6143],[70.0718,30.609],[70.0734,30.6025],[70.0707,30.5931],[70.0651,30.5814],[69.9789,30.4541],[69.9677,30.4274],[69.959,30.3729],[69.9402,30.3115],[69.9332,30.298],[69.9298,30.2895],[69.9295,30.2829],[69.9334,30.2773],[69.9385,30.2746],[69.9492,30.2707],[69.9531,30.2679],[69.9555,30.2643],[69.9565,30.2599],[69.9561,30.2391],[69.9567,30.2319],[69.9574,30.2286],[69.959,30.2253],[69.9617,30.2227],[69.9649,30.2216],[69.9685,30.2227],[69.9716,30.2252],[69.9813,30.2404],[69.9846,30.2439],[69.988,30.2469],[69.9917,30.2495],[69.9985,30.2528],[70.002,30.2536],[70.0063,30.2541],[70.0169,30.2541],[70.0287,30.2524],[70.0341,30.2507],[70.0391,30.248],[70.0428,30.2427],[70.0419,30.2301],[70.0363,30.2111],[70.0103,30.1671],[70.0041,30.1596],[69.992,30.1512],[69.9772,30.138],[69.9723,30.1301],[69.9672,30.1187],[69.9632,30.0998],[69.962,30.0896],[69.962,30.0656],[69.9484,30.0284],[69.8957,29.9334],[69.8478,29.8272],[69.8386,29.8119],[69.8289,29.802],[69.8103,29.7889],[69.7856,29.7749],[69.7804,29.7693],[69.7484,29.7247],[69.727,29.7086],[69.6663,29.6999],[69.6476,29.6938],[69.63,29.6863],[69.626,29.6838],[69.6217,29.6806],[69.6167,29.6752],[69.6047,29.658],[69.6002,29.6465],[69.5971,29.6335],[69.5967,29.6044],[69.5998,29.5716],[69.5694,29.4482],[69.5703,29.4364],[69.5726,29.4305],[69.5764,29.4268],[69.5812,29.4249],[69.5866,29.4235],[69.6291,29.4199],[69.6401,29.4169],[69.6448,29.4149],[69.6527,29.4099],[69.6595,29.4041],[69.6624,29.4008],[69.6649,29.397],[69.6671,29.3919],[69.6679,29.3817],[69.6673,29.3673],[69.6638,29.342],[69.6643,29.3305],[69.666,29.323],[69.6867,29.2952],[69.6898,29.2925],[69.6933,29.2908],[69.6972,29.2908],[69.7009,29.2924],[69.7042,29.2949],[69.7104,29.3012],[69.7174,29.3069],[69.7213,29.3093],[69.7256,29.3113],[69.7302,29.3126],[69.7351,29.313],[69.7396,29.3116],[69.7433,29.3075],[69.7442,29.2967],[69.7427,29.2803],[69.7075,29.1298],[69.696,29.1105],[69.6887,29.1021],[69.6827,29.0983],[69.6694,29.0925],[69.6618,29.0878],[69.6548,29.0822],[69.6418,29.0698],[69.5923,28.9994],[69.5705,28.9762],[69.5566,28.965],[69.529,28.9473],[69.5253,28.9439],[69.5203,28.9381],[69.5148,28.9266],[69.5082,28.9094],[69.5031,28.8839],[69.5018,28.8716],[69.5024,28.8636],[69.5037,28.8602],[69.5051,28.8577],[69.5068,28.8552],[69.5127,28.8492],[69.5234,28.8405],[69.5267,28.8371],[69.5293,28.8321],[69.531,28.8254],[69.5262,28.807],[69.4713,28.6932],[69.448,28.6591],[69.4219,28.629],[69.415,28.6233],[69.4074,28.6183],[69.3903,28.6107],[69.3523,28.5983],[69.3469,28.5953],[69.3413,28.5909],[69.3359,28.5841],[69.3324,28.5773],[69.331,28.5693],[69.3315,28.5636],[69.3329,28.5587],[69.3851,28.4866],[69.2517,28.4836],[68.7757,28.465],[68.6043,28.475],[68.501,28.4626],[68.4729,28.4548],[68.4669,28.4525],[68.4588,28.4478],[68.4452,28.4366],[68.438,28.4293],[68.3885,28.3569],[68.3848,28.3529],[68.3817,28.3503],[68.3761,28.3465],[68.3686,28.3424],[68.2827,28.3105],[68.2371,28.2815],[68.2192,28.2647],[67.9993,28.1142],[67.9698,28.0832],[67.9251,28.0231],[67.6835,27.9258],[67.5538,27.8963],[67.4413,27.8827],[67.4021,27.8639],[67.3898,27.8452],[67.342,27.7437],[67.2727,27.6634],[67.2057,27.5577],[67.1929,27.5316],[67.1857,27.5126],[67.1799,27.4803],[67.1428,27.3335],[67.1359,27.2879],[67.1345,27.2533],[67.146,27.1559],[67.153,26.7355],[67.1554,26.6535],[67.1617,26.6047],[67.1726,26.5601],[67.1809,26.5393],[67.4373,26.1112],[67.4469,26.0759],[67.4503,26.0483],[67.4341,25.959],[67.4338,25.94],[67.4396,25.8883],[67.4399,25.8617],[67.4351,25.8309],[67.4244,25.7959],[67.3737,25.6727],[67.36,25.6525],[67.3281,25.6204],[67.2922,25.5811],[67.2773,25.5538],[67.2711,25.5389],[67.2645,25.5302],[67.2559,25.5234],[67.2291,25.5103],[67.2213,25.5009],[67.1701,25.4172],[67.1645,25.4044],[67.162,25.3949],[67.1626,25.3892],[67.1668,25.3685],[67.1681,25.3576],[67.1667,25.3486],[67.163,25.3363],[67.1376,25.2765],[67.1307,25.2657],[67.1242,25.2578],[67.106,25.2441],[67.0768,25.2219],[67.0416,25.1834],[67.0324,25.1711],[67.0272,25.1617],[67.0261,25.1561],[67.0258,25.1503],[67.0267,25.1325],[67.0261,25.1245],[67.0205,25.1085],[67.0107,25.0929],[66.9909,25.0669],[66.9663,25.043],[66.9525,25.0344],[66.9397,25.0279],[66.9262,25.0236],[66.8864,25.0191],[66.8813,25.018],[66.8745,25.0157],[66.8622,25.0094],[66.7044,24.892],[66.7044,24.8989],[66.6813,24.9105],[66.6813,24.9489],[66.697,25.0255],[66.6996,25.0853],[66.7044,25.1043],[66.7136,25.1208],[66.7323,25.1433],[66.738,25.1595],[66.7372,25.1811],[66.7214,25.2126],[66.7175,25.2312],[66.7102,25.2392],[66.6741,25.269],[66.6595,25.2756],[66.6483,25.2832],[66.5952,25.3302],[66.5607,25.3497],[66.5479,25.3656],[66.5537,25.3854],[66.5793,25.3794],[66.5912,25.3996],[66.5871,25.4262],[66.5642,25.4394],[66.5505,25.4571],[66.5417,25.4922],[66.531,25.5181],[66.5127,25.5084],[66.5106,25.5129],[66.5073,25.5176],[66.5059,25.522],[66.4928,25.5181],[66.4866,25.5256],[66.4829,25.5382],[66.4779,25.5493],[66.4441,25.5825],[66.437,25.5977],[66.4121,25.5906],[66.3877,25.5924],[66.3726,25.6039],[66.3755,25.6257],[66.3587,25.6145],[66.3386,25.6081],[66.3032,25.6046],[66.2913,25.6059],[66.2705,25.6116],[66.2581,25.612],[66.2542,25.6096],[66.2484,25.6047],[66.2398,25.5999],[66.2039,25.5932],[66.1834,25.5816],[66.1672,25.5661],[66.1558,25.5493],[66.1374,25.5138],[66.1316,25.5084],[66.1209,25.5046],[66.1096,25.4954],[66.0999,25.4844],[66.0944,25.4748],[66.1211,25.4752],[66.2005,25.4879],[66.2131,25.4914],[66.2236,25.4995],[66.2385,25.5158],[66.2415,25.5185],[66.2451,25.5204],[66.2497,25.5216],[66.2551,25.522],[66.2588,25.5248],[66.2583,25.5314],[66.2568,25.5385],[66.2581,25.5431],[66.2791,25.55],[66.3093,25.554],[66.3364,25.5534],[66.3483,25.5462],[66.3527,25.5355],[66.3635,25.5303],[66.377,25.527],[66.3885,25.522],[66.3971,25.5129],[66.412,25.4911],[66.4232,25.481],[66.4373,25.4913],[66.4562,25.496],[66.4758,25.4933],[66.4922,25.481],[66.4575,25.4538],[66.4979,25.4305],[66.5116,25.4142],[66.4984,25.3985],[66.4839,25.4005],[66.4655,25.4116],[66.437,25.4333],[66.3595,25.4652],[66.3119,25.4749],[66.2787,25.4674],[66.2518,25.4729],[66.2195,25.4649],[66.187,25.4529],[66.1592,25.4469],[66.069,25.4462],[66.0046,25.4296],[65.9245,25.4186],[65.8815,25.4196],[65.8584,25.4175],[65.824,25.4022],[65.8003,25.3958],[65.7654,25.378],[65.7244,25.3712],[65.6716,25.3474],[65.6521,25.3445],[65.6297,25.3469],[65.4881,25.3831],[65.4678,25.3854],[65.4461,25.381],[65.4229,25.3724],[65.4007,25.3667],[65.3823,25.3712],[65.387,25.3764],[65.3954,25.3923],[65.3628,25.3906],[65.3362,25.3853],[65.3132,25.3769],[65.2923,25.365],[65.2598,25.3804],[65.2323,25.3707],[65.2111,25.3478],[65.188,25.311],[65.1802,25.3037],[65.1702,25.2995],[65.1553,25.2961],[65.1434,25.2959],[65.118,25.3019],[65.0896,25.3056],[65.0588,25.3145],[65.042,25.3166],[64.9806,25.3166],[64.9207,25.3271],[64.8897,25.3284],[64.8611,25.3166],[64.8391,25.3253],[64.8073,25.3285],[64.7444,25.324],[64.7185,25.3144],[64.696,25.2976],[64.6786,25.2768],[64.6686,25.2551],[64.6628,25.2291],[64.6633,25.217],[64.6686,25.2067],[64.6799,25.2015],[64.6963,25.1971],[64.7092,25.1907],[64.7102,25.1794],[64.7023,25.1788],[64.655,25.1657],[64.6406,25.1666],[64.6152,25.1732],[64.6004,25.1732],[64.627,25.2116],[64.6277,25.2285],[64.6106,25.2517],[64.593,25.2613],[64.5654,25.2703],[64.5371,25.2759],[64.5184,25.2756],[64.5066,25.2669],[64.492,25.2457],[64.4802,25.2414],[64.4675,25.2404],[64.448,25.2357],[64.4393,25.2346],[64.4175,25.2409],[64.3828,25.2715],[64.3607,25.283],[64.3182,25.2923],[64.2751,25.2961],[64.2658,25.2987],[64.2528,25.3116],[64.2446,25.3166],[64.1839,25.3187],[64.0945,25.3359],[64.0947,25.3499],[64.1037,25.3679],[64.1069,25.3854],[64.1017,25.3909],[64.0923,25.396],[64.0835,25.4035],[64.0796,25.4162],[64.0838,25.4267],[64.0938,25.4318],[64.1062,25.4333],[64.1174,25.4333],[64.1409,25.4289],[64.1509,25.4321],[64.1553,25.4469],[64.1507,25.4514],[64.1406,25.4534],[64.1273,25.4538],[64.0816,25.4438],[64.0565,25.4417],[64.0454,25.4503],[63.9896,25.4254],[63.9766,25.4128],[63.9914,25.4167],[63.9971,25.4196],[64.0042,25.402],[64.0117,25.3973],[64.0215,25.4027],[64.0352,25.4162],[64.0488,25.4165],[64.0617,25.3992],[64.0796,25.365],[64.0667,25.3463],[64.0597,25.3446],[64.042,25.3445],[64.0049,25.339],[63.9871,25.3383],[63.9697,25.3445],[63.9441,25.3349],[63.9066,25.3412],[63.8049,25.375],[63.7378,25.3853],[63.6699,25.3836],[63.6047,25.3744],[63.5725,25.365],[63.5544,25.3562],[63.5376,25.3445],[63.5105,25.3166],[63.4958,25.2914],[63.4852,25.2843],[63.4695,25.2893],[63.4741,25.2731],[63.4817,25.2602],[63.512,25.2267],[63.5169,25.2236],[63.5187,25.2209],[63.5179,25.2142],[63.5154,25.2069],[63.5117,25.2003],[63.5066,25.1955],[63.5005,25.1937],[63.4688,25.199],[63.4111,25.2225],[63.377,25.2278],[63.3081,25.2204],[63.2914,25.2228],[63.2442,25.2414],[63.1785,25.258],[63.1441,25.2609],[63.1131,25.2551],[63.051,25.2242],[63.0278,25.2204],[62.9424,25.2278],[62.7705,25.2619],[62.605,25.266],[62.5275,25.2642],[62.4772,25.2591],[62.465,25.2372],[62.4676,25.2235],[62.4894,25.2142],[62.4695,25.2067],[62.4443,25.2139],[62.4138,25.2065],[62.3853,25.1925],[62.3659,25.1794],[62.3547,25.1694],[62.3431,25.1555],[62.3362,25.1398],[62.3391,25.1247],[62.352,25.1128],[62.3732,25.1084],[62.3872,25.1016],[62.3811,25.0876],[62.3397,25.0874],[62.29,25.09],[62.2561,25.0986],[62.2803,25.1166],[62.2839,25.1199],[62.2878,25.1223],[62.2908,25.1247],[62.2993,25.1288],[62.3083,25.1282],[62.3153,25.1302],[62.3181,25.1418],[62.304,25.1669],[62.2975,25.1851],[62.2752,25.1999],[62.2542,25.212],[62.2258,25.2141],[62.1918,25.2201],[62.1452,25.2184],[62.1027,25.2051],[62.08,25.1972],[62.068,25.1781],[62.059,25.1616],[62.0731,25.1506],[62.0778,25.1277],[62.0889,25.1184],[62.0972,25.1071],[62.0756,25.1007],[62.0358,25.103],[61.9891,25.1081],[61.9295,25.1096],[61.8811,25.103],[61.8699,25.0839],[61.8664,25.0754],[61.8574,25.0668],[61.8473,25.0379],[61.8352,25.0384],[61.8149,25.0262],[61.7905,25.0178],[61.7549,25.0135],[61.7296,25.0218],[61.7201,25.0374],[61.7258,25.0589],[61.7358,25.0695],[61.7285,25.0831],[61.7324,25.0916],[61.7495,25.1043],[61.76,25.1154],[61.7627,25.122],[61.7638,25.135],[61.7668,25.1457],[61.7801,25.1625],[61.7837,25.1732],[61.7831,25.188],[61.7796,25.1911],[61.7737,25.1884],[61.7669,25.1862],[61.7639,25.1843],[61.7551,25.1756],[61.7495,25.1732],[61.7443,25.175],[61.7311,25.1841],[61.7254,25.1862],[61.7136,25.1881],[61.7075,25.1922],[61.7025,25.197],[61.6942,25.2005],[61.6828,25.2016],[61.6502,25.2005],[61.6341,25.2039],[61.6242,25.2044],[61.6125,25.2005],[61.5882,25.2021],[61.62,25.2855],[61.626,25.3698],[61.6331,25.4693],[61.6391,25.5549],[61.6432,25.6133],[61.6466,25.6277],[61.6525,25.6373],[61.6672,25.6505],[61.6735,25.6583],[61.6764,25.6928],[61.6653,25.7324],[61.6604,25.7692],[61.6814,25.7955],[61.7026,25.8001],[61.7219,25.7997],[61.7393,25.8033],[61.7545,25.82],[61.7601,25.8376],[61.7706,25.9074],[61.7832,25.9906],[61.7927,26.0528],[61.8007,26.1066],[61.8099,26.1674],[61.8184,26.1985],[61.8329,26.2254],[61.8571,26.2424],[61.9777,26.2732],[62.0137,26.2946],[62.0323,26.3029],[62.0528,26.3086],[62.0942,26.3148],[62.1033,26.3251],[62.1069,26.3497],[62.1238,26.374],[62.1615,26.3695],[62.2059,26.3553],[62.2434,26.3506],[62.2651,26.361],[62.2642,26.3752],[62.2545,26.3936],[62.249,26.4165],[62.2561,26.4289],[62.2875,26.4566],[62.2979,26.474],[62.297,26.4802],[62.2931,26.4859],[62.2901,26.4924],[62.292,26.5012],[62.2983,26.5088],[62.307,26.5137],[62.3265,26.5207],[62.3347,26.5248],[62.3476,26.5333],[62.3559,26.5366],[62.3653,26.5375],[62.3864,26.5366],[62.3967,26.5391],[62.4025,26.5438],[62.4106,26.5568],[62.4185,26.5623],[62.428,26.5648],[62.5953,26.5807],[62.6158,26.5871],[62.6241,26.593],[62.632,26.6004],[62.6406,26.6051],[62.6513,26.6032],[62.6625,26.5983],[62.671,26.5977],[62.7019,26.604],[62.7106,26.6069],[62.718,26.6105],[62.7247,26.6151],[62.7351,26.6322],[62.7427,26.6413],[62.7536,26.6442],[62.8217,26.6426],[62.9,26.6409],[62.9904,26.6389],[63.0294,26.6335],[63.0689,26.6325],[63.098,26.6384],[63.1076,26.6376],[63.1162,26.634],[63.1235,26.6294],[63.1313,26.6258],[63.1413,26.6254],[63.1638,26.6451],[63.1743,26.685],[63.1823,26.8302],[63.1896,26.846],[63.206,26.8537],[63.2467,26.8595],[63.2616,26.8717],[63.2649,26.89],[63.2565,26.9062],[63.244,26.9224],[63.235,26.9411],[63.2299,27.0541],[63.2314,27.0658],[63.2356,27.0759],[63.2462,27.0895],[63.25,27.0995],[63.2609,27.1156],[63.2806,27.1232],[63.3024,27.1234],[63.3196,27.1173],[63.2856,27.1846],[63.2713,27.2034],[63.2606,27.2138],[63.2515,27.219],[63.2268,27.227],[63.2154,27.2332],[63.1896,27.2545],[63.1771,27.2584],[63.167,27.2587],[63.1123,27.2432],[63.0994,27.2428],[63.0827,27.2444],[63.0562,27.2432],[63.0038,27.2288],[62.9778,27.2252],[62.9196,27.2149],[62.8924,27.2135],[62.8608,27.2196],[62.8374,27.2313],[62.8293,27.2336],[62.8223,27.2325],[62.8085,27.2254],[62.8006,27.2252],[62.7856,27.2325],[62.7424,27.2668],[62.7582,27.2677],[62.7681,27.2744],[62.7741,27.2855],[62.7788,27.2998],[62.7806,27.3161],[62.7757,27.3269],[62.756,27.3481],[62.8086,27.4534],[62.8147,27.495],[62.8093,27.5471],[62.7997,27.6393],[62.7947,27.6895],[62.7864,27.7703],[62.7803,27.8297],[62.7542,27.9258],[62.7357,27.995],[62.7517,28.1087],[62.7664,28.2115],[62.7615,28.2464],[62.7393,28.2583],[62.5756,28.229],[62.5554,28.2403],[62.4923,28.3007],[62.4777,28.3223],[62.4712,28.3397],[62.4643,28.3498],[62.4538,28.3557],[62.4372,28.3604],[62.421,28.3686],[62.4107,28.3807],[62.4022,28.3941],[62.3905,28.4061],[62.3628,28.4189],[62.2307,28.4425],[62.1475,28.4753],[62.1156,28.4814],[62.0491,28.4863],[62.0188,28.4947],[61.9711,28.519],[61.9113,28.5337],[61.8928,28.5426],[61.8612,28.5748],[61.7977,28.6266],[61.7562,28.674],[61.653,28.7563],[61.624,28.7876],[61.5953,28.8427],[61.5665,28.871],[61.5613,28.8859],[61.559,28.9027],[61.5532,28.9221],[61.5109,29.0074],[61.5021,29.0177],[61.491,29.0255],[61.478,29.0307],[61.4703,29.0359],[61.468,29.0417],[61.4708,29.0479],[61.478,29.0543],[61.4872,29.0629],[61.4906,29.072],[61.4877,29.0807],[61.478,29.0875],[61.4609,29.0939],[61.4532,29.1084],[61.448,29.1254],[61.4377,29.1396],[61.4269,29.1446],[61.4177,29.1457],[61.4086,29.1486],[61.3979,29.1591],[61.3928,29.1705],[61.3901,29.1954],[61.387,29.2066],[61.3742,29.2238],[61.3423,29.2545],[61.3328,29.2749],[61.3328,29.2945],[61.3447,29.3295],[61.3466,29.3491],[61.3374,29.3744],[61.3198,29.3854],[61.2987,29.3927],[61.2792,29.4066],[61.1969,29.4923],[61.1187,29.574],[61.0433,29.6524],[60.978,29.7206],[60.9251,29.775],[60.8444,29.8582],[60.876,29.8455],[60.9474,29.8255],[61.0306,29.8022],[61.114,29.7787],[61.1972,29.7553],[61.2804,29.732],[61.3637,29.7086],[61.4469,29.6853],[61.5302,29.6619],[61.6134,29.6385],[61.6966,29.6152],[61.7799,29.5918],[61.8632,29.5684],[61.9465,29.545],[62.0296,29.5216],[62.113,29.4982],[62.1963,29.4749],[62.2794,29.4515],[62.3745,29.4249],[62.4775,29.4078],[62.6026,29.4181],[62.6313,29.4204],[62.6804,29.4245],[62.7294,29.4285],[62.7784,29.4325],[62.8275,29.4366],[62.8765,29.4406],[62.9255,29.4446],[62.9745,29.4486],[63.0236,29.4527],[63.0726,29.4568],[63.1216,29.4608],[63.1707,29.4648],[63.2197,29.4688],[63.2687,29.4729],[63.3178,29.4769],[63.3668,29.4809],[63.416,29.485],[63.5686,29.4975],[63.7879,29.4606],[63.972,29.4296],[64.0861,29.3866],[64.1134,29.3963],[64.1498,29.4585],[64.1726,29.4843],[64.2077,29.5],[64.4777,29.5704],[64.4995,29.5702],[64.6839,29.5688],[64.8203,29.5679],[64.9866,29.5416],[65.0364,29.5402],[65.1814,29.5771],[65.2395,29.5918],[65.2976,29.6066],[65.3558,29.6214],[65.4137,29.6362],[65.4717,29.651],[65.5297,29.6657],[65.5878,29.6806],[65.6458,29.6953],[65.704,29.7102],[65.7621,29.7249],[65.8201,29.7397],[65.8782,29.7545],[65.9361,29.7693],[65.9943,29.784],[66.0524,29.7989],[66.1105,29.8136],[66.1956,29.8353],[66.2752,29.8852],[66.3018,29.9157],[66.3224,29.9465],[66.3284,29.9495],[66.3368,29.952],[66.3405,29.9566],[66.3324,29.9661],[66.3016,29.9868],[66.2604,30.0231],[66.2252,30.0444],[66.2193,30.0579],[66.2217,30.0737],[66.2363,30.1116],[66.3009,30.2256],[66.3053,30.2448],[66.303,30.3053],[66.3218,30.4374],[66.3194,30.4578],[66.3138,30.4783],[66.3061,30.4911],[66.2819,30.5181],[66.2649,30.5578],[66.268,30.6014],[66.3663,30.9229],[66.3754,30.9367],[66.3923,30.9446],[66.5275,30.9683],[66.55,30.977],[66.644,31.0602],[66.6631,31.0831],[66.697,31.1958],[66.7213,31.2103],[66.7595,31.2148],[66.7853,31.2318],[66.8086,31.2547],[66.8385,31.277],[66.9059,31.3055],[66.9433,31.3147],[67.0021,31.3159],[67.0168,31.3091],[67.0239,31.2953],[67.026,31.273],[67.0234,31.2649],[67.0179,31.2587],[67.0139,31.2527],[67.0153,31.2447],[67.0229,31.2394],[67.0353,31.2359],[67.0582,31.2324],[67.0785,31.232],[67.1169,31.2403],[67.1368,31.2411],[67.1567,31.2359],[67.1932,31.2185],[67.2138,31.2123],[67.2303,31.2106],[67.2822,31.2128],[67.3462,31.2078],[67.3646,31.2107],[67.4339,31.2361],[67.4933,31.243],[67.5302,31.2566],[67.5837,31.2652],[67.6022,31.2711],[67.6659,31.3063],[67.6789,31.3166],[67.6928,31.3252],[67.709,31.3293],[67.7494,31.328],[67.7647,31.3341],[67.7751,31.3528],[67.7704,31.3947],[67.7343,31.4048],[67.6511,31.3953],[67.6314,31.4001],[67.6115,31.4108],[67.597,31.4257],[67.5911,31.4648],[67.5781,31.4821],[67.5634,31.4973],[67.5561,31.5122],[67.569,31.5299],[67.6005,31.5305],[67.6655,31.5181],[67.6963,31.5208],[67.7267,31.5314],[67.7483,31.5444],[67.7812,31.5642],[67.8427,31.6235],[67.8707,31.6352],[67.8843,31.6356],[67.9147,31.6314],[67.9552,31.6332],[67.9661,31.6382],[67.9773,31.6519],[67.9941,31.6634],[68.0466,31.6884],[68.0523,31.6954],[68.0556,31.7166],[68.0605,31.7256],[68.0935,31.7516],[68.0983,31.7591],[68.1045,31.7688],[68.1257,31.8115],[68.1386,31.8247],[68.1591,31.8259],[68.1848,31.8182],[68.2068,31.8079],[68.2323,31.7902],[68.2426,31.7769],[68.255,31.7664],[68.2769,31.7636],[68.3165,31.7652],[68.3561,31.7625],[68.461,31.7305],[68.498,31.7252],[68.5152,31.73],[68.5368,31.741],[68.5498,31.7535],[68.5406,31.7625],[68.5213,31.7648],[68.4614,31.7636],[68.4396,31.7666],[68.4222,31.7732],[68.4187,31.783],[68.4382,31.796],[68.4815,31.8157],[68.5051,31.8227],[68.5275,31.823],[68.5611,31.8118],[68.6195,31.7835],[68.6758,31.7747],[68.6883,31.7686],[68.6949,31.7564],[68.6979,31.7159],[68.7054,31.7013],[68.7312,31.6755],[68.7773,31.6186],[68.8038,31.6026],[68.8435,31.6065],[68.907,31.6343],[68.941,31.6437],[68.9773,31.6415]]]}},{"type":"Feature","properties":{"id":"PAK-1112","name":"F.A.T.A.","nameBn":"ফেডারেলি অ্যাডমিনিস্টার্ড ট্রাইবাল এরিয়াস","type":"Territory","bounds":[69.228,31.0658,71.8597,34.9378],"center":[69.8985,32.6148]},"geometry":{"type":"Polygon","coordinates":[[[71.0475,34.5511],[71.0658,34.5585],[71.0766,34.5785],[71.0799,34.6029],[71.0763,34.6236],[71.0688,34.6459],[71.0702,34.6612],[71.0806,34.6729],[71.1509,34.7203],[71.1895,34.7371],[71.2031,34.7482],[71.2556,34.8102],[71.2708,34.8443],[71.2895,34.875],[71.3249,34.8976],[71.4452,34.9378],[71.4479,34.9351],[71.4624,34.9143],[71.496,34.879],[71.4986,34.8773],[71.5181,34.8685],[71.5401,34.8647],[71.5504,34.8615],[71.5576,34.8607],[71.5588,34.8602],[71.5602,34.8586],[71.5618,34.856],[71.5636,34.8466],[71.5639,34.8458],[71.565,34.8437],[71.5678,34.8398],[71.5687,34.8381],[71.5698,34.8353],[71.5703,34.8333],[71.5708,34.8285],[71.5711,34.8272],[71.5714,34.8263],[71.5737,34.8215],[71.5771,34.8162],[71.58,34.8074],[71.5801,34.8065],[71.5801,34.8027],[71.5793,34.7973],[71.5793,34.7951],[71.5813,34.792],[71.599,34.7788],[71.6122,34.7735],[71.6201,34.7717],[71.6271,34.7727],[71.6701,34.7925],[71.6853,34.7968],[71.6914,34.7979],[71.6971,34.7983],[71.7329,34.7935],[71.7396,34.7915],[71.7462,34.7889],[71.7596,34.7854],[71.7649,34.7849],[71.7696,34.7851],[71.7753,34.786],[71.779,34.7845],[71.7837,34.781],[71.7886,34.7709],[71.7923,34.7656],[71.7987,34.7584],[71.7981,34.7558],[71.7927,34.7533],[71.7871,34.7521],[71.7826,34.7497],[71.7728,34.7375],[71.7699,34.7347],[71.7669,34.7336],[71.7603,34.7329],[71.7568,34.7312],[71.7554,34.7288],[71.7575,34.7233],[71.7589,34.7207],[71.7603,34.7188],[71.7606,34.718],[71.761,34.7173],[71.7624,34.7111],[71.7635,34.7023],[71.7634,34.6909],[71.7573,34.6602],[71.7355,34.6463],[71.7329,34.6464],[71.7318,34.6467],[71.7301,34.6474],[71.7253,34.6506],[71.7241,34.6512],[71.7231,34.6513],[71.7222,34.6513],[71.7213,34.6512],[71.7135,34.6451],[71.7112,34.6437],[71.6961,34.6299],[71.6902,34.6255],[71.6881,34.6251],[71.687,34.6247],[71.686,34.6242],[71.6853,34.6236],[71.6825,34.6218],[71.6792,34.6211],[71.6766,34.6164],[71.6732,34.608],[71.6642,34.5765],[71.6633,34.57],[71.6645,34.5603],[71.6603,34.5552],[71.6403,34.5369],[71.6549,34.4978],[71.6547,34.4969],[71.6533,34.4939],[71.6533,34.493],[71.6578,34.483],[71.6591,34.4782],[71.6591,34.477],[71.6577,34.4721],[71.6575,34.4705],[71.6575,34.4693],[71.6577,34.4679],[71.6584,34.4653],[71.66,34.4643],[71.6628,34.4634],[71.6699,34.4623],[71.6732,34.4622],[71.6755,34.4625],[71.6778,34.4635],[71.6783,34.4636],[71.6789,34.4636],[71.6798,34.4636],[71.6839,34.4589],[71.6926,34.4376],[71.6843,34.4354],[71.6802,34.4331],[71.6772,34.4309],[71.6757,34.4299],[71.6741,34.4291],[71.6698,34.4283],[71.669,34.428],[71.6671,34.427],[71.6603,34.4211],[71.6583,34.4198],[71.6569,34.4181],[71.6563,34.4161],[71.6544,34.4068],[71.6527,34.4037],[71.6524,34.4027],[71.6524,34.4014],[71.6526,34.3999],[71.6529,34.3988],[71.6535,34.3981],[71.656,34.3956],[71.6564,34.3948],[71.6567,34.3941],[71.6553,34.3925],[71.6526,34.3907],[71.645,34.387],[71.6414,34.3858],[71.6382,34.3851],[71.6328,34.3856],[71.6305,34.3853],[71.6243,34.3835],[71.6237,34.3822],[71.6231,34.3801],[71.6215,34.3708],[71.6207,34.3691],[71.6206,34.3683],[71.6204,34.367],[71.622,34.3598],[71.622,34.3563],[71.6217,34.3549],[71.6207,34.354],[71.6189,34.3538],[71.6148,34.3548],[71.6122,34.3556],[71.6105,34.3564],[71.6096,34.3571],[71.6052,34.3613],[71.6017,34.3638],[71.6001,34.3646],[71.599,34.3648],[71.5979,34.3648],[71.5951,34.3649],[71.5934,34.3653],[71.5894,34.367],[71.5885,34.367],[71.5874,34.3668],[71.5865,34.3663],[71.5735,34.3539],[71.5663,34.3486],[71.5641,34.3476],[71.561,34.3458],[71.5599,34.3448],[71.5591,34.3432],[71.5584,34.3407],[71.5585,34.3363],[71.5585,34.334],[71.5571,34.3316],[71.5542,34.3286],[71.5353,34.3149],[71.5334,34.3132],[71.5331,34.3118],[71.5331,34.3098],[71.5345,34.306],[71.5353,34.3044],[71.5366,34.3025],[71.5371,34.3018],[71.5373,34.3011],[71.5309,34.2846],[71.5306,34.2825],[71.5312,34.2817],[71.5322,34.2807],[71.5331,34.2801],[71.5342,34.2796],[71.536,34.2791],[71.5366,34.2788],[71.5373,34.2781],[71.5376,34.2771],[71.5377,34.2759],[71.5376,34.2745],[71.5342,34.2642],[71.5306,34.2608],[71.5019,34.241],[71.4929,34.2269],[71.4607,34.2052],[71.4545,34.2019],[71.4527,34.2006],[71.4519,34.1998],[71.4348,34.1902],[71.4296,34.1859],[71.4297,34.1851],[71.4294,34.1843],[71.4271,34.1816],[71.4246,34.1795],[71.3479,34.1617],[71.344,34.1582],[71.342,34.1554],[71.3416,34.1545],[71.3413,34.1536],[71.3414,34.1521],[71.3427,34.1475],[71.3428,34.1459],[71.3428,34.1445],[71.3427,34.1436],[71.3402,34.1381],[71.3408,34.1368],[71.3422,34.1354],[71.347,34.1326],[71.3501,34.1313],[71.3529,34.1304],[71.3559,34.1299],[71.3607,34.1285],[71.3633,34.1273],[71.3715,34.1216],[71.3765,34.1194],[71.3779,34.1168],[71.3788,34.1127],[71.3796,34.1025],[71.3794,34.0982],[71.3784,34.095],[71.3773,34.0942],[71.3736,34.0919],[71.37,34.0891],[71.3678,34.0868],[71.3672,34.0858],[71.3667,34.0844],[71.366,34.0799],[71.3669,34.0781],[71.3794,34.0647],[71.3807,34.0612],[71.3853,34.0406],[71.3864,34.0307],[71.3839,34.0244],[71.3791,34.0156],[71.3782,34.0132],[71.3777,34.0113],[71.3771,34.0019],[71.3773,34.0008],[71.3763,33.9916],[71.3771,33.9867],[71.3793,33.9795],[71.3864,33.9664],[71.3929,33.9606],[71.4016,33.9552],[71.4094,33.9481],[71.4169,33.9395],[71.4246,33.9263],[71.4296,33.9043],[71.4299,33.8981],[71.4269,33.878],[71.4269,33.8749],[71.4271,33.872],[71.4291,33.8683],[71.4324,33.8642],[71.4459,33.8541],[71.483,33.8313],[71.4932,33.8233],[71.4961,33.8199],[71.4989,33.8161],[71.5005,33.8114],[71.5008,33.806],[71.4989,33.7887],[71.4995,33.7809],[71.5006,33.7755],[71.509,33.7483],[71.5149,33.7378],[71.5174,33.7345],[71.5208,33.7325],[71.5252,33.7312],[71.5314,33.7301],[71.5425,33.7293],[71.5517,33.7295],[71.5981,33.7366],[71.6544,33.7613],[71.6859,33.7795],[71.6993,33.7912],[71.7194,33.8212],[71.7241,33.8329],[71.729,33.84],[71.7324,33.8422],[71.7363,33.8432],[71.7407,33.8406],[71.7458,33.8352],[71.7547,33.8135],[71.7587,33.806],[71.7638,33.8007],[71.7754,33.7921],[71.7832,33.7887],[71.7903,33.7865],[71.8231,33.7817],[71.8491,33.7811],[71.8529,33.7795],[71.856,33.7769],[71.8585,33.7711],[71.8597,33.7671],[71.8563,33.7589],[71.8529,33.7532],[71.8222,33.7159],[71.817,33.7077],[71.8115,33.7003],[71.7902,33.6795],[71.7878,33.6757],[71.7866,33.6725],[71.7871,33.6695],[71.7882,33.6669],[71.7911,33.6645],[71.8257,33.6451],[71.8363,33.6379],[71.8384,33.6358],[71.8397,33.6331],[71.8394,33.6297],[71.838,33.6264],[71.8355,33.6233],[71.8318,33.6207],[71.8274,33.6184],[71.8178,33.6145],[71.7829,33.6048],[71.7716,33.5998],[71.7584,33.5911],[71.701,33.562],[71.6738,33.5517],[71.6527,33.5495],[71.6113,33.5538],[71.5879,33.5609],[71.5785,33.565],[71.5718,33.5687],[71.5652,33.5754],[71.5644,33.5787],[71.5656,33.5824],[71.5689,33.5863],[71.574,33.5899],[71.5852,33.5943],[71.6195,33.6039],[71.6294,33.6081],[71.6388,33.6131],[71.6433,33.6166],[71.646,33.6201],[71.6474,33.6236],[71.6474,33.6279],[71.6467,33.6321],[71.6443,33.6367],[71.6425,33.6396],[71.6394,33.6427],[71.6363,33.6448],[71.6314,33.6459],[71.6243,33.6459],[71.6127,33.6434],[71.6029,33.6401],[71.475,33.6477],[71.4606,33.6505],[71.4548,33.6509],[71.4479,33.6506],[71.4257,33.6454],[71.3832,33.6429],[71.3725,33.6402],[71.3646,33.6365],[71.3575,33.6301],[71.3521,33.6289],[71.3453,33.6292],[71.333,33.6337],[71.327,33.6376],[71.3189,33.6448],[71.3021,33.6539],[71.2539,33.6749],[71.2305,33.6884],[71.2143,33.7026],[71.2123,33.7054],[71.2074,33.7169],[71.2046,33.7207],[71.201,33.7233],[71.196,33.7244],[71.191,33.7247],[71.1848,33.7241],[71.1802,33.7256],[71.165,33.7353],[71.1575,33.7385],[71.1397,33.743],[71.1352,33.7431],[71.1312,33.7418],[71.1296,33.7364],[71.1287,33.6955],[71.1301,33.6904],[71.1442,33.6625],[71.145,33.6505],[71.1082,33.6389],[71.0958,33.6327],[71.0922,33.6301],[71.0863,33.6246],[71.0845,33.6218],[71.0835,33.6186],[71.0839,33.6159],[71.0854,33.613],[71.088,33.6109],[71.0919,33.6091],[71.0961,33.6077],[71.1012,33.6054],[71.1048,33.6031],[71.1065,33.5996],[71.1053,33.5968],[71.1001,33.5942],[71.0612,33.5862],[71.0488,33.5823],[71.0416,33.5786],[71.032,33.5712],[71.0213,33.5646],[71.0,33.5569],[70.9921,33.5559],[70.8318,33.569],[70.8156,33.574],[70.7825,33.5926],[70.765,33.5908],[70.7592,33.5873],[70.7538,33.5812],[70.7397,33.5525],[70.7356,33.5377],[70.735,33.5343],[70.7348,33.5309],[70.735,33.5277],[70.7372,33.5175],[70.7379,33.509],[70.7373,33.5048],[70.7345,33.4994],[70.7303,33.4957],[70.7227,33.4941],[70.7173,33.4943],[70.7127,33.494],[70.6843,33.4845],[70.6666,33.4819],[70.6449,33.4812],[70.6407,33.4806],[70.637,33.4794],[70.6295,33.4741],[70.6009,33.4466],[70.591,33.4403],[70.5854,33.4382],[70.5805,33.4373],[70.5747,33.437],[70.5604,33.4376],[70.5491,33.437],[70.5381,33.4348],[70.5238,33.4334],[70.5078,33.4303],[70.5019,33.4278],[70.4884,33.42],[70.4857,33.4162],[70.4838,33.4131],[70.4827,33.4093],[70.481,33.402],[70.4807,33.3986],[70.4829,33.3943],[70.4878,33.3891],[70.5005,33.3802],[70.5338,33.3633],[70.5446,33.36],[70.551,33.3501],[70.56,33.3133],[70.5845,33.2834],[70.5991,33.2778],[70.6075,33.2755],[70.616,33.2742],[70.6278,33.2742],[70.6329,33.2732],[70.6653,33.2627],[70.6706,33.2618],[70.6828,33.2612],[70.6894,33.26],[70.6939,33.2585],[70.6961,33.2565],[70.6902,33.2403],[70.6899,33.2373],[70.6903,33.2344],[70.6919,33.232],[70.6947,33.23],[70.7058,33.2278],[70.7376,33.2248],[70.7597,33.2252],[70.7636,33.2247],[70.7764,33.2213],[70.7802,33.2207],[70.7902,33.2213],[70.7957,33.2209],[70.801,33.2197],[70.8146,33.2152],[70.8345,33.2113],[70.859,33.2039],[70.8638,33.2015],[70.8683,33.1973],[70.8711,33.193],[70.872,33.1886],[70.871,33.1824],[70.8556,33.1626],[70.7915,33.102],[70.7682,33.0975],[70.7602,33.0943],[70.753,33.0897],[70.737,33.0726],[70.7288,33.0661],[70.7161,33.0609],[70.7068,33.0586],[70.6838,33.0549],[70.6641,33.0488],[70.6489,33.0462],[70.6432,33.0444],[70.6325,33.0425],[70.628,33.0425],[70.6237,33.043],[70.6189,33.0429],[70.5975,33.0457],[70.5892,33.0447],[70.584,33.0447],[70.5782,33.0453],[70.5536,33.0522],[70.5488,33.0516],[70.5431,33.0497],[70.5283,33.0403],[70.515,33.0288],[70.5078,33.025],[70.4985,33.0217],[70.4956,33.0186],[70.4725,32.9528],[70.4667,32.9418],[70.4392,32.9094],[70.4089,32.8611],[70.3996,32.8491],[70.393,32.8427],[70.3896,32.8429],[70.3859,32.8427],[70.3815,32.8417],[70.3784,32.8352],[70.3767,32.8296],[70.3766,32.7816],[70.3801,32.7527],[70.379,32.7461],[70.3786,32.7394],[70.3745,32.7236],[70.3753,32.7209],[70.378,32.7194],[70.3871,32.7181],[70.3921,32.7167],[70.4075,32.696],[70.5786,32.513],[70.5867,32.4939],[70.5887,32.4868],[70.5892,32.4834],[70.5876,32.4789],[70.5836,32.4751],[70.5732,32.47],[70.5663,32.4694],[70.5603,32.4705],[70.4937,32.5029],[70.4852,32.5053],[70.4781,32.506],[70.4746,32.5059],[70.4712,32.5054],[70.4678,32.5045],[70.4636,32.502],[70.4587,32.4959],[70.4518,32.4841],[70.4423,32.4617],[70.4375,32.4463],[70.4326,32.4352],[70.4265,32.4254],[70.4045,32.4036],[70.3718,32.38],[70.3674,32.3758],[70.3471,32.3467],[70.3421,32.3416],[70.3159,32.322],[70.2937,32.3096],[70.2836,32.3053],[70.2796,32.3045],[70.2749,32.3039],[70.2704,32.3038],[70.2653,32.3045],[70.2532,32.308],[70.2495,32.3084],[70.2181,32.3055],[70.2146,32.3048],[70.211,32.3036],[70.2049,32.3006],[70.1998,32.2969],[70.1944,32.2917],[70.1832,32.271],[70.1714,32.2554],[70.1638,32.2479],[70.1589,32.2442],[70.1201,32.2225],[70.0966,32.2053],[70.0862,32.196],[70.0743,32.1814],[70.0712,32.1737],[70.0681,32.1586],[70.0678,32.1554],[70.0684,32.1526],[70.0715,32.1476],[70.099,32.1115],[70.1146,32.0773],[70.1232,32.0409],[70.1336,32.0226],[70.1728,31.9938],[70.211,31.8857],[70.213,31.8757],[70.2146,31.8485],[70.2142,31.8412],[70.2115,31.8255],[70.208,31.8131],[70.2076,31.8096],[70.2175,31.752],[70.2203,31.7461],[70.2358,31.7238],[70.4006,31.2471],[70.4086,31.2033],[70.4039,31.1917],[70.3987,31.1906],[70.3553,31.1883],[70.3488,31.1872],[70.3404,31.1848],[70.3173,31.1751],[70.2996,31.171],[70.2642,31.155],[70.2588,31.1499],[70.2566,31.1449],[70.2565,31.1403],[70.2589,31.1244],[70.2656,31.1043],[70.2665,31.0961],[70.2664,31.0888],[70.2648,31.0843],[70.2563,31.0691],[70.2514,31.0658],[70.2459,31.0663],[70.243,31.068],[70.2391,31.0728],[70.2305,31.1061],[70.2288,31.1296],[70.2305,31.1699],[70.2461,31.2548],[70.2434,31.3219],[70.2451,31.3319],[70.2576,31.3749],[70.2582,31.3857],[70.2577,31.3925],[70.2554,31.398],[70.2521,31.4033],[70.2411,31.4173],[70.2378,31.4262],[70.2347,31.4398],[70.2362,31.4545],[70.2355,31.4647],[70.2325,31.4752],[70.2291,31.4805],[70.2251,31.4849],[70.2223,31.486],[70.2195,31.4857],[70.2172,31.4831],[70.2138,31.4788],[70.2079,31.4727],[70.1966,31.4568],[70.1925,31.4543],[70.1885,31.4533],[70.1839,31.4528],[70.1798,31.4515],[70.1764,31.4494],[70.1703,31.4416],[70.1647,31.4317],[70.1582,31.4233],[70.1533,31.4195],[70.148,31.4166],[70.1438,31.415],[70.1399,31.4144],[70.1232,31.4173],[70.116,31.4172],[70.112,31.4153],[70.1086,31.4128],[70.1059,31.4099],[70.103,31.4074],[70.0986,31.4071],[70.0928,31.4087],[70.0845,31.4155],[70.0794,31.4174],[70.0754,31.4169],[70.0731,31.414],[70.0718,31.411],[70.0701,31.4051],[70.0654,31.3948],[70.0632,31.385],[70.0615,31.3822],[70.0521,31.3741],[70.0481,31.3694],[70.0454,31.3629],[70.0428,31.3524],[70.0419,31.344],[70.0428,31.3266],[70.0423,31.3229],[70.0405,31.3211],[70.0367,31.3208],[70.0287,31.3252],[70.025,31.3301],[70.0226,31.3361],[70.0222,31.3469],[70.0043,31.4542],[69.9896,31.4784],[69.9793,31.4835],[69.9725,31.4835],[69.9626,31.4848],[69.9297,31.4968],[69.9221,31.5012],[69.9183,31.5051],[69.9148,31.5154],[69.914,31.5211],[69.9143,31.5279],[69.9162,31.5389],[69.9242,31.5614],[69.9266,31.5737],[69.9304,31.6374],[69.9342,31.66],[69.9304,31.728],[69.9314,31.7424],[69.9295,31.798],[69.9323,31.82],[69.9391,31.8381],[69.9447,31.8904],[69.9436,31.895],[69.9404,31.8986],[69.9362,31.8995],[69.9318,31.8991],[69.9276,31.897],[69.9249,31.8943],[69.9117,31.873],[69.9019,31.8619],[69.8973,31.858],[69.8929,31.8549],[69.887,31.852],[69.8814,31.8498],[69.8772,31.849],[69.8732,31.8492],[69.8687,31.8506],[69.8629,31.8534],[69.8569,31.8574],[69.851,31.8629],[69.8444,31.8712],[69.8414,31.878],[69.8398,31.8832],[69.8394,31.8884],[69.8401,31.8927],[69.8422,31.8977],[69.8623,31.9277],[69.8664,31.9351],[69.8681,31.9447],[69.8671,31.9498],[69.864,31.954],[69.8602,31.9567],[69.8407,31.9662],[69.8277,31.9743],[69.8167,31.9831],[69.8079,31.9929],[69.8057,32.0002],[69.8071,32.0075],[69.8139,32.0192],[69.8234,32.0398],[69.8249,32.0534],[69.8217,32.0576],[69.7927,32.0611],[69.7172,32.0474],[69.7081,32.0469],[69.6623,32.0314],[69.6457,32.0197],[69.62,31.9877],[69.6043,31.9726],[69.5872,31.9594],[69.57,31.9487],[69.536,31.9409],[69.5185,31.9436],[69.3687,31.9342],[69.3489,31.9299],[69.3347,31.9303],[69.3284,31.9396],[69.3012,31.9413],[69.3048,31.9469],[69.3022,31.9599],[69.2706,32.036],[69.251,32.1307],[69.2519,32.1523],[69.2595,32.1945],[69.26,32.2368],[69.267,32.2796],[69.2681,32.3013],[69.2644,32.3224],[69.2385,32.3783],[69.228,32.4213],[69.2329,32.4627],[69.2516,32.5005],[69.282,32.5328],[69.3021,32.5438],[69.3435,32.556],[69.3612,32.5685],[69.4139,32.6355],[69.426,32.6551],[69.4291,32.6674],[69.4191,32.7005],[69.4172,32.718],[69.4147,32.7256],[69.4077,32.7299],[69.3992,32.733],[69.3904,32.7379],[69.3832,32.7445],[69.3781,32.7523],[69.3763,32.7719],[69.3872,32.7853],[69.4211,32.8068],[69.4456,32.8357],[69.4714,32.8522],[69.4773,32.8568],[69.4872,32.8859],[69.4685,32.9943],[69.4781,33.0114],[69.4877,33.0284],[69.5142,33.0567],[69.5475,33.075],[69.5878,33.0795],[69.6083,33.0791],[69.6407,33.0842],[69.6502,33.0819],[69.6588,33.0784],[69.6678,33.077],[69.686,33.0808],[69.733,33.1093],[69.7718,33.1148],[69.8387,33.0867],[69.8809,33.0892],[69.9558,33.1277],[69.9657,33.1294],[69.9947,33.1273],[70.0069,33.1318],[70.0145,33.1408],[70.048,33.1941],[70.0598,33.1981],[70.0837,33.1913],[70.1054,33.1898],[70.1248,33.199],[70.2944,33.3189],[70.3016,33.3518],[70.2857,33.3829],[70.233,33.4326],[70.2278,33.44],[70.2204,33.456],[70.2134,33.4613],[70.1855,33.469],[70.1776,33.4734],[70.1638,33.4887],[70.155,33.5066],[70.1514,33.5259],[70.153,33.5447],[70.1735,33.6079],[70.1741,33.6321],[70.1702,33.6387],[70.1625,33.6432],[70.146,33.6499],[70.1369,33.6563],[70.1325,33.6614],[70.1266,33.677],[70.1181,33.7165],[70.1082,33.7273],[70.0656,33.721],[70.0118,33.7403],[69.9965,33.7421],[69.9727,33.7448],[69.9575,33.7527],[69.9472,33.772],[69.9401,33.7915],[69.9313,33.8064],[69.9075,33.8356],[69.8988,33.8515],[69.8854,33.8895],[69.8765,33.9026],[69.8472,33.9269],[69.8411,33.9418],[69.8542,33.9564],[69.872,33.9715],[69.8739,33.9863],[69.8704,34.0013],[69.8726,34.0172],[69.8893,34.0312],[69.9054,34.0358],[69.916,34.0389],[69.9691,34.0457],[70.0028,34.0438],[70.2188,33.9807],[70.2756,33.9762],[70.3099,33.9617],[70.3282,33.9573],[70.409,33.9544],[70.4915,33.9396],[70.522,33.9387],[70.6562,33.9547],[70.7913,33.9536],[70.8622,33.9648],[70.88,33.9943],[70.8843,34.007],[70.8943,34.0094],[70.9212,34.0022],[70.9397,34.0009],[70.954,34.0048],[70.9657,34.0138],[70.9771,34.0274],[70.9977,34.0333],[71.0467,34.0419],[71.0626,34.0543],[71.0673,34.073],[71.0639,34.0889],[71.0628,34.1053],[71.0739,34.1253],[71.1018,34.1518],[71.1081,34.1652],[71.1095,34.1892],[71.1065,34.2094],[71.0969,34.2443],[71.0971,34.2625],[71.1264,34.3322],[71.122,34.3568],[71.0509,34.3898],[71.0198,34.4144],[70.9915,34.4431],[70.9708,34.4689],[70.9612,34.4876],[70.9556,34.51],[70.957,34.532],[70.9687,34.5497],[70.9834,34.5553],[70.9858,34.5562],[71.007,34.5563],[71.0475,34.5511]]]}},{"type":"Feature","properties":{"id":"PAK-1110","name":"F.C.T.","nameBn":"ইসলামাবাদ রাজধানী অঞ্চল","type":"Capital Territory","bounds":[72.805,33.4923,73.3205,33.8043],"center":[73.0628,33.7011]},"geometry":{"type":"Polygon","coordinates":[[[72.9275,33.7275],[72.9755,33.7355],[72.997,33.7448],[73.0074,33.7547],[73.0162,33.7618],[73.0314,33.7711],[73.0434,33.7753],[73.0511,33.7771],[73.0885,33.7815],[73.1101,33.7895],[73.1155,33.7932],[73.1183,33.7957],[73.1262,33.8043],[73.1349,33.7996],[73.2153,33.769],[73.2288,33.7613],[73.2429,33.7507],[73.2743,33.7218],[73.3124,33.697],[73.3205,33.6871],[73.3205,33.6757],[73.3132,33.6634],[73.2871,33.6397],[73.2758,33.6263],[73.2386,33.5515],[73.2317,33.5433],[73.201,33.5158],[73.1894,33.503],[73.1875,33.5004],[73.1861,33.4989],[73.1825,33.4963],[73.1636,33.4923],[73.143,33.4965],[73.1166,33.5079],[73.1042,33.5155],[73.0966,33.525],[73.1002,33.5362],[73.1067,33.5495],[73.1084,33.5646],[73.1009,33.5834],[73.0907,33.6003],[73.0789,33.6138],[73.0663,33.6228],[73.0463,33.628],[73.0298,33.6278],[73.0103,33.6238],[72.9737,33.6128],[72.9391,33.5955],[72.9231,33.5846],[72.9018,33.5751],[72.8787,33.5714],[72.8548,33.5744],[72.8339,33.5896],[72.8174,33.6094],[72.805,33.6351],[72.8103,33.6619],[72.8328,33.686],[72.9275,33.7275]]]}},{"type":"Feature","properties":{"id":"PAK-1123","name":"K.P.","nameBn":"খাইবার পাখতুনখোয়া","type":"Province","bounds":[70.0678,31.2453,74.1247,36.8966],"center":[72.6402,34.9407]},"geometry":{"type":"Polygon","coordinates":[[[73.6401,36.8966],[73.7095,36.8942],[73.7111,36.8942],[73.7113,36.8942],[73.7118,36.8941],[73.7117,36.8932],[73.7089,36.8738],[73.7116,36.8618],[73.7117,36.8613],[73.7117,36.8611],[73.7145,36.8565],[73.7203,36.8511],[73.723,36.8494],[73.725,36.8481],[73.7302,36.8458],[73.7378,36.8434],[73.7748,36.8381],[73.7855,36.8344],[73.7978,36.8285],[73.7989,36.828],[73.8122,36.8164],[73.813,36.8157],[73.8681,36.7855],[73.869,36.785],[73.881,36.7765],[73.887,36.7708],[73.8872,36.7706],[73.8873,36.7705],[73.889,36.7644],[73.8911,36.7565],[73.8912,36.7561],[73.8921,36.7515],[73.8914,36.7467],[73.8873,36.738],[73.8864,36.734],[73.8866,36.7302],[73.8878,36.7256],[73.8881,36.7199],[73.8858,36.7142],[73.8793,36.7116],[73.874,36.711],[73.8542,36.7148],[73.8334,36.7214],[73.8019,36.7285],[73.7909,36.7292],[73.7872,36.7284],[73.7674,36.7176],[73.7616,36.7161],[73.7563,36.7164],[73.7363,36.7244],[73.7286,36.7265],[73.7212,36.7271],[73.7151,36.725],[73.6954,36.7104],[73.6841,36.7049],[73.6786,36.704],[73.6734,36.7045],[73.662,36.7091],[73.6549,36.7106],[73.6283,36.7097],[73.6223,36.7102],[73.6179,36.7122],[73.6171,36.7128],[73.6135,36.7156],[73.6076,36.7217],[73.5992,36.7326],[73.5951,36.7355],[73.5948,36.7355],[73.5907,36.7351],[73.5767,36.7292],[73.571,36.7277],[73.5654,36.7279],[73.5575,36.7312],[73.5532,36.7323],[73.5414,36.7328],[73.5199,36.7307],[73.514,36.7314],[73.4538,36.7472],[73.4297,36.7511],[73.416,36.7521],[73.3141,36.7211],[73.2963,36.7174],[73.2875,36.7172],[73.2708,36.7185],[73.2431,36.7165],[73.2179,36.7124],[73.2134,36.7129],[73.2085,36.7152],[73.2079,36.7157],[73.1924,36.7283],[73.1821,36.7339],[73.1765,36.7349],[73.1716,36.733],[73.142,36.714],[73.1306,36.7094],[73.0973,36.7028],[73.0782,36.7008],[73.0734,36.6985],[73.0713,36.695],[73.0715,36.6911],[73.0727,36.6859],[73.0734,36.6636],[73.0775,36.6511],[73.093,36.6177],[73.0955,36.6095],[73.0955,36.6066],[73.0945,36.6033],[73.0854,36.5901],[73.0722,36.5736],[73.0694,36.5687],[73.0662,36.5561],[73.0631,36.549],[73.055,36.5396],[73.0489,36.5351],[73.0422,36.5312],[72.9892,36.5145],[72.983,36.5113],[72.9799,36.5078],[72.9799,36.5043],[72.9818,36.5001],[72.9849,36.4956],[72.9885,36.4891],[72.9896,36.4838],[72.9883,36.4762],[72.9849,36.4728],[72.9808,36.4708],[72.956,36.4681],[72.926,36.4684],[72.9065,36.4656],[72.8957,36.4615],[72.8899,36.4571],[72.8885,36.4525],[72.8859,36.4389],[72.8861,36.414],[72.8874,36.4023],[72.8865,36.3971],[72.8836,36.392],[72.8769,36.3843],[72.8693,36.3797],[72.8384,36.374],[72.8302,36.3704],[72.8216,36.3646],[72.7845,36.3288],[72.7738,36.3227],[72.7673,36.32],[72.7527,36.3165],[72.7377,36.311],[72.7188,36.3001],[72.7139,36.2962],[72.6924,36.2711],[72.687,36.2692],[72.6809,36.2693],[72.6545,36.2781],[72.6429,36.279],[72.6334,36.2786],[72.6219,36.2766],[72.6075,36.2727],[72.5943,36.2642],[72.586,36.2578],[72.578,36.2499],[72.572,36.2427],[72.568,36.2368],[72.5649,36.2301],[72.5538,36.1891],[72.5514,36.1736],[72.5514,36.17],[72.5531,36.1665],[72.5606,36.1557],[72.5621,36.15],[72.5603,36.1439],[72.5344,36.1165],[72.5317,36.1123],[72.5303,36.1081],[72.5292,36.1026],[72.5291,36.0975],[72.5312,36.0911],[72.5352,36.0831],[72.5363,36.0797],[72.538,36.0764],[72.5412,36.0725],[72.5727,36.05],[72.5792,36.0428],[72.5807,36.0348],[72.5884,36.0187],[72.5891,36.0161],[72.5882,36.0128],[72.5156,35.904],[72.5567,35.8893],[72.6539,35.8548],[72.6559,35.8541],[72.75,35.8448],[72.7924,35.8376],[72.7985,35.8377],[72.8061,35.8387],[72.8089,35.8413],[72.8146,35.8481],[72.818,35.8512],[72.8562,35.8702],[72.8646,35.8728],[72.8722,35.8743],[72.9716,35.8781],[72.9778,35.8772],[72.9825,35.8758],[72.9857,35.8749],[73.0004,35.8688],[73.0005,35.8687],[73.0072,35.8651],[73.0088,35.8642],[73.0157,35.8614],[73.0165,35.8611],[73.0316,35.8568],[73.0422,35.8561],[73.0527,35.8565],[73.0596,35.8578],[73.0643,35.8595],[73.0681,35.8616],[73.0725,35.8649],[73.0806,35.8734],[73.0853,35.8765],[73.0864,35.8763],[73.088,35.876],[73.0882,35.8759],[73.0884,35.8759],[73.0906,35.8741],[73.0922,35.8711],[73.0943,35.8684],[73.1083,35.8562],[73.1191,35.8486],[73.1195,35.8483],[73.1197,35.8482],[73.1294,35.8429],[73.1488,35.8323],[73.1496,35.8319],[73.153,35.8281],[73.1547,35.8249],[73.1541,35.8213],[73.1513,35.8175],[73.1326,35.8024],[73.1299,35.7994],[73.1285,35.7963],[73.1231,35.7445],[73.1231,35.7369],[73.1238,35.7303],[73.1256,35.7248],[73.1292,35.7203],[73.1353,35.715],[73.2278,35.6637],[73.2403,35.6543],[73.2437,35.651],[73.2516,35.6451],[73.2823,35.6275],[73.29,35.6231],[73.2904,35.6228],[73.2968,35.6171],[73.2992,35.6132],[73.304,35.6024],[73.3067,35.6005],[73.3068,35.6005],[73.3071,35.6003],[73.3099,35.5993],[73.3108,35.599],[73.3251,35.5959],[73.3292,35.5955],[73.3489,35.5972],[73.3547,35.5968],[73.3657,35.595],[73.3662,35.5949],[73.3738,35.5924],[73.3743,35.5922],[73.3822,35.5884],[73.3825,35.5882],[73.3883,35.584],[73.3923,35.5802],[73.3949,35.5748],[73.3967,35.5698],[73.4089,35.5491],[73.4094,35.5483],[73.4095,35.5481],[73.4097,35.5478],[73.4426,35.5618],[73.4639,35.5579],[73.4655,35.5576],[73.4656,35.5576],[73.4657,35.5576],[73.5036,35.5346],[73.5043,35.5342],[73.5044,35.5341],[73.5048,35.5339],[73.5661,35.5418],[73.6295,35.543],[73.7578,35.5271],[73.7584,35.527],[73.7716,35.5221],[73.7719,35.522],[73.7721,35.522],[73.7779,35.5057],[73.7785,35.5023],[73.7817,35.4609],[73.7826,35.4569],[73.7841,35.4529],[73.7847,35.4499],[73.7842,35.4471],[73.7815,35.4447],[73.7769,35.4424],[73.7675,35.4393],[73.7425,35.4278],[73.7275,35.4176],[73.7259,35.4152],[73.7244,35.4125],[73.7229,35.4085],[73.7172,35.398],[73.6942,35.3664],[73.6916,35.3611],[73.6902,35.3574],[73.6899,35.3545],[73.6906,35.3485],[73.6908,35.3452],[73.6873,35.3177],[73.6871,35.3136],[73.6874,35.3101],[73.6889,35.3067],[73.7184,35.2641],[73.72,35.2589],[73.7203,35.2546],[73.7176,35.2393],[73.7151,35.234],[73.7148,35.2302],[73.7155,35.2251],[73.7221,35.2157],[73.7278,35.2115],[73.7315,35.2097],[73.7321,35.2095],[73.7322,35.2094],[73.7323,35.2094],[73.7357,35.2093],[73.7387,35.2098],[73.7419,35.2112],[73.7458,35.2138],[73.7666,35.2312],[73.7699,35.2332],[73.7731,35.2345],[73.7763,35.2351],[73.8012,35.2349],[73.8084,35.2337],[73.8096,35.2335],[73.813,35.2325],[73.8211,35.2302],[73.8393,35.2218],[73.8589,35.2046],[73.8634,35.2027],[73.8642,35.2024],[73.8643,35.2023],[73.8699,35.2026],[73.8878,35.2081],[73.8977,35.2069],[73.8984,35.2068],[73.9101,35.2033],[73.915,35.2017],[73.9243,35.1989],[73.9492,35.1726],[73.9541,35.1707],[73.9581,35.1698],[73.9585,35.1697],[73.9588,35.1696],[73.9607,35.1692],[73.9684,35.1725],[73.9767,35.1743],[73.9923,35.1753],[73.9947,35.1748],[73.9948,35.1747],[73.9987,35.1739],[74.0026,35.1713],[74.004,35.1682],[74.0064,35.1652],[74.0085,35.1634],[74.0255,35.1496],[74.0315,35.1468],[74.0362,35.1454],[74.037,35.1451],[74.0516,35.1439],[74.0791,35.1416],[74.0793,35.1416],[74.0973,35.1419],[74.098,35.1419],[74.0981,35.1419],[74.1004,35.1411],[74.1019,35.1405],[74.1022,35.14],[74.1035,35.138],[74.103,35.1349],[74.1017,35.1306],[74.1024,35.1265],[74.1052,35.1214],[74.1193,35.1112],[74.1231,35.1075],[74.1244,35.1051],[74.1244,35.105],[74.1247,35.0992],[74.0994,35.0927],[74.0884,35.085],[74.0812,35.0783],[74.0811,35.0783],[74.0765,35.072],[74.0676,35.0554],[74.066,35.0497],[74.0662,35.0455],[74.0676,35.0423],[74.0691,35.0399],[74.0696,35.0391],[74.0708,35.038],[74.0727,35.0363],[74.0749,35.035],[74.076,35.0343],[74.0881,35.0296],[74.0927,35.0267],[74.0977,35.0214],[74.1013,35.0139],[74.1004,35.0101],[74.1003,35.0096],[74.0975,35.0066],[74.0919,35.0034],[74.0855,34.9997],[74.0853,34.9996],[74.0756,34.9911],[74.0669,34.9818],[74.0644,34.9743],[74.063,34.9655],[74.064,34.9502],[74.0615,34.9417],[74.0568,34.9329],[74.0542,34.9308],[74.0526,34.9295],[74.0417,34.9229],[74.0415,34.9227],[74.0367,34.9173],[74.0343,34.9147],[74.0342,34.9145],[74.0299,34.9051],[74.0242,34.8881],[74.0225,34.8861],[74.018,34.8808],[74.0178,34.8807],[74.0157,34.879],[74.0124,34.8763],[74.0121,34.8762],[74.0005,34.8724],[73.9891,34.8688],[73.9839,34.8677],[73.9782,34.8666],[73.9622,34.8652],[73.9546,34.8628],[73.9544,34.8627],[73.9477,34.8581],[73.9474,34.8579],[73.9425,34.8538],[73.9372,34.8494],[73.9301,34.8394],[73.93,34.8393],[73.9287,34.8381],[73.9253,34.8349],[73.9238,34.8335],[73.9162,34.8286],[73.911,34.8261],[73.9081,34.8247],[73.8899,34.8129],[73.8896,34.8127],[73.8874,34.8119],[73.884,34.8107],[73.8838,34.8107],[73.8411,34.8141],[73.8195,34.8105],[73.8156,34.8091],[73.7974,34.7981],[73.7966,34.7975],[73.7891,34.7941],[73.7837,34.7925],[73.7772,34.7916],[73.7584,34.7925],[73.7506,34.79],[73.7504,34.7899],[73.7402,34.7848],[73.7188,34.7713],[73.7087,34.7633],[73.7013,34.7557],[73.6942,34.7446],[73.6856,34.7233],[73.6808,34.7153],[73.6508,34.6767],[73.649,34.6725],[73.6479,34.6678],[73.6492,34.6631],[73.6512,34.659],[73.6579,34.6495],[73.6597,34.644],[73.6603,34.639],[73.6595,34.6336],[73.6389,34.5855],[73.6292,34.5694],[73.6249,34.5654],[73.6234,34.564],[73.6233,34.564],[73.6184,34.564],[73.616,34.5668],[73.6138,34.5692],[73.6101,34.5756],[73.6079,34.5807],[73.6078,34.5809],[73.6065,34.583],[73.6053,34.5849],[73.6004,34.5873],[73.5932,34.5883],[73.5912,34.5883],[73.5832,34.5884],[73.5746,34.5872],[73.5658,34.5849],[73.5528,34.5795],[73.534,34.5716],[73.5331,34.5715],[73.5289,34.5711],[73.5269,34.5711],[73.5247,34.5712],[73.5039,34.5746],[73.4989,34.575],[73.4975,34.575],[73.4941,34.5749],[73.4641,34.5706],[73.4636,34.5703],[73.4545,34.5664],[73.4501,34.5626],[73.4471,34.558],[73.4462,34.5538],[73.4457,34.5492],[73.4456,34.5404],[73.445,34.5369],[73.4432,34.5334],[73.4381,34.526],[73.4367,34.5222],[73.4361,34.5173],[73.4378,34.4911],[73.4375,34.4877],[73.4366,34.4846],[73.4353,34.4818],[73.429,34.4729],[73.4278,34.4705],[73.4275,34.47],[73.4268,34.466],[73.4269,34.4357],[73.4259,34.4303],[73.4254,34.4283],[73.4203,34.4096],[73.4151,34.3976],[73.4038,34.3809],[73.4002,34.3755],[73.4071,34.355],[73.4472,34.306],[73.4555,34.2922],[73.4595,34.2824],[73.4741,34.2692],[73.4741,34.269],[73.4904,34.1984],[73.4914,34.1813],[73.4896,34.1496],[73.4894,34.1465],[73.4898,34.1401],[73.4904,34.1295],[73.4908,34.1282],[73.5085,34.0684],[73.5184,34.0094],[73.5186,34.0085],[73.5186,34.0083],[73.5186,34.0078],[73.5089,34.011],[73.5044,34.015],[73.4986,34.0181],[73.4921,34.0181],[73.484,34.0128],[73.4646,34.0054],[73.4583,34.0042],[73.4527,34.0013],[73.447,33.9966],[73.4288,33.9708],[73.4241,33.9664],[73.4172,33.9624],[73.4089,33.9611],[73.4032,33.9613],[73.3993,33.9625],[73.3879,33.9688],[73.3824,33.9701],[73.3759,33.9699],[73.3698,33.9687],[73.3644,33.9656],[73.3583,33.96],[73.356,33.9506],[73.3582,33.9451],[73.3611,33.9412],[73.3621,33.9383],[73.361,33.9351],[73.3307,33.8998],[73.325,33.8911],[73.3218,33.884],[73.3211,33.8797],[73.3199,33.8752],[73.3168,33.8708],[73.3119,33.8676],[73.2892,33.8591],[73.2718,33.8496],[73.2407,33.8392],[73.2164,33.8218],[73.1928,33.8085],[73.1451,33.8106],[73.1262,33.8043],[73.1183,33.7957],[73.1155,33.7932],[73.1101,33.7895],[73.0885,33.7815],[73.0511,33.7771],[73.0434,33.7753],[73.0314,33.7711],[73.0162,33.7618],[73.0074,33.7547],[72.997,33.7448],[72.9755,33.7355],[72.9275,33.7275],[72.9263,33.7399],[72.9284,33.7428],[72.9291,33.7466],[72.9272,33.7491],[72.9206,33.7498],[72.9071,33.7487],[72.9009,33.7489],[72.8949,33.7507],[72.8839,33.7568],[72.879,33.7581],[72.8567,33.7557],[72.8495,33.7557],[72.8447,33.7571],[72.8416,33.7618],[72.8404,33.7691],[72.8429,33.785],[72.8469,33.7916],[72.8526,33.7959],[72.8588,33.7981],[72.8658,33.8015],[72.87,33.8042],[72.873,33.8073],[72.875,33.8103],[72.8764,33.8141],[72.8764,33.8177],[72.8741,33.8217],[72.8661,33.8257],[72.8588,33.8284],[72.8523,33.828],[72.8463,33.8256],[72.8419,33.8246],[72.837,33.8248],[72.8331,33.8256],[72.8285,33.8272],[72.8249,33.8303],[72.824,33.8337],[72.8286,33.8396],[72.8365,33.8442],[72.8396,33.8471],[72.8415,33.8502],[72.8424,33.8541],[72.843,33.8681],[72.8426,33.8721],[72.8416,33.8773],[72.8373,33.8827],[72.8337,33.8851],[72.8117,33.8832],[72.7937,33.8996],[72.7898,33.9043],[72.7887,33.9082],[72.7893,33.9121],[72.7909,33.9161],[72.7974,33.9273],[72.7969,33.9307],[72.7945,33.9349],[72.7892,33.9405],[72.7845,33.9446],[72.7785,33.9482],[72.7738,33.9496],[72.7667,33.947],[72.7607,33.9435],[72.7401,33.9247],[72.7378,33.9216],[72.7364,33.9181],[72.7366,33.9152],[72.738,33.909],[72.7378,33.9061],[72.7358,33.9037],[72.7319,33.9023],[72.7208,33.8997],[72.7161,33.8965],[72.7121,33.8912],[72.7034,33.8766],[72.6982,33.8696],[72.6944,33.8654],[72.6902,33.8626],[72.6857,33.8607],[72.6737,33.8575],[72.6599,33.8554],[72.6528,33.8572],[72.6449,33.8612],[72.6228,33.8765],[72.6179,33.8811],[72.6159,33.8852],[72.6162,33.8914],[72.6177,33.8956],[72.6205,33.8997],[72.6321,33.9109],[72.6388,33.9152],[72.6469,33.9187],[72.6508,33.921],[72.6537,33.9242],[72.6548,33.9277],[72.6519,33.9325],[72.6458,33.9367],[72.6321,33.9414],[72.6154,33.945],[72.5713,33.9495],[72.5656,33.9514],[72.5586,33.9573],[72.5513,33.9651],[72.542,33.9891],[72.5255,34.0212],[72.5097,34.0228],[72.4678,34.0206],[72.4309,34.0115],[72.3989,33.9933],[72.367,33.9695],[72.3486,33.9611],[72.2553,33.9445],[72.2406,33.9381],[72.2261,33.9014],[72.2415,33.8049],[72.2344,33.7661],[72.2233,33.7744],[72.211,33.7766],[72.1984,33.7736],[72.1866,33.7661],[72.1721,33.7732],[72.1528,33.7774],[72.115,33.7798],[72.0876,33.79],[72.0832,33.7883],[72.0631,33.7661],[72.0531,33.761],[72.032,33.7541],[72.0221,33.7463],[72.0104,33.7162],[72.0051,33.7115],[71.9993,33.7036],[71.9796,33.6646],[71.9743,33.6501],[71.972,33.5983],[71.9534,33.5707],[71.9533,33.5601],[71.9558,33.5473],[71.9533,33.5265],[71.945,33.5158],[71.9021,33.4887],[71.8974,33.4817],[71.8927,33.4681],[71.8884,33.4614],[71.8797,33.452],[71.8738,33.4436],[71.8727,33.4347],[71.8782,33.4235],[71.868,33.421],[71.8637,33.4154],[71.8597,33.4089],[71.8508,33.4036],[71.842,33.4023],[71.813,33.4036],[71.797,33.4002],[71.741,33.3757],[71.7233,33.3554],[71.7227,33.3362],[71.7252,33.3188],[71.7171,33.3037],[71.7049,33.2898],[71.6993,33.2727],[71.7035,33.2567],[71.7211,33.246],[71.7131,33.246],[71.7269,33.2313],[71.7409,33.2195],[71.7514,33.2055],[71.7547,33.1839],[71.7499,33.1636],[71.7405,33.1501],[71.7299,33.1398],[71.7211,33.1293],[71.7131,33.111],[71.7112,33.0944],[71.7121,33.0728],[71.7004,33.0616],[71.6521,33.0793],[71.6428,33.0854],[71.6325,33.0942],[71.6151,33.1132],[71.6065,33.1248],[71.6,33.1363],[71.5978,33.1423],[71.5962,33.1495],[71.595,33.1796],[71.5936,33.1866],[71.5905,33.1925],[71.5832,33.2005],[71.5711,33.2097],[71.5453,33.2236],[71.5384,33.2255],[71.4981,33.2132],[71.4896,33.2134],[71.4806,33.2154],[71.4533,33.2261],[71.4457,33.2308],[71.4395,33.2357],[71.4359,33.242],[71.4272,33.2473],[71.4189,33.2414],[71.4162,33.2335],[71.4108,33.2111],[71.4125,33.1988],[71.4173,33.1909],[71.4221,33.1875],[71.4252,33.1846],[71.4269,33.1814],[71.428,33.1766],[71.4283,33.1727],[71.4282,33.1676],[71.4283,33.1641],[71.4291,33.1607],[71.4376,33.147],[71.4462,33.1373],[71.4474,33.1327],[71.4373,33.0886],[71.4376,33.0796],[71.4393,33.0751],[71.4426,33.0749],[71.4459,33.0752],[71.45,33.0762],[71.4542,33.0763],[71.4586,33.0749],[71.4631,33.0696],[71.4659,33.0649],[71.4674,33.06],[71.4674,33.0558],[71.4655,33.0485],[71.4612,33.0409],[71.4488,33.0244],[71.4429,33.0194],[71.4355,33.0162],[71.4231,33.0134],[71.4114,33.0131],[71.4019,33.0108],[71.3883,33.005],[71.3804,33.0039],[71.372,33.0043],[71.3653,33.0036],[71.3571,33.0009],[71.3461,32.9961],[71.338,32.9975],[71.3337,32.9992],[71.3309,33.0017],[71.3275,33.0033],[71.3155,33.0062],[71.3107,33.0082],[71.3039,33.0128],[71.3006,33.0137],[71.2971,33.0135],[71.2328,32.9915],[71.2229,32.9857],[71.2075,32.9788],[71.1957,32.9747],[71.1881,32.9699],[71.1796,32.9631],[71.1554,32.9297],[71.1492,32.9164],[71.1448,32.8997],[71.1374,32.8263],[71.1338,32.8111],[71.1225,32.8016],[71.1127,32.7983],[71.1094,32.7959],[71.1063,32.7915],[71.1091,32.7818],[71.1441,32.7185],[71.1484,32.6989],[71.1481,32.6794],[71.149,32.6711],[71.1597,32.6353],[71.1644,32.6072],[71.1682,32.5983],[71.174,32.5922],[71.1863,32.587],[71.1939,32.5858],[71.2015,32.5856],[71.2455,32.5931],[71.2497,32.5934],[71.2549,32.5923],[71.2584,32.5899],[71.2617,32.5843],[71.2603,32.5666],[71.2457,32.5245],[71.2491,32.511],[71.2544,32.5016],[71.2598,32.4962],[71.264,32.4934],[71.2688,32.4929],[71.273,32.4948],[71.2775,32.4998],[71.28,32.5035],[71.2835,32.5108],[71.286,32.5143],[71.2896,32.5168],[71.295,32.518],[71.2992,32.5198],[71.302,32.5218],[71.3036,32.5244],[71.3048,32.5271],[71.3085,32.5339],[71.3124,32.5369],[71.3177,32.5379],[71.3256,32.5375],[71.3332,32.5348],[71.3368,32.531],[71.3378,32.5263],[71.338,32.5193],[71.3399,32.5156],[71.3439,32.513],[71.3499,32.5018],[71.3468,32.4324],[71.3408,32.4152],[71.3316,32.3994],[71.2941,32.3562],[71.2837,32.34],[71.2789,32.3224],[71.2785,32.3022],[71.2767,32.2927],[71.2721,32.283],[71.2521,32.2546],[71.2474,32.2437],[71.2368,32.202],[71.229,32.1819],[71.2159,32.1657],[71.207,32.1598],[71.1779,32.1473],[71.1682,32.1409],[71.1324,32.1059],[71.1237,32.0942],[71.1175,32.0812],[71.1149,32.0666],[71.1146,32.0476],[71.1125,32.0392],[71.1071,32.0307],[71.0704,31.9992],[71.055,31.9823],[71.0372,31.9403],[71.0233,31.926],[71.0075,31.913],[70.9931,31.898],[70.9836,31.8794],[70.9741,31.8388],[70.9672,31.819],[70.9239,31.7446],[70.906,31.7216],[70.8995,31.7097],[70.8995,31.6953],[70.9044,31.6789],[70.905,31.6731],[70.9035,31.6639],[70.8546,31.5524],[70.8638,31.5362],[70.8686,31.5299],[70.8815,31.5169],[70.8852,31.5115],[70.8854,31.5074],[70.8804,31.5044],[70.8727,31.5018],[70.8683,31.4974],[70.8663,31.4905],[70.8756,31.4675],[70.8764,31.4614],[70.8736,31.4367],[70.8706,31.4247],[70.8672,31.4199],[70.8612,31.4143],[70.8478,31.4076],[70.8326,31.4035],[70.828,31.3992],[70.8249,31.3956],[70.8163,31.3646],[70.82,31.3564],[70.8208,31.3524],[70.8196,31.3465],[70.8157,31.3404],[70.7929,31.3199],[70.7781,31.2942],[70.7588,31.3023],[70.7512,31.3073],[70.7397,31.3181],[70.735,31.3212],[70.7296,31.3232],[70.7227,31.3243],[70.7144,31.3233],[70.7007,31.3204],[70.656,31.3039],[70.6466,31.3028],[70.6326,31.3049],[70.6223,31.3076],[70.5888,31.3212],[70.5705,31.3257],[70.5598,31.3248],[70.5491,31.3214],[70.5255,31.3046],[70.5173,31.3003],[70.5094,31.2979],[70.4945,31.2959],[70.4861,31.2958],[70.4703,31.298],[70.4619,31.296],[70.454,31.2908],[70.442,31.2773],[70.4366,31.2696],[70.4337,31.2633],[70.4313,31.2569],[70.429,31.2522],[70.4273,31.2503],[70.4172,31.2453],[70.4006,31.2471],[70.2358,31.7238],[70.2203,31.7461],[70.2175,31.752],[70.2076,31.8096],[70.208,31.8131],[70.2115,31.8255],[70.2142,31.8412],[70.2146,31.8485],[70.213,31.8757],[70.211,31.8857],[70.1728,31.9938],[70.1336,32.0226],[70.1232,32.0409],[70.1146,32.0773],[70.099,32.1115],[70.0715,32.1476],[70.0684,32.1526],[70.0678,32.1554],[70.0681,32.1586],[70.0712,32.1737],[70.0743,32.1814],[70.0862,32.196],[70.0966,32.2053],[70.1201,32.2225],[70.1589,32.2442],[70.1638,32.2479],[70.1714,32.2554],[70.1832,32.271],[70.1944,32.2917],[70.1998,32.2969],[70.2049,32.3006],[70.211,32.3036],[70.2146,32.3048],[70.2181,32.3055],[70.2495,32.3084],[70.2532,32.308],[70.2653,32.3045],[70.2704,32.3038],[70.2749,32.3039],[70.2796,32.3045],[70.2836,32.3053],[70.2937,32.3096],[70.3159,32.322],[70.3421,32.3416],[70.3471,32.3467],[70.3674,32.3758],[70.3718,32.38],[70.4045,32.4036],[70.4265,32.4254],[70.4326,32.4352],[70.4375,32.4463],[70.4423,32.4617],[70.4518,32.4841],[70.4587,32.4959],[70.4636,32.502],[70.4678,32.5045],[70.4712,32.5054],[70.4746,32.5059],[70.4781,32.506],[70.4852,32.5053],[70.4937,32.5029],[70.5603,32.4705],[70.5663,32.4694],[70.5732,32.47],[70.5836,32.4751],[70.5876,32.4789],[70.5892,32.4834],[70.5887,32.4868],[70.5867,32.4939],[70.5786,32.513],[70.4075,32.696],[70.3921,32.7167],[70.3871,32.7181],[70.378,32.7194],[70.3753,32.7209],[70.3745,32.7236],[70.3786,32.7394],[70.379,32.7461],[70.3801,32.7527],[70.3766,32.7816],[70.3767,32.8296],[70.3784,32.8352],[70.3815,32.8417],[70.3859,32.8427],[70.3896,32.8429],[70.393,32.8427],[70.3996,32.8491],[70.4089,32.8611],[70.4392,32.9094],[70.4667,32.9418],[70.4725,32.9528],[70.4956,33.0186],[70.4985,33.0217],[70.5078,33.025],[70.515,33.0288],[70.5283,33.0403],[70.5431,33.0497],[70.5488,33.0516],[70.5536,33.0522],[70.5782,33.0453],[70.584,33.0447],[70.5892,33.0447],[70.5975,33.0457],[70.6189,33.0429],[70.6237,33.043],[70.628,33.0425],[70.6325,33.0425],[70.6432,33.0444],[70.6489,33.0462],[70.6641,33.0488],[70.6838,33.0549],[70.7068,33.0586],[70.7161,33.0609],[70.7288,33.0661],[70.737,33.0726],[70.753,33.0897],[70.7602,33.0943],[70.7682,33.0975],[70.7915,33.102],[70.8556,33.1626],[70.871,33.1824],[70.872,33.1886],[70.8711,33.193],[70.8683,33.1973],[70.8638,33.2015],[70.859,33.2039],[70.8345,33.2113],[70.8146,33.2152],[70.801,33.2197],[70.7957,33.2209],[70.7902,33.2213],[70.7802,33.2207],[70.7764,33.2213],[70.7636,33.2247],[70.7597,33.2252],[70.7376,33.2248],[70.7058,33.2278],[70.6947,33.23],[70.6919,33.232],[70.6903,33.2344],[70.6899,33.2373],[70.6902,33.2403],[70.6961,33.2565],[70.6939,33.2585],[70.6894,33.26],[70.6828,33.2612],[70.6706,33.2618],[70.6653,33.2627],[70.6329,33.2732],[70.6278,33.2742],[70.616,33.2742],[70.6075,33.2755],[70.5991,33.2778],[70.5845,33.2834],[70.56,33.3133],[70.551,33.3501],[70.5446,33.36],[70.5338,33.3633],[70.5005,33.3802],[70.4878,33.3891],[70.4829,33.3943],[70.4807,33.3986],[70.481,33.402],[70.4827,33.4093],[70.4838,33.4131],[70.4857,33.4162],[70.4884,33.42],[70.5019,33.4278],[70.5078,33.4303],[70.5238,33.4334],[70.5381,33.4348],[70.5491,33.437],[70.5604,33.4376],[70.5747,33.437],[70.5805,33.4373],[70.5854,33.4382],[70.591,33.4403],[70.6009,33.4466],[70.6295,33.4741],[70.637,33.4794],[70.6407,33.4806],[70.6449,33.4812],[70.6666,33.4819],[70.6843,33.4845],[70.7127,33.494],[70.7173,33.4943],[70.7227,33.4941],[70.7303,33.4957],[70.7345,33.4994],[70.7373,33.5048],[70.7379,33.509],[70.7372,33.5175],[70.735,33.5277],[70.7348,33.5309],[70.735,33.5343],[70.7356,33.5377],[70.7397,33.5525],[70.7538,33.5812],[70.7592,33.5873],[70.765,33.5908],[70.7825,33.5926],[70.8156,33.574],[70.8318,33.569],[70.9921,33.5559],[71.0,33.5569],[71.0213,33.5646],[71.032,33.5712],[71.0416,33.5786],[71.0488,33.5823],[71.0612,33.5862],[71.1001,33.5942],[71.1053,33.5968],[71.1065,33.5996],[71.1048,33.6031],[71.1012,33.6054],[71.0961,33.6077],[71.0919,33.6091],[71.088,33.6109],[71.0854,33.613],[71.0839,33.6159],[71.0835,33.6186],[71.0845,33.6218],[71.0863,33.6246],[71.0922,33.6301],[71.0958,33.6327],[71.1082,33.6389],[71.145,33.6505],[71.1442,33.6625],[71.1301,33.6904],[71.1287,33.6955],[71.1296,33.7364],[71.1312,33.7418],[71.1352,33.7431],[71.1397,33.743],[71.1575,33.7385],[71.165,33.7353],[71.1802,33.7256],[71.1848,33.7241],[71.191,33.7247],[71.196,33.7244],[71.201,33.7233],[71.2046,33.7207],[71.2074,33.7169],[71.2123,33.7054],[71.2143,33.7026],[71.2305,33.6884],[71.2539,33.6749],[71.3021,33.6539],[71.3189,33.6448],[71.327,33.6376],[71.333,33.6337],[71.3453,33.6292],[71.3521,33.6289],[71.3575,33.6301],[71.3646,33.6365],[71.3725,33.6402],[71.3832,33.6429],[71.4257,33.6454],[71.4479,33.6506],[71.4548,33.6509],[71.4606,33.6505],[71.475,33.6477],[71.6029,33.6401],[71.6127,33.6434],[71.6243,33.6459],[71.6314,33.6459],[71.6363,33.6448],[71.6394,33.6427],[71.6425,33.6396],[71.6443,33.6367],[71.6467,33.6321],[71.6474,33.6279],[71.6474,33.6236],[71.646,33.6201],[71.6433,33.6166],[71.6388,33.6131],[71.6294,33.6081],[71.6195,33.6039],[71.5852,33.5943],[71.574,33.5899],[71.5689,33.5863],[71.5656,33.5824],[71.5644,33.5787],[71.5652,33.5754],[71.5718,33.5687],[71.5785,33.565],[71.5879,33.5609],[71.6113,33.5538],[71.6527,33.5495],[71.6738,33.5517],[71.701,33.562],[71.7584,33.5911],[71.7716,33.5998],[71.7829,33.6048],[71.8178,33.6145],[71.8274,33.6184],[71.8318,33.6207],[71.8355,33.6233],[71.838,33.6264],[71.8394,33.6297],[71.8397,33.6331],[71.8384,33.6358],[71.8363,33.6379],[71.8257,33.6451],[71.7911,33.6645],[71.7882,33.6669],[71.7871,33.6695],[71.7866,33.6725],[71.7878,33.6757],[71.7902,33.6795],[71.8115,33.7003],[71.817,33.7077],[71.8222,33.7159],[71.8529,33.7532],[71.8563,33.7589],[71.8597,33.7671],[71.8585,33.7711],[71.856,33.7769],[71.8529,33.7795],[71.8491,33.7811],[71.8231,33.7817],[71.7903,33.7865],[71.7832,33.7887],[71.7754,33.7921],[71.7638,33.8007],[71.7587,33.806],[71.7547,33.8135],[71.7458,33.8352],[71.7407,33.8406],[71.7363,33.8432],[71.7324,33.8422],[71.729,33.84],[71.7241,33.8329],[71.7194,33.8212],[71.6993,33.7912],[71.6859,33.7795],[71.6544,33.7613],[71.5981,33.7366],[71.5517,33.7295],[71.5425,33.7293],[71.5314,33.7301],[71.5252,33.7312],[71.5208,33.7325],[71.5174,33.7345],[71.5149,33.7378],[71.509,33.7483],[71.5006,33.7755],[71.4995,33.7809],[71.4989,33.7887],[71.5008,33.806],[71.5005,33.8114],[71.4989,33.8161],[71.4961,33.8199],[71.4932,33.8233],[71.483,33.8313],[71.4459,33.8541],[71.4324,33.8642],[71.4291,33.8683],[71.4271,33.872],[71.4269,33.8749],[71.4269,33.878],[71.4299,33.8981],[71.4296,33.9043],[71.4246,33.9263],[71.4169,33.9395],[71.4094,33.9481],[71.4016,33.9552],[71.3929,33.9606],[71.3864,33.9664],[71.3793,33.9795],[71.3771,33.9867],[71.3763,33.9916],[71.3773,34.0008],[71.3771,34.0019],[71.3777,34.0113],[71.3782,34.0132],[71.3791,34.0156],[71.3839,34.0244],[71.3864,34.0307],[71.3853,34.0406],[71.3807,34.0612],[71.3794,34.0647],[71.3669,34.0781],[71.366,34.0799],[71.3667,34.0844],[71.3672,34.0858],[71.3678,34.0868],[71.37,34.0891],[71.3736,34.0919],[71.3773,34.0942],[71.3784,34.095],[71.3794,34.0982],[71.3796,34.1025],[71.3788,34.1127],[71.3779,34.1168],[71.3765,34.1194],[71.3715,34.1216],[71.3633,34.1273],[71.3607,34.1285],[71.3559,34.1299],[71.3529,34.1304],[71.3501,34.1313],[71.347,34.1326],[71.3422,34.1354],[71.3408,34.1368],[71.3402,34.1381],[71.3427,34.1436],[71.3428,34.1445],[71.3428,34.1459],[71.3427,34.1475],[71.3414,34.1521],[71.3413,34.1536],[71.3416,34.1545],[71.342,34.1554],[71.344,34.1582],[71.3479,34.1617],[71.4246,34.1795],[71.4271,34.1816],[71.4294,34.1843],[71.4297,34.1851],[71.4296,34.1859],[71.4348,34.1902],[71.4519,34.1998],[71.4527,34.2006],[71.4545,34.2019],[71.4607,34.2052],[71.4929,34.2269],[71.5019,34.241],[71.5306,34.2608],[71.5342,34.2642],[71.5376,34.2745],[71.5377,34.2759],[71.5376,34.2771],[71.5373,34.2781],[71.5366,34.2788],[71.536,34.2791],[71.5342,34.2796],[71.5331,34.2801],[71.5322,34.2807],[71.5312,34.2817],[71.5306,34.2825],[71.5309,34.2846],[71.5373,34.3011],[71.5371,34.3018],[71.5366,34.3025],[71.5353,34.3044],[71.5345,34.306],[71.5331,34.3098],[71.5331,34.3118],[71.5334,34.3132],[71.5353,34.3149],[71.5542,34.3286],[71.5571,34.3316],[71.5585,34.334],[71.5585,34.3363],[71.5584,34.3407],[71.5591,34.3432],[71.5599,34.3448],[71.561,34.3458],[71.5641,34.3476],[71.5663,34.3486],[71.5735,34.3539],[71.5865,34.3663],[71.5874,34.3668],[71.5885,34.367],[71.5894,34.367],[71.5934,34.3653],[71.5951,34.3649],[71.5979,34.3648],[71.599,34.3648],[71.6001,34.3646],[71.6017,34.3638],[71.6052,34.3613],[71.6096,34.3571],[71.6105,34.3564],[71.6122,34.3556],[71.6148,34.3548],[71.6189,34.3538],[71.6207,34.354],[71.6217,34.3549],[71.622,34.3563],[71.622,34.3598],[71.6204,34.367],[71.6206,34.3683],[71.6207,34.3691],[71.6215,34.3708],[71.6231,34.3801],[71.6237,34.3822],[71.6243,34.3835],[71.6305,34.3853],[71.6328,34.3856],[71.6382,34.3851],[71.6414,34.3858],[71.645,34.387],[71.6526,34.3907],[71.6553,34.3925],[71.6567,34.3941],[71.6564,34.3948],[71.656,34.3956],[71.6535,34.3981],[71.6529,34.3988],[71.6526,34.3999],[71.6524,34.4014],[71.6524,34.4027],[71.6527,34.4037],[71.6544,34.4068],[71.6563,34.4161],[71.6569,34.4181],[71.6583,34.4198],[71.6603,34.4211],[71.6671,34.427],[71.669,34.428],[71.6698,34.4283],[71.6741,34.4291],[71.6757,34.4299],[71.6772,34.4309],[71.6802,34.4331],[71.6843,34.4354],[71.6926,34.4376],[71.6839,34.4589],[71.6798,34.4636],[71.6789,34.4636],[71.6783,34.4636],[71.6778,34.4635],[71.6755,34.4625],[71.6732,34.4622],[71.6699,34.4623],[71.6628,34.4634],[71.66,34.4643],[71.6584,34.4653],[71.6577,34.4679],[71.6575,34.4693],[71.6575,34.4705],[71.6577,34.4721],[71.6591,34.477],[71.6591,34.4782],[71.6578,34.483],[71.6533,34.493],[71.6533,34.4939],[71.6547,34.4969],[71.6549,34.4978],[71.6403,34.5369],[71.6603,34.5552],[71.6645,34.5603],[71.6633,34.57],[71.6642,34.5765],[71.6732,34.608],[71.6766,34.6164],[71.6792,34.6211],[71.6825,34.6218],[71.6853,34.6236],[71.686,34.6242],[71.687,34.6247],[71.6881,34.6251],[71.6902,34.6255],[71.6961,34.6299],[71.7112,34.6437],[71.7135,34.6451],[71.7213,34.6512],[71.7222,34.6513],[71.7231,34.6513],[71.7241,34.6512],[71.7253,34.6506],[71.7301,34.6474],[71.7318,34.6467],[71.7329,34.6464],[71.7355,34.6463],[71.7573,34.6602],[71.7634,34.6909],[71.7635,34.7023],[71.7624,34.7111],[71.761,34.7173],[71.7606,34.718],[71.7603,34.7188],[71.7589,34.7207],[71.7575,34.7233],[71.7554,34.7288],[71.7568,34.7312],[71.7603,34.7329],[71.7669,34.7336],[71.7699,34.7347],[71.7728,34.7375],[71.7826,34.7497],[71.7871,34.7521],[71.7927,34.7533],[71.7981,34.7558],[71.7987,34.7584],[71.7923,34.7656],[71.7886,34.7709],[71.7837,34.781],[71.779,34.7845],[71.7753,34.786],[71.7696,34.7851],[71.7649,34.7849],[71.7596,34.7854],[71.7462,34.7889],[71.7396,34.7915],[71.7329,34.7935],[71.6971,34.7983],[71.6914,34.7979],[71.6853,34.7968],[71.6701,34.7925],[71.6271,34.7727],[71.6201,34.7717],[71.6122,34.7735],[71.599,34.7788],[71.5813,34.792],[71.5793,34.7951],[71.5793,34.7973],[71.5801,34.8027],[71.5801,34.8065],[71.58,34.8074],[71.5771,34.8162],[71.5737,34.8215],[71.5714,34.8263],[71.5711,34.8272],[71.5708,34.8285],[71.5703,34.8333],[71.5698,34.8353],[71.5687,34.8381],[71.5678,34.8398],[71.565,34.8437],[71.5639,34.8458],[71.5636,34.8466],[71.5618,34.856],[71.5602,34.8586],[71.5588,34.8602],[71.5576,34.8607],[71.5504,34.8615],[71.5401,34.8647],[71.5181,34.8685],[71.4986,34.8773],[71.496,34.879],[71.4624,34.9143],[71.4479,34.9351],[71.4452,34.9378],[71.46,34.9427],[71.4696,34.9497],[71.4767,34.9603],[71.4854,34.9835],[71.4933,34.994],[71.4933,34.9941],[71.4934,34.9941],[71.5043,35.0006],[71.5113,35.0087],[71.513,35.0181],[71.5075,35.0282],[71.5089,35.072],[71.535,35.0986],[71.6041,35.1382],[71.6292,35.1701],[71.6379,35.1897],[71.6337,35.2031],[71.6032,35.2234],[71.5478,35.2756],[71.5298,35.3009],[71.5316,35.3279],[71.5623,35.3606],[71.6111,35.3955],[71.6209,35.4101],[71.6224,35.4296],[71.614,35.4432],[71.6007,35.4555],[71.5934,35.4642],[71.5878,35.4709],[71.5817,35.4931],[71.586,35.5121],[71.5929,35.5302],[71.5935,35.5494],[71.5842,35.5642],[71.5679,35.5742],[71.5128,35.5963],[71.4927,35.6096],[71.4833,35.6266],[71.4959,35.6466],[71.514,35.6656],[71.5198,35.6838],[71.5154,35.7015],[71.5027,35.7191],[71.4961,35.7246],[71.4814,35.7341],[71.4756,35.741],[71.4711,35.7523],[71.471,35.7613],[71.472,35.77],[71.4709,35.7799],[71.4644,35.7947],[71.431,35.8437],[71.4167,35.8588],[71.3713,35.8851],[71.3607,35.9003],[71.3564,35.9331],[71.3416,35.9473],[71.3125,35.9574],[71.2843,35.9625],[71.2574,35.9716],[71.2319,35.994],[71.2179,36.0027],[71.1819,36.0188],[71.1709,36.027],[71.1699,36.0308],[71.1659,36.0457],[71.1754,36.0612],[71.2076,36.0876],[71.2126,36.0968],[71.2177,36.1181],[71.2231,36.1254],[71.2623,36.1461],[71.2927,36.1579],[71.3021,36.1633],[71.309,36.1727],[71.314,36.194],[71.3191,36.2006],[71.3824,36.2186],[71.4028,36.2314],[71.4791,36.3005],[71.4958,36.3096],[71.5146,36.3152],[71.5389,36.3193],[71.5584,36.3279],[71.5527,36.341],[71.5422,36.3564],[71.5472,36.3716],[71.5723,36.3917],[71.5804,36.4023],[71.5887,36.4184],[71.6007,36.4493],[71.6104,36.4579],[71.6291,36.4595],[71.6493,36.4528],[71.7069,36.4214],[71.7363,36.3959],[71.751,36.3911],[71.7669,36.3918],[71.7826,36.3965],[71.7944,36.4076],[71.7915,36.4213],[71.7746,36.4484],[71.7732,36.48],[71.7938,36.4907],[71.8586,36.4942],[71.8747,36.4991],[71.8876,36.508],[71.8997,36.5183],[71.9135,36.5276],[71.9609,36.5496],[71.977,36.563],[71.9978,36.5724],[72.0388,36.5805],[72.055,36.5929],[72.0563,36.6019],[72.0522,36.6104],[72.0504,36.6186],[72.0591,36.6271],[72.0709,36.6323],[72.0961,36.6389],[72.1542,36.6455],[72.1716,36.6536],[72.1646,36.6701],[72.1496,36.6893],[72.1535,36.7021],[72.1697,36.7114],[72.2136,36.7264],[72.302,36.7427],[72.3462,36.7449],[72.3873,36.7558],[72.4331,36.7534],[72.4541,36.758],[72.5167,36.8006],[72.5652,36.8206],[72.6296,36.8329],[72.6959,36.8367],[72.7794,36.8268],[72.8677,36.8304],[72.8969,36.837],[72.9211,36.8474],[72.9459,36.8522],[72.9768,36.8421],[72.9905,36.8416],[73.0023,36.8461],[73.0263,36.8595],[73.0425,36.8643],[73.1918,36.877],[73.2235,36.8743],[73.2527,36.868],[73.2675,36.8665],[73.2819,36.868],[73.3318,36.8821],[73.3797,36.8792],[73.4459,36.8865],[73.4769,36.8829],[73.5093,36.8787],[73.6401,36.8966]]]}},{"type":"Feature","properties":{"id":"PAK-1111","name":"Northern Areas","nameBn":"গিলগিত-বালতিস্তান","type":"Centrally Administered Area","bounds":[72.5156,34.497,77.049,37.0545],"center":[74.9848,35.7864]},"geometry":{"type":"Polygon","coordinates":[[[75.9768,36.4618],[75.9811,36.4454],[75.9874,36.4212],[75.9686,36.3418],[75.9688,36.302],[75.9766,36.287],[76.0017,36.2615],[76.0119,36.2481],[76.0144,36.2304],[76.0016,36.2221],[75.9834,36.2154],[75.9701,36.2023],[75.9691,36.1917],[75.9774,36.1738],[75.9766,36.1628],[75.9715,36.155],[75.9642,36.1498],[75.9146,36.1239],[75.9014,36.1136],[75.8943,36.0974],[75.9,36.0635],[75.9223,36.0317],[75.953,36.0073],[75.9843,35.9956],[76.0614,35.9916],[76.09,35.9781],[76.1147,35.9418],[76.1238,35.9035],[76.1278,35.8621],[76.1381,35.8267],[76.166,35.8062],[76.1898,35.805],[76.2371,35.8155],[76.2604,35.8178],[76.2805,35.8142],[76.2966,35.8095],[76.312,35.8096],[76.3489,35.831],[76.3664,35.8309],[76.3841,35.8282],[76.4031,35.831],[76.4104,35.8368],[76.4224,35.8543],[76.4321,35.8605],[76.4429,35.8633],[76.454,35.8648],[76.4765,35.8653],[76.5002,35.8715],[76.5372,35.9025],[76.5555,35.8979],[76.5653,35.8655],[76.5511,35.784],[76.5708,35.7513],[76.6042,35.7357],[76.6767,35.7138],[76.709,35.694],[76.7329,35.6666],[76.7454,35.655],[76.7634,35.6471],[76.7774,35.6461],[76.9132,35.3783],[77.049,35.1104],[77.0424,35.107],[77.0231,35.0863],[77.0271,35.0621],[77.0352,35.0345],[77.0286,35.0034],[77.0131,34.9864],[76.953,34.9466],[76.9338,34.9289],[76.9211,34.9207],[76.9059,34.9231],[76.8796,34.9371],[76.8526,34.9433],[76.817,34.9408],[76.782,34.9309],[76.7576,34.9151],[76.7496,34.8921],[76.7533,34.8383],[76.7439,34.8193],[76.6526,34.747],[76.6396,34.7411],[76.5532,34.7258],[76.5358,34.7262],[76.5199,34.7311],[76.4765,34.7578],[76.4382,34.7629],[76.3999,34.7507],[76.262,34.6847],[76.155,34.6617],[76.1218,34.6609],[76.0583,34.6834],[76.0234,34.6772],[76.0075,34.6651],[75.9867,34.636],[75.9734,34.6223],[75.9662,34.6191],[75.9393,34.612],[75.874,34.5714],[75.8162,34.5217],[75.7958,34.5079],[75.7771,34.5038],[75.7348,34.5086],[75.7137,34.5085],[75.6556,34.497],[75.6116,34.4984],[75.3481,34.5572],[75.307,34.574],[75.2675,34.5983],[75.2514,34.6131],[75.2369,34.6319],[75.2245,34.6386],[75.2248,34.6396],[75.2266,34.6488],[75.2266,34.649],[75.2516,34.6966],[75.2517,34.6969],[75.2553,34.7288],[75.2489,34.7623],[75.2319,34.7946],[75.208,34.8215],[75.1614,34.862],[75.1411,34.8703],[75.1398,34.8701],[75.1225,34.8666],[75.0869,34.8393],[75.0672,34.8305],[75.0281,34.8241],[75.0048,34.817],[74.9746,34.813],[74.9276,34.8134],[74.9274,34.8134],[74.866,34.8285],[74.7991,34.8519],[74.6611,34.9181],[74.6338,34.9405],[74.6127,34.9723],[74.5736,35.0462],[74.5489,35.0802],[74.5207,35.106],[74.4889,35.1201],[74.4638,35.1237],[74.4631,35.1235],[74.4112,35.1118],[74.3506,35.0935],[74.2692,35.0868],[74.2681,35.0869],[74.1769,35.0983],[74.1749,35.0983],[74.1378,35.099],[74.1247,35.0992],[74.1244,35.105],[74.1244,35.1051],[74.1231,35.1075],[74.1193,35.1112],[74.1052,35.1214],[74.1024,35.1265],[74.1017,35.1306],[74.103,35.1349],[74.1035,35.138],[74.1022,35.14],[74.1019,35.1405],[74.1004,35.1411],[74.0981,35.1419],[74.098,35.1419],[74.0973,35.1419],[74.0793,35.1416],[74.0791,35.1416],[74.0516,35.1439],[74.037,35.1451],[74.0362,35.1454],[74.0315,35.1468],[74.0255,35.1496],[74.0085,35.1634],[74.0064,35.1652],[74.004,35.1682],[74.0026,35.1713],[73.9987,35.1739],[73.9948,35.1747],[73.9947,35.1748],[73.9923,35.1753],[73.9767,35.1743],[73.9684,35.1725],[73.9607,35.1692],[73.9588,35.1696],[73.9585,35.1697],[73.9581,35.1698],[73.9541,35.1707],[73.9492,35.1726],[73.9243,35.1989],[73.915,35.2017],[73.9101,35.2033],[73.8984,35.2068],[73.8977,35.2069],[73.8878,35.2081],[73.8699,35.2026],[73.8643,35.2023],[73.8642,35.2024],[73.8634,35.2027],[73.8589,35.2046],[73.8393,35.2218],[73.8211,35.2302],[73.813,35.2325],[73.8096,35.2335],[73.8084,35.2337],[73.8012,35.2349],[73.7763,35.2351],[73.7731,35.2345],[73.7699,35.2332],[73.7666,35.2312],[73.7458,35.2138],[73.7419,35.2112],[73.7387,35.2098],[73.7357,35.2093],[73.7323,35.2094],[73.7322,35.2094],[73.7321,35.2095],[73.7315,35.2097],[73.7278,35.2115],[73.7221,35.2157],[73.7155,35.2251],[73.7148,35.2302],[73.7151,35.234],[73.7176,35.2393],[73.7203,35.2546],[73.72,35.2589],[73.7184,35.2641],[73.6889,35.3067],[73.6874,35.3101],[73.6871,35.3136],[73.6873,35.3177],[73.6908,35.3452],[73.6906,35.3485],[73.6899,35.3545],[73.6902,35.3574],[73.6916,35.3611],[73.6942,35.3664],[73.7172,35.398],[73.7229,35.4085],[73.7244,35.4125],[73.7259,35.4152],[73.7275,35.4176],[73.7425,35.4278],[73.7675,35.4393],[73.7769,35.4424],[73.7815,35.4447],[73.7842,35.4471],[73.7847,35.4499],[73.7841,35.4529],[73.7826,35.4569],[73.7817,35.4609],[73.7785,35.5023],[73.7779,35.5057],[73.7721,35.522],[73.7719,35.522],[73.7716,35.5221],[73.7584,35.527],[73.7578,35.5271],[73.6295,35.543],[73.5661,35.5418],[73.5048,35.5339],[73.5044,35.5341],[73.5043,35.5342],[73.5036,35.5346],[73.4657,35.5576],[73.4656,35.5576],[73.4655,35.5576],[73.4639,35.5579],[73.4426,35.5618],[73.4097,35.5478],[73.4095,35.5481],[73.4094,35.5483],[73.4089,35.5491],[73.3967,35.5698],[73.3949,35.5748],[73.3923,35.5802],[73.3883,35.584],[73.3825,35.5882],[73.3822,35.5884],[73.3743,35.5922],[73.3738,35.5924],[73.3662,35.5949],[73.3657,35.595],[73.3547,35.5968],[73.3489,35.5972],[73.3292,35.5955],[73.3251,35.5959],[73.3108,35.599],[73.3099,35.5993],[73.3071,35.6003],[73.3068,35.6005],[73.3067,35.6005],[73.304,35.6024],[73.2992,35.6132],[73.2968,35.6171],[73.2904,35.6228],[73.29,35.6231],[73.2823,35.6275],[73.2516,35.6451],[73.2437,35.651],[73.2403,35.6543],[73.2278,35.6637],[73.1353,35.715],[73.1292,35.7203],[73.1256,35.7248],[73.1238,35.7303],[73.1231,35.7369],[73.1231,35.7445],[73.1285,35.7963],[73.1299,35.7994],[73.1326,35.8024],[73.1513,35.8175],[73.1541,35.8213],[73.1547,35.8249],[73.153,35.8281],[73.1496,35.8319],[73.1488,35.8323],[73.1294,35.8429],[73.1197,35.8482],[73.1195,35.8483],[73.1191,35.8486],[73.1083,35.8562],[73.0943,35.8684],[73.0922,35.8711],[73.0906,35.8741],[73.0884,35.8759],[73.0882,35.8759],[73.088,35.876],[73.0864,35.8763],[73.0853,35.8765],[73.0806,35.8734],[73.0725,35.8649],[73.0681,35.8616],[73.0643,35.8595],[73.0596,35.8578],[73.0527,35.8565],[73.0422,35.8561],[73.0316,35.8568],[73.0165,35.8611],[73.0157,35.8614],[73.0088,35.8642],[73.0072,35.8651],[73.0005,35.8687],[73.0004,35.8688],[72.9857,35.8749],[72.9825,35.8758],[72.9778,35.8772],[72.9716,35.8781],[72.8722,35.8743],[72.8646,35.8728],[72.8562,35.8702],[72.818,35.8512],[72.8146,35.8481],[72.8089,35.8413],[72.8061,35.8387],[72.7985,35.8377],[72.7924,35.8376],[72.75,35.8448],[72.6559,35.8541],[72.6539,35.8548],[72.5567,35.8893],[72.5156,35.904],[72.5882,36.0128],[72.5891,36.0161],[72.5884,36.0187],[72.5807,36.0348],[72.5792,36.0428],[72.5727,36.05],[72.5412,36.0725],[72.538,36.0764],[72.5363,36.0797],[72.5352,36.0831],[72.5312,36.0911],[72.5291,36.0975],[72.5292,36.1026],[72.5303,36.1081],[72.5317,36.1123],[72.5344,36.1165],[72.5603,36.1439],[72.5621,36.15],[72.5606,36.1557],[72.5531,36.1665],[72.5514,36.17],[72.5514,36.1736],[72.5538,36.1891],[72.5649,36.2301],[72.568,36.2368],[72.572,36.2427],[72.578,36.2499],[72.586,36.2578],[72.5943,36.2642],[72.6075,36.2727],[72.6219,36.2766],[72.6334,36.2786],[72.6429,36.279],[72.6545,36.2781],[72.6809,36.2693],[72.687,36.2692],[72.6924,36.2711],[72.7139,36.2962],[72.7188,36.3001],[72.7377,36.311],[72.7527,36.3165],[72.7673,36.32],[72.7738,36.3227],[72.7845,36.3288],[72.8216,36.3646],[72.8302,36.3704],[72.8384,36.374],[72.8693,36.3797],[72.8769,36.3843],[72.8836,36.392],[72.8865,36.3971],[72.8874,36.4023],[72.8861,36.414],[72.8859,36.4389],[72.8885,36.4525],[72.8899,36.4571],[72.8957,36.4615],[72.9065,36.4656],[72.926,36.4684],[72.956,36.4681],[72.9808,36.4708],[72.9849,36.4728],[72.9883,36.4762],[72.9896,36.4838],[72.9885,36.4891],[72.9849,36.4956],[72.9818,36.5001],[72.9799,36.5043],[72.9799,36.5078],[72.983,36.5113],[72.9892,36.5145],[73.0422,36.5312],[73.0489,36.5351],[73.055,36.5396],[73.0631,36.549],[73.0662,36.5561],[73.0694,36.5687],[73.0722,36.5736],[73.0854,36.5901],[73.0945,36.6033],[73.0955,36.6066],[73.0955,36.6095],[73.093,36.6177],[73.0775,36.6511],[73.0734,36.6636],[73.0727,36.6859],[73.0715,36.6911],[73.0713,36.695],[73.0734,36.6985],[73.0782,36.7008],[73.0973,36.7028],[73.1306,36.7094],[73.142,36.714],[73.1716,36.733],[73.1765,36.7349],[73.1821,36.7339],[73.1924,36.7283],[73.2079,36.7157],[73.2085,36.7152],[73.2134,36.7129],[73.2179,36.7124],[73.2431,36.7165],[73.2708,36.7185],[73.2875,36.7172],[73.2963,36.7174],[73.3141,36.7211],[73.416,36.7521],[73.4297,36.7511],[73.4538,36.7472],[73.514,36.7314],[73.5199,36.7307],[73.5414,36.7328],[73.5532,36.7323],[73.5575,36.7312],[73.5654,36.7279],[73.571,36.7277],[73.5767,36.7292],[73.5907,36.7351],[73.5948,36.7355],[73.5951,36.7355],[73.5992,36.7326],[73.6076,36.7217],[73.6135,36.7156],[73.6171,36.7128],[73.6179,36.7122],[73.6223,36.7102],[73.6283,36.7097],[73.6549,36.7106],[73.662,36.7091],[73.6734,36.7045],[73.6786,36.704],[73.6841,36.7049],[73.6954,36.7104],[73.7151,36.725],[73.7212,36.7271],[73.7286,36.7265],[73.7363,36.7244],[73.7563,36.7164],[73.7616,36.7161],[73.7674,36.7176],[73.7872,36.7284],[73.7909,36.7292],[73.8019,36.7285],[73.8334,36.7214],[73.8542,36.7148],[73.874,36.711],[73.8793,36.7116],[73.8858,36.7142],[73.8881,36.7199],[73.8878,36.7256],[73.8866,36.7302],[73.8864,36.734],[73.8873,36.738],[73.8914,36.7467],[73.8921,36.7515],[73.8912,36.7561],[73.8911,36.7565],[73.889,36.7644],[73.8873,36.7705],[73.8872,36.7706],[73.887,36.7708],[73.881,36.7765],[73.869,36.785],[73.8681,36.7855],[73.813,36.8157],[73.8122,36.8164],[73.7989,36.828],[73.7978,36.8285],[73.7855,36.8344],[73.7748,36.8381],[73.7378,36.8434],[73.7302,36.8458],[73.725,36.8481],[73.723,36.8494],[73.7203,36.8511],[73.7145,36.8565],[73.7117,36.8611],[73.7117,36.8613],[73.7116,36.8618],[73.7089,36.8738],[73.7117,36.8932],[73.7118,36.8941],[73.7729,36.892],[73.8341,36.8829],[73.8651,36.8726],[73.9469,36.8309],[73.9767,36.8248],[74.0064,36.8157],[74.0353,36.8156],[74.0943,36.8312],[74.1039,36.8413],[74.1088,36.8756],[74.1153,36.8895],[74.1297,36.8984],[74.146,36.9017],[74.2117,36.8951],[74.2357,36.9022],[74.2846,36.9342],[74.3681,36.9768],[74.394,36.994],[74.4356,37.0032],[74.457,37.0044],[74.4766,36.9993],[74.4803,36.9969],[74.4836,36.994],[74.5017,36.9724],[74.5214,36.9585],[74.5374,36.9622],[74.5442,36.994],[74.5481,37.0016],[74.5493,37.0089],[74.5474,37.0157],[74.5424,37.0217],[74.5618,37.0297],[74.6261,37.0428],[74.6625,37.0545],[74.678,37.0517],[74.6922,37.0359],[74.7192,37.0164],[74.7926,37.0152],[74.8243,36.9941],[74.8245,36.9941],[74.8532,36.959],[74.8609,36.9469],[74.8668,36.9166],[74.8724,36.9071],[74.8858,36.9114],[74.892,36.921],[74.9008,36.9499],[74.9105,36.9626],[74.925,36.9709],[74.9423,36.977],[74.9768,36.9843],[75.0145,36.9845],[75.1001,36.9941],[75.1185,36.9912],[75.1328,36.9847],[75.1612,36.9642],[75.1951,36.9489],[75.3135,36.9288],[75.3513,36.9158],[75.378,36.8943],[75.3945,36.8643],[75.4014,36.8259],[75.4034,36.7848],[75.4105,36.7473],[75.4319,36.7229],[75.4926,36.7207],[75.4989,36.7276],[75.5019,36.738],[75.508,36.7476],[75.5705,36.7667],[75.6498,36.754],[75.7287,36.7232],[75.7905,36.6878],[75.8498,36.6447],[75.8748,36.6195],[75.9766,36.4626],[75.9768,36.4618]]]}},{"type":"Feature","properties":{"id":"PAK-1113","name":"Punjab","nameBn":"পাঞ্জাব","type":"Province","bounds":[69.331,27.7015,75.359,34.0228],"center":[72.3449,31.3589]},"geometry":{"type":"Polygon","coordinates":[[[75.2984,32.3324],[75.3269,32.3125],[75.353,32.2844],[75.359,32.2617],[75.3486,32.242],[75.3166,32.2107],[75.3084,32.1939],[75.2981,32.1598],[75.2947,32.1489],[75.2633,32.1509],[75.2499,32.1489],[75.2264,32.1421],[75.1958,32.1286],[75.1731,32.1097],[75.1741,32.0868],[75.1613,32.088],[75.1384,32.0935],[75.1298,32.0902],[75.119,32.081],[75.1103,32.0776],[75.1021,32.0781],[75.0408,32.098],[75.0226,32.0947],[75.0302,32.0664],[75.0202,32.0658],[74.9956,32.0674],[74.9862,32.0632],[74.9785,32.0534],[74.9741,32.045],[74.9679,32.0379],[74.9557,32.0322],[74.9314,32.0298],[74.9088,32.0319],[74.8891,32.0289],[74.8732,32.0117],[74.8286,32.0254],[74.8113,32.0037],[74.8025,31.9689],[74.7837,31.9429],[74.763,31.939],[74.6984,31.9502],[74.67,31.9042],[74.6572,31.8957],[74.6411,31.8906],[74.5656,31.8405],[74.5504,31.827],[74.5408,31.8109],[74.5374,31.7889],[74.537,31.7757],[74.5351,31.7711],[74.5308,31.7678],[74.523,31.7585],[74.5212,31.7538],[74.5183,31.7418],[74.5162,31.7374],[74.5133,31.7351],[74.5055,31.732],[74.5033,31.7306],[74.4926,31.7146],[74.4894,31.7112],[74.4995,31.6999],[74.5556,31.6122],[74.5845,31.5175],[74.6146,31.4778],[74.6172,31.4589],[74.6119,31.4402],[74.6,31.4241],[74.5837,31.4066],[74.5716,31.3892],[74.5322,31.3032],[74.5253,31.2802],[74.5251,31.2354],[74.5091,31.1957],[74.5064,31.1754],[74.5096,31.1561],[74.5149,31.1418],[74.5235,31.1293],[74.5368,31.1152],[74.5531,31.109],[74.5969,31.1158],[74.617,31.1153],[74.632,31.1075],[74.6503,31.0931],[74.6588,31.0838],[74.601,31.0566],[74.5795,31.0427],[74.5643,31.025],[74.5641,31.0044],[74.5488,30.9922],[74.5348,30.9763],[74.5193,30.9625],[74.4995,30.9565],[74.4772,30.9561],[74.4585,30.9534],[74.4416,30.9462],[74.4243,30.9323],[74.4134,30.9151],[74.4091,30.901],[74.4013,30.8931],[74.3797,30.8945],[74.3536,30.9011],[74.3425,30.9019],[74.3298,30.8996],[74.3192,30.8934],[74.3107,30.8845],[74.304,30.874],[74.3114,30.8559],[74.3002,30.8382],[74.2799,30.8247],[74.2602,30.8194],[74.2567,30.8153],[74.2658,30.7954],[74.2667,30.7884],[74.2592,30.781],[74.2441,30.7712],[74.2357,30.7641],[74.2151,30.7375],[74.1988,30.725],[74.1912,30.717],[74.1847,30.6968],[74.1701,30.6872],[74.1668,30.6791],[74.1637,30.6649],[74.1557,30.6596],[74.1327,30.6555],[74.1115,30.6462],[74.0959,30.6371],[74.0822,30.6259],[74.0674,30.6105],[74.0571,30.5916],[74.0582,30.5745],[74.0615,30.5556],[74.0575,30.5314],[74.0441,30.5187],[74.0044,30.5089],[73.996,30.501],[73.9898,30.4878],[73.9391,30.4261],[73.9293,30.4191],[73.9167,30.4172],[73.8999,30.4221],[73.9021,30.4156],[73.9043,30.4015],[73.9061,30.3948],[73.8876,30.3965],[73.8677,30.3874],[73.8517,30.3727],[73.8452,30.357],[73.8423,30.353],[73.8916,30.3298],[73.9119,30.3038],[73.9346,30.261],[73.9489,30.2173],[73.9468,30.2041],[73.9444,30.1883],[73.7783,30.0673],[73.7397,30.0485],[73.5578,30.0125],[73.3852,29.9423],[73.3703,29.9273],[73.3274,29.8052],[73.2848,29.6837],[73.2329,29.5366],[73.178,29.4434],[73.1289,29.3603],[73.0509,29.2282],[72.9887,29.1546],[72.9629,29.1168],[72.9304,29.0477],[72.9182,29.0329],[72.9015,29.0226],[72.7725,28.9633],[72.6585,28.911],[72.5256,28.8499],[72.3822,28.784],[72.3546,28.7672],[72.2803,28.6872],[72.2565,28.6456],[72.1978,28.4449],[72.1776,28.3971],[72.1499,28.3538],[72.111,28.3176],[71.9882,28.2281],[71.9083,28.1356],[71.8969,28.1155],[71.8916,28.0971],[71.88,27.9749],[71.8744,27.9597],[71.8609,27.9502],[71.7014,27.9068],[71.5607,27.8685],[71.4771,27.8624],[71.3978,27.8684],[71.3114,27.8617],[71.2263,27.8454],[71.1507,27.8224],[71.0276,27.768],[70.9138,27.7178],[70.8316,27.7015],[70.7618,27.7098],[70.7104,27.7412],[70.6717,27.7911],[70.6407,27.8548],[70.6376,27.8742],[70.6416,27.9113],[70.6332,27.9316],[70.6212,27.9441],[70.5929,27.9645],[70.5598,27.9984],[70.5349,28.016],[70.5068,28.029],[70.4772,28.0373],[70.4562,28.0398],[70.4369,28.0353],[70.3983,28.0217],[70.3595,28.0163],[70.3419,28.0115],[70.3239,28.0004],[70.2677,27.9453],[70.199,27.901],[70.189,27.8918],[70.1887,27.8919],[70.0743,27.9397],[70.0121,27.9731],[69.9961,27.9846],[69.9772,28.0019],[69.9151,28.0834],[69.8994,28.1114],[69.8373,28.2758],[69.8341,28.2946],[69.8317,28.3019],[69.8271,28.3104],[69.8181,28.3208],[69.8134,28.3283],[69.8114,28.3365],[69.8116,28.3703],[69.8105,28.3774],[69.8065,28.3857],[69.7995,28.3952],[69.7869,28.4038],[69.7782,28.4078],[69.7701,28.4103],[69.7545,28.4232],[69.7324,28.4662],[69.7042,28.4734],[69.6097,28.4839],[69.6039,28.4859],[69.6005,28.489],[69.599,28.4928],[69.5991,28.5003],[69.5985,28.504],[69.5968,28.5086],[69.5937,28.5122],[69.5892,28.5154],[69.5835,28.5178],[69.5577,28.5247],[69.5304,28.5282],[69.5052,28.5284],[69.4914,28.5273],[69.3851,28.4866],[69.3329,28.5587],[69.3315,28.5636],[69.331,28.5693],[69.3324,28.5773],[69.3359,28.5841],[69.3413,28.5909],[69.3469,28.5953],[69.3523,28.5983],[69.3903,28.6107],[69.4074,28.6183],[69.415,28.6233],[69.4219,28.629],[69.448,28.6591],[69.4713,28.6932],[69.5262,28.807],[69.531,28.8254],[69.5293,28.8321],[69.5267,28.8371],[69.5234,28.8405],[69.5127,28.8492],[69.5068,28.8552],[69.5051,28.8577],[69.5037,28.8602],[69.5024,28.8636],[69.5018,28.8716],[69.5031,28.8839],[69.5082,28.9094],[69.5148,28.9266],[69.5203,28.9381],[69.5253,28.9439],[69.529,28.9473],[69.5566,28.965],[69.5705,28.9762],[69.5923,28.9994],[69.6418,29.0698],[69.6548,29.0822],[69.6618,29.0878],[69.6694,29.0925],[69.6827,29.0983],[69.6887,29.1021],[69.696,29.1105],[69.7075,29.1298],[69.7427,29.2803],[69.7442,29.2967],[69.7433,29.3075],[69.7396,29.3116],[69.7351,29.313],[69.7302,29.3126],[69.7256,29.3113],[69.7213,29.3093],[69.7174,29.3069],[69.7104,29.3012],[69.7042,29.2949],[69.7009,29.2924],[69.6972,29.2908],[69.6933,29.2908],[69.6898,29.2925],[69.6867,29.2952],[69.666,29.323],[69.6643,29.3305],[69.6638,29.342],[69.6673,29.3673],[69.6679,29.3817],[69.6671,29.3919],[69.6649,29.397],[69.6624,29.4008],[69.6595,29.4041],[69.6527,29.4099],[69.6448,29.4149],[69.6401,29.4169],[69.6291,29.4199],[69.5866,29.4235],[69.5812,29.4249],[69.5764,29.4268],[69.5726,29.4305],[69.5703,29.4364],[69.5694,29.4482],[69.5998,29.5716],[69.5967,29.6044],[69.5971,29.6335],[69.6002,29.6465],[69.6047,29.658],[69.6167,29.6752],[69.6217,29.6806],[69.626,29.6838],[69.63,29.6863],[69.6476,29.6938],[69.6663,29.6999],[69.727,29.7086],[69.7484,29.7247],[69.7804,29.7693],[69.7856,29.7749],[69.8103,29.7889],[69.8289,29.802],[69.8386,29.8119],[69.8478,29.8272],[69.8957,29.9334],[69.9484,30.0284],[69.962,30.0656],[69.962,30.0896],[69.9632,30.0998],[69.9672,30.1187],[69.9723,30.1301],[69.9772,30.138],[69.992,30.1512],[70.0041,30.1596],[70.0103,30.1671],[70.0363,30.2111],[70.0419,30.2301],[70.0428,30.2427],[70.0391,30.248],[70.0341,30.2507],[70.0287,30.2524],[70.0169,30.2541],[70.0063,30.2541],[70.002,30.2536],[69.9985,30.2528],[69.9917,30.2495],[69.988,30.2469],[69.9846,30.2439],[69.9813,30.2404],[69.9716,30.2252],[69.9685,30.2227],[69.9649,30.2216],[69.9617,30.2227],[69.959,30.2253],[69.9574,30.2286],[69.9567,30.2319],[69.9561,30.2391],[69.9565,30.2599],[69.9555,30.2643],[69.9531,30.2679],[69.9492,30.2707],[69.9385,30.2746],[69.9334,30.2773],[69.9295,30.2829],[69.9298,30.2895],[69.9332,30.298],[69.9402,30.3115],[69.959,30.3729],[69.9677,30.4274],[69.9789,30.4541],[70.0651,30.5814],[70.0707,30.5931],[70.0734,30.6025],[70.0718,30.609],[70.0697,30.6143],[70.0594,30.6298],[70.0574,30.6337],[70.0569,30.6425],[70.0586,30.6554],[70.0657,30.6832],[70.0729,30.6973],[70.08,30.7055],[70.0866,30.7077],[70.1106,30.7091],[70.1155,30.7101],[70.1195,30.7126],[70.2017,30.8099],[70.2077,30.8123],[70.2259,30.8141],[70.2319,30.8159],[70.2377,30.822],[70.2389,30.8316],[70.2369,30.8456],[70.2257,30.8745],[70.2391,31.0728],[70.243,31.068],[70.2459,31.0663],[70.2514,31.0658],[70.2563,31.0691],[70.2648,31.0843],[70.2664,31.0888],[70.2665,31.0961],[70.2656,31.1043],[70.2589,31.1244],[70.2565,31.1403],[70.2566,31.1449],[70.2588,31.1499],[70.2642,31.155],[70.2996,31.171],[70.3173,31.1751],[70.3404,31.1848],[70.3488,31.1872],[70.3553,31.1883],[70.3987,31.1906],[70.4039,31.1917],[70.4086,31.2033],[70.4006,31.2471],[70.4172,31.2453],[70.4273,31.2503],[70.429,31.2522],[70.4313,31.2569],[70.4337,31.2633],[70.4366,31.2696],[70.442,31.2773],[70.454,31.2908],[70.4619,31.296],[70.4703,31.298],[70.4861,31.2958],[70.4945,31.2959],[70.5094,31.2979],[70.5173,31.3003],[70.5255,31.3046],[70.5491,31.3214],[70.5598,31.3248],[70.5705,31.3257],[70.5888,31.3212],[70.6223,31.3076],[70.6326,31.3049],[70.6466,31.3028],[70.656,31.3039],[70.7007,31.3204],[70.7144,31.3233],[70.7227,31.3243],[70.7296,31.3232],[70.735,31.3212],[70.7397,31.3181],[70.7512,31.3073],[70.7588,31.3023],[70.7781,31.2942],[70.7929,31.3199],[70.8157,31.3404],[70.8196,31.3465],[70.8208,31.3524],[70.82,31.3564],[70.8163,31.3646],[70.8249,31.3956],[70.828,31.3992],[70.8326,31.4035],[70.8478,31.4076],[70.8612,31.4143],[70.8672,31.4199],[70.8706,31.4247],[70.8736,31.4367],[70.8764,31.4614],[70.8756,31.4675],[70.8663,31.4905],[70.8683,31.4974],[70.8727,31.5018],[70.8804,31.5044],[70.8854,31.5074],[70.8852,31.5115],[70.8815,31.5169],[70.8686,31.5299],[70.8638,31.5362],[70.8546,31.5524],[70.9035,31.6639],[70.905,31.6731],[70.9044,31.6789],[70.8995,31.6953],[70.8995,31.7097],[70.906,31.7216],[70.9239,31.7446],[70.9672,31.819],[70.9741,31.8388],[70.9836,31.8794],[70.9931,31.898],[71.0075,31.913],[71.0233,31.926],[71.0372,31.9403],[71.055,31.9823],[71.0704,31.9992],[71.1071,32.0307],[71.1125,32.0392],[71.1146,32.0476],[71.1149,32.0666],[71.1175,32.0812],[71.1237,32.0942],[71.1324,32.1059],[71.1682,32.1409],[71.1779,32.1473],[71.207,32.1598],[71.2159,32.1657],[71.229,32.1819],[71.2368,32.202],[71.2474,32.2437],[71.2521,32.2546],[71.2721,32.283],[71.2767,32.2927],[71.2785,32.3022],[71.2789,32.3224],[71.2837,32.34],[71.2941,32.3562],[71.3316,32.3994],[71.3408,32.4152],[71.3468,32.4324],[71.3499,32.5018],[71.3439,32.513],[71.3399,32.5156],[71.338,32.5193],[71.3378,32.5263],[71.3368,32.531],[71.3332,32.5348],[71.3256,32.5375],[71.3177,32.5379],[71.3124,32.5369],[71.3085,32.5339],[71.3048,32.5271],[71.3036,32.5244],[71.302,32.5218],[71.2992,32.5198],[71.295,32.518],[71.2896,32.5168],[71.286,32.5143],[71.2835,32.5108],[71.28,32.5035],[71.2775,32.4998],[71.273,32.4948],[71.2688,32.4929],[71.264,32.4934],[71.2598,32.4962],[71.2544,32.5016],[71.2491,32.511],[71.2457,32.5245],[71.2603,32.5666],[71.2617,32.5843],[71.2584,32.5899],[71.2549,32.5923],[71.2497,32.5934],[71.2455,32.5931],[71.2015,32.5856],[71.1939,32.5858],[71.1863,32.587],[71.174,32.5922],[71.1682,32.5983],[71.1644,32.6072],[71.1597,32.6353],[71.149,32.6711],[71.1481,32.6794],[71.1484,32.6989],[71.1441,32.7185],[71.1091,32.7818],[71.1063,32.7915],[71.1094,32.7959],[71.1127,32.7983],[71.1225,32.8016],[71.1338,32.8111],[71.1374,32.8263],[71.1448,32.8997],[71.1492,32.9164],[71.1554,32.9297],[71.1796,32.9631],[71.1881,32.9699],[71.1957,32.9747],[71.2075,32.9788],[71.2229,32.9857],[71.2328,32.9915],[71.2971,33.0135],[71.3006,33.0137],[71.3039,33.0128],[71.3107,33.0082],[71.3155,33.0062],[71.3275,33.0033],[71.3309,33.0017],[71.3337,32.9992],[71.338,32.9975],[71.3461,32.9961],[71.3571,33.0009],[71.3653,33.0036],[71.372,33.0043],[71.3804,33.0039],[71.3883,33.005],[71.4019,33.0108],[71.4114,33.0131],[71.4231,33.0134],[71.4355,33.0162],[71.4429,33.0194],[71.4488,33.0244],[71.4612,33.0409],[71.4655,33.0485],[71.4674,33.0558],[71.4674,33.06],[71.4659,33.0649],[71.4631,33.0696],[71.4586,33.0749],[71.4542,33.0763],[71.45,33.0762],[71.4459,33.0752],[71.4426,33.0749],[71.4393,33.0751],[71.4376,33.0796],[71.4373,33.0886],[71.4474,33.1327],[71.4462,33.1373],[71.4376,33.147],[71.4291,33.1607],[71.4283,33.1641],[71.4282,33.1676],[71.4283,33.1727],[71.428,33.1766],[71.4269,33.1814],[71.4252,33.1846],[71.4221,33.1875],[71.4173,33.1909],[71.4125,33.1988],[71.4108,33.2111],[71.4162,33.2335],[71.4189,33.2414],[71.4272,33.2473],[71.4359,33.242],[71.4395,33.2357],[71.4457,33.2308],[71.4533,33.2261],[71.4806,33.2154],[71.4896,33.2134],[71.4981,33.2132],[71.5384,33.2255],[71.5453,33.2236],[71.5711,33.2097],[71.5832,33.2005],[71.5905,33.1925],[71.5936,33.1866],[71.595,33.1796],[71.5962,33.1495],[71.5978,33.1423],[71.6,33.1363],[71.6065,33.1248],[71.6151,33.1132],[71.6325,33.0942],[71.6428,33.0854],[71.6521,33.0793],[71.7004,33.0616],[71.7121,33.0728],[71.7112,33.0944],[71.7131,33.111],[71.7211,33.1293],[71.7299,33.1398],[71.7405,33.1501],[71.7499,33.1636],[71.7547,33.1839],[71.7514,33.2055],[71.7409,33.2195],[71.7269,33.2313],[71.7131,33.246],[71.7211,33.246],[71.7035,33.2567],[71.6993,33.2727],[71.7049,33.2898],[71.7171,33.3037],[71.7252,33.3188],[71.7227,33.3362],[71.7233,33.3554],[71.741,33.3757],[71.797,33.4002],[71.813,33.4036],[71.842,33.4023],[71.8508,33.4036],[71.8597,33.4089],[71.8637,33.4154],[71.868,33.421],[71.8782,33.4235],[71.8727,33.4347],[71.8738,33.4436],[71.8797,33.452],[71.8884,33.4614],[71.8927,33.4681],[71.8974,33.4817],[71.9021,33.4887],[71.945,33.5158],[71.9533,33.5265],[71.9558,33.5473],[71.9533,33.5601],[71.9534,33.5707],[71.972,33.5983],[71.9743,33.6501],[71.9796,33.6646],[71.9993,33.7036],[72.0051,33.7115],[72.0104,33.7162],[72.0221,33.7463],[72.032,33.7541],[72.0531,33.761],[72.0631,33.7661],[72.0832,33.7883],[72.0876,33.79],[72.115,33.7798],[72.1528,33.7774],[72.1721,33.7732],[72.1866,33.7661],[72.1984,33.7736],[72.211,33.7766],[72.2233,33.7744],[72.2344,33.7661],[72.2415,33.8049],[72.2261,33.9014],[72.2406,33.9381],[72.2553,33.9445],[72.3486,33.9611],[72.367,33.9695],[72.3989,33.9933],[72.4309,34.0115],[72.4678,34.0206],[72.5097,34.0228],[72.5255,34.0212],[72.542,33.9891],[72.5513,33.9651],[72.5586,33.9573],[72.5656,33.9514],[72.5713,33.9495],[72.6154,33.945],[72.6321,33.9414],[72.6458,33.9367],[72.6519,33.9325],[72.6548,33.9277],[72.6537,33.9242],[72.6508,33.921],[72.6469,33.9187],[72.6388,33.9152],[72.6321,33.9109],[72.6205,33.8997],[72.6177,33.8956],[72.6162,33.8914],[72.6159,33.8852],[72.6179,33.8811],[72.6228,33.8765],[72.6449,33.8612],[72.6528,33.8572],[72.6599,33.8554],[72.6737,33.8575],[72.6857,33.8607],[72.6902,33.8626],[72.6944,33.8654],[72.6982,33.8696],[72.7034,33.8766],[72.7121,33.8912],[72.7161,33.8965],[72.7208,33.8997],[72.7319,33.9023],[72.7358,33.9037],[72.7378,33.9061],[72.738,33.909],[72.7366,33.9152],[72.7364,33.9181],[72.7378,33.9216],[72.7401,33.9247],[72.7607,33.9435],[72.7667,33.947],[72.7738,33.9496],[72.7785,33.9482],[72.7845,33.9446],[72.7892,33.9405],[72.7945,33.9349],[72.7969,33.9307],[72.7974,33.9273],[72.7909,33.9161],[72.7893,33.9121],[72.7887,33.9082],[72.7898,33.9043],[72.7937,33.8996],[72.8117,33.8832],[72.8337,33.8851],[72.8373,33.8827],[72.8416,33.8773],[72.8426,33.8721],[72.843,33.8681],[72.8424,33.8541],[72.8415,33.8502],[72.8396,33.8471],[72.8365,33.8442],[72.8286,33.8396],[72.824,33.8337],[72.8249,33.8303],[72.8285,33.8272],[72.8331,33.8256],[72.837,33.8248],[72.8419,33.8246],[72.8463,33.8256],[72.8523,33.828],[72.8588,33.8284],[72.8661,33.8257],[72.8741,33.8217],[72.8764,33.8177],[72.8764,33.8141],[72.875,33.8103],[72.873,33.8073],[72.87,33.8042],[72.8658,33.8015],[72.8588,33.7981],[72.8526,33.7959],[72.8469,33.7916],[72.8429,33.785],[72.8404,33.7691],[72.8416,33.7618],[72.8447,33.7571],[72.8495,33.7557],[72.8567,33.7557],[72.879,33.7581],[72.8839,33.7568],[72.8949,33.7507],[72.9009,33.7489],[72.9071,33.7487],[72.9206,33.7498],[72.9272,33.7491],[72.9291,33.7466],[72.9284,33.7428],[72.9263,33.7399],[72.9275,33.7275],[72.8328,33.686],[72.8103,33.6619],[72.805,33.6351],[72.8174,33.6094],[72.8339,33.5896],[72.8548,33.5744],[72.8787,33.5714],[72.9018,33.5751],[72.9231,33.5846],[72.9391,33.5955],[72.9737,33.6128],[73.0103,33.6238],[73.0298,33.6278],[73.0463,33.628],[73.0663,33.6228],[73.0789,33.6138],[73.0907,33.6003],[73.1009,33.5834],[73.1084,33.5646],[73.1067,33.5495],[73.1002,33.5362],[73.0966,33.525],[73.1042,33.5155],[73.1166,33.5079],[73.143,33.4965],[73.1636,33.4923],[73.1825,33.4963],[73.1861,33.4989],[73.1875,33.5004],[73.1894,33.503],[73.201,33.5158],[73.2317,33.5433],[73.2386,33.5515],[73.2758,33.6263],[73.2871,33.6397],[73.3132,33.6634],[73.3205,33.6757],[73.3205,33.6871],[73.3124,33.697],[73.2743,33.7218],[73.2429,33.7507],[73.2288,33.7613],[73.2153,33.769],[73.1349,33.7996],[73.1262,33.8043],[73.1451,33.8106],[73.1928,33.8085],[73.2164,33.8218],[73.2407,33.8392],[73.2718,33.8496],[73.2892,33.8591],[73.3119,33.8676],[73.3168,33.8708],[73.3199,33.8752],[73.3211,33.8797],[73.3218,33.884],[73.325,33.8911],[73.3307,33.8998],[73.361,33.9351],[73.3621,33.9383],[73.3611,33.9412],[73.3582,33.9451],[73.356,33.9506],[73.3583,33.96],[73.3644,33.9656],[73.3698,33.9687],[73.3759,33.9699],[73.3824,33.9701],[73.3879,33.9688],[73.3993,33.9625],[73.4032,33.9613],[73.4089,33.9611],[73.4172,33.9624],[73.4241,33.9664],[73.4288,33.9708],[73.447,33.9966],[73.4527,34.0013],[73.4583,34.0042],[73.4646,34.0054],[73.484,34.0128],[73.4921,34.0181],[73.4986,34.0181],[73.5044,34.015],[73.5089,34.011],[73.5186,34.0078],[73.5798,33.9105],[73.5825,33.8767],[73.5672,33.8034],[73.5764,33.7771],[73.5885,33.7623],[73.5957,33.7456],[73.5994,33.7275],[73.6003,33.7086],[73.5956,33.6954],[73.5775,33.6632],[73.5764,33.654],[73.5784,33.6476],[73.5731,33.6337],[73.5764,33.6264],[73.6038,33.6059],[73.6147,33.5931],[73.6252,33.5755],[73.6328,33.5568],[73.635,33.5408],[73.631,33.5312],[73.6245,33.5282],[73.6182,33.5262],[73.6147,33.5197],[73.615,33.5101],[73.6226,33.4772],[73.6259,33.4697],[73.6282,33.4617],[73.6276,33.4521],[73.6224,33.4486],[73.6206,33.4482],[73.6132,33.4468],[73.6127,33.4465],[73.6042,33.4416],[73.5944,33.4117],[73.5828,33.3999],[73.5738,33.3874],[73.5764,33.3695],[73.5869,33.3556],[73.5984,33.3429],[73.6032,33.333],[73.6003,33.3218],[73.5976,33.315],[73.5935,33.3043],[73.5949,33.2857],[73.5992,33.2664],[73.6003,33.2467],[73.5969,33.2443],[73.59,33.2413],[73.5883,33.2407],[73.583,33.2391],[73.5798,33.2393],[73.5799,33.2384],[73.5812,33.2292],[73.5838,33.2276],[73.5878,33.2285],[73.5944,33.2282],[73.5947,33.2282],[73.5999,33.2304],[73.6014,33.231],[73.6095,33.2325],[73.6147,33.2324],[73.6154,33.2296],[73.616,33.2236],[73.6177,33.2169],[73.6208,33.212],[73.6408,33.2011],[73.6493,33.1948],[73.6549,33.1847],[73.6546,33.173],[73.6498,33.1619],[73.6444,33.1544],[73.6454,33.1431],[73.6225,33.1245],[73.6405,33.1033],[73.6727,33.0849],[73.732,33.0627],[73.7635,33.0457],[73.7732,33.0306],[73.786,33.0247],[73.8059,33.0151],[73.8224,33.0132],[73.8291,33.0154],[73.8297,33.0156],[73.8476,33.0237],[73.8495,33.0245],[73.8595,33.027],[73.8738,33.0287],[73.9074,33.0299],[73.9261,33.026],[73.943,33.0182],[73.9511,33.0114],[73.9562,33.0062],[73.9594,33.0018],[73.9601,33.0005],[73.977,32.9759],[73.983,32.9691],[74.317,32.8231],[74.3159,32.8218],[74.3065,32.8099],[74.3163,32.7911],[74.3293,32.7764],[74.3462,32.7669],[74.3677,32.7635],[74.3864,32.7678],[74.419,32.7846],[74.4387,32.786],[74.4553,32.7786],[74.4845,32.7535],[74.5009,32.746],[74.521,32.7453],[74.5738,32.7525],[74.5934,32.7579],[74.6141,32.7704],[74.622,32.7854],[74.6263,32.8026],[74.6359,32.8221],[74.6536,32.8374],[74.6718,32.8406],[74.6853,32.8312],[74.6891,32.8088],[74.6823,32.7873],[74.657,32.7453],[74.6497,32.7231],[74.6502,32.7012],[74.6573,32.6606],[74.656,32.6407],[74.648,32.6236],[74.6369,32.6063],[74.6296,32.5881],[74.6326,32.5682],[74.6626,32.4984],[74.6893,32.4714],[74.725,32.4608],[74.7635,32.4627],[74.7994,32.4727],[74.8381,32.4749],[74.907,32.4452],[74.9484,32.4488],[74.9907,32.4634],[75.0237,32.4663],[75.0549,32.4555],[75.0922,32.4293],[75.126,32.4117],[75.1962,32.3973],[75.2302,32.3802],[75.2984,32.3324]]]}},{"type":"Feature","properties":{"id":"PAK-1114","name":"Sind","nameBn":"সিন্ধু প্রদেশ","type":"Province","bounds":[66.6541,23.6945,71.0828,28.5284],"center":[68.8685,26.3734]},"geometry":{"type":"MultiPolygon","coordinates":[[[[70.189,27.8918],[70.102,27.8117],[70.0907,27.7935],[70.0169,27.6006],[69.9935,27.5711],[69.9081,27.4973],[69.848,27.4104],[69.7306,27.3103],[69.6661,27.27],[69.5756,27.1884],[69.5344,27.1256],[69.5076,27.0501],[69.486,26.9268],[69.4651,26.8078],[69.4728,26.7666],[69.5042,26.7352],[69.6594,26.6777],[69.7002,26.653],[69.7723,26.5951],[69.8156,26.5803],[70.0561,26.5891],[70.0937,26.5804],[70.1296,26.5625],[70.1581,26.5301],[70.1629,26.4933],[70.157,26.4109],[70.1605,26.3713],[70.1571,26.354],[70.1479,26.3332],[70.1425,26.3137],[70.144,26.2943],[70.1516,26.2541],[70.1469,26.2174],[70.132,26.1805],[70.0783,26.0996],[70.0739,26.0831],[70.0729,26.0475],[70.0643,25.9955],[70.0646,25.9803],[70.0832,25.9299],[70.115,25.8817],[70.1543,25.8394],[70.1956,25.807],[70.214,25.7863],[70.2345,25.731],[70.2492,25.7077],[70.2646,25.6973],[70.3037,25.6846],[70.3601,25.6735],[70.4772,25.6763],[70.5167,25.6839],[70.5544,25.6988],[70.5923,25.7088],[70.6323,25.7014],[70.6539,25.6745],[70.6575,25.6336],[70.6528,25.5459],[70.6466,25.4314],[70.6545,25.3966],[70.6704,25.3756],[70.7105,25.3359],[70.7186,25.3108],[70.7231,25.2873],[70.7349,25.2673],[70.7684,25.2331],[70.8314,25.1833],[70.8486,25.1633],[70.8599,25.1394],[70.8933,25.0019],[70.9152,24.9466],[70.943,24.8941],[71.0032,24.8082],[71.0369,24.7207],[71.0566,24.6928],[71.0639,24.6826],[71.0433,24.6691],[70.9771,24.6397],[70.9628,24.6158],[70.9548,24.5845],[70.9578,24.556],[70.9771,24.5404],[70.9809,24.5347],[70.9819,24.5285],[70.9805,24.5219],[70.9771,24.5151],[70.9748,24.495],[70.9732,24.4872],[70.9731,24.4796],[70.9744,24.4722],[70.9771,24.4649],[71.0001,24.4529],[71.0401,24.4468],[71.075,24.4364],[71.0828,24.4115],[71.0731,24.4021],[71.0251,24.3863],[71.0144,24.3752],[71.0071,24.364],[70.9967,24.3566],[70.9771,24.3572],[70.9553,24.3659],[70.9363,24.3672],[70.9177,24.3617],[70.8565,24.3238],[70.8409,24.3058],[70.8445,24.2883],[70.8576,24.2717],[70.8515,24.2649],[70.8341,24.2613],[70.8136,24.2545],[70.776,24.2367],[70.7555,24.2314],[70.6215,24.2412],[70.5847,24.2579],[70.5677,24.2728],[70.5602,24.2873],[70.5554,24.327],[70.5456,24.3622],[70.5465,24.3731],[70.552,24.3794],[70.5692,24.3899],[70.5752,24.4],[70.5629,24.4241],[70.5209,24.4249],[70.4164,24.4019],[70.3708,24.3724],[70.3532,24.3663],[70.2985,24.3634],[70.2791,24.3551],[70.2426,24.3306],[70.2228,24.3267],[70.2022,24.3256],[70.1446,24.3079],[70.1097,24.3049],[70.0979,24.2988],[70.0872,24.2826],[70.063,24.2203],[70.0521,24.2021],[70.016,24.1741],[69.972,24.1652],[69.7691,24.1626],[69.7146,24.1686],[69.6706,24.1887],[69.5923,24.2646],[69.5631,24.2768],[69.2808,24.2837],[69.2062,24.2586],[69.1667,24.2532],[69.1482,24.2567],[69.0919,24.2819],[69.0677,24.2884],[69.0485,24.2852],[69.0078,24.2646],[68.9808,24.2554],[68.9626,24.2572],[68.9487,24.2703],[68.9294,24.3024],[68.922,24.3105],[68.9132,24.3173],[68.9042,24.3206],[68.8903,24.3195],[68.8851,24.3136],[68.8833,24.3054],[68.8801,24.2974],[68.8489,24.244],[68.8388,24.2365],[68.8197,24.2503],[68.8138,24.3084],[68.7992,24.3291],[68.7473,24.3312],[68.7259,24.2892],[68.7256,24.2089],[68.7251,24.1041],[68.7245,23.9652],[68.6464,23.9657],[68.5478,23.9663],[68.4316,23.9671],[68.3855,23.9604],[68.3536,23.9393],[68.3538,23.9472],[68.3524,23.9565],[68.3489,23.9646],[68.3426,23.9686],[68.3304,23.9666],[68.3299,23.9582],[68.3337,23.948],[68.335,23.941],[68.326,23.9278],[68.3141,23.9159],[68.3004,23.9105],[68.2862,23.9164],[68.28,23.9257],[68.2777,23.9335],[68.274,23.9377],[68.2639,23.9359],[68.2549,23.9291],[68.2527,23.9201],[68.2531,23.9112],[68.2519,23.9048],[68.2537,23.9028],[68.2579,23.8995],[68.2604,23.8955],[68.2568,23.8919],[68.2529,23.8917],[68.243,23.8934],[68.2399,23.8931],[68.2329,23.8891],[68.215,23.8817],[68.2073,23.877],[68.1835,23.8433],[68.183,23.8421],[68.1831,23.8435],[68.1575,23.9051],[68.1564,23.874],[68.1575,23.8642],[68.1602,23.8579],[68.1687,23.8448],[68.1706,23.8399],[68.1668,23.82],[68.1487,23.7809],[68.1433,23.7611],[68.1442,23.7431],[68.1548,23.7143],[68.1575,23.6962],[68.1491,23.6945],[68.1304,23.7082],[68.1022,23.7338],[68.0989,23.7093],[68.0817,23.7087],[68.0628,23.7231],[68.0539,23.7437],[68.057,23.751],[68.0711,23.7606],[68.0744,23.7648],[68.0733,23.7834],[68.0744,23.7884],[68.0817,23.8056],[68.0882,23.8095],[68.1022,23.8095],[68.1022,23.8157],[68.0884,23.8261],[68.0725,23.8419],[68.0594,23.8619],[68.0539,23.8847],[68.0617,23.9113],[68.0637,23.9232],[68.0477,23.9212],[68.0242,23.9352],[68.0135,23.9393],[68.0415,23.8522],[68.0539,23.8294],[68.0357,23.7924],[68.0244,23.7746],[68.0135,23.7685],[68.008,23.7742],[68.0034,23.7853],[68.0003,23.7973],[67.9993,23.8058],[67.9942,23.8112],[67.9832,23.8096],[67.9734,23.8052],[67.9719,23.8021],[67.9619,23.8047],[67.9509,23.8089],[67.9417,23.8159],[67.9378,23.8263],[67.9343,23.833],[67.926,23.8341],[67.9168,23.8336],[67.9099,23.8362],[67.9046,23.8463],[67.9059,23.8593],[67.8999,23.8676],[67.8919,23.8696],[67.8835,23.8648],[67.8689,23.8505],[67.8645,23.8658],[67.8633,23.9028],[67.8552,23.9119],[67.8491,23.8895],[67.839,23.8234],[67.8317,23.8095],[67.8026,23.8128],[67.7732,23.8211],[67.7186,23.8437],[67.7307,23.8356],[67.7411,23.8231],[67.7437,23.8088],[67.7323,23.7952],[67.7157,23.7917],[67.6936,23.7934],[67.6566,23.8021],[67.6465,23.8029],[67.6377,23.8017],[67.6316,23.8035],[67.6292,23.8126],[67.6307,23.8248],[67.6343,23.8331],[67.6388,23.8406],[67.6429,23.8505],[67.6511,23.9071],[67.6566,23.9194],[67.6566,23.9256],[67.652,23.9253],[67.6511,23.9269],[67.6512,23.9298],[67.6504,23.9331],[67.638,23.9159],[67.6374,23.8743],[67.6292,23.8567],[67.6145,23.8501],[67.5996,23.8542],[67.5894,23.8665],[67.5884,23.8847],[67.5746,23.8718],[67.5661,23.8765],[67.5581,23.8887],[67.5466,23.8983],[67.5326,23.8992],[67.5301,23.8913],[67.5359,23.88],[67.5466,23.871],[67.4911,23.8831],[67.4785,23.8915],[67.488,23.8931],[67.4953,23.8923],[67.5026,23.8929],[67.5125,23.8983],[67.5205,23.9071],[67.5322,23.9291],[67.5405,23.9393],[67.5305,23.9355],[67.5199,23.9283],[67.509,23.9232],[67.4989,23.9256],[67.4969,23.9356],[67.4998,23.9516],[67.5064,23.974],[67.4636,23.982],[67.4512,23.9877],[67.4681,24.022],[67.4782,24.0324],[67.4922,24.028],[67.5199,24.0451],[67.5298,24.0549],[67.5331,24.0703],[67.5098,24.0521],[67.4891,24.0541],[67.4673,24.0642],[67.4407,24.0703],[67.3836,24.0668],[67.354,24.0709],[67.3413,24.0864],[67.3371,24.119],[67.3264,24.1438],[67.3003,24.1863],[67.2956,24.1992],[67.2933,24.2122],[67.2923,24.2619],[67.2884,24.27],[67.2791,24.2812],[67.2839,24.2879],[67.2893,24.2987],[67.2928,24.303],[67.286,24.3296],[67.3059,24.3428],[67.3364,24.3464],[67.3625,24.3439],[67.3425,24.3538],[67.3254,24.3576],[67.283,24.3576],[67.2717,24.3691],[67.2736,24.3951],[67.2866,24.4395],[67.2805,24.4323],[67.2736,24.4269],[67.2588,24.4191],[67.2568,24.445],[67.2468,24.468],[67.2307,24.4888],[67.2109,24.5084],[67.2308,24.5251],[67.2267,24.5324],[67.2041,24.5351],[67.1946,24.5473],[67.1886,24.5613],[67.1852,24.5761],[67.1836,24.5903],[67.1995,24.5848],[67.2181,24.5824],[67.2367,24.584],[67.2526,24.5903],[67.2239,24.6072],[67.209,24.6138],[67.1904,24.6177],[67.1727,24.6159],[67.1599,24.6122],[67.1521,24.6157],[67.1496,24.6351],[67.157,24.6629],[67.1755,24.6887],[67.2,24.7106],[67.2246,24.727],[67.2529,24.7404],[67.2555,24.748],[67.2451,24.7617],[67.2327,24.7707],[67.2238,24.7697],[67.2127,24.7647],[67.176,24.7577],[67.1673,24.7602],[67.1616,24.7814],[67.156,24.7916],[67.1482,24.7998],[67.1397,24.8033],[67.1218,24.8012],[67.1111,24.7978],[67.0999,24.7971],[67.0812,24.8033],[67.0737,24.7958],[67.0825,24.7742],[67.0637,24.7817],[67.023,24.81],[67.0051,24.8135],[66.9873,24.8222],[66.973,24.8332],[66.9651,24.8436],[66.9577,24.8436],[66.9579,24.8254],[66.9602,24.8178],[66.9651,24.81],[66.9412,24.8126],[66.9219,24.8243],[66.9033,24.8392],[66.8821,24.851],[66.8538,24.8522],[66.8273,24.8441],[66.8025,24.8395],[66.7796,24.851],[66.7693,24.8472],[66.7163,24.8415],[66.6914,24.8326],[66.6797,24.8306],[66.6541,24.8392],[66.6567,24.8587],[66.677,24.8795],[66.7044,24.892],[66.8622,25.0094],[66.8745,25.0157],[66.8813,25.018],[66.8864,25.0191],[66.9262,25.0236],[66.9397,25.0279],[66.9525,25.0344],[66.9663,25.043],[66.9909,25.0669],[67.0107,25.0929],[67.0205,25.1085],[67.0261,25.1245],[67.0267,25.1325],[67.0258,25.1503],[67.0261,25.1561],[67.0272,25.1617],[67.0324,25.1711],[67.0416,25.1834],[67.0768,25.2219],[67.106,25.2441],[67.1242,25.2578],[67.1307,25.2657],[67.1376,25.2765],[67.163,25.3363],[67.1667,25.3486],[67.1681,25.3576],[67.1668,25.3685],[67.1626,25.3892],[67.162,25.3949],[67.1645,25.4044],[67.1701,25.4172],[67.2213,25.5009],[67.2291,25.5103],[67.2559,25.5234],[67.2645,25.5302],[67.2711,25.5389],[67.2773,25.5538],[67.2922,25.5811],[67.3281,25.6204],[67.36,25.6525],[67.3737,25.6727],[67.4244,25.7959],[67.4351,25.8309],[67.4399,25.8617],[67.4396,25.8883],[67.4338,25.94],[67.4341,25.959],[67.4503,26.0483],[67.4469,26.0759],[67.4373,26.1112],[67.1809,26.5393],[67.1726,26.5601],[67.1617,26.6047],[67.1554,26.6535],[67.153,26.7355],[67.146,27.1559],[67.1345,27.2533],[67.1359,27.2879],[67.1428,27.3335],[67.1799,27.4803],[67.1857,27.5126],[67.1929,27.5316],[67.2057,27.5577],[67.2727,27.6634],[67.342,27.7437],[67.3898,27.8452],[67.4021,27.8639],[67.4413,27.8827],[67.5538,27.8963],[67.6835,27.9258],[67.9251,28.0231],[67.9698,28.0832],[67.9993,28.1142],[68.2192,28.2647],[68.2371,28.2815],[68.2827,28.3105],[68.3686,28.3424],[68.3761,28.3465],[68.3817,28.3503],[68.3848,28.3529],[68.3885,28.3569],[68.438,28.4293],[68.4452,28.4366],[68.4588,28.4478],[68.4669,28.4525],[68.4729,28.4548],[68.501,28.4626],[68.6043,28.475],[68.7757,28.465],[69.2517,28.4836],[69.3851,28.4866],[69.4914,28.5273],[69.5052,28.5284],[69.5304,28.5282],[69.5577,28.5247],[69.5835,28.5178],[69.5892,28.5154],[69.5937,28.5122],[69.5968,28.5086],[69.5985,28.504],[69.5991,28.5003],[69.599,28.4928],[69.6005,28.489],[69.6039,28.4859],[69.6097,28.4839],[69.7042,28.4734],[69.7324,28.4662],[69.7545,28.4232],[69.7701,28.4103],[69.7782,28.4078],[69.7869,28.4038],[69.7995,28.3952],[69.8065,28.3857],[69.8105,28.3774],[69.8116,28.3703],[69.8114,28.3365],[69.8134,28.3283],[69.8181,28.3208],[69.8271,28.3104],[69.8317,28.3019],[69.8341,28.2946],[69.8373,28.2758],[69.8994,28.1114],[69.9151,28.0834],[69.9772,28.0019],[69.9961,27.9846],[70.0121,27.9731],[70.0743,27.9397],[70.1887,27.8919],[70.189,27.8918]]],[[[67.3755,24.0627],[67.3904,24.0493],[67.4133,24.0488],[67.458,24.0627],[67.4778,24.0512],[67.4854,24.0485],[67.4853,24.0485],[67.4652,24.0406],[67.4608,24.0267],[67.4539,24.0134],[67.4269,24.0075],[67.4094,24.0135],[67.3934,24.0281],[67.3854,24.0402],[67.3815,24.0462],[67.3755,24.0627]]]]}}]}