{"type":"FeatureCollection","features":[{"type":"Feature","properties":{"id":"SVN-1022","name":"Ajdovščina","nameBn":"আজদোভসিনা পৌরসভা","type":"Commune|Municipality","bounds":[13.7328,45.8262,14.126,46.002],"center":[13.9294,45.9043]},"geometry":{"type":"Polygon","coordinates":[[[14.1209,45.8787],[14.126,45.8688],[14.0966,45.8519],[14.0931,45.8488],[14.046,45.8369],[14.0217,45.8481],[14.0181,45.8553],[14.0147,45.8652],[14.0051,45.873],[13.9973,45.8759],[13.9868,45.8777],[13.9734,45.8772],[13.9565,45.8737],[13.9325,45.8635],[13.9219,45.8557],[13.9075,45.8494],[13.8918,45.8407],[13.8859,45.8287],[13.8637,45.8262],[13.858,45.8265],[13.834,45.8355],[13.8232,45.8475],[13.8206,45.8497],[13.8049,45.856],[13.8007,45.8585],[13.7979,45.8626],[13.7948,45.865],[13.7913,45.8688],[13.7869,45.8727],[13.7689,45.8853],[13.7551,45.8914],[13.747,45.8983],[13.7388,45.9018],[13.7339,45.9032],[13.7328,45.9059],[13.7466,45.9126],[13.7531,45.9143],[13.7744,45.932],[13.7989,45.9609],[13.844,45.9837],[13.844,45.9934],[13.8523,46.002],[13.8657,45.9888],[13.8667,45.9848],[13.8732,45.9802],[13.883,45.9755],[13.901,45.9691],[13.9236,45.9509],[13.9479,45.9365],[13.9612,45.9337],[13.9708,45.9277],[13.9905,45.9188],[14.0033,45.9095],[14.0428,45.8902],[14.1209,45.8787]]]}},{"type":"Feature","properties":{"id":"SVN-5884","name":"Apace","nameBn":"আপেস","type":"Commune|Municipality","bounds":[15.7846,46.6628,15.9676,46.7245],"center":[15.8873,46.6914]},"geometry":{"type":"Polygon","coordinates":[[[15.8507,46.7245],[15.8785,46.7207],[15.9463,46.6972],[15.9676,46.6946],[15.9468,46.6744],[15.9321,46.6652],[15.9113,46.6636],[15.8886,46.6628],[15.8768,46.6684],[15.8588,46.6716],[15.8273,46.6864],[15.8183,46.6962],[15.8043,46.6998],[15.7866,46.71],[15.7846,46.7122],[15.8229,46.7228],[15.8507,46.7245]]]}},{"type":"Feature","properties":{"id":"SVN-1039","name":"Beltinci","nameBn":"বেল্টিঙ্কি পৌরসভা","type":"Commune|Municipality","bounds":[16.1608,46.5539,16.3005,46.6573],"center":[16.2307,46.6086]},"geometry":{"type":"Polygon","coordinates":[[[16.1608,46.6059],[16.1826,46.6153],[16.1923,46.6256],[16.2053,46.6294],[16.2408,46.6536],[16.2686,46.6515],[16.2765,46.6573],[16.2835,46.656],[16.2979,46.6479],[16.2863,46.6412],[16.2864,46.6362],[16.2832,46.6277],[16.2982,46.6179],[16.3005,46.5973],[16.274,46.5984],[16.2663,46.5929],[16.2619,46.5891],[16.2595,46.5834],[16.2613,46.5794],[16.2619,46.5763],[16.266,46.5691],[16.2475,46.5539],[16.2168,46.5841],[16.2034,46.5919],[16.1608,46.6059]]]}},{"type":"Feature","properties":{"id":"SVN-199","name":"Benedikt","nameBn":"বেনেডিক্ট পৌরসভা","type":"Commune|Municipality","bounds":[15.8628,46.5835,15.9333,46.6459],"center":[15.8981,46.6136]},"geometry":{"type":"Polygon","coordinates":[[[15.9024,46.5835],[15.8982,46.5843],[15.8931,46.5882],[15.8754,46.6059],[15.8628,46.611],[15.8658,46.6233],[15.8748,46.6364],[15.8881,46.6459],[15.9007,46.6421],[15.9044,46.6416],[15.9092,46.6398],[15.9133,46.6397],[15.9184,46.6399],[15.9229,46.6407],[15.928,46.6395],[15.9311,46.6383],[15.9285,46.6335],[15.9133,46.6241],[15.9136,46.6185],[15.9164,46.6108],[15.9333,46.5964],[15.9261,46.591],[15.9151,46.5858],[15.9114,46.5852],[15.9053,46.585],[15.9024,46.5835]]]}},{"type":"Feature","properties":{"id":"SVN-213","name":"Bistrica ob Sotli","nameBn":"বিস্ত্রিকা অব সোতলি পৌরসভা","type":"Commune|Municipality","bounds":[15.536,46.0659,15.6266,46.2043],"center":[15.5811,46.1454]},"geometry":{"type":"Polygon","coordinates":[[[15.6266,46.1952],[15.6228,46.1917],[15.6043,46.167],[15.59,46.1387],[15.5899,46.1135],[15.6038,46.091],[15.6236,46.0764],[15.6235,46.0764],[15.6076,46.0659],[15.599,46.0691],[15.5953,46.0787],[15.5962,46.0824],[15.5993,46.086],[15.5846,46.1086],[15.5756,46.112],[15.559,46.122],[15.5466,46.1238],[15.536,46.1304],[15.5455,46.1552],[15.5675,46.1647],[15.5787,46.1792],[15.6133,46.2043],[15.6261,46.1955],[15.6266,46.1952]]]}},{"type":"Feature","properties":{"id":"SVN-1008","name":"Bled","nameBn":"ব্লেড পৌরসভা","type":"Commune|Municipality","bounds":[13.8479,46.2989,14.1522,46.4448],"center":[14.0001,46.3898]},"geometry":{"type":"Polygon","coordinates":[[[13.8789,46.3665],[13.8479,46.3812],[13.918,46.4075],[13.9472,46.4257],[13.9604,46.4321],[13.9724,46.4362],[13.9795,46.4422],[13.9924,46.4448],[14.0728,46.4146],[14.0819,46.4092],[14.0966,46.4046],[14.1016,46.4036],[14.1279,46.4068],[14.1209,46.3927],[14.1375,46.3722],[14.1427,46.3661],[14.1492,46.357],[14.1522,46.3518],[14.1508,46.3468],[14.1361,46.3366],[14.1325,46.33],[14.1291,46.326],[14.1162,46.3182],[14.1111,46.3067],[14.1016,46.2989],[14.0973,46.3009],[14.0915,46.3107],[14.0867,46.316],[14.08,46.3166],[14.0742,46.3147],[14.0658,46.3129],[14.0579,46.3121],[14.0436,46.3152],[14.034,46.3213],[14.0284,46.3263],[14.0223,46.3304],[14.0093,46.3364],[13.9982,46.3379],[13.9832,46.3477],[13.9641,46.3523],[13.9471,46.3598],[13.8993,46.3666],[13.8789,46.3665]]]}},{"type":"Feature","properties":{"id":"SVN-254","name":"Bloke","nameBn":"ব্লোক পৌরসভা","type":"Commune|Municipality","bounds":[14.4422,45.7289,14.5761,45.8408],"center":[14.5092,45.7836]},"geometry":{"type":"Polygon","coordinates":[[[14.5051,45.8408],[14.5296,45.8129],[14.5642,45.7901],[14.5533,45.7813],[14.5661,45.7668],[14.5696,45.7595],[14.5698,45.7521],[14.5761,45.7353],[14.5556,45.7347],[14.55,45.7383],[14.5375,45.7344],[14.5296,45.7302],[14.5252,45.7289],[14.5082,45.7311],[14.4784,45.7479],[14.4925,45.7557],[14.4902,45.7596],[14.4866,45.7641],[14.4813,45.7657],[14.4635,45.7754],[14.4466,45.7892],[14.4422,45.7958],[14.4422,45.8005],[14.4463,45.8069],[14.4506,45.8118],[14.4571,45.8172],[14.4835,45.8329],[14.4931,45.8355],[14.5051,45.8408]]]}},{"type":"Feature","properties":{"id":"SVN-1009","name":"Bohinj","nameBn":"বোহিঞ্জ পৌরসভা","type":"Commune|Municipality","bounds":[13.7274,46.23,14.1801,46.3822],"center":[13.9538,46.2961]},"geometry":{"type":"Polygon","coordinates":[[[14.1791,46.2842],[14.1665,46.2813],[14.1331,46.2838],[14.1215,46.283],[14.1106,46.2813],[14.1031,46.2741],[14.099,46.2674],[14.0959,46.2519],[14.0935,46.2465],[14.0853,46.2439],[14.0291,46.2501],[14.0096,46.2465],[13.997,46.2393],[13.997,46.2394],[13.8949,46.23],[13.8806,46.2301],[13.8657,46.2317],[13.8209,46.2418],[13.7708,46.262],[13.7367,46.2861],[13.7274,46.3017],[13.7422,46.326],[13.7495,46.3353],[13.7641,46.3451],[13.828,46.3691],[13.8417,46.3822],[13.8479,46.3812],[13.8789,46.3665],[13.8993,46.3666],[13.9471,46.3598],[13.9641,46.3523],[13.9832,46.3477],[13.9982,46.3379],[14.0093,46.3364],[14.0223,46.3304],[14.0284,46.3263],[14.034,46.3213],[14.0436,46.3152],[14.0579,46.3121],[14.0658,46.3129],[14.0742,46.3147],[14.08,46.3166],[14.0867,46.316],[14.0915,46.3107],[14.0973,46.3009],[14.1016,46.2989],[14.1111,46.3067],[14.1596,46.3029],[14.1649,46.3043],[14.1716,46.305],[14.1752,46.3038],[14.1801,46.2988],[14.1791,46.2842]]]}},{"type":"Feature","properties":{"id":"SVN-937","name":"Borovnica","nameBn":"বোরোভনিকা পৌরসভা","type":"Commune|Municipality","bounds":[14.3337,45.8604,14.4175,45.9655],"center":[14.3756,45.9095]},"geometry":{"type":"Polygon","coordinates":[[[14.3931,45.8604],[14.3888,45.863],[14.3846,45.8651],[14.3763,45.8715],[14.3639,45.8823],[14.3575,45.8892],[14.3375,45.9255],[14.3344,45.9344],[14.3337,45.9433],[14.3378,45.9548],[14.3417,45.9579],[14.3442,45.9611],[14.3656,45.9655],[14.3701,45.952],[14.3842,45.9393],[14.3919,45.9337],[14.4016,45.9292],[14.4069,45.9292],[14.4127,45.9262],[14.4148,45.9226],[14.4117,45.9097],[14.41,45.899],[14.407,45.8916],[14.4175,45.8709],[14.4061,45.8674],[14.3999,45.8612],[14.3931,45.8604]]]}},{"type":"Feature","properties":{"id":"SVN-1023","name":"Bovec","nameBn":"বোভেক পৌরসভা","type":"Commune|Municipality","bounds":[13.3956,46.2772,13.8417,46.464],"center":[13.6184,46.3725]},"geometry":{"type":"Polygon","coordinates":[[[13.6588,46.4451],[13.6775,46.4521],[13.6859,46.464],[13.6903,46.454],[13.687,46.4317],[13.692,46.4293],[13.7023,46.4302],[13.7126,46.4323],[13.7384,46.4403],[13.7509,46.4382],[13.7674,46.4331],[13.7987,46.42],[13.8113,46.413],[13.8173,46.4076],[13.8209,46.4013],[13.8241,46.3976],[13.8417,46.3822],[13.828,46.3691],[13.7641,46.3451],[13.7495,46.3353],[13.7422,46.326],[13.7274,46.3017],[13.6715,46.2949],[13.6514,46.2963],[13.6294,46.3005],[13.5844,46.2996],[13.5501,46.302],[13.5324,46.298],[13.5261,46.2944],[13.5295,46.291],[13.5303,46.2862],[13.5273,46.2815],[13.5152,46.2772],[13.477,46.281],[13.449,46.2872],[13.4326,46.2925],[13.419,46.2955],[13.404,46.3032],[13.3956,46.3067],[13.4098,46.3236],[13.4232,46.3448],[13.4341,46.3539],[13.4473,46.3548],[13.4597,46.359],[13.4837,46.3712],[13.53,46.3883],[13.5544,46.406],[13.5757,46.4267],[13.6002,46.4426],[13.6341,46.4457],[13.6588,46.4451]]]}},{"type":"Feature","properties":{"id":"SVN-247","name":"Braslovce","nameBn":"ব্রাস্লোভিচ পৌরসভা","type":"Commune|Municipality","bounds":[14.9703,46.2261,15.095,46.3372],"center":[15.0327,46.2889]},"geometry":{"type":"Polygon","coordinates":[[[15.01,46.258],[14.9703,46.2838],[14.9706,46.3029],[14.9849,46.3123],[14.9887,46.317],[14.9901,46.3225],[14.9999,46.3331],[15.0084,46.3372],[15.0373,46.3244],[15.0513,46.3073],[15.095,46.2577],[15.0666,46.2305],[15.0511,46.2261],[15.0455,46.2377],[15.0424,46.2421],[15.0305,46.2533],[15.01,46.258]]]}},{"type":"Feature","properties":{"id":"SVN-1024","name":"Brda","nameBn":"ব্রডা পৌরসভা","type":"Commune|Municipality","bounds":[13.4618,45.9674,13.6262,46.0753],"center":[13.5437,46.0189]},"geometry":{"type":"Polygon","coordinates":[[[13.4618,46.0064],[13.4771,46.0161],[13.4823,46.0184],[13.49,46.0256],[13.4928,46.0325],[13.4903,46.0389],[13.4823,46.0448],[13.5051,46.066],[13.5226,46.0753],[13.5318,46.0703],[13.5461,46.0662],[13.5565,46.0587],[13.5621,46.0493],[13.5711,46.0386],[13.5872,46.028],[13.604,46.0129],[13.6262,45.9966],[13.611,45.9911],[13.6015,45.985],[13.6007,45.9846],[13.5717,45.9798],[13.5394,45.969],[13.5094,45.9674],[13.4823,45.9892],[13.4818,45.9904],[13.4812,45.9914],[13.4804,45.9923],[13.4795,45.9931],[13.4748,45.9957],[13.4618,46.0064]]]}},{"type":"Feature","properties":{"id":"SVN-940","name":"Brezovica","nameBn":"ব্রেজোভিকা","type":"Commune|Municipality","bounds":[14.3656,45.8629,14.4902,46.0358],"center":[14.4279,45.9479]},"geometry":{"type":"Polygon","coordinates":[[[14.4073,46.0358],[14.4124,46.0349],[14.4289,46.029],[14.4431,46.016],[14.4554,46.0095],[14.4578,46.0054],[14.4519,45.9997],[14.4433,45.9939],[14.436,45.9868],[14.4355,45.9799],[14.4451,45.9741],[14.4591,45.9482],[14.4588,45.9371],[14.464,45.9206],[14.4669,45.906],[14.4902,45.8809],[14.4422,45.8635],[14.4358,45.8629],[14.4175,45.8709],[14.407,45.8916],[14.41,45.899],[14.4117,45.9097],[14.4148,45.9226],[14.4127,45.9262],[14.4069,45.9292],[14.4016,45.9292],[14.3919,45.9337],[14.3842,45.9393],[14.3701,45.952],[14.3656,45.9655],[14.3753,45.9804],[14.3722,45.9939],[14.3787,46.0025],[14.3859,46.0079],[14.3974,46.0109],[14.3986,46.0158],[14.3991,46.0194],[14.3968,46.0241],[14.3853,46.0322],[14.4073,46.0358]]]}},{"type":"Feature","properties":{"id":"SVN-938","name":"Brežice","nameBn":"ব্রেজিচ পৌরসভা","type":"Commune|Municipality","bounds":[15.5098,45.8192,15.698,46.0416],"center":[15.6036,45.9082]},"geometry":{"type":"Polygon","coordinates":[[[15.6929,46.0416],[15.698,46.0362],[15.6936,46.0258],[15.682,46.0135],[15.6743,45.9933],[15.6742,45.9932],[15.6754,45.9725],[15.6771,45.9418],[15.6756,45.9252],[15.6704,45.9127],[15.6634,45.9008],[15.6594,45.8888],[15.6637,45.8761],[15.6755,45.856],[15.6761,45.8417],[15.6661,45.8317],[15.6456,45.8241],[15.6261,45.8202],[15.5873,45.8192],[15.5497,45.8237],[15.5496,45.8239],[15.5447,45.8303],[15.5227,45.8528],[15.5179,45.8606],[15.5129,45.8669],[15.5098,45.8742],[15.5101,45.8822],[15.5153,45.894],[15.5301,45.9006],[15.5418,45.9035],[15.5463,45.9033],[15.5505,45.906],[15.5565,45.9082],[15.559,45.9167],[15.5669,45.9201],[15.5698,45.9263],[15.5722,45.9367],[15.5714,45.9722],[15.5837,45.994],[15.5976,45.9945],[15.6238,46.0037],[15.6678,46.0264],[15.6846,46.04],[15.6926,46.0416],[15.6929,46.0416]]]}},{"type":"Feature","properties":{"id":"SVN-926","name":"Cankova","nameBn":"ক্যাঙ্কভা পৌরসভা","type":"Commune|Municipality","bounds":[15.9697,46.6239,16.123,46.7758],"center":[16.0462,46.7083]},"geometry":{"type":"Polygon","coordinates":[[[16.0167,46.6707],[16.0146,46.6937],[16.0033,46.7092],[15.982,46.7185],[15.9705,46.743],[15.9697,46.7605],[15.971,46.7751],[15.9877,46.7758],[16.0049,46.774],[16.0071,46.7703],[16.0185,46.7616],[16.0248,46.759],[16.0555,46.756],[16.0579,46.7354],[16.0565,46.7289],[16.0534,46.7198],[16.0591,46.7092],[16.0665,46.7043],[16.0751,46.7013],[16.0841,46.6996],[16.0923,46.6949],[16.1083,46.6904],[16.103,46.6768],[16.1044,46.6716],[16.1085,46.6615],[16.114,46.6565],[16.1187,46.6507],[16.123,46.6439],[16.1204,46.6369],[16.1103,46.6239],[16.0671,46.6443],[16.042,46.6627],[16.0417,46.6627],[16.0278,46.6651],[16.0167,46.6707]]]}},{"type":"Feature","properties":{"id":"SVN-941","name":"Celje","nameBn":"সেলিয়ে শহরের পৌরসভা","type":"Commune|Municipality","bounds":[15.2164,46.1889,15.3585,46.3205],"center":[15.2874,46.2398]},"geometry":{"type":"Polygon","coordinates":[[[15.2261,46.3174],[15.2401,46.3205],[15.2701,46.3073],[15.2873,46.2891],[15.2918,46.2802],[15.3016,46.2739],[15.3059,46.2721],[15.311,46.2725],[15.3146,46.2738],[15.3211,46.2734],[15.3258,46.2722],[15.3585,46.2605],[15.3562,46.2508],[15.3515,46.2467],[15.3436,46.2418],[15.3394,46.229],[15.3323,46.2297],[15.3278,46.2285],[15.3217,46.2264],[15.3141,46.2227],[15.3082,46.2183],[15.3082,46.1993],[15.31,46.1938],[15.3014,46.1889],[15.2646,46.1938],[15.2573,46.1971],[15.2485,46.1975],[15.2291,46.192],[15.2216,46.1925],[15.2182,46.1931],[15.2164,46.1982],[15.224,46.2362],[15.2227,46.2438],[15.2196,46.2562],[15.219,46.26],[15.2205,46.2622],[15.2207,46.2634],[15.2181,46.2702],[15.2192,46.274],[15.2226,46.2811],[15.2261,46.2854],[15.2261,46.3174]]]}},{"type":"Feature","properties":{"id":"SVN-942","name":"Cerklje na Gorenjskem","nameBn":"চার্লিযে না গোরেন পৌরসভা","type":"Commune|Municipality","bounds":[14.4422,46.2029,14.5699,46.312],"center":[14.5061,46.2524]},"geometry":{"type":"Polygon","coordinates":[[[14.4672,46.2916],[14.4838,46.2962],[14.5009,46.2966],[14.5153,46.2998],[14.544,46.312],[14.5437,46.2988],[14.5504,46.2894],[14.5533,46.2786],[14.5586,46.2745],[14.5699,46.2615],[14.5695,46.2575],[14.5685,46.2536],[14.5667,46.25],[14.5641,46.2473],[14.5525,46.2432],[14.5007,46.2029],[14.4629,46.2061],[14.4445,46.2232],[14.4431,46.2328],[14.4422,46.2552],[14.4439,46.267],[14.4466,46.2725],[14.4491,46.2763],[14.4526,46.2782],[14.4557,46.2818],[14.4599,46.2844],[14.4672,46.2916]]]}},{"type":"Feature","properties":{"id":"SVN-943","name":"Cerknica","nameBn":"সের্কনিকা পৌরসভা","type":"Commune|Municipality","bounds":[14.2583,45.7075,14.5051,45.8912],"center":[14.3817,45.7886]},"geometry":{"type":"Polygon","coordinates":[[[14.4358,45.8629],[14.4422,45.8635],[14.4902,45.8809],[14.4982,45.8704],[14.4962,45.8622],[14.4971,45.8518],[14.5051,45.8408],[14.4931,45.8355],[14.4835,45.8329],[14.4571,45.8172],[14.4506,45.8118],[14.4463,45.8069],[14.4422,45.8005],[14.4422,45.7958],[14.4466,45.7892],[14.4635,45.7754],[14.4813,45.7657],[14.4866,45.7641],[14.4902,45.7596],[14.4925,45.7557],[14.4784,45.7479],[14.4106,45.7101],[14.3862,45.7075],[14.3277,45.7398],[14.3232,45.7541],[14.2993,45.7573],[14.2875,45.7629],[14.2695,45.7763],[14.2583,45.7906],[14.2594,45.8014],[14.2793,45.8372],[14.2765,45.8461],[14.2992,45.8857],[14.3094,45.8912],[14.3257,45.8873],[14.3648,45.8675],[14.3763,45.8715],[14.3846,45.8651],[14.3888,45.863],[14.3931,45.8604],[14.3999,45.8612],[14.4061,45.8674],[14.4175,45.8709],[14.4358,45.8629]]]}},{"type":"Feature","properties":{"id":"SVN-1010","name":"Cerkno","nameBn":"চেরকনো পৌরসভা","type":"Commune|Municipality","bounds":[13.8861,46.0609,14.0737,46.1946],"center":[13.9799,46.1335]},"geometry":{"type":"Polygon","coordinates":[[[14.0737,46.1581],[14.0278,46.1016],[14.0243,46.0927],[14.0219,46.0822],[14.0233,46.079],[14.0301,46.0732],[14.0299,46.0661],[14.0245,46.0645],[14.0192,46.0639],[14.0091,46.0646],[13.9998,46.0672],[13.982,46.0761],[13.9646,46.0868],[13.9601,46.0873],[13.959,46.0854],[13.9582,46.082],[13.9569,46.0793],[13.9493,46.0742],[13.9451,46.0697],[13.9396,46.0691],[13.9356,46.0693],[13.9309,46.0716],[13.9275,46.0711],[13.9263,46.0691],[13.9264,46.0656],[13.9235,46.0613],[13.9139,46.0609],[13.908,46.062],[13.8949,46.0677],[13.9069,46.0732],[13.9078,46.0764],[13.9064,46.0829],[13.9038,46.0886],[13.9015,46.0974],[13.9016,46.1052],[13.8996,46.1131],[13.8903,46.1248],[13.8861,46.1345],[13.8862,46.14],[13.8898,46.1479],[13.8935,46.1542],[13.9066,46.1635],[13.9236,46.1707],[13.9579,46.1784],[13.9893,46.1946],[13.9882,46.1861],[13.9885,46.1807],[13.9936,46.1781],[14.0029,46.1757],[14.0406,46.1732],[14.0675,46.1673],[14.0737,46.1581]]]}},{"type":"Feature","properties":{"id":"SVN-198","name":"Cerkvenjak","nameBn":"চার্কভেঞ্জাক পৌরসভা","type":"Commune|Municipality","bounds":[15.9196,46.533,15.9867,46.5882],"center":[15.9531,46.5598]},"geometry":{"type":"Polygon","coordinates":[[[15.9285,46.5419],[15.9196,46.5653],[15.9223,46.5688],[15.9264,46.5736],[15.9381,46.5796],[15.9435,46.5812],[15.9559,46.5882],[15.9783,46.586],[15.9685,46.5662],[15.9867,46.5467],[15.9592,46.5334],[15.9542,46.533],[15.9475,46.5334],[15.9452,46.5359],[15.9285,46.5419]]]}},{"type":"Feature","properties":{"id":"SVN-945","name":"Crnomelj","nameBn":"ক্রোনোমেলি পৌরসভা","type":"Commune|Municipality","bounds":[15.0661,45.4256,15.3614,45.6174],"center":[15.2135,45.5229]},"geometry":{"type":"Polygon","coordinates":[[[15.2822,45.5715],[15.2826,45.5706],[15.2886,45.5446],[15.2967,45.523],[15.311,45.5059],[15.3614,45.482],[15.3518,45.4761],[15.3339,45.4585],[15.3252,45.4528],[15.314,45.4505],[15.2816,45.451],[15.2258,45.4365],[15.1842,45.4256],[15.1393,45.43],[15.0661,45.4739],[15.0749,45.489],[15.0867,45.4992],[15.0929,45.5024],[15.1037,45.5064],[15.1181,45.5087],[15.1213,45.5116],[15.1208,45.5165],[15.113,45.5203],[15.1015,45.5194],[15.0905,45.5164],[15.0797,45.5145],[15.073,45.5171],[15.0698,45.5229],[15.0732,45.5342],[15.0818,45.5424],[15.0868,45.5444],[15.0901,45.5464],[15.0939,45.5462],[15.0972,45.5449],[15.1006,45.5461],[15.1006,45.5506],[15.089,45.5585],[15.0836,45.5636],[15.0837,45.5747],[15.0791,45.584],[15.08,45.5899],[15.0736,45.6019],[15.1054,45.5945],[15.1332,45.5963],[15.1413,45.5984],[15.1461,45.6007],[15.1475,45.6028],[15.1507,45.6064],[15.1558,45.6105],[15.174,45.6174],[15.1886,45.617],[15.2068,45.6146],[15.225,45.6083],[15.2236,45.6],[15.2391,45.5964],[15.249,45.5982],[15.2532,45.5968],[15.2528,45.5942],[15.2559,45.5892],[15.2614,45.5824],[15.2708,45.5762],[15.2801,45.5732],[15.2816,45.5719],[15.2822,45.5715]]]}},{"type":"Feature","properties":{"id":"SVN-203","name":"Destrnik","nameBn":"ডেস্টমিক পৌরসভা","type":"Commune|Municipality","bounds":[15.8234,46.4523,15.9472,46.5063],"center":[15.8853,46.4767]},"geometry":{"type":"Polygon","coordinates":[[[15.8234,46.4949],[15.8545,46.5063],[15.8673,46.5001],[15.888,46.4998],[15.9286,46.5041],[15.9472,46.4872],[15.9443,46.4805],[15.9224,46.471],[15.9084,46.4604],[15.9055,46.4565],[15.9005,46.4537],[15.8929,46.4523],[15.8849,46.4536],[15.87,46.46],[15.8454,46.4828],[15.8234,46.4949]]]}},{"type":"Feature","properties":{"id":"SVN-1025","name":"Divaca","nameBn":"দিভিকা পৌরসভা","type":"Commune|Municipality","bounds":[13.9365,45.5996,14.0934,45.7714],"center":[14.0149,45.6927]},"geometry":{"type":"Polygon","coordinates":[[[14.0372,45.761],[14.0721,45.7434],[14.0819,45.7342],[14.0934,45.7143],[14.0832,45.7065],[14.0717,45.7027],[14.0647,45.6935],[14.0625,45.6865],[14.0645,45.6797],[14.0686,45.6736],[14.0692,45.6597],[14.0728,45.653],[14.0779,45.6454],[14.0832,45.6356],[14.0796,45.6296],[14.0799,45.6279],[14.0906,45.6242],[14.0898,45.6141],[14.0773,45.6099],[14.072,45.6036],[14.0664,45.601],[14.0596,45.5996],[14.0397,45.6024],[14.025,45.6114],[14.0062,45.6178],[13.9877,45.6271],[13.9714,45.6331],[13.9508,45.636],[13.9384,45.6426],[13.9437,45.6611],[13.9365,45.6704],[13.9624,45.6981],[13.9679,45.7053],[13.9651,45.7141],[13.9596,45.7221],[13.9556,45.7333],[13.9567,45.74],[13.9644,45.7443],[13.9756,45.7485],[13.9899,45.765],[14.0028,45.7699],[14.0053,45.7714],[14.0123,45.7711],[14.0158,45.7705],[14.0372,45.761]]]}},{"type":"Feature","properties":{"id":"SVN-252","name":"Dobje","nameBn":"দোবে পৌরসভা","type":"Commune|Municipality","bounds":[15.3709,46.1075,15.4403,46.1527],"center":[15.4056,46.1339]},"geometry":{"type":"Polygon","coordinates":[[[15.3827,46.1082],[15.3709,46.1357],[15.4033,46.1522],[15.4071,46.1527],[15.4118,46.1521],[15.4133,46.1491],[15.422,46.1413],[15.4257,46.1389],[15.435,46.135],[15.4386,46.1318],[15.4403,46.1286],[15.439,46.1258],[15.4384,46.1226],[15.4373,46.1196],[15.4356,46.1181],[15.4316,46.1183],[15.4271,46.1203],[15.4231,46.124],[15.4201,46.1257],[15.4169,46.1248],[15.4158,46.1224],[15.4139,46.1201],[15.4057,46.1153],[15.3984,46.1095],[15.3942,46.1081],[15.39,46.1075],[15.3827,46.1082]]]}},{"type":"Feature","properties":{"id":"SVN-253","name":"Dobrepolje","nameBn":"দোব্রেপলজে পৌরসভা","type":"Commune|Municipality","bounds":[14.637,45.7431,14.8137,45.8901],"center":[14.7253,45.8342]},"geometry":{"type":"Polygon","coordinates":[[[14.7518,45.8833],[14.7681,45.8668],[14.7673,45.8638],[14.7605,45.8509],[14.7588,45.8374],[14.7642,45.8318],[14.771,45.823],[14.7817,45.8151],[14.7847,45.8083],[14.8046,45.7975],[14.8025,45.7803],[14.8039,45.7753],[14.8137,45.7577],[14.7959,45.7431],[14.6877,45.818],[14.6692,45.8373],[14.6517,45.8464],[14.6452,45.8486],[14.6388,45.8493],[14.637,45.8539],[14.6391,45.8587],[14.6402,45.8628],[14.6402,45.8748],[14.6598,45.8833],[14.6646,45.8887],[14.6717,45.8901],[14.6781,45.8887],[14.6848,45.8858],[14.7231,45.8764],[14.7313,45.8764],[14.7518,45.8833]]]}},{"type":"Feature","properties":{"id":"SVN-239","name":"Dobrna","nameBn":"ডর্বনা পৌরসভা","type":"Commune|Municipality","bounds":[15.1903,46.3174,15.2694,46.3925],"center":[15.2299,46.3552]},"geometry":{"type":"Polygon","coordinates":[[[15.2677,46.365],[15.2694,46.3603],[15.2677,46.3587],[15.2632,46.3557],[15.2612,46.3525],[15.2609,46.3462],[15.2615,46.3426],[15.2606,46.3384],[15.2592,46.3356],[15.2401,46.3205],[15.2261,46.3174],[15.1965,46.3277],[15.2063,46.342],[15.2063,46.3457],[15.2047,46.3539],[15.2012,46.3605],[15.1903,46.3884],[15.2325,46.3925],[15.2677,46.365]]]}},{"type":"Feature","properties":{"id":"SVN-204","name":"Dobrova-Polhov Gradec","nameBn":"দব্রোভা-পলহভ গ্রাদেচ পৌরসভা","type":"Commune|Municipality","bounds":[14.1868,46.014,14.4408,46.1065],"center":[14.3138,46.0716]},"geometry":{"type":"Polygon","coordinates":[[[14.4289,46.029],[14.4124,46.0349],[14.4073,46.0358],[14.3853,46.0322],[14.3666,46.0275],[14.3595,46.0207],[14.342,46.014],[14.3432,46.0194],[14.3445,46.0219],[14.3443,46.0252],[14.3431,46.0291],[14.3371,46.0376],[14.3309,46.0407],[14.3232,46.0427],[14.2824,46.0456],[14.2571,46.0412],[14.2526,46.0397],[14.2435,46.0315],[14.2441,46.0202],[14.1904,46.0247],[14.1929,46.0347],[14.1868,46.0379],[14.2068,46.0601],[14.2076,46.0669],[14.2101,46.0735],[14.2112,46.0881],[14.232,46.0999],[14.2673,46.1065],[14.325,46.0983],[14.3331,46.0905],[14.3381,46.087],[14.3504,46.0834],[14.3719,46.0901],[14.4086,46.0829],[14.4151,46.0828],[14.4208,46.0811],[14.4241,46.0782],[14.4324,46.063],[14.4348,46.0607],[14.4372,46.0562],[14.4399,46.0502],[14.4408,46.041],[14.4403,46.0362],[14.4396,46.0338],[14.4289,46.029]]]}},{"type":"Feature","properties":{"id":"SVN-271","name":"Dobrovnik","nameBn":"দোব্রোভনিক","type":"Commune|Municipality","bounds":[16.3144,46.6153,16.4026,46.6889],"center":[16.3581,46.6539]},"geometry":{"type":"Polygon","coordinates":[[[16.4026,46.6631],[16.3967,46.6591],[16.3776,46.6529],[16.3684,46.643],[16.3722,46.6363],[16.372,46.6362],[16.367,46.6342],[16.3479,46.6153],[16.3144,46.6451],[16.3175,46.6608],[16.3274,46.6762],[16.3342,46.6838],[16.3407,46.6889],[16.3517,46.6859],[16.3562,46.6847],[16.3639,46.6749],[16.3732,46.67],[16.3926,46.6643],[16.4019,46.6632],[16.4026,46.6631]]]}},{"type":"Feature","properties":{"id":"SVN-946","name":"Dol pri Ljubljani","nameBn":"ডল প্রি লুব্লাজনি পৌরসভা","type":"Commune|Municipality","bounds":[14.5943,46.0769,14.754,46.1176],"center":[14.6741,46.0996]},"geometry":{"type":"Polygon","coordinates":[[[14.754,46.1002],[14.7499,46.0932],[14.7447,46.0905],[14.7124,46.0793],[14.6922,46.0779],[14.6838,46.0818],[14.6779,46.0826],[14.6574,46.0779],[14.6331,46.0769],[14.6156,46.0801],[14.5958,46.0884],[14.5943,46.0966],[14.6174,46.0984],[14.6292,46.1022],[14.6531,46.1131],[14.6664,46.1176],[14.6872,46.1173],[14.7035,46.1116],[14.7159,46.11],[14.7217,46.1062],[14.7263,46.1003],[14.7347,46.099],[14.754,46.1002]]]}},{"type":"Feature","properties":{"id":"SVN-249","name":"Dolenjske Toplice","nameBn":"ডলেনজস্ক টোপলিস পৌরসভা","type":"Statistical Region","bounds":[14.972,45.6313,15.1241,45.7848],"center":[15.048,45.7205]},"geometry":{"type":"Polygon","coordinates":[[[15.0581,45.7811],[15.0629,45.7684],[15.0761,45.7543],[15.0794,45.7491],[15.0806,45.7442],[15.1143,45.7184],[15.1211,45.7117],[15.1241,45.7068],[15.1219,45.7024],[15.12,45.7005],[15.1184,45.6986],[15.116,45.697],[15.1129,45.696],[15.1057,45.6928],[15.1028,45.6844],[15.0845,45.6863],[15.0729,45.6822],[15.0637,45.6756],[15.0452,45.6571],[15.0409,45.6514],[15.0376,45.6313],[15.0246,45.6475],[15.0201,45.665],[14.9999,45.6818],[14.9811,45.6966],[14.9766,45.7029],[14.972,45.7116],[14.9802,45.7414],[14.9836,45.7492],[14.9821,45.7663],[14.9965,45.7797],[15.0036,45.7824],[15.015,45.7848],[15.0334,45.7812],[15.0581,45.7811]]]}},{"type":"Feature","properties":{"id":"SVN-205","name":"Domžale","nameBn":"দমজালে","type":"Commune|Municipality","bounds":[14.5693,46.0966,14.6894,46.2066],"center":[14.6294,46.1493]},"geometry":{"type":"Polygon","coordinates":[[[14.5898,46.1477],[14.5837,46.1765],[14.5901,46.1891],[14.6095,46.1885],[14.632,46.1973],[14.6391,46.2022],[14.6453,46.2046],[14.6518,46.2061],[14.6577,46.2066],[14.6831,46.1992],[14.6635,46.1857],[14.6525,46.1703],[14.6505,46.1646],[14.6515,46.1615],[14.6551,46.1609],[14.6585,46.1593],[14.6613,46.1565],[14.6644,46.1538],[14.668,46.1524],[14.6761,46.1507],[14.6838,46.144],[14.6745,46.1389],[14.6752,46.1327],[14.6793,46.1309],[14.6834,46.1282],[14.6894,46.1257],[14.6872,46.1173],[14.6664,46.1176],[14.6531,46.1131],[14.6292,46.1022],[14.6174,46.0984],[14.5943,46.0966],[14.5923,46.1055],[14.5693,46.1078],[14.571,46.1245],[14.5758,46.1344],[14.5898,46.1477]]]}},{"type":"Feature","properties":{"id":"SVN-1040","name":"Dornava","nameBn":"ডরনাভা পৌরসভা","type":"Commune|Municipality","bounds":[15.943,46.4166,16.04,46.4907],"center":[15.9915,46.4406]},"geometry":{"type":"Polygon","coordinates":[[[16.0261,46.4323],[16.0119,46.4349],[15.9955,46.4288],[15.9913,46.4255],[15.9831,46.4166],[15.943,46.4205],[15.9531,46.451],[15.9772,46.4463],[15.9967,46.4587],[16.004,46.4666],[16.0084,46.4738],[16.021,46.4907],[16.04,46.4686],[16.0391,46.4493],[16.0261,46.4323]]]}},{"type":"Feature","properties":{"id":"SVN-947","name":"Dravograd","nameBn":"ড্রাভোগ্রাড পৌরসভা","type":"Commune|Municipality","bounds":[14.9195,46.5381,15.1258,46.6496],"center":[15.0226,46.5906]},"geometry":{"type":"Polygon","coordinates":[[[15.062,46.6496],[15.0857,46.6478],[15.0888,46.6344],[15.0938,46.6255],[15.1048,46.6117],[15.1258,46.6012],[15.1119,46.5987],[15.1087,46.5949],[15.1039,46.5868],[15.106,46.5792],[15.1034,46.57],[15.071,46.5503],[15.069,46.5457],[15.0643,46.5423],[15.0602,46.5415],[15.0488,46.5446],[15.0362,46.5416],[15.0336,46.54],[15.0303,46.5386],[15.0282,46.5381],[15.0246,46.5381],[15.0105,46.5504],[15.0142,46.5591],[15.0123,46.5625],[15.0075,46.5689],[14.9979,46.5731],[14.9819,46.582],[14.9709,46.5916],[14.9663,46.5969],[14.9602,46.5997],[14.9434,46.6007],[14.9202,46.6136],[14.9195,46.615],[14.9336,46.6211],[14.948,46.6193],[14.9672,46.6003],[15.0044,46.6368],[15.062,46.6496]]]}},{"type":"Feature","properties":{"id":"SVN-948","name":"Duplek","nameBn":"ডুপ্লেক পৌরসভা","type":"Commune|Municipality","bounds":[15.7201,46.4677,15.8177,46.548],"center":[15.7689,46.512]},"geometry":{"type":"Polygon","coordinates":[[[15.7317,46.5048],[15.7244,46.5135],[15.7213,46.5185],[15.7201,46.5213],[15.7208,46.5236],[15.7232,46.5271],[15.7381,46.5327],[15.7537,46.547],[15.7691,46.5471],[15.7756,46.548],[15.7809,46.547],[15.7849,46.545],[15.7877,46.5418],[15.7888,46.5376],[15.791,46.5346],[15.8093,46.5253],[15.8152,46.5202],[15.8177,46.5149],[15.8144,46.512],[15.8118,46.5087],[15.8104,46.5063],[15.8163,46.4973],[15.8065,46.4854],[15.7947,46.48],[15.7815,46.4677],[15.7565,46.4857],[15.7505,46.4879],[15.7424,46.49],[15.7394,46.4918],[15.7378,46.4937],[15.7331,46.5032],[15.7317,46.5048]]]}},{"type":"Feature","properties":{"id":"SVN-1011","name":"Gorenja vas-Poljane","nameBn":"গোরেঞ্জা ভাস-পোলিয়ান পৌরসভা","type":"Commune|Municipality","bounds":[14.0219,46.0379,14.2228,46.1809],"center":[14.1223,46.1241]},"geometry":{"type":"Polygon","coordinates":[[[14.2112,46.0881],[14.2101,46.0735],[14.2076,46.0669],[14.2068,46.0601],[14.1868,46.0379],[14.1659,46.05],[14.159,46.055],[14.1465,46.0661],[14.1406,46.0697],[14.1299,46.0732],[14.0502,46.0851],[14.0388,46.0833],[14.033,46.0816],[14.0301,46.0732],[14.0233,46.079],[14.0219,46.0822],[14.0243,46.0927],[14.0278,46.1016],[14.0737,46.1581],[14.0943,46.1676],[14.0977,46.1704],[14.162,46.1794],[14.1735,46.1783],[14.1859,46.1801],[14.2043,46.1809],[14.213,46.1792],[14.2191,46.1752],[14.2228,46.1708],[14.2146,46.1591],[14.2084,46.1552],[14.2036,46.149],[14.2011,46.1442],[14.2005,46.141],[14.2048,46.138],[14.2063,46.1347],[14.207,46.1301],[14.2031,46.1255],[14.2,46.12],[14.1998,46.1111],[14.2008,46.1025],[14.2081,46.0971],[14.2112,46.0881]]]}},{"type":"Feature","properties":{"id":"SVN-1041","name":"Gorišnica","nameBn":"গোরিস্নিকা পৌরসভা","type":"Commune|Municipality","bounds":[15.9673,46.2906,16.0757,46.4349],"center":[16.0215,46.3668]},"geometry":{"type":"Polygon","coordinates":[[[16.0499,46.3167],[16.0389,46.3084],[16.0192,46.2988],[15.9984,46.2915],[15.9937,46.2906],[15.9934,46.2909],[15.9891,46.2953],[15.9752,46.3277],[15.9761,46.3355],[15.9733,46.3423],[15.971,46.3465],[15.9673,46.3492],[15.9693,46.3619],[15.9774,46.3622],[15.9856,46.3643],[15.9888,46.3659],[15.9984,46.373],[15.9981,46.3761],[15.9967,46.3813],[15.9887,46.3938],[15.9879,46.4026],[15.9831,46.4166],[15.9913,46.4255],[15.9955,46.4288],[16.0119,46.4349],[16.0261,46.4323],[16.0506,46.4249],[16.0659,46.4041],[16.0757,46.3845],[16.0552,46.3881],[16.0407,46.3796],[16.0315,46.3641],[16.0314,46.3583],[16.0345,46.354],[16.0382,46.3513],[16.0407,46.3457],[16.0427,46.3342],[16.0497,46.3173],[16.0499,46.3167]]]}},{"type":"Feature","properties":{"id":"SVN-927","name":"Gornja Radgona","nameBn":"গোরঞ্জা রাডগোনা","type":"Commune|Municipality","bounds":[15.8881,46.586,16.0417,46.6946],"center":[15.9663,46.6256]},"geometry":{"type":"Polygon","coordinates":[[[15.9676,46.6946],[15.987,46.6922],[15.9979,46.6869],[16.0166,46.6708],[16.0167,46.6707],[16.0278,46.6651],[16.0417,46.6627],[16.0077,46.6328],[16.0068,46.6214],[16.0136,46.5937],[15.9783,46.586],[15.9559,46.5882],[15.9333,46.5964],[15.9164,46.6108],[15.9136,46.6185],[15.9133,46.6241],[15.9285,46.6335],[15.9311,46.6383],[15.928,46.6395],[15.9229,46.6407],[15.9184,46.6399],[15.9133,46.6397],[15.9092,46.6398],[15.9044,46.6416],[15.9007,46.6421],[15.8881,46.6459],[15.8886,46.6628],[15.9113,46.6636],[15.9321,46.6652],[15.9468,46.6744],[15.9676,46.6946]]]}},{"type":"Feature","properties":{"id":"SVN-949","name":"Gornji Grad","nameBn":"গর্নজি গ্রাদ পৌরসভা","type":"Commune|Municipality","bounds":[14.704,46.2529,14.877,46.3434],"center":[14.7905,46.2972]},"geometry":{"type":"Polygon","coordinates":[[[14.7976,46.3434],[14.8008,46.341],[14.8106,46.3371],[14.848,46.3161],[14.8669,46.3155],[14.877,46.301],[14.8719,46.2882],[14.8621,46.279],[14.8575,46.2688],[14.8548,46.2529],[14.8112,46.2544],[14.7887,46.253],[14.753,46.2543],[14.7141,46.2631],[14.704,46.2698],[14.7057,46.2869],[14.7313,46.3108],[14.7808,46.3385],[14.7976,46.3434]]]}},{"type":"Feature","properties":{"id":"SVN-928","name":"Gornji Petrovci","nameBn":"গরনি পেত্রভচি পৌরসভা","type":"Commune|Municipality","bounds":[16.1229,46.7444,16.2664,46.8585],"center":[16.2128,46.8091]},"geometry":{"type":"Polygon","coordinates":[[[16.1354,46.8558],[16.1795,46.8585],[16.2276,46.8343],[16.2445,46.8278],[16.2588,46.8179],[16.2653,46.8096],[16.2664,46.8019],[16.2632,46.7914],[16.2604,46.7877],[16.2577,46.78],[16.2406,46.7624],[16.2321,46.7571],[16.2237,46.7469],[16.2179,46.7444],[16.2106,46.745],[16.1972,46.7574],[16.1934,46.7623],[16.2039,46.7819],[16.2019,46.7903],[16.1979,46.7936],[16.191,46.796],[16.1837,46.7976],[16.1645,46.8105],[16.1608,46.8179],[16.1545,46.8223],[16.1501,46.8265],[16.1364,46.8294],[16.1252,46.833],[16.1229,46.8434],[16.1302,46.8567],[16.1354,46.8558]]]}},{"type":"Feature","properties":{"id":"SVN-202","name":"Grad","nameBn":"গ্রাড পৌরসভা","type":"Commune|Municipality","bounds":[16.0517,46.7621,16.1364,46.833],"center":[16.094,46.7969]},"geometry":{"type":"Polygon","coordinates":[[[16.1364,46.8294],[16.1269,46.7875],[16.112,46.7674],[16.1052,46.7638],[16.0974,46.7621],[16.0912,46.7637],[16.0824,46.7648],[16.0636,46.7642],[16.0521,46.7701],[16.0517,46.7757],[16.056,46.8161],[16.0724,46.8188],[16.0778,46.8225],[16.092,46.8302],[16.0988,46.8321],[16.1252,46.833],[16.1364,46.8294]]]}},{"type":"Feature","properties":{"id":"SVN-950","name":"Grosuplje","nameBn":"গ্রোসুপজে পৌরসভা","type":"Commune|Municipality","bounds":[14.591,45.8748,14.7518,46.0111],"center":[14.6714,45.9421]},"geometry":{"type":"Polygon","coordinates":[[[14.7402,45.9981],[14.7332,45.9821],[14.7175,45.9657],[14.7148,45.9526],[14.7184,45.9521],[14.729,45.9493],[14.7332,45.947],[14.7338,45.9446],[14.7323,45.9412],[14.7344,45.9353],[14.7366,45.9271],[14.7502,45.9079],[14.7499,45.9032],[14.7475,45.897],[14.7473,45.8924],[14.7518,45.8833],[14.7313,45.8764],[14.7231,45.8764],[14.6848,45.8858],[14.6781,45.8887],[14.6717,45.8901],[14.6646,45.8887],[14.6598,45.8833],[14.6402,45.8748],[14.626,45.8862],[14.6216,45.8946],[14.6009,45.9089],[14.5916,45.9287],[14.5954,45.9603],[14.5947,45.9688],[14.591,45.9801],[14.5943,45.9847],[14.5974,45.9879],[14.6003,45.9894],[14.6039,45.9917],[14.6065,45.9916],[14.6162,45.9967],[14.6306,45.9892],[14.6607,45.9898],[14.6769,45.9962],[14.6826,46.0004],[14.6865,46.0052],[14.7012,46.0109],[14.7097,46.0111],[14.7153,46.0092],[14.7246,46.0038],[14.7402,45.9981]]]}},{"type":"Feature","properties":{"id":"SVN-227","name":"Hajdina","nameBn":"হাজদিনা পৌরসভা","type":"Commune|Municipality","bounds":[15.8005,46.3819,15.8712,46.4548],"center":[15.8358,46.4161]},"geometry":{"type":"Polygon","coordinates":[[[15.8005,46.4316],[15.8059,46.4376],[15.8037,46.4449],[15.8056,46.4491],[15.8186,46.4548],[15.8474,46.4307],[15.8583,46.415],[15.8597,46.4113],[15.8597,46.4084],[15.8587,46.4065],[15.859,46.4005],[15.8579,46.3978],[15.8604,46.3954],[15.8635,46.3934],[15.8693,46.3915],[15.8712,46.3896],[15.8695,46.384],[15.8502,46.3819],[15.8315,46.3948],[15.8005,46.4316]]]}},{"type":"Feature","properties":{"id":"SVN-229","name":"Hoce-Slivnica","nameBn":"হোচে-স্লিভনিকা পৌরসভা","type":"Commune|Municipality","bounds":[15.5394,46.4599,15.7095,46.5166],"center":[15.6245,46.4943]},"geometry":{"type":"Polygon","coordinates":[[[15.6085,46.5166],[15.6965,46.5121],[15.6945,46.506],[15.7005,46.4981],[15.6994,46.4943],[15.6951,46.4866],[15.6977,46.4815],[15.7095,46.465],[15.6869,46.4624],[15.6831,46.4612],[15.6761,46.4603],[15.6588,46.4599],[15.654,46.4606],[15.6471,46.4627],[15.6368,46.4687],[15.613,46.4766],[15.5868,46.4766],[15.5714,46.4811],[15.5458,46.4832],[15.5394,46.4974],[15.5638,46.5099],[15.6085,46.5166]]]}},{"type":"Feature","properties":{"id":"SVN-201","name":"Hodoš","nameBn":"হোডোস পৌরসভা","type":"Commune|Municipality","bounds":[16.2959,46.7975,16.3298,46.847],"center":[16.3126,46.8202]},"geometry":{"type":"Polygon","coordinates":[[[16.2974,46.847],[16.3019,46.8432],[16.3107,46.84],[16.3253,46.8394],[16.3298,46.8344],[16.3275,46.8255],[16.3218,46.8133],[16.3149,46.802],[16.3111,46.7975],[16.3106,46.7978],[16.2982,46.804],[16.2968,46.807],[16.2959,46.8102],[16.3012,46.8167],[16.3031,46.8223],[16.3031,46.8356],[16.2979,46.8443],[16.2974,46.8468],[16.2974,46.847]]]}},{"type":"Feature","properties":{"id":"SVN-250","name":"Horjul","nameBn":"হর্জুল পৌরসভা","type":"Commune|Municipality","bounds":[14.239,45.9939,14.3445,46.0456],"center":[14.2917,46.0249]},"geometry":{"type":"Polygon","coordinates":[[[14.2738,45.9939],[14.2673,45.9945],[14.2455,46.0015],[14.2405,46.0055],[14.239,46.0089],[14.2464,46.0131],[14.2441,46.0202],[14.2435,46.0315],[14.2526,46.0397],[14.2571,46.0412],[14.2824,46.0456],[14.3232,46.0427],[14.3309,46.0407],[14.3371,46.0376],[14.3431,46.0291],[14.3443,46.0252],[14.3445,46.0219],[14.3432,46.0194],[14.342,46.014],[14.3156,46.0092],[14.3086,46.0071],[14.283,46.0039],[14.2776,46.0019],[14.2762,45.9987],[14.2768,45.9956],[14.2738,45.9939]]]}},{"type":"Feature","properties":{"id":"SVN-951","name":"Hrastnik","nameBn":"হ্রাসৎনিক পৌরসভা","type":"Commune|Municipality","bounds":[15.0651,46.086,15.1885,46.1834],"center":[15.1268,46.1289]},"geometry":{"type":"Polygon","coordinates":[[[15.1284,46.086],[15.1063,46.0935],[15.0991,46.1033],[15.0974,46.1074],[15.0881,46.1137],[15.0809,46.1159],[15.0775,46.1192],[15.0713,46.1268],[15.0684,46.1292],[15.0651,46.1365],[15.0657,46.1416],[15.0705,46.1497],[15.084,46.1656],[15.102,46.1739],[15.1133,46.1834],[15.131,46.1673],[15.1348,46.1615],[15.1593,46.1488],[15.1717,46.1382],[15.1802,46.1291],[15.1885,46.1162],[15.1885,46.1109],[15.185,46.1073],[15.1767,46.1033],[15.1732,46.1023],[15.1611,46.1051],[15.1532,46.1086],[15.149,46.11],[15.145,46.1097],[15.1422,46.1064],[15.1419,46.1043],[15.1434,46.1015],[15.1462,46.0993],[15.1501,46.0969],[15.1634,46.0925],[15.1284,46.086]]]}},{"type":"Feature","properties":{"id":"SVN-1026","name":"Hrpelje-Kozina","nameBn":"হ্রারাপেলি-কোজিনা পৌরসভা","type":"Commune|Municipality","bounds":[13.8679,45.473,14.1182,45.6438],"center":[13.9929,45.5679]},"geometry":{"type":"Polygon","coordinates":[[[13.8679,45.6022],[13.887,45.6188],[13.8947,45.6318],[13.8936,45.6338],[13.9089,45.6438],[13.9384,45.6426],[13.9508,45.636],[13.9714,45.6331],[13.9877,45.6271],[14.0062,45.6178],[14.025,45.6114],[14.0397,45.6024],[14.0596,45.5996],[14.0664,45.601],[14.072,45.6036],[14.0773,45.6099],[14.0898,45.6141],[14.1045,45.6047],[14.1022,45.6015],[14.0991,45.5941],[14.0937,45.5865],[14.0895,45.5747],[14.0904,45.5702],[14.0937,45.5675],[14.0996,45.5687],[14.1056,45.566],[14.1049,45.5603],[14.1027,45.5504],[14.0945,45.5312],[14.0872,45.518],[14.0892,45.5153],[14.1075,45.5048],[14.1121,45.5014],[14.1182,45.4918],[14.1181,45.4795],[14.1168,45.4732],[14.1167,45.473],[14.0929,45.4739],[14.0667,45.4803],[14.0416,45.4931],[14.0283,45.5027],[14.014,45.508],[13.9875,45.5119],[13.9874,45.5121],[13.9838,45.5195],[13.9522,45.546],[13.9104,45.552],[13.8946,45.5598],[13.8848,45.5677],[13.88,45.5725],[13.8706,45.5975],[13.8679,45.6022]]]}},{"type":"Feature","properties":{"id":"SVN-1012","name":"Idrija","nameBn":"ইদ্রিজা","type":"Commune|Municipality","bounds":[13.8523,45.8787,14.1387,46.0873],"center":[13.9955,45.9922]},"geometry":{"type":"Polygon","coordinates":[[[14.1387,46.0058],[14.1373,45.9923],[14.1289,45.9846],[14.1207,45.9787],[14.1108,45.9733],[14.1086,45.9693],[14.1096,45.9673],[14.1141,45.9661],[14.1161,45.9616],[14.1148,45.9516],[14.1087,45.9398],[14.1018,45.9304],[14.1004,45.9215],[14.1007,45.914],[14.1042,45.9062],[14.109,45.9015],[14.1209,45.8787],[14.0428,45.8902],[14.0033,45.9095],[13.9905,45.9188],[13.9708,45.9277],[13.9612,45.9337],[13.9479,45.9365],[13.9236,45.9509],[13.901,45.9691],[13.883,45.9755],[13.8732,45.9802],[13.8667,45.9848],[13.8657,45.9888],[13.8523,46.002],[13.8659,46.007],[13.8678,46.0258],[13.8678,46.0318],[13.8671,46.0372],[13.8682,46.0408],[13.8726,46.0412],[13.8746,46.043],[13.8737,46.0468],[13.871,46.0499],[13.8648,46.0524],[13.862,46.0554],[13.8609,46.0587],[13.8636,46.0632],[13.8675,46.0648],[13.8769,46.0628],[13.8822,46.0633],[13.8861,46.0666],[13.8877,46.0688],[13.8949,46.0677],[13.908,46.062],[13.9139,46.0609],[13.9235,46.0613],[13.9264,46.0656],[13.9263,46.0691],[13.9275,46.0711],[13.9309,46.0716],[13.9356,46.0693],[13.9396,46.0691],[13.9451,46.0697],[13.9493,46.0742],[13.9569,46.0793],[13.9582,46.082],[13.959,46.0854],[13.9601,46.0873],[13.9646,46.0868],[13.982,46.0761],[13.9998,46.0672],[14.0091,46.0646],[14.0192,46.0639],[14.0245,46.0645],[14.0299,46.0661],[14.0301,46.0732],[14.054,46.063],[14.0818,46.0348],[14.09,46.0324],[14.0965,46.0322],[14.1007,46.0273],[14.1056,46.0188],[14.1086,46.0152],[14.1112,46.0126],[14.1387,46.0058]]]}},{"type":"Feature","properties":{"id":"SVN-953","name":"Ig","nameBn":"ইগ পৌরসভা","type":"Commune|Municipality","bounds":[14.4451,45.8673,14.5865,45.998],"center":[14.5158,45.9398]},"geometry":{"type":"Polygon","coordinates":[[[14.5133,45.998],[14.5333,45.9902],[14.5541,45.9724],[14.56,45.9551],[14.5615,45.9437],[14.5569,45.9211],[14.5605,45.9186],[14.5637,45.915],[14.565,45.9104],[14.5645,45.9047],[14.5667,45.902],[14.5853,45.8963],[14.5865,45.8823],[14.5813,45.8745],[14.5701,45.8676],[14.5617,45.8673],[14.5549,45.8678],[14.5497,45.8704],[14.5426,45.8726],[14.5307,45.8787],[14.5079,45.8845],[14.4902,45.8809],[14.4669,45.906],[14.464,45.9206],[14.4588,45.9371],[14.4591,45.9482],[14.4451,45.9741],[14.4743,45.9831],[14.4805,45.9919],[14.5029,45.9976],[14.5133,45.998]]]}},{"type":"Feature","properties":{"id":"SVN-954","name":"Ilirska Bistrica","nameBn":"ইলিরস্কা বিস্ট্রিকা","type":"Commune|Municipality","bounds":[14.0872,45.4729,14.4915,45.6722],"center":[14.2891,45.5678]},"geometry":{"type":"Polygon","coordinates":[[[14.4915,45.5792],[14.4874,45.5566],[14.4821,45.5424],[14.4689,45.5256],[14.4297,45.5054],[14.4112,45.4932],[14.3728,45.4778],[14.3268,45.4749],[14.2804,45.4811],[14.2406,45.4933],[14.2187,45.4972],[14.1931,45.4919],[14.1455,45.4762],[14.1197,45.4729],[14.1173,45.473],[14.1167,45.473],[14.1168,45.4732],[14.1181,45.4795],[14.1182,45.4918],[14.1121,45.5014],[14.1075,45.5048],[14.0892,45.5153],[14.0872,45.518],[14.0945,45.5312],[14.1027,45.5504],[14.1049,45.5603],[14.1056,45.566],[14.0996,45.5687],[14.0937,45.5675],[14.0904,45.5702],[14.0895,45.5747],[14.0937,45.5865],[14.0991,45.5941],[14.1022,45.6015],[14.1045,45.6047],[14.0898,45.6141],[14.0906,45.6242],[14.1028,45.6228],[14.1103,45.626],[14.1275,45.6304],[14.1519,45.6314],[14.1941,45.6295],[14.2156,45.6313],[14.2267,45.6333],[14.2379,45.6407],[14.2466,45.6441],[14.2855,45.655],[14.317,45.6595],[14.3283,45.6639],[14.3308,45.6676],[14.3285,45.6706],[14.3326,45.6719],[14.3473,45.6722],[14.3691,45.6597],[14.3786,45.652],[14.4262,45.644],[14.4225,45.6239],[14.4219,45.6169],[14.4281,45.6087],[14.4413,45.6],[14.4439,45.5946],[14.4434,45.5876],[14.4382,45.583],[14.4389,45.5807],[14.4494,45.5798],[14.4604,45.5802],[14.468,45.5789],[14.474,45.5804],[14.4807,45.5799],[14.4881,45.5802],[14.491,45.5793],[14.4915,45.5792]]]}},{"type":"Feature","properties":{"id":"SVN-955","name":"Ivancna Gorica","nameBn":"ইভাঙ্কা গোরিকা পৌরসভা","type":"Commune|Municipality","bounds":[14.7148,45.796,14.9273,46.0085],"center":[14.8211,45.9017]},"geometry":{"type":"Polygon","coordinates":[[[14.7402,45.9981],[14.7496,46.003],[14.7727,46.0045],[14.7752,46.0063],[14.7814,46.0085],[14.8109,46.0078],[14.8431,46.0006],[14.8559,46.0],[14.8629,46.0008],[14.8637,46.0043],[14.8657,46.0064],[14.8714,46.0053],[14.8775,46.0021],[14.9056,45.9729],[14.9273,45.963],[14.9088,45.9492],[14.8888,45.9413],[14.882,45.9326],[14.8787,45.925],[14.8741,45.8987],[14.8688,45.8874],[14.8714,45.8775],[14.8772,45.8696],[14.8765,45.8571],[14.8505,45.8537],[14.8474,45.8509],[14.8474,45.845],[14.8503,45.8398],[14.8562,45.8251],[14.8558,45.8078],[14.8489,45.7997],[14.8371,45.796],[14.8244,45.798],[14.8046,45.7975],[14.7847,45.8083],[14.7817,45.8151],[14.771,45.823],[14.7642,45.8318],[14.7588,45.8374],[14.7605,45.8509],[14.7673,45.8638],[14.7681,45.8668],[14.7518,45.8833],[14.7473,45.8924],[14.7475,45.897],[14.7499,45.9032],[14.7502,45.9079],[14.7366,45.9271],[14.7344,45.9353],[14.7323,45.9412],[14.7338,45.9446],[14.7332,45.947],[14.729,45.9493],[14.7184,45.9521],[14.7148,45.9526],[14.7175,45.9657],[14.7332,45.9821],[14.7402,45.9981]]]}},{"type":"Feature","properties":{"id":"SVN-1027","name":"Izola","nameBn":"ইজুলা","type":"Commune|Municipality","bounds":[13.6109,45.4882,13.6751,45.5447],"center":[13.643,45.5153]},"geometry":{"type":"Polygon","coordinates":[[[13.6109,45.538],[13.6751,45.5447],[13.6743,45.5207],[13.6628,45.507],[13.6575,45.4922],[13.6542,45.4907],[13.6466,45.4882],[13.6417,45.4896],[13.64,45.491],[13.6397,45.4932],[13.6335,45.4997],[13.6287,45.5022],[13.6221,45.5068],[13.6189,45.5156],[13.6186,45.5216],[13.6166,45.5255],[13.6114,45.5336],[13.6109,45.538]]]}},{"type":"Feature","properties":{"id":"SVN-258","name":"Jesenice","nameBn":"জেসেনিচ পৌরসভা","type":"Commune|Municipality","bounds":[13.9924,46.4036,14.1479,46.4847],"center":[14.0702,46.4477]},"geometry":{"type":"Polygon","coordinates":[[[14.0325,46.4847],[14.05,46.4844],[14.0664,46.481],[14.081,46.4759],[14.1373,46.4424],[14.1479,46.4404],[14.1409,46.4364],[14.1378,46.4341],[14.1294,46.4251],[14.1279,46.4068],[14.1016,46.4036],[14.0966,46.4046],[14.0819,46.4092],[14.0728,46.4146],[13.9924,46.4448],[13.9997,46.4529],[14.0047,46.4555],[14.0123,46.4606],[14.0143,46.469],[14.0149,46.4825],[14.0325,46.4847]]]}},{"type":"Feature","properties":{"id":"SVN-237","name":"Jezersko","nameBn":"জেজেরস্কো পৌরসভা","type":"Commune|Municipality","bounds":[14.4055,46.3505,14.5687,46.4189],"center":[14.4871,46.3897]},"geometry":{"type":"Polygon","coordinates":[[[14.5403,46.3786],[14.5577,46.3839],[14.5621,46.3917],[14.563,46.3897],[14.5687,46.3688],[14.5359,46.3603],[14.4692,46.3643],[14.4547,46.3669],[14.4498,46.3671],[14.4447,46.3664],[14.4405,46.3647],[14.4372,46.3605],[14.434,46.3554],[14.4321,46.3535],[14.427,46.3505],[14.4055,46.3516],[14.4086,46.3641],[14.4082,46.373],[14.4188,46.387],[14.4227,46.3965],[14.4343,46.4161],[14.4371,46.4189],[14.4509,46.4145],[14.4677,46.4127],[14.5022,46.4184],[14.5158,46.4054],[14.5271,46.3882],[14.5403,46.3786]]]}},{"type":"Feature","properties":{"id":"SVN-1042","name":"Juršinci","nameBn":"জুরসিঞ্চি পৌরসভা","type":"Commune|Municipality","bounds":[15.9435,46.4463,16.021,46.5244],"center":[15.9822,46.4841]},"geometry":{"type":"Polygon","coordinates":[[[15.9472,46.4872],[15.9495,46.5016],[15.9547,46.5061],[15.9622,46.5109],[15.9715,46.5139],[15.9832,46.5193],[16.0074,46.5244],[16.0203,46.5113],[16.0141,46.5075],[16.021,46.4907],[16.0084,46.4738],[16.004,46.4666],[15.9967,46.4587],[15.9772,46.4463],[15.9531,46.451],[15.9435,46.46],[15.9443,46.4805],[15.9472,46.4872]]]}},{"type":"Feature","properties":{"id":"SVN-206","name":"Kamnik","nameBn":"কাম্নিক পৌরসভা","type":"Commune|Municipality","bounds":[14.5359,46.1885,14.9301,46.3688],"center":[14.733,46.2285]},"geometry":{"type":"Polygon","coordinates":[[[14.544,46.312],[14.5531,46.3213],[14.5505,46.3251],[14.5487,46.3294],[14.5445,46.3366],[14.5468,46.3463],[14.5456,46.3527],[14.5359,46.3603],[14.5687,46.3688],[14.5957,46.3614],[14.6098,46.362],[14.6399,46.3664],[14.6467,46.3339],[14.6706,46.3106],[14.6769,46.2997],[14.6801,46.2906],[14.6855,46.2864],[14.7057,46.2869],[14.704,46.2698],[14.7141,46.2631],[14.753,46.2543],[14.7887,46.253],[14.8112,46.2544],[14.8548,46.2529],[14.8849,46.2405],[14.9301,46.2188],[14.9101,46.2105],[14.8989,46.2087],[14.7858,46.1998],[14.7698,46.1959],[14.7487,46.196],[14.735,46.1976],[14.7159,46.2022],[14.6831,46.1992],[14.6577,46.2066],[14.6518,46.2061],[14.6453,46.2046],[14.6391,46.2022],[14.632,46.1973],[14.6095,46.1885],[14.5901,46.1891],[14.5799,46.1924],[14.5827,46.1981],[14.5699,46.2149],[14.5654,46.2281],[14.5525,46.2432],[14.5641,46.2473],[14.5667,46.25],[14.5685,46.2536],[14.5695,46.2575],[14.5699,46.2615],[14.5586,46.2745],[14.5533,46.2786],[14.5504,46.2894],[14.5437,46.2988],[14.544,46.312]]]}},{"type":"Feature","properties":{"id":"SVN-1028","name":"Kanal","nameBn":"ক্যান্সাাল অব সোচি","type":"Commune|Municipality","bounds":[13.5226,46.0011,13.7689,46.1752],"center":[13.6455,46.1084]},"geometry":{"type":"Polygon","coordinates":[[[13.5226,46.0753],[13.6164,46.125],[13.645,46.1617],[13.6411,46.1714],[13.6665,46.1752],[13.685,46.1535],[13.6868,46.146],[13.6969,46.1363],[13.7042,46.1333],[13.7085,46.128],[13.7689,46.1016],[13.7669,46.0819],[13.7607,46.0756],[13.7517,46.0646],[13.7398,46.0582],[13.7322,46.0579],[13.7051,46.0658],[13.6814,46.067],[13.6668,46.0615],[13.6549,46.0547],[13.6328,46.0311],[13.6254,46.0273],[13.6246,46.0236],[13.6383,46.0107],[13.6435,46.0048],[13.6406,46.0021],[13.6366,46.0011],[13.6325,46.0015],[13.6291,46.0037],[13.6252,46.0065],[13.619,46.0101],[13.6152,46.0116],[13.604,46.0129],[13.5872,46.028],[13.5711,46.0386],[13.5621,46.0493],[13.5565,46.0587],[13.5461,46.0662],[13.5318,46.0703],[13.5226,46.0753]]]}},{"type":"Feature","properties":{"id":"SVN-956","name":"Kidricevo","nameBn":"কিদ্রিচেভো পৌরসভা","type":"Commune|Municipality","bounds":[15.6774,46.3549,15.8315,46.4348],"center":[15.7544,46.3982]},"geometry":{"type":"Polygon","coordinates":[[[15.6875,46.4086],[15.7345,46.4283],[15.7522,46.4324],[15.7699,46.431],[15.7823,46.4348],[15.8005,46.4316],[15.8315,46.3948],[15.8246,46.3716],[15.8212,46.3661],[15.8188,46.3591],[15.8025,46.3549],[15.7843,46.3611],[15.7691,46.3634],[15.6808,46.3677],[15.678,46.3754],[15.6824,46.38],[15.6855,46.3873],[15.6837,46.3925],[15.6852,46.3955],[15.6852,46.3967],[15.6792,46.4002],[15.6774,46.4023],[15.6875,46.4086]]]}},{"type":"Feature","properties":{"id":"SVN-1029","name":"Kobarid","nameBn":"কোবারিদ পৌরসভা","type":"Commune|Municipality","bounds":[13.3653,46.1813,13.7367,46.3067],"center":[13.5507,46.2459]},"geometry":{"type":"Polygon","coordinates":[[[13.4101,46.208],[13.4016,46.2167],[13.3981,46.2305],[13.3849,46.2431],[13.3848,46.2432],[13.3847,46.2433],[13.3786,46.2684],[13.373,46.2803],[13.3653,46.2903],[13.3913,46.3016],[13.3956,46.3067],[13.404,46.3032],[13.419,46.2955],[13.4326,46.2925],[13.449,46.2872],[13.477,46.281],[13.5152,46.2772],[13.5273,46.2815],[13.5303,46.2862],[13.5295,46.291],[13.5261,46.2944],[13.5324,46.298],[13.5501,46.302],[13.5844,46.2996],[13.6294,46.3005],[13.6514,46.2963],[13.6715,46.2949],[13.7274,46.3017],[13.7367,46.2861],[13.7266,46.2859],[13.7188,46.2844],[13.709,46.2774],[13.702,46.2688],[13.6952,46.2505],[13.6924,46.2387],[13.6853,46.234],[13.6673,46.2336],[13.6595,46.2323],[13.6482,46.2269],[13.6437,46.2256],[13.6397,46.2259],[13.6342,46.2276],[13.6293,46.2242],[13.624,46.2189],[13.622,46.2103],[13.6228,46.2044],[13.6228,46.2005],[13.6369,46.1911],[13.6275,46.1819],[13.6274,46.1817],[13.6139,46.1835],[13.5845,46.1813],[13.559,46.1841],[13.529,46.2048],[13.5102,46.214],[13.4823,46.2179],[13.4683,46.2234],[13.4383,46.2249],[13.4228,46.2286],[13.4374,46.2109],[13.4101,46.208]]]}},{"type":"Feature","properties":{"id":"SVN-1043","name":"Kobilje","nameBn":"কোবিলি পৌরসভা","type":"Commune|Municipality","bounds":[16.3562,46.6631,16.4105,46.6967],"center":[16.3831,46.6809]},"geometry":{"type":"Polygon","coordinates":[[[16.3662,46.6965],[16.3714,46.6949],[16.39,46.6942],[16.405,46.6873],[16.4105,46.6684],[16.4026,46.6631],[16.4019,46.6632],[16.3926,46.6643],[16.3732,46.67],[16.3639,46.6749],[16.3562,46.6847],[16.3639,46.6948],[16.3654,46.6967],[16.3662,46.6965]]]}},{"type":"Feature","properties":{"id":"SVN-207","name":"Kocevje","nameBn":"কোচেভি পৌরসভা","type":"Commune|Municipality","bounds":[14.711,45.4739,15.1213,45.7715],"center":[14.9161,45.6418]},"geometry":{"type":"Polygon","coordinates":[[[15.0661,45.4739],[15.0562,45.4799],[15.0074,45.4808],[14.9975,45.4872],[14.9863,45.4909],[14.9773,45.4917],[14.9772,45.492],[14.9653,45.5115],[14.9439,45.5254],[14.9378,45.5263],[14.9298,45.5254],[14.9138,45.522],[14.9017,45.5214],[14.8852,45.5241],[14.8703,45.5303],[14.8646,45.5311],[14.8582,45.5298],[14.8485,45.5242],[14.8458,45.5203],[14.8435,45.5138],[14.8385,45.5045],[14.8356,45.5017],[14.8312,45.4997],[14.8171,45.5013],[14.7959,45.5189],[14.7561,45.545],[14.7392,45.5536],[14.733,45.5616],[14.7316,45.5653],[14.7333,45.5672],[14.7337,45.5719],[14.7301,45.5758],[14.7237,45.597],[14.711,45.6281],[14.7266,45.6378],[14.7318,45.647],[14.7547,45.6395],[14.7707,45.6419],[14.7778,45.6487],[14.7883,45.6635],[14.7894,45.6741],[14.8224,45.7279],[14.7959,45.7431],[14.8137,45.7577],[14.8269,45.7576],[14.8357,45.7605],[14.8465,45.7596],[14.8624,45.7557],[14.8697,45.7522],[14.877,45.7439],[14.8958,45.7451],[14.9264,45.7692],[14.9392,45.7715],[14.9821,45.7663],[14.9836,45.7492],[14.9802,45.7414],[14.972,45.7116],[14.9766,45.7029],[14.9811,45.6966],[14.9999,45.6818],[15.0201,45.665],[15.0246,45.6475],[15.0376,45.6313],[15.0564,45.6068],[15.0736,45.6019],[15.08,45.5899],[15.0791,45.584],[15.0837,45.5747],[15.0836,45.5636],[15.089,45.5585],[15.1006,45.5506],[15.1006,45.5461],[15.0972,45.5449],[15.0939,45.5462],[15.0901,45.5464],[15.0868,45.5444],[15.0818,45.5424],[15.0732,45.5342],[15.0698,45.5229],[15.073,45.5171],[15.0797,45.5145],[15.0905,45.5164],[15.1015,45.5194],[15.113,45.5203],[15.1208,45.5165],[15.1213,45.5116],[15.1181,45.5087],[15.1037,45.5064],[15.0929,45.5024],[15.0867,45.4992],[15.0749,45.489],[15.0661,45.4739]]]}},{"type":"Feature","properties":{"id":"SVN-1030","name":"Komen","nameBn":"কোমেন","type":"Commune|Municipality","bounds":[13.5742,45.7705,13.9025,45.865],"center":[13.7382,45.8225]},"geometry":{"type":"Polygon","coordinates":[[[13.5885,45.8065],[13.5813,45.8092],[13.5742,45.819],[13.592,45.8212],[13.649,45.82],[13.6701,45.8226],[13.682,45.8317],[13.694,45.8363],[13.7006,45.8429],[13.7064,45.8464],[13.7092,45.865],[13.7624,45.8445],[13.7797,45.8409],[13.801,45.841],[13.8119,45.842],[13.834,45.8355],[13.858,45.8265],[13.8637,45.8262],[13.8859,45.8287],[13.9025,45.8102],[13.8527,45.7996],[13.7531,45.7909],[13.7319,45.7913],[13.7258,45.7898],[13.7058,45.7797],[13.6999,45.7705],[13.6603,45.792],[13.6436,45.7957],[13.6092,45.7986],[13.5885,45.8065]]]}},{"type":"Feature","properties":{"id":"SVN-225","name":"Komenda","nameBn":"কোমেন্ডা পৌরসভা","type":"Commune|Municipality","bounds":[14.5007,46.1742,14.5827,46.2432],"center":[14.5417,46.2055]},"geometry":{"type":"Polygon","coordinates":[[[14.5378,46.1742],[14.5246,46.1771],[14.5007,46.2029],[14.5525,46.2432],[14.5654,46.2281],[14.5699,46.2149],[14.5827,46.1981],[14.5378,46.1742]]]}},{"type":"Feature","properties":{"id":"SVN-1031","name":"Koper","nameBn":"কোপের","type":"Commune|Municipality","bounds":[13.66,45.4236,13.9875,45.6022],"center":[13.8237,45.5076]},"geometry":{"type":"Polygon","coordinates":[[[13.8005,45.5812],[13.8478,45.5847],[13.8679,45.6022],[13.8706,45.5975],[13.88,45.5725],[13.8848,45.5677],[13.8946,45.5598],[13.9104,45.552],[13.9522,45.546],[13.9838,45.5195],[13.9874,45.5121],[13.9875,45.5119],[13.9719,45.5142],[13.965,45.511],[13.9615,45.5039],[13.9615,45.4931],[13.9826,45.4753],[13.9698,45.463],[13.923,45.449],[13.9084,45.4389],[13.8996,45.4292],[13.889,45.4236],[13.8356,45.4291],[13.8199,45.4326],[13.8065,45.4421],[13.7593,45.4632],[13.66,45.46],[13.66,45.4602],[13.6614,45.4665],[13.6661,45.4688],[13.667,45.4691],[13.6709,45.4712],[13.6724,45.4742],[13.6748,45.4775],[13.6777,45.4829],[13.6887,45.4909],[13.6932,45.4954],[13.6915,45.4978],[13.6898,45.4994],[13.6628,45.507],[13.6743,45.5207],[13.6751,45.5447],[13.7529,45.5529],[13.7529,45.5591],[13.7424,45.5698],[13.7274,45.5812],[13.7118,45.5932],[13.7611,45.5962],[13.8005,45.5812]]]}},{"type":"Feature","properties":{"id":"SVN-245","name":"Kostel","nameBn":"কস্টেল পৌরসভা","type":"Commune|Municipality","bounds":[14.6637,45.459,14.9773,45.597],"center":[14.8204,45.4814]},"geometry":{"type":"Polygon","coordinates":[[[14.9773,45.4917],[14.9626,45.4931],[14.9454,45.5045],[14.9226,45.5149],[14.9044,45.5144],[14.9008,45.4931],[14.8816,45.4698],[14.8388,45.459],[14.7972,45.4652],[14.7815,45.4931],[14.7814,45.4932],[14.7812,45.4933],[14.7811,45.4933],[14.6883,45.522],[14.6685,45.534],[14.6682,45.5391],[14.6717,45.5568],[14.6698,45.5646],[14.664,45.57],[14.6637,45.5702],[14.6806,45.5762],[14.7237,45.597],[14.7301,45.5758],[14.7337,45.5719],[14.7333,45.5672],[14.7316,45.5653],[14.733,45.5616],[14.7392,45.5536],[14.7561,45.545],[14.7959,45.5189],[14.8171,45.5013],[14.8312,45.4997],[14.8356,45.5017],[14.8385,45.5045],[14.8435,45.5138],[14.8458,45.5203],[14.8485,45.5242],[14.8582,45.5298],[14.8646,45.5311],[14.8703,45.5303],[14.8852,45.5241],[14.9017,45.5214],[14.9138,45.522],[14.9298,45.5254],[14.9378,45.5263],[14.9439,45.5254],[14.9653,45.5115],[14.9772,45.492],[14.9773,45.4917]]]}},{"type":"Feature","properties":{"id":"SVN-957","name":"Kozje","nameBn":"কোজে পৌরসভা","type":"Commune|Municipality","bounds":[15.4765,45.994,15.6678,46.1304],"center":[15.5721,46.0666]},"geometry":{"type":"Polygon","coordinates":[[[15.4992,46.1093],[15.5075,46.1125],[15.5179,46.1217],[15.536,46.1304],[15.5466,46.1238],[15.559,46.122],[15.5756,46.112],[15.5846,46.1086],[15.5993,46.086],[15.5962,46.0824],[15.5953,46.0787],[15.599,46.0691],[15.6076,46.0659],[15.6196,46.0409],[15.6241,46.0378],[15.6312,46.0342],[15.6386,46.0323],[15.6633,46.0322],[15.6678,46.0264],[15.6238,46.0037],[15.5976,45.9945],[15.5837,45.994],[15.6037,46.0182],[15.6018,46.0205],[15.5993,46.0223],[15.5851,46.021],[15.5779,46.0193],[15.5719,46.019],[15.5673,46.0177],[15.5594,46.0171],[15.5484,46.0441],[15.5377,46.0526],[15.5249,46.0593],[15.5174,46.0599],[15.4926,46.0677],[15.4865,46.0878],[15.4765,46.1022],[15.4785,46.1081],[15.4816,46.1127],[15.4879,46.112],[15.4918,46.1104],[15.4992,46.1093]]]}},{"type":"Feature","properties":{"id":"SVN-1013","name":"Kranj","nameBn":"ক্র্যাঞ্জ","type":"Commune|Municipality","bounds":[14.1665,46.1603,14.4172,46.3516],"center":[14.2919,46.2382]},"geometry":{"type":"Polygon","coordinates":[[[14.4065,46.1918],[14.4113,46.175],[14.4143,46.1705],[14.3938,46.1603],[14.3851,46.1764],[14.3798,46.1815],[14.3718,46.183],[14.368,46.1823],[14.3642,46.1832],[14.3631,46.1879],[14.3649,46.1917],[14.3671,46.1945],[14.3654,46.1956],[14.3496,46.1925],[14.338,46.1929],[14.2759,46.2108],[14.2695,46.2144],[14.2697,46.2195],[14.2721,46.2227],[14.2755,46.2247],[14.278,46.2267],[14.2786,46.2297],[14.2772,46.2321],[14.2754,46.2341],[14.2486,46.243],[14.2219,46.2504],[14.2081,46.2557],[14.1922,46.2681],[14.1665,46.2813],[14.1791,46.2842],[14.2279,46.2751],[14.2343,46.2732],[14.2746,46.2749],[14.2984,46.2683],[14.325,46.2547],[14.33,46.2565],[14.3328,46.2607],[14.3347,46.2705],[14.3302,46.2773],[14.3154,46.2913],[14.3116,46.2933],[14.3113,46.2971],[14.3125,46.3006],[14.3209,46.3063],[14.3229,46.3117],[14.3286,46.3141],[14.3263,46.3214],[14.3303,46.3368],[14.3381,46.3402],[14.3505,46.3484],[14.3595,46.3508],[14.4055,46.3516],[14.3937,46.3262],[14.3893,46.3121],[14.3866,46.307],[14.3828,46.3035],[14.3787,46.304],[14.369,46.3063],[14.3668,46.3037],[14.3682,46.298],[14.3713,46.2935],[14.3798,46.2893],[14.3896,46.2912],[14.4172,46.2889],[14.4149,46.2791],[14.4022,46.2667],[14.3924,46.2405],[14.3845,46.2304],[14.3831,46.2245],[14.3842,46.2217],[14.3868,46.2194],[14.389,46.2171],[14.4065,46.1918]]]}},{"type":"Feature","properties":{"id":"SVN-1014","name":"Kranjska Gora","nameBn":"ক্রাঞ্জস্কা গোরা পৌরসভা","type":"Commune|Municipality","bounds":[13.6859,46.3812,14.0149,46.5197],"center":[13.8502,46.4482]},"geometry":{"type":"Polygon","coordinates":[[[13.6859,46.464],[13.6884,46.4678],[13.6899,46.4933],[13.6955,46.4986],[13.6992,46.5048],[13.7011,46.5119],[13.701,46.5197],[13.7161,46.5189],[13.7821,46.5078],[13.7958,46.5079],[13.8607,46.5153],[13.8909,46.5118],[13.9823,46.4819],[13.9988,46.4805],[14.0149,46.4825],[14.0143,46.469],[14.0123,46.4606],[14.0047,46.4555],[13.9997,46.4529],[13.9924,46.4448],[13.9795,46.4422],[13.9724,46.4362],[13.9604,46.4321],[13.9472,46.4257],[13.918,46.4075],[13.8479,46.3812],[13.8417,46.3822],[13.8241,46.3976],[13.8209,46.4013],[13.8173,46.4076],[13.8113,46.413],[13.7987,46.42],[13.7674,46.4331],[13.7509,46.4382],[13.7384,46.4403],[13.7126,46.4323],[13.7023,46.4302],[13.692,46.4293],[13.687,46.4317],[13.6903,46.454],[13.6859,46.464]]]}},{"type":"Feature","properties":{"id":"SVN-266","name":"Križevci","nameBn":"ক্রিজেভচি পৌরসভা","type":"Commune|Municipality","bounds":[16.0778,46.5254,16.1787,46.6239],"center":[16.1282,46.5723]},"geometry":{"type":"Polygon","coordinates":[[[16.1103,46.6239],[16.1204,46.6191],[16.1608,46.6059],[16.1501,46.6012],[16.1364,46.6031],[16.1375,46.595],[16.1381,46.5931],[16.1442,46.585],[16.1555,46.5782],[16.1584,46.5685],[16.1767,46.5601],[16.1739,46.5541],[16.1758,46.552],[16.1787,46.55],[16.1784,46.5475],[16.1772,46.545],[16.1761,46.5419],[16.175,46.5357],[16.1739,46.5329],[16.1707,46.5303],[16.166,46.5278],[16.1541,46.5254],[16.1428,46.5258],[16.1223,46.529],[16.0978,46.539],[16.0778,46.5419],[16.0892,46.5641],[16.0903,46.5696],[16.0793,46.5932],[16.0956,46.6074],[16.112,46.608],[16.1052,46.6172],[16.1103,46.6239]]]}},{"type":"Feature","properties":{"id":"SVN-939","name":"Krsko","nameBn":"ক্রসকো","type":"Commune|Municipality","bounds":[15.5594,45.994,15.6037,46.0223],"center":[15.5816,46.0073]},"geometry":{"type":"Polygon","coordinates":[[[15.5837,45.994],[15.5686,45.9978],[15.5647,46.0],[15.5639,46.0046],[15.5594,46.0171],[15.5673,46.0177],[15.5719,46.019],[15.5779,46.0193],[15.5851,46.021],[15.5993,46.0223],[15.6018,46.0205],[15.6037,46.0182],[15.5837,45.994]]]}},{"type":"Feature","properties":{"id":"SVN-958","name":"Krško","nameBn":"পৌরসভা অব ক্রস্কো","type":"Statistical Region","bounds":[15.3506,45.7757,15.5837,46.0677],"center":[15.4671,45.9397]},"geometry":{"type":"Polygon","coordinates":[[[15.5497,45.8237],[15.5235,45.8268],[15.5139,45.8234],[15.4953,45.8127],[15.4854,45.8102],[15.4739,45.8116],[15.4625,45.8142],[15.4513,45.8151],[15.4403,45.8115],[15.4356,45.8021],[15.4395,45.7917],[15.4411,45.7822],[15.4298,45.7757],[15.4294,45.776],[15.424,45.7798],[15.4011,45.8099],[15.3996,45.8236],[15.3968,45.8355],[15.3956,45.8572],[15.3881,45.8766],[15.361,45.8837],[15.3506,45.8917],[15.3533,45.8995],[15.3542,45.9164],[15.363,45.9348],[15.3715,45.9511],[15.3895,45.9696],[15.4242,45.994],[15.4294,46.0006],[15.4299,46.007],[15.4279,46.0126],[15.4226,46.0179],[15.419,46.0258],[15.4167,46.0332],[15.4167,46.0418],[15.4195,46.0464],[15.4203,46.0499],[15.4184,46.0633],[15.4926,46.0677],[15.5174,46.0599],[15.5249,46.0593],[15.5377,46.0526],[15.5484,46.0441],[15.5594,46.0171],[15.5639,46.0046],[15.5647,46.0],[15.5686,45.9978],[15.5837,45.994],[15.5714,45.9722],[15.5722,45.9367],[15.5698,45.9263],[15.5669,45.9201],[15.559,45.9167],[15.5565,45.9082],[15.5505,45.906],[15.5463,45.9033],[15.5418,45.9035],[15.5301,45.9006],[15.5153,45.894],[15.5101,45.8822],[15.5098,45.8742],[15.5129,45.8669],[15.5179,45.8606],[15.5227,45.8528],[15.5447,45.8303],[15.5496,45.8239],[15.5497,45.8237]]]}},{"type":"Feature","properties":{"id":"SVN-959","name":"Kungota","nameBn":"কুনগটা পৌরসভা","type":"Commune|Municipality","bounds":[15.5203,46.5941,15.6643,46.6782],"center":[15.5921,46.6527]},"geometry":{"type":"Polygon","coordinates":[[[15.6037,46.673],[15.6166,46.6756],[15.6217,46.6782],[15.6224,46.6667],[15.6457,46.6428],[15.6643,46.6036],[15.6471,46.5941],[15.6309,46.6025],[15.6273,46.6097],[15.6138,46.6183],[15.6054,46.6221],[15.5984,46.6281],[15.5908,46.6304],[15.5708,46.63],[15.5368,46.6363],[15.5203,46.6477],[15.5208,46.6496],[15.5307,46.6638],[15.546,46.6719],[15.5673,46.6758],[15.5886,46.676],[15.6037,46.673]]]}},{"type":"Feature","properties":{"id":"SVN-197","name":"Kuzma","nameBn":"কুজমা পৌরসভা","type":"Commune|Municipality","bounds":[16.0529,46.8161,16.1302,46.8628],"center":[16.0916,46.8461]},"geometry":{"type":"Polygon","coordinates":[[[16.094,46.8628],[16.1302,46.8567],[16.1229,46.8434],[16.1252,46.833],[16.0988,46.8321],[16.092,46.8302],[16.0778,46.8225],[16.0724,46.8188],[16.056,46.8161],[16.0529,46.8461],[16.094,46.8628]]]}},{"type":"Feature","properties":{"id":"SVN-960","name":"Laško","nameBn":"লাস্কো পৌরসভা","type":"Commune|Municipality","bounds":[15.1133,46.059,15.3827,46.1982],"center":[15.248,46.1404]},"geometry":{"type":"Polygon","coordinates":[[[15.3709,46.1357],[15.3827,46.1082],[15.379,46.0978],[15.3801,46.0892],[15.3773,46.0839],[15.3684,46.0721],[15.3168,46.0687],[15.3027,46.0647],[15.2921,46.059],[15.2871,46.0591],[15.284,46.062],[15.2826,46.0677],[15.2811,46.0715],[15.2767,46.0761],[15.2688,46.0796],[15.2539,46.0833],[15.2035,46.0837],[15.1939,46.0822],[15.193,46.0809],[15.1937,46.0785],[15.2009,46.0726],[15.2038,46.0688],[15.2049,46.0664],[15.2019,46.0608],[15.1634,46.0925],[15.1501,46.0969],[15.1462,46.0993],[15.1434,46.1015],[15.1419,46.1043],[15.1422,46.1064],[15.145,46.1097],[15.149,46.11],[15.1532,46.1086],[15.1611,46.1051],[15.1732,46.1023],[15.1767,46.1033],[15.185,46.1073],[15.1885,46.1109],[15.1885,46.1162],[15.1802,46.1291],[15.1717,46.1382],[15.1593,46.1488],[15.1348,46.1615],[15.131,46.1673],[15.1133,46.1834],[15.1765,46.1845],[15.204,46.1882],[15.2164,46.1982],[15.2182,46.1931],[15.2216,46.1925],[15.2291,46.192],[15.2485,46.1975],[15.2573,46.1971],[15.2646,46.1938],[15.3014,46.1889],[15.303,46.1822],[15.3014,46.1791],[15.2988,46.1759],[15.2951,46.1736],[15.2909,46.1721],[15.2887,46.1701],[15.2901,46.1674],[15.2938,46.1655],[15.3123,46.1662],[15.3633,46.1813],[15.375,46.1678],[15.3733,46.1581],[15.3671,46.1496],[15.3709,46.1357]]]}},{"type":"Feature","properties":{"id":"SVN-208","name":"Lenart","nameBn":"লিনার্ট পৌরসভা","type":"Commune|Municipality","bounds":[15.7537,46.4949,15.9559,46.6482],"center":[15.8548,46.5575]},"geometry":{"type":"Polygon","coordinates":[[[15.7784,46.6482],[15.8002,46.6469],[15.8183,46.6454],[15.8234,46.6402],[15.8253,46.6364],[15.8285,46.6275],[15.8291,46.6238],[15.8293,46.619],[15.8346,46.6149],[15.8448,46.6092],[15.8518,46.6075],[15.8568,46.6073],[15.8628,46.611],[15.8754,46.6059],[15.8931,46.5882],[15.8982,46.5843],[15.9024,46.5835],[15.9053,46.585],[15.9114,46.5852],[15.9151,46.5858],[15.9261,46.591],[15.9333,46.5964],[15.9559,46.5882],[15.9435,46.5812],[15.9381,46.5796],[15.9264,46.5736],[15.9223,46.5688],[15.9196,46.5653],[15.9285,46.5419],[15.9241,46.5344],[15.8921,46.5464],[15.8842,46.5422],[15.8729,46.5379],[15.8676,46.5337],[15.865,46.5295],[15.8619,46.5256],[15.86,46.5199],[15.8569,46.5158],[15.8545,46.5063],[15.8234,46.4949],[15.8163,46.4973],[15.8104,46.5063],[15.8118,46.5087],[15.8144,46.512],[15.8177,46.5149],[15.8152,46.5202],[15.8093,46.5253],[15.791,46.5346],[15.7888,46.5376],[15.7877,46.5418],[15.7849,46.545],[15.7809,46.547],[15.7756,46.548],[15.7691,46.5471],[15.7537,46.547],[15.7692,46.5594],[15.7657,46.5613],[15.7637,46.565],[15.7604,46.5676],[15.7547,46.5733],[15.7599,46.5881],[15.7578,46.6027],[15.7607,46.6149],[15.7706,46.6343],[15.7733,46.6433],[15.7762,46.6453],[15.7784,46.6482]]]}},{"type":"Feature","properties":{"id":"SVN-264","name":"Lendava","nameBn":"লেন্ডাভা","type":"Commune|Municipality","bounds":[16.3286,46.5017,16.5153,46.6363],"center":[16.4217,46.5693]},"geometry":{"type":"Polygon","coordinates":[[[16.3722,46.6363],[16.3764,46.6291],[16.3946,46.619],[16.4302,46.6044],[16.4671,46.5647],[16.5008,46.5448],[16.5153,46.5017],[16.4911,46.5151],[16.4813,46.519],[16.4708,46.5203],[16.4491,46.5183],[16.4404,46.519],[16.432,46.5232],[16.4152,46.5356],[16.4063,46.5395],[16.3949,46.5401],[16.3822,46.5394],[16.3695,46.5406],[16.3579,46.547],[16.3517,46.5395],[16.3513,46.5399],[16.3441,46.547],[16.3403,46.5438],[16.3397,46.544],[16.3348,46.5452],[16.3286,46.5487],[16.3345,46.5565],[16.3443,46.5567],[16.3507,46.5576],[16.3675,46.5629],[16.3831,46.57],[16.3896,46.5748],[16.3975,46.5782],[16.3785,46.5998],[16.3479,46.6153],[16.367,46.6342],[16.372,46.6362],[16.3722,46.6363]]]}},{"type":"Feature","properties":{"id":"SVN-961","name":"Litija","nameBn":"লিতিজা পৌরসভা","type":"Commune|Municipality","bounds":[14.7124,45.9644,15.1161,46.137],"center":[14.9182,46.0752]},"geometry":{"type":"Polygon","coordinates":[[[14.8348,46.137],[14.8393,46.1296],[14.8818,46.1292],[14.8905,46.1278],[14.8939,46.1247],[14.8941,46.1215],[14.8931,46.117],[14.8917,46.1136],[14.8924,46.1089],[14.9034,46.0957],[14.9081,46.0936],[14.9113,46.0929],[14.9146,46.0936],[14.9184,46.0941],[14.9307,46.094],[14.947,46.0962],[14.9515,46.0974],[14.9556,46.0991],[14.9591,46.1011],[14.9684,46.1087],[14.9762,46.1122],[14.9999,46.1191],[15.0047,46.0989],[15.0019,46.0933],[14.9977,46.0883],[14.9931,46.0853],[14.9934,46.0813],[14.9952,46.0754],[14.9968,46.0681],[15.0016,46.0616],[15.0024,46.0564],[15.0168,46.0535],[15.0268,46.0544],[15.0715,46.0647],[15.075,46.0535],[15.0783,46.0485],[15.0941,46.0403],[15.0933,46.0307],[15.1161,46.0042],[15.1023,46.005],[15.1003,46.0064],[15.0972,46.0069],[15.0893,46.0063],[15.0792,46.0013],[15.0548,46.0022],[15.0406,46.0006],[15.0379,45.9939],[15.0367,45.9857],[15.0322,45.9775],[15.0241,45.9702],[14.9999,45.9644],[14.9822,45.9725],[14.9683,45.9746],[14.9545,45.9751],[14.9499,45.9939],[14.9359,46.0183],[14.913,46.0331],[14.8893,46.0545],[14.8657,46.07],[14.8442,46.073],[14.8058,46.0597],[14.7519,46.0663],[14.7361,46.0656],[14.7252,46.0695],[14.7234,46.0734],[14.7124,46.0793],[14.7447,46.0905],[14.7499,46.0932],[14.754,46.1002],[14.8063,46.1155],[14.8348,46.137]]]}},{"type":"Feature","properties":{"id":"SVN-962","name":"Ljubljana","nameBn":"লুবজিয়ানা","type":"Statistical Region","bounds":[14.4086,45.9741,14.7513,46.1456],"center":[14.5799,46.0616]},"geometry":{"type":"Polygon","coordinates":[[[14.7496,46.003],[14.7402,45.9981],[14.7246,46.0038],[14.7153,46.0092],[14.7097,46.0111],[14.7012,46.0109],[14.6865,46.0052],[14.6826,46.0004],[14.6769,45.9962],[14.6607,45.9898],[14.6306,45.9892],[14.6162,45.9967],[14.587,46.0154],[14.563,46.0188],[14.5418,46.0163],[14.5355,46.0131],[14.5361,46.0037],[14.5333,45.9902],[14.5133,45.998],[14.5029,45.9976],[14.4805,45.9919],[14.4743,45.9831],[14.4451,45.9741],[14.4355,45.9799],[14.436,45.9868],[14.4433,45.9939],[14.4519,45.9997],[14.4578,46.0054],[14.4554,46.0095],[14.4431,46.016],[14.4289,46.029],[14.4396,46.0338],[14.4403,46.0362],[14.4408,46.041],[14.4399,46.0502],[14.4372,46.0562],[14.4348,46.0607],[14.4324,46.063],[14.4241,46.0782],[14.4208,46.0811],[14.4151,46.0828],[14.4086,46.0829],[14.4306,46.0942],[14.4357,46.0956],[14.4379,46.0974],[14.4349,46.1009],[14.431,46.1046],[14.4279,46.1088],[14.4247,46.1156],[14.4207,46.1174],[14.4211,46.1197],[14.4225,46.1231],[14.4269,46.1265],[14.4332,46.1284],[14.4463,46.1283],[14.4604,46.134],[14.4692,46.1435],[14.4764,46.1388],[14.4872,46.1396],[14.5139,46.1456],[14.5206,46.1324],[14.5397,46.1162],[14.5693,46.1078],[14.5923,46.1055],[14.5943,46.0966],[14.5958,46.0884],[14.6156,46.0801],[14.6331,46.0769],[14.6574,46.0779],[14.6779,46.0826],[14.6838,46.0818],[14.6922,46.0779],[14.7124,46.0793],[14.7234,46.0734],[14.7252,46.0695],[14.7361,46.0656],[14.7332,46.0581],[14.7332,46.0538],[14.7313,46.0507],[14.7375,46.0449],[14.7437,46.0402],[14.7487,46.0342],[14.7513,46.0281],[14.7478,46.0226],[14.7496,46.003]]]}},{"type":"Feature","properties":{"id":"SVN-963","name":"Ljubno","nameBn":"লুবনো পৌরসভা","type":"Commune|Municipality","bounds":[14.7808,46.3155,14.9022,46.4251],"center":[14.8415,46.3721]},"geometry":{"type":"Polygon","coordinates":[[[14.8917,46.4235],[14.9009,46.4176],[14.9022,46.3939],[14.8817,46.3525],[14.8815,46.3377],[14.8669,46.3155],[14.848,46.3161],[14.8106,46.3371],[14.8008,46.341],[14.7976,46.3434],[14.7808,46.3385],[14.8069,46.3885],[14.809,46.3991],[14.8056,46.4088],[14.8041,46.4251],[14.8917,46.4235]]]}},{"type":"Feature","properties":{"id":"SVN-265","name":"Ljutomer","nameBn":"লুটোমার","type":"Commune|Municipality","bounds":[16.0203,46.4729,16.3107,46.5841],"center":[16.1653,46.5112]},"geometry":{"type":"Polygon","coordinates":[[[16.3107,46.531],[16.3015,46.5271],[16.2776,46.5339],[16.2596,46.5193],[16.2608,46.5142],[16.2609,46.5136],[16.2349,46.4933],[16.2342,46.4849],[16.2337,46.4847],[16.231,46.4838],[16.227,46.4812],[16.2244,46.4779],[16.2219,46.4754],[16.2168,46.4746],[16.2104,46.4762],[16.2065,46.4734],[16.2039,46.4729],[16.2019,46.4735],[16.1917,46.484],[16.1834,46.4894],[16.1707,46.4957],[16.1556,46.4932],[16.1525,46.4896],[16.1477,46.4885],[16.1366,46.4892],[16.1137,46.4959],[16.0676,46.5016],[16.0515,46.5063],[16.0203,46.5113],[16.0265,46.5216],[16.0267,46.5248],[16.0283,46.5284],[16.0269,46.5309],[16.0283,46.5333],[16.0343,46.5391],[16.041,46.5424],[16.0456,46.5453],[16.0778,46.5419],[16.0978,46.539],[16.1223,46.529],[16.1428,46.5258],[16.1541,46.5254],[16.166,46.5278],[16.1707,46.5303],[16.1739,46.5329],[16.175,46.5357],[16.1761,46.5419],[16.1772,46.545],[16.1784,46.5475],[16.1787,46.55],[16.1758,46.552],[16.1739,46.5541],[16.1767,46.5601],[16.1904,46.5664],[16.1948,46.5667],[16.2017,46.5665],[16.2042,46.568],[16.2168,46.5841],[16.2475,46.5539],[16.2541,46.5474],[16.268,46.5398],[16.2718,46.5427],[16.2746,46.5445],[16.2816,46.5472],[16.2922,46.5347],[16.3107,46.531]]]}},{"type":"Feature","properties":{"id":"SVN-964","name":"Logatec","nameBn":"লোজেটেক পৌরসভা","type":"Commune|Municipality","bounds":[14.1004,45.8461,14.2992,46.0379],"center":[14.1998,45.9399]},"geometry":{"type":"Polygon","coordinates":[[[14.1868,46.0379],[14.1929,46.0347],[14.1904,46.0247],[14.1963,46.0081],[14.2059,46.0062],[14.2298,45.995],[14.2286,45.9931],[14.2198,45.9892],[14.2155,45.9754],[14.217,45.9679],[14.2127,45.9621],[14.211,45.9572],[14.2143,45.9525],[14.2188,45.9507],[14.2236,45.9507],[14.23,45.9487],[14.239,45.9444],[14.2604,45.9292],[14.2857,45.9074],[14.2992,45.8857],[14.2765,45.8461],[14.222,45.8628],[14.1997,45.8724],[14.1791,45.8755],[14.126,45.8688],[14.1209,45.8787],[14.109,45.9015],[14.1042,45.9062],[14.1007,45.914],[14.1004,45.9215],[14.1018,45.9304],[14.1087,45.9398],[14.1148,45.9516],[14.1161,45.9616],[14.1141,45.9661],[14.1096,45.9673],[14.1086,45.9693],[14.1108,45.9733],[14.1207,45.9787],[14.1289,45.9846],[14.1373,45.9923],[14.1387,46.0058],[14.1712,46.0202],[14.1868,46.0379]]]}},{"type":"Feature","properties":{"id":"SVN-235","name":"Lovrenc na Pohorju","nameBn":"লোভ্রেঙ্ক না পোহোরজু","type":"Commune|Municipality","bounds":[15.3121,46.4688,15.4617,46.5887],"center":[15.3869,46.5291]},"geometry":{"type":"Polygon","coordinates":[[[15.376,46.5887],[15.3883,46.5878],[15.4076,46.5834],[15.4102,46.5824],[15.4255,46.5751],[15.4304,46.5748],[15.4359,46.5748],[15.4434,46.5847],[15.4511,46.5811],[15.4575,46.5766],[15.4617,46.5683],[15.4597,46.55],[15.4499,46.5419],[15.4508,46.5378],[15.4491,46.5316],[15.4406,46.5185],[15.4152,46.4995],[15.4082,46.4777],[15.3908,46.4721],[15.3874,46.4704],[15.3812,46.4688],[15.3768,46.4694],[15.364,46.4782],[15.3591,46.4802],[15.3351,46.4774],[15.3157,46.4822],[15.3121,46.4925],[15.3228,46.5106],[15.3292,46.5248],[15.3392,46.5345],[15.3484,46.5513],[15.3666,46.5688],[15.3692,46.5755],[15.3691,46.5839],[15.3714,46.5873],[15.376,46.5887]]]}},{"type":"Feature","properties":{"id":"SVN-209","name":"Loška dolina","nameBn":"লস্কা ডোলিনা পৌরসভা","type":"Commune|Municipality","bounds":[14.3862,45.5789,14.5691,45.7479],"center":[14.4776,45.6638]},"geometry":{"type":"Polygon","coordinates":[[[14.5691,45.6643],[14.5639,45.6627],[14.5561,45.6567],[14.5436,45.6364],[14.5331,45.6257],[14.5079,45.6058],[14.4986,45.5962],[14.4923,45.5834],[14.4915,45.5792],[14.491,45.5793],[14.4881,45.5802],[14.4807,45.5799],[14.474,45.5804],[14.468,45.5789],[14.4604,45.5802],[14.4494,45.5798],[14.4389,45.5807],[14.4382,45.583],[14.4434,45.5876],[14.4439,45.5946],[14.4413,45.6],[14.4281,45.6087],[14.4219,45.6169],[14.4225,45.6239],[14.4262,45.644],[14.4258,45.6616],[14.4166,45.6708],[14.3934,45.6893],[14.3862,45.7075],[14.4106,45.7101],[14.4784,45.7479],[14.5082,45.7311],[14.5252,45.7289],[14.5296,45.7302],[14.5375,45.7344],[14.5567,45.6922],[14.5586,45.6813],[14.5682,45.6667],[14.569,45.6646],[14.5691,45.6643]]]}},{"type":"Feature","properties":{"id":"SVN-965","name":"Loški Potok","nameBn":"লস্কি পোটোক পৌরসভা","type":"Commune|Municipality","bounds":[14.5375,45.5702,14.7352,45.7383],"center":[14.6363,45.6506]},"geometry":{"type":"Polygon","coordinates":[[[14.6637,45.5702],[14.6573,45.5728],[14.6503,45.5748],[14.616,45.5941],[14.6031,45.6036],[14.5939,45.6162],[14.5929,45.6297],[14.5941,45.648],[14.5919,45.6634],[14.5809,45.6678],[14.5691,45.6643],[14.569,45.6646],[14.5682,45.6667],[14.5586,45.6813],[14.5567,45.6922],[14.5375,45.7344],[14.55,45.7383],[14.5556,45.7347],[14.5761,45.7353],[14.5989,45.7295],[14.6196,45.7289],[14.6297,45.7246],[14.6346,45.7204],[14.6463,45.7075],[14.6672,45.6894],[14.6766,45.6831],[14.708,45.6756],[14.7206,45.6698],[14.7312,45.6673],[14.733,45.6642],[14.7352,45.6595],[14.7346,45.6556],[14.7352,45.6521],[14.7318,45.647],[14.7266,45.6378],[14.711,45.6281],[14.7237,45.597],[14.6806,45.5762],[14.6637,45.5702]]]}},{"type":"Feature","properties":{"id":"SVN-210","name":"Luce","nameBn":"লুসে পৌরসভা","type":"Commune|Municipality","bounds":[14.6399,46.2864,14.809,46.4319],"center":[14.7245,46.3436]},"geometry":{"type":"Polygon","coordinates":[[[14.8041,46.4251],[14.8056,46.4088],[14.809,46.3991],[14.8069,46.3885],[14.7808,46.3385],[14.7313,46.3108],[14.7057,46.2869],[14.6855,46.2864],[14.6801,46.2906],[14.6769,46.2997],[14.6706,46.3106],[14.6467,46.3339],[14.6399,46.3664],[14.6694,46.3646],[14.7265,46.3834],[14.7375,46.389],[14.743,46.3929],[14.7419,46.3957],[14.7399,46.3986],[14.7402,46.4071],[14.7546,46.4215],[14.7699,46.4313],[14.7757,46.4319],[14.8041,46.4251]]]}},{"type":"Feature","properties":{"id":"SVN-966","name":"Lukovica","nameBn":"লুকোভিকা পৌরসভা","type":"Commune|Municipality","bounds":[14.6505,46.144,14.9017,46.2087],"center":[14.7761,46.1827]},"geometry":{"type":"Polygon","coordinates":[[[14.7698,46.1959],[14.7858,46.1998],[14.8989,46.2087],[14.9017,46.191],[14.8927,46.1792],[14.8857,46.1773],[14.8199,46.1719],[14.8168,46.1705],[14.8182,46.1688],[14.825,46.166],[14.8284,46.1603],[14.8046,46.1652],[14.7721,46.1684],[14.7299,46.1622],[14.7111,46.1519],[14.6838,46.144],[14.6761,46.1507],[14.668,46.1524],[14.6644,46.1538],[14.6613,46.1565],[14.6585,46.1593],[14.6551,46.1609],[14.6515,46.1615],[14.6505,46.1646],[14.6525,46.1703],[14.6635,46.1857],[14.6831,46.1992],[14.7159,46.2022],[14.735,46.1976],[14.7487,46.196],[14.7698,46.1959]]]}},{"type":"Feature","properties":{"id":"SVN-211","name":"Majšperk","nameBn":"মাজস্পার্ক পৌরসভা","type":"Commune|Municipality","bounds":[15.6777,46.262,15.8133,46.3677],"center":[15.7455,46.3148]},"geometry":{"type":"Polygon","coordinates":[[[15.7579,46.262],[15.7413,46.2661],[15.7038,46.2642],[15.6849,46.2741],[15.7118,46.2969],[15.7149,46.3032],[15.7196,46.3113],[15.7213,46.3252],[15.7214,46.3367],[15.716,46.3441],[15.7089,46.3466],[15.6901,46.3487],[15.6805,46.3566],[15.6777,46.362],[15.6808,46.3677],[15.7691,46.3634],[15.7843,46.3611],[15.8025,46.3549],[15.8088,46.3449],[15.8116,46.3424],[15.8133,46.3389],[15.8011,46.3206],[15.773,46.2977],[15.7618,46.2858],[15.7579,46.262]]]}},{"type":"Feature","properties":{"id":"SVN-256","name":"Maribor","nameBn":"মারিবর শহর পৌরসভা","type":"Commune|Municipality","bounds":[15.5139,46.5048,15.7692,46.6477],"center":[15.6414,46.556]},"geometry":{"type":"Polygon","coordinates":[[[15.5139,46.6325],[15.5176,46.6382],[15.5203,46.6477],[15.5368,46.6363],[15.5708,46.63],[15.5908,46.6304],[15.5984,46.6281],[15.6054,46.6221],[15.6138,46.6183],[15.6273,46.6097],[15.6309,46.6025],[15.6471,46.5941],[15.6798,46.5928],[15.699,46.5795],[15.7207,46.5693],[15.7448,46.5685],[15.7547,46.5733],[15.7604,46.5676],[15.7637,46.565],[15.7657,46.5613],[15.7692,46.5594],[15.7537,46.547],[15.7381,46.5327],[15.7232,46.5271],[15.7208,46.5236],[15.7201,46.5213],[15.7213,46.5185],[15.7244,46.5135],[15.7317,46.5048],[15.6965,46.5121],[15.6085,46.5166],[15.5638,46.5099],[15.5503,46.518],[15.5604,46.5621],[15.5486,46.5722],[15.5486,46.5787],[15.547,46.5881],[15.5419,46.5928],[15.5374,46.595],[15.532,46.5967],[15.528,46.6007],[15.5244,46.6064],[15.5247,46.6138],[15.5202,46.6272],[15.5139,46.6325]]]}},{"type":"Feature","properties":{"id":"SVN-272","name":"Markovci","nameBn":"মার্কোভসি পৌরসভা","type":"Commune|Municipality","bounds":[15.9041,46.3619,15.9984,46.4205],"center":[15.9513,46.3928]},"geometry":{"type":"Polygon","coordinates":[[[15.9693,46.3619],[15.9513,46.3659],[15.9426,46.3696],[15.9364,46.3807],[15.9351,46.3834],[15.9285,46.3869],[15.9041,46.3936],[15.9354,46.4073],[15.9392,46.4105],[15.9429,46.4142],[15.943,46.4205],[15.9831,46.4166],[15.9879,46.4026],[15.9887,46.3938],[15.9967,46.3813],[15.9981,46.3761],[15.9984,46.373],[15.9888,46.3659],[15.9856,46.3643],[15.9774,46.3622],[15.9693,46.3619]]]}},{"type":"Feature","properties":{"id":"SVN-967","name":"Medvode","nameBn":"মেদভোদ পৌরসভা","type":"Commune|Municipality","bounds":[14.325,46.0829,14.4692,46.1933],"center":[14.3971,46.1236]},"geometry":{"type":"Polygon","coordinates":[[[14.3938,46.1603],[14.4143,46.1705],[14.4113,46.175],[14.4065,46.1918],[14.4587,46.1933],[14.4692,46.1435],[14.4604,46.134],[14.4463,46.1283],[14.4332,46.1284],[14.4269,46.1265],[14.4225,46.1231],[14.4211,46.1197],[14.4207,46.1174],[14.4247,46.1156],[14.4279,46.1088],[14.431,46.1046],[14.4349,46.1009],[14.4379,46.0974],[14.4357,46.0956],[14.4306,46.0942],[14.4086,46.0829],[14.3719,46.0901],[14.3504,46.0834],[14.3381,46.087],[14.3331,46.0905],[14.325,46.0983],[14.3306,46.1134],[14.3278,46.1186],[14.3309,46.1269],[14.3378,46.1346],[14.3573,46.1453],[14.3691,46.1472],[14.3775,46.1502],[14.3823,46.1554],[14.3842,46.1582],[14.3938,46.1603]]]}},{"type":"Feature","properties":{"id":"SVN-968","name":"Mengeš","nameBn":"মেঞ্জেস পৌরসভা","type":"Commune|Municipality","bounds":[14.5139,46.1324,14.5901,46.1981],"center":[14.552,46.1605]},"geometry":{"type":"Polygon","coordinates":[[[14.5139,46.1456],[14.5238,46.1503],[14.5279,46.1569],[14.537,46.1613],[14.5378,46.1742],[14.5827,46.1981],[14.5799,46.1924],[14.5901,46.1891],[14.5837,46.1765],[14.5898,46.1477],[14.5206,46.1324],[14.5139,46.1456]]]}},{"type":"Feature","properties":{"id":"SVN-969","name":"Metlika","nameBn":"মেটলিকা","type":"Commune|Municipality","bounds":[15.2236,45.5715,15.3738,45.7137],"center":[15.2985,45.6501]},"geometry":{"type":"Polygon","coordinates":[[[15.2499,45.7137],[15.2489,45.7118],[15.2509,45.7077],[15.2582,45.7051],[15.2678,45.6985],[15.2778,45.685],[15.283,45.6801],[15.2919,45.6756],[15.3049,45.6721],[15.3091,45.6742],[15.3104,45.6782],[15.315,45.6809],[15.3271,45.6832],[15.3308,45.6846],[15.3339,45.6826],[15.35,45.6696],[15.352,45.6681],[15.3683,45.649],[15.3738,45.6402],[15.3531,45.6403],[15.3391,45.6369],[15.3267,45.6323],[15.2974,45.6257],[15.2916,45.6183],[15.2879,45.6103],[15.2811,45.6062],[15.2686,45.6017],[15.2696,45.5934],[15.2767,45.5827],[15.2822,45.5715],[15.2816,45.5719],[15.2801,45.5732],[15.2708,45.5762],[15.2614,45.5824],[15.2559,45.5892],[15.2528,45.5942],[15.2532,45.5968],[15.249,45.5982],[15.2391,45.5964],[15.2236,45.6],[15.225,45.6083],[15.2337,45.6084],[15.2363,45.6087],[15.2389,45.61],[15.2418,45.6107],[15.2443,45.6129],[15.2488,45.6148],[15.2532,45.6182],[15.2589,45.6216],[15.2617,45.6256],[15.2649,45.6329],[15.2682,45.6361],[15.2719,45.6379],[15.2792,45.6386],[15.2835,45.6434],[15.2843,45.6501],[15.2746,45.6632],[15.2646,45.673],[15.251,45.6813],[15.2381,45.7009],[15.2364,45.7025],[15.2281,45.7027],[15.249,45.7133],[15.2499,45.7137]]]}},{"type":"Feature","properties":{"id":"SVN-970","name":"Mežica","nameBn":"মেজিকা","type":"Commune|Municipality","bounds":[14.7967,46.4965,14.9026,46.5535],"center":[14.8493,46.5281]},"geometry":{"type":"Polygon","coordinates":[[[14.7967,46.5194],[14.8072,46.536],[14.8145,46.5513],[14.8256,46.5526],[14.8412,46.5521],[14.8438,46.5518],[14.8471,46.5521],[14.8496,46.5528],[14.8531,46.5535],[14.8572,46.5525],[14.8634,46.5519],[14.8669,46.5472],[14.8727,46.5453],[14.8781,46.5421],[14.8786,46.5373],[14.8818,46.5309],[14.8919,46.5234],[14.8989,46.5194],[14.9026,46.5166],[14.8995,46.5044],[14.8947,46.4977],[14.8862,46.4965],[14.8734,46.4973],[14.8516,46.5023],[14.8314,46.5135],[14.8129,46.5172],[14.7967,46.5194]]]}},{"type":"Feature","properties":{"id":"SVN-228","name":"Miklavž na Dravskem polju","nameBn":"মিক্লাভজ না ড্রাভস্কেম পোলিজু","type":"Commune|Municipality","bounds":[15.6945,46.46,15.7331,46.5121],"center":[15.7138,46.4853]},"geometry":{"type":"Polygon","coordinates":[[[15.6965,46.5121],[15.7317,46.5048],[15.7331,46.5032],[15.7246,46.4947],[15.7233,46.4917],[15.7277,46.4862],[15.7298,46.4802],[15.7328,46.4744],[15.717,46.46],[15.7095,46.465],[15.6977,46.4815],[15.6951,46.4866],[15.6994,46.4943],[15.7005,46.4981],[15.6945,46.506],[15.6965,46.5121]]]}},{"type":"Feature","properties":{"id":"SVN-1032","name":"Miren-Kostanjevica","nameBn":"মিরেনকস্তণজেভ পৌরসভা","type":"Commune|Municipality","bounds":[13.566,45.819,13.7092,45.9123],"center":[13.6373,45.8477]},"geometry":{"type":"Polygon","coordinates":[[[13.5742,45.819],[13.566,45.8303],[13.5693,45.8645],[13.5993,45.9123],[13.6136,45.904],[13.647,45.8972],[13.6395,45.8926],[13.6339,45.8917],[13.6256,45.8912],[13.6206,45.8892],[13.6204,45.886],[13.6293,45.879],[13.6392,45.8743],[13.6653,45.868],[13.6792,45.8685],[13.7092,45.865],[13.7064,45.8464],[13.7006,45.8429],[13.694,45.8363],[13.682,45.8317],[13.6701,45.8226],[13.649,45.82],[13.592,45.8212],[13.5742,45.819]]]}},{"type":"Feature","properties":{"id":"SVN-242","name":"Mirna Pec","nameBn":"মিরনা পেচ পৌরসভা","type":"Commune|Municipality","bounds":[15.0373,45.8061,15.1448,45.8948],"center":[15.0911,45.8487]},"geometry":{"type":"Polygon","coordinates":[[[15.1448,45.8733],[15.1352,45.8491],[15.1287,45.845],[15.1253,45.8438],[15.122,45.844],[15.1201,45.8438],[15.1186,45.8426],[15.1197,45.8388],[15.12,45.836],[15.1197,45.8324],[15.1183,45.829],[15.1152,45.8237],[15.1127,45.8204],[15.1093,45.8169],[15.1012,45.8153],[15.0963,45.8102],[15.086,45.8061],[15.0525,45.8237],[15.0488,45.8261],[15.0373,45.8409],[15.0378,45.861],[15.0434,45.8669],[15.0505,45.8726],[15.0604,45.878],[15.0707,45.8798],[15.0746,45.8801],[15.0829,45.8819],[15.0887,45.8863],[15.0939,45.893],[15.0975,45.8947],[15.102,45.8948],[15.1054,45.8918],[15.1119,45.8884],[15.117,45.8844],[15.1231,45.8816],[15.1279,45.8783],[15.1448,45.8733]]]}},{"type":"Feature","properties":{"id":"SVN-971","name":"Mislinja","nameBn":"মিসলিঞ্জা","type":"Commune|Municipality","bounds":[15.1236,46.3884,15.327,46.5109],"center":[15.2253,46.4442]},"geometry":{"type":"Polygon","coordinates":[[[15.3121,46.4925],[15.3157,46.4822],[15.3177,46.4697],[15.3245,46.4631],[15.327,46.4585],[15.3248,46.4512],[15.298,46.4499],[15.2811,46.4467],[15.2735,46.4433],[15.2671,46.4373],[15.2539,46.4141],[15.2325,46.3925],[15.1903,46.3884],[15.1758,46.394],[15.1755,46.3981],[15.1762,46.4024],[15.1755,46.4091],[15.17,46.4109],[15.1617,46.4125],[15.1551,46.4128],[15.1236,46.422],[15.1349,46.4439],[15.1397,46.4447],[15.1427,46.4444],[15.1445,46.4451],[15.1495,46.4497],[15.1512,46.4602],[15.1622,46.4678],[15.1861,46.4919],[15.1957,46.5109],[15.2227,46.497],[15.2383,46.4946],[15.2584,46.4956],[15.3121,46.4925]]]}},{"type":"Feature","properties":{"id":"SVN-972","name":"Moravce","nameBn":"মোরাভি পৌরসভা","type":"Commune|Municipality","bounds":[14.6745,46.099,14.8406,46.1684],"center":[14.7576,46.1337]},"geometry":{"type":"Polygon","coordinates":[[[14.8348,46.137],[14.8063,46.1155],[14.754,46.1002],[14.7347,46.099],[14.7263,46.1003],[14.7217,46.1062],[14.7159,46.11],[14.7035,46.1116],[14.6872,46.1173],[14.6894,46.1257],[14.6834,46.1282],[14.6793,46.1309],[14.6752,46.1327],[14.6745,46.1389],[14.6838,46.144],[14.7111,46.1519],[14.7299,46.1622],[14.7721,46.1684],[14.8046,46.1652],[14.8284,46.1603],[14.8406,46.149],[14.8394,46.1452],[14.8396,46.1414],[14.8348,46.137]]]}},{"type":"Feature","properties":{"id":"SVN-1044","name":"Moravske Toplice","nameBn":"মোরাভস্কে টপ্লিস পৌরসভা","type":"Commune|Municipality","bounds":[16.1756,46.6451,16.3654,46.78],"center":[16.2705,46.7159]},"geometry":{"type":"Polygon","coordinates":[[[16.2995,46.7795],[16.2982,46.7758],[16.3004,46.7721],[16.3142,46.7433],[16.3255,46.7333],[16.3341,46.7217],[16.3434,46.7142],[16.3573,46.7158],[16.3576,46.699],[16.3654,46.6967],[16.3639,46.6948],[16.3562,46.6847],[16.3517,46.6859],[16.3407,46.6889],[16.3342,46.6838],[16.3274,46.6762],[16.3175,46.6608],[16.3144,46.6451],[16.2979,46.6479],[16.2835,46.656],[16.2765,46.6573],[16.2686,46.6515],[16.2408,46.6536],[16.2259,46.6555],[16.2036,46.6635],[16.1982,46.6669],[16.1921,46.6721],[16.1917,46.6795],[16.1787,46.6976],[16.1756,46.7187],[16.1783,46.7209],[16.1843,46.7271],[16.1901,46.7272],[16.2106,46.745],[16.2179,46.7444],[16.2237,46.7469],[16.2321,46.7571],[16.2406,46.7624],[16.2577,46.78],[16.2905,46.7771],[16.2963,46.7782],[16.2987,46.7792],[16.2995,46.7795]]]}},{"type":"Feature","properties":{"id":"SVN-973","name":"Mozirje","nameBn":"মোজির্জে পৌরসভা","type":"Commune|Municipality","bounds":[14.8669,46.301,15.0084,46.4013],"center":[14.9377,46.3593]},"geometry":{"type":"Polygon","coordinates":[[[14.8669,46.3155],[14.8815,46.3377],[14.8817,46.3525],[14.9022,46.3939],[14.9395,46.4013],[14.9498,46.3968],[14.963,46.3943],[14.972,46.3934],[14.9856,46.3958],[14.9935,46.3944],[14.9979,46.3921],[15.0002,46.3903],[15.0019,46.3881],[15.0025,46.3865],[14.9999,46.3772],[14.9987,46.356],[15.0004,46.35],[15.0084,46.3372],[14.9999,46.3331],[14.9901,46.3225],[14.9887,46.317],[14.9849,46.3123],[14.9706,46.3029],[14.9664,46.3187],[14.9599,46.3246],[14.9538,46.3258],[14.9477,46.3236],[14.9248,46.31],[14.877,46.301],[14.8669,46.3155]]]}},{"type":"Feature","properties":{"id":"SVN-1045","name":"Murska Sobota","nameBn":"মুরস্কা সোবোতা শহর পৌরসভা","type":"Statistical Region","bounds":[16.103,46.6059,16.2408,46.6976],"center":[16.1719,46.6532]},"geometry":{"type":"Polygon","coordinates":[[[16.1514,46.69],[16.1787,46.6976],[16.1917,46.6795],[16.1921,46.6721],[16.1982,46.6669],[16.2036,46.6635],[16.2259,46.6555],[16.2408,46.6536],[16.2053,46.6294],[16.1923,46.6256],[16.1826,46.6153],[16.1608,46.6059],[16.1204,46.6191],[16.1103,46.6239],[16.1204,46.6369],[16.123,46.6439],[16.1187,46.6507],[16.114,46.6565],[16.1085,46.6615],[16.1044,46.6716],[16.103,46.6768],[16.1083,46.6904],[16.1443,46.6918],[16.1514,46.69]]]}},{"type":"Feature","properties":{"id":"SVN-974","name":"Muta","nameBn":"মুতা পৌরসভা","type":"Commune|Municipality","bounds":[15.0857,46.5998,15.184,46.6478],"center":[15.1348,46.6223]},"geometry":{"type":"Polygon","coordinates":[[[15.1056,46.6463],[15.1726,46.6414],[15.1737,46.6378],[15.1816,46.6296],[15.184,46.6256],[15.1835,46.6195],[15.1545,46.6036],[15.1402,46.5998],[15.1258,46.6012],[15.1048,46.6117],[15.0938,46.6255],[15.0888,46.6344],[15.0857,46.6478],[15.1056,46.6463]]]}},{"type":"Feature","properties":{"id":"SVN-1015","name":"Naklo","nameBn":"নাক্লো পৌরসভা","type":"Commune|Municipality","bounds":[14.2661,46.2547,14.3347,46.3261],"center":[14.3004,46.2932]},"geometry":{"type":"Polygon","coordinates":[[[14.3263,46.3214],[14.3286,46.3141],[14.3229,46.3117],[14.3209,46.3063],[14.3125,46.3006],[14.3113,46.2971],[14.3116,46.2933],[14.3154,46.2913],[14.3302,46.2773],[14.3347,46.2705],[14.3328,46.2607],[14.33,46.2565],[14.325,46.2547],[14.2984,46.2683],[14.2746,46.2749],[14.2676,46.2904],[14.2661,46.2972],[14.2672,46.3261],[14.2892,46.3224],[14.2951,46.3197],[14.3007,46.319],[14.3263,46.3214]]]}},{"type":"Feature","properties":{"id":"SVN-975","name":"Nazarje","nameBn":"নাজারজে পৌরসভা","type":"Commune|Municipality","bounds":[14.8548,46.2405,14.9706,46.3258],"center":[14.9127,46.2864]},"geometry":{"type":"Polygon","coordinates":[[[14.8849,46.2405],[14.8548,46.2529],[14.8575,46.2688],[14.8621,46.279],[14.8719,46.2882],[14.877,46.301],[14.9248,46.31],[14.9477,46.3236],[14.9538,46.3258],[14.9599,46.3246],[14.9664,46.3187],[14.9706,46.3029],[14.9703,46.2838],[14.9571,46.2833],[14.9549,46.2836],[14.9504,46.2819],[14.9504,46.278],[14.9457,46.2747],[14.9257,46.269],[14.9183,46.2653],[14.9078,46.2648],[14.9003,46.2633],[14.8975,46.2588],[14.8975,46.2542],[14.8849,46.2405]]]}},{"type":"Feature","properties":{"id":"SVN-260","name":"Nova Goriška","nameBn":"নোভা গরিস্কা","type":"Statistical Region","bounds":[13.6007,45.8355,13.8659,46.109],"center":[13.7337,45.8796]},"geometry":{"type":"Polygon","coordinates":[[[13.6153,45.9459],[13.6228,45.9664],[13.6059,45.9854],[13.6007,45.9846],[13.6015,45.985],[13.611,45.9911],[13.6262,45.9966],[13.604,46.0129],[13.6152,46.0116],[13.619,46.0101],[13.6252,46.0065],[13.6291,46.0037],[13.6325,46.0015],[13.6366,46.0011],[13.6406,46.0021],[13.6435,46.0048],[13.6383,46.0107],[13.6246,46.0236],[13.6254,46.0273],[13.6328,46.0311],[13.6549,46.0547],[13.6668,46.0615],[13.6814,46.067],[13.7051,46.0658],[13.7322,46.0579],[13.7398,46.0582],[13.7517,46.0646],[13.7607,46.0756],[13.7669,46.0819],[13.7689,46.1016],[13.7807,46.109],[13.7928,46.1086],[13.8,46.1036],[13.808,46.0814],[13.8071,46.0743],[13.8079,46.0623],[13.8113,46.05],[13.8204,46.036],[13.8308,46.0252],[13.8383,46.0192],[13.8659,46.007],[13.8523,46.002],[13.844,45.9934],[13.844,45.9837],[13.7989,45.9609],[13.7744,45.932],[13.7531,45.9143],[13.7466,45.9126],[13.7328,45.9059],[13.7339,45.9032],[13.7388,45.9018],[13.747,45.8983],[13.7551,45.8914],[13.7689,45.8853],[13.7869,45.8727],[13.7913,45.8688],[13.7948,45.865],[13.7979,45.8626],[13.8007,45.8585],[13.8049,45.856],[13.8206,45.8497],[13.8232,45.8475],[13.834,45.8355],[13.8119,45.842],[13.801,45.841],[13.7797,45.8409],[13.7624,45.8445],[13.7092,45.865],[13.6792,45.8685],[13.6653,45.868],[13.6392,45.8743],[13.6293,45.879],[13.6204,45.886],[13.6206,45.8892],[13.6256,45.8912],[13.6339,45.8917],[13.6395,45.8926],[13.647,45.8972],[13.6665,45.9101],[13.6772,45.9126],[13.6825,45.9117],[13.6851,45.913],[13.6864,45.9153],[13.6873,45.9222],[13.6862,45.9258],[13.6827,45.9256],[13.6792,45.9259],[13.6766,45.9268],[13.6744,45.9284],[13.6724,45.9294],[13.6695,45.9298],[13.6654,45.9295],[13.6605,45.93],[13.6558,45.9318],[13.6466,45.9381],[13.6394,45.9408],[13.633,45.9418],[13.6153,45.9459]]]}},{"type":"Feature","properties":{"id":"SVN-212","name":"Novo Mesto","nameBn":"নোভো মেস্টো পৌরসভা শহর","type":"Commune|Municipality","bounds":[15.0581,45.6819,15.331,45.9244],"center":[15.1945,45.7779]},"geometry":{"type":"Polygon","coordinates":[[[15.331,45.7525],[15.3038,45.7461],[15.2635,45.7304],[15.255,45.7235],[15.2499,45.7137],[15.249,45.7133],[15.2281,45.7027],[15.1908,45.6844],[15.1846,45.6833],[15.1715,45.6824],[15.1562,45.6833],[15.1262,45.6819],[15.1028,45.6844],[15.1057,45.6928],[15.1129,45.696],[15.116,45.697],[15.1184,45.6986],[15.12,45.7005],[15.1219,45.7024],[15.1241,45.7068],[15.1211,45.7117],[15.1143,45.7184],[15.0806,45.7442],[15.0794,45.7491],[15.0761,45.7543],[15.0629,45.7684],[15.0581,45.7811],[15.086,45.8061],[15.0963,45.8102],[15.1012,45.8153],[15.1093,45.8169],[15.1127,45.8204],[15.1152,45.8237],[15.1183,45.829],[15.1197,45.8324],[15.12,45.836],[15.1197,45.8388],[15.1186,45.8426],[15.1201,45.8438],[15.122,45.844],[15.1253,45.8438],[15.1287,45.845],[15.1352,45.8491],[15.1448,45.8733],[15.1847,45.8675],[15.1965,45.8699],[15.2099,45.8738],[15.2178,45.8796],[15.2288,45.8958],[15.2283,45.9005],[15.2269,45.9048],[15.2274,45.9091],[15.2386,45.9244],[15.2685,45.9069],[15.2777,45.9038],[15.2885,45.8985],[15.2982,45.8905],[15.3031,45.8853],[15.3061,45.8812],[15.3017,45.8749],[15.3037,45.8645],[15.2809,45.8558],[15.2764,45.8505],[15.2713,45.8419],[15.2739,45.8299],[15.2792,45.8204],[15.2972,45.8074],[15.3205,45.7825],[15.3303,45.7555],[15.3303,45.7554],[15.3309,45.7529],[15.331,45.7525]]]}},{"type":"Feature","properties":{"id":"SVN-1046","name":"Odranci","nameBn":"ওদ্রাঞ্চি","type":"Commune|Municipality","bounds":[16.2595,46.5691,16.3005,46.5984],"center":[16.28,46.5874]},"geometry":{"type":"Polygon","coordinates":[[[16.274,46.5984],[16.3005,46.5973],[16.2998,46.5895],[16.287,46.5782],[16.2795,46.5765],[16.266,46.5691],[16.2619,46.5763],[16.2613,46.5794],[16.2595,46.5834],[16.2619,46.5891],[16.2663,46.5929],[16.274,46.5984]]]}},{"type":"Feature","properties":{"id":"SVN-226","name":"Oplotnica","nameBn":"ওপ্লোটনিকা পৌরসভা","type":"Commune|Municipality","bounds":[15.4091,46.3582,15.503,46.4246],"center":[15.456,46.381]},"geometry":{"type":"Polygon","coordinates":[[[15.4616,46.3582],[15.4538,46.36],[15.4252,46.3713],[15.4091,46.3809],[15.4099,46.3837],[15.4149,46.3877],[15.4175,46.3903],[15.419,46.3933],[15.4152,46.3978],[15.4099,46.4025],[15.4099,46.4055],[15.4124,46.4077],[15.4147,46.4124],[15.4166,46.4175],[15.4228,46.4246],[15.4407,46.4188],[15.4513,46.4097],[15.4545,46.4055],[15.4575,46.3999],[15.4603,46.3978],[15.4636,46.3969],[15.4689,46.3976],[15.476,46.3977],[15.4901,46.3949],[15.4947,46.3925],[15.4957,46.3899],[15.4941,46.3808],[15.4969,46.3717],[15.503,46.3595],[15.4616,46.3582]]]}},{"type":"Feature","properties":{"id":"SVN-1047","name":"Ormož","nameBn":"অরমুজ","type":"Commune|Municipality","bounds":[16.0141,46.3671,16.2803,46.5113],"center":[16.1469,46.4411]},"geometry":{"type":"Polygon","coordinates":[[[16.2342,46.4849],[16.2337,46.4787],[16.2375,46.4651],[16.2494,46.4375],[16.2501,46.4294],[16.2482,46.4133],[16.2509,46.405],[16.257,46.3999],[16.2741,46.3921],[16.2787,46.3874],[16.2799,46.3787],[16.2803,46.3762],[16.2756,46.3732],[16.2528,46.3734],[16.2171,46.3674],[16.2087,46.3671],[16.1918,46.3698],[16.1775,46.3756],[16.1536,46.3914],[16.1439,46.3947],[16.1316,46.3931],[16.1232,46.3869],[16.1155,46.3793],[16.106,46.3737],[16.0943,46.3723],[16.0887,46.3731],[16.0757,46.3845],[16.0659,46.4041],[16.0506,46.4249],[16.0261,46.4323],[16.0391,46.4493],[16.04,46.4686],[16.021,46.4907],[16.0141,46.5075],[16.0203,46.5113],[16.0515,46.5063],[16.0676,46.5016],[16.1137,46.4959],[16.1366,46.4892],[16.1477,46.4885],[16.1525,46.4896],[16.1556,46.4932],[16.1707,46.4957],[16.1834,46.4894],[16.1917,46.484],[16.2019,46.4735],[16.2039,46.4729],[16.2065,46.4734],[16.2104,46.4762],[16.2168,46.4746],[16.2219,46.4754],[16.2244,46.4779],[16.227,46.4812],[16.231,46.4838],[16.2337,46.4847],[16.2342,46.4849]]]}},{"type":"Feature","properties":{"id":"SVN-976","name":"Pesnica","nameBn":"পেস্নিকা পৌরসভা","type":"Commune|Municipality","bounds":[15.6457,46.5685,15.7706,46.6769],"center":[15.7082,46.6254]},"geometry":{"type":"Polygon","coordinates":[[[15.7448,46.5685],[15.7207,46.5693],[15.699,46.5795],[15.6798,46.5928],[15.6471,46.5941],[15.6643,46.6036],[15.6457,46.6428],[15.6724,46.646],[15.675,46.6477],[15.6778,46.6489],[15.6771,46.6499],[15.6767,46.6523],[15.6785,46.6572],[15.6852,46.6658],[15.688,46.6732],[15.6915,46.6764],[15.6942,46.6768],[15.6987,46.6769],[15.7046,46.6755],[15.7165,46.6761],[15.7306,46.6733],[15.7352,46.6704],[15.7376,46.6676],[15.7381,46.6646],[15.7388,46.6621],[15.7444,46.6576],[15.7489,46.6552],[15.7528,46.652],[15.7562,46.6477],[15.7607,46.6441],[15.7706,46.6343],[15.7607,46.6149],[15.7578,46.6027],[15.7599,46.5881],[15.7547,46.5733],[15.7448,46.5685]]]}},{"type":"Feature","properties":{"id":"SVN-1033","name":"Piran","nameBn":"পিরান","type":"Commune|Municipality","bounds":[13.5686,45.4594,13.6932,45.5393],"center":[13.6309,45.4801]},"geometry":{"type":"Polygon","coordinates":[[[13.6429,45.4594],[13.6428,45.4594],[13.6241,45.4627],[13.5895,45.4888],[13.5916,45.4931],[13.5891,45.5016],[13.596,45.5119],[13.596,45.5181],[13.5862,45.5195],[13.5786,45.5234],[13.5728,45.53],[13.5686,45.5393],[13.5896,45.5358],[13.6109,45.538],[13.6114,45.5336],[13.6166,45.5255],[13.6186,45.5216],[13.6189,45.5156],[13.6221,45.5068],[13.6287,45.5022],[13.6335,45.4997],[13.6397,45.4932],[13.64,45.491],[13.6417,45.4896],[13.6466,45.4882],[13.6542,45.4907],[13.6575,45.4922],[13.6628,45.507],[13.6898,45.4994],[13.6915,45.4978],[13.6932,45.4954],[13.6887,45.4909],[13.6777,45.4829],[13.6748,45.4775],[13.6724,45.4742],[13.6709,45.4712],[13.667,45.4691],[13.6661,45.4688],[13.6614,45.4665],[13.66,45.4602],[13.66,45.46],[13.6429,45.4594]]]}},{"type":"Feature","properties":{"id":"SVN-977","name":"Pivka","nameBn":"পিভকা পৌরসভা","type":"Statistical Region","bounds":[14.0625,45.6228,14.4262,45.7541],"center":[14.2444,45.6834]},"geometry":{"type":"Polygon","coordinates":[[[14.3232,45.7541],[14.3277,45.7398],[14.3862,45.7075],[14.3934,45.6893],[14.4166,45.6708],[14.4258,45.6616],[14.4262,45.644],[14.3786,45.652],[14.3691,45.6597],[14.3473,45.6722],[14.3326,45.6719],[14.3285,45.6706],[14.3308,45.6676],[14.3283,45.6639],[14.317,45.6595],[14.2855,45.655],[14.2466,45.6441],[14.2379,45.6407],[14.2267,45.6333],[14.2156,45.6313],[14.1941,45.6295],[14.1519,45.6314],[14.1275,45.6304],[14.1103,45.626],[14.1028,45.6228],[14.0906,45.6242],[14.0799,45.6279],[14.0796,45.6296],[14.0832,45.6356],[14.0779,45.6454],[14.0728,45.653],[14.0692,45.6597],[14.0686,45.6736],[14.0645,45.6797],[14.0625,45.6865],[14.0647,45.6935],[14.0717,45.7027],[14.0832,45.7065],[14.0934,45.7143],[14.1172,45.7068],[14.1339,45.7036],[14.1499,45.7037],[14.1722,45.7068],[14.2017,45.7163],[14.2197,45.7171],[14.2565,45.7267],[14.2715,45.7349],[14.3232,45.7541]]]}},{"type":"Feature","properties":{"id":"SVN-255","name":"Podcetrtek","nameBn":"পোদেরত্রেটেক পৌরসভা","type":"Commune|Municipality","bounds":[15.6076,46.0264,15.6929,46.0764],"center":[15.6501,46.048]},"geometry":{"type":"Polygon","coordinates":[[[15.6236,46.0764],[15.6315,46.0706],[15.6437,46.0655],[15.6717,46.0574],[15.6839,46.0511],[15.6929,46.0416],[15.6926,46.0416],[15.6846,46.04],[15.6678,46.0264],[15.6633,46.0322],[15.6386,46.0323],[15.6312,46.0342],[15.6241,46.0378],[15.6196,46.0409],[15.6076,46.0659],[15.6235,46.0764],[15.6236,46.0764]]]}},{"type":"Feature","properties":{"id":"SVN-232","name":"Podlehnik","nameBn":"পোদলেহ্নিক পৌরসভা","type":"Commune|Municipality","bounds":[15.8251,46.2593,15.9189,46.3516],"center":[15.8719,46.3116]},"geometry":{"type":"Polygon","coordinates":[[[15.9189,46.2728],[15.8837,46.2594],[15.8809,46.2593],[15.8807,46.2596],[15.8751,46.266],[15.8669,46.2818],[15.8621,46.2838],[15.8251,46.3085],[15.829,46.3274],[15.8284,46.3337],[15.8318,46.3394],[15.8374,46.3452],[15.8422,46.3469],[15.8465,46.3475],[15.854,46.3495],[15.8596,46.3502],[15.8649,46.3516],[15.8689,46.3515],[15.8799,46.3504],[15.8839,46.3484],[15.9005,46.3434],[15.9062,46.3409],[15.9105,46.3381],[15.9128,46.3348],[15.9134,46.3322],[15.9136,46.3277],[15.9123,46.3253],[15.9102,46.3227],[15.9094,46.3193],[15.9102,46.3155],[15.9119,46.3118],[15.9144,46.3086],[15.9181,46.3023],[15.9187,46.2993],[15.9184,46.2965],[15.9178,46.2938],[15.9178,46.291],[15.9185,46.2884],[15.9173,46.2868],[15.9167,46.2847],[15.9164,46.283],[15.9184,46.2742],[15.9187,46.2732],[15.9189,46.2728]]]}},{"type":"Feature","properties":{"id":"SVN-214","name":"Podvelka","nameBn":"পোডভেল্কা পৌরসভা","type":"Commune|Municipality","bounds":[15.2704,46.5106,15.4434,46.6456],"center":[15.3569,46.6021]},"geometry":{"type":"Polygon","coordinates":[[[15.3881,46.6456],[15.4176,46.638],[15.4354,46.6272],[15.4355,46.6271],[15.4412,46.6196],[15.4397,46.6097],[15.4364,46.6024],[15.4349,46.5969],[15.4349,46.5925],[15.4404,46.5903],[15.4434,46.5847],[15.4359,46.5748],[15.4304,46.5748],[15.4255,46.5751],[15.4102,46.5824],[15.4076,46.5834],[15.3883,46.5878],[15.376,46.5887],[15.3714,46.5873],[15.3691,46.5839],[15.3692,46.5755],[15.3666,46.5688],[15.3484,46.5513],[15.3392,46.5345],[15.3292,46.5248],[15.3228,46.5106],[15.3172,46.5275],[15.3175,46.532],[15.3199,46.5347],[15.3206,46.5375],[15.3175,46.5405],[15.3019,46.5466],[15.2935,46.5571],[15.2704,46.5726],[15.2845,46.5986],[15.2979,46.6078],[15.3047,46.6093],[15.321,46.6146],[15.3292,46.6192],[15.3326,46.635],[15.3328,46.6436],[15.3881,46.6456]]]}},{"type":"Feature","properties":{"id":"SVN-244","name":"Polzela","nameBn":"পোলজেলা পৌরসভা","type":"Commune|Municipality","bounds":[15.0513,46.255,15.1228,46.3517],"center":[15.087,46.3034]},"geometry":{"type":"Polygon","coordinates":[[[15.0666,46.3517],[15.0814,46.3464],[15.0873,46.3399],[15.1025,46.3326],[15.1104,46.323],[15.1228,46.317],[15.1216,46.2936],[15.1184,46.2875],[15.1107,46.2772],[15.1074,46.2714],[15.1102,46.2659],[15.104,46.255],[15.095,46.2577],[15.0513,46.3073],[15.0581,46.3145],[15.0596,46.3247],[15.0602,46.3371],[15.0666,46.3517]]]}},{"type":"Feature","properties":{"id":"SVN-978","name":"Postojna","nameBn":"পস্তোনা পৌরসভা","type":"Commune|Municipality","bounds":[14.0372,45.7036,14.3232,45.8755],"center":[14.1802,45.7924]},"geometry":{"type":"Polygon","coordinates":[[[14.2765,45.8461],[14.2793,45.8372],[14.2594,45.8014],[14.2583,45.7906],[14.2695,45.7763],[14.2875,45.7629],[14.2993,45.7573],[14.3232,45.7541],[14.2715,45.7349],[14.2565,45.7267],[14.2197,45.7171],[14.2017,45.7163],[14.1722,45.7068],[14.1499,45.7037],[14.1339,45.7036],[14.1172,45.7068],[14.0934,45.7143],[14.0819,45.7342],[14.0721,45.7434],[14.0372,45.761],[14.0436,45.7729],[14.0488,45.7781],[14.0521,45.7969],[14.0587,45.8086],[14.046,45.8369],[14.0931,45.8488],[14.0966,45.8519],[14.126,45.8688],[14.1791,45.8755],[14.1997,45.8724],[14.222,45.8628],[14.2765,45.8461]]]}},{"type":"Feature","properties":{"id":"SVN-243","name":"Prebold","nameBn":"প্রিবোল্ড পৌরসভা","type":"Commune|Municipality","bounds":[15.0451,46.1844,15.1436,46.2577],"center":[15.0943,46.2214]},"geometry":{"type":"Polygon","coordinates":[[[15.095,46.2577],[15.104,46.255],[15.1238,46.2416],[15.1377,46.236],[15.1431,46.2316],[15.1436,46.23],[15.1407,46.2302],[15.138,46.2298],[15.1357,46.227],[15.1343,46.2221],[15.1341,46.2068],[15.1324,46.1984],[15.1309,46.1951],[15.1284,46.1924],[15.1252,46.1902],[15.1216,46.1887],[15.1183,46.1879],[15.111,46.1873],[15.0777,46.1844],[15.0451,46.1933],[15.0516,46.2076],[15.0525,46.2113],[15.0511,46.2261],[15.0666,46.2305],[15.095,46.2577]]]}},{"type":"Feature","properties":{"id":"SVN-215","name":"Preddvor","nameBn":"প্রেডভোর পৌরসভা","type":"Commune|Municipality","bounds":[14.3668,46.2889,14.5531,46.3671],"center":[14.46,46.3286]},"geometry":{"type":"Polygon","coordinates":[[[14.4672,46.2916],[14.4172,46.2889],[14.3896,46.2912],[14.3798,46.2893],[14.3713,46.2935],[14.3682,46.298],[14.3668,46.3037],[14.369,46.3063],[14.3787,46.304],[14.3828,46.3035],[14.3866,46.307],[14.3893,46.3121],[14.3937,46.3262],[14.4055,46.3516],[14.427,46.3505],[14.4321,46.3535],[14.434,46.3554],[14.4372,46.3605],[14.4405,46.3647],[14.4447,46.3664],[14.4498,46.3671],[14.4547,46.3669],[14.4692,46.3643],[14.5359,46.3603],[14.5456,46.3527],[14.5468,46.3463],[14.5445,46.3366],[14.5487,46.3294],[14.5505,46.3251],[14.5531,46.3213],[14.544,46.312],[14.5153,46.2998],[14.5009,46.2966],[14.4838,46.2962],[14.4672,46.2916]]]}},{"type":"Feature","properties":{"id":"SVN-233","name":"Prevalje","nameBn":"প্রিভ্লিজ পৌরসভা","type":"Commune|Municipality","bounds":[14.8145,46.5044,14.9507,46.6052],"center":[14.8823,46.5675]},"geometry":{"type":"Polygon","coordinates":[[[14.8771,46.6036],[14.8941,46.6052],[14.8955,46.6025],[14.9009,46.5945],[14.9033,46.593],[14.9064,46.593],[14.9088,46.5932],[14.9109,46.5922],[14.9129,46.5906],[14.9157,46.5892],[14.9192,46.5865],[14.9228,46.5824],[14.9268,46.5758],[14.9316,46.5693],[14.9346,46.5672],[14.9426,46.5659],[14.9453,46.5627],[14.9467,46.5572],[14.9462,46.545],[14.9468,46.5395],[14.947,46.5359],[14.9473,46.5342],[14.9485,46.5327],[14.9507,46.5306],[14.9479,46.5214],[14.924,46.5048],[14.8995,46.5044],[14.9026,46.5166],[14.8989,46.5194],[14.8919,46.5234],[14.8818,46.5309],[14.8786,46.5373],[14.8781,46.5421],[14.8727,46.5453],[14.8669,46.5472],[14.8634,46.5519],[14.8572,46.5525],[14.8531,46.5535],[14.8496,46.5528],[14.8471,46.5521],[14.8438,46.5518],[14.8412,46.5521],[14.8256,46.5526],[14.8145,46.5513],[14.8223,46.5675],[14.8336,46.5844],[14.8504,46.6011],[14.863,46.6048],[14.8771,46.6036]]]}},{"type":"Feature","properties":{"id":"SVN-216","name":"Ptuj","nameBn":"পুজ","type":"Commune|Municipality","bounds":[15.7815,46.384,15.9531,46.4973],"center":[15.8673,46.4273]},"geometry":{"type":"Polygon","coordinates":[[[15.8163,46.4973],[15.8234,46.4949],[15.8454,46.4828],[15.87,46.46],[15.8849,46.4536],[15.8929,46.4523],[15.9005,46.4537],[15.9055,46.4565],[15.9084,46.4604],[15.9224,46.471],[15.9443,46.4805],[15.9435,46.46],[15.9531,46.451],[15.943,46.4205],[15.9429,46.4142],[15.9392,46.4105],[15.9354,46.4073],[15.9041,46.3936],[15.8963,46.3969],[15.8695,46.384],[15.8712,46.3896],[15.8693,46.3915],[15.8635,46.3934],[15.8604,46.3954],[15.8579,46.3978],[15.859,46.4005],[15.8587,46.4065],[15.8597,46.4084],[15.8597,46.4113],[15.8583,46.415],[15.8474,46.4307],[15.8186,46.4548],[15.8048,46.4668],[15.8015,46.468],[15.7961,46.4692],[15.7815,46.4677],[15.7947,46.48],[15.8065,46.4854],[15.8163,46.4973]]]}},{"type":"Feature","properties":{"id":"SVN-929","name":"Puconci","nameBn":"পুকোনকি","type":"Commune|Municipality","bounds":[16.0534,46.69,16.2106,46.8294],"center":[16.132,46.7506]},"geometry":{"type":"Polygon","coordinates":[[[16.0974,46.7621],[16.1052,46.7638],[16.112,46.7674],[16.1269,46.7875],[16.1364,46.8294],[16.1501,46.8265],[16.1545,46.8223],[16.1608,46.8179],[16.1645,46.8105],[16.1837,46.7976],[16.191,46.796],[16.1979,46.7936],[16.2019,46.7903],[16.2039,46.7819],[16.1934,46.7623],[16.1972,46.7574],[16.2106,46.745],[16.1901,46.7272],[16.1843,46.7271],[16.1783,46.7209],[16.1756,46.7187],[16.1787,46.6976],[16.1514,46.69],[16.1443,46.6918],[16.1083,46.6904],[16.0923,46.6949],[16.0841,46.6996],[16.0751,46.7013],[16.0665,46.7043],[16.0591,46.7092],[16.0534,46.7198],[16.0565,46.7289],[16.0579,46.7354],[16.0555,46.756],[16.0636,46.7642],[16.0824,46.7648],[16.0912,46.7637],[16.0974,46.7621]]]}},{"type":"Feature","properties":{"id":"SVN-979","name":"Race-Fram","nameBn":"রেস-ফ্রাম পৌরসভা","type":"Commune|Municipality","bounds":[15.5458,46.4086,15.7345,46.4832],"center":[15.6401,46.4507]},"geometry":{"type":"Polygon","coordinates":[[[15.7095,46.465],[15.717,46.46],[15.7233,46.4497],[15.7233,46.4463],[15.7219,46.4434],[15.7345,46.4283],[15.6875,46.4086],[15.6676,46.4237],[15.6533,46.4285],[15.6417,46.4311],[15.6402,46.4345],[15.5571,46.4687],[15.548,46.4744],[15.5478,46.4766],[15.5458,46.4832],[15.5714,46.4811],[15.5868,46.4766],[15.613,46.4766],[15.6368,46.4687],[15.6471,46.4627],[15.654,46.4606],[15.6588,46.4599],[15.6761,46.4603],[15.6831,46.4612],[15.6869,46.4624],[15.7095,46.465]]]}},{"type":"Feature","properties":{"id":"SVN-980","name":"Radece","nameBn":"র্যাডেচে","type":"Commune|Municipality","bounds":[15.0715,46.0295,15.2403,46.0935],"center":[15.1559,46.0658]},"geometry":{"type":"Polygon","coordinates":[[[15.0941,46.0403],[15.0783,46.0485],[15.075,46.0535],[15.0715,46.0647],[15.089,46.0679],[15.0877,46.0776],[15.0975,46.0795],[15.102,46.0813],[15.1063,46.0935],[15.1284,46.086],[15.1634,46.0925],[15.2019,46.0608],[15.2046,46.053],[15.2069,46.051],[15.2102,46.049],[15.2184,46.0475],[15.2221,46.0465],[15.225,46.0453],[15.2331,46.0405],[15.2369,46.039],[15.2392,46.0369],[15.2403,46.0337],[15.2349,46.0306],[15.2207,46.0295],[15.1445,46.0425],[15.0941,46.0403]]]}},{"type":"Feature","properties":{"id":"SVN-930","name":"Radenci","nameBn":"রাদেঙ্কি","type":"Commune|Municipality","bounds":[16.0068,46.5873,16.112,46.6627],"center":[16.0594,46.6266]},"geometry":{"type":"Polygon","coordinates":[[[16.0136,46.5937],[16.0068,46.6214],[16.0077,46.6328],[16.0417,46.6627],[16.042,46.6627],[16.0671,46.6443],[16.1103,46.6239],[16.1052,46.6172],[16.112,46.608],[16.0956,46.6074],[16.0793,46.5932],[16.0723,46.5881],[16.0696,46.5873],[16.0661,46.5908],[16.061,46.602],[16.0558,46.6058],[16.0489,46.6063],[16.0369,46.5965],[16.031,46.5927],[16.0273,46.5896],[16.0136,46.5937]]]}},{"type":"Feature","properties":{"id":"SVN-981","name":"Radlje ob Dravi","nameBn":"রাদলেজে অব দ্রাভি পৌরসভা","type":"Commune|Municipality","bounds":[15.1726,46.5292,15.3328,46.6436],"center":[15.2526,46.6029]},"geometry":{"type":"Polygon","coordinates":[[[15.1726,46.6414],[15.2049,46.639],[15.3328,46.6436],[15.3326,46.635],[15.3292,46.6192],[15.321,46.6146],[15.3047,46.6093],[15.2979,46.6078],[15.2845,46.5986],[15.2704,46.5726],[15.2202,46.5509],[15.2148,46.5475],[15.2103,46.5433],[15.2091,46.5356],[15.1993,46.5292],[15.1806,46.534],[15.1755,46.5426],[15.1761,46.5475],[15.1782,46.5541],[15.1837,46.5608],[15.1874,46.5688],[15.1868,46.5731],[15.1838,46.5773],[15.186,46.5784],[15.1895,46.5783],[15.1959,46.5795],[15.2016,46.582],[15.2099,46.5919],[15.2116,46.5975],[15.2116,46.6017],[15.2092,46.6048],[15.2032,46.6082],[15.1973,46.6097],[15.195,46.6107],[15.1919,46.6126],[15.1835,46.6195],[15.184,46.6256],[15.1816,46.6296],[15.1737,46.6378],[15.1726,46.6414]]]}},{"type":"Feature","properties":{"id":"SVN-1016","name":"Radovljica","nameBn":"র্যাদোভ্লজিকা পৌরসভা","type":"Statistical Region","bounds":[14.1111,46.2732,14.2746,46.4253],"center":[14.1929,46.3361]},"geometry":{"type":"Polygon","coordinates":[[[14.2343,46.2732],[14.2279,46.2751],[14.1791,46.2842],[14.1801,46.2988],[14.1752,46.3038],[14.1716,46.305],[14.1649,46.3043],[14.1596,46.3029],[14.1111,46.3067],[14.1162,46.3182],[14.1291,46.326],[14.1325,46.33],[14.1361,46.3366],[14.1508,46.3468],[14.1522,46.3518],[14.1492,46.357],[14.1427,46.3661],[14.1375,46.3722],[14.1593,46.3817],[14.1687,46.381],[14.1801,46.3818],[14.1905,46.3869],[14.1949,46.3937],[14.2001,46.4038],[14.2146,46.417],[14.2231,46.4218],[14.2382,46.4253],[14.2529,46.4135],[14.2552,46.3902],[14.2486,46.3533],[14.2504,46.3475],[14.2531,46.3444],[14.2583,46.3422],[14.2563,46.3375],[14.2602,46.3304],[14.2672,46.3261],[14.2661,46.2972],[14.2676,46.2904],[14.2746,46.2749],[14.2343,46.2732]]]}},{"type":"Feature","properties":{"id":"SVN-217","name":"Ravne na Koroškem","nameBn":"রাভনে না করোস্কে","type":"Commune|Municipality","bounds":[14.8941,46.4895,15.0142,46.615],"center":[14.9541,46.5451]},"geometry":{"type":"Polygon","coordinates":[[[14.8941,46.6052],[14.8977,46.6056],[14.9195,46.615],[14.9202,46.6136],[14.9434,46.6007],[14.9602,46.5997],[14.9663,46.5969],[14.9709,46.5916],[14.9819,46.582],[14.9979,46.5731],[15.0075,46.5689],[15.0123,46.5625],[15.0142,46.5591],[15.0105,46.5504],[15.0038,46.5319],[15.0022,46.5142],[14.9985,46.5058],[14.992,46.4987],[14.9867,46.4959],[14.9656,46.4895],[14.9434,46.4908],[14.9406,46.4924],[14.924,46.5048],[14.9479,46.5214],[14.9507,46.5306],[14.9485,46.5327],[14.9473,46.5342],[14.947,46.5359],[14.9468,46.5395],[14.9462,46.545],[14.9467,46.5572],[14.9453,46.5627],[14.9426,46.5659],[14.9346,46.5672],[14.9316,46.5693],[14.9268,46.5758],[14.9228,46.5824],[14.9192,46.5865],[14.9157,46.5892],[14.9129,46.5906],[14.9109,46.5922],[14.9088,46.5932],[14.9064,46.593],[14.9033,46.593],[14.9009,46.5945],[14.8955,46.6025],[14.8941,46.6052]]]}},{"type":"Feature","properties":{"id":"SVN-269","name":"Razkrižje","nameBn":"রাজক্রিজে পৌরসভা","type":"Commune|Municipality","bounds":[16.2596,46.5136,16.3015,46.5339],"center":[16.2803,46.5269]},"geometry":{"type":"Polygon","coordinates":[[[16.3015,46.5271],[16.2954,46.5244],[16.2639,46.5159],[16.2609,46.5136],[16.2608,46.5142],[16.2596,46.5193],[16.2776,46.5339],[16.3015,46.5271]]]}},{"type":"Feature","properties":{"id":"SVN-218","name":"Ribnica","nameBn":"রিবনিকা পৌরসভা","type":"Commune|Municipality","bounds":[14.587,45.6395,14.8224,45.818],"center":[14.7047,45.7413]},"geometry":{"type":"Polygon","coordinates":[[[14.587,45.7934],[14.6278,45.7983],[14.6545,45.8052],[14.6705,45.8142],[14.6877,45.818],[14.7959,45.7431],[14.8224,45.7279],[14.7894,45.6741],[14.7883,45.6635],[14.7778,45.6487],[14.7707,45.6419],[14.7547,45.6395],[14.7318,45.647],[14.7352,45.6521],[14.7346,45.6556],[14.7352,45.6595],[14.733,45.6642],[14.7312,45.6673],[14.7206,45.6698],[14.708,45.6756],[14.6766,45.6831],[14.6672,45.6894],[14.6463,45.7075],[14.6576,45.7146],[14.6638,45.7232],[14.6775,45.7506],[14.6781,45.7595],[14.6752,45.7676],[14.6686,45.7703],[14.663,45.772],[14.6438,45.7745],[14.6235,45.7795],[14.614,45.7808],[14.6092,45.7819],[14.5996,45.7856],[14.587,45.7934]]]}},{"type":"Feature","properties":{"id":"SVN-257","name":"Ribnica na Pohorju","nameBn":"রিবনিকা না পোহরজু পৌরসভা","type":"Commune|Municipality","bounds":[15.1888,46.4925,15.3228,46.5726],"center":[15.2558,46.5309]},"geometry":{"type":"Polygon","coordinates":[[[15.2704,46.5726],[15.2935,46.5571],[15.3019,46.5466],[15.3175,46.5405],[15.3206,46.5375],[15.3199,46.5347],[15.3175,46.532],[15.3172,46.5275],[15.3228,46.5106],[15.3121,46.4925],[15.2584,46.4956],[15.2383,46.4946],[15.2227,46.497],[15.1957,46.5109],[15.1888,46.5172],[15.1993,46.5292],[15.2091,46.5356],[15.2103,46.5433],[15.2148,46.5475],[15.2202,46.5509],[15.2704,46.5726]]]}},{"type":"Feature","properties":{"id":"SVN-983","name":"Rogatec","nameBn":"রোগাটেক পৌরসভা","type":"Commune|Municipality","bounds":[15.678,46.2108,15.7995,46.2661],"center":[15.7385,46.2383]},"geometry":{"type":"Polygon","coordinates":[[[15.7995,46.2486],[15.7891,46.2431],[15.7689,46.2193],[15.7498,46.2108],[15.678,46.2145],[15.678,46.2147],[15.6783,46.22],[15.6918,46.2373],[15.7014,46.2417],[15.7084,46.2517],[15.7163,46.2569],[15.7218,46.2593],[15.7413,46.2661],[15.7579,46.262],[15.7989,46.2488],[15.7995,46.2486]]]}},{"type":"Feature","properties":{"id":"SVN-982","name":"Rogaška Slatina","nameBn":"রোগাস্কা স্লাটিনা","type":"Commune|Municipality","bounds":[15.5658,46.1952,15.7413,46.284],"center":[15.6536,46.2433]},"geometry":{"type":"Polygon","coordinates":[[[15.678,46.2145],[15.6613,46.2153],[15.6398,46.2077],[15.6266,46.1952],[15.6261,46.1955],[15.6133,46.2043],[15.6071,46.22],[15.604,46.2226],[15.5969,46.2254],[15.5859,46.236],[15.5658,46.2737],[15.5714,46.2792],[15.577,46.2818],[15.5879,46.284],[15.6089,46.2838],[15.653,46.2737],[15.6849,46.2741],[15.7038,46.2642],[15.7413,46.2661],[15.7218,46.2593],[15.7163,46.2569],[15.7084,46.2517],[15.7014,46.2417],[15.6918,46.2373],[15.6783,46.22],[15.678,46.2147],[15.678,46.2145]]]}},{"type":"Feature","properties":{"id":"SVN-931","name":"Rogašovci","nameBn":"রোগাসভচি পৌরসভা","type":"Commune|Municipality","bounds":[15.971,46.756,16.0636,46.8461],"center":[16.017,46.799]},"geometry":{"type":"Polygon","coordinates":[[[16.0284,46.8369],[16.032,46.8376],[16.0529,46.8461],[16.056,46.8161],[16.0517,46.7757],[16.0521,46.7701],[16.0636,46.7642],[16.0555,46.756],[16.0248,46.759],[16.0185,46.7616],[16.0071,46.7703],[16.0049,46.774],[15.9877,46.7758],[15.971,46.7751],[15.9713,46.7781],[15.9782,46.8091],[15.9773,46.8162],[15.9729,46.8184],[15.972,46.8206],[15.9817,46.8277],[15.9876,46.83],[16.0284,46.8369]]]}},{"type":"Feature","properties":{"id":"SVN-219","name":"Ruše","nameBn":"রুসে পৌরসভা","type":"Commune|Municipality","bounds":[15.4082,46.4777,15.5638,46.5621],"center":[15.486,46.5156]},"geometry":{"type":"Polygon","coordinates":[[[15.5638,46.5099],[15.5394,46.4974],[15.5005,46.4993],[15.4082,46.4777],[15.4152,46.4995],[15.4406,46.5185],[15.4491,46.5316],[15.4508,46.5378],[15.4499,46.5419],[15.4597,46.55],[15.4581,46.5386],[15.4828,46.5345],[15.496,46.5378],[15.5604,46.5621],[15.5503,46.518],[15.5638,46.5099]]]}},{"type":"Feature","properties":{"id":"SVN-234","name":"Selnica ob Dravi","nameBn":"সেলনিকা অব দ্রাভি পৌরসভা","type":"Commune|Municipality","bounds":[15.4349,46.5345,15.5604,46.6325],"center":[15.4976,46.5799]},"geometry":{"type":"Polygon","coordinates":[[[15.4627,46.6146],[15.4926,46.6183],[15.5112,46.6284],[15.5139,46.6325],[15.5202,46.6272],[15.5247,46.6138],[15.5244,46.6064],[15.528,46.6007],[15.532,46.5967],[15.5374,46.595],[15.5419,46.5928],[15.547,46.5881],[15.5486,46.5787],[15.5486,46.5722],[15.5604,46.5621],[15.496,46.5378],[15.4828,46.5345],[15.4581,46.5386],[15.4597,46.55],[15.4617,46.5683],[15.4575,46.5766],[15.4511,46.5811],[15.4434,46.5847],[15.4404,46.5903],[15.4349,46.5925],[15.4349,46.5969],[15.4364,46.6024],[15.4397,46.6097],[15.4412,46.6196],[15.4355,46.6271],[15.4354,46.6272],[15.44,46.6244],[15.4627,46.6146]]]}},{"type":"Feature","properties":{"id":"SVN-984","name":"Semic","nameBn":"সেমিক পৌরসভা","type":"Commune|Municipality","bounds":[15.0376,45.5945,15.2843,45.7027],"center":[15.161,45.6477]},"geometry":{"type":"Polygon","coordinates":[[[15.1715,45.6824],[15.1846,45.6833],[15.1908,45.6844],[15.2281,45.7027],[15.2364,45.7025],[15.2381,45.7009],[15.251,45.6813],[15.2646,45.673],[15.2746,45.6632],[15.2843,45.6501],[15.2835,45.6434],[15.2792,45.6386],[15.2719,45.6379],[15.2682,45.6361],[15.2649,45.6329],[15.2617,45.6256],[15.2589,45.6216],[15.2532,45.6182],[15.2488,45.6148],[15.2443,45.6129],[15.2418,45.6107],[15.2389,45.61],[15.2363,45.6087],[15.2337,45.6084],[15.225,45.6083],[15.2068,45.6146],[15.1886,45.617],[15.174,45.6174],[15.1558,45.6105],[15.1507,45.6064],[15.1475,45.6028],[15.1461,45.6007],[15.1413,45.5984],[15.1332,45.5963],[15.1054,45.5945],[15.0736,45.6019],[15.0564,45.6068],[15.0376,45.6313],[15.0409,45.6514],[15.0452,45.6571],[15.0637,45.6756],[15.0729,45.6822],[15.0845,45.6863],[15.1028,45.6844],[15.1262,45.6819],[15.1562,45.6833],[15.1715,45.6824]]]}},{"type":"Feature","properties":{"id":"SVN-988","name":"Sevnica","nameBn":"সেভনিকা পৌরসভা","type":"Commune|Municipality","bounds":[15.0933,45.9244,15.4299,46.0837],"center":[15.2616,46.0132]},"geometry":{"type":"Polygon","coordinates":[[[15.3684,46.0721],[15.4184,46.0633],[15.4203,46.0499],[15.4195,46.0464],[15.4167,46.0418],[15.4167,46.0332],[15.419,46.0258],[15.4226,46.0179],[15.4279,46.0126],[15.4299,46.007],[15.4294,46.0006],[15.4242,45.994],[15.3895,45.9696],[15.3715,45.9511],[15.363,45.9348],[15.3464,45.9445],[15.3425,45.9514],[15.3346,45.9542],[15.3272,45.9559],[15.3171,45.9571],[15.2957,45.9561],[15.2896,45.9538],[15.2865,45.9518],[15.2854,45.9491],[15.2851,45.9455],[15.2866,45.9404],[15.284,45.9357],[15.2794,45.9362],[15.266,45.9448],[15.2597,45.945],[15.2573,45.9439],[15.257,45.9416],[15.2552,45.9385],[15.2381,45.9321],[15.2386,45.9244],[15.2037,45.9374],[15.1807,45.9514],[15.1661,45.9643],[15.159,45.9742],[15.1599,45.9804],[15.1631,45.9846],[15.1676,45.9886],[15.1689,45.9941],[15.1662,45.9959],[15.1617,45.9954],[15.1569,45.9939],[15.1515,45.9911],[15.1434,45.9892],[15.1372,45.9913],[15.1331,45.9965],[15.1161,46.0042],[15.0933,46.0307],[15.0941,46.0403],[15.1445,46.0425],[15.2207,46.0295],[15.2349,46.0306],[15.2403,46.0337],[15.2392,46.0369],[15.2369,46.039],[15.2331,46.0405],[15.225,46.0453],[15.2221,46.0465],[15.2184,46.0475],[15.2102,46.049],[15.2069,46.051],[15.2046,46.053],[15.2019,46.0608],[15.2049,46.0664],[15.2038,46.0688],[15.2009,46.0726],[15.1937,46.0785],[15.193,46.0809],[15.1939,46.0822],[15.2035,46.0837],[15.2539,46.0833],[15.2688,46.0796],[15.2767,46.0761],[15.2811,46.0715],[15.2826,46.0677],[15.284,46.062],[15.2871,46.0591],[15.2921,46.059],[15.3027,46.0647],[15.3168,46.0687],[15.3684,46.0721]]]}},{"type":"Feature","properties":{"id":"SVN-1034","name":"Sežana","nameBn":"সেজানা পৌরসভা","type":"Commune|Municipality","bounds":[13.6999,45.6338,13.9899,45.8102],"center":[13.8449,45.7319]},"geometry":{"type":"Polygon","coordinates":[[[13.8936,45.6338],[13.8931,45.6347],[13.8841,45.6351],[13.8692,45.6411],[13.8584,45.6494],[13.7787,45.7434],[13.7095,45.7653],[13.6999,45.7705],[13.7058,45.7797],[13.7258,45.7898],[13.7319,45.7913],[13.7531,45.7909],[13.8527,45.7996],[13.9025,45.8102],[13.9314,45.7932],[13.9835,45.7729],[13.9899,45.765],[13.9756,45.7485],[13.9644,45.7443],[13.9567,45.74],[13.9556,45.7333],[13.9596,45.7221],[13.9651,45.7141],[13.9679,45.7053],[13.9624,45.6981],[13.9365,45.6704],[13.9437,45.6611],[13.9384,45.6426],[13.9089,45.6438],[13.8936,45.6338]]]}},{"type":"Feature","properties":{"id":"SVN-991","name":"Slovenj Gradec","nameBn":"স্লোভেঞ্জ গ্রাদেক শহর পৌরসভা","type":"Statistical Region","bounds":[14.9563,46.422,15.1957,46.57],"center":[15.076,46.4914]},"geometry":{"type":"Polygon","coordinates":[[[14.9656,46.4895],[14.9867,46.4959],[14.992,46.4987],[14.9985,46.5058],[15.0022,46.5142],[15.0038,46.5319],[15.0105,46.5504],[15.0246,46.5381],[15.0282,46.5381],[15.0303,46.5386],[15.0336,46.54],[15.0362,46.5416],[15.0488,46.5446],[15.0602,46.5415],[15.0643,46.5423],[15.069,46.5457],[15.071,46.5503],[15.1034,46.57],[15.1132,46.5599],[15.1272,46.5519],[15.138,46.5414],[15.1433,46.5336],[15.1888,46.5172],[15.1957,46.5109],[15.1861,46.4919],[15.1622,46.4678],[15.1512,46.4602],[15.1495,46.4497],[15.1445,46.4451],[15.1427,46.4444],[15.1397,46.4447],[15.1349,46.4439],[15.1236,46.422],[15.1119,46.4308],[15.0986,46.4338],[15.0922,46.4342],[15.0893,46.4265],[14.9999,46.4468],[14.9563,46.4599],[14.9656,46.4895]]]}},{"type":"Feature","properties":{"id":"SVN-221","name":"Slovenska Bistrica","nameBn":"স্লোভেনস্কা বিস্ত্রিকা","type":"Commune|Municipality","bounds":[15.3351,46.2737,15.7214,46.4993],"center":[15.5283,46.4241]},"geometry":{"type":"Polygon","coordinates":[[[15.5525,46.2777],[15.5579,46.2935],[15.5551,46.3086],[15.5478,46.3339],[15.541,46.3447],[15.5323,46.35],[15.5246,46.3506],[15.503,46.3595],[15.4969,46.3717],[15.4941,46.3808],[15.4957,46.3899],[15.4947,46.3925],[15.4901,46.3949],[15.476,46.3977],[15.4689,46.3976],[15.4636,46.3969],[15.4603,46.3978],[15.4575,46.3999],[15.4545,46.4055],[15.4513,46.4097],[15.4407,46.4188],[15.4228,46.4246],[15.3984,46.4379],[15.3821,46.4408],[15.3681,46.4477],[15.3525,46.4526],[15.3457,46.4595],[15.3385,46.4654],[15.3351,46.4774],[15.3591,46.4802],[15.364,46.4782],[15.3768,46.4694],[15.3812,46.4688],[15.3874,46.4704],[15.3908,46.4721],[15.4082,46.4777],[15.5005,46.4993],[15.5394,46.4974],[15.5458,46.4832],[15.5478,46.4766],[15.548,46.4744],[15.5571,46.4687],[15.6402,46.4345],[15.6417,46.4311],[15.6533,46.4285],[15.6676,46.4237],[15.6875,46.4086],[15.6774,46.4023],[15.6792,46.4002],[15.6852,46.3967],[15.6852,46.3955],[15.6837,46.3925],[15.6855,46.3873],[15.6824,46.38],[15.678,46.3754],[15.6808,46.3677],[15.6777,46.362],[15.6805,46.3566],[15.6901,46.3487],[15.7089,46.3466],[15.716,46.3441],[15.7214,46.3367],[15.7213,46.3252],[15.7196,46.3113],[15.7149,46.3032],[15.7118,46.2969],[15.6849,46.2741],[15.653,46.2737],[15.6089,46.2838],[15.5879,46.284],[15.577,46.2818],[15.5714,46.2792],[15.5658,46.2737],[15.5525,46.2777]]]}},{"type":"Feature","properties":{"id":"SVN-992","name":"Slovenske Konjice","nameBn":"স্লোভেনস্কে কোঞ্জিচে","type":"Commune|Municipality","bounds":[15.3644,46.2766,15.5579,46.3713],"center":[15.4612,46.3232]},"geometry":{"type":"Polygon","coordinates":[[[15.3765,46.3113],[15.3698,46.3155],[15.3678,46.3176],[15.3657,46.3215],[15.3644,46.3242],[15.3688,46.334],[15.3821,46.3517],[15.3881,46.3563],[15.3937,46.3585],[15.4015,46.357],[15.4077,46.3549],[15.4122,46.3548],[15.4252,46.3713],[15.4538,46.36],[15.4616,46.3582],[15.503,46.3595],[15.5246,46.3506],[15.5323,46.35],[15.541,46.3447],[15.5478,46.3339],[15.5551,46.3086],[15.5579,46.2935],[15.5525,46.2777],[15.53,46.2766],[15.512,46.2829],[15.5061,46.2808],[15.5,46.2801],[15.3962,46.3019],[15.3765,46.3113]]]}},{"type":"Feature","properties":{"id":"SVN-248","name":"Sodražica","nameBn":"সোদ্রাজিকা পৌরসভা","type":"Commune|Municipality","bounds":[14.5533,45.7075,14.6781,45.7934],"center":[14.6157,45.7548]},"geometry":{"type":"Polygon","coordinates":[[[14.5642,45.7901],[14.587,45.7934],[14.5996,45.7856],[14.6092,45.7819],[14.614,45.7808],[14.6235,45.7795],[14.6438,45.7745],[14.663,45.772],[14.6686,45.7703],[14.6752,45.7676],[14.6781,45.7595],[14.6775,45.7506],[14.6638,45.7232],[14.6576,45.7146],[14.6463,45.7075],[14.6346,45.7204],[14.6297,45.7246],[14.6196,45.7289],[14.5989,45.7295],[14.5761,45.7353],[14.5698,45.7521],[14.5696,45.7595],[14.5661,45.7668],[14.5533,45.7813],[14.5642,45.7901]]]}},{"type":"Feature","properties":{"id":"SVN-251","name":"Solcava","nameBn":"সলকাভা","type":"Commune|Municipality","bounds":[14.5621,46.3614,14.7546,46.4605],"center":[14.6582,46.4114]},"geometry":{"type":"Polygon","coordinates":[[[14.6666,46.4605],[14.6725,46.4598],[14.6758,46.4543],[14.7221,46.448],[14.7337,46.4424],[14.7546,46.4215],[14.7402,46.4071],[14.7399,46.3986],[14.7419,46.3957],[14.743,46.3929],[14.7375,46.389],[14.7265,46.3834],[14.6694,46.3646],[14.6399,46.3664],[14.6098,46.362],[14.5957,46.3614],[14.5687,46.3688],[14.563,46.3897],[14.5621,46.3917],[14.567,46.4004],[14.5754,46.4197],[14.5901,46.4344],[14.5999,46.4372],[14.6216,46.4385],[14.6317,46.4406],[14.642,46.4452],[14.6621,46.4597],[14.6666,46.4605]]]}},{"type":"Feature","properties":{"id":"SVN-996","name":"Starše","nameBn":"স্টাস পৌরসভা","type":"Statistical Region","bounds":[15.717,46.4283,15.8186,46.5032],"center":[15.7678,46.4544]},"geometry":{"type":"Polygon","coordinates":[[[15.7331,46.5032],[15.7378,46.4937],[15.7394,46.4918],[15.7424,46.49],[15.7505,46.4879],[15.7565,46.4857],[15.7815,46.4677],[15.7961,46.4692],[15.8015,46.468],[15.8048,46.4668],[15.8186,46.4548],[15.8056,46.4491],[15.8037,46.4449],[15.8059,46.4376],[15.8005,46.4316],[15.7823,46.4348],[15.7699,46.431],[15.7522,46.4324],[15.7345,46.4283],[15.7219,46.4434],[15.7233,46.4463],[15.7233,46.4497],[15.717,46.46],[15.7328,46.4744],[15.7298,46.4802],[15.7277,46.4862],[15.7233,46.4917],[15.7246,46.4947],[15.7331,46.5032]]]}},{"type":"Feature","properties":{"id":"SVN-200","name":"Sveta Ana","nameBn":"সভেতা আনা পৌরসভা","type":"Commune|Municipality","bounds":[15.7925,46.6073,15.8886,46.6998],"center":[15.8405,46.6459]},"geometry":{"type":"Polygon","coordinates":[[[15.8002,46.6469],[15.7944,46.6547],[15.7925,46.6609],[15.7928,46.6657],[15.7991,46.6705],[15.8,46.6763],[15.8039,46.6825],[15.8043,46.6998],[15.8183,46.6962],[15.8273,46.6864],[15.8588,46.6716],[15.8768,46.6684],[15.8886,46.6628],[15.8881,46.6459],[15.8748,46.6364],[15.8658,46.6233],[15.8628,46.611],[15.8568,46.6073],[15.8518,46.6075],[15.8448,46.6092],[15.8346,46.6149],[15.8293,46.619],[15.8291,46.6238],[15.8285,46.6275],[15.8253,46.6364],[15.8234,46.6402],[15.8183,46.6454],[15.8002,46.6469]]]}},{"type":"Feature","properties":{"id":"SVN-268","name":"Sveti Andraž v Slovenskih Goricah","nameBn":"ভেতি আন্দ্রেজ ভ স্লোভেনস্কি গোরিকাহ পৌরসভা","type":"Commune|Municipality","bounds":[15.9241,46.4872,16.0074,46.5467],"center":[15.9658,46.5244]},"geometry":{"type":"Polygon","coordinates":[[[15.9241,46.5344],[15.9285,46.5419],[15.9452,46.5359],[15.9475,46.5334],[15.9542,46.533],[15.9592,46.5334],[15.9867,46.5467],[16.0074,46.5244],[15.9832,46.5193],[15.9715,46.5139],[15.9622,46.5109],[15.9547,46.5061],[15.9495,46.5016],[15.9472,46.4872],[15.9286,46.5041],[15.9342,46.5189],[15.9337,46.5227],[15.9323,46.5273],[15.9303,46.5298],[15.9241,46.5344]]]}},{"type":"Feature","properties":{"id":"SVN-1048","name":"Sveti Jurij","nameBn":"ভেতি জুরিজ অব স্ক্যাবনিকি পৌরসভা","type":"Commune|Municipality","bounds":[15.9685,46.5113,16.0903,46.6063],"center":[16.0294,46.5629]},"geometry":{"type":"Polygon","coordinates":[[[15.9783,46.586],[16.0136,46.5937],[16.0273,46.5896],[16.031,46.5927],[16.0369,46.5965],[16.0489,46.6063],[16.0558,46.6058],[16.061,46.602],[16.0661,46.5908],[16.0696,46.5873],[16.0723,46.5881],[16.0793,46.5932],[16.0903,46.5696],[16.0892,46.5641],[16.0778,46.5419],[16.0456,46.5453],[16.041,46.5424],[16.0343,46.5391],[16.0283,46.5333],[16.0269,46.5309],[16.0283,46.5284],[16.0267,46.5248],[16.0265,46.5216],[16.0203,46.5113],[16.0074,46.5244],[15.9867,46.5467],[15.9685,46.5662],[15.9783,46.586]]]}},{"type":"Feature","properties":{"id":"SVN-240","name":"Tabor","nameBn":"তাবোর","type":"Commune|Municipality","bounds":[14.9707,46.1912,15.0525,46.258],"center":[15.0116,46.2258]},"geometry":{"type":"Polygon","coordinates":[[[14.9707,46.1978],[14.9725,46.2116],[14.9749,46.2184],[15.01,46.258],[15.0305,46.2533],[15.0424,46.2421],[15.0455,46.2377],[15.0511,46.2261],[15.0525,46.2113],[15.0516,46.2076],[15.0451,46.1933],[15.0184,46.1912],[14.9999,46.199],[14.9707,46.1978]]]}},{"type":"Feature","properties":{"id":"SVN-1018","name":"Tolmin","nameBn":"টোল্মিন পৌরসভা","type":"Commune|Municipality","bounds":[13.622,46.007,14.0051,46.2861],"center":[13.8136,46.1456]},"geometry":{"type":"Polygon","coordinates":[[[13.6411,46.1714],[13.6374,46.1804],[13.6274,46.1817],[13.6275,46.1819],[13.6369,46.1911],[13.6228,46.2005],[13.6228,46.2044],[13.622,46.2103],[13.624,46.2189],[13.6293,46.2242],[13.6342,46.2276],[13.6397,46.2259],[13.6437,46.2256],[13.6482,46.2269],[13.6595,46.2323],[13.6673,46.2336],[13.6853,46.234],[13.6924,46.2387],[13.6952,46.2505],[13.702,46.2688],[13.709,46.2774],[13.7188,46.2844],[13.7266,46.2859],[13.7367,46.2861],[13.7708,46.262],[13.8209,46.2418],[13.8657,46.2317],[13.8806,46.2301],[13.8949,46.23],[13.997,46.2394],[13.997,46.2393],[14.0051,46.2266],[14.005,46.2199],[13.9893,46.1946],[13.9579,46.1784],[13.9236,46.1707],[13.9066,46.1635],[13.8935,46.1542],[13.8898,46.1479],[13.8862,46.14],[13.8861,46.1345],[13.8903,46.1248],[13.8996,46.1131],[13.9016,46.1052],[13.9015,46.0974],[13.9038,46.0886],[13.9064,46.0829],[13.9078,46.0764],[13.9069,46.0732],[13.8949,46.0677],[13.8877,46.0688],[13.8861,46.0666],[13.8822,46.0633],[13.8769,46.0628],[13.8675,46.0648],[13.8636,46.0632],[13.8609,46.0587],[13.862,46.0554],[13.8648,46.0524],[13.871,46.0499],[13.8737,46.0468],[13.8746,46.043],[13.8726,46.0412],[13.8682,46.0408],[13.8671,46.0372],[13.8678,46.0318],[13.8678,46.0258],[13.8659,46.007],[13.8383,46.0192],[13.8308,46.0252],[13.8204,46.036],[13.8113,46.05],[13.8079,46.0623],[13.8071,46.0743],[13.808,46.0814],[13.8,46.1036],[13.7928,46.1086],[13.7807,46.109],[13.7689,46.1016],[13.7085,46.128],[13.7042,46.1333],[13.6969,46.1363],[13.6868,46.146],[13.685,46.1535],[13.6665,46.1752],[13.6411,46.1714]]]}},{"type":"Feature","properties":{"id":"SVN-952","name":"Trbovlje","nameBn":"ট্রাইফেল","type":"Statistical Region","bounds":[14.9859,46.0535,15.1133,46.199],"center":[15.041,46.078]},"geometry":{"type":"Polygon","coordinates":[[[15.1063,46.0935],[15.102,46.0813],[15.0975,46.0795],[15.0877,46.0776],[15.089,46.0679],[15.0715,46.0647],[15.0268,46.0544],[15.0168,46.0535],[15.0024,46.0564],[15.0016,46.0616],[14.9968,46.0681],[14.9952,46.0754],[14.9934,46.0813],[14.9931,46.0853],[14.9977,46.0883],[15.0019,46.0933],[15.0047,46.0989],[14.9999,46.1191],[15.0117,46.1167],[15.0131,46.1166],[15.0147,46.1167],[15.022,46.1193],[15.0244,46.1206],[15.0286,46.1235],[15.0313,46.1259],[15.0311,46.1313],[15.0271,46.1402],[15.0134,46.1559],[14.9991,46.1681],[14.9952,46.1687],[14.9912,46.1679],[14.9878,46.1665],[14.9859,46.1668],[14.9864,46.1688],[14.9928,46.1733],[15.0044,46.1772],[15.0083,46.1792],[15.0128,46.1822],[14.9999,46.199],[15.0184,46.1912],[15.0451,46.1933],[15.0777,46.1844],[15.111,46.1873],[15.1133,46.1834],[15.102,46.1739],[15.084,46.1656],[15.0705,46.1497],[15.0657,46.1416],[15.0651,46.1365],[15.0684,46.1292],[15.0713,46.1268],[15.0775,46.1192],[15.0809,46.1159],[15.0881,46.1137],[15.0974,46.1074],[15.0991,46.1033],[15.1063,46.0935]]]}},{"type":"Feature","properties":{"id":"SVN-999","name":"Trebnje","nameBn":"ত্রেবনিজ পৌরসভা","type":"Commune|Municipality","bounds":[14.8688,45.838,15.2386,46.0069],"center":[15.0537,45.9382]},"geometry":{"type":"Polygon","coordinates":[[[15.1448,45.8733],[15.1279,45.8783],[15.1231,45.8816],[15.117,45.8844],[15.1119,45.8884],[15.1054,45.8918],[15.102,45.8948],[15.0975,45.8947],[15.0939,45.893],[15.0887,45.8863],[15.0829,45.8819],[15.0746,45.8801],[15.0707,45.8798],[15.0604,45.878],[15.0505,45.8726],[15.0434,45.8669],[15.0378,45.861],[15.0373,45.8409],[15.0257,45.838],[15.0196,45.8397],[15.0154,45.8449],[14.9999,45.8491],[14.979,45.8422],[14.967,45.8438],[14.959,45.8481],[14.9548,45.8534],[14.9529,45.8591],[14.9487,45.8637],[14.9386,45.8686],[14.9295,45.8706],[14.8772,45.8696],[14.8714,45.8775],[14.8688,45.8874],[14.8741,45.8987],[14.8787,45.925],[14.882,45.9326],[14.8888,45.9413],[14.9088,45.9492],[14.9273,45.963],[14.9395,45.9662],[14.9545,45.9751],[14.9683,45.9746],[14.9822,45.9725],[14.9999,45.9644],[15.0241,45.9702],[15.0322,45.9775],[15.0367,45.9857],[15.0379,45.9939],[15.0406,46.0006],[15.0548,46.0022],[15.0792,46.0013],[15.0893,46.0063],[15.0972,46.0069],[15.1003,46.0064],[15.1023,46.005],[15.1161,46.0042],[15.1331,45.9965],[15.1372,45.9913],[15.1434,45.9892],[15.1515,45.9911],[15.1569,45.9939],[15.1617,45.9954],[15.1662,45.9959],[15.1689,45.9941],[15.1676,45.9886],[15.1631,45.9846],[15.1599,45.9804],[15.159,45.9742],[15.1661,45.9643],[15.1807,45.9514],[15.2037,45.9374],[15.2386,45.9244],[15.2274,45.9091],[15.2269,45.9048],[15.2283,45.9005],[15.2288,45.8958],[15.2178,45.8796],[15.2099,45.8738],[15.1965,45.8699],[15.1847,45.8675],[15.1448,45.8733]]]}},{"type":"Feature","properties":{"id":"SVN-230","name":"Trnovska vas","nameBn":"টর্নোভস্কা ভাস পৌরসভা","type":"Commune|Municipality","bounds":[15.8545,46.4998,15.9342,46.5464],"center":[15.8943,46.523]},"geometry":{"type":"Polygon","coordinates":[[[15.8921,46.5464],[15.9241,46.5344],[15.9303,46.5298],[15.9323,46.5273],[15.9337,46.5227],[15.9342,46.5189],[15.9286,46.5041],[15.888,46.4998],[15.8673,46.5001],[15.8545,46.5063],[15.8569,46.5158],[15.86,46.5199],[15.8619,46.5256],[15.865,46.5295],[15.8676,46.5337],[15.8729,46.5379],[15.8842,46.5422],[15.8921,46.5464]]]}},{"type":"Feature","properties":{"id":"SVN-236","name":"Trzin","nameBn":"ত্রিন","type":"Commune|Municipality","bounds":[14.5206,46.1078,14.5898,46.1477],"center":[14.5552,46.1259]},"geometry":{"type":"Polygon","coordinates":[[[14.5206,46.1324],[14.5898,46.1477],[14.5758,46.1344],[14.571,46.1245],[14.5693,46.1078],[14.5397,46.1162],[14.5206,46.1324]]]}},{"type":"Feature","properties":{"id":"SVN-1019","name":"Tržič","nameBn":"ট্রজিক পৌরসভা","type":"Commune|Municipality","bounds":[14.2382,46.319,14.4371,46.441],"center":[14.3377,46.3883]},"geometry":{"type":"Polygon","coordinates":[[[14.2423,46.4382],[14.3622,46.4359],[14.3958,46.441],[14.4065,46.4393],[14.4112,46.4346],[14.4144,46.429],[14.42,46.4244],[14.4371,46.4189],[14.4343,46.4161],[14.4227,46.3965],[14.4188,46.387],[14.4082,46.373],[14.4086,46.3641],[14.4055,46.3516],[14.3595,46.3508],[14.3505,46.3484],[14.3381,46.3402],[14.3303,46.3368],[14.3263,46.3214],[14.3007,46.319],[14.2951,46.3197],[14.2892,46.3224],[14.2672,46.3261],[14.2602,46.3304],[14.2563,46.3375],[14.2583,46.3422],[14.2531,46.3444],[14.2504,46.3475],[14.2486,46.3533],[14.2552,46.3902],[14.2529,46.4135],[14.2382,46.4253],[14.2421,46.4371],[14.2422,46.4375],[14.2423,46.4382]]]}},{"type":"Feature","properties":{"id":"SVN-1049","name":"Turnišče","nameBn":"টার্নি","type":"Commune|Municipality","bounds":[16.2832,46.5838,16.3785,46.6479],"center":[16.3308,46.6089]},"geometry":{"type":"Polygon","coordinates":[[[16.3479,46.6153],[16.3785,46.5998],[16.3639,46.5974],[16.3491,46.6006],[16.3404,46.5994],[16.3356,46.5972],[16.3352,46.594],[16.3285,46.5838],[16.3005,46.5973],[16.2982,46.6179],[16.2832,46.6277],[16.2864,46.6362],[16.2863,46.6412],[16.2979,46.6479],[16.3144,46.6451],[16.3479,46.6153]]]}},{"type":"Feature","properties":{"id":"SVN-1001","name":"Velenje","nameBn":"ভেলেনজে","type":"Commune|Municipality","bounds":[15.0666,46.317,15.2063,46.4342],"center":[15.1364,46.3749]},"geometry":{"type":"Polygon","coordinates":[[[15.0922,46.4342],[15.0986,46.4338],[15.1119,46.4308],[15.1236,46.422],[15.1551,46.4128],[15.1617,46.4125],[15.17,46.4109],[15.1755,46.4091],[15.1762,46.4024],[15.1755,46.3981],[15.1758,46.394],[15.1903,46.3884],[15.2012,46.3605],[15.2047,46.3539],[15.2063,46.3457],[15.2063,46.342],[15.1965,46.3277],[15.1816,46.3252],[15.1585,46.3361],[15.1461,46.3358],[15.138,46.3328],[15.1312,46.3277],[15.1228,46.317],[15.1104,46.323],[15.1025,46.3326],[15.0873,46.3399],[15.0814,46.3464],[15.0666,46.3517],[15.0698,46.3718],[15.0823,46.3862],[15.0877,46.3999],[15.0893,46.4265],[15.0922,46.4342]]]}},{"type":"Feature","properties":{"id":"SVN-270","name":"Velika Polana","nameBn":"কোমেন্ডা পৌরসভা","type":"Commune|Municipality","bounds":[16.3285,46.5565,16.3975,46.6006],"center":[16.363,46.5796]},"geometry":{"type":"Polygon","coordinates":[[[16.3785,46.5998],[16.3975,46.5782],[16.3896,46.5748],[16.3831,46.57],[16.3675,46.5629],[16.3507,46.5576],[16.3443,46.5567],[16.3345,46.5565],[16.3379,46.5638],[16.3345,46.5776],[16.3285,46.5838],[16.3352,46.594],[16.3356,46.5972],[16.3404,46.5994],[16.3491,46.6006],[16.3639,46.5974],[16.3785,46.5998]]]}},{"type":"Feature","properties":{"id":"SVN-1000","name":"Velike Lašče","nameBn":"ভেলিকা লাসে পৌরসভা","type":"Commune|Municipality","bounds":[14.4902,45.7901,14.6877,45.9089],"center":[14.5889,45.8446]},"geometry":{"type":"Polygon","coordinates":[[[14.5051,45.8408],[14.4971,45.8518],[14.4962,45.8622],[14.4982,45.8704],[14.4902,45.8809],[14.5079,45.8845],[14.5307,45.8787],[14.5426,45.8726],[14.5497,45.8704],[14.5549,45.8678],[14.5617,45.8673],[14.5701,45.8676],[14.5813,45.8745],[14.5865,45.8823],[14.5853,45.8963],[14.5916,45.895],[14.5938,45.897],[14.5946,45.9016],[14.6009,45.9089],[14.6216,45.8946],[14.626,45.8862],[14.6402,45.8748],[14.6402,45.8628],[14.6391,45.8587],[14.637,45.8539],[14.6388,45.8493],[14.6452,45.8486],[14.6517,45.8464],[14.6692,45.8373],[14.6877,45.818],[14.6705,45.8142],[14.6545,45.8052],[14.6278,45.7983],[14.587,45.7934],[14.5642,45.7901],[14.5296,45.8129],[14.5051,45.8408]]]}},{"type":"Feature","properties":{"id":"SVN-267","name":"Veržej","nameBn":"ভার্জেস পৌরসভা","type":"Commune|Municipality","bounds":[16.1364,46.5601,16.2168,46.6059],"center":[16.1766,46.5804]},"geometry":{"type":"Polygon","coordinates":[[[16.1608,46.6059],[16.2034,46.5919],[16.2168,46.5841],[16.2042,46.568],[16.2017,46.5665],[16.1948,46.5667],[16.1904,46.5664],[16.1767,46.5601],[16.1584,46.5685],[16.1555,46.5782],[16.1442,46.585],[16.1381,46.5931],[16.1375,46.595],[16.1364,46.6031],[16.1501,46.6012],[16.1608,46.6059]]]}},{"type":"Feature","properties":{"id":"SVN-222","name":"Videm","nameBn":"ভিডেম","type":"Commune|Municipality","bounds":[15.8011,46.2728,15.9937,46.3969],"center":[15.8973,46.3704]},"geometry":{"type":"Polygon","coordinates":[[[15.9937,46.2906],[15.982,46.2883],[15.9487,46.2842],[15.9189,46.2728],[15.9187,46.2732],[15.9184,46.2742],[15.9164,46.283],[15.9167,46.2847],[15.9173,46.2868],[15.9185,46.2884],[15.9178,46.291],[15.9178,46.2938],[15.9184,46.2965],[15.9187,46.2993],[15.9181,46.3023],[15.9144,46.3086],[15.9119,46.3118],[15.9102,46.3155],[15.9094,46.3193],[15.9102,46.3227],[15.9123,46.3253],[15.9136,46.3277],[15.9134,46.3322],[15.9128,46.3348],[15.9105,46.3381],[15.9062,46.3409],[15.9005,46.3434],[15.8839,46.3484],[15.8799,46.3504],[15.8689,46.3515],[15.8649,46.3516],[15.8596,46.3502],[15.854,46.3495],[15.8465,46.3475],[15.8422,46.3469],[15.8374,46.3452],[15.8318,46.3394],[15.8284,46.3337],[15.829,46.3274],[15.8251,46.3085],[15.8011,46.3206],[15.8133,46.3389],[15.8116,46.3424],[15.8088,46.3449],[15.8025,46.3549],[15.8188,46.3591],[15.8212,46.3661],[15.8246,46.3716],[15.8315,46.3948],[15.8502,46.3819],[15.8695,46.384],[15.8963,46.3969],[15.9041,46.3936],[15.9285,46.3869],[15.9351,46.3834],[15.9364,46.3807],[15.9426,46.3696],[15.9513,46.3659],[15.9693,46.3619],[15.9673,46.3492],[15.971,46.3465],[15.9733,46.3423],[15.9761,46.3355],[15.9752,46.3277],[15.9891,46.2953],[15.9934,46.2909],[15.9937,46.2906]]]}},{"type":"Feature","properties":{"id":"SVN-1035","name":"Vipava","nameBn":"ভিপাভা পৌরসভা","type":"Commune|Municipality","bounds":[13.8859,45.761,14.0587,45.8777],"center":[13.9723,45.8271]},"geometry":{"type":"Polygon","coordinates":[[[14.046,45.8369],[14.0587,45.8086],[14.0521,45.7969],[14.0488,45.7781],[14.0436,45.7729],[14.0372,45.761],[14.0158,45.7705],[14.0123,45.7711],[14.0053,45.7714],[14.0028,45.7699],[13.9899,45.765],[13.9835,45.7729],[13.9314,45.7932],[13.9025,45.8102],[13.8859,45.8287],[13.8918,45.8407],[13.9075,45.8494],[13.9219,45.8557],[13.9325,45.8635],[13.9565,45.8737],[13.9734,45.8772],[13.9868,45.8777],[13.9973,45.8759],[14.0051,45.873],[14.0147,45.8652],[14.0181,45.8553],[14.0217,45.8481],[14.046,45.8369]]]}},{"type":"Feature","properties":{"id":"SVN-1002","name":"Vitanje","nameBn":"ভিটান","type":"Commune|Municipality","bounds":[15.2325,46.365,15.3584,46.4512],"center":[15.2954,46.4073]},"geometry":{"type":"Polygon","coordinates":[[[15.3312,46.3652],[15.2677,46.365],[15.2325,46.3925],[15.2539,46.4141],[15.2671,46.4373],[15.2735,46.4433],[15.2811,46.4467],[15.298,46.4499],[15.3248,46.4512],[15.3341,46.4469],[15.3369,46.4459],[15.3368,46.4437],[15.3315,46.4417],[15.3268,46.4391],[15.3247,46.4352],[15.3253,46.4292],[15.3402,46.4114],[15.3488,46.4062],[15.3556,46.4029],[15.3584,46.3976],[15.3567,46.3883],[15.354,46.3831],[15.3312,46.3652]]]}},{"type":"Feature","properties":{"id":"SVN-1003","name":"Vodice","nameBn":"ভোডিস","type":"Commune|Municipality","bounds":[14.4587,46.1388,14.5378,46.2061],"center":[14.4982,46.1726]},"geometry":{"type":"Polygon","coordinates":[[[14.4692,46.1435],[14.4587,46.1933],[14.4669,46.1981],[14.4674,46.1989],[14.4629,46.2061],[14.5007,46.2029],[14.5246,46.1771],[14.5378,46.1742],[14.537,46.1613],[14.5279,46.1569],[14.5238,46.1503],[14.5139,46.1456],[14.4872,46.1396],[14.4764,46.1388],[14.4692,46.1435]]]}},{"type":"Feature","properties":{"id":"SVN-223","name":"Vojnik","nameBn":"ভোজনিক পৌরসভা","type":"Commune|Municipality","bounds":[15.2401,46.2605,15.3799,46.3652],"center":[15.31,46.3188]},"geometry":{"type":"Polygon","coordinates":[[[15.2677,46.365],[15.3312,46.3652],[15.3369,46.3585],[15.3388,46.3494],[15.3498,46.3414],[15.3688,46.334],[15.3644,46.3242],[15.3657,46.3215],[15.3678,46.3176],[15.3698,46.3155],[15.3765,46.3113],[15.3736,46.3004],[15.3764,46.2987],[15.3799,46.2946],[15.3781,46.2896],[15.3742,46.2869],[15.3695,46.2824],[15.3638,46.2801],[15.3585,46.2605],[15.3258,46.2722],[15.3211,46.2734],[15.3146,46.2738],[15.311,46.2725],[15.3059,46.2721],[15.3016,46.2739],[15.2918,46.2802],[15.2873,46.2891],[15.2701,46.3073],[15.2401,46.3205],[15.2592,46.3356],[15.2606,46.3384],[15.2615,46.3426],[15.2609,46.3462],[15.2612,46.3525],[15.2632,46.3557],[15.2677,46.3587],[15.2694,46.3603],[15.2677,46.365]]]}},{"type":"Feature","properties":{"id":"SVN-241","name":"Vransko","nameBn":"ভ্রানস্কো","type":"Commune|Municipality","bounds":[14.8849,46.1919,15.01,46.2838],"center":[14.9474,46.2348]},"geometry":{"type":"Polygon","coordinates":[[[14.9101,46.2105],[14.9301,46.2188],[14.8849,46.2405],[14.8975,46.2542],[14.8975,46.2588],[14.9003,46.2633],[14.9078,46.2648],[14.9183,46.2653],[14.9257,46.269],[14.9457,46.2747],[14.9504,46.278],[14.9504,46.2819],[14.9549,46.2836],[14.9571,46.2833],[14.9703,46.2838],[15.01,46.258],[14.9749,46.2184],[14.9725,46.2116],[14.9707,46.1978],[14.9374,46.1919],[14.9301,46.1937],[14.9153,46.2014],[14.9101,46.2105]]]}},{"type":"Feature","properties":{"id":"SVN-1004","name":"Vrhnika","nameBn":"ভ্রহ্নিকা পৌরসভা","type":"Commune|Municipality","bounds":[14.1904,45.8675,14.3991,46.0322],"center":[14.2947,45.9491]},"geometry":{"type":"Polygon","coordinates":[[[14.2441,46.0202],[14.2464,46.0131],[14.239,46.0089],[14.2405,46.0055],[14.2455,46.0015],[14.2673,45.9945],[14.2738,45.9939],[14.2768,45.9956],[14.2762,45.9987],[14.2776,46.0019],[14.283,46.0039],[14.3086,46.0071],[14.3156,46.0092],[14.342,46.014],[14.3595,46.0207],[14.3666,46.0275],[14.3853,46.0322],[14.3968,46.0241],[14.3991,46.0194],[14.3986,46.0158],[14.3974,46.0109],[14.3859,46.0079],[14.3787,46.0025],[14.3722,45.9939],[14.3753,45.9804],[14.3656,45.9655],[14.3442,45.9611],[14.3417,45.9579],[14.3378,45.9548],[14.3337,45.9433],[14.3344,45.9344],[14.3375,45.9255],[14.3575,45.8892],[14.3639,45.8823],[14.3763,45.8715],[14.3648,45.8675],[14.3257,45.8873],[14.3094,45.8912],[14.2992,45.8857],[14.2857,45.9074],[14.2604,45.9292],[14.239,45.9444],[14.23,45.9487],[14.2236,45.9507],[14.2188,45.9507],[14.2143,45.9525],[14.211,45.9572],[14.2127,45.9621],[14.217,45.9679],[14.2155,45.9754],[14.2198,45.9892],[14.2286,45.9931],[14.2298,45.995],[14.2059,46.0062],[14.1963,46.0081],[14.1904,46.0247],[14.2441,46.0202]]]}},{"type":"Feature","properties":{"id":"SVN-1005","name":"Vuzenica","nameBn":"ভুজেনিকা পৌরসভা","type":"Commune|Municipality","bounds":[15.1034,46.5172,15.2116,46.6195],"center":[15.1575,46.5669]},"geometry":{"type":"Polygon","coordinates":[[[15.1835,46.6195],[15.1919,46.6126],[15.195,46.6107],[15.1973,46.6097],[15.2032,46.6082],[15.2092,46.6048],[15.2116,46.6017],[15.2116,46.5975],[15.2099,46.5919],[15.2016,46.582],[15.1959,46.5795],[15.1895,46.5783],[15.186,46.5784],[15.1838,46.5773],[15.1868,46.5731],[15.1874,46.5688],[15.1837,46.5608],[15.1782,46.5541],[15.1761,46.5475],[15.1755,46.5426],[15.1806,46.534],[15.1993,46.5292],[15.1888,46.5172],[15.1433,46.5336],[15.138,46.5414],[15.1272,46.5519],[15.1132,46.5599],[15.1034,46.57],[15.106,46.5792],[15.1039,46.5868],[15.1087,46.5949],[15.1119,46.5987],[15.1258,46.6012],[15.1402,46.5998],[15.1545,46.6036],[15.1835,46.6195]]]}},{"type":"Feature","properties":{"id":"SVN-1006","name":"Zasavska","nameBn":"জাসভস্কা","type":"Statistical Region","bounds":[14.8168,46.0929,15.0313,46.2105],"center":[14.924,46.1454]},"geometry":{"type":"Polygon","coordinates":[[[14.9113,46.0929],[14.9081,46.0936],[14.9034,46.0957],[14.8924,46.1089],[14.8917,46.1136],[14.8931,46.117],[14.8941,46.1215],[14.8939,46.1247],[14.8905,46.1278],[14.8818,46.1292],[14.8393,46.1296],[14.8348,46.137],[14.8396,46.1414],[14.8394,46.1452],[14.8406,46.149],[14.8284,46.1603],[14.825,46.166],[14.8182,46.1688],[14.8168,46.1705],[14.8199,46.1719],[14.8857,46.1773],[14.8927,46.1792],[14.9017,46.191],[14.8989,46.2087],[14.9101,46.2105],[14.9153,46.2014],[14.9301,46.1937],[14.9374,46.1919],[14.9707,46.1978],[14.9999,46.199],[15.0128,46.1822],[15.0083,46.1792],[15.0044,46.1772],[14.9928,46.1733],[14.9864,46.1688],[14.9859,46.1668],[14.9878,46.1665],[14.9912,46.1679],[14.9952,46.1687],[14.9991,46.1681],[15.0134,46.1559],[15.0271,46.1402],[15.0311,46.1313],[15.0313,46.1259],[15.0286,46.1235],[15.0244,46.1206],[15.022,46.1193],[15.0147,46.1167],[15.0131,46.1166],[15.0117,46.1167],[14.9999,46.1191],[14.9762,46.1122],[14.9684,46.1087],[14.9591,46.1011],[14.9556,46.0991],[14.9515,46.0974],[14.947,46.0962],[14.9307,46.094],[14.9184,46.0941],[14.9146,46.0936],[14.9113,46.0929]]]}},{"type":"Feature","properties":{"id":"SVN-1050","name":"Zavrc","nameBn":"জাভ্রচ পৌরসভা","type":"Commune|Municipality","bounds":[16.0314,46.3167,16.0887,46.3881],"center":[16.0599,46.3824]},"geometry":{"type":"Polygon","coordinates":[[[16.0887,46.3731],[16.058,46.3775],[16.0574,46.3597],[16.0597,46.3453],[16.0596,46.3323],[16.0524,46.3186],[16.0499,46.3167],[16.0497,46.3173],[16.0427,46.3342],[16.0407,46.3457],[16.0382,46.3513],[16.0345,46.354],[16.0314,46.3583],[16.0315,46.3641],[16.0407,46.3796],[16.0552,46.3881],[16.0757,46.3845],[16.0887,46.3731]]]}},{"type":"Feature","properties":{"id":"SVN-1007","name":"Zrece","nameBn":"জেরিয়ে পৌরসভা","type":"Commune|Municipality","bounds":[15.3157,46.334,15.4252,46.4822],"center":[15.3705,46.3914]},"geometry":{"type":"Polygon","coordinates":[[[15.3312,46.3652],[15.354,46.3831],[15.3567,46.3883],[15.3584,46.3976],[15.3556,46.4029],[15.3488,46.4062],[15.3402,46.4114],[15.3253,46.4292],[15.3247,46.4352],[15.3268,46.4391],[15.3315,46.4417],[15.3368,46.4437],[15.3369,46.4459],[15.3341,46.4469],[15.3248,46.4512],[15.327,46.4585],[15.3245,46.4631],[15.3177,46.4697],[15.3157,46.4822],[15.3351,46.4774],[15.3385,46.4654],[15.3457,46.4595],[15.3525,46.4526],[15.3681,46.4477],[15.3821,46.4408],[15.3984,46.4379],[15.4228,46.4246],[15.4166,46.4175],[15.4147,46.4124],[15.4124,46.4077],[15.4099,46.4055],[15.4099,46.4025],[15.4152,46.3978],[15.419,46.3933],[15.4175,46.3903],[15.4149,46.3877],[15.4099,46.3837],[15.4091,46.3809],[15.4252,46.3713],[15.4122,46.3548],[15.4077,46.3549],[15.4015,46.357],[15.3937,46.3585],[15.3881,46.3563],[15.3821,46.3517],[15.3688,46.334],[15.3498,46.3414],[15.3388,46.3494],[15.3369,46.3585],[15.3312,46.3652]]]}},{"type":"Feature","properties":{"id":"SVN-263","name":"Črenšovci","nameBn":"ক্রেন্সোভকি পৌরসভা","type":"Commune|Municipality","bounds":[16.2475,46.531,16.3403,46.5973],"center":[16.2936,46.5592]},"geometry":{"type":"Polygon","coordinates":[[[16.3403,46.5438],[16.33,46.5355],[16.3107,46.531],[16.2922,46.5347],[16.2816,46.5472],[16.2746,46.5445],[16.2718,46.5427],[16.268,46.5398],[16.2541,46.5474],[16.2475,46.5539],[16.266,46.5691],[16.2795,46.5765],[16.287,46.5782],[16.2998,46.5895],[16.3005,46.5973],[16.3285,46.5838],[16.3345,46.5776],[16.3379,46.5638],[16.3345,46.5565],[16.3286,46.5487],[16.3348,46.5452],[16.3397,46.544],[16.3403,46.5438]]]}},{"type":"Feature","properties":{"id":"SVN-944","name":"Črna na Koroškem","nameBn":"কার্না না করোঁকে পৌরসভা","type":"Commune|Municipality","bounds":[14.6725,46.4215,14.9656,46.5194],"center":[14.819,46.4704]},"geometry":{"type":"Polygon","coordinates":[[[14.7353,46.4933],[14.7609,46.4963],[14.783,46.5033],[14.7886,46.5066],[14.7967,46.5194],[14.8129,46.5172],[14.8314,46.5135],[14.8516,46.5023],[14.8734,46.4973],[14.8862,46.4965],[14.8947,46.4977],[14.8995,46.5044],[14.924,46.5048],[14.9406,46.4924],[14.9434,46.4908],[14.9656,46.4895],[14.9563,46.4599],[14.9559,46.4472],[14.942,46.44],[14.8917,46.4235],[14.8041,46.4251],[14.7757,46.4319],[14.7699,46.4313],[14.7546,46.4215],[14.7337,46.4424],[14.7221,46.448],[14.6758,46.4543],[14.6725,46.4598],[14.68,46.4589],[14.6871,46.4712],[14.6988,46.481],[14.7037,46.4878],[14.7097,46.4925],[14.7264,46.4977],[14.7353,46.4933]]]}},{"type":"Feature","properties":{"id":"SVN-196","name":"Šalovci","nameBn":"স্যালোভচি","type":"Commune|Municipality","bounds":[16.1795,46.7771,16.3111,46.864],"center":[16.2448,46.8451]},"geometry":{"type":"Polygon","coordinates":[[[16.3111,46.7975],[16.3022,46.787],[16.2995,46.7795],[16.2987,46.7792],[16.2963,46.7782],[16.2905,46.7771],[16.2577,46.78],[16.2604,46.7877],[16.2632,46.7914],[16.2664,46.8019],[16.2653,46.8096],[16.2588,46.8179],[16.2445,46.8278],[16.2276,46.8343],[16.1795,46.8585],[16.272,46.864],[16.2822,46.8599],[16.2974,46.847],[16.2974,46.8468],[16.2979,46.8443],[16.3031,46.8356],[16.3031,46.8223],[16.3012,46.8167],[16.2959,46.8102],[16.2968,46.807],[16.2982,46.804],[16.3106,46.7978],[16.3111,46.7975]]]}},{"type":"Feature","properties":{"id":"SVN-261","name":"Šempeter-Vrtojba","nameBn":"সেম্পীটার-ভ্রত্রইবা পৌরসভা","type":"Commune|Municipality","bounds":[13.5993,45.8972,13.6873,45.9459],"center":[13.6431,45.9187]},"geometry":{"type":"Polygon","coordinates":[[[13.5993,45.9123],[13.6082,45.9266],[13.6153,45.9459],[13.633,45.9418],[13.6394,45.9408],[13.6466,45.9381],[13.6558,45.9318],[13.6605,45.93],[13.6654,45.9295],[13.6695,45.9298],[13.6724,45.9294],[13.6744,45.9284],[13.6766,45.9268],[13.6792,45.9259],[13.6827,45.9256],[13.6862,45.9258],[13.6873,45.9222],[13.6864,45.9153],[13.6851,45.913],[13.6825,45.9117],[13.6772,45.9126],[13.6665,45.9101],[13.647,45.8972],[13.6136,45.904],[13.5993,45.9123]]]}},{"type":"Feature","properties":{"id":"SVN-986","name":"Šentilj","nameBn":"সেন্টিলি পৌরসভা","type":"Commune|Municipality","bounds":[15.6217,46.6343,15.8043,46.7176],"center":[15.713,46.6904]},"geometry":{"type":"Polygon","coordinates":[[[15.7287,46.703],[15.7551,46.704],[15.7846,46.7122],[15.7866,46.71],[15.8043,46.6998],[15.8039,46.6825],[15.8,46.6763],[15.7991,46.6705],[15.7928,46.6657],[15.7925,46.6609],[15.7944,46.6547],[15.8002,46.6469],[15.7784,46.6482],[15.7762,46.6453],[15.7733,46.6433],[15.7706,46.6343],[15.7607,46.6441],[15.7562,46.6477],[15.7528,46.652],[15.7489,46.6552],[15.7444,46.6576],[15.7388,46.6621],[15.7381,46.6646],[15.7376,46.6676],[15.7352,46.6704],[15.7306,46.6733],[15.7165,46.6761],[15.7046,46.6755],[15.6987,46.6769],[15.6942,46.6768],[15.6915,46.6764],[15.688,46.6732],[15.6852,46.6658],[15.6785,46.6572],[15.6767,46.6523],[15.6771,46.6499],[15.6778,46.6489],[15.675,46.6477],[15.6724,46.646],[15.6457,46.6428],[15.6224,46.6667],[15.6217,46.6782],[15.627,46.6809],[15.633,46.6896],[15.6329,46.7025],[15.636,46.7176],[15.6521,46.7108],[15.7287,46.703]]]}},{"type":"Feature","properties":{"id":"SVN-987","name":"Šentjernej","nameBn":"সেন্টজারনেজ পৌরসভা","type":"Commune|Municipality","bounds":[15.2713,45.7525,15.4298,45.8837],"center":[15.3503,45.8143]},"geometry":{"type":"Polygon","coordinates":[[[15.4298,45.7757],[15.4291,45.7753],[15.331,45.7525],[15.3309,45.7529],[15.3303,45.7554],[15.3303,45.7555],[15.3205,45.7825],[15.2972,45.8074],[15.2792,45.8204],[15.2739,45.8299],[15.2713,45.8419],[15.2764,45.8505],[15.2809,45.8558],[15.3037,45.8645],[15.3295,45.8747],[15.34,45.8708],[15.3414,45.8685],[15.3439,45.8683],[15.348,45.8699],[15.3557,45.8741],[15.361,45.8837],[15.3881,45.8766],[15.3956,45.8572],[15.3968,45.8355],[15.3996,45.8236],[15.4011,45.8099],[15.424,45.7798],[15.4294,45.776],[15.4298,45.7757]]]}},{"type":"Feature","properties":{"id":"SVN-220","name":"Šentjur pri Celju","nameBn":"সেন্টুর পৌরসভা","type":"Commune|Municipality","bounds":[15.3394,46.0633,15.5455,46.3113],"center":[15.4424,46.1784]},"geometry":{"type":"Polygon","coordinates":[[[15.3633,46.1813],[15.3641,46.2067],[15.3664,46.213],[15.3638,46.2189],[15.3618,46.2224],[15.3394,46.229],[15.3436,46.2418],[15.3515,46.2467],[15.3562,46.2508],[15.3585,46.2605],[15.3638,46.2801],[15.3695,46.2824],[15.3742,46.2869],[15.3781,46.2896],[15.3799,46.2946],[15.3764,46.2987],[15.3736,46.3004],[15.3765,46.3113],[15.3962,46.3019],[15.5,46.2801],[15.5061,46.2808],[15.512,46.2829],[15.53,46.2766],[15.5241,46.2721],[15.521,46.2689],[15.515,46.265],[15.5028,46.2543],[15.4878,46.2473],[15.4763,46.2435],[15.4587,46.2347],[15.4504,46.2285],[15.4479,46.2261],[15.4471,46.2215],[15.45,46.2131],[15.4583,46.1984],[15.4761,46.1791],[15.4785,46.1733],[15.4836,46.1659],[15.4912,46.1608],[15.5051,46.157],[15.5165,46.1594],[15.5264,46.1601],[15.532,46.1614],[15.5455,46.1552],[15.536,46.1304],[15.5179,46.1217],[15.5075,46.1125],[15.4992,46.1093],[15.4918,46.1104],[15.4879,46.112],[15.4816,46.1127],[15.4785,46.1081],[15.4765,46.1022],[15.4865,46.0878],[15.4926,46.0677],[15.4184,46.0633],[15.3684,46.0721],[15.3773,46.0839],[15.3801,46.0892],[15.379,46.0978],[15.3827,46.1082],[15.39,46.1075],[15.3942,46.1081],[15.3984,46.1095],[15.4057,46.1153],[15.4139,46.1201],[15.4158,46.1224],[15.4169,46.1248],[15.4201,46.1257],[15.4231,46.124],[15.4271,46.1203],[15.4316,46.1183],[15.4356,46.1181],[15.4373,46.1196],[15.4384,46.1226],[15.439,46.1258],[15.4403,46.1286],[15.4386,46.1318],[15.435,46.135],[15.4257,46.1389],[15.422,46.1413],[15.4133,46.1491],[15.4118,46.1521],[15.4071,46.1527],[15.4033,46.1522],[15.3709,46.1357],[15.3671,46.1496],[15.3733,46.1581],[15.375,46.1678],[15.3633,46.1813]]]}},{"type":"Feature","properties":{"id":"SVN-985","name":"Šenčur","nameBn":"সেঙ্কুর পৌরসভা","type":"Commune|Municipality","bounds":[14.3831,46.1918,14.4674,46.2916],"center":[14.4252,46.2408]},"geometry":{"type":"Polygon","coordinates":[[[14.4172,46.2889],[14.4672,46.2916],[14.4599,46.2844],[14.4557,46.2818],[14.4526,46.2782],[14.4491,46.2763],[14.4466,46.2725],[14.4439,46.267],[14.4422,46.2552],[14.4431,46.2328],[14.4445,46.2232],[14.4629,46.2061],[14.4674,46.1989],[14.4669,46.1981],[14.4587,46.1933],[14.4065,46.1918],[14.389,46.2171],[14.3868,46.2194],[14.3842,46.2217],[14.3831,46.2245],[14.3845,46.2304],[14.3924,46.2405],[14.4022,46.2667],[14.4149,46.2791],[14.4172,46.2889]]]}},{"type":"Feature","properties":{"id":"SVN-989","name":"Škocjan","nameBn":"স্কোকজান পৌরসভা","type":"Commune|Municipality","bounds":[15.2381,45.8645,15.363,45.9571],"center":[15.3006,45.9221]},"geometry":{"type":"Polygon","coordinates":[[[15.3037,45.8645],[15.3017,45.8749],[15.3061,45.8812],[15.3031,45.8853],[15.2982,45.8905],[15.2885,45.8985],[15.2777,45.9038],[15.2685,45.9069],[15.2386,45.9244],[15.2381,45.9321],[15.2552,45.9385],[15.257,45.9416],[15.2573,45.9439],[15.2597,45.945],[15.266,45.9448],[15.2794,45.9362],[15.284,45.9357],[15.2866,45.9404],[15.2851,45.9455],[15.2854,45.9491],[15.2865,45.9518],[15.2896,45.9538],[15.2957,45.9561],[15.3171,45.9571],[15.3272,45.9559],[15.3346,45.9542],[15.3425,45.9514],[15.3464,45.9445],[15.363,45.9348],[15.3542,45.9164],[15.3533,45.8995],[15.3506,45.8917],[15.361,45.8837],[15.3557,45.8741],[15.348,45.8699],[15.3439,45.8683],[15.3414,45.8685],[15.34,45.8708],[15.3295,45.8747],[15.3037,45.8645]]]}},{"type":"Feature","properties":{"id":"SVN-1017","name":"Škofja Loka","nameBn":"স্কোফিয়া লোকা পৌরসভা","type":"Commune|Municipality","bounds":[14.162,46.0881,14.3938,46.243],"center":[14.2779,46.1576]},"geometry":{"type":"Polygon","coordinates":[[[14.2486,46.243],[14.2754,46.2341],[14.2772,46.2321],[14.2786,46.2297],[14.278,46.2267],[14.2755,46.2247],[14.2721,46.2227],[14.2697,46.2195],[14.2695,46.2144],[14.2759,46.2108],[14.338,46.1929],[14.3496,46.1925],[14.3654,46.1956],[14.3671,46.1945],[14.3649,46.1917],[14.3631,46.1879],[14.3642,46.1832],[14.368,46.1823],[14.3718,46.183],[14.3798,46.1815],[14.3851,46.1764],[14.3938,46.1603],[14.3842,46.1582],[14.3823,46.1554],[14.3775,46.1502],[14.3691,46.1472],[14.3573,46.1453],[14.3378,46.1346],[14.3309,46.1269],[14.3278,46.1186],[14.3306,46.1134],[14.325,46.0983],[14.2673,46.1065],[14.232,46.0999],[14.2112,46.0881],[14.2081,46.0971],[14.2008,46.1025],[14.1998,46.1111],[14.2,46.12],[14.2031,46.1255],[14.207,46.1301],[14.2063,46.1347],[14.2048,46.138],[14.2005,46.141],[14.2011,46.1442],[14.2036,46.149],[14.2084,46.1552],[14.2146,46.1591],[14.2228,46.1708],[14.2191,46.1752],[14.213,46.1792],[14.2043,46.1809],[14.1859,46.1801],[14.1735,46.1783],[14.162,46.1794],[14.1698,46.1887],[14.1908,46.1937],[14.1988,46.1989],[14.216,46.2048],[14.2215,46.2054],[14.2255,46.2068],[14.2304,46.2107],[14.2352,46.2282],[14.2428,46.2337],[14.2486,46.243]]]}},{"type":"Feature","properties":{"id":"SVN-990","name":"Škofljica","nameBn":"স্কোফ্লিকা পৌরসভা","type":"Commune|Municipality","bounds":[14.5333,45.895,14.6162,46.0188],"center":[14.5747,45.9583]},"geometry":{"type":"Polygon","coordinates":[[[14.6009,45.9089],[14.5946,45.9016],[14.5938,45.897],[14.5916,45.895],[14.5853,45.8963],[14.5667,45.902],[14.5645,45.9047],[14.565,45.9104],[14.5637,45.915],[14.5605,45.9186],[14.5569,45.9211],[14.5615,45.9437],[14.56,45.9551],[14.5541,45.9724],[14.5333,45.9902],[14.5361,46.0037],[14.5355,46.0131],[14.5418,46.0163],[14.563,46.0188],[14.587,46.0154],[14.6162,45.9967],[14.6065,45.9916],[14.6039,45.9917],[14.6003,45.9894],[14.5974,45.9879],[14.5943,45.9847],[14.591,45.9801],[14.5947,45.9688],[14.5954,45.9603],[14.5916,45.9287],[14.6009,45.9089]]]}},{"type":"Feature","properties":{"id":"SVN-993","name":"Šmarje pri Jelšah","nameBn":"মারজে প্রি জলশা পৌরসভা","type":"Commune|Municipality","bounds":[15.4471,46.1552,15.6133,46.2777],"center":[15.5302,46.2188]},"geometry":{"type":"Polygon","coordinates":[[[15.5051,46.157],[15.4912,46.1608],[15.4836,46.1659],[15.4785,46.1733],[15.4761,46.1791],[15.4583,46.1984],[15.45,46.2131],[15.4471,46.2215],[15.4479,46.2261],[15.4504,46.2285],[15.4587,46.2347],[15.4763,46.2435],[15.4878,46.2473],[15.5028,46.2543],[15.515,46.265],[15.521,46.2689],[15.5241,46.2721],[15.53,46.2766],[15.5525,46.2777],[15.5658,46.2737],[15.5859,46.236],[15.5969,46.2254],[15.604,46.2226],[15.6071,46.22],[15.6133,46.2043],[15.5787,46.1792],[15.5675,46.1647],[15.5455,46.1552],[15.532,46.1614],[15.5264,46.1601],[15.5165,46.1594],[15.5051,46.157]]]}},{"type":"Feature","properties":{"id":"SVN-5885","name":"Šmartno in Litiji","nameBn":"স্মার্ত প্রি লিতি","type":"Commune|Municipality","bounds":[14.7313,45.963,14.9545,46.073],"center":[14.8692,46.0231]},"geometry":{"type":"Polygon","coordinates":[[[14.7496,46.003],[14.7478,46.0226],[14.7513,46.0281],[14.7487,46.0342],[14.7437,46.0402],[14.7375,46.0449],[14.7313,46.0507],[14.7332,46.0538],[14.7332,46.0581],[14.7361,46.0656],[14.7519,46.0663],[14.8058,46.0597],[14.8442,46.073],[14.8657,46.07],[14.8893,46.0545],[14.913,46.0331],[14.9359,46.0183],[14.9499,45.9939],[14.9545,45.9751],[14.9395,45.9662],[14.9273,45.963],[14.9056,45.9729],[14.8775,46.0021],[14.8714,46.0053],[14.8657,46.0064],[14.8637,46.0043],[14.8629,46.0008],[14.8559,46.0],[14.8431,46.0006],[14.8109,46.0078],[14.7814,46.0085],[14.7752,46.0063],[14.7727,46.0045],[14.7496,46.003]]]}},{"type":"Feature","properties":{"id":"SVN-994","name":"Šmartno ob Paki","nameBn":"স্মার্টনো পৌরসভা","type":"Commune|Municipality","bounds":[14.9987,46.3073,15.0666,46.3772],"center":[15.0326,46.3421]},"geometry":{"type":"Polygon","coordinates":[[[14.9999,46.3772],[15.0139,46.3645],[15.039,46.3555],[15.0666,46.3517],[15.0602,46.3371],[15.0596,46.3247],[15.0581,46.3145],[15.0513,46.3073],[15.0373,46.3244],[15.0084,46.3372],[15.0004,46.35],[14.9987,46.356],[14.9999,46.3772]]]}},{"type":"Feature","properties":{"id":"SVN-995","name":"Šoštanj","nameBn":"সস্তাঞ্জ পৌরসভা","type":"Commune|Municipality","bounds":[14.8917,46.3517,15.0893,46.4599],"center":[14.9905,46.4223]},"geometry":{"type":"Polygon","coordinates":[[[14.9563,46.4599],[14.9999,46.4468],[15.0893,46.4265],[15.0877,46.3999],[15.0823,46.3862],[15.0698,46.3718],[15.0666,46.3517],[15.039,46.3555],[15.0139,46.3645],[14.9999,46.3772],[15.0025,46.3865],[15.0019,46.3881],[15.0002,46.3903],[14.9979,46.3921],[14.9935,46.3944],[14.9856,46.3958],[14.972,46.3934],[14.963,46.3943],[14.9498,46.3968],[14.9395,46.4013],[14.9022,46.3939],[14.9009,46.4176],[14.8917,46.4235],[14.942,46.44],[14.9559,46.4472],[14.9563,46.4599]]]}},{"type":"Feature","properties":{"id":"SVN-997","name":"Štore","nameBn":"স্টোর পৌরসভা","type":"Commune|Municipality","bounds":[15.2887,46.1655,15.3664,46.2297],"center":[15.3276,46.1996]},"geometry":{"type":"Polygon","coordinates":[[[15.3323,46.2297],[15.3394,46.229],[15.3618,46.2224],[15.3638,46.2189],[15.3664,46.213],[15.3641,46.2067],[15.3633,46.1813],[15.3123,46.1662],[15.2938,46.1655],[15.2901,46.1674],[15.2887,46.1701],[15.2909,46.1721],[15.2951,46.1736],[15.2988,46.1759],[15.3014,46.1791],[15.303,46.1822],[15.3014,46.1889],[15.31,46.1938],[15.3082,46.1993],[15.3082,46.2183],[15.3141,46.2227],[15.3217,46.2264],[15.3278,46.2285],[15.3323,46.2297]]]}},{"type":"Feature","properties":{"id":"SVN-224","name":"Žalec","nameBn":"জালেক পৌরসভা","type":"Statistical Region","bounds":[15.104,46.1834,15.2261,46.3361],"center":[15.1651,46.2587]},"geometry":{"type":"Polygon","coordinates":[[[15.2261,46.3174],[15.2261,46.2854],[15.2226,46.2811],[15.2192,46.274],[15.2181,46.2702],[15.2207,46.2634],[15.2205,46.2622],[15.219,46.26],[15.2196,46.2562],[15.2227,46.2438],[15.224,46.2362],[15.2164,46.1982],[15.204,46.1882],[15.1765,46.1845],[15.1133,46.1834],[15.111,46.1873],[15.1183,46.1879],[15.1216,46.1887],[15.1252,46.1902],[15.1284,46.1924],[15.1309,46.1951],[15.1324,46.1984],[15.1341,46.2068],[15.1343,46.2221],[15.1357,46.227],[15.138,46.2298],[15.1407,46.2302],[15.1436,46.23],[15.1431,46.2316],[15.1377,46.236],[15.1238,46.2416],[15.104,46.255],[15.1102,46.2659],[15.1074,46.2714],[15.1107,46.2772],[15.1184,46.2875],[15.1216,46.2936],[15.1228,46.317],[15.1312,46.3277],[15.138,46.3328],[15.1461,46.3358],[15.1585,46.3361],[15.1816,46.3252],[15.1965,46.3277],[15.2261,46.3174]]]}},{"type":"Feature","properties":{"id":"SVN-1020","name":"Železniki","nameBn":"জেলেজনিকি পৌরসভা","type":"Commune|Municipality","bounds":[13.9882,46.1581,14.2486,46.2838],"center":[14.1184,46.2279]},"geometry":{"type":"Polygon","coordinates":[[[14.1665,46.2813],[14.1922,46.2681],[14.2081,46.2557],[14.2219,46.2504],[14.2486,46.243],[14.2428,46.2337],[14.2352,46.2282],[14.2304,46.2107],[14.2255,46.2068],[14.2215,46.2054],[14.216,46.2048],[14.1988,46.1989],[14.1908,46.1937],[14.1698,46.1887],[14.162,46.1794],[14.0977,46.1704],[14.0943,46.1676],[14.0737,46.1581],[14.0675,46.1673],[14.0406,46.1732],[14.0029,46.1757],[13.9936,46.1781],[13.9885,46.1807],[13.9882,46.1861],[13.9893,46.1946],[14.005,46.2199],[14.0051,46.2266],[13.997,46.2393],[14.0096,46.2465],[14.0291,46.2501],[14.0853,46.2439],[14.0935,46.2465],[14.0959,46.2519],[14.099,46.2674],[14.1031,46.2741],[14.1106,46.2813],[14.1215,46.283],[14.1331,46.2838],[14.1665,46.2813]]]}},{"type":"Feature","properties":{"id":"SVN-231","name":"Žetale","nameBn":"জেতাল পৌরসভা","type":"Commune|Municipality","bounds":[15.7579,46.2486,15.8809,46.3206],"center":[15.8193,46.2837]},"geometry":{"type":"Polygon","coordinates":[[[15.8809,46.2593],[15.8793,46.2593],[15.8342,46.2584],[15.8183,46.2555],[15.8031,46.2505],[15.7995,46.2486],[15.7989,46.2488],[15.7579,46.262],[15.7618,46.2858],[15.773,46.2977],[15.8011,46.3206],[15.8251,46.3085],[15.8621,46.2838],[15.8669,46.2818],[15.8751,46.266],[15.8807,46.2596],[15.8809,46.2593]]]}},{"type":"Feature","properties":{"id":"SVN-1021","name":"Žiri","nameBn":"জিরি","type":"Commune|Municipality","bounds":[14.0301,46.0058,14.1868,46.0851],"center":[14.1084,46.0459]},"geometry":{"type":"Polygon","coordinates":[[[14.0502,46.0851],[14.1299,46.0732],[14.1406,46.0697],[14.1465,46.0661],[14.159,46.055],[14.1659,46.05],[14.1868,46.0379],[14.1712,46.0202],[14.1387,46.0058],[14.1112,46.0126],[14.1086,46.0152],[14.1056,46.0188],[14.1007,46.0273],[14.0965,46.0322],[14.09,46.0324],[14.0818,46.0348],[14.054,46.063],[14.0301,46.0732],[14.033,46.0816],[14.0388,46.0833],[14.0502,46.0851]]]}},{"type":"Feature","properties":{"id":"SVN-259","name":"Žirovnica","nameBn":"জিরোভনিকা পৌরসভা","type":"Commune|Municipality","bounds":[14.1209,46.3722,14.2423,46.4404],"center":[14.1816,46.4111]},"geometry":{"type":"Polygon","coordinates":[[[14.1479,46.4404],[14.1499,46.4401],[14.2423,46.4382],[14.2422,46.4375],[14.2421,46.4371],[14.2382,46.4253],[14.2231,46.4218],[14.2146,46.417],[14.2001,46.4038],[14.1949,46.3937],[14.1905,46.3869],[14.1801,46.3818],[14.1687,46.381],[14.1593,46.3817],[14.1375,46.3722],[14.1209,46.3927],[14.1279,46.4068],[14.1294,46.4251],[14.1378,46.4341],[14.1409,46.4364],[14.1479,46.4404]]]}},{"type":"Feature","properties":{"id":"SVN-238","name":"Žužemberk","nameBn":"জুজেমবার্ক","type":"Commune|Municipality","bounds":[14.8025,45.7439,15.086,45.8706],"center":[14.9443,45.8184]},"geometry":{"type":"Polygon","coordinates":[[[15.0373,45.8409],[15.0488,45.8261],[15.0525,45.8237],[15.086,45.8061],[15.0581,45.7811],[15.0334,45.7812],[15.015,45.7848],[15.0036,45.7824],[14.9965,45.7797],[14.9821,45.7663],[14.9392,45.7715],[14.9264,45.7692],[14.8958,45.7451],[14.877,45.7439],[14.8697,45.7522],[14.8624,45.7557],[14.8465,45.7596],[14.8357,45.7605],[14.8269,45.7576],[14.8137,45.7577],[14.8039,45.7753],[14.8025,45.7803],[14.8046,45.7975],[14.8244,45.798],[14.8371,45.796],[14.8489,45.7997],[14.8558,45.8078],[14.8562,45.8251],[14.8503,45.8398],[14.8474,45.845],[14.8474,45.8509],[14.8505,45.8537],[14.8765,45.8571],[14.8772,45.8696],[14.9295,45.8706],[14.9386,45.8686],[14.9487,45.8637],[14.9529,45.8591],[14.9548,45.8534],[14.959,45.8481],[14.967,45.8438],[14.979,45.8422],[14.9999,45.8491],[15.0154,45.8449],[15.0196,45.8397],[15.0257,45.838],[15.0373,45.8409]]]}}]}