{"type":"FeatureCollection","features":[{"type":"Feature","properties":{"id":"TZA-3391","name":"Arusha","nameBn":"আরোশা অঞ্চল","type":"Region","bounds":[34.7494,-4.1295,37.4242,-1.7068],"center":[36.0865,-3.0263]},"geometry":{"type":"Polygon","coordinates":[[[35.2464,-1.7068],[35.4156,-1.8013],[35.6302,-1.9212],[35.8449,-2.0411],[36.0595,-2.161],[36.2741,-2.2808],[36.4889,-2.4006],[36.7035,-2.5204],[36.9182,-2.6403],[37.1329,-2.7601],[37.3476,-2.88],[37.4242,-2.9228],[37.4236,-2.9226],[37.3796,-2.9126],[37.297,-2.8785],[37.2644,-2.8594],[37.2283,-2.8552],[37.2087,-2.8619],[37.1915,-2.8556],[37.1406,-2.8573],[37.0944,-2.8879],[37.0346,-2.9368],[37.0093,-2.9632],[36.976,-2.9776],[36.9092,-2.9972],[36.8862,-3.063],[36.8877,-3.1109],[36.8969,-3.1577],[36.9212,-3.1813],[36.9532,-3.1953],[37.023,-3.2411],[37.0603,-3.3096],[37.0624,-3.491],[37.0275,-3.5041],[36.9958,-3.5255],[36.9772,-3.5516],[36.9544,-3.5722],[36.8792,-3.573],[36.853,-3.6019],[36.8284,-3.635],[36.7978,-3.6421],[36.7789,-3.6086],[36.7609,-3.5964],[36.7424,-3.5913],[36.6694,-3.595],[36.6623,-3.6026],[36.6624,-3.613],[36.6551,-3.6295],[36.6353,-3.6364],[36.6145,-3.6544],[36.5952,-3.6584],[36.5771,-3.6654],[36.5174,-3.7437],[36.501,-3.7842],[36.5096,-3.8985],[36.5321,-4.0249],[36.5307,-4.0821],[36.5165,-4.0895],[36.5,-4.0828],[36.4717,-4.0817],[36.4443,-4.0904],[36.3974,-4.0944],[36.3524,-4.1032],[36.3427,-4.1235],[36.2963,-4.1295],[36.2466,-4.1086],[36.0207,-3.7812],[35.973,-3.6918],[35.9402,-3.6448],[35.8825,-3.6643],[35.834,-3.7282],[35.7984,-3.7594],[35.7718,-3.7931],[35.7688,-3.823],[35.7484,-3.8287],[35.7266,-3.7599],[35.7337,-3.6871],[35.7584,-3.6153],[35.7451,-3.5678],[35.7187,-3.5642],[35.7128,-3.6338],[35.6954,-3.6696],[35.5767,-3.7013],[35.5798,-3.7397],[35.5623,-3.7661],[35.5171,-3.7599],[35.4869,-3.7287],[35.5065,-3.6949],[35.5319,-3.666],[35.5007,-3.6528],[35.4604,-3.6449],[35.4216,-3.6239],[35.3794,-3.6243],[35.313,-3.6912],[35.2732,-3.7057],[35.2384,-3.7297],[35.2103,-3.7389],[35.1796,-3.7385],[35.0844,-3.7968],[35.0751,-3.8091],[35.0719,-3.8237],[35.0579,-3.8386],[34.9992,-3.8566],[34.9646,-3.8751],[34.9267,-3.8909],[34.8922,-3.9095],[34.8235,-3.8592],[34.7605,-3.8018],[34.7494,-3.7632],[34.7533,-3.7231],[34.78,-3.6852],[34.8143,-3.654],[34.8204,-3.6398],[34.8221,-3.6246],[34.8417,-3.6163],[34.8653,-3.6227],[34.8925,-3.5969],[34.9012,-2.8831],[34.936,-2.8883],[34.9737,-2.9186],[34.9975,-2.9554],[35.0356,-2.9675],[35.0527,-2.957],[35.0682,-2.9441],[35.1227,-2.9196],[35.1501,-2.8686],[35.2162,-2.5837],[35.2076,-2.487],[35.2489,-2.37],[35.2731,-2.3586],[35.3012,-2.3496],[35.3266,-2.2959],[35.3414,-2.237],[35.3274,-2.1874],[35.2705,-2.1705],[35.2328,-2.1459],[35.2249,-2.1012],[35.2464,-1.707],[35.2464,-1.7068]]]}},{"type":"Feature","properties":{"id":"TZA-3378","name":"Dar-Es-Salaam","nameBn":"দারুস-সালাম অঞ্চল","type":"Region","bounds":[39.0178,-7.1817,39.5537,-6.5619],"center":[39.2857,-6.8929]},"geometry":{"type":"Polygon","coordinates":[[[39.1292,-6.5619],[39.1555,-6.5807],[39.1633,-6.5893],[39.1784,-6.615],[39.1873,-6.6242],[39.2043,-6.6344],[39.2127,-6.6418],[39.2194,-6.6531],[39.2234,-6.6661],[39.2248,-6.6788],[39.231,-6.7037],[39.2459,-6.7311],[39.2639,-6.7444],[39.28,-6.7271],[39.2844,-6.7561],[39.2798,-6.7951],[39.2803,-6.8305],[39.3005,-6.8494],[39.2998,-6.8312],[39.2982,-6.8234],[39.2937,-6.8152],[39.312,-6.8163],[39.3265,-6.822],[39.355,-6.8391],[39.3703,-6.8432],[39.4006,-6.8459],[39.4131,-6.8528],[39.4279,-6.8581],[39.4645,-6.8577],[39.4717,-6.8634],[39.4759,-6.8771],[39.4943,-6.9013],[39.5027,-6.9308],[39.5505,-6.9938],[39.5537,-7.0007],[39.5526,-7.0104],[39.5477,-7.0165],[39.5425,-7.0217],[39.5401,-7.0281],[39.5486,-7.0919],[39.5475,-7.1183],[39.5326,-7.1169],[39.5225,-7.1296],[39.5149,-7.1567],[39.509,-7.1684],[39.4979,-7.1772],[39.4885,-7.1769],[39.4813,-7.1681],[39.4779,-7.1511],[39.4359,-7.1803],[39.4347,-7.1817],[39.434,-7.181],[39.4225,-7.1656],[39.4092,-7.1697],[39.4077,-7.0278],[39.3857,-6.9921],[39.3578,-6.9602],[39.332,-6.9528],[39.3071,-6.9494],[39.2926,-6.9508],[39.2797,-6.9497],[39.2462,-6.9535],[39.2233,-6.9866],[39.2076,-6.988],[39.1931,-6.9859],[39.1843,-7.0035],[39.1691,-7.0164],[39.1511,-7.0103],[39.1358,-7.0033],[39.1155,-7.0187],[39.102,-7.0412],[39.0789,-7.056],[39.0583,-7.0367],[39.0391,-7.0435],[39.0272,-7.0326],[39.0393,-7.009],[39.0571,-6.9877],[39.0621,-6.9637],[39.074,-6.9431],[39.094,-6.9314],[39.1048,-6.9124],[39.0958,-6.891],[39.0907,-6.8711],[39.0625,-6.8533],[39.0549,-6.8188],[39.0545,-6.7997],[39.0419,-6.7889],[39.0178,-6.7874],[39.0201,-6.7725],[39.0483,-6.7371],[39.061,-6.6935],[39.066,-6.6449],[39.0843,-6.6005],[39.1028,-6.585],[39.1198,-6.5657],[39.1292,-6.5619]]]}},{"type":"Feature","properties":{"id":"TZA-3385","name":"Dodoma","nameBn":"দোদোমা","type":"Region","bounds":[35.06,-7.3704,36.8617,-4.1848],"center":[35.9608,-5.7323]},"geometry":{"type":"Polygon","coordinates":[[[36.8617,-6.0021],[36.8318,-6.0505],[36.8303,-6.1078],[36.8575,-6.3435],[36.8034,-6.4248],[36.7621,-6.4451],[36.7375,-6.543],[36.7165,-6.5929],[36.7106,-6.6141],[36.6991,-6.632],[36.685,-6.6299],[36.6708,-6.626],[36.6679,-6.6419],[36.6792,-6.6579],[36.6798,-6.6828],[36.6644,-6.7047],[36.6408,-6.779],[36.6459,-6.9587],[36.6409,-7.0035],[36.5588,-7.0541],[36.5161,-7.1431],[36.5035,-7.1883],[36.5098,-7.2374],[36.5222,-7.2855],[36.5147,-7.3323],[36.4778,-7.3704],[36.4724,-7.3463],[36.4661,-7.332],[36.4491,-7.3209],[36.4251,-7.3161],[36.3788,-7.3167],[36.3519,-7.3253],[36.3386,-7.327],[36.3261,-7.3205],[36.3225,-7.313],[36.3197,-7.2933],[36.3159,-7.2854],[36.3103,-7.278],[36.2988,-7.2548],[36.2913,-7.2475],[36.276,-7.2381],[36.2709,-7.2336],[36.2617,-7.2132],[36.2548,-7.1906],[36.243,-7.1723],[36.2196,-7.1647],[36.2003,-7.1616],[36.1099,-7.1257],[36.0964,-7.1244],[36.0745,-7.1256],[36.0632,-7.1246],[36.0552,-7.1207],[36.0407,-7.1168],[35.9828,-7.1306],[35.962,-7.1268],[35.9224,-7.1132],[35.905,-7.1101],[35.8901,-7.1035],[35.8723,-7.092],[35.8621,-7.0896],[35.7742,-7.068],[35.742,-7.0704],[35.7067,-7.0675],[35.6353,-7.0284],[35.5872,-7.0109],[35.5391,-7.0056],[35.5247,-6.9972],[35.5249,-6.9814],[35.5124,-6.9613],[35.49,-6.9492],[35.443,-6.9332],[35.3951,-6.929],[35.3616,-6.9345],[35.3277,-6.9346],[35.2992,-6.9418],[35.2787,-6.9633],[35.1779,-6.9789],[35.0809,-6.9205],[35.0762,-6.8142],[35.06,-6.721],[35.186,-6.7152],[35.2137,-6.6485],[35.196,-6.4773],[35.2064,-6.3874],[35.223,-6.3555],[35.2234,-6.3195],[35.214,-6.2801],[35.1937,-6.2447],[35.1855,-6.1579],[35.2072,-6.0679],[35.2109,-5.9519],[35.2465,-5.8687],[35.2722,-5.8311],[35.2819,-5.7929],[35.2869,-5.7525],[35.318,-5.7255],[35.3385,-5.7003],[35.3274,-5.6713],[35.2942,-5.6355],[35.2689,-5.594],[35.2666,-5.5746],[35.2623,-5.5585],[35.2528,-5.5563],[35.2456,-5.55],[35.235,-5.5372],[35.2201,-5.5277],[35.2023,-5.4986],[35.19,-5.4671],[35.1627,-5.438],[35.1397,-5.4047],[35.1238,-5.3368],[35.1057,-5.2977],[35.0929,-5.2571],[35.0938,-5.2198],[35.0907,-5.1826],[35.0702,-5.1491],[35.0755,-5.1158],[35.3194,-4.9489],[35.3284,-4.923],[35.345,-4.8897],[35.3409,-4.8545],[35.3544,-4.856],[35.3666,-4.8619],[35.4581,-4.8703],[35.5103,-4.8616],[35.5323,-4.826],[35.6011,-4.6866],[35.6518,-4.6065],[35.6613,-4.5684],[35.6436,-4.5331],[35.6381,-4.5171],[35.6362,-4.5002],[35.6409,-4.4827],[35.6498,-4.4774],[35.6719,-4.4859],[35.7505,-4.432],[35.7936,-4.3908],[35.8043,-4.3738],[35.8204,-4.3624],[35.8377,-4.3696],[35.8546,-4.3791],[35.8788,-4.3671],[35.9033,-4.3503],[35.9529,-4.3515],[35.9835,-4.3007],[35.9947,-4.2925],[36.0193,-4.278],[36.0491,-4.2553],[36.2992,-4.1848],[36.3062,-4.4814],[36.316,-4.5376],[36.3321,-4.5923],[36.3552,-4.6432],[36.3607,-4.6759],[36.349,-4.8792],[36.3121,-5.1197],[36.2907,-5.1899],[36.259,-5.2391],[36.2372,-5.2927],[36.2481,-5.3557],[36.2309,-5.412],[36.2442,-5.4578],[36.2826,-5.498],[36.3345,-5.5395],[36.3812,-5.5858],[36.4098,-5.6358],[36.4449,-5.6813],[36.5058,-5.7185],[36.5701,-5.7488],[36.6102,-5.7975],[36.639,-5.8557],[36.6753,-5.9119],[36.7251,-5.9558],[36.7922,-5.9819],[36.8617,-6.0021]]]}},{"type":"Feature","properties":{"id":"TZA-5586","name":"Geita","nameBn":"গীতা অঞ্চল","type":"Region","bounds":[30.8749,-4.3563,32.5967,-2.148],"center":[31.6968,-3.1]},"geometry":{"type":"Polygon","coordinates":[[[31.4166,-4.3563],[31.3835,-4.3039],[31.3621,-4.252],[31.3589,-4.2345],[31.3471,-4.2195],[31.3429,-4.1879],[31.3348,-4.1572],[31.3376,-4.1078],[31.3707,-4.0155],[31.3762,-3.9669],[31.3586,-3.8851],[31.2983,-3.7525],[31.2422,-3.6991],[31.2179,-3.6364],[31.2156,-3.5677],[31.2064,-3.5332],[31.2022,-3.5015],[31.2054,-3.4644],[31.1882,-3.4305],[31.1869,-3.4278],[31.1868,-3.4282],[31.1654,-3.3961],[31.147,-3.3617],[31.1215,-3.2921],[31.1103,-3.2201],[31.0577,-3.1813],[31.0388,-3.1933],[31.0244,-3.2102],[31.0122,-3.21],[31.0034,-3.1997],[31.0054,-3.1444],[31.0432,-3.0859],[31.0711,-3.0142],[31.0689,-2.9386],[31.0643,-2.9309],[31.0562,-2.9275],[31.0487,-2.9154],[31.0475,-2.8998],[31.0242,-2.8554],[30.9821,-2.8387],[30.9699,-2.7756],[30.9206,-2.7334],[30.8749,-2.6842],[30.9101,-2.5857],[31.0191,-2.5329],[31.1669,-2.2796],[31.1985,-2.2867],[31.2654,-2.2761],[31.3181,-2.2585],[31.3639,-2.2656],[31.5644,-2.3535],[31.6337,-2.3563],[31.6839,-2.3043],[31.7278,-2.2833],[31.7281,-2.2731],[31.7353,-2.2656],[31.7414,-2.2471],[31.7397,-2.2274],[31.7337,-2.1982],[31.7465,-2.1804],[31.8187,-2.1729],[31.8772,-2.148],[31.8954,-2.2081],[31.9034,-2.2596],[31.9073,-2.2912],[31.927,-2.3102],[31.9383,-2.3328],[31.9354,-2.3581],[31.9523,-2.389],[31.9805,-2.4116],[32.0564,-2.4509],[32.1212,-2.4932],[32.1624,-2.5208],[32.214,-2.5382],[32.245,-2.5804],[32.4138,-2.6085],[32.3604,-2.7098],[32.5348,-2.8111],[32.5095,-2.8871],[32.5967,-2.9603],[32.5104,-3.1978],[32.478,-3.2042],[32.4157,-3.2344],[32.3861,-3.2586],[32.3625,-3.2858],[32.3464,-3.3191],[32.3149,-3.3158],[32.289,-3.2946],[32.2803,-3.2572],[32.2502,-3.2364],[32.212,-3.2473],[32.1809,-3.2722],[32.1377,-3.3279],[32.1166,-3.3947],[32.1307,-3.4967],[32.1483,-3.5952],[32.1342,-3.6726],[32.0427,-3.6796],[31.9407,-3.6937],[31.8352,-3.7429],[31.7473,-3.8203],[31.691,-3.9047],[31.6769,-3.968],[31.6906,-4.0379],[31.6511,-4.0975],[31.6371,-4.1279],[31.645,-4.1462],[31.6642,-4.1579],[31.6762,-4.1843],[31.6818,-4.2123],[31.6128,-4.2464],[31.5162,-4.236],[31.4755,-4.2471],[31.4498,-4.2792],[31.4395,-4.3213],[31.4166,-4.3563]]]}},{"type":"Feature","properties":{"id":"TZA-3386","name":"Iringa","nameBn":"ইরিংগা অঞ্চল","type":"Region","bounds":[33.8418,-9.0327,36.9683,-6.8897],"center":[35.5453,-7.8393]},"geometry":{"type":"Polygon","coordinates":[[[36.4778,-7.3704],[36.5001,-7.4714],[36.5173,-7.5008],[36.5467,-7.514],[36.5603,-7.5132],[36.5825,-7.5092],[36.5956,-7.5107],[36.6412,-7.5214],[36.6623,-7.53],[36.6797,-7.5442],[36.689,-7.5559],[36.693,-7.5584],[36.7163,-7.5635],[36.7363,-7.5716],[36.7621,-7.5745],[36.777,-7.5779],[36.7841,-7.5811],[36.7899,-7.5857],[36.7925,-7.5894],[36.7934,-7.5929],[36.7895,-7.6242],[36.7917,-7.6348],[36.7991,-7.6439],[36.8175,-7.652],[36.833,-7.6495],[36.8469,-7.6425],[36.8605,-7.6377],[36.8688,-7.6374],[36.9189,-7.6422],[36.9338,-7.6486],[36.9371,-7.6491],[36.9474,-7.649],[36.9683,-7.6538],[36.9192,-7.7181],[36.8474,-7.7838],[36.8023,-7.8675],[36.7658,-7.9563],[36.6901,-7.978],[36.6018,-7.9521],[36.5078,-7.9428],[36.4198,-7.975],[36.347,-8.0305],[36.3155,-8.0604],[36.314,-8.071],[36.3135,-8.0839],[36.3148,-8.1011],[36.3202,-8.1175],[36.3266,-8.1511],[36.3093,-8.1803],[36.2514,-8.1891],[36.2191,-8.1971],[36.182,-8.1894],[36.0945,-8.2424],[36.0171,-8.3139],[35.9482,-8.3992],[35.9107,-8.5029],[35.8397,-8.5662],[35.7471,-8.6087],[35.7174,-8.6369],[35.6802,-8.7642],[35.6818,-8.8118],[35.6697,-8.857],[35.6482,-8.8389],[35.6434,-8.7542],[35.6273,-8.7308],[35.5128,-8.7117],[35.4214,-8.6856],[35.3412,-8.6881],[35.3362,-8.7322],[35.3527,-8.7726],[35.3538,-8.8171],[35.3284,-8.8539],[35.3299,-8.8697],[35.348,-8.8782],[35.357,-8.8983],[35.3533,-8.9695],[35.3654,-9.0086],[35.2924,-9.0327],[35.1976,-9.0271],[35.1027,-8.9602],[35.1139,-8.7817],[34.8741,-8.698],[34.8741,-8.6478],[34.7325,-8.6052],[34.7442,-8.5399],[34.7279,-8.5057],[34.7065,-8.4746],[34.6906,-8.434],[34.7115,-8.3925],[34.7399,-8.3492],[34.7766,-8.3153],[34.8188,-8.3011],[34.8541,-8.2742],[34.8803,-8.2308],[34.9164,-8.148],[34.9406,-8.1183],[34.9956,-8.102],[35.0393,-8.0682],[35.0635,-8.0356],[35.036,-8.0079],[34.9907,-7.9918],[34.9425,-7.9957],[34.9159,-7.9911],[34.9196,-7.9654],[34.9096,-7.9351],[34.6388,-7.8922],[34.5962,-7.8783],[34.5593,-7.8526],[34.4113,-7.8178],[34.3599,-7.8136],[33.8946,-7.8369],[33.8563,-7.8319],[33.8418,-7.8027],[33.8505,-7.762],[33.8688,-7.7251],[33.8959,-7.6892],[33.9188,-7.6505],[33.9462,-7.5863],[33.9661,-7.5624],[33.9804,-7.5346],[33.9643,-7.5161],[33.9385,-7.499],[34.0263,-7.4503],[34.1089,-7.3944],[34.1397,-7.3515],[34.174,-7.3138],[34.2199,-7.3142],[34.2647,-7.3306],[34.3113,-7.3326],[34.358,-7.3258],[34.3777,-7.3096],[34.376,-7.2784],[34.4265,-7.2181],[34.7207,-7.1571],[34.758,-7.0869],[34.7695,-6.9901],[34.8064,-6.9605],[34.849,-6.9365],[34.8661,-6.9235],[34.8861,-6.9158],[34.9044,-6.9042],[34.9194,-6.8897],[34.9578,-6.893],[34.9992,-6.9034],[35.0408,-6.9082],[35.0809,-6.9205],[35.1779,-6.9789],[35.2787,-6.9633],[35.2992,-6.9418],[35.3277,-6.9346],[35.3616,-6.9345],[35.3951,-6.929],[35.443,-6.9332],[35.49,-6.9492],[35.5124,-6.9613],[35.5249,-6.9814],[35.5247,-6.9972],[35.5391,-7.0056],[35.5872,-7.0109],[35.6353,-7.0284],[35.7067,-7.0675],[35.742,-7.0704],[35.7742,-7.068],[35.8621,-7.0896],[35.8723,-7.092],[35.8901,-7.1035],[35.905,-7.1101],[35.9224,-7.1132],[35.962,-7.1268],[35.9828,-7.1306],[36.0407,-7.1168],[36.0552,-7.1207],[36.0632,-7.1246],[36.0745,-7.1256],[36.0964,-7.1244],[36.1099,-7.1257],[36.2003,-7.1616],[36.2196,-7.1647],[36.243,-7.1723],[36.2548,-7.1906],[36.2617,-7.2132],[36.2709,-7.2336],[36.276,-7.2381],[36.2913,-7.2475],[36.2988,-7.2548],[36.3103,-7.278],[36.3159,-7.2854],[36.3197,-7.2933],[36.3225,-7.313],[36.3261,-7.3205],[36.3386,-7.327],[36.3519,-7.3253],[36.3788,-7.3167],[36.4251,-7.3161],[36.4491,-7.3209],[36.4661,-7.332],[36.4724,-7.3463],[36.4778,-7.3704]]]}},{"type":"Feature","properties":{"id":"TZA-3360","name":"Kagera","nameBn":"কাগেরা অঞ্চল","type":"Region","bounds":[30.4121,-2.9935,32.7223,-0.9858],"center":[31.2578,-1.779]},"geometry":{"type":"Polygon","coordinates":[[[30.4761,-1.1612],[30.4673,-1.1553],[30.4656,-1.1493],[30.4683,-1.1433],[30.4721,-1.1377],[30.4742,-1.1318],[30.4709,-1.1181],[30.4563,-1.1081],[30.453,-1.0973],[30.4562,-1.0861],[30.4639,-1.0751],[30.4718,-1.0668],[30.473,-1.0656],[30.481,-1.0591],[30.4934,-1.0602],[30.5009,-1.0652],[30.506,-1.0708],[30.5117,-1.0734],[30.5237,-1.0724],[30.5423,-1.0681],[30.5927,-1.0634],[30.6145,-1.0658],[30.6386,-1.0734],[30.6513,-1.0628],[30.6871,-1.025],[30.7016,-1.0175],[30.7395,-1.0055],[30.7771,-0.9858],[30.8125,-0.9947],[30.8284,-1.0026],[30.893,-1.0026],[31.0761,-1.0026],[31.2592,-1.0026],[31.2805,-1.0026],[31.4422,-1.0026],[31.6253,-1.0026],[31.8084,-1.0026],[31.9862,-1.0026],[31.9914,-1.0026],[32.1746,-1.0026],[32.3576,-1.0026],[32.5408,-1.0026],[32.7223,-1.0026],[32.7039,-1.4688],[31.8772,-2.148],[31.8187,-2.1729],[31.7465,-2.1804],[31.7337,-2.1982],[31.7397,-2.2274],[31.7414,-2.2471],[31.7353,-2.2656],[31.7281,-2.2731],[31.7278,-2.2833],[31.6839,-2.3043],[31.6337,-2.3563],[31.5644,-2.3535],[31.3639,-2.2656],[31.3181,-2.2585],[31.2654,-2.2761],[31.1985,-2.2867],[31.1669,-2.2796],[31.0191,-2.5329],[30.9101,-2.5857],[30.8749,-2.6842],[30.9206,-2.7334],[30.9699,-2.7756],[30.9821,-2.8387],[30.8837,-2.9282],[30.8652,-2.954],[30.8452,-2.9766],[30.8188,-2.9905],[30.8255,-2.9786],[30.8021,-2.9784],[30.7554,-2.9914],[30.7321,-2.9935],[30.7189,-2.9895],[30.696,-2.9745],[30.6837,-2.97],[30.6713,-2.9708],[30.6614,-2.9748],[30.6509,-2.9773],[30.6376,-2.9744],[30.6349,-2.9701],[30.6321,-2.9538],[30.6295,-2.9477],[30.6252,-2.9448],[30.612,-2.9392],[30.547,-2.9003],[30.5389,-2.899],[30.5249,-2.9042],[30.5131,-2.914],[30.4933,-2.9413],[30.4885,-2.9435],[30.4883,-2.9432],[30.4841,-2.9307],[30.4754,-2.9221],[30.4696,-2.9142],[30.4742,-2.9032],[30.456,-2.8983],[30.4408,-2.884],[30.4158,-2.8517],[30.4136,-2.8344],[30.4251,-2.8122],[30.4469,-2.7827],[30.4473,-2.7573],[30.4505,-2.7418],[30.4586,-2.7287],[30.5161,-2.6683],[30.5226,-2.6494],[30.4996,-2.6579],[30.4638,-2.6742],[30.4427,-2.6811],[30.4232,-2.6809],[30.4121,-2.6702],[30.416,-2.6456],[30.4242,-2.6332],[30.448,-2.6105],[30.4577,-2.598],[30.462,-2.5875],[30.4702,-2.5558],[30.5081,-2.4635],[30.5215,-2.4423],[30.5546,-2.4006],[30.5739,-2.3893],[30.5952,-2.3919],[30.6169,-2.3981],[30.6379,-2.397],[30.6491,-2.3876],[30.6633,-2.3607],[30.6748,-2.3517],[30.6877,-2.35],[30.6985,-2.3534],[30.7507,-2.3791],[30.7588,-2.3811],[30.7679,-2.3786],[30.7752,-2.3745],[30.7891,-2.3711],[30.8046,-2.3622],[30.8214,-2.3547],[30.8344,-2.3453],[30.8447,-2.3266],[30.8489,-2.3063],[30.8447,-2.2378],[30.8534,-2.1938],[30.8878,-2.0825],[30.8794,-2.0535],[30.8687,-2.039],[30.8535,-2.0237],[30.8355,-2.0147],[30.8168,-2.0187],[30.8299,-1.9606],[30.8269,-1.9341],[30.797,-1.9293],[30.8019,-1.9213],[30.808,-1.9148],[30.8242,-1.9021],[30.8166,-1.8842],[30.8222,-1.8688],[30.8324,-1.8538],[30.8379,-1.8368],[30.8299,-1.7967],[30.8264,-1.7862],[30.8379,-1.7587],[30.8354,-1.7495],[30.8265,-1.7359],[30.8242,-1.7307],[30.8246,-1.7199],[30.8375,-1.6411],[30.8383,-1.6154],[30.831,-1.5942],[30.8072,-1.6033],[30.7916,-1.591],[30.782,-1.5684],[30.7723,-1.5325],[30.7678,-1.5248],[30.7554,-1.5116],[30.7389,-1.4895],[30.7329,-1.4764],[30.7383,-1.4707],[30.7414,-1.4589],[30.7432,-1.4328],[30.7375,-1.4067],[30.7181,-1.3949],[30.6985,-1.3921],[30.6324,-1.3676],[30.6232,-1.362],[30.6082,-1.3478],[30.5977,-1.3403],[30.5682,-1.3281],[30.5553,-1.3184],[30.5499,-1.3024],[30.551,-1.295],[30.5534,-1.2891],[30.5556,-1.2847],[30.5566,-1.2816],[30.5546,-1.2735],[30.5453,-1.2614],[30.5394,-1.241],[30.5212,-1.2108],[30.5151,-1.1963],[30.5112,-1.1704],[30.507,-1.1642],[30.4947,-1.1553],[30.4905,-1.1565],[30.484,-1.16],[30.4761,-1.1612]]]}},{"type":"Feature","properties":{"id":"TZA-3380","name":"Kaskazini-Pemba","nameBn":"নর্থ পেম্বা অঞ্চল","type":"Region","bounds":[39.6758,-5.2016,39.8782,-4.8903],"center":[39.777,-5.0511]},"geometry":{"type":"Polygon","coordinates":[[[39.7425,-5.1618],[39.7318,-5.1565],[39.7183,-5.1705],[39.7235,-5.1502],[39.7263,-5.1437],[39.7205,-5.1363],[39.7127,-5.1314],[39.7026,-5.131],[39.6908,-5.1375],[39.693,-5.1264],[39.6946,-5.1218],[39.6983,-5.1158],[39.6942,-5.1039],[39.6955,-5.0898],[39.7007,-5.0792],[39.7083,-5.0783],[39.7201,-5.0839],[39.7254,-5.0805],[39.7246,-5.0719],[39.7183,-5.0618],[39.7096,-5.0567],[39.6773,-5.0444],[39.6802,-5.0348],[39.694,-5.0237],[39.6983,-5.0134],[39.6839,-5.0202],[39.6758,-5.0017],[39.6812,-4.9872],[39.6947,-4.9825],[39.7121,-4.9929],[39.716,-4.9768],[39.7048,-4.9675],[39.6885,-4.9588],[39.6773,-4.9451],[39.6768,-4.9335],[39.6829,-4.9055],[39.6841,-4.8903],[39.6864,-4.8954],[39.6887,-4.8996],[39.6916,-4.9025],[39.6946,-4.9035],[39.7023,-4.9079],[39.7078,-4.9174],[39.7111,-4.927],[39.7121,-4.9314],[39.7232,-4.9299],[39.7269,-4.9225],[39.729,-4.9142],[39.7352,-4.9103],[39.7402,-4.9138],[39.7564,-4.9299],[39.7598,-4.9345],[39.8059,-4.9609],[39.8143,-4.9687],[39.815,-4.9802],[39.8174,-4.9902],[39.8215,-4.9938],[39.8281,-4.986],[39.8274,-4.978],[39.8236,-4.9684],[39.8237,-4.9572],[39.8356,-4.9451],[39.8367,-4.9524],[39.8402,-4.9599],[39.8416,-4.9656],[39.8499,-4.9492],[39.8557,-4.9291],[39.8579,-4.9103],[39.856,-4.8972],[39.8695,-4.906],[39.8695,-4.9264],[39.8669,-4.9503],[39.8782,-4.9877],[39.867,-5.0058],[39.8491,-5.0198],[39.8356,-5.0265],[39.8406,-5.0442],[39.8374,-5.0636],[39.8313,-5.0832],[39.8281,-5.1021],[39.8377,-5.1321],[39.8386,-5.1375],[39.8478,-5.1332],[39.8486,-5.1237],[39.8469,-5.1139],[39.8485,-5.109],[39.8612,-5.1145],[39.8628,-5.1321],[39.856,-5.1705],[39.8559,-5.1823],[39.8278,-5.1917],[39.8088,-5.2016],[39.7889,-5.1975],[39.7856,-5.1835],[39.7889,-5.1694],[39.7807,-5.1578],[39.7517,-5.157],[39.7425,-5.1618]]]}},{"type":"Feature","properties":{"id":"TZA-3383","name":"Kaskazini-Unguja","nameBn":"জাঞ্জিবার উত্তর অঞ্চল","type":"Region","bounds":[39.1862,-6.0339,39.3907,-5.7184],"center":[39.2294,-5.8447]},"geometry":{"type":"MultiPolygon","coordinates":[[[[39.1979,-6.0336],[39.1862,-5.9943],[39.1906,-5.9382],[39.1895,-5.926],[39.1904,-5.9142],[39.1932,-5.9041],[39.1974,-5.8967],[39.2004,-5.902],[39.2082,-5.9122],[39.2111,-5.9177],[39.2278,-5.8907],[39.2635,-5.8611],[39.28,-5.842],[39.2883,-5.8105],[39.2953,-5.7365],[39.3135,-5.7184],[39.3252,-5.749],[39.3557,-5.8038],[39.3618,-5.839],[39.3547,-5.881],[39.3543,-5.8967],[39.3574,-5.912],[39.3662,-5.9405],[39.368,-5.9553],[39.3726,-5.9708],[39.3907,-6.0004],[39.3906,-6.0005],[39.385,-6.0038],[39.3468,-6.029],[39.2741,-6.0339],[39.2379,-6.0307],[39.2016,-6.0338],[39.1979,-6.0336]]],[[[39.2261,-5.7692],[39.2254,-5.7829],[39.2303,-5.8006],[39.2385,-5.813],[39.2316,-5.8232],[39.2378,-5.8362],[39.2379,-5.856],[39.2255,-5.8588],[39.2145,-5.8581],[39.2124,-5.8437],[39.2144,-5.826],[39.2172,-5.7979],[39.2144,-5.7774],[39.2261,-5.7692]]]]}},{"type":"Feature","properties":{"id":"TZA-5584","name":"Katavi","nameBn":"কাটাভি অঞ্চল","type":"Region","bounds":[29.9691,-7.7891,32.7371,-5.1884],"center":[31.3404,-6.4277]},"geometry":{"type":"Polygon","coordinates":[[[30.2945,-7.1494],[30.2347,-7.0571],[30.0909,-6.89],[30.0127,-6.8252],[29.9691,-6.803],[30.0047,-6.7788],[30.2428,-6.5807],[30.2687,-6.5461],[30.2984,-6.4582],[30.3932,-6.3936],[30.3897,-6.3483],[30.372,-6.3077],[30.3825,-6.2453],[30.3503,-6.2088],[30.304,-6.181],[30.2731,-6.0949],[30.2128,-5.983],[30.1842,-5.9011],[30.1188,-5.5203],[30.0805,-5.4339],[29.9896,-5.3571],[30.0074,-5.3347],[30.2212,-5.3321],[30.2702,-5.3208],[30.3098,-5.287],[30.3744,-5.2139],[30.4087,-5.1902],[30.6844,-5.1884],[30.7299,-5.1914],[30.7617,-5.2114],[30.7753,-5.2333],[30.7821,-5.2394],[30.7885,-5.2405],[30.8034,-5.2385],[30.81,-5.2394],[30.8348,-5.2567],[30.8644,-5.2986],[30.8858,-5.3151],[30.9009,-5.3013],[30.9226,-5.2614],[30.9401,-5.253],[30.9573,-5.2604],[30.9634,-5.2784],[30.9671,-5.3213],[30.9726,-5.3332],[30.9796,-5.3409],[30.9874,-5.3474],[30.995,-5.3554],[31.0071,-5.3802],[31.0115,-5.3868],[31.0285,-5.4047],[31.0379,-5.4177],[31.0622,-5.4986],[31.0595,-5.5235],[31.0309,-5.5394],[31.0303,-5.551],[31.0332,-5.5629],[31.0401,-5.579],[31.0436,-5.5821],[31.0482,-5.5835],[31.1145,-5.6338],[31.1203,-5.6362],[31.1343,-5.6356],[31.139,-5.6372],[31.1421,-5.6439],[31.1416,-5.6502],[31.139,-5.6577],[31.1441,-5.6664],[31.1478,-5.6759],[31.152,-5.6925],[31.1452,-5.7154],[31.1463,-5.7205],[31.151,-5.7299],[31.152,-5.7359],[31.1468,-5.7502],[31.1489,-5.7572],[31.1623,-5.7601],[31.1813,-5.7562],[31.2014,-5.7491],[31.2218,-5.7457],[31.2414,-5.7527],[31.2607,-5.7864],[31.2752,-5.8015],[31.293,-5.7977],[31.3119,-5.7899],[31.3533,-5.7946],[31.3718,-5.7874],[31.4088,-5.8105],[31.4283,-5.8189],[31.4506,-5.8222],[31.4708,-5.8186],[31.4898,-5.8124],[31.507,-5.8112],[31.522,-5.8222],[31.5325,-5.8067],[31.5434,-5.8041],[31.6182,-5.8268],[31.6285,-5.8253],[31.6397,-5.8188],[31.6773,-5.8039],[31.6902,-5.8011],[31.6904,-5.798],[31.6961,-5.7911],[31.7069,-5.7806],[31.7147,-5.7756],[31.7349,-5.7669],[31.7561,-5.7516],[31.7757,-5.7336],[31.7978,-5.7186],[31.8273,-5.7123],[31.8332,-5.7142],[31.8385,-5.7187],[31.8479,-5.7291],[31.8537,-5.7321],[31.858,-5.7302],[31.8617,-5.7269],[31.8653,-5.726],[31.8889,-5.7379],[31.9352,-5.7469],[31.9527,-5.7479],[31.9683,-5.7396],[31.9683,-5.7465],[32.0259,-5.7643],[32.0471,-5.7669],[32.0531,-5.7709],[32.057,-5.7804],[32.0601,-5.7917],[32.0638,-5.8011],[32.0718,-5.8104],[32.0909,-5.8274],[32.098,-5.8358],[32.1022,-5.8554],[32.1014,-5.9046],[32.1079,-5.9212],[32.1207,-5.9393],[32.1383,-6.0066],[32.1551,-6.0428],[32.1783,-6.0768],[32.2039,-6.1051],[32.2277,-6.1239],[32.2795,-6.1515],[32.2932,-6.1614],[32.2991,-6.1646],[32.3119,-6.1667],[32.3177,-6.1716],[32.3187,-6.1762],[32.3168,-6.1876],[32.3177,-6.1921],[32.3283,-6.2077],[32.334,-6.213],[32.3444,-6.22],[32.3796,-6.2354],[32.3984,-6.2493],[32.4207,-6.2527],[32.4304,-6.257],[32.4451,-6.2717],[32.4816,-6.3293],[32.5123,-6.3609],[32.5533,-6.3765],[32.6986,-6.389],[32.7159,-6.3987],[32.7206,-6.4195],[32.7296,-6.433],[32.7371,-6.4472],[32.7312,-6.4662],[32.7214,-6.4841],[32.7014,-6.51],[32.6733,-6.5265],[32.6145,-6.6007],[32.5854,-6.693],[32.5806,-6.7969],[32.5869,-6.9011],[32.5764,-7.0034],[32.5528,-7.1036],[32.5014,-7.132],[32.2738,-7.2101],[32.2732,-7.3159],[32.2334,-7.4245],[32.197,-7.4955],[32.0943,-7.5344],[32.0594,-7.5876],[32.0201,-7.6683],[31.9926,-7.754],[32.0102,-7.7891],[31.7869,-7.7518],[31.6235,-7.73],[31.4928,-7.7082],[31.471,-7.5666],[31.4492,-7.4141],[31.4383,-7.3052],[31.3839,-7.2398],[31.2205,-7.2289],[31.0789,-7.218],[31.0353,-7.1527],[31.0353,-7.0655],[30.9917,-6.9348],[30.9046,-6.9021],[30.6867,-6.913],[30.5778,-6.9457],[30.2945,-7.1494]]]}},{"type":"Feature","properties":{"id":"TZA-3363","name":"Kigoma","nameBn":"কিগুমা অঞ্চল","type":"Region","bounds":[29.321,-6.803,31.4909,-2.8387],"center":[30.4057,-4.4184]},"geometry":{"type":"Polygon","coordinates":[[[29.3428,-5.0],[29.3238,-4.9202],[29.321,-4.8363],[29.3408,-4.7517],[29.4013,-4.5869],[29.4109,-4.5023],[29.4073,-4.4626],[29.4042,-4.4498],[29.6383,-4.4468],[29.6875,-4.4584],[29.7283,-4.4616],[29.7328,-4.4633],[29.7444,-4.4545],[29.7474,-4.4432],[29.7479,-4.4303],[29.7517,-4.4161],[29.758,-4.4102],[29.775,-4.4023],[29.7802,-4.3937],[29.7823,-4.3774],[29.7841,-4.3738],[29.8003,-4.3639],[29.811,-4.3653],[29.8218,-4.3707],[29.8386,-4.3735],[29.8474,-4.3705],[29.9005,-4.3456],[29.9363,-4.312],[29.9707,-4.2926],[29.9808,-4.2844],[30.003,-4.2719],[30.0156,-4.256],[30.0411,-4.195],[30.0515,-4.1802],[30.1196,-4.1235],[30.1498,-4.0868],[30.1732,-4.0463],[30.1759,-4.04],[30.1914,-4.0025],[30.2088,-3.9305],[30.2208,-3.91],[30.2733,-3.8562],[30.3117,-3.7899],[30.337,-3.7738],[30.3816,-3.7883],[30.385,-3.7708],[30.3819,-3.7552],[30.3762,-3.7398],[30.372,-3.7229],[30.3731,-3.7043],[30.3731,-3.7036],[30.3801,-3.6856],[30.4214,-3.6208],[30.4289,-3.6022],[30.4292,-3.5839],[30.4269,-3.5639],[30.4323,-3.5519],[30.4601,-3.5319],[30.4626,-3.5279],[30.4663,-3.5161],[30.4689,-3.513],[30.4856,-3.5105],[30.4875,-3.5107],[30.488,-3.5126],[30.5072,-3.5111],[30.5082,-3.5089],[30.51,-3.5002],[30.5115,-3.4977],[30.5381,-3.4916],[30.545,-3.4891],[30.5529,-3.4822],[30.566,-3.4667],[30.6129,-3.4449],[30.6391,-3.4195],[30.6404,-3.3928],[30.6103,-3.3764],[30.6033,-3.3726],[30.6217,-3.3504],[30.6405,-3.3329],[30.6626,-3.3192],[30.6899,-3.3089],[30.7022,-3.3073],[30.712,-3.3019],[30.7184,-3.2929],[30.7215,-3.281],[30.7479,-3.2941],[30.7757,-3.291],[30.7998,-3.2746],[30.8148,-3.2477],[30.8143,-3.2419],[30.8099,-3.2241],[30.8094,-3.2168],[30.8235,-3.1967],[30.8322,-3.1728],[30.834,-3.1603],[30.8329,-3.1477],[30.8288,-3.1405],[30.8158,-3.131],[30.8123,-3.1235],[30.8131,-3.1177],[30.8178,-3.1044],[30.8177,-3.0991],[30.8078,-3.0852],[30.7832,-3.0621],[30.7783,-3.0474],[30.7849,-3.0315],[30.8158,-2.9958],[30.8188,-2.9905],[30.8452,-2.9766],[30.8652,-2.954],[30.8837,-2.9282],[30.9821,-2.8387],[31.0242,-2.8554],[31.0475,-2.8998],[31.0487,-2.9154],[31.0562,-2.9275],[31.0643,-2.9309],[31.0689,-2.9386],[31.0711,-3.0142],[31.0432,-3.0859],[31.0054,-3.1444],[31.0034,-3.1997],[31.0122,-3.21],[31.0244,-3.2102],[31.0388,-3.1933],[31.0577,-3.1813],[31.1103,-3.2201],[31.1215,-3.2921],[31.147,-3.3617],[31.1654,-3.3961],[31.1868,-3.4282],[31.1869,-3.4278],[31.1882,-3.4305],[31.2054,-3.4644],[31.2022,-3.5015],[31.2064,-3.5332],[31.2156,-3.5677],[31.2179,-3.6364],[31.2422,-3.6991],[31.2983,-3.7525],[31.3586,-3.8851],[31.3762,-3.9669],[31.3707,-4.0155],[31.3376,-4.1078],[31.3348,-4.1572],[31.3429,-4.1879],[31.3471,-4.2195],[31.3589,-4.2345],[31.3621,-4.252],[31.3835,-4.3039],[31.4166,-4.3563],[31.417,-4.4027],[31.4241,-4.448],[31.4518,-4.4453],[31.4638,-4.4698],[31.473,-4.5446],[31.4909,-4.6205],[31.4754,-4.666],[31.4665,-4.6758],[31.4107,-4.6967],[31.3919,-4.7096],[31.3868,-4.7273],[31.3977,-4.8321],[31.3896,-4.8441],[31.3436,-4.8656],[31.3258,-4.8767],[31.3219,-4.8834],[31.318,-4.8991],[31.3136,-4.9059],[31.3065,-4.9103],[31.2836,-4.918],[31.2339,-4.9558],[31.2276,-4.9592],[31.2341,-4.9758],[31.246,-4.9914],[31.2503,-5.0181],[31.2017,-5.153],[31.193,-5.2684],[31.2303,-5.4271],[31.2117,-5.4618],[31.1396,-5.478],[31.0622,-5.4986],[31.0379,-5.4177],[31.0285,-5.4047],[31.0115,-5.3868],[31.0071,-5.3802],[30.995,-5.3554],[30.9874,-5.3474],[30.9796,-5.3409],[30.9726,-5.3332],[30.9671,-5.3213],[30.9634,-5.2784],[30.9573,-5.2604],[30.9401,-5.253],[30.9226,-5.2614],[30.9009,-5.3013],[30.8858,-5.3151],[30.8644,-5.2986],[30.8348,-5.2567],[30.81,-5.2394],[30.8034,-5.2385],[30.7885,-5.2405],[30.7821,-5.2394],[30.7753,-5.2333],[30.7617,-5.2114],[30.7299,-5.1914],[30.6844,-5.1884],[30.4087,-5.1902],[30.3744,-5.2139],[30.3098,-5.287],[30.2702,-5.3208],[30.2212,-5.3321],[30.0074,-5.3347],[29.9896,-5.3571],[30.0805,-5.4339],[30.1188,-5.5203],[30.1842,-5.9011],[30.2128,-5.983],[30.2731,-6.0949],[30.304,-6.181],[30.3503,-6.2088],[30.3825,-6.2453],[30.372,-6.3077],[30.3897,-6.3483],[30.3932,-6.3936],[30.2984,-6.4582],[30.2687,-6.5461],[30.2428,-6.5807],[30.0047,-6.7788],[29.9691,-6.803],[29.8731,-6.7542],[29.7386,-6.6524],[29.707,-6.6193],[29.6844,-6.5815],[29.6339,-6.4469],[29.566,-6.3595],[29.5377,-6.3124],[29.5255,-6.2731],[29.5088,-6.1537],[29.4787,-6.0418],[29.4761,-6.0021],[29.4961,-5.9387],[29.5709,-5.838],[29.603,-5.7817],[29.6124,-5.7044],[29.5935,-5.6203],[29.4964,-5.3917],[29.4556,-5.23],[29.3778,-5.0875],[29.3442,-5.006],[29.3428,-5.0]]]}},{"type":"Feature","properties":{"id":"TZA-3393","name":"Kilimanjaro","nameBn":"কিলিমাঞ্জারো অঞ্চল","type":"Region","bounds":[36.8862,-4.6386,38.4162,-2.8552],"center":[37.6511,-4.0111]},"geometry":{"type":"Polygon","coordinates":[[[37.4242,-2.9228],[37.5623,-2.9999],[37.6449,-3.046],[37.6602,-3.0706],[37.6778,-3.179],[37.68,-3.1921],[37.7001,-3.3144],[37.6819,-3.3157],[37.6719,-3.3243],[37.6684,-3.3382],[37.6699,-3.3561],[37.651,-3.3576],[37.6272,-3.3703],[37.6049,-3.388],[37.5903,-3.4041],[37.5852,-3.413],[37.5805,-3.4241],[37.5779,-3.4358],[37.5794,-3.4464],[37.5867,-3.4537],[37.6031,-3.4558],[37.6082,-3.4636],[37.6041,-3.4801],[37.5962,-3.4997],[37.5991,-3.5134],[37.6469,-3.5106],[37.6683,-3.5125],[37.6894,-3.5181],[37.7083,-3.5272],[37.7223,-3.54],[37.7298,-3.5554],[37.7472,-3.617],[37.7572,-3.6375],[37.771,-3.6554],[37.8254,-3.6945],[37.9108,-3.756],[37.9961,-3.8175],[38.0815,-3.879],[38.1668,-3.9404],[38.2521,-4.0019],[38.3375,-4.0633],[38.4162,-4.12],[38.4161,-4.1201],[38.075,-4.6073],[38.0299,-4.6386],[38.0034,-4.6074],[37.9816,-4.5884],[37.9712,-4.584],[37.9513,-4.5801],[37.9413,-4.5735],[37.9274,-4.568],[37.8672,-4.5659],[37.8447,-4.5689],[37.808,-4.592],[37.7851,-4.5956],[37.761,-4.5869],[37.6917,-4.5339],[37.6046,-4.4855],[37.5814,-4.4823],[37.5299,-4.4401],[37.4968,-4.3835],[37.4948,-4.3068],[37.5004,-4.2295],[37.4982,-4.1974],[37.4989,-4.1662],[37.5139,-4.1297],[37.5129,-4.102],[37.5069,-4.075],[37.4849,-3.9991],[37.4728,-3.9787],[37.4639,-3.9281],[37.4674,-3.817],[37.4497,-3.7725],[37.4201,-3.7204],[37.3832,-3.6577],[37.3294,-3.5993],[37.2985,-3.5262],[37.3026,-3.5072],[37.288,-3.4946],[37.2587,-3.4928],[37.231,-3.4839],[37.2187,-3.4658],[37.2059,-3.4507],[37.1862,-3.4526],[37.1662,-3.4583],[37.1397,-3.485],[37.1123,-3.4822],[37.087,-3.4846],[37.0624,-3.491],[37.0603,-3.3096],[37.023,-3.2411],[36.9532,-3.1953],[36.9212,-3.1813],[36.8969,-3.1577],[36.8877,-3.1109],[36.8862,-3.063],[36.9092,-2.9972],[36.976,-2.9776],[37.0093,-2.9632],[37.0346,-2.9368],[37.0944,-2.8879],[37.1406,-2.8573],[37.1915,-2.8556],[37.2087,-2.8619],[37.2283,-2.8552],[37.2644,-2.8594],[37.297,-2.8785],[37.3796,-2.9126],[37.4236,-2.9226],[37.4242,-2.9228]]]}},{"type":"Feature","properties":{"id":"TZA-3381","name":"Kusini-Pemba","nameBn":"সাউথ পেম্বা অঞ্চল","type":"Region","bounds":[39.569,-5.4778,39.856,-5.157],"center":[39.7495,-5.3498]},"geometry":{"type":"MultiPolygon","coordinates":[[[[39.8559,-5.1823],[39.8556,-5.2294],[39.8485,-5.2455],[39.856,-5.253],[39.844,-5.267],[39.8143,-5.3554],[39.8067,-5.3661],[39.8025,-5.3704],[39.801,-5.3767],[39.8006,-5.3937],[39.7961,-5.4068],[39.7873,-5.4091],[39.7815,-5.4011],[39.7864,-5.3832],[39.7809,-5.3832],[39.7742,-5.3995],[39.7707,-5.4055],[39.766,-5.4106],[39.7693,-5.4212],[39.764,-5.4323],[39.7528,-5.4426],[39.7386,-5.4516],[39.729,-5.4542],[39.7263,-5.4505],[39.7297,-5.4441],[39.7386,-5.4386],[39.7386,-5.4311],[39.7244,-5.4347],[39.7136,-5.4413],[39.7054,-5.443],[39.6983,-5.4311],[39.6634,-5.4322],[39.6489,-5.4275],[39.6431,-5.414],[39.6436,-5.379],[39.6475,-5.3631],[39.6567,-5.3492],[39.6506,-5.3385],[39.6631,-5.3364],[39.6983,-5.3424],[39.6902,-5.3282],[39.6693,-5.3027],[39.6636,-5.2872],[39.6792,-5.2912],[39.6989,-5.2927],[39.7166,-5.2896],[39.7263,-5.2804],[39.7149,-5.2778],[39.7051,-5.2741],[39.697,-5.2685],[39.6908,-5.2599],[39.7064,-5.26],[39.7303,-5.2538],[39.7461,-5.253],[39.7642,-5.2624],[39.7741,-5.2595],[39.7809,-5.2394],[39.7608,-5.2468],[39.7363,-5.24],[39.6908,-5.2114],[39.6809,-5.2177],[39.6687,-5.214],[39.6574,-5.2038],[39.6499,-5.1909],[39.6607,-5.1952],[39.6677,-5.2004],[39.6745,-5.2023],[39.6839,-5.1977],[39.6935,-5.2006],[39.7276,-5.2057],[39.7461,-5.2052],[39.7386,-5.1977],[39.7463,-5.1783],[39.7425,-5.1618],[39.7517,-5.157],[39.7807,-5.1578],[39.7889,-5.1694],[39.7856,-5.1835],[39.7889,-5.1975],[39.8088,-5.2016],[39.8278,-5.1917],[39.8559,-5.1823]]],[[[39.5755,-5.3945],[39.5842,-5.3992],[39.5989,-5.4085],[39.6094,-5.423],[39.6212,-5.4411],[39.637,-5.4469],[39.6522,-5.4509],[39.6621,-5.4637],[39.6598,-5.476],[39.6329,-5.4778],[39.6153,-5.4638],[39.6001,-5.4458],[39.5913,-5.433],[39.5796,-5.4207],[39.569,-5.4062],[39.5755,-5.3945]]]]}},{"type":"Feature","properties":{"id":"TZA-3387","name":"Lindi","nameBn":"লিন্ডি অঞ্চল","type":"Region","bounds":[36.8704,-10.817,39.9764,-7.9434],"center":[38.4234,-9.4434]},"geometry":{"type":"Polygon","coordinates":[[[39.2847,-8.3186],[39.2927,-8.3349],[39.301,-8.3611],[39.3053,-8.3889],[39.3067,-8.4194],[39.3,-8.4773],[39.3031,-8.5055],[39.3364,-8.5395],[39.349,-8.5626],[39.3577,-8.5883],[39.3618,-8.6109],[39.36,-8.6944],[39.3543,-8.714],[39.3893,-8.7238],[39.3953,-8.7301],[39.3981,-8.7381],[39.4022,-8.7451],[39.4131,-8.7481],[39.4331,-8.7496],[39.4391,-8.7555],[39.4396,-8.7678],[39.4439,-8.789],[39.4526,-8.8054],[39.4636,-8.8128],[39.4756,-8.818],[39.4885,-8.8269],[39.4971,-8.8409],[39.5086,-8.8759],[39.5195,-8.892],[39.5477,-8.9132],[39.5537,-8.9223],[39.5397,-8.9262],[39.5278,-8.9255],[39.5207,-8.923],[39.506,-8.9119],[39.5041,-8.9098],[39.4849,-8.892],[39.4646,-8.8674],[39.4494,-8.8587],[39.4302,-8.8613],[39.419,-8.8658],[39.4131,-8.8674],[39.4089,-8.8702],[39.3887,-8.8989],[39.4038,-8.9046],[39.4642,-8.8989],[39.4509,-8.9151],[39.4476,-8.9256],[39.4553,-8.9313],[39.4749,-8.933],[39.4919,-8.9384],[39.492,-8.9523],[39.4862,-8.9721],[39.4849,-8.9944],[39.4873,-8.9981],[39.4963,-9.005],[39.4985,-9.0087],[39.4988,-9.0276],[39.4985,-9.0292],[39.4932,-9.0393],[39.4924,-9.0429],[39.4945,-9.0453],[39.4992,-9.0471],[39.5038,-9.0502],[39.506,-9.0562],[39.5031,-9.0659],[39.4973,-9.0724],[39.4933,-9.0795],[39.4954,-9.0906],[39.5027,-9.1066],[39.5027,-9.1142],[39.4985,-9.1242],[39.5127,-9.1212],[39.53,-9.1131],[39.5461,-9.103],[39.5571,-9.0938],[39.5692,-9.093],[39.5837,-9.1062],[39.6267,-9.1603],[39.6438,-9.1891],[39.6486,-9.2199],[39.6328,-9.2514],[39.6321,-9.2585],[39.6379,-9.2667],[39.6455,-9.275],[39.6499,-9.2825],[39.6499,-9.2936],[39.6444,-9.3137],[39.6431,-9.3234],[39.6463,-9.3566],[39.6428,-9.3686],[39.6294,-9.3855],[39.616,-9.3971],[39.6072,-9.3991],[39.5974,-9.3976],[39.5816,-9.3992],[39.5691,-9.405],[39.564,-9.4142],[39.5642,-9.4282],[39.5674,-9.4475],[39.5763,-9.4431],[39.5877,-9.4411],[39.6084,-9.4401],[39.6108,-9.4291],[39.6159,-9.4249],[39.6257,-9.4299],[39.6321,-9.4365],[39.6355,-9.4391],[39.6397,-9.4401],[39.6507,-9.4448],[39.6524,-9.4552],[39.6502,-9.4666],[39.6499,-9.4743],[39.6567,-9.4835],[39.6807,-9.5053],[39.6891,-9.525],[39.7009,-9.5795],[39.7114,-9.5947],[39.7249,-9.6041],[39.7223,-9.6105],[39.7144,-9.6168],[39.7121,-9.6251],[39.7171,-9.6359],[39.7219,-9.6428],[39.7352,-9.6559],[39.7409,-9.6668],[39.7375,-9.6871],[39.7466,-9.7065],[39.7385,-9.713],[39.7183,-9.7206],[39.7014,-9.7364],[39.697,-9.7449],[39.7051,-9.7486],[39.7448,-9.7477],[39.7523,-9.7486],[39.7555,-9.7558],[39.7634,-9.7828],[39.7697,-9.7931],[39.7861,-9.8049],[39.794,-9.8124],[39.8006,-9.8238],[39.8073,-9.8522],[39.8001,-9.8727],[39.7813,-9.8824],[39.7523,-9.879],[39.7608,-9.8925],[39.7892,-9.9142],[39.7902,-9.923],[39.7795,-9.9301],[39.745,-9.9446],[39.7142,-9.9521],[39.7137,-9.9636],[39.7263,-9.9889],[39.7244,-10.0075],[39.7171,-10.0216],[39.7054,-10.0329],[39.6908,-10.0434],[39.7165,-10.0388],[39.7632,-9.9828],[39.7837,-9.985],[39.797,-9.9924],[39.8269,-9.9903],[39.8482,-10.0114],[39.8613,-10.0131],[39.876,-10.0125],[39.8894,-10.0149],[39.9143,-10.0339],[39.9749,-10.1334],[39.9764,-10.1783],[39.9444,-10.198],[39.9094,-10.2243],[39.7479,-10.315],[39.706,-10.3301],[39.6804,-10.3635],[39.674,-10.4062],[39.6567,-10.4449],[39.6572,-10.4718],[39.683,-10.4935],[39.6884,-10.5293],[39.6649,-10.5645],[39.6318,-10.5949],[39.591,-10.5735],[39.5619,-10.5034],[39.5457,-10.4928],[39.5316,-10.4749],[39.4984,-10.3832],[39.4217,-10.3349],[39.3972,-10.3356],[39.372,-10.3397],[39.3465,-10.3679],[39.3156,-10.3827],[39.2833,-10.3808],[39.2722,-10.4039],[39.262,-10.4459],[39.2178,-10.4547],[39.2054,-10.428],[39.1988,-10.3964],[39.1659,-10.3895],[39.1254,-10.4063],[39.0425,-10.4519],[38.996,-10.4672],[38.9187,-10.5021],[38.8913,-10.5218],[38.8728,-10.5423],[38.8029,-10.548],[38.7641,-10.5371],[38.7351,-10.5171],[38.701,-10.516],[38.6695,-10.531],[38.58,-10.5379],[38.3142,-10.6463],[38.2523,-10.7082],[38.2031,-10.7814],[38.1679,-10.8047],[37.993,-10.817],[37.9431,-10.7261],[37.9209,-10.7014],[37.9038,-10.6756],[37.8895,-10.6287],[37.8638,-10.5845],[37.857,-10.5625],[37.8463,-10.5389],[37.8217,-10.4985],[37.7945,-10.4771],[37.7643,-10.4603],[37.7175,-10.4269],[37.1623,-10.2929],[36.9206,-10.2012],[36.8712,-10.1595],[36.8742,-10.0875],[36.8704,-10.0148],[36.8773,-9.9539],[36.9027,-9.8991],[36.9855,-9.8248],[37.0619,-9.7414],[37.1056,-9.6791],[37.1294,-9.621],[37.1431,-9.5612],[37.2211,-9.3187],[37.2374,-9.2912],[37.2492,-9.2614],[37.2578,-9.1978],[37.3038,-9.16],[37.3595,-9.1423],[37.3666,-9.1033],[37.3371,-9.0603],[37.3457,-8.998],[37.3192,-8.9331],[37.3197,-8.8999],[37.3056,-8.8092],[37.312,-8.7801],[37.3553,-8.6922],[37.3784,-8.6154],[37.3814,-8.5933],[37.3819,-8.5721],[37.3779,-8.5594],[37.3606,-8.5287],[37.3686,-8.4994],[37.3889,-8.4736],[37.4092,-8.4533],[37.4265,-8.4301],[37.4549,-8.3787],[37.4741,-8.3543],[37.4801,-8.3503],[37.4944,-8.3454],[37.5017,-8.3403],[37.5067,-8.3332],[37.5114,-8.3191],[37.5261,-8.2989],[37.5382,-8.2699],[37.5728,-8.2155],[37.5806,-8.2069],[37.5945,-8.2007],[37.6127,-8.1956],[37.6284,-8.1875],[37.6352,-8.1721],[37.6383,-8.1565],[37.6459,-8.1433],[37.6713,-8.1137],[37.6745,-8.1073],[37.6759,-8.1002],[37.6761,-8.0902],[37.6784,-8.0813],[37.6838,-8.0752],[37.6905,-8.0698],[37.6966,-8.0629],[37.717,-8.028],[37.7284,-8.014],[37.7444,-8.0008],[37.7703,-7.9864],[37.7785,-7.9797],[37.7849,-7.9709],[37.7948,-7.9514],[37.8012,-7.9434],[37.941,-8.0492],[37.9917,-8.0799],[38.1103,-8.121],[38.2336,-8.1478],[38.2892,-8.1759],[38.3812,-8.2562],[38.4299,-8.2895],[38.5038,-8.3597],[38.5201,-8.4544],[38.5364,-8.495],[38.5933,-8.4968],[38.6398,-8.4688],[38.6611,-8.4135],[38.687,-8.3718],[38.7567,-8.3563],[38.776,-8.3621],[38.7855,-8.3769],[38.8022,-8.3826],[38.8647,-8.3694],[38.9892,-8.328],[39.1833,-8.2857],[39.2332,-8.284],[39.2704,-8.3134],[39.2847,-8.3186]]]}},{"type":"Feature","properties":{"id":"TZA-3392","name":"Manyara","nameBn":"ম্যানিয়ারা অঞ্চল","type":"Region","bounds":[34.8692,-6.0021,38.0491,-3.4507],"center":[36.4591,-4.8878]},"geometry":{"type":"Polygon","coordinates":[[[37.0607,-5.8679],[36.9151,-5.9846],[36.8617,-6.0021],[36.7922,-5.9819],[36.7251,-5.9558],[36.6753,-5.9119],[36.639,-5.8557],[36.6102,-5.7975],[36.5701,-5.7488],[36.5058,-5.7185],[36.4449,-5.6813],[36.4098,-5.6358],[36.3812,-5.5858],[36.3345,-5.5395],[36.2826,-5.498],[36.2442,-5.4578],[36.2309,-5.412],[36.2481,-5.3557],[36.2372,-5.2927],[36.259,-5.2391],[36.2907,-5.1899],[36.3121,-5.1197],[36.349,-4.8792],[36.3607,-4.6759],[36.3552,-4.6432],[36.3321,-4.5923],[36.316,-4.5376],[36.3062,-4.4814],[36.2992,-4.1848],[36.0491,-4.2553],[36.0193,-4.278],[35.9947,-4.2925],[35.9835,-4.3007],[35.9529,-4.3515],[35.9033,-4.3503],[35.8788,-4.3671],[35.8546,-4.3791],[35.8377,-4.3696],[35.8204,-4.3624],[35.8043,-4.3738],[35.7936,-4.3908],[35.7505,-4.432],[35.6719,-4.4859],[35.6498,-4.4774],[35.6409,-4.4827],[35.6362,-4.5002],[35.6381,-4.5171],[35.6436,-4.5331],[35.6613,-4.5684],[35.6518,-4.6065],[35.6011,-4.6866],[35.5323,-4.826],[35.5103,-4.8616],[35.4581,-4.8703],[35.3666,-4.8619],[35.3544,-4.856],[35.3409,-4.8545],[35.2813,-4.8316],[35.2436,-4.7614],[35.185,-4.7511],[35.1448,-4.7235],[35.1452,-4.6815],[35.1357,-4.6419],[35.069,-4.6095],[35.0323,-4.5287],[34.9825,-4.4715],[34.9144,-4.4312],[34.8692,-4.3811],[34.9064,-4.28],[34.9598,-4.1836],[35.017,-4.1076],[35.0144,-4.0778],[34.929,-3.985],[34.8922,-3.9095],[34.9267,-3.8909],[34.9646,-3.8751],[34.9992,-3.8566],[35.0579,-3.8386],[35.0719,-3.8237],[35.0751,-3.8091],[35.0844,-3.7968],[35.1796,-3.7385],[35.2103,-3.7389],[35.2384,-3.7297],[35.2732,-3.7057],[35.313,-3.6912],[35.3794,-3.6243],[35.4216,-3.6239],[35.4604,-3.6449],[35.5007,-3.6528],[35.5319,-3.666],[35.5065,-3.6949],[35.4869,-3.7287],[35.5171,-3.7599],[35.5623,-3.7661],[35.5798,-3.7397],[35.5767,-3.7013],[35.6954,-3.6696],[35.7128,-3.6338],[35.7187,-3.5642],[35.7451,-3.5678],[35.7584,-3.6153],[35.7337,-3.6871],[35.7266,-3.7599],[35.7484,-3.8287],[35.7688,-3.823],[35.7718,-3.7931],[35.7984,-3.7594],[35.834,-3.7282],[35.8825,-3.6643],[35.9402,-3.6448],[35.973,-3.6918],[36.0207,-3.7812],[36.2466,-4.1086],[36.2963,-4.1295],[36.3427,-4.1235],[36.3524,-4.1032],[36.3974,-4.0944],[36.4443,-4.0904],[36.4717,-4.0817],[36.5,-4.0828],[36.5165,-4.0895],[36.5307,-4.0821],[36.5321,-4.0249],[36.5096,-3.8985],[36.501,-3.7842],[36.5174,-3.7437],[36.5771,-3.6654],[36.5952,-3.6584],[36.6145,-3.6544],[36.6353,-3.6364],[36.6551,-3.6295],[36.6624,-3.613],[36.6623,-3.6026],[36.6694,-3.595],[36.7424,-3.5913],[36.7609,-3.5964],[36.7789,-3.6086],[36.7978,-3.6421],[36.8284,-3.635],[36.853,-3.6019],[36.8792,-3.573],[36.9544,-3.5722],[36.9772,-3.5516],[36.9958,-3.5255],[37.0275,-3.5041],[37.0624,-3.491],[37.087,-3.4846],[37.1123,-3.4822],[37.1397,-3.485],[37.1662,-3.4583],[37.1862,-3.4526],[37.2059,-3.4507],[37.2187,-3.4658],[37.231,-3.4839],[37.2587,-3.4928],[37.288,-3.4946],[37.3026,-3.5072],[37.2985,-3.5262],[37.3294,-3.5993],[37.3832,-3.6577],[37.4201,-3.7204],[37.4497,-3.7725],[37.4674,-3.817],[37.4639,-3.9281],[37.4728,-3.9787],[37.4849,-3.9991],[37.5069,-4.075],[37.5129,-4.102],[37.5139,-4.1297],[37.4989,-4.1662],[37.4982,-4.1974],[37.5004,-4.2295],[37.4948,-4.3068],[37.4968,-4.3835],[37.5299,-4.4401],[37.5814,-4.4823],[37.6046,-4.4855],[37.6917,-4.5339],[37.761,-4.5869],[37.7851,-4.5956],[37.808,-4.592],[37.8447,-4.5689],[37.8672,-4.5659],[37.9274,-4.568],[37.9413,-4.5735],[37.9513,-4.5801],[37.9712,-4.584],[37.9816,-4.5884],[38.0034,-4.6074],[38.0299,-4.6386],[37.9799,-4.6912],[37.9721,-4.7573],[37.9715,-4.8056],[37.9853,-4.8483],[38.005,-4.8745],[38.0121,-4.9072],[38.0237,-4.9353],[38.0404,-4.961],[38.0491,-4.9989],[38.0009,-4.997],[37.9732,-4.9813],[37.9469,-4.9622],[37.9293,-4.9631],[37.8609,-4.9776],[37.8111,-4.9942],[37.7496,-5.0086],[37.6901,-4.9946],[37.6416,-4.9784],[37.5917,-4.9782],[37.5366,-5.0278],[37.3893,-5.2055],[37.3809,-5.2288],[37.3892,-5.255],[37.3881,-5.2835],[37.366,-5.38],[37.3436,-5.4464],[37.2517,-5.5647],[37.2327,-5.6185],[37.2112,-5.7357],[37.1796,-5.7871],[37.0607,-5.8679]]]}},{"type":"Feature","properties":{"id":"TZA-3394","name":"Mara","nameBn":"মারা অঞ্চল","type":"Region","bounds":[32.7039,-2.4913,35.3414,-1.0021],"center":[34.0227,-1.5891]},"geometry":{"type":"Polygon","coordinates":[[[33.9845,-1.0021],[34.0,-1.0026],[34.002,-1.0287],[34.0154,-1.0375],[34.0525,-1.0404],[34.1275,-1.0823],[34.3421,-1.2021],[34.5569,-1.3219],[34.7189,-1.4124],[34.7716,-1.4418],[34.9862,-1.5616],[35.201,-1.6815],[35.2464,-1.7068],[35.2464,-1.707],[35.2249,-2.1012],[35.2328,-2.1459],[35.2705,-2.1705],[35.3274,-2.1874],[35.3414,-2.237],[35.3266,-2.2959],[35.3012,-2.3496],[35.2731,-2.3586],[35.2489,-2.37],[35.2076,-2.487],[34.6578,-2.4913],[34.621,-2.4751],[34.5648,-2.4367],[34.5395,-2.4354],[34.5072,-2.4394],[34.4785,-2.4249],[34.4559,-2.3898],[34.4284,-2.3578],[34.3545,-2.3147],[34.3216,-2.2905],[34.2983,-2.2569],[34.2753,-2.2434],[34.2478,-2.2379],[34.1696,-2.196],[34.1345,-2.1959],[34.0996,-2.1916],[34.0356,-2.1324],[34.0111,-2.1472],[34.0043,-2.182],[33.9646,-2.1857],[33.8969,-2.1818],[33.8706,-2.194],[33.8311,-2.1721],[33.8316,-2.1626],[33.816,-2.1233],[33.7864,-2.095],[33.7494,-2.086],[33.7121,-2.1046],[33.6666,-2.1377],[33.6572,-2.1421],[33.6422,-2.1468],[33.6289,-2.1582],[33.6056,-2.1831],[33.566,-2.1632],[33.5094,-2.1532],[33.4494,-2.1512],[33.4002,-2.1558],[33.3726,-2.1662],[33.3581,-2.1679],[33.3518,-2.1592],[33.3475,-2.1462],[33.3367,-2.1359],[33.3109,-2.1216],[33.2825,-2.1112],[33.2594,-2.1112],[33.2396,-2.1216],[33.2215,-2.1421],[33.2135,-2.1304],[33.21,-2.1232],[33.2078,-2.1148],[33.2088,-2.1044],[33.2178,-2.0906],[33.2215,-2.0801],[33.2212,-2.0726],[33.2193,-2.0619],[33.2169,-2.0535],[33.2146,-2.0534],[33.219,-2.0428],[33.2211,-2.0417],[33.2233,-2.0447],[33.2283,-2.0459],[33.2564,-2.0472],[33.2562,-2.0459],[33.281,-2.0525],[33.2859,-2.0565],[33.2927,-2.0455],[33.2924,-2.0317],[33.2848,-2.019],[33.2698,-2.0118],[33.2816,-2.0006],[33.2968,-2.0115],[33.3105,-2.031],[33.3177,-2.0459],[33.3245,-2.0459],[33.3242,-2.0166],[33.3404,-2.0192],[33.3797,-2.0534],[33.3827,-2.0462],[33.3861,-2.0427],[33.4002,-2.0391],[33.3723,-1.9981],[33.3999,-1.9723],[33.4314,-1.9813],[33.4964,-2.0255],[33.5428,-2.0258],[33.5504,-2.0289],[33.5572,-2.015],[33.5689,-2.0016],[33.5734,-1.9872],[33.5579,-1.9702],[33.5499,-1.9748],[33.547,-1.9754],[33.5443,-1.9735],[33.5368,-1.9702],[33.5406,-1.9682],[33.5418,-1.9682],[33.5423,-1.9675],[33.5442,-1.9634],[33.5044,-1.9537],[33.4617,-1.9497],[33.4884,-1.9323],[33.4902,-1.9268],[33.4821,-1.9156],[33.4608,-1.9016],[33.455,-1.8935],[33.4617,-1.8814],[33.4489,-1.8797],[33.4379,-1.8803],[33.4303,-1.8849],[33.4276,-1.8951],[33.3926,-1.8972],[33.3529,-1.9249],[33.3144,-1.9445],[33.2829,-1.9224],[33.3071,-1.9074],[33.3109,-1.9056],[33.3102,-1.8909],[33.3112,-1.8836],[33.319,-1.8701],[33.305,-1.8493],[33.3007,-1.8343],[33.3431,-1.7386],[33.3852,-1.7081],[33.4294,-1.713],[33.4555,-1.7345],[33.4644,-1.6826],[33.462,-1.6271],[33.4667,-1.5724],[33.4561,-1.5213],[33.3344,-1.4736],[32.7208,-1.4835],[32.7039,-1.4688],[32.7223,-1.0026],[32.7239,-1.0026],[32.8472,-1.0026],[32.907,-1.0026],[33.0899,-1.0026],[33.2731,-1.0026],[33.4264,-1.0026],[33.4561,-1.0026],[33.6318,-1.0026],[33.6393,-1.0026],[33.8223,-1.0026],[33.9042,-1.0026],[33.9804,-1.0026],[33.9845,-1.0021]]]}},{"type":"Feature","properties":{"id":"TZA-3335","name":"Mbeya","nameBn":"এমবেয়া অঞ্চল","type":"Region","bounds":[31.9926,-9.718,35.0635,-6.8669],"center":[33.5281,-8.297]},"geometry":{"type":"Polygon","coordinates":[[[34.0785,-9.5102],[34.0475,-9.49],[34.0127,-9.4775],[33.9965,-9.4918],[33.9843,-9.5056],[33.9607,-9.5249],[33.9459,-9.55],[33.9645,-9.5947],[33.9626,-9.6121],[33.9556,-9.6423],[33.9549,-9.6606],[33.9513,-9.6736],[33.9431,-9.6839],[33.9283,-9.6935],[33.9283,-9.7003],[33.9119,-9.718],[33.9002,-9.7096],[33.8893,-9.6897],[33.8653,-9.6696],[33.8369,-9.6528],[33.8135,-9.6433],[33.7875,-9.6265],[33.762,-9.601],[33.7346,-9.5841],[33.7025,-9.5929],[33.6761,-9.6077],[33.6506,-9.611],[33.6501,-9.6109],[33.6239,-9.6063],[33.5934,-9.5968],[33.5595,-9.5933],[33.5352,-9.6033],[33.5116,-9.617],[33.4805,-9.6244],[33.439,-9.6215],[33.4196,-9.6156],[33.4042,-9.6049],[33.3922,-9.5862],[33.375,-9.5491],[33.3565,-9.5318],[33.3003,-9.4922],[33.2824,-9.486],[33.2735,-9.4877],[33.2577,-9.498],[33.2491,-9.5007],[33.2371,-9.4996],[33.2163,-9.4934],[33.2024,-9.4935],[33.1958,-9.4967],[33.182,-9.5079],[33.1729,-9.511],[33.1692,-9.5089],[33.1399,-9.4974],[33.113,-9.4915],[33.1039,-9.4879],[33.0423,-9.4407],[32.9923,-9.3914],[32.9747,-9.3812],[32.9553,-9.3821],[32.9363,-9.3917],[32.9209,-9.4079],[32.9055,-9.3982],[32.8307,-9.3702],[32.7843,-9.3397],[32.777,-9.3382],[32.7596,-9.34],[32.7523,-9.3374],[32.7465,-9.33],[32.7434,-9.315],[32.7397,-9.3073],[32.7258,-9.2926],[32.7132,-9.2858],[32.6416,-9.2798],[32.5556,-9.2612],[32.518,-9.2582],[32.5045,-9.2493],[32.4901,-9.2273],[32.4707,-9.1819],[32.4597,-9.168],[32.4234,-9.1438],[32.383,-9.1339],[32.2527,-9.1365],[32.2314,-9.1338],[32.2113,-9.1268],[32.1916,-9.1122],[32.1548,-9.0752],[32.1456,-9.0703],[32.146,-9.0638],[32.1368,-9.004],[32.1464,-8.9922],[32.1624,-8.9904],[32.1495,-8.9499],[32.1106,-8.9143],[32.0881,-8.8984],[32.0701,-8.8785],[32.0906,-8.8502],[32.055,-8.8134],[32.009,-8.7826],[32.0302,-8.7426],[32.1547,-8.6985],[32.2124,-8.6635],[32.2874,-8.5691],[32.2919,-8.4563],[32.2747,-8.4021],[32.2781,-8.3451],[32.3149,-8.3011],[32.3762,-8.299],[32.5018,-8.2146],[32.528,-8.2267],[32.5322,-8.2467],[32.528,-8.2765],[32.5431,-8.3014],[32.5441,-8.3311],[32.5488,-8.36],[32.6321,-8.4649],[32.6737,-8.4684],[32.7126,-8.4633],[32.7501,-8.4703],[32.7423,-8.4048],[32.5113,-8.0987],[32.4644,-8.0518],[32.2788,-7.9287],[32.0102,-7.7891],[31.9926,-7.754],[32.0201,-7.6683],[32.0594,-7.5876],[32.0943,-7.5344],[32.197,-7.4955],[32.2334,-7.4245],[32.2732,-7.3159],[32.2738,-7.2101],[32.5014,-7.132],[32.5528,-7.1036],[32.6225,-7.1053],[32.6905,-7.0938],[32.7164,-7.0747],[32.7807,-6.972],[32.7923,-6.9469],[32.8173,-6.9368],[32.8611,-6.9413],[32.8948,-6.92],[32.9186,-6.8982],[32.9503,-6.887],[33.0362,-6.8669],[33.1178,-6.8909],[33.1872,-6.9373],[33.2677,-6.9556],[33.4849,-6.9428],[33.5153,-6.9685],[33.5381,-7.0013],[33.5522,-7.0532],[33.5598,-7.1078],[33.584,-7.1477],[33.6266,-7.1636],[33.6613,-7.1971],[33.685,-7.2412],[33.7008,-7.2643],[33.7204,-7.2843],[33.7778,-7.3017],[33.7905,-7.3248],[33.7937,-7.3519],[33.8115,-7.3937],[33.8154,-7.4347],[33.8318,-7.4442],[33.8515,-7.4493],[33.8932,-7.4788],[33.9385,-7.499],[33.9643,-7.5161],[33.9804,-7.5346],[33.9661,-7.5624],[33.9462,-7.5863],[33.9188,-7.6505],[33.8959,-7.6892],[33.8688,-7.7251],[33.8505,-7.762],[33.8418,-7.8027],[33.8563,-7.8319],[33.8946,-7.8369],[34.3599,-7.8136],[34.4113,-7.8178],[34.5593,-7.8526],[34.5962,-7.8783],[34.6388,-7.8922],[34.9096,-7.9351],[34.9196,-7.9654],[34.9159,-7.9911],[34.9425,-7.9957],[34.9907,-7.9918],[35.036,-8.0079],[35.0635,-8.0356],[35.0393,-8.0682],[34.9956,-8.102],[34.9406,-8.1183],[34.9164,-8.148],[34.8803,-8.2308],[34.8541,-8.2742],[34.8188,-8.3011],[34.7766,-8.3153],[34.7399,-8.3492],[34.7115,-8.3925],[34.6906,-8.434],[34.7065,-8.4746],[34.7279,-8.5057],[34.7442,-8.5399],[34.7325,-8.6052],[34.7074,-8.6703],[34.6849,-8.6857],[34.6522,-8.6818],[34.6148,-8.6955],[34.5826,-8.7179],[34.5565,-8.7701],[34.5213,-8.8072],[34.475,-8.8255],[34.4235,-8.8266],[34.3275,-8.813],[34.2277,-8.8371],[34.1701,-8.8385],[34.1116,-8.8332],[34.0609,-8.8537],[34.0507,-8.8825],[34.0228,-8.8916],[33.949,-8.8663],[33.8945,-8.877],[33.8533,-8.9136],[33.7959,-9.0063],[33.8017,-9.0539],[33.835,-9.092],[33.8581,-9.1343],[33.875,-9.1794],[33.8537,-9.1907],[33.8483,-9.2114],[33.8823,-9.2189],[33.8933,-9.2322],[33.8959,-9.2635],[33.9184,-9.2922],[33.973,-9.3858],[34.0033,-9.4269],[34.0219,-9.4349],[34.0422,-9.4376],[34.0824,-9.4775],[34.0785,-9.5102]]]}},{"type":"Feature","properties":{"id":"TZA-3379","name":"Morogoro","nameBn":"মুরোগুরো অঞ্চল","type":"Region","bounds":[35.3284,-9.961,38.5156,-5.7894],"center":[36.922,-8.6967]},"geometry":{"type":"Polygon","coordinates":[[[37.8012,-7.9434],[37.7948,-7.9514],[37.7849,-7.9709],[37.7785,-7.9797],[37.7703,-7.9864],[37.7444,-8.0008],[37.7284,-8.014],[37.717,-8.028],[37.6966,-8.0629],[37.6905,-8.0698],[37.6838,-8.0752],[37.6784,-8.0813],[37.6761,-8.0902],[37.6759,-8.1002],[37.6745,-8.1073],[37.6713,-8.1137],[37.6459,-8.1433],[37.6383,-8.1565],[37.6352,-8.1721],[37.6284,-8.1875],[37.6127,-8.1956],[37.5945,-8.2007],[37.5806,-8.2069],[37.5728,-8.2155],[37.5382,-8.2699],[37.5261,-8.2989],[37.5114,-8.3191],[37.5067,-8.3332],[37.5017,-8.3403],[37.4944,-8.3454],[37.4801,-8.3503],[37.4741,-8.3543],[37.4549,-8.3787],[37.4265,-8.4301],[37.4092,-8.4533],[37.3889,-8.4736],[37.3686,-8.4994],[37.3606,-8.5287],[37.3779,-8.5594],[37.3819,-8.5721],[37.3814,-8.5933],[37.3784,-8.6154],[37.3553,-8.6922],[37.312,-8.7801],[37.3056,-8.8092],[37.3197,-8.8999],[37.3192,-8.9331],[37.3457,-8.998],[37.3371,-9.0603],[37.3666,-9.1033],[37.3595,-9.1423],[37.3038,-9.16],[37.2578,-9.1978],[37.2492,-9.2614],[37.2374,-9.2912],[37.2211,-9.3187],[37.1431,-9.5612],[37.0687,-9.5829],[36.9796,-9.6488],[36.9474,-9.663],[36.8686,-9.7125],[36.8021,-9.7717],[36.7445,-9.8398],[36.6641,-9.9089],[36.5716,-9.9592],[36.5037,-9.961],[36.4784,-9.9136],[36.533,-9.843],[36.5642,-9.7622],[36.5239,-9.6892],[36.4928,-9.6132],[36.4938,-9.5807],[36.4808,-9.5527],[36.4695,-9.5582],[36.4489,-9.564],[36.4493,-9.609],[36.4403,-9.634],[36.3961,-9.696],[36.3702,-9.7228],[36.3644,-9.7273],[36.2816,-9.739],[36.2207,-9.7288],[36.1334,-9.751],[36.1068,-9.7352],[36.1014,-9.7268],[36.0922,-9.7294],[36.0849,-9.7218],[36.0878,-9.7091],[36.0437,-9.7215],[35.9986,-9.7606],[35.9893,-9.7877],[35.9726,-9.8086],[35.9372,-9.811],[35.9012,-9.8057],[35.7619,-9.8108],[35.7184,-9.7775],[35.7249,-9.7169],[35.7409,-9.7039],[35.763,-9.7026],[35.7822,-9.6868],[35.8264,-9.6176],[35.8607,-9.5754],[35.8677,-9.5544],[35.8584,-9.5333],[35.8624,-9.5016],[35.8776,-9.4709],[35.9181,-9.4344],[35.9335,-9.3841],[35.9163,-9.3508],[35.905,-9.3156],[35.9016,-9.2444],[35.897,-9.2241],[35.8968,-9.2077],[35.9033,-9.1982],[35.8998,-9.1887],[35.8356,-9.2606],[35.7766,-9.3154],[35.7375,-9.3303],[35.697,-9.3399],[35.694,-9.2924],[35.6802,-9.2469],[35.491,-9.0995],[35.4225,-8.9959],[35.401,-8.9857],[35.3843,-8.9997],[35.3654,-9.0086],[35.3533,-8.9695],[35.357,-8.8983],[35.348,-8.8782],[35.3299,-8.8697],[35.3284,-8.8539],[35.3538,-8.8171],[35.3527,-8.7726],[35.3362,-8.7322],[35.3412,-8.6881],[35.4214,-8.6856],[35.5128,-8.7117],[35.6273,-8.7308],[35.6434,-8.7542],[35.6482,-8.8389],[35.6697,-8.857],[35.6818,-8.8118],[35.6802,-8.7642],[35.7174,-8.6369],[35.7471,-8.6087],[35.8397,-8.5662],[35.9107,-8.5029],[35.9482,-8.3992],[36.0171,-8.3139],[36.0945,-8.2424],[36.182,-8.1894],[36.2191,-8.1971],[36.2514,-8.1891],[36.3093,-8.1803],[36.3266,-8.1511],[36.3202,-8.1175],[36.3148,-8.1011],[36.3135,-8.0839],[36.314,-8.071],[36.3155,-8.0604],[36.347,-8.0305],[36.4198,-7.975],[36.5078,-7.9428],[36.6018,-7.9521],[36.6901,-7.978],[36.7658,-7.9563],[36.8023,-7.8675],[36.8474,-7.7838],[36.9192,-7.7181],[36.9683,-7.6538],[36.9474,-7.649],[36.9371,-7.6491],[36.9338,-7.6486],[36.9189,-7.6422],[36.8688,-7.6374],[36.8605,-7.6377],[36.8469,-7.6425],[36.833,-7.6495],[36.8175,-7.652],[36.7991,-7.6439],[36.7917,-7.6348],[36.7895,-7.6242],[36.7934,-7.5929],[36.7925,-7.5894],[36.7899,-7.5857],[36.7841,-7.5811],[36.777,-7.5779],[36.7621,-7.5745],[36.7363,-7.5716],[36.7163,-7.5635],[36.693,-7.5584],[36.689,-7.5559],[36.6797,-7.5442],[36.6623,-7.53],[36.6412,-7.5214],[36.5956,-7.5107],[36.5825,-7.5092],[36.5603,-7.5132],[36.5467,-7.514],[36.5173,-7.5008],[36.5001,-7.4714],[36.4778,-7.3704],[36.5147,-7.3323],[36.5222,-7.2855],[36.5098,-7.2374],[36.5035,-7.1883],[36.5161,-7.1431],[36.5588,-7.0541],[36.6409,-7.0035],[36.6459,-6.9587],[36.6408,-6.779],[36.6644,-6.7047],[36.6798,-6.6828],[36.6792,-6.6579],[36.6679,-6.6419],[36.6708,-6.626],[36.685,-6.6299],[36.6991,-6.632],[36.7106,-6.6141],[36.7165,-6.5929],[36.7375,-6.543],[36.7621,-6.4451],[36.8034,-6.4248],[36.8575,-6.3435],[36.8303,-6.1078],[36.8318,-6.0505],[36.8617,-6.0021],[36.9151,-5.9846],[37.0607,-5.8679],[37.0758,-5.9735],[37.106,-5.989],[37.1325,-5.9978],[37.1119,-6.0272],[37.1157,-6.0534],[37.1193,-6.0599],[37.1192,-6.0693],[37.1417,-6.0934],[37.1685,-6.1109],[37.1953,-6.0843],[37.215,-6.044],[37.2575,-6.0125],[37.2891,-5.9742],[37.3253,-5.9595],[37.3575,-5.9308],[37.3757,-5.816],[37.3908,-5.7894],[37.4227,-5.8001],[37.4281,-5.8042],[37.4307,-5.8114],[37.4434,-5.8161],[37.4589,-5.8144],[37.4761,-5.8234],[37.4935,-5.8254],[37.5273,-5.8394],[37.5389,-5.8853],[37.6038,-5.9595],[37.6279,-5.9802],[37.655,-5.9529],[37.7074,-5.9556],[37.7478,-5.9427],[37.7465,-5.9147],[37.7614,-5.9022],[37.7854,-5.9094],[37.8015,-5.8946],[37.8489,-5.9305],[37.8792,-5.9819],[37.8807,-6.0104],[37.8872,-6.0379],[37.9052,-6.0569],[37.9323,-6.1153],[37.9578,-6.1484],[37.9695,-6.1724],[37.9843,-6.194],[38.0109,-6.2023],[38.034,-6.2063],[38.0195,-6.2091],[38.013,-6.2178],[38.0388,-6.2301],[38.057,-6.2519],[38.0602,-6.3324],[38.0395,-6.4853],[38.014,-6.5442],[37.9959,-6.5641],[37.9949,-6.5861],[37.9911,-6.5855],[38.0008,-6.6017],[38.0137,-6.6181],[38.0232,-6.6407],[38.0416,-6.6491],[38.0705,-6.6531],[38.0995,-6.6677],[38.1997,-6.705],[38.2233,-6.7075],[38.2466,-6.7034],[38.2562,-6.6952],[38.2672,-6.6897],[38.2861,-6.6883],[38.3037,-6.6919],[38.3209,-6.767],[38.2953,-6.8266],[38.286,-6.8854],[38.3249,-6.9409],[38.3468,-6.9401],[38.3646,-6.9511],[38.3741,-6.9604],[38.3861,-6.9658],[38.4018,-6.962],[38.417,-6.9559],[38.4374,-6.9601],[38.4527,-6.9703],[38.478,-6.9685],[38.4967,-6.9831],[38.5,-7.0186],[38.5097,-7.03],[38.5156,-7.043],[38.4906,-7.0936],[38.4544,-7.1385],[38.4323,-7.181],[38.3926,-7.1857],[38.3554,-7.2081],[38.3271,-7.2448],[38.3027,-7.3191],[38.346,-7.4433],[38.3658,-7.4855],[38.3604,-7.5219],[38.1994,-7.5495],[38.1506,-7.5663],[38.1004,-7.5756],[38.0655,-7.5669],[38.0289,-7.5629],[37.94,-7.5798],[37.9015,-7.593],[37.8717,-7.6197],[37.8637,-7.6698],[37.864,-7.7221],[37.853,-7.769],[37.8553,-7.8177],[37.851,-7.8223],[37.8453,-7.8307],[37.8415,-7.839],[37.8379,-7.8408],[37.8344,-7.8442],[37.8285,-7.8515],[37.8256,-7.8571],[37.8146,-7.8994],[37.8121,-7.9223],[37.8092,-7.9335],[37.8012,-7.9434]]]}},{"type":"Feature","properties":{"id":"TZA-3388","name":"Mtwara","nameBn":"এমতাওয়ারা অঞ্চল","type":"Region","bounds":[37.993,-11.4135,40.4494,-10.1301],"center":[39.2212,-10.814]},"geometry":{"type":"Polygon","coordinates":[[[40.4369,-10.4748],[40.421,-10.5038],[40.3892,-10.5353],[40.3533,-10.5607],[40.2885,-10.583],[40.2507,-10.6109],[40.1916,-10.6688],[40.1728,-10.6931],[40.1611,-10.7044],[40.1332,-10.7146],[40.0081,-10.8111],[39.9891,-10.8209],[39.886,-10.8645],[39.7858,-10.9326],[39.7605,-10.9431],[39.5928,-10.9794],[39.5157,-10.9851],[39.4985,-10.9906],[39.4827,-10.9992],[39.2866,-11.1541],[39.2633,-11.1668],[39.2382,-11.1742],[39.2116,-11.1739],[39.1905,-11.1662],[39.1498,-11.1443],[39.1262,-11.1397],[39.0954,-11.1534],[39.0608,-11.1601],[38.9301,-11.16],[38.8963,-11.1677],[38.8695,-11.1907],[38.8519,-11.2028],[38.831,-11.208],[38.8178,-11.2163],[38.778,-11.2537],[38.7597,-11.2632],[38.7487,-11.2628],[38.7271,-11.2577],[38.7151,-11.2565],[38.7042,-11.2585],[38.684,-11.2678],[38.6542,-11.2758],[38.6382,-11.2892],[38.6157,-11.3172],[38.5172,-11.3831],[38.4923,-11.4135],[38.4917,-11.4131],[38.4624,-11.3963],[38.3831,-11.3767],[38.3477,-11.3588],[38.2925,-11.3016],[38.2566,-11.2771],[38.2104,-11.27],[38.2005,-11.2727],[38.1784,-11.2818],[38.1669,-11.2838],[38.155,-11.2806],[38.1354,-11.2664],[38.1257,-11.2632],[38.1225,-11.2612],[38.1172,-11.252],[38.1154,-11.2495],[38.1093,-11.2496],[38.1043,-11.252],[38.1012,-11.2549],[38.1012,-11.2565],[38.0934,-11.2563],[38.0933,-11.2562],[38.0243,-11.0202],[37.993,-10.817],[38.1679,-10.8047],[38.2031,-10.7814],[38.2523,-10.7082],[38.3142,-10.6463],[38.58,-10.5379],[38.6695,-10.531],[38.701,-10.516],[38.7351,-10.5171],[38.7641,-10.5371],[38.8029,-10.548],[38.8728,-10.5423],[38.8913,-10.5218],[38.9187,-10.5021],[38.996,-10.4672],[39.0425,-10.4519],[39.1254,-10.4063],[39.1659,-10.3895],[39.1988,-10.3964],[39.2054,-10.428],[39.2178,-10.4547],[39.262,-10.4459],[39.2722,-10.4039],[39.2833,-10.3808],[39.3156,-10.3827],[39.3465,-10.3679],[39.372,-10.3397],[39.3972,-10.3356],[39.4217,-10.3349],[39.4984,-10.3832],[39.5316,-10.4749],[39.5457,-10.4928],[39.5619,-10.5034],[39.591,-10.5735],[39.6318,-10.5949],[39.6649,-10.5645],[39.6884,-10.5293],[39.683,-10.4935],[39.6572,-10.4718],[39.6567,-10.4449],[39.674,-10.4062],[39.6804,-10.3635],[39.706,-10.3301],[39.7479,-10.315],[39.9094,-10.2243],[39.9444,-10.198],[39.9764,-10.1783],[39.9768,-10.191],[39.9851,-10.221],[39.9954,-10.2091],[40.0005,-10.1926],[40.0007,-10.1752],[39.9956,-10.1598],[39.9866,-10.1397],[39.9888,-10.1313],[40.0007,-10.1301],[40.0198,-10.1329],[40.0344,-10.1371],[40.0653,-10.1505],[40.0848,-10.155],[40.1248,-10.1694],[40.1296,-10.1682],[40.1327,-10.1697],[40.1359,-10.1806],[40.134,-10.1935],[40.1275,-10.207],[40.1243,-10.2216],[40.1325,-10.2384],[40.1355,-10.2477],[40.1281,-10.2527],[40.1184,-10.2569],[40.1154,-10.2631],[40.1206,-10.2712],[40.1258,-10.2717],[40.1311,-10.2695],[40.1359,-10.2687],[40.1526,-10.2789],[40.1604,-10.2805],[40.1638,-10.2726],[40.1646,-10.2621],[40.1677,-10.2563],[40.1738,-10.2551],[40.1843,-10.2595],[40.1965,-10.2678],[40.2197,-10.2882],[40.2321,-10.2966],[40.2319,-10.2875],[40.2337,-10.2812],[40.2363,-10.2758],[40.2389,-10.2687],[40.2468,-10.2741],[40.2528,-10.2756],[40.2588,-10.2737],[40.2669,-10.2687],[40.2498,-10.2638],[40.198,-10.2421],[40.2321,-10.2005],[40.2454,-10.2047],[40.2512,-10.216],[40.2542,-10.2299],[40.2595,-10.2421],[40.2682,-10.2492],[40.2907,-10.2599],[40.301,-10.2687],[40.3065,-10.2776],[40.3387,-10.3488],[40.3488,-10.3581],[40.3513,-10.3564],[40.385,-10.3631],[40.3898,-10.3649],[40.4221,-10.3556],[40.4268,-10.3359],[40.4148,-10.3204],[40.3972,-10.3239],[40.3926,-10.3121],[40.396,-10.3035],[40.4051,-10.2984],[40.4177,-10.2966],[40.427,-10.3001],[40.4314,-10.3083],[40.4348,-10.3185],[40.4407,-10.3273],[40.4494,-10.3454],[40.4402,-10.3614],[40.4237,-10.3766],[40.4109,-10.3923],[40.4172,-10.3917],[40.4305,-10.3928],[40.4369,-10.3923],[40.426,-10.4262],[40.4246,-10.4372],[40.4273,-10.4448],[40.4329,-10.4523],[40.4375,-10.4616],[40.4369,-10.4748]]]}},{"type":"Feature","properties":{"id":"TZA-3357","name":"Mwanza","nameBn":"এমওয়াঞ্জা অঞ্চল","type":"Region","bounds":[31.8772,-3.4479,33.7873,-1.4688],"center":[32.6685,-2.6728]},"geometry":{"type":"Polygon","coordinates":[[[32.7039,-1.4688],[32.7208,-1.4835],[33.3344,-1.4736],[33.4561,-1.5213],[33.4667,-1.5724],[33.462,-1.6271],[33.4644,-1.6826],[33.4555,-1.7345],[33.4294,-1.713],[33.3852,-1.7081],[33.3431,-1.7386],[33.3007,-1.8343],[33.305,-1.8493],[33.319,-1.8701],[33.3112,-1.8836],[33.3102,-1.8909],[33.3109,-1.9056],[33.3071,-1.9074],[33.2829,-1.9224],[33.3144,-1.9445],[33.3529,-1.9249],[33.3926,-1.8972],[33.4276,-1.8951],[33.4303,-1.8849],[33.4379,-1.8803],[33.4489,-1.8797],[33.4617,-1.8814],[33.455,-1.8935],[33.4608,-1.9016],[33.4821,-1.9156],[33.4902,-1.9268],[33.4884,-1.9323],[33.4617,-1.9497],[33.5044,-1.9537],[33.5442,-1.9634],[33.5423,-1.9675],[33.5418,-1.9682],[33.5406,-1.9682],[33.5368,-1.9702],[33.5443,-1.9735],[33.547,-1.9754],[33.5499,-1.9748],[33.5579,-1.9702],[33.5734,-1.9872],[33.5689,-2.0016],[33.5572,-2.015],[33.5504,-2.0289],[33.5428,-2.0258],[33.4964,-2.0255],[33.4314,-1.9813],[33.3999,-1.9723],[33.3723,-1.9981],[33.4002,-2.0391],[33.3861,-2.0427],[33.3827,-2.0462],[33.3797,-2.0534],[33.3404,-2.0192],[33.3242,-2.0166],[33.3245,-2.0459],[33.3177,-2.0459],[33.3105,-2.031],[33.2968,-2.0115],[33.2816,-2.0006],[33.2698,-2.0118],[33.2848,-2.019],[33.2924,-2.0317],[33.2927,-2.0455],[33.2859,-2.0565],[33.281,-2.0525],[33.2562,-2.0459],[33.2564,-2.0472],[33.2283,-2.0459],[33.2233,-2.0447],[33.2211,-2.0417],[33.219,-2.0428],[33.2146,-2.0534],[33.2169,-2.0535],[33.2193,-2.0619],[33.2212,-2.0726],[33.2215,-2.0801],[33.2178,-2.0906],[33.2088,-2.1044],[33.2078,-2.1148],[33.21,-2.1232],[33.2135,-2.1304],[33.2215,-2.1421],[33.2396,-2.1216],[33.2594,-2.1112],[33.2825,-2.1112],[33.3109,-2.1216],[33.3367,-2.1359],[33.3475,-2.1462],[33.3518,-2.1592],[33.3581,-2.1679],[33.4855,-2.4092],[33.5153,-2.4487],[33.5918,-2.5372],[33.6357,-2.5806],[33.6721,-2.6129],[33.7176,-2.6337],[33.7632,-2.6617],[33.7873,-2.7075],[33.7839,-2.7359],[33.7646,-2.7554],[33.7445,-2.7542],[33.727,-2.7617],[33.6888,-2.7914],[33.6199,-2.7715],[33.5925,-2.789],[33.5686,-2.7959],[33.5518,-2.811],[33.5366,-2.8295],[33.5128,-2.8353],[33.4986,-2.8608],[33.5295,-2.9728],[33.521,-3.0133],[33.4923,-3.0999],[33.4855,-3.1475],[33.4724,-3.1785],[33.4474,-3.2019],[33.4229,-3.274],[33.3683,-3.3069],[33.329,-3.3184],[33.2861,-3.3242],[33.2486,-3.3152],[33.2139,-3.3275],[33.1759,-3.4018],[33.1099,-3.4326],[33.0864,-3.4189],[33.0667,-3.3996],[33.048,-3.3911],[33.0276,-3.3885],[32.9967,-3.3728],[32.964,-3.3629],[32.9371,-3.3419],[32.9212,-3.3052],[32.893,-3.2782],[32.8621,-3.255],[32.8332,-3.261],[32.8003,-3.2715],[32.7744,-3.2641],[32.7542,-3.2761],[32.7391,-3.3075],[32.7097,-3.3215],[32.6808,-3.3197],[32.6737,-3.3472],[32.6597,-3.3849],[32.6644,-3.4164],[32.6878,-3.4202],[32.6866,-3.4479],[32.6493,-3.4466],[32.5692,-3.3979],[32.5338,-3.3711],[32.5333,-3.32],[32.5407,-3.2643],[32.5323,-3.2272],[32.5104,-3.1978],[32.5967,-2.9603],[32.5095,-2.8871],[32.5348,-2.8111],[32.3604,-2.7098],[32.4138,-2.6085],[32.245,-2.5804],[32.214,-2.5382],[32.1624,-2.5208],[32.1212,-2.4932],[32.0564,-2.4509],[31.9805,-2.4116],[31.9523,-2.389],[31.9354,-2.3581],[31.9383,-2.3328],[31.927,-2.3102],[31.9073,-2.2912],[31.9034,-2.2596],[31.8954,-2.2081],[31.8772,-2.148],[32.7039,-1.4688]]]}},{"type":"Feature","properties":{"id":"TZA-5587","name":"Njombe","nameBn":"জম্বে অঞ্চল","type":"Region","bounds":[33.7959,-10.5373,35.697,-8.6052],"center":[34.8871,-9.399]},"geometry":{"type":"Polygon","coordinates":[[[34.5801,-10.5318],[34.5794,-10.5265],[34.5815,-10.5137],[34.5908,-10.4912],[34.593,-10.4817],[34.5887,-10.4631],[34.5695,-10.4314],[34.5651,-10.4098],[34.5853,-10.3007],[34.5856,-10.29],[34.5834,-10.2776],[34.5751,-10.2558],[34.5656,-10.2027],[34.5324,-10.1289],[34.5247,-10.0948],[34.5268,-10.0849],[34.5357,-10.0653],[34.5378,-10.0539],[34.5364,-10.043],[34.5247,-10.0088],[34.4947,-9.9667],[34.4833,-9.9462],[34.3835,-9.8238],[34.3823,-9.8197],[34.3642,-9.8024],[34.3597,-9.7999],[34.3375,-9.7772],[34.3317,-9.7692],[34.3267,-9.7503],[34.3242,-9.7324],[34.3179,-9.7192],[34.2881,-9.7084],[34.1908,-9.6068],[34.1619,-9.5936],[34.1446,-9.5749],[34.1371,-9.5706],[34.1032,-9.5299],[34.0893,-9.5222],[34.0798,-9.511],[34.0785,-9.5102],[34.0824,-9.4775],[34.0422,-9.4376],[34.0219,-9.4349],[34.0033,-9.4269],[33.973,-9.3858],[33.9184,-9.2922],[33.8959,-9.2635],[33.8933,-9.2322],[33.8823,-9.2189],[33.8483,-9.2114],[33.8537,-9.1907],[33.875,-9.1794],[33.8581,-9.1343],[33.835,-9.092],[33.8017,-9.0539],[33.7959,-9.0063],[33.8533,-8.9136],[33.8945,-8.877],[33.949,-8.8663],[34.0228,-8.8916],[34.0507,-8.8825],[34.0609,-8.8537],[34.1116,-8.8332],[34.1701,-8.8385],[34.2277,-8.8371],[34.3275,-8.813],[34.4235,-8.8266],[34.475,-8.8255],[34.5213,-8.8072],[34.5565,-8.7701],[34.5826,-8.7179],[34.6148,-8.6955],[34.6522,-8.6818],[34.6849,-8.6857],[34.7074,-8.6703],[34.7325,-8.6052],[34.8741,-8.6478],[34.8741,-8.698],[35.1139,-8.7817],[35.1027,-8.9602],[35.1976,-9.0271],[35.2924,-9.0327],[35.3654,-9.0086],[35.3843,-8.9997],[35.401,-8.9857],[35.4225,-8.9959],[35.491,-9.0995],[35.6802,-9.2469],[35.694,-9.2924],[35.697,-9.3399],[35.6669,-9.3685],[35.6309,-9.3944],[35.585,-9.4162],[35.5469,-9.4399],[35.5168,-9.4709],[35.4789,-9.4953],[35.3919,-9.5753],[35.3271,-9.6098],[35.2297,-9.7125],[35.1569,-9.7422],[35.1238,-9.7599],[35.1142,-9.7872],[35.1327,-9.8143],[35.1548,-9.8349],[35.17,-9.8705],[35.1669,-9.9193],[35.2065,-9.9765],[35.216,-10.042],[35.1318,-10.1576],[35.1192,-10.1913],[35.0833,-10.1988],[35.0467,-10.1985],[35.0129,-10.2106],[34.989,-10.2365],[34.9838,-10.3022],[34.8981,-10.3678],[34.8243,-10.4036],[34.7781,-10.4677],[34.6916,-10.5227],[34.6633,-10.5353],[34.632,-10.5373],[34.6204,-10.5297],[34.608,-10.527],[34.5822,-10.5318],[34.5801,-10.5318]]]}},{"type":"Feature","properties":{"id":"TZA-3382","name":"Pwani","nameBn":"পউয়ানি অঞ্চল","type":"Region","bounds":[37.8012,-8.4968,39.911,-5.8524],"center":[39.7491,-7.8673]},"geometry":{"type":"MultiPolygon","coordinates":[[[[39.4347,-7.1817],[39.4268,-7.1923],[39.4212,-7.2101],[39.4188,-7.2262],[39.4144,-7.2409],[39.4028,-7.2547],[39.3899,-7.2648],[39.3836,-7.2673],[39.3753,-7.2683],[39.3674,-7.2714],[39.3684,-7.2789],[39.3729,-7.2878],[39.3757,-7.2956],[39.3698,-7.3069],[39.356,-7.3095],[39.3401,-7.3085],[39.3278,-7.3093],[39.3376,-7.3254],[39.3475,-7.3365],[39.3543,-7.3493],[39.3543,-7.3708],[39.3499,-7.3854],[39.3411,-7.4059],[39.3304,-7.4242],[39.304,-7.4485],[39.2923,-7.4863],[39.2747,-7.5964],[39.2759,-7.617],[39.28,-7.6376],[39.2928,-7.6697],[39.2962,-7.6884],[39.2903,-7.7034],[39.2869,-7.7175],[39.302,-7.7541],[39.2971,-7.7717],[39.2526,-7.8233],[39.2832,-7.8166],[39.305,-7.7918],[39.3193,-7.7586],[39.3278,-7.7263],[39.3433,-7.7389],[39.3552,-7.7525],[39.3567,-7.7669],[39.3408,-7.7817],[39.3784,-7.778],[39.3955,-7.7799],[39.4131,-7.7922],[39.4403,-7.8185],[39.4435,-7.8326],[39.437,-7.8574],[39.4222,-7.8897],[39.4209,-7.902],[39.4317,-7.9369],[39.4326,-7.976],[39.437,-7.9939],[39.4524,-7.9845],[39.4575,-7.9797],[39.4544,-8.0104],[39.4419,-8.0387],[39.4097,-8.0895],[39.3765,-8.1795],[39.3618,-8.2068],[39.355,-8.2035],[39.3519,-8.2038],[39.3486,-8.2055],[39.3408,-8.2068],[39.3478,-8.2216],[39.3456,-8.2574],[39.3483,-8.2751],[39.334,-8.2688],[39.3338,-8.2768],[39.3278,-8.2956],[39.3115,-8.2778],[39.3032,-8.2717],[39.2937,-8.2688],[39.3016,-8.2834],[39.3021,-8.2951],[39.2949,-8.3038],[39.28,-8.3093],[39.2847,-8.3186],[39.2704,-8.3134],[39.2332,-8.284],[39.1833,-8.2857],[38.9892,-8.328],[38.8647,-8.3694],[38.8022,-8.3826],[38.7855,-8.3769],[38.776,-8.3621],[38.7567,-8.3563],[38.687,-8.3718],[38.6611,-8.4135],[38.6398,-8.4688],[38.5933,-8.4968],[38.5364,-8.495],[38.5201,-8.4544],[38.5038,-8.3597],[38.4299,-8.2895],[38.3812,-8.2562],[38.2892,-8.1759],[38.2336,-8.1478],[38.1103,-8.121],[37.9917,-8.0799],[37.941,-8.0492],[37.8012,-7.9434],[37.8092,-7.9335],[37.8121,-7.9223],[37.8146,-7.8994],[37.8256,-7.8571],[37.8285,-7.8515],[37.8344,-7.8442],[37.8379,-7.8408],[37.8415,-7.839],[37.8453,-7.8307],[37.851,-7.8223],[37.8553,-7.8177],[37.853,-7.769],[37.864,-7.7221],[37.8637,-7.6698],[37.8717,-7.6197],[37.9015,-7.593],[37.94,-7.5798],[38.0289,-7.5629],[38.0655,-7.5669],[38.1004,-7.5756],[38.1506,-7.5663],[38.1994,-7.5495],[38.3604,-7.5219],[38.3658,-7.4855],[38.346,-7.4433],[38.3027,-7.3191],[38.3271,-7.2448],[38.3554,-7.2081],[38.3926,-7.1857],[38.4323,-7.181],[38.4544,-7.1385],[38.4906,-7.0936],[38.5156,-7.043],[38.5097,-7.03],[38.5,-7.0186],[38.4967,-6.9831],[38.478,-6.9685],[38.4527,-6.9703],[38.4374,-6.9601],[38.417,-6.9559],[38.4018,-6.962],[38.3861,-6.9658],[38.3741,-6.9604],[38.3646,-6.9511],[38.3468,-6.9401],[38.3249,-6.9409],[38.286,-6.8854],[38.2953,-6.8266],[38.3209,-6.767],[38.3037,-6.6919],[38.2861,-6.6883],[38.2672,-6.6897],[38.2562,-6.6952],[38.2466,-6.7034],[38.2233,-6.7075],[38.1997,-6.705],[38.0995,-6.6677],[38.0705,-6.6531],[38.0416,-6.6491],[38.0232,-6.6407],[38.0137,-6.6181],[38.0008,-6.6017],[37.9911,-6.5855],[37.9949,-6.5861],[37.9959,-6.5641],[38.014,-6.5442],[38.0395,-6.4853],[38.0602,-6.3324],[38.057,-6.2519],[38.0388,-6.2301],[38.013,-6.2178],[38.0195,-6.2091],[38.034,-6.2063],[38.0109,-6.2023],[37.9843,-6.194],[37.9695,-6.1724],[37.9578,-6.1484],[37.9323,-6.1153],[37.9052,-6.0569],[37.8872,-6.0379],[37.8807,-6.0104],[37.8792,-5.9819],[37.8489,-5.9305],[37.8015,-5.8946],[37.9531,-5.8541],[38.0209,-5.8696],[38.0499,-5.8648],[38.0756,-5.8524],[38.147,-5.8581],[38.2097,-5.8893],[38.2378,-5.9202],[38.2751,-5.9337],[38.3177,-5.9448],[38.3438,-5.9814],[38.3713,-5.993],[38.4032,-5.9913],[38.4184,-6.0064],[38.4354,-6.0165],[38.4689,-6.0235],[38.4789,-6.0151],[38.49,-6.0078],[38.5078,-6.0148],[38.528,-6.0146],[38.5424,-6.011],[38.5555,-6.0182],[38.6129,-5.9934],[38.6348,-5.9865],[38.6528,-5.9678],[38.6666,-5.9663],[38.6805,-5.969],[38.7004,-5.9623],[38.7167,-5.9493],[38.8003,-5.9631],[38.7949,-5.9885],[38.7854,-6.0089],[38.778,-6.0307],[38.7791,-6.0549],[38.7827,-6.0613],[38.7952,-6.0756],[38.7996,-6.0822],[38.8091,-6.1207],[38.8132,-6.1306],[38.8191,-6.1364],[38.8412,-6.1505],[38.8568,-6.1637],[38.8586,-6.1699],[38.8625,-6.2076],[38.86,-6.2316],[38.853,-6.2532],[38.8412,-6.2678],[38.8488,-6.2927],[38.8522,-6.3487],[38.8648,-6.3736],[38.8757,-6.3815],[38.8879,-6.3879],[38.8983,-6.3947],[38.9026,-6.4044],[38.9041,-6.4151],[38.9085,-6.4264],[38.9151,-6.4367],[38.9231,-6.4452],[38.9289,-6.4494],[38.9339,-6.4514],[38.947,-6.4521],[38.9539,-6.455],[38.9573,-6.4615],[38.9601,-6.4685],[38.9647,-6.4732],[38.9773,-6.4755],[39.0051,-6.477],[39.0159,-6.4832],[39.0261,-6.487],[39.0369,-6.4832],[39.0359,-6.4752],[39.0272,-6.4714],[39.0111,-6.4651],[38.9914,-6.4521],[39.02,-6.4609],[39.0409,-6.4701],[39.0962,-6.5224],[39.1292,-6.5619],[39.1198,-6.5657],[39.1028,-6.585],[39.0843,-6.6005],[39.066,-6.6449],[39.061,-6.6935],[39.0483,-6.7371],[39.0201,-6.7725],[39.0178,-6.7874],[39.0419,-6.7889],[39.0545,-6.7997],[39.0549,-6.8188],[39.0625,-6.8533],[39.0907,-6.8711],[39.0958,-6.891],[39.1048,-6.9124],[39.094,-6.9314],[39.074,-6.9431],[39.0621,-6.9637],[39.0571,-6.9877],[39.0393,-7.009],[39.0272,-7.0326],[39.0391,-7.0435],[39.0583,-7.0367],[39.0789,-7.056],[39.102,-7.0412],[39.1155,-7.0187],[39.1358,-7.0033],[39.1511,-7.0103],[39.1691,-7.0164],[39.1843,-7.0035],[39.1931,-6.9859],[39.2076,-6.988],[39.2233,-6.9866],[39.2462,-6.9535],[39.2797,-6.9497],[39.2926,-6.9508],[39.3071,-6.9494],[39.332,-6.9528],[39.3578,-6.9602],[39.3857,-6.9921],[39.4077,-7.0278],[39.4092,-7.1697],[39.4225,-7.1656],[39.434,-7.181],[39.4347,-7.1817]]],[[[39.8957,-7.6376],[39.911,-7.6545],[39.9094,-7.6867],[39.8934,-7.7541],[39.8649,-7.819],[39.8516,-7.8371],[39.8496,-7.8445],[39.8498,-7.8508],[39.8485,-7.8574],[39.8416,-7.8779],[39.8386,-7.8832],[39.8299,-7.895],[39.8281,-7.902],[39.8233,-7.914],[39.8114,-7.914],[39.7837,-7.9059],[39.7546,-7.9153],[39.742,-7.9369],[39.7358,-7.9599],[39.7263,-7.9734],[39.6868,-7.9889],[39.6665,-7.9934],[39.6499,-7.9939],[39.6297,-7.9858],[39.6033,-7.9577],[39.5872,-7.9455],[39.5965,-7.9433],[39.6135,-7.9426],[39.6219,-7.9392],[39.6221,-7.9365],[39.6247,-7.9293],[39.6279,-7.9228],[39.6294,-7.9225],[39.6317,-7.915],[39.6374,-7.9132],[39.6442,-7.9137],[39.6499,-7.9119],[39.693,-7.8703],[39.7075,-7.8474],[39.6983,-7.8362],[39.7039,-7.8194],[39.7153,-7.8116],[39.731,-7.8095],[39.7493,-7.8097],[39.766,-7.8063],[39.7972,-7.7919],[39.8143,-7.7885],[39.8088,-7.7805],[39.7993,-7.779],[39.7734,-7.7817],[39.7734,-7.7755],[39.7855,-7.7726],[39.7961,-7.767],[39.8143,-7.7543],[39.8357,-7.7455],[39.8449,-7.7377],[39.8518,-7.7121],[39.8599,-7.6972],[39.8698,-7.6842],[39.8787,-7.6786],[39.8836,-7.6734],[39.8937,-7.6476],[39.8957,-7.6376]]],[[[39.742,-7.9948],[39.7741,-7.9913],[39.7967,-7.9925],[39.8015,-8.0066],[39.7908,-8.0196],[39.7492,-8.0655],[39.7194,-8.0926],[39.7028,-8.0914],[39.6969,-8.0749],[39.7028,-8.049],[39.7147,-8.0278],[39.742,-7.9948]]]]}},{"type":"Feature","properties":{"id":"TZA-3336","name":"Rukwa","nameBn":"রুকওয়া অঞ্চল","type":"Region","bounds":[30.2945,-9.0719,32.7501,-6.9021],"center":[31.3337,-7.8958]},"geometry":{"type":"Polygon","coordinates":[[[30.7521,-8.1941],[30.7281,-8.1041],[30.655,-7.9274],[30.4416,-7.5963],[30.4147,-7.502],[30.4049,-7.436],[30.3696,-7.3102],[30.2945,-7.1494],[30.5778,-6.9457],[30.6867,-6.913],[30.9046,-6.9021],[30.9917,-6.9348],[31.0353,-7.0655],[31.0353,-7.1527],[31.0789,-7.218],[31.2205,-7.2289],[31.3839,-7.2398],[31.4383,-7.3052],[31.4492,-7.4141],[31.471,-7.5666],[31.4928,-7.7082],[31.6235,-7.73],[31.7869,-7.7518],[32.0102,-7.7891],[32.2788,-7.9287],[32.4644,-8.0518],[32.5113,-8.0987],[32.7423,-8.4048],[32.7501,-8.4703],[32.7126,-8.4633],[32.6737,-8.4684],[32.6321,-8.4649],[32.5488,-8.36],[32.5441,-8.3311],[32.5431,-8.3014],[32.528,-8.2765],[32.5322,-8.2467],[32.528,-8.2267],[32.5018,-8.2146],[32.3762,-8.299],[32.3149,-8.3011],[32.2781,-8.3451],[32.2747,-8.4021],[32.2919,-8.4563],[32.2874,-8.5691],[32.2124,-8.6635],[32.1547,-8.6985],[32.0302,-8.7426],[32.009,-8.7826],[32.055,-8.8134],[32.0906,-8.8502],[32.0701,-8.8785],[32.0881,-8.8984],[32.1106,-8.9143],[32.1495,-8.9499],[32.1624,-8.9904],[32.1464,-8.9922],[32.1368,-9.004],[32.146,-9.0638],[32.1456,-9.0703],[32.1341,-9.0641],[32.125,-9.0637],[32.1058,-9.0683],[32.0964,-9.0691],[32.086,-9.0661],[32.0572,-9.0496],[32.0317,-9.046],[32.0158,-9.0527],[32.0014,-9.0633],[31.9806,-9.0719],[31.9381,-9.0618],[31.9177,-9.0225],[31.9178,-8.9731],[31.9366,-8.9326],[31.7876,-8.8922],[31.7643,-8.8941],[31.7302,-8.9124],[31.7098,-8.9197],[31.6896,-8.9196],[31.6727,-8.913],[31.5764,-8.8397],[31.5533,-8.8091],[31.5459,-8.7663],[31.546,-8.729],[31.539,-8.7035],[31.5191,-8.687],[31.4806,-8.6762],[31.4647,-8.6661],[31.4432,-8.6415],[31.4275,-8.6335],[31.4124,-8.6323],[31.3988,-8.6338],[31.386,-8.6325],[31.3726,-8.6239],[31.3692,-8.6168],[31.3659,-8.5986],[31.3622,-8.5923],[31.3533,-8.5872],[31.3501,-8.5885],[31.3475,-8.5924],[31.3404,-8.5952],[31.3288,-8.5977],[31.2771,-8.616],[31.2694,-8.6211],[31.2609,-8.624],[31.248,-8.6219],[31.2373,-8.6139],[31.2184,-8.5887],[31.2068,-8.5808],[31.1827,-8.5808],[31.1614,-8.5917],[31.141,-8.6062],[31.1198,-8.6166],[31.0778,-8.6163],[31.0336,-8.6003],[30.9924,-8.5759],[30.9595,-8.5505],[30.8919,-8.4792],[30.8283,-8.3881],[30.7783,-8.2891],[30.7521,-8.1941]]]}},{"type":"Feature","properties":{"id":"TZA-3389","name":"Ruvuma","nameBn":"রুভুমা অঞ্চল","type":"Region","bounds":[34.5801,-11.7313,38.0934,-9.1887],"center":[36.3365,-10.7136]},"geometry":{"type":"Polygon","coordinates":[[[34.6089,-10.582],[34.6004,-10.5781],[34.5923,-10.5667],[34.5857,-10.5536],[34.5811,-10.5397],[34.5801,-10.5318],[34.5822,-10.5318],[34.608,-10.527],[34.6204,-10.5297],[34.632,-10.5373],[34.6633,-10.5353],[34.6916,-10.5227],[34.7781,-10.4677],[34.8243,-10.4036],[34.8981,-10.3678],[34.9838,-10.3022],[34.989,-10.2365],[35.0129,-10.2106],[35.0467,-10.1985],[35.0833,-10.1988],[35.1192,-10.1913],[35.1318,-10.1576],[35.216,-10.042],[35.2065,-9.9765],[35.1669,-9.9193],[35.17,-9.8705],[35.1548,-9.8349],[35.1327,-9.8143],[35.1142,-9.7872],[35.1238,-9.7599],[35.1569,-9.7422],[35.2297,-9.7125],[35.3271,-9.6098],[35.3919,-9.5753],[35.4789,-9.4953],[35.5168,-9.4709],[35.5469,-9.4399],[35.585,-9.4162],[35.6309,-9.3944],[35.6669,-9.3685],[35.697,-9.3399],[35.7375,-9.3303],[35.7766,-9.3154],[35.8356,-9.2606],[35.8998,-9.1887],[35.9033,-9.1982],[35.8968,-9.2077],[35.897,-9.2241],[35.9016,-9.2444],[35.905,-9.3156],[35.9163,-9.3508],[35.9335,-9.3841],[35.9181,-9.4344],[35.8776,-9.4709],[35.8624,-9.5016],[35.8584,-9.5333],[35.8677,-9.5544],[35.8607,-9.5754],[35.8264,-9.6176],[35.7822,-9.6868],[35.763,-9.7026],[35.7409,-9.7039],[35.7249,-9.7169],[35.7184,-9.7775],[35.7619,-9.8108],[35.9012,-9.8057],[35.9372,-9.811],[35.9726,-9.8086],[35.9893,-9.7877],[35.9986,-9.7606],[36.0437,-9.7215],[36.0878,-9.7091],[36.0849,-9.7218],[36.0922,-9.7294],[36.1014,-9.7268],[36.1068,-9.7352],[36.1334,-9.751],[36.2207,-9.7288],[36.2816,-9.739],[36.3644,-9.7273],[36.3702,-9.7228],[36.3961,-9.696],[36.4403,-9.634],[36.4493,-9.609],[36.4489,-9.564],[36.4695,-9.5582],[36.4808,-9.5527],[36.4938,-9.5807],[36.4928,-9.6132],[36.5239,-9.6892],[36.5642,-9.7622],[36.533,-9.843],[36.4784,-9.9136],[36.5037,-9.961],[36.5716,-9.9592],[36.6641,-9.9089],[36.7445,-9.8398],[36.8021,-9.7717],[36.8686,-9.7125],[36.9474,-9.663],[36.9796,-9.6488],[37.0687,-9.5829],[37.1431,-9.5612],[37.1294,-9.621],[37.1056,-9.6791],[37.0619,-9.7414],[36.9855,-9.8248],[36.9027,-9.8991],[36.8773,-9.9539],[36.8704,-10.0148],[36.8742,-10.0875],[36.8712,-10.1595],[36.9206,-10.2012],[37.1623,-10.2929],[37.7175,-10.4269],[37.7643,-10.4603],[37.7945,-10.4771],[37.8217,-10.4985],[37.8463,-10.5389],[37.857,-10.5625],[37.8638,-10.5845],[37.8895,-10.6287],[37.9038,-10.6756],[37.9209,-10.7014],[37.9431,-10.7261],[37.993,-10.817],[38.0243,-11.0202],[38.0933,-11.2562],[38.0934,-11.2563],[38.0708,-11.2558],[38.0136,-11.2655],[38.0042,-11.2753],[37.9953,-11.2776],[37.9546,-11.28],[37.9381,-11.284],[37.8752,-11.3191],[37.8684,-11.3278],[37.8658,-11.3425],[37.8504,-11.3876],[37.841,-11.3998],[37.8425,-11.4178],[37.8185,-11.4599],[37.8132,-11.4823],[37.8173,-11.4956],[37.8233,-11.5079],[37.8251,-11.5202],[37.8169,-11.5336],[37.8044,-11.5445],[37.7837,-11.5589],[37.7109,-11.5904],[37.6664,-11.6255],[37.6478,-11.636],[37.6264,-11.6397],[37.5946,-11.64],[37.5729,-11.6441],[37.5368,-11.663],[37.5159,-11.6673],[37.5038,-11.6727],[37.496,-11.6851],[37.4904,-11.6989],[37.4848,-11.7088],[37.4764,-11.716],[37.4697,-11.7195],[37.4507,-11.7226],[37.4278,-11.7226],[37.3783,-11.7088],[37.3702,-11.7048],[37.3524,-11.6863],[37.3408,-11.6809],[37.3314,-11.6816],[37.3236,-11.6853],[37.3158,-11.6902],[37.3061,-11.6946],[37.2702,-11.6984],[37.2266,-11.6938],[37.1416,-11.6747],[37.1065,-11.6581],[37.0716,-11.6292],[37.0444,-11.5957],[37.0324,-11.5649],[37.0167,-11.574],[37.0078,-11.5806],[36.9984,-11.5846],[36.9059,-11.5928],[36.8911,-11.59],[36.8663,-11.5742],[36.8466,-11.5727],[36.8371,-11.568],[36.8201,-11.5736],[36.7748,-11.6263],[36.747,-11.6665],[36.738,-11.6747],[36.7266,-11.6807],[36.6897,-11.6946],[36.68,-11.7024],[36.6746,-11.7088],[36.6673,-11.7134],[36.6406,-11.7163],[36.6257,-11.7214],[36.563,-11.7313],[36.5457,-11.7294],[36.5206,-11.7171],[36.515,-11.715],[36.5087,-11.7098],[36.5027,-11.6863],[36.4949,-11.6809],[36.3781,-11.6809],[36.3733,-11.6831],[36.3681,-11.6878],[36.3612,-11.6924],[36.3298,-11.6971],[36.2934,-11.7073],[36.2787,-11.7088],[36.2684,-11.706],[36.2529,-11.6966],[36.2409,-11.6946],[36.1997,-11.7015],[36.1882,-11.6937],[36.1792,-11.6756],[36.1762,-11.655],[36.1826,-11.64],[36.1759,-11.6201],[36.1736,-11.5974],[36.1681,-11.5787],[36.1519,-11.5711],[36.1428,-11.569],[36.136,-11.5638],[36.1295,-11.5571],[36.1211,-11.5506],[36.1115,-11.5466],[36.0894,-11.5409],[36.0796,-11.537],[36.0431,-11.5149],[36.0222,-11.5057],[36.0079,-11.5066],[35.9885,-11.5122],[35.9698,-11.5024],[35.9608,-11.4835],[35.9703,-11.4612],[35.9531,-11.4406],[35.9397,-11.4341],[35.902,-11.4345],[35.8956,-11.4328],[35.8673,-11.4209],[35.8264,-11.4135],[35.8131,-11.4224],[35.7819,-11.4612],[35.7643,-11.4749],[35.714,-11.4838],[35.6956,-11.4946],[35.7034,-11.5165],[35.6913,-11.5243],[35.6802,-11.5376],[35.6719,-11.5514],[35.6648,-11.572],[35.6548,-11.5783],[35.6009,-11.5923],[35.5997,-11.5922],[35.5763,-11.6052],[35.5598,-11.601],[35.5437,-11.5947],[35.5327,-11.5956],[35.5315,-11.6127],[35.5201,-11.6091],[35.5156,-11.6035],[35.513,-11.5966],[35.5076,-11.5891],[35.4987,-11.5823],[35.4941,-11.5818],[35.4902,-11.5841],[35.4837,-11.586],[35.4834,-11.5869],[35.4701,-11.5922],[35.4658,-11.5926],[35.4412,-11.5914],[35.4319,-11.5884],[35.4253,-11.582],[35.4235,-11.5766],[35.3817,-11.5777],[34.9646,-11.5736],[34.963,-11.5649],[34.963,-11.5131],[34.9607,-11.4985],[34.9557,-11.4867],[34.951,-11.4777],[34.9487,-11.4718],[34.9445,-11.4644],[34.9351,-11.4565],[34.9257,-11.4459],[34.9171,-11.4188],[34.8984,-11.4035],[34.8941,-11.396],[34.8866,-11.3754],[34.8679,-11.3588],[34.8437,-11.3463],[34.8005,-11.3319],[34.7923,-11.3309],[34.7849,-11.3335],[34.7722,-11.3444],[34.7656,-11.3451],[34.7591,-11.3375],[34.737,-11.2968],[34.743,-11.2937],[34.7516,-11.2871],[34.7575,-11.2838],[34.7575,-11.2776],[34.7417,-11.2687],[34.7287,-11.254],[34.7198,-11.2346],[34.7166,-11.2117],[34.7141,-11.2027],[34.7079,-11.195],[34.6999,-11.1895],[34.6818,-11.1851],[34.6771,-11.1787],[34.674,-11.17],[34.6687,-11.1601],[34.6211,-11.1197],[34.6135,-11.1022],[34.6106,-11.0777],[34.5973,-11.0366],[34.593,-11.0162],[34.5979,-10.991],[34.6178,-10.9657],[34.6271,-10.9541],[34.6455,-10.9132],[34.6476,-10.9029],[34.6476,-10.8586],[34.6606,-10.796],[34.6567,-10.7699],[34.6628,-10.7614],[34.675,-10.7524],[34.6724,-10.7395],[34.6664,-10.7324],[34.6599,-10.7277],[34.6557,-10.722],[34.6539,-10.7176],[34.6476,-10.7084],[34.6609,-10.6873],[34.66,-10.6655],[34.6505,-10.6453],[34.629,-10.6202],[34.6263,-10.6143],[34.6272,-10.5951],[34.6244,-10.5834],[34.6209,-10.5824],[34.6176,-10.5815],[34.6089,-10.582]]]}},{"type":"Feature","properties":{"id":"TZA-3358","name":"Shinyanga","nameBn":"শিনিয়াঙ্গা অঞ্চল","type":"Region","bounds":[31.6769,-4.4302,34.4129,-3.1978],"center":[33.2015,-3.651]},"geometry":{"type":"Polygon","coordinates":[[[33.6758,-3.9333],[33.656,-3.9179],[33.6514,-3.8923],[33.5955,-3.8796],[33.5378,-3.8941],[33.5102,-3.904],[33.4422,-3.9041],[33.3864,-3.8896],[33.2708,-3.9174],[33.182,-3.9593],[33.1288,-3.9618],[33.0689,-3.9568],[33.0236,-3.9189],[32.983,-3.9053],[32.935,-3.9261],[32.8637,-3.9106],[32.8464,-3.9193],[32.8321,-3.9338],[32.7679,-3.9615],[32.713,-3.9797],[32.7239,-4.0369],[32.7092,-4.0917],[32.6853,-4.0954],[32.674,-4.1135],[32.6568,-4.1287],[32.6496,-4.1463],[32.6669,-4.1666],[32.687,-4.1843],[32.7318,-4.1996],[32.7134,-4.2527],[32.6163,-4.2812],[32.5924,-4.2821],[32.5907,-4.2653],[32.5918,-4.2465],[32.5811,-4.2182],[32.5623,-4.1983],[32.5291,-4.1831],[32.494,-4.2045],[32.4676,-4.2087],[32.4517,-4.2344],[32.445,-4.2737],[32.4517,-4.3115],[32.4482,-4.3331],[32.4327,-4.3451],[32.407,-4.3774],[32.3711,-4.3849],[32.331,-4.3658],[32.293,-4.3425],[32.2114,-4.317],[32.1283,-4.3331],[32.0462,-4.3955],[31.9717,-4.4302],[31.9793,-4.3921],[31.9821,-4.3507],[31.9678,-4.3014],[31.9638,-4.2498],[31.9663,-4.1955],[31.9592,-4.144],[31.93,-4.1162],[31.8964,-4.0921],[31.8075,-4.0738],[31.6906,-4.0379],[31.6769,-3.968],[31.691,-3.9047],[31.7473,-3.8203],[31.8352,-3.7429],[31.9407,-3.6937],[32.0427,-3.6796],[32.1342,-3.6726],[32.1483,-3.5952],[32.1307,-3.4967],[32.1166,-3.3947],[32.1377,-3.3279],[32.1809,-3.2722],[32.212,-3.2473],[32.2502,-3.2364],[32.2803,-3.2572],[32.289,-3.2946],[32.3149,-3.3158],[32.3464,-3.3191],[32.3625,-3.2858],[32.3861,-3.2586],[32.4157,-3.2344],[32.478,-3.2042],[32.5104,-3.1978],[32.5323,-3.2272],[32.5407,-3.2643],[32.5333,-3.32],[32.5338,-3.3711],[32.5692,-3.3979],[32.6493,-3.4466],[32.6866,-3.4479],[32.6878,-3.4202],[32.6644,-3.4164],[32.6597,-3.3849],[32.6737,-3.3472],[32.6808,-3.3197],[32.7097,-3.3215],[32.7391,-3.3075],[32.7542,-3.2761],[32.7744,-3.2641],[32.8003,-3.2715],[32.8332,-3.261],[32.8621,-3.255],[32.893,-3.2782],[32.9212,-3.3052],[32.9371,-3.3419],[32.964,-3.3629],[32.9967,-3.3728],[33.0276,-3.3885],[33.048,-3.3911],[33.0667,-3.3996],[33.0864,-3.4189],[33.1099,-3.4326],[33.1759,-3.4018],[33.2139,-3.3275],[33.2486,-3.3152],[33.2861,-3.3242],[33.329,-3.3184],[33.3683,-3.3069],[33.4229,-3.274],[33.4748,-3.28],[33.5225,-3.3223],[33.594,-3.3886],[33.6815,-3.431],[33.7318,-3.4442],[33.7689,-3.4363],[33.8033,-3.4177],[33.8325,-3.431],[33.8616,-3.4866],[33.9093,-3.5157],[33.9835,-3.5237],[34.0762,-3.5263],[34.1583,-3.5502],[34.1901,-3.6031],[34.2245,-3.7171],[34.2669,-3.8151],[34.3225,-3.8866],[34.3649,-3.9263],[34.4129,-3.9609],[34.3876,-3.988],[34.3269,-4.0037],[34.2888,-4.0365],[34.2601,-4.0324],[34.2371,-4.0449],[34.224,-4.069],[34.1965,-4.0697],[34.1623,-4.0556],[34.1264,-4.053],[34.1063,-4.0472],[34.0909,-4.0328],[34.0714,-4.025],[34.0487,-4.0316],[34.0168,-4.031],[33.984,-4.0221],[33.9568,-4.0028],[33.9364,-3.9753],[33.9099,-3.9588],[33.8782,-3.9545],[33.8181,-3.9527],[33.7432,-3.9271],[33.7089,-3.928],[33.6758,-3.9333]]]}},{"type":"Feature","properties":{"id":"TZA-5585","name":"Simiyu","nameBn":"সিমিয়ো অঞ্চল","type":"Region","bounds":[33.3581,-3.9609,35.2162,-2.086],"center":[34.2172,-2.9669]},"geometry":{"type":"Polygon","coordinates":[[[33.7494,-2.086],[33.7864,-2.095],[33.816,-2.1233],[33.8316,-2.1626],[33.8311,-2.1721],[33.8706,-2.194],[33.8969,-2.1818],[33.9646,-2.1857],[34.0043,-2.182],[34.0111,-2.1472],[34.0356,-2.1324],[34.0996,-2.1916],[34.1345,-2.1959],[34.1696,-2.196],[34.2478,-2.2379],[34.2753,-2.2434],[34.2983,-2.2569],[34.3216,-2.2905],[34.3545,-2.3147],[34.4284,-2.3578],[34.4559,-2.3898],[34.4785,-2.4249],[34.5072,-2.4394],[34.5395,-2.4354],[34.5648,-2.4367],[34.621,-2.4751],[34.6578,-2.4913],[35.2076,-2.487],[35.2162,-2.5837],[35.1501,-2.8686],[35.1227,-2.9196],[35.0682,-2.9441],[35.0527,-2.957],[35.0356,-2.9675],[34.9975,-2.9554],[34.9737,-2.9186],[34.936,-2.8883],[34.9012,-2.8831],[34.8925,-3.5969],[34.8653,-3.6227],[34.8417,-3.6163],[34.8221,-3.6246],[34.8204,-3.6398],[34.8143,-3.654],[34.78,-3.6852],[34.7533,-3.7231],[34.7494,-3.7632],[34.7605,-3.8018],[34.7245,-3.8085],[34.6978,-3.8304],[34.685,-3.8517],[34.515,-3.9204],[34.4785,-3.9279],[34.4428,-3.9387],[34.4129,-3.9609],[34.3649,-3.9263],[34.3225,-3.8866],[34.2669,-3.8151],[34.2245,-3.7171],[34.1901,-3.6031],[34.1583,-3.5502],[34.0762,-3.5263],[33.9835,-3.5237],[33.9093,-3.5157],[33.8616,-3.4866],[33.8325,-3.431],[33.8033,-3.4177],[33.7689,-3.4363],[33.7318,-3.4442],[33.6815,-3.431],[33.594,-3.3886],[33.5225,-3.3223],[33.4748,-3.28],[33.4229,-3.274],[33.4474,-3.2019],[33.4724,-3.1785],[33.4855,-3.1475],[33.4923,-3.0999],[33.521,-3.0133],[33.5295,-2.9728],[33.4986,-2.8608],[33.5128,-2.8353],[33.5366,-2.8295],[33.5518,-2.811],[33.5686,-2.7959],[33.5925,-2.789],[33.6199,-2.7715],[33.6888,-2.7914],[33.727,-2.7617],[33.7445,-2.7542],[33.7646,-2.7554],[33.7839,-2.7359],[33.7873,-2.7075],[33.7632,-2.6617],[33.7176,-2.6337],[33.6721,-2.6129],[33.6357,-2.5806],[33.5918,-2.5372],[33.5153,-2.4487],[33.4855,-2.4092],[33.3581,-2.1679],[33.3726,-2.1662],[33.4002,-2.1558],[33.4494,-2.1512],[33.5094,-2.1532],[33.566,-2.1632],[33.6056,-2.1831],[33.6289,-2.1582],[33.6422,-2.1468],[33.6572,-2.1421],[33.6666,-2.1377],[33.7121,-2.1046],[33.7494,-2.086]]]}},{"type":"Feature","properties":{"id":"TZA-3390","name":"Singida","nameBn":"সিনগিডা অঞ্চল","type":"Region","bounds":[33.4849,-7.499,35.345,-3.8018],"center":[34.4149,-5.5956]},"geometry":{"type":"Polygon","coordinates":[[[35.3409,-4.8545],[35.345,-4.8897],[35.3284,-4.923],[35.3194,-4.9489],[35.0755,-5.1158],[35.0702,-5.1491],[35.0907,-5.1826],[35.0938,-5.2198],[35.0929,-5.2571],[35.1057,-5.2977],[35.1238,-5.3368],[35.1397,-5.4047],[35.1627,-5.438],[35.19,-5.4671],[35.2023,-5.4986],[35.2201,-5.5277],[35.235,-5.5372],[35.2456,-5.55],[35.2528,-5.5563],[35.2623,-5.5585],[35.2666,-5.5746],[35.2689,-5.594],[35.2942,-5.6355],[35.3274,-5.6713],[35.3385,-5.7003],[35.318,-5.7255],[35.2869,-5.7525],[35.2819,-5.7929],[35.2722,-5.8311],[35.2465,-5.8687],[35.2109,-5.9519],[35.2072,-6.0679],[35.1855,-6.1579],[35.1937,-6.2447],[35.214,-6.2801],[35.2234,-6.3195],[35.223,-6.3555],[35.2064,-6.3874],[35.196,-6.4773],[35.2137,-6.6485],[35.186,-6.7152],[35.06,-6.721],[35.0762,-6.8142],[35.0809,-6.9205],[35.0408,-6.9082],[34.9992,-6.9034],[34.9578,-6.893],[34.9194,-6.8897],[34.9044,-6.9042],[34.8861,-6.9158],[34.8661,-6.9235],[34.849,-6.9365],[34.8064,-6.9605],[34.7695,-6.9901],[34.758,-7.0869],[34.7207,-7.1571],[34.4265,-7.2181],[34.376,-7.2784],[34.3777,-7.3096],[34.358,-7.3258],[34.3113,-7.3326],[34.2647,-7.3306],[34.2199,-7.3142],[34.174,-7.3138],[34.1397,-7.3515],[34.1089,-7.3944],[34.0263,-7.4503],[33.9385,-7.499],[33.8932,-7.4788],[33.8515,-7.4493],[33.8318,-7.4442],[33.8154,-7.4347],[33.8115,-7.3937],[33.7937,-7.3519],[33.7905,-7.3248],[33.7778,-7.3017],[33.7204,-7.2843],[33.7008,-7.2643],[33.685,-7.2412],[33.6613,-7.1971],[33.6266,-7.1636],[33.584,-7.1477],[33.5598,-7.1078],[33.5522,-7.0532],[33.5381,-7.0013],[33.5153,-6.9685],[33.4849,-6.9428],[33.5283,-6.8546],[33.5225,-6.7487],[33.5291,-6.6425],[33.5186,-6.6206],[33.5664,-6.564],[33.5818,-6.5552],[33.6541,-6.5279],[33.7559,-6.4249],[33.7957,-6.3963],[33.8172,-6.3873],[33.8418,-6.3839],[33.8527,-6.3754],[33.8879,-6.319],[33.9464,-6.2701],[34.0153,-6.2189],[34.0114,-6.1867],[34.0001,-6.1523],[34.0029,-6.0689],[34.0553,-5.8745],[34.0561,-5.7871],[34.0587,-5.7675],[34.0645,-5.7496],[34.0913,-5.7285],[34.112,-5.6867],[34.1089,-5.6417],[34.0788,-5.6194],[34.0569,-5.5935],[34.1011,-5.5262],[34.1661,-5.4712],[34.2033,-5.4334],[34.2313,-5.39],[34.2095,-5.3627],[34.1208,-5.2735],[34.0865,-5.2515],[34.0544,-5.2254],[34.0093,-5.1987],[33.9585,-5.1799],[33.9294,-5.1505],[33.9195,-5.1082],[33.9135,-5.0663],[33.9418,-4.9878],[33.9333,-4.9487],[33.9165,-4.9008],[33.9159,-4.8506],[33.9518,-4.7541],[33.9496,-4.6683],[33.9385,-4.5838],[33.9601,-4.4925],[34.0789,-4.3392],[34.1221,-4.2464],[34.1736,-4.1579],[34.1968,-4.1382],[34.2287,-4.1491],[34.2603,-4.146],[34.2676,-4.1143],[34.2773,-4.0983],[34.2853,-4.0803],[34.2888,-4.0365],[34.3269,-4.0037],[34.3876,-3.988],[34.4129,-3.9609],[34.4428,-3.9387],[34.4785,-3.9279],[34.515,-3.9204],[34.685,-3.8517],[34.6978,-3.8304],[34.7245,-3.8085],[34.7605,-3.8018],[34.8235,-3.8592],[34.8922,-3.9095],[34.929,-3.985],[35.0144,-4.0778],[35.017,-4.1076],[34.9598,-4.1836],[34.9064,-4.28],[34.8692,-4.3811],[34.9144,-4.4312],[34.9825,-4.4715],[35.0323,-4.5287],[35.069,-4.6095],[35.1357,-4.6419],[35.1452,-4.6815],[35.1448,-4.7235],[35.185,-4.7511],[35.2436,-4.7614],[35.2813,-4.8316],[35.3409,-4.8545]]]}},{"type":"Feature","properties":{"id":"TZA-3359","name":"Tabora","nameBn":"তাবুরা অঞ্চল","type":"Region","bounds":[31.0303,-7.1053,34.2888,-3.8796],"center":[32.6595,-6.8214]},"geometry":{"type":"Polygon","coordinates":[[[34.2888,-4.0365],[34.2853,-4.0803],[34.2773,-4.0983],[34.2676,-4.1143],[34.2603,-4.146],[34.2287,-4.1491],[34.1968,-4.1382],[34.1736,-4.1579],[34.1221,-4.2464],[34.0789,-4.3392],[33.9601,-4.4925],[33.9385,-4.5838],[33.9496,-4.6683],[33.9518,-4.7541],[33.9159,-4.8506],[33.9165,-4.9008],[33.9333,-4.9487],[33.9418,-4.9878],[33.9135,-5.0663],[33.9195,-5.1082],[33.9294,-5.1505],[33.9585,-5.1799],[34.0093,-5.1987],[34.0544,-5.2254],[34.0865,-5.2515],[34.1208,-5.2735],[34.2095,-5.3627],[34.2313,-5.39],[34.2033,-5.4334],[34.1661,-5.4712],[34.1011,-5.5262],[34.0569,-5.5935],[34.0788,-5.6194],[34.1089,-5.6417],[34.112,-5.6867],[34.0913,-5.7285],[34.0645,-5.7496],[34.0587,-5.7675],[34.0561,-5.7871],[34.0553,-5.8745],[34.0029,-6.0689],[34.0001,-6.1523],[34.0114,-6.1867],[34.0153,-6.2189],[33.9464,-6.2701],[33.8879,-6.319],[33.8527,-6.3754],[33.8418,-6.3839],[33.8172,-6.3873],[33.7957,-6.3963],[33.7559,-6.4249],[33.6541,-6.5279],[33.5818,-6.5552],[33.5664,-6.564],[33.5186,-6.6206],[33.5291,-6.6425],[33.5225,-6.7487],[33.5283,-6.8546],[33.4849,-6.9428],[33.2677,-6.9556],[33.1872,-6.9373],[33.1178,-6.8909],[33.0362,-6.8669],[32.9503,-6.887],[32.9186,-6.8982],[32.8948,-6.92],[32.8611,-6.9413],[32.8173,-6.9368],[32.7923,-6.9469],[32.7807,-6.972],[32.7164,-7.0747],[32.6905,-7.0938],[32.6225,-7.1053],[32.5528,-7.1036],[32.5764,-7.0034],[32.5869,-6.9011],[32.5806,-6.7969],[32.5854,-6.693],[32.6145,-6.6007],[32.6733,-6.5265],[32.7014,-6.51],[32.7214,-6.4841],[32.7312,-6.4662],[32.7371,-6.4472],[32.7296,-6.433],[32.7206,-6.4195],[32.7159,-6.3987],[32.6986,-6.389],[32.5533,-6.3765],[32.5123,-6.3609],[32.4816,-6.3293],[32.4451,-6.2717],[32.4304,-6.257],[32.4207,-6.2527],[32.3984,-6.2493],[32.3796,-6.2354],[32.3444,-6.22],[32.334,-6.213],[32.3283,-6.2077],[32.3177,-6.1921],[32.3168,-6.1876],[32.3187,-6.1762],[32.3177,-6.1716],[32.3119,-6.1667],[32.2991,-6.1646],[32.2932,-6.1614],[32.2795,-6.1515],[32.2277,-6.1239],[32.2039,-6.1051],[32.1783,-6.0768],[32.1551,-6.0428],[32.1383,-6.0066],[32.1207,-5.9393],[32.1079,-5.9212],[32.1014,-5.9046],[32.1022,-5.8554],[32.098,-5.8358],[32.0909,-5.8274],[32.0718,-5.8104],[32.0638,-5.8011],[32.0601,-5.7917],[32.057,-5.7804],[32.0531,-5.7709],[32.0471,-5.7669],[32.0259,-5.7643],[31.9683,-5.7465],[31.9683,-5.7396],[31.9527,-5.7479],[31.9352,-5.7469],[31.8889,-5.7379],[31.8653,-5.726],[31.8617,-5.7269],[31.858,-5.7302],[31.8537,-5.7321],[31.8479,-5.7291],[31.8385,-5.7187],[31.8332,-5.7142],[31.8273,-5.7123],[31.7978,-5.7186],[31.7757,-5.7336],[31.7561,-5.7516],[31.7349,-5.7669],[31.7147,-5.7756],[31.7069,-5.7806],[31.6961,-5.7911],[31.6904,-5.798],[31.6902,-5.8011],[31.6773,-5.8039],[31.6397,-5.8188],[31.6285,-5.8253],[31.6182,-5.8268],[31.5434,-5.8041],[31.5325,-5.8067],[31.522,-5.8222],[31.507,-5.8112],[31.4898,-5.8124],[31.4708,-5.8186],[31.4506,-5.8222],[31.4283,-5.8189],[31.4088,-5.8105],[31.3718,-5.7874],[31.3533,-5.7946],[31.3119,-5.7899],[31.293,-5.7977],[31.2752,-5.8015],[31.2607,-5.7864],[31.2414,-5.7527],[31.2218,-5.7457],[31.2014,-5.7491],[31.1813,-5.7562],[31.1623,-5.7601],[31.1489,-5.7572],[31.1468,-5.7502],[31.152,-5.7359],[31.151,-5.7299],[31.1463,-5.7205],[31.1452,-5.7154],[31.152,-5.6925],[31.1478,-5.6759],[31.1441,-5.6664],[31.139,-5.6577],[31.1416,-5.6502],[31.1421,-5.6439],[31.139,-5.6372],[31.1343,-5.6356],[31.1203,-5.6362],[31.1145,-5.6338],[31.0482,-5.5835],[31.0436,-5.5821],[31.0401,-5.579],[31.0332,-5.5629],[31.0303,-5.551],[31.0309,-5.5394],[31.0595,-5.5235],[31.0622,-5.4986],[31.1396,-5.478],[31.2117,-5.4618],[31.2303,-5.4271],[31.193,-5.2684],[31.2017,-5.153],[31.2503,-5.0181],[31.246,-4.9914],[31.2341,-4.9758],[31.2276,-4.9592],[31.2339,-4.9558],[31.2836,-4.918],[31.3065,-4.9103],[31.3136,-4.9059],[31.318,-4.8991],[31.3219,-4.8834],[31.3258,-4.8767],[31.3436,-4.8656],[31.3896,-4.8441],[31.3977,-4.8321],[31.3868,-4.7273],[31.3919,-4.7096],[31.4107,-4.6967],[31.4665,-4.6758],[31.4754,-4.666],[31.4909,-4.6205],[31.473,-4.5446],[31.4638,-4.4698],[31.4518,-4.4453],[31.4241,-4.448],[31.417,-4.4027],[31.4166,-4.3563],[31.4395,-4.3213],[31.4498,-4.2792],[31.4755,-4.2471],[31.5162,-4.236],[31.6128,-4.2464],[31.6818,-4.2123],[31.6762,-4.1843],[31.6642,-4.1579],[31.645,-4.1462],[31.6371,-4.1279],[31.6511,-4.0975],[31.6906,-4.0379],[31.8075,-4.0738],[31.8964,-4.0921],[31.93,-4.1162],[31.9592,-4.144],[31.9663,-4.1955],[31.9638,-4.2498],[31.9678,-4.3014],[31.9821,-4.3507],[31.9793,-4.3921],[31.9717,-4.4302],[32.0462,-4.3955],[32.1283,-4.3331],[32.2114,-4.317],[32.293,-4.3425],[32.331,-4.3658],[32.3711,-4.3849],[32.407,-4.3774],[32.4327,-4.3451],[32.4482,-4.3331],[32.4517,-4.3115],[32.445,-4.2737],[32.4517,-4.2344],[32.4676,-4.2087],[32.494,-4.2045],[32.5291,-4.1831],[32.5623,-4.1983],[32.5811,-4.2182],[32.5918,-4.2465],[32.5907,-4.2653],[32.5924,-4.2821],[32.6163,-4.2812],[32.7134,-4.2527],[32.7318,-4.1996],[32.687,-4.1843],[32.6669,-4.1666],[32.6496,-4.1463],[32.6568,-4.1287],[32.674,-4.1135],[32.6853,-4.0954],[32.7092,-4.0917],[32.7239,-4.0369],[32.713,-3.9797],[32.7679,-3.9615],[32.8321,-3.9338],[32.8464,-3.9193],[32.8637,-3.9106],[32.935,-3.9261],[32.983,-3.9053],[33.0236,-3.9189],[33.0689,-3.9568],[33.1288,-3.9618],[33.182,-3.9593],[33.2708,-3.9174],[33.3864,-3.8896],[33.4422,-3.9041],[33.5102,-3.904],[33.5378,-3.8941],[33.5955,-3.8796],[33.6514,-3.8923],[33.656,-3.9179],[33.6758,-3.9333],[33.7089,-3.928],[33.7432,-3.9271],[33.8181,-3.9527],[33.8782,-3.9545],[33.9099,-3.9588],[33.9364,-3.9753],[33.9568,-4.0028],[33.984,-4.0221],[34.0168,-4.031],[34.0487,-4.0316],[34.0714,-4.025],[34.0909,-4.0328],[34.1063,-4.0472],[34.1264,-4.053],[34.1623,-4.0556],[34.1965,-4.0697],[34.224,-4.069],[34.2371,-4.0449],[34.2601,-4.0324],[34.2888,-4.0365]]]}},{"type":"Feature","properties":{"id":"TZA-3395","name":"Tanga","nameBn":"তাংগা অঞ্চল","type":"Region","bounds":[37.0607,-6.1109,39.2215,-4.12],"center":[38.1412,-5.1852]},"geometry":{"type":"Polygon","coordinates":[[[38.4162,-4.12],[38.4228,-4.1248],[38.5083,-4.1862],[38.5935,-4.2475],[38.6788,-4.309],[38.7643,-4.3705],[38.8496,-4.4319],[38.935,-4.4934],[39.0204,-4.5549],[39.1058,-4.6163],[39.1906,-4.6775],[39.1974,-4.6838],[39.2151,-4.6887],[39.2215,-4.7167],[39.2161,-4.7491],[39.1974,-4.7663],[39.1702,-4.78],[39.1922,-4.7888],[39.2073,-4.7901],[39.216,-4.7957],[39.2185,-4.8178],[39.2173,-4.839],[39.2136,-4.8564],[39.207,-4.8723],[39.1751,-4.9264],[39.1623,-4.9387],[39.1565,-4.924],[39.1599,-4.9042],[39.1664,-4.8849],[39.1696,-4.8659],[39.1633,-4.8483],[39.1457,-4.8998],[39.1304,-4.9181],[39.1087,-4.9166],[39.126,-4.9435],[39.1287,-4.9534],[39.1322,-5.0102],[39.1292,-5.0202],[39.1223,-5.0245],[39.1068,-5.0196],[39.0982,-5.0234],[39.0944,-5.0284],[39.0845,-5.0478],[39.0828,-5.0615],[39.0972,-5.0606],[39.1292,-5.0475],[39.1299,-5.0626],[39.1409,-5.0866],[39.1428,-5.0959],[39.1387,-5.1032],[39.1006,-5.1364],[39.0941,-5.145],[39.0742,-5.1863],[39.0436,-5.2322],[39.0404,-5.2394],[39.0482,-5.2467],[39.0591,-5.2384],[39.0746,-5.2188],[39.0806,-5.2311],[39.0373,-5.3565],[39.0264,-5.3785],[39.0125,-5.3971],[39.002,-5.404],[38.9904,-5.4096],[38.9813,-5.4174],[38.9783,-5.4311],[38.9826,-5.4395],[38.9905,-5.4433],[38.9974,-5.4494],[38.9988,-5.4653],[38.9854,-5.505],[38.9566,-5.5637],[38.9216,-5.6163],[38.8889,-5.6371],[38.9026,-5.6433],[38.896,-5.664],[38.8952,-5.7105],[38.8855,-5.7291],[38.8728,-5.745],[38.8547,-5.7822],[38.8325,-5.8156],[38.8254,-5.8372],[38.8216,-5.8605],[38.8213,-5.925],[38.8171,-5.9347],[38.8106,-5.9417],[38.8049,-5.9504],[38.801,-5.9597],[38.8003,-5.9631],[38.7167,-5.9493],[38.7004,-5.9623],[38.6805,-5.969],[38.6666,-5.9663],[38.6528,-5.9678],[38.6348,-5.9865],[38.6129,-5.9934],[38.5555,-6.0182],[38.5424,-6.011],[38.528,-6.0146],[38.5078,-6.0148],[38.49,-6.0078],[38.4789,-6.0151],[38.4689,-6.0235],[38.4354,-6.0165],[38.4184,-6.0064],[38.4032,-5.9913],[38.3713,-5.993],[38.3438,-5.9814],[38.3177,-5.9448],[38.2751,-5.9337],[38.2378,-5.9202],[38.2097,-5.8893],[38.147,-5.8581],[38.0756,-5.8524],[38.0499,-5.8648],[38.0209,-5.8696],[37.9531,-5.8541],[37.8015,-5.8946],[37.7854,-5.9094],[37.7614,-5.9022],[37.7465,-5.9147],[37.7478,-5.9427],[37.7074,-5.9556],[37.655,-5.9529],[37.6279,-5.9802],[37.6038,-5.9595],[37.5389,-5.8853],[37.5273,-5.8394],[37.4935,-5.8254],[37.4761,-5.8234],[37.4589,-5.8144],[37.4434,-5.8161],[37.4307,-5.8114],[37.4281,-5.8042],[37.4227,-5.8001],[37.3908,-5.7894],[37.3757,-5.816],[37.3575,-5.9308],[37.3253,-5.9595],[37.2891,-5.9742],[37.2575,-6.0125],[37.215,-6.044],[37.1953,-6.0843],[37.1685,-6.1109],[37.1417,-6.0934],[37.1192,-6.0693],[37.1193,-6.0599],[37.1157,-6.0534],[37.1119,-6.0272],[37.1325,-5.9978],[37.106,-5.989],[37.0758,-5.9735],[37.0607,-5.8679],[37.1796,-5.7871],[37.2112,-5.7357],[37.2327,-5.6185],[37.2517,-5.5647],[37.3436,-5.4464],[37.366,-5.38],[37.3881,-5.2835],[37.3892,-5.255],[37.3809,-5.2288],[37.3893,-5.2055],[37.5366,-5.0278],[37.5917,-4.9782],[37.6416,-4.9784],[37.6901,-4.9946],[37.7496,-5.0086],[37.8111,-4.9942],[37.8609,-4.9776],[37.9293,-4.9631],[37.9469,-4.9622],[37.9732,-4.9813],[38.0009,-4.997],[38.0491,-4.9989],[38.0404,-4.961],[38.0237,-4.9353],[38.0121,-4.9072],[38.005,-4.8745],[37.9853,-4.8483],[37.9715,-4.8056],[37.9721,-4.7573],[37.9799,-4.6912],[38.0299,-4.6386],[38.075,-4.6073],[38.4161,-4.1201],[38.4162,-4.12]]]}},{"type":"Feature","properties":{"id":"TZA-3337","name":"Zanzibar South and Central","nameBn":"জাঞ্জিবার দক্ষিণ ও মধ্য","type":"Region","bounds":[39.2741,-6.4628,39.5741,-6.0004],"center":[39.4241,-6.2741]},"geometry":{"type":"Polygon","coordinates":[[[39.3907,-6.0004],[39.3918,-6.0022],[39.4028,-6.048],[39.4089,-6.0515],[39.4302,-6.0549],[39.4324,-6.0683],[39.4299,-6.0805],[39.4255,-6.0929],[39.4233,-6.1064],[39.4238,-6.1223],[39.4258,-6.1345],[39.4299,-6.1456],[39.437,-6.1579],[39.4251,-6.1726],[39.4199,-6.1808],[39.4165,-6.1921],[39.431,-6.186],[39.44,-6.1921],[39.4475,-6.2033],[39.4575,-6.212],[39.4583,-6.1972],[39.4649,-6.1874],[39.4729,-6.1867],[39.4779,-6.1989],[39.4824,-6.1983],[39.4837,-6.1977],[39.4837,-6.196],[39.4849,-6.1921],[39.501,-6.1962],[39.5012,-6.1754],[39.4964,-6.1457],[39.4985,-6.1238],[39.516,-6.1467],[39.5249,-6.1751],[39.5435,-6.3212],[39.5471,-6.3303],[39.5741,-6.3776],[39.5695,-6.4208],[39.5443,-6.4509],[39.5085,-6.4628],[39.4717,-6.4521],[39.4572,-6.4391],[39.4437,-6.4216],[39.4339,-6.4015],[39.4142,-6.3163],[39.4165,-6.3014],[39.3941,-6.3082],[39.3942,-6.319],[39.4036,-6.3322],[39.4097,-6.3458],[39.4085,-6.3683],[39.4036,-6.3737],[39.3757,-6.3634],[39.3801,-6.3442],[39.3744,-6.3288],[39.3483,-6.3014],[39.3169,-6.253],[39.3081,-6.2457],[39.3071,-6.2397],[39.3041,-6.2191],[39.2865,-6.2006],[39.2764,-6.1779],[39.2746,-6.1524],[39.2807,-6.0739],[39.2757,-6.0542],[39.2741,-6.0339],[39.3468,-6.029],[39.385,-6.0038],[39.3906,-6.0005],[39.3907,-6.0004]]]}},{"type":"Feature","properties":{"id":"TZA-3384","name":"Zanzibar West","nameBn":"জাাঞ্জিবার আরবান/ওয়েস্ট অঞ্চল","type":"Region","bounds":[39.177,-6.3122,39.3081,-6.0307],"center":[39.2425,-6.1537]},"geometry":{"type":"Polygon","coordinates":[[[39.3081,-6.2457],[39.3005,-6.2394],[39.2869,-6.2468],[39.2869,-6.2541],[39.2927,-6.255],[39.2935,-6.2579],[39.2927,-6.2623],[39.2937,-6.2678],[39.2803,-6.2585],[39.2761,-6.2741],[39.2796,-6.2966],[39.2903,-6.3082],[39.2879,-6.3095],[39.2863,-6.3117],[39.2825,-6.3122],[39.2732,-6.3082],[39.2642,-6.3024],[39.2608,-6.2986],[39.2585,-6.2945],[39.208,-6.2365],[39.1986,-6.2208],[39.1858,-6.1759],[39.177,-6.1579],[39.2129,-6.1142],[39.2048,-6.0564],[39.1979,-6.0336],[39.2016,-6.0338],[39.2379,-6.0307],[39.2741,-6.0339],[39.2757,-6.0542],[39.2807,-6.0739],[39.2746,-6.1524],[39.2764,-6.1779],[39.2865,-6.2006],[39.3041,-6.2191],[39.3071,-6.2397],[39.3081,-6.2457]]]}}]}