{"type":"FeatureCollection","features":[{"type":"Feature","properties":{"id":"ZWE-531","name":"Bulawayo","nameBn":"বুলাওয়ে","type":"City","bounds":[28.3911,-20.2495,28.7015,-20.0294],"center":[28.5463,-20.1393]},"geometry":{"type":"Polygon","coordinates":[[[28.5999,-20.2367],[28.5873,-20.2305],[28.5753,-20.2278],[28.5684,-20.2245],[28.5634,-20.2236],[28.5597,-20.224],[28.5272,-20.2493],[28.5217,-20.2495],[28.5174,-20.249],[28.4997,-20.2298],[28.5125,-20.2023],[28.5105,-20.1927],[28.501,-20.1829],[28.4937,-20.1714],[28.4863,-20.1691],[28.478,-20.1697],[28.466,-20.1746],[28.4607,-20.1755],[28.4543,-20.1754],[28.4372,-20.1711],[28.4298,-20.1704],[28.4169,-20.171],[28.4091,-20.17],[28.3966,-20.1664],[28.392,-20.1617],[28.3911,-20.1571],[28.3945,-20.1527],[28.4075,-20.1452],[28.4137,-20.1405],[28.4175,-20.1343],[28.4172,-20.1239],[28.4177,-20.1163],[28.4196,-20.1094],[28.4237,-20.0999],[28.4252,-20.0943],[28.4254,-20.0853],[28.4158,-20.049],[28.4149,-20.037],[28.4162,-20.0321],[28.4192,-20.0296],[28.4237,-20.0294],[28.4312,-20.0312],[28.4879,-20.0601],[28.4976,-20.0627],[28.5053,-20.0624],[28.5121,-20.059],[28.5244,-20.0487],[28.5304,-20.0463],[28.5526,-20.0432],[28.5721,-20.0367],[28.578,-20.0366],[28.5814,-20.0381],[28.5821,-20.0408],[28.5789,-20.049],[28.5777,-20.0535],[28.5771,-20.0658],[28.5761,-20.0693],[28.5762,-20.0721],[28.577,-20.0749],[28.5795,-20.0777],[28.582,-20.0792],[28.5861,-20.0804],[28.5917,-20.0809],[28.5971,-20.0819],[28.6017,-20.0842],[28.6124,-20.0922],[28.6191,-20.0954],[28.6267,-20.0956],[28.6338,-20.0938],[28.6474,-20.0876],[28.6538,-20.0873],[28.6582,-20.091],[28.6594,-20.1028],[28.6609,-20.1068],[28.6647,-20.1102],[28.6712,-20.1128],[28.678,-20.1148],[28.6813,-20.1182],[28.6817,-20.1231],[28.6799,-20.1297],[28.677,-20.1368],[28.6706,-20.1484],[28.6695,-20.1517],[28.669,-20.1558],[28.6693,-20.16],[28.6723,-20.1645],[28.6757,-20.1676],[28.6953,-20.18],[28.6994,-20.184],[28.7015,-20.1884],[28.7013,-20.1934],[28.6993,-20.1992],[28.6957,-20.2049],[28.6903,-20.2107],[28.6835,-20.2158],[28.6668,-20.2227],[28.5999,-20.2367]]]}},{"type":"Feature","properties":{"id":"ZWE-525","name":"Harare","nameBn":"হারারে","type":"City","bounds":[30.879,-18.0542,31.2221,-17.6661],"center":[31.0506,-17.8928]},"geometry":{"type":"Polygon","coordinates":[[[31.0582,-17.7361],[31.0646,-17.7348],[31.0713,-17.7315],[31.0778,-17.7251],[31.0857,-17.7093],[31.0887,-17.6661],[31.1074,-17.6671],[31.1121,-17.6689],[31.1152,-17.6725],[31.1169,-17.6805],[31.1196,-17.6878],[31.1239,-17.6941],[31.1312,-17.6974],[31.1495,-17.7005],[31.1823,-17.6995],[31.1917,-17.7022],[31.1965,-17.7067],[31.1999,-17.7173],[31.201,-17.7282],[31.2002,-17.7396],[31.1959,-17.7565],[31.1959,-17.7633],[31.1979,-17.7701],[31.202,-17.7763],[31.2049,-17.7823],[31.2061,-17.7886],[31.2054,-17.7999],[31.2058,-17.8058],[31.2082,-17.8159],[31.2111,-17.8245],[31.2206,-17.8437],[31.2218,-17.8483],[31.2221,-17.8518],[31.2198,-17.8571],[31.2151,-17.8633],[31.2055,-17.8726],[31.2016,-17.8797],[31.1998,-17.8864],[31.1989,-17.8967],[31.1936,-17.9025],[31.1851,-17.9082],[31.1484,-17.9236],[31.1472,-17.9266],[31.147,-17.9297],[31.15,-17.9406],[31.1511,-17.9466],[31.1518,-17.9577],[31.1514,-17.9626],[31.1476,-17.9792],[31.1379,-17.9902],[31.1236,-17.9963],[31.1203,-18.0039],[31.1196,-18.0088],[31.1231,-18.013],[31.1323,-18.0195],[31.1332,-18.0218],[31.1301,-18.0259],[31.1129,-18.0383],[31.1074,-18.0404],[31.0944,-18.0417],[31.0879,-18.0433],[31.0828,-18.0457],[31.0744,-18.0511],[31.0708,-18.0527],[31.0673,-18.0536],[31.0633,-18.0542],[31.0572,-18.0525],[31.048,-18.0485],[31.0254,-18.0295],[30.9763,-17.9988],[30.9381,-17.9835],[30.9253,-17.9802],[30.9059,-17.9725],[30.879,-17.949],[30.9061,-17.9437],[30.9386,-17.9326],[30.9429,-17.9281],[30.944,-17.923],[30.9411,-17.9132],[30.9367,-17.9062],[30.9316,-17.9001],[30.9107,-17.8891],[30.9048,-17.8849],[30.9026,-17.8791],[30.904,-17.8705],[30.9104,-17.8574],[30.9107,-17.8456],[30.9081,-17.8394],[30.9042,-17.835],[30.9016,-17.8292],[30.9016,-17.8216],[30.9036,-17.81],[30.9061,-17.8032],[30.9107,-17.7989],[30.9198,-17.797],[30.9307,-17.7923],[30.9426,-17.7841],[30.9704,-17.7527],[30.9821,-17.7217],[30.9983,-17.736],[31.0035,-17.739],[31.0085,-17.7404],[31.0182,-17.7409],[31.03,-17.7393],[31.0398,-17.7357],[31.0582,-17.7361]]]}},{"type":"Feature","properties":{"id":"ZWE-529","name":"Manicaland","nameBn":"মনিকাল্যান্ড প্রদেশ","type":"Province","bounds":[31.1987,-21.3137,33.0428,-17.2661],"center":[32.1206,-18.9399]},"geometry":{"type":"Polygon","coordinates":[[[33.0117,-17.384],[32.9974,-17.405],[32.9582,-17.4785],[32.9517,-17.4862],[32.943,-17.4916],[32.9366,-17.4983],[32.9367,-17.5094],[32.9472,-17.5432],[32.9517,-17.5514],[32.9691,-17.5646],[33.0066,-17.581],[33.0204,-17.5986],[33.0245,-17.6192],[33.0206,-17.6385],[33.0041,-17.6756],[33.0002,-17.7139],[33.0032,-17.7577],[32.9991,-17.7943],[32.9736,-17.8106],[32.957,-17.818],[32.9461,-17.8347],[32.9397,-17.8555],[32.9369,-17.875],[32.9384,-17.8946],[32.9503,-17.9226],[32.9521,-17.9402],[32.9481,-17.9533],[32.9404,-17.96],[32.9324,-17.9649],[32.9274,-17.9729],[32.929,-17.9823],[32.9412,-17.9963],[32.9403,-18.0048],[32.9349,-18.0246],[32.9371,-18.0471],[32.9723,-18.1503],[32.9755,-18.1833],[32.9749,-18.1908],[32.9659,-18.2122],[32.9582,-18.2254],[32.9523,-18.233],[32.9505,-18.2413],[32.955,-18.2563],[32.9702,-18.2775],[33.0169,-18.3137],[33.035,-18.3329],[33.0428,-18.352],[33.0381,-18.3631],[33.0092,-18.3839],[32.9882,-18.4132],[32.9854,-18.4125],[32.9868,-18.4223],[32.9995,-18.4367],[33.003,-18.4469],[32.9964,-18.4671],[32.9786,-18.4801],[32.9566,-18.4899],[32.9371,-18.501],[32.9193,-18.51],[32.9003,-18.5153],[32.8831,-18.5221],[32.8707,-18.5358],[32.8683,-18.5526],[32.8717,-18.5732],[32.8845,-18.609],[32.9146,-18.6659],[32.9223,-18.6932],[32.9202,-18.7262],[32.9133,-18.753],[32.9025,-18.7745],[32.8852,-18.7878],[32.8589,-18.79],[32.8179,-18.787],[32.7876,-18.7913],[32.6914,-18.8343],[32.6899,-18.8432],[32.6968,-18.8972],[32.7032,-18.9119],[32.7158,-18.9198],[32.7051,-18.9275],[32.6922,-18.9343],[32.6825,-18.9427],[32.6811,-18.955],[32.6886,-18.9773],[32.6903,-18.9882],[32.6886,-19.001],[32.6911,-19.0143],[32.699,-19.0222],[32.7103,-19.026],[32.7239,-19.0266],[32.786,-19.0177],[32.8034,-19.0196],[32.8142,-19.0238],[32.82,-19.0283],[32.823,-19.0352],[32.8253,-19.0468],[32.8302,-19.0591],[32.8381,-19.0669],[32.8475,-19.0739],[32.8559,-19.0837],[32.8623,-19.1181],[32.8332,-19.242],[32.8322,-19.2667],[32.8287,-19.2846],[32.8207,-19.3013],[32.8061,-19.3234],[32.7688,-19.3636],[32.7665,-19.3734],[32.7685,-19.4028],[32.7622,-19.4434],[32.7634,-19.464],[32.7739,-19.4759],[32.7931,-19.4767],[32.8113,-19.4745],[32.8254,-19.4792],[32.8322,-19.5009],[32.8325,-19.5193],[32.8254,-19.5916],[32.8257,-19.6008],[32.8282,-19.6106],[32.8296,-19.6237],[32.8254,-19.6333],[32.8195,-19.642],[32.8163,-19.6521],[32.8196,-19.6743],[32.831,-19.6852],[32.8491,-19.6891],[32.8722,-19.6902],[32.8947,-19.6843],[32.9246,-19.6553],[32.9432,-19.6493],[32.961,-19.6588],[32.9624,-19.6791],[32.9541,-19.7178],[32.9624,-19.7354],[32.9791,-19.7514],[33.0006,-19.7643],[33.0228,-19.7731],[33.0328,-19.7842],[33.0296,-19.8034],[33.0229,-19.8269],[33.0213,-19.8681],[33.002,-19.927],[32.9984,-20.0009],[33.0044,-20.0243],[33.0073,-20.032],[32.9537,-20.0302],[32.9401,-20.0415],[32.9343,-20.0721],[32.9265,-20.0865],[32.9107,-20.0911],[32.8944,-20.094],[32.8853,-20.103],[32.8779,-20.1517],[32.8729,-20.1672],[32.8593,-20.1909],[32.8571,-20.2006],[32.8583,-20.2075],[32.8651,-20.2209],[32.8656,-20.2289],[32.8584,-20.2595],[32.853,-20.2739],[32.8452,-20.2867],[32.8008,-20.3386],[32.7359,-20.4142],[32.7044,-20.4718],[32.6718,-20.5318],[32.6465,-20.558],[32.6037,-20.5648],[32.5565,-20.5593],[32.5131,-20.5646],[32.4816,-20.603],[32.4711,-20.6455],[32.4691,-20.6868],[32.4835,-20.7942],[32.4972,-20.8981],[32.491,-20.9363],[32.4677,-20.9802],[32.4171,-21.0409],[32.3398,-21.1341],[32.3453,-21.1428],[32.3599,-21.1514],[32.3689,-21.163],[32.3734,-21.1636],[32.3777,-21.1634],[32.3806,-21.1655],[32.3805,-21.1722],[32.3769,-21.1785],[32.373,-21.184],[32.3717,-21.1879],[32.4446,-21.3047],[32.4458,-21.309],[32.4472,-21.3137],[32.4085,-21.2903],[32.3129,-21.2327],[32.2969,-21.2132],[32.2982,-21.1982],[32.2627,-21.1171],[32.2553,-21.0934],[32.2502,-21.0886],[32.1801,-21.0556],[32.1917,-21.0404],[32.1886,-21.0306],[32.1665,-21.014],[32.1606,-21.0051],[32.1575,-20.9959],[32.1482,-20.9492],[32.1443,-20.9403],[32.1355,-20.9283],[32.135,-20.9198],[32.1491,-20.8972],[32.1528,-20.8871],[32.1581,-20.8656],[32.1938,-20.8017],[32.2123,-20.7504],[32.2143,-20.7301],[32.2182,-20.7124],[32.2278,-20.6971],[32.2485,-20.672],[32.2588,-20.6126],[32.2733,-20.5932],[32.2816,-20.5451],[32.2866,-20.4043],[32.3362,-20.1231],[32.3372,-20.0234],[32.3311,-20.0146],[32.3283,-20.0051],[32.31,-19.9941],[32.2578,-19.9695],[32.1913,-19.921],[32.1781,-19.916],[32.169,-19.9137],[32.1611,-19.9127],[32.1415,-19.9133],[32.1184,-19.9168],[32.1122,-19.9149],[32.106,-19.9107],[32.0978,-19.9019],[32.0913,-19.8963],[32.0838,-19.8919],[32.0722,-19.8889],[32.0638,-19.8878],[32.0531,-19.8851],[32.0403,-19.8791],[32.019,-19.8643],[32.0039,-19.8502],[31.9961,-19.8414],[31.9879,-19.8263],[31.9834,-19.8217],[31.977,-19.8171],[31.9506,-19.8058],[31.9452,-19.8021],[31.9395,-19.7973],[31.932,-19.788],[31.9283,-19.7814],[31.9258,-19.7753],[31.9161,-19.7448],[31.911,-19.7383],[31.9033,-19.7303],[31.8721,-19.703],[31.8491,-19.6771],[31.846,-19.6724],[31.8437,-19.6679],[31.8367,-19.6483],[31.8343,-19.6432],[31.8273,-19.637],[31.8153,-19.6293],[31.7693,-19.6054],[31.7624,-19.6001],[31.7538,-19.5909],[31.7496,-19.5845],[31.7472,-19.5783],[31.7465,-19.5727],[31.7449,-19.5675],[31.7429,-19.5627],[31.7395,-19.5585],[31.7089,-19.5301],[31.7035,-19.5211],[31.7007,-19.5133],[31.7011,-19.502],[31.7007,-19.4991],[31.6967,-19.4955],[31.6897,-19.4929],[31.6657,-19.4894],[31.6552,-19.4867],[31.6411,-19.481],[31.6326,-19.4764],[31.6254,-19.4705],[31.6201,-19.4673],[31.6124,-19.4668],[31.6018,-19.4707],[31.5966,-19.472],[31.5904,-19.4705],[31.5842,-19.4671],[31.5781,-19.4596],[31.5745,-19.4539],[31.5686,-19.4473],[31.5604,-19.4407],[31.5342,-19.4231],[31.5244,-19.4185],[31.505,-19.4143],[31.4994,-19.4121],[31.4944,-19.4092],[31.4837,-19.3989],[31.4794,-19.3963],[31.4737,-19.3946],[31.463,-19.3938],[31.4558,-19.3949],[31.4502,-19.3974],[31.4462,-19.4002],[31.4411,-19.4017],[31.4349,-19.4011],[31.4234,-19.3956],[31.4105,-19.3874],[31.3742,-19.3587],[31.2116,-19.2642],[31.1987,-19.2484],[31.2962,-19.2381],[31.3083,-19.2326],[31.3083,-19.1837],[31.3183,-19.1596],[31.3193,-19.1199],[31.3227,-19.1142],[31.3234,-19.1094],[31.3287,-19.104],[31.3383,-19.0989],[31.365,-19.097],[31.3782,-19.0979],[31.3878,-19.1],[31.3971,-19.1048],[31.4079,-19.109],[31.4135,-19.1096],[31.42,-19.1082],[31.4259,-19.104],[31.4335,-19.0959],[31.4378,-19.0932],[31.4432,-19.0924],[31.4518,-19.0957],[31.4575,-19.0991],[31.4763,-19.1167],[31.4788,-19.1213],[31.4803,-19.1263],[31.4805,-19.132],[31.4811,-19.1372],[31.4831,-19.1421],[31.4889,-19.1444],[31.4965,-19.1457],[31.5078,-19.1458],[31.5145,-19.1478],[31.5198,-19.1503],[31.5241,-19.1532],[31.5289,-19.1558],[31.535,-19.1566],[31.5419,-19.1543],[31.5601,-19.1367],[31.5665,-19.1291],[31.5748,-19.1159],[31.5888,-19.0873],[31.5962,-19.0661],[31.6034,-19.0519],[31.6046,-19.0472],[31.6034,-19.0424],[31.601,-19.0384],[31.5944,-19.0308],[31.5922,-19.0267],[31.5962,-19.0236],[31.6057,-19.0231],[31.6275,-19.0289],[31.6609,-19.0433],[31.6795,-19.0444],[31.7287,-19.0368],[31.7463,-19.0356],[31.7629,-19.0407],[31.7769,-19.0492],[31.8145,-19.0868],[31.83,-19.0977],[31.8669,-19.1065],[31.9067,-19.1253],[31.9269,-19.1296],[31.9368,-19.1283],[31.9538,-19.1232],[31.9611,-19.1228],[31.9714,-19.1249],[31.9788,-19.1277],[31.9852,-19.1322],[31.9913,-19.1149],[31.9868,-19.0902],[31.987,-19.0773],[31.9896,-19.0577],[31.9891,-19.0392],[31.9925,-18.9971],[31.9919,-18.9924],[31.991,-18.9875],[31.9867,-18.9782],[31.9815,-18.9699],[31.9722,-18.9576],[31.9696,-18.9533],[31.9676,-18.9487],[31.9665,-18.9433],[31.9648,-18.9383],[31.9617,-18.9342],[31.9522,-18.929],[31.9478,-18.9262],[31.9444,-18.9225],[31.9421,-18.9183],[31.9401,-18.9131],[31.9221,-18.8264],[31.9,-18.7737],[31.8971,-18.7696],[31.8932,-18.7663],[31.8884,-18.7637],[31.8828,-18.762],[31.8765,-18.761],[31.858,-18.7601],[31.8526,-18.7585],[31.8476,-18.7562],[31.8437,-18.7532],[31.8405,-18.7491],[31.838,-18.7452],[31.8338,-18.7334],[31.8291,-18.7141],[31.8268,-18.7079],[31.8242,-18.7037],[31.815,-18.6921],[31.8067,-18.6796],[31.7955,-18.6694],[31.7922,-18.6653],[31.7894,-18.661],[31.7801,-18.6433],[31.7706,-18.6315],[31.7689,-18.6267],[31.7668,-18.6158],[31.764,-18.6116],[31.762,-18.606],[31.7618,-18.5989],[31.7677,-18.5856],[31.7711,-18.5753],[31.7705,-18.5675],[31.7621,-18.5501],[31.759,-18.5341],[31.7476,-18.5171],[31.7435,-18.5091],[31.7494,-18.503],[31.7527,-18.5004],[31.7567,-18.4979],[31.762,-18.4933],[31.7646,-18.4851],[31.7666,-18.4754],[31.7674,-18.4651],[31.7693,-18.4556],[31.7725,-18.4474],[31.7804,-18.443],[31.7902,-18.4395],[31.8343,-18.4296],[31.844,-18.4259],[31.8513,-18.4209],[31.8525,-18.4107],[31.8497,-18.3915],[31.8532,-18.3811],[31.8676,-18.3531],[31.867,-18.3432],[31.8649,-18.3391],[31.8618,-18.3293],[31.8593,-18.312],[31.861,-18.2794],[31.8622,-18.2731],[31.8641,-18.2675],[31.9013,-18.2199],[31.9089,-18.2064],[31.9128,-18.1964],[31.9106,-18.1789],[31.9105,-18.1728],[31.9117,-18.1663],[32.1462,-17.9386],[32.1499,-17.9335],[32.1505,-17.9285],[32.1484,-17.912],[32.149,-17.8995],[32.1563,-17.8616],[32.1581,-17.8562],[32.1609,-17.8514],[32.1656,-17.847],[32.1721,-17.843],[32.1994,-17.833],[32.2203,-17.822],[32.2415,-17.8141],[32.2465,-17.8103],[32.252,-17.8051],[32.2593,-17.7949],[32.2692,-17.7772],[32.2748,-17.7692],[32.2795,-17.7644],[32.288,-17.7575],[32.3104,-17.7452],[32.3203,-17.7385],[32.361,-17.6993],[32.3768,-17.6892],[32.3951,-17.6809],[32.4056,-17.6778],[32.4146,-17.6765],[32.4212,-17.6767],[32.4272,-17.6779],[32.4381,-17.6817],[32.4453,-17.6804],[32.454,-17.6748],[32.469,-17.6595],[32.482,-17.6426],[32.4876,-17.6376],[32.5222,-17.6223],[32.5406,-17.6205],[32.5457,-17.6188],[32.5552,-17.6146],[32.5659,-17.6113],[32.5715,-17.6104],[32.5804,-17.6059],[32.5912,-17.5987],[32.633,-17.5558],[32.6361,-17.5506],[32.638,-17.5445],[32.6392,-17.5385],[32.6403,-17.5203],[32.642,-17.515],[32.646,-17.5099],[32.6522,-17.5054],[32.6834,-17.4938],[32.6941,-17.4911],[32.709,-17.4845],[32.7149,-17.4808],[32.7215,-17.4751],[32.7268,-17.4661],[32.7279,-17.4593],[32.7285,-17.4472],[32.7299,-17.4419],[32.7594,-17.3852],[32.763,-17.3801],[32.7673,-17.375],[32.8345,-17.3282],[32.8578,-17.3071],[32.8674,-17.3004],[32.9417,-17.272],[32.963,-17.2664],[32.9688,-17.2661],[32.9691,-17.2661],[32.9694,-17.2761],[32.9732,-17.2979],[32.9836,-17.3178],[32.9924,-17.3247],[33.0147,-17.3367],[33.0216,-17.3456],[33.0225,-17.3615],[33.0163,-17.3772],[33.0117,-17.384]]]}},{"type":"Feature","properties":{"id":"ZWE-524","name":"Mashonaland Central","nameBn":"ম্যাশোনাল্যান্ড কেন্দ্রীয় প্রদেশ","type":"Province","bounds":[30.0448,-17.7409,32.7309,-15.636],"center":[31.3922,-16.8822]},"geometry":{"type":"Polygon","coordinates":[[[30.2962,-15.639],[30.3281,-15.6524],[30.3567,-15.6515],[30.3963,-15.636],[30.3977,-15.7168],[30.3993,-15.812],[30.4013,-15.9317],[30.4026,-16.0012],[30.5148,-16.0004],[30.5866,-16.0],[30.7497,-15.9989],[30.8574,-15.9981],[30.9019,-16.0071],[30.9422,-16.0345],[30.9583,-16.0511],[30.9731,-16.062],[30.9898,-16.0643],[31.012,-16.0549],[31.0237,-16.0452],[31.0422,-16.0249],[31.0569,-16.0176],[31.0654,-16.0196],[31.0733,-16.0255],[31.0809,-16.0259],[31.089,-16.0119],[31.1141,-15.9969],[31.1585,-16.0002],[31.26,-16.0235],[31.2789,-16.0303],[31.2953,-16.0417],[31.3096,-16.059],[31.3284,-16.0928],[31.3409,-16.1067],[31.3603,-16.1169],[31.3703,-16.1237],[31.3746,-16.1329],[31.3778,-16.1422],[31.384,-16.1488],[31.3877,-16.1496],[31.3956,-16.1477],[31.3996,-16.1473],[31.4043,-16.1499],[31.4041,-16.1545],[31.4027,-16.1594],[31.4046,-16.1623],[31.4241,-16.1647],[31.4457,-16.165],[31.4657,-16.1677],[31.4806,-16.178],[31.5192,-16.1965],[31.6861,-16.2072],[31.7107,-16.2179],[31.7382,-16.2398],[31.7988,-16.3037],[31.8181,-16.3196],[31.8601,-16.3408],[31.8719,-16.3504],[31.8807,-16.368],[31.8856,-16.4063],[31.8944,-16.4215],[31.9103,-16.4289],[32.0141,-16.4449],[32.2118,-16.4402],[32.2905,-16.4518],[32.3937,-16.4918],[32.5521,-16.5534],[32.6718,-16.5998],[32.6831,-16.6099],[32.6879,-16.6243],[32.6886,-16.6473],[32.6987,-16.6868],[32.7252,-16.7064],[32.7309,-16.7087],[32.7272,-16.7111],[32.7008,-16.7354],[32.6838,-16.7426],[32.6651,-16.7452],[32.6077,-16.7404],[32.5988,-16.7372],[32.5819,-16.7287],[32.5731,-16.7256],[32.4379,-16.7095],[32.413,-16.7123],[32.3873,-16.7214],[32.3393,-16.7488],[32.3135,-16.7581],[32.2998,-16.7594],[32.2587,-16.7579],[32.2477,-16.7601],[32.239,-16.7641],[32.2225,-16.7756],[32.2036,-16.7857],[32.1808,-16.794],[32.1572,-16.7992],[32.1357,-16.8002],[32.1268,-16.7981],[32.11,-16.7914],[32.1009,-16.79],[32.0862,-16.7925],[32.0701,-16.7986],[32.042,-16.8152],[32.0315,-16.8262],[32.0224,-16.8408],[32.0154,-16.8568],[32.0042,-16.9045],[31.9988,-16.9142],[31.9899,-16.9223],[31.9574,-16.9379],[31.9426,-16.9498],[31.9299,-16.965],[31.92,-16.9823],[31.9137,-17.0004],[31.9077,-17.0333],[31.9033,-17.0433],[31.8805,-17.0795],[31.8672,-17.0956],[31.8512,-17.1095],[31.8318,-17.1205],[31.8262,-17.1248],[31.8205,-17.1314],[31.8118,-17.1467],[31.8067,-17.1538],[31.7953,-17.1635],[31.7699,-17.178],[31.7586,-17.1864],[31.7502,-17.201],[31.7482,-17.2191],[31.75,-17.2377],[31.7536,-17.2542],[31.7547,-17.2814],[31.7451,-17.3042],[31.7293,-17.3246],[31.6437,-17.4057],[31.6274,-17.4308],[31.6248,-17.4395],[31.6071,-17.4559],[31.516,-17.5028],[31.5117,-17.5083],[31.5005,-17.5258],[31.4904,-17.5452],[31.4844,-17.5543],[31.4772,-17.562],[31.4713,-17.5605],[31.465,-17.5578],[31.4589,-17.5577],[31.4485,-17.5651],[31.3956,-17.6137],[31.3846,-17.6219],[31.3739,-17.6265],[31.3393,-17.6129],[31.3279,-17.6166],[31.3058,-17.628],[31.2963,-17.6299],[31.2895,-17.6221],[31.2843,-17.6126],[31.2812,-17.6017],[31.2797,-17.5911],[31.2818,-17.5805],[31.3155,-17.4961],[31.3172,-17.49],[31.3166,-17.4837],[31.3086,-17.4819],[31.1511,-17.4683],[31.1377,-17.4752],[31.1244,-17.488],[31.1087,-17.5201],[31.0877,-17.5433],[31.0862,-17.5488],[31.0921,-17.5616],[31.0989,-17.5654],[31.1057,-17.5662],[31.1079,-17.5746],[31.1085,-17.5824],[31.0887,-17.6661],[31.0857,-17.7093],[31.0778,-17.7251],[31.0713,-17.7315],[31.0646,-17.7348],[31.0582,-17.7361],[31.0398,-17.7357],[31.03,-17.7393],[31.0182,-17.7409],[31.0085,-17.7404],[31.0035,-17.739],[30.9983,-17.736],[30.9821,-17.7217],[30.9546,-17.6776],[30.936,-17.6711],[30.9295,-17.6745],[30.9236,-17.6801],[30.9188,-17.6862],[30.9119,-17.6914],[30.9059,-17.6912],[30.8992,-17.688],[30.8854,-17.6791],[30.8384,-17.6546],[30.7835,-17.6333],[30.774,-17.6275],[30.7702,-17.621],[30.7702,-17.612],[30.7724,-17.6047],[30.7799,-17.5852],[30.7833,-17.5679],[30.7816,-17.5635],[30.776,-17.5626],[30.6354,-17.5631],[30.6317,-17.5611],[30.626,-17.5569],[30.6257,-17.5329],[30.6381,-17.4499],[30.6379,-17.4363],[30.636,-17.4199],[30.6227,-17.3635],[30.6247,-17.3566],[30.6269,-17.3512],[30.6412,-17.3301],[30.6787,-17.2609],[30.68,-17.2559],[30.68,-17.2509],[30.6756,-17.2458],[30.6711,-17.2421],[30.6674,-17.2383],[30.6663,-17.2338],[30.6694,-17.2284],[30.6733,-17.2245],[30.6776,-17.2213],[30.6924,-17.2076],[30.7054,-17.1932],[30.7176,-17.1764],[30.7201,-17.172],[30.7238,-17.1623],[30.7349,-17.0797],[30.7347,-17.0733],[30.7335,-17.0677],[30.7285,-17.0626],[30.7232,-17.0599],[30.7114,-17.0562],[30.7054,-17.055],[30.6997,-17.0548],[30.6945,-17.0562],[30.6897,-17.0585],[30.6817,-17.064],[30.677,-17.0665],[30.6727,-17.0663],[30.6686,-17.0628],[30.6672,-17.0531],[30.6644,-17.0467],[30.6585,-17.0429],[30.6534,-17.0433],[30.648,-17.0453],[30.6348,-17.0529],[30.6226,-17.0616],[30.618,-17.0633],[30.6129,-17.0628],[30.6082,-17.0611],[30.6041,-17.0585],[30.5992,-17.0566],[30.5934,-17.0561],[30.5682,-17.0583],[30.562,-17.0581],[30.5564,-17.057],[30.5522,-17.0543],[30.5494,-17.0497],[30.5454,-17.0294],[30.5445,-17.0034],[30.5448,-16.9998],[30.5485,-16.9974],[30.5524,-16.9955],[30.5566,-16.9928],[30.5594,-16.9895],[30.56,-16.9848],[30.5564,-16.9795],[30.5528,-16.9758],[30.5369,-16.9629],[30.5336,-16.959],[30.5308,-16.955],[30.5287,-16.9469],[30.5229,-16.8591],[30.5239,-16.8527],[30.5252,-16.8467],[30.5271,-16.8413],[30.5296,-16.837],[30.5451,-16.8176],[30.5502,-16.808],[30.5514,-16.8022],[30.5507,-16.7947],[30.548,-16.7861],[30.5414,-16.7734],[30.5364,-16.7666],[30.5311,-16.7622],[30.5263,-16.7596],[30.5211,-16.7576],[30.5164,-16.7548],[30.5127,-16.7517],[30.5144,-16.7463],[30.5167,-16.7415],[30.5184,-16.7355],[30.518,-16.7286],[30.5028,-16.6955],[30.5003,-16.6927],[30.4976,-16.691],[30.4897,-16.6874],[30.4573,-16.6689],[30.452,-16.6668],[30.4403,-16.665],[30.4354,-16.6629],[30.4272,-16.6569],[30.4225,-16.6541],[30.4062,-16.6479],[30.4021,-16.6449],[30.3983,-16.6403],[30.3905,-16.6257],[30.3808,-16.6111],[30.3791,-16.6045],[30.3786,-16.5958],[30.3859,-16.5534],[30.3939,-16.5303],[30.3965,-16.5256],[30.4024,-16.5171],[30.4067,-16.5071],[30.4134,-16.4756],[30.4157,-16.4503],[30.4168,-16.4463],[30.4205,-16.4377],[30.4335,-16.4155],[30.4355,-16.4101],[30.4357,-16.4014],[30.4343,-16.3898],[30.4275,-16.368],[30.4224,-16.3554],[30.4145,-16.342],[30.4076,-16.3384],[30.4008,-16.3369],[30.3436,-16.3398],[30.3384,-16.3389],[30.3342,-16.3369],[30.3314,-16.3344],[30.3137,-16.3152],[30.3102,-16.3089],[30.3015,-16.2824],[30.2973,-16.2744],[30.2923,-16.2693],[30.2865,-16.2674],[30.2732,-16.2657],[30.2667,-16.2657],[30.2307,-16.27],[30.2206,-16.2739],[30.2166,-16.2771],[30.2133,-16.281],[30.2115,-16.2858],[30.2107,-16.2914],[30.2115,-16.297],[30.2163,-16.3174],[30.2164,-16.3238],[30.215,-16.3287],[30.2129,-16.3335],[30.2098,-16.3375],[30.2062,-16.341],[30.2022,-16.3438],[30.1975,-16.346],[30.1752,-16.3508],[30.1705,-16.3533],[30.1665,-16.3564],[30.1604,-16.3641],[30.1568,-16.3676],[30.1525,-16.3697],[30.1472,-16.3694],[30.1251,-16.3641],[30.119,-16.3642],[30.1134,-16.3653],[30.1033,-16.3689],[30.0993,-16.3717],[30.0962,-16.3754],[30.0937,-16.3802],[30.0895,-16.3907],[30.0869,-16.3948],[30.0828,-16.3977],[30.0774,-16.3981],[30.0717,-16.3977],[30.0605,-16.3943],[30.0554,-16.3921],[30.0509,-16.3895],[30.0487,-16.3838],[30.0498,-16.3737],[30.067,-16.3355],[30.0735,-16.3262],[30.0785,-16.3215],[30.0908,-16.3132],[30.094,-16.3094],[30.097,-16.3034],[30.0987,-16.2954],[30.0988,-16.2817],[30.0939,-16.2491],[30.0935,-16.2428],[30.0951,-16.235],[30.0985,-16.2264],[30.1111,-16.2071],[30.1158,-16.2024],[30.1418,-16.1862],[30.1451,-16.1818],[30.1469,-16.176],[30.1463,-16.1661],[30.1437,-16.1604],[30.1395,-16.1573],[30.1339,-16.1569],[30.1286,-16.1576],[30.1231,-16.1578],[30.1179,-16.1566],[30.1139,-16.1538],[30.1101,-16.1509],[30.1042,-16.1426],[30.103,-16.1375],[30.1028,-16.1316],[30.1035,-16.1264],[30.1027,-16.1226],[30.1013,-16.1199],[30.0948,-16.1138],[30.0918,-16.11],[30.0892,-16.1057],[30.0872,-16.101],[30.0849,-16.0902],[30.0852,-16.0818],[30.0894,-16.0555],[30.0883,-16.0471],[30.0849,-16.0418],[30.0641,-16.0338],[30.0596,-16.0314],[30.0519,-16.0248],[30.0492,-16.0207],[30.0465,-16.0161],[30.0451,-16.0108],[30.0448,-16.0057],[30.0451,-16.0017],[30.0468,-15.999],[30.0506,-15.9952],[30.3117,-15.7768],[30.3193,-15.7642],[30.3233,-15.7501],[30.3154,-15.7281],[30.3102,-15.7181],[30.2981,-15.7046],[30.294,-15.6903],[30.2937,-15.6502],[30.2962,-15.639]]]}},{"type":"Feature","properties":{"id":"ZWE-528","name":"Mashonaland East","nameBn":"ম্যাশনাল্যান্ড পূর্ব প্রদেশ","type":"Province","bounds":[30.3631,-19.2724,32.9691,-16.6816],"center":[31.666,-18.2141]},"geometry":{"type":"Polygon","coordinates":[[[32.7309,-16.7087],[32.7313,-16.7088],[32.7399,-16.7032],[32.7538,-16.6979],[32.7693,-16.6955],[32.8007,-16.6973],[32.862,-16.7105],[32.8934,-16.7124],[32.9096,-16.7081],[32.9396,-16.6898],[32.9562,-16.6831],[32.9685,-16.6816],[32.9616,-16.7103],[32.9334,-16.8158],[32.9162,-16.8479],[32.9005,-16.8678],[32.8288,-16.9351],[32.8301,-16.9415],[32.8868,-17.0382],[32.9285,-17.1095],[32.9541,-17.1672],[32.9678,-17.2289],[32.9691,-17.2661],[32.9688,-17.2661],[32.963,-17.2664],[32.9417,-17.272],[32.8674,-17.3004],[32.8578,-17.3071],[32.8345,-17.3282],[32.7673,-17.375],[32.763,-17.3801],[32.7594,-17.3852],[32.7299,-17.4419],[32.7285,-17.4472],[32.7279,-17.4593],[32.7268,-17.4661],[32.7215,-17.4751],[32.7149,-17.4808],[32.709,-17.4845],[32.6941,-17.4911],[32.6834,-17.4938],[32.6522,-17.5054],[32.646,-17.5099],[32.642,-17.515],[32.6403,-17.5203],[32.6392,-17.5385],[32.638,-17.5445],[32.6361,-17.5506],[32.633,-17.5558],[32.5912,-17.5987],[32.5804,-17.6059],[32.5715,-17.6104],[32.5659,-17.6113],[32.5552,-17.6146],[32.5457,-17.6188],[32.5406,-17.6205],[32.5222,-17.6223],[32.4876,-17.6376],[32.482,-17.6426],[32.469,-17.6595],[32.454,-17.6748],[32.4453,-17.6804],[32.4381,-17.6817],[32.4272,-17.6779],[32.4212,-17.6767],[32.4146,-17.6765],[32.4056,-17.6778],[32.3951,-17.6809],[32.3768,-17.6892],[32.361,-17.6993],[32.3203,-17.7385],[32.3104,-17.7452],[32.288,-17.7575],[32.2795,-17.7644],[32.2748,-17.7692],[32.2692,-17.7772],[32.2593,-17.7949],[32.252,-17.8051],[32.2465,-17.8103],[32.2415,-17.8141],[32.2203,-17.822],[32.1994,-17.833],[32.1721,-17.843],[32.1656,-17.847],[32.1609,-17.8514],[32.1581,-17.8562],[32.1563,-17.8616],[32.149,-17.8995],[32.1484,-17.912],[32.1505,-17.9285],[32.1499,-17.9335],[32.1462,-17.9386],[31.9117,-18.1663],[31.9105,-18.1728],[31.9106,-18.1789],[31.9128,-18.1964],[31.9089,-18.2064],[31.9013,-18.2199],[31.8641,-18.2675],[31.8622,-18.2731],[31.861,-18.2794],[31.8593,-18.312],[31.8618,-18.3293],[31.8649,-18.3391],[31.867,-18.3432],[31.8676,-18.3531],[31.8532,-18.3811],[31.8497,-18.3915],[31.8525,-18.4107],[31.8513,-18.4209],[31.844,-18.4259],[31.8343,-18.4296],[31.7902,-18.4395],[31.7804,-18.443],[31.7725,-18.4474],[31.7693,-18.4556],[31.7674,-18.4651],[31.7666,-18.4754],[31.7646,-18.4851],[31.762,-18.4933],[31.7567,-18.4979],[31.7527,-18.5004],[31.7494,-18.503],[31.7435,-18.5091],[31.7476,-18.5171],[31.759,-18.5341],[31.7621,-18.5501],[31.7705,-18.5675],[31.7711,-18.5753],[31.7677,-18.5856],[31.7618,-18.5989],[31.762,-18.606],[31.764,-18.6116],[31.7668,-18.6158],[31.7689,-18.6267],[31.7706,-18.6315],[31.7801,-18.6433],[31.7894,-18.661],[31.7922,-18.6653],[31.7955,-18.6694],[31.8067,-18.6796],[31.815,-18.6921],[31.8242,-18.7037],[31.8268,-18.7079],[31.8291,-18.7141],[31.8338,-18.7334],[31.838,-18.7452],[31.8405,-18.7491],[31.8437,-18.7532],[31.8476,-18.7562],[31.8526,-18.7585],[31.858,-18.7601],[31.8765,-18.761],[31.8828,-18.762],[31.8884,-18.7637],[31.8932,-18.7663],[31.8971,-18.7696],[31.9,-18.7737],[31.9221,-18.8264],[31.9401,-18.9131],[31.9421,-18.9183],[31.9444,-18.9225],[31.9478,-18.9262],[31.9522,-18.929],[31.9617,-18.9342],[31.9648,-18.9383],[31.9665,-18.9433],[31.9676,-18.9487],[31.9696,-18.9533],[31.9722,-18.9576],[31.9815,-18.9699],[31.9867,-18.9782],[31.991,-18.9875],[31.9919,-18.9924],[31.9925,-18.9971],[31.9891,-19.0392],[31.9896,-19.0577],[31.987,-19.0773],[31.9868,-19.0902],[31.9913,-19.1149],[31.9852,-19.1322],[31.9788,-19.1277],[31.9714,-19.1249],[31.9611,-19.1228],[31.9538,-19.1232],[31.9368,-19.1283],[31.9269,-19.1296],[31.9067,-19.1253],[31.8669,-19.1065],[31.83,-19.0977],[31.8145,-19.0868],[31.7769,-19.0492],[31.7629,-19.0407],[31.7463,-19.0356],[31.7287,-19.0368],[31.6795,-19.0444],[31.6609,-19.0433],[31.6275,-19.0289],[31.6057,-19.0231],[31.5962,-19.0236],[31.5922,-19.0267],[31.5944,-19.0308],[31.601,-19.0384],[31.6034,-19.0424],[31.6046,-19.0472],[31.6034,-19.0519],[31.5962,-19.0661],[31.5888,-19.0873],[31.5748,-19.1159],[31.5665,-19.1291],[31.5601,-19.1367],[31.5419,-19.1543],[31.535,-19.1566],[31.5289,-19.1558],[31.5241,-19.1532],[31.5198,-19.1503],[31.5145,-19.1478],[31.5078,-19.1458],[31.4965,-19.1457],[31.4889,-19.1444],[31.4831,-19.1421],[31.4811,-19.1372],[31.4805,-19.132],[31.4803,-19.1263],[31.4788,-19.1213],[31.4763,-19.1167],[31.4575,-19.0991],[31.4518,-19.0957],[31.4432,-19.0924],[31.4378,-19.0932],[31.4335,-19.0959],[31.4259,-19.104],[31.42,-19.1082],[31.4135,-19.1096],[31.4079,-19.109],[31.3971,-19.1048],[31.3878,-19.1],[31.3782,-19.0979],[31.365,-19.097],[31.3383,-19.0989],[31.3287,-19.104],[31.3234,-19.1094],[31.3227,-19.1142],[31.3193,-19.1199],[31.3183,-19.1596],[31.3083,-19.1837],[31.3083,-19.2326],[31.2962,-19.2381],[31.1987,-19.2484],[31.0418,-19.2523],[30.9983,-19.2464],[30.9952,-19.2413],[30.9938,-19.2359],[30.9928,-19.2241],[30.9937,-19.2115],[30.9968,-19.2001],[30.9987,-19.1959],[30.9999,-19.1938],[31.0011,-19.1902],[31.0004,-19.188],[31.0002,-19.1869],[30.9999,-19.1861],[31.0004,-19.1856],[31.0039,-19.1803],[31.006,-19.173],[31.0067,-19.1655],[31.0063,-19.1609],[31.0022,-19.1591],[30.9993,-19.1585],[30.9644,-19.1557],[30.954,-19.1571],[30.9473,-19.162],[30.9367,-19.1775],[30.9304,-19.1848],[30.9214,-19.189],[30.9071,-19.1909],[30.9012,-19.1926],[30.8987,-19.1961],[30.9006,-19.2041],[30.9047,-19.2133],[30.9026,-19.2345],[30.8593,-19.2724],[30.8342,-19.259],[30.8091,-19.2532],[30.805,-19.2518],[30.792,-19.2405],[30.7771,-19.2231],[30.7574,-19.2063],[30.7427,-19.1909],[30.7224,-19.1756],[30.7189,-19.172],[30.7173,-19.1667],[30.7184,-19.1633],[30.7187,-19.1606],[30.7186,-19.1585],[30.7178,-19.1561],[30.7167,-19.1535],[30.7159,-19.1506],[30.7156,-19.1484],[30.7158,-19.1451],[30.7164,-19.1417],[30.7212,-19.1271],[30.725,-19.1245],[30.7294,-19.1236],[30.733,-19.1221],[30.7341,-19.1185],[30.7333,-19.1125],[30.7316,-19.1054],[30.7285,-19.0977],[30.7235,-19.0893],[30.6995,-19.0586],[30.679,-19.0247],[30.6758,-19.0154],[30.6755,-19.0092],[30.6766,-19.0048],[30.6873,-18.9892],[30.6891,-18.9838],[30.6821,-18.982],[30.6758,-18.9795],[30.6674,-18.9749],[30.6599,-18.9719],[30.6388,-18.9691],[30.6118,-18.9688],[30.5965,-18.9655],[30.5865,-18.9644],[30.5802,-18.9631],[30.5734,-18.9603],[30.5525,-18.9419],[30.5373,-18.9359],[30.5181,-18.9313],[30.4748,-18.9136],[30.4496,-18.8965],[30.4338,-18.8817],[30.4166,-18.8744],[30.3631,-18.8615],[30.3808,-18.8451],[30.3879,-18.8298],[30.396,-18.7832],[30.3985,-18.7751],[30.4416,-18.6913],[30.4499,-18.6814],[30.4554,-18.6799],[30.4596,-18.6828],[30.4626,-18.6867],[30.4649,-18.6911],[30.4753,-18.7208],[30.4778,-18.725],[30.4804,-18.7286],[30.4827,-18.7309],[30.4987,-18.767],[30.5037,-18.7682],[30.5118,-18.7671],[30.5318,-18.7605],[30.5397,-18.7554],[30.5435,-18.7514],[30.5428,-18.7471],[30.54,-18.7375],[30.5392,-18.7323],[30.5401,-18.7275],[30.544,-18.7258],[30.5496,-18.7266],[30.5707,-18.7331],[30.5754,-18.7357],[30.5833,-18.7425],[30.5892,-18.7451],[30.5963,-18.7458],[30.6068,-18.7444],[30.6109,-18.7407],[30.6126,-18.7379],[30.6118,-18.7334],[30.6075,-18.7181],[30.6072,-18.7123],[30.609,-18.706],[30.6137,-18.7047],[30.6188,-18.7054],[30.6418,-18.7107],[30.6449,-18.7122],[30.6475,-18.715],[30.6514,-18.7207],[30.6534,-18.719],[30.656,-18.7159],[30.702,-18.641],[30.7448,-18.6011],[30.7515,-18.5924],[30.7555,-18.5845],[30.7578,-18.5721],[30.7654,-18.4341],[30.7668,-18.426],[30.7696,-18.4156],[30.7747,-18.4091],[30.7811,-18.4038],[30.7912,-18.3967],[30.7951,-18.3907],[30.7963,-18.3849],[30.7949,-18.3801],[30.7905,-18.3707],[30.7848,-18.3625],[30.7577,-18.3332],[30.7158,-18.297],[30.7093,-18.2896],[30.7066,-18.2854],[30.7046,-18.2805],[30.7035,-18.2749],[30.702,-18.2422],[30.7026,-18.2331],[30.7055,-18.2279],[30.7096,-18.2242],[30.7192,-18.2194],[30.7242,-18.2175],[30.7318,-18.2104],[30.7411,-18.1998],[30.7585,-18.174],[30.7639,-18.1616],[30.7656,-18.1526],[30.7639,-18.1478],[30.7625,-18.1426],[30.7628,-18.1367],[30.7724,-18.1048],[30.7766,-18.0966],[30.7819,-18.0909],[30.7954,-18.0816],[30.7982,-18.0761],[30.7985,-18.0708],[30.7838,-18.0377],[30.7822,-18.0315],[30.7813,-18.0238],[30.7836,-18.0113],[30.7866,-18.0052],[30.7892,-18.0011],[30.7903,-18.0003],[30.7906,-17.9999],[30.8064,-17.9939],[30.8115,-17.9909],[30.8171,-17.9863],[30.8194,-17.9813],[30.8196,-17.976],[30.8182,-17.9707],[30.8145,-17.9608],[30.8129,-17.9546],[30.8123,-17.9462],[30.8146,-17.9328],[30.8184,-17.9252],[30.8221,-17.9235],[30.8253,-17.9244],[30.8329,-17.9281],[30.8603,-17.9381],[30.8739,-17.9453],[30.879,-17.949],[30.9059,-17.9725],[30.9253,-17.9802],[30.9381,-17.9835],[30.9763,-17.9988],[31.0254,-18.0295],[31.048,-18.0485],[31.0572,-18.0525],[31.0633,-18.0542],[31.0673,-18.0536],[31.0708,-18.0527],[31.0744,-18.0511],[31.0828,-18.0457],[31.0879,-18.0433],[31.0944,-18.0417],[31.1074,-18.0404],[31.1129,-18.0383],[31.1301,-18.0259],[31.1332,-18.0218],[31.1323,-18.0195],[31.1231,-18.013],[31.1196,-18.0088],[31.1203,-18.0039],[31.1236,-17.9963],[31.1379,-17.9902],[31.1476,-17.9792],[31.1514,-17.9626],[31.1518,-17.9577],[31.1511,-17.9466],[31.15,-17.9406],[31.147,-17.9297],[31.1472,-17.9266],[31.1484,-17.9236],[31.1851,-17.9082],[31.1936,-17.9025],[31.1989,-17.8967],[31.1998,-17.8864],[31.2016,-17.8797],[31.2055,-17.8726],[31.2151,-17.8633],[31.2198,-17.8571],[31.2221,-17.8518],[31.2218,-17.8483],[31.2206,-17.8437],[31.2111,-17.8245],[31.2082,-17.8159],[31.2058,-17.8058],[31.2054,-17.7999],[31.2061,-17.7886],[31.2049,-17.7823],[31.202,-17.7763],[31.1979,-17.7701],[31.1959,-17.7633],[31.1959,-17.7565],[31.2002,-17.7396],[31.201,-17.7282],[31.1999,-17.7173],[31.1965,-17.7067],[31.1917,-17.7022],[31.1823,-17.6995],[31.1495,-17.7005],[31.1312,-17.6974],[31.1239,-17.6941],[31.1196,-17.6878],[31.1169,-17.6805],[31.1152,-17.6725],[31.1121,-17.6689],[31.1074,-17.6671],[31.0887,-17.6661],[31.1085,-17.5824],[31.1079,-17.5746],[31.1057,-17.5662],[31.0989,-17.5654],[31.0921,-17.5616],[31.0862,-17.5488],[31.0877,-17.5433],[31.1087,-17.5201],[31.1244,-17.488],[31.1377,-17.4752],[31.1511,-17.4683],[31.3086,-17.4819],[31.3166,-17.4837],[31.3172,-17.49],[31.3155,-17.4961],[31.2818,-17.5805],[31.2797,-17.5911],[31.2812,-17.6017],[31.2843,-17.6126],[31.2895,-17.6221],[31.2963,-17.6299],[31.3058,-17.628],[31.3279,-17.6166],[31.3393,-17.6129],[31.3739,-17.6265],[31.3846,-17.6219],[31.3956,-17.6137],[31.4485,-17.5651],[31.4589,-17.5577],[31.465,-17.5578],[31.4713,-17.5605],[31.4772,-17.562],[31.4844,-17.5543],[31.4904,-17.5452],[31.5005,-17.5258],[31.5117,-17.5083],[31.516,-17.5028],[31.6071,-17.4559],[31.6248,-17.4395],[31.6274,-17.4308],[31.6437,-17.4057],[31.7293,-17.3246],[31.7451,-17.3042],[31.7547,-17.2814],[31.7536,-17.2542],[31.75,-17.2377],[31.7482,-17.2191],[31.7502,-17.201],[31.7586,-17.1864],[31.7699,-17.178],[31.7953,-17.1635],[31.8067,-17.1538],[31.8118,-17.1467],[31.8205,-17.1314],[31.8262,-17.1248],[31.8318,-17.1205],[31.8512,-17.1095],[31.8672,-17.0956],[31.8805,-17.0795],[31.9033,-17.0433],[31.9077,-17.0333],[31.9137,-17.0004],[31.92,-16.9823],[31.9299,-16.965],[31.9426,-16.9498],[31.9574,-16.9379],[31.9899,-16.9223],[31.9988,-16.9142],[32.0042,-16.9045],[32.0154,-16.8568],[32.0224,-16.8408],[32.0315,-16.8262],[32.042,-16.8152],[32.0701,-16.7986],[32.0862,-16.7925],[32.1009,-16.79],[32.11,-16.7914],[32.1268,-16.7981],[32.1357,-16.8002],[32.1572,-16.7992],[32.1808,-16.794],[32.2036,-16.7857],[32.2225,-16.7756],[32.239,-16.7641],[32.2477,-16.7601],[32.2587,-16.7579],[32.2998,-16.7594],[32.3135,-16.7581],[32.3393,-16.7488],[32.3873,-16.7214],[32.413,-16.7123],[32.4379,-16.7095],[32.5731,-16.7256],[32.5819,-16.7287],[32.5988,-16.7372],[32.6077,-16.7404],[32.6651,-16.7452],[32.6838,-16.7426],[32.7008,-16.7354],[32.7272,-16.7111],[32.7309,-16.7087]]]}},{"type":"Feature","properties":{"id":"ZWE-533","name":"Mashonaland West","nameBn":"ম্যাশনাল্যান্ড ওয়েস্ট প্রদেশ","type":"Province","bounds":[28.023,-18.8615,30.9821,-15.6148],"center":[29.5025,-17.0176]},"geometry":{"type":"Polygon","coordinates":[[[29.8373,-15.6148],[29.8818,-15.6188],[29.9675,-15.6415],[30.0107,-15.6462],[30.0502,-15.6401],[30.09,-15.6294],[30.1301,-15.6237],[30.1699,-15.6322],[30.1956,-15.6491],[30.2072,-15.6532],[30.2231,-15.6497],[30.231,-15.6447],[30.2461,-15.6321],[30.2549,-15.6289],[30.2801,-15.6323],[30.2962,-15.639],[30.2937,-15.6502],[30.294,-15.6903],[30.2981,-15.7046],[30.3102,-15.7181],[30.3154,-15.7281],[30.3233,-15.7501],[30.3193,-15.7642],[30.3117,-15.7768],[30.0506,-15.9952],[30.0468,-15.999],[30.0451,-16.0017],[30.0448,-16.0057],[30.0451,-16.0108],[30.0465,-16.0161],[30.0492,-16.0207],[30.0519,-16.0248],[30.0596,-16.0314],[30.0641,-16.0338],[30.0849,-16.0418],[30.0883,-16.0471],[30.0894,-16.0555],[30.0852,-16.0818],[30.0849,-16.0902],[30.0872,-16.101],[30.0892,-16.1057],[30.0918,-16.11],[30.0948,-16.1138],[30.1013,-16.1199],[30.1027,-16.1226],[30.1035,-16.1264],[30.1028,-16.1316],[30.103,-16.1375],[30.1042,-16.1426],[30.1101,-16.1509],[30.1139,-16.1538],[30.1179,-16.1566],[30.1231,-16.1578],[30.1286,-16.1576],[30.1339,-16.1569],[30.1395,-16.1573],[30.1437,-16.1604],[30.1463,-16.1661],[30.1469,-16.176],[30.1451,-16.1818],[30.1418,-16.1862],[30.1158,-16.2024],[30.1111,-16.2071],[30.0985,-16.2264],[30.0951,-16.235],[30.0935,-16.2428],[30.0939,-16.2491],[30.0988,-16.2817],[30.0987,-16.2954],[30.097,-16.3034],[30.094,-16.3094],[30.0908,-16.3132],[30.0785,-16.3215],[30.0735,-16.3262],[30.067,-16.3355],[30.0498,-16.3737],[30.0487,-16.3838],[30.0509,-16.3895],[30.0554,-16.3921],[30.0605,-16.3943],[30.0717,-16.3977],[30.0774,-16.3981],[30.0828,-16.3977],[30.0869,-16.3948],[30.0895,-16.3907],[30.0937,-16.3802],[30.0962,-16.3754],[30.0993,-16.3717],[30.1033,-16.3689],[30.1134,-16.3653],[30.119,-16.3642],[30.1251,-16.3641],[30.1472,-16.3694],[30.1525,-16.3697],[30.1568,-16.3676],[30.1604,-16.3641],[30.1665,-16.3564],[30.1705,-16.3533],[30.1752,-16.3508],[30.1975,-16.346],[30.2022,-16.3438],[30.2062,-16.341],[30.2098,-16.3375],[30.2129,-16.3335],[30.215,-16.3287],[30.2164,-16.3238],[30.2163,-16.3174],[30.2115,-16.297],[30.2107,-16.2914],[30.2115,-16.2858],[30.2133,-16.281],[30.2166,-16.2771],[30.2206,-16.2739],[30.2307,-16.27],[30.2667,-16.2657],[30.2732,-16.2657],[30.2865,-16.2674],[30.2923,-16.2693],[30.2973,-16.2744],[30.3015,-16.2824],[30.3102,-16.3089],[30.3137,-16.3152],[30.3314,-16.3344],[30.3342,-16.3369],[30.3384,-16.3389],[30.3436,-16.3398],[30.4008,-16.3369],[30.4076,-16.3384],[30.4145,-16.342],[30.4224,-16.3554],[30.4275,-16.368],[30.4343,-16.3898],[30.4357,-16.4014],[30.4355,-16.4101],[30.4335,-16.4155],[30.4205,-16.4377],[30.4168,-16.4463],[30.4157,-16.4503],[30.4134,-16.4756],[30.4067,-16.5071],[30.4024,-16.5171],[30.3965,-16.5256],[30.3939,-16.5303],[30.3859,-16.5534],[30.3786,-16.5958],[30.3791,-16.6045],[30.3808,-16.6111],[30.3905,-16.6257],[30.3983,-16.6403],[30.4021,-16.6449],[30.4062,-16.6479],[30.4225,-16.6541],[30.4272,-16.6569],[30.4354,-16.6629],[30.4403,-16.665],[30.452,-16.6668],[30.4573,-16.6689],[30.4897,-16.6874],[30.4976,-16.691],[30.5003,-16.6927],[30.5028,-16.6955],[30.518,-16.7286],[30.5184,-16.7355],[30.5167,-16.7415],[30.5144,-16.7463],[30.5127,-16.7517],[30.5164,-16.7548],[30.5211,-16.7576],[30.5263,-16.7596],[30.5311,-16.7622],[30.5364,-16.7666],[30.5414,-16.7734],[30.548,-16.7861],[30.5507,-16.7947],[30.5514,-16.8022],[30.5502,-16.808],[30.5451,-16.8176],[30.5296,-16.837],[30.5271,-16.8413],[30.5252,-16.8467],[30.5239,-16.8527],[30.5229,-16.8591],[30.5287,-16.9469],[30.5308,-16.955],[30.5336,-16.959],[30.5369,-16.9629],[30.5528,-16.9758],[30.5564,-16.9795],[30.56,-16.9848],[30.5594,-16.9895],[30.5566,-16.9928],[30.5524,-16.9955],[30.5485,-16.9974],[30.5448,-16.9998],[30.5445,-17.0034],[30.5454,-17.0294],[30.5494,-17.0497],[30.5522,-17.0543],[30.5564,-17.057],[30.562,-17.0581],[30.5682,-17.0583],[30.5934,-17.0561],[30.5992,-17.0566],[30.6041,-17.0585],[30.6082,-17.0611],[30.6129,-17.0628],[30.618,-17.0633],[30.6226,-17.0616],[30.6348,-17.0529],[30.648,-17.0453],[30.6534,-17.0433],[30.6585,-17.0429],[30.6644,-17.0467],[30.6672,-17.0531],[30.6686,-17.0628],[30.6727,-17.0663],[30.677,-17.0665],[30.6817,-17.064],[30.6897,-17.0585],[30.6945,-17.0562],[30.6997,-17.0548],[30.7054,-17.055],[30.7114,-17.0562],[30.7232,-17.0599],[30.7285,-17.0626],[30.7335,-17.0677],[30.7347,-17.0733],[30.7349,-17.0797],[30.7238,-17.1623],[30.7201,-17.172],[30.7176,-17.1764],[30.7054,-17.1932],[30.6924,-17.2076],[30.6776,-17.2213],[30.6733,-17.2245],[30.6694,-17.2284],[30.6663,-17.2338],[30.6674,-17.2383],[30.6711,-17.2421],[30.6756,-17.2458],[30.68,-17.2509],[30.68,-17.2559],[30.6787,-17.2609],[30.6412,-17.3301],[30.6269,-17.3512],[30.6247,-17.3566],[30.6227,-17.3635],[30.636,-17.4199],[30.6379,-17.4363],[30.6381,-17.4499],[30.6257,-17.5329],[30.626,-17.5569],[30.6317,-17.5611],[30.6354,-17.5631],[30.776,-17.5626],[30.7816,-17.5635],[30.7833,-17.5679],[30.7799,-17.5852],[30.7724,-17.6047],[30.7702,-17.612],[30.7702,-17.621],[30.774,-17.6275],[30.7835,-17.6333],[30.8384,-17.6546],[30.8854,-17.6791],[30.8992,-17.688],[30.9059,-17.6912],[30.9119,-17.6914],[30.9188,-17.6862],[30.9236,-17.6801],[30.9295,-17.6745],[30.936,-17.6711],[30.9546,-17.6776],[30.9821,-17.7217],[30.9704,-17.7527],[30.9426,-17.7841],[30.9307,-17.7923],[30.9198,-17.797],[30.9107,-17.7989],[30.9061,-17.8032],[30.9036,-17.81],[30.9016,-17.8216],[30.9016,-17.8292],[30.9042,-17.835],[30.9081,-17.8394],[30.9107,-17.8456],[30.9104,-17.8574],[30.904,-17.8705],[30.9026,-17.8791],[30.9048,-17.8849],[30.9107,-17.8891],[30.9316,-17.9001],[30.9367,-17.9062],[30.9411,-17.9132],[30.944,-17.923],[30.9429,-17.9281],[30.9386,-17.9326],[30.9061,-17.9437],[30.879,-17.949],[30.8739,-17.9453],[30.8603,-17.9381],[30.8329,-17.9281],[30.8253,-17.9244],[30.8221,-17.9235],[30.8184,-17.9252],[30.8146,-17.9328],[30.8123,-17.9462],[30.8129,-17.9546],[30.8145,-17.9608],[30.8182,-17.9707],[30.8196,-17.976],[30.8194,-17.9813],[30.8171,-17.9863],[30.8115,-17.9909],[30.8064,-17.9939],[30.7906,-17.9999],[30.7903,-18.0003],[30.7892,-18.0011],[30.7866,-18.0052],[30.7836,-18.0113],[30.7813,-18.0238],[30.7822,-18.0315],[30.7838,-18.0377],[30.7985,-18.0708],[30.7982,-18.0761],[30.7954,-18.0816],[30.7819,-18.0909],[30.7766,-18.0966],[30.7724,-18.1048],[30.7628,-18.1367],[30.7625,-18.1426],[30.7639,-18.1478],[30.7656,-18.1526],[30.7639,-18.1616],[30.7585,-18.174],[30.7411,-18.1998],[30.7318,-18.2104],[30.7242,-18.2175],[30.7192,-18.2194],[30.7096,-18.2242],[30.7055,-18.2279],[30.7026,-18.2331],[30.702,-18.2422],[30.7035,-18.2749],[30.7046,-18.2805],[30.7066,-18.2854],[30.7093,-18.2896],[30.7158,-18.297],[30.7577,-18.3332],[30.7848,-18.3625],[30.7905,-18.3707],[30.7949,-18.3801],[30.7963,-18.3849],[30.7951,-18.3907],[30.7912,-18.3967],[30.7811,-18.4038],[30.7747,-18.4091],[30.7696,-18.4156],[30.7668,-18.426],[30.7654,-18.4341],[30.7578,-18.5721],[30.7555,-18.5845],[30.7515,-18.5924],[30.7448,-18.6011],[30.702,-18.641],[30.656,-18.7159],[30.6534,-18.719],[30.6514,-18.7207],[30.6475,-18.715],[30.6449,-18.7122],[30.6418,-18.7107],[30.6188,-18.7054],[30.6137,-18.7047],[30.609,-18.706],[30.6072,-18.7123],[30.6075,-18.7181],[30.6118,-18.7334],[30.6126,-18.7379],[30.6109,-18.7407],[30.6068,-18.7444],[30.5963,-18.7458],[30.5892,-18.7451],[30.5833,-18.7425],[30.5754,-18.7357],[30.5707,-18.7331],[30.5496,-18.7266],[30.544,-18.7258],[30.5401,-18.7275],[30.5392,-18.7323],[30.54,-18.7375],[30.5428,-18.7471],[30.5435,-18.7514],[30.5397,-18.7554],[30.5318,-18.7605],[30.5118,-18.7671],[30.5037,-18.7682],[30.4987,-18.767],[30.4827,-18.7309],[30.4804,-18.7286],[30.4778,-18.725],[30.4753,-18.7208],[30.4649,-18.6911],[30.4626,-18.6867],[30.4596,-18.6828],[30.4554,-18.6799],[30.4499,-18.6814],[30.4416,-18.6913],[30.3985,-18.7751],[30.396,-18.7832],[30.3879,-18.8298],[30.3808,-18.8451],[30.3631,-18.8615],[30.328,-18.8292],[30.3195,-18.8227],[30.3122,-18.819],[30.2989,-18.8146],[30.276,-18.81],[30.2528,-18.7995],[30.2374,-18.7954],[30.2303,-18.7922],[30.223,-18.7872],[30.2017,-18.7657],[30.1936,-18.7591],[30.1806,-18.7516],[30.1674,-18.7468],[30.1328,-18.7382],[30.1265,-18.7378],[30.101,-18.7389],[30.0875,-18.7379],[30.0749,-18.7354],[30.0694,-18.7333],[30.0453,-18.721],[30.0389,-18.7194],[30.0197,-18.7182],[29.9865,-18.7026],[29.9779,-18.7013],[29.971,-18.7016],[29.9547,-18.7064],[29.9503,-18.709],[29.9427,-18.7157],[29.9384,-18.7179],[29.9328,-18.7183],[29.8951,-18.7113],[29.8894,-18.7096],[29.8563,-18.6945],[29.8414,-18.6919],[29.8355,-18.6898],[29.8303,-18.6857],[29.8249,-18.678],[29.822,-18.6728],[29.8186,-18.6697],[29.8144,-18.6678],[29.8048,-18.6656],[29.7834,-18.6562],[29.7761,-18.6556],[29.7702,-18.6565],[29.7652,-18.6583],[29.7596,-18.6577],[29.7539,-18.6545],[29.7464,-18.6464],[29.7393,-18.6404],[29.7267,-18.6335],[29.7183,-18.6305],[29.7104,-18.6287],[29.7039,-18.6281],[29.6789,-18.6235],[29.6737,-18.624],[29.6642,-18.6276],[29.6589,-18.6286],[29.6488,-18.6248],[29.6102,-18.602],[29.5976,-18.5972],[29.5878,-18.5947],[29.581,-18.5922],[29.5747,-18.5869],[29.5669,-18.5748],[29.5633,-18.5667],[29.5613,-18.5595],[29.5609,-18.5535],[29.561,-18.5474],[29.5637,-18.5282],[29.5598,-18.4815],[29.5599,-18.476],[29.5616,-18.4711],[29.5647,-18.4671],[29.5722,-18.4611],[29.5751,-18.4578],[29.5764,-18.455],[29.5771,-18.4507],[29.5767,-18.44],[29.577,-18.4341],[29.5785,-18.4287],[29.5892,-18.4023],[29.5905,-18.3962],[29.5912,-18.3899],[29.5909,-18.3841],[29.5878,-18.3785],[29.5823,-18.3738],[29.5447,-18.3573],[29.4074,-18.2726],[29.3969,-18.2689],[29.3809,-18.2653],[29.3731,-18.2613],[29.3638,-18.2506],[29.3554,-18.2376],[29.3507,-18.2328],[29.3439,-18.2283],[29.3224,-18.2182],[29.3147,-18.2128],[29.2891,-18.1861],[29.2846,-18.1799],[29.2802,-18.1692],[29.2777,-18.1647],[29.2746,-18.1609],[29.248,-18.137],[29.2452,-18.133],[29.2435,-18.128],[29.2425,-18.1225],[29.2424,-18.1163],[29.2418,-18.1108],[29.2381,-18.1055],[29.2236,-18.092],[29.2189,-18.0861],[29.2158,-18.0805],[29.2134,-18.0697],[29.2115,-18.0649],[29.2091,-18.0604],[29.2073,-18.0557],[29.2069,-18.0501],[29.2076,-18.0386],[29.2073,-18.033],[29.2048,-18.0225],[29.203,-18.0176],[29.2001,-18.0079],[29.2002,-18.0033],[29.2007,-18.001],[29.201,-18.0001],[29.2019,-17.999],[29.2035,-17.9965],[29.2051,-17.9926],[29.2066,-17.9818],[29.2081,-17.9764],[29.2106,-17.9719],[29.2168,-17.9635],[29.2435,-17.9014],[29.2546,-17.8831],[29.261,-17.8673],[29.2638,-17.8628],[29.2772,-17.8472],[29.2795,-17.8424],[29.2815,-17.8368],[29.2862,-17.8112],[29.2883,-17.8058],[29.2914,-17.8015],[29.295,-17.7981],[29.3071,-17.789],[29.3137,-17.7813],[29.319,-17.7721],[29.3206,-17.7669],[29.3187,-17.7604],[29.3141,-17.7541],[29.3043,-17.7444],[29.3028,-17.7382],[29.3035,-17.7329],[29.3072,-17.7295],[29.3236,-17.7174],[29.3269,-17.7136],[29.3298,-17.7093],[29.3319,-17.7042],[29.3338,-17.6987],[29.335,-17.6928],[29.3356,-17.6682],[29.3393,-17.6434],[29.3374,-17.6205],[29.336,-17.6152],[29.3326,-17.6104],[29.3206,-17.5989],[29.318,-17.5928],[29.3174,-17.5867],[29.319,-17.5817],[29.322,-17.5776],[29.3255,-17.5739],[29.3295,-17.5708],[29.3338,-17.568],[29.3415,-17.5615],[29.3471,-17.5526],[29.3518,-17.5425],[29.3545,-17.5379],[29.3608,-17.5298],[29.3685,-17.5233],[29.3861,-17.5131],[29.39,-17.5099],[29.3931,-17.5063],[29.3951,-17.5027],[29.4024,-17.4854],[29.4,-17.4808],[29.3928,-17.4761],[29.375,-17.4707],[29.3659,-17.4666],[29.3591,-17.4628],[29.2922,-17.3887],[29.2898,-17.3845],[29.2876,-17.3799],[29.286,-17.3749],[29.2817,-17.353],[29.2784,-17.3432],[29.2712,-17.3299],[29.2679,-17.3262],[29.2641,-17.3227],[29.2546,-17.3158],[29.2477,-17.3118],[29.2418,-17.3092],[29.2347,-17.3082],[29.2272,-17.309],[29.2165,-17.3122],[29.2079,-17.3138],[29.1966,-17.3131],[29.1905,-17.3121],[29.1276,-17.2908],[29.123,-17.288],[29.1189,-17.2849],[29.1153,-17.2814],[29.1112,-17.2782],[29.1059,-17.2757],[29.0992,-17.2737],[29.0832,-17.2711],[29.0776,-17.2688],[29.0493,-17.2464],[28.9801,-17.224],[28.9755,-17.2213],[28.9718,-17.2178],[28.9656,-17.2101],[28.9602,-17.2018],[28.954,-17.1877],[28.9516,-17.1834],[28.9428,-17.1711],[28.9406,-17.1667],[28.9364,-17.1511],[28.9322,-17.1423],[28.9272,-17.1366],[28.9216,-17.1312],[28.917,-17.1301],[28.9117,-17.1317],[28.881,-17.1543],[28.876,-17.1568],[28.8703,-17.1583],[28.8618,-17.1583],[28.8342,-17.1541],[28.8277,-17.1541],[28.8157,-17.1556],[28.7689,-17.1696],[28.7607,-17.173],[28.7324,-17.1899],[28.7238,-17.1968],[28.7179,-17.2029],[28.7095,-17.2164],[28.7056,-17.2203],[28.7003,-17.223],[28.6916,-17.2234],[28.6705,-17.2203],[28.6631,-17.221],[28.656,-17.2242],[28.6465,-17.2316],[28.607,-17.2768],[28.596,-17.2952],[28.5865,-17.3151],[28.5473,-17.3622],[28.542,-17.3663],[28.5241,-17.3772],[28.5187,-17.3828],[28.5117,-17.3927],[28.5072,-17.395],[28.5016,-17.395],[28.4932,-17.3895],[28.4883,-17.385],[28.4834,-17.3818],[28.4784,-17.3814],[28.4728,-17.3848],[28.4672,-17.387],[28.4607,-17.3878],[28.438,-17.3828],[28.4231,-17.3814],[28.4066,-17.3834],[28.3056,-17.4062],[28.2935,-17.4125],[28.28,-17.4152],[28.2476,-17.4096],[28.2355,-17.3656],[28.231,-17.3599],[28.2246,-17.3532],[28.2172,-17.3514],[28.2088,-17.3477],[28.1976,-17.3409],[28.188,-17.3294],[28.1685,-17.3152],[28.1646,-17.3094],[28.1618,-17.3008],[28.1607,-17.2911],[28.1555,-17.274],[28.1556,-17.2568],[28.1548,-17.2488],[28.1514,-17.2426],[28.145,-17.2348],[28.1422,-17.229],[28.1419,-17.2234],[28.1467,-17.2122],[28.147,-17.2021],[28.1439,-17.1951],[28.138,-17.1867],[28.1354,-17.1804],[28.1342,-17.174],[28.1349,-17.1679],[28.1382,-17.1558],[28.1386,-17.1493],[28.136,-17.1453],[28.1317,-17.1423],[28.1205,-17.1386],[28.115,-17.1378],[28.11,-17.1383],[28.1047,-17.1395],[28.0986,-17.1396],[28.0914,-17.1375],[28.0869,-17.1321],[28.0834,-17.1249],[28.0792,-17.1131],[28.0751,-17.1071],[28.0699,-17.103],[28.0558,-17.0979],[28.0475,-17.0927],[28.0441,-17.0885],[28.0426,-17.0846],[28.0428,-17.0799],[28.0457,-17.0622],[28.0584,-17.0275],[28.0581,-17.0184],[28.0521,-17.0123],[28.0363,-17.004],[28.0324,-17.0003],[28.0322,-16.9994],[28.0324,-16.9976],[28.0331,-16.9924],[28.0364,-16.9833],[28.0426,-16.946],[28.0259,-16.8729],[28.023,-16.8654],[28.1139,-16.8276],[28.2125,-16.7486],[28.2801,-16.7065],[28.6433,-16.5688],[28.6907,-16.5603],[28.7188,-16.5603],[28.7328,-16.5581],[28.7414,-16.5507],[28.7611,-16.5323],[28.7693,-16.5152],[28.8089,-16.4863],[28.8225,-16.4708],[28.8291,-16.4346],[28.8331,-16.4264],[28.8572,-16.3882],[28.857,-16.3655],[28.8405,-16.3236],[28.8368,-16.3063],[28.8403,-16.2847],[28.8642,-16.2312],[28.8471,-16.2027],[28.8525,-16.1628],[28.8654,-16.1212],[28.871,-16.0872],[28.8685,-16.0822],[28.8638,-16.0766],[28.8593,-16.0696],[28.8572,-16.0605],[28.8603,-16.0494],[28.8741,-16.0289],[28.8772,-16.022],[28.8989,-15.9955],[28.9324,-15.9637],[28.9469,-15.9572],[28.9513,-15.9553],[28.9728,-15.9514],[29.0181,-15.9506],[29.0423,-15.9463],[29.0551,-15.9344],[29.0763,-15.8954],[29.0862,-15.8846],[29.1022,-15.8709],[29.1217,-15.8593],[29.1419,-15.8545],[29.151,-15.8488],[29.1863,-15.8128],[29.407,-15.7142],[29.4221,-15.711],[29.5085,-15.7036],[29.5262,-15.6928],[29.5634,-15.6621],[29.5872,-15.6557],[29.6086,-15.6584],[29.628,-15.6636],[29.6485,-15.6666],[29.6728,-15.6633],[29.73,-15.6447],[29.7733,-15.6381],[29.8143,-15.6197],[29.8373,-15.6148]]]}},{"type":"Feature","properties":{"id":"ZWE-532","name":"Masvingo","nameBn":"মাাভিঙ্গো প্রদেশ","type":"Province","bounds":[29.728,-22.3973,32.4085,-19.1557],"center":[31.0875,-20.7844]},"geometry":{"type":"Polygon","coordinates":[[[31.2215,-22.3649],[31.2135,-22.3619],[31.1979,-22.3526],[31.1907,-22.3506],[31.1837,-22.3456],[31.1633,-22.3226],[31.1526,-22.3164],[31.1377,-22.3185],[31.1045,-22.3334],[31.097,-22.3349],[31.097,-22.3346],[31.0831,-22.3099],[31.0788,-22.305],[31.0726,-22.3046],[31.067,-22.305],[31.0606,-22.3041],[31.0537,-22.3015],[31.0486,-22.2978],[31.0457,-22.2908],[31.0438,-22.2781],[31.0412,-22.2721],[31.0297,-22.2564],[31.0277,-22.2492],[31.0272,-22.2371],[31.024,-22.2303],[31.0168,-22.2186],[31.0148,-22.2105],[31.0141,-22.2034],[31.0128,-22.1977],[31.0091,-22.1934],[31.0013,-22.1903],[30.9946,-22.1894],[30.9818,-22.1902],[30.9766,-22.1897],[30.9728,-22.1871],[30.9742,-22.1758],[30.9726,-22.1706],[30.968,-22.1666],[30.9573,-22.1635],[30.9422,-22.1607],[30.9371,-22.1575],[30.9327,-22.1524],[30.9287,-22.1432],[30.9261,-22.1293],[30.9245,-22.1242],[30.9219,-22.1195],[30.9132,-22.1095],[30.9099,-22.1046],[30.9082,-22.0993],[30.9082,-22.0877],[30.9056,-22.0829],[30.9009,-22.0798],[30.8917,-22.0793],[30.8787,-22.081],[30.8733,-22.0798],[30.8693,-22.0762],[30.8635,-22.0622],[30.8589,-22.0558],[30.8483,-22.0479],[30.8423,-22.0419],[30.836,-22.0332],[30.8291,-22.0267],[30.8151,-22.0182],[30.8061,-22.0146],[30.7977,-22.0128],[30.7917,-22.0128],[30.7866,-22.012],[30.7836,-22.0095],[30.7847,-22.0049],[30.7867,-22.0019],[30.788,-22.0006],[30.7887,-21.9998],[30.7894,-21.9986],[30.7908,-21.9956],[30.7906,-21.9863],[30.7911,-21.9808],[30.7931,-21.9762],[30.7928,-21.9711],[30.7898,-21.9665],[30.78,-21.9621],[30.7721,-21.9575],[30.7651,-21.9517],[30.7583,-21.9406],[30.7577,-21.9338],[30.7589,-21.9228],[30.7572,-21.9186],[30.7119,-21.8648],[30.709,-21.8586],[30.7046,-21.8527],[30.6989,-21.8475],[30.6734,-21.8334],[30.6696,-21.8289],[30.6666,-21.822],[30.6596,-21.8006],[30.6588,-21.7952],[30.6591,-21.7893],[30.6577,-21.7836],[30.6545,-21.7789],[30.6407,-21.7724],[30.6368,-21.7689],[30.6373,-21.7625],[30.6387,-21.7573],[30.6381,-21.752],[30.6348,-21.7486],[30.628,-21.7477],[30.6177,-21.7519],[30.6124,-21.7531],[30.6067,-21.7529],[30.5833,-21.7443],[30.5713,-21.7376],[30.5658,-21.736],[30.5603,-21.7364],[30.555,-21.7362],[30.5501,-21.7343],[30.5423,-21.7211],[30.5367,-21.7141],[30.5166,-21.6934],[30.5076,-21.6819],[30.507,-21.6782],[30.5085,-21.6742],[30.5144,-21.6666],[30.5149,-21.6623],[30.5118,-21.6584],[30.504,-21.6557],[30.4838,-21.6543],[30.4531,-21.6436],[30.4452,-21.6367],[30.4234,-21.6274],[30.399,-21.6115],[30.3755,-21.6005],[30.3693,-21.601],[30.3642,-21.6027],[30.3594,-21.6047],[30.3543,-21.606],[30.3485,-21.6053],[30.3372,-21.6019],[30.2563,-21.5923],[30.25,-21.5906],[30.2455,-21.5877],[30.2428,-21.5834],[30.2445,-21.5705],[30.2444,-21.5646],[30.2428,-21.5597],[30.2396,-21.5556],[30.2349,-21.5524],[30.2261,-21.5504],[30.2188,-21.5473],[30.1983,-21.5365],[30.1899,-21.5342],[30.185,-21.5319],[30.1809,-21.5279],[30.1764,-21.5139],[30.1732,-21.5082],[30.1645,-21.5049],[30.151,-21.5045],[30.1451,-21.5036],[30.1317,-21.4999],[30.1272,-21.4993],[30.1232,-21.4999],[30.1223,-21.5002],[30.1195,-21.5008],[30.1156,-21.4999],[30.1116,-21.497],[30.1072,-21.4884],[30.1028,-21.4827],[30.0956,-21.4784],[30.089,-21.4761],[30.0836,-21.4717],[30.0777,-21.4647],[30.0698,-21.452],[30.0512,-21.4363],[30.0406,-21.43],[30.0361,-21.4254],[30.0195,-21.3981],[30.0087,-21.3883],[30.0039,-21.3847],[29.9922,-21.3784],[29.9882,-21.3754],[29.9843,-21.372],[29.9758,-21.3659],[29.9654,-21.3611],[29.9607,-21.3583],[29.9559,-21.3522],[29.9508,-21.3432],[29.9359,-21.3096],[29.9337,-21.3069],[29.9308,-21.3047],[29.9252,-21.3025],[29.9205,-21.3],[29.9177,-21.2966],[29.9162,-21.2896],[29.9159,-21.2843],[29.914,-21.2793],[29.9105,-21.2757],[29.9027,-21.2723],[29.8977,-21.2714],[29.8936,-21.2709],[29.8911,-21.2681],[29.8891,-21.2615],[29.8876,-21.2341],[29.8854,-21.2264],[29.8814,-21.2215],[29.872,-21.2158],[29.8662,-21.2137],[29.8577,-21.2123],[29.8529,-21.2073],[29.8473,-21.1988],[29.8371,-21.1777],[29.8347,-21.1687],[29.8351,-21.1632],[29.8372,-21.1615],[29.8361,-21.1589],[29.8322,-21.1552],[29.8083,-21.1422],[29.8006,-21.1391],[29.7956,-21.1358],[29.7505,-21.0864],[29.743,-21.0716],[29.728,-21.0242],[29.7786,-21.0306],[29.7866,-21.0301],[29.7981,-21.0283],[29.8184,-21.0188],[29.9367,-20.9259],[29.9496,-20.9192],[29.959,-20.9159],[29.9697,-20.9148],[29.9818,-20.9153],[29.9886,-20.9172],[29.9958,-20.9214],[30.0009,-20.9263],[30.0078,-20.9314],[30.0149,-20.9356],[30.023,-20.9415],[30.0292,-20.9473],[30.0358,-20.9517],[30.0406,-20.9543],[30.0559,-20.96],[30.0624,-20.9633],[30.0666,-20.9665],[30.0821,-20.9863],[30.0917,-20.9946],[30.1036,-21.0015],[30.1266,-21.008],[30.1325,-21.0109],[30.1362,-21.0143],[30.1423,-21.0211],[30.148,-21.0261],[30.1522,-21.0285],[30.1576,-21.0312],[30.1673,-21.0333],[30.1926,-21.0368],[30.2108,-21.0366],[30.2377,-21.041],[30.245,-21.0404],[30.2503,-21.0384],[30.2537,-21.0357],[30.2566,-21.0343],[30.261,-21.0329],[30.2658,-21.0306],[30.276,-21.0238],[30.2794,-21.0228],[30.2844,-21.023],[30.3032,-21.0332],[30.3105,-21.0349],[30.3167,-21.0373],[30.3235,-21.0384],[30.3329,-21.0374],[30.4321,-20.9513],[30.4396,-20.9403],[30.442,-20.9245],[30.4368,-20.8515],[30.4382,-20.8459],[30.4414,-20.8408],[30.4525,-20.8282],[30.4564,-20.8223],[30.4592,-20.8161],[30.4641,-20.7925],[30.475,-20.7731],[30.4764,-20.7668],[30.4765,-20.7613],[30.4714,-20.7405],[30.4714,-20.7346],[30.473,-20.7285],[30.4754,-20.7225],[30.4886,-20.7007],[30.4903,-20.6958],[30.4906,-20.6898],[30.4886,-20.6853],[30.4869,-20.6797],[30.4844,-20.6677],[30.4826,-20.6624],[30.4795,-20.6587],[30.4712,-20.6527],[30.4674,-20.6493],[30.4641,-20.6455],[30.4612,-20.6411],[30.4593,-20.6359],[30.4579,-20.6303],[30.4573,-20.624],[30.459,-20.6062],[30.4587,-20.6001],[30.4571,-20.5947],[30.4533,-20.5843],[30.4531,-20.5773],[30.4542,-20.5689],[30.4587,-20.5574],[30.4596,-20.5499],[30.4581,-20.5444],[30.4171,-20.5009],[30.4165,-20.4999],[30.4145,-20.4948],[30.4134,-20.4898],[30.412,-20.4777],[30.4103,-20.4723],[30.4075,-20.4681],[30.4038,-20.4646],[30.3814,-20.4507],[30.3775,-20.4475],[30.3741,-20.4437],[30.3715,-20.4391],[30.3696,-20.4338],[30.3673,-20.429],[30.3645,-20.4246],[30.3605,-20.4216],[30.3553,-20.4198],[30.3434,-20.4178],[30.3379,-20.4159],[30.3335,-20.4133],[30.3296,-20.4102],[30.323,-20.4023],[30.3207,-20.3977],[30.319,-20.3926],[30.3185,-20.3867],[30.3192,-20.3813],[30.3193,-20.3762],[30.3173,-20.372],[30.3133,-20.3694],[30.308,-20.3683],[30.2886,-20.367],[30.2778,-20.3638],[30.2726,-20.3618],[30.2681,-20.3592],[30.2604,-20.3528],[30.2569,-20.3492],[30.2431,-20.3272],[30.2396,-20.3236],[30.2346,-20.3217],[30.232,-20.3159],[30.2321,-20.3053],[30.24,-20.2807],[30.2408,-20.2605],[30.2394,-20.2406],[30.236,-20.225],[30.2315,-20.2118],[30.2258,-20.2049],[30.2126,-20.1969],[30.1964,-20.1922],[30.18,-20.1908],[30.1624,-20.2016],[30.1558,-20.2041],[30.153,-20.2019],[30.1525,-20.173],[30.1581,-20.1322],[30.1701,-20.111],[30.1769,-20.0757],[30.1755,-20.0619],[30.173,-20.0543],[30.1671,-20.0473],[30.1705,-20.0422],[30.1784,-20.037],[30.2535,-20.0023],[30.259,-20.0008],[30.2652,-20.0],[30.4211,-19.994],[30.4279,-19.9928],[30.4332,-19.9911],[30.4383,-19.9867],[30.4312,-19.9857],[30.4279,-19.9856],[30.4265,-19.9846],[30.4265,-19.9825],[30.427,-19.9793],[30.4295,-19.9736],[30.4301,-19.9701],[30.4298,-19.9677],[30.4286,-19.9663],[30.4276,-19.9632],[30.4276,-19.9585],[30.4296,-19.949],[30.4326,-19.9443],[30.4561,-19.9277],[30.4616,-19.9208],[30.4644,-19.9167],[30.4652,-19.9135],[30.4647,-19.9111],[30.4637,-19.909],[30.4624,-19.9073],[30.4607,-19.9045],[30.4595,-19.9008],[30.4592,-19.8958],[30.4587,-19.8928],[30.4578,-19.8907],[30.4562,-19.8895],[30.4551,-19.8884],[30.4543,-19.8869],[30.4534,-19.8825],[30.4522,-19.8803],[30.4512,-19.8774],[30.4519,-19.8725],[30.463,-19.8524],[30.4725,-19.847],[30.5575,-19.8445],[30.5673,-19.8451],[30.5748,-19.8477],[30.6023,-19.8617],[30.632,-19.8695],[30.6446,-19.8707],[30.6574,-19.8701],[30.6866,-19.8629],[30.6938,-19.8604],[30.7018,-19.8561],[30.7037,-19.8516],[30.702,-19.8478],[30.6987,-19.8452],[30.6956,-19.8423],[30.6941,-19.8397],[30.693,-19.8352],[30.6914,-19.8242],[30.691,-19.8113],[30.6939,-19.7929],[30.7051,-19.7611],[30.706,-19.7554],[30.7049,-19.7307],[30.7055,-19.7229],[30.7232,-19.6421],[30.7242,-19.6319],[30.7231,-19.6215],[30.7187,-19.6076],[30.7156,-19.5915],[30.7262,-19.5382],[30.7282,-19.4562],[30.73,-19.4479],[30.7363,-19.4431],[30.7468,-19.4386],[30.7602,-19.4312],[30.765,-19.4232],[30.7642,-19.4161],[30.7583,-19.4099],[30.7509,-19.4061],[30.7198,-19.3995],[30.7138,-19.3972],[30.7093,-19.3935],[30.7117,-19.3886],[30.7197,-19.3811],[30.8593,-19.2724],[30.9026,-19.2345],[30.9047,-19.2133],[30.9006,-19.2041],[30.8987,-19.1961],[30.9012,-19.1926],[30.9071,-19.1909],[30.9214,-19.189],[30.9304,-19.1848],[30.9367,-19.1775],[30.9473,-19.162],[30.954,-19.1571],[30.9644,-19.1557],[30.9993,-19.1585],[31.0022,-19.1591],[31.0063,-19.1609],[31.0067,-19.1655],[31.006,-19.173],[31.0039,-19.1803],[31.0004,-19.1856],[30.9999,-19.1861],[31.0002,-19.1869],[31.0004,-19.188],[31.0011,-19.1902],[30.9999,-19.1938],[30.9987,-19.1959],[30.9968,-19.2001],[30.9937,-19.2115],[30.9928,-19.2241],[30.9938,-19.2359],[30.9952,-19.2413],[30.9983,-19.2464],[31.0418,-19.2523],[31.1987,-19.2484],[31.2116,-19.2642],[31.3742,-19.3587],[31.4105,-19.3874],[31.4234,-19.3956],[31.4349,-19.4011],[31.4411,-19.4017],[31.4462,-19.4002],[31.4502,-19.3974],[31.4558,-19.3949],[31.463,-19.3938],[31.4737,-19.3946],[31.4794,-19.3963],[31.4837,-19.3989],[31.4944,-19.4092],[31.4994,-19.4121],[31.505,-19.4143],[31.5244,-19.4185],[31.5342,-19.4231],[31.5604,-19.4407],[31.5686,-19.4473],[31.5745,-19.4539],[31.5781,-19.4596],[31.5842,-19.4671],[31.5904,-19.4705],[31.5966,-19.472],[31.6018,-19.4707],[31.6124,-19.4668],[31.6201,-19.4673],[31.6254,-19.4705],[31.6326,-19.4764],[31.6411,-19.481],[31.6552,-19.4867],[31.6657,-19.4894],[31.6897,-19.4929],[31.6967,-19.4955],[31.7007,-19.4991],[31.7011,-19.502],[31.7007,-19.5133],[31.7035,-19.5211],[31.7089,-19.5301],[31.7395,-19.5585],[31.7429,-19.5627],[31.7449,-19.5675],[31.7465,-19.5727],[31.7472,-19.5783],[31.7496,-19.5845],[31.7538,-19.5909],[31.7624,-19.6001],[31.7693,-19.6054],[31.8153,-19.6293],[31.8273,-19.637],[31.8343,-19.6432],[31.8367,-19.6483],[31.8437,-19.6679],[31.846,-19.6724],[31.8491,-19.6771],[31.8721,-19.703],[31.9033,-19.7303],[31.911,-19.7383],[31.9161,-19.7448],[31.9258,-19.7753],[31.9283,-19.7814],[31.932,-19.788],[31.9395,-19.7973],[31.9452,-19.8021],[31.9506,-19.8058],[31.977,-19.8171],[31.9834,-19.8217],[31.9879,-19.8263],[31.9961,-19.8414],[32.0039,-19.8502],[32.019,-19.8643],[32.0403,-19.8791],[32.0531,-19.8851],[32.0638,-19.8878],[32.0722,-19.8889],[32.0838,-19.8919],[32.0913,-19.8963],[32.0978,-19.9019],[32.106,-19.9107],[32.1122,-19.9149],[32.1184,-19.9168],[32.1415,-19.9133],[32.1611,-19.9127],[32.169,-19.9137],[32.1781,-19.916],[32.1913,-19.921],[32.2578,-19.9695],[32.31,-19.9941],[32.3283,-20.0051],[32.3311,-20.0146],[32.3372,-20.0234],[32.3362,-20.1231],[32.2866,-20.4043],[32.2816,-20.5451],[32.2733,-20.5932],[32.2588,-20.6126],[32.2485,-20.672],[32.2278,-20.6971],[32.2182,-20.7124],[32.2143,-20.7301],[32.2123,-20.7504],[32.1938,-20.8017],[32.1581,-20.8656],[32.1528,-20.8871],[32.1491,-20.8972],[32.135,-20.9198],[32.1355,-20.9283],[32.1443,-20.9403],[32.1482,-20.9492],[32.1575,-20.9959],[32.1606,-21.0051],[32.1665,-21.014],[32.1886,-21.0306],[32.1917,-21.0404],[32.1801,-21.0556],[32.2502,-21.0886],[32.2553,-21.0934],[32.2627,-21.1171],[32.2982,-21.1982],[32.2969,-21.2132],[32.3129,-21.2327],[32.4085,-21.2903],[32.373,-21.3279],[32.3245,-21.3782],[32.2722,-21.4325],[32.2197,-21.4869],[32.1673,-21.5413],[32.1148,-21.5956],[32.0624,-21.65],[32.01,-21.7045],[31.9576,-21.7588],[31.9052,-21.8132],[31.8527,-21.8676],[31.8003,-21.922],[31.7478,-21.9764],[31.6955,-22.0307],[31.6431,-22.0852],[31.5907,-22.1396],[31.5382,-22.1939],[31.4858,-22.2483],[31.4338,-22.302],[31.3687,-22.345],[31.2889,-22.3973],[31.2656,-22.3655],[31.2556,-22.358],[31.2457,-22.3575],[31.2296,-22.364],[31.2215,-22.3649]]]}},{"type":"Feature","properties":{"id":"ZWE-526","name":"Matabeleland North","nameBn":"মাতাবেলেল্যান্ড উত্তর প্রদেশ","type":"Province","bounds":[25.2194,-20.3371,29.2239,-16.8654],"center":[27.2215,-18.7582]},"geometry":{"type":"Polygon","coordinates":[[[25.9674,-18.9999],[25.9407,-18.9213],[25.8153,-18.814],[25.7795,-18.7388],[25.7734,-18.6656],[25.7619,-18.6303],[25.7369,-18.6087],[25.6983,-18.5902],[25.6695,-18.566],[25.6221,-18.5011],[25.6084,-18.4877],[25.5744,-18.4657],[25.5085,-18.3991],[25.4956,-18.3789],[25.4905,-18.3655],[25.4812,-18.3234],[25.4732,-18.3034],[25.4409,-18.2532],[25.4088,-18.176],[25.3875,-18.139],[25.3574,-18.1158],[25.3234,-18.0966],[25.2964,-18.0686],[25.255,-18.0011],[25.2261,-17.9319],[25.2194,-17.908],[25.2194,-17.8798],[25.2598,-17.7941],[25.2667,-17.8009],[25.2854,-17.8093],[25.3159,-17.8321],[25.3355,-17.8412],[25.3453,-17.8426],[25.3765,-17.8412],[25.4095,-17.853],[25.4203,-17.8549],[25.4956,-17.8549],[25.5007,-17.856],[25.5102,-17.8612],[25.5165,-17.8623],[25.5221,-17.8601],[25.5309,-17.851],[25.5368,-17.8487],[25.604,-17.8362],[25.657,-17.8139],[25.6814,-17.8115],[25.6942,-17.8194],[25.7064,-17.8299],[25.7438,-17.8394],[25.766,-17.8498],[25.786,-17.8622],[25.7947,-17.8727],[25.8044,-17.8882],[25.8497,-17.9067],[25.8636,-17.9238],[25.8475,-17.9294],[25.8462,-17.9437],[25.8535,-17.96],[25.8636,-17.9716],[25.9245,-17.999],[25.967,-18.0005],[25.9785,-17.999],[26.0337,-17.9716],[26.0406,-17.9785],[26.0466,-17.9663],[26.0625,-17.9629],[26.0812,-17.9624],[26.0952,-17.9585],[26.0962,-17.9546],[26.0942,-17.9419],[26.0952,-17.9381],[26.1012,-17.9358],[26.1186,-17.9316],[26.1354,-17.9226],[26.1586,-17.9183],[26.1675,-17.9136],[26.203,-17.8872],[26.2119,-17.8828],[26.2211,-17.8863],[26.2282,-17.8947],[26.2339,-17.904],[26.2392,-17.9102],[26.2483,-17.9134],[26.2943,-17.9185],[26.3038,-17.9228],[26.312,-17.9284],[26.3183,-17.9344],[26.3255,-17.936],[26.3627,-17.9306],[26.4086,-17.939],[26.4855,-17.9793],[26.5271,-17.992],[26.5536,-17.9965],[26.5702,-18.0029],[26.5834,-18.0132],[26.5989,-18.03],[26.6127,-18.0412],[26.6288,-18.0492],[26.6857,-18.0668],[26.7,-18.0692],[26.7119,-18.0658],[26.7406,-18.0405],[26.7536,-18.033],[26.7697,-18.029],[26.794,-18.0262],[26.8883,-17.9846],[26.912,-17.992],[26.9487,-17.9689],[26.9592,-17.9647],[27.0063,-17.9627],[27.0213,-17.9585],[27.0485,-17.9443],[27.0782,-17.917],[27.1154,-17.8822],[27.149,-17.8425],[27.1465,-17.8189],[27.1453,-17.7941],[27.147,-17.7839],[27.1571,-17.7693],[27.4221,-17.5048],[27.5243,-17.4151],[27.5773,-17.3631],[27.6045,-17.3128],[27.6249,-17.2333],[27.6412,-17.1985],[27.7773,-17.0012],[27.8169,-16.9596],[27.8686,-16.9297],[28.023,-16.8654],[28.0259,-16.8729],[28.0426,-16.946],[28.0364,-16.9833],[28.0331,-16.9924],[28.0324,-16.9976],[28.0322,-16.9994],[28.0324,-17.0003],[28.0363,-17.004],[28.0521,-17.0123],[28.0581,-17.0184],[28.0584,-17.0275],[28.0457,-17.0622],[28.0428,-17.0799],[28.0426,-17.0846],[28.0441,-17.0885],[28.0475,-17.0927],[28.0558,-17.0979],[28.0699,-17.103],[28.0751,-17.1071],[28.0792,-17.1131],[28.0834,-17.1249],[28.0869,-17.1321],[28.0914,-17.1375],[28.0986,-17.1396],[28.1047,-17.1395],[28.11,-17.1383],[28.115,-17.1378],[28.1205,-17.1386],[28.1317,-17.1423],[28.136,-17.1453],[28.1386,-17.1493],[28.1382,-17.1558],[28.1349,-17.1679],[28.1342,-17.174],[28.1354,-17.1804],[28.138,-17.1867],[28.1439,-17.1951],[28.147,-17.2021],[28.1467,-17.2122],[28.1419,-17.2234],[28.1422,-17.229],[28.145,-17.2348],[28.1514,-17.2426],[28.1548,-17.2488],[28.1556,-17.2568],[28.1555,-17.274],[28.1607,-17.2911],[28.1618,-17.3008],[28.1646,-17.3094],[28.1685,-17.3152],[28.188,-17.3294],[28.1976,-17.3409],[28.2088,-17.3477],[28.2172,-17.3514],[28.2246,-17.3532],[28.231,-17.3599],[28.2355,-17.3656],[28.2476,-17.4096],[28.245,-17.4464],[28.2426,-17.4552],[28.2347,-17.4755],[28.2339,-17.4883],[28.2324,-17.4928],[28.2299,-17.4964],[28.2267,-17.4998],[28.2262,-17.5001],[28.2259,-17.5006],[28.2208,-17.5183],[28.2138,-17.5343],[28.2122,-17.54],[28.2118,-17.5471],[28.2125,-17.5556],[28.2159,-17.5681],[28.2164,-17.5766],[28.2161,-17.5835],[28.2143,-17.5878],[28.2088,-17.5962],[28.2066,-17.6008],[28.2015,-17.6247],[28.1958,-17.6406],[28.1959,-17.648],[28.2021,-17.6708],[28.2026,-17.6788],[28.201,-17.6851],[28.1735,-17.7138],[28.1577,-17.7264],[28.1508,-17.7336],[28.1472,-17.7364],[28.1432,-17.738],[28.1388,-17.7366],[28.1351,-17.7338],[28.1314,-17.7304],[28.1268,-17.7283],[28.1221,-17.7278],[28.1175,-17.7293],[28.1134,-17.7319],[28.0872,-17.7545],[28.085,-17.7594],[28.0823,-17.7712],[28.0779,-17.7817],[28.0766,-17.7876],[28.0769,-17.795],[28.0882,-17.842],[28.0881,-17.8509],[28.0868,-17.8579],[28.0741,-17.8814],[28.0661,-17.9018],[28.0656,-17.9077],[28.0658,-17.9148],[28.0677,-17.9242],[28.0665,-17.9305],[28.0636,-17.9348],[28.059,-17.9374],[28.0546,-17.9395],[28.0506,-17.9426],[28.0478,-17.9467],[28.0459,-17.9519],[28.0435,-17.9638],[28.0416,-17.9689],[28.0389,-17.9736],[28.0358,-17.9773],[28.0321,-17.9806],[28.0159,-17.9926],[28.0128,-17.9957],[28.0095,-17.9999],[28.0094,-18.0007],[28.0089,-18.0027],[28.0086,-18.0069],[28.0097,-18.0128],[28.0151,-18.029],[28.0175,-18.0428],[28.0197,-18.049],[28.024,-18.0542],[28.0336,-18.06],[28.04,-18.0608],[28.0459,-18.0597],[28.0507,-18.058],[28.0558,-18.0567],[28.0612,-18.0578],[28.0651,-18.0615],[28.067,-18.069],[28.0664,-18.0891],[28.068,-18.1005],[28.0738,-18.1149],[28.0749,-18.1202],[28.0744,-18.1257],[28.0726,-18.1308],[28.0698,-18.1353],[28.0661,-18.1387],[28.0578,-18.1443],[28.0541,-18.1475],[28.0512,-18.1516],[28.0494,-18.1564],[28.0507,-18.1628],[28.0547,-18.1687],[28.0652,-18.1757],[28.0732,-18.1787],[28.0939,-18.1828],[28.0995,-18.1858],[28.1044,-18.1896],[28.1069,-18.1971],[28.1048,-18.2003],[28.1001,-18.2021],[28.0463,-18.2082],[28.0185,-18.2141],[28.0135,-18.2168],[28.0092,-18.2223],[28.0052,-18.5152],[28.0067,-18.5294],[28.0107,-18.5434],[28.0218,-18.5528],[28.0296,-18.5576],[28.037,-18.56],[28.0437,-18.561],[28.0566,-18.5613],[28.1098,-18.5545],[28.1157,-18.5545],[28.1216,-18.5558],[28.1373,-18.5626],[28.1497,-18.5655],[28.1903,-18.5679],[28.2037,-18.57],[28.2218,-18.5751],[28.3218,-18.5781],[28.3345,-18.5806],[28.3407,-18.5812],[28.353,-18.5807],[28.3758,-18.5762],[28.4276,-18.5764],[28.447,-18.5798],[28.4605,-18.5805],[28.5016,-18.5787],[28.5106,-18.5773],[28.5418,-18.5677],[28.5476,-18.5666],[28.6108,-18.5671],[28.6157,-18.5662],[28.6338,-18.5649],[28.6455,-18.5627],[28.6661,-18.5563],[28.672,-18.5551],[28.6783,-18.5551],[28.6847,-18.5559],[28.6904,-18.5579],[28.7007,-18.5624],[28.7188,-18.5674],[28.7333,-18.5692],[29.1072,-18.5652],[29.1169,-18.5667],[29.1237,-18.5709],[29.137,-18.5946],[29.1412,-18.606],[29.1419,-18.6151],[29.1372,-18.6262],[29.1282,-18.6328],[28.9527,-18.7034],[28.8986,-18.7158],[28.8887,-18.7201],[28.8818,-18.729],[28.8812,-18.7474],[28.9397,-19.0],[28.9438,-19.0121],[28.9493,-19.0233],[28.9574,-19.0307],[28.9643,-19.0345],[28.9764,-19.0388],[28.9835,-19.0456],[28.9915,-19.0562],[29.0128,-19.0907],[29.0163,-19.0994],[29.0163,-19.1082],[29.0153,-19.1154],[29.0137,-19.122],[29.0109,-19.1269],[29.0048,-19.1346],[28.9999,-19.1395],[28.998,-19.1439],[28.9971,-19.1491],[28.997,-19.1771],[28.9971,-19.1797],[28.9982,-19.1837],[29.0073,-19.1955],[29.0191,-19.2039],[29.1093,-19.297],[29.1155,-19.3061],[29.1181,-19.3133],[29.1184,-19.3252],[29.1156,-19.3325],[29.0937,-19.3661],[29.0984,-19.3734],[29.2239,-19.4874],[29.2156,-19.5048],[29.2106,-19.5101],[29.2002,-19.5171],[29.1923,-19.5183],[29.1842,-19.5169],[29.1772,-19.513],[29.1719,-19.5088],[29.1629,-19.5033],[29.1522,-19.5002],[29.1195,-19.4943],[29.1134,-19.4938],[29.1065,-19.4947],[29.0998,-19.4964],[29.0945,-19.5002],[29.0915,-19.5056],[29.0912,-19.5167],[29.0945,-19.5241],[29.0999,-19.5308],[29.115,-19.544],[29.1212,-19.5516],[29.1251,-19.559],[29.1264,-19.5668],[29.1258,-19.5752],[29.1224,-19.5906],[29.1172,-19.5993],[29.1087,-19.6102],[29.0645,-19.647],[29.0604,-19.6516],[29.0576,-19.657],[29.0601,-19.6647],[29.0646,-19.6703],[29.0781,-19.6827],[29.085,-19.6878],[29.0928,-19.6922],[29.099,-19.6977],[29.102,-19.705],[29.1029,-19.7162],[29.1019,-19.7558],[29.1004,-19.7641],[29.0959,-19.7792],[29.0884,-19.7978],[29.088,-19.8042],[29.085,-19.8118],[29.0785,-19.8199],[29.0553,-19.8358],[29.042,-19.8411],[29.0309,-19.8432],[28.971,-19.8324],[28.9658,-19.8328],[28.9621,-19.8358],[28.962,-19.8427],[28.9633,-19.8482],[28.9673,-19.8581],[28.9813,-19.9103],[28.9909,-19.9325],[28.9912,-19.9354],[28.9905,-19.9399],[28.9881,-19.9448],[28.9711,-19.9712],[28.9593,-19.9802],[28.8893,-20.0181],[28.8458,-20.0352],[28.8411,-20.0377],[28.838,-20.0419],[28.8349,-20.0498],[28.8348,-20.0562],[28.8357,-20.062],[28.8419,-20.0818],[28.8419,-20.0873],[28.8389,-20.0935],[28.7408,-20.2054],[28.7219,-20.2226],[28.7056,-20.2342],[28.699,-20.2494],[28.6726,-20.2762],[28.659,-20.2778],[28.6515,-20.2764],[28.5999,-20.2367],[28.6668,-20.2227],[28.6835,-20.2158],[28.6903,-20.2107],[28.6957,-20.2049],[28.6993,-20.1992],[28.7013,-20.1934],[28.7015,-20.1884],[28.6994,-20.184],[28.6953,-20.18],[28.6757,-20.1676],[28.6723,-20.1645],[28.6693,-20.16],[28.669,-20.1558],[28.6695,-20.1517],[28.6706,-20.1484],[28.677,-20.1368],[28.6799,-20.1297],[28.6817,-20.1231],[28.6813,-20.1182],[28.678,-20.1148],[28.6712,-20.1128],[28.6647,-20.1102],[28.6609,-20.1068],[28.6594,-20.1028],[28.6582,-20.091],[28.6538,-20.0873],[28.6474,-20.0876],[28.6338,-20.0938],[28.6267,-20.0956],[28.6191,-20.0954],[28.6124,-20.0922],[28.6017,-20.0842],[28.5971,-20.0819],[28.5917,-20.0809],[28.5861,-20.0804],[28.582,-20.0792],[28.5795,-20.0777],[28.577,-20.0749],[28.5762,-20.0721],[28.5761,-20.0693],[28.5771,-20.0658],[28.5777,-20.0535],[28.5789,-20.049],[28.5821,-20.0408],[28.5814,-20.0381],[28.578,-20.0366],[28.5721,-20.0367],[28.5526,-20.0432],[28.5304,-20.0463],[28.5244,-20.0487],[28.5121,-20.059],[28.5053,-20.0624],[28.4976,-20.0627],[28.4879,-20.0601],[28.4312,-20.0312],[28.4237,-20.0294],[28.4192,-20.0296],[28.4162,-20.0321],[28.4149,-20.037],[28.4158,-20.049],[28.4254,-20.0853],[28.4252,-20.0943],[28.4237,-20.0999],[28.4196,-20.1094],[28.4177,-20.1163],[28.4172,-20.1239],[28.4175,-20.1343],[28.4137,-20.1405],[28.4075,-20.1452],[28.3945,-20.1527],[28.3911,-20.1571],[28.392,-20.1617],[28.3966,-20.1664],[28.4091,-20.17],[28.4169,-20.171],[28.4298,-20.1704],[28.4372,-20.1711],[28.4543,-20.1754],[28.4607,-20.1755],[28.466,-20.1746],[28.478,-20.1697],[28.4863,-20.1691],[28.4937,-20.1714],[28.501,-20.1829],[28.5105,-20.1927],[28.5125,-20.2023],[28.4997,-20.2298],[28.474,-20.24],[28.339,-20.3356],[28.3323,-20.3371],[28.3269,-20.3321],[28.317,-20.3125],[28.3123,-20.297],[28.3082,-20.2873],[28.3056,-20.283],[28.2935,-20.2673],[28.2825,-20.2569],[28.2803,-20.2527],[28.2787,-20.2471],[28.2762,-20.2426],[28.2722,-20.2394],[28.2673,-20.2369],[28.2626,-20.2341],[28.2586,-20.2309],[28.2552,-20.2273],[28.2531,-20.2236],[28.251,-20.2169],[28.2488,-20.2132],[28.2286,-20.1971],[28.2076,-20.1756],[28.2048,-20.1714],[28.2034,-20.1595],[28.2021,-20.1546],[28.1995,-20.1503],[28.1934,-20.1422],[28.1917,-20.137],[28.1905,-20.1314],[28.1891,-20.1266],[28.1865,-20.1221],[28.1825,-20.1187],[28.1772,-20.1159],[28.163,-20.1105],[28.1577,-20.1076],[28.1539,-20.1041],[28.1515,-20.0997],[28.1474,-20.0896],[28.1448,-20.0862],[28.1423,-20.0838],[28.1396,-20.0835],[28.1348,-20.0847],[28.1011,-20.0981],[28.0907,-20.0994],[28.0482,-20.1007],[28.0391,-20.1038],[28.0021,-20.1214],[27.9981,-20.1213],[27.9925,-20.119],[27.9576,-20.0669],[27.952,-20.0612],[27.9479,-20.0645],[27.9442,-20.0723],[27.9302,-20.1124],[27.9241,-20.1436],[27.9219,-20.172],[27.9194,-20.1823],[27.9145,-20.1873],[27.8829,-20.187],[27.8424,-20.1806],[27.8287,-20.1765],[27.8172,-20.1693],[27.8126,-20.1643],[27.809,-20.1595],[27.8055,-20.156],[27.8015,-20.1528],[27.7783,-20.1405],[27.7619,-20.1285],[27.6877,-20.0606],[27.6713,-20.0487],[27.6532,-20.0384],[27.6454,-20.032],[27.6106,-19.9952],[27.5906,-19.9664],[27.585,-19.961],[27.5787,-19.9563],[27.5716,-19.9494],[27.5694,-19.9448],[27.5673,-19.9398],[27.5645,-19.9215],[27.5638,-19.909],[27.5628,-19.903],[27.5611,-19.8975],[27.5583,-19.8929],[27.5549,-19.8892],[27.5419,-19.8807],[27.5353,-19.873],[27.5325,-19.8686],[27.5261,-19.8605],[27.5178,-19.857],[27.5056,-19.854],[27.479,-19.8507],[27.4567,-19.8456],[27.4424,-19.8383],[27.4081,-19.8156],[27.3889,-19.8058],[27.3692,-19.8012],[27.3153,-19.7947],[27.3079,-19.7953],[27.3004,-19.7969],[27.2918,-19.8019],[27.2779,-19.8131],[27.2711,-19.8152],[27.2621,-19.8164],[27.2454,-19.815],[27.228,-19.8119],[27.2125,-19.812],[27.2014,-19.8143],[27.1901,-19.812],[27.1837,-19.8091],[27.1785,-19.8058],[27.1732,-19.8039],[27.1671,-19.803],[27.1603,-19.8026],[27.1356,-19.7988],[26.9963,-19.8149],[26.9743,-19.8106],[26.9569,-19.8092],[26.9384,-19.8102],[26.7428,-19.8547],[26.727,-19.8604],[26.6948,-19.8771],[26.6772,-19.8868],[26.6738,-19.8834],[26.6594,-19.8757],[26.6141,-19.8634],[26.5956,-19.8556],[26.5819,-19.8421],[26.5748,-19.8195],[26.5663,-19.8008],[26.5493,-19.7841],[26.5089,-19.7593],[26.4897,-19.7519],[26.4503,-19.7433],[26.4319,-19.7365],[26.4128,-19.7196],[26.3852,-19.6791],[26.3627,-19.6676],[26.3323,-19.6624],[26.3244,-19.6591],[26.3122,-19.6514],[26.3125,-19.6496],[26.3191,-19.6463],[26.3263,-19.6339],[26.3335,-19.613],[26.331,-19.605],[26.3211,-19.592],[26.3132,-19.5842],[26.3035,-19.5773],[26.2926,-19.5725],[26.2391,-19.5715],[26.1945,-19.5602],[26.1555,-19.5372],[26.1303,-19.5011],[26.0344,-19.2437],[26.0114,-19.1998],[25.9811,-19.1618],[25.9565,-19.1221],[25.9486,-19.1033],[25.9449,-19.0792],[25.9481,-19.0587],[25.9644,-19.0216],[25.9678,-19.001],[25.9674,-18.9999]]]}},{"type":"Feature","properties":{"id":"ZWE-530","name":"Matabeleland South","nameBn":"মাটাবেলেল্যান্ড দক্ষিন প্রদেশ","type":"Province","bounds":[26.6772,-22.3447,31.097,-19.4874],"center":[28.8871,-20.8913]},"geometry":{"type":"Polygon","coordinates":[[[26.9611,-20.0072],[26.9251,-20.0009],[26.8119,-19.9464],[26.7745,-19.9398],[26.7508,-19.9396],[26.731,-19.9359],[26.7139,-19.9274],[26.6986,-19.9125],[26.6848,-19.8945],[26.6772,-19.8868],[26.6948,-19.8771],[26.727,-19.8604],[26.7428,-19.8547],[26.9384,-19.8102],[26.9569,-19.8092],[26.9743,-19.8106],[26.9963,-19.8149],[27.1356,-19.7988],[27.1603,-19.8026],[27.1671,-19.803],[27.1732,-19.8039],[27.1785,-19.8058],[27.1837,-19.8091],[27.1901,-19.812],[27.2014,-19.8143],[27.2125,-19.812],[27.228,-19.8119],[27.2454,-19.815],[27.2621,-19.8164],[27.2711,-19.8152],[27.2779,-19.8131],[27.2918,-19.8019],[27.3004,-19.7969],[27.3079,-19.7953],[27.3153,-19.7947],[27.3692,-19.8012],[27.3889,-19.8058],[27.4081,-19.8156],[27.4424,-19.8383],[27.4567,-19.8456],[27.479,-19.8507],[27.5056,-19.854],[27.5178,-19.857],[27.5261,-19.8605],[27.5325,-19.8686],[27.5353,-19.873],[27.5419,-19.8807],[27.5549,-19.8892],[27.5583,-19.8929],[27.5611,-19.8975],[27.5628,-19.903],[27.5638,-19.909],[27.5645,-19.9215],[27.5673,-19.9398],[27.5694,-19.9448],[27.5716,-19.9494],[27.5787,-19.9563],[27.585,-19.961],[27.5906,-19.9664],[27.6106,-19.9952],[27.6454,-20.032],[27.6532,-20.0384],[27.6713,-20.0487],[27.6877,-20.0606],[27.7619,-20.1285],[27.7783,-20.1405],[27.8015,-20.1528],[27.8055,-20.156],[27.809,-20.1595],[27.8126,-20.1643],[27.8172,-20.1693],[27.8287,-20.1765],[27.8424,-20.1806],[27.8829,-20.187],[27.9145,-20.1873],[27.9194,-20.1823],[27.9219,-20.172],[27.9241,-20.1436],[27.9302,-20.1124],[27.9442,-20.0723],[27.9479,-20.0645],[27.952,-20.0612],[27.9576,-20.0669],[27.9925,-20.119],[27.9981,-20.1213],[28.0021,-20.1214],[28.0391,-20.1038],[28.0482,-20.1007],[28.0907,-20.0994],[28.1011,-20.0981],[28.1348,-20.0847],[28.1396,-20.0835],[28.1423,-20.0838],[28.1448,-20.0862],[28.1474,-20.0896],[28.1515,-20.0997],[28.1539,-20.1041],[28.1577,-20.1076],[28.163,-20.1105],[28.1772,-20.1159],[28.1825,-20.1187],[28.1865,-20.1221],[28.1891,-20.1266],[28.1905,-20.1314],[28.1917,-20.137],[28.1934,-20.1422],[28.1995,-20.1503],[28.2021,-20.1546],[28.2034,-20.1595],[28.2048,-20.1714],[28.2076,-20.1756],[28.2286,-20.1971],[28.2488,-20.2132],[28.251,-20.2169],[28.2531,-20.2236],[28.2552,-20.2273],[28.2586,-20.2309],[28.2626,-20.2341],[28.2673,-20.2369],[28.2722,-20.2394],[28.2762,-20.2426],[28.2787,-20.2471],[28.2803,-20.2527],[28.2825,-20.2569],[28.2935,-20.2673],[28.3056,-20.283],[28.3082,-20.2873],[28.3123,-20.297],[28.317,-20.3125],[28.3269,-20.3321],[28.3323,-20.3371],[28.339,-20.3356],[28.474,-20.24],[28.4997,-20.2298],[28.5174,-20.249],[28.5217,-20.2495],[28.5272,-20.2493],[28.5597,-20.224],[28.5634,-20.2236],[28.5684,-20.2245],[28.5753,-20.2278],[28.5873,-20.2305],[28.5999,-20.2367],[28.6515,-20.2764],[28.659,-20.2778],[28.6726,-20.2762],[28.699,-20.2494],[28.7056,-20.2342],[28.7219,-20.2226],[28.7408,-20.2054],[28.8389,-20.0935],[28.8419,-20.0873],[28.8419,-20.0818],[28.8357,-20.062],[28.8348,-20.0562],[28.8349,-20.0498],[28.838,-20.0419],[28.8411,-20.0377],[28.8458,-20.0352],[28.8893,-20.0181],[28.9593,-19.9802],[28.9711,-19.9712],[28.9881,-19.9448],[28.9905,-19.9399],[28.9912,-19.9354],[28.9909,-19.9325],[28.9813,-19.9103],[28.9673,-19.8581],[28.9633,-19.8482],[28.962,-19.8427],[28.9621,-19.8358],[28.9658,-19.8328],[28.971,-19.8324],[29.0309,-19.8432],[29.042,-19.8411],[29.0553,-19.8358],[29.0785,-19.8199],[29.085,-19.8118],[29.088,-19.8042],[29.0884,-19.7978],[29.0959,-19.7792],[29.1004,-19.7641],[29.1019,-19.7558],[29.1029,-19.7162],[29.102,-19.705],[29.099,-19.6977],[29.0928,-19.6922],[29.085,-19.6878],[29.0781,-19.6827],[29.0646,-19.6703],[29.0601,-19.6647],[29.0576,-19.657],[29.0604,-19.6516],[29.0645,-19.647],[29.1087,-19.6102],[29.1172,-19.5993],[29.1224,-19.5906],[29.1258,-19.5752],[29.1264,-19.5668],[29.1251,-19.559],[29.1212,-19.5516],[29.115,-19.544],[29.0999,-19.5308],[29.0945,-19.5241],[29.0912,-19.5167],[29.0915,-19.5056],[29.0945,-19.5002],[29.0998,-19.4964],[29.1065,-19.4947],[29.1134,-19.4938],[29.1195,-19.4943],[29.1522,-19.5002],[29.1629,-19.5033],[29.1719,-19.5088],[29.1772,-19.513],[29.1842,-19.5169],[29.1923,-19.5183],[29.2002,-19.5171],[29.2106,-19.5101],[29.2156,-19.5048],[29.2239,-19.4874],[29.2747,-19.5322],[29.2886,-19.5481],[29.2986,-19.5752],[29.3221,-19.6184],[29.3266,-19.6247],[29.3304,-19.6291],[29.3533,-19.649],[29.3582,-19.6558],[29.3613,-19.6622],[29.3625,-19.6696],[29.3703,-19.6923],[29.3788,-19.7052],[29.4055,-19.7304],[29.4118,-19.7413],[29.4199,-19.7584],[29.4229,-19.7678],[29.4241,-19.7761],[29.4131,-19.8246],[29.413,-19.8369],[29.4151,-19.8462],[29.4186,-19.8573],[29.4292,-19.877],[29.4399,-19.8793],[29.457,-19.8748],[29.474,-19.8675],[29.489,-19.8683],[29.4979,-19.8703],[29.5635,-19.9015],[29.6084,-19.9341],[29.6149,-19.9372],[29.6206,-19.9374],[29.6653,-19.9283],[29.6707,-19.9266],[29.681,-19.922],[29.6859,-19.9211],[29.6918,-19.922],[29.6957,-19.9327],[29.7022,-19.9631],[29.707,-19.9754],[29.7155,-19.9775],[29.7854,-19.9615],[29.8,-19.962],[29.8066,-19.973],[29.8131,-19.9978],[29.8172,-19.9998],[29.8206,-19.9992],[29.8349,-19.9904],[29.8397,-19.9899],[29.843,-19.991],[29.8741,-20.0408],[29.8741,-20.0504],[29.871,-20.0608],[29.8046,-20.1934],[29.8029,-20.1992],[29.798,-20.2464],[29.7962,-20.2533],[29.737,-20.3892],[29.7356,-20.3953],[29.7353,-20.404],[29.737,-20.436],[29.7365,-20.4446],[29.7339,-20.4543],[29.7261,-20.4736],[29.7186,-20.488],[29.7017,-20.508],[29.6944,-20.5144],[29.6862,-20.5183],[29.6765,-20.5151],[29.6434,-20.4929],[29.6358,-20.4903],[29.6291,-20.4918],[29.6291,-20.5444],[29.6271,-20.555],[29.6175,-20.5767],[29.618,-20.5888],[29.6115,-20.5953],[29.6044,-20.5997],[29.5984,-20.602],[29.5957,-20.6067],[29.5936,-20.6123],[29.5914,-20.621],[29.5926,-20.6264],[29.5954,-20.6308],[29.6046,-20.6392],[29.6111,-20.6478],[29.6147,-20.656],[29.6186,-20.6675],[29.6243,-20.67],[29.6335,-20.6691],[29.6758,-20.656],[29.6819,-20.6564],[29.6827,-20.6631],[29.6296,-20.8961],[29.6266,-20.9048],[29.6225,-20.9108],[29.4806,-21.0023],[29.4674,-21.0129],[29.4681,-21.0172],[29.4706,-21.0206],[29.4814,-21.0253],[29.501,-21.0312],[29.5061,-21.0318],[29.5331,-21.0332],[29.5702,-21.042],[29.6111,-21.043],[29.681,-21.0275],[29.7118,-21.024],[29.728,-21.0242],[29.743,-21.0716],[29.7505,-21.0864],[29.7956,-21.1358],[29.8006,-21.1391],[29.8083,-21.1422],[29.8322,-21.1552],[29.8361,-21.1589],[29.8372,-21.1615],[29.8351,-21.1632],[29.8347,-21.1687],[29.8371,-21.1777],[29.8473,-21.1988],[29.8529,-21.2073],[29.8577,-21.2123],[29.8662,-21.2137],[29.872,-21.2158],[29.8814,-21.2215],[29.8854,-21.2264],[29.8876,-21.2341],[29.8891,-21.2615],[29.8911,-21.2681],[29.8936,-21.2709],[29.8977,-21.2714],[29.9027,-21.2723],[29.9105,-21.2757],[29.914,-21.2793],[29.9159,-21.2843],[29.9162,-21.2896],[29.9177,-21.2966],[29.9205,-21.3],[29.9252,-21.3025],[29.9308,-21.3047],[29.9337,-21.3069],[29.9359,-21.3096],[29.9508,-21.3432],[29.9559,-21.3522],[29.9607,-21.3583],[29.9654,-21.3611],[29.9758,-21.3659],[29.9843,-21.372],[29.9882,-21.3754],[29.9922,-21.3784],[30.0039,-21.3847],[30.0087,-21.3883],[30.0195,-21.3981],[30.0361,-21.4254],[30.0406,-21.43],[30.0512,-21.4363],[30.0698,-21.452],[30.0777,-21.4647],[30.0836,-21.4717],[30.089,-21.4761],[30.0956,-21.4784],[30.1028,-21.4827],[30.1072,-21.4884],[30.1116,-21.497],[30.1156,-21.4999],[30.1195,-21.5008],[30.1223,-21.5002],[30.1232,-21.4999],[30.1272,-21.4993],[30.1317,-21.4999],[30.1451,-21.5036],[30.151,-21.5045],[30.1645,-21.5049],[30.1732,-21.5082],[30.1764,-21.5139],[30.1809,-21.5279],[30.185,-21.5319],[30.1899,-21.5342],[30.1983,-21.5365],[30.2188,-21.5473],[30.2261,-21.5504],[30.2349,-21.5524],[30.2396,-21.5556],[30.2428,-21.5597],[30.2444,-21.5646],[30.2445,-21.5705],[30.2428,-21.5834],[30.2455,-21.5877],[30.25,-21.5906],[30.2563,-21.5923],[30.3372,-21.6019],[30.3485,-21.6053],[30.3543,-21.606],[30.3594,-21.6047],[30.3642,-21.6027],[30.3693,-21.601],[30.3755,-21.6005],[30.399,-21.6115],[30.4234,-21.6274],[30.4452,-21.6367],[30.4531,-21.6436],[30.4838,-21.6543],[30.504,-21.6557],[30.5118,-21.6584],[30.5149,-21.6623],[30.5144,-21.6666],[30.5085,-21.6742],[30.507,-21.6782],[30.5076,-21.6819],[30.5166,-21.6934],[30.5367,-21.7141],[30.5423,-21.7211],[30.5501,-21.7343],[30.555,-21.7362],[30.5603,-21.7364],[30.5658,-21.736],[30.5713,-21.7376],[30.5833,-21.7443],[30.6067,-21.7529],[30.6124,-21.7531],[30.6177,-21.7519],[30.628,-21.7477],[30.6348,-21.7486],[30.6381,-21.752],[30.6387,-21.7573],[30.6373,-21.7625],[30.6368,-21.7689],[30.6407,-21.7724],[30.6545,-21.7789],[30.6577,-21.7836],[30.6591,-21.7893],[30.6588,-21.7952],[30.6596,-21.8006],[30.6666,-21.822],[30.6696,-21.8289],[30.6734,-21.8334],[30.6989,-21.8475],[30.7046,-21.8527],[30.709,-21.8586],[30.7119,-21.8648],[30.7572,-21.9186],[30.7589,-21.9228],[30.7577,-21.9338],[30.7583,-21.9406],[30.7651,-21.9517],[30.7721,-21.9575],[30.78,-21.9621],[30.7898,-21.9665],[30.7928,-21.9711],[30.7931,-21.9762],[30.7911,-21.9808],[30.7906,-21.9863],[30.7908,-21.9956],[30.7894,-21.9986],[30.7887,-21.9998],[30.788,-22.0006],[30.7867,-22.0019],[30.7847,-22.0049],[30.7836,-22.0095],[30.7866,-22.012],[30.7917,-22.0128],[30.7977,-22.0128],[30.8061,-22.0146],[30.8151,-22.0182],[30.8291,-22.0267],[30.836,-22.0332],[30.8423,-22.0419],[30.8483,-22.0479],[30.8589,-22.0558],[30.8635,-22.0622],[30.8693,-22.0762],[30.8733,-22.0798],[30.8787,-22.081],[30.8917,-22.0793],[30.9009,-22.0798],[30.9056,-22.0829],[30.9082,-22.0877],[30.9082,-22.0993],[30.9099,-22.1046],[30.9132,-22.1095],[30.9219,-22.1195],[30.9245,-22.1242],[30.9261,-22.1293],[30.9287,-22.1432],[30.9327,-22.1524],[30.9371,-22.1575],[30.9422,-22.1607],[30.9573,-22.1635],[30.968,-22.1666],[30.9726,-22.1706],[30.9742,-22.1758],[30.9728,-22.1871],[30.9766,-22.1897],[30.9818,-22.1902],[30.9946,-22.1894],[31.0013,-22.1903],[31.0091,-22.1934],[31.0128,-22.1977],[31.0141,-22.2034],[31.0148,-22.2105],[31.0168,-22.2186],[31.024,-22.2303],[31.0272,-22.2371],[31.0277,-22.2492],[31.0297,-22.2564],[31.0412,-22.2721],[31.0438,-22.2781],[31.0457,-22.2908],[31.0486,-22.2978],[31.0537,-22.3015],[31.0606,-22.3041],[31.067,-22.305],[31.0726,-22.3046],[31.0788,-22.305],[31.0831,-22.3099],[31.097,-22.3346],[31.097,-22.3349],[31.0876,-22.3369],[31.0703,-22.3337],[31.0361,-22.3196],[30.9272,-22.2957],[30.8671,-22.2896],[30.8379,-22.2823],[30.8053,-22.2945],[30.6939,-22.3028],[30.6743,-22.3086],[30.6474,-22.3264],[30.6324,-22.3307],[30.6256,-22.3286],[30.6103,-22.3187],[30.6011,-22.3164],[30.5722,-22.3166],[30.5074,-22.3096],[30.4885,-22.3102],[30.4692,-22.3151],[30.4317,-22.3312],[30.4127,-22.3369],[30.3721,-22.3435],[30.335,-22.3447],[30.3008,-22.337],[30.2693,-22.3164],[30.2553,-22.3047],[30.2404,-22.2962],[30.2217,-22.2909],[30.197,-22.2891],[30.1527,-22.2948],[30.1351,-22.2936],[30.1111,-22.2823],[30.0826,-22.2629],[30.0679,-22.2571],[30.0381,-22.2538],[30.0359,-22.2506],[30.0345,-22.2461],[30.0155,-22.227],[30.0053,-22.2223],[29.9838,-22.2177],[29.974,-22.214],[29.9467,-22.1983],[29.9321,-22.1944],[29.896,-22.1914],[29.8715,-22.1793],[29.8373,-22.1724],[29.7792,-22.1364],[29.7589,-22.1309],[29.6914,-22.1341],[29.6796,-22.1383],[29.6614,-22.1265],[29.6411,-22.1292],[29.604,-22.1451],[29.5702,-22.142],[29.551,-22.146],[29.5425,-22.1625],[29.5318,-22.1724],[29.5069,-22.1701],[29.4569,-22.1588],[29.4361,-22.1631],[29.3995,-22.1822],[29.378,-22.1929],[29.3633,-22.1923],[29.3569,-22.1909],[29.3501,-22.1867],[29.2736,-22.1251],[29.2673,-22.1158],[29.2596,-22.0961],[29.2541,-22.0871],[29.2444,-22.0757],[29.2393,-22.0726],[29.1449,-22.0753],[29.108,-22.0692],[29.0708,-22.051],[29.0405,-22.0209],[29.0216,-21.9828],[29.0138,-21.9404],[29.0179,-21.8981],[29.0289,-21.8766],[29.0454,-21.8526],[29.0576,-21.8292],[29.0553,-21.81],[29.0387,-21.7979],[28.9987,-21.786],[28.9808,-21.7748],[28.9519,-21.7683],[28.891,-21.7649],[28.8609,-21.7574],[28.7142,-21.6935],[28.6684,-21.68],[28.6297,-21.6513],[28.6157,-21.6471],[28.5859,-21.6444],[28.554,-21.6366],[28.5429,-21.6383],[28.5325,-21.6431],[28.4973,-21.6515],[28.4814,-21.6574],[28.4646,-21.6603],[28.4431,-21.6558],[28.3618,-21.6163],[28.3219,-21.6035],[28.2849,-21.5969],[28.1657,-21.5952],[28.0908,-21.5813],[28.0329,-21.5779],[28.0166,-21.5729],[28.0026,-21.5642],[27.9904,-21.5519],[27.9847,-21.5429],[27.9757,-21.5226],[27.9706,-21.5144],[27.9637,-21.5105],[27.9581,-21.5115],[27.9532,-21.5105],[27.9493,-21.5008],[27.9544,-21.4878],[27.9504,-21.482],[27.9433,-21.4799],[27.9399,-21.478],[27.9419,-21.4685],[27.9496,-21.4565],[27.953,-21.4487],[27.9502,-21.4383],[27.9205,-21.3812],[27.9042,-21.3647],[27.8978,-21.3554],[27.8962,-21.3479],[27.8967,-21.3324],[27.8944,-21.3243],[27.885,-21.3102],[27.8491,-21.2697],[27.8236,-21.2317],[27.7938,-21.1974],[27.7244,-21.1497],[27.7092,-21.1345],[27.6748,-21.0901],[27.6666,-21.0712],[27.6668,-21.0538],[27.679,-21.0007],[27.6804,-20.9796],[27.6727,-20.9235],[27.6726,-20.9137],[27.6751,-20.8913],[27.6748,-20.8799],[27.676,-20.8667],[27.6818,-20.8576],[27.689,-20.849],[27.6944,-20.8377],[27.7096,-20.7567],[27.7073,-20.7167],[27.6825,-20.6373],[27.6904,-20.6015],[27.7026,-20.5661],[27.7056,-20.5267],[27.6981,-20.5091],[27.6838,-20.4961],[27.666,-20.4891],[27.6258,-20.4886],[27.5909,-20.4733],[27.5341,-20.483],[27.4539,-20.4733],[27.3407,-20.473],[27.306,-20.4774],[27.2684,-20.4958],[27.284,-20.3515],[27.266,-20.2342],[27.2149,-20.1105],[27.2018,-20.093],[27.1837,-20.0823],[27.1629,-20.0766],[27.1419,-20.0733],[27.1297,-20.0729],[27.1198,-20.0739],[27.1096,-20.0732],[27.0973,-20.0689],[27.0865,-20.0605],[27.0692,-20.0374],[27.0601,-20.0276],[27.0267,-20.0101],[26.9943,-20.0068],[26.9611,-20.0072]]]}},{"type":"Feature","properties":{"id":"ZWE-527","name":"Midlands","nameBn":"মিডল্যান্ডস প্রদেশ","type":"Province","bounds":[28.0052,-21.043,30.8593,-17.1301],"center":[29.4323,-19.0828]},"geometry":{"type":"Polygon","coordinates":[[[30.3631,-18.8615],[30.4166,-18.8744],[30.4338,-18.8817],[30.4496,-18.8965],[30.4748,-18.9136],[30.5181,-18.9313],[30.5373,-18.9359],[30.5525,-18.9419],[30.5734,-18.9603],[30.5802,-18.9631],[30.5865,-18.9644],[30.5965,-18.9655],[30.6118,-18.9688],[30.6388,-18.9691],[30.6599,-18.9719],[30.6674,-18.9749],[30.6758,-18.9795],[30.6821,-18.982],[30.6891,-18.9838],[30.6873,-18.9892],[30.6766,-19.0048],[30.6755,-19.0092],[30.6758,-19.0154],[30.679,-19.0247],[30.6995,-19.0586],[30.7235,-19.0893],[30.7285,-19.0977],[30.7316,-19.1054],[30.7333,-19.1125],[30.7341,-19.1185],[30.733,-19.1221],[30.7294,-19.1236],[30.725,-19.1245],[30.7212,-19.1271],[30.7164,-19.1417],[30.7158,-19.1451],[30.7156,-19.1484],[30.7159,-19.1506],[30.7167,-19.1535],[30.7178,-19.1561],[30.7186,-19.1585],[30.7187,-19.1606],[30.7184,-19.1633],[30.7173,-19.1667],[30.7189,-19.172],[30.7224,-19.1756],[30.7427,-19.1909],[30.7574,-19.2063],[30.7771,-19.2231],[30.792,-19.2405],[30.805,-19.2518],[30.8091,-19.2532],[30.8342,-19.259],[30.8593,-19.2724],[30.7197,-19.3811],[30.7117,-19.3886],[30.7093,-19.3935],[30.7138,-19.3972],[30.7198,-19.3995],[30.7509,-19.4061],[30.7583,-19.4099],[30.7642,-19.4161],[30.765,-19.4232],[30.7602,-19.4312],[30.7468,-19.4386],[30.7363,-19.4431],[30.73,-19.4479],[30.7282,-19.4562],[30.7262,-19.5382],[30.7156,-19.5915],[30.7187,-19.6076],[30.7231,-19.6215],[30.7242,-19.6319],[30.7232,-19.6421],[30.7055,-19.7229],[30.7049,-19.7307],[30.706,-19.7554],[30.7051,-19.7611],[30.6939,-19.7929],[30.691,-19.8113],[30.6914,-19.8242],[30.693,-19.8352],[30.6941,-19.8397],[30.6956,-19.8423],[30.6987,-19.8452],[30.702,-19.8478],[30.7037,-19.8516],[30.7018,-19.8561],[30.6938,-19.8604],[30.6866,-19.8629],[30.6574,-19.8701],[30.6446,-19.8707],[30.632,-19.8695],[30.6023,-19.8617],[30.5748,-19.8477],[30.5673,-19.8451],[30.5575,-19.8445],[30.4725,-19.847],[30.463,-19.8524],[30.4519,-19.8725],[30.4512,-19.8774],[30.4522,-19.8803],[30.4534,-19.8825],[30.4543,-19.8869],[30.4551,-19.8884],[30.4562,-19.8895],[30.4578,-19.8907],[30.4587,-19.8928],[30.4592,-19.8958],[30.4595,-19.9008],[30.4607,-19.9045],[30.4624,-19.9073],[30.4637,-19.909],[30.4647,-19.9111],[30.4652,-19.9135],[30.4644,-19.9167],[30.4616,-19.9208],[30.4561,-19.9277],[30.4326,-19.9443],[30.4296,-19.949],[30.4276,-19.9585],[30.4276,-19.9632],[30.4286,-19.9663],[30.4298,-19.9677],[30.4301,-19.9701],[30.4295,-19.9736],[30.427,-19.9793],[30.4265,-19.9825],[30.4265,-19.9846],[30.4279,-19.9856],[30.4312,-19.9857],[30.4383,-19.9867],[30.4332,-19.9911],[30.4279,-19.9928],[30.4211,-19.994],[30.2652,-20.0],[30.259,-20.0008],[30.2535,-20.0023],[30.1784,-20.037],[30.1705,-20.0422],[30.1671,-20.0473],[30.173,-20.0543],[30.1755,-20.0619],[30.1769,-20.0757],[30.1701,-20.111],[30.1581,-20.1322],[30.1525,-20.173],[30.153,-20.2019],[30.1558,-20.2041],[30.1624,-20.2016],[30.18,-20.1908],[30.1964,-20.1922],[30.2126,-20.1969],[30.2258,-20.2049],[30.2315,-20.2118],[30.236,-20.225],[30.2394,-20.2406],[30.2408,-20.2605],[30.24,-20.2807],[30.2321,-20.3053],[30.232,-20.3159],[30.2346,-20.3217],[30.2396,-20.3236],[30.2431,-20.3272],[30.2569,-20.3492],[30.2604,-20.3528],[30.2681,-20.3592],[30.2726,-20.3618],[30.2778,-20.3638],[30.2886,-20.367],[30.308,-20.3683],[30.3133,-20.3694],[30.3173,-20.372],[30.3193,-20.3762],[30.3192,-20.3813],[30.3185,-20.3867],[30.319,-20.3926],[30.3207,-20.3977],[30.323,-20.4023],[30.3296,-20.4102],[30.3335,-20.4133],[30.3379,-20.4159],[30.3434,-20.4178],[30.3553,-20.4198],[30.3605,-20.4216],[30.3645,-20.4246],[30.3673,-20.429],[30.3696,-20.4338],[30.3715,-20.4391],[30.3741,-20.4437],[30.3775,-20.4475],[30.3814,-20.4507],[30.4038,-20.4646],[30.4075,-20.4681],[30.4103,-20.4723],[30.412,-20.4777],[30.4134,-20.4898],[30.4145,-20.4948],[30.4165,-20.4999],[30.4171,-20.5009],[30.4581,-20.5444],[30.4596,-20.5499],[30.4587,-20.5574],[30.4542,-20.5689],[30.4531,-20.5773],[30.4533,-20.5843],[30.4571,-20.5947],[30.4587,-20.6001],[30.459,-20.6062],[30.4573,-20.624],[30.4579,-20.6303],[30.4593,-20.6359],[30.4612,-20.6411],[30.4641,-20.6455],[30.4674,-20.6493],[30.4712,-20.6527],[30.4795,-20.6587],[30.4826,-20.6624],[30.4844,-20.6677],[30.4869,-20.6797],[30.4886,-20.6853],[30.4906,-20.6898],[30.4903,-20.6958],[30.4886,-20.7007],[30.4754,-20.7225],[30.473,-20.7285],[30.4714,-20.7346],[30.4714,-20.7405],[30.4765,-20.7613],[30.4764,-20.7668],[30.475,-20.7731],[30.4641,-20.7925],[30.4592,-20.8161],[30.4564,-20.8223],[30.4525,-20.8282],[30.4414,-20.8408],[30.4382,-20.8459],[30.4368,-20.8515],[30.442,-20.9245],[30.4396,-20.9403],[30.4321,-20.9513],[30.3329,-21.0374],[30.3235,-21.0384],[30.3167,-21.0373],[30.3105,-21.0349],[30.3032,-21.0332],[30.2844,-21.023],[30.2794,-21.0228],[30.276,-21.0238],[30.2658,-21.0306],[30.261,-21.0329],[30.2566,-21.0343],[30.2537,-21.0357],[30.2503,-21.0384],[30.245,-21.0404],[30.2377,-21.041],[30.2108,-21.0366],[30.1926,-21.0368],[30.1673,-21.0333],[30.1576,-21.0312],[30.1522,-21.0285],[30.148,-21.0261],[30.1423,-21.0211],[30.1362,-21.0143],[30.1325,-21.0109],[30.1266,-21.008],[30.1036,-21.0015],[30.0917,-20.9946],[30.0821,-20.9863],[30.0666,-20.9665],[30.0624,-20.9633],[30.0559,-20.96],[30.0406,-20.9543],[30.0358,-20.9517],[30.0292,-20.9473],[30.023,-20.9415],[30.0149,-20.9356],[30.0078,-20.9314],[30.0009,-20.9263],[29.9958,-20.9214],[29.9886,-20.9172],[29.9818,-20.9153],[29.9697,-20.9148],[29.959,-20.9159],[29.9496,-20.9192],[29.9367,-20.9259],[29.8184,-21.0188],[29.7981,-21.0283],[29.7866,-21.0301],[29.7786,-21.0306],[29.728,-21.0242],[29.7118,-21.024],[29.681,-21.0275],[29.6111,-21.043],[29.5702,-21.042],[29.5331,-21.0332],[29.5061,-21.0318],[29.501,-21.0312],[29.4814,-21.0253],[29.4706,-21.0206],[29.4681,-21.0172],[29.4674,-21.0129],[29.4806,-21.0023],[29.6225,-20.9108],[29.6266,-20.9048],[29.6296,-20.8961],[29.6827,-20.6631],[29.6819,-20.6564],[29.6758,-20.656],[29.6335,-20.6691],[29.6243,-20.67],[29.6186,-20.6675],[29.6147,-20.656],[29.6111,-20.6478],[29.6046,-20.6392],[29.5954,-20.6308],[29.5926,-20.6264],[29.5914,-20.621],[29.5936,-20.6123],[29.5957,-20.6067],[29.5984,-20.602],[29.6044,-20.5997],[29.6115,-20.5953],[29.618,-20.5888],[29.6175,-20.5767],[29.6271,-20.555],[29.6291,-20.5444],[29.6291,-20.4918],[29.6358,-20.4903],[29.6434,-20.4929],[29.6765,-20.5151],[29.6862,-20.5183],[29.6944,-20.5144],[29.7017,-20.508],[29.7186,-20.488],[29.7261,-20.4736],[29.7339,-20.4543],[29.7365,-20.4446],[29.737,-20.436],[29.7353,-20.404],[29.7356,-20.3953],[29.737,-20.3892],[29.7962,-20.2533],[29.798,-20.2464],[29.8029,-20.1992],[29.8046,-20.1934],[29.871,-20.0608],[29.8741,-20.0504],[29.8741,-20.0408],[29.843,-19.991],[29.8397,-19.9899],[29.8349,-19.9904],[29.8206,-19.9992],[29.8172,-19.9998],[29.8131,-19.9978],[29.8066,-19.973],[29.8,-19.962],[29.7854,-19.9615],[29.7155,-19.9775],[29.707,-19.9754],[29.7022,-19.9631],[29.6957,-19.9327],[29.6918,-19.922],[29.6859,-19.9211],[29.681,-19.922],[29.6707,-19.9266],[29.6653,-19.9283],[29.6206,-19.9374],[29.6149,-19.9372],[29.6084,-19.9341],[29.5635,-19.9015],[29.4979,-19.8703],[29.489,-19.8683],[29.474,-19.8675],[29.457,-19.8748],[29.4399,-19.8793],[29.4292,-19.877],[29.4186,-19.8573],[29.4151,-19.8462],[29.413,-19.8369],[29.4131,-19.8246],[29.4241,-19.7761],[29.4229,-19.7678],[29.4199,-19.7584],[29.4118,-19.7413],[29.4055,-19.7304],[29.3788,-19.7052],[29.3703,-19.6923],[29.3625,-19.6696],[29.3613,-19.6622],[29.3582,-19.6558],[29.3533,-19.649],[29.3304,-19.6291],[29.3266,-19.6247],[29.3221,-19.6184],[29.2986,-19.5752],[29.2886,-19.5481],[29.2747,-19.5322],[29.2239,-19.4874],[29.0984,-19.3734],[29.0937,-19.3661],[29.1156,-19.3325],[29.1184,-19.3252],[29.1181,-19.3133],[29.1155,-19.3061],[29.1093,-19.297],[29.0191,-19.2039],[29.0073,-19.1955],[28.9982,-19.1837],[28.9971,-19.1797],[28.997,-19.1771],[28.9971,-19.1491],[28.998,-19.1439],[28.9999,-19.1395],[29.0048,-19.1346],[29.0109,-19.1269],[29.0137,-19.122],[29.0153,-19.1154],[29.0163,-19.1082],[29.0163,-19.0994],[29.0128,-19.0907],[28.9915,-19.0562],[28.9835,-19.0456],[28.9764,-19.0388],[28.9643,-19.0345],[28.9574,-19.0307],[28.9493,-19.0233],[28.9438,-19.0121],[28.9397,-19.0],[28.8812,-18.7474],[28.8818,-18.729],[28.8887,-18.7201],[28.8986,-18.7158],[28.9527,-18.7034],[29.1282,-18.6328],[29.1372,-18.6262],[29.1419,-18.6151],[29.1412,-18.606],[29.137,-18.5946],[29.1237,-18.5709],[29.1169,-18.5667],[29.1072,-18.5652],[28.7333,-18.5692],[28.7188,-18.5674],[28.7007,-18.5624],[28.6904,-18.5579],[28.6847,-18.5559],[28.6783,-18.5551],[28.672,-18.5551],[28.6661,-18.5563],[28.6455,-18.5627],[28.6338,-18.5649],[28.6157,-18.5662],[28.6108,-18.5671],[28.5476,-18.5666],[28.5418,-18.5677],[28.5106,-18.5773],[28.5016,-18.5787],[28.4605,-18.5805],[28.447,-18.5798],[28.4276,-18.5764],[28.3758,-18.5762],[28.353,-18.5807],[28.3407,-18.5812],[28.3345,-18.5806],[28.3218,-18.5781],[28.2218,-18.5751],[28.2037,-18.57],[28.1903,-18.5679],[28.1497,-18.5655],[28.1373,-18.5626],[28.1216,-18.5558],[28.1157,-18.5545],[28.1098,-18.5545],[28.0566,-18.5613],[28.0437,-18.561],[28.037,-18.56],[28.0296,-18.5576],[28.0218,-18.5528],[28.0107,-18.5434],[28.0067,-18.5294],[28.0052,-18.5152],[28.0092,-18.2223],[28.0135,-18.2168],[28.0185,-18.2141],[28.0463,-18.2082],[28.1001,-18.2021],[28.1048,-18.2003],[28.1069,-18.1971],[28.1044,-18.1896],[28.0995,-18.1858],[28.0939,-18.1828],[28.0732,-18.1787],[28.0652,-18.1757],[28.0547,-18.1687],[28.0507,-18.1628],[28.0494,-18.1564],[28.0512,-18.1516],[28.0541,-18.1475],[28.0578,-18.1443],[28.0661,-18.1387],[28.0698,-18.1353],[28.0726,-18.1308],[28.0744,-18.1257],[28.0749,-18.1202],[28.0738,-18.1149],[28.068,-18.1005],[28.0664,-18.0891],[28.067,-18.069],[28.0651,-18.0615],[28.0612,-18.0578],[28.0558,-18.0567],[28.0507,-18.058],[28.0459,-18.0597],[28.04,-18.0608],[28.0336,-18.06],[28.024,-18.0542],[28.0197,-18.049],[28.0175,-18.0428],[28.0151,-18.029],[28.0097,-18.0128],[28.0086,-18.0069],[28.0089,-18.0027],[28.0094,-18.0007],[28.0095,-17.9999],[28.0128,-17.9957],[28.0159,-17.9926],[28.0321,-17.9806],[28.0358,-17.9773],[28.0389,-17.9736],[28.0416,-17.9689],[28.0435,-17.9638],[28.0459,-17.9519],[28.0478,-17.9467],[28.0506,-17.9426],[28.0546,-17.9395],[28.059,-17.9374],[28.0636,-17.9348],[28.0665,-17.9305],[28.0677,-17.9242],[28.0658,-17.9148],[28.0656,-17.9077],[28.0661,-17.9018],[28.0741,-17.8814],[28.0868,-17.8579],[28.0881,-17.8509],[28.0882,-17.842],[28.0769,-17.795],[28.0766,-17.7876],[28.0779,-17.7817],[28.0823,-17.7712],[28.085,-17.7594],[28.0872,-17.7545],[28.1134,-17.7319],[28.1175,-17.7293],[28.1221,-17.7278],[28.1268,-17.7283],[28.1314,-17.7304],[28.1351,-17.7338],[28.1388,-17.7366],[28.1432,-17.738],[28.1472,-17.7364],[28.1508,-17.7336],[28.1577,-17.7264],[28.1735,-17.7138],[28.201,-17.6851],[28.2026,-17.6788],[28.2021,-17.6708],[28.1959,-17.648],[28.1958,-17.6406],[28.2015,-17.6247],[28.2066,-17.6008],[28.2088,-17.5962],[28.2143,-17.5878],[28.2161,-17.5835],[28.2164,-17.5766],[28.2159,-17.5681],[28.2125,-17.5556],[28.2118,-17.5471],[28.2122,-17.54],[28.2138,-17.5343],[28.2208,-17.5183],[28.2259,-17.5006],[28.2262,-17.5001],[28.2267,-17.4998],[28.2299,-17.4964],[28.2324,-17.4928],[28.2339,-17.4883],[28.2347,-17.4755],[28.2426,-17.4552],[28.245,-17.4464],[28.2476,-17.4096],[28.28,-17.4152],[28.2935,-17.4125],[28.3056,-17.4062],[28.4066,-17.3834],[28.4231,-17.3814],[28.438,-17.3828],[28.4607,-17.3878],[28.4672,-17.387],[28.4728,-17.3848],[28.4784,-17.3814],[28.4834,-17.3818],[28.4883,-17.385],[28.4932,-17.3895],[28.5016,-17.395],[28.5072,-17.395],[28.5117,-17.3927],[28.5187,-17.3828],[28.5241,-17.3772],[28.542,-17.3663],[28.5473,-17.3622],[28.5865,-17.3151],[28.596,-17.2952],[28.607,-17.2768],[28.6465,-17.2316],[28.656,-17.2242],[28.6631,-17.221],[28.6705,-17.2203],[28.6916,-17.2234],[28.7003,-17.223],[28.7056,-17.2203],[28.7095,-17.2164],[28.7179,-17.2029],[28.7238,-17.1968],[28.7324,-17.1899],[28.7607,-17.173],[28.7689,-17.1696],[28.8157,-17.1556],[28.8277,-17.1541],[28.8342,-17.1541],[28.8618,-17.1583],[28.8703,-17.1583],[28.876,-17.1568],[28.881,-17.1543],[28.9117,-17.1317],[28.917,-17.1301],[28.9216,-17.1312],[28.9272,-17.1366],[28.9322,-17.1423],[28.9364,-17.1511],[28.9406,-17.1667],[28.9428,-17.1711],[28.9516,-17.1834],[28.954,-17.1877],[28.9602,-17.2018],[28.9656,-17.2101],[28.9718,-17.2178],[28.9755,-17.2213],[28.9801,-17.224],[29.0493,-17.2464],[29.0776,-17.2688],[29.0832,-17.2711],[29.0992,-17.2737],[29.1059,-17.2757],[29.1112,-17.2782],[29.1153,-17.2814],[29.1189,-17.2849],[29.123,-17.288],[29.1276,-17.2908],[29.1905,-17.3121],[29.1966,-17.3131],[29.2079,-17.3138],[29.2165,-17.3122],[29.2272,-17.309],[29.2347,-17.3082],[29.2418,-17.3092],[29.2477,-17.3118],[29.2546,-17.3158],[29.2641,-17.3227],[29.2679,-17.3262],[29.2712,-17.3299],[29.2784,-17.3432],[29.2817,-17.353],[29.286,-17.3749],[29.2876,-17.3799],[29.2898,-17.3845],[29.2922,-17.3887],[29.3591,-17.4628],[29.3659,-17.4666],[29.375,-17.4707],[29.3928,-17.4761],[29.4,-17.4808],[29.4024,-17.4854],[29.3951,-17.5027],[29.3931,-17.5063],[29.39,-17.5099],[29.3861,-17.5131],[29.3685,-17.5233],[29.3608,-17.5298],[29.3545,-17.5379],[29.3518,-17.5425],[29.3471,-17.5526],[29.3415,-17.5615],[29.3338,-17.568],[29.3295,-17.5708],[29.3255,-17.5739],[29.322,-17.5776],[29.319,-17.5817],[29.3174,-17.5867],[29.318,-17.5928],[29.3206,-17.5989],[29.3326,-17.6104],[29.336,-17.6152],[29.3374,-17.6205],[29.3393,-17.6434],[29.3356,-17.6682],[29.335,-17.6928],[29.3338,-17.6987],[29.3319,-17.7042],[29.3298,-17.7093],[29.3269,-17.7136],[29.3236,-17.7174],[29.3072,-17.7295],[29.3035,-17.7329],[29.3028,-17.7382],[29.3043,-17.7444],[29.3141,-17.7541],[29.3187,-17.7604],[29.3206,-17.7669],[29.319,-17.7721],[29.3137,-17.7813],[29.3071,-17.789],[29.295,-17.7981],[29.2914,-17.8015],[29.2883,-17.8058],[29.2862,-17.8112],[29.2815,-17.8368],[29.2795,-17.8424],[29.2772,-17.8472],[29.2638,-17.8628],[29.261,-17.8673],[29.2546,-17.8831],[29.2435,-17.9014],[29.2168,-17.9635],[29.2106,-17.9719],[29.2081,-17.9764],[29.2066,-17.9818],[29.2051,-17.9926],[29.2035,-17.9965],[29.2019,-17.999],[29.201,-18.0001],[29.2007,-18.001],[29.2002,-18.0033],[29.2001,-18.0079],[29.203,-18.0176],[29.2048,-18.0225],[29.2073,-18.033],[29.2076,-18.0386],[29.2069,-18.0501],[29.2073,-18.0557],[29.2091,-18.0604],[29.2115,-18.0649],[29.2134,-18.0697],[29.2158,-18.0805],[29.2189,-18.0861],[29.2236,-18.092],[29.2381,-18.1055],[29.2418,-18.1108],[29.2424,-18.1163],[29.2425,-18.1225],[29.2435,-18.128],[29.2452,-18.133],[29.248,-18.137],[29.2746,-18.1609],[29.2777,-18.1647],[29.2802,-18.1692],[29.2846,-18.1799],[29.2891,-18.1861],[29.3147,-18.2128],[29.3224,-18.2182],[29.3439,-18.2283],[29.3507,-18.2328],[29.3554,-18.2376],[29.3638,-18.2506],[29.3731,-18.2613],[29.3809,-18.2653],[29.3969,-18.2689],[29.4074,-18.2726],[29.5447,-18.3573],[29.5823,-18.3738],[29.5878,-18.3785],[29.5909,-18.3841],[29.5912,-18.3899],[29.5905,-18.3962],[29.5892,-18.4023],[29.5785,-18.4287],[29.577,-18.4341],[29.5767,-18.44],[29.5771,-18.4507],[29.5764,-18.455],[29.5751,-18.4578],[29.5722,-18.4611],[29.5647,-18.4671],[29.5616,-18.4711],[29.5599,-18.476],[29.5598,-18.4815],[29.5637,-18.5282],[29.561,-18.5474],[29.5609,-18.5535],[29.5613,-18.5595],[29.5633,-18.5667],[29.5669,-18.5748],[29.5747,-18.5869],[29.581,-18.5922],[29.5878,-18.5947],[29.5976,-18.5972],[29.6102,-18.602],[29.6488,-18.6248],[29.6589,-18.6286],[29.6642,-18.6276],[29.6737,-18.624],[29.6789,-18.6235],[29.7039,-18.6281],[29.7104,-18.6287],[29.7183,-18.6305],[29.7267,-18.6335],[29.7393,-18.6404],[29.7464,-18.6464],[29.7539,-18.6545],[29.7596,-18.6577],[29.7652,-18.6583],[29.7702,-18.6565],[29.7761,-18.6556],[29.7834,-18.6562],[29.8048,-18.6656],[29.8144,-18.6678],[29.8186,-18.6697],[29.822,-18.6728],[29.8249,-18.678],[29.8303,-18.6857],[29.8355,-18.6898],[29.8414,-18.6919],[29.8563,-18.6945],[29.8894,-18.7096],[29.8951,-18.7113],[29.9328,-18.7183],[29.9384,-18.7179],[29.9427,-18.7157],[29.9503,-18.709],[29.9547,-18.7064],[29.971,-18.7016],[29.9779,-18.7013],[29.9865,-18.7026],[30.0197,-18.7182],[30.0389,-18.7194],[30.0453,-18.721],[30.0694,-18.7333],[30.0749,-18.7354],[30.0875,-18.7379],[30.101,-18.7389],[30.1265,-18.7378],[30.1328,-18.7382],[30.1674,-18.7468],[30.1806,-18.7516],[30.1936,-18.7591],[30.2017,-18.7657],[30.223,-18.7872],[30.2303,-18.7922],[30.2374,-18.7954],[30.2528,-18.7995],[30.276,-18.81],[30.2989,-18.8146],[30.3122,-18.819],[30.3195,-18.8227],[30.328,-18.8292],[30.3631,-18.8615]]]}}]}