{"type":"FeatureCollection","features":[{"type":"Feature","properties":{"rank":8},"geometry":{"type":"MultiLineString","coordinates":[[[75.318359375,13.228631903119123],[75.333740234375,13.239862371869123],[75.34072265625002,13.24628327030662],[75.342041015625,13.249139715619123],[75.37646484375,13.249139715619123],[75.394140625,13.25128815311912],[75.45556640625,13.26959869999412],[75.47109375000002,13.27802155155662],[75.48154296875,13.289178778119123],[75.48769531250002,13.30353424686912],[75.48964843750002,13.321161199994123],[75.48427734375002,13.34162018436912],[75.474609375,13.35492584843162],[75.470703125,13.36749909061912],[75.482177734375,13.38629791874412],[75.4908203125,13.389032293744123],[75.49990234375002,13.386493231244117],[75.50722656250002,13.38641998905662],[75.51015625000002,13.396258856244117],[75.50791015625,13.40607330936912],[75.4986328125,13.42609284061912],[75.49648437500002,13.43781159061912],[75.501220703125,13.45026276249412],[75.52353515625,13.484393621869117],[75.53076171875,13.49616119999412]],[[75.63173828125002,13.712176824994117],[75.64599609375,13.719989324994117],[75.65468750000002,13.722528387494123],[75.6611328125,13.726434637494123],[75.667236328125,13.73578522343162],[75.66416015625,13.743915106244117],[75.6572265625,13.754510809369123],[75.656982421875,13.76068756718162],[75.674072265625,13.755633856244117],[75.69570312500002,13.775409246869117],[75.70058593750002,13.78827545780662],[75.70126953125,13.81085846561912],[75.69521484375002,13.887225653119117],[75.69931640625,13.93964264530662],[75.69521484375002,13.95551178593162],[75.68691406250002,13.96637604374412],[75.67519531250002,13.978876043744123],[75.664794921875,13.99335358280662],[75.660400390625,14.01007721561912],[75.66542968750002,14.03058502811912],[75.67734375,14.042840887494123],[75.69287109375,14.05231354374412],[75.70810546875,14.064715887494117],[75.71494140625,14.069110418744117],[75.720458984375,14.07074616093162],[75.72080078125,14.07367584843162],[75.712158203125,14.081805731244117],[75.691162109375,14.111102606244117],[75.687744140625,14.11249420780662],[75.685791015625,14.120965887494123],[75.68603515625,14.12213776249412],[75.68984375000002,14.122674871869123],[75.6982421875,14.12958405155662],[75.70712890625,14.14227936405662],[75.70449218750002,14.147088934369123],[75.6958984375,14.149286199994123],[75.669921875,14.166376043744123],[75.667236328125,14.17121002811912],[75.66611328125,14.19098541874412],[75.6640625,14.19989655155662],[75.660400390625,14.20868561405662],[75.673095703125,14.209247137494117],[75.681640625,14.213397528119117],[75.686279296875,14.22125885624412],[75.687744140625,14.23261139530662],[75.68125,14.242206121869117],[75.653076171875,14.24359772343162],[75.64667968750001,14.253436590619117],[75.6431640625,14.27265045780662],[75.619384765625,14.33844635624412],[75.61835937500001,14.364276434369117],[75.63046875,14.40827057499412],[75.63525390625,14.43988678593162],[75.63974609375,14.448016668744117],[75.65371093750002,14.463153387494117],[75.671875,14.48151276249412],[75.67841796875001,14.491717840619117],[75.68154296875002,14.502948309369117],[75.69248046875,14.49555084843162],[75.699951171875,14.48346588749412],[75.70810546875,14.48309967655662],[75.717041015625,14.489618231244123],[75.72929687500002,14.51178619999412],[75.7525390625,14.52191803593162],[75.79482421875002,14.54816315311912],[75.80507812500002,14.55817291874412],[75.807373046875,14.572528387494117],[75.80488281250001,14.58270905155662],[75.800390625,14.59259674686912],[75.79755859375001,14.605975653119117],[75.79794921875,14.62006256718162],[75.8037109375,14.63873932499412],[75.80507812500002,14.650653387494117],[75.79794921875,14.673602606244117],[75.78066406250002,14.68475983280662],[75.73544921875,14.695331121869117],[75.748779296875,14.715936590619123],[75.7529296875,14.72711823124412],[75.749755859375,14.736346746869117],[75.73779296875,14.73969147343162],[75.7251953125,14.73419830936912],[75.713623046875,14.72614166874412],[75.7046875,14.722040106244123],[75.70087890625001,14.729364324994123],[75.70839843750002,14.764764715619123],[75.70810546875,14.77728912968162],[75.69521484375002,14.79010651249412],[75.68173828125,14.79828522343162],[75.67138671875,14.81049225468162],[75.667236328125,14.835321356244123],[75.66982421875002,14.84406159061912],[75.67626953125,14.85382721561912],[75.69140625,14.869745184369123],[75.69570312500002,14.879510809369123],[75.69228515625002,14.89142487186912],[75.68154296875002,14.913836981244117],[75.67685546875,14.93549225468162],[75.678955078125,14.94562409061912],[75.687744140625,14.95538971561912],[75.69843750000001,14.958124090619123],[75.72216796875,14.95392487186912],[75.73232421875002,14.95880768436912],[75.80927734375001,15.032586981244123],[75.827392578125,15.04169342655662],[75.864501953125,15.04865143436912],[75.88125000000002,15.057391668744117],[75.894775390625,15.07025787968162],[75.89736328125002,15.083856512494123],[75.89384765625002,15.09259674686912]],[[76.318359375,15.27069733280662],[76.326171875,15.284686590619117],[76.33115234375003,15.305536199994123],[76.33925781250002,15.324481512494117],[76.35585937500002,15.332782293744117],[76.421875,15.335321356244123],[76.505615234375,15.360126043744117],[76.52060546875003,15.369989324994123],[76.53603515625002,15.39252350468162],[76.5380859375,15.39765045780662],[76.54296875,15.40228912968162],[76.568115234375,15.404803778119117],[76.57900390625002,15.40790436405662],[76.585205078125,15.41510651249412],[76.58974609375002,15.424676824994123],[76.595703125,15.43427155155662],[76.60634765625002,15.441424871869117],[76.617431640625,15.44245026249412],[76.641845703125,15.44061920780662],[76.6513671875,15.44513580936912],[76.67832031250003,15.476922918744123],[76.69482421875,15.48993561405662],[76.715576171875,15.49664948124412],[76.75966796875002,15.492450262494117],[76.7822265625,15.49445221561912],[76.7919921875,15.50751373905662],[76.7958984375,15.52521393436912],[76.825439453125,15.58600494999412],[76.835693359375,15.629901434369117],[76.843994140625,15.651727606244123],[76.85605468750003,15.661151434369117],[76.86474609375,15.665399481244123],[76.87548828125,15.684198309369123],[76.8837890625,15.68842194218162],[76.89697265625,15.690936590619117],[76.90234375,15.697381903119123],[76.907958984375,15.71637604374412],[76.92812500000002,15.747333074994117],[77.07343750000001,15.92108795780662],[77.14384765624999,15.96076080936912],[77.16298828125002,15.967157293744123],[77.22646484375002,15.976434637494123],[77.2353515625,15.97467682499412],[77.2529296875,15.965838934369117],[77.263671875,15.962176824994117],[77.30615234375,15.95709869999412],[77.4287109375,15.955926824994123],[77.4921875,15.93829987186912],[77.563232421875,15.93231842655662],[77.58251953125,15.92804596561912],[77.64121093750003,15.900653387494117],[77.66054687500002,15.89557526249412],[77.68603515625,15.89386627811912],[77.7490234375,15.897577215619123],[77.79482421875002,15.889276434369123],[77.849853515625,15.89386627811912],[77.85761718750001,15.89557526249412],[77.86474609375,15.89984772343162],[77.877197265625,15.91156647343162],[77.887939453125,15.91913483280662],[77.89560546875003,15.917987371869117],[77.90341796875003,15.91278717655662],[77.914794921875,15.90814850468162],[77.93994140625,15.903094793744117],[77.95009765625002,15.899774481244123],[78.08750000000003,15.83295319218162],[78.100341796875,15.82965729374412],[78.1142578125,15.839862371869117],[78.12392578125002,15.84992096561912],[78.13193359375003,15.87616608280662],[78.141357421875,15.88812897343162],[78.153564453125,15.89716217655662],[78.16572265625001,15.90070221561912],[78.18505859375,15.908710028119117],[78.213134765625,15.92767975468162],[78.23525390625002,15.950458074994117],[78.23691406250003,15.969598699994123]]]}},{"type":"Feature","properties":{"rank":8},"geometry":{"type":"MultiLineString","coordinates":[[[100.612060546875,24.748651434369123],[100.656494140625,24.71564362186912],[100.669189453125,24.703631903119117],[100.677978515625,24.698114324994123],[100.7021484375,24.68781159061912],[100.70703125,24.68280670780662],[100.720703125,24.65180084843162],[100.7392578125,24.63849518436912],[100.75927734375,24.629657293744117],[100.77548828125003,24.61749909061912],[100.7822265625,24.59406159061912],[100.784423828125,24.58905670780662],[100.7890625,24.583856512494123],[100.793701171875,24.576776434369123],[100.7978515625,24.551385809369123],[100.80283203125003,24.545184637494117],[100.80947265625002,24.541620184369123],[100.81630859375002,24.53510162968162],[100.82470703125,24.52118561405662],[100.8408203125,24.46063873905662],[100.85429687499999,24.45416901249412],[100.8837890625,24.423358465619117],[100.896484375,24.406268621869117],[100.91748046875,24.34931061405662],[100.923095703125,24.34393952030662],[100.92910156250002,24.339618231244117],[100.93212890625,24.329950262494123],[100.93408203125,24.32037994999412],[100.93701171875,24.31598541874412],[100.95205078125002,24.310174871869123],[100.95576171875001,24.29706452030662],[100.9541015625,24.275018621869123],[100.99267578125,24.23908112186912],[101.00966796875002,24.215936590619123],[101.005615234375,24.19623444218162],[101.00039062500002,24.18634674686912],[101.002197265625,24.175165106244123],[101.0068359375,24.16425202030662],[101.00937500000003,24.155292059369117],[101.01406250000002,24.148553778119123],[101.02529296875002,24.147479559369117],[101.038818359375,24.147577215619123],[101.05029296875,24.14472077030662],[101.060791015625,24.13239166874412],[101.069580078125,24.11322662968162],[101.075439453125,24.091913153119123],[101.07763671875,24.07330963749412],[101.08457031250003,24.055438543744117],[101.11669921875,24.02106354374412],[101.1259765625,24.00751373905662],[101.13271484375002,23.966327215619117],[101.1376953125,23.95026276249412],[101.14990234375,23.936151434369123],[101.1572265625,23.91901276249412],[101.155029296875,23.89472077030662],[101.14589843750002,23.856708074994117],[101.145751953125,23.78888580936912],[101.149658203125,23.75519440311912],[101.15957031250002,23.72760651249412],[101.176513671875,23.696161199994123],[101.18671875000001,23.664813543744117],[101.18505859375,23.63202545780662],[101.16640625000002,23.59662506718162],[101.18125000000003,23.582635809369123],[101.225341796875,23.574335028119123],[101.234619140625,23.565936590619117],[101.23779296875,23.559442449994123],[101.251953125,23.54596588749412],[101.25507812500001,23.53864166874412],[101.2529296875,23.52875397343162],[101.24990234375002,23.52094147343162],[101.25136718750002,23.51422760624412],[101.26259765625002,23.50787994999412],[101.28017578125002,23.425409246869123],[101.279296875,23.41168854374412],[101.282470703125,23.39606354374412],[101.251220703125,23.286737371869123],[101.2451171875,23.27448151249412],[101.244873046875,23.26483795780662],[101.2587890625,23.260858465619123],[101.27675781250002,23.25910065311912],[101.29062500000003,23.254413153119117],[101.317138671875,23.240350653119123],[101.34218750000002,23.23273346561912],[101.34902343750002,23.22601959843162],[101.351318359375,23.209344793744123],[101.34267578125002,23.16351959843162],[101.33759765625001,23.150995184369123],[101.33964843749999,23.14472077030662],[101.33076171875001,23.124286199994117],[101.367919921875,23.08808014530662],[101.382080078125,23.08331940311912],[101.390869140625,23.088641668744117],[101.427001953125,23.124286199994117],[101.4326171875,23.11469147343162],[101.443115234375,23.10993073124412],[101.46738281250003,23.10382721561912],[101.48691406250003,23.08710358280662],[101.49794921875002,23.07501862186912],[101.512939453125,23.048358465619117],[101.51572265625003,23.041131903119123],[101.516357421875,23.03632233280662],[101.51572265625003,23.017840887494117],[101.5087890625,23.015399481244117],[101.46738281250003,22.98651764530662],[101.477294921875,22.98102448124412],[101.483642578125,22.975360418744117],[101.495361328125,22.95917389530662],[101.50693359375003,22.931170965619117],[101.509033203125,22.928485418744117],[101.5205078125,22.905389715619123],[101.52255859375003,22.894061590619117],[101.550537109375,22.87042877811912],[101.568359375,22.860956121869123],[101.58632812500002,22.85443756718162],[101.60605468750003,22.850604559369117],[101.62900390625003,22.84931061405662],[101.6455078125,22.85529205936912],[101.656982421875,22.86920807499412],[101.67343750000003,22.89777252811912],[101.70058593750002,22.915887762494123],[101.73164062500001,22.919208074994117],[101.764404296875,22.90827057499412],[101.79638671875,22.88410065311912],[101.819580078125,22.847430731244117],[101.83437500000002,22.83002350468162],[101.854736328125,22.822626043744123],[101.86044921875003,22.819452215619123],[101.865234375,22.812372137494123],[101.87158203125,22.805292059369123],[101.88232421875,22.802118231244123],[101.89501953125,22.803827215619123],[101.904052734375,22.807733465619123],[101.91181640625001,22.81232330936912],[101.919921875,22.815790106244123],[101.92744140625001,22.81769440311912],[101.93359375,22.81830475468162],[101.94003906250003,22.817743231244123],[101.94775390625,22.815790106244123],[101.96142578125,22.80585358280662],[101.970458984375,22.80170319218162],[101.97451171875002,22.80524323124412],[101.98037109375002,22.802118231244123],[102.01611328125,22.76740143436912],[102.0361328125,22.735614324994117],[102.05224609375,22.70294830936912],[102.072509765625,22.67352936405662],[102.104736328125,22.65131256718162],[102.16396484375002,22.62653229374412],[102.18427734375001,22.623407293744123],[102.22646484375002,22.624139715619123],[102.2470703125,22.622333074994117],[102.26318359375,22.616571356244123],[102.27656250000001,22.601434637494123],[102.29296875,22.56830475468162],[102.30751953125002,22.56195709843162],[102.37919921874999,22.57562897343162],[102.40175781250002,22.57453034061912],[102.4580078125,22.56195709843162],[102.508544921875,22.566766668744123],[102.523193359375,22.56195709843162],[102.52695312500003,22.55756256718162],[102.53701171875002,22.54169342655662],[102.54374999999999,22.53461334843162],[102.55126953125,22.53107330936912],[102.560546875,22.52838776249412],[102.56826171875002,22.52448151249412],[102.57753906250002,22.50726959843162],[102.64492187500002,22.43622467655662],[102.662841796875,22.423700262494123],[102.701416015625,22.41437409061912],[102.73720703125002,22.39288971561912],[102.77675781250002,22.360370184369117],[102.80029296875,22.330926824994123],[102.81757812500001,22.29706452030662],[102.825439453125,22.26032135624412],[102.82480468750003,22.25263092655662],[102.82333984375003,22.247919012494123],[102.82285156250003,22.242547918744123],[102.825439453125,22.23297760624412],[102.82851562500002,22.22833893436912],[102.83730468750002,22.21918366093162],[102.845458984375,22.205438543744123],[102.8603515625,22.20538971561912],[102.8896484375,22.21246979374412],[102.90839843750001,22.20294830936912],[102.91650390625,22.18073151249412],[102.92236328125,22.15570709843162],[102.93466796875003,22.13739655155662],[102.951904296875,22.13617584843162],[103.040283203125,22.147723699994117],[103.06669921874999,22.140008856244123],[103.09580078125003,22.122186590619123],[103.14013671875,22.085565496869123],[103.17734375000003,22.08795807499412],[103.264404296875,22.04804108280662],[103.2841796875,22.05426666874412],[103.28085937500003,22.057489324994123],[103.2734375,22.062762762494117],[103.26611328125,22.06915924686912],[103.26308593750002,22.07599518436912],[103.26650390625002,22.081561590619117],[103.323974609375,22.14948151249412],[103.33876953125002,22.15790436405662],[103.36093750000003,22.158075262494123],[103.38320312500002,22.14996979374412],[103.40009765625001,22.13629791874412],[103.406982421875,22.119989324994123],[103.40966796875,22.09577057499412],[103.41650390625,22.081415106244123],[103.441162109375,22.061639715619123],[103.4521484375,22.048358465619117],[103.458251953125,22.03131744999412],[103.4609375,22.011590887494123],[103.461669921875,21.99030182499412],[103.46533203125,21.98554108280662],[103.473876953125,21.97955963749412],[103.48398437500003,21.974481512494123],[103.49267578125,21.972284246869123],[103.49746093750002,21.96784088749412],[103.5439453125,21.893085028119117],[103.55097656250001,21.876727606244117],[103.55517578125,21.85773346561912],[103.55966796875003,21.813006903119117],[103.564697265625,21.794794012494123],[103.58076171875001,21.770038153119117],[103.58583984375002,21.760028387494117],[103.58447265625,21.759540106244117],[103.58535156250002,21.743768621869123],[103.58583984375002,21.743280340619123],[103.58759765625001,21.73993561405662],[103.59609375000002,21.735370184369117],[103.598876953125,21.73334381718162],[103.62539062500002,21.68952057499412],[103.642578125,21.672381903119117],[103.66083984375001,21.671258856244123],[103.67333984375,21.66559479374412],[103.67626953125,21.66681549686912],[103.681396484375,21.671258856244123],[103.7041015625,21.661395574994117],[103.74951171875,21.652215887494123],[103.76708984375,21.64020416874412],[103.805908203125,21.58161041874412],[103.81171875000001,21.56513092655662],[103.81513671875001,21.558612371869117],[103.82431640625003,21.55353424686912],[103.85302734375,21.546991278119123],[103.900390625,21.540887762494123],[103.91259765625,21.533710028119117],[103.921142578125,21.52704498905662],[103.93056640625002,21.52228424686912],[103.95849609375,21.51752350468162],[103.96767578125002,21.51032135624412],[103.983642578125,21.49310944218162],[103.99521484375003,21.498553778119117],[104.00341796875,21.49677155155662],[104.01708984375,21.48566315311912],[104.03427734375003,21.46344635624412],[104.03769531250003,21.46210358280662],[104.04648437500003,21.45148346561912],[104.08984375,21.43854401249412],[104.10595703125,21.431659246869117],[104.11152343750001,21.42560455936912],[104.13271484375002,21.39728424686912],[104.150634765625,21.37982819218162],[104.16005859375002,21.36432526249412],[104.16181640625001,21.33746979374412],[104.16748046875,21.32184479374412],[104.177978515625,21.31342194218162],[104.209228515625,21.29572174686912],[104.223876953125,21.272333074994123],[104.27734375,21.252948309369117],[104.28339843750001,21.24616119999412],[104.29091796875002,21.231219793744117],[104.29775390625002,21.225604559369117],[104.364013671875,21.213739324994123],[104.38134765625,21.20136139530662],[104.42861328125002,21.143573309369117],[104.44130859375002,21.13385651249412],[104.45937500000002,21.129999090619123],[104.47226562500003,21.12470123905662],[104.51123046875,21.08905670780662],[104.51572265625003,21.081415106244123],[104.514404296875,21.07672760624412],[104.514892578125,21.07306549686912],[104.52490234375,21.068622137494117],[104.53173828125,21.06891510624412],[104.54062500000003,21.07184479374412],[104.54833984375,21.07562897343162],[104.551513671875,21.078485418744123],[104.5537109375,21.08307526249412],[104.55810546875,21.080682684369123],[104.56259765625003,21.07379791874412],[104.567138671875,21.053485418744117],[104.57363281250002,21.048211981244123],[104.58251953125,21.048602606244117],[104.59248046875001,21.05426666874412],[104.61835937500001,21.03571198124412],[104.65390625000003,21.035028387494123],[104.68798828125,21.04755280155662],[104.709228515625,21.068622137494117],[104.72802734375,21.06195709843162],[104.7666015625,21.053338934369123],[104.78125,21.044061590619123],[104.79755859375001,21.03717682499412],[104.84716796875,21.03656647343162],[104.866943359375,21.033807684369123],[104.87763671875001,21.025018621869123],[104.89150390625002,21.00861237186912],[104.9033203125,20.99030182499412],[104.91328125000001,20.96369049686912],[104.99658203125,20.87702057499412],[105.00400390625003,20.873065496869117],[105.013427734375,20.86029694218162],[105.08642578125,20.813104559369123],[105.09072265625002,20.80731842655662],[105.0927734375,20.79425690311912],[105.088623046875,20.792743231244117],[105.0810546875,20.78302643436912],[105.07675781250003,20.772088934369123],[105.08291015625002,20.76691315311912],[105.09326171875,20.765741278119123],[105.11669921875,20.75946686405662],[105.12939453125,20.76129791874412],[105.13681640625003,20.76544830936912],[105.14199218750002,20.770038153119117],[105.1474609375,20.77313873905662],[105.17880859375003,20.772723699994117],[105.196533203125,20.77460358280662],[105.212890625,20.78400299686912],[105.22861328125003,20.79669830936912],[105.24423828125003,20.803241278119117],[105.30478515625003,20.810907293744123],[105.32480468750003,20.81757233280662],[105.34003906250001,20.82880280155662],[105.34609375000002,20.845477606244117],[105.343017578125,20.85065338749412],[105.32929687500001,20.86041901249412],[105.326171875,20.86591217655662],[105.33242187500002,20.910272528119123],[105.33261718750003,20.95636627811912],[105.32958984375,20.981317449994123],[105.32275390625,20.99225494999412],[105.3154296875,20.999774481244117],[105.29062500000003,21.03815338749412],[105.28466796875,21.05426666874412],[105.28652343750002,21.07550690311912],[105.302001953125,21.10431549686912],[105.3056640625,21.126581121869123],[105.300537109375,21.141229559369123],[105.28964843750003,21.154901434369123],[105.28183593750003,21.170672918744117],[105.28466796875,21.19147369999412],[105.302734375,21.209491278119117],[105.326416015625,21.220965887494117],[105.3427734375,21.23810455936912],[105.33984375,21.27338287968162]]]}},{"type":"Feature","properties":{"rank":8},"geometry":{"type":"MultiLineString","coordinates":[[[91.14785156250002,33.07081940311912],[91.150634765625,33.06647369999412],[91.17177734375002,33.04323151249412],[91.17763671875002,33.032586981244116],[91.17929687500003,33.02204010624412],[91.17988281250001,33.01100494999412],[91.181884765625,32.99884674686912],[91.20703125,32.95368073124412],[91.21005859375003,32.93939850468162],[91.20468750000003,32.92499420780662],[91.1826171875,32.896600653119116],[91.17578125,32.881219793744116],[91.17490234375003,32.86737702030662],[91.17822265625,32.85663483280662],[91.184814453125,32.84699127811912],[91.194580078125,32.83649323124412],[91.201416015625,32.83124420780662],[91.20634765624999,32.829217840619116],[91.2099609375,32.82550690311912],[91.212890625,32.81500885624412],[91.213134765625,32.80597565311912],[91.21132812500002,32.79860260624412],[91.13291015625003,32.65741608280662],[91.119384765625,32.64057037968162],[91.1025390625,32.62672760624412],[90.94345703125003,32.55365631718162],[90.90195312500003,32.52589752811912],[90.89111328125,32.53241608280662],[90.881103515625,32.53278229374412],[90.83847656250003,32.520624090619116],[90.82265625000002,32.51906159061912],[90.80429687500003,32.51337311405662],[90.7431640625,32.47064850468162],[90.72265625,32.44391510624412],[90.7236328125,32.43256256718162],[90.728271484375,32.42096588749412],[90.73085937500002,32.40968659061912],[90.72607421875,32.39894440311912],[90.714111328125,32.38019440311912],[90.70009765625002,32.33454010624412],[90.68798828125,32.313592840619116],[90.68056640625002,32.30683014530662],[90.6669921875,32.29840729374412],[90.6611328125,32.293085028119116],[90.65576171875,32.28278229374412],[90.65156250000001,32.27155182499412],[90.64462890625003,32.26264069218162],[90.61328125,32.25397369999412],[90.57363281250002,32.23090241093162],[90.55185546875003,32.22418854374412],[90.5322265625,32.22511627811912],[90.49892578125002,32.23529694218162],[90.47998046875,32.23786041874412],[90.201904296875,32.210565496869116],[90.15478515625,32.21149323124412],[90.13955078125002,32.20941803593162],[90.10888671875,32.20001862186912],[90.09365234375002,32.19708893436912],[90.074462890625,32.19704010624412],[90.01767578125003,32.20509674686912],[89.99843750000002,32.20436432499412],[89.97128906250003,32.196649481244116],[89.89541015625002,32.16115143436912],[89.866943359375,32.15656159061912],[89.78085937500003,32.15338776249412],[89.758544921875,32.14667389530662],[89.7353515625,32.13580963749412],[89.69482421875,32.10817291874412],[89.69052734375003,32.10236237186912],[89.682861328125,32.08497955936912],[89.677734375,32.07709381718162],[89.666259765625,32.071649481244116],[89.65322265625002,32.073602606244116],[89.63027343750002,32.08082916874412],[89.61376953125,32.07326080936912],[89.583740234375,32.03998444218162],[89.56787109375,32.03241608280662],[89.512939453125,31.994891668744117],[89.49765625000003,31.988055731244117],[89.47314453125,31.983026434369116],[89.4482421875,31.98212311405662],[89.431640625,31.98773834843162],[89.42324218750002,31.991717840619117],[89.40195312500003,31.993768621869116],[89.39384765624999,31.998309637494117],[89.38916015625,32.00783112186912],[89.38916015625,32.02960846561912],[89.386962890625,32.03986237186912],[89.37412109375003,32.05719635624412],[89.35830078125002,32.06476471561912],[89.33945312500003,32.063104559369116],[89.31796875000003,32.05292389530662],[89.31113281250003,32.04669830936912],[89.29931640625,32.03192780155662],[89.29062500000003,32.02558014530662],[89.280517578125,32.022333074994116],[89.249755859375,32.02558014530662],[89.20810546875003,32.02558014530662],[89.197509765625,32.028192449994116],[89.18857421875003,32.03151276249412],[89.17929687500003,32.03175690311912],[89.167236328125,32.02558014530662],[89.14833984375002,32.041131903119116],[89.124755859375,32.05194733280662],[89.09951171875002,32.05829498905662],[89.07470703125,32.06037018436912],[88.99609375,32.03834869999412],[88.93916015625001,32.002557684369116],[88.93212890625,31.98981354374412],[88.95429687500001,31.977801824994117],[88.96621093750002,31.977313543744117],[89.002197265625,31.98090241093162],[89.00068359375001,31.950311590619116],[89.002197265625,31.93683502811912]]]}},{"type":"Feature","properties":{"rank":8},"geometry":{"type":"MultiLineString","coordinates":[[[94.31601562500003,32.63971588749412],[94.23720703125002,32.688104559369116],[94.236083984375,32.69240143436912],[94.238037109375,32.70412018436912],[94.23720703125002,32.70856354374412],[94.23232421875002,32.71388580936912],[94.22109375000002,32.72365143436912],[94.21669921875002,32.72907135624412],[94.198974609375,32.75812409061912],[94.19296875000003,32.77484772343162],[94.18671875000001,32.78339264530662],[94.18271484375003,32.792352606244116],[94.18896484375,32.81154205936912],[94.18593750000002,32.82301666874412],[94.18007812500002,32.83295319218162],[94.17509765624999,32.83893463749412],[94.15859375000002,32.84735748905662],[94.10898437500003,32.85792877811912],[94.08974609375002,32.85944244999412],[94.06972656250002,32.86579010624412],[94.036376953125,32.89569733280662],[94.01748046875002,32.90497467655662],[93.9921875,32.90460846561912],[93.94912109375002,32.88861725468162],[93.88818359375,32.87982819218162],[93.87548828125,32.88153717655662],[93.852783203125,32.89032623905662],[93.834228515625,32.90033600468162],[93.80810546875,32.92206452030662],[93.731201171875,33.002801824994116],[93.69130859375002,33.02985260624412],[93.668212890625,33.03986237186912],[93.6455078125,33.04376862186912],[93.62412109375003,33.049920965619116],[93.606201171875,33.06427643436912],[93.59003906250001,33.08051178593162],[93.573974609375,33.092157293744116],[93.51679687500001,33.10719635624412],[93.50146484375,33.11640045780662],[93.482421875,33.14154694218162],[93.443115234375,33.181512762494116],[93.39052734375002,33.22321198124412],[93.38232421875,33.23927643436912],[93.37705078125003,33.26027252811912],[93.36376953125,33.27106354374412],[93.32705078125002,33.28395416874412],[93.26220703125,33.322626043744116],[93.25507812500001,33.32868073124412],[93.24589843749999,33.33815338749412],[93.237060546875,33.34332916874412],[93.22705078125,33.345575262494116],[93.214111328125,33.34601471561912],[93.201416015625,33.34857819218162],[93.19404296875001,33.35455963749412],[93.188720703125,33.36151764530662],[93.18310546875,33.36713287968162],[93.14892578125,33.38666412968162],[93.13242187500003,33.391961981244116],[93.09042968750003,33.39618561405662],[93.07119140625002,33.40241119999412],[93.0537109375,33.41115143436912],[93.0390625,33.42108795780662],[93.013427734375,33.443475653119116],[92.99658203125,33.45233795780662],[92.95419921875003,33.46002838749412],[92.93798828125,33.470331121869116],[92.85166015625003,33.55060455936912],[92.83701171875003,33.55829498905662],[92.81884765625,33.565301824994116],[92.81162109375003,33.58222077030662],[92.806396484375,33.62262604374412],[92.80126953125,33.62726471561912],[92.79287109375002,33.63251373905662],[92.786865234375,33.638788153119116],[92.78916015625003,33.64655182499412],[92.79531250000002,33.65668366093162],[92.79580078125002,33.66742584843162],[92.79257812500003,33.68781159061912],[92.761962890625,33.70795319218162],[92.763671875,33.71193268436912],[92.759765625,33.738641668744116],[92.758544921875,33.74237702030662],[92.73740234375003,33.89943268436912],[92.73183593750002,33.91937897343162],[92.710693359375,33.95045807499412],[92.710693359375,33.97145416874412],[92.72158203125002,33.98932526249412],[92.739990234375,34.00568268436912],[92.76083984375003,34.01874420780662],[92.77890625000003,34.02667877811912],[92.84033203125,34.03449127811912],[92.8603515625,34.03974030155662],[92.87890625,34.05060455936912],[92.92919921875,34.09498932499412]]]}},{"type":"Feature","properties":{"rank":8},"geometry":{"type":"MultiLineString","coordinates":[[[98.28925781250001,23.35663483280662],[98.25546875000003,23.36627838749412],[98.21748046875001,23.36017487186912],[98.146240234375,23.334588934369123],[98.10898437500003,23.328485418744123],[98.03232421875003,23.327167059369117],[97.993896484375,23.320428778119123],[97.943603515625,23.30133698124412],[97.92578125,23.29743073124412],[97.892822265625,23.29596588749412],[97.85908203125001,23.29462311405662],[97.80097656250001,23.279901434369123],[97.63730468750003,23.20172760624412],[97.59814453125,23.19232819218162],[97.55576171875003,23.19000885624412],[97.513427734375,23.193231512494123],[97.47412109375,23.20075104374412],[97.45224609375003,23.201044012494123],[97.428955078125,23.19354889530662],[97.41015625,23.179217840619117],[97.40185546875,23.159198309369117],[97.40615234375002,23.14606354374412],[97.4267578125,23.12311432499412],[97.432373046875,23.11029694218162],[97.42236328125,23.09259674686912],[97.398681640625,23.08136627811912],[97.37587890625002,23.066034246869123],[97.368896484375,23.03571198124412],[97.37880859375002,22.99262116093162],[97.3798828125,22.972284246869123],[97.37255859375,22.948993231244117],[97.36181640625,22.93121979374412],[97.32285156250003,22.88214752811912],[97.318359375,22.87360260624412],[97.31093750000002,22.85419342655662],[97.306884765625,22.847186590619117],[97.298095703125,22.839129949994117],[97.27656250000001,22.82526276249412],[97.26865234375003,22.81659577030662],[97.2646484375,22.79547760624412],[97.272705078125,22.77460358280662],[97.287353515625,22.755633856244117],[97.302978515625,22.74042389530662],[97.3154296875,22.730829168744123],[97.32587890625001,22.72601959843162],[97.35195312500002,22.718377996869123],[97.35498046875,22.715692449994123],[97.377197265625,22.70294830936912],[97.37949218750003,22.703876043744117],[97.38876953125003,22.663202215619123],[97.35458984375003,22.63739655155662],[97.302978515625,22.61774323124412],[97.26035156250003,22.595575262494123],[97.23828125,22.56024811405662],[97.2421875,22.524530340619123],[97.28085937500003,22.431756903119123],[97.305908203125,22.40253327030662],[97.315673828125,22.38629791874412],[97.340576171875,22.320331121869117],[97.33134765624999,22.26752350468162],[97.292724609375,22.233026434369123],[97.24013671875002,22.22113678593162],[97.18955078125003,22.236102606244117],[97.168701171875,22.247186590619123],[97.14902343750003,22.25238678593162],[97.08144531250002,22.25324127811912],[97.05908203125,22.25653717655662],[96.980712890625,22.27765534061912],[96.95361328125,22.272967840619117],[96.9404296875,22.25360748905662],[96.94677734375,22.21759674686912],[96.96484375,22.163836981244117],[96.974853515625,22.11225006718162],[96.9775390625,22.05988190311912],[96.973876953125,22.00372955936912],[96.95947265625,21.97138092655662],[96.930419921875,21.953729559369123],[96.89492187500002,21.95136139530662],[96.846923828125,21.97162506718162],[96.81601562500003,21.97894928593162],[96.80136718750003,21.984979559369123],[96.77597656250003,22.00641510624412],[96.765380859375,22.00836823124412],[96.75419921874999,21.994403387494117],[96.75048828125,21.97479889530662],[96.75205078125003,21.93451569218162],[96.74306640625002,21.916522528119117],[96.730712890625,21.906268621869117],[96.716552734375,21.89862702030662],[96.68496093750002,21.88776276249412],[96.64384765624999,21.87213776249412],[96.63193359375003,21.86408112186912],[96.62353515625,21.85407135624412],[96.61240234375003,21.83222077030662],[96.60361328125003,21.82306549686912],[96.59423828125,21.81891510624412],[96.52744140625003,21.80451080936912],[96.51621093750003,21.79498932499412],[96.5107421875,21.776874090619117],[96.514404296875,21.73090241093162],[96.51181640625003,21.709247137494117],[96.49765625000003,21.691522528119123],[96.477294921875,21.68463776249412],[96.45458984375,21.685907293744123],[96.39199218750002,21.697381903119123],[96.37998046875003,21.703973699994123],[96.318603515625,21.77667877811912],[96.30898437500002,21.78449127811912],[96.2763671875,21.802508856244117],[96.249267578125,21.828876043744117],[96.239501953125,21.835321356244123],[96.21923828125,21.837762762494123],[96.20351562500002,21.82843659061912],[96.1630859375,21.775409246869117],[96.154541015625,21.77277252811912],[96.14423828125001,21.78656647343162],[96.13906250000002,21.79682037968162],[96.13330078125,21.80341217655662],[96.12509765625003,21.80597565311912],[96.11279296875,21.804315496869123],[96.107177734375,21.80109284061912],[96.09375,21.791278387494117],[96.0888671875,21.790643621869123],[96.08486328125002,21.796893621869117],[96.08681640625002,21.80353424686912],[96.09072265625002,21.809100653119117],[96.09228515625,21.812030340619117],[96.08056640625,21.828729559369123],[96.068115234375,21.83478424686912],[96.04873046875002,21.83124420780662],[96.03857421875,21.824335028119123],[96.03125,21.81745026249412],[96.02285156250002,21.814081121869123],[96.009033203125,21.81793854374412],[95.99824218750001,21.82807037968162],[95.99179687500003,21.843133856244123],[95.98837890625003,21.85956452030662],[95.987060546875,21.87372467655662]]]}},{"type":"Feature","properties":{"rank":8},"geometry":{"type":"MultiLineString","coordinates":[[[79.5322265625,22.01386139530662],[79.52382812500002,22.027850653119117],[79.51474609375003,22.039911199994123],[79.50732421875,22.05524323124412],[79.50156250000003,22.091815496869117],[79.49453125000002,22.09393952030662],[79.4736328125,22.088983465619123],[79.47060546875002,22.09454987186912],[79.45849609375,22.17316315311912],[79.46347656250003,22.19135162968162],[79.491455078125,22.20380280155662],[79.5029296875,22.216424871869123],[79.51328125000003,22.233417059369117],[79.521240234375,22.251483465619117],[79.524658203125,22.264178778119117],[79.52529296875002,22.269549871869117],[79.52480468750002,22.273944403119117],[79.51318359375,22.28998444218162],[79.49257812500002,22.304706121869117],[79.47275390625003,22.31513092655662],[79.46396484375003,22.31867096561912],[79.46865234375002,22.338739324994123],[79.48105468750003,22.35871002811912],[79.498779296875,22.374872137494123],[79.51914062500003,22.383807684369117],[79.53271484375,22.385858465619123],[79.53964843750003,22.384393621869123],[79.5595703125,22.37018463749412],[79.57763671875,22.35370514530662],[79.589111328125,22.34894440311912],[79.59433593750003,22.359637762494117],[79.599365234375,22.36322662968162],[79.631591796875,22.38068268436912],[79.640380859375,22.389422918744117],[79.64453125,22.39447662968162],[79.646484375,22.400262762494123],[79.64892578125,22.411151434369117],[79.649658203125,22.433612371869117],[79.654541015625,22.442889715619117],[79.66943359375,22.45209381718162],[79.68115234375,22.45661041874412],[79.692138671875,22.45844147343162],[79.702880859375,22.45624420780662],[79.714111328125,22.44867584843162],[79.7431640625,22.417743231244117],[79.7578125,22.40595123905662],[79.778564453125,22.396844793744123],[79.8134765625,22.390643621869117],[79.83876953125002,22.379169012494117],[79.851318359375,22.37763092655662],[79.86220703125002,22.37958405155662],[79.88134765625,22.38861725468162],[79.89218750000003,22.390643621869117],[79.90419921875002,22.38971588749412],[79.93017578125,22.383807684369117],[79.94199218750003,22.38336823124412],[79.949462890625,22.38458893436912],[79.988037109375,22.398944403119117],[80.00087890625002,22.40180084843162],[80.00830078125,22.40058014530662],[80.01611328125,22.39667389530662],[80.02744140625003,22.395770574994117],[80.049560546875,22.396844793744123],[80.06171875000001,22.39337799686912],[80.067138671875,22.38483307499412],[80.069580078125,22.37384674686912],[80.07343750000001,22.36334869999412],[80.078125,22.358270574994123],[80.09072265625002,22.34772369999412],[80.093994140625,22.34223053593162],[80.09335937500003,22.336297918744123],[80.088134765625,22.32550690311912],[80.087158203125,22.32233307499412],[80.093994140625,22.27765534061912],[80.09042968750003,22.249774481244117],[80.08056640625,22.23517487186912],[80.065185546875,22.223651434369117],[80.046142578125,22.20502350468162],[80.036865234375,22.18537018436912],[80.03574218750003,22.16217682499412],[80.04248046875,22.13910553593162],[80.066650390625,22.104266668744117],[80.087158203125,22.04120514530662],[80.09169921875002,22.035663153119117],[80.09707031250002,22.030780340619117],[80.10263671875003,22.024286199994123],[80.10751953125003,22.01386139530662],[80.110595703125,22.00079987186912],[80.10751953125003,21.96918366093162],[80.1162109375,21.952020574994123],[80.15673828125,21.91852448124412],[80.169677734375,21.90460846561912],[80.17324218750002,21.884393621869123],[80.162841796875,21.81867096561912],[80.166015625,21.809198309369123],[80.18017578125,21.79596588749412],[80.18339843749999,21.784540106244123],[80.189697265625,21.654169012494123],[80.18857421875003,21.646258856244117],[80.18662109375003,21.639520574994123],[80.18222656250003,21.632586981244117],[80.1748046875,21.626581121869123],[80.1640625,21.62128327030662],[80.1083984375,21.60431549686912],[80.088623046875,21.59186432499412],[80.080322265625,21.571649481244123],[80.00507812500001,21.54840729374412],[79.98964843750002,21.547870184369117],[79.98476562500002,21.54840729374412],[79.97988281250002,21.55121491093162],[79.97861328125003,21.555682684369117],[79.978759765625,21.55988190311912],[79.97792968750002,21.562030340619117],[79.96533203125,21.562616278119123],[79.9453125,21.55634186405662],[79.93359375,21.554559637494123],[79.927001953125,21.55158112186912],[79.92373046875002,21.543963934369117],[79.92275390625002,21.523553778119123],[79.92392578125003,21.50177643436912],[79.92031250000002,21.494159246869117],[79.88037109375,21.44257233280662],[79.858154296875,21.42108795780662],[79.84169921875002,21.40936920780662],[79.80712890625,21.391864324994117],[79.79296875,21.37641022343162],[79.79296875,21.37335846561912],[79.779296875,21.321307684369117],[79.77490234375,21.31195709843162],[79.763916015625,21.29694244999412],[79.75380859375002,21.272333074994123],[79.751953125,21.263446356244117],[79.74814453125003,21.257586981244117],[79.73876953125,21.25372955936912],[79.72744140625002,21.25055573124412],[79.6943359375,21.23541901249412],[79.68994140625,21.232440496869117],[79.68808593750003,21.225360418744117],[79.68994140625,21.209002996869117],[79.68056640625002,21.18927643436912],[79.679443359375,21.174335028119117],[79.67490234375003,21.16193268436912],[79.63730468750003,21.14862702030662],[79.614013671875,21.12897369999412],[79.59873046875003,21.104510809369117],[79.6005859375,21.08222077030662],[79.59824218750003,21.07062409061912],[79.616455078125,21.03620026249412],[79.62158203125,21.016717840619123],[79.62587890625002,21.006366278119117],[79.64462890625003,20.986835028119117],[79.64892578125,20.97577545780662],[79.64804687500003,20.962030340619123],[79.64541015625002,20.951532293744123],[79.63466796875002,20.930780340619123],[79.610595703125,20.898309637494123],[79.606201171875,20.87982819218162],[79.623046875,20.85053131718162],[79.626708984375,20.833368231244123],[79.631591796875,20.824969793744117],[79.64785156250002,20.80292389530662],[79.65576171875,20.79425690311912],[79.688720703125,20.767840887494117],[79.81728515625002,20.691278387494123],[79.83505859375003,20.68610260624412],[79.90380859375,20.68183014530662],[79.924072265625,20.67169830936912],[79.93701171875,20.64960358280662],[79.925537109375,20.58527252811912],[79.923583984375,20.54975006718162],[79.9404296875,20.53412506718162],[79.943359375,20.515887762494117],[79.939697265625,20.435174871869123],[79.95429687500001,20.41681549686912],[79.9638671875,20.401141668744117],[79.959228515625,20.36579010624412],[79.94384765625,20.308221746869123],[79.95263671875,20.282831121869123],[79.97216796875,20.25311920780662],[79.984375,20.22504303593162],[79.9716796875,20.204608465619117],[79.959228515625,20.208270574994117],[79.94775390625,20.20368073124412],[79.93798828125,20.19440338749412],[79.93017578125,20.184100653119117],[79.921875,20.17035553593162],[79.92011718750001,20.16193268436912],[79.92275390625002,20.139422918744117],[79.94736328125003,20.124872137494123],[79.95429687500001,20.12201569218162],[79.96083984375002,20.11835358280662],[79.965576171875,20.10944244999412],[79.9716796875,20.088495184369123],[79.9755859375,20.04791901249412],[79.96474609375002,20.01178619999412],[79.94179687500002,19.984881903119117],[79.90966796875,19.971795965619123],[79.88496093750001,19.97772858280662],[79.87568359375001,19.99677155155662],[79.868896484375,20.01703522343162],[79.851318359375,20.02643463749412],[79.84130859375,20.030047918744117],[79.83095703125002,20.036737371869123],[79.82041015625003,20.04096100468162],[79.81005859375,20.03668854374412],[79.77841796875003,20.00787994999412],[79.7724609375,19.999139715619123],[79.770263671875,19.97992584843162],[79.77304687500003,19.95221588749412],[79.78164062500002,19.927362371869123],[79.79638671875,19.91657135624412],[79.79824218750002,19.90704987186912],[79.78515625,19.862323309369117],[79.778564453125,19.848260809369123],[79.773193359375,19.844501043744117],[79.75751953125001,19.838397528119117],[79.751953125,19.83405182499412],[79.747802734375,19.826678778119117],[79.74560546875,19.81867096561912],[79.74453125000002,19.79706452030662],[79.74755859375,19.77240631718162],[79.75527343750002,19.75470612186912],[79.7724609375,19.72479889530662],[79.78339843750001,19.682001043744123],[79.788818359375,19.642938543744123],[79.7978515625,19.607049871869123],[79.86376953125,19.51361725468162],[79.87851562500003,19.50568268436912],[79.90283203125,19.502460028119117],[79.91982421875002,19.493524481244123],[79.932373046875,19.480340887494123],[79.96201171875003,19.434833074994117],[79.968994140625,19.415887762494123],[79.9716796875,19.392694403119123],[79.9677734375,19.373553778119117],[79.96044921875,19.35516998905662],[79.95703125,19.335809637494123],[79.96425781250002,19.31391022343162],[79.94257812500001,19.28034088749412],[79.93564453125003,19.26471588749412],[79.93115234375,19.24933502811912],[79.92910156250002,19.23102448124412],[79.93056640625002,19.21198151249412],[79.93544921875002,19.19159577030662],[79.94384765625,19.16925690311912],[79.91933593750002,19.158465887494117],[79.89365234375003,19.137469793744117],[79.87265625000003,19.110370184369117],[79.86181640625,19.08112213749412],[79.86474609375,19.048456121869123],[79.88193359375003,19.042010809369117],[79.93359375,19.053241278119117],[79.94179687500002,19.038202215619123],[79.95429687500001,18.96845123905662],[79.96484375,18.935419012494123],[79.96425781250002,18.885614324994123],[79.96035156250002,18.867206121869117],[79.95009765625002,18.855340887494123],[79.91689453125002,18.826678778119117]]]}},{"type":"Feature","properties":{"rank":8},"geometry":{"type":"MultiLineString","coordinates":[[[82.0634765625,19.745624090619117],[82.099609375,19.765887762494117],[82.122802734375,19.76679108280662],[82.145751953125,19.75824616093162],[82.18056640625002,19.75006744999412],[82.22031250000003,19.75189850468162],[82.25751953125001,19.764178778119117],[82.29072265625001,19.78436920780662],[82.37255859375,19.86237213749412],[82.39306640625,19.87726471561912],[82.4296875,19.89667389530662],[82.4619140625,19.90302155155662],[82.49365234375,19.89862702030662],[82.55488281250001,19.87738678593162],[82.583740234375,19.87299225468162],[82.645751953125,19.873651434369123],[82.8212890625,19.909051824994123],[82.86337890625003,19.923602606244117],[82.93320312500003,19.93256256718162],[82.94257812500001,19.938104559369123],[82.94814453125002,19.94513580936912],[82.955322265625,19.95148346561912],[82.99257812500002,19.96796295780662],[83.00732421875,19.97858307499412],[83.02207031250003,19.99933502811912],[83.08583984375002,20.12396881718162],[83.11191406250003,20.14630768436912],[83.1806640625,20.181512762494123],[83.2080078125,20.199579168744123],[83.26279296875003,20.263055731244123],[83.36865234375,20.335565496869123],[83.39150390625002,20.356952215619117],[83.42841796875001,20.40216705936912],[83.4892578125,20.45392487186912],[83.50244140625,20.46185944218162],[83.51357421875002,20.464862371869117],[83.537109375,20.46430084843162],[83.54833984375,20.466571356244117],[83.56201171875,20.47504303593162],[83.60107421875,20.51032135624412],[83.67529296875,20.55121491093162],[83.71923828125,20.59674713749412],[83.72314453125,20.609393621869117],[83.718017578125,20.631219793744123],[83.7197265625,20.65350983280662],[83.761474609375,20.72699616093162],[83.782958984375,20.78449127811912],[83.80283203125003,20.80780670780662],[83.83408203125003,20.813739324994117],[83.85986328125,20.813104559369123],[83.89423828125001,20.817157293744117],[83.927978515625,20.82611725468162],[83.951416015625,20.84015534061912]]]}},{"type":"Feature","properties":{"rank":8},"geometry":{"type":"MultiLineString","coordinates":[[[97.148193359375,29.438739324994117],[97.14306640625,29.41522858280662],[97.142333984375,29.39276764530662],[97.14697265625,29.37128327030662],[97.17226562500002,29.325458074994117],[97.19189453125,29.26386139530662],[97.20664062500003,29.16669342655662],[97.21767578125002,29.13568756718162],[97.24257812500002,29.109979559369116],[97.2626953125,29.10236237186912],[97.306396484375,29.098749090619116],[97.327880859375,29.092157293744116],[97.3427734375,29.08295319218162],[97.35664062500001,29.071649481244116],[97.37919921874999,29.04791901249412],[97.397216796875,29.02252838749412],[97.43398437500002,28.939569403119116],[97.47617187500003,28.87506744999412],[97.48623046875002,28.85138580936912],[97.49062500000002,28.82379791874412],[97.486083984375,28.80121491093162],[97.46982421875003,28.752460028119117],[97.47226562500003,28.68915436405662],[97.46523437500002,28.66950104374412],[97.43544921875002,28.64252350468162],[97.39990234375,28.63190338749412],[97.32558593750002,28.62628815311912],[97.267822265625,28.60748932499412],[97.24677734375001,28.60822174686912],[97.2265625,28.61237213749412],[97.21298828125003,28.61298248905662],[97.199951171875,28.609979559369116],[97.14003906250002,28.584979559369117],[97.1083984375,28.56037018436912],[97.083984375,28.527606512494117]]]}},{"type":"Feature","properties":{"rank":8},"geometry":{"type":"MultiLineString","coordinates":[[[89.79072265625001,29.317889715619117],[89.84794921874999,29.240741278119117],[89.85585937500002,29.23395416874412],[89.872802734375,29.22626373905662],[89.927001953125,29.217303778119117],[89.94248046875003,29.209491278119117],[89.95888671875002,29.19708893436912],[90.00439453125,29.14923737186912],[90.0361328125,29.12995026249412],[90.05722656250003,29.11298248905662],[90.071044921875,29.10602448124412],[90.08652343750003,29.104510809369117],[90.10498046875,29.10980866093162],[90.120361328125,29.11981842655662],[90.13486328125003,29.131708074994116],[90.15009765625001,29.140741278119116],[90.168212890625,29.14240143436912],[90.17744140625001,29.140399481244117],[90.18212890625,29.13849518436912],[90.18603515625,29.13544342655662],[90.18789062500002,29.131708074994116],[90.18994140625,29.122577215619117],[90.19169921874999,29.119256903119116],[90.199951171875,29.11579010624412],[90.211181640625,29.11579010624412],[90.26123046875,29.124627996869116],[90.270751953125,29.124286199994117],[90.2783203125,29.121600653119117],[90.29248046875,29.11347077030662],[90.30068359375002,29.111102606244117],[90.31142578125002,29.112176824994116],[90.31669921874999,29.11737702030662],[90.3203125,29.124286199994117],[90.32705078125002,29.13056061405662],[90.3359375,29.131463934369116],[90.36513671875002,29.119256903119116]]]}},{"type":"Feature","properties":{"rank":8},"geometry":{"type":"MultiLineString","coordinates":[[[97.083984375,28.527606512494117],[97.064697265625,28.48456452030662],[97.050537109375,28.43500397343162],[97.04111328125003,28.379510809369116],[97.0380859375,28.32318756718162],[97.052001953125,28.18634674686912],[97.04433593750002,28.14740631718162],[96.99365234375,28.04767487186912],[96.98769531250002,28.026971746869116],[96.984619140625,27.97528717655662],[96.9794921875,27.958856512494116],[96.95937500000002,27.935809637494117],[96.927978515625,27.91412994999412],[96.893310546875,27.899188543744117],[96.864013671875,27.896258856244117],[96.84580078125003,27.90399811405662],[96.82187500000003,27.92890045780662],[96.807373046875,27.94000885624412],[96.784423828125,27.94867584843162],[96.711181640625,27.96564362186912],[96.685791015625,27.97955963749412],[96.5908203125,28.07306549686912],[96.57421875,28.085321356244116],[96.55224609375,28.091913153119116],[96.513671875,28.08930084843162],[96.48037109375002,28.073846746869116],[96.45302734375002,28.04840729374412],[96.432861328125,28.01581452030662],[96.42587890625003,27.983514715619116],[96.423828125,27.94733307499412],[96.417236328125,27.91474030155662],[96.39667968750001,27.89350006718162],[96.377197265625,27.889911199994117],[96.318603515625,27.90216705936912],[96.30117187500002,27.90241119999412],[96.2509765625,27.896014715619117],[96.191162109375,27.902850653119117],[96.16044921874999,27.906024481244117],[96.14501953125,27.90595123905662],[96.12900390625003,27.90412018436912],[96.09462890625002,27.895624090619116],[95.91269531250003,27.822040106244117],[95.88759765625002,27.816669012494117],[95.876953125,27.81769440311912],[95.869384765625,27.821063543744117],[95.861328125,27.823114324994116],[95.849609375,27.819940496869116],[95.79599609375003,27.79535553593162],[95.76523437500003,27.770282293744117],[95.75234375000002,27.766473699994116],[95.7392578125,27.76752350468162],[95.73291015625,27.77191803593162],[95.72802734375,27.77765534061912],[95.72011718750002,27.78278229374412],[95.64111328125,27.808710028119116],[95.624267578125,27.81012604374412],[95.568603515625,27.80695221561912],[95.55332031250003,27.812127996869116],[95.53925781250001,27.818866278119117],[95.520263671875,27.82343170780662],[95.50136718750002,27.82111237186912],[95.48671875000002,27.81635162968162],[95.47666015625003,27.818133856244117],[95.47216796875,27.83527252811912],[95.45947265625,27.843866278119116]]]}},{"type":"Feature","properties":{"rank":7},"geometry":{"type":"MultiLineString","coordinates":[[[99.14931640625002,14.410516668744123],[99.139892578125,14.423114324994117],[99.0986328125,14.46942780155662],[99.07958984375,14.49420807499412],[99.062255859375,14.531512762494117],[99.04990234375003,14.57367584843162],[99.0400390625,14.71442291874412],[99.03359375000002,14.741717840619117],[99.03330078125003,14.764032293744123],[99.03701171875002,14.788446356244123],[99.03662109375,14.81037018436912],[99.03750000000002,14.826288153119123],[99.043212890625,14.843524481244117],[99.05312500000002,14.85858795780662],[99.0615234375,14.874872137494123],[99.06875000000002,14.890643621869117],[99.08964843749999,14.906366278119123],[99.108642578125,14.92255280155662],[99.10292968750002,14.94110748905662],[99.09130859375,14.96637604374412],[99.08457031250003,14.98908112186912],[99.07412109375002,15.00360748905662],[99.059814453125,15.015643621869117],[99.04580078125002,15.032733465619117],[99.03916015625003,15.04364655155662]]]}},{"type":"Feature","properties":{"rank":7},"geometry":{"type":"MultiLineString","coordinates":[[[98.8916015625,16.175653387494123],[98.887939453125,16.10382721561912],[98.88095703125003,16.093133856244123],[98.86767578125,16.086932684369117],[98.85605468750003,16.071307684369117],[98.85107421875,16.051141668744123],[98.857421875,16.03107330936912],[98.8359375,16.01911041874412],[98.82343750000001,16.007928778119123],[98.81787109375,15.99384186405662],[98.81640625,15.973016668744123],[98.82363281250002,15.906122137494123],[98.82949218750002,15.887713934369117],[98.850341796875,15.859979559369123],[98.85761718750001,15.84149811405662],[98.84677734375003,15.83307526249412],[98.839111328125,15.822137762494123],[98.80898437500002,15.764178778119117],[98.810302734375,15.749042059369117],[98.8203125,15.714129949994117],[98.82265625000002,15.692157293744117],[98.828857421875,15.677118231244123],[98.88251953125001,15.610858465619117],[98.89443359375002,15.590448309369123],[98.89707031250003,15.57294342655662],[98.83310546875003,15.53925202030662],[98.82265625000002,15.531366278119123],[98.81689453125,15.515985418744123],[98.820068359375,15.500995184369117],[98.826171875,15.48493073124412],[98.832763671875,15.447772528119117],[98.841064453125,15.434686590619123],[98.8642578125,15.41474030155662],[98.8876953125,15.38422272343162],[98.899658203125,15.362567449994117],[98.89501953125,15.352655340619123],[98.88593750000001,15.343768621869117],[98.890869140625,15.32330963749412],[98.90224609375002,15.300409246869123],[98.91259765625,15.28436920780662],[98.90156250000001,15.27387116093162],[98.903564453125,15.26141998905662],[98.91884765625002,15.229754949994117],[98.92080078125002,15.211053778119123],[98.92011718750001,15.193377996869117],[98.92236328125,15.176629949994123],[98.93251953125002,15.16083405155662],[98.93916015625001,15.15851471561912],[98.95947265625,15.15656159061912],[98.96591796875003,15.154071356244117],[98.968994140625,15.147333074994123],[98.97402343750002,15.119891668744117],[98.98505859375001,15.09674713749412],[98.991943359375,15.08746979374412],[99.03916015625003,15.04364655155662]],[[99.14931640625002,14.410516668744123],[99.153076171875,14.40851471561912],[99.154541015625,14.40460846561912],[99.155517578125,14.39935944218162],[99.15839843750001,14.393670965619123],[99.16054687500002,14.38812897343162],[99.16269531250003,14.37250397343162],[99.165283203125,14.36640045780662],[99.17138671875,14.36139557499412],[99.18701171875,14.355731512494117],[99.19248046875003,14.35211823124412],[99.20859375000003,14.32221100468162],[99.216796875,14.31793854374412],[99.224609375,14.305438543744117],[99.239501953125,14.246942449994123],[99.247802734375,14.22919342655662],[99.23847656250001,14.21369049686912],[99.24501953125002,14.19818756718162],[99.25888671875003,14.186151434369123],[99.27138671875002,14.181415106244117],[99.27656250000001,14.178241278119117],[99.28701171875002,14.16412994999412],[99.29208984375003,14.16095612186912],[99.329833984375,14.14667389530662],[99.340576171875,14.140643621869117],[99.3603515625,14.12592194218162],[99.371337890625,14.11994049686912],[99.4072265625,14.113055731244117],[99.416015625,14.109149481244117],[99.431640625,14.09503815311912],[99.43740234375002,14.086297918744123],[99.439697265625,14.074969793744117],[99.44541015625003,14.06427643436912],[99.45849609375,14.062030340619117],[99.48056640625003,14.064715887494117],[99.48408203125001,14.06598541874412],[99.4892578125,14.06928131718162],[99.49521484375003,14.072040106244117],[99.501708984375,14.071551824994117],[99.50244140625,14.06806061405662],[99.5009765625,14.05487702030662],[99.501708984375,14.05109284061912],[99.52333984375002,14.034295965619123],[99.52773437500002,14.03400299686912],[99.53544921874999,14.01654694218162],[99.55410156250002,13.99884674686912],[99.576904296875,13.98407623905662],[99.59726562500003,13.975360418744117],[99.62832031250002,13.971795965619123],[99.63759765625002,13.969110418744123],[99.64443359375002,13.96332428593162],[99.661376953125,13.945086981244117],[99.6689453125,13.94122955936912],[99.7412109375,13.94867584843162],[99.74619140625003,13.951678778119117],[99.750244140625,13.95709869999412],[99.75507812500001,13.96149323124412],[99.76171875,13.961688543744117],[99.76650390625002,13.95734284061912],[99.767333984375,13.95172760624412],[99.76513671875,13.947870184369123],[99.76171875,13.94867584843162],[99.765869140625,13.94257233280662],[99.775390625,13.92072174686912],[99.796630859375,13.89642975468162],[99.8232421875,13.872919012494123],[99.8681640625,13.846942449994117],[99.87783203125002,13.83197662968162],[99.88037109375,13.810907293744123],[99.874267578125,13.78986237186912],[99.85107421875,13.749383856244123],[99.85683593750002,13.74079010624412],[99.86376953125,13.724237371869123],[99.865234375,13.70819733280662],[99.8544921875,13.70099518436912],[99.8388671875,13.696063543744117],[99.83203125,13.68353912968162],[99.83046875000002,13.667108465619123],[99.83056640625,13.650409246869117],[99.8271484375,13.64130280155662],[99.81201171875,13.61762116093162],[99.8095703125,13.60602448124412],[99.813232421875,13.60028717655662],[99.82753906250002,13.59296295780662],[99.83056640625,13.588641668744117],[99.82929687500001,13.56354401249412],[99.83056640625,13.557635809369117],[99.838623046875,13.550799871869117],[99.868896484375,13.533710028119117],[99.8818359375,13.53034088749412],[99.90283203125,13.531024481244117],[99.91015625,13.52619049686912],[99.9228515625,13.512958074994117],[99.95615234375003,13.449335028119123],[99.97705078125,13.42121002811912],[100.00136718750002,13.42047760624412],[99.997802734375,13.395379949994123],[99.99794921875002,13.38373444218162],[100.00136718750002,13.37201569218162]]]}},{"type":"Feature","properties":{"rank":7},"geometry":{"type":"MultiLineString","coordinates":[[[100.55185546875003,17.77655670780662],[100.54013671875003,17.796747137494123],[100.52500000000003,17.82611725468162],[100.511474609375,17.844256903119117],[100.48779296875,17.86334869999412],[100.470703125,17.88690827030662],[100.47412109375,17.910516668744123],[100.48583984375,17.937518621869117],[100.52626953125002,17.99738190311912],[100.544921875,18.01276276249412],[100.56845703125003,18.02716705936912],[100.590576171875,18.036004949994123],[100.61259765624999,18.039667059369123]]]}},{"type":"Feature","properties":{"rank":7},"geometry":{"type":"MultiLineString","coordinates":[[[101.1806640625,19.32758209843162],[101.1728515625,19.34393952030662],[101.162109375,19.415057684369117],[101.15234375,19.446161199994123],[101.11181640625,19.51312897343162],[101.10107421875,19.52399323124412],[101.074951171875,19.541620184369123],[101.06396484375,19.554071356244123],[101.05712890625,19.554071356244123],[101.046875,19.541131903119123],[101.02744140625003,19.52472565311912],[101.005615234375,19.51618073124412],[100.98818359375002,19.52680084843162],[100.98134765625002,19.52680084843162],[100.97265625,19.51715729374412],[100.96259765625001,19.515497137494123],[100.932373046875,19.52106354374412],[100.926513671875,19.52423737186912],[100.921630859375,19.525897528119117],[100.916259765625,19.52301666874412],[100.8876953125,19.49970123905662],[100.87978515625002,19.485711981244123],[100.873779296875,19.46979401249412],[100.87148437500002,19.457879949994123],[100.875244140625,19.44428131718162],[100.88134765625,19.431024481244123],[100.883544921875,19.420917059369117],[100.85400390625,19.404901434369123],[100.84628906250003,19.37689850468162],[100.846923828125,19.34479401249412],[100.8544921875,19.29218170780662],[100.850341796875,19.263934637494117],[100.837890625,19.240106512494123],[100.81630859375002,19.22516510624412],[100.81630859375002,19.21771881718162],[100.82382812500003,19.214374090619117],[100.82919921875003,19.20856354374412],[100.83740234375,19.19098541874412],[100.82177734375,19.18256256718162],[100.81455078125003,19.172967840619123],[100.80898437500002,19.12506744999412],[100.78964843750003,19.07367584843162],[100.78750000000002,19.05524323124412],[100.78964843750003,19.012225653119117],[100.77656250000001,18.960077215619123],[100.77597656250003,18.943963934369123],[100.78037109375003,18.925799871869117],[100.78867187500003,18.909051824994123],[100.799072265625,18.894305731244117],[100.81005859375,18.88190338749412],[100.81943359375003,18.87824127811912],[100.82802734375002,18.88080475468162],[100.834228515625,18.88043854374412],[100.83740234375,18.86823151249412],[100.81005859375,18.84833405155662],[100.80517578125,18.83319733280662],[100.800537109375,18.795184637494117],[100.7958984375,18.77948639530662],[100.77587890625,18.75372955936912],[100.76884765624999,18.73688385624412],[100.77597656250003,18.724237371869123],[100.76845703125002,18.720819403119123],[100.76162109375002,18.716815496869117],[100.76230468750003,18.71246979374412],[100.76308593750002,18.71161530155662],[100.764892578125,18.711786199994123],[100.76845703125002,18.710565496869123],[100.76279296875003,18.69989655155662],[100.763671875,18.689569403119123],[100.76884765624999,18.679559637494123],[100.77597656250003,18.67023346561912],[100.76162109375002,18.66278717655662],[100.77187500000002,18.65790436405662],[100.77597656250003,18.65656159061912],[100.7626953125,18.64130280155662],[100.767578125,18.594501043744117],[100.76162109375002,18.57343170780662],[100.76601562500002,18.57208893436912],[100.76914062500003,18.57062409061912],[100.771484375,18.568963934369123],[100.77294921875,18.567157293744117],[100.77412109375001,18.56305573124412],[100.77451171875003,18.55292389530662],[100.77597656250003,18.54669830936912],[100.7958984375,18.50885651249412],[100.80126953125,18.50299713749412],[100.82509765625002,18.49787018436912],[100.83056640625,18.494891668744117],[100.834228515625,18.46051666874412],[100.83740234375,18.45050690311912],[100.85302734375,18.422137762494117],[100.86240234375003,18.399530340619123],[100.861328125,18.389032293744123],[100.87490234375002,18.381708074994123],[100.88779296875003,18.364276434369117],[100.89697265625,18.343866278119123],[100.89951171875003,18.32758209843162],[100.89052734375002,18.30866119999412],[100.86347656250001,18.293573309369123],[100.85791015625,18.27606842655662],[100.853759765625,18.253924871869117],[100.84414062500002,18.239520574994117],[100.832763671875,18.226922918744123],[100.82373046875,18.210321356244123],[100.81982421875,18.18842194218162],[100.81972656250002,18.169940496869117],[100.8173828125,18.15363190311912],[100.806640625,18.138299871869123],[100.70332031250001,18.050409246869123],[100.673095703125,18.03766510624412],[100.6455078125,18.04645416874412],[100.637451171875,18.04218170780662],[100.62783203125002,18.040545965619117],[100.61259765624999,18.039667059369123]],[[100.55185546875003,17.77655670780662],[100.5556640625,17.77081940311912],[100.56044921875002,17.76679108280662],[100.56679687500002,17.765252996869123],[100.5673828125,17.75946686405662],[100.55136718750003,17.74725983280662],[100.53212890625002,17.73627350468162],[100.522705078125,17.734247137494123],[100.50527343750002,17.718768621869117],[100.46728515625,17.706805731244117],[100.43115234375,17.70587799686912],[100.4189453125,17.72370026249412],[100.412841796875,17.72370026249412],[100.405517578125,17.713885809369117],[100.397216796875,17.71124909061912],[100.38974609375003,17.71491119999412],[100.38486328125003,17.72370026249412],[100.37109375,17.695575262494117],[100.351318359375,17.680194403119117],[100.25537109375,17.644159246869123],[100.23779296875,17.64179108280662],[100.22763671875003,17.643329168744117],[100.22255859375002,17.64801666874412],[100.220703125,17.65546295780662],[100.220458984375,17.665643621869123],[100.21689453125003,17.66669342655662],[100.193115234375,17.669061590619123],[100.1474609375,17.65582916874412],[100.12636718750002,17.645868231244123],[100.117431640625,17.63117096561912],[100.114501953125,17.627460028119117],[100.1083984375,17.62213776249412],[100.10361328125003,17.613788153119117],[100.10439453125002,17.60077545780662],[100.10976562500002,17.59613678593162],[100.13857421875002,17.58026764530662],[100.131103515625,17.559833074994117],[100.127197265625,17.56256744999412],[100.117431640625,17.567254949994123],[100.11347656250001,17.54950592655662],[100.11660156250002,17.53693268436912],[100.1220703125,17.52313873905662],[100.1279296875,17.48114655155662],[100.13916015625,17.444354559369117],[100.13857421875002,17.42951080936912],[100.13232421875,17.421649481244117],[100.12460937500003,17.420184637494117],[100.116943359375,17.419940496869117],[100.110595703125,17.41583893436912],[100.11044921875003,17.40692780155662],[100.11572265625,17.398065496869123],[100.11767578125,17.391229559369123],[100.10751953125003,17.38849518436912],[100.08632812500002,17.376971746869117],[100.080078125,17.37482330936912],[100.07236328125003,17.369745184369123],[100.06943359375003,17.357782293744123],[100.07021484375002,17.333270574994117],[100.07382812500003,17.31415436405662],[100.087158203125,17.283954168744117],[100.09003906250001,17.26874420780662],[100.084716796875,17.250995184369117],[100.07363281250002,17.237909246869123],[100.06396484375,17.223749090619123],[100.06337890625002,17.20294830936912],[100.07753906250002,17.172479559369123],[100.10166015625003,17.143670965619123],[100.16660156250003,17.084979559369117],[100.17724609375,17.07025787968162],[100.18027343750003,17.056756903119123],[100.16513671875003,17.05206940311912],[100.16513671875003,17.045917059369117],[100.17666015625002,17.04144928593162],[100.199951171875,17.024774481244123],[100.199951171875,17.018573309369117],[100.186279296875,17.018573309369117],[100.186279296875,17.011102606244123],[100.201171875,17.001483465619117],[100.2080078125,16.98822662968162],[100.21259765625001,16.97284577030662],[100.220458984375,16.95648834843162],[100.20673828125001,16.95648834843162],[100.20673828125001,16.949725653119117],[100.21748046875001,16.943963934369123],[100.21884765625003,16.93451569218162],[100.21767578125002,16.92243073124412],[100.220458984375,16.908710028119117],[100.22412109375,16.90631744999412],[100.23759765624999,16.902606512494117],[100.24091796875001,16.901239324994123],[100.24843750000002,16.87457916874412],[100.247802734375,16.869647528119117],[100.24355468750002,16.866229559369117],[100.23974609375,16.86188385624412],[100.24091796875001,16.85407135624412],[100.258056640625,16.84845612186912],[100.261962890625,16.84662506718162],[100.26845703125002,16.83832428593162],[100.27236328125002,16.83087799686912],[100.27285156250002,16.82294342655662],[100.26884765624999,16.813104559369123],[100.25937500000003,16.804950262494117],[100.24853515625,16.80341217655662],[100.23720703125002,16.803241278119117],[100.227294921875,16.79889557499412],[100.21767578125002,16.78693268436912],[100.21689453125003,16.777704168744123],[100.23779296875,16.74017975468162],[100.282470703125,16.68280670780662],[100.27724609375002,16.674188543744123],[100.27500000000003,16.66913483280662],[100.26884765624999,16.66913483280662],[100.2548828125,16.676629949994123],[100.25390625,16.66058991093162],[100.261962890625,16.62445709843162],[100.26083984375003,16.61298248905662],[100.25576171875002,16.59357330936912],[100.254638671875,16.583514715619117],[100.256103515625,16.57221100468162],[100.261962890625,16.550897528119123],[100.261962890625,16.53815338749412],[100.271484375,16.54254791874412],[100.27500000000003,16.54498932499412],[100.279296875,16.539178778119123],[100.281494140625,16.53266022343162],[100.282470703125,16.51459381718162],[100.28671875000003,16.510126043744123],[100.296142578125,16.51141998905662],[100.30556640625002,16.51605866093162],[100.31396484375,16.525751043744123],[100.32285156250003,16.524676824994117],[100.33212890625003,16.521112371869123],[100.337158203125,16.518329168744117],[100.339111328125,16.50971100468162],[100.33652343750003,16.486835028119117],[100.337158203125,16.47736237186912],[100.34462890625002,16.46185944218162],[100.3818359375,16.418719793744117],[100.390380859375,16.40302155155662],[100.388427734375,16.38934967655662],[100.384033203125,16.37396881718162],[100.38486328125003,16.35321686405662],[100.388916015625,16.35101959843162],[100.39599609375,16.351190496869123],[100.40292968750003,16.348260809369123],[100.40810546875002,16.32636139530662],[100.4169921875,16.307977606244123],[100.4189453125,16.302020574994117],[100.42587890625003,16.250506903119117],[100.426513671875,16.23029205936912],[100.423583984375,16.21027252811912],[100.41464843750003,16.181903387494117],[100.40273437500002,16.110956121869123],[100.40595703125001,16.09992096561912],[100.40595703125001,16.093133856244123],[100.38876953125003,16.06769440311912],[100.375244140625,16.03778717655662],[100.3564453125,16.009784246869117],[100.32343750000001,15.990106512494123],[100.327392578125,15.980829168744123],[100.320556640625,15.969842840619123],[100.302978515625,15.94916412968162],[100.2998046875,15.93732330936912],[100.296142578125,15.89728424686912],[100.28867187500003,15.88971588749412],[100.255859375,15.875018621869117],[100.24843750000002,15.863788153119117],[100.2509765625,15.83576080936912],[100.24746093750002,15.82562897343162],[100.23476562500002,15.81879303593162],[100.23671875000002,15.81598541874412],[100.23720703125002,15.81488678593162],[100.238037109375,15.81403229374412],[100.24091796875001,15.81195709843162],[100.24091796875001,15.80573151249412],[100.23818359375002,15.80390045780662],[100.23671875000002,15.80402252811912],[100.23574218750002,15.803094793744123],[100.23476562500002,15.79828522343162],[100.227294921875,15.79828522343162],[100.22509765625,15.80280182499412],[100.22216796875,15.80768463749412],[100.220458984375,15.81195709843162],[100.21425781250002,15.81195709843162],[100.21748046875001,15.80231354374412],[100.224609375,15.79559967655662],[100.23164062500001,15.792108465619123],[100.23476562500002,15.792108465619123],[100.23291015625,15.78156159061912],[100.22802734375,15.77850983280662],[100.22294921874999,15.776141668744117],[100.220458984375,15.767596746869117],[100.21728515625,15.76239655155662],[100.203125,15.75690338749412],[100.199951171875,15.753924871869117],[100.19638671875003,15.754657293744117],[100.18857421875003,15.747821356244117],[100.18154296875002,15.739764715619117],[100.179443359375,15.73688385624412],[100.14072265625003,15.706561590619117]]]}},{"type":"Feature","properties":{"rank":7},"geometry":{"type":"MultiLineString","coordinates":[[[75.667236328125,22.47321198124412],[75.65761718750002,22.47516510624412],[75.65009765625001,22.477801824994117],[75.6337890625,22.486835028119117],[75.602783203125,22.51044342655662],[75.59521484375,22.514178778119117],[75.583740234375,22.52301666874412],[75.55810546875,22.566669012494117],[75.54433593750002,22.58307526249412],[75.516845703125,22.595819403119123],[75.51015625000002,22.602899481244123],[75.50722656250002,22.61139557499412],[75.50429687500002,22.625262762494117],[75.50341796875,22.638202215619117],[75.50673828125002,22.64386627811912],[75.509765625,22.65534088749412],[75.50332031250002,22.726434637494123],[75.47314453125,22.79120514530662],[75.46865234375002,22.81207916874412],[75.51015625000002,23.062860418744123],[75.51357421875002,23.07208893436912],[75.522705078125,23.09003327030662],[75.52451171875,23.09699127811912],[75.52236328125002,23.10895416874412],[75.512451171875,23.130389715619117],[75.51015625000002,23.141376043744117],[75.50830078125,23.186297918744117],[75.50429687500002,23.20795319218162],[75.49648437500002,23.226678778119123],[75.47216796875,23.25250885624412],[75.460546875,23.26923248905662],[75.45556640625,23.291864324994123],[75.450439453125,23.30609772343162],[75.4140625,23.350213934369123],[75.401123046875,23.370624090619117],[75.392578125,23.389667059369117],[75.38808593750002,23.41034577030662],[75.38662109375002,23.435565496869117],[75.3931640625,23.45551178593162],[75.39501953125,23.46771881718162],[75.39003906250002,23.47308991093162],[75.3662109375,23.50787994999412],[75.35458984375,23.54389069218162],[75.35878906250002,23.672381903119117],[75.35458984375,23.69452545780662],[75.34414062500002,23.71576569218162],[75.32822265625,23.72638580936912],[75.3076171875,23.71674225468162],[75.29335937500002,23.71564362186912],[75.28066406250002,23.73261139530662],[75.27197265625,23.75617096561912],[75.26992187500002,23.774774481244123],[75.27871093750002,23.79694244999412],[75.29296875,23.80182526249412],[75.335205078125,23.79523346561912],[75.349609375,23.802362371869123],[75.35927734375002,23.81891510624412],[75.3662109375,23.837420965619117],[75.373046875,23.85053131718162],[75.426025390625,23.892206121869123],[75.454345703125,23.907733465619117],[75.46337890625,23.929803778119123],[75.46923828125,23.95502350468162],[75.47607421875,23.973993231244123],[75.50302734375,24.01434967655662],[75.51308593750002,24.03607819218162],[75.51699218750002,24.059344793744117],[75.51171875,24.07562897343162],[75.48583984375,24.11383698124412],[75.47607421875,24.12482330936912],[75.4625,24.13397858280662],[75.45068359375,24.139276434369123],[75.43955078125,24.147577215619123],[75.42763671875002,24.16583893436912],[75.41425781250001,24.19867584843162],[75.4052734375,24.209833074994123],[75.385498046875,24.222528387494123]],[[75.50722656250002,24.74396393436912],[75.5689453125,24.66754791874412],[75.58134765625002,24.647723699994117]],[[75.57167968750002,24.918719793744117],[75.554443359375,24.94733307499412],[75.57363281250002,24.97113678593162],[75.6337890625,25.00873444218162],[75.718994140625,25.08344147343162],[75.742919921875,25.11115143436912],[75.73291015625,25.12152741093162],[75.7349609375,25.13080475468162],[75.744140625,25.138788153119123],[75.75595703125,25.145282293744117],[75.7662109375,25.148700262494117],[75.7740234375,25.148309637494123],[75.7822265625,25.146356512494123],[75.794189453125,25.145282293744117],[75.80712890625,25.15497467655662],[75.8453125,25.21417877811912],[75.90439453125,25.27326080936912],[75.917724609375,25.28302643436912],[75.930908203125,25.283710028119117],[75.93544921875002,25.28082916874412],[75.9453125,25.272479559369117],[75.9517578125,25.26373932499412],[75.9638671875,25.240350653119123],[75.969482421875,25.234637762494117],[75.986328125,25.23749420780662],[76.00429687500002,25.25018952030662],[76.018310546875,25.266229559369123],[76.02412109375001,25.27936432499412],[76.02294921875,25.32184479374412],[76.032470703125,25.33344147343162],[76.05820312500003,25.344501043744117],[76.06337890625002,25.347772528119123],[76.06689453125,25.355487371869117],[76.07187500000003,25.358172918744117],[76.076171875,25.356317449994123],[76.088623046875,25.34662506718162],[76.093017578125,25.344501043744117],[76.10488281250002,25.346063543744123],[76.119140625,25.35040924686912],[76.1298828125,25.351336981244117],[76.140869140625,25.35468170780662],[76.138427734375,25.362909246869123],[76.130859375,25.37287018436912],[76.12646484375,25.381708074994123],[76.12783203125002,25.390252996869123],[76.16748046875,25.48285553593162],[76.177734375,25.498407293744123],[76.18603515625,25.501727606244117],[76.211669921875,25.50079987186912],[76.22275390625003,25.50214264530662],[76.228271484375,25.506610418744117],[76.2333984375,25.51325104374412],[76.24082031250003,25.51935455936912],[76.253173828125,25.52204010624412],[76.2705078125,25.52948639530662],[76.27714843749999,25.547235418744123],[76.27919921875002,25.61066315311912],[76.28359375000002,25.62738678593162],[76.29335937500002,25.64130280155662],[76.3115234375,25.659198309369117],[76.297119140625,25.67438385624412],[76.28525390625003,25.69159577030662],[76.284912109375,25.70795319218162],[76.3046875,25.72064850468162],[76.322265625,25.714471746869123],[76.34228515625,25.732684637494117],[76.36328125,25.75690338749412],[76.3837890625,25.769061590619117],[76.39707031250003,25.771356512494123],[76.433837890625,25.78522369999412],[76.445556640625,25.79328034061912],[76.46328125000002,25.81427643436912],[76.46982421875003,25.82428619999412],[76.4765625,25.83795807499412],[76.46914062500002,25.84418366093162],[76.4873046875,25.85162994999412],[76.509765625,25.85346100468162],[76.55478515625003,25.85162994999412],[76.55927734375001,25.854364324994123],[76.582763671875,25.875506903119117],[76.59189453125003,25.88068268436912],[76.610595703125,25.88153717655662],[76.62060546875,25.885126043744123],[76.62744140625,25.893085028119117],[76.63623046875,25.91425202030662],[76.64101562500002,25.92047760624412],[76.65175781250002,25.92267487186912],[76.704345703125,25.91876862186912],[76.715576171875,25.916131903119123],[76.72705078125,25.91632721561912],[76.739990234375,25.92328522343162],[76.75996093750001,25.945917059369123],[76.770263671875,25.95404694218162],[76.779052734375,25.95795319218162],[76.78769531250003,25.96027252811912],[76.79599609375003,25.964618231244117],[76.80429687500003,25.974481512494123],[76.80751953125002,25.98541901249412],[76.80751953125002,25.99689362186912],[76.808837890625,26.008319403119117],[76.8154296875,26.01886627811912],[76.87324218750001,26.052020574994117],[76.887451171875,26.06391022343162],[76.89267578125003,26.073749090619117],[76.895263671875,26.08258698124412],[76.89912109375001,26.09076569218162],[76.907958984375,26.098651434369117],[76.9375,26.10431549686912],[76.945556640625,26.10822174686912],[76.95986328125002,26.122919012494116],[76.96933593750003,26.12946198124412],[76.99179687500003,26.13593170780662],[76.99863281250003,26.14508698124412],[77.003662109375,26.15631744999412],[77.01035156250003,26.166278387494117],[77.01894531250002,26.17169830936912],[77.049072265625,26.184344793744117],[77.06191406250002,26.186786199994117],[77.07568359375,26.184588934369117],[77.082275390625,26.185321356244117],[77.08984375,26.19049713749412],[77.09492187500001,26.198749090619117],[77.09707031250002,26.21491119999412],[77.099853515625,26.22150299686912],[77.124755859375,26.237909246869116],[77.15234375,26.239618231244116],[77.18105468750002,26.237420965619116],[77.209716796875,26.24201080936912],[77.23007812500003,26.26251862186912],[77.254150390625,26.27472565311912],[77.266357421875,26.28449127811912],[77.28115234375002,26.29425690311912],[77.2880859375,26.300067449994117],[77.29443359375,26.30829498905662],[77.30136718750003,26.324481512494117],[77.30517578125,26.33136627811912],[77.32333984375003,26.352069403119117],[77.335693359375,26.36115143436912],[77.349609375,26.36493561405662],[77.38046875000003,26.36420319218162],[77.39501953125,26.366229559369117],[77.40761718750002,26.37238190311912],[77.4150390625,26.36493561405662],[77.43125000000003,26.37372467655662],[77.432373046875,26.386249090619117],[77.431396484375,26.40021393436912],[77.44179687500002,26.413348699994117],[77.45957031250003,26.41681549686912],[77.49990234375002,26.41168854374412],[77.514404296875,26.41644928593162],[77.52597656250003,26.42633698124412],[77.56533203125002,26.44745514530662],[77.61679687500003,26.483026434369116],[77.631103515625,26.488397528119116],[77.645751953125,26.49054596561912],[77.68076171875003,26.49994537968162],[77.69931640625003,26.502069403119116],[77.71503906250001,26.50604889530662],[77.7265625,26.51557037968162],[77.74404296875002,26.53620026249412],[77.772705078125,26.54852936405662],[77.80898437500002,26.559344793744117],[77.83144531250002,26.575799871869116],[77.81904296875001,26.605096746869116],[77.869873046875,26.619403387494117],[77.880615234375,26.625604559369116],[77.88593750000001,26.63422272343162],[77.88906250000002,26.65167877811912],[77.89423828125001,26.65973541874412],[77.902587890625,26.664081121869117],[77.91357421875,26.66608307499412],[77.93212890625,26.66657135624412],[77.949951171875,26.66986725468162],[77.978271484375,26.68439362186912],[78.003662109375,26.693866278119117],[78.01279296875003,26.69562409061912],[78.021484375,26.69110748905662],[78.029052734375,26.685321356244117],[78.03828125000001,26.68183014530662],[78.048828125,26.680292059369116],[78.05927734375001,26.68024323124412],[78.07929687500001,26.682977606244116],[78.08505859375003,26.689471746869117],[78.0849609375,26.70160553593162],[78.08730468750002,26.721210028119117],[78.09003906250001,26.728045965619117],[78.09853515625002,26.74103424686912],[78.100341796875,26.742938543744117],[78.099853515625,26.75348541874412],[78.09423828125,26.77033112186912],[78.0927734375,26.77985260624412],[78.10117187500003,26.795184637494117],[78.119873046875,26.794696356244117],[78.15146484375003,26.78327057499412],[78.1650390625,26.792010809369117],[78.1689453125,26.82221100468162],[78.18222656250003,26.817401434369117],[78.20419921875003,26.82477448124412],[78.21923828125,26.82391998905662],[78.23378906250002,26.819842840619117],[78.2548828125,26.817401434369117],[78.258056640625,26.82135651249412],[78.272216796875,26.84467194218162],[78.2802734375,26.85150787968162],[78.28603515625002,26.85492584843162],[78.32607421875002,26.859881903119117],[78.3505859375,26.858514715619116],[78.371337890625,26.851092840619117],[78.38486328125003,26.82684967655662],[78.39599609375,26.824237371869117],[78.418701171875,26.824823309369116],[78.427978515625,26.82257721561912],[78.43349609375002,26.81671784061912],[78.438232421875,26.80878327030662],[78.446044921875,26.79999420780662],[78.46152343750003,26.792352606244116],[78.49863281250003,26.78827545780662],[78.51806640625,26.78327057499412],[78.5634765625,26.758563543744117],[78.583251953125,26.75592682499412],[78.59521484375,26.75849030155662],[78.6015625,26.764422918744117],[78.60654296875003,26.77118561405662],[78.6142578125,26.77643463749412],[78.62255859375,26.777362371869117],[78.642578125,26.77521393436912],[78.65517578125002,26.77643463749412],[78.69326171875002,26.79791901249412],[78.71005859375003,26.798944403119116],[78.72412109375,26.77643463749412],[78.73427734375002,26.78546784061912],[78.745361328125,26.78925202030662],[78.75449218750003,26.785760809369116],[78.75820312500002,26.77301666874412],[78.761962890625,26.765252996869116],[78.770751953125,26.76361725468162],[78.781982421875,26.763934637494117],[78.79248046875,26.76215241093162],[78.81201171875,26.74774811405662],[78.84228515625,26.71198151249412],[78.861328125,26.701288153119116],[78.87343750000002,26.70062897343162],[78.905029296875,26.70819733280662],[78.91933593750002,26.707879949994116],[78.926025390625,26.70624420780662],[78.935791015625,26.69452545780662],[78.937744140625,26.687030340619117],[78.937744140625,26.67780182499412],[78.941162109375,26.66986725468162],[78.953125,26.66657135624412],[78.98476562500002,26.67377350468162],[78.99716796875003,26.67401764530662],[78.99423828125003,26.633661199994116],[79.02626953125002,26.59149811405662],[79.07314453125002,26.556170965619117],[79.114501953125,26.53620026249412],[79.16318359375003,26.531366278119116],[79.18496093750002,26.52521393436912],[79.19638671875003,26.508905340619116],[79.19287109375,26.49762604374412],[79.184814453125,26.487665106244116],[79.1826171875,26.47968170780662],[79.19638671875003,26.47479889530662],[79.20742187500002,26.477557684369117],[79.244873046875,26.502069403119116]]]}},{"type":"Feature","properties":{"rank":7},"geometry":{"type":"MultiLineString","coordinates":[[[98.89560546875003,17.387323309369123],[98.89423828125001,17.373163153119123],[98.89755859375003,17.346942449994117],[98.919921875,17.303485418744117],[98.932373046875,17.24884674686912],[98.94863281250002,17.235858465619117],[98.95849609375,17.237665106244123],[98.958740234375,17.237665106244123]]]}},{"type":"Feature","properties":{"rank":7},"geometry":{"type":"MultiLineString","coordinates":[[[98.8642578125,19.780047918744117],[98.88232421875,19.77069733280662],[98.892578125,19.75324127811912],[98.897216796875,19.731219793744117],[98.8984375,19.708026434369117],[98.90156250000001,19.697137762494123],[98.91562500000003,19.680438543744117],[98.91884765625002,19.67389557499412],[98.917724609375,19.640008856244123],[98.91884765625002,19.62921784061912],[98.92324218750002,19.615838934369123],[98.94052734375003,19.58283112186912],[98.94980468750003,19.57086823124412],[98.95351562500002,19.56329987186912],[98.95947265625,19.53790924686912],[98.96044921875,19.52960846561912],[98.96181640625002,19.516229559369123],[98.96523437500002,19.50946686405662],[98.9697265625,19.504999090619123],[98.97402343750002,19.49884674686912],[98.988037109375,19.466180731244123],[98.99550781250002,19.43414948124412],[98.99375000000003,19.398456121869117],[98.962890625,19.31232330936912],[98.96005859375003,19.28815338749412],[98.96992187500001,19.26923248905662],[98.97597656250002,19.25409577030662],[98.98037109375002,19.18353912968162],[98.99843750000002,19.149676824994117],[99.00429687500002,19.12970612186912],[98.997314453125,19.11188385624412],[98.9765625,19.099481512494123],[98.95947265625,19.096063543744123],[98.950439453125,19.087762762494123],[99.0,18.786737371869123],[98.983642578125,18.67999909061912],[98.977294921875,18.67023346561912],[98.96474609375002,18.662225653119123],[98.962890625,18.643182684369123],[98.96591796875003,18.601336981244117],[98.95849609375,18.58319733280662],[98.93212890625,18.545526434369123],[98.92626953125,18.52899811405662],[98.834228515625,18.48480866093162],[98.79384765625002,18.453387762494117],[98.77490234375,18.44306061405662],[98.715576171875,18.430780340619123],[98.69970703125,18.42255280155662],[98.707763671875,18.412713934369123],[98.70839843750002,18.401141668744117],[98.70400390625002,18.38922760624412],[98.6962890625,18.37848541874412],[98.691162109375,18.36640045780662],[98.695556640625,18.35578034061912],[98.70273437500003,18.34625885624412],[98.70654296875,18.33722565311912],[98.7021484375,18.33331940311912],[98.67587890625003,18.303094793744123],[98.67041015625,18.298846746869117],[98.662109375,18.29755280155662],[98.658203125,18.292254949994117],[98.656982421875,18.28632233280662],[98.65761718750002,18.27484772343162],[98.64511718750003,18.250751043744117],[98.64052734375002,18.22687409061912],[98.6376953125,18.12970612186912],[98.63427734375,18.126092840619123],[98.6240234375,18.13519928593162],[98.618896484375,18.125848699994123],[98.61835937500001,18.116815496869123],[98.62255859375,18.108270574994123],[98.630859375,18.100458074994123],[98.62392578125002,18.098895574994117],[98.62246093750002,18.09747955936912],[98.62197265625002,18.09760162968162],[98.61777343750003,18.100458074994123],[98.60556640625003,18.08808014530662],[98.60097656250002,18.08148834843162],[98.5966796875,18.073749090619117],[98.61679687500003,18.07440827030662],[98.617919921875,18.06232330936912],[98.615234375,18.04401276249412],[98.6240234375,18.02594635624412],[98.60908203125001,18.020135809369123],[98.603515625,18.01911041874412],[98.603515625,18.012323309369123],[98.61533203125003,18.01203034061912],[98.62353515625,18.007684637494123],[98.62851562500003,18.000506903119117],[98.630859375,17.991815496869123],[98.6337890625,17.99530670780662],[98.64121093750003,18.001483465619117],[98.64453125,18.00482819218162],[98.653564453125,17.98981354374412],[98.66552734375,17.98004791874412],[98.674072265625,17.970721746869117],[98.673095703125,17.95709869999412],[98.66572265625001,17.95709869999412],[98.64667968750001,17.94476959843162],[98.6328125,17.930047918744123],[98.64111328125,17.92291901249412],[98.645751953125,17.920770574994123],[98.648193359375,17.915545965619117],[98.6513671875,17.902460028119123],[98.64990234375,17.90094635624412],[98.6455078125,17.88934967655662],[98.64453125,17.88507721561912],[98.64638671875002,17.88153717655662],[98.65078125000002,17.88190338749412],[98.65537109375003,17.883075262494117],[98.658203125,17.881952215619123],[98.66933593750002,17.841815496869117],[98.69492187500003,17.80023834843162],[98.703125,17.78266022343162],[98.7109375,17.752069403119123],[98.74072265625,17.71063873905662],[98.745361328125,17.69782135624412],[98.745361328125,17.68427155155662],[98.73691406250003,17.67352936405662],[98.71640625000003,17.669061590619123],[98.704833984375,17.66388580936912],[98.698974609375,17.65180084843162],[98.699462890625,17.637958074994117],[98.70654296875,17.62750885624412],[98.69960937500002,17.609637762494117],[98.70263671875,17.59418366093162],[98.709228515625,17.57941315311912],[98.71279296875002,17.56354401249412],[98.71279296875002,17.494647528119117],[98.70751953125,17.47760651249412],[98.697998046875,17.46234772343162],[98.6923828125,17.446893621869123],[98.69970703125,17.42951080936912],[98.715576171875,17.41974518436912],[98.72910156250003,17.42413971561912],[98.74746093750002,17.443133856244117],[98.78164062500002,17.46430084843162],[98.81757812500001,17.47418854374412],[98.853759765625,17.469354559369123],[98.88818359375,17.446551824994117],[98.90009765625001,17.430536199994123],[98.90390625000003,17.416278387494117],[98.90234375,17.40253327030662],[98.89882812500002,17.39411041874412],[98.89560546875003,17.387323309369123]],[[98.95849609375,17.237665106244123],[98.97402343750002,17.237665106244123],[99.00449218750003,17.238544012494117],[99.014404296875,17.237665106244123],[99.025390625,17.23346588749412],[99.05224609375,17.217157293744123],[99.06093750000002,17.20551178593162],[99.08554687500003,17.150897528119117],[99.09023437500002,17.134051824994117],[99.0810546875,17.123163153119123],[99.06416015625001,17.10846588749412],[99.052734375,17.09039948124412],[99.05908203125,17.06976959843162],[99.107177734375,17.004657293744117],[99.117431640625,16.98383209843162],[99.11972656250003,16.96100494999412],[99.109619140625,16.951190496869117],[99.0966796875,16.941522528119123],[99.09023437500002,16.91925690311912],[99.093994140625,16.909295965619123],[99.10302734375,16.902118231244117],[99.12089843749999,16.891376043744117],[99.128173828125,16.88080475468162],[99.137939453125,16.84662506718162],[99.156982421875,16.81354401249412],[99.18642578125002,16.78327057499412],[99.254638671875,16.730585028119123],[99.28623046875003,16.69525787968162],[99.353759765625,16.64704010624412],[99.367919921875,16.641864324994117],[99.39179687500001,16.628192449994117],[99.40214843749999,16.628436590619117],[99.41982421875002,16.633172918744123],[99.429443359375,16.634393621869123],[99.445068359375,16.62518952030662],[99.46181640625002,16.604510809369117],[99.47509765625,16.582391668744123],[99.48056640625003,16.569208074994123],[99.48183593750002,16.56159088749412],[99.49755859375,16.51898834843162],[99.523193359375,16.46845123905662],[99.53662109375,16.44843170780662],[99.548828125,16.43634674686912],[99.54062500000003,16.413836981244117],[99.560302734375,16.39008209843162],[99.59140625000003,16.37055084843162],[99.61767578125,16.36066315311912],[99.6552734375,16.354120184369123],[99.66650390625,16.34564850468162],[99.67919921875,16.326532293744123],[99.705322265625,16.27008698124412],[99.740234375,16.22272369999412],[99.75439453125,16.208368231244123],[99.791259765625,16.19354889530662],[99.80039062500003,16.173456121869123],[99.80322265625,16.15167877811912],[99.80332031250003,16.137811590619123],[99.861328125,16.07575104374412],[99.874267578125,16.058465887494123],[99.88037109375,16.04169342655662],[99.87939453125,16.023944403119117],[99.87158203125,16.00372955936912],[99.892578125,15.987567449994117],[99.97402343750002,15.94916412968162],[100.034912109375,15.90924713749412],[100.063232421875,15.881366278119117],[100.06337890625002,15.860370184369117],[100.0810546875,15.84198639530662],[100.0888671875,15.81549713749412],[100.09003906250001,15.767596746869117],[100.098388671875,15.75446198124412],[100.117919921875,15.73908112186912],[100.158935546875,15.71637604374412]]]}},{"type":"Feature","properties":{"rank":7},"geometry":{"type":"MultiLineString","coordinates":[[[80.92324218750002,30.55206940311912],[80.94277343750002,30.544061590619116],[80.961181640625,30.54266998905662],[81.002685546875,30.54584381718162],[81.02509765625001,30.54181549686912],[81.037109375,30.53095123905662],[81.04638671875,30.515497137494116],[81.06103515625,30.497430731244116],[81.09003906250001,30.47662994999412],[81.09873046875003,30.46356842655662],[81.10400390625,30.40033600468162],[81.10634765625002,30.390497137494116],[81.10888671875,30.383172918744116],[81.11679687500003,30.36835358280662],[81.12246093750002,30.36029694218162],[81.13662109375002,30.34686920780662],[81.15439453125003,30.33344147343162],[81.169921875,30.318963934369116],[81.176513671875,30.302264715619117],[81.17744140625001,30.26019928593162],[81.18349609375002,30.24030182499412],[81.197509765625,30.223749090619116],[81.20673828125001,30.21820709843162],[81.228271484375,30.20892975468162],[81.247314453125,30.197284246869117],[81.26923828125001,30.17841217655662],[81.28457031250002,30.16803619999412],[81.303955078125,30.160419012494117],[81.32568359375,30.15582916874412],[81.348388671875,30.15485260624412],[81.37177734375001,30.15863678593162],[81.41660156250003,30.17230866093162],[81.44082031250002,30.175311590619117],[81.460693359375,30.16913483280662],[81.47958984375003,30.154169012494116],[81.495361328125,30.13617584843162],[81.52597656250003,30.08502838749412],[81.541259765625,30.07147858280662],[81.56435546875002,30.066034246869116],[81.5830078125,30.06391022343162],[81.63632812500003,30.04498932499412],[81.65625,30.042254949994117],[81.728515625,30.04498932499412],[81.746337890625,30.03693268436912],[81.758544921875,30.017840887494117],[81.76845703125002,29.995233465619116],[81.77978515625,29.976678778119116],[81.798095703125,29.963251043744116],[81.834716796875,29.95148346561912],[81.85205078125,29.938836981244116],[81.86005859375001,29.92694733280662],[81.86044921875003,29.918231512494117],[81.857421875,29.909540106244116],[81.85546875,29.89789459843162],[81.85703125000003,29.889032293744116],[81.87255859375,29.85248444218162],[81.875244140625,29.84955475468162],[81.87646484375,29.846795965619116],[81.8759765625,29.83893463749412],[81.87451171875,29.834491278119117],[81.87060546875,29.831073309369117],[81.869140625,29.82587311405662],[81.865478515625,29.818622137494117],[81.861083984375,29.812030340619117],[81.86328125,29.807245184369116],[81.87939453125,29.80536530155662],[81.88916015625,29.802606512494116],[81.89912109375001,29.79596588749412],[81.906982421875,29.78815338749412],[81.91005859375002,29.78180573124412],[81.91552734375,29.77875397343162],[81.95107421875002,29.778680731244116],[81.99267578125,29.764422918744117],[82.006591796875,29.75775787968162],[82.012451171875,29.753290106244116],[82.01357421875002,29.746698309369116],[82.01308593750002,29.733417059369117],[82.00498046875003,29.71893952030662],[81.986083984375,29.70404694218162],[81.945556640625,29.68183014530662],[81.878662109375,29.65607330936912],[81.869140625,29.64398834843162],[81.85878906250002,29.62592194218162],[81.83486328125002,29.62164948124412],[81.807373046875,29.62262604374412],[81.787109375,29.62042877811912],[81.77724609375002,29.61334869999412],[81.77783203125,29.60773346561912],[81.782958984375,29.60150787968162],[81.787109375,29.59247467655662],[81.78818359375003,29.57123444218162],[81.787109375,29.555536199994116],[81.78076171875,29.534442449994117],[81.76474609375003,29.521014715619117],[81.72509765625,29.49750397343162],[81.71464843749999,29.48432037968162],[81.70839843750002,29.46796295780662],[81.70546875000002,29.448260809369117],[81.70468750000003,29.42487213749412],[81.708984375,29.40192291874412],[81.71875,29.38275787968162],[81.73876953125,29.352899481244116],[81.74335937500001,29.31232330936912],[81.723876953125,29.28070709843162],[81.69140625,29.25617096561912],[81.657470703125,29.236835028119117],[81.623046875,29.226678778119116],[81.61591796875001,29.22321198124412],[81.61328125,29.21466705936912],[81.60908203125001,29.18793366093162],[81.605712890625,29.18219635624412],[81.59248046875001,29.17426178593162],[81.54013671875003,29.119501043744116],[81.48261718750001,29.08307526249412],[81.46816406250002,29.07855866093162],[81.45703125,29.07074616093162],[81.40976562500003,29.023944403119117],[81.40761718750002,29.00311920780662],[81.41455078125,28.98078034061912],[81.427001953125,28.962909246869117],[81.44082031250002,28.955682684369116],[81.492431640625,28.88678619999412],[81.528076171875,28.85260651249412],[81.5419921875,28.832391668744116],[81.54755859375001,28.808221746869116],[81.5556640625,28.79291412968162],[81.56904296875001,28.780877996869116],[81.57177734375,28.76959869999412],[81.54755859375001,28.75641510624412],[81.53134765625003,28.75055573124412],[81.52294921875,28.74909088749412],[81.512939453125,28.74957916874412],[81.512939453125,28.75641510624412],[81.52548828125003,28.765252996869116],[81.52402343750003,28.77094147343162],[81.512939453125,28.77692291874412],[81.516357421875,28.808221746869116],[81.47314453125,28.85224030155662],[81.458251953125,28.88056061405662],[81.442138671875,28.898456121869117],[81.425537109375,28.90363190311912],[81.33779296875002,28.89423248905662],[81.328125,28.897088934369116],[81.30478515625003,28.91058991093162],[81.293701171875,28.914667059369116],[81.27187500000002,28.91571686405662],[81.20751953125,28.90790436405662],[81.18701171875,28.91290924686912],[81.135498046875,28.94879791874412],[81.09531250000003,28.96698639530662],[81.073974609375,28.97357819218162],[81.053955078125,28.97614166874412],[81.03457031250002,28.971551824994116],[81.013427734375,28.960467840619117],[80.99697265625002,28.947040106244117],[80.99208984375002,28.935174871869116],[81.041259765625,28.889520574994116],[81.078125,28.86286041874412],[81.09462890625002,28.853876043744116],[81.10878906250002,28.857294012494116],[81.1220703125,28.86432526249412],[81.135498046875,28.86627838749412],[81.14755859375003,28.856463934369117],[81.16123046875003,28.82990143436912],[81.17031250000002,28.832147528119116],[81.21054687500003,28.811639715619116],[81.20664062500003,28.824481512494117],[81.19423828125002,28.846698309369117],[81.19003906250003,28.85944244999412],[81.20458984375,28.85248444218162],[81.21787109375003,28.841327215619117],[81.227783203125,28.82636139530662],[81.23330078125002,28.79303619999412],[81.244384765625,28.76154205936912],[81.27685546875,28.697137762494116],[81.28017578125002,28.67853424686912],[81.27783203125,28.658465887494117],[81.26806640625,28.62323639530662],[81.26425781250003,28.585565496869116],[81.24091796875001,28.49115631718162],[81.228515625,28.46454498905662],[81.218017578125,28.407001043744117],[81.199951171875,28.381219793744116],[81.19394531250003,28.36676666874412],[81.197509765625,28.35236237186912],[81.19003906250003,28.34552643436912],[81.197509765625,28.33930084843162],[81.18955078125003,28.33087799686912],[81.171875,28.31708405155662],[81.162841796875,28.311395574994116],[81.14892578125,28.322137762494116],[81.12363281250003,28.33539459843162],[81.09921875000003,28.339374090619117],[81.08828125000002,28.322284246869117],[81.08544921875,28.310809637494117],[81.07138671875003,28.284295965619116],[81.06728515625002,28.27045319218162],[81.0654296875,28.253534246869116],[81.066650390625,28.24494049686912],[81.11464843750002,28.19196198124412],[81.12744140625,28.17157623905662],[81.135498046875,28.14752838749412],[81.1318359375,28.12274811405662],[81.1337890625,28.110956121869116],[81.14609375000003,28.10590241093162],[81.159912109375,28.10272858280662],[81.17080078125002,28.094501043744117],[81.1787109375,28.083270574994117],[81.183837890625,28.071161199994116],[81.171630859375,28.06537506718162],[81.16298828125002,28.056268621869116],[81.15771484375,28.04364655155662],[81.15595703125001,28.027118231244117],[81.163818359375,28.020379949994116],[81.21435546875,27.999530340619117],[81.22177734375003,27.98810455936912],[81.23046875,27.96015045780662],[81.238525390625,27.94830963749412],[81.253173828125,27.94159577030662],[81.271484375,27.93817780155662],[81.288818359375,27.93280670780662],[81.29990234375003,27.92035553593162],[81.30039062500003,27.904071356244117],[81.29052734375,27.89581940311912],[81.27841796875003,27.888788153119116],[81.272705078125,27.87628815311912],[81.27480468750002,27.867694403119117],[81.2841796875,27.85309479374412],[81.286376953125,27.84589264530662],[81.28427734375003,27.836786199994116],[81.279541015625,27.82990143436912],[81.27490234375,27.82489655155662],[81.272705078125,27.82135651249412],[81.27451171875003,27.80658600468162],[81.28115234375002,27.78278229374412],[81.28017578125002,27.769549871869117],[81.268310546875,27.740008856244117],[81.25996093750001,27.72479889530662],[81.252197265625,27.71491119999412],[81.27285156250002,27.70404694218162],[81.29296875,27.687030340619117],[81.30820312500003,27.666131903119116],[81.31416015625001,27.64350006718162],[81.31103515625,27.62287018436912],[81.29931640625,27.58161041874412],[81.29990234375003,27.557879949994117],[81.30654296875002,27.538690496869116],[81.33164062500003,27.49494049686912],[81.34492187500001,27.47870514530662],[81.3486328125,27.47052643436912],[81.354736328125,27.44623444218162],[81.358642578125,27.441180731244117],[81.38857421875002,27.421502996869116],[81.396240234375,27.41388580936912],[81.403076171875,27.393817449994117],[81.405029296875,27.370868231244117],[81.403564453125,27.32794830936912],[81.413818359375,27.31024811405662],[81.435302734375,27.29840729374412],[81.45468750000003,27.28339264530662],[81.458251953125,27.256219793744116],[81.4521484375,27.24640534061912],[81.43359375,27.23029205936912],[81.43027343750003,27.22211334843162],[81.43544921875002,27.211297918744116],[81.4541015625,27.19721100468162],[81.458251953125,27.184198309369116],[81.455078125,27.16474030155662],[81.45009765625002,27.15314362186912],[81.448974609375,27.142352606244117],[81.458251953125,27.125262762494117],[81.47548828125002,27.105829168744116],[81.478759765625,27.09857819218162],[81.47900390625,27.08698151249412],[81.47568359375003,27.08161041874412],[81.47451171875002,27.07684967655662],[81.482177734375,27.06720612186912],[81.50087890625002,27.05866119999412],[81.52382812500002,27.059588934369117],[81.54746093750003,27.063495184369117],[81.568115234375,27.06378815311912],[81.60693359375,27.047137762494117],[81.697265625,26.96137116093162],[81.71923828125,26.947772528119117],[81.72509765625,26.940936590619117],[81.73046875,26.92926666874412],[81.7333984375,26.91828034061912],[81.738037109375,26.910028387494116],[81.787109375,26.89655182499412],[81.78867187500003,26.881366278119117],[81.79296875,26.87384674686912],[81.79931640625,26.868182684369117],[81.80771484375003,26.85834381718162],[81.82949218750002,26.820672918744116],[81.84365234375002,26.807977606244116],[81.86572265625,26.803094793744116],[81.913818359375,26.803094793744116],[81.91855468750003,26.80145905155662],[81.935302734375,26.793231512494117],[81.945556640625,26.790057684369117],[81.96884765625003,26.78888580936912],[81.98574218750002,26.79376862186912],[82.01308593750002,26.810565496869117],[82.04736328125,26.824823309369116],[82.076904296875,26.84564850468162],[82.08203125,26.84845612186912],[82.094482421875,26.85309479374412],[82.122314453125,26.84686920780662],[82.18701171875,26.819208074994116],[82.20859375000003,26.819598699994117],[82.2294921875,26.81635162968162],[82.24648437500002,26.79694244999412],[82.239990234375,26.79071686405662],[82.232177734375,26.775653387494117],[82.225341796875,26.76959869999412],[82.241455078125,26.75580475468162],[82.280029296875,26.74371979374412],[82.30527343750003,26.72662994999412],[82.32460937500002,26.717157293744116],[82.32832031250001,26.711542059369116],[82.33242187500002,26.70307037968162],[82.35507812500003,26.67401764530662],[82.39306640625,26.65595123905662],[82.41855468750003,26.648309637494116],[82.4345703125,26.649774481244116],[82.454833984375,26.660760809369116],[82.4755859375,26.65863678593162],[82.55117187500002,26.62030670780662],[82.57167968750002,26.613788153119117],[82.59218750000002,26.611346746869117],[82.63320312500002,26.614862371869116],[82.64902343750003,26.61359284061912],[82.66416015625003,26.605096746869116],[82.678955078125,26.588006903119116],[82.68896484375,26.572381903119116],[82.703125,26.56110260624412],[82.7294921875,26.55670807499412],[82.7490234375,26.56159088749412],[82.76904296875,26.57147858280662],[82.790283203125,26.579217840619116],[82.814453125,26.57782623905662],[82.87998046875003,26.536249090619116],[82.92148437500003,26.523456121869117],[83.00429687500002,26.476092840619117],[83.0126953125,26.46991608280662],[83.03076171875,26.451190496869117],[83.0615234375,26.409930731244117],[83.07656250000002,26.399530340619116],[83.11083984375,26.38898346561912],[83.14794921875,26.382831121869117],[83.17138671875,26.386004949994117],[83.18505859375,26.37995026249412],[83.23046875,26.37604401249412],[83.240234375,26.36859772343162],[83.25156250000003,26.36237213749412],[83.32275390625,26.35187409061912],[83.359375,26.32819244999412],[83.42861328125002,26.27106354374412],[83.465576171875,26.26251862186912],[83.47705078125,26.265252996869116],[83.49589843749999,26.27362702030662],[83.50722656250002,26.276141668744117],[83.51962890625003,26.27570221561912],[83.540283203125,26.27008698124412],[83.55126953125,26.268670965619116],[83.70751953125,26.26801178593162],[83.7412109375,26.26251862186912],[83.774658203125,26.24884674686912],[83.82666015625,26.20087311405662],[83.846435546875,26.194208074994116],[83.86181640625,26.18512604374412],[83.88242187500003,26.14105866093162],[83.8974609375,26.12531159061912],[83.91494140625002,26.121600653119117],[83.988037109375,26.11823151249412],[83.99697265625002,26.116571356244116],[84.001220703125,26.11530182499412],[84.03857421875,26.096063543744116],[84.05458984375002,26.091180731244116],[84.0634765625,26.09064362186912],[84.08408203125003,26.092059637494117],[84.09619140625,26.091180731244116],[84.10791015625,26.08685944218162],[84.129638671875,26.07355377811912],[84.140869140625,26.070672918744116],[84.150390625,26.066034246869116],[84.160400390625,26.05512116093162],[84.16845703125,26.042499090619117],[84.17587890625003,26.02277252811912],[84.18515625000003,26.02033112186912],[84.19638671875003,26.019794012494117],[84.2060546875,26.01544830936912],[84.210693359375,26.00702545780662],[84.2197265625,25.974481512494123],[84.22548828125002,25.963641668744117],[84.23046875,25.956805731244117],[84.24355468750002,25.94379303593162],[84.261474609375,25.93134186405662],[84.27978515625,25.927118231244123],[84.29824218750002,25.92865631718162],[84.33291015625002,25.938592840619123],[84.34492187500001,25.94049713749412],[84.374267578125,25.94037506718162],[84.3837890625,25.93549225468162],[84.396484375,25.92377350468162],[84.407470703125,25.90924713749412],[84.412109375,25.896014715619117],[84.41953125000003,25.88959381718162],[84.45654296875,25.869989324994123],[84.47011718750002,25.865838934369123],[84.50234375000002,25.86774323124412],[84.51953125,25.86688873905662],[84.53164062500002,25.86212799686912],[84.60546875,25.79987213749412],[84.610595703125,25.791620184369123],[84.62294921875002,25.75946686405662],[84.630615234375,25.74494049686912],[84.6416015625,25.733758856244123],[84.657958984375,25.72809479374412],[84.67197265625003,25.73029205936912],[84.70126953125003,25.74201080936912],[84.713134765625,25.74176666874412]]]}},{"type":"Feature","properties":{"rank":7},"geometry":{"type":"MultiLineString","coordinates":[[[96.90341796875003,25.63190338749412],[96.897216796875,25.66974518436912],[96.89404296875,25.67450592655662],[96.886962890625,25.68219635624412],[96.87998046875003,25.69220612186912],[96.87685546875002,25.70416901249412],[96.87998046875003,25.71332428593162],[96.89404296875,25.72308991093162],[96.897216796875,25.73151276249412],[96.898193359375,25.79596588749412],[96.90146484375003,25.814471746869117],[96.90781250000003,25.83161041874412],[96.917724609375,25.85162994999412],[96.955078125,25.92865631718162],[96.97158203125002,25.93549225468162],[96.97929687499999,25.94037506718162],[96.987060546875,25.950555731244123],[96.999755859375,25.981317449994123],[97.01708984375,26.01166412968162],[97.020263671875,26.02887604374412],[97.01328125000003,26.05023834843162],[97.02714843749999,26.062518621869117],[97.03466796875,26.073993231244117],[97.05673828125003,26.125848699994116],[97.060791015625,26.140252996869116],[97.06171875000001,26.17719147343162],[97.05322265625,26.19135162968162],[97.01425781250003,26.227801824994117],[96.99326171875003,26.24079010624412],[96.95751953125,26.293085028119116],[96.95273437500003,26.29791901249412],[96.945068359375,26.303485418744117],[96.94003906250003,26.30463287968162],[96.921142578125,26.303485418744117],[96.91552734375,26.305536199994116],[96.9130859375,26.31000397343162],[96.912109375,26.31464264530662],[96.91083984375001,26.317157293744117],[96.85791015625,26.32965729374412],[96.848876953125,26.334491278119117],[96.8447265625,26.345819403119116],[96.834228515625,26.360467840619116],[96.81992187500003,26.373163153119116],[96.804443359375,26.378534246869116],[96.79355468750003,26.37506744999412],[96.783203125,26.36847565311912],[96.773193359375,26.36444733280662],[96.76318359375,26.36859772343162],[96.744873046875,26.384149481244116],[96.739013671875,26.392840887494117],[96.73281250000002,26.384540106244117],[96.72216796875,26.37763092655662],[96.709716796875,26.37323639530662],[96.69863281250002,26.37238190311912],[96.68564453125003,26.376971746869117],[96.67246093750003,26.39008209843162],[96.6611328125,26.392840887494117],[96.63496093750001,26.392840887494117],[96.623779296875,26.395770574994117],[96.60205078125,26.41058991093162],[96.57998046875002,26.41449616093162],[96.568359375,26.41950104374412],[96.54140625000002,26.449823309369116],[96.515625,26.48725006718162],[96.48691406250003,26.50983307499412],[96.45166015625,26.495868231244117],[96.44384765625,26.506122137494117],[96.435302734375,26.509637762494116],[96.4140625,26.508905340619116],[96.40380859375,26.51203034061912],[96.40634765625003,26.519891668744116],[96.41347656250002,26.52997467655662],[96.41748046875,26.53998444218162],[96.413818359375,26.55060455936912],[96.40478515625,26.550409246869116],[96.3935546875,26.54596588749412],[96.38330078125,26.54364655155662],[96.36767578125,26.545672918744117],[96.361083984375,26.548358465619117],[96.340576171875,26.575067449994116],[96.338134765625,26.58124420780662],[96.33486328125002,26.584002996869117],[96.32470703125,26.58466217655662],[96.2978515625,26.58100006718162],[96.28564453125,26.58344147343162],[96.29052734375,26.594842840619116],[96.30322265625,26.61749909061912],[96.30078125,26.63739655155662],[96.287109375,26.647235418744117],[96.26601562500002,26.63922760624412],[96.271484375,26.63373444218162],[96.2802734375,26.618768621869116],[96.26318359375,26.614618231244116],[96.25839843750003,26.600360418744117],[96.25087890625002,26.588397528119117],[96.22568359375003,26.591424871869116],[96.24755859375,26.54010651249412],[96.254638671875,26.511835028119116],[96.24609375,26.482196356244117],[96.244140625,26.48737213749412],[96.24208984375002,26.490594793744116],[96.240478515625,26.494647528119117],[96.2392578125,26.502069403119116],[96.23193359375,26.502069403119116],[96.2314453125,26.42035553593162],[96.2236328125,26.381610418744117],[96.20458984375,26.35871002811912],[96.193603515625,26.35736725468162],[96.16796875,26.36078522343162],[96.15732421875003,26.35871002811912],[96.151123046875,26.351825262494117],[96.14423828125001,26.34003327030662],[96.1416015625,26.32892487186912],[96.14707031250003,26.32391998905662],[96.15673828125,26.32074616093162],[96.17470703125002,26.306659246869117],[96.186279296875,26.30048248905662],[96.17822265625,26.29376862186912],[96.15732421875003,26.282977606244117],[96.13007812500001,26.27997467655662],[96.09140625000003,26.290399481244116],[96.06171875000001,26.275506903119116],[96.0517578125,26.276385809369117],[96.0439453125,26.275262762494116],[96.04062500000003,26.265643621869117],[96.0390625,26.255877996869117],[96.020263671875,26.21234772343162],[96.00869140625002,26.194598699994117],[95.99335937500001,26.17987702030662],[95.9541015625,26.164911199994116],[95.93857421875003,26.144549871869117],[95.917236328125,26.104852606244116],[95.909912109375,26.099481512494116],[95.90009765625001,26.094110418744116],[95.89052734375002,26.08722565311912],[95.883056640625,26.076922918744117],[95.88134765625,26.06464264530662],[95.884033203125,26.03717682499412],[95.879638671875,26.025995184369116],[95.86171875000002,26.01508209843162],[95.83994140625003,26.01373932499412],[95.82187500000003,26.02374909061912],[95.807861328125,26.068719793744116],[95.793212890625,26.058710028119116],[95.77490234375,26.036639715619117],[95.75888671875003,26.02228424686912],[95.74560546875,26.022821356244116],[95.73203125000003,26.027948309369116],[95.71923828125,26.031122137494116],[95.70761718750003,26.025995184369116],[95.70400390625002,26.01605866093162],[95.70947265625,25.99506256718162],[95.70419921875003,25.981317449994123],[95.686279296875,26.012225653119117],[95.67519531250002,26.02045319218162],[95.656494140625,26.01544830936912],[95.64208984375,26.000360418744116],[95.63925781250003,25.98322174686912],[95.639892578125,25.96674225468162],[95.63593750000001,25.95404694218162],[95.62324218750001,25.947626043744123],[95.60986328125,25.94830963749412],[95.59765625,25.94672272343162],[95.5888671875,25.93353912968162],[95.58876953125002,25.92401764530662],[95.593994140625,25.90277741093162],[95.595703125,25.899432684369117],[95.59072265625002,25.89362213749412],[95.57460937500002,25.88519928593162],[95.56777343750002,25.878924871869117],[95.5810546875,25.86896393436912],[95.577880859375,25.85260651249412],[95.563720703125,25.837274481244123],[95.53798828125002,25.828631903119117],[95.52988281250003,25.823504949994117],[95.52285156250002,25.81598541874412],[95.52001953125,25.806903387494117],[95.51904296875,25.792010809369117],[95.51611328125,25.78522369999412],[95.445068359375,25.746454168744123],[95.43740234375002,25.73151276249412],[95.43271484375003,25.71063873905662],[95.42324218750002,25.69623444218162],[95.41572265625001,25.68146393436912],[95.4169921875,25.659198309369117],[95.42275390625002,25.64862702030662],[95.44013671875001,25.629413153119117],[95.44482421875,25.61823151249412],[95.44384765625,25.60773346561912],[95.43369140625003,25.59711334843162],[95.42490234375003,25.56366608280662],[95.423828125,25.55304596561912],[95.42080078125002,25.54401276249412],[95.41357421875,25.54096100468162],[95.40478515625,25.53974030155662],[95.396484375,25.53632233280662],[95.38251953125001,25.525506903119123],[95.383056640625,25.521356512494123],[95.3828125,25.46430084843162],[95.37705078125003,25.42499420780662],[95.370361328125,25.40204498905662],[95.36152343750001,25.38544342655662],[95.345703125,25.377069403119123],[95.29736328125,25.36261627811912],[95.28720703125003,25.354754949994117],[95.28701171875002,25.334588934369123],[95.28378906250003,25.322284246869117],[95.2734375,25.31342194218162],[95.223388671875,25.287713934369123],[95.21767578125002,25.28302643436912],[95.200439453125,25.25360748905662],[95.20068359375,25.248309637494117],[95.15283203125,25.258661199994123],[95.1357421875,25.255145574994117],[95.12109375,25.24396393436912],[95.1123046875,25.23261139530662],[95.10048828125002,25.223895574994117],[95.077392578125,25.220331121869123],[95.07373046875,25.21576569218162],[95.068359375,25.19245026249412],[95.06591796875,25.16913483280662],[95.062255859375,25.16010162968162],[95.05078125,25.14044830936912],[95.043212890625,25.13544342655662],[95.0400390625,25.131610418744117],[95.039794921875,25.125506903119117],[95.04257812500003,25.11896393436912],[95.04755859375001,25.11115143436912],[95.04296875,25.101922918744123],[95.03701171875002,25.09308502811912],[95.03017578125002,25.08637116093162],[94.9990234375,25.07733795780662],[94.987060546875,25.06085846561912],[94.976318359375,24.988055731244117],[94.971923828125,24.98139069218162],[94.948974609375,24.98554108280662],[94.93398437500002,24.96515534061912],[94.921630859375,24.93903229374412],[94.90673828125,24.926141668744123],[94.89697265625,24.922870184369117],[94.882080078125,24.908319403119123],[94.86123046875002,24.90082428593162],[94.86337890625003,24.891620184369117],[94.87109375,24.88226959843162],[94.87568359375001,24.87775299686912],[94.91591796875002,24.85956452030662],[94.93593750000002,24.844354559369123],[94.93408203125,24.82684967655662],[94.92431640625,24.817987371869123],[94.91552734375,24.81293366093162],[94.90595703125001,24.81061432499412],[94.89306640625,24.810077215619117],[94.87880859375002,24.80634186405662],[94.877197265625,24.797235418744123],[94.87900390625003,24.78595612186912],[94.87568359375001,24.77533600468162],[94.84560546875002,24.759393621869123],[94.76572265625003,24.742547918744123],[94.73847656250001,24.726922918744123],[94.717041015625,24.69293854374412],[94.69765625000002,24.649530340619123],[94.68505859375,24.605487371869117],[94.683837890625,24.56989166874412],[94.69130859375002,24.55304596561912],[94.70302734375002,24.54364655155662],[94.71718750000002,24.535516668744123],[94.73232421875002,24.522723699994117],[94.718017578125,24.512958074994117],[94.723388671875,24.495477606244123],[94.73232421875002,24.47516510624412],[94.72861328125003,24.456903387494123],[94.708740234375,24.43219635624412],[94.71503906250001,24.42462799686912],[94.736083984375,24.423700262494123],[94.76025390625,24.419061590619123],[94.76708984375,24.413104559369117],[94.792724609375,24.362420965619123],[94.80029296875,24.351825262494117],[94.81103515625,24.34052155155662],[94.82265625000002,24.32526276249412],[94.8271484375,24.30756256718162],[94.82275390625,24.28998444218162],[94.807373046875,24.275018621869123],[94.78554687500002,24.269794012494117],[94.73398437500003,24.27179596561912],[94.71435546875,24.26508209843162],[94.69931640625003,24.254266668744123],[94.69287109375,24.246942449994123],[94.69003906250003,24.237811590619117],[94.697509765625,24.193133856244117],[94.68603515625,24.176288153119117],[94.664794921875,24.15924713749412],[94.64453125,24.15143463749412],[94.635498046875,24.162127996869117],[94.6259765625,24.18036530155662],[94.60664062500001,24.183612371869117],[94.59140625000003,24.17169830936912],[94.594482421875,24.14472077030662],[94.59951171875002,24.139178778119117],[94.60595703125,24.13519928593162],[94.61171875000002,24.12921784061912],[94.614990234375,24.11737702030662],[94.61318359375002,24.110467840619123],[94.603515625,24.09760162968162],[94.601318359375,24.08637116093162],[94.60693359375,24.066424871869117],[94.604736328125,24.05890534061912],[94.591064453125,24.05597565311912],[94.58212890625003,24.051874090619123],[94.55869140625003,24.03327057499412],[94.55341796875001,24.02802155155662],[94.561279296875,24.00189850468162],[94.62412109375003,23.96100494999412],[94.62246093750002,23.93305084843162],[94.60996093750003,23.92145416874412],[94.59326171875,23.91266510624412],[94.572998046875,23.907098699994123],[94.54042968750002,23.903583074994117],[94.528564453125,23.89960358280662],[94.51708984375,23.89411041874412],[94.50888671875003,23.888055731244123],[94.50634765625,23.87702057499412],[94.51425781250003,23.86615631718162],[94.532470703125,23.85053131718162],[94.54189453125002,23.83832428593162],[94.542724609375,23.83246491093162],[94.53994140625002,23.82318756718162],[94.5322265625,23.814715887494117],[94.51025390625,23.802850653119123],[94.50576171875002,23.79865143436912],[94.49677734375001,23.788348699994117],[94.4443359375,23.746844793744117],[94.433837890625,23.735370184369117],[94.42626953125,23.72370026249412],[94.42138671875,23.711932684369117],[94.418701171875,23.69989655155662],[94.41855468750003,23.67365143436912],[94.42812500000002,23.617303778119123],[94.43056640625002,23.562372137494123],[94.42841796875001,23.54328034061912],[94.42138671875,23.526874090619117],[94.406494140625,23.511004949994117],[94.39003906250002,23.499383856244123],[94.38437500000003,23.49298737186912],[94.38232421875,23.48371002811912],[94.378173828125,23.47675202030662],[94.35703125000003,23.47162506718162],[94.34804687500002,23.466913153119123],[94.33798828125003,23.451922918744117],[94.32832031250001,23.43085358280662],[94.32187500000003,23.40888092655662],[94.32080078125,23.39118073124412],[94.32373046875,23.38507721561912],[94.34130859375,23.357049871869123],[94.34238281250003,23.34564850468162],[94.34003906250001,23.33710358280662],[94.344482421875,23.331659246869123],[94.365478515625,23.329706121869123],[94.36972656250003,23.31378815311912],[94.30712890625,23.212420965619117],[94.33544921875,23.19391510624412],[94.34736328125001,23.11481354374412],[94.365478515625,23.09699127811912],[94.38417968750002,23.09186432499412],[94.40566406250002,23.07929108280662],[94.42490234375003,23.063495184369117],[94.43671875000001,23.048602606244117],[94.44082031250002,23.029071356244117],[94.43369140625003,23.01203034061912],[94.418212890625,22.99774811405662],[94.396484375,22.98651764530662],[94.392578125,22.99079010624412],[94.38496093750001,22.99701569218162],[94.37607421875003,23.00141022343162],[94.36855468750002,23.000116278119123],[94.36259765624999,22.98895905155662],[94.36562500000002,22.978534246869117],[94.384765625,22.948016668744117],[94.40673828125,22.94318268436912],[94.451171875,22.94550202030662],[94.47451171875002,22.94415924686912],[94.496337890625,22.937274481244117],[94.512451171875,22.92340729374412],[94.51884765624999,22.90119049686912],[94.528076171875,22.88837311405662],[94.55009765624999,22.88458893436912],[94.5751953125,22.88641998905662],[94.594482421875,22.890252996869123],[94.59951171875002,22.893085028119117],[94.60927734375002,22.90155670780662],[94.614990234375,22.904559637494117],[94.619873046875,22.905047918744117],[94.630615234375,22.90387604374412],[94.65488281250003,22.90766022343162],[94.66064453125,22.91120026249412],[94.662841796875,22.921649481244117],[94.66259765625,22.948114324994123],[94.66572265625001,22.96954987186912],[94.677978515625,22.98322174686912],[94.70498046875002,22.98651764530662],[94.72802734375,22.98004791874412],[94.740234375,22.96625397343162],[94.74462890625,22.946307684369117],[94.745361328125,22.921649481244117],[94.74355468750002,22.916034246869117],[94.739990234375,22.91168854374412],[94.73828125,22.907245184369117],[94.741943359375,22.90119049686912],[94.758056640625,22.885760809369117],[94.76025390625,22.88068268436912],[94.75937500000003,22.867694403119117],[94.756591796875,22.85822174686912],[94.751953125,22.85065338749412],[94.745361328125,22.843133856244123],[94.70322265625003,22.810809637494117],[94.69003906250003,22.794696356244117],[94.72861328125003,22.726434637494123],[94.74716796875003,22.723749090619123],[94.76416015625,22.71539948124412],[94.77626953125002,22.70062897343162],[94.780029296875,22.67865631718162],[94.76552734375002,22.643182684369123],[94.76064453125002,22.62055084843162],[94.77871093750002,22.600360418744117],[94.807373046875,22.54144928593162],[94.81308593750003,22.49518463749412],[94.81943359375003,22.470331121869123],[94.83134765624999,22.45954010624412],[94.84619140625,22.455682684369123],[94.903564453125,22.42475006718162],[94.91015625,22.41791412968162],[94.9140625,22.40997955936912],[94.919677734375,22.40253327030662],[94.93017578125,22.396844793744123],[94.9755859375,22.396844793744123],[94.982177734375,22.39362213749412],[94.98759765624999,22.38580963749412],[94.99091796875001,22.37592194218162],[94.99462890625,22.352069403119117],[95.00058593750003,22.34393952030662],[95.01962890625003,22.32916901249412],[95.03037109375003,22.31073639530662],[95.04052734375,22.26837799686912],[95.05078125,22.25006744999412],[95.06494140625,22.231463934369117],[95.071533203125,22.216083074994117],[95.08115234375003,22.178338934369123],[95.11923828125003,22.11078522343162],[95.13515625000002,22.073358465619123],[95.1357421875,22.02753327030662],[95.13037109375,21.99005768436912],[95.12890625,21.94843170780662],[95.130615234375,21.92597077030662],[95.14687500000002,21.839618231244117],[95.15214843749999,21.82330963749412],[95.16044921874999,21.810419012494123],[95.18896484375,21.780389715619123],[95.20673828125001,21.745868231244117],[95.21767578125002,21.73334381718162],[95.234375,21.72125885624412],[95.24257812500002,21.711932684369117],[95.245361328125,21.69867584843162],[95.24560546875,21.674676824994123],[95.24990234375002,21.654413153119123],[95.2685546875,21.62213776249412],[95.27294921875,21.599237371869123],[95.270751953125,21.57904694218162],[95.26132812500003,21.546991278119123],[95.25927734375,21.52667877811912],[95.27294921875,21.444696356244123]]]}},{"type":"Feature","properties":{"rank":7},"geometry":{"type":"MultiLineString","coordinates":[[[85.754638671875,28.55158112186912],[85.75068359375001,28.57477448124412],[85.72666015625003,28.63349030155662],[85.74091796875001,28.65192291874412],[85.76318359375,28.674188543744116],[85.78867187500003,28.68744537968162],[85.81298828125,28.67853424686912],[85.83193359375002,28.66913483280662],[85.855712890625,28.67035553593162],[85.88134765625,28.67475006718162],[85.905517578125,28.67511627811912],[85.947509765625,28.66547272343162],[86.011474609375,28.651874090619117],[86.04404296875003,28.649920965619117],[86.077392578125,28.65399811405662],[86.102783203125,28.662372137494117],[86.12177734375001,28.675311590619117],[86.134033203125,28.693866278119117],[86.140380859375,28.732782293744116],[86.14658203125003,28.74469635624412],[86.15634765625003,28.753192449994117],[86.18447265625002,28.76032135624412],[86.195068359375,28.769647528119116],[86.20371093750003,28.780877996869116],[86.21337890625,28.79059479374412],[86.2392578125,28.80390045780662],[86.261962890625,28.80756256718162],[86.32871093750003,28.802997137494117],[86.35400390625,28.79755280155662],[86.378662109375,28.78876373905662],[86.39892578125,28.77692291874412],[86.41318359375003,28.75836823124412],[86.419189453125,28.73627350468162],[86.41943359375,28.69183991093162],[86.42724609375,28.66950104374412],[86.4462890625,28.64301178593162],[86.47089843750001,28.61957428593162],[86.4951171875,28.606219793744117],[86.51992187500002,28.605243231244117],[86.5595703125,28.62213776249412],[86.58046875000002,28.626727606244117],[86.642333984375,28.626727606244117],[86.64990234375,28.624872137494116],[86.65224609375002,28.620721746869116],[86.65390625000003,28.61615631718162],[86.65966796875,28.613055731244117],[86.75146484375,28.606219793744117],[86.760498046875,28.60846588749412],[86.78037109375003,28.61823151249412],[86.79248046875,28.620477606244116],[86.80507812500002,28.61859772343162],[86.826171875,28.60944244999412],[86.837158203125,28.606219793744117],[86.85908203125001,28.606952215619117],[86.88232421875,28.610858465619117],[86.904296875,28.61151764530662],[86.9228515625,28.60248444218162],[86.931640625,28.599627996869117],[86.9794921875,28.597772528119116],[86.99677734375001,28.593524481244117],[87.00839843750003,28.59259674686912],[87.036376953125,28.59430573124412],[87.06640625,28.59955475468162],[87.0947265625,28.608270574994116],[87.11826171875003,28.620477606244116],[87.180908203125,28.598749090619116],[87.22226562500003,28.61432526249412],[87.2734375,28.612079168744117],[87.324462890625,28.599725653119116],[87.36474609375,28.585077215619116],[87.392822265625,28.570428778119116],[87.41835937500002,28.551874090619116],[87.46435546875,28.50690338749412],[87.475341796875,28.502069403119116],[87.512451171875,28.499774481244117],[87.52207031250003,28.492059637494116],[87.55712890625,28.475213934369116],[87.5791015625,28.46149323124412],[87.605224609375,28.441034246869116],[87.61484375000003,28.422479559369116],[87.56337890625002,28.40704987186912],[87.46835937500003,28.338006903119116],[87.46533203125,28.33173248905662],[87.4609375,28.318866278119117],[87.45449218750002,28.282245184369117],[87.45068359375,28.273797918744116],[87.43212890625,28.26776764530662],[87.38046875000003,28.27216217655662],[87.35791015625,28.26361725468162],[87.3486328125,28.247821356244117],[87.333251953125,28.19855377811912],[87.33056640625,28.184442449994116],[87.333984375,28.172723699994116],[87.34042968750003,28.16278717655662],[87.34462890625002,28.15350983280662],[87.337158203125,28.132196356244116],[87.343994140625,28.12079498905662],[87.36474609375,28.099139715619117],[87.36953125000002,28.09003327030662],[87.37646484375,28.06818268436912],[87.37841796875,28.05817291874412],[87.37734375000002,28.05438873905662],[87.3720703125,28.043817449994116],[87.37158203125,28.03766510624412],[87.37451171875,28.03107330936912],[87.3837890625,28.019159246869116],[87.3857421875,28.01312897343162],[87.383544921875,28.000262762494117],[87.373779296875,27.97821686405662],[87.37158203125,27.96503327030662],[87.373779296875,27.95868561405662],[87.383544921875,27.94867584843162],[87.3857421875,27.94147369999412],[87.38339843750003,27.934930731244116],[87.37324218750001,27.91913483280662],[87.37158203125,27.91412994999412],[87.37841796875,27.904315496869117],[87.404052734375,27.88385651249412],[87.4130859375,27.873163153119116],[87.41689453125002,27.859881903119117],[87.41933593750002,27.830926824994116],[87.42294921875003,27.82135651249412],[87.44394531250003,27.79181549686912],[87.44257812500001,27.774286199994116],[87.423583984375,27.764032293744116],[87.39199218750002,27.756463934369116],[87.36835937500001,27.75470612186912],[87.36269531250002,27.75018952030662],[87.35791015625,27.73602936405662],[87.36962890625,27.708514715619117],[87.372314453125,27.689813543744116],[87.361328125,27.681415106244117],[87.33056640625,27.59943268436912],[87.31171875000001,27.581561590619117],[87.28095703125001,27.57782623905662],[87.24716796875003,27.55353424686912],[87.21484375,27.537127996869117],[87.20839843750002,27.52716705936912],[87.20371093750003,27.51325104374412],[87.19248046875003,27.50409577030662],[87.16679687499999,27.48956940311912],[87.14882812500002,27.472186590619117],[87.140380859375,27.45612213749412],[87.14072265625003,27.437860418744116],[87.14931640625002,27.413592840619117],[87.16640625000002,27.39215729374412],[87.18837890625002,27.37238190311912],[87.20205078125002,27.350946356244116],[87.19394531250003,27.324481512494117],[87.21181640625002,27.30756256718162],[87.214111328125,27.24811432499412],[87.23876953125,27.235126043744117],[87.24667968750003,27.224139715619117],[87.27167968750001,27.17133209843162],[87.27587890625,27.15314362186912],[87.26904296875,27.14288971561912],[87.216552734375,27.09808991093162],[87.20556640625,27.091180731244116],[87.197265625,27.08209869999412],[87.19394531250003,27.06720612186912],[87.195068359375,27.056415106244117],[87.19970703125,27.037713934369116],[87.20087890625001,27.026874090619117],[87.197021484375,27.01190827030662],[87.18808593750003,27.00238678593162],[87.17685546875003,26.99384186405662],[87.16679687499999,26.98187897343162],[87.16259765625,26.95648834843162],[87.17509765624999,26.90302155155662],[87.16982421875002,26.88287994999412],[87.16611328125003,26.87579987186912],[87.16064453125,26.854754949994117],[87.159912109375,26.84845612186912],[87.15380859375,26.83661530155662],[87.139892578125,26.82623932499412],[87.112060546875,26.810565496869117],[87.042236328125,26.74445221561912],[87.01962890625003,26.73541901249412],[87.00390625,26.72296784061912],[86.981201171875,26.63922760624412],[86.966552734375,26.61725494999412],[86.96142578125,26.60480377811912],[86.96435546875,26.594842840619116],[86.96767578125002,26.587909246869117],[86.96923828125,26.57684967655662],[86.969482421875,26.56525299686912],[86.968017578125,26.55670807499412],[86.96005859375003,26.546405340619117],[86.93789062500002,26.52814362186912],[86.93339843749999,26.51605866093162],[86.931396484375,26.50446198124412],[86.926025390625,26.496600653119117],[86.86367187500002,26.46051666874412],[86.754638671875,26.36493561405662],[86.73837890625003,26.366473699994117],[86.71445312500003,26.357538153119116],[86.69130859375002,26.344745184369117],[86.6767578125,26.334491278119117],[86.66542968750002,26.32916901249412],[86.650390625,26.32465241093162],[86.63730468750003,26.318133856244117],[86.631591796875,26.30658600468162],[86.62646484375,26.29547760624412],[86.59072265625002,26.26251862186912],[86.54873046875002,26.205926824994116],[86.54296875,26.19049713749412],[86.53896484375002,26.169208074994117],[86.5283203125,26.15424225468162],[86.461669921875,26.09064362186912],[86.4462890625,26.06854889530662],[86.435302734375,26.02496979374412],[86.41845703125,25.989618231244123],[86.41943359375,25.967059637494117],[86.4228515625,25.96173737186912],[86.43544921875002,25.94891998905662],[86.43994140625,25.94037506718162],[86.439453125,25.930292059369123],[86.4365234375,25.919696356244117],[86.43603515625,25.90827057499412],[86.443359375,25.896014715619117],[86.45302734375002,25.87409088749412],[86.44404296875001,25.853631903119123],[86.42880859375003,25.83307526249412],[86.41943359375,25.81061432499412],[86.42226562500002,25.795428778119117],[86.431884765625,25.786151434369117],[86.44384765625,25.77863190311912],[86.45361328125,25.769061590619117],[86.45810546875003,25.757342840619117],[86.46250000000003,25.73285553593162],[86.46718750000002,25.72064850468162],[86.4951171875,25.70075104374412],[86.523681640625,25.673602606244117],[86.567138671875,25.64276764530662],[86.59218750000002,25.629510809369123],[86.636962890625,25.633563543744117],[86.65966796875,25.62567780155662],[86.66464843750003,25.61908600468162],[86.68017578125,25.59088776249412],[86.70400390625002,25.56500885624412],[86.71826171875,25.55255768436912],[86.73408203125001,25.543085028119123],[86.72929687499999,25.527850653119117],[86.74228515625003,25.52289459843162],[86.75996093750001,25.518573309369117],[86.76894531250002,25.505243231244123],[86.77294921875,25.49323151249412],[86.783203125,25.482440496869117],[86.796630859375,25.473651434369117],[86.809814453125,25.46735260624412],[86.82187500000003,25.463885809369117],[86.83759765625001,25.46149323124412],[86.8525390625,25.46222565311912],[86.861328125,25.468036199994117],[86.86757812500002,25.47528717655662],[86.874267578125,25.47431061405662],[86.88134765625,25.46991608280662],[86.888671875,25.46735260624412],[86.89511718750003,25.46954987186912],[86.90761718750002,25.478876043744123],[86.916015625,25.48102448124412],[86.92880859375003,25.47955963749412],[86.97421875000003,25.46735260624412],[86.990478515625,25.45856354374412],[87.0234375,25.432001043744123],[87.03603515625002,25.42645905155662],[87.05429687500003,25.42865631718162],[87.09853515625002,25.446893621869123],[87.18710937500003,25.461200262494117],[87.22421875000003,25.44257233280662],[87.259765625,25.43414948124412],[87.29638671875,25.439471746869117],[87.32021484375002,25.45307037968162],[87.33164062500003,25.455682684369123],[87.47412109375,25.42548248905662],[87.48828125,25.41962311405662],[87.51601562500002,25.411493231244123],[87.54072265625001,25.395379949994123],[87.544921875,25.39398834843162],[87.55341796875001,25.38434479374412],[87.55712890625,25.38544342655662],[87.568359375,25.37567780155662],[87.58164062500003,25.371600653119117],[87.60830078125002,25.37116119999412],[87.61416015625002,25.36383698124412],[87.6318359375,25.33136627811912],[87.64267578125003,25.32404205936912],[87.67421875000002,25.317254949994123],[87.70693359375002,25.29987213749412],[87.73505859375001,25.275995184369123],[87.75830078125,25.24420807499412]]]}},{"type":"Feature","properties":{"rank":7},"geometry":{"type":"MultiLineString","coordinates":[[[91.77656250000001,28.291864324994116],[91.77587890625,28.09772369999412],[91.77773437500002,28.08392975468162],[91.79150390625,28.043329168744116],[91.796875,28.013446356244117],[91.80224609375,27.999286199994117],[91.80810546875,27.991083074994116],[91.82080078125,27.97662994999412],[91.82578125000003,27.96820709843162],[91.82832031250001,27.959100653119116],[91.8291015625,27.94953034061912],[91.828125,27.939813543744116],[91.81992187500003,27.91022369999412],[91.81142578125002,27.890497137494116],[91.80019531250002,27.87201569218162],[91.78671875000003,27.85565827030662],[91.75839843750003,27.82160065311912],[91.74824218750001,27.802264715619117],[91.74130859375003,27.77985260624412],[91.741943359375,27.76129791874412],[91.753173828125,27.726190496869116],[91.751220703125,27.708124090619116],[91.74746093750002,27.70172760624412],[91.7373046875,27.69037506718162],[91.73291015625,27.684344793744117],[91.72998046875,27.67706940311912],[91.72500000000002,27.654315496869117],[91.6962890625,27.59259674686912],[91.69091796875,27.56806061405662],[91.685302734375,27.51581452030662],[91.67343750000003,27.495624090619117],[91.65839843750001,27.48517487186912],[91.624755859375,27.469989324994117],[91.60927734375002,27.460321356244116],[91.57949218750002,27.433221746869116],[91.56699218750003,27.41730377811912],[91.55810546875,27.399432684369117],[91.556640625,27.389911199994117],[91.55849609375002,27.369891668744117],[91.55722656250003,27.35895416874412],[91.52919921875002,27.321795965619117],[91.43076171875003,27.276874090619117],[91.39179687500001,27.243036199994116],[91.38466796875002,27.22601959843162],[91.38193359375003,27.17499420780662],[91.37705078125003,27.152948309369116],[91.368896484375,27.128778387494116],[91.35800781250003,27.105975653119117],[91.34492187500001,27.087762762494116],[91.325439453125,27.07343170780662],[91.25771484375002,27.04633209843162],[91.23681640625,27.03131744999412],[91.21962890625002,27.01264069218162],[91.19228515625002,26.969354559369116],[91.1728515625,26.90570709843162],[91.162353515625,26.89044830936912],[91.14501953125,26.88397858280662],[91.025390625,26.87909577030662],[90.974609375,26.866473699994117],[90.94521484375002,26.83832428593162],[90.95751953125,26.78754303593162],[90.955078125,26.785516668744116],[90.952392578125,26.78412506718162],[90.94619140625002,26.782342840619116],[90.93671875000001,26.778338934369117],[90.930419921875,26.771747137494117],[90.919921875,26.75421784061912],[90.90810546875002,26.728143621869116],[90.90732421875003,26.70490143436912],[90.9150390625,26.65387604374412],[90.91083984375001,26.639911199994117],[90.8896484375,26.609735418744116],[90.8818359375,26.594501043744117],[90.85947265625003,26.51203034061912],[90.85312500000003,26.50116608280662],[90.84619140625,26.492450262494117],[90.84072265625002,26.48273346561912],[90.838623046875,26.469110418744116],[90.84140625000003,26.458612371869116],[90.853271484375,26.43915436405662],[90.85634765625002,26.429706121869117],[90.8564453125,26.419452215619117],[90.85458984375003,26.41779205936912],[90.849609375,26.416864324994116],[90.84003906250001,26.40851471561912],[90.82275390625,26.38519928593162],[90.80927734375001,26.36054108280662],[90.80332031250003,26.339960028119116],[90.799072265625,26.331073309369117],[90.789794921875,26.32391998905662],[90.77656250000001,26.32074616093162],[90.750244140625,26.318719793744116],[90.73964843750002,26.31171295780662],[90.73388671875,26.29962799686912],[90.73056640625003,26.27472565311912],[90.72265625,26.26398346561912],[90.71230468750002,26.258661199994116],[90.67724609375,26.25128815311912],[90.66787109375002,26.247821356244117],[90.66054687500002,26.24310944218162],[90.65576171875,26.236200262494116],[90.653564453125,26.22650787968162],[90.655517578125,26.207782293744117],[90.65468750000002,26.19891998905662],[90.648681640625,26.192987371869116]]]}},{"type":"Feature","properties":{"rank":7},"geometry":{"type":"MultiLineString","coordinates":[[[88.591796875,27.695086981244117],[88.599609375,27.68439362186912],[88.607177734375,27.66339752811912],[88.6123046875,27.653436590619116],[88.617919921875,27.64813873905662],[88.634033203125,27.63764069218162],[88.63955078125002,27.632928778119116],[88.659912109375,27.60578034061912],[88.66679687499999,27.58942291874412],[88.6669921875,27.571551824994117],[88.6591796875,27.55597565311912],[88.64697265625,27.549920965619116],[88.6123046875,27.544208074994117],[88.59287109375003,27.53400299686912],[88.58437500000002,27.53058502811912],[88.5517578125,27.526629949994117],[88.5439453125,27.52374909061912],[88.53369140625,27.508661199994116],[88.527587890625,27.487665106244116],[88.52294921875,27.448602606244116],[88.52255859375003,27.44159577030662],[88.5234375,27.43085358280662],[88.52158203125003,27.407098699994116],[88.52060546875003,27.40155670780662],[88.50263671875001,27.377557684369116],[88.497802734375,27.373065496869117],[88.49365234375,27.368182684369117],[88.48876953125,27.358661199994117],[88.486083984375,27.34870026249412],[88.48505859375001,27.33209869999412],[88.48193359375,27.324481512494117],[88.47802734375,27.32343170780662],[88.46494140625003,27.325311590619116],[88.4609375,27.324481512494117],[88.458984375,27.320184637494116],[88.45634765624999,27.30829498905662],[88.45068359375,27.29584381718162],[88.449462890625,27.28864166874412],[88.447509765625,27.28229401249412],[88.4404296875,27.27667877811912],[88.4404296875,27.269891668744116],[88.449462890625,27.263544012494116],[88.46230468750002,27.24616119999412],[88.471435546875,27.242547918744116],[88.48574218750002,27.24017975468162],[88.495361328125,27.232928778119117],[88.50068359375001,27.221063543744116],[88.50244140625,27.204706121869116],[88.51093750000001,27.183612371869117],[88.5263671875,27.16901276249412],[88.533203125,27.154315496869117],[88.51611328125,27.132684637494116],[88.478271484375,27.11225006718162],[88.47265625,27.10687897343162],[88.46621093750002,27.09516022343162],[88.45712890625003,27.08344147343162],[88.44443359375003,27.07807037968162],[88.43466796875003,27.06659577030662],[88.449462890625,27.012958074994117],[88.4404296875,26.99616119999412],[88.4404296875,26.98932526249412],[88.44843750000001,26.98932526249412],[88.44843750000001,26.98187897343162],[88.4423828125,26.96332428593162],[88.459716796875,26.92694733280662],[88.50927734375,26.85834381718162],[88.6123046875,26.74909088749412],[88.64609375000003,26.69269440311912],[88.66416015625003,26.663592840619117],[88.67509765624999,26.65058014530662],[88.73916015625002,26.59516022343162],[88.75634765625,26.56830475468162],[88.76308593750002,26.53620026249412],[88.761962890625,26.52570221561912],[88.757080078125,26.507928778119116],[88.75625000000002,26.502069403119116],[88.759033203125,26.492792059369116],[88.76806640625,26.477557684369117],[88.76992187500002,26.47138092655662],[88.77509765625001,26.460077215619116],[88.89072265625003,26.342059637494117],[88.937255859375,26.27667877811912],[89.054443359375,26.164667059369116],[89.08173828125001,26.15375397343162],[89.09345703125001,26.13849518436912],[89.133056640625,26.070672918744116],[89.145263671875,26.03461334843162],[89.15771484375,26.00946686405662],[89.16103515625002,25.96942780155662],[89.167236328125,25.95404694218162],[89.21992187500001,25.926532293744117],[89.22929687499999,25.92328522343162],[89.23828125,25.91242096561912],[89.29062500000003,25.865838934369123],[89.29638671875,25.856317449994123],[89.30078125,25.84650299686912],[89.30703125000002,25.83759186405662],[89.31796875000003,25.83051178593162],[89.328857421875,25.829364324994117],[89.35341796875002,25.83136627811912],[89.37119140625003,25.82379791874412],[89.39501953125,25.82001373905662],[89.39990234375,25.813739324994117],[89.40468750000002,25.80939362186912],[89.468017578125,25.77338287968162],[89.48300781250003,25.759784246869117],[89.48935546875003,25.73834869999412],[89.49365234375,25.72809479374412],[89.5029296875,25.719598699994123],[89.5166015625,25.710711981244117],[89.51806640625,25.705829168744117],[89.53164062500002,25.686151434369123],[89.537841796875,25.67438385624412],[89.53916015625003,25.66852448124412],[89.538818359375,25.664325262494117],[89.53544921874999,25.651141668744117],[89.53427734375003,25.642450262494123],[89.53466796875,25.63410065311912],[89.53662109375,25.62592194218162],[89.54345703125,25.60907623905662],[89.551513671875,25.57355377811912],[89.55947265625002,25.559344793744117],[89.56416015625001,25.552606512494123],[89.570068359375,25.545917059369117],[89.57626953125003,25.54205963749412],[89.58349609375,25.53998444218162],[89.636962890625,25.53436920780662],[89.654052734375,25.529559637494117],[89.66074218750003,25.525653387494117],[89.66611328125003,25.519061590619117],[89.66748046875,25.512079168744123],[89.66494140625002,25.496698309369123],[89.66455078125,25.48737213749412],[89.66611328125003,25.477411199994123],[89.6689453125,25.467645574994123],[89.6728515625,25.459002996869117],[89.67763671875002,25.45221588749412],[89.696533203125,25.435077215619117],[89.69619140625002,25.43439362186912],[89.6962890625,25.433954168744123],[89.69677734375,25.43341705936912],[89.697021484375,25.432635809369117]]]}},{"type":"Feature","properties":{"rank":7},"geometry":{"type":"MultiLineString","coordinates":[[[97.61660156250002,34.06422760624412],[97.60908203125001,34.046014715619116],[97.59130859375,34.03371002811912],[97.345703125,33.94208405155662],[97.32832031250001,33.93190338749412],[97.313232421875,33.92047760624412],[97.23574218750002,33.84198639530662],[97.22675781250001,33.83490631718162],[97.21640625000003,33.83173248905662],[97.19082031250002,33.82880280155662],[97.181884765625,33.824335028119116],[97.17236328125,33.81745026249412],[97.16464843750003,33.81447174686912],[97.15927734375003,33.80963776249412],[97.1572265625,33.79706452030662],[97.159423828125,33.787713934369116],[97.171630859375,33.759149481244116],[97.21728515625,33.55414459843162],[97.22353515625002,33.53827545780662],[97.23193359375,33.52411530155662],[97.24365234375,33.50905182499412],[97.248046875,33.49408600468162],[97.24824218750001,33.47492096561912],[97.25156250000003,33.45831940311912],[97.2763671875,33.44489166874412],[97.33173828125001,33.373163153119116],[97.34414062500002,33.36090729374412],[97.359375,33.35573151249412],[97.39687500000002,33.35260651249412],[97.4169921875,33.34816315311912],[97.431640625,33.341424871869116],[97.473876953125,33.35822174686912],[97.51865234375003,33.37006256718162],[97.56455078125003,33.37616608280662],[97.60976562500002,33.37555573124412],[97.67236328125,33.363641668744116],[97.69541015625003,33.361932684369116],[97.7158203125,33.368524481244116],[97.74941406250002,33.399774481244116],[97.76806640625,33.40973541874412],[97.800537109375,33.40236237186912],[97.84003906250001,33.376581121869116],[97.87568359375001,33.34332916874412],[97.897216796875,33.31354401249412],[97.89931640625002,33.30414459843162],[97.9013671875,33.281366278119116],[97.904052734375,33.27252838749412],[97.911376953125,33.26295807499412],[97.95126953125003,33.228631903119116],[97.969482421875,33.22247955936912],[98.045654296875,33.21510651249412],[98.055419921875,33.21112702030662],[98.060302734375,33.20514557499412],[98.06513671875001,33.19599030155662],[98.071044921875,33.18751862186912],[98.0791015625,33.18378327030662],[98.11630859375003,33.17975494999412],[98.15781250000003,33.17018463749412],[98.17294921875003,33.15839264530662],[98.18642578125002,33.142450262494116],[98.201904296875,33.12836334843162],[98.223388671875,33.12233307499412],[98.23759765624999,33.11640045780662],[98.31972656250002,33.04559967655662],[98.3369140625,33.01459381718162],[98.364013671875,32.93678619999412],[98.3916015625,32.90497467655662],[98.432373046875,32.88898346561912],[98.52099609375,32.86847565311912],[98.576416015625,32.84442780155662],[98.59326171875,32.841180731244116],[98.603759765625,32.846551824994116],[98.61220703125002,32.85919830936912],[98.61962890625,32.87396881718162],[98.62744140625,32.88556549686912],[98.64384765624999,32.89015534061912],[98.66464843750003,32.88336823124412],[98.76123046875,32.820672918744116],[98.765625,32.83368561405662],[98.77578125000002,32.83222077030662],[98.7880859375,32.82501862186912],[98.799072265625,32.820672918744116],[98.81689453125,32.81769440311912],[98.822021484375,32.80951569218162],[98.82421875,32.79743073124412],[98.83310546875003,32.782831121869116],[98.85166015625003,32.75934479374412],[98.86240234375003,32.75287506718162],[98.8779296875,32.755487371869116],[98.904296875,32.76447174686912],[98.9052734375,32.76605866093162],[98.914794921875,32.763788153119116],[98.92578125,32.754510809369116],[98.93593750000002,32.75238678593162],[98.95351562500002,32.75470612186912],[98.9814453125,32.76442291874412],[98.99404296875002,32.76605866093162],[99.00390625,32.762323309369116],[99.04179687499999,32.73810455936912],[99.04970703125002,32.728143621869116],[99.05615234375,32.70368073124412],[99.062255859375,32.68976471561912],[99.09589843750001,32.65045807499412],[99.10390625000002,32.635126043744116],[99.08984375,32.62775299686912],[99.08212890625003,32.61005280155662],[99.08173828125001,32.589715887494116],[99.09023437500002,32.57428619999412],[99.071533203125,32.56227448124412],[99.064453125,32.53961823124412],[99.06503906250003,32.51369049686912],[99.069580078125,32.49176666874412],[99.08261718750003,32.456659246869116],[99.08261718750003,32.44391510624412],[99.07675781250003,32.43732330936912],[99.0537109375,32.42360260624412],[99.043212890625,32.41486237186912],[99.031494140625,32.41254303593162],[99.019775390625,32.40863678593162],[99.014404296875,32.39894440311912],[99.01025390625,32.383661199994116],[99.000244140625,32.378778387494116],[98.988037109375,32.37714264530662],[98.966552734375,32.36725494999412],[98.95166015625,32.36525299686912],[98.938232421875,32.36115143436912],[98.93251953125002,32.35084869999412],[98.93496093750002,32.33893463749412],[98.952880859375,32.299920965619116],[98.9765625,32.305536199994116],[98.99589843749999,32.29999420780662],[99.01328125000003,32.29096100468162],[99.031494140625,32.286249090619116],[99.041259765625,32.28510162968162],[99.062255859375,32.27997467655662],[99.07275390625,32.27882721561912],[99.082275390625,32.28278229374412],[99.10664062500001,32.30104401249412],[99.117431640625,32.306756903119116],[99.14199218750002,32.308221746869116],[99.203125,32.293085028119116],[99.22548828125002,32.29242584843162],[99.24570312500003,32.28900787968162],[99.264404296875,32.280633856244116],[99.281982421875,32.26515534061912],[99.30234375000003,32.23163483280662],[99.32363281250002,32.18695709843162],[99.32666015625,32.17536041874412],[99.333740234375,32.170282293744116],[99.3408203125,32.168329168744116],[99.343994140625,32.16583893436912],[99.34511718750002,32.15070221561912],[99.348388671875,32.14716217655662],[99.354736328125,32.147088934369116],[99.364501953125,32.14227936405662],[99.39501953125,32.11762116093162],[99.41220703125003,32.11061432499412],[99.436279296875,32.10817291874412],[99.455322265625,32.10297272343162],[99.4638671875,32.08930084843162],[99.46748046875001,32.04669830936912],[99.471435546875,32.02789948124412],[99.48046875,32.00734284061912],[99.494140625,31.99079010624412],[99.51181640625003,31.984002996869116],[99.528564453125,31.97516510624412],[99.56103515625,31.932147528119117],[99.576171875,31.91632721561912],[99.63583984375003,31.896747137494117],[99.64501953125,31.885028387494117],[99.647216796875,31.875360418744116],[99.65664062500002,31.853631903119116],[99.65869140625,31.844012762494117],[99.65673828125,31.82257721561912],[99.65839843750001,31.817010809369116],[99.66552734375,31.80646393436912],[99.68212890625,31.790887762494116],[99.720703125,31.77289459843162],[99.73759765624999,31.76215241093162],[99.75205078125003,31.743426824994117],[99.78164062500002,31.676141668744116],[99.80615234375,31.651727606244116],[99.84130859375,31.64093659061912],[99.97021484375,31.62885162968162],[100.017822265625,31.61603424686912],[100.060546875,31.595575262494116],[100.09003906250001,31.566278387494116],[100.096923828125,31.545184637494117],[100.102294921875,31.500604559369116],[100.114013671875,31.480975653119117],[100.14052734375002,31.46027252811912],[100.155517578125,31.45368073124412],[100.1591796875,31.44586823124412],[100.16162109375,31.436639715619116],[100.16513671875003,31.42914459843162],[100.18310546875,31.416620184369116],[100.20615234375003,31.40570709843162],[100.22617187500003,31.392108465619117],[100.23476562500002,31.37140534061912],[100.2392578125,31.34967682499412],[100.26884765624999,31.29877350468162],[100.28232421875003,31.25726959843162],[100.29150390625,31.191913153119117],[100.30517578125,31.15045807499412],[100.309814453125,31.128045965619116],[100.309814453125,31.06452057499412],[100.306396484375,31.05231354374412],[100.30859375,31.04083893436912],[100.308837890625,30.959247137494117],[100.307861328125,30.950799871869116],[100.30625000000003,30.94367096561912],[100.302978515625,30.936297918744117],[100.27890625000003,30.918719793744117],[100.26621093750003,30.896014715619117],[100.2451171875,30.88873932499412],[100.199951171875,30.88165924686912],[100.163818359375,30.856708074994117],[100.14980468750002,30.82111237186912],[100.15214843749999,30.779901434369116],[100.197021484375,30.657977606244117],[100.21767578125002,30.626336981244116],[100.24843750000002,30.600458074994116],[100.27197265625,30.584588934369116],[100.288818359375,30.57025787968162],[100.31669921874999,30.53839752811912],[100.332763671875,30.525018621869116],[100.355712890625,30.514422918744117],[100.38232421875,30.50739166874412],[100.409423828125,30.504901434369117],[100.44013671875001,30.46332428593162],[100.45361328125,30.44879791874412],[100.463134765625,30.44403717655662],[100.532958984375,30.43866608280662],[100.5625,30.430536199994116],[100.577392578125,30.414911199994116],[100.58798828125003,30.420770574994116],[100.593994140625,30.419794012494116],[100.60458984375003,30.408075262494116],[100.605224609375,30.40521881718162],[100.60458984375003,30.39130280155662],[100.6064453125,30.38715241093162],[100.6103515625,30.387469793744117],[100.61484375000003,30.38886139530662],[100.61826171875003,30.387567449994116],[100.628662109375,30.374872137494116],[100.63974609375003,30.366815496869116],[100.66611328125003,30.35407135624412],[100.680908203125,30.343377996869116],[100.69101562500003,30.33063385624412],[100.70703125,30.298846746869117],[100.716552734375,30.285419012494117],[100.72802734375,30.272333074994116],[100.73769531250002,30.257928778119116],[100.74179687500003,30.240497137494117],[100.750244140625,30.22589752811912],[100.787353515625,30.221063543744116],[100.80419921875,30.19342682499412],[100.82285156250003,30.19403717655662],[100.84287109375003,30.19904205936912],[100.8544921875,30.19953034061912],[100.863037109375,30.189715887494117],[100.8662109375,30.187030340619117],[100.91572265625001,30.196063543744117],[100.93671875000001,30.20758698124412],[100.95664062500003,30.21063873905662],[100.97792968750002,30.209100653119116],[100.99570312500003,30.203241278119116],[101.002197265625,30.180047918744116],[100.998779296875,30.15729401249412],[100.991943359375,30.136004949994117],[100.98818359375002,30.11725494999412],[100.994384765625,30.110467840619116],[101.006103515625,30.10700104374412],[101.01318359375,30.101825262494117],[101.005615234375,30.089960028119116],[101.001953125,30.08222077030662],[101.00351562500003,30.073114324994116],[101.00722656250002,30.06305573124412],[101.00937500000003,30.05243561405662],[101.00302734375003,30.00690338749412],[101.00302734375003,29.98114655155662],[101.012451171875,29.969842840619116],[101.02714843749999,29.960467840619117],[101.06191406250002,29.916131903119116],[101.07080078125,29.90155670780662],[101.0869140625,29.859149481244117],[101.09033203125,29.83917877811912],[101.08837890625,29.753778387494116],[101.08437500000002,29.736444403119116],[101.07236328125003,29.71234772343162],[101.07080078125,29.70233795780662],[101.07412109375002,29.69147369999412],[101.088134765625,29.67169830936912],[101.09121093750002,29.66510651249412],[101.08994140625003,29.66058991093162],[101.083740234375,29.64789459843162],[101.0810546875,29.64398834843162],[101.080078125,29.640497137494116],[101.08339843750002,29.62982819218162],[101.08437500000002,29.62384674686912],[101.086669921875,29.61737702030662],[101.11835937500001,29.57562897343162],[101.12509765625003,29.56989166874412],[101.13222656250002,29.565790106244116],[101.124755859375,29.527948309369116],[101.15234375,29.46466705936912],[101.1396484375,29.428583074994116],[101.107177734375,29.39972565311912],[101.08759765625001,29.38605377811912],[101.07421875,29.38019440311912],[101.072509765625,29.37836334843162],[101.05859375,29.369647528119117],[101.05029296875,29.36652252811912],[101.039794921875,29.367059637494116],[101.030517578125,29.37067291874412],[101.02109375000003,29.37213776249412],[101.00937500000003,29.36652252811912],[101.00937500000003,29.359735418744116],[101.015869140625,29.35028717655662],[101.01816406250003,29.345477606244117],[101.015625,29.346063543744116],[101.021484375,29.344501043744117],[101.029296875,29.345233465619117],[101.03544921874999,29.34808991093162],[101.03603515625002,29.352899481244116],[101.04072265625001,29.34235260624412],[101.04296875,29.33197662968162],[101.05458984375002,29.20294830936912],[101.06171875000001,29.17890045780662],[101.07421875,29.16791412968162],[101.09375,29.16083405155662],[101.105224609375,29.14325592655662],[101.11865234375,29.09967682499412],[101.1513671875,29.02997467655662],[101.14990234375,29.01337311405662],[101.142822265625,29.00336334843162],[101.14218750000003,28.994256903119116],[101.150390625,28.966669012494116],[101.16083984375001,28.960467840619117],[101.17246093750003,28.956170965619116],[101.1806640625,28.94879791874412],[101.18427734375001,28.927997137494117],[101.173828125,28.86286041874412],[101.17509765624999,28.79645416874412],[101.1806640625,28.77692291874412],[101.18603515625,28.768670965619116],[101.19140625,28.764667059369117],[101.19667968750002,28.759881903119116],[101.20107421875002,28.74957916874412],[101.20253906250002,28.739276434369117],[101.201904296875,28.684930731244116],[101.24208984375002,28.49518463749412],[101.27041015625002,28.41596100468162],[101.27978515625,28.39911530155662],[101.29296875,28.383661199994116],[101.311279296875,28.37470123905662],[101.3310546875,28.37213776249412],[101.349853515625,28.36579010624412],[101.364990234375,28.34552643436912],[101.36660156250002,28.33576080936912],[101.36328125,28.31586334843162],[101.364990234375,28.304559637494116],[101.369384765625,28.29816315311912],[101.38271484375002,28.285760809369116],[101.385498046875,28.28070709843162],[101.384033203125,28.257342840619117],[101.37177734375001,28.201532293744116],[101.37890625,28.16608307499412],[101.408203125,28.14093659061912],[101.443115234375,28.11896393436912],[101.46738281250003,28.092889715619116],[101.478271484375,28.07074616093162],[101.4873046875,28.06305573124412],[101.52597656250003,28.06500885624412],[101.54052734375,28.07367584843162],[101.571044921875,28.13385651249412],[101.587890625,28.14960358280662],[101.60830078125002,28.16461823124412],[101.62539062500002,28.180438543744117],[101.63242187500003,28.19843170780662],[101.634765625,28.20844147343162],[101.64453125,28.22785065311912],[101.65292968750003,28.284051824994116],[101.65292968750003,28.32562897343162],[101.65576171875,28.336297918744116],[101.66650390625,28.36286041874412],[101.67441406250003,28.37213776249412],[101.71044921875,28.39667389530662],[101.72119140625,28.407001043744117],[101.74599609375002,28.474383856244117],[101.74912109375003,28.492938543744117],[101.74501953125002,28.53485748905662],[101.74824218750001,28.550409246869116],[101.76279296875003,28.56525299686912],[101.828125,28.59406159061912],[101.849609375,28.612079168744117],[101.8759765625,28.61835358280662],[101.90380859375,28.621210028119116],[101.919921875,28.620477606244116],[101.93798828125,28.60675690311912],[101.93603515625,28.59259674686912],[101.92587890625003,28.57758209843162],[101.913818359375,28.544452215619117],[101.8720703125,28.48273346561912],[101.8642578125,28.44269440311912],[101.88193359375003,28.36334869999412],[101.8857421875,28.32562897343162],[101.883544921875,28.316522528119116],[101.874267578125,28.29498932499412],[101.86191406250003,28.27765534061912],[101.86083984375,28.269061590619117],[101.86093750000003,28.26032135624412],[101.8583984375,28.24994537968162],[101.84824218750003,28.231708074994117],[101.813720703125,28.19159577030662],[101.79638671875,28.160516668744116],[101.79160156250003,28.14630768436912],[101.79052734375,28.139276434369116],[101.79013671875003,28.130145574994117],[101.78671875000003,28.109491278119116],[101.77197265625,28.07746002811912],[101.76904296875,28.05817291874412],[101.77392578125,28.03681061405662],[101.78554687500002,28.028338934369117],[101.82431640625003,28.02399323124412],[101.84521484375,28.02423737186912],[101.8544921875,28.02167389530662],[101.8583984375,28.01312897343162],[101.853515625,28.006708074994116],[101.8271484375,27.989276434369117],[101.82285156250003,27.98065827030662],[101.83945312500003,27.962518621869116],[101.86123046875002,27.946795965619117],[101.8720703125,27.94489166874412],[101.86855468750002,27.92377350468162],[101.859619140625,27.911249090619116],[101.84853515625002,27.90094635624412],[101.837890625,27.88617584843162],[101.867431640625,27.886102606244116],[101.88232421875,27.87653229374412],[101.88535156250003,27.85980866093162],[101.87890625,27.83844635624412],[101.91152343750002,27.82453034061912],[101.92490234375003,27.786249090619116],[101.93427734375001,27.74310944218162],[101.95458984375,27.71491119999412],[101.977294921875,27.71088287968162],[101.9970703125,27.712420965619117],[102.01083984375003,27.70758698124412],[102.01611328125,27.68451569218162],[102.01513671875,27.66583893436912],[102.01093750000001,27.64276764530662],[102.00263671875001,27.62262604374412],[101.98876953125,27.61249420780662],[101.994384765625,27.603876043744116],[101.99824218750001,27.595721746869117],[102.00048828125,27.588006903119116],[102.00136718750002,27.580682684369116],[101.99755859375,27.56012604374412],[101.978759765625,27.51984284061912],[101.97451171875002,27.49640534061912],[101.97226562500003,27.43048737186912],[101.96083984375002,27.365497137494117],[101.95009765625002,27.33722565311912],[101.937255859375,27.317010809369116],[101.90322265625002,27.28009674686912],[101.88906250000002,27.25763580936912],[101.871337890625,27.205340887494117],[101.8583984375,27.18048737186912],[101.8681640625,27.176044012494117],[101.874267578125,27.16669342655662],[101.876708984375,27.15741608280662],[101.87548828125,27.15314362186912],[101.87568359375001,27.15094635624412],[101.8447265625,27.139520574994116],[101.82871093750003,27.128045965619116],[101.81552734375003,27.114618231244116],[101.80654296875002,27.097430731244117],[101.80322265625,27.074335028119116],[101.79794921875003,27.05609772343162],[101.773681640625,27.01178619999412],[101.728759765625,26.96881744999412],[101.70839843750002,26.962030340619116],[101.69677734375,26.956805731244117],[101.68710937500003,26.947772528119117],[101.69931640625003,26.932147528119117],[101.70273437500003,26.89313385624412],[101.72519531250003,26.84845612186912],[101.732177734375,26.84467194218162],[101.76904296875,26.837909246869117],[101.79648437500003,26.81769440311912],[101.83642578125,26.763446356244117],[101.865234375,26.742938543744117],[101.85595703125,26.732049871869116],[101.82431640625003,26.67401764530662],[101.82363281250002,26.66925690311912],[101.8251953125,26.658221746869117],[101.82431640625003,26.65350983280662],[101.81337890625002,26.63812897343162],[101.79638671875,26.605096746869116]]]}},{"type":"Feature","properties":{"rank":7},"geometry":{"type":"MultiLineString","coordinates":[[[80.940673828125,31.39154694218162],[80.921142578125,31.382098699994117],[80.89990234375,31.38239166874412],[80.8623046875,31.38812897343162],[80.85195312500002,31.38580963749412],[80.83154296875,31.377557684369116],[80.82080078125,31.375116278119116],[80.80839843749999,31.37531159061912],[80.78701171875002,31.38007233280662],[80.73583984375,31.38214752811912],[80.72412109375,31.388202215619117],[80.67470703125002,31.44684479374412],[80.655517578125,31.46246979374412],[80.6318359375,31.47211334843162],[80.61962890625,31.474139715619117],[80.60605468750003,31.47479889530662],[80.5302734375,31.46662018436912],[80.48876953125,31.47040436405662],[80.451904296875,31.48639557499412],[80.423583984375,31.51850006718162],[80.40468750000002,31.559198309369116],[80.39804687500003,31.58161041874412],[80.39560546875003,31.604120184369116],[80.38925781250003,31.62091705936912],[80.37451171875,31.634881903119116],[80.3564453125,31.64826080936912],[80.34091796875003,31.663104559369117],[80.311279296875,31.711932684369117],[80.306884765625,31.72736237186912],[80.30312500000002,31.752801824994116],[80.29296875,31.77020905155662],[80.259033203125,31.79962799686912],[80.21640625000003,31.852655340619116],[80.18544921875002,31.86981842655662],[80.17519531250002,31.88996002811912],[80.162841796875,31.92938873905662],[80.13251953125001,31.99567291874412],[80.066650390625,32.08082916874412],[80.05068359375002,32.13226959843162],[80.042724609375,32.14569733280662],[79.98134765625002,32.19379303593162],[79.937255859375,32.238397528119116],[79.93017578125,32.248407293744116],[79.92626953125,32.26703522343162],[79.91660156250003,32.28656647343162],[79.904296875,32.30414459843162],[79.810791015625,32.39411041874412],[79.778564453125,32.409784246869116],[79.74609375,32.41962311405662],[79.73183593750002,32.42633698124412],[79.70087890625001,32.449579168744116],[79.69326171875002,32.45807526249412],[79.68994140625,32.46754791874412],[79.68994140625,32.48602936405662],[79.68798828125,32.49262116093162],[79.68310546875,32.497919012494116]]]}},{"type":"Feature","properties":{"rank":7},"geometry":{"type":"MultiLineString","coordinates":[[[95.786865234375,20.21820709843162],[95.81582031250002,20.198846746869123],[95.83115234375003,20.19306061405662],[95.85205078125,20.190936590619117],[95.87158203125,20.19391510624412],[95.90839843750001,20.20514557499412],[95.93076171875003,20.204608465619117],[95.99091796875001,20.18060944218162],[96.00966796875002,20.176629949994123],[96.014892578125,20.17462799686912],[96.02011718750003,20.17011139530662],[96.02685546875,20.16559479374412],[96.03720703125003,20.163592840619117],[96.0830078125,20.163592840619117],[96.1005859375,20.16168854374412],[96.12099609375002,20.15595123905662],[96.14179687500001,20.146258856244117],[96.16074218750003,20.132586981244117],[96.1669921875,20.125360418744123],[96.174560546875,20.11212799686912],[96.18105468750002,20.10529205936912],[96.18984375000002,20.10053131718162],[96.20937500000002,20.097284246869123],[96.21826171875,20.094745184369117],[96.24082031250003,20.06903717655662],[96.2470703125,20.02960846561912],[96.2392578125,19.94391510624412],[96.241455078125,19.884149481244123],[96.2392578125,19.861932684369123],[96.22802734375,19.839471746869123],[96.22568359375003,19.82782623905662],[96.23193359375,19.786883856244117],[96.247314453125,19.766131903119117],[96.28271484375,19.73126862186912],[96.2939453125,19.71112702030662],[96.296142578125,19.68805573124412],[96.29287109375002,19.668573309369123],[96.29179687499999,19.64984772343162],[96.30078125,19.62921784061912],[96.27822265625002,19.62287018436912],[96.283203125,19.59516022343162],[96.3076171875,19.53607819218162],[96.29052734375,19.49884674686912],[96.283203125,19.492303778119123],[96.27988281250003,19.477557684369117],[96.279541015625,19.461542059369123],[96.2802734375,19.451678778119117],[96.29179687499999,19.40289948124412],[96.30214843750002,19.37995026249412],[96.31787109375,19.35858795780662],[96.32119140625002,19.35053131718162],[96.31699218750003,19.34442780155662],[96.310791015625,19.338495184369123],[96.3076171875,19.330926824994123],[96.309814453125,19.323504949994117],[96.31904296875001,19.31720612186912],[96.32529296875003,19.29938385624412],[96.3349609375,19.28803131718162],[96.346435546875,19.28192780155662],[96.35595703125,19.28656647343162],[96.41123046875003,19.19696686405662],[96.42431640625,19.163104559369117],[96.43076171875003,19.158563543744123],[96.435546875,19.15424225468162],[96.43798828125,19.150018621869123],[96.436279296875,19.143817449994117],[96.431640625,19.13861725468162],[96.4267578125,19.13556549686912],[96.42431640625,19.135760809369117],[96.42431640625,19.11530182499412],[96.42597656250001,19.109002996869123],[96.43017578125,19.108758856244123],[96.434814453125,19.110126043744117],[96.43798828125,19.10846588749412],[96.44248046875003,19.08856842655662],[96.43798828125,19.032733465619117],[96.45156250000002,19.033075262494123],[96.45742187500002,19.014764715619123],[96.45986328125002,18.951776434369123],[96.463134765625,18.941034246869123],[96.468994140625,18.936542059369117],[96.477783203125,18.93292877811912],[96.47998046875,18.92462799686912],[96.4794921875,18.90985748905662],[96.49863281250003,18.87592194218162],[96.50058593750003,18.85675690311912],[96.48261718750001,18.84833405155662],[96.45957031250003,18.844501043744117],[96.44931640625003,18.83344147343162],[96.44814453125002,18.81598541874412],[96.45751953125,18.76325104374412],[96.45849609375,18.738544012494117],[96.45693359375002,18.73187897343162],[96.45253906250002,18.72077057499412],[96.45166015625,18.71369049686912],[96.454833984375,18.692889715619117],[96.46337890625,18.679559637494123],[96.48574218750002,18.65656159061912],[96.50537109375,18.620868231244117],[96.52011718750003,18.602069403119117],[96.55839843749999,18.585321356244123],[96.578125,18.565301824994123],[96.59375,18.54254791874412],[96.60498046875,18.520282293744117],[96.60781250000002,18.51715729374412],[96.61591796875001,18.511981512494117],[96.61259765624999,18.50873444218162],[96.60595703125,18.50153229374412],[96.60244140625002,18.498309637494117],[96.60927734375002,18.48859284061912],[96.62978515625002,18.47101471561912],[96.63320312500002,18.46112702030662],[96.63720703125,18.43683502811912],[96.66679687499999,18.37543366093162],[96.671875,18.36762116093162],[96.67822265625,18.36115143436912],[96.67373046875002,18.354608465619123],[96.670654296875,18.34638092655662],[96.670654296875,18.337909246869117],[96.6748046875,18.330682684369123],[96.684814453125,18.319354559369117],[96.6845703125,18.313739324994117],[96.68017578125,18.30890534061912],[96.67822265625,18.299676824994123],[96.68173828125003,18.25873444218162],[96.69882812500003,18.196161199994123],[96.70546875000002,18.182391668744117],[96.717041015625,18.17059967655662],[96.72607421875,18.17121002811912],[96.73408203125001,18.175067449994117],[96.74267578125,18.172723699994123],[96.74589843749999,18.16571686405662],[96.73916015625002,18.150653387494117],[96.739013671875,18.14142487186912],[96.74335937500001,18.13764069218162],[96.750244140625,18.13641998905662],[96.75673828125002,18.13361237186912],[96.759521484375,18.125262762494117],[96.75742187500003,18.12262604374412],[96.7529296875,18.12067291874412],[96.74824218750001,18.11664459843162],[96.74648437500002,18.10785553593162],[96.75634765625,18.077167059369117],[96.77353515625003,18.05853912968162],[96.780517578125,18.05329010624412],[96.79501953125003,18.056170965619117],[96.803955078125,18.053973699994117],[96.807861328125,18.042743231244117],[96.80869140625003,18.01520416874412],[96.81259765625003,18.004413153119117],[96.821533203125,17.99799225468162],[96.81191406250002,17.993036199994123],[96.807861328125,17.991815496869123],[96.807861328125,17.984393621869117],[96.82832031250001,17.97638580936912],[96.83447265625,17.96002838749412],[96.835205078125,17.943866278119117],[96.838623046875,17.93659088749412],[96.85439453125002,17.939227606244117],[96.85791015625,17.935663153119123],[96.86318359375002,17.92291901249412],[96.8642578125,17.914422918744123],[96.86318359375002,17.881952215619123],[96.878662109375,17.79401276249412],[96.88720703125,17.77533600468162],[96.889892578125,17.765252996869123],[96.88955078125002,17.753924871869117],[96.884521484375,17.73444244999412],[96.883056640625,17.72370026249412],[96.88222656250002,17.720965887494117],[96.880859375,17.711444403119117],[96.881591796875,17.701190496869117],[96.886474609375,17.69635651249412],[96.8916015625,17.69391510624412],[96.897216796875,17.68781159061912],[96.90175781250002,17.68012116093162],[96.90341796875003,17.67279694218162],[96.90214843749999,17.656756903119117],[96.8837890625,17.56952545780662],[96.883056640625,17.457391668744123]]]}},{"type":"Feature","properties":{"rank":7},"geometry":{"type":"MultiLineString","coordinates":[[[78.13076171875002,21.700799871869123],[78.02783203125,21.68195221561912],[77.9970703125,21.684198309369123],[77.951904296875,21.71588776249412],[77.92431640625,21.725116278119117],[77.83935546875,21.72455475468162],[77.81113281250003,21.727655340619123],[77.80751953125002,21.733417059369117],[77.80839843749999,21.76019928593162],[77.80722656250003,21.773309637494123],[77.77841796875003,21.81110260624412],[77.72890625000002,21.821405340619123],[77.395263671875,21.807733465619123],[77.36865234375,21.805780340619123],[77.312255859375,21.808124090619117],[77.29638671875,21.804803778119123],[77.302001953125,21.78742096561912],[77.28574218750003,21.777460028119123],[77.239501953125,21.763446356244117],[77.227783203125,21.754510809369123],[77.21992187500001,21.74701569218162],[77.21103515625003,21.74017975468162],[77.19687500000003,21.733661199994117],[77.17763671875002,21.72907135624412],[77.115478515625,21.72406647343162],[77.0693359375,21.71234772343162],[77.02880859375,21.69367096561912],[76.91738281250002,21.618182684369117],[76.899658203125,21.61273834843162],[76.84365234375002,21.613397528119123],[76.81396484375,21.60016510624412],[76.793701171875,21.57709381718162],[76.78828125000001,21.546747137494123],[76.77109375000003,21.512713934369117],[76.72597656250002,21.479510809369117],[76.67333984375,21.453241278119123],[76.63427734375,21.44013092655662],[76.60683593750002,21.438983465619117],[76.52783203125,21.453241278119123],[76.49257812500002,21.451288153119123],[76.38828125000003,21.42218659061912],[76.34345703125001,21.39984772343162],[76.23496093750003,21.29755280155662],[76.17373046875002,21.25885651249412],[76.162109375,21.24823639530662],[76.1435546875,21.224383856244117],[76.09970703125003,21.188006903119117],[76.072265625,21.171161199994117],[76.067138671875,21.16083405155662],[76.06494140625,21.150262762494123],[76.057373046875,21.13983795780662],[76.00039062500002,21.102411199994123],[75.935791015625,21.07575104374412],[75.86767578125,21.06085846561912],[75.799560546875,21.05866119999412],[75.771484375,21.06293366093162],[75.71816406250002,21.082049871869117],[75.69248046875,21.09454987186912],[75.66455078125,21.10443756718162],[75.57802734375002,21.117450262494117],[75.440185546875,21.170038153119123],[75.3876953125,21.17279694218162],[75.370361328125,21.17011139530662],[75.3154296875,21.15033600468162],[75.30312500000002,21.14826080936912],[75.23984375,21.149774481244123],[75.225341796875,21.153338934369117],[75.20908203125,21.15936920780662],[75.18789062500002,21.174335028119117],[75.177001953125,21.17877838749412],[75.12158203125,21.16632721561912],[75.066650390625,21.17084381718162],[75.01406250000002,21.186297918744117],[74.97177734375,21.215838934369117],[74.95556640625,21.22028229374412],[74.948974609375,21.22370026249412],[74.941650390625,21.232049871869123],[74.93251953125002,21.245624090619117],[74.923828125,21.253778387494123],[74.902587890625,21.264032293744123],[74.85097656250002,21.27387116093162],[74.827880859375,21.28095123905662],[74.8072265625,21.29791901249412],[74.78369140625,21.34162018436912],[74.76220703125,21.360467840619123],[74.7041015625,21.38202545780662],[74.694921875,21.388544012494123],[74.68896484375,21.39484284061912],[74.68125,21.399774481244123],[74.4048828125,21.444110418744117],[74.38369140625002,21.45551178593162],[74.36025390625002,21.475702215619123],[74.33134765625002,21.506854559369117],[74.31386718750002,21.51715729374412],[74.29189453125002,21.51740143436912],[74.26015625000002,21.511493231244117],[74.2265625,21.509540106244117],[74.19287109375,21.51117584843162],[74.160400390625,21.516229559369123],[74.134033203125,21.51593659061912],[73.941015625,21.473749090619123],[73.906494140625,21.46198151249412],[73.884521484375,21.451678778119117],[73.86474609375,21.43939850468162],[73.84765625,21.424823309369117],[73.806396484375,21.36981842655662],[73.79013671875,21.35663483280662],[73.72744140625002,21.32477448124412],[73.713134765625,21.310663153119123],[73.70361328125,21.28925202030662],[73.70458984375,21.28034088749412],[73.70859375,21.272333074994123],[73.71044921875,21.26410553593162],[73.70419921875,21.25470612186912],[73.69189453125,21.24738190311912],[73.679443359375,21.245477606244123],[73.626708984375,21.24921295780662],[73.52431640625002,21.27179596561912],[73.388427734375,21.280389715619123],[73.36376953125,21.279071356244117],[73.341552734375,21.27240631718162],[73.33144531250002,21.26544830936912],[73.324462890625,21.257831121869117],[73.316162109375,21.25092194218162],[73.30214843750002,21.24591705936912],[73.2861328125,21.244647528119117],[73.2525390625,21.24591705936912],[73.2353515625,21.24335358280662],[73.19765625000002,21.228143621869123],[73.183203125,21.227313543744117],[73.16347656250002,21.23016998905662],[73.1470703125,21.23493073124412],[73.1328125,21.24384186405662],[73.1060546875,21.27362702030662],[73.08974609375002,21.285419012494117],[73.071044921875,21.29376862186912],[73.01064453125002,21.30707428593162],[72.99814453125,21.308124090619117],[72.98183593750002,21.305292059369123],[72.9716796875,21.299823309369117],[72.96230468750002,21.293231512494117],[72.92685546875,21.276971746869123],[72.87744140625,21.22931549686912],[72.857421875,21.227899481244123],[72.81982421875,21.25079987186912],[72.8017578125,21.244647528119117],[72.79873046875002,21.23053619999412],[72.81201171875,21.20209381718162],[72.80517578125,21.19086334843162],[72.75136718750002,21.15570709843162],[72.72861328125,21.148065496869123]]]}},{"type":"Feature","properties":{"rank":7},"geometry":{"type":"MultiLineString","coordinates":[[[83.90341796875003,23.19806549686912],[83.94384765625,23.178338934369123],[83.963134765625,23.14191315311912],[83.98769531250002,23.056268621869123],[84.02109375000003,23.02118561405662],[84.072998046875,22.994501043744123],[84.12929687500002,22.98456452030662],[84.176025390625,22.99957916874412],[84.188720703125,23.02850983280662],[84.201171875,23.07477448124412],[84.21728515625,23.112811590619117],[84.241455078125,23.11676666874412],[84.25380859375002,23.10407135624412],[84.273681640625,23.07208893436912],[84.284912109375,23.057879949994117],[84.381103515625,22.979852606244123],[84.391357421875,22.96759674686912],[84.398193359375,22.953631903119117],[84.40009765625001,22.93585846561912],[84.396240234375,22.92218659061912],[84.390380859375,22.90888092655662],[84.386474609375,22.892206121869123],[84.388427734375,22.818231512494123],[84.419921875,22.68634674686912],[84.4228515625,22.656122137494123],[84.41445312500002,22.62738678593162],[84.3935546875,22.60626862186912],[84.33994140625003,22.57831452030662],[84.31894531250003,22.55646393436912],[84.30908203125,22.49872467655662],[84.33994140625003,22.45392487186912],[84.44003906250003,22.392596746869117],[84.511962890625,22.32538483280662],[84.537353515625,22.31500885624412],[84.58291015625002,22.320086981244117],[84.60791015625,22.31793854374412],[84.6220703125,22.31439850468162],[84.634033203125,22.30695221561912],[84.653564453125,22.28864166874412],[84.66806640625003,22.26520416874412]]]}},{"type":"Feature","properties":{"rank":7},"geometry":{"type":"MultiLineString","coordinates":[[[77.57275390625,13.40680573124412],[77.59716796875,13.42023346561912],[77.60927734375002,13.43488190311912],[77.61328125,13.451776434369123],[77.61367187500002,13.47199127811912],[77.61044921875003,13.477557684369117],[77.596435546875,13.494012762494123],[77.59326171875,13.49957916874412],[77.58984375,13.51141998905662],[77.58203125,13.516376043744117],[77.57285156250003,13.51874420780662],[77.56533203125002,13.52289459843162],[77.56103515625,13.529559637494117],[77.555419921875,13.54450104374412],[77.55166015625002,13.550799871869117],[77.53281250000003,13.562372137494123],[77.522216796875,13.57111237186912],[77.51748046875002,13.58185455936912],[77.514404296875,13.59955475468162],[77.487060546875,13.66339752811912],[77.47958984375003,13.69428131718162],[77.473876953125,13.75995514530662],[77.4638671875,13.80243561405662],[77.462890625,13.82453034061912],[77.47109375000002,13.84223053593162],[77.48525390625002,13.863397528119123],[77.494384765625,13.88483307499412],[77.487060546875,13.903338934369117],[77.48095703125,13.912713934369123],[77.4775390625,13.93549225468162],[77.47314453125,13.944940496869123],[77.46464843749999,13.952752996869123],[77.44179687500002,13.969110418744123],[77.42929687500003,13.984002996869123],[77.418701171875,14.00458405155662],[77.415283203125,14.02704498905662],[77.43398437500002,14.06427643436912],[77.43349609375002,14.083612371869123],[77.39638671875002,14.17926666874412],[77.39052734375002,14.188251043744117],[77.37265625000003,14.19513580936912],[77.36513671875002,14.21173737186912],[77.347900390625,14.320819403119117],[77.3427734375,14.335321356244123],[77.34042968750003,14.33991119999412],[77.3388671875,14.35016510624412],[77.3359375,14.35211823124412],[77.33173828125001,14.353387762494123],[77.3193359375,14.360126043744117],[77.3154296875,14.36298248905662],[77.31259765625003,14.367303778119123],[77.31162109375003,14.372333074994117],[77.31201171875,14.38312409061912],[77.31005859375,14.39142487186912],[77.30605468750002,14.392450262494123],[77.30117187500002,14.39154694218162],[77.29775390625002,14.393670965619123],[77.28369140625,14.439569403119123],[77.280517578125,14.46503327030662],[77.2880859375,14.47626373905662],[77.30703125000002,14.481561590619123],[77.31259765625003,14.49567291874412],[77.30517578125,14.53766510624412],[77.28515625,14.577508856244123],[77.278076171875,14.598407293744117],[77.28466796875,14.612811590619117],[77.27187500000002,14.642450262494123],[77.26601562500002,14.66937897343162],[77.27099609375,14.69208405155662],[77.29150390625,14.709002996869117],[77.28212890625002,14.726092840619117],[77.283203125,14.73920319218162],[77.28847656250002,14.75336334843162],[77.29306640625003,14.788202215619123],[77.297119140625,14.80121491093162],[77.310546875,14.83307526249412],[77.31201171875,14.84247467655662],[77.32822265625003,14.86664459843162],[77.365234375,14.87579987186912],[77.40673828125,14.881219793744123],[77.435546875,14.89398834843162],[77.44248046875003,14.888055731244123],[77.44863281250002,14.88800690311912],[77.462890625,14.89398834843162],[77.46503906250001,14.89594147343162],[77.501953125,14.91425202030662],[77.51318359375,14.91498444218162],[77.53476562500003,14.913836981244117],[77.53955078125,14.916766668744117],[77.55908203125,14.935565496869117],[77.57265625000002,14.94183991093162],[77.595458984375,14.949237371869117],[77.61972656250003,14.952167059369117],[77.637939453125,14.94513580936912],[77.653076171875,14.93707916874412],[77.69667968750002,14.93256256718162],[77.716796875,14.928094793744123],[77.757080078125,14.903680731244123],[77.78115234375002,14.898553778119123],[77.79189453125002,14.91754791874412],[77.796875,14.92182037968162],[77.821044921875,14.92792389530662],[77.82929687500001,14.93183014530662],[77.866943359375,14.95538971561912],[77.90488281250003,14.96222565311912],[77.930908203125,14.963983465619123],[77.94257812500001,14.95880768436912],[77.95068359375,14.94513580936912],[77.96962890625002,14.937518621869117],[78.01093750000001,14.928094793744123],[78.03271484375,14.915790106244117],[78.05244140625001,14.90082428593162],[78.07421875,14.87152741093162],[78.07607421875002,14.86664459843162],[78.08505859375003,14.86444733280662],[78.11083984375,14.85236237186912],[78.14511718750003,14.85333893436912],[78.15488281250003,14.85236237186912],[78.17685546875003,14.84186432499412],[78.21826171875,14.810565496869117],[78.24062500000002,14.803973699994117],[78.247802734375,14.806903387494117],[78.272216796875,14.82196686405662],[78.27734375,14.82404205936912],[78.306396484375,14.83185455936912],[78.34492187500001,14.861835028119117],[78.35693359375,14.86664459843162],[78.36376953125,14.86188385624412],[78.369140625,14.85077545780662],[78.372802734375,14.83808014530662],[78.3740234375,14.82880280155662],[78.37744140625,14.823114324994123],[78.4013671875,14.811395574994123],[78.432861328125,14.78912994999412],[78.44921875,14.780633856244123],[78.466796875,14.77728912968162],[78.47939453125002,14.77228424686912],[78.53847656250002,14.736346746869117],[78.54970703125002,14.72504303593162],[78.567138671875,14.70136139530662],[78.580078125,14.688495184369117],[78.59423828125,14.67975494999412],[78.6416015625,14.66058991093162],[78.67255859375001,14.636981512494117],[78.68515625000003,14.617694403119117],[78.689453125,14.612811590619117],[78.70371093750003,14.604120184369123],[78.716064453125,14.60260651249412],[78.74765625000003,14.605975653119117],[78.7568359375,14.602411199994123],[78.761962890625,14.59430573124412],[78.76601562500002,14.58515045780662],[78.77187500000002,14.578631903119117],[78.77841796875003,14.577264715619123],[78.80263671875002,14.578631903119117],[78.815185546875,14.574823309369123],[78.832275390625,14.56586334843162],[78.84736328125001,14.555536199994123],[78.857177734375,14.54389069218162],[78.87832031250002,14.50665924686912],[78.890869140625,14.49518463749412],[78.928955078125,14.468768621869117],[78.94179687500002,14.47577545780662],[78.96484375,14.47247955936912],[78.977294921875,14.47626373905662],[78.99160156250002,14.46588776249412],[79.00751953125001,14.45697662968162],[79.0244140625,14.450702215619117],[79.042236328125,14.44830963749412],[79.08349609375,14.46539948124412],[79.09521484375,14.47284577030662],[79.10507812500003,14.47333405155662],[79.11367187500002,14.46893952030662],[79.121337890625,14.46198151249412],[79.126708984375,14.452997137494123],[79.12851562500003,14.443963934369123],[79.13193359375003,14.435419012494123],[79.14179687500001,14.42780182499412],[79.15009765625001,14.426141668744123],[79.15615234375002,14.42877838749412],[79.16259765625,14.43268463749412],[79.1728515625,14.43463776249412],[79.189453125,14.442254949994123],[79.20634765624999,14.47565338749412],[79.224365234375,14.48309967655662],[79.23378906250002,14.47992584843162],[79.24365234375,14.46576569218162],[79.25107421875003,14.46198151249412],[79.262939453125,14.462909246869117],[79.273193359375,14.467059637494117],[79.281982421875,14.47308991093162],[79.28925781250001,14.47968170780662],[79.306884765625,14.49249909061912],[79.34609375000002,14.50873444218162],[79.41611328125003,14.547626043744117],[79.42636718750003,14.56085846561912],[79.450439453125,14.56769440311912],[79.498046875,14.57123444218162],[79.5390625,14.578631903119117],[79.55009765624999,14.575799871869123],[79.564697265625,14.566913153119117],[79.57021484375002,14.56500885624412],[79.572265625,14.563592840619123],[79.57871093750003,14.55683014530662],[79.58212890625003,14.550165106244123],[79.587158203125,14.552020574994117],[79.59287109375003,14.55597565311912],[79.59736328125001,14.55817291874412],[79.60556640625003,14.559588934369117],[79.6513671875,14.582635809369123],[79.669921875,14.589227606244123],[79.68935546875002,14.59223053593162],[79.714111328125,14.59296295780662],[79.73525390625002,14.587665106244117],[79.752197265625,14.57538483280662],[79.778564453125,14.55072662968162],[79.819580078125,14.53131744999412],[79.83964843749999,14.515399481244117],[79.84814453125,14.49298737186912],[79.91650390625,14.47626373905662],[79.92324218750002,14.47736237186912],[79.9375,14.48248932499412],[79.94384765625,14.48309967655662],[79.951904296875,14.47980377811912],[79.95693359375002,14.474969793744123],[79.963134765625,14.47064850468162],[79.974853515625,14.468768621869117],[79.99853515625,14.471307684369123],[80.015869140625,14.47833893436912],[80.046142578125,14.502948309369117],[80.052734375,14.509540106244117],[80.06064453125003,14.51947662968162],[80.066650390625,14.52399323124412],[80.07558593750002,14.52741119999412],[80.09248046875001,14.52802155155662],[80.101318359375,14.53021881718162],[80.11572265625,14.539081121869117],[80.1337890625,14.557245184369123],[80.14912109375001,14.56500885624412]]]}},{"type":"Feature","properties":{"rank":7},"geometry":{"type":"MultiLineString","coordinates":[[[90.58876953125002,22.962030340619123],[90.58896484375003,22.985223699994123],[90.58984375,23.00299713749412],[90.59736328125001,23.01093170780662],[90.61337890625003,23.000116278119123],[90.609619140625,22.98627350468162],[90.633056640625,22.96906159061912],[90.64013671875,22.952997137494123]],[[90.54443359375,22.78168366093162],[90.51572265625003,22.798358465619117],[90.50693359375003,22.80524323124412],[90.49589843749999,22.811151434369123],[90.473388671875,22.814325262494123],[90.46259765625001,22.822626043744123]],[[90.58154296875,22.78790924686912],[90.59589843750001,22.81525299686912],[90.606201171875,22.825799871869123],[90.616455078125,22.830096746869117],[90.63388671875003,22.82904694218162],[90.65214843749999,22.825067449994123],[90.663818359375,22.81659577030662],[90.662353515625,22.80402252811912]],[[90.68339843749999,22.39191315311912],[90.69384765625,22.399042059369123],[90.70458984375,22.41535065311912],[90.71279296875002,22.435565496869117],[90.7158203125,22.455829168744117],[90.71142578125,22.479120184369123],[90.70009765625002,22.48346588749412],[90.669677734375,22.47260162968162]],[[90.859619140625,22.34223053593162],[90.84511718750002,22.35809967655662],[90.83349609375,22.36286041874412],[90.8212890625,22.366229559369117],[90.81142578125002,22.37018463749412],[90.801513671875,22.37909577030662],[90.78330078125003,22.40021393436912],[90.77412109375001,22.404315496869117],[90.7509765625,22.39972565311912],[90.74111328125002,22.404071356244117],[90.73691406250003,22.42169830936912],[90.73505859375001,22.436297918744117],[90.73056640625003,22.44867584843162],[90.723876953125,22.455194403119123],[90.7158203125,22.45209381718162]]]}},{"type":"Feature","properties":{"rank":7},"geometry":{"type":"MultiLineString","coordinates":[[[84.66806640625003,22.26520416874412],[84.679443359375,22.247088934369117],[84.70937500000002,22.24445221561912],[84.77285156250002,22.252460028119117],[84.79648437500003,22.23859284061912],[84.81728515625002,22.209833074994123],[84.86328125,22.098260809369123],[84.86767578125,22.09235260624412],[84.87353515625,22.087762762494123],[84.87890625,22.08258698124412],[84.8818359375,22.074579168744123],[84.87978515625002,22.06940338749412],[84.869873046875,22.062372137494123],[84.867431640625,22.05890534061912],[84.8740234375,21.98212311405662],[84.8759765625,21.973407293744117],[84.88525390625,21.95783112186912],[84.886962890625,21.95026276249412],[84.88320312500002,21.937372137494123],[84.87646484375,21.92963287968162],[84.86904296875002,21.92291901249412],[84.863525390625,21.91339752811912],[84.862060546875,21.88898346561912],[84.87167968750003,21.869159246869117],[84.888916015625,21.85333893436912],[84.9150390625,21.83734772343162],[84.92617187500002,21.827997137494123],[84.93173828125003,21.825702215619117],[84.938232421875,21.826922918744117],[84.94443359375003,21.830585028119117],[84.949462890625,21.834247137494117],[84.952392578125,21.83576080936912],[84.96474609375002,21.83405182499412],[84.97011718750002,21.832635809369123],[84.973876953125,21.82746002811912],[84.98828125,21.799090887494117],[84.99560546875,21.77802155155662],[84.99912109375003,21.75690338749412],[84.99521484375003,21.741327215619123],[84.96767578125002,21.72931549686912],[84.931640625,21.72492096561912],[84.904296875,21.712909246869117],[84.90371093750002,21.67780182499412],[84.925537109375,21.65534088749412],[84.99277343750003,21.628924871869117],[85.01035156250003,21.603534246869117],[85.009765625,21.570428778119123],[85.001220703125,21.53485748905662],[84.9873046875,21.50079987186912],[84.97089843750001,21.472528387494123],[84.94013671875001,21.43964264530662],[84.93349609375002,21.42365143436912],[84.939697265625,21.399530340619123],[84.96259765625001,21.35639069218162],[84.97675781250001,21.339471746869123],[84.997802734375,21.32001373905662],[85.01503906250002,21.29926178593162],[85.04150390625,21.25031159061912],[85.05751953125002,21.231708074994117],[85.0751953125,21.22394440311912],[85.113525390625,21.21662018436912],[85.12949218750003,21.203876043744117],[85.1357421875,21.187616278119123],[85.13320312500002,21.17243073124412],[85.126953125,21.15680573124412],[85.12216796875003,21.13922760624412],[85.12763671875001,21.107928778119117],[85.14902343750003,21.087518621869123],[85.2041015625,21.055536199994123],[85.22998046875,21.029901434369123],[85.24306640625002,21.00580475468162],[85.246337890625,20.97931549686912],[85.240234375,20.92621491093162],[85.24111328125002,20.915790106244117],[85.244873046875,20.90668366093162],[85.25390625,20.89813873905662],[85.27509765625001,20.88666412968162],[85.28339843750001,20.87933991093162],[85.28798828125002,20.87042877811912],[85.29150390625,20.85199616093162],[85.29501953125003,20.84308502811912],[85.310546875,20.82514069218162],[85.33134765624999,20.80878327030662],[85.3544921875,20.796014715619123],[85.55244140625001,20.741229559369117],[85.58046875000002,20.73993561405662],[85.60781250000002,20.75409577030662],[85.62324218750001,20.773700262494117],[85.631103515625,20.79096100468162],[85.641357421875,20.80646393436912],[85.7646484375,20.875116278119123],[85.81201171875,20.88715241093162],[85.87802734375003,20.87604401249412],[85.9208984375,20.868426824994117],[86.07333984375003,20.86774323124412],[86.11074218750002,20.875506903119117],[86.13134765625,20.87372467655662],[86.19736328125003,20.84760162968162],[86.20634765624999,20.84223053593162],[86.221435546875,20.82636139530662],[86.22988281250002,20.81989166874412],[86.26611328125,20.804461981244117],[86.44404296875001,20.68329498905662],[86.47402343750002,20.67279694218162],[86.50888671875003,20.67829010624412],[86.5576171875,20.700458074994117],[86.571533203125,20.70429108280662],[86.59189453125003,20.70099518436912],[86.626708984375,20.68183014530662],[86.6474609375,20.681512762494123],[86.66689453125002,20.68427155155662],[86.68896484375,20.68305084843162],[86.710693359375,20.67816803593162],[86.72910156250003,20.67023346561912],[86.74375000000003,20.658319403119123],[86.74951171875,20.646112371869123],[86.749267578125,20.61139557499412],[86.76181640625003,20.62189362186912],[86.77392578125,20.628924871869117],[86.78701171875002,20.63336823124412],[86.80214843750002,20.636102606244123],[86.810546875,20.640741278119123],[86.81064453125003,20.65814850468162],[86.81757812500001,20.665301824994117],[86.82958984375,20.66596100468162],[86.843017578125,20.662860418744117],[86.857421875,20.66107819218162],[86.87265625000003,20.66571686405662],[86.90234375,20.68671295780662],[86.91787109375002,20.69501373905662],[86.94013671875001,20.698016668744117]]]}},{"type":"Feature","properties":{"rank":7},"geometry":{"type":"MultiLineString","coordinates":[[[100.59775390625003,13.61225006718162],[100.58740234375,13.61664459843162],[100.5517578125,13.62665436405662],[100.54306640625003,13.64020416874412],[100.54970703125002,13.657733465619117],[100.58310546875003,13.66351959843162],[100.59091796875003,13.67706940311912],[100.592041015625,13.67999909061912],[100.59433593750003,13.682147528119117],[100.5966796875,13.685321356244117],[100.59775390625003,13.691424871869117],[100.595703125,13.69708893436912],[100.59091796875003,13.699579168744123],[100.58632812500002,13.701288153119123],[100.584228515625,13.704706121869123],[100.57998046875002,13.709100653119123],[100.570556640625,13.70795319218162],[100.56113281250003,13.70355866093162],[100.556884765625,13.697870184369123],[100.548583984375,13.68158600468162],[100.529296875,13.681268621869123],[100.50839843750003,13.68842194218162],[100.49472656250003,13.69476959843162],[100.49472656250003,13.70099518436912],[100.5126953125,13.71491119999412],[100.51093750000001,13.72797272343162],[100.501220703125,13.73969147343162],[100.49472656250003,13.749383856244123],[100.498046875,13.767352606244117],[100.50839843750003,13.782586981244123],[100.52880859375,13.80463287968162],[100.54248046875,13.83783600468162],[100.573974609375,13.977899481244123],[100.57119140625002,13.99530670780662],[100.54111328125003,14.008172918744123],[100.541259765625,14.020379949994123],[100.546630859375,14.032342840619123],[100.55009765624999,14.03742096561912],[100.552978515625,14.050653387494123],[100.55283203125003,14.05560944218162],[100.55009765624999,14.064715887494117],[100.54628906250002,14.067254949994123],[100.5390625,14.07037994999412],[100.531982421875,14.07489655155662],[100.52880859375,14.081805731244117],[100.53115234375002,14.08771393436912],[100.53603515625002,14.09039948124412],[100.541015625,14.09235260624412],[100.54306640625003,14.09577057499412],[100.54306640625003,14.123065496869117],[100.51523437500003,14.15412018436912],[100.51210937500002,14.162713934369123],[100.50839843750003,14.188251043744117],[100.5029296875,14.207635809369123],[100.49091796875001,14.236932684369123],[100.48847656250001,14.253436590619117],[100.490478515625,14.288202215619123],[100.48847656250001,14.297479559369123],[100.480224609375,14.30829498905662],[100.47431640625001,14.306659246869117],[100.46875,14.30231354374412],[100.460693359375,14.304950262494117],[100.450439453125,14.31891510624412],[100.43017578125,14.361932684369123],[100.426513671875,14.37628815311912],[100.430908203125,14.390985418744123],[100.43955078125003,14.40778229374412],[100.44492187500003,14.42536041874412],[100.44013671875001,14.44208405155662],[100.45263671875,14.451434637494117],[100.45947265625,14.466083074994117],[100.458251953125,14.48236725468162],[100.447021484375,14.49677155155662],[100.457275390625,14.51227448124412],[100.45615234375003,14.524042059369123],[100.45068359375,14.53412506718162],[100.447021484375,14.54450104374412],[100.46445312500003,14.66974518436912],[100.464111328125,14.68109772343162],[100.46035156250002,14.68634674686912],[100.44921875,14.710956121869117],[100.447021484375,14.71893952030662],[100.447021484375,14.76361725468162],[100.43798828125,14.831073309369117],[100.44013671875001,14.846210028119117],[100.44013671875001,14.85236237186912],[100.4296875,14.855096746869123],[100.41855468750003,14.859491278119123],[100.40966796875,14.86627838749412],[100.40595703125001,14.876581121869123],[100.40439453125003,14.89191315311912],[100.40009765625001,14.90875885624412],[100.3935546875,14.91889069218162],[100.38486328125003,14.913836981244117],[100.378662109375,14.913836981244117],[100.345703125,14.99042389530662],[100.333740234375,15.00324127811912],[100.33134765624999,15.01459381718162],[100.302978515625,15.07892487186912],[100.299560546875,15.07684967655662],[100.29208984375003,15.074237371869117],[100.28867187500003,15.07208893436912],[100.26884765624999,15.119891668744117],[100.251220703125,15.14276764530662],[100.2421875,15.169452215619117],[100.22705078125,15.17877838749412],[100.207763671875,15.181756903119123],[100.189697265625,15.18195221561912],[100.1416015625,15.17450592655662],[100.12929687500002,15.17609284061912],[100.12148437500002,15.180438543744117],[100.11582031250003,15.18695709843162],[100.08388671875002,15.23737213749412],[100.080322265625,15.24689362186912],[100.07861328125,15.255877996869117],[100.07949218750002,15.263934637494117],[100.083251953125,15.27069733280662],[100.0595703125,15.27167389530662],[100.05839843749999,15.28717682499412],[100.06826171875002,15.30658600468162],[100.088134765625,15.336542059369123],[100.092041015625,15.35346100468162],[100.08681640625002,15.368524481244123],[100.07021484375002,15.38056061405662],[100.07021484375002,15.38678619999412],[100.09121093750002,15.383905340619123],[100.096923828125,15.38056061405662],[100.09375,15.38837311405662],[100.08359375000003,15.407586981244123],[100.083251953125,15.41474030155662],[100.09023437500002,15.42084381718162],[100.10800781250003,15.41852448124412],[100.117431640625,15.421502996869123],[100.12734375000002,15.43695709843162],[100.13076171875002,15.455926824994123],[100.12568359375001,15.46820709843162],[100.110595703125,15.463153387494117],[100.110595703125,15.51776764530662],[100.1083984375,15.51825592655662],[100.103759765625,15.520038153119117],[100.09912109375,15.52326080936912],[100.096923828125,15.52802155155662],[100.09794921874999,15.53217194218162],[100.10009765625,15.53864166874412],[100.1025390625,15.544061590619123],[100.10439453125002,15.545038153119123],[100.10693359375,15.54315827030662],[100.10888671875,15.54657623905662],[100.110595703125,15.55499909061912],[100.10888671875,15.55914948124412],[100.10488281250002,15.558710028119123],[100.100341796875,15.557391668744117],[100.096923828125,15.558710028119123],[100.09218750000002,15.56207916874412],[100.0859375,15.56281159061912],[100.080322265625,15.56513092655662],[100.07705078125002,15.573016668744117],[100.09335937500003,15.587665106244117],[100.096923828125,15.59223053593162],[100.09814453125,15.60895416874412],[100.09560546875002,15.622333074994117],[100.09560546875002,15.636102606244123],[100.10439453125002,15.654315496869117],[100.096923828125,15.654315496869117],[100.11835937500001,15.69660065311912],[100.1279296875,15.70209381718162],[100.130859375,15.702411199994117],[100.134033203125,15.70331452030662],[100.14072265625003,15.706561590619117]],[[100.27500000000003,13.51666901249412],[100.263427734375,13.537860418744117],[100.243896484375,13.565301824994123],[100.22988281250002,13.59235260624412],[100.23476562500002,13.61225006718162],[100.23476562500002,13.61908600468162],[100.229736328125,13.62103912968162],[100.22509765625,13.624383856244123],[100.220458984375,13.62653229374412],[100.220458984375,13.63275787968162],[100.22451171875002,13.63434479374412],[100.23476562500002,13.64020416874412],[100.22675781250001,13.646014715619117],[100.22089843750001,13.65521881718162],[100.22089843750001,13.66376373905662],[100.23095703125,13.667499090619117],[100.240478515625,13.666864324994123],[100.261962890625,13.660028387494123],[100.26474609375003,13.66742584843162],[100.26679687500001,13.66913483280662],[100.2666015625,13.66974518436912],[100.261962890625,13.673700262494123],[100.26894531250002,13.68414948124412],[100.2734375,13.696405340619123],[100.27236328125002,13.70758698124412],[100.261962890625,13.71466705936912],[100.26210937500002,13.70648834843162],[100.2607421875,13.698016668744117],[100.25820312500002,13.691180731244117],[100.254638671875,13.688006903119117],[100.2431640625,13.68903229374412],[100.24169921875,13.69550202030662],[100.24326171875003,13.703387762494117],[100.24091796875001,13.70844147343162],[100.21425781250002,13.70868561405662],[100.204833984375,13.71393463749412],[100.21425781250002,13.72894928593162],[100.2294921875,13.721063543744123],[100.235595703125,13.72833893436912],[100.23789062500003,13.740985418744117],[100.24091796875001,13.749383856244123],[100.25625000000002,13.75311920780662],[100.26953125,13.751581121869123],[100.27890625000003,13.754999090619123],[100.282470703125,13.77362702030662],[100.27597656250003,13.77692291874412],[100.26171875,13.773700262494117],[100.24746093750002,13.773797918744123],[100.24091796875001,13.78693268436912],[100.23427734375002,13.78937409061912],[100.20302734375002,13.787127996869117],[100.193115234375,13.79035065311912],[100.18916015625001,13.806512762494123],[100.1982421875,13.815057684369123],[100.21152343750003,13.81976959843162],[100.220458984375,13.82453034061912],[100.22412109375,13.83551666874412],[100.214111328125,13.926874090619123],[100.199951171875,13.975360418744117],[100.18349609375002,13.97968170780662],[100.17714843750002,14.013788153119123],[100.17255859375001,14.085223699994117],[100.16904296875003,14.095721746869117],[100.16748046875,14.098895574994117],[100.1650390625,14.10040924686912],[100.158935546875,14.105731512494117],[100.152587890625,14.10919830936912],[100.145263671875,14.11054108280662],[100.137939453125,14.11298248905662],[100.131103515625,14.11994049686912],[100.128662109375,14.12763092655662],[100.13144531250003,14.143817449994117],[100.131103515625,14.15412018436912],[100.12841796875,14.15949127811912],[100.117431640625,14.174579168744117],[100.117431640625,14.19562409061912],[100.12832031250002,14.23200104374412],[100.1318359375,14.26581452030662],[100.13857421875002,14.297479559369123],[100.14111328125,14.302850653119123],[100.1494140625,14.31232330936912],[100.15214843749999,14.31793854374412],[100.15195312500003,14.32330963749412],[100.14560546875003,14.32648346561912],[100.144775390625,14.33222077030662],[100.16103515625002,14.391620184369117],[100.162109375,14.401141668744117],[100.15517578125002,14.403338934369117],[100.14853515625003,14.40863678593162],[100.13857421875002,14.421014715619123],[100.13730468750003,14.42536041874412],[100.138671875,14.437274481244117],[100.13857421875002,14.44208405155662],[100.136474609375,14.442743231244123],[100.12490234375002,14.44830963749412],[100.117431640625,14.48749420780662],[100.12158203125,14.52411530155662],[100.144775390625,14.59296295780662],[100.14794921875,14.628436590619117],[100.14707031250003,14.65058014530662],[100.1416015625,14.66058991093162],[100.12841796875,14.666131903119123],[100.1142578125,14.67938873905662],[100.102783203125,14.69537994999412],[100.096923828125,14.709002996869117],[100.09003906250001,14.794305731244123],[100.09228515625,14.80353424686912],[100.10205078125,14.81476471561912],[100.10439453125002,14.825702215619117],[100.1015625,14.835223699994117],[100.083251953125,14.86664459843162],[100.073974609375,14.90131256718162],[100.07021484375002,14.93866608280662],[100.06191406250002,14.959100653119123],[100.02480468750002,14.974237371869123],[100.015625,14.99017975468162],[100.017822265625,15.000848699994123],[100.02431640625002,15.011249090619117],[100.03916015625003,15.02741119999412],[100.047119140625,15.039911199994123],[100.04150390625,15.04584381718162],[100.02978515625,15.04950592655662],[100.01904296875,15.05499909061912],[100.01093750000001,15.06659577030662],[100.01416015625,15.07318756718162],[100.02236328125002,15.08014557499412],[100.029296875,15.09259674686912],[100.02978515625,15.10236237186912],[100.02724609375002,15.10895416874412],[100.02392578125,15.114129949994123],[100.0224609375,15.119891668744117],[100.02001953125,15.12006256718162],[100.015869140625,15.12494537968162],[100.01416015625,15.130731512494123],[100.01904296875,15.133563543744117],[100.0244140625,15.13825104374412],[100.029296875,15.14350006718162],[100.03408203125002,15.144305731244117],[100.0439453125,15.15314362186912],[100.05244140625001,15.16339752811912],[100.053955078125,15.17853424686912],[100.07509765625002,15.22467682499412],[100.083251953125,15.237176824994123]]]}},{"type":"Feature","properties":{"rank":6},"geometry":{"type":"MultiLineString","coordinates":[[[81.294677734375,30.79169342655662],[81.293701171875,30.79230377811912],[81.28857421875,30.799579168744117],[81.268310546875,30.812860418744116],[81.221923828125,30.831073309369117],[81.19931640625003,30.85211823124412]],[[76.43505859375,31.422235418744116],[76.46914062500002,31.42597077030662],[76.491943359375,31.41046784061912],[76.508056640625,31.390643621869117],[76.52412109375001,31.37824127811912],[76.55214843750002,31.35297272343162],[76.570068359375,31.33100006718162],[76.60986328125,31.288836981244117],[76.62832031250002,31.27411530155662],[76.649658203125,31.267694403119116],[76.67001953125003,31.26959869999412],[76.68310546875,31.27887604374412],[76.68935546875002,31.292254949994117],[76.68798828125,31.30744049686912],[76.693603515625,31.31244537968162],[76.709228515625,31.309930731244116],[76.723876953125,31.308368231244117],[76.73652343750001,31.30866119999412],[76.74306640625002,31.31769440311912],[76.743896484375,31.332294012494117],[76.750244140625,31.35834381718162],[76.747314453125,31.371210028119116],[76.739013671875,31.375751043744117],[76.73496093750003,31.38287994999412],[76.73652343750001,31.391864324994117],[76.7509765625,31.402606512494117],[76.7646484375,31.40863678593162]]]}},{"type":"Feature","properties":{"rank":6},"geometry":{"type":"MultiLineString","coordinates":[[[81.293701171875,30.79230377811912],[81.30283203125003,30.786249090619116],[81.322509765625,30.76813385624412],[81.33095703125002,30.76434967655662],[81.3544921875,30.764422918744117],[81.365234375,30.76264069218162],[81.37568359375001,30.75812409061912]],[[81.19931640625003,30.85211823124412],[81.18339843749999,30.89630768436912],[81.15087890625,30.91913483280662],[81.07470703125,30.936297918744117],[81.05410156250002,30.94415924686912],[81.0146484375,30.96588776249412],[80.99550781250002,30.97040436405662],[80.97031250000003,30.972186590619117],[80.95175781250003,30.978045965619117],[80.93701171875,30.98859284061912],[80.89492187500002,31.034784246869116],[80.86318359375002,31.05792877811912],[80.79287109375002,31.09332916874412],[80.787353515625,31.098260809369116],[80.771240234375,31.116327215619116],[80.76552734375002,31.12128327030662],[80.75507812500001,31.124627996869116],[80.73281250000002,31.127801824994116],[80.65273437500002,31.12665436405662],[80.62841796875,31.12128327030662],[80.584716796875,31.10712311405662],[80.563232421875,31.096063543744116],[80.55380859375003,31.08307526249412],[80.54550781250003,31.06635162968162],[80.52548828125003,31.054803778119116],[80.50253906250003,31.04804108280662],[80.48496093750003,31.045526434369116],[80.46054687500003,31.04791901249412],[80.42470703125002,31.06256744999412],[80.3994140625,31.06598541874412],[80.39003906250002,31.06915924686912],[80.37119140625003,31.08331940311912],[80.365234375,31.08649323124412],[80.353515625,31.088006903119116],[80.28574218750003,31.114374090619116],[80.26162109375002,31.138202215619117],[80.24892578125002,31.144891668744116],[80.23164062500001,31.15900299686912],[80.22080078125003,31.16217682499412],[80.21142578125,31.163836981244117],[80.15244140625003,31.18598053593162],[80.13876953125003,31.19672272343162],[80.08603515625003,31.26044342655662],[80.076904296875,31.265252996869116],[80.06210937500003,31.26630280155662],[80.050537109375,31.26923248905662],[80.031982421875,31.27826569218162],[80.01210937500002,31.290790106244117],[80.00341796875,31.29840729374412],[79.99824218750001,31.30621979374412],[80.00351562500003,31.33563873905662],[80.001708984375,31.34345123905662],[79.93017578125,31.40241119999412],[79.89492187500002,31.46173737186912],[79.88535156250003,31.471307684369116],[79.86660156250002,31.475116278119117],[79.827880859375,31.492547918744116],[79.806640625,31.49799225468162],[79.679443359375,31.48725006718162],[79.64208984375,31.49115631718162],[79.613037109375,31.502313543744116],[79.6005859375,31.50482819218162],[79.54931640625,31.50482819218162],[79.52587890625,31.50958893436912],[79.50830078125,31.521014715619117],[79.49306640625002,31.534540106244116],[79.47705078125,31.545770574994116],[79.46826171875,31.54816315311912],[79.452392578125,31.54877350468162],[79.44345703125003,31.553241278119117],[79.43593750000002,31.561395574994116],[79.427978515625,31.57892487186912],[79.42294921875003,31.58673737186912],[79.3701171875,31.615106512494116],[79.36093750000003,31.617792059369116],[79.35410156250003,31.63324616093162],[79.33779296875002,31.63593170780662],[79.31757812500001,31.63397858280662],[79.29941406250003,31.63519928593162],[79.2529296875,31.668817449994116],[79.244873046875,31.672723699994116],[79.2265625,31.66962311405662],[79.121337890625,31.69660065311912],[79.11328125,31.694354559369117],[79.09677734375003,31.685077215619117],[79.087158203125,31.682391668744117],[79.07626953125003,31.68280670780662],[79.058837890625,31.68842194218162],[79.049072265625,31.68976471561912],[79.03125,31.685565496869117],[79.013427734375,31.67499420780662],[78.9990234375,31.661639715619117],[78.99091796875001,31.64887116093162],[78.97089843750001,31.65631744999412],[78.94863281250002,31.66095612186912],[78.93027343750003,31.67059967655662],[78.92275390625002,31.69318268436912],[78.91953125000003,31.71637604374412],[78.91074218750003,31.72943756718162],[78.88173828125002,31.751239324994117],[78.858642578125,31.78644440311912],[78.84267578125002,31.805194403119117],[78.82343750000001,31.81329987186912],[78.81201171875,31.81220123905662],[78.79248046875,31.80756256718162],[78.782470703125,31.80646393436912],[78.76962890625003,31.808124090619117],[78.763427734375,31.81256744999412],[78.7587890625,31.81915924686912],[78.73876953125,31.83966705936912],[78.73154296875003,31.84393952030662],[78.71728515625,31.84747955936912],[78.703125,31.84662506718162],[78.690673828125,31.841571356244117],[78.68017578125,31.83588287968162],[78.66328125000001,31.83075592655662],[78.65419921875002,31.82477448124412],[78.63818359375,31.80988190311912],[78.633056640625,31.79950592655662],[78.63125000000002,31.77411530155662],[78.6279296875,31.765497137494116],[78.60898437500003,31.75910065311912],[78.58134765624999,31.75653717655662],[78.55625000000003,31.750604559369116],[78.54531250000002,31.73419830936912],[78.53847656250002,31.71845123905662],[78.52197265625,31.706317449994117],[78.454833984375,31.675409246869116],[78.435302734375,31.65778229374412],[78.42958984375002,31.633807684369117],[78.4423828125,31.60040924686912],[78.423583984375,31.595086981244116],[78.37060546875,31.594256903119117],[78.353515625,31.59833405155662],[78.33437500000002,31.605731512494117],[78.313720703125,31.608905340619117],[78.29208984375003,31.60040924686912],[78.28476562500003,31.59308502811912],[78.281494140625,31.58563873905662],[78.272216796875,31.52838776249412],[78.26132812500003,31.521112371869116],[78.236328125,31.51544830936912],[78.20849609375,31.512225653119117],[78.18906250000003,31.51227448124412],[78.1015625,31.52838776249412],[78.01845703125002,31.553241278119117],[77.9853515625,31.567645574994117],[77.96875,31.571649481244116],[77.94580078125,31.573114324994116],[77.82929687500001,31.56391022343162],[77.78769531250003,31.550165106244116],[77.703125,31.50482819218162],[77.68886718750002,31.492450262494117],[77.676025390625,31.476581121869117],[77.662109375,31.46283600468162],[77.63320312500002,31.45441315311912],[77.62832031250002,31.44733307499412],[77.627197265625,31.43732330936912],[77.62734375000002,31.42572662968162],[77.629638671875,31.41181061405662],[77.6328125,31.405047918744117],[77.631591796875,31.40094635624412],[77.62050781250002,31.39496491093162],[77.57832031250001,31.39423248905662],[77.555419921875,31.389178778119117],[77.53798828125002,31.35443756718162],[77.519775390625,31.350604559369117],[77.4765625,31.354022528119117],[77.441162109375,31.34711334843162],[77.4287109375,31.347186590619117],[77.42050781250003,31.349969793744116],[77.403076171875,31.35944244999412],[77.39052734375002,31.361444403119116],[77.3681640625,31.358661199994117],[77.356201171875,31.35053131718162],[77.32041015625003,31.287860418744117],[77.3076171875,31.27606842655662],[77.2880859375,31.27142975468162],[77.26699218750002,31.26972077030662],[77.15908203125002,31.240741278119117],[77.1376953125,31.237909246869116],[77.12978515625002,31.24103424686912],[77.114990234375,31.25470612186912],[77.103271484375,31.257831121869117],[77.09130859375,31.258905340619116],[77.07958984375,31.261981512494117],[76.99375000000003,31.30670807499412],[76.98378906250002,31.316766668744116],[76.97617187500003,31.32599518436912],[76.94091796875,31.35895416874412],[76.92910156250002,31.367694403119117],[76.90576171875,31.370379949994117],[76.890625,31.36627838749412],[76.88242187500003,31.368768621869116],[76.88007812500001,31.39154694218162],[76.88251953125001,31.402362371869117],[76.88593750000001,31.40997955936912],[76.88417968750002,31.414569403119117],[76.85830078125002,31.41852448124412],[76.83603515625003,31.42841217655662],[76.825439453125,31.42914459843162],[76.81093750000002,31.42316315311912],[76.798583984375,31.41535065311912],[76.78457031250002,31.409295965619116],[76.7646484375,31.40863678593162]],[[76.43505859375,31.422235418744116],[76.43007812500002,31.418475653119117],[76.41904296875003,31.41766998905662],[76.409423828125,31.420917059369117],[76.40087890625,31.42914459843162],[76.39462890625003,31.417108465619116],[76.38466796875002,31.412469793744116],[76.37412109375003,31.40949127811912],[76.36669921875,31.40241119999412],[76.36484375000003,31.390985418744116],[76.378173828125,31.338983465619116],[76.437255859375,31.24274323124412],[76.46787109375003,31.21906159061912],[76.5380859375,31.18329498905662],[76.55341796875001,31.17059967655662],[76.56416015625001,31.153827215619117],[76.57021484375002,31.13361237186912],[76.572265625,31.11066315311912],[76.584716796875,31.09015534061912],[76.58730468750002,31.07855866093162],[76.57558593750002,31.07343170780662],[76.56240234375002,31.07208893436912],[76.549072265625,31.06745026249412],[76.5380859375,31.05890534061912],[76.53125,31.045526434369116],[76.53173828125,31.036737371869116],[76.53857421875,31.015887762494117],[76.5380859375,31.00458405155662],[76.5322265625,30.997333074994117],[76.51455078125002,30.986835028119117],[76.5107421875,30.980340887494116],[76.50576171875002,30.97785065311912],[76.472900390625,30.97040436405662],[76.45947265625,30.971210028119117],[76.452880859375,30.973651434369117],[76.42617187500002,30.99774811405662],[76.41162109375,31.006952215619116],[76.39541015625002,31.01154205936912],[76.37294921875002,31.01141998905662],[76.34345703125001,31.00482819218162],[76.33261718750003,31.00458405155662],[76.32177734375,31.00714752811912],[76.30234375000003,31.016131903119117],[76.291015625,31.018817449994117],[76.28720703125003,31.01679108280662],[76.2763671875,31.00702545780662],[76.2705078125,31.00458405155662],[76.2197265625,31.018573309369117],[76.20849609375,31.018817449994117],[76.19931640625003,31.016376043744117],[76.17919921875,31.00726959843162],[76.16748046875,31.00458405155662],[76.122802734375,31.00458405155662],[76.11367187500002,31.002460028119117],[76.093994140625,30.993036199994116],[76.08251953125,30.99091217655662],[75.999755859375,30.99433014530662],[75.980224609375,30.99957916874412],[75.96572265625002,31.00800202030662],[75.92294921875,31.02252838749412],[75.8296875,30.99713776249412],[75.79072265625001,31.00458405155662],[75.7544921875,30.99530670780662],[75.63496093750001,30.98712799686912],[75.60634765625002,30.99091217655662],[75.57568359375,30.977411199994116],[75.53916015625,30.97260162968162],[75.39560546875,30.98517487186912],[75.36044921875,30.993182684369117],[75.33203125,31.00458405155662],[75.32041015625,31.013934637494117],[75.3091796875,31.02521393436912],[75.296484375,31.034686590619117],[75.28017578125002,31.038690496869116],[75.27167968750001,31.03961823124412],[75.264892578125,31.041766668744117],[75.25634765625,31.045526434369116],[75.2509765625,31.047137762494117],[75.2470703125,31.048944403119116],[75.24355468750002,31.05170319218162],[75.2392578125,31.056024481244116],[75.233154296875,31.06000397343162],[75.2291015625,31.05780670780662],[75.22597656250002,31.05390045780662],[75.22216796875,31.05231354374412],[75.214111328125,31.052850653119116],[75.20556640625,31.052020574994117],[75.197509765625,31.052264715619117],[75.191162109375,31.056024481244116],[75.18701171875,31.063983465619117],[75.18212890625,31.082049871869117],[75.17714843750002,31.08991119999412],[75.16513671875,31.09735748905662],[75.149658203125,31.101434637494116],[75.13320312500002,31.10248444218162],[75.11855468750002,31.10077545780662],[75.1123046875,31.106952215619117],[75.116455078125,31.10956452030662],[75.1259765625,31.12128327030662],[75.115478515625,31.129657293744117],[75.07822265625,31.147967840619117],[75.04238281250002,31.179071356244116],[75.033203125,31.18329498905662],[75.0171875,31.18183014530662],[74.9634765625,31.167254949994117],[74.933837890625,31.162958074994116],[74.861328125,31.16254303593162],[74.83642578125,31.158563543744116],[74.811279296875,31.147967840619117],[74.761962890625,31.10809967655662],[74.740234375,31.101434637494116],[74.708251953125,31.114374090619116],[74.687744140625,31.09772369999412],[74.6005859375,31.05683014530662],[74.5791015625,31.04291412968162],[74.563720703125,31.02521393436912],[74.56357421875,31.00458405155662],[74.54833984375,30.99237702030662],[74.534423828125,30.976434637494116],[74.51904296875,30.962665106244117],[74.4990234375,30.956805731244117],[74.47675781250001,30.956317449994117],[74.45810546875,30.953631903119117],[74.441162109375,30.946405340619116],[74.424072265625,30.93256256718162],[74.41298828125002,30.915301824994117],[74.40869140625,30.90119049686912],[74.40087890625,30.893329168744117],[74.37929687500002,30.89472077030662],[74.353271484375,30.90131256718162],[74.342041015625,30.90216705936912],[74.329345703125,30.89984772343162],[74.31884765625,30.89362213749412],[74.31044921875002,30.88471100468162],[74.30361328125002,30.87421295780662],[74.31103515625,30.85614655155662],[74.2998046875,30.838397528119117],[74.279541015625,30.824969793744117],[74.259765625,30.819598699994117],[74.25625000000002,30.81549713749412],[74.265380859375,30.79559967655662],[74.2662109375,30.788592840619117],[74.2587890625,30.781268621869117],[74.24365234375,30.77142975468162],[74.23525390625002,30.76434967655662],[74.21484375,30.737665106244116],[74.19833984375,30.725213934369116],[74.190673828125,30.71723053593162],[74.1841796875,30.69708893436912],[74.169677734375,30.687372137494116],[74.16640625000002,30.679315496869116],[74.16318359375,30.66510651249412],[74.15537109375,30.659784246869116],[74.13222656250002,30.65570709843162],[74.111083984375,30.646502996869117],[74.095458984375,30.637323309369116],[74.08173828125001,30.62616608280662],[74.067138671875,30.610711981244116],[74.05673828125,30.591815496869117],[74.057861328125,30.574725653119117],[74.0611328125,30.555780340619116],[74.05712890625,30.531610418744116],[74.043701171875,30.51886627811912],[74.00400390625,30.50910065311912],[73.995703125,30.50116608280662],[73.98935546875,30.488055731244117],[73.938720703125,30.42621491093162],[73.92880859375,30.41925690311912],[73.916259765625,30.41730377811912],[73.89951171875,30.422381903119117],[73.90175781250002,30.41583893436912],[73.90380859375,30.401629949994117],[73.90566406250002,30.395038153119117],[73.88720703125,30.396747137494117],[73.8671875,30.387713934369117],[73.85146484375002,30.37287018436912],[73.84492187500001,30.357196356244117],[73.83408203125,30.352655340619116],[73.769775390625,30.36774323124412],[73.6998046875,30.339227606244116],[73.6646484375,30.31745026249412],[73.64892578125,30.31757233280662],[73.63271484375002,30.32282135624412],[73.61220703125002,30.32611725468162],[73.600341796875,30.325311590619116],[73.58974609375002,30.322870184369116],[73.580078125,30.31879303593162],[73.570556640625,30.313104559369116],[73.539794921875,30.277704168744116],[73.53369140625,30.27704498905662],[73.50537109375,30.268329168744117],[73.453857421875,30.24420807499412],[73.4365234375,30.233661199994117],[73.41787109375002,30.224725653119116],[73.3974609375,30.218622137494116],[73.340576171875,30.21625397343162],[73.33154296875,30.210077215619116],[73.33310546875,30.196795965619117],[73.33925781250002,30.18451569218162],[73.343994140625,30.181512762494116],[73.334716796875,30.171405340619117],[73.323974609375,30.169452215619117],[73.3111328125,30.168573309369116],[73.296875,30.16168854374412],[73.290283203125,30.150018621869116],[73.286865234375,30.13666412968162],[73.27978515625,30.128924871869117],[73.2626953125,30.13434479374412],[73.25332031250002,30.14630768436912],[73.24462890625,30.161981512494116],[73.2330078125,30.170672918744117],[73.21484375,30.16168854374412],[73.21230468750002,30.14923737186912],[73.2255859375,30.12506744999412],[73.218017578125,30.12067291874412],[73.20332031250001,30.11737702030662],[73.13916015625,30.086542059369116],[73.13173828125002,30.085711981244117],[73.05322265625,30.093377996869116],[73.047119140625,30.085809637494116],[73.0337890625,30.055292059369116],[72.945068359375,29.989618231244116],[72.9326171875,29.98261139530662],[72.92685546875,29.98663971561912],[72.92294921875,30.00360748905662],[72.91328125000001,30.00800202030662],[72.888427734375,30.004022528119116],[72.86962890625,29.996600653119117],[72.834228515625,29.963641668744117],[72.813232421875,29.956170965619116],[72.787353515625,29.95270416874412],[72.76767578125,29.94342682499412],[72.728271484375,29.91522858280662],[72.728125,29.90631744999412],[72.7099609375,29.90241119999412],[72.6626953125,29.90155670780662],[72.635498046875,29.89252350468162],[72.63007812500001,29.87103912968162],[72.62998046875,29.845965887494117],[72.61835937500001,29.82587311405662],[72.599365234375,29.83930084843162],[72.58212890625,29.84137604374412],[72.542724609375,29.83331940311912],[72.5220703125,29.834735418744117],[72.491455078125,29.848504949994116],[72.47373046875,29.85321686405662],[72.453125,29.851581121869117],[72.391845703125,29.83331940311912],[72.3720703125,29.83856842655662],[72.362060546875,29.83844635624412],[72.35761718750001,29.829608465619117],[72.35429687500002,29.81757233280662],[72.34560546875002,29.80756256718162],[72.33447265625,29.80255768436912],[72.32363281250002,29.80536530155662],[72.30068359375002,29.788690496869116],[72.281982421875,29.771258856244117],[72.26601562500002,29.748309637494117],[72.258056640625,29.73285553593162],[72.254638671875,29.719745184369117],[72.249609375,29.71173737186912],[72.23759765625002,29.711297918744116],[72.21035156250002,29.71600983280662],[72.19619140625002,29.713153387494117],[72.185546875,29.70551178593162],[72.177978515625,29.694598699994117],[72.17275390625002,29.68183014530662],[72.18408203125,29.676044012494117],[72.18427734375001,29.671747137494116],[72.1787109375,29.66742584843162],[72.17275390625002,29.661395574994117],[72.169921875,29.66083405155662],[72.15576171875,29.661395574994117],[72.148193359375,29.659540106244116],[72.14794921875,29.65521881718162],[72.15078125000002,29.650409246869117],[72.15234375,29.647088934369116],[72.149658203125,29.629754949994116],[72.15244140625,29.61090729374412],[72.15859375000002,29.59332916874412],[72.166015625,29.579461981244116],[72.11611328125002,29.555682684369117],[72.10068359375,29.552118231244116],[72.07724609375,29.55109284061912],[72.064697265625,29.546991278119116],[72.04248046875,29.52423737186912],[72.01845703125002,29.50665924686912],[71.98427734375002,29.49140045780662],[71.94677734375,29.48407623905662],[71.91318359375,29.49005768436912],[71.9166015625,29.473895574994117],[71.91884765625002,29.469598699994116],[71.901123046875,29.46246979374412],[71.88134765625,29.46222565311912],[71.81689453125,29.476190496869116],[71.80615234375,29.477069403119117],[71.8013671875,29.464374090619117],[71.7958984375,29.45490143436912],[71.78857421875,29.449090887494116],[71.777587890625,29.45868561405662],[71.76357421875002,29.46198151249412],[71.749267578125,29.459735418744117],[71.71962890625002,29.442645574994117],[71.7109375,29.45038483280662],[71.70458984375,29.465350653119117],[71.69345703125,29.477069403119117],[71.667724609375,29.47370026249412],[71.61865234375,29.423211981244116],[71.58984375,29.40814850468162],[71.59189453125,29.40363190311912],[71.59521484375,29.39215729374412],[71.59736328125001,29.38764069218162],[71.589453125,29.38800690311912],[71.5751953125,29.39288971561912],[71.568115234375,29.39398834843162],[71.51416015625,29.390008856244116],[71.50341796875,29.393573309369117],[71.494384765625,29.40814850468162],[71.4892578125,29.38141510624412],[71.48281250000002,29.37042877811912],[71.467041015625,29.36652252811912],[71.452734375,29.370868231244117],[71.44638671875,29.380487371869116],[71.439697265625,29.40814850468162],[71.40810546875002,29.37653229374412],[71.388427734375,29.366327215619116],[71.3638671875,29.37396881718162],[71.3603515625,29.38178131718162],[71.3603515625,29.392206121869116],[71.358642578125,29.40204498905662],[71.349609375,29.40814850468162],[71.34091796875,29.406610418744116],[71.33437500000002,29.39960358280662],[71.322998046875,29.38019440311912],[71.31298828125,29.39203522343162],[71.30185546875,29.40070221561912],[71.30507812500002,29.405047918744117],[71.306640625,29.40875885624412],[71.30927734375001,29.411981512494116],[71.31552734375,29.41498444218162],[71.30576171875,29.422235418744116],[71.2955078125,29.42633698124412],[71.28427734375,29.428241278119117],[71.271484375,29.428583074994116],[71.254638671875,29.426385809369116],[71.24941406250002,29.421014715619116],[71.249267578125,29.414325262494117],[71.247314453125,29.40814850468162],[71.2291015625,29.39118073124412],[71.21816406250002,29.38678619999412],[71.207763671875,29.408710028119117],[71.196044921875,29.41852448124412],[71.18447265625002,29.42133209843162],[71.17910156250002,29.41156647343162],[71.168212890625,29.39740631718162],[71.14462890625,29.384637762494116],[71.12099609375002,29.376727606244117],[71.11005859375001,29.37714264530662],[71.097265625,29.38996002811912],[71.068603515625,29.384784246869117],[71.02197265625,29.36652252811912]]]}},{"type":"Feature","properties":{"rank":6},"geometry":{"type":"MultiLineString","coordinates":[[[83.85761718750001,21.520135809369123],[83.85703125000003,21.520282293744117],[83.85654296875003,21.52045319218162],[83.84726562500003,21.524286199994123],[83.83349609375,21.532831121869123],[83.818603515625,21.56757233280662],[83.79580078125002,21.58759186405662],[83.77392578125,21.612323309369117],[83.7353515625,21.66815827030662],[83.71435546875,21.694696356244123],[83.689453125,21.71283600468162],[83.6650390625,21.72418854374412],[83.60175781250001,21.74201080936912],[83.57529296875003,21.74762604374412],[83.54892578125003,21.740497137494117],[83.528076171875,21.72028229374412],[83.51923828125001,21.700458074994117],[83.51318359375,21.680536199994123],[83.5029296875,21.666131903119123],[83.487060546875,21.650751043744123],[83.467041015625,21.645526434369117],[83.44619140625002,21.657001043744117],[83.42519531250002,21.67169830936912],[83.408935546875,21.685565496869117],[83.39023437500003,21.692499090619123],[83.3642578125,21.692987371869123],[83.3427734375,21.691913153119117],[83.3232421875,21.69171784061912],[83.30810546875,21.693377996869117],[83.29970703125002,21.69513580936912]]]}},{"type":"Feature","properties":{"rank":6},"geometry":{"type":"MultiLineString","coordinates":[[[80.625244140625,20.598993231244123],[80.63916015625,20.623065496869117],[80.63828125000003,20.645526434369117],[80.61474609375,20.698016668744117],[80.62314453125003,20.718133856244123],[80.62558593750003,20.738153387494123],[80.632080078125,20.75336334843162],[80.65283203125,20.75946686405662],[80.697998046875,20.762469793744117],[80.71914062500002,20.76666901249412],[80.73828125,20.77313873905662],[80.74824218750001,20.77863190311912],[80.75507812500001,20.784686590619117],[80.759765625,20.79120514530662],[80.76308593750002,20.79828522343162],[80.769775390625,20.81415436405662],[80.77500000000003,20.822870184369123],[80.809814453125,20.86261627811912],[80.841796875,20.93573639530662],[80.86630859375003,20.97101471561912],[80.89697265625,21.00360748905662],[80.9306640625,21.027606512494117],[80.99335937500001,21.04181549686912],[81.03095703125001,21.065204168744117],[81.0498046875,21.063104559369123],[81.068115234375,21.05585358280662],[81.08828125000002,21.05426666874412],[81.107177734375,21.064960028119117],[81.119873046875,21.081073309369117],[81.13466796875002,21.095721746869117],[81.159423828125,21.10211823124412],[81.19404296875001,21.09686920780662],[81.21474609375002,21.096210028119117],[81.23164062500001,21.10211823124412],[81.23876953125,21.11566803593162],[81.24306640625002,21.137225653119117],[81.245361328125,21.174676824994123],[81.2431640625,21.18537018436912],[81.23388671875,21.205585028119117],[81.23164062500001,21.21539948124412],[81.23593750000003,21.22858307499412],[81.24589843749999,21.23371002811912],[81.25732421875,21.23566315311912],[81.265869140625,21.239276434369117],[81.27431640625002,21.252801824994123],[81.29072265625001,21.29218170780662],[81.293701171875,21.304461981244117],[81.30517578125,21.327655340619117],[81.307373046875,21.338885809369117],[81.30810546875,21.35175202030662],[81.310302734375,21.35993073124412],[81.32041015625003,21.37641022343162],[81.36259765624999,21.420282293744123],[81.368896484375,21.43512604374412],[81.36669921875,21.444598699994117],[81.35732421875002,21.466669012494123],[81.355224609375,21.47638580936912],[81.3564453125,21.48749420780662],[81.35986328125,21.495233465619123],[81.36435546875003,21.50287506718162],[81.368896484375,21.51361725468162],[81.37900390625003,21.554315496869123],[81.389404296875,21.57367584843162],[81.40673828125,21.58185455936912],[81.41806640625003,21.58295319218162],[81.423095703125,21.586688543744117],[81.42431640625,21.594110418744123],[81.424072265625,21.606073309369123],[81.42734375000003,21.614618231244123],[81.435791015625,21.616961981244117],[81.51914062500003,21.61298248905662],[81.52646484375003,21.619745184369123],[81.52783203125,21.62274811405662],[81.53095703125001,21.625751043744117],[81.5361328125,21.62872955936912],[81.54257812500003,21.63153717655662],[81.55966796875003,21.63666412968162],[81.57763671875,21.63983795780662],[81.59316406250002,21.64008209843162],[81.602294921875,21.63654205936912],[81.60507812500003,21.627313543744123],[81.603759765625,21.60565827030662],[81.60908203125001,21.59552643436912],[81.619140625,21.590936590619123],[81.64404296875,21.589960028119123],[81.674072265625,21.57599518436912],[81.68955078125003,21.585565496869123],[81.69814453125002,21.606317449994123],[81.697265625,21.63031647343162],[81.68691406250002,21.64435455936912],[81.673828125,21.65216705936912],[81.668701171875,21.661883856244117],[81.68105468750002,21.68146393436912],[81.69033203125002,21.685419012494123],[81.70253906250002,21.68671295780662],[81.713134765625,21.690448309369117],[81.7177734375,21.70197174686912],[81.71591796875003,21.713641668744117],[81.70068359375,21.75824616093162],[81.7177734375,21.760028387494117],[81.72744140625002,21.75983307499412],[81.75,21.75653717655662],[81.755859375,21.75690338749412],[81.77187500000002,21.76508209843162],[81.8349609375,21.766864324994117],[81.87900390625003,21.78156159061912],[81.91259765625,21.80658600468162],[81.94140625,21.83405182499412],[81.97216796875,21.85626862186912],[81.982177734375,21.86005280155662],[82.0029296875,21.86542389530662],[82.01308593750002,21.869891668744117],[82.021484375,21.876336981244123],[82.02792968750003,21.88300202030662],[82.034912109375,21.88825104374412],[82.044189453125,21.890399481244117],[82.06162109375003,21.88458893436912],[82.109375,21.849383856244117],[82.129638671875,21.849383856244117],[82.15195312500003,21.853778387494117],[82.17011718750001,21.85175202030662],[82.17763671875002,21.83234284061912],[82.17958984375002,21.80744049686912],[82.18642578125002,21.78839752811912],[82.19912109375002,21.774920965619117],[82.21923828125,21.766864324994117],[82.27656250000001,21.760028387494117],[82.286376953125,21.75360748905662],[82.31044921875002,21.725458074994123],[82.32470703125,21.71906159061912],[82.36191406250003,21.721942449994117],[82.3916015625,21.72968170780662],[82.44443359375003,21.753778387494123],[82.4580078125,21.74652741093162],[82.471923828125,21.742450262494117],[82.503173828125,21.74017975468162],[82.51015625000002,21.742303778119123],[82.52382812500002,21.75165436405662],[82.530517578125,21.753778387494123],[82.538818359375,21.751239324994117],[82.5537109375,21.738397528119123],[82.56113281250003,21.73334381718162],[82.57753906250002,21.729120184369123],[82.61962890625,21.73334381718162],[82.63623046875,21.731073309369123],[82.65859375000002,21.721307684369123],[82.67441406250003,21.71906159061912],[82.68125000000003,21.721307684369123],[82.687255859375,21.726190496869123],[82.69199218750003,21.731073309369123],[82.69521484375002,21.73334381718162],[82.70429687500001,21.732440496869117],[82.755615234375,21.719598699994123],[82.7705078125,21.72064850468162],[82.78427734375003,21.729608465619123],[82.80615234375,21.735223699994123],[82.852294921875,21.702508856244123],[82.87587890625002,21.70538971561912],[82.89111328125,21.70453522343162],[82.94873046875,21.721307684369123],[82.99277343750003,21.72821686405662],[83.00478515625002,21.732538153119123],[83.01699218750002,21.735467840619123],[83.0341796875,21.73334381718162],[83.0625,21.717303778119117],[83.07861328125,21.711444403119117],[83.09248046875001,21.715936590619123],[83.11572265625,21.726922918744123],[83.14111328125,21.723407293744117],[83.18564453125003,21.70538971561912],[83.27656250000001,21.69525787968162],[83.29970703125002,21.69513580936912]],[[83.85654296875003,21.52045319218162],[83.896240234375,21.509149481244123],[83.933837890625,21.49237702030662],[83.96347656250003,21.46735260624412],[83.98007812500003,21.431659246869117],[83.974609375,21.390155340619117],[83.94843750000001,21.361102606244117],[83.917724609375,21.33624909061912],[83.8974609375,21.30756256718162],[83.896484375,21.28864166874412],[83.907958984375,21.25055573124412],[83.9111328125,21.229022528119117],[83.9091796875,21.204950262494123],[83.9033203125,21.18842194218162],[83.82998046875002,21.05475494999412],[83.82333984375003,21.030145574994123],[83.822021484375,21.017938543744123],[83.82236328125003,21.005877996869117],[83.832763671875,20.930780340619123],[83.8974609375,20.87677643436912],[83.96474609375002,20.83588287968162],[84.00751953125001,20.81891510624412],[84.04833984375,20.814081121869123],[84.09130859375,20.827411199994117],[84.16796875,20.87567780155662],[84.2060546875,20.89044830936912],[84.228515625,20.89057037968162],[84.26904296875,20.87970612186912],[84.29140625000002,20.87677643436912],[84.3134765625,20.86774323124412],[84.322998046875,20.846454168744117],[84.32958984375,20.800409246869123],[84.343994140625,20.774530340619123],[84.36464843750002,20.75739166874412],[84.38974609375003,20.74664948124412],[84.41845703125,20.74005768436912],[84.51621093750003,20.736200262494123],[84.54433593750002,20.72406647343162],[84.60390625000002,20.679461981244117],[84.682861328125,20.646014715619117],[84.707763671875,20.62946198124412],[84.729736328125,20.60761139530662],[84.764404296875,20.539325262494117],[84.78125,20.521258856244117],[84.8095703125,20.51227448124412],[84.866943359375,20.52265045780662],[84.89541015625002,20.518085028119117],[85.01621093750003,20.43878815311912],[85.03457031250002,20.43170807499412],[85.062255859375,20.42792389530662],[85.07666015625,20.42316315311912],[85.08310546875003,20.41339752811912],[85.0927734375,20.40485260624412],[85.13730468750003,20.387225653119117],[85.16933593750002,20.37836334843162],[85.187744140625,20.377460028119117],[85.2060546875,20.381854559369117],[85.2236328125,20.39325592655662],[85.2333984375,20.39630768436912],[85.24589843749999,20.39386627811912],[85.256591796875,20.38764069218162],[85.26123046875,20.379266668744123],[85.265869140625,20.36749909061912],[85.27724609375002,20.363299871869117],[85.30283203125003,20.36225006718162],[85.32333984375003,20.35822174686912],[85.34433593750003,20.356708074994117],[85.3544921875,20.35773346561912],[85.36416015625002,20.36041901249412],[85.373046875,20.365106512494123],[85.38125000000002,20.37213776249412],[85.3974609375,20.381708074994123],[85.41611328125003,20.382440496869123],[85.45302734375002,20.37592194218162],[85.47373046875003,20.37470123905662],[85.49453125000002,20.37592194218162],[85.50419921874999,20.379022528119123],[85.52197265625,20.388202215619117],[85.55419921875,20.39606354374412],[85.5732421875,20.40985748905662],[85.603759765625,20.43732330936912],[85.644775390625,20.45783112186912],[85.65634765625003,20.454706121869123],[85.67041015625,20.44061920780662],[85.682373046875,20.43732330936912],[85.7236328125,20.43732330936912],[85.728759765625,20.440790106244123],[85.740478515625,20.45831940311912],[85.74853515625,20.46527741093162],[85.7724609375,20.47138092655662],[85.78994140625002,20.465838934369117],[85.804443359375,20.45648834843162],[85.81982421875,20.45160553593162],[85.84658203125002,20.45050690311912],[85.86533203125003,20.44574616093162],[85.881103515625,20.43524811405662],[85.92333984375,20.39118073124412],[85.95673828125001,20.36481354374412],[85.964111328125,20.36225006718162],[85.9736328125,20.36322662968162],[85.998046875,20.36847565311912],[86.01132812500003,20.366717840619117],[86.01611328125,20.36151764530662],[86.017822265625,20.35321686405662],[86.06308593750003,20.26129791874412],[86.08359375000003,20.23932526249412],[86.098388671875,20.23212311405662],[86.13320312500002,20.22101471561912],[86.14501953125,20.212030340619123],[86.15214843749999,20.19757721561912],[86.15683593750003,20.17938873905662],[86.1591796875,20.160272528119123],[86.15869140625,20.14313385624412]]]}},{"type":"Feature","properties":{"rank":6},"geometry":{"type":"MultiLineString","coordinates":[[[79.31337890625002,16.579364324994117],[79.29873046875002,16.57807037968162],[79.28359375000002,16.575213934369117],[79.265625,16.569598699994117],[79.247802734375,16.55402252811912],[79.2333984375,16.52362702030662],[79.21738281250003,16.50446198124412],[79.21347656250003,16.49323151249412],[79.21992187500001,16.47333405155662],[79.21474609375002,16.429706121869117],[79.21044921875,16.408221746869117],[79.208251953125,16.388690496869117],[79.21152343750003,16.37726471561912],[79.21875,16.36090729374412],[79.22998046875,16.34174225468162],[79.2333984375,16.33051178593162],[79.22900390625,16.31049225468162],[79.2265625,16.28949616093162],[79.22119140625,16.265497137494123],[79.21474609375002,16.244501043744123],[79.21005859375003,16.236590887494117],[79.201416015625,16.228631903119123],[79.18408203125,16.22101471561912],[79.16054687500002,16.219354559369123],[79.13632812500003,16.22785065311912],[79.11025390625002,16.23126862186912],[79.091552734375,16.22882721561912],[79.04287109375002,16.24567291874412],[79.02167968750001,16.24713776249412],[79.00644531250003,16.23773834843162],[78.99716796875003,16.23029205936912]]]}},{"type":"Feature","properties":{"rank":6},"geometry":{"type":"MultiLineString","coordinates":[[[73.79638671875,17.991815496869123],[73.83925781250002,17.98273346561912],[73.8560546875,17.976190496869123],[73.931396484375,17.910272528119123],[73.947265625,17.88812897343162],[73.96435546875,17.849383856244117],[73.974609375,17.816766668744123],[73.983154296875,17.80487702030662],[74.03603515625002,17.765252996869123],[74.042236328125,17.746600653119117],[74.04599609375,17.70319244999412],[74.0537109375,17.68646881718162],[74.072021484375,17.67194244999412],[74.11025390625002,17.653924871869123],[74.12539062500002,17.64179108280662],[74.139404296875,17.61481354374412],[74.14609375,17.578973699994123],[74.14248046875002,17.542108465619123],[74.12539062500002,17.51203034061912],[74.10878906250002,17.501092840619123],[74.0966796875,17.49738190311912],[74.09033203125,17.49054596561912],[74.09130859375,17.47040436405662],[74.0943359375,17.461444403119117],[74.103125,17.444598699994117],[74.10498046875,17.43256256718162],[74.103759765625,17.410760809369123],[74.10458984375,17.39948151249412],[74.1083984375,17.391620184369117],[74.17763671875002,17.30414459843162],[74.204833984375,17.29230377811912],[74.20986328125002,17.281610418744123],[74.193359375,17.23468659061912],[74.19814453125002,17.22406647343162],[74.203125,17.22113678593162],[74.21142578125,17.213983465619123],[74.218994140625,17.205096746869117],[74.2216796875,17.19672272343162],[74.21728515625,17.18903229374412],[74.20839843750002,17.18353912968162],[74.1875,17.17621491093162],[74.20322265625,17.15436432499412],[74.23427734375002,17.13703034061912],[74.26943359375002,17.12872955936912],[74.29736328125,17.134051824994117],[74.29794921875,17.126483465619117],[74.30224609375,17.114276434369117],[74.30361328125002,17.107294012494123],[74.32373046875,17.120379949994117],[74.33632812500002,17.12006256718162],[74.3662109375,17.10053131718162],[74.35888671875,17.088251043744123],[74.35986328125,17.07709381718162],[74.366455078125,17.066522528119123],[74.37587890625002,17.05585358280662],[74.3775390625,17.050555731244117],[74.378515625,17.035272528119123],[74.37929687500002,17.031610418744123],[74.38623046875,17.03034088749412],[74.39101562500002,17.032977606244117],[74.39443359375002,17.03656647343162],[74.39697265625,17.038446356244123],[74.40419921875002,17.04059479374412],[74.41103515625002,17.04474518436912],[74.419921875,17.047626043744117],[74.43339843750002,17.045917059369117],[74.444921875,17.04022858280662],[74.45351562500002,17.03229401249412],[74.458740234375,17.022479559369117],[74.461181640625,17.011102606244123],[74.457763671875,17.004657293744117],[74.450439453125,17.00006744999412],[74.447998046875,16.993426824994117],[74.46376953125002,16.97211334843162],[74.4712890625,16.95917389530662],[74.48056640625,16.94733307499412],[74.491943359375,16.942254949994123],[74.50830078125,16.93439362186912],[74.525634765625,16.916278387494117],[74.55068359375002,16.88141510624412],[74.53994140625002,16.869403387494117],[74.532958984375,16.863397528119123],[74.532958984375,16.85602448124412],[74.543212890625,16.839862371869117],[74.551513671875,16.82953522343162],[74.562109375,16.82111237186912],[74.576171875,16.81525299686912],[74.60888671875,16.810809637494117],[74.62343750000002,16.80426666874412],[74.634765625,16.79425690311912],[74.639404296875,16.781512762494117],[74.646240234375,16.76874420780662],[74.662353515625,16.759540106244117],[74.68076171875,16.752069403119123],[74.694580078125,16.744256903119123],[74.671142578125,16.72992584843162],[74.61591796875001,16.719989324994117],[74.605224609375,16.699823309369123],[74.614013671875,16.67804596561912],[74.63496093750001,16.659442449994117],[74.680908203125,16.634393621869123],[74.680908203125,16.628192449994117],[74.665283203125,16.62750885624412],[74.64443359375002,16.624383856244123],[74.630615234375,16.616961981244117],[74.63593750000001,16.60333893436912],[74.66250000000002,16.57831452030662],[74.67812500000002,16.569110418744117],[74.697998046875,16.56549713749412],[74.70498046875002,16.567401434369117],[74.72119140625,16.57977936405662],[74.73056640625,16.58417389530662],[74.734619140625,16.58563873905662],[74.779296875,16.59100983280662],[74.79345703125,16.597674871869117],[74.804443359375,16.613885809369123],[74.80458984375002,16.627069403119123],[74.8017578125,16.64044830936912],[74.80615234375,16.650751043744123],[74.846435546875,16.657098699994123],[74.87246093750002,16.666864324994123],[74.88974609375,16.66913483280662],[74.90185546875,16.66205475468162],[74.907958984375,16.647479559369117],[74.91640625000002,16.63495514530662],[74.934814453125,16.634393621869123],[74.948828125,16.644549871869117],[74.9560546875,16.65814850468162],[74.96464843750002,16.67011139530662],[74.98261718750001,16.67536041874412],[74.98769531250002,16.666620184369123],[74.99462890625,16.65997955936912],[75.00986328125,16.64801666874412],[75.02353515625,16.633905340619123],[75.09482421875,16.54010651249412],[75.10546875,16.510858465619123],[75.13671875,16.52863190311912],[75.15126953125002,16.54010651249412],[75.16005859375002,16.55182526249412],[75.16064453125,16.56366608280662],[75.15673828125,16.57660553593162],[75.154541015625,16.59076569218162],[75.16005859375002,16.606463934369117],[75.1875,16.627704168744117],[75.21718750000002,16.62665436405662],[75.244140625,16.61237213749412],[75.26318359375,16.593377996869123],[75.283935546875,16.604364324994123],[75.31777343750002,16.58624909061912],[75.342041015625,16.596795965619123],[75.36005859375001,16.601581121869117],[75.37441406250002,16.587030340619123],[75.39599609375,16.54791901249412],[75.39599609375,16.54474518436912],[75.396484375,16.54181549686912],[75.40029296875002,16.53815338749412],[75.40478515625,16.537225653119123],[75.41611328125,16.53888580936912],[75.4208984375,16.53815338749412],[75.4384765625,16.52728912968162],[75.451904296875,16.51459381718162],[75.45908203125,16.49530670780662],[75.45058593750002,16.475946356244123],[75.43837890625002,16.45636627811912],[75.43447265625002,16.43634674686912],[75.439697265625,16.425165106244123],[75.446875,16.423211981244123],[75.476171875,16.433221746869123],[75.48183593750002,16.437372137494123],[75.4853515625,16.44330475468162],[75.49306640625002,16.45282623905662],[75.5166015625,16.469501043744117],[75.53095703125001,16.46613190311912],[75.5517578125,16.43634674686912],[75.568115234375,16.42865631718162],[75.58505859375,16.434198309369123],[75.60498046875,16.44415924686912],[75.6298828125,16.44940827030662],[75.64072265625,16.44623444218162],[75.657958984375,16.43207428593162],[75.663818359375,16.42890045780662],[75.7001953125,16.41925690311912],[75.70810546875,16.415301824994117],[75.713134765625,16.407342840619123],[75.71826171875,16.38800690311912],[75.72177734375,16.38117096561912],[75.75068359375001,16.36505768436912],[75.75595703125,16.36408112186912],[75.78554687500002,16.34906647343162],[75.794189453125,16.34638092655662],[75.80654296875002,16.34845612186912],[75.823974609375,16.35797760624412],[75.831640625,16.36066315311912],[75.85048828125002,16.35858795780662],[75.87324218750001,16.35101959843162],[75.892578125,16.34052155155662],[75.900634765625,16.32965729374412],[75.91152343750002,16.32196686405662],[75.983154296875,16.31220123905662],[75.995361328125,16.30573151249412],[76.02451171875003,16.283075262494123],[76.03427734375003,16.278094793744117],[76.05322265625,16.27179596561912],[76.058837890625,16.256610418744117],[76.05820312500003,16.22284577030662],[76.07958984375,16.197772528119117],[76.11865234375,16.190204168744117],[76.16328125000001,16.18866608280662],[76.20166015625,16.181903387494117],[76.239013671875,16.16351959843162],[76.2578125,16.15704987186912],[76.28076171875,16.154559637494117],[76.286376953125,16.160028387494123],[76.291259765625,16.17194244999412],[76.2978515625,16.18390534061912],[76.30810546875,16.189325262494123],[76.32177734375,16.19159577030662],[76.33095703125002,16.19769928593162],[76.36777343750003,16.24310944218162],[76.3828125,16.25348541874412],[76.40390625000003,16.25763580936912],[76.42490234375003,16.254022528119123],[76.44287109375,16.247577215619117],[76.45937500000002,16.244403387494117],[76.4765625,16.25079987186912],[76.534423828125,16.31647369999412],[76.544921875,16.322772528119117],[76.55224609375,16.336297918744123],[76.570068359375,16.342059637494117],[76.61318359375002,16.34638092655662],[76.63027343750002,16.35541412968162],[76.65488281250003,16.381854559369117],[76.685302734375,16.390643621869117],[76.73652343750001,16.415301824994117],[76.75302734375003,16.42853424686912],[76.76220703125,16.434100653119117],[76.77392578125,16.43634674686912],[76.78427734375003,16.43207428593162],[76.79638671875,16.424090887494117],[76.80927734375001,16.41950104374412],[76.822265625,16.42548248905662],[76.82949218750002,16.43097565311912],[76.84609375000002,16.43817780155662],[76.85263671875003,16.44257233280662],[76.85888671875,16.451922918744117],[76.867919921875,16.47467682499412],[76.87451171875,16.483514715619123],[76.89111328125,16.48932526249412],[76.93359375,16.49640534061912],[76.94404296875001,16.51056549686912],[76.94882812500003,16.51141998905662],[76.95947265625,16.510858465619123],[76.96728515625,16.51178619999412],[76.96826171875,16.51447174686912],[76.96738281250003,16.518817449994117],[76.974365234375,16.53583405155662],[76.975341796875,16.54682037968162],[76.978515625,16.556903387494117],[76.989990234375,16.56549713749412],[76.99765625000003,16.55072662968162],[77.00634765625,16.527118231244117],[77.01806640625,16.50995514530662],[77.051513671875,16.51898834843162],[77.070556640625,16.51056549686912],[77.099853515625,16.490350653119123],[77.134521484375,16.481805731244123],[77.148681640625,16.47199127811912],[77.15439453125003,16.45282623905662],[77.16542968750002,16.441522528119123],[77.259033203125,16.41535065311912],[77.39394531250002,16.38117096561912],[77.41064453125,16.379413153119117],[77.47314453125,16.38117096561912],[77.49326171875003,16.37824127811912],[77.55166015625002,16.35321686405662],[77.57167968750002,16.347919012494117],[77.62392578125002,16.35321686405662],[77.645751953125,16.35199616093162],[77.734619140625,16.32660553593162],[77.8603515625,16.248797918744117],[77.897705078125,16.219745184369117],[77.911376953125,16.201434637494117],[77.935791015625,16.14093659061912],[77.95253906250002,16.12274811405662],[77.98974609375,16.098504949994123],[78.05908203125,16.033954168744117],[78.07236328125003,16.02484772343162],[78.11679687500003,16.010858465619123],[78.12832031250002,16.00372955936912],[78.138427734375,15.990741278119117],[78.14853515625003,15.97418854374412],[78.16054687500002,15.95880768436912],[78.176025390625,15.94916412968162],[78.192138671875,15.949481512494117],[78.212158203125,15.956073309369117],[78.231201171875,15.966083074994117],[78.244384765625,15.976434637494123],[78.254150390625,15.99176666874412],[78.25595703125003,16.00568268436912],[78.251953125,16.02057526249412],[78.244384765625,16.03851959843162],[78.261962890625,16.035174871869117],[78.28085937500003,16.027606512494117],[78.2998046875,16.022821356244123],[78.31630859375002,16.027948309369123],[78.33203125,16.05206940311912],[78.341552734375,16.059442449994123],[78.353515625,16.05267975468162],[78.37880859375002,16.07587311405662],[78.40000000000003,16.08344147343162],[78.46425781250002,16.08576080936912],[78.499755859375,16.093768621869117],[78.511474609375,16.09198639530662],[78.51962890625003,16.086932684369117],[78.53261718750002,16.07208893436912],[78.53955078125,16.065545965619123],[78.54931640625,16.06012604374412],[78.55966796875003,16.05670807499412],[78.57041015625003,16.05536530155662],[78.58154296875,16.056170965619117],[78.629150390625,16.07111237186912],[78.64560546875003,16.07160065311912],[78.656494140625,16.06757233280662],[78.68417968750003,16.04633209843162],[78.73408203125001,16.030292059369117],[78.76093750000001,16.027704168744123],[78.79111328125003,16.034540106244123],[78.81904296875001,16.04840729374412],[78.83945312500003,16.06671784061912],[78.84580078125003,16.085467840619117],[78.839111328125,16.12482330936912],[78.84121093750002,16.142938543744123],[78.846923828125,16.150751043744123],[78.85341796875002,16.15216705936912],[78.86025390625002,16.149286199994123],[78.874755859375,16.14032623905662],[78.8818359375,16.138299871869123],[78.889404296875,16.13898346561912],[78.897705078125,16.14276764530662],[78.902587890625,16.14655182499412],[78.90576171875,16.150751043744123],[78.90761718750002,16.155633856244123],[78.908935546875,16.16144440311912],[78.9228515625,16.18976471561912],[78.94716796875002,16.205829168744117],[78.99716796875003,16.23029205936912]],[[80.88271484375002,16.013690496869117],[80.86855468750002,16.107440496869117],[80.8388671875,16.16388580936912],[80.8173828125,16.263788153119123],[80.8115234375,16.267206121869123],[80.79941406250003,16.28436920780662],[80.79287109375002,16.291766668744117],[80.790283203125,16.295672918744117],[80.78427734375003,16.30756256718162],[80.77919921875002,16.31220123905662],[80.77382812500002,16.312274481244117],[80.76455078125002,16.30499909061912],[80.75927734375,16.305438543744117],[80.7177734375,16.356952215619117],[80.71474609375002,16.37689850468162],[80.70673828125001,16.397333074994123],[80.68300781250002,16.43634674686912],[80.6357421875,16.46857330936912],[80.62070312500003,16.49396393436912],[80.60302734375,16.50580475468162],[80.56748046875003,16.524530340619123],[80.55126953125,16.538348699994117],[80.53652343750002,16.555536199994123],[80.528564453125,16.560809637494117],[80.50996093750001,16.564227606244117],[80.50244140625,16.569208074994123],[80.49560546875,16.576190496869117],[80.48681640625,16.58331940311912],[80.47597656250002,16.58991119999412],[80.470458984375,16.592157293744123],[80.46523437500002,16.593377996869123],[80.459228515625,16.59296295780662],[80.449951171875,16.588397528119117],[80.44394531250003,16.58722565311912],[80.42470703125002,16.58661530155662],[80.423583984375,16.58722565311912],[80.4033203125,16.584100653119123],[80.39755859375003,16.57977936405662],[80.39560546875003,16.569208074994123],[80.39072265625003,16.565545965619123],[80.379638671875,16.56976959843162],[80.36708984375002,16.57636139530662],[80.3583984375,16.57977936405662],[80.313720703125,16.58673737186912],[80.29189453125002,16.58759186405662],[80.27207031250003,16.57977936405662],[80.1923828125,16.612420965619123],[80.184814453125,16.61859772343162],[80.17587890625003,16.628192449994117],[80.15175781250002,16.64691803593162],[80.140380859375,16.65827057499412],[80.13564453125002,16.672235418744123],[80.13808593750002,16.73236725468162],[80.13564453125002,16.75104401249412],[80.12050781250002,16.79132721561912],[80.097900390625,16.820086981244117],[80.07333984375003,16.822870184369123],[80.052978515625,16.78522369999412],[80.048095703125,16.767938543744123],[80.046630859375,16.75946686405662],[80.046142578125,16.74762604374412],[80.04296875,16.738544012494117],[80.02880859375,16.72504303593162],[80.02578125000002,16.71320221561912],[79.9716796875,16.65485260624412],[79.96347656250003,16.636493231244117],[79.95810546875003,16.63043854374412],[79.94716796875002,16.628192449994117],[79.91455078125,16.62836334843162],[79.90966796875,16.63129303593162],[79.88906250000002,16.691034246869123],[79.88232421875,16.703241278119123],[79.86152343750001,16.70661041874412],[79.82626953125003,16.69208405155662],[79.81259765625003,16.71149323124412],[79.794189453125,16.721795965619123],[79.77167968750001,16.72711823124412],[79.751953125,16.723749090619123],[79.74560546875,16.71649811405662],[79.73046875,16.69379303593162],[79.72089843750001,16.68903229374412],[79.6796875,16.68903229374412],[79.66806640625003,16.68646881718162],[79.646240234375,16.67401764530662],[79.63466796875002,16.66913483280662],[79.623779296875,16.66828034061912],[79.605712890625,16.671649481244117],[79.59433593750003,16.66913483280662],[79.591796875,16.666766668744117],[79.58935546875,16.66229889530662],[79.58750000000003,16.65680573124412],[79.5869140625,16.65143463749412],[79.5849609375,16.648553778119123],[79.57480468750003,16.646844793744123],[79.57021484375002,16.644891668744123],[79.557373046875,16.63373444218162],[79.550537109375,16.62970612186912],[79.54248046875,16.628192449994117],[79.532958984375,16.630389715619117],[79.51650390625002,16.63983795780662],[79.50429687500002,16.641864324994117],[79.496337890625,16.640155340619117],[79.47705078125,16.63178131718162],[79.44101562500003,16.60956452030662],[79.44033203125002,16.606463934369117],[79.43505859375,16.60346100468162],[79.42744140625001,16.596795965619123],[79.417724609375,16.590204168744123],[79.40625,16.58722565311912],[79.33798828125003,16.585223699994117],[79.31337890625002,16.579364324994117]]]}},{"type":"Feature","properties":{"rank":6},"geometry":{"type":"MultiLineString","coordinates":[[[100.182861328125,25.44318268436912],[100.225341796875,25.40070221561912],[100.23476562500002,25.38544342655662],[100.282958984375,25.266864324994117],[100.302978515625,25.234637762494117],[100.33193359375002,25.19550202030662],[100.34072265625002,25.17426178593162],[100.343994140625,25.148700262494117],[100.35048828125002,25.13251373905662],[100.36660156250002,25.122088934369117],[100.40595703125001,25.11115143436912],[100.48847656250001,25.10053131718162],[100.49863281250003,25.08710358280662],[100.52109375000003,25.08014557499412],[100.556884765625,25.07697174686912],[100.57861328125,25.072626043744123],[100.59824218750003,25.06464264530662],[100.616943359375,25.051629949994123],[100.63564453125002,25.03229401249412],[100.65078125000002,25.02435944218162],[100.695068359375,25.01984284061912],[100.7138671875,25.014911199994117],[100.72060546875002,25.008563543744117],[100.729736328125,24.99201080936912],[100.734375,24.98761627811912],[100.74472656250003,24.987420965619123],[100.758544921875,24.99042389530662],[100.770751953125,24.99469635624412],[100.7802734375,25.00214264530662],[100.799072265625,25.00849030155662],[100.80322265625,25.01178619999412],[100.80800781250002,25.02741119999412],[100.81884765625,25.02545807499412],[100.83740234375,25.00873444218162],[100.844482421875,25.00018952030662],[100.8525390625,24.98212311405662],[100.85791015625,24.97394440311912],[100.866455078125,24.965594793744117],[100.895751953125,24.94354889530662],[100.89980468750002,24.93768952030662],[100.89794921875,24.93292877811912],[100.89414062500003,24.92816803593162],[100.89208984375,24.92243073124412],[100.89394531250002,24.91669342655662],[100.89853515625003,24.91376373905662],[100.904296875,24.91181061405662],[100.9091796875,24.90875885624412],[100.91455078125,24.901385809369117],[100.949462890625,24.835467840619117],[101.04189453125002,24.73004791874412],[101.08779296875002,24.69684479374412],[101.115234375,24.669208074994117],[101.12021484375003,24.660419012494117],[101.126708984375,24.63532135624412],[101.13222656250002,24.624530340619117],[101.174072265625,24.592059637494117],[101.1787109375,24.58466217655662],[101.1806640625,24.57294342655662],[101.184814453125,24.56806061405662],[101.203125,24.55841705936912],[101.207275390625,24.55280182499412],[101.2109375,24.537616278119117],[101.21992187500001,24.53510162968162],[101.231201171875,24.53705475468162],[101.241455078125,24.53510162968162],[101.247802734375,24.52814362186912],[101.25732421875,24.51264069218162],[101.26259765625002,24.508417059369123],[101.27431640625002,24.50714752811912],[101.287841796875,24.50946686405662],[101.298828125,24.51557037968162],[101.30341796875001,24.52582428593162],[101.30810546875,24.54547760624412],[101.31884765625,24.54096100468162],[101.37763671875001,24.46222565311912],[101.38916015625,24.450067449994123],[101.39404296875,24.44110748905662],[101.397216796875,24.42865631718162],[101.4013671875,24.417596746869123],[101.40927734375003,24.412860418744117],[101.43505859375,24.401971746869123],[101.440673828125,24.398553778119123],[101.44580078125,24.385126043744123],[101.45068359375,24.34821198124412],[101.46630859375,24.319354559369117],[101.500244140625,24.21771881718162],[101.50283203125002,24.20307037968162],[101.509765625,24.186883856244123],[101.53359375000002,24.16364166874412],[101.52939453125003,24.15216705936912],[101.52939453125003,24.14472077030662],[101.5517578125,24.13410065311912],[101.56298828125,24.12653229374412],[101.571044921875,24.11737702030662],[101.577392578125,24.081903387494123],[101.6748046875,23.95770905155662],[101.680908203125,23.94269440311912],[101.682861328125,23.933856512494117],[101.6875,23.923700262494123],[101.69326171875002,23.915399481244123],[101.697998046875,23.91193268436912],[101.71728515625,23.91376373905662],[101.728759765625,23.89826080936912],[101.75068359375001,23.85089752811912],[101.759765625,23.84369537968162],[101.7685546875,23.83881256718162],[101.778564453125,23.82758209843162],[101.78671875000003,23.814960028119117],[101.79013671875003,23.805780340619123],[101.79238281250002,23.795917059369117],[101.79755859375001,23.790790106244117],[101.80429687500003,23.78729889530662],[101.81064453125003,23.782245184369117],[101.8125,23.777606512494117],[101.8134765625,23.766717840619123],[101.81689453125,23.761102606244123],[101.81982421875,23.75922272343162],[101.827880859375,23.75592682499412],[101.83056640625,23.754266668744123],[101.86865234375,23.71674225468162],[101.87841796875,23.71088287968162],[101.89101562500002,23.70575592655662],[101.90156250000001,23.69928619999412],[101.91015625,23.682635809369117],[101.930908203125,23.65949127811912],[101.9404296875,23.65192291874412],[101.95371093750003,23.64838287968162],[101.96728515625,23.64752838749412],[101.977783203125,23.64276764530662],[101.98623046875002,23.612079168744117],[101.99667968750003,23.59808991093162],[102.02294921875,23.576776434369123],[102.07832031250001,23.552606512494123],[102.10429687499999,23.537860418744117],[102.119140625,23.51410553593162],[102.1357421875,23.48053619999412],[102.16835937500002,23.46893952030662],[102.208984375,23.46405670780662],[102.24951171875,23.45038483280662],[102.3076171875,23.418817449994123],[102.34238281250003,23.40521881718162],[102.37919921874999,23.39642975468162],[102.42587890625003,23.39704010624412],[102.45087890625001,23.394647528119123],[102.46181640625002,23.385516668744117],[102.466064453125,23.37738678593162],[102.476318359375,23.377069403119123],[102.499267578125,23.382098699994117],[102.50673828125002,23.37958405155662],[102.541259765625,23.35419342655662],[102.55722656250003,23.34735748905662],[102.58681640625002,23.340692449994123],[102.591552734375,23.337420965619117],[102.600830078125,23.32782623905662],[102.68505859375,23.294549871869123],[102.687744140625,23.292743231244117],[102.697998046875,23.294549871869123],[102.71435546875,23.30414459843162],[102.7255859375,23.306415106244117],[102.761962890625,23.303973699994117],[102.77919921875002,23.29987213749412],[102.81894531250003,23.284442449994117],[102.825439453125,23.279071356244117],[102.836669921875,23.25531647343162],[102.848388671875,23.247430731244123],[102.85458984375003,23.22821686405662],[102.86269531250002,23.22382233280662],[102.8759765625,23.22223541874412],[102.884521484375,23.21845123905662],[102.89121093750003,23.214129949994117],[102.89931640625002,23.210809637494123],[102.90625,23.21051666874412],[102.91201171875002,23.212030340619123],[102.918212890625,23.21295807499412],[102.92724609375,23.210809637494123],[102.933837890625,23.20600006718162],[102.940673828125,23.19916412968162],[102.94843750000001,23.192987371869123],[102.9755859375,23.18634674686912],[103.0234375,23.15619537968162],[103.064453125,23.14191315311912],[103.076171875,23.130633856244117],[103.08437500000002,23.124627996869123],[103.095458984375,23.122088934369117],[103.13291015625003,23.11786530155662],[103.17431640625,23.108417059369117],[103.287841796875,23.061639715619123],[103.32851562500002,23.03253815311912],[103.36083984375,23.014276434369123],[103.39013671875,22.99140045780662],[103.41796875,22.977557684369117],[103.46181640625002,22.943133856244117],[103.51953125,22.910516668744123],[103.544189453125,22.888690496869117],[103.55751953125002,22.86847565311912],[103.564697265625,22.860711981244123],[103.56884765625,22.859637762494117],[103.5810546875,22.861346746869117],[103.58583984375002,22.860711981244123],[103.5888671875,22.85748932499412],[103.58994140625003,22.853631903119123],[103.59033203125,22.85016510624412],[103.592041015625,22.84772369999412],[103.60537109375002,22.83783600468162],[103.64658203125003,22.79926178593162],[103.658203125,22.793475653119117],[103.72607421875,22.71649811405662],[103.7939453125,22.65961334843162],[103.80488281250001,22.647577215619123],[103.80927734375001,22.63898346561912],[103.82949218750002,22.609393621869117],[103.8359375,22.602899481244123],[103.84384765625003,22.599481512494123],[103.86630859375003,22.57562897343162],[103.87216796875003,22.57379791874412],[103.88818359375,22.57196686405662],[103.89423828125001,22.56940338749412],[103.90234375,22.55878327030662],[103.91679687499999,22.533465887494117],[103.92509765624999,22.528436590619123],[103.94033203125002,22.52484772343162],[103.95058593750002,22.51666901249412],[103.959228515625,22.50726959843162],[103.96933593750003,22.500506903119117],[103.97705078125,22.487665106244123],[103.988037109375,22.47577545780662],[104.0517578125,22.42413971561912],[104.09912109375,22.383807684369117],[104.126953125,22.37018463749412],[104.1376953125,22.36163971561912],[104.18076171875003,22.316034246869123],[104.22265625,22.281366278119123],[104.23056640625003,22.276971746869123],[104.24365234375,22.271600653119123],[104.24990234375002,22.26776764530662],[104.255615234375,22.26178619999412],[104.26455078125002,22.24774811405662],[104.27099609375,22.24042389530662],[104.30810546875,22.21527741093162],[104.31884765625,22.20502350468162],[104.33251953125,22.175311590619117],[104.341796875,22.16474030155662],[104.35292968750002,22.171502996869123],[104.35976562500002,22.171502996869123],[104.3642578125,22.159686590619117],[104.36962890625,22.15265534061912],[104.384033203125,22.140497137494123],[104.40761718750002,22.109491278119123],[104.42148437500003,22.09845612186912],[104.46962890625002,22.068475653119123],[104.471435546875,22.064471746869117],[104.48642578125003,22.044549871869123],[104.490234375,22.04462311405662],[104.49335937500001,22.039081121869117],[104.59248046875001,21.959247137494117],[104.58740234375,21.949335028119123],[104.59433593750003,21.938104559369123],[104.62050781250002,21.91766998905662],[104.62490234375002,21.921991278119123],[104.62763671875001,21.92340729374412],[104.640380859375,21.92511627811912],[104.6455078125,21.904559637494117],[104.73652343750001,21.83576080936912],[104.75527343750002,21.81098053593162],[104.76708984375,21.799579168744117],[104.78125,21.794794012494123],[104.79150390625,21.79425690311912],[104.798828125,21.791864324994123],[104.80332031250003,21.78668854374412],[104.80478515625003,21.777704168744123],[104.80410156250002,21.766473699994123],[104.80341796875001,21.76312897343162],[104.812255859375,21.753778387494123],[104.846435546875,21.72589752811912],[104.8564453125,21.713153387494117],[104.863037109375,21.70770905155662],[104.87060546875,21.70538971561912],[104.87451171875,21.703241278119123],[104.8740234375,21.693866278119117],[104.87744140625,21.69171784061912],[104.88330078125,21.69281647343162],[104.88593750000001,21.69513580936912],[104.887939453125,21.69745514530662],[104.89072265625003,21.69855377811912],[104.90029296875002,21.69647858280662],[104.90585937500003,21.691278387494123],[104.91464843750003,21.678094793744123],[104.92080078125002,21.673358465619117],[104.926513671875,21.66974518436912],[104.93154296875002,21.66510651249412],[104.93515625000003,21.657586981244123],[104.935546875,21.647821356244123],[104.93076171875003,21.643915106244123],[104.92490234375003,21.640887762494117],[104.922119140625,21.633417059369123],[104.92099609375003,21.62030670780662],[104.92011718750001,21.61554596561912],[104.92275390625002,21.61530182499412],[104.93212890625,21.61603424686912],[104.943359375,21.614276434369117],[104.95332031250001,21.60968659061912],[104.962158203125,21.603143621869123],[105.048828125,21.503045965619123],[105.057373046875,21.49652741093162],[105.086669921875,21.480096746869123],[105.13710937500002,21.43183014530662],[105.15878906250003,21.40399811405662],[105.17539062500003,21.37641022343162],[105.18310546875,21.34808991093162],[105.1884765625,21.342303778119117],[105.199462890625,21.33991119999412],[105.20087890625001,21.34760162968162],[105.20068359375,21.35773346561912],[105.20576171875001,21.362811590619117],[105.211669921875,21.37348053593162],[105.21484375,21.39350006718162],[105.22451171875002,21.405047918744117],[105.25048828125,21.39008209843162],[105.25830078125,21.377313543744123],[105.274658203125,21.333612371869123],[105.27783203125,21.318377996869117],[105.275634765625,21.30902741093162],[105.266357421875,21.299823309369117],[105.26416015625,21.290790106244117],[105.26806640625,21.28400299686912],[105.29150390625,21.266620184369117],[105.302978515625,21.26093170780662],[105.31201171875,21.25934479374412],[105.32929687500001,21.260370184369123],[105.336181640625,21.26581452030662],[105.348388671875,21.29205963749412],[105.353515625,21.30133698124412],[105.37353515625,21.308954168744123],[105.39492187500002,21.311542059369117],[105.41445312500002,21.307147528119117],[105.42587890625003,21.29205963749412],[105.433837890625,21.25250885624412],[105.43984375000002,21.23590729374412],[105.45556640625,21.208514715619117],[105.46533203125,21.19672272343162],[105.47714843750003,21.18585846561912],[105.49423828125003,21.17365143436912],[105.50351562500003,21.16950104374412],[105.51406250000002,21.16742584843162],[105.65634765625003,21.16046784061912],[105.669921875,21.15753815311912],[105.70849609375,21.13678619999412],[105.73818359375002,21.11395905155662],[105.74892578125002,21.10919830936912],[105.822509765625,21.08563873905662],[105.83408203125003,21.079120184369117],[105.841064453125,21.070819403119117],[105.846923828125,21.04987213749412],[105.85107421875,21.039667059369123],[105.85947265625003,21.03058502811912],[105.89072265625003,21.015399481244117],[105.90087890625,21.00043366093162],[105.89501953125,20.98395416874412],[105.885498046875,20.96674225468162],[105.884521484375,20.949823309369123],[105.89013671875,20.942645574994117],[105.89589843750002,20.938592840619123],[105.89931640625002,20.933856512494117],[105.89501953125,20.914325262494117],[105.89609375000003,20.90717194218162],[105.901123046875,20.901971746869123],[105.91025390625003,20.89777252811912],[105.924560546875,20.88666412968162],[105.923583984375,20.87213776249412],[105.91650390625,20.85590241093162],[105.911376953125,20.839618231244117],[105.9111328125,20.829706121869123],[105.912109375,20.81940338749412],[105.914794921875,20.809588934369117],[105.92001953125003,20.801288153119117],[105.92822265625,20.79584381718162],[105.947265625,20.791131903119123],[105.95595703125002,20.786737371869123],[105.96435546875,20.770868231244123],[105.96826171875,20.731708074994117],[105.98105468750003,20.71710846561912],[105.990478515625,20.714129949994117],[106.02001953125,20.71234772343162],[106.02988281250003,20.708026434369117],[106.03271484375,20.70184967655662],[106.03095703125001,20.693963934369123],[106.02714843749999,20.684588934369117],[106.02490234375,20.67365143436912],[106.02675781250002,20.663202215619123],[106.03125,20.653436590619123],[106.05341796875001,20.622333074994117],[106.05927734375001,20.616571356244123],[106.076171875,20.61505768436912],[106.112060546875,20.63153717655662],[106.125,20.62506744999412],[106.12763671875001,20.616815496869123],[106.12998046875003,20.58869049686912],[106.136474609375,20.575213934369117],[106.158203125,20.55792877811912],[106.16757812500003,20.54633209843162],[106.17197265625003,20.532586981244123],[106.17744140625001,20.50372955936912],[106.18408203125,20.49079010624412],[106.189453125,20.486444403119123],[106.1953125,20.48419830936912],[106.20166015625,20.482538153119123],[106.2080078125,20.480096746869123],[106.21445312500003,20.474872137494117],[106.21748046875001,20.468524481244117],[106.21787109375003,20.46124909061912],[106.2138671875,20.438592840619123],[106.2138671875,20.424335028119117],[106.21933593750003,20.413592840619117],[106.233642578125,20.40961334843162],[106.26132812500003,20.41095612186912],[106.27197265625,20.40607330936912],[106.279296875,20.39252350468162],[106.27978515625,20.378436590619117],[106.274658203125,20.367450262494117],[106.26806640625,20.35687897343162],[106.263916015625,20.34406159061912],[106.267333984375,20.33148834843162],[106.278076171875,20.32953522343162],[106.291259765625,20.33417389530662],[106.302001953125,20.341424871869123],[106.32275390625,20.360711981244123],[106.334228515625,20.365594793744123],[106.34912109375,20.364520574994117],[106.3544921875,20.35553619999412],[106.38623046875,20.340448309369123],[106.39453125,20.33295319218162],[106.409423828125,20.316278387494123],[106.44980468750003,20.287225653119123],[106.455078125,20.28449127811912],[106.461669921875,20.28327057499412],[106.474609375,20.28314850468162],[106.48085937500002,20.28412506718162],[106.48681640625,20.286395574994117],[106.492431640625,20.29022858280662],[106.5009765625,20.29950592655662]]]}},{"type":"Feature","properties":{"rank":6},"geometry":{"type":"MultiLineString","coordinates":[[[78.33994140625003,30.915155340619116],[78.25058593750003,30.84027741093162],[78.217041015625,30.819598699994117],[78.131103515625,30.79413483280662],[78.095458984375,30.775506903119116],[78.07236328125003,30.737665106244116],[78.063720703125,30.689569403119116],[78.0537109375,30.66583893436912],[78.0205078125,30.64704010624412],[78.009521484375,30.627313543744116],[77.9716796875,30.532245184369117],[77.96992187500001,30.52106354374412],[77.95810546875003,30.51105377811912],[77.93222656250003,30.518426824994116],[77.89423828125001,30.53839752811912],[77.88593750000001,30.535663153119117],[77.8681640625,30.52252838749412],[77.86005859375001,30.517938543744116],[77.8388671875,30.512567449994116],[77.79160156250003,30.507342840619117],[77.7685546875,30.49823639530662],[77.68857421875003,30.45526764530662],[77.66494140625002,30.44599030155662],[77.64443359375002,30.44220612186912],[77.62314453125003,30.441180731244117],[77.59775390625003,30.43707916874412],[77.57587890625001,30.42877838749412],[77.56533203125002,30.414911199994116],[77.56748046875003,30.40643952030662],[77.58144531250002,30.38898346561912],[77.58642578125,30.380731512494116],[77.587890625,30.370477606244116],[77.5849609375,30.32526276249412],[77.570068359375,30.27826569218162],[77.53818359375003,30.20941803593162],[77.513671875,30.17743561405662],[77.48427734375002,30.152948309369116],[77.3701171875,30.09650299686912],[77.33896484375003,30.069696356244116],[77.3232421875,30.06439850468162],[77.3203125,30.06012604374412],[77.31904296875001,30.05451080936912],[77.31787109375,30.04047272343162],[77.31503906250003,30.03949616093162],[77.310791015625,30.04047272343162],[77.30517578125,30.03815338749412],[77.301025390625,30.03705475468162],[77.28925781250001,30.038836981244117],[77.28466796875,30.03815338749412],[77.280029296875,30.032977606244117],[77.279052734375,30.02716705936912],[77.279052734375,30.02167389530662],[77.27734375,30.01764557499412],[77.239990234375,29.983514715619116],[77.22998046875,29.976678778119116],[77.22089843750001,29.96076080936912],[77.209716796875,29.92890045780662],[77.180419921875,29.804315496869116],[77.161865234375,29.771258856244117],[77.15615234375002,29.76911041874412],[77.1484375,29.770038153119117],[77.14052734375002,29.769794012494117],[77.13388671875003,29.764422918744117],[77.13222656250002,29.755877996869117],[77.13496093750001,29.74762604374412],[77.13925781250003,29.740008856244117],[77.141357421875,29.733417059369117],[77.137451171875,29.72284577030662],[77.128173828125,29.71430084843162],[77.10664062500001,29.70233795780662],[77.11376953125,29.68219635624412],[77.087890625,29.658563543744116],[77.09365234375002,29.64093659061912],[77.085693359375,29.62409088749412],[77.0888671875,29.611590887494117],[77.09589843750001,29.600848699994117],[77.099853515625,29.58905670780662],[77.09326171875,29.581170965619116],[77.078857421875,29.57636139530662],[77.064697265625,29.569598699994117],[77.05810546875,29.555536199994116],[77.06044921875002,29.548602606244117],[77.0703125,29.53644440311912],[77.07236328125003,29.527948309369116],[77.07080078125,29.51117584843162],[77.06875000000002,29.503045965619116],[77.065673828125,29.50372955936912],[77.07753906250002,29.49225494999412],[77.105224609375,29.49542877811912],[77.12021484375003,29.48383209843162],[77.107177734375,29.46930573124412],[77.07275390625,29.44013092655662],[77.065673828125,29.42487213749412],[77.076904296875,29.423944403119116],[77.10263671875003,29.427020574994117],[77.130615234375,29.42645905155662],[77.148193359375,29.41498444218162],[77.14990234375,29.403436590619116],[77.14541015625002,29.39557526249412],[77.138671875,29.38873932499412],[77.13388671875003,29.38019440311912],[77.1328125,29.37225983280662],[77.13388671875003,29.342645574994116],[77.137939453125,29.33356354374412],[77.1455078125,29.32391998905662],[77.15000000000003,29.313348699994116],[77.144775390625,29.30170319218162],[77.134033203125,29.289325262494117],[77.130615234375,29.280633856244116],[77.141357421875,29.130389715619117],[77.14023437500003,29.12421295780662],[77.1376953125,29.12103912968162],[77.13496093750001,29.119012762494116],[77.13388671875003,29.11640045780662],[77.1357421875,29.108514715619116],[77.14013671875,29.10480377811912],[77.14492187500002,29.102655340619116],[77.148193359375,29.09967682499412],[77.16943359375,29.036493231244116],[77.195556640625,28.99762604374412],[77.189697265625,28.98822662968162],[77.17763671875002,28.98065827030662],[77.175537109375,28.963153387494117],[77.20224609375003,28.942499090619116],[77.209716796875,28.935174871869116],[77.216796875,28.923700262494116],[77.220703125,28.914422918744116],[77.21992187500001,28.90607330936912],[77.213134765625,28.897333074994116],[77.2021484375,28.877069403119116],[77.21669921875002,28.84357330936912],[77.20634765624999,28.821893621869116],[77.19843750000001,28.813104559369116],[77.195556640625,28.80683014530662],[77.19589843750003,28.79425690311912],[77.19775390625,28.79096100468162],[77.202392578125,28.790057684369117],[77.213134765625,28.79059479374412],[77.216552734375,28.78827545780662],[77.216796875,28.78266022343162],[77.2158203125,28.77606842655662],[77.216552734375,28.77069733280662],[77.21484375,28.77020905155662],[77.216552734375,28.74957916874412],[77.21923828125,28.74494049686912],[77.228271484375,28.73871491093162],[77.23007812500003,28.73285553593162],[77.22900390625,28.721063543744116],[77.223876953125,28.70075104374412],[77.22265625,28.68878815311912],[77.22265625,28.694940496869116],[77.22988281250002,28.681415106244117],[77.244384765625,28.66034577030662],[77.25,28.64716217655662],[77.253173828125,28.61017487186912],[77.259033203125,28.59259674686912],[77.28994140625002,28.578876043744117],[77.30322265625,28.56293366093162],[77.327392578125,28.519794012494117],[77.335205078125,28.507928778119116],[77.34345703125001,28.49835846561912],[77.352783203125,28.49188873905662],[77.36328125,28.489520574994117],[77.376953125,28.48419830936912],[77.37851562500003,28.47247955936912],[77.3759765625,28.46076080936912],[77.377197265625,28.45538971561912],[77.38496093750001,28.457635809369116],[77.40234375,28.46735260624412],[77.40761718750002,28.46906159061912],[77.415283203125,28.46503327030662],[77.41708984375003,28.45978424686912],[77.41748046875,28.453973699994116],[77.424560546875,28.44196198124412],[77.42519531250002,28.435663153119116],[77.42822265625,28.43073151249412],[77.438720703125,28.428729559369117],[77.45664062500003,28.43463776249412],[77.4658203125,28.434344793744117],[77.4697265625,28.42499420780662],[77.46816406250002,28.396747137494117],[77.47568359375003,28.391376043744117],[77.4970703125,28.393329168744117],[77.471923828125,28.34052155155662],[77.46640625000003,28.31525299686912],[77.48789062500003,28.29901764530662],[77.489501953125,28.28644440311912],[77.48876953125,28.272577215619116],[77.49072265625,28.26361725468162],[77.503662109375,28.25678131718162],[77.52890625000003,28.253534246869116],[77.53857421875,28.24310944218162],[77.53261718750002,28.241229559369117],[77.5283203125,28.237909246869116],[77.52587890625,28.23285553593162],[77.52490234375,28.22577545780662],[77.52060546875003,28.217303778119117],[77.51123046875,28.213495184369116],[77.50156250000003,28.211688543744117],[77.4970703125,28.209002996869117],[77.50156250000003,28.19672272343162],[77.528564453125,28.192987371869116],[77.53857421875,28.181024481244116],[77.50722656250002,28.170282293744116],[77.494873046875,28.15192291874412],[77.49560546875,28.12604401249412],[77.50380859375002,28.092889715619116],[77.4697265625,28.112811590619117],[77.470703125,28.09943268436912],[77.47646484375002,28.071551824994117],[77.468017578125,28.046893621869117],[77.479736328125,28.036493231244116],[77.49570312500003,28.02838776249412],[77.50380859375002,28.020282293744117],[77.51230468750003,27.999627996869116],[77.52646484375003,27.974481512494116],[77.529296875,27.95258209843162],[77.50380859375002,27.94147369999412],[77.510498046875,27.919452215619117],[77.51962890625003,27.89826080936912],[77.532958984375,27.87982819218162],[77.55166015625002,27.866327215619116],[77.56503906250003,27.86310455936912],[77.57587890625001,27.86310455936912],[77.58505859375003,27.85968659061912],[77.59326171875,27.84589264530662],[77.59433593750003,27.83356354374412],[77.591064453125,27.82025787968162],[77.57958984375,27.79743073124412],[77.60546875,27.79877350468162],[77.65048828125003,27.81171295780662],[77.6689453125,27.81110260624412],[77.67929687500003,27.80780670780662],[77.686279296875,27.80426666874412],[77.68984375000002,27.79730866093162],[77.689453125,27.783807684369116],[77.68398437500002,27.78449127811912],[77.672119140625,27.77228424686912],[77.66455078125,27.75751373905662],[77.672119140625,27.75031159061912],[77.67636718750003,27.74445221561912],[77.687255859375,27.715692449994116],[77.689453125,27.70465729374412],[77.68710937500003,27.69135162968162],[77.67734375000003,27.673114324994117],[77.67519531250002,27.66339752811912],[77.67822265625,27.65497467655662],[77.68544921875002,27.64923737186912],[77.6923828125,27.64215729374412],[77.69570312500002,27.62958405155662],[77.69033203125002,27.62116119999412],[77.66445312500002,27.61420319218162],[77.6552734375,27.60504791874412],[77.664794921875,27.602557684369117],[77.68740234375002,27.602069403119117],[77.69570312500002,27.59943268436912],[77.70566406250003,27.58795807499412],[77.70458984375,27.57831452030662],[77.698974609375,27.567889715619117],[77.693603515625,27.54608795780662],[77.6845703125,27.532586981244116],[77.6826171875,27.52716705936912],[77.6845703125,27.514911199994117],[77.689697265625,27.50836823124412],[77.6962890625,27.50336334843162],[77.703125,27.49579498905662],[77.720703125,27.43646881718162],[77.72695312500002,27.426874090619116],[77.73251953125003,27.42377350468162],[77.73818359375002,27.41608307499412],[77.742431640625,27.406268621869117],[77.7470703125,27.383075262494117],[77.75449218750003,27.380975653119116],[77.77138671875002,27.38593170780662],[77.783935546875,27.392450262494116],[77.79189453125002,27.39166901249412],[77.79873046875002,27.37970612186912],[77.796875,27.371210028119116],[77.78183593750003,27.35297272343162],[77.77822265625002,27.34186432499412],[77.78261718750002,27.33295319218162],[77.792236328125,27.323016668744117],[77.80244140625001,27.314813543744116],[77.80859375,27.31146881718162],[77.82177734375,27.30914948124412],[77.82773437500003,27.302997137494117],[77.83164062500003,27.29401276249412],[77.83896484375003,27.28351471561912],[77.86093750000003,27.266131903119117],[77.86572265625,27.27545807499412],[77.8681640625,27.293963934369117],[77.88437500000003,27.30402252811912],[77.8984375,27.29242584843162],[77.90292968750003,27.26911041874412],[77.9091796875,27.251336981244116],[77.92841796875001,27.256219793744116],[77.93310546875,27.26679108280662],[77.93339843749999,27.28058502811912],[77.93710937500003,27.29266998905662],[77.95263671875,27.29779694218162],[77.9599609375,27.291034246869117],[77.959228515625,27.27582428593162],[77.961181640625,27.25946686405662],[77.97675781250001,27.249383856244116],[77.98056640625003,27.27020905155662],[77.99326171875003,27.27313873905662],[78.008056640625,27.26593659061912],[78.01845703125002,27.256219793744116],[78.028076171875,27.23749420780662],[78.03115234375002,27.219354559369116],[78.029296875,27.200799871869116],[78.024658203125,27.18048737186912],[78.04580078125002,27.18720123905662],[78.05517578125,27.19183991093162],[78.062744140625,27.197870184369116],[78.07470703125,27.20209381718162],[78.08701171875003,27.195331121869117],[78.099365234375,27.185565496869117],[78.11083984375,27.18048737186912],[78.15869140625,27.17365143436912],[78.168701171875,27.17877838749412],[78.17861328125002,27.18878815311912],[78.18886718750002,27.195575262494117],[78.199951171875,27.191034246869116],[78.21083984375002,27.16913483280662],[78.20693359375002,27.150653387494117],[78.19873046875,27.13263580936912],[78.19716796875002,27.11225006718162],[78.2138671875,27.086542059369116],[78.235595703125,27.083514715619117],[78.24824218750001,27.093280340619117],[78.23691406250003,27.10602448124412],[78.23691406250003,27.11225006718162],[78.25136718750002,27.11212799686912],[78.26123046875,27.106952215619117],[78.26767578125003,27.09735748905662],[78.272216796875,27.08429596561912],[78.2841796875,27.094012762494117],[78.29482421875002,27.11603424686912],[78.306396484375,27.125262762494117],[78.30898437500002,27.124042059369117],[78.33095703125002,27.12445709843162],[78.333740234375,27.125262762494117],[78.341552734375,27.12592194218162],[78.3486328125,27.127460028119117],[78.35498046875,27.12457916874412],[78.3603515625,27.11225006718162],[78.34130859375,27.109637762494117],[78.32275390625,27.097528387494116],[78.3076171875,27.08063385624412],[78.29892578125003,27.06378815311912],[78.31064453125003,27.063251043744117],[78.330078125,27.07489655155662],[78.343017578125,27.07807037968162],[78.35751953125003,27.07587311405662],[78.37998046875003,27.066034246869116],[78.39111328125,27.06378815311912],[78.4111328125,27.05597565311912],[78.42988281250001,27.03742096561912],[78.4404296875,27.015008856244116],[78.43544921875002,26.99616119999412],[78.45664062500003,26.993524481244116],[78.47900390625,26.981317449994116],[78.4970703125,26.96527741093162],[78.50439453125,26.95148346561912],[78.507080078125,26.94000885624412],[78.513916015625,26.92938873905662],[78.52294921875,26.925653387494116],[78.53164062500002,26.934686590619116],[78.52783203125,26.940057684369116],[78.51123046875,26.98187897343162],[78.531494140625,26.97687409061912],[78.555908203125,26.97565338749412],[78.55947265625002,26.970233465619117],[78.5625,26.94635651249412],[78.583251953125,26.929071356244116],[78.590576171875,26.926776434369117],[78.59375,26.93781159061912],[78.59140625000003,26.939227606244117],[78.5869140625,26.944208074994116],[78.583984375,26.950311590619116],[78.58632812500002,26.95514557499412],[78.59169921875002,26.95636627811912],[78.5986328125,26.95600006718162],[78.604736328125,26.954217840619116],[78.607421875,26.95148346561912],[78.60996093750003,26.93170807499412],[78.6171875,26.910419012494117],[78.6279296875,26.89325592655662],[78.6416015625,26.88629791874412],[78.67568359375002,26.91412994999412],[78.695556640625,26.92145416874412],[78.70361328125,26.899920965619117],[78.72236328125001,26.91596100468162],[78.72900390625,26.91901276249412],[78.73095703125,26.913592840619117],[78.75234375000002,26.904071356244117],[78.75820312500002,26.899920965619117],[78.761962890625,26.89386627811912],[78.76943359375002,26.876483465619117],[78.77187500000002,26.87201569218162],[78.793701171875,26.867938543744117],[78.79931640625,26.86579010624412],[78.80820312500003,26.850458074994116],[78.81503906250003,26.84174225468162],[78.8388671875,26.83148834843162],[78.85791015625,26.80329010624412],[78.87148437500002,26.79694244999412],[78.906494140625,26.793231512494117],[78.94326171875002,26.78327057499412],[78.938720703125,26.77789948124412],[78.93339843749999,26.76752350468162],[78.928955078125,26.76215241093162],[78.948974609375,26.76203034061912],[78.9853515625,26.75751373905662],[79.004638671875,26.76215241093162],[79.00283203125002,26.75385162968162],[78.998779296875,26.74689362186912],[78.9921875,26.74091217655662],[78.98349609375003,26.73541901249412],[78.99365234375,26.73334381718162],[79.00253906250003,26.728778387494117],[79.009033203125,26.72150299686912],[79.011474609375,26.711542059369116],[79.01572265625003,26.700555731244116],[79.03457031250002,26.69208405155662],[79.038818359375,26.683954168744116],[79.03769531250003,26.671161199994117],[79.03818359375003,26.65436432499412],[79.04599609375003,26.64118073124412],[79.066650390625,26.63922760624412],[79.066650390625,26.633075262494117],[79.06201171875,26.63104889530662],[79.05703125000002,26.627801824994116],[79.05244140625001,26.625604559369116],[79.06201171875,26.62018463749412],[79.08056640625,26.602167059369116],[79.08349609375,26.598260809369116],[79.09521484375,26.599627996869117],[79.115478515625,26.604754949994117],[79.12753906250003,26.605096746869116],[79.13857421875002,26.60236237186912],[79.16025390625003,26.593377996869116],[79.1728515625,26.591424871869116],[79.18027343750003,26.587518621869116],[79.19541015625003,26.569452215619116],[79.20322265625003,26.56415436405662],[79.20400390625002,26.545184637494117],[79.231201171875,26.53558991093162],[79.292724609375,26.523211981244117],[79.28212890625002,26.51532623905662],[79.244873046875,26.502069403119116],[79.261962890625,26.48041412968162],[79.24765625000003,26.467157293744116],[79.22353515625002,26.45697662968162],[79.210693359375,26.444354559369117],[79.21933593750003,26.431024481244116],[79.239990234375,26.433124090619117],[79.264892578125,26.44000885624412],[79.28583984375001,26.44122955936912],[79.296630859375,26.434100653119117],[79.30263671875002,26.42377350468162],[79.306884765625,26.413446356244116],[79.31308593750003,26.406512762494117],[79.32470703125,26.40436432499412],[79.33681640625002,26.40704987186912],[79.34824218750003,26.41120026249412],[79.37441406250002,26.417596746869116],[79.416015625,26.436542059369117],[79.437255859375,26.44122955936912],[79.46259765625001,26.43829987186912],[79.47421875000003,26.42877838749412],[79.47714843750003,26.414325262494117],[79.47705078125,26.39655182499412],[79.480224609375,26.38385651249412],[79.494873046875,26.36481354374412],[79.498046875,26.35529205936912],[79.504150390625,26.34967682499412],[79.51699218750002,26.35382721561912],[79.52880859375,26.36102936405662],[79.5322265625,26.36493561405662],[79.555419921875,26.360370184369117],[79.55615234375,26.34918854374412],[79.5439453125,26.33478424686912],[79.528564453125,26.320575262494117],[79.52294921875,26.30499909061912],[79.531982421875,26.28803131718162],[79.548583984375,26.272821356244116],[79.56640625,26.26251862186912],[79.58554687500003,26.25836823124412],[79.608154296875,26.25604889530662],[79.62685546875002,26.25092194218162],[79.63466796875002,26.23859284061912],[79.638427734375,26.219012762494117],[79.64892578125,26.20966217655662],[79.71503906250001,26.19135162968162],[79.72402343750002,26.186786199994117],[79.74130859375003,26.173114324994117],[79.74794921875002,26.16412994999412],[79.741455078125,26.16010162968162],[79.738525390625,26.155780340619117],[79.7373046875,26.146112371869116],[79.73984375000003,26.136493231244117],[79.75341796875,26.129413153119117],[79.766357421875,26.116229559369117],[79.7724609375,26.11163971561912],[79.79453125000003,26.109002996869116],[79.84707031250002,26.11469147343162],[79.86484375000003,26.10822174686912],[79.886474609375,26.091571356244117],[79.89990234375,26.09528229374412],[79.90869140625,26.111444403119116],[79.92236328125,26.15338776249412],[79.92744140625001,26.162469793744116],[79.93701171875,26.166278387494117],[79.949462890625,26.16266510624412],[79.95576171875001,26.153583074994117],[79.957763671875,26.14142487186912],[79.9580078125,26.12872955936912],[79.95166015625,26.08832428593162],[79.95849609375,26.072381903119116],[79.98476562500002,26.06391022343162],[80.00917968750002,26.066034246869116],[80.05908203125,26.07623932499412],[80.080322265625,26.070672918744116],[80.0927734375,26.05499909061912],[80.093017578125,26.03705475468162],[80.085205078125,26.020526434369117],[80.07343750000001,26.009295965619117],[80.08046875000002,25.99884674686912],[80.08828125000002,25.99506256718162],[80.09726562500003,25.993280340619123],[80.10751953125003,25.988788153119117],[80.12841796875,25.97186920780662],[80.140625,25.964129949994117],[80.17011718750001,25.954950262494123],[80.19384765625,25.92804596561912],[80.211181640625,25.92047760624412],[80.25595703125003,25.92951080936912],[80.27685546875,25.92633698124412],[80.28574218750003,25.90314362186912],[80.296875,25.891864324994117],[80.32177734375,25.89642975468162],[80.36152343750001,25.91303131718162],[80.40664062500002,25.914911199994123],[80.44638671875003,25.905877996869123],[80.51914062500003,25.878924871869117],[80.53701171875002,25.86908600468162],[80.54550781250003,25.855340887494123],[80.53994140625002,25.84320709843162],[80.51601562500002,25.83795807499412],[80.46933593750003,25.84235260624412],[80.45908203125003,25.83527252811912],[80.471435546875,25.81061432499412],[80.49169921875,25.79132721561912],[80.51132812500003,25.78583405155662],[80.55722656250003,25.789569403119117],[80.56757812500001,25.786249090619123],[80.56777343750002,25.778338934369117],[80.5634765625,25.76850006718162],[80.56064453125003,25.75946686405662],[80.560546875,25.74457428593162],[80.56171875000001,25.738153387494123],[80.56748046875003,25.734491278119123],[80.58056640625,25.72809479374412],[80.60048828125002,25.721942449994117],[80.64912109375001,25.713641668744117],[80.682861328125,25.693866278119117],[80.70566406250003,25.68829987186912],[80.73046875,25.68646881718162],[80.77197265625,25.68842194218162],[80.779541015625,25.68988678593162],[80.78662109375,25.69330475468162],[80.79794921875003,25.712030340619123],[80.806396484375,25.72308991093162],[80.8173828125,25.72809479374412],[80.828857421875,25.72540924686912],[80.838623046875,25.718377996869123],[80.845458984375,25.70844147343162],[80.85117187500003,25.68390534061912],[80.85908203125001,25.68170807499412],[80.88222656250002,25.687127996869123],[80.90634765625003,25.688104559369123],[80.92343750000003,25.68549225468162],[80.93349609375002,25.674335028119117],[80.94052734375003,25.62543366093162],[80.95126953125003,25.614276434369117],[80.96865234375002,25.612909246869123],[81.01279296875003,25.624774481244117],[81.023193359375,25.62567780155662],[81.02656250000001,25.61688873905662],[81.02685546875,25.59430573124412],[81.02060546875003,25.58673737186912],[81.00820312500002,25.57916901249412],[80.99912109375003,25.570672918744123],[81.002685546875,25.560174871869123],[81.00996093750001,25.55219147343162],[81.013427734375,25.54706452030662],[81.017333984375,25.54254791874412],[81.02685546875,25.53632233280662],[81.06484375000002,25.51862213749412],[81.08681640625002,25.51129791874412],[81.17099609375003,25.50018952030662],[81.183837890625,25.49469635624412],[81.192138671875,25.474383856244117],[81.18427734375001,25.45783112186912],[81.15283203125,25.42987702030662],[81.14794921875,25.41144440311912],[81.15781250000003,25.39301178593162],[81.173095703125,25.37836334843162],[81.183837890625,25.37116119999412],[81.224853515625,25.36163971561912],[81.24404296875002,25.354120184369123],[81.26123046875,25.32941315311912],[81.2822265625,25.33173248905662],[81.32041015625003,25.344501043744117],[81.344482421875,25.342401434369123],[81.36669921875,25.333758856244117],[81.384765625,25.32025787968162],[81.396240234375,25.30353424686912],[81.38330078125,25.28998444218162],[81.390625,25.28034088749412],[81.4091796875,25.27374909061912],[81.452880859375,25.26605866093162],[81.47226562500003,25.26557037968162],[81.491455078125,25.268573309369117],[81.512939453125,25.27558014530662],[81.6201171875,25.347919012494117],[81.66054687500002,25.358172918744117],[81.7041015625,25.35944244999412],[81.7255859375,25.35675690311912],[81.7421875,25.347919012494117],[81.76025390625,25.333856512494123],[81.77822265625002,25.32770416874412],[81.79541015625,25.329950262494123],[81.810791015625,25.341083074994117],[81.81171875000001,25.34882233280662],[81.79736328125,25.36615631718162],[81.79335937500002,25.37457916874412],[81.794921875,25.38361237186912],[81.799072265625,25.39020416874412],[81.810791015625,25.402215887494123],[81.82832031250001,25.416376043744123],[81.851318359375,25.42536041874412],[81.87558593750003,25.42706940311912],[81.903076171875,25.41461823124412]]]}},{"type":"Feature","properties":{"rank":6},"geometry":{"type":"MultiLineString","coordinates":[[[81.57421875,22.75372955936912],[81.498046875,22.757684637494123],[81.4619140625,22.765155340619117],[81.437744140625,22.78790924686912],[81.42138671875,22.826434637494117],[81.40761718750002,22.842645574994123],[81.38593750000001,22.84931061405662],[81.366455078125,22.85187409061912],[81.31416015625001,22.87042877811912],[81.28955078125,22.87457916874412],[81.28017578125002,22.87726471561912],[81.271240234375,22.88214752811912],[81.248779296875,22.89777252811912],[81.23300781250003,22.900653387494117],[81.19091796875,22.916620184369123],[81.176513671875,22.925067449994117],[81.1748046875,22.929071356244123],[81.17529296875,22.93475983280662],[81.17470703125002,22.940692449994117],[81.17031250000002,22.94550202030662],[81.162353515625,22.948260809369117],[81.15761718750002,22.94745514530662],[81.15390625000003,22.945672918744123],[81.14980468750002,22.94550202030662],[81.12832031250002,22.95087311405662],[81.10537109375002,22.952997137494123],[81.08447265625,22.959588934369123],[81.0595703125,22.972674871869117],[81.03525390625003,22.98187897343162],[81.01601562500002,22.97687409061912],[81.01308593750002,22.96954987186912],[81.00634765625,22.935321356244117],[81.0009765625,22.930438543744117],[80.989013671875,22.93219635624412],[80.931884765625,22.95233795780662],[80.91171875000003,22.955585028119117],[80.88906250000002,22.952997137494123],[80.89560546875003,22.970233465619117],[80.900390625,22.987909246869123],[80.900390625,23.004413153119117],[80.892822265625,23.017840887494117],[80.85146484375002,23.050409246869123],[80.84189453125003,23.05536530155662],[80.82822265625003,23.05097077030662],[80.817138671875,23.03949616093162],[80.809814453125,23.02484772343162],[80.80244140625001,22.99518463749412],[80.791259765625,22.99884674686912],[80.76552734375002,23.021258856244117],[80.755859375,23.011981512494117],[80.737060546875,23.005389715619117],[80.678955078125,22.99872467655662],[80.66572265625001,22.994159246869117],[80.642578125,22.97345612186912],[80.62939453125,22.964374090619117],[80.62109375,22.96539948124412],[80.610595703125,22.97040436405662],[80.59121093750002,22.97345612186912],[80.572265625,22.970575262494123],[80.53828125000001,22.957147528119123],[80.51914062500003,22.952997137494123],[80.53164062500002,22.92804596561912],[80.53339843750001,22.918231512494117],[80.531494140625,22.90595123905662],[80.521484375,22.886737371869117],[80.51914062500003,22.88068268436912],[80.513916015625,22.87811920780662],[80.48164062500001,22.853045965619117],[80.47675781250001,22.84235260624412],[80.48007812500003,22.833026434369117],[80.49179687500003,22.815790106244123],[80.49863281250003,22.79608795780662],[80.499755859375,22.78766510624412],[80.499267578125,22.77484772343162],[80.49550781250002,22.760126043744123],[80.49091796875001,22.753924871869117],[80.491455078125,22.74860260624412],[80.51035156250003,22.726092840619117],[80.50839843750003,22.721063543744123],[80.50244140625,22.715204168744123],[80.499267578125,22.70221588749412],[80.49716796875003,22.696893621869123],[80.492431640625,22.69122955936912],[80.48164062500001,22.681756903119123],[80.477783203125,22.674676824994123],[80.48134765625002,22.669061590619123],[80.48759765624999,22.663690496869123],[80.49589843749999,22.65192291874412],[80.501953125,22.64545319218162],[80.506591796875,22.636493231244117],[80.50546875000003,22.623407293744123],[80.4990234375,22.61371491093162],[80.450439453125,22.578973699994123],[80.42929687500003,22.57404205936912],[80.407958984375,22.575946356244117],[80.389404296875,22.58307526249412],[80.37265625000003,22.59467194218162],[80.354736328125,22.611932684369123],[80.34003906250001,22.63251373905662],[80.33408203125003,22.654413153119123],[80.33554687500003,22.68781159061912],[80.33388671875002,22.710956121869117],[80.32724609375003,22.726434637494123],[80.318359375,22.729364324994123],[80.2958984375,22.72821686405662],[80.28574218750003,22.733270574994123],[80.282958984375,22.741083074994123],[80.279541015625,22.77826569218162],[80.26884765624999,22.795526434369123],[80.24423828125003,22.801874090619123],[80.216552734375,22.800555731244117],[80.197021484375,22.794696356244117],[80.19287109375,22.78925202030662],[80.19003906250003,22.781366278119123],[80.185546875,22.77326080936912],[80.17587890625003,22.76740143436912],[80.1650390625,22.76618073124412],[80.15712890625002,22.769061590619117],[80.14912109375001,22.77289459843162],[80.138671875,22.77484772343162],[80.075439453125,22.77313873905662],[80.059814453125,22.77484772343162],[80.031982421875,22.78449127811912],[80.02578125000002,22.78790924686912],[80.0078125,22.81757233280662],[79.93017578125,22.87726471561912],[79.92929687500003,22.889032293744123],[79.93398437500002,22.895868231244123],[79.94003906250003,22.900165106244117],[79.94384765625,22.904559637494117],[79.945556640625,22.915643621869123],[79.94384765625,22.94208405155662],[79.940185546875,22.943475653119123],[79.9140625,22.977313543744117],[79.91005859375002,22.98590729374412],[79.90830078125003,22.995965887494123],[79.90966796875,23.00763580936912],[79.9150390625,23.015155340619117],[79.93662109375003,23.03803131718162],[79.94384765625,23.048602606244117],[79.94677734375,23.060077215619117],[79.94960937500002,23.078729559369123],[79.94843750000001,23.09613678593162],[79.9404296875,23.10382721561912],[79.90625,23.11127350468162],[79.88662109375002,23.113153387494123],[79.8544921875,23.10114166874412],[79.83408203125003,23.106317449994123],[79.79296875,23.128680731244117],[79.79179687499999,23.131219793744123],[79.78925781250001,23.13190338749412],[79.778564453125,23.130487371869123],[79.76992187500002,23.12811920780662],[79.75996093750001,23.120965887494123],[79.751953125,23.11749909061912],[79.74365234375,23.116717840619117],[79.72607421875,23.11859772343162],[79.7177734375,23.11749909061912],[79.709228515625,23.11261627811912],[79.6923828125,23.099627996869117],[79.6865234375,23.09699127811912],[79.66835937500002,23.099139715619117],[79.64179687500001,23.108514715619123],[79.625,23.11066315311912],[79.6044921875,23.110858465619117],[79.59091796875003,23.11347077030662],[79.58154296875,23.12152741093162],[79.57382812500003,23.137958074994117],[79.553955078125,23.13056061405662],[79.51601562500002,23.136835028119123],[79.494384765625,23.12738678593162],[79.47607421875,23.115252996869117],[79.45458984375,23.105585028119123],[79.43173828125003,23.099237371869123],[79.409912109375,23.09699127811912],[79.372802734375,23.10480377811912],[79.34804687500002,23.10675690311912],[79.33046875000002,23.10040924686912],[79.32275390625,23.09552643436912],[79.3115234375,23.09210846561912],[79.26679687500001,23.088641668744117],[79.20253906250002,23.073846746869123],[79.158935546875,23.06903717655662],[79.13779296875003,23.075946356244117],[79.12636718750002,23.075946356244117],[79.121337890625,23.06598541874412],[79.11777343750003,23.06037018436912],[79.10302734375,23.027850653119117],[79.100830078125,23.021258856244117],[79.085693359375,23.01532623905662],[79.062744140625,23.01337311405662],[79.03896484375002,23.016229559369123],[79.02167968750001,23.024676824994117],[79.003173828125,23.03864166874412],[78.98398437500003,23.045770574994123],[78.964111328125,23.04828522343162],[78.77187500000002,23.041131903119123],[78.75996093750001,23.04303619999412],[78.74267578125,23.04840729374412],[78.73095703125,23.048602606244117],[78.720458984375,23.045770574994123],[78.69873046875,23.03681061405662],[78.67431640625,23.03278229374412],[78.65576171875,23.02338287968162],[78.64492187500002,23.021258856244117],[78.607421875,23.021258856244117],[78.49404296875002,23.005731512494123],[78.474853515625,23.000360418744123],[78.4423828125,22.98029205936912],[78.435302734375,22.97711823124412],[78.416259765625,22.97089264530662],[78.39453125,22.95917389530662],[78.39199218750002,22.95453522343162],[78.387939453125,22.941424871869117],[78.384033203125,22.938739324994117],[78.370361328125,22.93500397343162],[78.32871093750003,22.91474030155662],[78.3125,22.904559637494117],[78.30605468750002,22.89801666874412],[78.29150390625,22.875604559369123],[78.28583984375001,22.86359284061912],[78.27382812500002,22.86859772343162],[78.2626953125,22.867059637494123],[78.2529296875,22.863788153119117],[78.244384765625,22.86359284061912],[78.236083984375,22.86920807499412],[78.22744140625002,22.87824127811912],[78.22119140625,22.886590887494123],[78.220458984375,22.890252996869123],[78.1875,22.888299871869123],[78.17099609375003,22.88251373905662],[78.15488281250003,22.87042877811912],[78.14394531250002,22.85748932499412],[78.13535156250003,22.84271881718162],[78.13007812500001,22.825555731244123],[78.12832031250002,22.80524323124412],[78.120361328125,22.78876373905662],[78.10263671875003,22.79144928593162],[78.07236328125003,22.808368231244117],[78.06201171875,22.80817291874412],[78.04296875,22.80267975468162],[78.031982421875,22.802118231244123],[78.02041015625002,22.80621979374412],[78.00390625,22.819696356244123],[77.993896484375,22.822626043744123],[77.98251953125003,22.821551824994117],[77.96279296875002,22.816913153119117],[77.95263671875,22.815790106244123],[77.94677734375,22.81378815311912],[77.94248046875003,22.810077215619117],[77.93837890625002,22.80829498905662],[77.93212890625,22.81207916874412],[77.926513671875,22.82001373905662],[77.92724609375,22.82501862186912],[77.929443359375,22.829608465619117],[77.92539062500003,22.84747955936912],[77.92509765624999,22.855340887494123],[77.921630859375,22.86054108280662],[77.90859375000002,22.86359284061912],[77.90634765625003,22.86017487186912],[77.88437500000003,22.839715887494123],[77.87568359375001,22.83710358280662],[77.870361328125,22.84454987186912],[77.86767578125,22.85639069218162],[77.866943359375,22.86701080936912],[77.86005859375001,22.873553778119117],[77.84482421875003,22.86737702030662],[77.81904296875001,22.84931061405662],[77.77197265625,22.78522369999412],[77.76132812500003,22.77484772343162],[77.739013671875,22.77155182499412],[77.639404296875,22.73151276249412],[77.62294921875002,22.720965887494117],[77.5888671875,22.686151434369123],[77.580322265625,22.68073151249412],[77.55410156250002,22.676874090619123],[77.544921875,22.672235418744123],[77.52490234375,22.65753815311912],[77.45761718750003,22.63373444218162],[77.438720703125,22.630877996869117],[77.42470703125002,22.626727606244117],[77.35986328125,22.596063543744123],[77.33291015625002,22.570575262494117],[77.31259765625003,22.559686590619123],[77.294677734375,22.565692449994117],[77.27236328125002,22.594842840619123],[77.262451171875,22.59613678593162],[77.2236328125,22.581073309369117],[77.17988281250001,22.57086823124412],[77.15810546875002,22.56940338749412],[77.14023437500003,22.56281159061912],[77.08603515625003,22.514178778119117],[77.049072265625,22.500995184369117],[76.96474609375002,22.500116278119123],[76.921630859375,22.493670965619117],[76.9033203125,22.483661199994117],[76.872314453125,22.457391668744123],[76.85605468750003,22.45209381718162],[76.833984375,22.44843170780662],[76.816650390625,22.43891022343162],[76.802978515625,22.42572662968162],[76.7919921875,22.411151434369117],[76.78339843750001,22.394891668744123],[76.78173828125,22.38080475468162],[76.784423828125,22.345965887494117],[76.7783203125,22.327264715619123],[76.762939453125,22.309930731244123],[76.72236328125001,22.281366278119123],[76.688720703125,22.263544012494123],[76.667724609375,22.25836823124412],[76.6513671875,22.26398346561912],[76.63593750000001,22.263690496869117],[76.5859375,22.234979559369123],[76.5654296875,22.22675202030662],[76.5439453125,22.23102448124412],[76.52587890625,22.242694403119117],[76.511474609375,22.25470612186912],[76.50009765625003,22.26032135624412],[76.50068359375001,22.264520574994123],[76.49130859375003,22.27326080936912],[76.48046875,22.28082916874412],[76.4765625,22.281366278119123],[76.470458984375,22.29315827030662],[76.46826171875,22.301044012494117],[76.470458984375,22.30927155155662],[76.4765625,22.32233307499412],[76.4638671875,22.32343170780662],[76.4453125,22.33270905155662],[76.43505859375,22.33600494999412],[76.42255859375001,22.335956121869117],[76.37089843749999,22.325702215619117],[76.332763671875,22.308465887494123],[76.3115234375,22.301874090619123],[76.24160156250002,22.29230377811912],[76.225830078125,22.284784246869123],[76.20205078125002,22.250995184369117],[76.18808593750003,22.242450262494117],[76.16064453125,22.24042389530662],[76.11669921875,22.24494049686912],[76.09677734375003,22.242206121869117],[76.07558593750002,22.229852606244123],[76.06591796875,22.226434637494123],[76.04335937500002,22.22724030155662],[76.03427734375003,22.22308991093162],[76.01718750000003,22.21039459843162],[75.99677734375001,22.198846746869123],[75.95419921875,22.187860418744123],[75.81796875,22.185809637494117],[75.79580078125002,22.18085358280662],[75.758544921875,22.16205475468162],[75.73916015625002,22.15790436405662],[75.6904296875,22.154559637494117],[75.653564453125,22.171502996869123],[75.6314453125,22.17279694218162],[75.468359375,22.15314362186912],[75.4244140625,22.14008209843162],[75.404052734375,22.13739655155662],[75.34023437500002,22.13971588749412],[75.254638671875,22.12470123905662],[75.232177734375,22.12311432499412],[75.22207031250002,22.120965887494123],[75.202880859375,22.111590887494117],[75.191162109375,22.109491278119123],[75.1572265625,22.110614324994117],[75.146484375,22.109491278119123],[75.136474609375,22.10614655155662],[75.12216796875,22.097919012494117],[75.1123046875,22.095819403119123],[75.06757812500001,22.10260651249412],[75.04726562500002,22.099139715619117],[74.98261718750001,22.07599518436912],[74.9609375,22.07465241093162],[74.89697265625,22.082147528119123],[74.875,22.07929108280662],[74.83486328125002,22.06854889530662],[74.811279296875,22.068475653119123],[74.78164062500002,22.076044012494123],[74.769775390625,22.07599518436912],[74.75869140625002,22.07282135624412],[74.7369140625,22.063592840619123],[74.72500000000002,22.061639715619123],[74.7001953125,22.050165106244123],[74.58984375,22.022967840619117],[74.5673828125,22.02069733280662],[74.557861328125,22.023065496869123],[74.54794921875,22.02899811405662],[74.54013671875,22.036737371869123],[74.53701171875002,22.04462311405662],[74.530859375,22.049676824994123],[74.51748046875002,22.047967840619123],[74.495361328125,22.04120514530662],[74.43271484375,22.03949616093162],[74.41347656250002,22.03497955936912],[74.39599609375,22.02558014530662],[74.35195312500002,21.986590887494117],[74.3423828125,21.98212311405662],[74.320556640625,21.976190496869123],[74.30605468750002,21.96991608280662],[74.29453125,21.967889715619123],[74.28994140625002,21.96613190311912],[74.288671875,21.962518621869123],[74.28857421875,21.956561590619117],[74.287841796875,21.95001862186912],[74.28427734375,21.94501373905662],[74.26767578125,21.93598053593162],[74.2490234375,21.929803778119123],[74.228125,21.926288153119117],[74.204833984375,21.92511627811912],[74.18271484375,21.929315496869123],[74.151123046875,21.947626043744123],[74.12880859375002,21.951776434369123],[74.06103515625,21.94037506718162],[73.974609375,21.90119049686912],[73.96494140625,21.887811590619123],[73.94257812500001,21.874627996869123],[73.917578125,21.866961981244117],[73.89951171875,21.869891668744117],[73.87089843750002,21.85468170780662],[73.83291015625002,21.843622137494123],[73.79248046875,21.83710358280662],[73.756103515625,21.83576080936912],[73.73818359375002,21.837762762494123],[73.71787109375,21.84223053593162],[73.69960937500002,21.84857819218162],[73.687255859375,21.85626862186912],[73.68349609375002,21.864764715619117],[73.68125,21.87616608280662],[73.677734375,21.886102606244123],[73.66982421875002,21.890399481244117],[73.66025390625,21.89264557499412],[73.64072265625,21.90241119999412],[73.62890625,21.90460846561912],[73.60703125,21.91205475468162],[73.5962890625,21.928241278119117],[73.588134765625,21.944452215619123],[73.573974609375,21.951776434369123],[73.56357421875,21.955438543744123],[73.552001953125,21.973163153119117],[73.543212890625,21.979754949994117],[73.53134765625,21.98151276249412],[73.52431640625002,21.97858307499412],[73.51904296875,21.97443268436912],[73.51220703125,21.972284246869123],[73.50136718750002,21.973016668744123],[73.46181640625002,21.985370184369117],[73.45458984375,21.986346746869117],[73.443603515625,21.986590887494117],[73.43466796875,21.954608465619117],[73.425390625,21.93121979374412],[73.412841796875,21.91766998905662],[73.3736328125,21.92853424686912],[73.336669921875,21.88580963749412],[73.3037109375,21.890399481244117],[73.28818359375,21.90582916874412],[73.27880859375,21.923358465619117],[73.26806640625,21.93646881718162],[73.2490234375,21.93878815311912],[73.23193359375,21.929706121869117],[73.227294921875,21.914569403119117],[73.230224609375,21.896014715619117],[73.2451171875,21.84442780155662],[73.23974609375,21.83502838749412],[73.22109375000002,21.82892487186912],[73.19833984375,21.83026764530662],[73.18203125000002,21.839618231244117],[73.168212890625,21.850458074994123],[73.1533203125,21.85626862186912],[73.13613281250002,21.843866278119123],[73.14912109375001,21.81195709843162],[73.1587890625,21.77655670780662],[73.13173828125002,21.753778387494123]]]}},{"type":"Feature","properties":{"rank":6},"geometry":{"type":"MultiLineString","coordinates":[[[100.07021484375002,33.00568268436912],[100.08291015625002,32.99237702030662],[100.11347656250001,32.96832916874412],[100.16904296875003,32.90973541874412],[100.19091796875,32.89850494999412],[100.19375000000002,32.88739655155662],[100.193115234375,32.86505768436912],[100.19677734375,32.859002996869116],[100.215576171875,32.84992096561912],[100.25136718750002,32.824335028119116],[100.29150390625,32.80316803593162],[100.334716796875,32.78639557499412],[100.37119140625003,32.77912018436912],[100.44199218750003,32.72650787968162],[100.453857421875,32.71454498905662],[100.45849609375,32.70563385624412],[100.48847656250001,32.683465887494116],[100.49824218750001,32.66901276249412],[100.50156250000003,32.655877996869116],[100.50341796875,32.64276764530662],[100.50839843750003,32.62824127811912],[100.51572265625003,32.62037994999412],[100.52500000000003,32.61500885624412],[100.532958984375,32.60883209843162],[100.536376953125,32.59816315311912],[100.54179687499999,32.586542059369116],[100.554443359375,32.576532293744116],[100.5693359375,32.569452215619116],[100.595703125,32.56349518436912],[100.638671875,32.53949616093162],[100.65439453125003,32.535760809369116],[100.66757812500003,32.53436920780662],[100.67988281250001,32.530389715619116],[100.693359375,32.51906159061912],[100.71044921875,32.52272369999412],[100.7255859375,32.51246979374412],[100.74082031250003,32.49860260624412],[100.758544921875,32.49176666874412],[100.766357421875,32.48749420780662],[100.78964843750003,32.45697662968162],[100.79335937500002,32.45477936405662],[100.79677734375002,32.45551178593162],[100.79990234375003,32.45534088749412],[100.80322265625,32.45075104374412],[100.805908203125,32.44232819218162],[100.8056640625,32.43829987186912],[100.80410156250002,32.43439362186912],[100.80322265625,32.42658112186912],[100.80517578125,32.39166901249412],[100.806640625,32.38527252811912],[100.810546875,32.37518952030662],[100.80263671875002,32.35329010624412],[100.80322265625,32.34149811405662],[100.8134765625,32.33668854374412],[100.82822265625003,32.34735748905662],[100.84755859375002,32.35646393436912],[100.87148437500002,32.34711334843162],[100.86279296875,32.33148834843162],[100.87880859375002,32.320917059369116],[100.916259765625,32.310174871869116],[100.92529296875,32.303827215619116],[100.94287109375,32.29542877811912],[100.95068359375,32.289667059369116],[100.960205078125,32.27985260624412],[100.965576171875,32.27272369999412],[100.9794921875,32.24079010624412],[100.98388671875,32.233026434369116],[101.00644531250003,32.20526764530662],[101.0087890625,32.19923737186912],[101.00937500000003,32.18695709843162],[101.00498046875003,32.169061590619116],[100.97451171875002,32.10817291874412],[100.97089843750001,32.08844635624412],[100.97451171875002,32.03615143436912],[100.97705078125,32.02387116093162],[100.98291015625,32.01784088749412],[100.99072265625,32.01410553593162],[100.998779296875,32.00880768436912],[101.0048828125,31.99957916874412],[101.00546875000003,31.98236725468162],[101.00937500000003,31.970965887494117],[101.02392578125,31.95734284061912],[101.06386718750002,31.948358465619116],[101.0810546875,31.939960028119117],[101.166259765625,31.833856512494116],[101.192138671875,31.81439850468162],[101.2412109375,31.80219147343162],[101.272216796875,31.783465887494117],[101.2861328125,31.779169012494116],[101.32929687500001,31.786151434369117],[101.344482421875,31.786004949994116],[101.36123046875002,31.78156159061912],[101.3916015625,31.76898834843162],[101.40585937500003,31.765497137494116],[101.4248046875,31.76508209843162],[101.44277343750002,31.768085028119117],[101.45595703125002,31.77570221561912],[101.461181640625,31.78912994999412],[101.4775390625,31.80292389530662],[101.513916015625,31.80512116093162],[101.551513671875,31.800067449994117],[101.571044921875,31.792254949994117],[101.58750000000003,31.80158112186912],[101.62744140625,31.815936590619117],[101.64667968750001,31.81952545780662],[101.64951171875003,31.81610748905662],[101.65390625000003,31.809344793744117],[101.66064453125,31.80524323124412],[101.67011718750001,31.80988190311912],[101.68886718750002,31.828729559369116],[101.694580078125,31.83319733280662],[101.7255859375,31.84662506718162],[101.83056640625,31.861102606244117],[101.84091796875003,31.85297272343162],[101.85703125000003,31.82880280155662],[101.865234375,31.81952545780662],[101.87851562500003,31.812616278119116],[101.903076171875,31.80646393436912],[101.9130859375,31.79962799686912],[101.90625,31.79962799686912],[101.93359375,31.789667059369116],[102.0263671875,31.71051666874412],[102.02978515625,31.70404694218162],[102.03095703125001,31.694110418744117],[102.02822265625002,31.68829987186912],[102.0244140625,31.68500397343162],[102.02294921875,31.682391668744117],[102.03076171875,31.66693756718162],[102.05097656250001,31.646600653119116],[102.05029296875,31.63519928593162],[102.06591796875,31.61957428593162],[102.071533203125,31.60138580936912],[102.078125,31.471307684369116],[102.07675781250003,31.45380280155662],[102.07089843750003,31.44208405155662],[101.9970703125,31.37860748905662],[101.98876953125,31.367694403119117],[101.99335937500001,31.35138580936912],[102.00732421875,31.33100006718162],[102.02490234375,31.313592840619116],[102.040283203125,31.30621979374412],[102.04873046875002,31.298456121869116],[102.04042968750002,31.280292059369117],[102.01611328125,31.244159246869117],[102.00107421875003,31.20294830936912],[101.988037109375,31.18878815311912],[101.94326171875002,31.17890045780662],[101.924072265625,31.16754791874412],[101.9072265625,31.151971746869116],[101.892578125,31.134881903119116],[101.87998046875003,31.111688543744116],[101.8740234375,31.083612371869116],[101.8720703125,31.01508209843162],[101.87441406250002,30.998407293744116],[101.88417968750002,30.963006903119116],[101.8857421875,30.943133856244117],[101.88037109375,30.907831121869116],[101.88583984375003,30.89459869999412],[101.90625,30.88849518436912],[101.919921875,30.867694403119117],[101.93300781250002,30.82050202030662],[101.94404296875001,30.802508856244117],[101.95419921875003,30.79804108280662],[101.96396484375003,30.79767487186912],[101.971435546875,30.794452215619117],[101.97451171875002,30.781756903119117],[101.97568359375003,30.76984284061912],[101.9794921875,30.762811590619116],[101.99560546875,30.75067780155662],[102.00244140625,30.746698309369116],[102.0166015625,30.741473699994117],[102.02294921875,30.737665106244116],[102.02978515625,30.72846100468162],[102.04052734375,30.707049871869117],[102.047119140625,30.702899481244117],[102.05488281250001,30.699335028119116],[102.05527343750003,30.69086334843162],[102.05029296875,30.672479559369116],[102.0517578125,30.660907293744117],[102.055419921875,30.654413153119116],[102.06005859375,30.64923737186912],[102.064453125,30.641473699994116],[102.06757812500001,30.624627996869116],[102.06494140625,30.53668854374412],[102.06875000000002,30.52387116093162],[102.0986328125,30.497430731244116],[102.11591796875001,30.477899481244116],[102.121337890625,30.46222565311912],[102.119140625,30.41864655155662],[102.123046875,30.39813873905662],[102.14384765624999,30.354852606244116],[102.16982421875002,30.31342194218162],[102.180419921875,30.29083893436912],[102.186279296875,30.26703522343162],[102.18798828125,30.23676178593162],[102.198974609375,30.22260162968162],[102.20302734375002,30.213495184369116],[102.1923828125,30.205340887494117],[102.18759765625003,30.18549225468162],[102.17861328125002,30.16681549686912],[102.1728515625,30.06500885624412],[102.170654296875,30.05866119999412],[102.177734375,30.050555731244117],[102.20849609375,30.004022528119116],[102.21337890625,29.98944733280662],[102.21435546875,29.98224518436912],[102.21464843749999,29.973260809369116],[102.216796875,29.96503327030662],[102.22607421875,29.96100494999412],[102.228271484375,29.95246002811912],[102.22568359375003,29.935907293744116],[102.22080078125003,29.920428778119117],[102.218017578125,29.906366278119116],[102.22216796875,29.89411041874412],[102.2119140625,29.87201569218162],[102.20937500000002,29.84894440311912],[102.216064453125,29.77472565311912],[102.213134765625,29.76398346561912],[102.20468750000003,29.75385162968162],[102.19970703125,29.742303778119116],[102.20205078125002,29.71112702030662],[102.19765625000002,29.69891998905662],[102.194580078125,29.69330475468162],[102.1953125,29.681170965619117],[102.19423828125002,29.675067449994117],[102.19091796875,29.67072174686912],[102.182861328125,29.664178778119116],[102.18056640625002,29.661395574994117],[102.1689453125,29.641473699994116],[102.16552734375,29.628534246869116],[102.170654296875,29.61701080936912],[102.17724609375,29.59357330936912],[102.157958984375,29.54303619999412],[102.17431640625,29.52423737186912],[102.16679687499999,29.50092194218162],[102.177001953125,29.48236725468162],[102.19589843750003,29.472919012494117],[102.21464843749999,29.477069403119117],[102.22216796875,29.469598699994116],[102.22011718750002,29.45514557499412],[102.23583984375,29.390741278119116],[102.2529296875,29.352899481244116],[102.26132812500003,29.35053131718162],[102.26523437500003,29.34418366093162],[102.27841796875003,29.29401276249412],[102.28359375000002,29.28461334843162],[102.29374999999999,29.27789948124412],[102.307373046875,29.272088934369116],[102.3193359375,29.264911199994117],[102.324462890625,29.253924871869117],[102.33339843750002,29.25665924686912],[102.416259765625,29.266717840619116],[102.45576171875001,29.275751043744116],[102.478759765625,29.27777741093162],[102.501220703125,29.28302643436912],[102.51884765624999,29.295770574994116],[102.55039062500003,29.32562897343162],[102.56669921874999,29.332294012494117],[102.580322265625,29.33283112186912],[102.595458984375,29.33576080936912],[102.61572265625,29.349481512494116],[102.62539062500002,29.35028717655662],[102.64707031250003,29.330829168744117],[102.656982421875,29.32562897343162],[102.701416015625,29.32562897343162],[102.77724609375002,29.31635162968162],[102.80771484375003,29.30084869999412],[102.804443359375,29.271014715619117],[102.818603515625,29.257440496869116],[102.83339843750002,29.233172918744117],[102.849609375,29.21503327030662],[102.869140625,29.21979401249412],[102.87832031250002,29.22382233280662],[102.890869140625,29.22650787968162],[102.90195312500003,29.230829168744116],[102.90673828125,29.23993561405662],[102.908935546875,29.25092194218162],[102.9208984375,29.27496979374412],[102.92724609375,29.28461334843162],[102.94257812500001,29.30011627811912],[102.958251953125,29.303338934369116],[102.999267578125,29.29828522343162],[103.02001953125,29.291620184369116],[103.026123046875,29.25751373905662],[103.04335937500002,29.243036199994116],[103.06455078125003,29.24481842655662],[103.08457031250003,29.259149481244116],[103.09951171875002,29.27838776249412],[103.10537109375002,29.294549871869116],[103.11376953125,29.30365631718162],[103.1328125,29.298358465619117],[103.20302734375002,29.253924871869117],[103.21738281250003,29.25092194218162],[103.23935546875003,29.250506903119117],[103.26220703125,29.245624090619117],[103.27294921875,29.24787018436912],[103.27880859375,29.26740143436912],[103.287109375,29.285174871869117],[103.291015625,29.29083893436912],[103.30576171875003,29.300897528119116],[103.32470703125,29.30817291874412],[103.337158203125,29.306756903119116],[103.33251953125,29.29083893436912],[103.3466796875,29.29376862186912],[103.366943359375,29.311883856244116],[103.38037109375,29.31879303593162],[103.386962890625,29.314081121869116],[103.39765625000001,29.30963776249412],[103.41005859375002,29.306415106244117],[103.42128906250002,29.30512116093162],[103.43310546875,29.30719635624412],[103.45791015625002,29.316522528119116],[103.461669921875,29.31879303593162],[103.47841796875002,29.30744049686912],[103.49306640625002,29.286493231244116],[103.50927734375,29.27155182499412],[103.530517578125,29.27777741093162],[103.58212890625003,29.212665106244117],[103.59023437500002,29.20868561405662],[103.601318359375,29.20783112186912],[103.63876953125003,29.20978424686912],[103.64501953125,29.21356842655662],[103.64658203125003,29.236835028119117],[103.6455078125,29.245135809369117],[103.64003906250002,29.266717840619116],[103.640380859375,29.27777741093162],[103.64589843750002,29.28900787968162],[103.65273437500002,29.295526434369116],[103.65839843750001,29.302508856244117],[103.66083984375001,29.31500885624412],[103.65156250000001,29.33673737186912],[103.63046875000003,29.340692449994116],[103.592041015625,29.33307526249412],[103.57421875,29.33942291874412],[103.5615234375,29.354120184369116],[103.5537109375,29.37433502811912],[103.55097656250001,29.39728424686912],[103.55410156250002,29.42011139530662],[103.56201171875,29.43622467655662],[103.642822265625,29.52155182499412],[103.67724609375,29.54511139530662],[103.71621093750002,29.558954168744116]]]}},{"type":"Feature","properties":{"rank":5},"geometry":{"type":"MultiLineString","coordinates":[[[73.65244140625,20.01276276249412],[73.6568359375,20.01850006718162],[73.66611328125,20.034540106244123],[73.67294921875,20.04010651249412],[73.68603515625,20.042987371869117],[73.69570312500002,20.040155340619123],[73.70517578125,20.035663153119117],[73.738525390625,20.03131744999412],[73.78125,20.019794012494117],[73.82216796875002,19.997821356244117],[73.838134765625,19.99371979374412],[73.8623046875,19.992303778119123],[73.902587890625,19.999139715619123],[73.9166015625,19.997430731244123],[73.947265625,19.984881903119117],[73.9673828125,19.982684637494117],[73.975341796875,19.98847077030662],[73.98046875,20.00031159061912],[73.991943359375,20.016473699994123],[74.004150390625,20.026483465619123],[74.021484375,20.037372137494117],[74.04052734375,20.04559967655662],[74.05712890625,20.04755280155662],[74.066162109375,20.04083893436912],[74.07333984375,20.030536199994117],[74.0826171875,20.02509186405662],[74.09814453125,20.03327057499412],[74.11669921875,20.02057526249412],[74.1470703125,20.014276434369123],[74.16298828125002,20.00287506718162],[74.171875,19.99921295780662],[74.19667968750002,19.99506256718162],[74.2017578125,19.98859284061912],[74.228515625,19.971795965619123],[74.23642578125,19.971307684369123],[74.25498046875,19.97272369999412],[74.26318359375,19.971795965619123],[74.2880859375,19.95954010624412],[74.293701171875,19.957538153119117],[74.31357421875,19.955194403119123],[74.38916015625,19.93060944218162],[74.40927734375,19.91901276249412],[74.42626953125,19.905536199994117],[74.43339843750002,19.89301178593162],[74.44248046875,19.881952215619123],[74.46425781250002,19.88385651249412],[74.4892578125,19.889422918744117],[74.50888671875,19.889276434369123],[74.51259765625002,19.88471100468162],[74.522705078125,19.861932684369123],[74.532958984375,19.85382721561912],[74.54433593750002,19.84699127811912],[74.55341796875001,19.83820221561912],[74.560791015625,19.811786199994117],[74.56884765625,19.80585358280662],[74.5791015625,19.802362371869123],[74.601171875,19.789081121869117],[74.6109375,19.791766668744117],[74.620361328125,19.79791901249412],[74.63251953125001,19.80048248905662],[74.6734375,19.780047918744117],[74.6919921875,19.767840887494117],[74.69843750000001,19.766131903119117],[74.74033203125,19.76508209843162],[74.759375,19.761102606244123],[74.7744140625,19.750995184369117],[74.79072265625001,19.73163483280662],[74.8134765625,19.690936590619117],[74.82900390625002,19.67157623905662],[74.848876953125,19.663348699994117],[74.861083984375,19.66120026249412],[74.88027343750002,19.65180084843162],[74.88974609375,19.649676824994117],[74.91708984375,19.65436432499412],[74.929443359375,19.65497467655662],[74.94091796875,19.649676824994117],[74.95156250000002,19.656610418744123],[74.96337890625,19.652704168744123],[74.98876953125,19.636004949994117],[75.01611328125,19.62921784061912],[75.034765625,19.61664459843162],[75.03662109375,19.61493561405662],[75.11328125,19.60053131718162],[75.1396484375,19.58759186405662],[75.1607421875,19.59589264530662],[75.180908203125,19.593866278119123],[75.19580078125,19.582879949994123],[75.2017578125,19.56403229374412],[75.20595703125002,19.556756903119123],[75.21669921875002,19.548456121869123],[75.24697265625002,19.532831121869123],[75.31943359375,19.50836823124412],[75.335205078125,19.50568268436912],[75.34003906250001,19.502557684369123],[75.35048828125002,19.488885809369123],[75.35556640625,19.48578522343162],[75.36962890625,19.467792059369117],[75.37568359375001,19.463495184369123],[75.37841796875,19.46625397343162],[75.381103515625,19.47064850468162],[75.38662109375002,19.471551824994123],[75.40839843750001,19.46613190311912],[75.41748046875,19.461542059369123],[75.42763671875002,19.451678778119117],[75.431640625,19.440936590619117],[75.432373046875,19.42963287968162],[75.43671875000001,19.42059967655662],[75.451904296875,19.41693756718162],[75.4576171875,19.42011139530662],[75.469482421875,19.434198309369123],[75.4791015625,19.43744537968162],[75.490234375,19.434344793744117],[75.497314453125,19.42694733280662],[75.503173828125,19.41779205936912],[75.51015625000002,19.40949127811912],[75.548095703125,19.38947174686912],[75.68154296875002,19.362323309369117],[75.70498046875002,19.354510809369117],[75.720703125,19.352167059369123],[75.73544921875,19.354852606244123],[75.74912109375,19.365838934369123],[75.758544921875,19.379657293744117],[75.76943359375002,19.39142487186912],[75.787353515625,19.39642975468162],[75.80214843750002,19.391717840619123],[75.818603515625,19.382342840619117],[75.834716796875,19.375751043744117],[75.84902343750002,19.379022528119123],[75.86367187500002,19.38483307499412],[75.89785156250002,19.384051824994117],[75.91425781250001,19.38898346561912],[75.91445312500002,19.377460028119117],[75.907470703125,19.348016668744123],[75.907470703125,19.31732819218162],[75.91738281250002,19.30487702030662],[75.940185546875,19.30243561405662],[75.965576171875,19.306512762494123],[75.983154296875,19.31391022343162],[75.99257812500002,19.330829168744117],[76.00048828125,19.34015534061912],[76.00986328125003,19.341815496869117],[76.01601562500002,19.33283112186912],[76.017333984375,19.305438543744117],[76.020751953125,19.29962799686912],[76.03076171875,19.29865143436912],[76.050537109375,19.29437897343162],[76.06162109375003,19.29340241093162],[76.07529296875003,19.296258856244123],[76.08164062500003,19.30280182499412],[76.08583984375002,19.309686590619123],[76.093017578125,19.31391022343162],[76.11044921875003,19.31232330936912],[76.16250000000002,19.29779694218162],[76.177734375,19.28998444218162],[76.19384765625,19.275506903119123],[76.209716796875,19.26544830936912],[76.225830078125,19.260028387494117],[76.24267578125,19.259295965619117],[76.28515625,19.265985418744123],[76.30488281250001,19.265155340619117],[76.32177734375,19.255877996869117],[76.32958984375,19.250360418744123],[76.35585937500002,19.238153387494123],[76.36123046875002,19.233270574994123],[76.357177734375,19.22235748905662],[76.34619140625,19.20465729374412],[76.345458984375,19.160419012494117],[76.33984375,19.14288971561912],[76.32177734375,19.135760809369117],[76.318115234375,19.129510809369123],[76.3193359375,19.11737702030662],[76.329345703125,19.10932037968162],[76.3525390625,19.11530182499412],[76.3603515625,19.123309637494117],[76.362060546875,19.130633856244117],[76.36591796875001,19.133563543744117],[76.38037109375,19.128290106244123],[76.38427734375,19.12213776249412],[76.38525390625,19.11322662968162],[76.38974609375003,19.10516998905662],[76.40390625000003,19.10162994999412],[76.4228515625,19.10382721561912],[76.427001953125,19.09918854374412],[76.429443359375,19.071893621869123],[76.433837890625,19.063592840619123],[76.44228515625002,19.059686590619123],[76.45556640625,19.06061432499412],[76.46523437500002,19.066278387494123],[76.482177734375,19.087030340619123],[76.490234375,19.09479401249412],[76.50693359375003,19.102899481244123],[76.51806640625,19.10675690311912],[76.560791015625,19.11225006718162],[76.5654296875,19.11188385624412],[76.62060546875,19.080585028119117],[76.63046875000003,19.06879303593162],[76.63427734375,19.049823309369117],[76.63076171875002,19.04022858280662],[76.623779296875,19.03229401249412],[76.61953125000002,19.024530340619123],[76.62363281250003,19.01532623905662],[76.630859375,19.009637762494123],[76.63906250000002,19.00617096561912],[76.64882812500002,19.004754949994123],[76.660400390625,19.005389715619117],[76.67626953125,19.010516668744117],[76.68798828125,19.01764557499412],[76.699951171875,19.021844793744123],[76.715576171875,19.018426824994123],[76.72617187500003,19.01007721561912],[76.72929687499999,19.000262762494117],[76.730712890625,18.98932526249412],[76.73652343750001,18.97748444218162],[76.75751953125001,18.98969147343162],[76.76416015625,18.996356512494117],[76.78085937500003,19.018817449994117],[76.784423828125,19.025897528119117],[76.77792968750003,19.039667059369123],[76.776123046875,19.04901764530662],[76.78095703125001,19.053241278119117],[76.826171875,19.045184637494117],[76.832275390625,19.049823309369117],[76.83583984375002,19.064227606244117],[76.84482421875003,19.06745026249412],[76.89394531250002,19.051385809369123],[76.906494140625,19.05011627811912],[76.921630859375,19.053241278119117],[76.9326171875,19.06085846561912],[76.95273437500003,19.082782293744117],[76.96591796875003,19.08734772343162],[76.96962890625002,19.089618231244117],[76.97597656250002,19.099383856244117],[76.97998046875,19.10162994999412],[76.9873046875,19.10053131718162],[76.99716796875003,19.09589264530662],[77.00048828125,19.09479401249412],[77.030517578125,19.09833405155662],[77.043212890625,19.09662506718162],[77.05810546875,19.08734772343162],[77.05488281250001,19.09906647343162],[77.056640625,19.11151764530662],[77.06435546875002,19.120624090619117],[77.07919921875003,19.122088934369117],[77.09033203125,19.11456940311912],[77.0927734375,19.10150787968162],[77.08652343750003,19.08856842655662],[77.07236328125003,19.08112213749412],[77.078857421875,19.07025787968162],[77.08935546875,19.066034246869123],[77.10166015625003,19.06745026249412],[77.113525390625,19.07367584843162],[77.13369140625002,19.06696198124412],[77.1435546875,19.08270905155662],[77.151123046875,19.104364324994123],[77.16494140625002,19.11530182499412],[77.1748046875,19.111688543744123],[77.18505859375,19.10492584843162],[77.195556640625,19.10077545780662],[77.20634765624999,19.10504791874412],[77.21376953125002,19.11078522343162],[77.22265625,19.11505768436912],[77.2431640625,19.122088934369117],[77.248779296875,19.12189362186912],[77.255859375,19.11969635624412],[77.26171875,19.11688873905662],[77.263671875,19.11530182499412],[77.26748046875002,19.11981842655662],[77.26953125,19.12665436405662],[77.27099609375,19.135760809369117],[77.286865234375,19.142596746869117],[77.29824218750002,19.14398834843162],[77.30859375,19.139178778119117],[77.32421875,19.136493231244117],[77.36152343750001,19.15827057499412],[77.380859375,19.156268621869117],[77.39414062500003,19.13886139530662],[77.38857421875002,19.123651434369123],[77.3798828125,19.108417059369117],[77.384033203125,19.091083074994117],[77.40195312500003,19.073504949994117],[77.4560546875,19.040155340619123],[77.462890625,19.03290436405662],[77.471435546875,19.017206121869123],[77.4765625,19.012225653119117],[77.48828125,19.009149481244123],[77.4990234375,19.00958893436912],[77.50966796875002,19.008807684369117],[77.53798828125002,18.993524481244123],[77.555419921875,18.991717840619117],[77.57187500000003,18.98725006718162],[77.58642578125,18.97125885624412],[77.5986328125,18.94110748905662],[77.60761718750001,18.937127996869123],[77.631103515625,18.936542059369117],[77.63681640625003,18.93231842655662],[77.64111328125,18.92316315311912],[77.647216796875,18.91400787968162],[77.65839843750001,18.90985748905662],[77.6669921875,18.90790436405662],[77.67431640625,18.90289948124412],[77.689453125,18.88934967655662],[77.70947265625,18.87702057499412],[77.728759765625,18.870721746869123],[77.77480468750002,18.86823151249412],[77.78515625,18.866083074994123],[77.792236328125,18.86139557499412],[77.79726562500002,18.856708074994117],[77.8017578125,18.85455963749412],[77.81748046875003,18.853045965619117],[77.83896484375003,18.84833405155662],[77.84736328125001,18.843377996869123],[77.85390625000002,18.83698151249412],[77.86142578125003,18.83075592655662],[77.873779296875,18.826678778119117],[77.88593750000001,18.82648346561912],[77.90566406250002,18.83246491093162],[77.91845703125,18.834100653119123],[77.93544921875002,18.82929108280662],[77.94482421875,18.82965729374412],[77.94882812500003,18.837518621869123],[77.951171875,18.84833405155662],[77.95654296875,18.85700104374412],[77.96347656250003,18.863641668744123],[77.96992187500001,18.86823151249412],[77.98574218750002,18.87128327030662],[78.029296875,18.872577215619117],[78.03828125000001,18.87848541874412],[78.03828125000001,18.889911199994117],[78.03955078125,18.89874909061912],[78.04257812500003,18.90619537968162],[78.048828125,18.913202215619123],[78.06103515625,18.921502996869123],[78.06904296875001,18.921991278119123],[78.07666015625,18.920672918744117],[78.08730468750002,18.923456121869123],[78.09218750000002,18.92902252811912],[78.105712890625,18.94940827030662],[78.11464843750002,18.95758698124412],[78.116455078125,18.955829168744117],[78.1220703125,18.95258209843162],[78.12880859375002,18.950213934369117],[78.134521484375,18.95075104374412],[78.140625,18.95648834843162],[78.147216796875,18.968866278119123],[78.15146484375003,18.974383856244117],[78.16738281250002,18.98383209843162],[78.21533203125,19.002069403119123],[78.230712890625,19.005389715619117],[78.24814453125003,19.001727606244117],[78.26611328125,18.992450262494117],[78.2802734375,18.98029205936912],[78.28583984375001,18.96784088749412],[78.28515625,18.945331121869117],[78.28769531250003,18.93475983280662],[78.29550781250003,18.930292059369123],[78.31093750000002,18.93317291874412],[78.317138671875,18.940204168744117],[78.32041015625003,18.94904205936912],[78.32675781250003,18.95758698124412],[78.3603515625,18.97748444218162],[78.36669921875,18.982440496869117],[78.37099609375002,18.98700592655662],[78.37753906250003,18.99042389530662],[78.39111328125,18.99176666874412],[78.412353515625,18.98639557499412],[78.44638671875003,18.96295807499412],[78.47021484375,18.95758698124412],[78.48095703125,18.95917389530662],[78.5,18.96491119999412],[78.51123046875,18.96442291874412],[78.516357421875,18.960565496869123],[78.52207031250003,18.953631903119117],[78.530029296875,18.94696686405662],[78.54189453125002,18.943963934369123],[78.549072265625,18.94635651249412],[78.5546875,18.95233795780662],[78.55849609375002,18.960077215619123],[78.5625,18.979754949994117],[78.57041015625003,18.98444244999412],[78.59375,18.98493073124412],[78.62890625,18.98187897343162],[78.64736328125002,18.988055731244117],[78.661376953125,19.02643463749412],[78.67636718750003,19.03400299686912],[78.6943359375,19.035028387494123],[78.70986328125002,19.032733465619117],[78.75302734375003,19.012225653119117],[78.775634765625,19.00763580936912],[78.78564453125,19.02216217655662],[78.79384765625002,19.038690496869123],[78.8134765625,19.050653387494123],[78.83603515625003,19.057977606244123],[78.853759765625,19.06061432499412],[78.87353515625,19.055292059369123],[78.9072265625,19.035028387494123],[78.91904296875003,19.03644440311912],[78.9228515625,19.04486725468162],[78.92392578125003,19.05487702030662],[78.92578125,19.06329987186912],[78.932373046875,19.06683991093162],[78.94326171875002,19.06879303593162],[78.96083984375002,19.07794830936912],[78.970458984375,19.08112213749412],[79.01210937500002,19.081415106244123],[79.04638671875,19.06928131718162],[79.07187500000003,19.045770574994123],[79.087158203125,19.012225653119117],[79.1005859375,18.971698309369117],[79.117919921875,18.939081121869123],[79.138671875,18.91229889530662],[79.162353515625,18.88934967655662],[79.17832031250003,18.87763092655662],[79.196044921875,18.86908600468162],[79.216796875,18.86383698124412],[79.2412109375,18.86200592655662],[79.24648437500002,18.857684637494117],[79.25146484375,18.848016668744123],[79.25830078125,18.83844635624412],[79.26884765624999,18.834100653119123],[79.2734375,18.83100006718162],[79.28759765625,18.81720612186912],[79.292724609375,18.813592840619123],[79.298095703125,18.81305573124412],[79.30410156250002,18.813251043744117],[79.317138671875,18.81561920780662],[79.333740234375,18.821307684369117],[79.34951171875002,18.82880280155662],[79.389892578125,18.857440496869117],[79.40878906250003,18.859002996869123],[79.428955078125,18.852411199994123],[79.45087890625001,18.84088776249412],[79.51328125000003,18.79779694218162],[79.52480468750002,18.79657623905662],[79.53310546875002,18.789325262494117],[79.5869140625,18.76581452030662],[79.59521484375,18.75812409061912],[79.61025390625002,18.740497137494117],[79.62158203125,18.73102448124412],[79.640869140625,18.734247137494123],[79.65927734375003,18.718280340619117],[79.6865234375,18.679803778119123],[79.6982421875,18.67951080936912],[79.765625,18.69013092655662],[79.78085937500003,18.69537994999412],[79.798828125,18.70624420780662],[79.81396484375,18.72186920780662],[79.82626953125003,18.765008856244123],[79.85117187500003,18.79401276249412],[79.85439453125002,18.813592840619123],[79.85117187500003,18.81769440311912],[79.8447265625,18.82343170780662],[79.83798828125003,18.831073309369117],[79.83388671875002,18.84088776249412],[79.83554687500003,18.862567449994117],[79.8388671875,18.87592194218162],[79.844482421875,18.88190338749412],[79.85498046875,18.879022528119123],[79.86474609375,18.871844793744117],[79.8720703125,18.86200592655662],[79.87705078125003,18.840448309369123],[79.883056640625,18.837176824994117],[79.89199218750002,18.836688543744117],[79.90283203125,18.834100653119123],[79.968017578125,18.79657623905662],[80.001708984375,18.785663153119117],[80.03925781250001,18.75214264530662],[80.060546875,18.737079168744117],[80.066650390625,18.73102448124412],[80.083984375,18.70148346561912],[80.090576171875,18.697528387494117],[80.169677734375,18.69013092655662],[80.24169921875,18.697528387494117],[80.25136718750002,18.700555731244123],[80.27041015625002,18.713739324994123],[80.28271484375,18.716815496869117],[80.294677734375,18.71344635624412],[80.30312500000002,18.70514557499412],[80.30908203125,18.69428131718162],[80.313720703125,18.68329498905662],[80.31601562500003,18.67340729374412],[80.31748046875003,18.65216705936912],[80.31982421875,18.64227936405662],[80.3271484375,18.631122137494117],[80.33642578125,18.621210028119123],[80.34433593750003,18.610711981244123],[80.34775390625003,18.59760162968162],[80.35205078125,18.59235260624412],[80.36123046875002,18.59943268436912],[80.36962890625,18.610126043744117],[80.3720703125,18.615594793744123],[80.383544921875,18.612420965619123],[80.39052734375002,18.60431549686912],[80.39414062500003,18.59308502811912],[80.39560546875003,18.58087799686912],[80.39404296875,18.573504949994117],[80.38525390625,18.55548737186912],[80.38193359375003,18.54669830936912],[80.38007812500001,18.53388092655662],[80.38193359375003,18.50202057499412],[80.388916015625,18.47760651249412],[80.405517578125,18.46478912968162],[80.44394531250003,18.45050690311912],[80.46630859375,18.41937897343162],[80.47861328125003,18.329364324994117],[80.49179687500003,18.292254949994117],[80.521484375,18.26178619999412],[80.6875,18.165545965619117],[80.697265625,18.159442449994117],[80.70205078125002,18.14276764530662],[80.77626953125002,18.02313873905662],[80.77919921875002,18.02252838749412],[80.80869140625003,18.00751373905662],[80.8173828125,18.00482819218162],[80.83095703125002,18.00250885624412],[80.84003906250001,17.99628327030662],[80.85498046875,17.977557684369117],[80.880615234375,17.952020574994123],[80.890625,17.93891022343162],[80.896484375,17.92291901249412],[80.89492187500002,17.91046784061912],[80.884765625,17.868182684369117],[80.87998046875003,17.829706121869123],[80.87070312500003,17.794061590619123],[80.86855468750002,17.77521393436912],[80.872314453125,17.75641510624412],[80.89023437500003,17.72882721561912],[80.896484375,17.71063873905662],[80.89492187500002,17.68817780155662],[80.888671875,17.67059967655662],[80.88623046875,17.655877996869123],[80.896484375,17.64179108280662],[80.91552734375,17.63434479374412],[80.93603515625,17.63519928593162],[80.97509765625,17.64179108280662],[80.994384765625,17.63922760624412],[81.00576171875002,17.63141510624412],[81.01123046875,17.617547918744123],[81.01259765625002,17.597040106244123],[81.019775390625,17.58624909061912],[81.036376953125,17.590350653119117],[81.06728515625002,17.60761139530662],[81.07802734375002,17.60028717655662],[81.08974609375002,17.603045965619117],[81.1025390625,17.60797760624412],[81.1162109375,17.60761139530662],[81.12324218750001,17.601581121869117],[81.13828125000003,17.58100006718162],[81.14980468750002,17.57282135624412],[81.159423828125,17.57868073124412],[81.16660156250003,17.57892487186912],[81.201416015625,17.56830475468162],[81.20644531250002,17.567499090619123],[81.23779296875,17.56622955936912],[81.254638671875,17.561542059369117],[81.267822265625,17.55084869999412],[81.28017578125002,17.53192780155662],[81.293212890625,17.49738190311912],[81.30322265625,17.48761627811912],[81.32421875,17.48407623905662],[81.332275390625,17.48517487186912],[81.34736328125001,17.48981354374412],[81.358642578125,17.49091217655662],[81.37324218750001,17.487811590619117],[81.38134765625,17.480340887494123],[81.38759765625002,17.471307684369123],[81.396240234375,17.463641668744117],[81.404296875,17.46015045780662],[81.41269531250003,17.45807526249412],[81.43056640625002,17.45746491093162],[81.49863281250003,17.466571356244117],[81.50527343750002,17.46417877811912],[81.53330078125003,17.43414948124412],[81.54013671875003,17.42951080936912],[81.58164062500003,17.41583893436912],[81.610595703125,17.39630768436912],[81.61591796875001,17.391620184369117],[81.61376953125,17.353876043744123],[81.6171875,17.33637116093162],[81.62949218750003,17.31964752811912],[81.6376953125,17.31598541874412],[81.66259765625,17.30988190311912],[81.67050781250003,17.30597565311912],[81.6767578125,17.29523346561912],[81.67343750000003,17.28998444218162],[81.667236328125,17.286639715619117],[81.66367187500003,17.281756903119117],[81.66152343750002,17.264764715619123],[81.65224609375002,17.225604559369117],[81.65000000000003,17.206659246869123],[81.65146484375003,17.19635651249412],[81.65537109375003,17.183856512494117],[81.66074218750003,17.173211981244123],[81.66708984375003,17.16876862186912],[81.674560546875,17.165155340619123],[81.6767578125,17.15631744999412],[81.677978515625,17.134051824994117],[81.685791015625,17.111688543744123],[81.696044921875,17.095575262494123],[81.70908203125003,17.083514715619117],[81.72509765625,17.07318756718162],[81.75,17.03107330936912],[81.753662109375,17.01715729374412],[81.759033203125,16.96625397343162],[81.75576171875002,16.95795319218162],[81.748779296875,16.950213934369117],[81.73876953125,16.942254949994123],[81.729736328125,16.915057684369117],[81.73408203125001,16.88568756718162],[81.75244140625,16.832391668744123],[81.759521484375,16.801629949994123],[81.767578125,16.77936432499412],[81.78037109375003,16.759881903119123],[81.80078125,16.73737213749412],[81.79453125000003,16.721942449994117],[81.79775390625002,16.70490143436912],[81.81396484375,16.67536041874412],[81.841796875,16.641864324994117],[81.85400390625,16.610711981244123],[81.85888671875,16.60333893436912],[81.86376953125,16.578143621869117],[81.85888671875,16.535419012494117],[81.84716796875,16.49518463749412],[81.83134765624999,16.47736237186912],[81.81015625000003,16.473504949994123],[81.79541015625,16.46356842655662],[81.76953125,16.432635809369117],[81.748779296875,16.417108465619123],[81.73818359375002,16.422870184369117],[81.73037109375002,16.436053778119117],[81.7177734375,16.44257233280662],[81.71132812500002,16.43829987186912],[81.70468750000003,16.42926666874412],[81.697265625,16.415301824994117],[81.69873046875,16.405536199994117],[81.70371093750003,16.400262762494123],[81.708984375,16.396502996869117],[81.71152343750003,16.39105866093162],[81.71152343750003,16.31220123905662]],[[82.34267578125002,16.701434637494117],[82.270751953125,16.701434637494117],[82.21494140625003,16.71088287968162],[82.14101562500002,16.70502350468162],[82.11826171875003,16.70001862186912],[82.10205078125,16.69257233280662],[82.09218750000002,16.68573639530662],[82.0888671875,16.68280670780662],[82.07373046875,16.68195221561912],[82.058837890625,16.68353912968162],[82.04531250000002,16.688104559369123],[82.03369140625,16.69647858280662],[82.0205078125,16.68927643436912],[82.007080078125,16.69037506718162],[81.994140625,16.697040106244117],[81.982421875,16.70636627811912],[81.97011718750002,16.713153387494117],[81.94570312500002,16.71295807499412],[81.93125000000003,16.716913153119123],[81.9248046875,16.723163153119117],[81.90009765625001,16.75446198124412],[81.889892578125,16.75995514530662],[81.85986328125,16.76654694218162],[81.8486328125,16.77155182499412],[81.83759765625001,16.78522369999412],[81.79179687499999,16.86884186405662],[81.772216796875,16.89276764530662],[81.76376953125003,16.912469793744123],[81.75917968750002,16.93427155155662],[81.759033203125,16.955438543744123]]]}},{"type":"Feature","properties":{"rank":4},"geometry":{"type":"MultiLineString","coordinates":[[[97.983154296875,28.42499420780662],[97.99365234375,28.42035553593162],[98.020263671875,28.42206452030662],[98.03095703125001,28.417840887494116],[98.054443359375,28.396600653119116],[98.06162109375003,28.387079168744116],[98.07705078125002,28.32111237186912],[98.0859375,28.311395574994116],[98.10048828125002,28.305292059369116],[98.15097656250003,28.26361725468162],[98.1611328125,28.25946686405662],[98.18310546875,28.253680731244117],[98.192138671875,28.24994537968162],[98.20166015625,28.240497137494117],[98.208984375,28.22919342655662],[98.21728515625,28.219745184369117],[98.230224609375,28.21576569218162],[98.235595703125,28.21222565311912],[98.24462890625,28.193231512494116],[98.25068359375001,28.184442449994116],[98.262939453125,28.176044012494117],[98.27412109375001,28.17328522343162],[98.28515625,28.171893621869117],[98.295654296875,28.167352606244116],[98.29746093750003,28.16376373905662],[98.31552734375003,28.14008209843162],[98.32216796875002,28.11041901249412],[98.33173828125001,28.09247467655662],[98.330322265625,28.082635809369116],[98.3251953125,28.074090887494116],[98.3193359375,28.06806061405662],[98.31113281250003,28.05683014530662],[98.3125,28.046649481244117],[98.318115234375,28.036151434369117],[98.322998046875,28.02399323124412],[98.32558593750002,27.98151276249412],[98.32929687500001,27.961297918744116],[98.33974609375002,27.94489166874412],[98.34433593750003,27.92877838749412],[98.329833984375,27.85956452030662],[98.3271484375,27.823602606244116],[98.330322265625,27.80377838749412],[98.34492187500001,27.77863190311912],[98.346923828125,27.76727936405662],[98.34511718750002,27.75580475468162],[98.33974609375002,27.746600653119117],[98.33251953125,27.736932684369116],[98.32089843750003,27.71527741093162],[98.31552734375003,27.70807526249412],[98.30068359375002,27.69721100468162],[98.295654296875,27.695086981244117],[98.27939453125003,27.709002996869117],[98.26611328125,27.697381903119116],[98.2529296875,27.67755768436912],[98.237060546875,27.667108465619116],[98.17148437500003,27.65277741093162],[98.15097656250003,27.659686590619117],[98.139404296875,27.678338934369116],[98.130615234375,27.70380280155662],[98.11923828125003,27.726336981244117],[98.099853515625,27.73602936405662],[98.05908203125,27.734149481244117],[98.037109375,27.73004791874412],[98.02138671875002,27.72235748905662],[98.01953125,27.696893621869116],[98.04697265625003,27.60431549686912],[98.06162109375003,27.571551824994117],[98.080322265625,27.544940496869117],[98.0869140625,27.52936432499412],[98.09121093750002,27.483514715619116],[98.095458984375,27.462420965619117],[98.10205078125,27.44354889530662],[98.11005859375001,27.426874090619116],[98.18662109375003,27.31915924686912],[98.20566406250003,27.27667877811912],[98.2158203125,27.230243231244117],[98.227783203125,27.209979559369117],[98.25068359375001,27.20160553593162],[98.302001953125,27.146991278119117],[98.33974609375002,27.07062409061912],[98.349609375,27.06000397343162],[98.35732421875002,27.03558991093162],[98.364013671875,26.98932526249412],[98.357177734375,26.91022369999412],[98.35986328125,26.888202215619117],[98.373046875,26.84735748905662],[98.37753906250003,26.824823309369116],[98.37783203125002,26.78754303593162],[98.37001953125002,26.75763580936912],[98.35498046875,26.73126862186912],[98.3330078125,26.704706121869116],[98.34189453125003,26.642108465619117],[98.33701171875003,26.60321686405662],[98.30927734375001,26.591424871869116],[98.313720703125,26.57037994999412],[98.3056640625,26.54950592655662],[98.29404296875003,26.528094793744117],[98.28818359375003,26.505487371869116],[98.28095703125001,26.442889715619117],[98.2802734375,26.428485418744117],[98.28134765625003,26.413348699994117],[98.2841796875,26.403680731244116],[98.293701171875,26.380975653119116],[98.295654296875,26.37238190311912],[98.292236328125,26.361102606244117],[98.2783203125,26.34540436405662],[98.27509765625001,26.334491278119117],[98.27294921875,26.31366608280662],[98.116943359375,25.89252350468162],[98.0869140625,25.863641668744123],[98.076171875,25.843377996869123],[98.03427734375003,25.789569403119117],[98.009521484375,25.76764557499412],[97.94443359375003,25.72553131718162],[97.87099609375002,25.65912506718162],[97.863037109375,25.64960358280662],[97.85537109375002,25.63727448124412],[97.817138671875,25.59833405155662],[97.80224609375,25.59088776249412],[97.80029296875,25.594598699994123],[97.78134765625003,25.61286041874412],[97.77431640625002,25.61823151249412],[97.75068359375001,25.623163153119123],[97.739013671875,25.62750885624412],[97.73388671875,25.63556549686912],[97.72929687499999,25.65521881718162],[97.71787109375003,25.677020574994117],[97.7041015625,25.69611237186912],[97.6923828125,25.70758698124412],[97.66796875,25.715204168744123],[97.61562500000002,25.70783112186912],[97.58935546875,25.70758698124412],[97.53701171875002,25.717645574994123],[97.508544921875,25.715838934369117],[97.486328125,25.70075104374412]]]}},{"type":"Feature","properties":{"rank":4},"geometry":{"type":"MultiLineString","coordinates":[[[91.518310546875,31.94306061405662],[91.5322265625,31.90973541874412],[91.53662109375,31.891473699994116],[91.53798828125002,31.85871002811912],[91.54042968750002,31.850360418744117],[91.54501953125003,31.84064362186912],[91.54541015625,31.83209869999412],[91.54443359375,31.816180731244117],[91.54501953125003,31.80646393436912],[91.548583984375,31.787225653119116],[91.5546875,31.772088934369116],[91.56552734375003,31.762225653119117],[91.583251953125,31.758661199994116],[91.59511718750002,31.75324127811912],[91.628662109375,31.729364324994116],[91.659423828125,31.71881744999412],[91.66953125000003,31.706805731244117],[91.67832031250003,31.692987371869116],[91.68896484375,31.682391668744117],[91.70576171875001,31.67719147343162],[91.72226562500003,31.67548248905662],[91.73583984375,31.67059967655662],[91.74365234375,31.655633856244116],[91.744140625,31.64569733280662],[91.741943359375,31.639422918744117],[91.73876953125,31.634393621869116],[91.73623046875002,31.62836334843162],[91.731201171875,31.607294012494116],[91.730712890625,31.597284246869116],[91.77626953125002,31.56928131718162],[91.78466796875,31.55634186405662],[91.7900390625,31.542840887494116],[91.80087890625003,31.52655670780662],[91.808837890625,31.508905340619116],[91.80576171875003,31.49115631718162],[91.79755859375001,31.491229559369117],[91.791015625,31.48712799686912],[91.78652343750002,31.48004791874412],[91.78466796875,31.471307684369116],[91.78769531250003,31.457294012494117],[91.79501953125003,31.448260809369117],[91.80224609375,31.441034246869116],[91.81298828125,31.41425202030662],[91.83066406250003,31.403192449994116],[91.85302734375,31.399286199994116],[91.8740234375,31.40241119999412],[91.88857421875002,31.411883856244117],[91.90283203125,31.42560455936912],[91.91884765625002,31.438006903119117],[91.93896484375,31.443377996869117],[91.976318359375,31.43927643436912],[92.01259765625002,31.428729559369117],[92.019775390625,31.42548248905662],[92.02695312500003,31.42121002811912],[92.033203125,31.415790106244117],[92.03769531250003,31.40912506718162],[92.03945312500002,31.401141668744117],[92.03857421875,31.393085028119117],[92.03457031250002,31.37702057499412],[92.038818359375,31.34088776249412],[92.058837890625,31.31329987186912],[92.08984375,31.29645416874412],[92.126220703125,31.292596746869116],[92.18359375,31.294208074994117],[92.209716796875,31.289325262494117],[92.21875,31.28925202030662],[92.241455078125,31.29511139530662],[92.264404296875,31.306756903119116],[92.28515625,31.322040106244117],[92.30839843749999,31.346795965619116],[92.32138671875003,31.364520574994117],[92.32626953125003,31.374042059369117],[92.33144531250002,31.393085028119117],[92.33251953125,31.40338776249412],[92.33203125,31.41266510624412],[92.32958984375,31.420184637494117],[92.322509765625,31.434686590619116],[92.320556640625,31.44269440311912],[92.32187500000003,31.45355866093162],[92.32773437500003,31.46320221561912],[92.33681640625002,31.469745184369117],[92.34794921874999,31.471551824994116],[92.35732421875002,31.46735260624412],[92.37109375,31.453143621869117],[92.38134765625,31.45136139530662],[92.38710937500002,31.45392487186912],[92.390625,31.45819733280662],[92.39365234375003,31.46295807499412],[92.39736328125002,31.46674225468162],[92.40566406250002,31.46942780155662],[92.41328125000001,31.46832916874412],[92.429443359375,31.463885809369117],[92.4384765625,31.46430084843162],[92.44541015625003,31.46662018436912],[92.46044921875,31.473651434369117],[92.50253906250003,31.484491278119116],[92.51601562500002,31.490497137494117],[92.52744140625003,31.49970123905662],[92.531982421875,31.501971746869117],[92.53994140625002,31.503192449994117],[92.56386718750002,31.50189850468162],[92.576904296875,31.50519440311912],[92.60205078125,31.515887762494117],[92.615478515625,31.518573309369117],[92.65156250000001,31.51508209843162],[92.66425781250001,31.51593659061912],[92.674560546875,31.51923248905662],[92.69257812500001,31.52899811405662],[92.70263671875,31.53278229374412],[92.71005859375003,31.53583405155662],[92.72373046875003,31.54437897343162],[92.73095703125,31.54779694218162],[92.765380859375,31.553241278119117],[92.78076171875,31.54987213749412],[92.830078125,31.552362371869116],[92.84042968750003,31.55634186405662],[92.84375,31.563983465619117],[92.85175781250001,31.564227606244117],[92.87109375,31.559442449994116],[92.876953125,31.56159088749412],[92.87939453125,31.566278387494116],[92.881103515625,31.57099030155662],[92.884521484375,31.573114324994116],[92.924072265625,31.57257721561912],[92.930419921875,31.568866278119117],[92.9326171875,31.564227606244117],[92.933837890625,31.55280182499412],[92.93642578125002,31.54755280155662],[92.94873046875,31.54035065311912],[92.962890625,31.54230377811912],[92.97675781250001,31.54938385624412],[92.99677734375001,31.56391022343162],[93.003173828125,31.56647369999412],[93.00996093750001,31.56525299686912],[93.02685546875,31.55609772343162],[93.04062500000003,31.54596588749412],[93.046142578125,31.540155340619116],[93.04921875000002,31.53461334843162],[93.051513671875,31.52899811405662],[93.0546875,31.52423737186912],[93.060791015625,31.52118561405662],[93.07119140625002,31.522577215619116],[93.09169921875002,31.53632233280662],[93.1015625,31.54132721561912],[93.12949218750003,31.54596588749412],[93.1435546875,31.54596588749412],[93.18798828125,31.538690496869116],[93.40214843749999,31.543963934369117],[93.42841796875001,31.55036041874412],[93.442138671875,31.55206940311912],[93.45556640625,31.55097077030662],[93.50722656250002,31.53204987186912],[93.51708984375,31.53034088749412],[93.54736328125,31.52960846561912],[93.56386718750002,31.525506903119116],[93.59462890625002,31.512323309369116],[93.611328125,31.50946686405662],[93.71689453125003,31.50800202030662],[93.75,31.49384186405662],[93.76796875000002,31.48859284061912],[93.78818359375003,31.490252996869117],[93.84765625,31.512713934369117],[93.9169921875,31.51068756718162],[93.92529296875,31.51215241093162],[93.93417968750003,31.51557037968162],[93.94169921874999,31.52033112186912],[93.95566406250003,31.531756903119117],[93.963623046875,31.535907293744117],[93.97324218750003,31.537616278119117],[93.98046875,31.53510162968162],[93.995361328125,31.52631256718162],[94.0048828125,31.524432684369117],[94.03271484375,31.525506903119116],[94.04179687499999,31.52313873905662],[94.04843750000003,31.51874420780662],[94.061279296875,31.50775787968162],[94.0703125,31.50287506718162],[94.07851562500002,31.50116608280662],[94.09765625,31.501092840619116],[94.107177734375,31.49933502811912],[94.13076171875002,31.488153387494116],[94.138916015625,31.48700592655662],[94.1552734375,31.487567449994117],[94.16347656250002,31.486932684369116],[94.16845703125,31.485467840619116],[94.17822265625,31.481463934369117],[94.18320312500003,31.480096746869116],[94.20087890625001,31.48041412968162],[94.21572265625002,31.485956121869116],[94.2431640625,31.504022528119116],[94.25732421875,31.50971100468162],[94.26748046875002,31.507196356244116],[94.28603515625002,31.488299871869117],[94.30126953125,31.47968170780662],[94.31923828125002,31.478045965619117],[94.44863281250002,31.48114655155662],[94.47021484375,31.48419830936912],[94.48759765624999,31.484393621869117],[94.50419921874999,31.48053619999412],[94.5419921875,31.46564362186912],[94.5615234375,31.46161530155662],[94.579833984375,31.45551178593162],[94.594482421875,31.44281647343162],[94.59902343750002,31.429950262494117],[94.59521484375,31.419208074994117],[94.57958984375,31.39801666874412],[94.572509765625,31.381854559369117],[94.5693359375,31.36737702030662],[94.56943359375003,31.32123444218162],[94.56796875000003,31.31476471561912],[94.564697265625,31.30878327030662],[94.55244140625001,31.29804108280662],[94.523193359375,31.281366278119116],[94.51093750000001,31.27057526249412],[94.50546875000003,31.25787994999412],[94.511962890625,31.25116608280662],[94.53955078125,31.24494049686912],[94.59365234375002,31.23871491093162],[94.60849609375003,31.22943756718162],[94.61376953125,31.221698309369117],[94.62167968750003,31.195428778119116],[94.63242187500003,31.17011139530662],[94.63427734375,31.16107819218162],[94.63427734375,31.14350006718162],[94.63515625000002,31.13495514530662],[94.63916015625,31.127460028119117],[94.64462890625003,31.12323639530662],[94.66572265625001,31.11298248905662],[94.68115234375,31.10101959843162],[94.68916015625001,31.09601471561912],[94.69882812500003,31.09259674686912],[94.71728515625,31.091327215619117],[94.723388671875,31.088983465619116],[94.727294921875,31.085223699994117],[94.73300781250003,31.07587311405662],[94.73681640625,31.072772528119117],[94.75419921874999,31.07037994999412],[94.772705078125,31.07477448124412],[94.882080078125,31.12653229374412],[94.887939453125,31.127460028119117],[94.89453125,31.127704168744117],[94.900634765625,31.128534246869116],[94.90576171875,31.131610418744117],[94.90878906250003,31.13764069218162],[94.91064453125,31.152362371869117],[94.91318359375003,31.15900299686912],[94.921630859375,31.16705963749412],[94.93359375,31.17426178593162],[94.9580078125,31.183465887494116],[94.96728515625,31.18512604374412],[95.00839843750003,31.182879949994117],[95.03271484375,31.177606512494116],[95.04511718750001,31.17267487186912],[95.05820312500003,31.16974518436912],[95.06992187500003,31.17230866093162],[95.093017578125,31.18402741093162],[95.112060546875,31.188739324994117],[95.170654296875,31.18622467655662],[95.224853515625,31.190448309369117],[95.251953125,31.18891022343162],[95.432373046875,31.128924871869117],[95.447509765625,31.118915106244117],[95.45751953125,31.103631903119116],[95.47265625,31.069696356244116],[95.49677734375001,31.038104559369117],[95.51865234375003,30.993915106244117],[95.52792968750003,30.980829168744116],[95.5361328125,30.97370026249412],[95.589111328125,30.94489166874412],[95.6015625,30.939813543744116],[95.615234375,30.93805573124412],[95.630615234375,30.939813543744116],[95.645751953125,30.943866278119117],[95.66044921874999,30.949969793744117],[95.673828125,30.957635809369116],[95.69375000000002,30.96600983280662],[95.71230468750002,30.966327215619117],[95.760498046875,30.953143621869117],[95.7705078125,30.95258209843162],[95.7802734375,30.953973699994116],[95.7890625,30.957391668744116],[95.79443359375,30.960711981244117],[95.799072265625,30.964374090619117],[95.80244140625001,30.968866278119116],[95.80517578125,30.974627996869117],[95.807373046875,30.98444244999412],[95.808837890625,30.98895905155662],[95.81201171875,30.993426824994117],[95.82275390625,31.00092194218162],[95.836669921875,31.00556061405662],[95.85146484375002,31.00739166874412],[95.86484375000003,31.006610418744117],[95.871337890625,31.004901434369117],[95.876708984375,31.00202057499412],[95.880615234375,30.99787018436912],[95.88330078125,30.99213287968162],[95.88437500000003,30.98480866093162],[95.8857421875,30.98236725468162],[95.889892578125,30.97955963749412],[95.895263671875,30.979120184369116],[95.904541015625,30.98578522343162],[95.91044921874999,30.98639557499412],[95.91552734375,30.98322174686912],[95.9189453125,30.975360418744117],[95.92392578125003,30.97272369999412],[95.9462890625,30.968133856244116],[95.96875,30.96588776249412],[95.975830078125,30.963739324994116],[95.99716796875003,30.95282623905662],[96.00341796875,30.94855377811912],[96.05488281250001,30.945428778119116],[96.072021484375,30.938104559369116],[96.102783203125,30.92084381718162],[96.11953125000002,30.917499090619117],[96.16416015625003,30.91412994999412],[96.25498046875003,30.89240143436912],[96.27187500000002,30.88629791874412],[96.27783203125,30.88190338749412],[96.27988281250003,30.87689850468162],[96.28115234375002,30.871112371869117],[96.2841796875,30.86432526249412],[96.29072265625001,30.859881903119117],[96.299072265625,30.860614324994117],[96.30820312500003,30.86322662968162],[96.31728515625002,30.864276434369117],[96.32998046875002,30.86273834843162],[96.335693359375,30.86078522343162],[96.341064453125,30.85700104374412],[96.34521484375,30.851678778119116],[96.351318359375,30.83930084843162],[96.35507812500003,30.83356354374412],[96.36181640625,30.825311590619116],[96.36777343750003,30.81622955936912],[96.41748046875,30.66876862186912],[96.42431640625,30.627801824994116],[96.43613281250003,30.592645574994116],[96.43798828125,30.583124090619116],[96.44394531250003,30.56610748905662],[96.48574218750002,30.51679108280662],[96.50634765625,30.482684637494117],[96.53076171875,30.459979559369117],[96.54042968750002,30.43353912968162],[96.5556640625,30.43268463749412],[96.59560546875002,30.44794342655662]]]}},{"type":"Feature","properties":{"rank":4},"geometry":{"type":"MultiLineString","coordinates":[[[97.486328125,25.70075104374412],[97.50048828125,25.69660065311912],[97.51611328125,25.694354559369117],[97.52880859375,25.68915436405662],[97.5341796875,25.676288153119117],[97.53076171875,25.66705963749412],[97.51357421875002,25.644061590619117],[97.50673828125002,25.63190338749412],[97.50146484375,25.605487371869117],[97.49677734375001,25.54877350468162],[97.486328125,25.52204010624412],[97.43886718750002,25.45477936405662],[97.40908203125002,25.397967840619117],[97.403564453125,25.38141510624412],[97.407470703125,25.36810944218162],[97.4189453125,25.354266668744117],[97.42431640625,25.340936590619123],[97.42050781250003,25.330194403119123],[97.40439453125003,25.32404205936912],[97.397705078125,25.327020574994123],[97.37880859375002,25.333270574994117],[97.37021484375003,25.337665106244117],[97.3466796875,25.366815496869123],[97.3369140625,25.36945221561912],[97.3251953125,25.365106512494123],[97.3134765625,25.357196356244117],[97.30820312500003,25.347919012494117],[97.30917968750003,25.34284088749412],[97.31386718750002,25.333270574994117],[97.31494140625,25.32709381718162],[97.313720703125,25.31867096561912],[97.310791015625,25.31781647343162],[97.30615234375,25.31903717655662],[97.30078125,25.31659577030662],[97.292236328125,25.310907293744123],[97.28271484375,25.30719635624412],[97.27402343750003,25.301288153119117],[97.267822265625,25.28925202030662],[97.26699218750002,25.27777741093162],[97.27294921875,25.256366278119117],[97.274658203125,25.244891668744117],[97.271484375,25.21735260624412],[97.26279296875003,25.207147528119123],[97.249755859375,25.20111725468162],[97.23300781250003,25.18622467655662],[97.22792968750002,25.168573309369123],[97.23154296875003,25.146112371869123],[97.24375000000003,25.12677643436912],[97.264404296875,25.11859772343162],[97.30712890625,25.129510809369123],[97.31884765625,25.12689850468162],[97.31494140625,25.10431549686912],[97.29794921875003,25.08148834843162],[97.27988281250003,25.08661530155662],[97.25986328125003,25.098016668744123],[97.23681640625,25.09406159061912],[97.22617187500003,25.08954498905662],[97.21865234375002,25.08942291874412],[97.214111328125,25.086444403119117],[97.21259765625001,25.073260809369117],[97.21542968750003,25.060907293744123],[97.22910156250003,25.04596588749412],[97.23300781250003,25.036004949994123],[97.221923828125,24.99701569218162],[97.18857421875003,24.96942780155662],[97.116943359375,24.932977606244123],[97.10146484375002,24.91620514530662],[97.09814453125,24.899774481244123],[97.102783203125,24.867792059369123],[97.093017578125,24.86054108280662],[97.048095703125,24.840106512494117],[97.034423828125,24.823114324994123],[97.034912109375,24.802752996869117],[97.05078125,24.757928778119123],[97.060546875,24.71637604374412],[97.102783203125,24.65180084843162],[97.111328125,24.63141510624412],[97.115478515625,24.61139557499412],[97.11806640625002,24.544549871869123],[97.11708984375002,24.533465887494117],[97.10693359375,24.51398346561912],[97.11093750000003,24.502704168744117],[97.12314453125003,24.487909246869123],[97.12158203125,24.37250397343162],[97.13681640625003,24.33710358280662],[97.18544921875002,24.28900787968162],[97.1884765625,24.281268621869117],[97.20498046875002,24.27045319218162],[97.20302734375002,24.24616119999412],[97.193115234375,24.220819403119123],[97.185302734375,24.20673248905662],[97.17626953125,24.194842840619117],[97.16357421875,24.18134186405662],[97.147216796875,24.17035553593162],[97.11279296875,24.16144440311912],[97.08408203125003,24.142206121869123],[97.06171875000001,24.13788483280662],[97.05029296875,24.13873932499412],[97.03076171875,24.143085028119117],[97.009521484375,24.145379949994123],[96.97607421875,24.14472077030662],[96.95615234375003,24.14008209843162],[96.9423828125,24.131708074994123],[96.92919921875,24.12811920780662],[96.91083984375001,24.13788483280662],[96.867431640625,24.186786199994117],[96.8369140625,24.19904205936912],[96.8212890625,24.212762762494123],[96.80839843749999,24.228631903119123],[96.80097656250001,24.24091217655662],[96.79091796875002,24.27741119999412],[96.781982421875,24.290399481244123],[96.75068359375001,24.299579168744117],[96.69863281250002,24.32965729374412],[96.65273437500002,24.34662506718162],[96.640625,24.35419342655662],[96.633544921875,24.357294012494123],[96.62246093750002,24.35883209843162],[96.61093750000003,24.35895416874412],[96.60244140625002,24.35761139530662],[96.59189453125003,24.352411199994123],[96.588623046875,24.34686920780662],[96.587158203125,24.33978912968162],[96.58193359375002,24.32965729374412],[96.56757812500001,24.31415436405662],[96.55126953125,24.30353424686912],[96.53232421875003,24.297479559369123],[96.50996093750001,24.295526434369123],[96.49091796875001,24.299188543744123],[96.47265625,24.30585358280662],[96.454833984375,24.30927155155662],[96.43798828125,24.302997137494117],[96.44638671875003,24.275165106244117],[96.431396484375,24.25324127811912],[96.38330078125,24.221063543744123],[96.36259765624999,24.200213934369117],[96.30322265625,24.11395905155662],[96.29501953125003,24.096210028119117],[96.289794921875,24.07514069218162],[96.287109375,24.04852936405662],[96.28994140625002,23.97028229374412],[96.2802734375,23.94611237186912],[96.2744140625,23.94000885624412],[96.27099609375,23.93207428593162],[96.25039062500002,23.85761139530662],[96.245361328125,23.844989324994117],[96.23779296875,23.83405182499412],[96.228759765625,23.82941315311912],[96.221435546875,23.824237371869117],[96.21669921875002,23.81207916874412],[96.20498046875002,23.76850006718162],[96.20029296875003,23.761590887494123],[96.19150390625003,23.754266668744123],[96.1806640625,23.752215887494117],[96.167236328125,23.75263092655662],[96.155517578125,23.74970123905662],[96.15048828125003,23.73725006718162],[96.14794921875,23.71308014530662],[96.14013671875,23.691034246869123],[96.12734375000002,23.67072174686912],[96.109619140625,23.65192291874412],[96.05703125000002,23.60907623905662],[96.034912109375,23.585223699994117],[96.020263671875,23.555047918744123],[96.01230468750003,23.51422760624412],[96.006591796875,23.38495514530662],[95.97812500000003,23.261737371869117],[95.96484375,22.769061590619117],[95.96201171875003,22.759393621869123],[95.955078125,22.75031159061912],[95.94345703125003,22.744256903119123],[95.92011718750001,22.74323151249412],[95.91044921874999,22.73944733280662],[95.90126953125002,22.70722077030662],[95.9169921875,22.66168854374412],[95.98525390625002,22.55011627811912],[95.990234375,22.529315496869117],[95.982421875,22.51044342655662],[95.969482421875,22.491961981244117],[95.96474609375002,22.47260162968162],[95.96376953125002,22.39252350468162],[95.970458984375,22.374383856244123],[95.989501953125,22.352801824994117],[96.0126953125,22.33185455936912],[96.013671875,22.323016668744117],[96.006591796875,22.308710028119123],[96.00146484375,22.30280182499412],[95.99589843749999,22.29840729374412],[95.990478515625,22.29230377811912],[95.986083984375,22.281366278119123],[95.984619140625,22.27081940311912],[95.98779296875,22.21649811405662],[96.00039062500002,22.15790436405662],[96.00751953125001,22.08942291874412],[96.02500000000003,22.058221746869123],[96.048095703125,21.994012762494123],[96.05126953125,21.95636627811912],[96.041259765625,21.923456121869123],[96.02099609375,21.89655182499412],[95.992919921875,21.876727606244117],[95.97314453125,21.86725494999412],[95.95546875000002,21.86090729374412],[95.9365234375,21.85736725468162],[95.913818359375,21.85626862186912],[95.90087890625,21.863397528119123],[95.848876953125,21.91083405155662],[95.814697265625,21.925555731244117],[95.77646484375003,21.931512762494123],[95.52685546875,21.922137762494117],[95.511962890625,21.917499090619117],[95.50576171875002,21.90778229374412],[95.49941406250002,21.88996002811912],[95.4716796875,21.85687897343162],[95.46533203125,21.839471746869123],[95.46152343750003,21.811297918744117],[95.450439453125,21.78082916874412],[95.43203125000002,21.756366278119117],[95.40673828125,21.74640534061912],[95.38710937500002,21.73309967655662],[95.36835937500001,21.665301824994117],[95.35546875,21.63654205936912],[95.35546875,21.63031647343162],[95.348876953125,21.62128327030662],[95.34228515625,21.608905340619117],[95.33701171875003,21.595965887494117],[95.327392578125,21.54596588749412],[95.324462890625,21.537469793744123],[95.33017578125003,21.46393463749412],[95.3212890625,21.465838934369117],[95.31337890625002,21.45209381718162],[95.30556640625002,21.450458074994117],[95.296875,21.452997137494123],[95.28720703125003,21.452167059369117],[95.28037109375003,21.448504949994117],[95.27548828125003,21.445086981244117],[95.27197265625,21.441766668744123],[95.26914062500003,21.43842194218162],[95.25546875000003,21.42108795780662],[95.19101562500003,21.370233465619123],[95.15859375000002,21.32965729374412],[95.1416015625,21.31391022343162],[95.11865234375,21.30756256718162],[95.077392578125,21.30133698124412],[95.06943359375003,21.30329010624412],[95.056396484375,21.312274481244117],[95.04755859375001,21.31500885624412],[95.02187500000002,21.31122467655662],[95.002197265625,21.29669830936912],[94.98974609375,21.27509186405662],[94.985595703125,21.24982330936912],[94.97500000000002,21.24420807499412],[94.90976562500003,21.225604559369117],[94.863037109375,21.22601959843162],[94.859619140625,21.227167059369123],[94.85595703125,21.227557684369117],[94.848388671875,21.225604559369117],[94.843017578125,21.22247955936912],[94.833740234375,21.213739324994123],[94.8193359375,21.204364324994117],[94.809814453125,21.18598053593162],[94.80332031250003,21.16351959843162],[94.79990234375003,21.143670965619123],[94.80097656250001,21.099627996869117],[94.817138671875,21.015741278119123],[94.8203125,20.97235748905662],[94.806396484375,20.92450592655662],[94.77646484375003,20.891131903119117],[94.742919921875,20.86420319218162],[94.718017578125,20.835809637494123],[94.713134765625,20.813836981244123],[94.71875,20.79608795780662],[94.72763671875003,20.77997467655662],[94.73232421875002,20.763202215619117],[94.73398437500003,20.74555084843162],[94.744873046875,20.70648834843162],[94.752197265625,20.691180731244117],[94.76669921875003,20.67291901249412],[94.782470703125,20.658075262494123],[94.794921875,20.643426824994123],[94.79990234375003,20.62604401249412],[94.802978515625,20.60614655155662],[94.81640625,20.565936590619117],[94.8203125,20.54718659061912],[94.81845703125003,20.515252996869123],[94.8203125,20.506219793744123],[94.82861328125,20.496112371869117],[94.83837890625,20.491717840619117],[94.848876953125,20.488544012494117],[94.858642578125,20.48200104374412],[94.86923828125003,20.46393463749412],[94.88925781250003,20.396356512494123],[94.90517578125002,20.364862371869123],[94.90869140625,20.34381744999412],[94.90009765625001,20.32465241093162],[94.896484375,20.310419012494123],[94.89667968750001,20.24555084843162],[94.8994140625,20.23602936405662],[94.90839843750001,20.216815496869117],[94.90976562500003,20.204608465619117],[94.90761718750002,20.19977448124412],[94.898681640625,20.19049713749412],[94.89667968750001,20.184100653119117],[94.89794921875,20.17731354374412],[94.90009765625001,20.172967840619123],[94.902587890625,20.16986725468162],[94.903564453125,20.16705963749412],[94.90673828125,20.146600653119123],[94.91445312500002,20.12433502811912],[94.925537109375,20.103778387494117],[94.937744140625,20.088495184369123],[94.96728515625,20.066424871869117],[94.985595703125,20.057391668744117],[95.00253906250003,20.053729559369117],[95.01083984375003,20.049188543744123],[95.01699218750002,20.038592840619117],[95.01923828125001,20.02619049686912],[95.01621093750003,20.016473699994123],[95.01083984375003,20.00543854374412],[95.01406250000002,19.996454168744123],[95.02646484375003,19.984881903119117],[95.03310546875002,19.98053619999412],[95.05029296875,19.97272369999412],[95.05380859375003,19.968377996869123],[95.04755859375001,19.93768952030662],[95.048583984375,19.92438385624412],[95.05214843750002,19.91510651249412],[95.06191406250002,19.91022369999412],[95.08115234375003,19.91034577030662],[95.11259765624999,19.890741278119123],[95.14218750000003,19.860858465619117],[95.16015625,19.82306549686912],[95.15625,19.780047918744117],[95.138671875,19.75079987186912],[95.1357421875,19.73908112186912],[95.138427734375,19.72675202030662],[95.15283203125,19.708270574994117],[95.15625,19.701190496869117],[95.169921875,19.62238190311912],[95.16445312500002,19.50055573124412],[95.169921875,19.457879949994123],[95.19394531250003,19.39667389530662],[95.197265625,19.37225983280662],[95.195556640625,19.350848699994117],[95.187255859375,19.32001373905662],[95.17490234375003,19.152948309369123],[95.169921875,19.135760809369117],[95.15488281250003,19.116229559369117],[95.139404296875,19.10687897343162],[95.12705078125003,19.09564850468162],[95.11269531250002,19.015155340619117],[95.115234375,18.99176666874412],[95.12587890625002,18.95075104374412],[95.13417968750002,18.93085358280662],[95.146240234375,18.913202215619123],[95.193359375,18.865838934369123],[95.2041015625,18.84833405155662],[95.213134765625,18.80548737186912],[95.20458984375,18.76788971561912],[95.18564453125003,18.737567449994117],[95.1630859375,18.716815496869117],[95.15283203125,18.710809637494123],[95.1220703125,18.697528387494117],[95.11728515625003,18.69684479374412],[95.106201171875,18.69843170780662],[95.1015625,18.697528387494117],[95.099365234375,18.69330475468162],[95.09521484375,18.679461981244117],[95.079833984375,18.66705963749412],[95.07587890625001,18.64508698124412],[95.07373046875,18.601336981244117],[95.06650390625003,18.579706121869123],[95.06298828125,18.561786199994117],[95.06748046875003,18.54376862186912],[95.08457031250003,18.522235418744117],[95.1630859375,18.46417877811912],[95.179443359375,18.447626043744123],[95.1923828125,18.430047918744123],[95.20087890625001,18.40985748905662],[95.2041015625,18.385614324994123],[95.20986328125002,18.36322662968162],[95.22412109375,18.34857819218162],[95.2421875,18.33954498905662],[95.25927734375,18.33380768436912],[95.287353515625,18.32001373905662],[95.31171875000001,18.300067449994117],[95.35546875,18.25128815311912],[95.361083984375,18.24664948124412],[95.377197265625,18.23615143436912],[95.3828125,18.23078034061912],[95.38779296875003,18.21991608280662],[95.394775390625,18.19525787968162],[95.39990234375,18.18610260624412],[95.403564453125,18.17670319218162],[95.40283203125,18.154559637494117],[95.40673828125,18.14508698124412],[95.412353515625,18.135858465619123],[95.45029296875003,18.033075262494123],[95.45458984375,17.996356512494117],[95.44482421875,17.95709869999412],[95.43984375000002,17.94940827030662],[95.42861328125002,17.93854401249412],[95.423828125,17.92914459843162],[95.42421875000002,17.92108795780662],[95.43369140625003,17.87592194218162],[95.43984375000002,17.86664459843162],[95.45449218750002,17.85028717655662],[95.45908203125003,17.839960028119123],[95.457763671875,17.82953522343162],[95.45107421875002,17.81305573124412],[95.44970703125,17.77020905155662],[95.45810546875003,17.72601959843162],[95.47353515625002,17.685907293744123],[95.49257812500002,17.655389715619123],[95.50244140625,17.645282293744117],[95.5166015625,17.634051824994117],[95.53310546875002,17.625018621869117],[95.55068359375002,17.62128327030662],[95.56552734375003,17.614276434369117],[95.56142578125002,17.597430731244117],[95.541015625,17.559833074994117],[95.540283203125,17.54425690311912],[95.54248046875,17.521112371869123],[95.5478515625,17.50006744999412],[95.55751953125002,17.49091217655662],[95.570068359375,17.484393621869117],[95.60410156250003,17.45331452030662],[95.623046875,17.443133856244117],[95.6484375,17.440057684369123],[95.6650390625,17.44074127811912],[95.67421875000002,17.43659088749412],[95.677001953125,17.418963934369117],[95.66982421875002,17.408075262494123],[95.623046875,17.38104889530662],[95.6103515625,17.36603424686912],[95.59951171875002,17.34552643436912],[95.59169921875002,17.32318756718162],[95.5888671875,17.30255768436912],[95.5888671875,17.26190827030662],[95.59130859375,17.25141022343162],[95.639892578125,17.14765045780662],[95.646484375,17.10993073124412],[95.63593750000001,17.07318756718162],[95.59580078125003,17.03644440311912],[95.57167968750002,17.018817449994117],[95.56093750000002,17.01483795780662],[95.56308593750003,16.981708074994117],[95.5673828125,16.96405670780662],[95.5751953125,16.942254949994123],[95.61220703125002,16.879754949994123],[95.61259765624999,16.864032293744117],[95.59326171875,16.84894440311912],[95.57568359375,16.847674871869117],[95.556884765625,16.85016510624412],[95.53369140625,16.84662506718162],[95.521484375,16.83783600468162],[95.49228515625003,16.811297918744117],[95.47519531250003,16.805682684369117],[95.4501953125,16.80377838749412],[95.43310546875,16.79816315311912],[95.4033203125,16.77777741093162],[95.388671875,16.772479559369117],[95.34853515625002,16.764764715619123],[95.3349609375,16.75787994999412],[95.33115234375003,16.74347565311912],[95.33251953125,16.719598699994123],[95.33847656250003,16.694208074994123],[95.3486328125,16.67536041874412],[95.32373046875,16.66144440311912],[95.32333984375003,16.647577215619123],[95.327880859375,16.63129303593162],[95.31757812500001,16.61017487186912],[95.30224609375,16.60211823124412],[95.28173828125,16.596063543744123],[95.2626953125,16.58771393436912],[95.251708984375,16.57294342655662],[95.253173828125,16.563348699994123],[95.26455078125002,16.54498932499412],[95.26611328125,16.53815338749412],[95.25888671875003,16.52924225468162],[95.23085937500002,16.508172918744123],[95.221435546875,16.504022528119123],[95.20068359375,16.49909088749412],[95.188232421875,16.486346746869117],[95.177734375,16.468768621869117],[95.1630859375,16.44940827030662],[95.080078125,16.39386627811912],[95.06064453125003,16.36749909061912],[95.0400390625,16.295184637494117],[95.03378906250003,16.281268621869117],[95.007080078125,16.26068756718162],[94.992431640625,16.25079987186912]]]}},{"type":"Feature","properties":{"rank":4},"geometry":{"type":"MultiLineString","coordinates":[[[96.59560546875002,30.44794342655662],[96.61591796875001,30.45099518436912],[96.68154296875002,30.44965241093162],[96.70175781250003,30.441766668744116],[96.703857421875,30.42291901249412],[96.69179687500002,30.380731512494116],[96.69169921874999,30.370233465619116],[96.69482421875,30.349627996869117],[96.70986328125002,30.30951569218162],[96.71533203125,30.301385809369116],[96.72216796875,30.29706452030662],[96.73037109375002,30.29621002811912],[96.74716796875003,30.297381903119117],[96.75595703125003,30.29657623905662],[96.76455078125002,30.29474518436912],[96.77255859375003,30.29144928593162],[96.77978515625,30.286249090619116],[96.79345703125,30.272967840619117],[96.80087890625003,30.267840887494117],[96.82666015625,30.258563543744117],[96.849853515625,30.243280340619116],[96.857421875,30.23993561405662],[96.865478515625,30.23908112186912],[96.896484375,30.244012762494116],[96.91796875,30.24176666874412],[96.9384765625,30.23419830936912],[96.98261718750001,30.201776434369116],[96.991943359375,30.197528387494117],[97.00341796875,30.19464752811912],[97.00937500000003,30.19403717655662],[97.015380859375,30.19403717655662],[97.033203125,30.197284246869117],[97.03955078125,30.19745514530662],[97.05341796875001,30.195917059369116],[97.060302734375,30.19428131718162],[97.06689453125,30.19159577030662],[97.07900390625002,30.18268463749412],[97.10000000000002,30.16022369999412],[97.11171875000002,30.150897528119117],[97.14736328125002,30.131219793744116],[97.16904296875003,30.113397528119116],[97.177734375,30.10944244999412],[97.18691406250002,30.107928778119117],[97.205322265625,30.10809967655662],[97.21445312500003,30.107049871869116],[97.22265625,30.104266668744117],[97.247802734375,30.08966705936912],[97.25869140625002,30.07892487186912],[97.2666015625,30.06610748905662],[97.28759765625,30.021502996869117],[97.29345703125,30.01398346561912],[97.30019531250002,30.007342840619117],[97.30673828125003,30.00263092655662],[97.3212890625,29.99469635624412],[97.327392578125,29.98956940311912],[97.33740234375,29.97431061405662],[97.34423828125,29.955926824994116],[97.348388671875,29.936639715619116],[97.34970703125003,29.91864655155662],[97.358154296875,29.89948151249412],[97.37763671875001,29.88544342655662],[97.40048828125003,29.87348053593162],[97.41806640625003,29.86066315311912],[97.42236328125,29.84454987186912],[97.42822265625,29.795282293744116],[97.43505859375,29.784930731244117],[97.447265625,29.77313873905662],[97.447265625,29.746600653119117],[97.4384765625,29.70233795780662],[97.4423828125,29.684686590619116],[97.45351562500002,29.66449616093162],[97.46826171875,29.64777252811912],[97.483154296875,29.64093659061912],[97.494384765625,29.638299871869116],[97.49912109375003,29.63141510624412],[97.500244140625,29.621454168744116],[97.49990234375002,29.609881903119117],[97.50390625,29.602801824994117],[97.56142578125002,29.54804108280662],[97.57167968750002,29.53107330936912],[97.58115234375003,29.486102606244117],[97.59511718750002,29.47345612186912],[97.61484375000003,29.466571356244117],[97.68212890625,29.45929596561912],[97.70371093750003,29.45087311405662],[97.712890625,29.431756903119116],[97.7236328125,29.422723699994116],[97.82919921875003,29.38178131718162],[97.84814453125,29.37177155155662],[97.856201171875,29.356317449994116],[97.85908203125001,29.346551824994116],[97.866455078125,29.339227606244116],[97.87646484375,29.33466217655662],[97.886962890625,29.33307526249412],[97.897705078125,29.32782623905662],[97.8994140625,29.315545965619116],[97.89736328125002,29.301532293744117],[97.897216796875,29.29083893436912],[97.90097656250003,29.28204987186912],[97.90673828125,29.27338287968162],[97.91367187500003,29.26679108280662],[97.932373046875,29.261493231244117],[97.93564453125003,29.254901434369117],[97.93613281250003,29.24603912968162],[97.943359375,29.21942780155662],[97.94277343750002,29.20648834843162],[97.9443359375,29.194110418744117],[97.99335937500001,29.11640045780662],[98.00400390625003,29.103876043744116],[98.02509765625001,29.088495184369116],[98.04052734375,29.07245514530662],[98.03427734375003,29.05805084843162],[98.04697265625003,29.03815338749412],[98.082275390625,29.019159246869116],[98.08964843749999,29.000360418744116],[98.09169921875002,28.95856354374412],[98.09580078125003,28.93805573124412],[98.103271484375,28.921502996869116],[98.182373046875,28.818475653119116],[98.22675781250001,28.804803778119116],[98.25751953125001,28.79022858280662],[98.290283203125,28.767596746869117],[98.320556640625,28.741229559369117],[98.34345703125001,28.715448309369116],[98.35898437500003,28.677508856244117],[98.37070312500003,28.54413483280662],[98.37441406250002,28.53119537968162],[98.378173828125,28.522821356244116],[98.38320312500002,28.51679108280662],[98.39121093750003,28.510614324994116],[98.43222656250003,28.494012762494116],[98.43906250000003,28.492938543744117],[98.443115234375,28.457049871869117],[98.442138671875,28.451678778119117],[98.4482421875,28.43927643436912],[98.4453125,28.420672918744117],[98.45273437500003,28.407001043744117],[98.4482421875,28.39472077030662],[98.44472656250002,28.35443756718162],[98.4453125,28.33930084843162],[98.451904296875,28.324237371869117],[98.45751953125,28.314569403119116],[98.470458984375,28.29767487186912],[98.46992187500001,28.29010651249412],[98.46669921875002,28.28217194218162],[98.46630859375,28.27045319218162],[98.47324218750003,28.23419830936912],[98.47294921874999,28.178094793744116],[98.47597656250002,28.15265534061912],[98.48544921875003,28.129657293744117],[98.55849609375002,28.097528387494116],[98.56884765625,28.09601471561912],[98.572265625,28.082391668744116],[98.58173828125001,28.067645574994117],[98.59619140625,28.05560944218162],[98.614013671875,28.050653387494116],[98.6455078125,28.01068756718162],[98.6513671875,28.00629303593162],[98.65322265625002,28.00165436405662],[98.65966796875,27.972040106244116],[98.658203125,27.968768621869117],[98.6669921875,27.956073309369117],[98.67343750000003,27.95538971561912],[98.68544921875002,27.961297918744116],[98.68125000000003,27.949725653119117],[98.67587890625003,27.940790106244116],[98.66835937500002,27.933710028119116],[98.658203125,27.92780182499412],[98.67988281250001,27.904071356244117],[98.686279296875,27.86737702030662],[98.674560546875,27.77057526249412],[98.673095703125,27.769549871869117],[98.67744140625001,27.76166412968162],[98.69013671875001,27.75104401249412],[98.69287109375,27.746600653119117],[98.6982421875,27.731561590619116],[98.7216796875,27.699579168744116],[98.73164062500001,27.66901276249412],[98.74335937500001,27.656854559369116],[98.77490234375,27.632928778119116],[98.810302734375,27.59100983280662],[98.81640625,27.58148834843162],[98.81845703125003,27.57660553593162],[98.822998046875,27.57330963749412],[98.82753906250002,27.568963934369116],[98.82949218750002,27.561297918744117],[98.82949218750002,27.52374909061912],[98.82509765625002,27.488641668744116],[98.81972656250002,27.475702215619116],[98.80898437500002,27.461688543744117],[98.83066406250003,27.42194244999412],[98.83964843749999,27.39984772343162],[98.846435546875,27.371210028119116],[98.86093750000003,27.351678778119116],[98.8642578125,27.34186432499412],[98.86328125,27.313006903119117],[98.8642578125,27.30402252811912],[98.867919921875,27.29657623905662],[98.8798828125,27.279803778119117],[98.884765625,27.269891668744116],[98.88613281250002,27.261004949994117],[98.88320312500002,27.20331452030662],[98.87998046875003,27.19342682499412],[98.86865234375,27.173846746869117],[98.8984375,26.45490143436912],[98.8916015625,26.38226959843162],[98.889404296875,26.37335846561912],[98.88388671875003,26.36505768436912],[98.86767578125,26.34845612186912],[98.85947265625003,26.33563873905662],[98.86123046875002,26.32526276249412],[98.86679687500003,26.315301824994116],[98.87109375,26.303485418744117],[98.87148437500002,26.280633856244116],[98.86318359375002,26.20795319218162],[98.85849609375003,26.18842194218162],[98.857421875,26.17719147343162],[98.85976562500002,26.167596746869116],[98.86953125000002,26.15704987186912],[98.87109375,26.14581940311912],[98.86923828125003,26.139764715619116],[98.857421875,26.11847565311912],[98.85693359375,26.10797760624412],[98.85908203125001,26.09918854374412],[98.85703125000003,26.09149811405662],[98.843017578125,26.084344793744116],[98.853271484375,26.04804108280662],[98.8369140625,25.92047760624412],[98.87900390625003,25.665887762494123],[98.88007812500001,25.556415106244117],[98.894775390625,25.47125885624412],[98.8916015625,25.42645905155662],[98.88671875,25.415790106244117],[98.87363281250003,25.39581940311912],[98.87109375,25.381708074994123],[98.87919921874999,25.338641668744117],[98.87734375000002,25.32404205936912],[98.8701171875,25.315057684369123],[98.84794921874999,25.295672918744117],[98.843017578125,25.286151434369117],[98.85048828125002,25.254413153119117],[98.851318359375,25.238885809369123],[98.843017578125,25.227801824994117],[98.8486328125,25.22101471561912],[98.85537109375002,25.20941803593162],[98.858642578125,25.198504949994117],[98.85400390625,25.19367096561912],[98.843017578125,25.18805573124412],[98.8427734375,25.17523834843162],[98.8505859375,25.152118231244117],[98.843017578125,25.073260809369117],[98.848388671875,25.04877350468162],[98.87197265625002,25.00763580936912],[98.87734375000002,24.991327215619123],[98.88037109375,24.97284577030662],[98.9052734375,24.918719793744117],[98.88857421875002,24.90155670780662],[98.89541015625002,24.87360260624412],[98.92324218750002,24.81806061405662],[98.9423828125,24.79608795780662],[98.94677734375,24.785907293744117],[98.94765625000002,24.77240631718162],[98.950439453125,24.75775787968162],[98.95546875000002,24.74603912968162],[98.963134765625,24.74115631718162],[98.9833984375,24.73419830936912],[99.01064453125002,24.71735260624412],[99.03544921874999,24.697137762494123],[99.048583984375,24.67975494999412],[99.0546875,24.65387604374412],[99.05751953125002,24.62482330936912],[99.05429687500003,24.59918854374412],[99.04179687499999,24.58356354374412],[99.04052734375,24.563104559369123],[99.02500000000003,24.490252996869117],[99.014892578125,24.46881744999412],[98.98652343750001,24.43952057499412],[98.977294921875,24.422626043744117],[98.97929687499999,24.415399481244123],[99.00751953125001,24.406024481244117],[99.02714843749999,24.396600653119123],[99.04697265625003,24.383905340619123],[99.06162109375003,24.36762116093162],[99.065673828125,24.347430731244117],[99.06308593750003,24.32941315311912],[99.06494140625,24.32147858280662],[99.07119140625002,24.31354401249412],[99.07958984375,24.307977606244123],[99.10830078125002,24.29706452030662],[99.125244140625,24.28424713749412],[99.118896484375,24.27423737186912],[99.10048828125002,24.26752350468162],[99.052734375,24.261249090619117],[99.02509765625001,24.254266668744123],[98.9990234375,24.24323151249412],[98.97509765625,24.22748444218162],[98.96523437500002,24.217645574994123],[98.947265625,24.195428778119123],[98.9375,24.18659088749412],[98.89707031250003,24.16864655155662],[98.884765625,24.15839264530662],[98.85488281250002,24.13922760624412],[98.81757812500001,24.12921784061912],[98.7158203125,24.12152741093162],[98.68125000000003,24.10700104374412],[98.64003906250002,24.100946356244123],[98.61220703125002,24.087762762494123],[98.5966796875,24.083270574994117],[98.58486328125002,24.07599518436912],[98.54443359375,24.059198309369123],[98.53183593750003,24.05597565311912],[98.51025390625,24.053338934369123],[98.492919921875,24.04669830936912],[98.431884765625,24.00006744999412],[98.41757812500003,23.982684637494117],[98.41162109375,23.96344635624412],[98.415283203125,23.919940496869117],[98.42539062500003,23.878436590619117],[98.44492187500003,23.84149811405662],[98.473388671875,23.814227606244117],[98.54892578125003,23.768573309369117],[98.57470703125,23.744989324994123],[98.60000000000002,23.70966217655662],[98.63759765625002,23.637567449994123],[98.64892578125,23.608905340619117],[98.64912109375001,23.596795965619123],[98.64453125,23.58295319218162],[98.63818359375,23.575311590619123],[98.62929687500002,23.56708405155662],[98.621337890625,23.55744049686912],[98.61337890625003,23.53375885624412],[98.59423828125,23.517450262494123],[98.58984375,23.504169012494117],[98.5927734375,23.49017975468162],[98.599853515625,23.474725653119123],[98.61777343750003,23.445819403119117],[98.60683593750002,23.426532293744117],[98.617919921875,23.41925690311912],[98.63906250000002,23.420428778119117],[98.658203125,23.42597077030662],[98.72021484375,23.388055731244123],[98.733154296875,23.30182526249412],[98.731201171875,23.27655670780662],[98.72421875000003,23.262323309369123],[98.710693359375,23.25604889530662],[98.68916015625001,23.254657293744117],[98.68339843749999,23.251483465619117],[98.6650390625,23.23737213749412],[98.64980468750002,23.23297760624412],[98.64052734375002,23.22785065311912],[98.63427734375,23.226678778119123],[98.62646484375,23.228534246869117],[98.61679687500003,23.23725006718162],[98.6103515625,23.240350653119123],[98.58847656250003,23.24127838749412],[98.55419921875,23.229852606244123],[98.53183593750003,23.226678778119123],[98.52646484375003,23.223504949994123],[98.516357421875,23.20941803593162],[98.51093750000001,23.20624420780662],[98.5,23.20746491093162],[98.47861328125003,23.21222565311912],[98.46630859375,23.212420965619117],[98.44345703125003,23.20551178593162],[98.446044921875,23.19513580936912],[98.458740234375,23.184100653119117],[98.47119140625,23.170038153119123],[98.482421875,23.16437409061912],[98.4951171875,23.15973541874412],[98.50419921874999,23.15778229374412],[98.51601562500002,23.15277741093162],[98.52412109375001,23.14118073124412],[98.53525390625003,23.11749909061912],[98.55927734375001,23.09271881718162],[98.564697265625,23.076434637494117],[98.54511718750001,23.06903717655662],[98.52714843749999,23.065301824994123],[98.51132812500003,23.055682684369117],[98.49951171875,23.042499090619117],[98.49365234375,23.028094793744117],[98.49648437500002,23.01361725468162],[98.50507812500001,22.989520574994117],[98.517578125,22.97016022343162],[98.53183593750003,22.97003815311912],[98.54892578125003,22.974725653119123],[98.56630859375002,22.963983465619123],[98.58984375,22.938739324994117],[98.6552734375,22.90985748905662],[98.6650390625,22.90119049686912],[98.66455078125,22.87616608280662],[98.6611328125,22.859247137494123],[98.651123046875,22.847040106244123],[98.630859375,22.836297918744123],[98.611328125,22.830829168744117],[98.54511718750001,22.822626043744123],[98.54052734375,22.81830475468162],[98.524658203125,22.79132721561912],[98.52197265625,22.781610418744123],[98.527587890625,22.77033112186912],[98.54150390625,22.75372955936912],[98.54892578125003,22.737323309369117],[98.548095703125,22.73029205936912],[98.5439453125,22.72382233280662],[98.54150390625,22.709344793744123],[98.54453125000003,22.700702215619117],[98.558837890625,22.68585846561912],[98.563232421875,22.67865631718162],[98.56298828125,22.66913483280662],[98.55966796875003,22.66132233280662],[98.55615234375,22.65534088749412],[98.55517578125,22.65131256718162],[98.558837890625,22.639276434369123],[98.562744140625,22.637811590619123],[98.572509765625,22.637713934369117],[98.57832031250001,22.634881903119123],[98.58076171875001,22.628192449994117],[98.58261718750003,22.620233465619123],[98.59072265625002,22.606463934369117],[98.59492187500001,22.58808014530662],[98.60009765625,22.57929108280662],[98.61240234375003,22.563495184369117],[98.61630859375003,22.55463287968162],[98.62167968750003,22.528094793744117],[98.639404296875,22.49628327030662],[98.64453125,22.48004791874412],[98.6416015625,22.459979559369117],[98.62246093750002,22.429950262494117],[98.61777343750003,22.41486237186912],[98.61318359375002,22.38165924686912],[98.60107421875,22.34662506718162],[98.58535156250002,22.31403229374412],[98.56884765625,22.288202215619123],[98.57832031250001,22.27313873905662],[98.631103515625,22.15827057499412],[98.64345703125002,22.139422918744117],[98.6982421875,22.08698151249412],[98.72011718750002,22.07379791874412],[98.744140625,22.068475653119123],[98.75634765625,22.063251043744117],[98.767822265625,22.051776434369117],[98.7744140625,22.04022858280662],[98.771484375,22.03497955936912],[98.7568359375,22.03485748905662],[98.74570312500003,22.03290436405662],[98.738037109375,22.026727606244123],[98.733154296875,22.01386139530662],[98.74072265625,22.00702545780662],[98.73476562500002,21.998309637494117],[98.72607421875,21.980096746869123],[98.72021484375,21.972284246869123],[98.71328125000002,21.967645574994123],[98.69716796875002,21.961200262494117],[98.67138671875,21.94293854374412],[98.62900390625003,21.92645905155662],[98.5693359375,21.89362213749412],[98.5546875,21.87897369999412],[98.54892578125003,21.85932037968162],[98.55117187500002,21.83832428593162],[98.58544921875,21.71527741093162],[98.6357421875,21.64752838749412],[98.64453125,21.63031647343162],[98.64853515625003,21.58136627811912],[98.61835937500001,21.56207916874412],[98.582275390625,21.547723699994123],[98.56884765625,21.51361725468162],[98.578125,21.492938543744117],[98.61074218750002,21.45551178593162],[98.625244140625,21.417010809369117],[98.642333984375,21.40680573124412],[98.66103515625002,21.39948151249412],[98.673095703125,21.39008209843162],[98.6767578125,21.372919012494123],[98.6787109375,21.304461981244117],[98.68349609375002,21.29083893436912],[98.70615234375003,21.258661199994123],[98.71279296875002,21.239276434369117],[98.71083984375002,21.22101471561912],[98.70556640625,21.199725653119117],[98.703125,21.17853424686912],[98.709716796875,21.16046784061912],[98.72646484375002,21.14288971561912],[98.782958984375,21.10211823124412],[98.80166015625002,21.074725653119117],[98.79638671875,21.04340241093162],[98.77382812500002,21.01398346561912],[98.74072265625,20.99225494999412],[98.71240234375,20.98981354374412],[98.67343750000003,20.99225494999412],[98.638916015625,20.99054596561912],[98.607421875,20.96039459843162],[98.53066406250002,20.962762762494123],[98.50791015625003,20.95123932499412]]]}},{"type":"Feature","properties":{"rank":4},"geometry":{"type":"MultiLineString","coordinates":[[[98.50791015625003,20.95123932499412],[98.49453125000002,20.924090887494117],[98.49169921875,20.87677643436912],[98.50048828125,20.78742096561912],[98.51230468750003,20.74799225468162],[98.593017578125,20.61188385624412],[98.64980468750002,20.48493073124412],[98.65615234375002,20.460956121869117],[98.6591796875,20.436542059369117],[98.65478515625,20.42023346561912],[98.64501953125,20.40131256718162],[98.64414062500003,20.37750885624412],[98.64931640625002,20.353778387494117],[98.658203125,20.33490631718162],[98.673583984375,20.317254949994123],[98.68691406250002,20.30658600468162],[98.6962890625,20.29389069218162],[98.69970703125,20.27008698124412],[98.69589843750003,20.224627996869117],[98.689453125,20.201434637494117],[98.6787109375,20.184100653119117],[98.66123046875003,20.172235418744123],[98.622802734375,20.157001043744117],[98.60693359375,20.14655182499412],[98.599853515625,20.14472077030662],[98.56591796875,20.14996979374412],[98.53525390625003,20.12946198124412],[98.50537109375,20.095575262494123],[98.48847656250001,20.08502838749412],[98.46259765625001,20.081073309369117],[98.39980468750002,20.080340887494117],[98.37753906250003,20.074823309369123],[98.34326171875,20.057489324994123],[98.2763671875,20.014422918744117],[98.233642578125,19.999139715619123],[98.140869140625,19.990008856244117],[98.020263671875,19.953241278119123],[97.99677734375001,19.95136139530662],[97.978271484375,19.95392487186912],[97.940673828125,19.96417877811912],[97.917724609375,19.964960028119123],[97.87705078125003,19.950799871869123],[97.8583984375,19.92401764530662],[97.84716796875,19.89191315311912],[97.82949218750002,19.861932684369123],[97.81484375000002,19.851678778119123],[97.80097656250001,19.85065338749412],[97.764404296875,19.855731512494117],[97.75107421875003,19.84650299686912],[97.74589843749999,19.82489655155662],[97.743896484375,19.79975006718162],[97.740234375,19.780047918744117],[97.693603515625,19.72016022343162],[97.681884765625,19.71112702030662],[97.66328125000001,19.705340887494117],[97.65537109375003,19.69049713749412],[97.65087890625,19.649676824994117],[97.63720703125,19.60871002811912],[97.63496093750001,19.595965887494117],[97.63720703125,19.56403229374412],[97.633056640625,19.54718659061912],[97.60302734375,19.48578522343162],[97.58544921875,19.41950104374412],[97.5791015625,19.40949127811912],[97.55810546875,19.40460846561912],[97.53916015625003,19.391864324994117],[97.525634765625,19.374286199994117],[97.5205078125,19.354852606244123],[97.52236328125002,19.34796784061912],[97.53095703125001,19.330682684369123],[97.5341796875,19.320672918744123],[97.53457031250002,19.15045807499412],[97.528564453125,19.13727448124412],[97.510498046875,19.118670965619117],[97.503662109375,19.103876043744123],[97.489990234375,19.05036041874412],[97.47666015625003,18.901727606244123],[97.4658203125,18.86200592655662],[97.46005859375003,18.85175202030662],[97.44130859375002,18.82782623905662],[97.431640625,18.820428778119123],[97.386962890625,18.82355377811912],[97.36572265625,18.856073309369123],[97.351318359375,18.871698309369123],[97.33486328125002,18.87506744999412],[97.32724609375003,18.850848699994117],[97.33486328125002,18.710565496869123],[97.35976562500002,18.62421295780662],[97.36279296875,18.587665106244117],[97.345458984375,18.56159088749412],[97.35732421875002,18.54010651249412],[97.378662109375,18.52094147343162],[97.39003906250002,18.50202057499412],[97.39443359375002,18.487323309369117],[97.417236328125,18.44135162968162],[97.44277343750002,18.40350983280662],[97.446044921875,18.38141510624412],[97.446533203125,18.35846588749412],[97.4521484375,18.33380768436912],[97.46621093750002,18.31159088749412],[97.48593750000003,18.292352606244123],[97.50771484375002,18.276727606244123],[97.52792968750003,18.26557037968162],[97.53720703125003,18.27277252811912],[97.54150390625,18.28046295780662],[97.56015625000003,18.32843659061912],[97.56201171875,18.330682684369123],[97.57333984375003,18.333270574994117],[97.624267578125,18.31354401249412],[97.63720703125,18.306512762494123],[97.643310546875,18.29157135624412],[97.642822265625,18.273211981244117],[97.63525390625,18.25775787968162],[97.620361328125,18.25128815311912],[97.61757812500002,18.24188873905662],[97.62851562500003,18.221063543744123],[97.68007812500002,18.152850653119117],[97.683837890625,18.14630768436912],[97.68496093750002,18.140399481244117],[97.68496093750002,18.13178131718162],[97.68701171875,18.12006256718162],[97.69638671875003,18.10175202030662],[97.69843750000001,18.090838934369117],[97.69765625000002,18.08490631718162],[97.69326171875002,18.075311590619123],[97.6923828125,18.070331121869117],[97.69384765625,18.06171295780662],[97.697265625,18.060907293744123],[97.701904296875,18.06207916874412],[97.7060546875,18.059442449994123],[97.71962890625002,18.05329010624412],[97.72177734375003,18.04913971561912],[97.724853515625,18.03693268436912],[97.73935546875003,18.00311920780662],[97.74365234375,17.99799225468162],[97.74677734375001,17.992694403119117],[97.75136718750002,17.980975653119117],[97.75380859375002,17.969256903119117],[97.75048828125,17.963885809369117],[97.74716796875003,17.961053778119123],[97.71962890625002,17.94342682499412],[97.69140625,17.89581940311912],[97.68505859375,17.880877996869117],[97.69843750000001,17.83356354374412],[97.67578125,17.83051178593162],[97.67597656250001,17.81525299686912],[97.68603515625,17.79462311405662],[97.6923828125,17.77521393436912],[97.695068359375,17.752460028119117],[97.712890625,17.69013092655662],[97.720703125,17.591669012494123],[97.72402343750002,17.58185455936912],[97.7294921875,17.57306549686912],[97.737060546875,17.56354401249412],[97.74365234375,17.55267975468162],[97.75390625,17.51886627811912],[97.771240234375,17.49262116093162],[97.77431640625002,17.48407623905662],[97.772705078125,17.47247955936912],[97.7607421875,17.446551824994117],[97.761474609375,17.41901276249412],[97.75996093750001,17.405633856244123],[97.75048828125,17.39813873905662],[97.72646484375002,17.38849518436912],[97.69052734375003,17.36139557499412],[97.6748046875,17.32343170780662],[97.671875,17.237665106244123],[97.676513671875,17.199335028119123],[97.67421875000002,17.182977606244123],[97.6552734375,17.173114324994117],[97.65214843749999,17.16522858280662],[97.65087890625,17.155047918744117],[97.65087890625,17.12641022343162],[97.61318359375002,17.055536199994123],[97.60976562500002,17.035028387494123],[97.61259765624999,17.010858465619123],[97.63720703125,16.95648834843162],[97.64003906250002,16.93256256718162],[97.63496093750001,16.91266510624412],[97.6279296875,16.89337799686912],[97.61660156250002,16.82929108280662],[97.619140625,16.818866278119117],[97.62919921874999,16.802118231244123],[97.63037109375,16.791376043744123],[97.62451171875,16.77118561405662],[97.60664062500001,16.72980377811912],[97.60302734375,16.70636627811912],[97.60537109375002,16.684344793744117],[97.61142578125003,16.665399481244123],[97.62021484375003,16.64899323124412],[97.65625,16.599969793744123],[97.66425781250001,16.585565496869123],[97.673583984375,16.554950262494117]]]}},{"type":"Feature","properties":{"rank":3},"geometry":{"type":"MultiLineString","coordinates":[[[89.060302734375,22.130633856244117],[89.07773437500003,22.15106842655662],[89.07578125000003,22.17523834843162],[89.0703125,22.19501373905662],[89.06191406250002,22.21173737186912],[89.018310546875,22.26483795780662],[89.00869140625002,22.28583405155662],[89.023193359375,22.295038153119123],[89.00644531250003,22.321649481244123],[89.0009765625,22.333856512494123],[88.9892578125,22.38703034061912],[88.989013671875,22.396844793744123],[88.99179687500003,22.40717194218162],[89.000244140625,22.420282293744123],[89.002197265625,22.42816803593162],[88.99794921875002,22.45148346561912],[88.97958984375003,22.491083074994123],[88.97060546875002,22.52814362186912],[88.95859375000003,22.536981512494123],[88.92763671875002,22.54828522343162],[88.94980468750003,22.56220123905662],[88.9560546875,22.585223699994117],[88.95166015625,22.61212799686912],[88.94189453125,22.637713934369117],[88.92958984375002,22.65875885624412],[88.91650390625,22.66205475468162],[88.90048828125003,22.658075262494123],[88.87978515625002,22.65753815311912],[88.8681640625,22.66364166874412],[88.83203125,22.705926824994123],[88.8251953125,22.711542059369123],[88.818359375,22.71576569218162],[88.81298828125,22.721063543744123],[88.81093750000002,22.729852606244123],[88.81396484375,22.739520574994117],[88.821533203125,22.73920319218162],[88.83046875000002,22.736590887494117],[88.83828125000002,22.73944733280662],[88.840576171875,22.745721746869123],[88.845703125,22.771112371869123],[88.84794921874999,22.777850653119117],[88.85097656250002,22.783465887494117],[88.849609375,22.788836981244117],[88.83828125000002,22.794696356244117],[88.85175781250001,22.810663153119123],[88.85410156250003,22.81842682499412],[88.8525390625,22.830096746869117],[88.8486328125,22.829852606244117],[88.8388671875,22.83685944218162],[88.82968750000003,22.845233465619117],[88.82832031250001,22.84931061405662],[88.78867187500003,22.84918854374412],[88.77304687500003,22.85504791874412],[88.75625000000002,22.87042877811912],[88.75068359375001,22.88434479374412],[88.74648437500002,22.92084381718162],[88.7392578125,22.935321356244117],[88.72421875000003,22.94330475468162],[88.7041015625,22.94635651249412],[88.6669921875,22.94550202030662],[88.668212890625,22.94586823124412],[88.65537109375003,22.945819403119117],[88.65380859375,22.94550202030662],[88.649658203125,22.944354559369117],[88.644775390625,22.941278387494123],[88.63925781250003,22.938739324994117],[88.6328125,22.938739324994117],[88.622802734375,22.94452545780662],[88.62060546875,22.95233795780662],[88.62021484375003,22.96112702030662],[88.61572265625,22.97003815311912],[88.609375,22.97113678593162],[88.59853515625002,22.97040436405662],[88.5859375,22.971210028119117],[88.574462890625,22.97687409061912],[88.56513671875001,22.983172918744117],[88.555908203125,22.98529694218162],[88.54638671875,22.98407623905662],[88.53652343750002,22.98029205936912],[88.5283203125,22.96845123905662],[88.50390625,22.94013092655662],[88.49550781250002,22.93427155155662],[88.4853515625,22.931903387494117],[88.4755859375,22.93402741093162],[88.45595703125002,22.94342682499412],[88.44443359375003,22.94550202030662],[88.40625,22.94550202030662]],[[79.84072265625002,30.88849518436912],[79.8203125,30.85675690311912],[79.813720703125,30.84015534061912],[79.8134765625,30.819598699994117],[79.81845703125003,30.80292389530662],[79.83486328125002,30.768915106244116],[79.84072265625002,30.75067780155662],[79.84023437500002,30.74469635624412],[79.837890625,30.740008856244117],[79.8369140625,30.73395416874412],[79.84072265625002,30.723993231244116],[79.84921875000003,30.714618231244117],[79.868896484375,30.70075104374412],[79.87490234375002,30.689227606244117],[79.85654296875003,30.68488190311912],[79.84707031250002,30.675555731244117],[79.83388671875002,30.64826080936912],[79.82480468750003,30.637225653119117],[79.807373046875,30.62665436405662],[79.79638671875,30.617547918744116],[79.779296875,30.595477606244117],[79.75380859375002,30.54657623905662],[79.73828125,30.52411530155662],[79.71533203125,30.508172918744116],[79.68496093750002,30.500116278119116],[79.65468750000002,30.50165436405662],[79.631591796875,30.514520574994116],[79.59326171875,30.550653387494116],[79.56875000000002,30.56683991093162],[79.5458984375,30.57318756718162],[79.52255859375003,30.563983465619117],[79.43603515625,30.48236725468162],[79.409423828125,30.439081121869116],[79.388916015625,30.422381903119117],[79.3408203125,30.409930731244117],[79.3212890625,30.398065496869116],[79.31308593750003,30.372088934369117],[79.31308593750003,30.37116119999412],[79.30673828125003,30.345965887494117],[79.29072265625001,30.32318756718162],[79.26884765624999,30.304461981244117],[79.21875,30.280292059369117],[79.205078125,30.27716705936912],[79.18955078125003,30.277704168744116],[79.177978515625,30.28217194218162],[79.170654296875,30.288934637494116],[79.16572265625001,30.29535553593162],[79.162353515625,30.298846746869117],[79.136962890625,30.304315496869116],[79.020263671875,30.30768463749412],[79.00068359375001,30.306024481244116],[78.90380859375,30.267840887494117],[78.87832031250002,30.26471588749412],[78.858642578125,30.259051824994117],[78.80312500000002,30.23590729374412],[78.7890625,30.23334381718162],[78.77968750000002,30.23810455936912],[78.770751953125,30.236346746869117],[78.762451171875,30.23224518436912],[78.75478515625002,30.22992584843162],[78.741943359375,30.23248932499412],[78.70986328125002,30.242792059369116],[78.69619140625002,30.24420807499412],[78.68710937500003,30.240008856244117],[78.642578125,30.204461981244116],[78.59423828125,30.14520905155662],[78.58261718750003,30.12213776249412],[78.578857421875,30.09760162968162],[78.58632812500002,30.072870184369116],[78.53720703125003,30.07733795780662],[78.528564453125,30.07636139530662],[78.517333984375,30.07318756718162],[78.46337890625,30.072870184369116],[78.45302734375002,30.075702215619117],[78.44189453125,30.08148834843162],[78.43300781250002,30.090594793744117],[78.422119140625,30.12213776249412],[78.405029296875,30.132342840619117],[78.384521484375,30.133905340619116],[78.3671875,30.12689850468162],[78.35791015625,30.13349030155662],[78.345458984375,30.13910553593162],[78.33212890625003,30.14203522343162],[78.320068359375,30.14057037968162],[78.28583984375001,30.09650299686912],[78.280029296875,30.07160065311912],[78.26572265625003,30.054071356244116],[78.230712890625,30.02448151249412],[78.1640625,29.94989655155662],[78.15488281250003,29.92548248905662],[78.15634765625003,29.89996979374412],[78.16074218750003,29.877215887494117],[78.1904296875,29.79266998905662],[78.19785156250003,29.74823639530662],[78.18906250000003,29.70673248905662],[78.15488281250003,29.675067449994117],[78.107177734375,29.654559637494117],[78.0947265625,29.646502996869117],[78.09003906250001,29.642450262494116],[78.08447265625,29.64105866093162],[78.0693359375,29.64093659061912],[78.04208984375003,29.634881903119116],[78.01884765624999,29.61920807499412],[78.0009765625,29.597040106244116],[77.990478515625,29.572040106244117],[77.99179687500003,29.53107330936912],[78.01123046875,29.497674871869116],[78.03564453125,29.46723053593162],[78.05244140625001,29.434833074994117],[78.0537109375,29.41986725468162],[78.05029296875,29.389276434369116],[78.05244140625001,29.37396881718162],[78.06210937500003,29.363788153119117],[78.0751953125,29.355731512494117],[78.08203125,29.34467194218162],[78.07236328125003,29.32562897343162],[78.103515625,29.27850983280662],[78.1171875,29.25141022343162],[78.11767578125,29.23309967655662],[78.113525390625,29.222674871869117],[78.114990234375,29.21185944218162],[78.11875000000003,29.20148346561912],[78.12089843749999,29.192157293744117],[78.115234375,29.17975494999412],[78.08847656250003,29.15314362186912],[78.079833984375,29.140643621869117],[78.07607421875002,29.05805084843162],[78.07949218750002,29.04694244999412],[78.072021484375,28.991327215619116],[78.07236328125003,28.96930573124412],[78.09492187500001,28.93598053593162],[78.10595703125,28.91364166874412],[78.103759765625,28.897333074994116],[78.09619140625,28.88703034061912],[78.09580078125003,28.87763092655662],[78.09853515625002,28.86786530155662],[78.100341796875,28.856317449994116],[78.09912109375,28.85138580936912],[78.093994140625,28.84198639530662],[78.0927734375,28.83588287968162],[78.09589843750001,28.828485418744116],[78.10302734375,28.82416412968162],[78.1103515625,28.821307684369117],[78.11464843750002,28.818475653119116],[78.11865234375,28.814325262494116],[78.123046875,28.81342194218162],[78.126708984375,28.811639715619116],[78.12832031250002,28.804803778119116],[78.126953125,28.799920965619116],[78.12158203125,28.78803131718162],[78.12089843749999,28.78436920780662],[78.123779296875,28.77814362186912],[78.13144531250003,28.770038153119117],[78.134521484375,28.76386139530662],[78.14023437500003,28.74787018436912],[78.146484375,28.73834869999412],[78.16572265625001,28.71918366093162],[78.18271484375003,28.692889715619117],[78.18359375,28.67182037968162],[78.177978515625,28.64984772343162],[78.176025390625,28.620477606244116],[78.1953125,28.57025787968162],[78.2646484375,28.488788153119117],[78.279052734375,28.44171784061912],[78.27236328125002,28.43475983280662],[78.26748046875002,28.42816803593162],[78.26474609375003,28.421258856244116],[78.26708984375,28.41998932499412],[78.27197265625,28.41498444218162],[78.27685546875,28.407977606244117],[78.279052734375,28.400751043744116],[78.275390625,28.39044830936912],[78.268310546875,28.38104889530662],[78.263916015625,28.37201569218162],[78.2685546875,28.36286041874412],[78.27548828125003,28.354999090619117],[78.28095703125001,28.34479401249412],[78.28457031250002,28.33344147343162],[78.28583984375001,28.322284246869117],[78.29013671875003,28.30695221561912],[78.30078125,28.296161199994117],[78.32675781250003,28.277215887494116],[78.34521484375,28.25177643436912],[78.353515625,28.24310944218162],[78.373779296875,28.22980377811912],[78.38271484375002,28.22199127811912],[78.40625,28.18610260624412],[78.44140625,28.150653387494117],[78.4560546875,28.12641022343162],[78.46337890625,28.10590241093162],[78.47705078125,28.092889715619116],[78.5439453125,28.045184637494117],[78.556640625,28.03974030155662],[78.569580078125,28.03766510624412],[78.584716796875,28.03278229374412],[78.59531250000003,28.02118561405662],[78.60410156250003,28.00751373905662],[78.6142578125,27.99603912968162],[78.62558593750003,27.98993561405662],[78.66953125000003,27.975604559369117],[78.711669921875,27.96893952030662],[78.720703125,27.96503327030662],[78.73876953125,27.952020574994116],[78.75996093750001,27.945575262494117],[78.80605468750002,27.94147369999412],[78.87705078125003,27.92218659061912],[78.89511718750003,27.91315338749412],[78.939453125,27.882831121869117],[78.94589843750003,27.872577215619117],[78.95068359375,27.848895574994117],[78.95673828125001,27.83844635624412],[78.981201171875,27.827020574994116],[79.03281250000003,27.83161041874412],[79.055908203125,27.82135651249412],[79.07626953125003,27.81561920780662],[79.13007812500001,27.827508856244116],[79.155517578125,27.81793854374412],[79.161376953125,27.810419012494116],[79.16396484375002,27.802850653119116],[79.16572265625001,27.79425690311912],[79.169189453125,27.783807684369116],[79.19296875000003,27.735711981244116],[79.195556640625,27.723993231244116],[79.195556640625,27.711053778119116],[79.197021484375,27.699335028119116],[79.20361328125,27.69135162968162],[79.265380859375,27.667108465619116],[79.29824218750002,27.649676824994117],[79.33193359375002,27.636835028119116],[79.36855468750002,27.63410065311912],[79.409912109375,27.646600653119116],[79.44326171875002,27.606952215619117],[79.46464843749999,27.586542059369116],[79.480712890625,27.57770416874412],[79.4931640625,27.57343170780662],[79.51572265625003,27.554706121869117],[79.528564453125,27.550409246869116],[79.54648437500003,27.54816315311912],[79.55478515625003,27.541522528119117],[79.557861328125,27.53082916874412],[79.56171875000001,27.48688385624412],[79.56640625,27.475360418744117],[79.576171875,27.46308014530662],[79.59853515625002,27.448602606244116],[79.611083984375,27.43781159061912],[79.62246093750002,27.417499090619117],[79.626220703125,27.39484284061912],[79.62841796875,27.351825262494117],[79.631591796875,27.34088776249412],[79.63623046875,27.33051178593162],[79.64892578125,27.31146881718162],[79.68427734375001,27.276483465619116],[79.68994140625,27.26642487186912],[79.69775390625,27.24152252811912],[79.71669921875002,27.22504303593162],[79.765625,27.20160553593162],[79.81904296875001,27.15692780155662],[79.83798828125003,27.14520905155662],[79.850830078125,27.14105866093162],[79.85761718750001,27.139911199994117],[79.86484375000003,27.139520574994116],[79.91152343750002,27.14838287968162],[79.93017578125,27.14374420780662],[79.95058593750002,27.119012762494116],[79.990234375,27.04962799686912],[80.00830078125,27.026874090619117],[80.012451171875,27.017108465619117],[80.0107421875,27.00641510624412],[80.00722656250002,26.99567291874412],[80.00507812500001,26.985614324994117],[80.00937500000003,26.970721746869117],[80.01992187500002,26.95722077030662],[80.08984375,26.89691803593162],[80.10781250000002,26.87372467655662],[80.114990234375,26.84845612186912],[80.11767578125,26.80390045780662],[80.12167968750003,26.781366278119116],[80.128173828125,26.76215241093162],[80.1416015625,26.74237702030662],[80.16259765625,26.72260162968162],[80.18613281250003,26.707391668744116],[80.231201171875,26.69599030155662],[80.2451171875,26.68195221561912],[80.253173828125,26.662127996869117],[80.26210937500002,26.629901434369117],[80.29052734375,26.570086981244117],[80.296875,26.548700262494116],[80.30576171875003,26.541278387494117],[80.31787109375,26.537372137494117],[80.33066406250003,26.53620026249412],[80.33632812500002,26.530145574994116],[80.34326171875,26.50006744999412],[80.34775390625003,26.488397528119116],[80.4033203125,26.44159577030662],[80.414794921875,26.43622467655662],[80.42626953125,26.43231842655662],[80.50996093750001,26.38104889530662],[80.52597656250003,26.36493561405662],[80.53271484375,26.34894440311912],[80.55332031250003,26.262958074994117],[80.55380859375003,26.251971746869117],[80.558837890625,26.23822662968162],[80.570556640625,26.23261139530662],[80.58437500000002,26.22907135624412],[80.59492187500001,26.22150299686912],[80.599609375,26.21051666874412],[80.59912109375,26.20221588749412],[80.596435546875,26.194110418744117],[80.59492187500001,26.18366119999412],[80.59765625,26.174579168744117],[80.60458984375003,26.169061590619116],[80.62216796875003,26.16010162968162],[80.673095703125,26.11481354374412],[80.6904296875,26.104852606244116],[80.70068359375,26.10382721561912],[80.71875,26.109881903119117],[80.728271484375,26.11163971561912],[80.742919921875,26.11017487186912],[80.75,26.10602448124412],[80.755615234375,26.09955475468162],[80.76552734375002,26.091180731244116],[80.78857421875,26.08063385624412],[80.796875,26.073358465619116],[80.80029296875,26.060419012494116],[80.79794921875003,26.049090887494117],[80.79511718750001,26.04035065311912],[80.79843750000003,26.034051824994116],[80.81396484375,26.02973053593162],[80.83242187500002,26.04791901249412],[80.85341796875002,26.05817291874412],[80.87783203125002,26.06281159061912],[80.90634765625003,26.06391022343162],[80.92578125,26.06659577030662],[80.9619140625,26.07697174686912],[80.98525390625002,26.076922918744117],[81.0107421875,26.07135651249412],[81.03281250000003,26.06098053593162],[81.04833984375,26.044061590619116],[81.05419921875,26.01886627811912],[81.065185546875,26.00031159061912],[81.09042968750003,25.98407623905662],[81.117919921875,25.972284246869123],[81.135498046875,25.967059637494117],[81.16318359375003,25.96295807499412],[81.187255859375,25.95526764530662],[81.2041015625,25.93927643436912],[81.2138671875,25.882831121869117],[81.22451171875002,25.868524481244123],[81.24375000000003,25.860370184369117],[81.29443359375,25.84516022343162],[81.302001953125,25.84076569218162],[81.358642578125,25.786151434369117],[81.36679687500003,25.78082916874412],[81.384033203125,25.77716705936912],[81.392822265625,25.77216217655662],[81.40273437500002,25.758905340619123],[81.40048828125003,25.749530340619117],[81.39199218750002,25.74042389530662],[81.38251953125001,25.72809479374412],[81.376708984375,25.70429108280662],[81.3828125,25.68207428593162],[81.40000000000003,25.66559479374412],[81.44101562500003,25.654901434369123],[81.464111328125,25.636102606244123],[81.478759765625,25.63190338749412],[81.512939453125,25.63117096561912],[81.51513671875,25.62872955936912],[81.515625,25.624530340619117],[81.526123046875,25.60932037968162],[81.53095703125001,25.599725653119123],[81.53896484375002,25.591083074994117],[81.55380859375003,25.58466217655662],[81.566162109375,25.584002996869117],[81.598876953125,25.59088776249412],[81.63007812500001,25.586542059369123],[81.63925781250003,25.574237371869117],[81.642822265625,25.554803778119123],[81.657470703125,25.52948639530662],[81.66367187500003,25.52448151249412],[81.6767578125,25.51984284061912],[81.68408203125,25.51581452030662],[81.70468750000003,25.49469635624412],[81.71689453125003,25.49359772343162],[81.7451171875,25.49579498905662],[81.755859375,25.49127838749412],[81.7783203125,25.47797272343162],[81.79873046875002,25.48065827030662],[81.841796875,25.50214264530662],[81.8857421875,25.51288483280662],[81.907958984375,25.51166412968162],[81.91748046875,25.498407293744123],[81.9130859375,25.47711823124412],[81.904541015625,25.458368231244123],[81.89892578125,25.438348699994123],[81.90322265625002,25.41278717655662],[81.9189453125,25.37628815311912],[81.9375,25.344501043744117],[81.950439453125,25.333758856244117],[81.96992187500001,25.324481512494117],[81.99130859375003,25.320917059369123],[82.00937500000003,25.32709381718162],[82.02548828125003,25.33527252811912],[82.04296875,25.335565496869123],[82.06005859375,25.32904694218162],[82.0751953125,25.31659577030662],[82.082275390625,25.300799871869117],[82.08251953125,25.287713934369123],[82.08837890625,25.27887604374412],[82.11240234375003,25.27558014530662],[82.129150390625,25.282001043744117],[82.15927734375003,25.310174871869123],[82.181396484375,25.31659577030662],[82.191650390625,25.314715887494117],[82.20419921875003,25.30963776249412],[82.21474609375002,25.30206940311912],[82.21923828125,25.29266998905662],[82.21748046875001,25.280389715619123],[82.2138671875,25.27228424686912],[82.208984375,25.264911199994117],[82.20498046875002,25.255145574994117],[82.19619140625002,25.21881744999412],[82.19619140625002,25.20282623905662],[82.20175781250003,25.189960028119117],[82.21640625000003,25.183710028119123],[82.23652343750001,25.18573639530662],[82.273193359375,25.19367096561912],[82.264404296875,25.20355866093162],[82.239013671875,25.213251043744123],[82.225341796875,25.220331121869123],[82.24375000000003,25.23993561405662],[82.25390625,25.257684637494123],[82.26611328125,25.270624090619123],[82.29062500000003,25.27558014530662],[82.31240234375002,25.26312897343162],[82.32763671875,25.215106512494117],[82.348876953125,25.21417877811912],[82.3603515625,25.22492096561912],[82.372314453125,25.253192449994117],[82.383056640625,25.261981512494117],[82.397216796875,25.26080963749412],[82.4140625,25.25263092655662],[82.43017578125,25.241473699994117],[82.44140625,25.231219793744117],[82.47695312500002,25.186151434369123],[82.49677734375001,25.16986725468162],[82.52714843749999,25.15949127811912],[82.551025390625,25.157831121869123],[82.57822265625003,25.16120026249412],[82.5927734375,25.17316315311912],[82.56757812500001,25.217792059369117],[82.5859375,25.22504303593162],[82.615234375,25.22418854374412],[82.636962890625,25.220331121869123],[82.684814453125,25.19367096561912],[82.73007812500003,25.15595123905662],[82.778564453125,25.12494537968162],[82.83554687500003,25.11859772343162],[82.87099609375002,25.137225653119117],[82.92041015625,25.194598699994117],[82.9619140625,25.20673248905662],[82.99589843749999,25.204950262494123],[83.00830078125,25.210711981244117],[83.01992187500002,25.227801824994117],[83.02509765625001,25.24616119999412],[83.02333984375002,25.26239655155662],[83.01650390625002,25.27667877811912],[83.00625000000002,25.28925202030662],[83.04150390625,25.32306549686912],[83.13496093750001,25.326434637494117],[83.17138671875,25.351336981244117],[83.17978515625003,25.37885162968162],[83.17783203125003,25.410272528119123],[83.1630859375,25.436151434369123],[83.1337890625,25.446893621869123],[83.123046875,25.45221588749412],[83.13046875000003,25.464129949994117],[83.15390625000003,25.48444244999412],[83.16162109375,25.49494049686912],[83.17431640625,25.51947662968162],[83.18564453125003,25.52948639530662],[83.21259765625001,25.53522369999412],[83.23349609375003,25.52472565311912],[83.25332031250002,25.509784246869117],[83.29091796875002,25.49787018436912],[83.31171875000001,25.479120184369123],[83.32587890625001,25.474872137494117],[83.342041015625,25.47785065311912],[83.36835937500001,25.49127838749412],[83.383056640625,25.49469635624412],[83.409423828125,25.48700592655662],[83.43671875000001,25.46723053593162],[83.48291015625,25.42304108280662],[83.50722656250002,25.40692780155662],[83.530029296875,25.40192291874412],[83.54384765625002,25.41156647343162],[83.541259765625,25.439471746869117],[83.503173828125,25.489032293744117],[83.49091796875001,25.517108465619117],[83.51025390625,25.52948639530662],[83.536376953125,25.53461334843162],[83.558837890625,25.54779694218162],[83.599609375,25.58405182499412],[83.61708984375002,25.59772369999412],[83.634033203125,25.604022528119117],[83.66416015625003,25.611444403119123],[83.69296875000003,25.61469147343162],[83.70566406250003,25.608270574994123],[83.711181640625,25.601336981244117],[83.72314453125,25.594842840619123],[83.73505859375001,25.58649323124412],[83.740478515625,25.573846746869123],[83.7451171875,25.55097077030662],[83.74941406250002,25.53778717655662],[83.75351562500003,25.52948639530662],[83.77197265625,25.51727936405662],[83.79355468750003,25.515887762494117],[83.83964843749999,25.52204010624412],[83.880859375,25.52204010624412],[83.897705078125,25.52399323124412],[83.904296875,25.529559637494117],[83.90839843750001,25.53815338749412],[83.91796875,25.549335028119117],[83.98193359375,25.589374090619117],[84.00341796875,25.608270574994123],[84.05810546875,25.67377350468162],[84.14345703125002,25.73627350468162],[84.17978515625003,25.745965887494123],[84.212890625,25.72809479374412],[84.21738281250003,25.71356842655662],[84.220458984375,25.695086981244117],[84.22998046875,25.68109772343162],[84.25380859375002,25.679706121869117],[84.2724609375,25.69293854374412],[84.30810546875,25.738641668744123],[84.326171875,25.748553778119117],[84.33974609375002,25.752704168744117],[84.35595703125,25.76056549686912],[84.37265625000003,25.765155340619117],[84.38759765625002,25.75946686405662],[84.41904296875003,25.73078034061912],[84.43798828125,25.718768621869117],[84.46396484375003,25.71198151249412],[84.479736328125,25.703485418744123],[84.48652343750001,25.70075104374412],[84.498779296875,25.699090887494123],[84.560302734375,25.70197174686912],[84.5771484375,25.70001862186912],[84.59580078125003,25.69330475468162],[84.61728515625003,25.702264715619123],[84.668212890625,25.705926824994123],[84.68896484375,25.71723053593162],[84.70937500000002,25.73761627811912],[84.728515625,25.74970123905662],[84.749267578125,25.75336334843162],[84.77509765625001,25.748553778119117],[84.85312500000003,25.712420965619117],[84.88134765625,25.70758698124412],[84.90478515625,25.71149323124412],[84.94921875,25.729510809369117],[84.973876953125,25.73493073124412],[84.996337890625,25.734881903119117],[85.058837890625,25.72809479374412],[85.0859375,25.721063543744123],[85.10205078125,25.70368073124412],[85.1240234375,25.659198309369117],[85.142822265625,25.641864324994117],[85.16259765625,25.638299871869123],[85.18271484375003,25.63764069218162],[85.20986328125002,25.626239324994117],[85.233642578125,25.61957428593162],[85.237060546875,25.61823151249412],[85.24472656250003,25.61359284061912],[85.251953125,25.60309479374412],[85.26123046875,25.58466217655662],[85.2724609375,25.567401434369117],[85.284423828125,25.55426666874412],[85.29931640625,25.546014715619123],[85.319580078125,25.543085028119123],[85.333251953125,25.53766510624412],[85.369384765625,25.513788153119123],[85.38808593750002,25.50836823124412],[85.42138671875,25.51703522343162],[85.4560546875,25.53778717655662],[85.51503906250002,25.58466217655662],[85.55966796875003,25.523456121869117],[85.57656250000002,25.50836823124412],[85.621337890625,25.482049871869123],[85.63427734375,25.47113678593162],[85.65195312500003,25.46344635624412],[85.6708984375,25.46930573124412],[85.7216796875,25.504169012494117],[85.73759765624999,25.51068756718162],[85.75595703125003,25.51459381718162],[85.77880859375,25.51581452030662],[85.83066406250003,25.50495026249412],[85.8720703125,25.47821686405662],[85.94638671875003,25.41278717655662],[85.99697265625002,25.38031647343162],[86.01914062500003,25.359149481244117],[86.0283203125,25.33392975468162],[86.03916015625003,25.33038971561912],[86.08945312500003,25.33197662968162],[86.10410156250003,25.330194403119123],[86.11591796875001,25.33148834843162],[86.16220703125003,25.326190496869117],[86.176025390625,25.32025787968162],[86.185791015625,25.31928131718162],[86.22255859375002,25.32941315311912],[86.2412109375,25.330194403119123],[86.25791015625003,25.32538483280662],[86.2744140625,25.31757233280662],[86.290283203125,25.30670807499412],[86.30615234375,25.29266998905662],[86.318115234375,25.292499090619117],[86.37783203125002,25.31037018436912],[86.4150390625,25.33087799686912],[86.446044921875,25.36188385624412],[86.47021484375,25.39777252811912],[86.48769531250002,25.433221746869123],[86.5068359375,25.462665106244117],[86.534423828125,25.48285553593162],[86.56435546875002,25.485223699994123],[86.59072265625002,25.461200262494117],[86.578857421875,25.41876862186912],[86.57958984375,25.37506744999412],[86.591064453125,25.334979559369117],[86.61123046875002,25.30353424686912],[86.649658203125,25.273065496869123],[86.69384765625,25.25641510624412],[86.73964843750002,25.256366278119117],[86.782470703125,25.27558014530662],[86.834716796875,25.325946356244117],[86.85849609375003,25.34064362186912],[86.867919921875,25.347919012494117],[86.889892578125,25.349969793744123],[86.92041015625,25.33331940311912],[86.97421875000003,25.28925202030662],[86.99619140625003,25.27838776249412],[87.046875,25.268915106244123],[87.07724609375003,25.25421784061912],[87.08779296875002,25.25592682499412],[87.09814453125,25.259784246869117],[87.1083984375,25.261981512494117],[87.123779296875,25.25726959843162],[87.14707031250003,25.23517487186912],[87.159912109375,25.227801824994117],[87.19013671875001,25.23029205936912],[87.21767578125002,25.24835846561912],[87.238525390625,25.275018621869123],[87.24863281250003,25.30353424686912],[87.28212890625002,25.35614655155662],[87.3037109375,25.377069403119123],[87.33154296875,25.38727448124412],[87.34248046875001,25.39581940311912],[87.35107421875,25.39850494999412],[87.35664062500001,25.397821356244123],[87.372314453125,25.393329168744117],[87.382080078125,25.39227936405662],[87.4013671875,25.394403387494123],[87.44384765625,25.40595123905662],[87.478271484375,25.40375397343162],[87.49062500000002,25.399676824994117],[87.50185546875002,25.39227936405662],[87.511962890625,25.381952215619123],[87.51806640625,25.371356512494117],[87.52978515625,25.344501043744117],[87.53574218750003,25.32013580936912],[87.539794921875,25.31659577030662],[87.54970703125002,25.31525299686912],[87.55810546875,25.31195709843162],[87.57021484375002,25.30353424686912],[87.58144531250002,25.28998444218162],[87.588623046875,25.276874090619117],[87.5986328125,25.266717840619123],[87.65957031250002,25.255145574994117],[87.68115234375,25.245477606244123],[87.72607421875,25.25165436405662],[87.74951171875,25.248309637494117],[87.759765625,25.243524481244123],[87.77011718750003,25.23700592655662],[87.77880859375,25.22760651249412],[87.78369140625,25.21417877811912],[87.78339843750001,25.200311590619123],[87.779052734375,25.192010809369123],[87.773193359375,25.184588934369117],[87.76943359375002,25.17316315311912],[87.76865234375003,25.159295965619123],[87.77041015625002,25.14801666874412],[87.77626953125002,25.124774481244117],[87.77646484375003,25.11798737186912],[87.77509765625001,25.10333893436912],[87.77626953125002,25.09686920780662],[87.78095703125001,25.08991119999412],[87.786865234375,25.08759186405662],[87.79257812500003,25.08661530155662],[87.79736328125,25.08380768436912],[87.83554687500003,25.04718659061912],[87.860595703125,25.030780340619117],[87.885498046875,25.022333074994123],[87.89404296875,25.02081940311912],[87.9130859375,25.00372955936912],[87.916259765625,25.00189850468162],[87.935302734375,25.00433991093162],[87.94384765625,25.000604559369123],[87.95429687500001,24.98761627811912],[87.961181640625,24.966180731244123],[87.95810546875003,24.94415924686912],[87.948974609375,24.92413971561912],[87.93701171875,24.90875885624412],[87.914794921875,24.889032293744123],[87.90869140625,24.87836334843162],[87.90664062500002,24.860956121869123],[87.9111328125,24.84442780155662],[87.922119140625,24.826532293744123],[87.947509765625,24.795770574994123],[87.94492187500003,24.75531647343162],[87.95947265625,24.71723053593162],[88.005859375,24.655536199994117],[88.021484375,24.64581940311912],[88.04042968750002,24.640643621869117],[88.05673828125003,24.634295965619117],[88.06689453125,24.613885809369123],[88.08144531250002,24.600116278119117],[88.084716796875,24.59406159061912],[88.084716796875,24.54193756718162],[88.08554687500003,24.53693268436912],[88.08964843749999,24.533221746869117],[88.098388671875,24.522723699994117],[88.11123046875002,24.502069403119123],[88.118896484375,24.494159246869117],[88.13339843750003,24.48248932499412],[88.1513671875,24.471698309369117],[88.171142578125,24.463739324994123],[88.19082031250002,24.46063873905662],[88.22509765625,24.46063873905662],[88.23623046875002,24.462762762494123],[88.25087890625002,24.472186590619117],[88.259765625,24.47431061405662],[88.272216796875,24.474969793744123],[88.28339843750001,24.47711823124412],[88.29287109375002,24.480585028119123],[88.29970703125002,24.485467840619123],[88.307861328125,24.48615143436912],[88.31640625,24.46845123905662],[88.32167968750002,24.462762762494123],[88.328125,24.46063873905662],[88.37949218750003,24.40228912968162],[88.38720703125,24.388788153119123],[88.4052734375,24.371698309369123],[88.42666015625002,24.35700104374412],[88.44443359375003,24.35077545780662],[88.48330078125002,24.35297272343162],[88.506103515625,24.35797760624412],[88.51611328125,24.36749909061912],[88.681396484375,24.33405182499412],[88.71425781250002,24.31561920780662],[88.737060546875,24.28729889530662],[88.74267578125,24.24774811405662],[88.74453125000002,24.243670965619117],[88.7470703125,24.227167059369123],[88.749267578125,24.22345612186912],[88.74609375,24.214227606244123],[88.734375,24.198602606244123],[88.731201171875,24.19000885624412],[88.732177734375,24.182391668744117],[88.73583984375,24.174579168744117],[88.75146484375,24.15265534061912],[88.758056640625,24.14740631718162],[88.782470703125,24.135760809369117],[88.79697265625003,24.125995184369117],[88.80478515625003,24.122088934369117],[88.824462890625,24.11908600468162],[88.8427734375,24.12323639530662],[88.90732421875003,24.150995184369123],[88.9208984375,24.159442449994117],[88.9306640625,24.17157623905662],[88.941162109375,24.17194244999412],[88.95068359375,24.170428778119117],[88.959716796875,24.16705963749412],[88.968994140625,24.161981512494123],[88.97675781250001,24.15595123905662],[88.99990234375002,24.127801824994123],[89.02255859375003,24.107196356244117],[89.03271484375,24.10004303593162],[89.03662109375,24.095331121869123],[89.04042968750002,24.086053778119123],[89.04248046875,24.07807037968162],[89.04541015625,24.070575262494117],[89.05185546875003,24.06232330936912],[89.05927734375001,24.055047918744123],[89.065673828125,24.04706452030662],[89.06972656250002,24.037958074994123],[89.06972656250002,24.027460028119123],[89.06650390625003,24.01483795780662],[89.06503906250003,24.00531647343162],[89.068115234375,23.996454168744123],[89.07753906250002,23.985858465619117],[89.11611328125002,23.95575592655662],[89.137451171875,23.94306061405662],[89.1591796875,23.93353912968162],[89.18642578125002,23.92890045780662],[89.26943359375002,23.936786199994117],[89.29648437500003,23.93500397343162],[89.32138671875003,23.92987702030662],[89.34511718750002,23.92047760624412],[89.37783203125002,23.89996979374412],[89.46728515625,23.864862371869123],[89.489990234375,23.85272858280662],[89.530029296875,23.819452215619123],[89.5556640625,23.814813543744123],[89.57314453125002,23.819940496869123],[89.603271484375,23.837762762494123],[89.61962890625,23.84369537968162],[89.67490234375003,23.84845612186912],[89.70888671875002,23.856805731244123],[89.723388671875,23.855731512494117],[89.753662109375,23.845477606244117],[89.749267578125,23.848016668744123]],[[90.01015625000002,22.490252996869117],[90.011962890625,22.511102606244123],[90.01953125,22.538446356244123],[90.0244140625,22.54828522343162],[90.017822265625,22.56635162968162],[90.014404296875,22.59613678593162],[90.015869140625,22.62775299686912],[90.0244140625,22.65131256718162],[90.01328125000003,22.66730377811912],[90.00996093750001,22.686151434369123],[90.0107421875,22.726434637494123],[90.00673828125002,22.750262762494117],[89.998779296875,22.76886627811912],[89.94287109375,22.857294012494123],[89.92822265625,22.87042877811912],[89.88720703125,22.890252996869123],[89.879638671875,22.896502996869117],[89.85927734375002,22.918231512494117],[89.853271484375,22.92182037968162],[89.838134765625,22.927997137494117],[89.83251953125,22.931903387494117],[89.828125,22.939081121869123],[89.822509765625,22.957294012494117],[89.818359375,22.96662018436912],[89.80488281250001,22.98309967655662],[89.77294921875,23.01032135624412],[89.7568359375,23.028094793744117],[89.73251953125003,23.076288153119123],[89.72265625,23.08954498905662],[89.71474609375002,23.09381744999412],[89.69775390625,23.096942449994117],[89.68916015625001,23.10382721561912],[89.684814453125,23.109979559369123],[89.68173828125003,23.117547918744123],[89.68027343750003,23.126727606244117],[89.68115234375,23.137958074994117],[89.70078125000003,23.122577215619117],[89.7109375,23.11908600468162],[89.71835937500003,23.13336823124412],[89.73378906250002,23.153436590619123],[89.74013671875002,23.15778229374412],[89.75283203125002,23.161737371869123],[89.75595703125003,23.170526434369123],[89.750244140625,23.179803778119123],[89.736328125,23.18512604374412],[89.724609375,23.182489324994123],[89.71621093750002,23.17560455936912],[89.707275390625,23.170038153119123],[89.69482421875,23.17145416874412],[89.68007812500002,23.189227606244117],[89.68320312500003,23.20990631718162],[89.680908203125,23.22699616093162],[89.62763671875001,23.240350653119123],[89.63623046875,23.25531647343162],[89.65625,23.273309637494123],[89.66748046875,23.28876373905662],[89.63759765625002,23.288202215619123],[89.6123046875,23.315204168744117],[89.59755859375002,23.353045965619117],[89.5986328125,23.38495514530662],[89.60595703125,23.38495514530662],[89.60947265625003,23.379413153119117],[89.613525390625,23.375995184369117],[89.62646484375,23.370721746869123],[89.60761718750001,23.45307037968162],[89.5986328125,23.47308991093162],[89.57871093750003,23.490106512494123],[89.548095703125,23.50568268436912],[89.51894531250002,23.508417059369123],[89.5029296875,23.48676178593162],[89.4990234375,23.49262116093162],[89.49648437500002,23.499383856244123],[89.49560546875,23.50665924686912],[89.49677734375001,23.51410553593162],[89.50332031250002,23.51776764530662],[89.51650390625002,23.52741119999412],[89.52578125000002,23.53742096561912],[89.52001953125,23.54205963749412],[89.509765625,23.546649481244117],[89.50380859375002,23.55744049686912],[89.49941406250002,23.57001373905662],[89.49306640625002,23.57990143436912],[89.48046875,23.593036199994117],[89.42099609375003,23.674432684369123],[89.41074218750003,23.679217840619117],[89.397705078125,23.678094793744123],[89.381103515625,23.67340729374412],[89.3525390625,23.671747137494123],[89.31113281250003,23.72016022343162],[89.27656250000001,23.739520574994117],[89.261962890625,23.751825262494123],[89.25595703125003,23.77167389530662],[89.25546875000003,23.806756903119123],[89.24951171875,23.816424871869117],[89.21992187500001,23.84650299686912],[89.21054687500003,23.85370514530662],[89.18759765625003,23.85907623905662],[89.18417968750003,23.86505768436912],[89.1826171875,23.87311432499412],[89.17744140625001,23.88153717655662],[89.15664062500002,23.898456121869117],[89.11376953125,23.926044012494117],[89.1044921875,23.93427155155662],[89.09814453125,23.944208074994123],[89.09726562500003,23.94855377811912],[89.09716796875,23.95246002811912],[89.09619140625,23.95600006718162],[89.08828125000002,23.97833893436912]],[[88.07089843750003,22.234881903119117],[88.07568359375,22.24127838749412],[88.077880859375,22.24884674686912],[88.07958984375,22.26520416874412],[88.08056640625,22.268817449994117],[88.08212890625003,22.27191803593162],[88.0966796875,22.29376862186912],[88.09912109375,22.29938385624412],[88.10302734375,22.31415436405662],[88.105224609375,22.32916901249412],[88.10107421875,22.367206121869117],[88.10693359375,22.383807684369117],[88.12919921874999,22.390643621869117],[88.1396484375,22.39887116093162],[88.13720703125,22.418085028119123],[88.12568359375001,22.455829168744117],[88.133056640625,22.46869537968162],[88.15048828125003,22.47589752811912],[88.1708984375,22.480829168744123],[88.18710937500003,22.486835028119117],[88.19423828125002,22.49542877811912],[88.19980468750003,22.50678131718162],[88.20673828125001,22.516717840619123],[88.21826171875,22.521014715619117],[88.23007812500003,22.520770574994117],[88.23759765624999,22.52179596561912],[88.2412109375,22.526727606244123],[88.242431640625,22.53803131718162],[88.251220703125,22.55365631718162],[88.27197265625,22.55621979374412],[88.296875,22.55402252811912],[88.3173828125,22.55512116093162],[88.34228515625,22.576288153119123],[88.35693359375,22.61261627811912],[88.364013671875,22.65607330936912],[88.36591796875001,22.698504949994117],[88.36279296875,22.721210028119117],[88.34853515625002,22.75800202030662],[88.345458984375,22.77826569218162],[88.34814453125,22.788202215619123],[88.36591796875001,22.815790106244123],[88.37949218750003,22.85675690311912],[88.39794921875,22.896844793744123],[88.40390625000003,22.917108465619123],[88.40927734375003,22.967059637494117],[88.417724609375,22.98651764530662],[88.43105468750002,23.003534246869123],[88.44843750000001,23.021258856244117],[88.4404296875,23.028094793744117],[88.45068359375,23.039081121869117],[88.462158203125,23.03949616093162],[88.47500000000002,23.03754303593162],[88.48876953125,23.041131903119123],[88.4951171875,23.049335028119117],[88.491943359375,23.056756903119123],[88.48164062500001,23.06183502811912],[88.46826171875,23.062860418744123],[88.4736328125,23.074481512494117],[88.49179687500003,23.09699127811912],[88.49560546875,23.10724518436912],[88.4921875,23.11896393436912],[88.483642578125,23.123895574994123],[88.47236328125001,23.12628815311912],[88.4609375,23.130487371869123],[88.447265625,23.142352606244117],[88.447265625,23.154413153119123],[88.46826171875,23.19257233280662],[88.45742187500002,23.212420965619117],[88.4443359375,23.217401434369123],[88.4130859375,23.212420965619117],[88.39218750000003,23.21576569218162],[88.38222656250002,23.22528717655662],[88.36591796875001,23.260858465619123],[88.36025390625002,23.265155340619117],[88.353515625,23.266717840619123],[88.34775390625003,23.269794012494117],[88.345458984375,23.278192449994123],[88.345458984375,23.31610748905662],[88.34365234375002,23.324969793744117],[88.3408203125,23.33380768436912],[88.34267578125002,23.34064362186912],[88.3671875,23.34564850468162],[88.370361328125,23.35175202030662],[88.370361328125,23.360467840619123],[88.3720703125,23.370721746869123],[88.37744140625,23.38361237186912],[88.37900390625003,23.39093659061912],[88.37949218750003,23.401727606244123],[88.37607421875003,23.41412994999412],[88.36826171875003,23.419208074994117],[88.35908203125001,23.42157623905662],[88.352294921875,23.42597077030662],[88.34492187500001,23.433954168744123],[88.34072265625002,23.43756744999412],[88.34130859375,23.44122955936912],[88.35498046875,23.456805731244117],[88.35654296875003,23.46246979374412],[88.35693359375,23.469354559369123],[88.367919921875,23.51178619999412],[88.364990234375,23.52411530155662],[88.352294921875,23.535174871869117],[88.333740234375,23.538202215619123],[88.31298828125,23.53571198124412],[88.294677734375,23.53644440311912],[88.28330078125003,23.548846746869117],[88.304443359375,23.55902741093162],[88.32138671875003,23.57428619999412],[88.32998046875002,23.592157293744123],[88.324951171875,23.61029694218162],[88.28818359375003,23.58209869999412],[88.27646484375003,23.576776434369123],[88.26416015625,23.57660553593162],[88.25263671875001,23.580926824994123],[88.248046875,23.58978912968162],[88.256591796875,23.60346100468162],[88.2392578125,23.633172918744123],[88.235595703125,23.637567449994123],[88.22412109375,23.635272528119117],[88.22294921874999,23.627069403119123],[88.228759765625,23.60687897343162],[88.218994140625,23.60651276249412],[88.16318359375003,23.62396881718162],[88.148193359375,23.634295965619117],[88.14687500000002,23.657733465619117],[88.153076171875,23.683221746869123],[88.15976562500003,23.69965241093162],[88.173583984375,23.71698639530662],[88.20009765625002,23.742206121869117],[88.208251953125,23.761102606244123],[88.22812500000003,23.756463934369123],[88.23779296875,23.774774481244123],[88.240478515625,23.79913971561912],[88.239013671875,23.812616278119123],[88.2275390625,23.826776434369123],[88.2236328125,23.84015534061912],[88.22128906250003,23.870965887494123],[88.20947265625,23.92816803593162],[88.208251953125,23.94977448124412],[88.19873046875,23.97308991093162],[88.20322265625003,23.98114655155662],[88.228759765625,23.980243231244117],[88.228759765625,23.987665106244123],[88.22011718750002,23.990252996869117],[88.194580078125,24.001336981244123],[88.209716796875,24.01569244999412],[88.220703125,24.060663153119123],[88.232177734375,24.07025787968162],[88.256591796875,24.14130280155662],[88.26035156250003,24.228143621869123],[88.25302734375003,24.27142975468162],[88.228759765625,24.288690496869123],[88.231201171875,24.29645416874412],[88.234375,24.30292389530662],[88.239013671875,24.307489324994123],[88.24589843749999,24.309198309369123],[88.25244140625,24.311883856244123],[88.247314453125,24.317645574994117],[88.23876953125,24.32269928593162],[88.235595703125,24.323504949994117],[88.228759765625,24.326190496869117],[88.22216796875,24.32416412968162],[88.217041015625,24.324335028119123],[88.21503906250001,24.333368231244123],[88.21230468750002,24.341424871869123],[88.205322265625,24.34650299686912],[88.17685546875003,24.362323309369117],[88.164794921875,24.365594793744123],[88.15625,24.371698309369123],[88.15292968750003,24.388299871869123],[88.15283203125,24.397235418744117],[88.15009765625001,24.40582916874412],[88.14218750000003,24.408221746869117],[88.12568359375001,24.398553778119123],[88.11279296875,24.40936920780662],[88.11474609375,24.420770574994123],[88.120361328125,24.433221746869123],[88.118896484375,24.44696686405662],[88.10927734375002,24.450946356244117],[88.077880859375,24.456170965619123],[88.071044921875,24.46405670780662],[88.070556640625,24.467401434369123],[88.06533203125002,24.48309967655662],[88.052734375,24.499627996869123],[88.05039062500003,24.504999090619123],[88.0517578125,24.51032135624412],[88.057373046875,24.515887762494117],[88.028076171875,24.547870184369117],[87.94091796875,24.61945221561912],[87.93320312500003,24.63507721561912],[87.92041015625,24.72662994999412],[87.92001953125003,24.782001043744117],[87.93808593750003,24.80573151249412]],[[89.29306640625003,22.59796784061912],[89.29355468750003,22.615106512494123],[89.29248046875,22.625360418744123],[89.295654296875,22.63312409061912],[89.30429687500003,22.637713934369117],[89.29189453125002,22.656122137494123],[89.279052734375,22.66779205936912],[89.26865234375003,22.68158600468162],[89.263427734375,22.705926824994123],[89.30429687500003,22.67865631718162],[89.31171875000001,22.69281647343162],[89.30605468750002,22.700311590619123],[89.2958984375,22.70465729374412],[89.29062500000003,22.709344793744123],[89.284423828125,22.71686432499412],[89.270263671875,22.728143621869123],[89.256103515625,22.736835028119117],[89.249755859375,22.73639557499412],[89.2421875,22.732196356244117],[89.2255859375,22.736444403119123],[89.20126953125003,22.74689362186912],[89.19677734375,22.756463934369123],[89.19375000000002,22.76825592655662],[89.189453125,22.774530340619123],[89.18076171875003,22.76740143436912],[89.174072265625,22.76740143436912],[89.177734375,22.779901434369123],[89.19326171875002,22.80280182499412],[89.19140625,22.81207916874412],[89.18359375,22.81378815311912],[89.17421875000002,22.808368231244117],[89.163818359375,22.800409246869123],[89.153564453125,22.794696356244117],[89.15029296875002,22.80377838749412],[89.15000000000003,22.811639715619123],[89.1533203125,22.817987371869123],[89.16044921874999,22.822626043744123],[89.153564453125,22.830096746869117],[89.1435546875,22.82208893436912],[89.134765625,22.82599518436912],[89.12851562500003,22.837762762494123],[89.126220703125,22.853045965619117],[89.12656250000003,22.86395905155662],[89.12587890625002,22.870624090619117],[89.12177734375001,22.87775299686912],[89.112060546875,22.890252996869123],[89.11572265625,22.892596746869117],[89.11669921875,22.89325592655662],[89.116943359375,22.89435455936912],[89.119384765625,22.89777252811912],[89.13339843750003,22.89008209843162],[89.13681640625003,22.89362213749412],[89.13027343750002,22.930194403119117],[89.123779296875,22.93427155155662],[89.112060546875,22.931903387494117],[89.104736328125,22.93170807499412],[89.09814453125,22.93048737186912],[89.09326171875,22.93427155155662],[89.09140625000003,22.94928619999412],[89.09521484375,22.95331452030662],[89.119384765625,22.96662018436912],[89.1123046875,22.97833893436912],[89.103515625,22.97699616093162],[89.09326171875,22.973016668744123],[89.08154296875,22.97687409061912],[89.076416015625,22.987420965619123],[89.078125,22.99896881718162],[89.085205078125,23.014422918744117],[89.09072265625002,23.03302643436912],[89.09794921874999,23.047381903119117],[89.119384765625,23.07587311405662],[89.106201171875,23.08820221561912],[89.07470703125,23.141376043744117],[89.05117187500002,23.16132233280662],[89.041259765625,23.17352936405662],[89.04736328125,23.17890045780662],[89.0546875,23.183465887494123],[89.049560546875,23.19391510624412],[89.04062500000003,23.205194403119123],[89.036865234375,23.212420965619117],[89.02978515625,23.21491119999412],[89.02714843749999,23.216571356244117],[89.023193359375,23.219842840619123],[89.0126953125,23.209979559369117],[89.00302734375003,23.21283600468162],[88.99677734375001,23.22284577030662],[88.99589843749999,23.234149481244117],[89.00205078125003,23.241961981244117],[89.0126953125,23.25165436405662],[89.020751953125,23.26190827030662],[89.019775390625,23.27142975468162],[89.01513671875,23.28339264530662],[89.01748046875002,23.340204168744123],[89.02207031250003,23.34870026249412],[89.023193359375,23.357049871869123],[89.02109375000003,23.36054108280662],[89.01210937500002,23.36725494999412],[89.009521484375,23.370721746869123],[89.0107421875,23.37348053593162],[89.01416015625,23.37653229374412],[89.01679687500001,23.38019440311912],[89.016357421875,23.38495514530662],[89.00673828125002,23.396502996869117],[88.989990234375,23.41095612186912],[88.974365234375,23.41742584843162],[88.96787109375003,23.40485260624412],[88.97060546875002,23.401385809369117],[88.976318359375,23.39679596561912],[88.9853515625,23.39118073124412],[88.99462890625,23.38837311405662],[88.994873046875,23.38165924686912],[88.989013671875,23.36725494999412],[88.970458984375,23.35846588749412],[88.93300781250002,23.35626862186912],[88.905029296875,23.36225006718162],[88.91396484375002,23.37750885624412],[88.929443359375,23.36945221561912],[88.938232421875,23.38019440311912],[88.93916015625001,23.396502996869117],[88.9306640625,23.40485260624412],[88.90000000000003,23.40326569218162],[88.8935546875,23.40485260624412],[88.889404296875,23.41290924686912],[88.892822265625,23.41950104374412],[88.89990234375,23.424090887494117],[88.9072265625,23.42597077030662],[88.90625,23.436151434369123],[88.90908203125002,23.465350653119117],[88.9072265625,23.47308991093162],[88.895751953125,23.472430731244117],[88.884521484375,23.461542059369123],[88.87441406250002,23.44794342655662],[88.86611328125002,23.438983465619117],[88.834716796875,23.429950262494117],[88.828125,23.448114324994123],[88.8310546875,23.473749090619123],[88.82832031250001,23.48676178593162],[88.80224609375,23.482928778119117],[88.793701171875,23.485223699994123],[88.79052734375,23.49701569218162],[88.7861328125,23.50568268436912],[88.76748046875002,23.524530340619123],[88.7587890625,23.54926178593162],[88.74951171875,23.555926824994117],[88.739990234375,23.56427643436912],[88.73583984375,23.57990143436912],[88.74013671875002,23.58551666874412],[88.75039062500002,23.59064362186912],[88.76992187500002,23.59662506718162],[88.76171875,23.61286041874412],[88.764404296875,23.627069403119123],[88.77412109375001,23.63373444218162],[88.787109375,23.627704168744117],[88.796630859375,23.62653229374412],[88.81162109375003,23.63068268436912],[88.82578125000003,23.636737371869117],[88.83203125,23.64130280155662],[88.824951171875,23.66937897343162],[88.826904296875,23.681170965619117],[88.84189453125003,23.686053778119117],[88.84423828125,23.68378327030662],[88.85000000000002,23.67975494999412],[88.85595703125,23.67804596561912],[88.858642578125,23.682635809369117],[88.86044921875003,23.68451569218162],[88.86953125000002,23.69965241093162],[88.86962890625,23.71381256718162],[88.858642578125,23.80206940311912],[88.858642578125,23.85053131718162],[88.86083984375,23.85443756718162],[88.86611328125002,23.85761139530662],[88.87109375,23.86237213749412],[88.87294921875002,23.870965887494123],[88.86865234375,23.869012762494123],[88.85878906250002,23.872088934369117],[88.845703125,23.878436590619117],[88.86289062500003,23.889520574994123],[88.86269531250002,23.90802643436912],[88.85302734375,23.92536041874412],[88.84189453125003,23.93305084843162],[88.82177734375,23.94000885624412],[88.803955078125,23.953387762494117],[88.78720703125003,23.961688543744117],[88.76992187500002,23.95355866093162],[88.762939453125,23.960467840619117],[88.75537109375,23.96478912968162],[88.74648437500002,23.96674225468162],[88.70849609375,23.966571356244117],[88.70058593750002,23.980487371869117],[88.67919921875,23.983661199994117],[88.653564453125,23.983514715619123],[88.6328125,23.987665106244123],[88.64111328125,24.005731512494123],[88.64667968750001,24.03644440311912],[88.64853515625003,24.06659577030662],[88.64638671875002,24.083270574994117],[88.64296875000002,24.078973699994123],[88.63632812500003,24.07428619999412],[88.6328125,24.07025787968162],[88.626953125,24.086200262494117],[88.62587890625002,24.09845612186912],[88.61972656250003,24.10846588749412],[88.5986328125,24.11737702030662],[88.59121093750002,24.11762116093162],[88.584716796875,24.115741278119117],[88.578125,24.11469147343162],[88.57080078125,24.11737702030662],[88.568603515625,24.122430731244123],[88.5673828125,24.13922760624412],[88.56455078125003,24.14472077030662],[88.5556640625,24.14581940311912],[88.53828125000001,24.136590887494123],[88.52968750000002,24.13788483280662],[88.5234375,24.14411041874412],[88.52490234375,24.14801666874412],[88.52871093750002,24.151971746869123],[88.52968750000002,24.15839264530662],[88.52939453125003,24.16486237186912],[88.53085937500003,24.16815827030662],[88.53173828125,24.171991278119123],[88.52968750000002,24.180047918744123],[88.525634765625,24.18305084843162],[88.51884765624999,24.18451569218162],[88.51259765625002,24.188592840619123],[88.50927734375,24.199335028119123],[88.53964843750003,24.199237371869117],[88.537109375,24.22992584843162],[88.51806640625,24.263446356244117],[88.4990234375,24.27167389530662],[88.48251953125003,24.26447174686912],[88.46621093750002,24.27008698124412],[88.45332031250001,24.28339264530662],[88.44228515625002,24.31464264530662],[88.43007812500002,24.32355377811912],[88.421630859375,24.333270574994117],[88.42910156250002,24.35578034061912]],[[90.39423828125001,22.77484772343162],[90.37929687500002,22.79266998905662],[90.36962890625,22.81683991093162],[90.36533203125003,22.845721746869117],[90.366455078125,22.901239324994123],[90.3701171875,22.904559637494117],[90.37314453125003,22.906268621869117],[90.38466796875002,22.914813543744117],[90.387451171875,22.918231512494117],[90.384765625,22.93378327030662],[90.375,22.94562409061912],[90.364501953125,22.95502350468162],[90.359619140625,22.962909246869117],[90.35595703125,22.97528717655662],[90.346923828125,22.98248932499412],[90.334716796875,22.988544012494117],[90.322021484375,22.99701569218162],[90.31728515625002,23.00458405155662],[90.31943359375003,23.01056549686912],[90.32373046875,23.01581452030662],[90.32529296875003,23.021258856244117],[90.326171875,23.02069733280662],[90.32529296875003,23.03803131718162],[90.31728515625002,23.043475653119117],[90.30185546875003,23.04132721561912],[90.29208984375003,23.042840887494123],[90.30117187500002,23.059100653119117],[90.312255859375,23.06574127811912],[90.32470703125,23.069208074994123],[90.33134765624999,23.075311590619123],[90.32529296875003,23.08954498905662],[90.33212890625003,23.08954498905662],[90.318603515625,23.10602448124412],[90.294189453125,23.116717840619117],[90.2666015625,23.122430731244123],[90.242919921875,23.124286199994117],[90.242919921875,23.130487371869123],[90.253173828125,23.13922760624412],[90.25478515625002,23.14972565311912],[90.25039062500002,23.175165106244123],[90.24589843749999,23.18012116093162],[90.235595703125,23.182635809369117],[90.21542968750003,23.18512604374412],[90.21337890625,23.188006903119117],[90.212158203125,23.19281647343162],[90.20849609375,23.197381903119123],[90.19843750000001,23.19940827030662],[90.18427734375001,23.199969793744117],[90.17744140625001,23.19904205936912],[90.174560546875,23.19599030155662],[90.171630859375,23.179217840619117],[90.17597656250001,23.173602606244117],[90.19169921874999,23.17145416874412],[90.20175781250003,23.177362371869123],[90.212158203125,23.19061920780662],[90.21982421875003,23.20453522343162],[90.22226562500003,23.212420965619117],[90.21259765625001,23.22516510624412],[90.19736328125003,23.23163483280662],[90.18017578125,23.233905340619117],[90.1640625,23.234149481244117],[90.14541015625002,23.236590887494117],[90.14316406250003,23.243280340619123],[90.14541015625002,23.253924871869117],[90.14052734375002,23.26764557499412],[90.128173828125,23.27789948124412],[90.116455078125,23.28034088749412],[90.10800781250003,23.274774481244123],[90.10556640625003,23.260858465619123],[90.098876953125,23.260858465619123],[90.098876953125,23.30182526249412],[90.10556640625003,23.30182526249412],[90.11152343750001,23.29462311405662],[90.12109375,23.29010651249412],[90.1298828125,23.29059479374412],[90.13369140625002,23.29840729374412],[90.13232421875,23.31171295780662],[90.12734375000002,23.33527252811912],[90.126220703125,23.346795965619123],[90.116455078125,23.369159246869117],[90.09531250000003,23.37506744999412],[90.07412109375002,23.377948309369117],[90.064697265625,23.39118073124412],[90.08212890625003,23.388690496869117],[90.09345703125001,23.42755768436912],[90.11240234375003,23.438983465619117],[90.07900390625002,23.488544012494117],[90.0712890625,23.503924871869117],[90.06894531250003,23.51178619999412],[90.06796875000003,23.51984284061912],[90.06904296875001,23.527704168744123],[90.08349609375,23.557733465619123],[90.08750000000003,23.578631903119117]],[[89.35214843750003,21.972284246869123],[89.3525390625,22.000262762494117],[89.35068359375003,22.01227448124412],[89.34531250000003,22.02069733280662],[89.3671875,22.048846746869117],[89.37636718750002,22.06378815311912],[89.38007812500001,22.07904694218162],[89.382080078125,22.08209869999412],[89.3857421875,22.08392975468162],[89.38730468750003,22.086688543744117],[89.383544921875,22.092401434369123],[89.36806640625002,22.103631903119123],[89.36582031250003,22.10602448124412],[89.364013671875,22.112665106244123],[89.35898437500003,22.12079498905662],[89.35146484375002,22.127704168744117],[89.34228515625,22.13056061405662],[89.30576171875003,22.241961981244117],[89.30712890625,22.260126043744123],[89.31796875000003,22.281366278119123],[89.2958984375,22.29108307499412],[89.27529296875002,22.31268952030662],[89.26572265625003,22.337274481244123],[89.27714843749999,22.35590241093162],[89.262451171875,22.368524481244123],[89.2529296875,22.381219793744123],[89.251953125,22.393329168744117],[89.263427734375,22.404315496869117],[89.25507812500001,22.42426178593162],[89.25839843750003,22.44367096561912],[89.27099609375,22.45880768436912],[89.29062500000003,22.46576569218162],[89.26123046875,22.49518463749412],[89.25234375000002,22.51227448124412],[89.249755859375,22.53461334843162],[89.24990234375002,22.545526434369123],[89.2509765625,22.55341217655662],[89.255615234375,22.56134674686912],[89.26679687500001,22.572528387494117],[89.27001953125,22.58075592655662],[89.265625,22.58942291874412],[89.25927734375,22.598260809369123],[89.25595703125003,22.60663483280662],[89.25507812500001,22.626092840619123],[89.25722656250002,22.63349030155662],[89.263427734375,22.637713934369117],[89.27333984375002,22.635614324994123],[89.281982421875,22.62738678593162],[89.28828125000001,22.616473699994117],[89.29062500000003,22.60663483280662],[89.29726562500002,22.589374090619117],[89.31259765625003,22.58698151249412],[89.33066406250003,22.59345123905662],[89.34531250000003,22.602899481244123],[89.35400390625,22.59491608280662],[89.39384765624999,22.57562897343162],[89.40839843750001,22.56232330936912],[89.425537109375,22.533807684369123],[89.42744140625001,22.51630280155662],[89.422119140625,22.50348541874412],[89.420654296875,22.492059637494123],[89.43125000000003,22.464715887494123],[89.44013671875001,22.39899323124412],[89.44150390625003,22.352167059369123],[89.4443359375,22.33405182499412],[89.4541015625,22.317010809369123],[89.47568359375003,22.295038153119123]]]}},{"type":"Feature","properties":{"rank":3},"geometry":{"type":"MultiLineString","coordinates":[[[67.65087890625,23.93121979374412],[67.668701171875,23.943719793744123],[67.7076171875,23.94745514530662],[67.72548828125002,23.95355866093162],[67.73134765625002,23.96515534061912],[67.72890625000002,23.980340887494123],[67.72265625,23.99738190311912],[67.71923828125,24.015008856244123],[67.71982421875,24.04999420780662],[67.71337890625,24.066424871869117],[67.701904296875,24.07855866093162],[67.661376953125,24.10809967655662]],[[67.76015625000002,24.052850653119123],[67.753662109375,24.05414459843162],[67.737890625,24.05695221561912],[67.72373046875,24.06293366093162],[67.71337890625,24.066424871869117]],[[67.9267578125,23.98493073124412],[67.91953125,23.965106512494117],[67.91552734375,23.96088287968162],[67.91015625,23.95770905155662],[67.884033203125,23.952167059369117],[67.87568359375001,23.949090887494123],[67.8681640625,23.94452545780662],[67.86269531250002,23.938006903119117],[67.86083984375,23.932391668744117],[67.85751953125,23.91535065311912],[67.85751953125,23.90949127811912]],[[67.95634765625002,23.99945709843162],[67.96669921875002,24.005243231244123],[67.97314453125,24.01093170780662],[67.9814453125,24.01593659061912],[67.99072265625,24.018573309369117],[67.999267578125,24.01874420780662],[68.007080078125,24.01593659061912],[68.013916015625,24.009637762494123],[68.01884765625002,24.001483465619117],[68.02001953125,23.99457428593162],[68.0166015625,23.97894928593162],[68.016357421875,23.96808502811912],[68.0220703125,23.949335028119123],[68.02451171875,23.93366119999412]],[[79.42978515625003,32.744989324994116],[79.46152343750003,32.707391668744116],[79.67626953125,32.511590887494116],[79.71962890625002,32.45246002811912],[79.734619140625,32.44391510624412]],[[79.437255859375,32.73810455936912],[79.42236328125,32.75270416874412],[79.39931640625002,32.79274323124412],[79.35693359375,32.850702215619116],[79.33642578125,32.86041901249412],[79.327392578125,32.86847565311912],[79.31787109375,32.90827057499412],[79.30859375,32.92816803593162],[79.28925781250001,32.93678619999412],[79.28427734375003,32.940057684369116],[79.273681640625,32.95460846561912],[79.26884765624999,32.95783112186912],[79.224365234375,32.97089264530662],[79.181884765625,32.98932526249412],[79.15234375,33.01539948124412],[79.100830078125,33.08075592655662],[78.955322265625,33.20123932499412],[78.935791015625,33.21112702030662],[78.924072265625,33.21283600468162],[78.9150390625,33.21039459843162],[78.906982421875,33.20673248905662],[78.89853515625003,33.20490143436912],[78.79775390625002,33.15309479374412],[78.78652343750002,33.14996979374412],[78.77187500000002,33.14967682499412],[78.76083984375003,33.15228912968162],[78.734375,33.16327545780662],[78.7109375,33.16535065311912],[78.59238281250003,33.207879949994116],[78.57666015625,33.21112702030662],[78.570556640625,33.21649811405662],[78.55908203125,33.24042389530662],[78.54873046875002,33.24586823124412],[78.53828125000001,33.24757721561912],[78.51123046875,33.25954010624412],[78.43349609375002,33.28241608280662],[78.40625,33.299432684369116],[78.36630859375003,33.34406159061912],[78.35302734375,33.35468170780662],[78.33583984375002,33.36029694218162],[78.30947265625002,33.361932684369116],[78.291015625,33.36549713749412],[78.27656250000001,33.37428619999412],[78.251708984375,33.39667389530662],[78.19580078125,33.43287994999412],[78.16259765625,33.46185944218162],[78.15224609375002,33.46893952030662],[78.14912109375001,33.479852606244116],[78.15839843750001,33.52533600468162],[78.15781250000003,33.547967840619116],[78.14980468750002,33.566522528119116],[78.13134765625,33.57423737186912],[78.100830078125,33.57782623905662],[78.09248046875001,33.58839752811912],[78.0908203125,33.60553619999412],[78.079833984375,33.62885162968162],[78.06699218750003,33.63812897343162],[78.0224609375,33.65944244999412],[78.0078125,33.66359284061912],[77.99648437500002,33.673944403119116],[77.958740234375,33.72284577030662],[77.94257812500001,33.73871491093162],[77.88417968750002,33.769159246869116],[77.870361328125,33.77345612186912],[77.8583984375,33.780389715619116],[77.73388671875,33.921991278119116],[77.660400390625,34.02931549686912],[77.59326171875,34.08815338749412],[77.55615234375,34.11347077030662],[77.5341796875,34.12453034061912],[77.50527343750002,34.131219793744116],[77.49755859375,34.13507721561912],[77.48886718750003,34.13690827030662],[77.466552734375,34.13043854374412],[77.43359375,34.12848541874412],[77.42128906250002,34.12909577030662],[77.33935546875,34.16017487186912],[77.333740234375,34.18239166874412],[77.319580078125,34.196161199994116],[77.299560546875,34.202997137494116],[77.27734375,34.204217840619116],[77.272705078125,34.202020574994116],[77.26914062500003,34.19337799686912],[77.263671875,34.19118073124412],[77.257080078125,34.19183991093162],[77.252197265625,34.19391510624412],[77.248046875,34.19623444218162],[77.23349609375003,34.201288153119116],[77.217041015625,34.20990631718162],[77.19677734375,34.21295807499412],[77.18408203125,34.21649811405662],[77.1728515625,34.22199127811912],[77.16796875,34.22902252811912],[77.1640625,34.23737213749412],[77.15468750000002,34.23725006718162],[77.14345703125002,34.23390534061912],[77.13388671875003,34.23212311405662],[77.11269531250002,34.23756744999412],[77.07070312500002,34.25556061405662],[77.04335937500002,34.26198151249412],[77.0361328125,34.26886627811912],[77.032470703125,34.27882721561912],[77.031494140625,34.29079010624412],[76.989990234375,34.30787994999412],[76.904296875,34.30787994999412],[76.8876953125,34.311151434369116],[76.8427734375,34.33034088749412],[76.78857421875,34.371698309369116],[76.772705078125,34.389520574994116],[76.770263671875,34.403436590619116],[76.73769531250002,34.42426178593162],[76.69404296875001,34.44122955936912],[76.68447265625002,34.44782135624412],[76.62509765625003,34.51881744999412],[76.61181640625,34.54266998905662],[76.60009765625,34.55426666874412],[76.58437500000002,34.56329987186912],[76.5380859375,34.57477448124412],[76.5234375,34.582635809369116],[76.490234375,34.60890534061912],[76.449462890625,34.63141510624412],[76.43505859375,34.636835028119116],[76.387451171875,34.64411041874412],[76.37294921875002,34.64984772343162],[76.37294921875002,34.64362213749412],[76.334228515625,34.65797760624412],[76.31679687500002,34.66779205936912],[76.30087890625003,34.68085358280662],[76.24267578125,34.74603912968162],[76.234375,34.752313543744116],[76.22089843750001,34.76032135624412],[76.21533203125,34.76654694218162],[76.21035156250002,34.77736237186912],[76.20322265625003,34.80255768436912],[76.18984375000002,34.82990143436912],[76.19033203125002,34.85304596561912],[76.19541015625003,34.87518952030662],[76.20166015625,34.89069244999412],[76.20634765624999,34.897088934369116],[76.218017578125,34.90851471561912],[76.22275390625003,34.917352606244116],[76.224853515625,34.93141510624412],[76.221923828125,34.941034246869116],[76.21748046875001,34.94818756718162],[76.21533203125,34.95490143436912],[76.210205078125,34.95892975468162],[76.185791015625,34.96510651249412],[76.177734375,34.968866278119116],[76.15029296875002,34.98927643436912],[76.12324218750001,35.01637604374412],[76.07558593750002,35.051141668744116],[76.061279296875,35.06647369999412],[76.05263671875002,35.07257721561912],[76.04111328125003,35.07501862186912],[76.03828125000001,35.077020574994116],[76.03652343750002,35.08759186405662],[76.03427734375003,35.092401434369116],[76.02744140625003,35.096063543744116],[76.01123046875,35.09454987186912],[76.003662109375,35.09613678593162],[75.95742187500002,35.14826080936912],[75.9453125,35.15700104374412],[75.921630859375,35.16554596561912],[75.91494140625002,35.18561432499412],[75.915625,35.20856354374412],[75.91425781250001,35.22584869999412],[75.907958984375,35.23444244999412],[75.90087890625,35.23847077030662],[75.8935546875,35.24127838749412],[75.886962890625,35.24635651249412],[75.88251953125001,35.254266668744116],[75.874609375,35.27594635624412],[75.859375,35.30304596561912],[75.853759765625,35.32404205936912],[75.84326171875,35.34137604374412],[75.81796875,35.34938385624412],[75.797119140625,35.343377996869116],[75.76806640625,35.31447174686912],[75.746337890625,35.30780670780662],[75.72646484375002,35.30805084843162],[75.7212890625,35.31105377811912],[75.712158203125,35.31837799686912],[75.699951171875,35.322870184369116],[75.68916015625001,35.31915924686912],[75.67861328125002,35.31232330936912],[75.667236328125,35.30780670780662],[75.63593750000001,35.31415436405662],[75.486083984375,35.41559479374412],[75.4693359375,35.43109772343162],[75.46240234375,35.44806549686912],[75.4517578125,35.46015045780662],[75.42714843750002,35.47113678593162],[75.39951171875,35.476678778119116],[75.37978515625002,35.472284246869116],[75.36279296875,35.48590729374412],[75.35244140625002,35.50531647343162],[75.34707031250002,35.52785065311912],[75.345703125,35.55109284061912],[75.33935546875,35.575311590619116],[75.3232421875,35.58563873905662],[75.10546875,35.60260651249412],[75.0859375,35.60175202030662],[75.07998046875002,35.60358307499412],[75.07070312500002,35.60944244999412],[75.0615234375,35.61884186405662],[75.05576171875,35.62787506718162],[75.04824218750002,35.634637762494116],[75.033203125,35.637323309369116],[74.9892578125,35.64008209843162],[74.96728515625,35.64430573124412],[74.94833984375,35.650995184369116],[74.93857421875,35.65717194218162],[74.9205078125,35.678338934369116],[74.88974609375,35.70192291874412],[74.87246093750002,35.71173737186912],[74.85009765625,35.71686432499412],[74.772705078125,35.71796295780662],[74.762939453125,35.71930573124412],[74.74521484375,35.72413971561912],[74.73974609375,35.72833893436912],[74.742431640625,35.74970123905662],[74.74746093750002,35.768670965619116],[74.7470703125,35.77716705936912],[74.724609375,35.786004949994116],[74.722900390625,35.79828522343162],[74.72861328125,35.82233307499412],[74.7265625,35.83637116093162],[74.724609375,35.84157135624412],[74.65673828125,35.84284088749412],[74.638916015625,35.83637116093162],[74.63046875,35.82086823124412],[74.629150390625,35.80243561405662],[74.63251953125001,35.78693268436912],[74.63916015625,35.77736237186912],[74.64501953125,35.77558014530662],[74.648193359375,35.77289459843162],[74.64687500000002,35.76027252811912],[74.6412109375,35.75946686405662],[74.6294921875,35.74953034061912],[74.6216796875,35.737909246869116],[74.629150390625,35.73236725468162],[74.63515625000002,35.72870514530662],[74.64404296875,35.720086981244116],[74.65048828125,35.71002838749412],[74.64990234375,35.70192291874412],[74.611328125,35.671502996869116],[74.60947265625,35.660516668744116],[74.611328125,35.649530340619116],[74.624267578125,35.62013580936912],[74.628662109375,35.61371491093162],[74.631591796875,35.60621979374412],[74.63251953125001,35.527460028119116],[74.607177734375,35.49579498905662],[74.564697265625,35.48366119999412],[74.51669921875,35.478143621869116],[74.474853515625,35.46608307499412],[74.4595703125,35.45355866093162],[74.443603515625,35.43744537968162],[74.42568359375002,35.42352936405662],[74.403564453125,35.41766998905662],[74.31787109375,35.41766998905662],[74.27001953125,35.42755768436912],[74.2466796875,35.42670319218162],[74.20703125,35.404901434369116],[74.18339843750002,35.40265534061912],[74.1591796875,35.40534088749412],[74.1396484375,35.41083405155662],[74.12929687500002,35.41718170780662],[74.10908203125001,35.43353912968162],[74.09814453125,35.43817780155662],[74.08759765625001,35.437860418744116],[74.046875,35.43134186405662],[74.02978515625,35.43427155155662],[73.9677734375,35.458612371869116],[73.923095703125,35.48969147343162],[73.91083984375001,35.49408600468162],[73.8623046875,35.49274323124412],[73.8369140625,35.49725983280662],[73.756103515625,35.527460028119116],[73.627197265625,35.54347565311912],[73.56357421875,35.54230377811912],[73.50234375000002,35.53436920780662],[73.463134765625,35.55812409061912],[73.43994140625,35.56220123905662],[73.39589843750002,35.54352448124412],[73.343994140625,35.548944403119116],[73.32343750000001,35.54804108280662],[73.31240234375002,35.54157135624412],[73.30771484375,35.53351471561912],[73.3037109375,35.51325104374412],[73.30410156250002,35.512079168744116],[73.29833984375,35.48627350468162],[73.296875,35.48285553593162],[73.294677734375,35.47394440311912],[73.285400390625,35.45343659061912],[73.283203125,35.44122955936912],[73.2802734375,35.43483307499412],[73.26669921875,35.414178778119116],[73.2626953125,35.40399811405662],[73.2626953125,35.343133856244116],[73.26015625000002,35.33742096561912],[73.25107421875,35.32496979374412],[73.2490234375,35.31837799686912],[73.258544921875,35.30658600468162],[73.276123046875,35.29816315311912],[73.285400390625,35.28522369999412],[73.26943359375002,35.26002838749412],[73.25068359375001,35.24872467655662],[73.201904296875,35.233270574994116],[73.11865234375,35.18488190311912],[73.05322265625,35.12653229374412],[73.038818359375,35.11652252811912],[73.00400390625,35.09906647343162],[72.98828125,35.08869049686912],[72.95087890625001,35.05072662968162],[72.927978515625,35.03493073124412],[72.9091796875,35.03778717655662],[72.89951171875,35.04249909061912],[72.89199218750002,35.036981512494116],[72.88710937500002,35.02667877811912],[72.88525390625,35.01666901249412],[72.88808593750002,35.00897858280662],[72.89384765625002,35.00197174686912],[72.89882812500002,34.992792059369116],[72.89892578125,34.97882721561912],[72.891357421875,34.96185944218162],[72.869384765625,34.92902252811912],[72.86484375,34.90680573124412],[72.872314453125,34.89203522343162],[72.890625,34.88471100468162],[72.93359375,34.87641022343162],[72.96914062500002,34.856561590619116],[72.986328125,34.84010651249412],[72.984619140625,34.82489655155662],[72.9755859375,34.821893621869116],[72.962890625,34.82037994999412],[72.95166015625,34.81769440311912],[72.94677734375,34.81154205936912],[72.94375000000002,34.80658600468162],[72.92714843750002,34.78754303593162],[72.91943359375,34.78082916874412],[72.88808593750002,34.77150299686912],[72.854736328125,34.76930573124412],[72.824462890625,34.76080963749412],[72.802734375,34.73244049686912],[72.80068359375002,34.71723053593162],[72.8095703125,34.67409088749412],[72.80488281250001,34.65717194218162],[72.785400390625,34.63746979374412],[72.78164062500002,34.62250397343162]],[[72.70693359375002,34.08551666874412],[72.66748046875,34.059198309369116],[72.65185546875,34.04352448124412],[72.645751953125,34.02326080936912],[72.63320312500002,34.013788153119116],[72.60498046875,34.01337311405662],[72.509521484375,34.02265045780662],[72.46748046875001,34.02045319218162],[72.4306640625,34.01129791874412],[72.398681640625,33.99318268436912],[72.36669921875,33.969354559369116],[72.348388671875,33.96100494999412],[72.25498046875,33.94440338749412],[72.24033203125,33.93793366093162],[72.225830078125,33.901239324994116],[72.24130859375,33.804803778119116],[72.23408203125001,33.765985418744116],[72.22314453125,33.77423737186912],[72.21083984375002,33.776483465619116],[72.1982421875,33.77350494999412],[72.18642578125002,33.765985418744116],[72.171875,33.773065496869116],[72.152587890625,33.77728912968162],[72.11474609375,33.779657293744116],[72.08740234375,33.789911199994116],[72.08291015625002,33.78815338749412],[72.06289062500002,33.765985418744116],[72.05283203125,33.760858465619116],[72.03173828125,33.75397369999412],[72.02187500000002,33.74616119999412],[72.01015625000002,33.71600983280662],[72.0048828125,33.71137116093162],[71.9990234375,33.70343659061912],[71.97929687500002,33.66449616093162],[71.97412109375,33.64996979374412],[71.97177734375,33.59821198124412],[71.953125,33.57050202030662],[71.95302734375002,33.55988190311912],[71.95556640625,33.54713776249412],[71.95302734375002,33.52643463749412],[71.94472656250002,33.51564362186912],[71.90175781250002,33.48854401249412],[71.8970703125,33.48163483280662],[71.89248046875002,33.46796295780662],[71.88818359375,33.46124909061912],[71.87939453125,33.45184967655662],[71.87353515625,33.443475653119116],[71.87255859375,33.43451569218162],[71.8779296875,33.42340729374412],[71.8677734375,33.42084381718162],[71.86337890625,33.41530182499412],[71.859375,33.40875885624412],[71.8505859375,33.40350983280662],[71.841796875,33.40216705936912],[71.812744140625,33.40350983280662],[71.79677734375002,33.400018621869116],[71.74072265625,33.37555573124412],[71.72314453125,33.35524323124412],[71.72236328125001,33.33612702030662],[71.72500000000002,33.31867096561912],[71.71689453125,33.303583074994116],[71.7046875,33.28961823124412],[71.698974609375,33.27252838749412],[71.70322265625,33.25653717655662],[71.72089843750001,33.24586823124412],[71.712890625,33.24586823124412],[71.7265625,33.23114655155662],[71.74072265625,33.21942780155662],[71.75107421875,33.20538971561912],[71.75439453125,33.18378327030662],[71.74951171875,33.163446356244116],[71.740234375,33.14996979374412],[71.72958984375,33.13971588749412],[71.72089843750001,33.12916901249412],[71.712890625,33.11085846561912],[71.7109375,33.09430573124412],[71.712890625,33.054071356244116],[71.71875,33.03717682499412],[71.71845703125001,33.029413153119116],[71.699462890625,33.022821356244116],[71.69404296875001,33.01508209843162],[71.690673828125,33.005975653119116],[71.68544921875002,32.99884674686912],[71.64931640625002,32.978631903119116],[71.611083984375,32.96405670780662],[71.59951171875002,32.96185944218162],[71.57275390625,32.96063873905662],[71.5494140625,32.95416901249412],[71.55166015625002,32.95558502811912],[71.54189453125002,32.95294830936912],[71.5337890625,32.949090887494116],[71.526953125,32.94337799686912],[71.5126953125,32.92018463749412],[71.50673828125002,32.91481354374412],[71.49814453125,32.91071198124412],[71.4619140625,32.89796784061912],[71.447998046875,32.88727448124412],[71.4375,32.86896393436912],[71.4302734375,32.84254791874412],[71.426025390625,32.83454010624412],[71.40908203125002,32.81642487186912],[71.405029296875,32.808954168744116],[71.403076171875,32.79010651249412],[71.412841796875,32.75311920780662],[71.4140625,32.73439362186912],[71.41171875,32.72565338749412],[71.40771484375,32.71876862186912],[71.40244140625,32.71332428593162],[71.39609375,32.70900299686912],[71.36416015625002,32.69501373905662],[71.3544921875,32.68891022343162],[71.340576171875,32.673700262494116],[71.33144531250002,32.65607330936912],[71.32587890625001,32.63678619999412],[71.32275390625,32.61647369999412],[71.32343750000001,32.59357330936912],[71.3296875,32.57428619999412],[71.34804687500002,32.535272528119116],[71.350830078125,32.525018621869116],[71.34658203125002,32.43231842655662],[71.340576171875,32.41510651249412],[71.33144531250002,32.399286199994116],[71.29384765625002,32.35614655155662],[71.28339843750001,32.33991119999412],[71.27871093750002,32.32233307499412],[71.2783203125,32.30202057499412],[71.27646484375,32.292596746869116],[71.27187500000002,32.282831121869116],[71.251953125,32.254510809369116],[71.24716796875,32.243524481244116],[71.23652343750001,32.20184967655662],[71.228759765625,32.181756903119116],[71.215576171875,32.16547272343162],[71.20673828125001,32.15968659061912],[71.17763671875002,32.14716217655662],[71.16787109375002,32.14081452030662],[71.132080078125,32.105829168744116],[71.12343750000002,32.09406159061912],[71.1171875,32.08112213749412],[71.11464843750002,32.066522528119116],[71.11435546875,32.047479559369116],[71.1123046875,32.03900787968162],[71.10693359375,32.03053619999412],[71.07021484375002,31.99909088749412],[71.0546875,31.982196356244117],[71.036865234375,31.940204168744117],[71.023046875,31.92584869999412],[71.00732421875,31.91290924686912],[70.9927734375,31.89789459843162],[70.9833984375,31.879266668744116],[70.973876953125,31.83869049686912],[70.966796875,31.81891510624412],[70.923583984375,31.74445221561912],[70.90576171875,31.721454168744117],[70.89931640625002,31.709588934369116],[70.89931640625002,31.69513580936912],[70.90419921875002,31.678827215619116],[70.90468750000002,31.67291901249412],[70.9033203125,31.663690496869116],[70.8267578125,31.48944733280662],[70.801025390625,31.45368073124412],[70.79541015625,31.440936590619117],[70.79140625000002,31.42633698124412],[70.78818359375,31.379657293744117],[70.76748046875002,31.26398346561912],[70.76806640625,31.24982330936912],[70.771484375,31.235956121869116],[70.78164062500002,31.20929596561912],[70.784423828125,31.19513580936912],[70.788818359375,31.13825104374412],[70.79335937500002,31.12543366093162],[70.8140625,31.09162018436912],[70.818603515625,31.078143621869117],[70.83583984375002,30.97760651249412],[70.835205078125,30.948260809369117],[70.82900390625002,30.91986725468162],[70.8193359375,30.88385651249412],[70.814697265625,30.872674871869116],[70.796875,30.84674713749412],[70.76552734375002,30.81305573124412],[70.75722656250002,30.80170319218162],[70.751708984375,30.78900787968162],[70.75,30.774432684369117],[70.751220703125,30.76642487186912],[70.75996093750001,30.74433014530662],[70.76210937500002,30.736835028119117],[70.76572265625,30.695086981244117],[70.77138671875002,30.67731354374412],[70.78076171875,30.66132233280662],[70.814453125,30.62543366093162],[70.830322265625,30.59943268436912],[70.84169921875002,30.57099030155662],[70.84804687500002,30.542010809369117],[70.84970703125,30.522333074994116],[70.84902343750002,30.50299713749412],[70.845458984375,30.48407623905662],[70.835546875,30.45697662968162],[70.829833984375,30.41657135624412],[70.815185546875,30.36395905155662],[70.81103515625,30.35614655155662],[70.80517578125,30.349725653119116],[70.78505859375002,30.33746979374412],[70.779541015625,30.33136627811912],[70.7740234375,30.31586334843162],[70.77509765625001,30.298456121869116],[70.780517578125,30.28143952030662],[70.80185546875,30.237665106244116],[70.812255859375,30.22565338749412],[70.81591796875,30.219501043744117],[70.81728515625002,30.21051666874412],[70.81640625,30.20246002811912],[70.805419921875,30.171014715619116],[70.8037109375,30.16229889530662],[70.80185546875,30.10944244999412],[70.80615234375,30.093524481244117],[70.83505859375,30.05341217655662],[70.8388671875,30.01837799686912],[70.834228515625,29.946893621869116],[70.83544921875,29.93866608280662],[70.84326171875,29.91657135624412],[70.8447265625,29.90802643436912],[70.84414062500002,29.89996979374412],[70.82998046875002,29.854754949994117],[70.82373046875,29.841424871869116],[70.81298828125,29.82941315311912],[70.805419921875,29.824969793744117],[70.78847656250002,29.819110418744117],[70.78076171875,29.81452057499412],[70.77509765625001,29.80890534061912],[70.770751953125,29.80243561405662],[70.76767578125,29.795282293744116],[70.76318359375,29.77167389530662],[70.760498046875,29.765008856244116],[70.75507812500001,29.75812409061912],[70.728271484375,29.73212311405662],[70.701171875,29.696649481244116],[70.68916015625001,29.686151434369116],[70.6689453125,29.673358465619117],[70.6630859375,29.66828034061912],[70.65869140625,29.661249090619116],[70.65341796875,29.63727448124412],[70.6353515625,29.60065338749412],[70.6337890625,29.59198639530662],[70.633544921875,29.58246491093162],[70.6357421875,29.564081121869116],[70.64453125,29.54596588749412],[70.659423828125,29.537372137494117],[70.6767578125,29.531366278119116],[70.69287109375,29.52118561405662],[70.70029296875,29.50604889530662],[70.7021484375,29.48615143436912],[70.7001953125,29.44818756718162],[70.701171875,29.43842194218162],[70.7041015625,29.43109772343162],[70.71464843750002,29.416620184369116],[70.71884765625,29.408221746869117],[70.7203125,29.39960358280662],[70.71923828125,29.390741278119116],[70.71630859375,29.381463934369116],[70.708740234375,29.36664459843162],[70.68056640625002,29.32453034061912],[70.67626953125,29.307635809369117],[70.675390625,29.27240631718162],[70.672119140625,29.25470612186912],[70.668701171875,29.248065496869117],[70.659423828125,29.236444403119116],[70.648193359375,29.215106512494117],[70.64931640625002,29.187274481244117],[70.651953125,29.17389557499412],[70.66162109375,29.148211981244117],[70.66787109375002,29.12360260624412],[70.66787109375002,29.08380768436912],[70.665283203125,29.07062409061912],[70.66015625,29.05878327030662],[70.65214843750002,29.049676824994116],[70.641845703125,29.043817449994116],[70.63037109375,29.04035065311912],[70.59072265625002,29.03363678593162],[70.57753906250002,29.029657293744116],[70.5650390625,29.02326080936912],[70.5552734375,29.015399481244117],[70.5259765625,28.97589752811912],[70.47597656250002,28.92267487186912],[70.466064453125,28.916131903119116],[70.4365234375,28.91156647343162],[70.404052734375,28.91559479374412],[70.3736328125,28.91461823124412],[70.35009765625,28.895135809369116],[70.345458984375,28.883417059369116],[70.339111328125,28.85895416874412],[70.33388671875002,28.847528387494116],[70.32626953125,28.83795807499412],[70.2763671875,28.792499090619117],[70.25234375000002,28.777606512494117],[70.15673828125,28.74542877811912],[70.144140625,28.73895905155662],[70.13271484375002,28.72894928593162],[70.10732421875002,28.692401434369117],[70.09580078125,28.682635809369117],[70.0546875,28.666620184369116],[70.04306640625,28.65924713749412],[70.037353515625,28.650262762494116],[70.03554687500002,28.639276434369116],[70.03652343750002,28.62592194218162],[70.028564453125,28.597919012494117],[70.00302734375,28.58673737186912],[69.94091796875,28.581659246869116],[69.9267578125,28.57697174686912],[69.9150390625,28.56952545780662],[69.8935546875,28.55011627811912],[69.88251953125001,28.542254949994117],[69.87119140625,28.538446356244116],[69.82363281250002,28.53351471561912],[69.8017578125,28.528436590619116],[69.781005859375,28.52045319218162],[69.76220703125,28.50910065311912],[69.7525390625,28.499872137494116],[69.746337890625,28.489764715619117],[69.72470703125,28.41608307499412],[69.716552734375,28.40119049686912],[69.708251953125,28.391864324994117],[69.6783203125,28.374627996869116],[69.669189453125,28.36603424686912],[69.6626953125,28.355487371869117],[69.652587890625,28.332391668744116],[69.64501953125,28.32062409061912],[69.58535156250002,28.25861237186912],[69.57333984375,28.250262762494117],[69.5611328125,28.24567291874412],[69.5357421875,28.23969147343162],[69.52353515625,28.234979559369116],[69.5,28.220819403119116],[69.48779296875,28.21600983280662],[69.473876953125,28.21539948124412],[69.43271484375,28.23187897343162],[69.41953125,28.232440496869117],[69.41054687500002,28.22577545780662],[69.40566406250002,28.21417877811912],[69.40048828125,28.18964264530662],[69.395751953125,28.176044012494117],[69.38876953125,28.162958074994116],[69.37900390625,28.152362371869117],[69.36591796875001,28.14630768436912],[69.33828125000002,28.15045807499412],[69.31201171875,28.16400787968162],[69.2880859375,28.16974518436912],[69.26708984375,28.15070221561912],[69.259375,28.13812897343162],[69.2505859375,28.12933991093162],[69.23935546875,28.12409088749412],[69.224365234375,28.121942449994116],[69.19482421875,28.12189362186912],[69.18076171875,28.118768621869116],[69.169189453125,28.11017487186912],[69.162841796875,28.098504949994116],[69.1533203125,28.07343170780662],[69.144775390625,28.06281159061912],[69.13134765625,28.056170965619117],[69.116943359375,28.05499909061912],[69.07431640625,28.06427643436912],[69.061279296875,28.06561920780662],[69.0484375,28.06513092655662],[69.034912109375,28.06268952030662],[69.03623046875,28.034930731244117],[69.03554687500002,28.03058502811912],[69.026123046875,28.00177643436912],[69.02187500000002,27.99249909061912],[69.01611328125,27.98407623905662],[68.99892578125002,27.97211334843162],[68.98085937500002,27.970965887494117],[68.932861328125,27.98590729374412],[68.92783203125,27.98651764530662],[68.92255859375001,27.98432037968162],[68.918701171875,27.97968170780662],[68.91748046875,27.974237371869116],[68.918212890625,27.96845123905662],[68.92041015625,27.962909246869117],[68.9267578125,27.952997137494116],[68.94296875,27.936151434369116],[68.94960937500002,27.926288153119117],[68.95361328125,27.91522858280662],[68.955078125,27.90375397343162],[68.95351562500002,27.88043854374412],[68.949951171875,27.868280340619116],[68.943115234375,27.86163971561912],[68.933203125,27.85858795780662],[68.8951171875,27.85370514530662],[68.88271484375002,27.84943268436912],[68.87324218750001,27.84259674686912],[68.870361328125,27.837909246869117],[68.86259765625002,27.82001373905662],[68.8609375,27.813592840619116],[68.86074218750002,27.80756256718162],[68.863037109375,27.79498932499412],[68.8779296875,27.78253815311912],[68.884033203125,27.78241608280662],[68.89072265625,27.78021881718162],[68.89609375,27.776141668744117],[68.898193359375,27.770526434369117],[68.91787109375002,27.76642487186912],[68.940673828125,27.758661199994116],[68.95556640625,27.745868231244117],[68.9517578125,27.726434637494116],[68.9326171875,27.71027252811912],[68.882080078125,27.69147369999412],[68.83583984375002,27.667987371869117],[68.81337890625002,27.663104559369117],[68.791015625,27.66693756718162],[68.76884765625002,27.68073151249412],[68.74990234375002,27.699725653119117],[68.734375,27.721698309369117],[68.717041015625,27.766864324994117],[68.69921875,27.78485748905662],[68.676513671875,27.79035065311912],[68.657958984375,27.78168366093162],[68.652099609375,27.757196356244116],[68.6552734375,27.73273346561912],[68.65371093750002,27.72113678593162],[68.64658203125,27.711053778119116],[68.63564453125002,27.70526764530662],[68.623046875,27.70319244999412],[68.6099609375,27.70380280155662],[68.57587890625001,27.710077215619116],[68.56552734375,27.70954010624412],[68.5546875,27.70551178593162],[68.542578125,27.696405340619116],[68.5220703125,27.67426178593162],[68.51064453125002,27.66474030155662],[68.48876953125,27.662469793744116],[68.46816406250002,27.67218659061912],[68.44970703125,27.67658112186912],[68.433837890625,27.65802643436912],[68.42431640625,27.63544342655662],[68.4166015625,27.62738678593162],[68.404541015625,27.62360260624412],[68.3779296875,27.624530340619117],[68.36513671875002,27.623407293744116],[68.352783203125,27.61774323124412],[68.3447265625,27.609637762494117],[68.3326171875,27.59015534061912],[68.32529296875,27.58136627811912],[68.29833984375,27.564471746869117],[68.29111328125,27.556903387494117],[68.28925781250001,27.53461334843162],[68.326171875,27.499286199994117],[68.33144531250002,27.477655340619116],[68.324951171875,27.46478912968162],[68.3056640625,27.44232819218162],[68.29833984375,27.429803778119116],[68.29697265625,27.41876862186912],[68.30087890625,27.409540106244116],[68.315673828125,27.39362213749412],[68.32666015625,27.374139715619116],[68.3169921875,27.36408112186912],[68.296630859375,27.36115143436912],[68.27480468750002,27.36273834843162],[68.2470703125,27.36835358280662],[68.23291015625,27.369647528119117],[68.21923828125,27.36786530155662],[68.20986328125002,27.36310455936912],[68.15322265625002,27.30072662968162],[68.146484375,27.27912018436912],[68.16220703125,27.259784246869117],[68.197509765625,27.24481842655662],[68.20546875000002,27.235956121869116],[68.20673828125001,27.22467682499412],[68.20166015625,27.214862371869117],[68.1923828125,27.20722077030662],[68.182373046875,27.202264715619116],[68.161376953125,27.200555731244116],[68.13427734375,27.201532293744116],[68.108984375,27.198749090619117],[68.09414062500002,27.18585846561912],[68.09423828125,27.17572662968162],[68.09921875,27.16547272343162],[68.11171875000002,27.14716217655662],[68.1177734375,27.13397858280662],[68.120703125,27.120624090619117],[68.11953125000002,27.10724518436912],[68.11328125,27.094110418744116],[68.074462890625,27.05341217655662],[68.051025390625,27.02191803593162],[68.04091796875002,27.01337311405662],[68.0,26.991571356244116],[67.97607421875,26.96967194218162],[67.96669921875002,26.96442291874412],[67.955322265625,26.96234772343162],[67.94384765625,26.963739324994116],[67.922119140625,26.972040106244116],[67.91298828125002,26.96564362186912],[67.90869140625,26.957049871869117],[67.90810546875002,26.94708893436912],[67.9169921875,26.91437409061912],[67.91708984375,26.902948309369116],[67.91425781250001,26.89118073124412],[67.90468750000002,26.867059637494116],[67.90175781250002,26.86176178593162],[67.89462890625,26.852069403119117],[67.892578125,26.846551824994116],[67.89169921875,26.832782293744117],[67.902587890625,26.79413483280662],[67.9052734375,26.76825592655662],[67.90468750000002,26.742059637494116],[67.90244140625,26.717401434369116],[67.900634765625,26.71112702030662],[67.89052734375002,26.694354559369117],[67.88496093750001,26.68195221561912],[67.88134765625,26.66986725468162],[67.87939453125,26.657342840619116],[67.87900390625,26.643817449994117],[67.880859375,26.63349030155662],[67.88486328125,26.624530340619117],[67.89111328125,26.61652252811912],[67.91123046875,26.598260809369116],[67.92041015625,26.586786199994116],[67.926025390625,26.57367584843162],[67.92734375,26.55792877811912],[67.9228515625,26.53717682499412],[67.92236328125,26.530047918744117],[67.92470703125002,26.505731512494116],[67.927001953125,26.49896881718162],[67.91953125,26.471698309369117],[67.918701171875,26.461297918744116],[67.91679687500002,26.451434637494117],[67.91347656250002,26.442010809369116],[67.90830078125,26.43292877811912],[67.88974609375,26.41046784061912],[67.886328125,26.40180084843162],[67.889892578125,26.38568756718162],[67.91708984375,26.35822174686912],[67.92744140625001,26.34393952030662],[67.931884765625,26.325555731244116],[67.93447265625002,26.287225653119116],[67.9390625,26.269061590619117],[67.95253906250002,26.25519440311912],[67.97236328125001,26.249627996869116],[67.99375,26.246112371869117],[68.01210937500002,26.238153387494116],[68.0185546875,26.23090241093162],[68.02236328125002,26.222674871869117],[68.02822265625002,26.204852606244117],[68.033203125,26.196551824994117],[68.03994140625002,26.19074127811912],[68.04794921875,26.18671295780662],[68.09414062500002,26.174579168744117],[68.1103515625,26.16632721561912],[68.12412109375,26.152362371869117],[68.12900390625,26.14374420780662],[68.132080078125,26.13471100468162],[68.1333984375,26.125262762494117],[68.13330078125,26.11542389530662],[68.127197265625,26.08832428593162],[68.127197265625,26.07929108280662],[68.13613281250002,26.06207916874412],[68.1533203125,26.047137762494117],[68.207275390625,26.01251862186912],[68.221435546875,25.99982330936912],[68.2330078125,25.984881903119117],[68.241943359375,25.966180731244123],[68.2525390625,25.932635809369117],[68.25996093750001,25.91669342655662],[68.27109375,25.90326569218162],[68.28652343750002,25.89337799686912],[68.31845703125,25.87824127811912],[68.33154296875,25.865497137494117],[68.34140625,25.852899481244123],[68.34707031250002,25.84784577030662],[68.35429687500002,25.84357330936912],[68.38320312500002,25.83258698124412],[68.391357421875,25.82684967655662],[68.397705078125,25.809588934369117],[68.3857421875,25.795282293744123],[68.3658203125,25.784295965619123],[68.34912109375,25.77728912968162],[68.33134765625002,25.76581452030662],[68.321875,25.750506903119117],[68.32265625000002,25.732928778119117],[68.33486328125002,25.71478912968162],[68.35341796875002,25.702899481244117],[68.396484375,25.68927643436912],[68.416259765625,25.67865631718162],[68.4263671875,25.661249090619123],[68.41611328125,25.646844793744123],[68.39736328125002,25.63397858280662],[68.38232421875,25.62116119999412],[68.37880859375002,25.60346100468162],[68.39394531250002,25.56781647343162],[68.39267578125,25.549188543744123],[68.38037109375,25.53534577030662],[68.36240234375,25.52704498905662],[68.34316406250002,25.520770574994117],[68.32587890625001,25.51288483280662],[68.314453125,25.498797918744117],[68.3150390625,25.48371002811912],[68.327880859375,25.451044012494123],[68.32626953125,25.435419012494123],[68.31064453125,25.409295965619123],[68.309814453125,25.39533112186912],[68.31552734375,25.385272528119117],[68.33203125,25.371600653119117],[68.339453125,25.36359284061912],[68.34414062500002,25.35285065311912],[68.34912109375,25.279315496869117],[68.34716796875,25.272088934369123],[68.343505859375,25.265985418744123],[68.332763671875,25.25495026249412],[68.31357421875,25.241473699994117],[68.308349609375,25.23602936405662],[68.304296875,25.228045965619117],[68.3017578125,25.21832916874412],[68.30117187500002,25.20831940311912],[68.302734375,25.19953034061912],[68.31162109375,25.18817780155662],[68.35556640625,25.16474030155662],[68.36074218750002,25.160272528119123],[68.36591796875001,25.154803778119117],[68.369873046875,25.148456121869117],[68.37050781250002,25.14179108280662],[68.3662109375,25.13483307499412],[68.3580078125,25.131610418744117],[68.3486328125,25.130975653119123],[68.322509765625,25.13495514530662],[68.306640625,25.135614324994123],[68.294677734375,25.12909577030662],[68.28945312500002,25.110614324994117],[68.288671875,25.10101959843162],[68.28701171875002,25.093133856244123],[68.28369140625,25.085809637494123],[68.27255859375,25.07001373905662],[68.2685546875,25.062127996869123],[68.266357421875,25.05365631718162],[68.26650390625002,25.044061590619123],[68.2734375,25.009637762494123],[68.273681640625,24.99274323124412],[68.26708984375,24.976336981244117],[68.26083984375,24.969256903119117],[68.25332031250002,24.96454498905662],[68.2451171875,24.963739324994123],[68.237060546875,24.96820709843162],[68.231201171875,24.976434637494123],[68.22255859375002,24.995233465619123],[68.2154296875,25.00263092655662],[68.19775390625,25.006366278119117],[68.18056640625002,24.99823639530662],[68.16542968750002,24.98432037968162],[68.142578125,24.95648834843162],[68.134765625,24.94147369999412],[68.13222656250002,24.92523834843162],[68.13681640625,24.90741608280662],[68.144140625,24.89520905155662],[68.146484375,24.88886139530662],[68.1455078125,24.881610418744117],[68.140625,24.87409088749412],[68.133056640625,24.869012762494123],[68.12392578125002,24.86627838749412],[68.114990234375,24.86579010624412],[68.0787109375,24.87592194218162],[68.06064453125,24.877313543744123],[68.04404296875,24.86835358280662],[68.03750000000002,24.85346100468162],[68.042236328125,24.839129949994117],[68.05019531250002,24.824725653119117],[68.0533203125,24.80951569218162],[68.0474609375,24.79071686405662],[68.03603515625002,24.77496979374412],[68.00917968750002,24.74616119999412],[68.00107421875,24.73224518436912],[67.98681640625,24.68756744999412],[67.9703125,24.65631744999412],[67.96875,24.641131903119117],[67.97841796875002,24.62506744999412],[68.00400390625,24.60114166874412],[68.010498046875,24.58734772343162],[68.00673828125002,24.56989166874412],[68.00205078125,24.56232330936912],[67.99658203125,24.55597565311912],[67.990234375,24.55072662968162],[67.96689453125,24.53851959843162],[67.9609375,24.532831121869123],[67.95791015625002,24.52448151249412],[67.958251953125,24.51654694218162],[67.9673828125,24.494159246869117],[67.9716796875,24.47943756718162],[67.97412109375,24.46430084843162],[67.97421875,24.456561590619117],[67.97304687500002,24.44953034061912],[67.9703125,24.442889715619117],[67.96630859375,24.436297918744117],[67.95673828125001,24.43121979374412],[67.94384765625,24.43219635624412],[67.92011718750001,24.43671295780662],[67.915283203125,24.43524811405662],[67.900634765625,24.42706940311912],[67.877197265625,24.420672918744117],[67.85888671875,24.418817449994123],[67.84951171875002,24.416620184369123],[67.843359375,24.411883856244117],[67.842041015625,24.40338776249412],[67.84619140625,24.396112371869123],[67.858642578125,24.38385651249412],[67.863525390625,24.375848699994123],[67.867919921875,24.36603424686912],[67.87050781250002,24.35578034061912],[67.87001953125002,24.346454168744117],[67.854736328125,24.33331940311912],[67.830322265625,24.339129949994117],[67.805419921875,24.34845612186912],[67.7880859375,24.346307684369123],[67.78466796875,24.336053778119123],[67.7876953125,24.32501862186912],[67.79433593750002,24.314715887494117],[67.801513671875,24.306659246869117],[67.81904296875001,24.29266998905662],[67.82607421875002,24.28485748905662],[67.830322265625,24.27387116093162],[67.82958984375,24.263544012494123],[67.8248046875,24.25519440311912],[67.81679687500002,24.25079987186912],[67.80654296875002,24.25238678593162],[67.7880859375,24.26654694218162],[67.778076171875,24.27130768436912],[67.76650390625002,24.269305731244117],[67.758056640625,24.261004949994117],[67.755615234375,24.250262762494117],[67.75634765625,24.227167059369123],[67.753173828125,24.20538971561912],[67.74990234375002,24.19476959843162],[67.74521484375,24.185077215619117],[67.73779296875,24.17413971561912],[67.729736328125,24.16657135624412],[67.71982421875,24.163690496869123],[67.70703125,24.166620184369123],[67.68701171875,24.17487213749412],[67.6767578125,24.17560455936912],[67.666015625,24.17157623905662],[67.65966796875,24.166131903119123],[67.655029296875,24.15912506718162],[67.65224609375002,24.151141668744117],[67.65126953125002,24.14288971561912],[67.6533203125,24.132831121869117],[67.66162109375,24.11444733280662],[67.6640625,24.104754949994117],[67.65810546875002,24.08380768436912],[67.63974609375,24.070819403119117],[67.616455078125,24.065204168744117],[67.57314453125002,24.06854889530662],[67.55234375,24.06659577030662],[67.53232421875,24.06049225468162]],[[67.92421875000002,24.05597565311912],[67.9111328125,24.063104559369123],[67.868896484375,24.076434637494117],[67.853515625,24.075458074994117],[67.82832031250001,24.065301824994123],[67.8111328125,24.062762762494117],[67.794677734375,24.06622955936912],[67.7779296875,24.071649481244123],[67.764892578125,24.07184479374412],[67.75966796875002,24.059344793744117],[67.76708984375,24.02301666874412],[67.78671875,24.002948309369117],[67.815185546875,23.994745184369123],[67.88330078125,23.99396393436912],[67.900634765625,23.99091217655662],[67.91396484375002,23.98395416874412],[67.925537109375,23.98236725468162],[67.94277343750002,23.98651764530662],[67.95576171875001,23.994501043744123],[67.954833984375,24.004413153119117],[67.945068359375,24.017352606244117],[67.9326171875,24.045526434369123],[67.92421875000002,24.05597565311912]]]}},{"type":"Feature","properties":{"rank":3},"geometry":{"type":"MultiLineString","coordinates":[[[81.63974609375003,31.449579168744116],[81.63808593750002,31.445184637494116],[81.619384765625,31.41913483280662],[81.59248046875001,31.40387604374412],[81.555908203125,31.39325592655662],[81.51845703125002,31.389422918744117],[81.48916015625002,31.394305731244117],[81.47705078125,31.401874090619117],[81.446044921875,31.43183014530662],[81.43613281250003,31.442254949994116],[81.42031250000002,31.46576569218162],[81.40957031250002,31.475458074994116],[81.3974609375,31.480975653119117],[81.38564453125002,31.482928778119117],[81.36093750000003,31.483905340619117],[81.333740234375,31.49152252811912],[81.31455078125003,31.50592682499412],[81.28017578125002,31.545770574994116],[81.270263671875,31.55353424686912],[81.25048828125,31.563348699994116],[81.241943359375,31.569696356244116],[81.22675781250001,31.58637116093162],[81.2177734375,31.600702215619116],[81.19589843750003,31.660516668744116],[81.174560546875,31.69989655155662],[81.16572265625001,31.74103424686912],[81.16611328125003,31.75055573124412],[81.17333984375,31.76215241093162],[81.1806640625,31.770868231244116],[81.18447265625002,31.777948309369116],[81.20517578125003,31.840838934369117],[81.22607421875,31.871112371869117],[81.25146484375,31.89484284061912],[81.28017578125002,31.91632721561912],[81.361328125,31.955585028119117],[81.39414062500003,31.98627350468162],[81.37568359375001,32.01874420780662],[81.36669921875,32.02077057499412],[81.34384765625003,32.018426824994116],[81.33408203125003,32.01874420780662],[81.307373046875,32.036737371869116],[81.296875,32.03986237186912],[81.28134765625003,32.04884674686912],[81.27392578125,32.069452215619116],[81.27167968750001,32.09235260624412],[81.272705078125,32.10817291874412],[81.28173828125,32.15094635624412],[81.28330078125003,32.173456121869116],[81.2763671875,32.183221746869116],[81.25439453125,32.188104559369116],[81.244384765625,32.20136139530662],[81.22890625000002,32.286493231244116],[81.21201171875003,32.32106354374412],[81.18789062500002,32.349969793744116],[81.15595703125001,32.37501862186912],[81.137939453125,32.38429596561912],[81.11767578125,32.39069244999412],[81.09707031250002,32.39435455936912],[81.078125,32.39552643436912],[81.053955078125,32.40180084843162],[81.03798828125002,32.41657135624412],[81.02412109375001,32.43390534061912],[81.00634765625,32.447870184369116],[80.99082031250003,32.452997137494116],[80.905029296875,32.46412994999412],[80.86533203125003,32.47540924686912],[80.73583984375,32.53851959843162],[80.6904296875,32.550897528119116],[80.64755859375003,32.55341217655662],[80.56210937500003,32.54791901249412],[80.47666015625003,32.55585358280662],[80.25537109375,32.54469635624412],[80.23193359375,32.54706452030662],[80.213134765625,32.550897528119116],[80.19570312500002,32.55170319218162],[80.17587890625003,32.54469635624412],[80.13564453125002,32.52301666874412],[80.09462890625002,32.51923248905662],[80.06982421875,32.50348541874412],[80.024658203125,32.48602936405662],[80.00507812500001,32.48200104374412],[79.9130859375,32.48200104374412],[79.888916015625,32.479364324994116],[79.80488281250001,32.45111725468162],[79.75888671875003,32.444696356244116],[79.734619140625,32.44391510624412]]]}},{"type":"Feature","properties":{"rank":2},"geometry":{"type":"MultiLineString","coordinates":[[[82.40048828125003,30.41144440311912],[82.41796875,30.420770574994116],[82.43906250000003,30.42438385624412],[82.458984375,30.42413971561912],[82.47236328125001,30.422381903119117],[82.51699218750002,30.40875885624412],[82.53925781250001,30.39801666874412],[82.55771484375003,30.384149481244116],[82.568603515625,30.368280340619116],[82.57568359375,30.362567449994117],[82.589111328125,30.36029694218162],[82.641357421875,30.37872955936912],[82.64599609375,30.381610418744117],[82.65126953125002,30.38251373905662],[82.66416015625003,30.380731512494116],[82.669189453125,30.378192449994117],[82.6748046875,30.373797918744117],[82.682861328125,30.36957428593162],[82.72265625,30.36505768436912],[82.7529296875,30.35944244999412],[82.76923828125001,30.358514715619116],[82.78769531250003,30.36029694218162],[82.8349609375,30.37140534061912],[82.85927734375002,30.37299225468162],[82.86962890625,30.364032293744117],[82.893310546875,30.33234284061912],[82.90664062500002,30.327752996869116],[82.91269531250003,30.316766668744116],[82.91748046875,30.291376043744116],[82.92539062500003,30.26850006718162],[82.93359375,30.25141022343162],[82.94580078125,30.23737213749412],[82.96533203125,30.223749090619116],[82.99423828125003,30.21246979374412],[83.03720703125003,30.184686590619116],[83.04443359375,30.181512762494116],[83.066162109375,30.180438543744117],[83.07470703125,30.178583074994116],[83.08203125,30.175311590619117],[83.087158203125,30.168573309369116],[83.09042968750003,30.159442449994117],[83.095458984375,30.15143463749412],[83.131591796875,30.141961981244116],[83.14990234375,30.130877996869117],[83.167724609375,30.124872137494116],[83.19189453125,30.13434479374412],[83.198974609375,30.112323309369117],[83.218017578125,30.09723541874412],[83.23789062500003,30.086200262494117],[83.2470703125,30.07636139530662],[83.25234375000002,30.07294342655662],[83.263916015625,30.07208893436912],[83.27656250000001,30.073358465619116],[83.28466796875,30.07636139530662],[83.29306640625003,30.076532293744116],[83.305419921875,30.07037994999412],[83.32275390625,30.05866119999412],[83.36289062500003,30.04950592655662],[83.38222656250002,30.041522528119117],[83.39052734375002,30.028192449994116],[83.395751953125,30.00470612186912],[83.40976562500003,29.99152252811912],[83.451904296875,29.976678778119116],[83.50048828125,29.94708893436912],[83.537353515625,29.938495184369117],[83.555419921875,29.927508856244117],[83.58896484375003,29.89411041874412],[83.60019531250003,29.879901434369117],[83.6044921875,29.87763092655662],[83.62656250000003,29.871454168744116],[83.70664062500003,29.86225006718162],[83.7265625,29.85590241093162],[83.75390625,29.84259674686912],[83.76093750000001,29.83331940311912],[83.81748046875003,29.81537506718162],[83.98007812500003,29.736444403119116],[83.96884765625003,29.73126862186912],[83.9599609375,29.72418854374412],[83.9541015625,29.714715887494116],[83.9521484375,29.70233795780662],[83.976318359375,29.657977606244117],[83.98203125000003,29.650409246869117],[83.989501953125,29.63312409061912],[83.99658203125,29.62384674686912],[84.00673828125002,29.615985418744117],[84.03466796875,29.60614655155662],[84.087158203125,29.570184637494116],[84.1064453125,29.565790106244116],[84.16640625000002,29.578876043744117],[84.185546875,29.579461981244116],[84.19833984375003,29.577167059369117],[84.205078125,29.57514069218162],[84.2197265625,29.565790106244116],[84.22929687499999,29.547870184369117],[84.23769531250002,29.54144928593162],[84.25039062500002,29.54840729374412],[84.26132812500003,29.54840729374412],[84.308837890625,29.539911199994116],[84.41611328125003,29.53522369999412],[84.46103515625003,29.525995184369116],[84.49335937500001,29.51056549686912],[84.510498046875,29.47589752811912],[84.50390625,29.43280670780662],[84.48876953125,29.38825104374412],[84.48037109375002,29.349481512494116],[84.484619140625,29.34332916874412],[84.5029296875,29.33185455936912],[84.507080078125,29.32221100468162],[84.50478515625002,29.31452057499412],[84.50048828125,29.305780340619116],[84.498779296875,29.29669830936912],[84.503662109375,29.287713934369116],[84.5244140625,29.27619049686912],[84.566162109375,29.268426824994116],[84.582763671875,29.257342840619117],[84.59072265625002,29.26386139530662],[84.59589843750001,29.27240631718162],[84.59970703125003,29.280292059369117],[84.603271484375,29.28461334843162],[84.617919921875,29.28851959843162],[84.627197265625,29.28558991093162],[84.6357421875,29.280536199994117],[84.66572265625001,29.27533600468162],[84.71992187500001,29.257342840619117],[84.77626953125002,29.22443268436912],[84.7919921875,29.22626373905662],[84.813720703125,29.23407623905662],[84.837890625,29.229364324994116],[84.92246093750003,29.19013092655662],[84.96376953125002,29.18610260624412],[85.001220703125,29.19855377811912],[85.03525390625003,29.229364324994116],[85.0361328125,29.233905340619117],[85.0341796875,29.24603912968162],[85.03525390625003,29.250506903119117],[85.04052734375,29.25446198124412],[85.045654296875,29.255243231244116],[85.050537109375,29.255389715619117],[85.05507812500002,29.257342840619117],[85.07167968750002,29.26886627811912],[85.08310546875003,29.27509186405662],[85.11123046875002,29.28473541874412],[85.14404296875,29.316522528119116],[85.16494140625002,29.32562897343162],[85.23486328125,29.31952545780662],[85.2509765625,29.31500885624412],[85.26503906250002,29.30463287968162],[85.3076171875,29.283221746869117],[85.32265625000002,29.27777741093162],[85.39169921875003,29.280633856244116],[85.40869140625,29.27435944218162],[85.423583984375,29.26532623905662],[85.4453125,29.25775787968162],[85.46845703125001,29.25250885624412],[85.487060546875,29.250506903119117],[85.53164062500002,29.25665924686912],[85.555419921875,29.256463934369116],[85.57333984375003,29.24677155155662],[85.59658203125002,29.20746491093162],[85.60947265625003,29.191522528119116],[85.630615234375,29.18219635624412],[85.65292968750003,29.18060944218162],[85.731201171875,29.19220612186912],[85.76308593750002,29.210223699994117],[85.781982421875,29.21637604374412],[85.80419921875,29.214960028119116],[85.84492187500001,29.19965241093162],[85.94638671875003,29.18219635624412],[86.14736328125002,29.17816803593162],[86.15869140625,29.17938873905662],[86.16953125000003,29.183710028119116],[86.19228515625002,29.197040106244117],[86.224365234375,29.20624420780662],[86.236083984375,29.20807526249412],[86.2470703125,29.19757721561912],[86.25966796875002,29.20197174686912],[86.271484375,29.20966217655662],[86.275390625,29.21344635624412],[86.35019531250003,29.210565496869116],[86.387451171875,29.22382233280662],[86.41103515625002,29.21869537968162],[86.43447265625002,29.210223699994117],[86.45361328125,29.207294012494117],[86.4677734375,29.213641668744117],[86.47812500000003,29.22235748905662],[86.48818359375002,29.226825262494117],[86.50136718750002,29.22028229374412],[86.509521484375,29.23920319218162],[86.522216796875,29.23468659061912],[86.53564453125,29.221210028119117],[86.54638671875,29.21344635624412],[86.567138671875,29.21124909061912],[86.60693359375,29.201678778119117],[86.62548828125,29.199823309369116],[86.63662109375002,29.201922918744117],[86.65625,29.210809637494116],[86.66650390625,29.21344635624412],[86.96054687500003,29.17938873905662],[87.00634765625,29.18512604374412],[87.02744140625003,29.18109772343162],[87.036376953125,29.162616278119117],[87.0400390625,29.158563543744116],[87.04873046875002,29.15521881718162],[87.058837890625,29.15289948124412],[87.0673828125,29.15204498905662],[87.07919921875003,29.15424225468162],[87.08544921875,29.15961334843162],[87.09042968750003,29.166376043744116],[87.09853515625002,29.172479559369116],[87.11152343750001,29.17706940311912],[87.12070312500003,29.17670319218162],[87.155517578125,29.156854559369116],[87.167236328125,29.15216705936912],[87.19394531250003,29.14520905155662],[87.21923828125,29.156854559369116],[87.244873046875,29.151727606244116],[87.29638671875,29.13092682499412],[87.409423828125,29.11786530155662],[87.51894531250002,29.12470123905662],[87.546630859375,29.130731512494116],[87.60400390625,29.15045807499412],[87.62539062500002,29.14520905155662],[87.64218750000003,29.15094635624412],[87.66015625,29.15155670780662]]]}},{"type":"Feature","properties":{"rank":2},"geometry":{"type":"MultiLineString","coordinates":[[[94.083984375,33.15582916874412],[94.0927734375,33.158075262494116],[94.11279296875,33.16791412968162],[94.13671875,33.172235418744116],[94.1650390625,33.18165924686912],[94.1767578125,33.18378327030662],[94.22158203125002,33.17780182499412],[94.305419921875,33.15302155155662],[94.34804687500002,33.14967682499412],[94.44775390625,33.16327545780662],[94.457275390625,33.16791412968162],[94.46396484375003,33.17877838749412],[94.46933593750003,33.191278387494116],[94.47500000000002,33.20119049686912],[94.484375,33.20795319218162],[94.49746093750002,33.21320221561912],[94.51210937500002,33.216669012494116],[94.52626953125002,33.217889715619116],[94.5791015625,33.21217682499412],[94.591064453125,33.20802643436912],[94.60175781250001,33.19977448124412],[94.614990234375,33.19196198124412],[94.628173828125,33.18610260624412],[94.70498046875002,33.17694733280662],[94.72353515625002,33.17890045780662],[94.765869140625,33.19061920780662],[94.78955078125,33.187616278119116],[94.86074218750002,33.16815827030662],[94.87568359375001,33.159540106244116],[94.88037109375,33.14899323124412],[94.89179687500001,33.13873932499412],[94.91660156250003,33.12233307499412],[94.94677734375,33.09547760624412],[94.958251953125,33.08759186405662],[94.96523437500002,33.10040924686912],[94.9794921875,33.09650299686912],[94.99599609375002,33.08644440311912],[95.00937500000003,33.08075592655662],[95.02880859375,33.07887604374412],[95.04990234375003,33.07343170780662],[95.06875000000002,33.06500885624412],[95.08115234375003,33.054071356244116],[95.0859375,33.04303619999412],[95.08544921875,33.035028387494116],[95.082763671875,33.02711823124412],[95.08115234375003,33.01588776249412],[95.083251953125,33.00612213749412],[95.09267578125002,32.98610260624412],[95.0947265625,32.97431061405662],[95.09316406250002,32.96527741093162],[95.09042968750003,32.96100494999412],[95.08994140625003,32.95734284061912],[95.0947265625,32.95038483280662],[95.10429687499999,32.94159577030662],[95.11435546875003,32.93683502811912],[95.125,32.937372137494116],[95.1357421875,32.944208074994116],[95.20458984375,32.91132233280662],[95.21767578125002,32.89581940311912],[95.234619140625,32.90900299686912],[95.25244140625,32.90724518436912],[95.28720703125003,32.88893463749412],[95.35009765625,32.87941315311912],[95.3984375,32.853631903119116],[95.43857421875003,32.84938385624412],[95.5234375,32.85480377811912],[95.55771484375003,32.84796784061912],[95.58896484375003,32.83026764530662],[95.61376953125,32.80585358280662],[95.62919921874999,32.77912018436912],[95.64794921875,32.72699616093162],[95.65029296875002,32.71454498905662],[95.66015625,32.714960028119116],[95.71845703125001,32.68976471561912],[95.73505859375001,32.69269440311912],[95.78134765625003,32.66156647343162],[95.807373046875,32.66242096561912],[95.81748046875003,32.647088934369116],[95.87167968750003,32.59992096561912],[95.93408203125,32.556756903119116],[95.959716796875,32.54511139530662],[95.98544921875003,32.53834869999412],[96.00341796875,32.54291412968162],[96.02109375000003,32.555780340619116],[96.042236328125,32.562372137494116],[96.163818359375,32.57453034061912],[96.18105468750002,32.57057526249412],[96.18701171875,32.563348699994116],[96.19521484375002,32.55006744999412],[96.201171875,32.54291412968162],[96.20947265625,32.53729889530662],[96.22910156250003,32.53126862186912],[96.2392578125,32.52589752811912],[96.24472656250003,32.51972077030662],[96.25527343750002,32.50287506718162],[96.259765625,32.497919012494116],[96.2724609375,32.49489166874412],[96.29892578125003,32.49489166874412],[96.31103515625,32.48829987186912],[96.33759765625001,32.45148346561912],[96.362060546875,32.43378327030662],[96.36679687500003,32.43683502811912],[96.37021484375003,32.44245026249412],[96.37587890625002,32.44391510624412],[96.39208984375,32.43458893436912],[96.41416015625003,32.41815827030662],[96.42841796875001,32.402460028119116],[96.4208984375,32.39552643436912],[96.41572265625001,32.38429596561912],[96.424560546875,32.35914948124412],[96.44541015625003,32.31976959843162],[96.45429687500001,32.29462311405662],[96.45849609375,32.286249090619116],[96.46728515625,32.27809479374412],[96.48886718750003,32.26373932499412],[96.4931640625,32.25556061405662],[96.49619140625003,32.23829987186912],[96.51220703125,32.19757721561912],[96.51992187500002,32.183221746869116],[96.53310546875002,32.16608307499412],[96.548583984375,32.155633856244116],[96.56787109375,32.150506903119116],[96.59248046875001,32.14911530155662],[96.60117187500003,32.14699127811912],[96.61562500000002,32.137567449994116],[96.626708984375,32.13544342655662],[96.63232421875,32.13331940311912],[96.6416015625,32.123895574994116],[96.647216796875,32.12177155155662],[96.653076171875,32.123163153119116],[96.658203125,32.12616608280662],[96.6640625,32.12860748905662],[96.67138671875,32.12860748905662],[96.68115234375,32.12494537968162],[96.68671875000001,32.12062409061912],[96.69345703125003,32.11664459843162],[96.70546875000002,32.11432526249412],[96.712890625,32.11530182499412],[96.733154296875,32.12055084843162],[96.74267578125,32.12177155155662],[96.75927734375,32.11225006718162],[96.76904296875,32.065057684369116],[96.780517578125,32.04669830936912],[96.792724609375,32.04425690311912],[96.82285156250003,32.04877350468162],[96.835205078125,32.04669830936912],[96.8466796875,32.03656647343162],[96.84794921874999,32.02680084843162],[96.844482421875,32.01581452030662],[96.842041015625,32.00202057499412],[96.851318359375,31.976092840619117],[96.873046875,31.96649811405662],[96.898193359375,31.96344635624412],[96.917724609375,31.95734284061912],[96.94130859375002,31.96552155155662]]]}},{"type":"Feature","properties":{"rank":2},"geometry":{"type":"MultiLineString","coordinates":[[[96.94130859375002,31.96552155155662],[96.95947265625,31.95209381718162],[96.97470703125003,31.932489324994116],[96.98974609375,31.92255280155662],[96.994873046875,31.913690496869116],[96.99208984375002,31.87067291874412],[96.992919921875,31.85492584843162],[96.99912109375003,31.845965887494117],[97.015869140625,31.83417389530662],[97.020751953125,31.82697174686912],[97.01455078125002,31.79999420780662],[97.01328125000003,31.78912994999412],[97.017578125,31.767108465619117],[97.02871093750002,31.75238678593162],[97.06171875000001,31.72394440311912],[97.07216796875002,31.71076080936912],[97.08076171875001,31.694598699994117],[97.08681640625002,31.675165106244116],[97.089111328125,31.61127350468162],[97.09316406250002,31.60065338749412],[97.102783203125,31.597528387494116],[97.114013671875,31.59699127811912],[97.12314453125003,31.594256903119117],[97.12802734375003,31.587518621869116],[97.1357421875,31.568866278119117],[97.14365234375003,31.559442449994116],[97.16796875,31.548846746869117],[97.18007812500002,31.54096100468162],[97.1884765625,31.522333074994116],[97.20263671875,31.50421784061912],[97.20576171875001,31.49457428593162],[97.203857421875,31.48273346561912],[97.194580078125,31.46259186405662],[97.19150390625003,31.449579168744116],[97.2080078125,31.39240143436912],[97.216064453125,31.37824127811912],[97.218994140625,31.37128327030662],[97.220703125,31.359881903119117],[97.220703125,31.348016668744116],[97.219482421875,31.339715887494116],[97.21181640625002,31.328387762494117],[97.203857421875,31.325458074994117],[97.19521484375002,31.32477448124412],[97.185302734375,31.32050202030662],[97.16103515625002,31.289178778119116],[97.1572265625,31.28168366093162],[97.15957031250002,31.270135809369116],[97.16943359375,31.25079987186912],[97.17431640625,31.230585028119116],[97.1806640625,31.221210028119117],[97.19521484375002,31.206903387494116],[97.2001953125,31.196405340619116],[97.19833984375003,31.18549225468162],[97.19384765625,31.17499420780662],[97.19150390625003,31.16596100468162],[97.192138671875,31.129657293744117],[97.19814453125002,31.085223699994117],[97.21542968750003,31.04767487186912],[97.25009765625003,31.031854559369116],[97.26923828125001,31.028094793744117],[97.2890625,31.01898834843162],[97.32177734375,30.997088934369117],[97.36142578125003,30.95294830936912],[97.376953125,30.943133856244117],[97.37197265625002,30.93317291874412],[97.37021484375003,30.90216705936912],[97.35761718750001,30.870721746869116],[97.35595703125,30.85712311405662],[97.357421875,30.794305731244116],[97.36279296875,30.77179596561912],[97.37851562500003,30.73187897343162],[97.39912109375001,30.70148346561912],[97.42734375000003,30.67719147343162],[97.482177734375,30.645379949994116],[97.52412109375001,30.603876043744116],[97.55458984375002,30.583124090619116],[97.5576171875,30.581805731244117],[97.62939453125,30.452411199994117],[97.66445312500002,30.40582916874412],[97.670654296875,30.40009186405662],[97.6787109375,30.395038153119117],[97.71347656250003,30.388934637494117],[97.72304687500002,30.384149481244116],[97.78173828125,30.33234284061912],[97.81005859375,30.299920965619116],[97.827880859375,30.284295965619116],[97.84619140625,30.277704168744116],[97.852294921875,30.27558014530662],[97.86289062500003,30.26996491093162],[97.87294921875002,30.26239655155662],[97.87734375000002,30.254169012494117],[97.87949218750003,30.239520574994117],[97.88525390625,30.23493073124412],[97.89394531250002,30.23383209843162],[97.904052734375,30.22992584843162],[97.93691406250002,30.20551178593162],[97.94775390625,30.18891022343162],[97.95175781250003,30.16510651249412],[97.9658203125,30.15582916874412],[97.97548828125002,30.14765045780662],[97.979736328125,30.137469793744117],[97.98134765625002,30.13153717655662],[97.9853515625,30.12836334843162],[97.99091796875001,30.12714264530662],[97.99677734375001,30.12689850468162],[98.00156250000003,30.12396881718162],[97.999755859375,30.11737702030662],[97.99335937500001,30.107049871869116],[98.00498046875003,30.063104559369116],[98.01572265625003,30.04132721561912],[98.03095703125001,30.03192780155662],[98.04296875,30.021258856244117],[98.0517578125,29.997186590619116],[98.06162109375003,29.956170965619116],[98.07382812500003,29.94086334843162],[98.08994140625003,29.924823309369117],[98.10410156250003,29.90619537968162],[98.11005859375001,29.88361237186912],[98.11328125,29.87543366093162],[98.13427734375,29.849725653119116],[98.13857421875002,29.840692449994116],[98.140380859375,29.81989166874412],[98.14423828125001,29.81220123905662],[98.16171875000003,29.80707428593162],[98.21005859375003,29.80426666874412],[98.21992187500001,29.794794012494116],[98.22509765625,29.78180573124412],[98.26083984375003,29.72345612186912],[98.33925781250002,29.63886139530662],[98.34814453125,29.62335846561912],[98.349609375,29.59992096561912],[98.34345703125001,29.57269928593162],[98.34345703125001,29.565790106244116],[98.34619140625,29.554559637494116],[98.36142578125003,29.513788153119116],[98.3974609375,29.453876043744117],[98.40419921875002,29.445086981244117],[98.40957031250002,29.43561432499412],[98.41162109375,29.42487213749412],[98.416015625,29.41718170780662],[98.43466796875003,29.408319403119116],[98.43906250000003,29.39728424686912],[98.43691406250002,29.38666412968162],[98.43320312500003,29.375506903119117],[98.431396484375,29.365008856244117],[98.435302734375,29.356317449994116],[98.443603515625,29.35199616093162],[98.47314453125,29.342645574994116],[98.47900390625,29.32709381718162],[98.49267578125,29.31037018436912],[98.53769531250003,29.26923248905662],[98.54794921875003,29.256610418744117],[98.56884765625,29.22321198124412],[98.614013671875,29.16791412968162],[98.631591796875,29.159540106244116],[98.62832031250002,29.140155340619117],[98.6103515625,29.10309479374412],[98.60498046875,29.083368231244116],[98.58408203125003,29.045184637494117],[98.5830078125,29.023944403119117],[98.5927734375,29.008417059369116],[98.60751953125003,28.99628327030662],[98.62050781250002,28.982782293744116],[98.6240234375,28.963153387494117],[98.63427734375,28.94415924686912],[98.63808593750002,28.93048737186912],[98.638427734375,28.87860748905662],[98.64150390625002,28.87091705936912],[98.654296875,28.85504791874412],[98.65478515625,28.85016510624412],[98.65273437500002,28.84491608280662],[98.6513671875,28.83588287968162],[98.65283203125,28.82550690311912],[98.656494140625,28.818963934369116],[98.66083984375001,28.81317780155662],[98.6650390625,28.804803778119116],[98.67783203125003,28.756952215619116],[98.68017578125,28.724383856244117],[98.68544921875002,28.708612371869116],[98.70273437500003,28.670917059369117],[98.77490234375,28.57208893436912],[98.78095703125001,28.55585358280662],[98.79052734375,28.51459381718162],[98.799072265625,28.499774481244117],[98.812255859375,28.48395416874412],[98.83447265625,28.441766668744116],[98.8505859375,28.401483465619116],[98.86240234375003,28.357049871869116],[98.8642578125,28.335565496869116],[98.86093750000003,28.319842840619117],[98.846435546875,28.285760809369116],[98.843017578125,28.27045319218162],[98.84492187500001,28.25031159061912],[98.85009765625,28.22504303593162],[98.85791015625,28.200946356244117],[98.884765625,28.150653387494117],[98.90683593750003,28.12885162968162],[98.91259765625,28.11957428593162],[98.91455078125,28.09625885624412],[98.90195312500003,28.053973699994117],[98.8984375,28.033954168744117],[98.901123046875,28.011004949994117],[98.90859375000002,27.993524481244116],[98.93251953125002,27.961297918744116],[99.01894531250002,27.883807684369117],[99.034912109375,27.852069403119117],[99.036376953125,27.840448309369116],[99.034912109375,27.81793854374412],[99.037353515625,27.81207916874412],[99.0419921875,27.808124090619117],[99.048583984375,27.804950262494117],[99.04824218750002,27.797479559369116],[99.04306640625003,27.786395574994117],[99.04179687499999,27.780389715619116],[99.044677734375,27.77216217655662],[99.05078125,27.765399481244117],[99.05488281250001,27.759393621869116],[99.04726562500002,27.74347565311912],[99.05068359375002,27.71930573124412],[99.048583984375,27.70807526249412],[99.03857421875,27.698114324994116],[99.02714843749999,27.694110418744117],[99.01621093750003,27.69196198124412],[99.00751953125001,27.68756744999412],[99.003662109375,27.68109772343162],[98.998779296875,27.66950104374412],[98.99755859375,27.65839264530662],[99.00419921874999,27.653436590619116],[99.008056640625,27.648700262494117],[99.01132812500003,27.637567449994116],[99.014404296875,27.615594793744116],[99.017578125,27.60578034061912],[99.03173828125,27.59650299686912],[99.034912109375,27.585223699994117],[99.03095703125001,27.571649481244116],[99.0224609375,27.56622955936912],[99.01318359375,27.563495184369117],[99.00751953125001,27.557879949994117],[99.009521484375,27.54828522343162],[99.028076171875,27.51630280155662],[99.031982421875,27.504754949994116],[99.03759765625,27.48004791874412],[99.04179687499999,27.468524481244117],[99.06591796875,27.43720123905662],[99.069580078125,27.42377350468162],[99.07285156250003,27.416766668744117],[99.08701171875003,27.40180084843162],[99.09023437500002,27.39679596561912],[99.090576171875,27.37055084843162],[99.09335937500003,27.35834381718162],[99.10009765625,27.348407293744117],[99.10849609375003,27.330340887494117],[99.11025390625002,27.302850653119116],[99.1025390625,27.276874090619117],[99.08261718750003,27.26300690311912],[99.08896484375003,27.242547918744116],[99.09824218750003,27.224872137494117],[99.11259765624999,27.21246979374412],[99.13427734375,27.20783112186912],[99.14667968750001,27.19769928593162],[99.172119140625,27.132684637494116],[99.16542968750002,27.117547918744116],[99.1650390625,27.102313543744117],[99.16640625000002,27.086688543744117],[99.165283203125,27.07062409061912],[99.16269531250003,27.06476471561912],[99.15478515625,27.05280182499412],[99.15156250000001,27.043963934369117],[99.15000000000003,27.02680084843162],[99.150390625,27.017206121869116],[99.15156250000001,27.009784246869117],[99.177001953125,26.952752996869116],[99.186279296875,26.922381903119117],[99.18564453125003,26.88629791874412],[99.18320312500003,26.878045965619116],[99.17011718750001,26.84845612186912],[99.163818359375,26.839618231244117],[99.16181640625001,26.837909246869117],[99.15732421875003,26.83600494999412],[99.1591796875,26.83185455936912],[99.165283203125,26.824823309369116],[99.14052734375002,26.77167389530662],[99.137939453125,26.75592682499412],[99.14121093750003,26.74811432499412],[99.154052734375,26.736590887494117],[99.15839843750001,26.728631903119116],[99.15957031250002,26.719256903119117],[99.13046875000003,26.625604559369116],[99.13662109375002,26.60712311405662],[99.126220703125,26.58710358280662],[99.111328125,26.56671784061912],[99.10390625000002,26.54706452030662],[99.11005859375001,26.526483465619116],[99.138427734375,26.50189850468162],[99.144775390625,26.482196356244117],[99.142333984375,26.474627996869117],[99.13242187500003,26.45758698124412],[99.13046875000003,26.44745514530662],[99.14248046875002,26.421405340619117],[99.144775390625,26.409930731244117],[99.14101562500002,26.400262762494116],[99.13369140625002,26.39203522343162],[99.12939453125,26.384149481244116],[99.140380859375,26.36579010624412],[99.14365234375003,26.35260651249412],[99.14492187500002,26.33978912968162],[99.144775390625,26.33136627811912],[99.14267578125003,26.324579168744116],[99.134033203125,26.30707428593162],[99.13046875000003,26.296649481244117],[99.137939453125,26.186786199994117],[99.130615234375,26.073358465619116],[99.137939453125,26.02973053593162],[99.14882812500002,26.005633856244117],[99.15156250000001,25.994989324994123],[99.15273437500002,25.908319403119123],[99.15664062500002,25.88654205936912],[99.165283203125,25.865838934369123],[99.16787109375002,25.86408112186912],[99.17138671875,25.86347077030662],[99.175537109375,25.86225006718162],[99.17880859375003,25.858417059369117],[99.18359375,25.84247467655662],[99.1962890625,25.81659577030662],[99.202392578125,25.807147528119117],[99.2099609375,25.80316803593162],[99.21748046875001,25.79450104374412],[99.254638671875,25.73493073124412],[99.26718750000003,25.692254949994123],[99.2744140625,25.64960358280662],[99.28125,25.62970612186912],[99.29736328125,25.61688873905662],[99.33652343750003,25.59772369999412],[99.34326171875,25.59186432499412],[99.35009765625,25.584100653119123],[99.355224609375,25.576288153119123],[99.35761718750001,25.570428778119123],[99.3564453125,25.55817291874412],[99.3515625,25.550653387494123],[99.346435546875,25.54535553593162],[99.343994140625,25.53974030155662],[99.33779296875002,25.51581452030662],[99.33652343750003,25.505243231244123],[99.33837890625,25.49994537968162],[99.34716796875,25.48346588749412],[99.35019531250003,25.474872137494117],[99.3525390625,25.45636627811912],[99.351318359375,25.43891022343162],[99.344482421875,25.425555731244117],[99.329833984375,25.41962311405662],[99.31337890625002,25.42475006718162],[99.302734375,25.43366119999412],[99.29726562500002,25.432977606244123],[99.29453125000003,25.39984772343162],[99.28994140625002,25.38934967655662],[99.28867187500003,25.381708074994123],[99.2919921875,25.373553778119117],[99.306640625,25.35956452030662],[99.309814453125,25.354754949994117],[99.313720703125,25.33844635624412],[99.32373046875,25.32306549686912],[99.367431640625,25.27850983280662],[99.41347656250002,25.212176824994117],[99.435546875,25.19928619999412],[99.47275390625003,25.165301824994117],[99.48056640625003,25.15582916874412],[99.48876953125,25.13947174686912],[99.50830078125,25.13336823124412],[99.53095703125001,25.13410065311912],[99.548828125,25.138446356244117],[99.55849609375002,25.12909577030662],[99.5791015625,25.117792059369123],[99.6025390625,25.108270574994123],[99.62089843749999,25.10431549686912],[99.63535156250003,25.098895574994117],[99.64833984375002,25.08539459843162],[99.730712890625,24.977655340619123],[99.74111328125002,24.95697662968162],[99.74521484375003,24.914081121869117],[99.7548828125,24.89203522343162],[99.765625,24.88434479374412],[99.80947265625002,24.862420965619123],[99.826904296875,24.85785553593162],[99.83544921875,24.84979889530662],[99.86474609375,24.795770574994123],[99.892578125,24.77142975468162],[99.926513671875,24.75580475468162],[99.965576171875,24.74652741093162],[100.07666015625,24.733417059369117],[100.10097656250002,24.71906159061912],[100.1162109375,24.67096588749412],[100.12900390625003,24.67475006718162],[100.14296875000002,24.68866608280662],[100.15673828125,24.70722077030662],[100.16318359375003,24.718133856244123],[100.1689453125,24.72382233280662],[100.17626953125,24.728387762494123],[100.189697265625,24.732782293744123],[100.210205078125,24.74591705936912],[100.22929687499999,24.75116608280662],[100.281494140625,24.75739166874412],[100.30625000000003,24.767938543744123],[100.32343750000001,24.76911041874412],[100.3720703125,24.75092194218162],[100.3818359375,24.74494049686912],[100.39248046875002,24.73578522343162],[100.41708984375003,24.719256903119117],[100.426513671875,24.707049871869117],[100.423583984375,24.70319244999412],[100.4189453125,24.69342682499412],[100.43349609375002,24.69074127811912],[100.43710937500003,24.68146393436912],[100.43320312500003,24.655536199994117],[100.439697265625,24.646600653119123],[100.46787109375003,24.62689850468162],[100.47431640625001,24.614276434369117],[100.478759765625,24.607928778119117],[100.50068359375001,24.58759186405662],[100.50839843750003,24.57611725468162],[100.51123046875,24.56159088749412],[100.5107421875,24.53558991093162],[100.51523437500003,24.522723699994117],[100.52431640625002,24.51654694218162],[100.53583984375001,24.514667059369117],[100.54580078125002,24.510614324994123],[100.55712890625,24.476190496869123],[100.55703125000002,24.46527741093162],[100.546630859375,24.46063873905662],[100.52734375,24.44843170780662],[100.51679687500001,24.42011139530662],[100.51523437500003,24.38800690311912],[100.522705078125,24.36444733280662],[100.517822265625,24.35040924686912],[100.51650390625002,24.27142975468162],[100.52880859375,24.20673248905662],[100.53095703125001,24.162713934369123],[100.51953125,24.122577215619117],[100.493896484375,24.09198639530662],[100.453857421875,24.076434637494117],[100.412841796875,24.076434637494117],[100.403076171875,24.073260809369117],[100.3818359375,24.062762762494117],[100.3818359375,24.05170319218162],[100.392333984375,23.980243231244117],[100.40664062500002,23.93561432499412],[100.407470703125,23.91596100468162],[100.3955078125,23.89484284061912],[100.37949218750003,23.88275787968162],[100.33964843749999,23.859881903119117],[100.32343750000001,23.84369537968162],[100.28945312500002,23.76483795780662],[100.27197265625,23.754266668744123],[100.25537109375,23.74066803593162],[100.199951171875,23.66864655155662],[100.19716796875002,23.660663153119117],[100.179443359375,23.63141510624412],[100.13857421875002,23.47308991093162],[100.134033203125,23.46735260624412],[100.12021484375003,23.45416901249412],[100.117431640625,23.449237371869117],[100.10439453125002,23.41168854374412],[100.07431640625003,23.360858465619117],[100.07021484375002,23.346795965619123],[100.072265625,23.329706121869123],[100.08134765624999,23.293329168744123],[100.083251953125,23.27142975468162],[100.077392578125,23.253778387494123],[100.050537109375,23.22724030155662],[100.04296875,23.212420965619117],[100.09589843750001,23.17121002811912],[100.114013671875,23.16522858280662],[100.12001953125002,23.15509674686912],[100.14296875000002,23.071307684369117],[100.14667968750001,23.065204168744117],[100.161376953125,23.06073639530662],[100.181884765625,23.04975006718162],[100.186279296875,23.04486725468162],[100.19296875000003,23.03070709843162],[100.20859375000003,23.01373932499412],[100.22675781250001,23.00299713749412],[100.24091796875001,23.00763580936912],[100.24843750000002,23.00763580936912],[100.257080078125,22.97077057499412],[100.261962890625,22.95917389530662],[100.26904296875,22.94965241093162],[100.27431640625002,22.948260809369117],[100.296142578125,22.95917389530662],[100.29179687499999,22.915545965619117],[100.30087890625003,22.87885162968162],[100.35498046875,22.79096100468162],[100.36181640625,22.77680084843162],[100.365478515625,22.74616119999412],[100.3701171875,22.72662994999412],[100.37119140625003,22.71649811405662],[100.36279296875,22.68244049686912],[100.364501953125,22.67182037968162],[100.36835937500001,22.670428778119117],[100.392333984375,22.65753815311912],[100.40224609375002,22.649774481244123],[100.437744140625,22.61200592655662],[100.5126953125,22.55170319218162],[100.53330078125003,22.53974030155662],[100.55341796875001,22.53461334843162],[100.56787109375,22.52692291874412],[100.57265625000002,22.509051824994117],[100.570556640625,22.47321198124412],[100.574951171875,22.450946356244117],[100.57470703125,22.43756744999412],[100.56679687500002,22.43158600468162],[100.56406250000003,22.425409246869123],[100.57314453125002,22.41193268436912],[100.58505859375003,22.39887116093162],[100.59091796875003,22.39374420780662],[100.59511718750002,22.38654205936912],[100.62509765625003,22.36334869999412],[100.64667968750001,22.32660553593162],[100.65927734375003,22.31488678593162],[100.6396484375,22.30939362186912],[100.63134765625,22.30609772343162],[100.62509765625003,22.301874090619123],[100.61376953125,22.28839752811912],[100.60927734375002,22.27850983280662],[100.615234375,22.273944403119117],[100.63759765625002,22.262469793744117],[100.66083984375001,22.25910065311912],[100.671142578125,22.25592682499412],[100.679443359375,22.25153229374412],[100.699462890625,22.237079168744117],[100.70253906250002,22.23139069218162],[100.7099609375,22.20905182499412],[100.7138671875,22.174920965619123],[100.717041015625,22.16864655155662],[100.731201171875,22.15143463749412],[100.734375,22.140497137494123],[100.731201171875,22.13275787968162],[100.72431640625001,22.125116278119123],[100.71933593750003,22.11737702030662],[100.720703125,22.109491278119123],[100.73095703125,22.10871002811912],[100.75722656250002,22.098895574994117],[100.77792968750003,22.08759186405662],[100.76259765625002,22.07172272343162],[100.77138671875002,22.04877350468162],[100.7958984375,22.01386139530662],[100.803955078125,22.010370184369123],[100.82080078125,22.009295965619117],[100.83056640625,22.00702545780662],[100.855712890625,21.989520574994117],[100.86728515625003,21.98346588749412],[100.870361328125,21.97565338749412],[100.87148437500002,21.95551178593162],[100.87451171875,21.94379303593162],[100.88173828125002,21.93744537968162],[100.890869140625,21.932635809369117],[100.89951171875003,21.92511627811912],[100.90595703125001,21.913592840619117],[100.91005859375002,21.90082428593162],[100.91250000000002,21.873309637494117],[100.91787109375002,21.860956121869123],[100.92988281250001,21.85358307499412],[100.94189453125,21.849237371869123],[100.947265625,21.84625885624412],[101.02978515625,21.849383856244117],[101.0673828125,21.82892487186912],[101.07080078125,21.822528387494117],[101.068359375,21.80841705936912],[101.06884765625,21.79437897343162],[101.0810546875,21.787958074994123],[101.10800781250003,21.79144928593162],[101.173828125,21.81525299686912],[101.18125000000003,21.79694244999412],[101.1630859375,21.784051824994123],[101.11865234375,21.766864324994117],[101.11865234375,21.760028387494117],[101.12451171875,21.744403387494117],[101.12734375000002,21.695331121869117],[101.13593750000001,21.684930731244123],[101.14882812500002,21.67694733280662],[101.1611328125,21.658563543744123],[101.16845703125,21.63800690311912],[101.16640625000002,21.62348053593162],[101.173583984375,21.61212799686912],[101.167236328125,21.60040924686912],[101.157470703125,21.586444403119117],[101.15390625000003,21.568231512494123],[101.15869140625,21.552850653119123],[101.16083984375001,21.53485748905662],[101.15683593750003,21.519891668744123],[101.142822265625,21.51361725468162],[101.003173828125,21.40619537968162],[100.90966796875,21.36029694218162],[100.895751953125,21.355975653119117],[100.862060546875,21.323504949994117],[100.85107421875,21.31500885624412],[100.81416015625001,21.300409246869123],[100.79160156250003,21.29755280155662],[100.772216796875,21.304461981244117],[100.7646484375,21.30939362186912],[100.75634765625,21.312616278119123],[100.74746093750002,21.314471746869117],[100.738037109375,21.31500885624412],[100.72509765625,21.311883856244123],[100.7216796875,21.30390045780662],[100.72216796875,21.29291412968162],[100.720703125,21.28082916874412],[100.68916015625001,21.159540106244123],[100.63720703125,21.06989166874412],[100.62509765625003,21.05426666874412],[100.6064453125,21.04413483280662],[100.5615234375,21.035272528119123],[100.54306640625003,21.027606512494117],[100.55556640625002,21.00006744999412],[100.556884765625,20.99225494999412],[100.55166015625002,20.98554108280662],[100.532958984375,20.973651434369117],[100.52880859375,20.968622137494123],[100.52675781250002,20.947137762494123],[100.517333984375,20.906512762494117],[100.51523437500003,20.886737371869117],[100.533935546875,20.87409088749412],[100.62255859375,20.88873932499412],[100.65175781250002,20.88300202030662],[100.65175781250002,20.87677643436912],[100.626220703125,20.85370514530662],[100.59853515625002,20.83368561405662],[100.568603515625,20.817987371869123],[100.536376953125,20.807879949994117],[100.51308593750002,20.807245184369123],[100.470458984375,20.818475653119123],[100.38339843750003,20.831903387494123],[100.364501953125,20.828387762494117],[100.350830078125,20.81549713749412],[100.34169921875002,20.799676824994123],[100.32929687500001,20.78620026249412],[100.289794921875,20.77521393436912],[100.27431640625002,20.762225653119117],[100.24843750000002,20.732196356244117],[100.221435546875,20.70978424686912],[100.2109375,20.69757721561912],[100.20673828125001,20.68097565311912],[100.20205078125002,20.668085028119123],[100.1796875,20.63837311405662],[100.17255859375001,20.622333074994117],[100.17255859375001,20.609247137494123],[100.15976562500003,20.582879949994123],[100.14882812500002,20.54828522343162],[100.13632812500003,20.45941803593162],[100.12705078125003,20.42804596561912],[100.12490234375002,20.406610418744123],[100.12070312500003,20.38898346561912],[100.11083984375,20.37506744999412],[100.09931640625001,20.362420965619123],[100.0966796875,20.34857819218162],[100.09716796875,20.33515045780662],[100.098876953125,20.317987371869123],[100.096923828125,20.28339264530662],[100.1025390625,20.263788153119123],[100.1162109375,20.24823639530662],[100.13427734375,20.239276434369117],[100.15214843749999,20.23932526249412],[100.16738281250002,20.25385162968162],[100.16689453125002,20.29279205936912],[100.17597656250001,20.300799871869117],[100.17919921875,20.30267975468162],[100.201416015625,20.31049225468162],[100.20673828125001,20.31134674686912],[100.20888671875002,20.31317780155662],[100.220458984375,20.34918854374412],[100.239990234375,20.37299225468162],[100.27001953125,20.39203522343162],[100.30605468750002,20.39984772343162],[100.343994140625,20.390155340619117],[100.36386718750003,20.369159246869117],[100.42138671875,20.25031159061912],[100.447021484375,20.21820709843162],[100.45175781250003,20.210467840619117],[100.45693359375002,20.19660065311912],[100.460693359375,20.190936590619117],[100.46835937500003,20.185907293744123],[100.48525390625002,20.178973699994117],[100.48847656250001,20.17352936405662],[100.49599609375002,20.16510651249412],[100.512451171875,20.15546295780662],[100.52880859375,20.14996979374412],[100.536376953125,20.153680731244123],[100.54179687499999,20.16693756718162],[100.5546875,20.17035553593162],[100.57041015625003,20.167987371869117],[100.584228515625,20.163592840619117],[100.594482421875,20.12836334843162],[100.584228515625,20.01276276249412],[100.593017578125,19.81940338749412],[100.6015625,19.802850653119123],[100.62167968750003,19.810419012494123],[100.63193359375003,19.815936590619117],[100.64179687500001,19.81647369999412],[100.655517578125,19.81354401249412],[100.66884765625002,19.815057684369123],[100.67822265625,19.81879303593162],[100.74853515625,19.858026434369123],[100.779541015625,19.884881903119123],[100.79208984375003,19.89105866093162],[100.805908203125,19.89203522343162],[100.927978515625,19.873309637494117],[100.97451171875002,19.85956452030662],[101.00937500000003,19.83405182499412],[101.01308593750002,19.84113190311912],[101.01953125,19.85016510624412],[101.02236328125002,19.855731512494117],[101.02978515625,19.855731512494117],[101.043212890625,19.84088776249412],[101.0595703125,19.84589264530662],[101.08437500000002,19.868768621869123],[101.109375,19.88568756718162],[101.11865234375,19.889276434369123],[101.13134765625,19.88873932499412],[101.14199218750002,19.88385651249412],[101.150390625,19.87824127811912],[101.16953125000003,19.869012762494123],[101.234619140625,19.82782623905662],[101.25791015625003,19.82135651249412],[101.55947265625002,19.823504949994117],[101.596923828125,19.83136627811912],[101.618896484375,19.855731512494117],[101.60683593750002,19.863153387494123],[101.619384765625,19.87445709843162],[101.64111328125,19.884784246869117],[101.65634765625003,19.889276434369123],[101.66650390625,19.89508698124412],[101.69580078125,19.92230866093162],[101.70761718750003,19.93085358280662],[101.748046875,19.941180731244117],[101.82929687500001,19.94806549686912],[101.865234375,19.957538153119117],[101.898681640625,19.979364324994123],[101.9501953125,20.034198309369117],[101.97451171875002,20.053729559369117],[101.9921875,20.059588934369117],[102.047119140625,20.053729559369117],[102.06357421875003,20.05817291874412],[102.119140625,20.088495184369123],[102.157958984375,20.09223053593162],[102.190673828125,20.080682684369123],[102.216796875,20.057489324994123],[102.23583984375,20.02643463749412],[102.24648437500002,19.98810455936912],[102.24091796875001,19.95880768436912],[102.22236328125001,19.935809637494117],[102.19423828125002,19.91657135624412],[102.18496093750002,19.912372137494117],[102.16738281250002,19.906756903119117],[102.16015625,19.90289948124412],[102.14150390625002,19.879266668744123],[102.13623046875,19.875604559369123],[102.127197265625,19.87348053593162],[102.11767578125,19.86408112186912],[102.10849609375003,19.861932684369123],[102.0859375,19.860223699994123],[102.04541015625,19.85199616093162],[102.038818359375,19.84882233280662],[102.02978515625,19.84149811405662],[102.02382812500002,19.832049871869117],[102.01162109375002,19.805926824994117],[102.005859375,19.80048248905662],[101.9931640625,19.79437897343162],[101.8935546875,19.70563385624412],[101.8857421875,19.68720123905662],[101.876708984375,19.67938873905662],[101.83554687500003,19.657977606244117],[101.82431640625003,19.649676824994117],[101.81494140625,19.615008856244117],[101.81669921874999,19.48151276249412],[101.82089843750003,19.467157293744123],[101.8291015625,19.454120184369117],[101.84130859375,19.44086334843162],[101.85693359375,19.43121979374412],[101.89638671875002,19.41437409061912],[101.90625,19.40326569218162],[101.8994140625,19.393426824994123],[101.8662109375,19.36029694218162],[101.8583984375,19.34491608280662],[101.853271484375,19.325458074994117],[101.830322265625,19.29230377811912],[101.82431640625003,19.27912018436912],[101.823974609375,19.26019928593162],[101.83056640625,19.200946356244117],[101.82871093750003,19.180780340619123],[101.8203125,19.14728424686912],[101.80859375,19.032586981244123],[101.80488281250001,19.021258856244117],[101.80312500000002,19.01056549686912],[101.806884765625,19.00202057499412],[101.812255859375,18.99433014530662],[101.81494140625,18.98505280155662],[101.81689453125,18.96442291874412],[101.81591796875,18.941278387494123],[101.8056640625,18.904169012494123],[101.80322265625,18.885614324994123],[101.808837890625,18.87030670780662],[101.85097656250002,18.826678778119117],[101.86171875000002,18.79340241093162],[101.85429687499999,18.76337311405662],[101.82431640625003,18.703729559369123],[101.819580078125,18.68268463749412],[101.81513671875001,18.64081452030662],[101.81064453125003,18.621844793744117],[101.779296875,18.568866278119117],[101.76376953125003,18.549579168744117],[101.74257812500002,18.50226471561912],[101.732177734375,18.491473699994117],[101.72998046875,18.48847077030662],[101.70761718750003,18.47101471561912],[101.696044921875,18.46674225468162],[101.68320312500003,18.46442291874412],[101.670654296875,18.465350653119117],[101.65976562500003,18.47101471561912],[101.64453125,18.457635809369123],[101.62636718750002,18.421161199994117],[101.61513671875002,18.405536199994117],[101.593017578125,18.39093659061912],[101.57773437500003,18.38507721561912],[101.57421875,18.375751043744117],[101.57343750000001,18.36444733280662],[101.571044921875,18.35492584843162],[101.5615234375,18.341327215619117],[101.54697265625003,18.32538483280662],[101.52988281250003,18.31207916874412],[101.512451171875,18.306512762494123],[101.490478515625,18.30304596561912],[101.481201171875,18.293817449994123],[101.47617187500003,18.28070709843162],[101.46738281250003,18.26557037968162],[101.42080078125002,18.214715887494123],[101.40322265625002,18.18219635624412],[101.39912109375001,18.14142487186912],[101.404296875,18.127801824994123],[101.42294921875003,18.09638092655662],[101.427001953125,18.084002996869117],[101.43320312500003,18.012323309369123],[101.430908203125,17.98261139530662],[101.424560546875,17.95465729374412],[101.423583984375,17.92890045780662],[101.44482421875,17.894891668744123],[101.449462890625,17.88483307499412],[101.45634765624999,17.87738678593162],[101.47119140625,17.874530340619117],[101.495361328125,17.87909577030662],[101.50419921874999,17.875848699994123],[101.509033203125,17.860858465619117],[101.51572265625003,17.860858465619117],[101.523193359375,17.86664459843162],[101.537353515625,17.87360260624412],[101.55117187500002,17.87518952030662],[101.557373046875,17.86456940311912],[101.5546875,17.85712311405662],[101.53681640625001,17.82672760624412],[101.53681640625001,17.82050202030662],[101.54345703125,17.815545965619123],[101.55019531250002,17.81391022343162],[101.55703125000002,17.815545965619123],[101.56357421875003,17.82050202030662]]]}},{"type":"Feature","properties":{"rank":2},"geometry":{"type":"MultiLineString","coordinates":[[[87.66015625,29.15155670780662],[87.67626953125,29.15424225468162],[87.6875,29.166278387494117],[87.668212890625,29.200213934369117],[87.66806640625003,29.217792059369117],[87.683837890625,29.237665106244116],[87.693115234375,29.24408600468162],[87.71035156250002,29.252313543744116],[87.71787109375003,29.258172918744116],[87.72675781250001,29.269549871869117],[87.74208984375002,29.302264715619117],[87.77626953125002,29.333758856244117],[87.81796875000003,29.34760162968162],[87.90664062500002,29.36432526249412],[87.96425781250002,29.395038153119117],[87.98505859375001,29.399042059369116],[88.04140625000002,29.38751862186912],[88.09003906250001,29.383661199994116],[88.105224609375,29.37824127811912],[88.12919921874999,29.35407135624412],[88.14902343750003,29.340448309369116],[88.16884765625002,29.33710358280662],[88.18671875000001,29.34137604374412],[88.201416015625,29.35065338749412],[88.205322265625,29.35712311405662],[88.208251953125,29.36542389530662],[88.21259765625001,29.37311432499412],[88.22128906250003,29.377948309369117],[88.23427734375002,29.37799713749412],[88.24160156250002,29.373065496869117],[88.24843750000002,29.367206121869117],[88.259765625,29.36432526249412],[88.27089843750002,29.36542389530662],[88.29052734375,29.37006256718162],[88.30068359375002,29.37116119999412],[88.30673828125003,29.367938543744117],[88.31826171875002,29.35162994999412],[88.324951171875,29.34442780155662],[88.34267578125002,29.33551666874412],[88.36259765624999,29.331317449994117],[88.403076171875,29.33014557499412],[88.42529296875,29.33576080936912],[88.46992187500001,29.35956452030662],[88.49560546875,29.36432526249412],[88.557861328125,29.35260651249412],[88.630859375,29.35065338749412],[88.83203125,29.34442780155662],[88.84335937500003,29.33954498905662],[88.85175781250001,29.33429596561912],[88.860595703125,29.334100653119116],[88.87294921875002,29.34442780155662],[88.912109375,29.328876043744117],[88.946044921875,29.35175202030662],[88.97939453125002,29.381219793744116],[89.016357421875,29.38544342655662],[89.02285156250002,29.380145574994117],[89.04736328125,29.35407135624412],[89.05556640625002,29.34943268436912],[89.06650390625003,29.34650299686912],[89.122802734375,29.342889715619116],[89.133056640625,29.34442780155662],[89.14248046875002,29.349481512494116],[89.15732421875003,29.36432526249412],[89.167236328125,29.37116119999412],[89.18710937500003,29.360956121869116],[89.20468750000003,29.35712311405662],[89.246337890625,29.35748932499412],[89.25576171875002,29.36066315311912],[89.27451171875003,29.37482330936912],[89.280517578125,29.377948309369117],[89.36435546875003,29.36408112186912],[89.39658203125003,29.35443756718162],[89.430908203125,29.348016668744116],[89.47568359375003,29.35065338749412],[89.54433593750002,29.368670965619117],[89.56787109375,29.37116119999412],[89.66123046875003,29.37116119999412],[89.694580078125,29.363788153119117],[89.764404296875,29.325702215619117],[89.8115234375,29.32269928593162],[89.927978515625,29.340106512494117],[89.990234375,29.36432526249412],[90.013916015625,29.367547918744116],[90.074951171875,29.35748932499412],[90.13818359375,29.359881903119117],[90.28603515625002,29.33624909061912],[90.32529296875003,29.32269928593162],[90.380615234375,29.29376862186912],[90.3974609375,29.289178778119116],[90.40185546875,29.28546784061912],[90.41806640625003,29.26642487186912],[90.421630859375,29.258172918744116],[90.42734375000003,29.25311920780662],[90.4404296875,29.25495026249412],[90.46259765625001,29.26190827030662],[90.54599609375003,29.273700262494117],[90.58242187500002,29.284784246869116],[90.700439453125,29.348895574994117],[90.74033203125003,29.354608465619116],[90.75732421875,29.31964752811912],[90.7646484375,29.295672918744117],[90.78095703125001,29.297235418744116],[90.80839843749999,29.31647369999412],[90.81904296875001,29.32086823124412],[90.83925781250002,29.340106512494117],[90.849609375,29.34442780155662],[90.89052734375002,29.34442780155662],[90.90634765625003,29.340106512494117],[90.93759765625003,29.32086823124412],[90.959716796875,29.31647369999412],[90.969482421875,29.320086981244117],[90.97988281250002,29.32684967655662],[90.99033203125003,29.33087799686912],[91.00039062500002,29.32648346561912],[91.008056640625,29.32111237186912],[91.01748046875002,29.318377996869117],[91.03798828125002,29.31647369999412],[91.08632812500002,29.330829168744117],[91.11474609375,29.33539459843162],[91.12734375000002,29.325311590619116],[91.13857421875002,29.31842682499412],[91.287841796875,29.291522528119117],[91.302734375,29.284686590619117],[91.32167968750002,29.285174871869117],[91.35732421875002,29.293817449994116],[91.37685546875002,29.296161199994117],[91.43603515625,29.290545965619117],[91.45175781250003,29.29193756718162],[91.51132812500003,29.303973699994117],[91.570068359375,29.305194403119117],[91.64990234375,29.28851959843162],[91.66328125000001,29.287372137494117],[91.670654296875,29.28815338749412],[91.69169921874999,29.29364655155662],[91.70859375000003,29.29462311405662],[91.76904296875,29.288592840619117],[91.78310546875002,29.29059479374412],[91.8369140625,29.305438543744117],[91.86562500000002,29.30780670780662],[91.89453125,29.30658600468162],[91.9228515625,29.301629949994116],[91.94970703125,29.293085028119116],[91.951171875,29.28912994999412],[91.953857421875,29.287225653119116],[91.95664062500003,29.28595612186912],[91.95937500000002,29.283465887494117],[91.96044921875,29.281024481244117],[91.961669921875,29.27570221561912],[91.962890625,29.273065496869116],[91.97519531250003,29.26459381718162],[91.992919921875,29.26105377811912],[92.01123046875,29.262079168744116],[92.025390625,29.267596746869117],[92.02890625000003,29.27191803593162],[92.03476562500003,29.284295965619116],[92.03857421875,29.289178778119116],[92.04824218750002,29.295672918744117],[92.05908203125,29.29962799686912],[92.07070312500002,29.301629949994116],[92.12890625,29.304803778119116],[92.14560546875003,29.30341217655662],[92.193359375,29.27887604374412],[92.27109375000003,29.252069403119116],[92.34511718750002,29.237420965619116],[92.35693359375,29.236835028119117],[92.370361328125,29.242206121869117],[92.390869140625,29.265643621869117],[92.398193359375,29.271014715619117],[92.422119140625,29.26935455936912],[92.45029296875003,29.26398346561912],[92.47373046875003,29.254413153119117],[92.483642578125,29.23993561405662],[92.48769531250002,29.22418854374412],[92.52392578125,29.164081121869117],[92.52509765625001,29.15888092655662],[92.52968750000002,29.156756903119117],[92.545654296875,29.154901434369116],[92.556396484375,29.155536199994117],[92.58056640625,29.16071198124412],[92.59345703125001,29.161151434369117],[92.58408203125003,29.14154694218162],[92.58115234375003,29.13117096561912],[92.58349609375,29.12323639530662],[92.59433593750003,29.11725494999412],[92.60195312500002,29.121210028119116],[92.608154296875,29.12885162968162],[92.614501953125,29.133807684369117],[92.6376953125,29.13812897343162],[92.66367187500003,29.140155340619117],[92.68837890625002,29.136102606244116],[92.707275390625,29.12225983280662],[92.71591796875003,29.10871002811912],[92.72109375000002,29.10309479374412],[92.72939453125002,29.09821198124412],[92.73642578125003,29.09601471561912],[92.870361328125,29.097040106244116],[92.888916015625,29.092645574994116],[92.89794921875,29.08283112186912],[92.90634765625003,29.078631903119117],[92.919921875,29.06842682499412],[92.92832031250003,29.063592840619116],[92.938720703125,29.059588934369117],[92.95957031250003,29.055194403119117],[92.9951171875,29.053583074994116],[93.01962890625003,29.05658600468162],[93.04257812500003,29.064569403119116],[93.06201171875,29.07880280155662],[93.07363281250002,29.09320709843162],[93.0888671875,29.11798737186912],[93.09677734375003,29.125995184369117],[93.106201171875,29.12946198124412],[93.11630859375003,29.125116278119116],[93.12158203125,29.11603424686912],[93.12177734375001,29.105340887494116],[93.120361328125,29.094256903119117],[93.12099609375002,29.083758856244117],[93.123779296875,29.07648346561912],[93.12783203125002,29.069842840619117],[93.140869140625,29.05255768436912],[93.14589843750002,29.042352606244116],[93.14902343750003,29.03766510624412],[93.1591796875,29.03119537968162],[93.17148437500003,29.03058502811912],[93.1845703125,29.03192780155662],[93.19677734375,29.031366278119116],[93.20751953125,29.02631256718162],[93.224853515625,29.01251862186912],[93.23447265625003,29.009637762494116],[93.28330078125003,29.004169012494117],[93.29892578125003,29.004901434369117],[93.31669921874999,29.010126043744116],[93.33291015625002,29.01874420780662],[93.34765625,29.029901434369116],[93.39345703125002,29.083758856244117],[93.40439453125003,29.104999090619117],[93.4111328125,29.11469147343162],[93.419189453125,29.12201569218162],[93.436279296875,29.134149481244116],[93.443115234375,29.142206121869116],[93.46132812500002,29.175067449994117],[93.47451171875002,29.18585846561912],[93.49062500000002,29.18964264530662],[93.508056640625,29.18915436405662],[93.55712890625,29.18219635624412],[93.59033203125,29.183710028119116],[93.606201171875,29.18183014530662],[93.616455078125,29.182879949994117],[93.621337890625,29.18219635624412],[93.62636718750002,29.177362371869116],[93.628173828125,29.16388580936912],[93.6318359375,29.161151434369117],[93.654541015625,29.16315338749412],[93.687255859375,29.169696356244117],[93.703857421875,29.16791412968162],[93.71376953125002,29.16364166874412],[93.72216796875,29.15875885624412],[93.73095703125,29.15558502811912],[93.742431640625,29.15668366093162],[93.76669921875003,29.16657135624412],[93.77841796875003,29.16950104374412],[93.792236328125,29.16791412968162],[93.822998046875,29.156122137494116],[93.834228515625,29.15460846561912],[93.848876953125,29.15570709843162],[93.86474609375,29.15924713749412],[93.87939453125,29.16547272343162],[93.890869140625,29.17462799686912],[93.90029296875002,29.186639715619116],[93.9052734375,29.19183991093162],[93.911865234375,29.195819403119117],[93.93076171875003,29.20087311405662],[93.96923828125,29.20477936405662],[93.988037109375,29.210321356244116],[94.01601562500002,29.22370026249412],[94.02626953125002,29.225946356244116],[94.06093750000002,29.22833893436912],[94.078857421875,29.227655340619116],[94.09531250000003,29.22492096561912],[94.11826171875003,29.21674225468162],[94.126220703125,29.214960028119116],[94.1611328125,29.21454498905662],[94.17958984375002,29.217157293744116],[94.19482421875,29.22186920780662],[94.35595703125,29.30951569218162]]]}},{"type":"Feature","properties":{"rank":2},"geometry":{"type":"MultiLineString","coordinates":[[[95.396484375,28.002948309369117],[95.398193359375,28.03204987186912],[95.3974609375,28.044940496869117],[95.39306640625,28.05438873905662],[95.384033203125,28.062616278119116],[95.376708984375,28.06574127811912],[95.35546875,28.071161199994116],[95.32900390625002,28.081659246869116],[95.316162109375,28.088739324994116],[95.30576171875003,28.097674871869117],[95.29345703125,28.114520574994117],[95.28945312500002,28.123163153119116],[95.284912109375,28.14215729374412],[95.28134765625003,28.14935944218162],[95.27597656250003,28.15534088749412],[95.26816406250003,28.16095612186912],[95.25507812500001,28.16803619999412],[95.241455078125,28.17316315311912],[95.22695312500002,28.176629949994116],[95.212158203125,28.178485418744117],[95.20009765625002,28.178338934369116],[95.19082031250002,28.17572662968162],[95.18251953125002,28.17084381718162],[95.17333984375,28.163592840619117],[95.16005859375002,28.155292059369117],[95.145263671875,28.15033600468162],[95.1298828125,28.148065496869116],[95.098876953125,28.14935944218162],[95.06601562500003,28.155877996869116],[95.0517578125,28.161249090619116],[95.03720703125003,28.171649481244117],[95.031982421875,28.17365143436912],[95.02490234375,28.20172760624412],[95.01904296875,28.21454498905662],[95.01025390625,28.22638580936912],[94.99814453125003,28.237176824994116],[94.992919921875,28.24310944218162],[94.989501953125,28.25055573124412],[94.98867187500002,28.259393621869116],[94.992919921875,28.28644440311912],[94.999755859375,28.309344793744117],[95.013427734375,28.326776434369116],[95.09248046875001,28.405780340619117],[95.09619140625,28.41803619999412],[95.09042968750003,28.45575592655662],[95.09365234375002,28.47223541874412],[95.09921875000003,28.48847077030662],[95.103515625,28.507342840619117],[95.09794921874999,28.53937409061912],[95.07900390625002,28.56720612186912],[95.031982421875,28.61603424686912],[95.021484375,28.631366278119117],[94.99912109375003,28.68195221561912],[94.99677734375001,28.67877838749412],[94.990234375,28.67536041874412],[94.98251953125003,28.675409246869116],[94.977294921875,28.682733465619116],[94.97675781250001,28.69000885624412],[94.97792968750002,28.70538971561912],[94.9755859375,28.71222565311912],[94.96533203125,28.72101471561912],[94.937744140625,28.73334381718162],[94.92685546875003,28.74298737186912],[94.92128906250002,28.75250885624412],[94.91689453125002,28.76300690311912],[94.9140625,28.773944403119117],[94.91201171875002,28.78986237186912],[94.91250000000002,28.79303619999412],[94.91357421875,28.79559967655662],[94.91562500000003,28.79877350468162],[94.918701171875,28.80170319218162],[94.922119140625,28.80365631718162],[94.92431640625,28.806415106244117],[94.924072265625,28.811639715619116],[94.91542968750002,28.82099030155662],[94.90000000000003,28.824579168744116],[94.79345703125,28.824090887494116],[94.7880859375,28.826922918744117],[94.78544921874999,28.832538153119117],[94.78466796875,28.841815496869117],[94.774658203125,28.845575262494116],[94.7734375,28.85443756718162],[94.77880859375,28.87543366093162],[94.77968750000002,28.89996979374412],[94.783203125,28.92401764530662],[94.78847656250002,28.934588934369117],[94.796142578125,28.938495184369117],[94.8056640625,28.93976471561912],[94.81689453125,28.94257233280662],[94.83115234375003,28.950458074994117],[94.83759765625001,28.95563385624412],[94.84326171875,28.961297918744116],[94.857177734375,28.984637762494117],[94.86318359375002,28.99201080936912],[94.86962890625,28.997577215619117],[94.900634765625,29.01679108280662],[94.90478515625,29.02094147343162],[94.9072265625,29.026727606244116],[94.90673828125,29.031610418744116],[94.9052734375,29.03620026249412],[94.90478515625,29.04120514530662],[94.90869140625,29.051044012494117],[94.91660156250003,29.05890534061912],[94.93466796875003,29.072137762494116],[94.96982421875003,29.11066315311912],[94.99755859375,29.13043854374412],[95.0029296875,29.13886139530662],[95.00283203125002,29.149530340619116],[95.000244140625,29.15973541874412],[95.00087890625002,29.168231512494117],[95.010498046875,29.17389557499412],[95.017578125,29.174432684369116],[95.03232421875003,29.17304108280662],[95.03916015625003,29.17389557499412],[95.04443359375,29.176532293744117],[95.04775390625002,29.180047918744116],[95.053955078125,29.188348699994116],[95.064697265625,29.196307684369117],[95.101318359375,29.211932684369117],[95.1123046875,29.21857330936912],[95.15468750000002,29.25226471561912],[95.20175781250003,29.278827215619117],[95.21484375,29.282489324994117],[95.2421875,29.28461334843162],[95.254638671875,29.28839752811912],[95.3125,29.330194403119116],[95.31601562500003,29.337274481244116],[95.4287109375,29.45099518436912],[95.437255859375,29.46381256718162],[95.43916015625001,29.478778387494117],[95.437255859375,29.485614324994117],[95.430908203125,29.49860260624412],[95.4287109375,29.50556061405662],[95.427978515625,29.529413153119116],[95.42597656250001,29.53717682499412],[95.422119140625,29.543573309369116],[95.40615234375002,29.55768463749412],[95.40214843749999,29.562762762494117],[95.39316406250003,29.57977936405662],[95.38818359375,29.59491608280662],[95.388671875,29.60724518436912],[95.39384765624999,29.63507721561912],[95.392822265625,29.65729401249412],[95.39638671875002,29.680292059369116],[95.396484375,29.68781159061912],[95.39423828125001,29.695672918744116],[95.39072265625003,29.701190496869117],[95.38222656250002,29.71124909061912],[95.3798828125,29.717157293744116],[95.37998046875003,29.723651434369117],[95.38623046875,29.744403387494117],[95.384033203125,29.771112371869116],[95.369140625,29.784442449994117],[95.29941406250003,29.80512116093162],[95.28828125000001,29.81122467655662],[95.2841796875,29.81854889530662],[95.28701171875002,29.82184479374412],[95.29824218750002,29.82807037968162],[95.30224609375,29.830926824994116],[95.305908203125,29.836932684369117],[95.30751953125002,29.843524481244117],[95.306884765625,29.85028717655662],[95.303955078125,29.856805731244116],[95.29648437500003,29.863153387494116],[95.286376953125,29.86688873905662],[95.27578125000002,29.86847565311912],[95.24501953125002,29.865985418744117],[95.22412109375,29.86652252811912],[95.20654296875,29.87409088749412],[95.195068359375,29.892938543744116],[95.17490234375003,29.893573309369117],[95.15097656250003,29.889032293744116],[95.12880859375002,29.88019440311912],[95.113037109375,29.86786530155662],[95.10761718750001,29.85809967655662],[95.09248046875001,29.81366608280662],[95.09384765625003,29.806512762494116],[95.09970703125003,29.80109284061912],[95.11767578125,29.78961823124412],[95.12412109375003,29.78229401249412],[95.127197265625,29.773553778119116],[95.12451171875,29.76422760624412],[95.1162109375,29.75861237186912],[95.10585937500002,29.758661199994116],[95.0849609375,29.76373932499412],[95.06630859375002,29.76557037968162],[94.99619140625003,29.76361725468162],[94.96865234375002,29.75812409061912],[94.954833984375,29.756952215619116],[94.903564453125,29.71600983280662],[94.89169921875003,29.69721100468162],[94.898681640625,29.69013092655662],[94.911376953125,29.684198309369116],[94.91660156250003,29.668817449994116],[94.89013671875,29.646258856244117],[94.88593750000001,29.633075262494117],[94.91318359375003,29.62726471561912],[94.92626953125,29.621942449994116],[94.924072265625,29.60956452030662],[94.875244140625,29.540545965619117],[94.86171875000002,29.52826569218162],[94.84345703125001,29.51727936405662],[94.83583984375002,29.511249090619117],[94.81728515625002,29.49176666874412],[94.806884765625,29.48615143436912],[94.794921875,29.48456452030662],[94.780029296875,29.485126043744117],[94.75439453125,29.48029205936912],[94.73056640625003,29.469598699994116],[94.70654296875,29.464129949994117],[94.68076171875003,29.47479889530662],[94.67197265625003,29.481708074994117],[94.66367187500003,29.486346746869117],[94.654541015625,29.489032293744117],[94.62783203125002,29.489520574994117],[94.59628906250003,29.48602936405662],[94.582275390625,29.481805731244116],[94.57343750000001,29.476336981244117],[94.55244140625001,29.45453522343162],[94.54072265625001,29.448260809369117],[94.50244140625,29.43866608280662],[94.48261718750001,29.428485418744117],[94.462890625,29.41193268436912],[94.44541015625003,29.392694403119116],[94.4248046875,29.362323309369117],[94.41650390625,29.353778387494117],[94.35595703125,29.30951569218162]]]}},{"type":"Feature","properties":{"rank":2},"geometry":{"type":"MultiLineString","coordinates":[[[95.396484375,28.002948309369117],[95.40156250000001,27.97199127811912],[95.4189453125,27.94171784061912],[95.44130859375002,27.915545965619117],[95.46152343750003,27.89679596561912],[95.4716796875,27.871356512494117],[95.45947265625,27.843866278119116],[95.437255859375,27.824823309369116],[95.4169921875,27.82477448124412],[95.4033203125,27.809344793744117],[95.38320312500002,27.793817449994116],[95.36025390625002,27.78180573124412],[95.33837890625,27.776971746869116],[95.330322265625,27.77240631718162],[95.29345703125,27.742792059369116],[95.25439453125,27.730340887494116],[95.21767578125002,27.72528717655662],[95.1494140625,27.70123932499412],[95.108154296875,27.69660065311912],[95.09814453125,27.69135162968162],[95.0908203125,27.67926666874412],[95.08554687500003,27.653436590619116],[95.08115234375003,27.64044830936912],[95.09345703125001,27.650897528119117],[95.10410156250003,27.666766668744117],[95.116943359375,27.68121979374412],[95.1357421875,27.68756744999412],[95.14414062500003,27.68048737186912],[95.14833984375002,27.66376373905662],[95.14707031250003,27.644403387494116],[95.139404296875,27.62958405155662],[95.10244140625002,27.609881903119117],[95.02490234375,27.60675690311912],[94.992431640625,27.59943268436912],[94.954833984375,27.57465241093162],[94.94394531250003,27.56940338749412],[94.93310546875,27.56964752811912],[94.92333984375,27.571649481244116],[94.91660156250003,27.571551824994117],[94.90634765625003,27.561883856244116],[94.880859375,27.528583074994117],[94.87568359375001,27.520038153119117],[94.8681640625,27.50299713749412],[94.85068359375003,27.50104401249412],[94.83134765624999,27.50348541874412],[94.81757812500001,27.499530340619117],[94.76181640625003,27.45831940311912],[94.752197265625,27.448602606244116],[94.76943359375002,27.43500397343162],[94.7578125,27.41925690311912],[94.721435546875,27.39679596561912],[94.703125,27.382440496869116],[94.66679687499999,27.363788153119117],[94.64980468750002,27.351825262494117],[94.65478515625,27.349139715619117],[94.664794921875,27.34149811405662],[94.67011718750001,27.338739324994116],[94.6669921875,27.334833074994116],[94.66552734375,27.331415106244116],[94.66445312500002,27.327997137494116],[94.662841796875,27.324481512494117],[94.646484375,27.328143621869117],[94.6318359375,27.31610748905662],[94.62060546875,27.29621002811912],[94.614990234375,27.27667877811912],[94.622802734375,27.287469793744116],[94.634521484375,27.299188543744116],[94.6484375,27.30841705936912],[94.662841796875,27.31146881718162],[94.681396484375,27.305682684369117],[94.68427734375001,27.294940496869117],[94.67666015625002,27.282001043744117],[94.662841796875,27.269891668744116],[94.65839843750001,27.26959869999412],[94.654296875,27.27240631718162],[94.64833984375002,27.273065496869116],[94.6318359375,27.260614324994116],[94.61962890625,27.25360748905662],[94.614990234375,27.249383856244116],[94.60849609375003,27.23725006718162],[94.601318359375,27.19415924686912],[94.59287109375003,27.199823309369116],[94.587890625,27.20758698124412],[94.58632812500002,27.21735260624412],[94.58759765625001,27.228876043744116],[94.571044921875,27.21808502811912],[94.56533203125002,27.197040106244117],[94.56650390625003,27.15009186405662],[94.565673828125,27.13983795780662],[94.560302734375,27.115594793744116],[94.55478515625003,27.10138580936912],[94.5419921875,27.099872137494117],[94.51884765624999,27.10602448124412],[94.50087890625002,27.09686920780662],[94.471435546875,27.06952545780662],[94.45458984375,27.06378815311912],[94.44843750000001,27.05939362186912],[94.44541015625003,27.04901764530662],[94.4443359375,27.026874090619117],[94.440673828125,27.01666901249412],[94.43222656250003,27.00775787968162],[94.4169921875,26.99616119999412],[94.40625,26.985126043744117],[94.39980468750002,26.98053619999412],[94.38916015625,26.97565338749412],[94.359375,26.96991608280662],[94.35146484375002,26.96515534061912],[94.32529296875003,26.93878815311912],[94.30810546875,26.927606512494116],[94.28662109375,26.920428778119117],[94.26455078125002,26.91901276249412],[94.20751953125,26.927264715619117],[94.19687500000003,26.924188543744116],[94.18427734375001,26.91657135624412],[94.17373046875002,26.906610418744116],[94.16943359375,26.89655182499412],[94.16464843750003,26.89667389530662],[94.1552734375,26.88324616093162],[94.147705078125,26.86871979374412],[94.14892578125,26.86579010624412],[94.1435546875,26.86237213749412],[94.12158203125,26.852167059369116],[94.12119140625003,26.85541412968162],[94.12158203125,26.86579010624412],[94.11474609375,26.85834381718162],[94.11328125,26.86945221561912],[94.119384765625,26.88324616093162],[94.13515625000002,26.90680573124412],[94.11347656250001,26.91242096561912],[94.09345703125001,26.90192291874412],[94.076416015625,26.88703034061912],[94.0634765625,26.87946198124412],[94.04433593750002,26.875848699994116],[94.0087890625,26.85846588749412],[93.9912109375,26.852167059369116],[93.945556640625,26.841571356244117],[93.927001953125,26.831659246869116],[93.906494140625,26.813983465619117],[93.87753906250003,26.778680731244116],[93.86337890625003,26.76593659061912],[93.841064453125,26.75592682499412],[93.76376953125003,26.739520574994117],[93.75156250000003,26.732049871869116],[93.65664062500002,26.714960028119116],[93.63593750000001,26.71808502811912],[93.61669921875,26.72479889530662],[93.59902343750002,26.734247137494116],[93.58359375000003,26.74603912968162],[93.56796875000003,26.751971746869117],[93.50527343750002,26.75592682499412],[93.46259765625001,26.766961981244116],[93.43994140625,26.768085028119117],[93.41572265625001,26.76215241093162],[93.41083984375001,26.75958893436912],[93.40664062500002,26.75604889530662],[93.37744140625,26.72345612186912],[93.36835937500001,26.71845123905662],[93.35761718750001,26.71845123905662],[93.34619140625,26.723016668744116],[93.32578125000003,26.73493073124412],[93.313232421875,26.739764715619117],[93.30019531250002,26.74176666874412],[93.287109375,26.74091217655662],[93.27431640625002,26.73712799686912],[93.248046875,26.72443268436912],[93.18310546875,26.67401764530662],[93.1416015625,26.654559637494117],[93.119140625,26.647479559369117],[93.10429687499999,26.649774481244116],[93.086669921875,26.65619537968162],[93.0625,26.65460846561912],[93.0185546875,26.64606354374412],[92.8984375,26.65350983280662],[92.88417968750002,26.650995184369116],[92.880615234375,26.64447662968162],[92.87998046875003,26.63544342655662],[92.87451171875,26.625604559369116],[92.853759765625,26.61200592655662],[92.833740234375,26.60834381718162],[92.73261718750001,26.61359284061912],[92.710693359375,26.611346746869117],[92.67626953125,26.600213934369116],[92.65712890625002,26.590838934369117],[92.648681640625,26.58124420780662],[92.64453125,26.569208074994116],[92.62314453125003,26.533221746869117],[92.614501953125,26.523211981244117],[92.5947265625,26.51752350468162],[92.508056640625,26.515741278119116],[92.47890625000002,26.51947662968162],[92.4296875,26.534686590619117],[92.40156250000001,26.53620026249412],[92.39121093750003,26.533221746869117],[92.353271484375,26.515741278119116],[92.32509765625002,26.508172918744116],[92.31386718750002,26.502704168744117],[92.302001953125,26.49213287968162],[92.292724609375,26.487567449994117],[92.25507812500001,26.47479889530662],[92.24951171875,26.47394440311912],[92.24462890625,26.471551824994116],[92.24062500000002,26.468036199994117],[92.237060546875,26.46356842655662],[92.234375,26.45831940311912],[92.232421875,26.45270416874412],[92.23095703125,26.446893621869116],[92.230224609375,26.44122955936912],[92.224609375,26.44122955936912],[92.20263671875,26.454608465619117],[92.17275390625002,26.44293854374412],[92.12441406250002,26.40338776249412],[92.1103515625,26.39484284061912],[92.07578125000003,26.380145574994117],[92.06582031250002,26.37238190311912],[92.06337890625002,26.358758856244116],[92.06923828125002,26.32611725468162],[92.06582031250002,26.30963776249412],[92.056884765625,26.30329010624412],[92.04072265625001,26.297137762494117],[92.0224609375,26.29230377811912],[92.0078125,26.290399481244116],[91.9970703125,26.28705475468162],[91.97080078125003,26.272088934369116],[91.952880859375,26.268670965619116],[91.93349609375002,26.269549871869117],[91.92470703125002,26.26801178593162],[91.91572265625001,26.26288483280662],[91.911865234375,26.25897858280662],[91.902587890625,26.24616119999412],[91.89755859375003,26.241961981244117],[91.89121093750003,26.238788153119117],[91.88437500000003,26.236590887494117],[91.87802734375003,26.235370184369117],[91.869873046875,26.235858465619117],[91.85410156250003,26.23969147343162],[91.84609375000002,26.23932526249412],[91.6923828125,26.17194244999412],[91.665283203125,26.16644928593162],[91.619384765625,26.17133209843162],[91.60693359375,26.17059967655662],[91.59511718750002,26.16705963749412],[91.54208984375003,26.14484284061912],[91.529052734375,26.14105866093162],[91.49814453125003,26.139764715619116],[91.390869140625,26.170428778119117],[91.37558593750003,26.172137762494117],[91.36044921875003,26.17157623905662],[91.329833984375,26.16400787968162],[91.31640625,26.16217682499412],[91.30283203125003,26.16266510624412],[91.28818359375003,26.16559479374412],[91.27509765625001,26.17047760624412],[91.25039062500002,26.183221746869116],[91.1982421875,26.20282623905662],[91.135498046875,26.21356842655662],[91.11972656250003,26.21185944218162],[91.06210937500003,26.18683502811912],[91.029541015625,26.17999909061912],[90.96376953125002,26.17413971561912],[90.932861328125,26.16254303593162],[90.90283203125,26.14264557499412],[90.887451171875,26.13495514530662],[90.869140625,26.130877996869117],[90.849609375,26.13043854374412],[90.83964843749999,26.131708074994116],[90.8310546875,26.13471100468162],[90.82509765625002,26.139032293744116],[90.81396484375,26.149188543744117],[90.807373046875,26.15350983280662],[90.794189453125,26.157977606244117],[90.75244140625,26.160174871869117],[90.739501953125,26.16278717655662],[90.728271484375,26.16754791874412],[90.70634765624999,26.18012116093162],[90.68203125000002,26.19000885624412],[90.5830078125,26.20514557499412],[90.5068359375,26.22870514530662],[90.489990234375,26.228876043744116],[90.473876953125,26.22455475468162],[90.4599609375,26.214862371869117],[90.43427734375001,26.178241278119117],[90.42148437500003,26.16840241093162],[90.40292968750003,26.16144440311912],[90.364501953125,26.154559637494117],[90.34609375000002,26.148309637494116],[90.30839843749999,26.12506744999412],[90.29404296875003,26.119745184369116],[90.242431640625,26.112811590619117],[90.226318359375,26.106463934369117],[90.1962890625,26.084491278119117],[90.1767578125,26.07721588749412],[90.1357421875,26.067645574994117],[90.04541015625,26.034051824994116],[89.97519531250003,26.01898834843162],[89.95419921875003,26.01068756718162],[89.93662109375003,25.99433014530662],[89.904052734375,25.94196198124412],[89.8896484375,25.92645905155662],[89.859375,25.90216705936912],[89.846435546875,25.88873932499412],[89.83642578125,25.87140534061912],[89.81298828125,25.81574127811912],[89.744873046875,25.709491278119117],[89.73681640625,25.69183991093162],[89.72255859375002,25.63092682499412],[89.70458984375,25.59296295780662],[89.69775390625,25.57294342655662],[89.697021484375,25.55072662968162],[89.70693359375002,25.506219793744123],[89.70761718750003,25.48334381718162],[89.69843750000001,25.43878815311912],[89.69921875,25.417352606244123],[89.697265625,25.399286199994123],[89.69140625,25.38202545780662],[89.67539062500003,25.34894440311912],[89.6708984375,25.324335028119123],[89.67832031250003,25.30524323124412],[89.69091796875,25.28717682499412],[89.70078125000003,25.265741278119123],[89.70263671875,25.24176666874412],[89.69667968750002,25.21991608280662],[89.68505859375,25.20014069218162],[89.66250000000002,25.173358465619117],[89.657958984375,25.163836981244117],[89.65000000000003,25.13068268436912],[89.626220703125,25.07477448124412],[89.61269531250002,24.959833074994123],[89.61269531250002,24.948358465619123],[89.6142578125,24.93707916874412],[89.61806640625002,24.92621491093162],[89.624267578125,24.91583893436912],[89.6474609375,24.88983795780662],[89.65810546875002,24.869891668744117],[89.665283203125,24.84833405155662],[89.670654296875,24.80292389530662],[89.673583984375,24.791522528119117],[89.67929687500003,24.78070709843162],[89.70458984375,24.75055573124412],[89.7158203125,24.726434637494123],[89.73154296875003,24.651727606244123],[89.75986328125003,24.58698151249412],[89.76796875000002,24.549579168744117],[89.76894531250002,24.530877996869123],[89.767333984375,24.51117584843162],[89.75927734375,24.479852606244123],[89.75830078125,24.44257233280662],[89.7490234375,24.37055084843162],[89.7490234375,24.36078522343162],[89.75527343750002,24.32245514530662],[89.754638671875,24.28327057499412],[89.75146484375,24.26825592655662],[89.7490234375,24.26080963749412],[89.73476562500002,24.23273346561912],[89.733154296875,24.223651434369117],[89.73486328125,24.21649811405662],[89.7412109375,24.201190496869117],[89.7431640625,24.19318268436912],[89.74335937500001,24.18378327030662],[89.73964843750002,24.15668366093162],[89.74033203125003,24.13129303593162],[89.73964843750002,24.12299225468162],[89.73476562500002,24.105975653119117],[89.70166015625,24.035516668744123],[89.69677734375,24.01605866093162],[89.69580078125,23.99701569218162],[89.70029296875003,23.958124090619123],[89.72607421875,23.88446686405662],[89.744384765625,23.858661199994117],[89.78564453125,23.796747137494123],[89.8037109375,23.779803778119117],[89.84326171875,23.75604889530662],[89.85507812500003,23.746600653119117],[89.90859375000002,23.67413971561912],[89.92011718750001,23.66522858280662],[89.93398437500002,23.659784246869123],[89.968994140625,23.65216705936912],[89.98505859375001,23.64435455936912],[90.142578125,23.54450104374412],[90.17031250000002,23.52045319218162],[90.193359375,23.50690338749412],[90.212890625,23.495477606244123],[90.225341796875,23.483026434369123],[90.23525390625002,23.474383856244117],[90.25009765625003,23.46198151249412]],[[90.476318359375,23.58295319218162],[90.4580078125,23.608514715619123],[90.45703125,23.625506903119117],[90.476318359375,23.63141510624412],[90.46689453125003,23.64386627811912],[90.421630859375,23.686053778119117],[90.4052734375,23.69379303593162],[90.37802734375003,23.69782135624412],[90.359619140625,23.70648834843162],[90.34716796875,23.71576569218162],[90.31513671875001,23.75055573124412],[90.30263671875002,23.75665924686912],[90.29072265625001,23.74970123905662],[90.27656250000001,23.737420965619123],[90.256591796875,23.72760651249412],[90.22021484375,23.729364324994123],[90.22294921874999,23.757196356244123],[90.24091796875001,23.79743073124412],[90.25039062500002,23.83624909061912],[90.24599609375002,23.860467840619123],[90.23828125,23.880389715619117],[90.22695312500002,23.89801666874412],[90.212158203125,23.915643621869123],[90.20498046875002,23.92084381718162],[90.194580078125,23.92597077030662],[90.174560546875,23.93305084843162],[90.16904296875003,23.932635809369117],[90.16611328125003,23.925897528119123],[90.16025390625003,23.92560455936912],[90.15468750000002,23.92841217655662],[90.15126953125002,23.932635809369117],[90.14892578125,23.93671295780662],[90.14667968750001,23.93927643436912],[90.11464843750002,23.955926824994123],[90.103271484375,23.96771881718162],[90.0947265625,24.005975653119123],[90.08349609375,24.013055731244123],[90.06640625,24.01508209843162],[90.044921875,24.02179596561912],[90.05097656250001,24.03546784061912],[90.03847656250002,24.030877996869123],[90.02626953125002,24.03070709843162],[89.996337890625,24.03546784061912],[89.97031250000003,24.03485748905662],[89.96142578125,24.03961823124412],[89.94003906250003,24.06574127811912],[89.93642578125002,24.071795965619117],[89.93505859375,24.079852606244117],[89.93125000000003,24.085077215619123],[89.92275390625002,24.086786199994123],[89.91328125000001,24.08746979374412],[89.90712890625002,24.089471746869123],[89.8837890625,24.13104889530662],[89.835693359375,24.13104889530662],[89.826416015625,24.137567449994123],[89.82832031250001,24.15180084843162],[89.832275390625,24.166131903119123],[89.828857421875,24.172626043744117],[89.827880859375,24.17682526249412],[89.829833984375,24.18598053593162],[89.82607421875002,24.19513580936912],[89.80810546875,24.199335028119123],[89.8076171875,24.221210028119117],[89.806640625,24.226581121869117],[89.8037109375,24.229608465619123],[89.79257812500003,24.237567449994117],[89.76572265625003,24.264276434369123],[89.763916015625,24.26801178593162],[89.75820312500002,24.271502996869117],[89.75644531250003,24.27289459843162],[89.75546875000003,24.274432684369117]]]}},{"type":"Feature","properties":{"rank":1},"geometry":{"type":"MultiLineString","coordinates":[[[96.006591796875,16.387323309369123],[95.9970703125,16.39716217655662],[95.98330078125002,16.402215887494123],[95.951416015625,16.401629949994117],[95.90634765625003,16.41339752811912],[95.893310546875,16.415301824994117],[95.87753906250003,16.42059967655662],[95.87050781250002,16.43317291874412],[95.86865234375,16.44794342655662],[95.86875000000003,16.45966217655662],[95.86328125,16.464715887494123],[95.85107421875,16.470575262494123],[95.83925781250002,16.480340887494123],[95.834716796875,16.497186590619123],[95.84248046875001,16.50653717655662],[95.87558593750003,16.52484772343162],[95.883056640625,16.535028387494123],[95.883056640625,16.57977936405662],[95.88857421875002,16.610223699994123],[95.889892578125,16.613885809369123],[95.884033203125,16.625360418744123],[95.86630859375003,16.64044830936912],[95.859375,16.662372137494117],[95.85205078125,16.66242096561912],[95.83837890625,16.65485260624412],[95.82753906250002,16.650897528119117],[95.818603515625,16.642450262494123],[95.80859375,16.63519928593162],[95.79433593750002,16.634393621869123],[95.78554687500002,16.638202215619117],[95.78271484375,16.643670965619123],[95.78212890625002,16.651483465619123],[95.780029296875,16.66229889530662],[95.76806640625,16.702508856244123],[95.75830078125,16.71771881718162],[95.742431640625,16.723749090619123],[95.70419921875003,16.721698309369117],[95.68300781250002,16.72528717655662],[95.66328125000001,16.73737213749412],[95.65634765625003,16.75714752811912],[95.66933593750002,16.80121491093162],[95.66679687499999,16.81622955936912],[95.65214843749999,16.82465241093162],[95.634521484375,16.831317449994117],[95.618896484375,16.83991119999412],[95.60664062500001,16.85785553593162]],[[94.677001953125,16.532001043744117],[94.686279296875,16.544940496869117],[94.69277343750002,16.55719635624412],[94.6962890625,16.571405340619123],[94.697509765625,16.59027741093162],[94.702392578125,16.60761139530662],[94.72509765625,16.634784246869117],[94.73232421875002,16.64801666874412],[94.732421875,16.65863678593162],[94.72646484375002,16.68073151249412],[94.724853515625,16.69269440311912],[94.72802734375,16.703143621869117],[94.73505859375001,16.70954010624412],[94.7421875,16.714471746869123],[94.745361328125,16.720331121869123],[94.74169921875,16.74030182499412],[94.72675781250001,16.76434967655662],[94.724853515625,16.78522369999412],[94.73652343750001,16.84186432499412],[94.745361328125,16.942254949994123],[94.744140625,16.95368073124412],[94.74130859375003,16.962420965619117],[94.7412109375,16.97064850468162],[94.748779296875,16.980731512494117],[94.77646484375003,17.00299713749412],[94.780029296875,17.00800202030662],[94.787841796875,17.027850653119117],[94.805908203125,17.02814362186912],[94.826416015625,17.02606842655662],[94.841552734375,17.038446356244123],[94.837158203125,17.03912994999412],[94.830078125,17.047381903119117],[94.82333984375003,17.05902741093162],[94.8203125,17.06976959843162],[94.82382812500003,17.074823309369123],[94.832275390625,17.08038971561912],[94.84248046875001,17.08502838749412],[94.85175781250001,17.08685944218162],[94.859375,17.095331121869123],[94.868896484375,17.11469147343162],[94.87568359375001,17.13544342655662],[94.87568359375001,17.148309637494123],[94.8974609375,17.15790436405662],[94.903564453125,17.16193268436912],[94.908203125,17.167499090619117],[94.9150390625,17.17963287968162],[94.92031250000002,17.18585846561912],[94.92587890625003,17.195331121869117],[94.93056640625002,17.20807526249412],[94.93701171875,17.21918366093162],[94.95703125,17.228631903119123],[94.95517578125003,17.239129949994123],[94.93017578125,17.27863190311912],[94.93076171875003,17.28534577030662],[94.936279296875,17.293475653119117],[94.937744140625,17.29913971561912],[94.937744140625,17.32953522343162],[94.944580078125,17.343133856244123],[94.9609375,17.353876043744123],[94.98105468750003,17.358514715619123],[94.99912109375003,17.353778387494117],[95.0,17.333612371869123],[95.023193359375,17.340838934369117],[95.06406250000003,17.367450262494117],[95.07509765625002,17.38043854374412],[95.08945312500003,17.407342840619123],[95.092041015625,17.42975494999412],[95.06748046875003,17.42951080936912],[95.07558593750002,17.445086981244117],[95.08544921875,17.459833074994123],[95.09824218750003,17.46796295780662],[95.115234375,17.463641668744117],[95.10908203125001,17.488397528119123],[95.123779296875,17.50995514530662],[95.16650390625,17.54242584843162],[95.169921875,17.55341217655662],[95.16591796875002,17.568133856244117],[95.159423828125,17.583612371869123],[95.15625,17.597040106244123],[95.16074218750003,17.60944244999412],[95.171630859375,17.61920807499412],[95.197265625,17.634881903119123],[95.2109375,17.63165924686912],[95.21445312500003,17.645038153119117],[95.20947265625,17.66376373905662],[95.197265625,17.676532293744117],[95.25546875000003,17.748163153119123],[95.2724609375,17.75531647343162],[95.30527343750003,17.74994537968162],[95.324462890625,17.761835028119123],[95.38779296875003,17.82440827030662],[95.42763671875002,17.84467194218162],[95.45107421875002,17.82050202030662]],[[96.171142578125,16.77155182499412],[96.15781250000003,16.769647528119123],[96.14404296875,16.77155182499412],[96.12900390625003,16.77667877811912],[96.12255859375,16.78827545780662],[96.12167968750003,16.803583074994123],[96.11875000000003,16.821161199994123],[96.11367187500002,16.83783600468162],[96.100341796875,16.86188385624412],[96.08701171875003,16.900409246869117],[96.08408203125003,16.91583893436912],[96.061279296875,16.95307037968162],[96.05029296875,16.98065827030662],[96.02490234375,17.00006744999412],[95.97236328125001,17.024774481244123],[95.96240234375,17.03143952030662],[95.955078125,17.03815338749412],[95.949462890625,17.04682037968162],[95.94521484375002,17.059588934369117],[95.94345703125003,17.073846746869123],[95.943359375,17.098651434369117],[95.938232421875,17.107294012494123],[95.94775390625,17.128778387494123],[95.95634765624999,17.14362213749412],[95.95751953125,17.15753815311912],[95.94521484375002,17.17621491093162],[95.924072265625,17.19122955936912],[95.91425781250001,17.200702215619117],[95.91044921874999,17.21381256718162],[95.90771484375,17.22797272343162],[95.90126953125002,17.234637762494117],[95.892578125,17.23834869999412],[95.883056640625,17.243915106244117],[95.866455078125,17.26129791874412],[95.855224609375,17.27985260624412],[95.84775390625003,17.30084869999412],[95.84218750000002,17.325799871869123],[95.84228515625,17.341083074994117],[95.83984375,17.351581121869117],[95.83154296875,17.364032293744117],[95.81162109375003,17.38580963749412],[95.80869140625003,17.393329168744117],[95.821533203125,17.40033600468162],[95.81093750000002,17.410516668744123],[95.807373046875,17.41583893436912],[95.80224609375,17.43756744999412],[95.79824218750002,17.44635651249412],[95.79052734375,17.449969793744117],[95.77773437500002,17.452508856244123],[95.77783203125,17.45929596561912],[95.78330078125003,17.46906159061912],[95.786865234375,17.48041412968162],[95.7783203125,17.50006744999412],[95.7587890625,17.513544012494123],[95.73769531250002,17.52338287968162],[95.724853515625,17.53192780155662],[95.72109375000002,17.55206940311912],[95.72714843750003,17.59857819218162],[95.7216796875,17.60761139530662],[95.71259765625001,17.615497137494117],[95.68447265625002,17.662225653119123],[95.666259765625,17.68158600468162],[95.66328125000001,17.68646881718162],[95.66660156250003,17.695428778119123],[95.68115234375,17.697528387494117],[95.68447265625002,17.706903387494123],[95.685546875,17.717059637494117],[95.686279296875,17.718622137494123],[95.6826171875,17.71857330936912],[95.65908203125002,17.72833893436912],[95.6513671875,17.73053619999412],[95.64443359375002,17.734491278119123],[95.63593750000001,17.744745184369123],[95.630615234375,17.75556061405662],[95.625244140625,17.773553778119123],[95.61435546875003,17.789813543744117],[95.60429687499999,17.814715887494117],[95.60244140625002,17.823602606244123],[95.60888671875,17.865985418744117],[95.609619140625,17.88532135624412],[95.60244140625002,17.902460028119123],[95.58740234375,17.89508698124412],[95.5810546875,17.905536199994117],[95.573974609375,17.921161199994117],[95.55751953125002,17.92914459843162],[95.53720703125003,17.925409246869123],[95.5107421875,17.91058991093162],[95.49257812500002,17.90924713749412],[95.486083984375,17.893817449994117],[95.48681640625,17.877704168744117],[95.49257812500002,17.84381744999412],[95.486328125,17.82697174686912],[95.46640625000003,17.801288153119117],[95.45029296875003,17.79132721561912]],[[94.793701171875,16.16205475468162],[94.793701171875,16.16889069218162],[94.7978515625,16.18634674686912],[94.8076171875,16.203876043744117],[94.81972656250002,16.217401434369123],[94.8466796875,16.22846100468162],[94.857421875,16.241815496869123],[94.8662109375,16.257831121869117],[94.87568359375001,16.27130768436912],[94.93408203125,16.31561920780662],[94.94521484375002,16.329706121869123],[94.95166015625,16.346063543744123],[94.964111328125,16.40936920780662],[94.98183593750002,16.45282623905662],[94.985595703125,16.473651434369117],[94.99257812500002,16.49481842655662],[95.00869140625002,16.51080963749412],[95.02695312500003,16.524286199994123],[95.0400390625,16.53815338749412],[95.0380859375,16.54279205936912],[95.03525390625003,16.552118231244123],[95.03759765625,16.56134674686912],[95.05078125,16.56549713749412],[95.09130859375,16.56549713749412],[95.11572265625,16.568622137494117],[95.1298828125,16.578485418744123],[95.13232421875,16.59564850468162],[95.1220703125,16.620721746869123],[95.13535156250003,16.63483307499412],[95.148681640625,16.64618561405662],[95.158935546875,16.66120026249412],[95.1630859375,16.68585846561912],[95.1572265625,16.70001862186912],[95.157470703125,16.706659246869123],[95.16650390625,16.709491278119117],[95.17988281250001,16.703876043744117],[95.187744140625,16.702264715619123],[95.19101562500003,16.70636627811912],[95.19228515625002,16.73309967655662],[95.197265625,16.75787994999412],[95.21767578125002,16.813104559369123],[95.220458984375,16.81683991093162],[95.22998046875,16.824969793744117],[95.23193359375,16.826190496869117],[95.229736328125,16.83344147343162],[95.21992187500001,16.844012762494117],[95.21230468750002,16.86444733280662],[95.20068359375,16.87128327030662],[95.18896484375,16.874627996869123],[95.18359375,16.87799713749412],[95.18154296875002,16.891473699994123],[95.17578125,16.906024481244117],[95.16708984375003,16.919305731244123],[95.15625,16.929217840619117],[95.17333984375,16.949725653119117],[95.19140625,16.98126862186912],[95.20566406250003,17.01666901249412],[95.21142578125,17.04901764530662],[95.20712890625003,17.063592840619123],[95.1982421875,17.077655340619117],[95.19082031250002,17.09369537968162],[95.19101562500003,17.11420319218162],[95.19589843750003,17.127215887494117],[95.20449218750002,17.14081452030662],[95.21572265625002,17.15143463749412],[95.24560546875,17.163104559369117],[95.26015625000002,17.179315496869123],[95.26552734375002,17.195575262494117],[95.25546875000003,17.20294830936912],[95.24619140625003,17.208124090619123],[95.2470703125,17.22089264530662],[95.251220703125,17.236688543744123],[95.251708984375,17.251336981244123],[95.24179687500003,17.26605866093162],[95.225830078125,17.28131744999412],[95.21347656250003,17.29608795780662],[95.21464843749999,17.30939362186912],[95.22812500000003,17.31403229374412],[95.24550781250002,17.30939362186912],[95.263671875,17.302118231244123],[95.27978515625,17.29913971561912],[95.27001953125,17.30878327030662],[95.24404296875002,17.32062409061912],[95.23876953125,17.32953522343162],[95.23974609375,17.34552643436912],[95.2431640625,17.358758856244123],[95.24951171875,17.370233465619123],[95.25927734375,17.38104889530662],[95.26308593750002,17.38764069218162],[95.26357421875002,17.39276764530662],[95.265380859375,17.393915106244123],[95.27294921875,17.38849518436912],[95.275390625,17.385028387494117],[95.27968750000002,17.37775299686912],[95.28134765625003,17.370624090619117],[95.26796875000002,17.362079168744117],[95.26162109375002,17.350360418744117],[95.26083984375003,17.338641668744117],[95.26943359375002,17.333270574994117],[95.30224609375,17.33270905155662],[95.317138671875,17.334588934369123],[95.32753906250002,17.340106512494117],[95.33291015625002,17.35260651249412],[95.327392578125,17.362665106244123],[95.318603515625,17.37262604374412],[95.31093750000002,17.39533112186912],[95.30527343750003,17.405047918744117],[95.30244140625001,17.415790106244117],[95.30712890625,17.42951080936912],[95.31308593750003,17.43231842655662],[95.31982421875,17.43024323124412],[95.3251953125,17.43024323124412],[95.32753906250002,17.43939850468162],[95.341796875,17.457391668744123],[95.27695312500003,17.48444244999412],[95.26611328125,17.49835846561912],[95.27529296875002,17.51593659061912],[95.32509765625002,17.552997137494117],[95.3349609375,17.58026764530662],[95.327880859375,17.595233465619117],[95.31582031250002,17.606561590619123],[95.30800781250002,17.618426824994117],[95.31396484375,17.634881903119123],[95.32861328125,17.64398834843162],[95.3525390625,17.628680731244117],[95.369140625,17.634881903119123],[95.373779296875,17.65949127811912],[95.375244140625,17.69696686405662],[95.38593750000001,17.72162506718162],[95.418212890625,17.707879949994123],[95.418701171875,17.707294012494117],[95.431884765625,17.70600006718162],[95.449462890625,17.71027252811912],[95.46523437500002,17.706903387494123]],[[95.13251953125001,16.02484772343162],[95.142333984375,16.03754303593162],[95.14990234375,16.037713934369123],[95.15908203125002,16.03632233280662],[95.169921875,16.03851959843162],[95.184814453125,16.04474518436912],[95.185546875,16.047967840619123],[95.20468750000003,16.08893463749412],[95.234375,16.12164948124412],[95.26171875,16.15595123905662],[95.27158203125003,16.16901276249412],[95.27451171875003,16.18439362186912],[95.27285156250002,16.230340887494123],[95.2822265625,16.303583074994123],[95.28916015625003,16.32233307499412],[95.299072265625,16.34125397343162],[95.310546875,16.356952215619117],[95.3212890625,16.39105866093162],[95.3251953125,16.39350006718162],[95.34326171875,16.399188543744117],[95.3486328125,16.401629949994117],[95.3759765625,16.45282623905662],[95.38173828125002,16.473651434369117],[95.38339843750003,16.485223699994123],[95.37929687500002,16.490350653119123],[95.3759765625,16.493768621869123],[95.372802734375,16.50177643436912],[95.369140625,16.518329168744117],[95.384521484375,16.50897858280662],[95.3896484375,16.504022528119123],[95.40439453125003,16.54450104374412],[95.41269531250003,16.589129949994117],[95.4169921875,16.679071356244123],[95.419677734375,16.68341705936912],[95.42597656250001,16.682879949994117],[95.432861328125,16.68134186405662],[95.43740234375002,16.68280670780662],[95.441162109375,16.69135162968162],[95.44082031250002,16.69489166874412],[95.43857421875003,16.698260809369117],[95.43740234375002,16.70636627811912],[95.43984375000002,16.722040106244123],[95.446044921875,16.72577545780662],[95.455078125,16.72589752811912],[95.46533203125,16.730585028119123],[95.480712890625,16.749872137494123],[95.48291015625,16.76532623905662],[95.4794921875,16.782098699994123],[95.47900390625,16.805682684369117]]]}},{"type":"Feature","properties":{"rank":1},"geometry":{"type":"MultiLineString","coordinates":[[[92.99277343750003,34.10028717655662],[93.01171875,34.10858795780662],[93.01923828125001,34.124383856244116],[93.02431640625002,34.14503815311912],[93.0341796875,34.16303131718162],[93.05615234375,34.17067291874412],[93.0703125,34.178827215619116],[93.11259765624999,34.21583893436912],[93.12841796875,34.22589752811912],[93.17041015625,34.232294012494116],[93.34814453125,34.23212311405662],[93.35986328125,34.22926666874412],[93.38251953125001,34.220331121869116],[93.39199218750002,34.21845123905662],[93.41425781250001,34.220575262494116],[93.454833984375,34.22992584843162],[93.477294921875,34.23212311405662],[93.499267578125,34.23004791874412],[93.54296875,34.22064850468162],[93.662841796875,34.21168854374412],[93.69960937500002,34.217889715619116],[93.74863281250003,34.232294012494116],[93.79248046875,34.251825262494116],[93.813720703125,34.273065496869116],[93.8115234375,34.290399481244116],[93.80654296875002,34.30573151249412],[93.81113281250003,34.31671784061912],[93.83759765625001,34.320917059369116],[93.849853515625,34.32733795780662],[93.86083984375,34.34210846561912],[93.87509765625003,34.36933014530662],[93.89306640625,34.39142487186912],[93.90029296875002,34.403680731244116],[93.90683593750003,34.441278387494116],[93.917236328125,34.45355866093162],[93.9501953125,34.47235748905662],[93.97314453125,34.471307684369116],[94.00107421875003,34.49176666874412],[94.0576171875,34.55267975468162],[94.068115234375,34.56134674686912],[94.082275390625,34.56671784061912],[94.12060546875,34.57147858280662],[94.15214843749999,34.58490631718162],[94.16943359375,34.58905670780662],[94.20517578125003,34.58734772343162],[94.23720703125002,34.58222077030662],[94.26455078125002,34.58375885624412],[94.28662109375,34.60206940311912],[94.29580078125002,34.62067291874412],[94.30039062500003,34.633661199994116],[94.3076171875,34.64118073124412],[94.32421875,34.64362213749412],[94.337158203125,34.65114166874412],[94.344482421875,34.664667059369116],[94.35117187500003,34.67096588749412],[94.3623046875,34.65668366093162],[94.37548828125,34.67653229374412],[94.392333984375,34.68439362186912],[94.43369140625003,34.68458893436912],[94.45175781250003,34.68768952030662],[94.475830078125,34.69533112186912],[94.49677734375001,34.705194403119116],[94.50576171875002,34.71503327030662],[94.52138671875002,34.74469635624412],[94.55839843749999,34.764032293744116],[94.60244140625002,34.76752350468162],[94.638916015625,34.74982330936912],[94.65234375,34.74127838749412],[94.88339843750003,34.70094635624412],[94.91787109375002,34.68634674686912],[94.94394531250003,34.66351959843162],[94.96748046875001,34.67059967655662],[94.977783203125,34.65009186405662],[94.98232421875002,34.62262604374412],[94.989013671875,34.60890534061912],[94.997802734375,34.604608465619116],[95.00673828125002,34.585809637494116],[95.01621093750003,34.58161041874412],[95.0380859375,34.58112213749412],[95.046875,34.57916901249412],[95.05380859375003,34.57477448124412],[95.0576171875,34.56610748905662],[95.06113281250003,34.54266998905662],[95.06748046875003,34.533807684369116],[95.07949218750002,34.529901434369116],[95.10107421875,34.53444244999412],[95.11152343750001,34.53070709843162],[95.15625,34.49262116093162],[95.169921875,34.48602936405662],[95.17910156250002,34.488153387494116],[95.1884765625,34.49433014530662],[95.198974609375,34.49970123905662],[95.21142578125,34.499627996869116],[95.21884765625003,34.49249909061912],[95.228515625,34.46974518436912],[95.2353515625,34.46491119999412],[95.24667968750003,34.46608307499412],[95.26611328125,34.47121002811912],[95.2763671875,34.47235748905662],[95.28759765625,34.46954987186912],[95.303955078125,34.458856512494116],[95.31396484375,34.45868561405662],[95.316162109375,34.463251043744116],[95.31552734375003,34.471551824994116],[95.31757812500001,34.48029205936912],[95.32753906250002,34.48602936405662],[95.33837890625,34.48590729374412],[95.3447265625,34.48102448124412],[95.34794921874999,34.47260162968162],[95.3486328125,34.461786199994116],[95.35791015625,34.459588934369116],[95.41015625,34.41774323124412],[95.445068359375,34.37965729374412],[95.466552734375,34.36261627811912],[95.49257812500002,34.34882233280662],[95.555908203125,34.329950262494116],[95.57802734375002,34.311151434369116],[95.56777343750002,34.28053619999412],[95.574951171875,34.27582428593162],[95.5888671875,34.25946686405662],[95.58291015625002,34.25392487186912],[95.57470703125,34.243768621869116],[95.56777343750002,34.23895905155662],[95.575439453125,34.23163483280662],[95.58544921875,34.226190496869116],[95.59619140625,34.22467682499412],[95.61757812500002,34.23383209843162],[95.62783203125002,34.22943756718162],[95.63730468750003,34.222284246869116],[95.64658203125003,34.21845123905662],[95.66660156250003,34.21369049686912],[95.68027343750003,34.200799871869116],[95.68808593750003,34.18219635624412],[95.690673828125,34.16017487186912],[95.6953125,34.14264557499412],[95.70664062500003,34.12916901249412],[95.788818359375,34.06342194218162],[95.79433593750002,34.053338934369116],[95.82587890625001,34.051874090619116],[95.848388671875,34.01508209843162],[95.864990234375,33.971795965619116],[95.879638671875,33.95094635624412],[95.8896484375,33.94940827030662],[95.894775390625,33.94484284061912],[95.896484375,33.93744537968162],[95.898193359375,33.91437409061912],[95.90234375,33.91254303593162],[95.90869140625,33.91383698124412],[95.917236328125,33.90997955936912],[95.933837890625,33.89459869999412],[95.95107421875002,33.882440496869116],[95.97011718750002,33.87372467655662],[95.992919921875,33.869012762494116],[95.987060546875,33.84320709843162],[96.00771484375002,33.83380768436912],[96.03476562500003,33.82916901249412],[96.048095703125,33.817499090619116],[96.06689453125,33.81024811405662],[96.10195312500002,33.80592682499412],[96.1220703125,33.79791901249412],[96.09589843750001,33.779657293744116],[96.130615234375,33.76483795780662],[96.14707031250003,33.76271393436912],[96.16074218750003,33.76972077030662],[96.167236328125,33.770868231244116],[96.17529296875,33.76801178593162],[96.181884765625,33.76776764530662],[96.184814453125,33.77655670780662],[96.188720703125,33.78175690311912],[96.19814453125002,33.78497955936912],[96.209228515625,33.78644440311912],[96.21826171875,33.78644440311912],[96.21425781250002,33.77985260624412],[96.21142578125,33.77345612186912],[96.220458984375,33.772577215619116],[96.22695312500002,33.76850006718162],[96.23046875,33.76141998905662],[96.23193359375,33.75172760624412],[96.19775390625,33.74616119999412],[96.205078125,33.73554108280662],[96.227294921875,33.73859284061912],[96.23193359375,33.72877838749412],[96.234619140625,33.71796295780662],[96.241455078125,33.72052643436912],[96.249267578125,33.72809479374412],[96.256103515625,33.73248932499412],[96.2939453125,33.73871491093162],[96.306396484375,33.73712799686912],[96.31044921875002,33.73317291874412],[96.314697265625,33.73187897343162],[96.328125,33.73871491093162],[96.35166015625003,33.76203034061912],[96.35908203125001,33.765985418744116],[96.3720703125,33.76288483280662],[96.392333984375,33.74928619999412],[96.40009765625001,33.74616119999412],[96.40576171875,33.739129949994116],[96.397705078125,33.701776434369116],[96.40380859375,33.68410065311912],[96.43017578125,33.69086334843162],[96.45595703125002,33.679559637494116],[96.5,33.64313385624412],[96.48779296875,33.63568756718162],[96.47207031250002,33.62885162968162],[96.47207031250002,33.62262604374412],[96.522216796875,33.62067291874412],[96.57753906250002,33.61115143436912],[96.61777343750003,33.58839752811912],[96.62353515625,33.54689362186912],[96.63662109375002,33.55182526249412],[96.65185546875,33.55372955936912],[96.68154296875002,33.55372955936912],[96.70068359375,33.54730866093162],[96.70888671875002,33.53327057499412],[96.70673828125001,33.51911041874412],[96.69521484375002,33.51276276249412],[96.689453125,33.50612213749412],[96.69404296875001,33.49164459843162],[96.70546875000002,33.471795965619116],[96.70703125,33.46552155155662],[96.70673828125001,33.46124909061912],[96.70849609375,33.45631744999412],[96.72275390625003,33.43947174686912],[96.72216796875,33.43414948124412],[96.7158203125,33.431512762494116],[96.70546875000002,33.43085358280662],[96.70546875000002,33.42340729374412],[96.71464843749999,33.41920807499412],[96.721923828125,33.413202215619116],[96.72792968750002,33.405633856244116],[96.73281250000002,33.39667389530662],[96.734619140625,33.40546295780662],[96.7373046875,33.40924713749412],[96.74306640625002,33.40997955936912],[96.75332031250002,33.40973541874412],[96.74648437500002,33.39667389530662],[96.764892578125,33.39747955936912],[96.772705078125,33.388788153119116],[96.77412109375001,33.37384674686912],[96.773681640625,33.35573151249412],[96.78505859375002,33.36408112186912],[96.78916015625003,33.38617584843162],[96.80097656250001,33.38983795780662],[96.79355468750003,33.37555573124412],[96.802978515625,33.36749909061912],[96.82832031250001,33.31354401249412],[96.83261718750003,33.32111237186912],[96.83740234375,33.32623932499412],[96.848876953125,33.334588934369116],[96.85341796875002,33.325067449994116],[96.85898437500003,33.322137762494116],[96.86562500000002,33.324579168744116],[96.873046875,33.33087799686912],[96.88076171875002,33.33278229374412],[96.917724609375,33.32716705936912],[96.9365234375,33.33295319218162],[96.95087890625001,33.342645574994116],[96.96396484375003,33.34821198124412],[96.97929687499999,33.341424871869116],[96.97675781250001,33.33717682499412],[96.97675781250001,33.33620026249412],[96.97802734375,33.33429596561912],[96.97929687499999,33.32716705936912],[96.985595703125,33.334344793744116],[96.991455078125,33.33795807499412],[97.007080078125,33.341424871869116],[97.00449218750003,33.334588934369116],[96.999755859375,33.31354401249412],[97.02041015625002,33.320184637494116],[97.022216796875,33.300653387494116],[97.01718750000003,33.27313873905662],[97.01708984375,33.25580475468162],[97.022216796875,33.24537994999412],[97.01904296875,33.22516510624412],[97.02392578125,33.214471746869116],[97.04736328125,33.18378327030662],[97.083984375,33.15668366093162],[97.103759765625,33.14630768436912],[97.1201171875,33.142206121869116],[97.13427734375,33.13324616093162],[97.1748046875,33.06708405155662],[97.180908203125,33.05255768436912],[97.185302734375,33.04664948124412],[97.19580078125,33.03961823124412],[97.22021484375,33.02973053593162],[97.22998046875,33.02272369999412],[97.24082031250003,33.00397369999412],[97.24599609375002,32.96491119999412],[97.25351562500003,32.944208074994116],[97.267333984375,32.93117096561912],[97.287841796875,32.922479559369116],[97.31064453125003,32.91779205936912],[97.33173828125001,32.91627838749412],[97.346923828125,32.910760809369116],[97.36074218750002,32.89699127811912],[97.371337890625,32.87916901249412],[97.376953125,32.86163971561912],[97.3837890625,32.77912018436912],[97.391357421875,32.76154205936912],[97.4248046875,32.724481512494116],[97.4267578125,32.71657135624412],[97.427001953125,32.70758698124412],[97.430419921875,32.70021393436912],[97.44169921874999,32.69721100468162],[97.44765625000002,32.69428131718162],[97.4658203125,32.67670319218162],[97.55908203125,32.62970612186912],[97.5654296875,32.62482330936912],[97.573974609375,32.62128327030662],[97.594482421875,32.62355377811912],[97.60302734375,32.621454168744116],[97.60751953125003,32.614618231244116],[97.616943359375,32.592645574994116],[97.620361328125,32.58795807499412],[97.66357421875,32.55983307499412],[97.81757812500001,32.51320221561912],[97.83779296875002,32.51149323124412],[97.856201171875,32.51906159061912],[97.88662109375002,32.49757721561912],[98.013916015625,32.46442291874412],[98.06669921874999,32.422723699994116],[98.07587890625001,32.41290924686912],[98.080322265625,32.40460846561912],[98.09072265625002,32.40167877811912],[98.11347656250001,32.40236237186912],[98.122802734375,32.40021393436912],[98.12919921874999,32.39496491093162],[98.13525390625,32.38825104374412],[98.14423828125001,32.38190338749412],[98.187255859375,32.36664459843162],[98.20556640625,32.355585028119116],[98.213134765625,32.337762762494116],[98.211669921875,32.29616119999412],[98.21328125000002,32.273065496869116],[98.21992187500001,32.25214264530662],[98.271484375,32.19069244999412],[98.30927734375001,32.12860748905662],[98.37451171875,32.08034088749412],[98.38437500000003,32.06342194218162],[98.393310546875,32.04005768436912],[98.4365234375,32.00372955936912],[98.45273437500003,31.984002996869116],[98.45644531250002,31.96039459843162],[98.45273437500003,31.932879949994117],[98.44482421875,31.90790436405662],[98.435302734375,31.89215729374412],[98.42275390625002,31.881610418744117],[98.41884765625002,31.87982819218162],[98.42050781250003,31.87811920780662],[98.43505859375,31.83832428593162],[98.4345703125,31.824579168744116],[98.42539062500003,31.81329987186912],[98.4453125,31.80353424686912],[98.46826171875,31.76679108280662],[98.501220703125,31.74970123905662],[98.54150390625,31.68976471561912]]]}},{"type":"Feature","properties":{"rank":1},"geometry":{"type":"MultiLineString","coordinates":[[[98.54150390625,31.68976471561912],[98.54775390625002,31.68463776249412],[98.55322265625,31.681268621869116],[98.55849609375002,31.677020574994117],[98.563232421875,31.669305731244116],[98.565673828125,31.66058991093162],[98.56884765625,31.63178131718162],[98.57568359375,31.61591217655662],[98.59189453125003,31.598749090619116],[98.8408203125,31.39679596561912],[98.8642578125,31.367694403119117],[98.867431640625,31.364862371869116],[98.884765625,31.354022528119117],[98.874267578125,31.341180731244116],[98.83056640625,31.29828522343162],[98.802734375,31.257831121869117],[98.78173828125,31.23895905155662],[98.767578125,31.23029205936912],[98.76123046875,31.23419830936912],[98.75595703125003,31.244403387494117],[98.73134765625002,31.27789948124412],[98.7236328125,31.28510162968162],[98.713623046875,31.29096100468162],[98.68251953125002,31.31586334843162],[98.6650390625,31.32050202030662],[98.64892578125,31.31659577030662],[98.63759765625002,31.309198309369116],[98.62089843749999,31.288836981244117],[98.611083984375,31.256122137494117],[98.619873046875,31.187860418744116],[98.603515625,31.16962311405662],[98.61279296875,31.16486237186912],[98.638427734375,31.15973541874412],[98.6513671875,31.155389715619116],[98.69287109375,31.124627996869116],[98.72089843750001,31.06635162968162],[98.72597656250002,31.05963776249412],[98.74501953125002,31.040545965619117],[98.7646484375,31.01508209843162],[98.77490234375,31.007440496869116],[98.79677734375002,30.997088934369117],[98.802734375,30.99091217655662],[98.80507812500002,30.96625397343162],[98.7978515625,30.940790106244116],[98.78603515625002,30.918231512494117],[98.77490234375,30.90216705936912],[98.787353515625,30.88080475468162],[98.80078125,30.867792059369116],[98.83310546875003,30.843524481244117],[98.88027343750002,30.793085028119116],[98.8984375,30.77863190311912],[98.938232421875,30.76019928593162],[98.9541015625,30.747821356244117],[98.96044921875,30.72711823124412],[98.952880859375,30.708124090619116],[98.93593750000002,30.700458074994117],[98.91738281250002,30.69489166874412],[98.9052734375,30.68244049686912],[98.905029296875,30.663690496869116],[98.921875,30.623651434369116],[98.92626953125,30.603876043744116],[98.92724609375,30.59369537968162],[98.93154296875002,30.579461981244116],[98.930908203125,30.500018621869117],[98.93251953125002,30.490594793744116],[98.93798828125,30.48529694218162],[98.94736328125003,30.479120184369116],[98.95634765624999,30.471063543744116],[98.96044921875,30.45990631718162],[98.98652343750001,30.144305731244117],[99.029541015625,30.067889715619117],[99.033935546875,30.05524323124412],[99.03662109375,29.97553131718162],[99.043212890625,29.94489166874412],[99.05605468750002,29.91522858280662],[99.017333984375,29.853290106244117],[99.00527343750002,29.82001373905662],[99.00068359375001,29.784930731244117],[99.0029296875,29.781024481244117],[99.01220703125,29.77301666874412],[99.014404296875,29.767840887494117],[99.01259765625002,29.76471588749412],[99.003662109375,29.761590887494116],[99.00068359375001,29.756952215619116],[98.98818359375002,29.688592840619116],[98.98652343750001,29.65082428593162],[98.99179687500003,29.634637762494116],[99.01523437500003,29.604364324994116],[99.02382812500002,29.58148834843162],[99.03857421875,29.56732819218162],[99.04179687499999,29.562372137494116],[99.04179687499999,29.527948309369116],[99.05869140625003,29.417987371869117],[99.048583984375,29.38764069218162],[99.058837890625,29.367059637494116],[99.062744140625,29.34808991093162],[99.062255859375,29.308221746869116],[99.067138671875,29.29669830936912],[99.08984375,29.266717840619116],[99.096435546875,29.250506903119117],[99.10849609375003,29.224139715619117],[99.10390625000002,29.092157293744116],[99.12089843749999,28.964618231244117],[99.117431640625,28.921502996869116],[99.09902343750002,28.855975653119117],[99.096435546875,28.83588287968162],[99.100341796875,28.813495184369117],[99.11865234375,28.770868231244116],[99.124267578125,28.74957916874412],[99.12353515625,28.73895905155662],[99.11806640625002,28.720086981244116],[99.117431640625,28.708612371869116],[99.1201171875,28.698504949994117],[99.128662109375,28.67755768436912],[99.13046875000003,28.664569403119117],[99.13486328125003,28.654559637494117],[99.154052734375,28.640643621869117],[99.15839843750001,28.630145574994117],[99.16025390625003,28.61713287968162],[99.169189453125,28.602411199994116],[99.172119140625,28.59259674686912],[99.171630859375,28.582635809369116],[99.16650390625,28.56500885624412],[99.165283203125,28.554706121869117],[99.17597656250001,28.53217194218162],[99.17880859375003,28.52362702030662],[99.18017578125,28.50470612186912],[99.17822265625,28.482196356244117],[99.172119140625,28.46332428593162],[99.16181640625001,28.45538971561912],[99.162353515625,28.43805573124412],[99.22666015625003,28.33930084843162],[99.24453125000002,28.321795965619117],[99.25498046875003,28.31439850468162],[99.264892578125,28.311395574994116],[99.2734375,28.307245184369116],[99.27451171875003,28.297479559369116],[99.273193359375,28.28620026249412],[99.2744140625,28.277215887494116],[99.27841796875003,28.274042059369116],[99.29306640625003,28.26471588749412],[99.29892578125003,28.259881903119116],[99.30419921875,28.25079987186912],[99.30839843749999,28.240838934369116],[99.31455078125003,28.232782293744116],[99.32666015625,28.22943756718162],[99.33945312500003,28.22406647343162],[99.38125000000002,28.184442449994116],[99.38857421875002,28.168085028119116],[99.386474609375,28.139276434369116],[99.39853515625003,28.12641022343162]],[[99.39853515625003,28.11957428593162],[99.39111328125,28.085321356244116],[99.39453125,28.042499090619117],[99.40517578125002,28.000506903119117],[99.449951171875,27.90631744999412],[99.457763671875,27.868768621869116],[99.453857421875,27.83222077030662],[99.44619140625002,27.818719793744116],[99.4375,27.80939362186912],[99.431640625,27.797723699994116],[99.432861328125,27.776971746869116],[99.44130859375002,27.750018621869117],[99.471435546875,27.68903229374412],[99.48095703125,27.67462799686912],[99.494140625,27.659686590619117],[99.51455078125002,27.65753815311912],[99.52304687500003,27.653583074994117],[99.51845703125002,27.64350006718162],[99.51865234375003,27.637713934369117],[99.52255859375003,27.62824127811912],[99.525390625,27.616717840619117],[99.521484375,27.60504791874412],[99.5498046875,27.588885809369117],[99.560302734375,27.563251043744117],[99.56005859375,27.53461334843162],[99.5556640625,27.50946686405662],[99.57167968750002,27.50031159061912],[99.586181640625,27.486932684369116],[99.59414062500002,27.47284577030662],[99.58984375,27.461688543744117],[99.61582031250003,27.42133209843162],[99.64501953125,27.38593170780662],[99.63593750000001,27.350213934369116],[99.653076171875,27.31769440311912],[99.80244140625001,27.195575262494117],[99.94775390625,27.02948639530662],[99.95634765624999,27.00995514530662],[99.96005859375003,26.989374090619116],[99.96259765625001,26.92072174686912],[99.966552734375,26.898700262494117],[99.97402343750002,26.88629791874412],[99.989013671875,26.88898346561912],[100.024658203125,26.91962311405662],[100.03916015625003,26.927264715619117],[100.041015625,26.93195221561912],[100.06337890625002,26.958270574994117],[100.06240234375002,26.99213287968162],[100.06337890625002,27.00299713749412],[100.0791015625,27.04511139530662],[100.084716796875,27.069110418744117],[100.080078125,27.088006903119116],[100.06748046875003,27.106805731244116],[100.05898437500002,27.12872955936912],[100.05673828125003,27.151629949994117],[100.06337890625002,27.17365143436912],[100.07558593750002,27.18366119999412],[100.11611328125002,27.208514715619117],[100.12919921874999,27.22467682499412],[100.14794921875,27.243280340619116],[100.15576171875,27.260858465619116],[100.16416015625003,27.26715729374412],[100.17324218750002,27.272235418744117],[100.179443359375,27.27667877811912],[100.23779296875,27.34186432499412],[100.24453125000002,27.36115143436912],[100.23652343750001,27.38202545780662],[100.21425781250002,27.41388580936912],[100.21142578125,27.42328522343162],[100.20673828125001,27.454852606244117],[100.19482421875,27.48029205936912],[100.193115234375,27.485858465619117],[100.193115234375,27.511004949994117],[100.1953125,27.527948309369116],[100.20322265625003,27.54193756718162],[100.23759765624999,27.576532293744116],[100.244140625,27.592547918744117],[100.24824218750001,27.60736725468162],[100.26376953125003,27.631122137494117],[100.271240234375,27.65265534061912],[100.27880859375,27.66339752811912],[100.29013671875003,27.675555731244117],[100.29501953125003,27.68353912968162],[100.29628906250002,27.69086334843162],[100.296142578125,27.70123932499412],[100.29482421875002,27.71100494999412],[100.2890625,27.73102448124412],[100.28867187500003,27.742792059369116],[100.30078125,27.76862213749412],[100.302978515625,27.780389715619116],[100.296142578125,27.82135651249412],[100.299560546875,27.83209869999412],[100.30722656250003,27.83222077030662],[100.32343750000001,27.82477448124412],[100.33437500000002,27.82404205936912],[100.33994140625003,27.82453034061912],[100.378662109375,27.84186432499412],[100.38818359375,27.84479401249412],[100.40224609375002,27.84589264530662],[100.42031250000002,27.838495184369116],[100.4296875,27.82062409061912],[100.43320312500003,27.79804108280662],[100.432373046875,27.74945709843162],[100.43320312500003,27.742792059369116],[100.450439453125,27.70465729374412],[100.46181640625002,27.688104559369116],[100.46494140625003,27.670672918744117],[100.44375000000002,27.53839752811912],[100.44882812500003,27.49896881718162],[100.48105468750003,27.468524481244117],[100.527587890625,27.45282623905662],[100.54296875,27.43878815311912],[100.5244140625,27.400506903119116],[100.522705078125,27.37665436405662],[100.52880859375,27.331317449994117],[100.5458984375,27.284442449994117],[100.55244140625001,27.255487371869116],[100.546630859375,27.242547918744116],[100.543701171875,27.238299871869117],[100.54179687499999,27.228876043744116],[100.538818359375,27.21954987186912],[100.53261718750002,27.21527741093162],[100.52138671875002,27.21137116093162],[100.503173828125,27.193377996869117],[100.49472656250003,27.18793366093162],[100.48261718750001,27.18720123905662],[100.450439453125,27.19415924686912],[100.43759765625003,27.19098541874412],[100.433837890625,27.18390534061912],[100.43662109375003,27.17682526249412],[100.443603515625,27.17365143436912],[100.466064453125,27.16608307499412],[100.48623046875002,27.147479559369117],[100.4970703125,27.124139715619116],[100.49169921875,27.102313543744117],[100.48623046875002,27.09284088749412],[100.47431640625001,27.057635809369117],[100.453857421875,27.030292059369117],[100.45351562500002,27.008905340619116],[100.458251953125,26.98065827030662],[100.46572265625002,26.95331452030662],[100.47431640625001,26.934686590619116],[100.46474609375002,26.92291901249412],[100.458251953125,26.90534088749412],[100.454833984375,26.88519928593162],[100.45419921875003,26.843866278119116],[100.451904296875,26.826434637494117],[100.441162109375,26.81476471561912],[100.41591796875002,26.810565496869117],[100.398193359375,26.803827215619116],[100.39394531250002,26.78717682499412],[100.39853515625003,26.74603912968162],[100.40087890625,26.74017975468162],[100.41064453125,26.73090241093162],[100.412841796875,26.72492096561912],[100.41171875000003,26.71906159061912],[100.409423828125,26.71625397343162],[100.40712890625002,26.714471746869116],[100.40595703125001,26.711542059369116],[100.40781250000003,26.699481512494117],[100.4189453125,26.67401764530662],[100.41953125000003,26.663934637494116],[100.41738281250002,26.650409246869117],[100.4189453125,26.63922760624412],[100.421630859375,26.63544342655662],[100.43125000000003,26.626336981244116],[100.43320312500003,26.625604559369116],[100.4326171875,26.619403387494117],[100.42744140625001,26.608758856244116],[100.426513671875,26.605096746869116],[100.426513671875,26.51947662968162],[100.43076171875003,26.499139715619116],[100.449462890625,26.46527741093162],[100.460693359375,26.40338776249412],[100.454833984375,26.39154694218162],[100.44482421875,26.381708074994116],[100.44082031250002,26.373065496869117],[100.453857421875,26.36493561405662],[100.43994140625,26.344989324994117],[100.426513671875,26.33368561405662],[100.41679687499999,26.32184479374412],[100.412841796875,26.300067449994117],[100.4150390625,26.294794012494116],[100.419677734375,26.289911199994116],[100.42431640625,26.283221746869117],[100.428955078125,26.262567449994116],[100.447021484375,26.22772858280662],[100.47373046875003,26.214960028119116],[100.54794921875003,26.22943756718162],[100.584228515625,26.22150299686912],[100.58964843749999,26.215936590619116],[100.59326171875,26.210223699994117],[100.59931640625001,26.20502350468162],[100.612060546875,26.201044012494116],[100.61835937500001,26.204120184369117],[100.6259765625,26.21051666874412],[100.63564453125002,26.213153387494117],[100.667724609375,26.191669012494117],[100.68789062500002,26.19013092655662],[100.734375,26.194208074994116],[100.77490234375,26.18414948124412],[100.79384765625002,26.18463776249412],[100.813232421875,26.197626043744116],[100.83076171875001,26.20600006718162],[100.849609375,26.20050690311912],[100.88583984375003,26.180536199994116],[100.89052734375002,26.178729559369117],[100.895751953125,26.17560455936912],[100.90097656250003,26.17145416874412],[100.90576171875,26.166278387494117],[100.92597656250001,26.186883856244116],[100.949462890625,26.22662994999412],[100.98779296875,26.26972077030662],[101.0,26.27912018436912],[101.026123046875,26.28717682499412],[101.04580078125002,26.30548737186912],[101.0537109375,26.30963776249412],[101.08046875000002,26.316278387494116],[101.12568359375001,26.34528229374412],[101.170654296875,26.355096746869116],[101.191162109375,26.36920807499412],[101.20107421875002,26.37238190311912],[101.21738281250003,26.36908600468162],[101.22861328125003,26.363885809369116],[101.23964843750002,26.36298248905662],[101.25507812500001,26.37238190311912],[101.27968750000002,26.36994049686912],[101.36972656250003,26.379510809369116],[101.4033203125,26.39215729374412],[101.42294921875003,26.393085028119117],[101.427001953125,26.39655182499412],[101.42988281250001,26.40070221561912],[101.47177734375003,26.445575262494117],[101.476318359375,26.461053778119116],[101.457763671875,26.46796295780662],[101.451904296875,26.47162506718162],[101.454833984375,26.47980377811912],[101.46435546875,26.49213287968162],[101.46435546875,26.498163153119116],[101.45087890625001,26.51190827030662],[101.447509765625,26.51947662968162],[101.45273437500003,26.53119537968162],[101.48847656250001,26.57037994999412],[101.51845703125002,26.59064362186912],[101.55234375000003,26.59357330936912],[101.58701171875003,26.59186432499412],[101.618896484375,26.598260809369116],[101.63173828125002,26.582294012494117],[101.63857421875002,26.576190496869117],[101.64667968750001,26.57037994999412],[101.65234375,26.589960028119116],[101.66044921874999,26.58624909061912],[101.67041015625,26.573016668744117],[101.680908203125,26.56415436405662],[101.69785156250003,26.564813543744116],[101.705078125,26.57306549686912],[101.70859375000003,26.58368561405662],[101.71503906250001,26.591424871869116],[101.72304687500002,26.59430573124412],[101.73085937500002,26.59516022343162],[101.73847656250001,26.593280340619117],[101.74570312500003,26.588006903119116],[101.75498046875003,26.58331940311912],[101.76220703125,26.58710358280662],[101.76865234375003,26.594012762494117],[101.77587890625,26.598260809369116],[101.8056640625,26.601434637494116],[101.81757812500001,26.598895574994117],[101.83056640625,26.591424871869116],[101.84589843750001,26.571893621869116],[101.88613281250002,26.474627996869117],[101.892822265625,26.462274481244116],[101.901123046875,26.451288153119116],[101.9130859375,26.44122955936912],[101.931884765625,26.42877838749412],[101.9404296875,26.421747137494116],[101.94775390625,26.413348699994117],[101.94101562500003,26.39874909061912],[101.93916015625001,26.381219793744116],[101.94169921874999,26.32697174686912],[101.9404296875,26.317157293744117],[101.92832031250003,26.289667059369116],[101.9267578125,26.279559637494117],[101.92138671875,26.265643621869117],[101.91123046875003,26.25153229374412],[101.90439453125003,26.237811590619117],[101.90966796875,26.224627996869117],[101.917236328125,26.21051666874412],[101.90830078125003,26.201190496869117],[101.87890625,26.186786199994117],[101.85703125000003,26.16901276249412],[101.8447265625,26.13934967655662],[101.839111328125,26.10358307499412],[101.837890625,26.06732819218162],[101.839111328125,26.059833074994117],[101.84375,26.04230377811912],[101.8447265625,26.032831121869116],[101.842041015625,26.02228424686912],[101.83115234375003,26.00604889530662],[101.83056640625,25.994989324994123],[101.83876953125002,25.982538153119123],[101.854736328125,25.97540924686912],[101.87412109375003,25.97296784061912],[101.892578125,25.974481512494123],[101.94003906250003,25.992206121869117],[101.957763671875,25.994989324994123],[102.017822265625,25.986688543744123],[102.046875,25.99603912968162],[102.06533203125002,25.995868231244117],[102.083984375,25.99957916874412],[102.0986328125,26.01544830936912],[102.10205078125,26.034442449994117],[102.100830078125,26.053729559369117],[102.10195312500002,26.07111237186912],[102.1123046875,26.084344793744116],[102.11757812500002,26.09625885624412],[102.13037109375,26.11481354374412],[102.14541015625002,26.132098699994117],[102.22216796875,26.186786199994117],[102.23193359375,26.197772528119117],[102.24111328125002,26.21405670780662],[102.251708984375,26.228778387494117],[102.2666015625,26.23517487186912],[102.289794921875,26.237079168744117],[102.31455078125003,26.242547918744116],[102.33828125000002,26.25116608280662],[102.358154296875,26.26251862186912],[102.37509765625003,26.28046295780662],[102.38662109375002,26.298211981244116],[102.40029296875002,26.31171295780662],[102.423828125,26.317157293744117],[102.4462890625,26.31854889530662],[102.46484375,26.322626043744116],[102.50263671875001,26.33759186405662],[102.55419921875,26.37311432499412],[102.56787109375,26.378534246869116],[102.584716796875,26.37494537968162],[102.602783203125,26.366229559369117],[102.617919921875,26.355243231244117],[102.626220703125,26.34503815311912],[102.62314453125003,26.31867096561912],[102.61142578125003,26.286883856244117],[102.609619140625,26.260126043744116],[102.64658203125003,26.24457428593162],[102.66748046875,26.22577545780662],[102.680908203125,26.22150299686912],[102.69873046875,26.22345612186912],[102.71083984375002,26.22894928593162],[102.72011718750002,26.237567449994117],[102.76679687500001,26.293329168744116],[102.791015625,26.310321356244117],[102.82177734375,26.317157293744117],[102.84521484375,26.32709381718162],[102.8779296875,26.365008856244117],[102.89306640625,26.36493561405662],[102.89179687500001,26.35529205936912],[102.90839843750001,26.349237371869116],[102.951171875,26.34503815311912],[102.97158203125002,26.350848699994117],[102.98828125,26.365106512494116],[102.999267578125,26.38312409061912],[103.0029296875,26.400262762494116],[103.00048828125,26.41034577030662],[102.99130859375003,26.430536199994116],[102.9892578125,26.44122955936912],[102.99130859375003,26.44599030155662],[103.00068359375001,26.45685455936912],[103.0029296875,26.46112702030662],[103.00234375000002,26.468524481244117],[102.99677734375001,26.47955963749412],[102.99550781250002,26.485370184369117],[102.999755859375,26.49579498905662],[103.00996093750001,26.50067780155662],[103.02255859375003,26.502069403119116],[103.03369140625,26.502069403119116],[103.03867187500003,26.50617096561912],[103.05322265625,26.52704498905662],[103.0576171875,26.53620026249412],[103.05771484375003,26.55719635624412],[103.0478515625,26.57037994999412],[103.03603515625002,26.58283112186912],[103.0302734375,26.601678778119116],[103.03095703125001,26.64386627811912],[103.02919921875002,26.66181061405662],[103.0234375,26.68024323124412],[103.011962890625,26.703729559369116],[103.00917968750002,26.714960028119116],[103.006591796875,26.738641668744116],[103.00390625,26.750751043744117],[102.999267578125,26.75592682499412],[102.99228515625003,26.76581452030662],[102.97509765625,26.831073309369117],[102.95302734375002,26.86163971561912],[102.92470703125002,26.892108465619117],[102.901123046875,26.92462799686912],[102.89306640625,26.96137116093162],[102.90048828125003,26.992450262494117],[102.89931640625002,27.00299713749412],[102.8955078125,27.00849030155662],[102.8837890625,27.01776764530662],[102.87998046875003,27.023456121869117],[102.8779296875,27.031854559369116],[102.878173828125,27.03571198124412],[102.87939453125,27.03937409061912],[102.87998046875003,27.047381903119117],[102.884765625,27.06622955936912],[102.906494140625,27.097772528119116],[102.91357421875,27.11225006718162],[102.91542968750002,27.13434479374412],[102.903564453125,27.22162506718162],[102.88955078125002,27.256610418744117],[102.88623046875,27.27667877811912],[102.88925781250003,27.291376043744116],[102.906982421875,27.33368561405662],[102.929443359375,27.36713287968162],[102.94189453125,27.40509674686912],[102.95458984375,27.42072174686912],[102.96630859375,27.39899323124412],[102.97705078125,27.388788153119116],[102.9912109375,27.38593170780662],[103.01279296875003,27.38593170780662],[103.01904296875,27.38910553593162],[103.037841796875,27.40326569218162],[103.047119140625,27.40643952030662],[103.07080078125,27.40814850468162],[103.08349609375,27.41046784061912],[103.09228515625,27.41388580936912],[103.10634765625002,27.408465887494117],[103.12060546875,27.41217682499412],[103.13427734375,27.421893621869117],[103.14697265625,27.434344793744117],[103.15009765625001,27.473163153119117],[103.16015625,27.49713776249412],[103.21787109375003,27.566766668744116],[103.22890625000002,27.573504949994117],[103.24941406250002,27.57770416874412],[103.28476562500003,27.58075592655662],[103.2958984375,27.587762762494116],[103.3046875,27.60504791874412],[103.28574218750003,27.63361237186912],[103.2841796875,27.64044830936912],[103.29072265625001,27.64606354374412],[103.3134765625,27.65485260624412],[103.31826171875002,27.66339752811912],[103.32675781250003,27.67352936405662],[103.41455078125,27.742792059369116],[103.44404296875001,27.75556061405662],[103.451416015625,27.759881903119116],[103.45468750000003,27.768670965619116],[103.4560546875,27.781268621869117],[103.45849609375,27.79254791874412],[103.46503906250001,27.79743073124412],[103.4765625,27.79987213749412],[103.47900390625,27.806268621869116],[103.47861328125003,27.815057684369116],[103.482177734375,27.82477448124412],[103.50302734375003,27.84967682499412],[103.50830078125,27.86444733280662],[103.51093750000001,27.930047918744116],[103.5185546875,27.94537994999412],[103.53671875000003,27.961297918744116],[103.555419921875,27.970233465619117],[103.562744140625,27.975458074994116],[103.564697265625,27.983026434369116],[103.56005859375,27.98786041874412],[103.55078125,27.98786041874412],[103.54091796875002,27.98444244999412],[103.53369140625,27.97931549686912],[103.513916015625,27.97138092655662],[103.501708984375,27.991961981244117],[103.489013671875,28.03766510624412],[103.47451171875002,28.039813543744117],[103.45634765624999,28.037127996869117],[103.44091796875,28.04230377811912],[103.43427734375001,28.06806061405662],[103.43603515625,28.075799871869116],[103.44013671875001,28.08331940311912],[103.445556640625,28.090204168744116],[103.451416015625,28.09601471561912],[103.45644531250002,28.105243231244117],[103.45263671875,28.123895574994116],[103.454833984375,28.13385651249412],[103.45888671875002,28.13471100468162],[103.53818359375003,28.184442449994116],[103.551513671875,28.20612213749412],[103.56201171875,28.229266668744117],[103.571533203125,28.24310944218162],[103.58076171875001,28.246356512494117],[103.60244140625002,28.24774811405662],[103.61259765624999,28.24994537968162],[103.619384765625,28.254754949994116],[103.626220703125,28.261590887494116],[103.634033203125,28.26776764530662],[103.6435546875,28.27045319218162],[103.666015625,28.263202215619117],[103.68339843749999,28.24664948124412],[103.697021484375,28.22833893436912],[103.708740234375,28.21576569218162],[103.72207031250002,28.215448309369116],[103.749267578125,28.24274323124412],[103.78896484375002,28.255487371869116],[103.87998046875003,28.32562897343162],[103.8701171875,28.343768621869117],[103.85947265625003,28.400751043744116],[103.8212890625,28.48480866093162],[103.79677734375002,28.52533600468162],[103.794921875,28.53107330936912],[103.80488281250001,28.55158112186912],[103.82822265625003,28.587420965619117],[103.83642578125,28.604852606244116],[103.832275390625,28.620477606244116],[103.841552734375,28.636249090619117],[103.84511718750002,28.653583074994117],[103.85068359375003,28.66803619999412]]]}}]}
